Star,Gaia_DR3_ID,otype
EM* LkHA   35,3326690803432220672,TTauri*
V* V1476 Ori,3209532101417942656,TTauri*
Cl* NGC 2264    FMS     235,3326689802704312192,TTauri*
CVSO 870,3235955461774962816,TTauri*
2MASS J05352805-0621331,3017139900386574080,TTauri*
ESO-HA  548,3326724819573411456,TTauri*
2MASS J05222009-0341284,3210859589908007552,TTauri*
2MASS J06405545+0909289,3326536626990506368,TTauri*
TWA 23,3466308095597260032,TTauri*
2MASS J05340821-0505445,3209539385682507520,TTauri*
2MASS J05393378-0220398,3216500634314117504,TTauri*
V* V1931 Ori,3209598548853143680,TTauri*
Haro 4-345,3017191130756437120,TTauri*
CVSO 1685,3217766550154990208,TTauri*
2MASS J05323380-0103585,3217637151381365248,TTauri*
2MASS J21380593+5722438,2178390958528283776,TTauri*
EM* LkHA  364,3326689291604121216,TTauri*
2MASS J05341006-0626505,3017135811577753984,TTauri*
CVSO 174,3217419619876608384,TTauri*
2MASS J05344477-0454051,3209551544732354304,TTauri*
2MASS J05241266+0220093,3234342787454865152,TTauri*
BKLT J162601-242945,6049137325300811520,TTauri*
CVSO 49,3220941007726239744,TTauri*
CVSO 1566,3223711953123323136,TTauri*
CVSO 539,3234185518635945216,TTauri*
BKLT J162621-241544,6049168077267293568,TTauri*
V* GP Mon B,3326717393574755328,TTauri*
V* V2431 Ori,3017189687647426048,TTauri*
[RPG2014] 51204,3326935921509257344,TTauri*
Cl* NGC 2264    RMS     905,3326908639878617216,TTauri*
Cl* NGC 2264    FMS      35,3326702378369127296,TTauri*
CVSO 1049,3236059881019874176,TTauri*
UScoCTIO 128,6237077943051415680,TTauri*
2MASS J05331093-0221575,3216933803240674816,TTauri*
CVSO 1479,3222734345551099008,TTauri*
2MASS J05073085-0318455,3213013052149128704,TTauri*
2MASS J21371591+5726591,2178394050904653440,TTauri*
Cl* NGC 2264    FMS     327,3326685821270542976,TTauri*
V* V1664 Ori,3209428128847769856,TTauri*
ESO-HA  525,3326736394509695872,TTauri*
Cl* NGC 2264    RMS    3101,3326708807935122304,TTauri*
VPHAS J173454.4-323830.5,4054615188042470784,TTauri*
2MASS J21362368+5732452,2178445109478268288,TTauri*
CVSO 387,3215180911123228544,TTauri*
CVSO 255,3216968339073745536,TTauri*
Cl* NGC 2264    RMS    3717,3326692620203220864,TTauri*
V* MZ Lup,6036037331464428800,TTauri*
2MASS J05365267-0546063,3017289433979336832,TTauri*
2MASS J03330155+0353379,3274563335114896512,TTauri*
CD-78   502,5788392403384673664,TTauri*
CVSO 1782,3217273900226829312,TTauri*
CVSO 388,3214169875821531904,TTauri*
2MASS J05345480-0555083,3017236416891613184,TTauri*
CVSO 334,3227575259026771968,TTauri*
CVSO 1016,3220534257144314752,TTauri*
ESO-HA  444,3326740689477364864,TTauri*
UCAC2  30800073,3216489329960277376,TTauri*
2MASS J05361167-0624583,3016949233901018752,TTauri*
CVSO 1000,3236081111043572608,TTauri*
CVSO 266E,3213274838995324288,TTauri*
CVSO 985,3235905365276381696,TTauri*
2MASS J05341889-0559298,3017212158916346880,TTauri*
2MASS J05341194-0552219,3017240574419809408,TTauri*
2MASS J05352060-0446024,3209577868589348992,TTauri*
RX J0448.0+0737,3289216320421317888,TTauri*
2MASS J16244839-2359160,6049377465512695040,TTauri*
CVSO 915,3223828428340495360,TTauri*
V* V1883 Ori,3223466452793246080,TTauri*
CVSO 251,3217167522476587776,TTauri*
1RXS J054926.3+040541,3319628434087776000,TTauri*
V* V1492 Cyg,2163135681360800384,TTauri*
Cl* IC  348    LRL     142,216680623343650176,TTauri*
Cl* NGC 1981     AR     149,3215643461921433600,TTauri*
2MASS J05330571+0225044,3223683400180877696,TTauri*
Haro 5-95,3218184536371062144,TTauri*
2MASS J05321009-0151472,3217151957514898688,TTauri*
2MASS J05293544-0139389,3220217219838848768,TTauri*
ESO-HA  337,3326708120740365824,TTauri*
2MASS J05351809-0515461,3017367602382429824,TTauri*
2MASS J05340971-0448463,3209600889614124928,TTauri*
V* V1680 Ori,3017150929862605696,TTauri*
Glass C,5201206086948012800,TTauri*
CD-74   681,5838036590332780928,TTauri*
V* V1207 Tau,3409036871368311424,TTauri*
ATO J081.6570-02.2918,3220075971250278144,TTauri*
2MASS J05471972+0001218,3219150251177995392,TTauri*
V* V2600 Ori,3017185392680127360,TTauri*
V* V1550 Ori,3017359218607966592,TTauri*
RX J1558.1-2405B,6236961704057157888,TTauri*
2MASS J05363748-0616076,3016977305807304576,TTauri*
V* V470 Ori,3017267890411790208,TTauri*
2MASS J06395509+0921526,3326593531014345344,TTauri*
V* LY Lup,6004331775495542656,TTauri*
CVSO 254,3217163983423531392,TTauri*
CD-36  7429B,3463395519358168064,TTauri*
CVSO 1166,3220732688928571648,TTauri*
V* V786 Ori,3017264832395836544,TTauri*
2MASS J05470698+0031559,3219589231195394944,TTauri*
BKLT J162703-240934,6049174914854560640,TTauri*
2MASS J05263126+1510151,3390753844127818624,TTauri*
CVSO 153,3222861446518927232,TTauri*
V* V2386 Ori,3017358978089657600,TTauri*
CVSO 362,3215225681862345600,TTauri*
2MASS J05325247-0143229,3217178345793861248,TTauri*
ESO-HA 1293,3017184018290599424,TTauri*
CVSO 1739,3217588291833489920,TTauri*
CVSO 1301,3223998066664475392,TTauri*
2MASS J05185504-0102314,3215214789825185280,TTauri*
2MASS J05463856+0022059,3219210032827747328,TTauri*
ESO-HA  353,3326703344737668736,TTauri*
2MASS J05362564-0421585,3215643015244849920,TTauri*
2MASS J05462665+0031074,3219600157592203264,TTauri*
CD-33 10568,6014509855853922176,TTauri*
CVSO 570,3222180741446540544,TTauri*
2MASS J20504045+4420217,2163139873248885632,TTauri*
2MASS J05342743-0500263,3209546218978729216,TTauri*
Cl* IC  348    LRL    8024,216678286881434368,TTauri*
2MASS J05354379-0509588,3017374332583414272,TTauri*
CVSO 1504,3217165186014345728,TTauri*
CVSO 264,3227242278801719552,TTauri*
2MASS J05361541-0420501,3215643874238312832,TTauri*
2MASS J05353002-0434276,3209633393926493184,TTauri*
2MASS J05065697-0316404,3213015766569389568,TTauri*
CVSO 261,3232124454027084544,TTauri*
2MASS J05282858-0206103,3217104025680093184,TTauri*
V* V543 Ori,3220685100690997632,TTauri*
IRAS 04216+2603,152000786688289664,TTauri*
CVSO 1212,3236033424021450752,TTauri*
EM* SR   24B,6049069838478958592,TTauri*
2MASS J05363336-0545355,3017289983735159936,TTauri*
CD-25 11111B,6234854940998102912,TTauri*
Cl* NGC 2264     DS      84,3326716500225920000,TTauri*
2MASS J07040309-1128071,3046027128868157696,TTauri*
V* V1575 Ori,3017248064842864768,TTauri*
V* V801 Ori,3016945458625349760,TTauri*
CVSO 1291,3223575957279112064,TTauri*
CVSO 1048,3223856092225455744,TTauri*
Cl* NGC 2264    SBL     310,3326686748983465344,TTauri*
V* V1365 Tau,3402443684252171392,TTauri*
2MASS J05361878-0512182,3017371519392561664,TTauri*
V* V1427 Ori,3017266928339118208,TTauri*
2MASS J04311907+2335047,146050057959093632,TTauri*
2MASS J20505096+4423465,2163140453064444544,TTauri*
2MASS J05360282-0532543,3017343516207522560,TTauri*
Cl* NGC 2264    FMS     240,3326682591455164160,TTauri*
2MASS J05171478-0114273,3215228155763489536,TTauri*
2MASS J05395248-0232023,3216446689524900480,TTauri*
V* V1740 Ori,3209529112120792320,TTauri*
2MASS J05424292+2545070,3428924253577593344,TTauri*
GSC 06214-00210,6244440552088537600,TTauri*
V* V1118 Ori,3017264076480825856,TTauri*
EM* LkHA  182,2163284901405902336,TTauri*
2MASS J05360204-0430430,3209588623187361280,TTauri*
CD-55  5223,6064466716441232896,TTauri*
Brun 181,3209606073635844224,TTauri*
CVSO 759,3220580406568194432,TTauri*
2MASS J05572252+2117139,3423156383078588800,TTauri*
V* V1756 Ori,3209575463407640960,TTauri*
CVSO 529,3234361101195333760,TTauri*
2MASS J05344244-0543255,3017244182192323712,TTauri*
ATO J070.4402+23.0326,146487560507840768,TTauri*
V* V2528 Ori,3209574913651840640,TTauri*
2MASSI J1802395-230343,4069256667149811072,TTauri*
CVSO 1160,3236084894909364736,TTauri*
V* V2057 Ori,3209518598040871296,TTauri*
V* MO Mon,3326644245987098624,TTauri*
2MASS J22563865+6237140,2207220050319149312,TTauri*
Haro 4-408,3016979921442929536,TTauri*
V* V584 Ori,3016949616153731584,TTauri*
V* V705 Ori,3209390264416174976,TTauri*
Cl* NGC 2264    RMS    1732,3326594080768972416,TTauri*
IRAS 04108+2910,165563674934601856,TTauri*
2MASS J05064442-0329128,3213002744228578048,TTauri*
2MASS J05465148+0019213,3219206669868388096,TTauri*
2MASS J05303090-0211275,3217046129521656960,TTauri*
2MASS J02350799+7251034,545910619864172672,TTauri*
ESO-HA  342,3326708597481816192,TTauri*
2MASS J05322016-0121477,3217253009505825920,TTauri*
2MASS J05333439-0613526,3017154297116985088,TTauri*
Cl* NGC 2264    RMS    2147,3326687053925787648,TTauri*
V* V870 Ori,3017397151757361024,TTauri*
ESO-HA  460,3326689566482015872,TTauri*
[W96] rJ053828-0236,3216114087257176704,TTauri*
ScoPMS   8b,6237252529183461248,TTauri*
2MASS J04244506+2701447,152118881108855680,TTauri*
Cl* NGC 2264    SBL      33,3326896407811536768,TTauri*
HD 285840,3410633602770942464,TTauri*
2MASS J05304635-0329449,3210708166541526144,TTauri*
CVSO 588,3221245817262185728,TTauri*
Elia 2-20,6049137600178735744,TTauri*
ESO-HA 1628,3016863716807904640,TTauri*
[SHB2004] Trumpler 37 14-287,2178442223260419968,TTauri*
Haro 5-34,3216421091519854464,TTauri*
2MASS J05283897-0305307,3210782692813850368,TTauri*
CVSO 816,3222267813318285440,TTauri*
CVSO 407,3214398402441428096,TTauri*
CVSO 886,3220303604515628928,TTauri*
2MASS J21393480+5723277,2178383880422739072,TTauri*
V* V811 Mon,3326739869138571776,TTauri*
2MASS J05360738-0530274,3017348013025564288,TTauri*
2MASS J05371472-0635158,3016930993175537280,TTauri*
2MASS J05285172-0216092,3217088014042198400,TTauri*
CVSO 92,3217201263739477248,TTauri*
EM* LkHA    6,3326946439886001792,TTauri*
CVSO 1031,3221811722152832768,TTauri*
2MASS J21410212+5728220,2178476033236835968,TTauri*
EM* SR   20W,6049107569767351680,TTauri*
2MASS J05300324-0138428,3217220676991427456,TTauri*
ESO-HA  330,3326919875513025024,TTauri*
CVSO 708,3222099686824367104,TTauri*
RX J1209.8-7344,5841557535803475840,TTauri*
2MASS J05345821-0549346,3017239303109623936,TTauri*
Cl* NGC 2264    SBL     264,3326931218521066496,TTauri*
2MASS J05331695-0543331,3017235386099319424,TTauri*
VPHAS J173338.1-321532.8,4054826809671572096,TTauri*
V* LS Mon,3326715886041204096,TTauri*
Cl* NGC 2264    RMS    1967,3326714266838646144,TTauri*
KHA 109,3326929363096305408,TTauri*
2MASS J05160212+2214528,3414676232147787136,TTauri*
CVSO 123,3222680233258915712,TTauri*
CVSO 762,3220146541855637248,TTauri*
Cl* NGC 2264    SBL    2039,3326715782962533376,TTauri*
2MASS J05381824-0248143,3216106837352625408,TTauri*
[W96] rJ053831-0235,3216489398680226432,TTauri*
CVSO 523,3220439119325046784,TTauri*
GSS 32,6049161514556593920,TTauri*
HD 244162,3389923614066267392,TTauri*
Cl* IC  348    LRL     178,216705121837081600,TTauri*
V* V1252 Cen,6146107993101452160,TTauri*
CD-35 12836,6733697211827236480,TTauri*
[W96]  4771-1147,3216489463103531904,TTauri*
V* NS Ori,3017184808564584192,TTauri*
CVSO 1633,3220896133908934912,TTauri*
CVSO 1228,3236037233656734336,TTauri*
CVSO 1725,3217791529684763648,TTauri*
CVSO 1239,3223788094303379456,TTauri*
CVSO 1189,3220244059089304960,TTauri*
CVSO 462,3221232760561698048,TTauri*
2MASS J05354055-0558261,3017186590974082432,TTauri*
CVSO 1441,3217559532731965568,TTauri*
CVSO 1635,3223631963652706560,TTauri*
2MASS J04192710+2808157,164495739905135360,TTauri*
Cl* IC  348    LRL    1939,216629530412699008,TTauri*
2MASS J05051346-0342478,3212973121838963328,TTauri*
ATO J083.0577-01.9914,3217146940993391232,TTauri*
Elia 2-24,6049168008547148416,TTauri*
2MASS J05053885-0326263,3212995941000405120,TTauri*
IPHAS J192515.05+224720.3,2019221184213691392,TTauri*
Cl* NGC 2264    SBL      46,3326703619614642176,TTauri*
ESO-HA  347,3326714546011432448,TTauri*
UCAC4 302-228558,4048015133369938432,TTauri*
Brun 791,3209640055417083520,TTauri*
CVSO 790,3210635113441189760,TTauri*
CSIMon-005807,3326634002488945792,TTauri*
CVSO 450,3208444100300892544,TTauri*
V* V608 Mon,3326696060472549120,TTauri*
Cl* NGC 2264    FMS     180,3326689287308209792,TTauri*
V* HK Tau B,147847072275766656,TTauri*
CVSO 518,3221684037069311232,TTauri*
V* V1677 Ori,3017161993698343936,TTauri*
V* V1318 Ori,3017363857172491008,TTauri*
2MASS J05382377-0637408,3016902646391459328,TTauri*
ESO-HA  418,3326717221776056448,TTauri*
2MASS J05351466-0503126,3209532685533583360,TTauri*
CVSO 2083,3220689876694697344,TTauri*
RX J1626.3-2407,6049357811742191104,TTauri*
Cl* NGC 2264    SBL     212,3326712445772414976,TTauri*
RX J1216.8-7753,5788664871812309376,TTauri*
ESO-HA  446,3326695923033607296,TTauri*
[WMR2005] 3-21,6049047921261602560,TTauri*
UCAC4 428-009603,3210375667352389760,TTauri*
V* V805 Ori,3017142580446150912,TTauri*
CVSO 888,3223828565779377664,TTauri*
RX J0522.9+0857,3338340507084907264,TTauri*
2MASS J21375487+5726424,2178394428865434240,TTauri*
Cl* NGC 2264    RMS    3298,3326711311900658688,TTauri*
Haro 4-380,3209574329536277504,TTauri*
CVSO 213,3222096117706808960,TTauri*
2MASS J05351165-0531011,3017265382150862848,TTauri*
2MASS J07035833-1134188,3045831896836113792,TTauri*
BD+25   547,117280133627745280,TTauri*
CVSO 223,3222264136827631616,TTauri*
2MASS J04221332+1934392,48193316928788352,TTauri*
CVSO 987,3223803453106356480,TTauri*
CVSO 724,3221860994017392000,TTauri*
V* V1001 Ori,3017166907140902912,TTauri*
2MASS J05333916-0438072,3209617897684607616,TTauri*
ESO-HA  365,3326707364826633984,TTauri*
CVSO 819,3220183689029870080,TTauri*
IPHAS J031704.34+601500.0,462179029843433472,TTauri*
CVSO 361,3215233481522942848,TTauri*
Cl* NGC 2264    VAS     204,3326693857153492736,TTauri*
2MASS J05362980-0614196,3016978199160504576,TTauri*
2MASS J05341811-0423184,3209654834403153024,TTauri*
V* V1459 Ori,3017364475647793280,TTauri*
CVSO 207,3222258811068221184,TTauri*
CVSO 1346,3223585749804359424,TTauri*
2MASS J05260969-0207043,3220082362161609344,TTauri*
V* V2591 Ori,3017372378387788160,TTauri*
HD  84075,5202978912010221952,TTauri*
CVSO 391,3213565178785731968,TTauri*
Cl* NGC 2264    SBL     153,3326715748602253824,TTauri*
CVSO 878,3222244105100108160,TTauri*
IRAS 05490+0820,3335113818415129344,TTauri*
CVSO 820,3222296503701121536,TTauri*
VPHAS J173213.1-315536.0,4054896048865742464,TTauri*
2MASS J05333881-0442167,3209605631258020864,TTauri*
Cl* NGC 2264     DS      98,3326717397867661312,TTauri*
CVSO 606,3214350367527378944,TTauri*
CVSO 175,3217407628327917312,TTauri*
CVSO 990,3236293905198829056,TTauri*
2MASS J06410305+0931154,3326689768345401344,TTauri*
CVSO 1477,3217573272330987776,TTauri*
2MASS J05351088-0429015,3209638032491167872,TTauri*
2MASS J05353914-0558065,3017186590973373184,TTauri*
CVSO 115,3220679568773158016,TTauri*
Cl* NGC 2264    PSB       8,3326687058220761856,TTauri*
2MASS J05351640-0458020,3209535812269642624,TTauri*
2MASS J02521275+6002390,464550225448496384,TTauri*
V* V1214 Ori,3209604703545075200,TTauri*
HD  92727A,5204637937618704640,TTauri*
V* V2097 Ori,3017240157805799168,TTauri*
RX J1603.9-2031B,6244083039015457152,TTauri*
2MASS J05071157-0615098,3211222944140793984,TTauri*
HD 245567,3341551046679446016,TTauri*
Haro 5-92,3217534175244107648,TTauri*
ESO-HA  427,3326689149869252864,TTauri*
2MASS J05375220-0233379,3216126903439604992,TTauri*
2MASS J05334806-0627423,3016772388624805248,TTauri*
CVSO 2090,3217599385732431616,TTauri*
CVSO 1553,3220792676735794688,TTauri*
2MASS J05351578-0609397,3017147661389569536,TTauri*
CVSO 631,3222047979713412096,TTauri*
2MASS J05324429-0209593,3217127905698348544,TTauri*
[W96] rJ053838-0236,3216486409382514304,TTauri*
CVSO 704,3222111064192824192,TTauri*
CVSO 768,3220577108033309824,TTauri*
CVSO 1433,3217168755130000896,TTauri*
PM J04312+2053,144357737767321600,TTauri*
CVSO 1470,3222686349292319360,TTauri*
Cl* NGC 2264    SBL       2,3326897786496771712,TTauri*
BKLT J162800-245340,6049054002935211904,TTauri*
CVSO 140,3217673194746097920,TTauri*
IRAS 02368+7453,548447124470777600,TTauri*
CVSO 1597,3217555993678825856,TTauri*
V* V1967 Ori,3209523683282080768,TTauri*
YLW 37,6049174399459153024,TTauri*
[GY92] 284,6049147701941768064,TTauri*
Cl* NGC 2264    FMS     493,3326692242245764608,TTauri*
CD-40  8434,6110141563309613056,TTauri*
2MASS J21383382+5726053,2178391611363558144,TTauri*
[LH98] 192s,3416010588290764288,TTauri*
2MASS J18022629-2307304,4069254704338896128,TTauri*
Cl* NGC 2264    SBL    2214,3326712072110251008,TTauri*
V* V679 Tau,66665696393227904,TTauri*
2MASS J04184023+2824245,164515256236723584,TTauri*
V* V567 Ori,3215659095602416256,TTauri*
V* V1461 Ori,3017269367880519936,TTauri*
CVSO 118,3217187485484185856,TTauri*
CVSO 1799,3217313104688265344,TTauri*
2MASS J05343630-0616244,3017150861143125120,TTauri*
2MASS J05302259-0042362,3220713928511418752,TTauri*
CVSO 540,3220438947526103808,TTauri*
2MASS J05275396-0152527,3220116103424623232,TTauri*
CVSO 585,3234309763450545408,TTauri*
CD-34  7390A,5399220743767211776,TTauri*
CVSO 1005,3223831971689138048,TTauri*
CVSO 658,3221850960973810304,TTauri*
CVSO 1392,3217161165925024512,TTauri*
V* V850 Ori,3017400759529896320,TTauri*
RX J0513.4-1244,2988637157379902336,TTauri*
Parenago  2752,3016917008762062336,TTauri*
2MASS J05460009+2621394,3429342476017066112,TTauri*
V* V2701 Ori,3334874326742979968,TTauri*
CVSO 1702,3217390276660292480,TTauri*
2MASS J05311079-0139059,3217206177182789632,TTauri*
Cl* NGC 2264    RMS    1392,3326701278857491328,TTauri*
CVSO 716,3220568449379273216,TTauri*
CVSO 1062E,3210774618273260416,TTauri*
2MASS J05230421-0055012,3220481038205543680,TTauri*
BKLT J162625-241430,6049168214705579776,TTauri*
CVSO 825,3221782408999242496,TTauri*
Cl* IC  348    LRL     303,216679420752810368,TTauri*
Cl* NGC 2264    SBL    2126,3326717049977363712,TTauri*
ESO-HA  345,3326593870315431424,TTauri*
ESO-HA  381,3326716843819036416,TTauri*
CVSO 1017,3223832727603374720,TTauri*
2MASS J05291902-0241472,3216991944213759360,TTauri*
CVSO 1075,3236009131686315264,TTauri*
2MASS J05365384-0620536,3016972877696602624,TTauri*
Cl* NGC 2264    FMS     301,3326683141210961792,TTauri*
Cl* NGC 2264    RMS    2023,3326687917214219008,TTauri*
LP  358-731,151374477375986176,TTauri*
CVSO 559,3222174698428319232,TTauri*
LSPM J0531+0335,3236027720304845568,TTauri*
CD-38 10460,6003265837643309824,TTauri*
CVSO 1369,3217158932542057600,TTauri*
2MASS J05283519+1219039,3340952981072521600,TTauri*
V* V1497 Ori,3209547975617016448,TTauri*
2MASS J05345226-0512032,3209522240173132160,TTauri*
2MASS J04290068+2755033,152643240779301632,TTauri*
Cl* NGC 2264    FMS     140,3326702863700389504,TTauri*
CVSO 1706,3217343238178664064,TTauri*
2MASS J10485467-7655450,5201455882247259776,TTauri*
CVSO 1260,3236020569183463552,TTauri*
CVSO 21,3214140876202522240,TTauri*
V* V642 Mon,3326716637659605760,TTauri*
V* V1591 Ori,3017185942435923200,TTauri*
2MASS J05364669-0607222,3017174260124874496,TTauri*
CVSO 188,3217443706053155712,TTauri*
V* V357 Ori,3209527737731263232,TTauri*
V* V373 Ori,3017250195146534016,TTauri*
Cl* NGC 2264    RMS    2793,3326690318100897408,TTauri*
RX J1243.6-7834,5787670088666679040,TTauri*
Cl* NGC 2264    SBL     175,3326929191297621120,TTauri*
Cl* NGC 2264    SBL      79,3326903073600851840,TTauri*
CVSO 133,3223599081383176576,TTauri*
2MASSI J1802464-225546,4069275423263089280,TTauri*
ScoPMS  42a,6245780856763065984,TTauri*
2MASS J05344376+1114583,3339834636011307136,TTauri*
2MASS J05341872-0415158,3209844603236795520,TTauri*
2MASS J05345349-0556035,3017236378235022976,TTauri*
CVSO 2044,3217548709414343296,TTauri*
UCAC4 442-009308,3215069241973109504,TTauri*
Cl* IC  348    LRL     217,216701922085898112,TTauri*
2MASS J05373406-0644022,3016878835092784000,TTauri*
2MASS J05240769+0730554,3241164668693217152,TTauri*
2MASS J05344561-0430006,3209632668074077056,TTauri*
2MASS J05380897-0220109,3216509597910970112,TTauri*
2MASS J04330197+2421000,147801339463632000,TTauri*
2MASS J05370331-0509171,3017394918374375040,TTauri*
CD-23 11534,6274561226451657088,TTauri*
V* V1618 Ori,3017344443920441984,TTauri*
CSIMon-008142,3326897919639992576,TTauri*
CVSO 1560,3216972702759711360,TTauri*
V* II Ori,3017260915384911616,TTauri*
V* V805 Mon,3326715439364610560,TTauri*
CVSO 1253,3236045518649161216,TTauri*
RX J0526.8+0222,3223825855655767424,TTauri*
V* MM Lup,6005610065148481664,TTauri*
CVSO 2029,3221958163357743872,TTauri*
SZ  94,5997084383280601088,TTauri*
2MASS J09171033-7744019,5203279525362326272,TTauri*
2MASS J20505386+4421398,2163140143827638272,TTauri*
V* V2544 Ori,3209574604414198272,TTauri*
V* V748 Ori,3017150277027582592,TTauri*
2MASS J05362226-0555476,3017180685395936768,TTauri*
CVSO 478,3210417238339908224,TTauri*
2MASS J05345152-0603443,3017163917843673088,TTauri*
CVSO 553,3220373182987061632,TTauri*
2MASS J04555605+3036209,157011536054213504,TTauri*
CVSO 707,3221860478621320704,TTauri*
VPHAS J173318.5-320130.0,4054849800634688384,TTauri*
2MASS J05375502-0644590,3016877838660370176,TTauri*
ATO J085.5834+22.2299,3403472651040492672,TTauri*
ATO J081.5652-01.5449,3220187640399746944,TTauri*
V* V1657 Ori,3209433420247512448,TTauri*
CVSO 1152,3217087258127928576,TTauri*
[FHM2008] F31-ap228,3017139831667091072,TTauri*
CVSO 129,3217561388157809792,TTauri*
Cl* NGC 2264    SBL    2045,3326710830869142912,TTauri*
CSIMon-001582,3326749313770699904,TTauri*
CD-24 12683,6049140486396672128,TTauri*
CVSO 1979,3022510945967790848,TTauri*
2MASS J05354531-0423320,3215644900733318528,TTauri*
2MASS J05240115+2326559,3416323193190857216,TTauri*
CVSO 1115,3236091354540165632,TTauri*
2MASS J05365023-0648582,3016873440614190336,TTauri*
CVSO 430,3214407267253901952,TTauri*
CVSO 500,3234160298587935744,TTauri*
Cl* NGC 2264    VAS      22,3326708356963565824,TTauri*
2MASS J05283339+0009299,3221029625787703680,TTauri*
Cl* NGC 2264    SBL    1828,3326905345639200512,TTauri*
2MASS J05344930-0413240,3209658785773054848,TTauri*
ATO J083.0376-02.2159,3217122373780505728,TTauri*
EM* LkHA  367,3326712793665773184,TTauri*
Kiso A-0976 326,3216053609823043968,TTauri*
CVSO 703,3221383251924619520,TTauri*
V* V2397 Ori,3209576322401123200,TTauri*
V* V1011 Ori,3214504535376528896,TTauri*
CVSO 921,3235889697235752448,TTauri*
CVSO 9,3221320618412434432,TTauri*
CD-25 11378,6043486660173351552,TTauri*
2MASS J16025243-2402226,6236272417651481472,TTauri*
ESO-HA  428,3326685993069238912,TTauri*
IPHAS J060821.91+295255.7,3437546516386017280,TTauri*
Cl* NGC 2264    FMS     427,3326692693218845440,TTauri*
Cl* NGC 2264    RMS    1623,3326708326899730816,TTauri*
2MASS J06391570+0929293,3326610195486288256,TTauri*
CVSO 632,3234408689433510784,TTauri*
ATO J082.3388-00.4766,3220920739777093632,TTauri*
NAME IRAS 04114+2757G,163178387536338944,TTauri*
2MASS J05453859+2636023,3441360069387595008,TTauri*
V* V1717 Ori,3017240196462804864,TTauri*
1RXS J050029.8+172400,3405561727429486592,TTauri*
2MASS J05264117-0137514,3220182417719513728,TTauri*
CVSO 191,3219181106223030016,TTauri*
2MASS J05343750-0227246,3216871101013663360,TTauri*
V* V1215 Cen,5375025440645600000,TTauri*
V* V1249 Cen,6150861598484393856,TTauri*
V* YY Ori,3017188931733323776,TTauri*
V* BY Ori,3209575600846656128,TTauri*
2MASS J05351029-0519563,3017366743390014720,TTauri*
2MASS J18024089-2304592,4069256456673769472,TTauri*
HD 147048,5993899682216497664,TTauri*
2MASS J21393805+5730439,2178386904079914368,TTauri*
2MASS J05343417-0505170,3209538904646238848,TTauri*
UCAC4 463-013272,3316158718988037376,TTauri*
2MASS J04232278+3149344,172288322408062208,TTauri*
Cl* NGC 2264    FMS     343,3326686298011501824,TTauri*
CVSO 1298,3236041494264341248,TTauri*
CVSO 530,3234310283142940800,TTauri*
2MASS J05343286-0624440,3017135674138785152,TTauri*
Kiso A-0904  52,3222331207036336000,TTauri*
2MASS J09465051-8011352,5201762645990641408,TTauri*
2MASS J21001159+5218172,2170284877758866816,TTauri*
2MASS J21394793+5726427,2178385770211481728,TTauri*
CVSO 385,3210360716569892992,TTauri*
2MASS J20504880+4419233,2163139632730716160,TTauri*
[GY92]  93,6049119698755044480,TTauri*
EM* LkHA   42,3326697091264334464,TTauri*
CVSO 1590,3223708379709287808,TTauri*
CVSO 751,3222257471038421504,TTauri*
Cl* NGC 2264    RMS    1982,3326592878178466304,TTauri*
V* V1566 Ori,3209578345330280448,TTauri*
2MASS J05325297-0155592,3217159104340738560,TTauri*
CVSO 562,3222063475955323904,TTauri*
CVSO 510,3214347034632787072,TTauri*
BKLT J162524-241542,6049332419895686016,TTauri*
CVSO 1384,3217618902063627136,TTauri*
2MASS J04312405+1800215,3314299238667410176,TTauri*
V* V426 Ori,3017373718415827456,TTauri*
CVSO 179,3216524136375108992,TTauri*
Parenago  1720,3209576047523236992,TTauri*
ATO J076.6919-03.3228,3213015216813585792,TTauri*
2MASS J05353525-0648418,3016548191330795904,TTauri*
CVSO 950,3236069050775158528,TTauri*
KHA 130,3326617475454737664,TTauri*
CVSO 624,3214161560764848128,TTauri*
CVSO 665,3222287329651238528,TTauri*
2MASS J06393474+0946541,3326897683417559936,TTauri*
V* V1436 Ori,3017212639952676992,TTauri*
CVSO 1788,3217319839196766592,TTauri*
SPICY 56460,4054895945786488960,TTauri*
Haro 5-93,3219370050425437952,TTauri*
V* BG Ori,3216439847641330816,TTauri*
CVSO 1537,3217598840272547712,TTauri*
2MASS J07035805-1132398,3046025548320530304,TTauri*
RX J0542.7-0925,3012210785460959744,TTauri*
CRTS J052702.3+030647,3235897595680582656,TTauri*
ESO-HA  496,3326695987457270400,TTauri*
V* RU Lup,6010114558131195392,TTauri*
DoAr 33,6050679321639383680,TTauri*
2MASS J05282438-0157400,3217109351439524992,TTauri*
2MASS J19000169-3627576,6731283135270321792,TTauri*
Cl* NGC 2264    SBL    2030,3326716641955448448,TTauri*
2MASS J05380055-0245097,3216108211742162304,TTauri*
2MASS J05342043-0631150,3016756407049413760,TTauri*
CVSO 995E,3236061942604192000,TTauri*
2MASS J16185382-2053182,6244376608616348928,TTauri*
CVSO 26,3220166062483977088,TTauri*
Cl* NGC 2264    SBL    2087,3326928774683852544,TTauri*
V* V1198 Tau,150168278761574528,TTauri*
CVSO 1755,3217787853192964992,TTauri*
IRAS 05284-0042,3220717261406009216,TTauri*
ATO J081.2018-04.0372,3210605465283841152,TTauri*
CVSO 183,3216646250884327936,TTauri*
CVSO 961,3236756318557385472,TTauri*
VPHAS J173015.2-324454.1,4054703836174140800,TTauri*
CVSO 1664,3220812644039743744,TTauri*
CVSO 1272,3223550080101102976,TTauri*
UCAC4 427-009564,3210144632472526720,TTauri*
2MASS J05111016+3024061,156207518176564864,TTauri*
IPHAS J222628.63+612049.0,2201620748696597760,TTauri*
2MASS J04545474+1718457,3405693050349191040,TTauri*
2MASS J05332258-0532400,3209416446536778624,TTauri*
2MASS J05352570-0623189,3017139281911288576,TTauri*
CVSO 715,3222283687518753024,TTauri*
2MASS J05553270+1954259,3398990835488031872,TTauri*
V* V1547 Ori,3209574776212894976,TTauri*
Cl* NGC 2264    SBL      72,3326703413456210560,TTauri*
[R2001] 1925,3017245109905384832,TTauri*
2MASS J06404563+0912127,3326539959885138816,TTauri*
2MASS J05074100-0322529,3212964192602089984,TTauri*
ATO J075.0719+13.8159,3392382190784776192,TTauri*
CVSO 1439,3220851775485968256,TTauri*
V* V2390 Ori,3209571683836467584,TTauri*
Cl* IC  348    LRL     108,216678424320382336,TTauri*
2MASS J07040290-1132074,3046025582680267776,TTauri*
2MASS J17343365-3234573,4054618795814137600,TTauri*
2MASS J05453501-1020455,3011075818879998080,TTauri*
2MASS J15460752-6258042,5826466047245658240,TTauri*
ESO-HA  403,3326717329148181248,TTauri*
CVSO 506,3234183800648985984,TTauri*
2MASS J05375307-0635554,3016906425962683776,TTauri*
2MASS J05363101-0501026,3017402133919431424,TTauri*
V* V2653 Ori,3017166082507174272,TTauri*
2MASS J00450982+6147574,427601931772053504,TTauri*
2MASS J05320398-0215439,3217121549146795776,TTauri*
CRTS J051904.7-010448,3215211491290464896,TTauri*
CVSO 1073,3221028594995761408,TTauri*
2MASS J05224831-1144391,2988967075290032256,TTauri*
V* HK Tau,147847072275324416,TTauri*
2MASS J05290925-0121227,3220244437045514752,TTauri*
2MASS J05361935-0439443,3209582541513687680,TTauri*
CVSO 836,3236164643862782720,TTauri*
EM* LkHA   98,216701033028221440,TTauri*
CVSO 167,3217297986403365120,TTauri*
[W96]  4771-1097,3216491013587284096,TTauri*
2MASS J21393561+5718220,2178380135211054208,TTauri*
CD-38 13398,6741967708230422272,TTauri*
2MASS J05273470-0447343,3209750010877428864,TTauri*
V* V1423 Ori,3017256757856573312,TTauri*
CVSO 1416,3222691984289420800,TTauri*
CVSO 72,3217194975907484288,TTauri*
V* V2634 Ori,3016950750025105408,TTauri*
ATO J082.3781+04.0453,3236112142181844224,TTauri*
2MASS J05543349-0736223,3018647021589381120,TTauri*
CD-27 11363,6033295694919549312,TTauri*
V* LX Lup,6004336074769756800,TTauri*
2MASS J06003451-0953341,2999376121808059392,TTauri*
V* V1976 Ori,3017263767243449600,TTauri*
2MASS J05235659-0058146,3220470970802183168,TTauri*
Cl* NGC 2264    RMS    3270,3326697190048141824,TTauri*
2MASS J05351529-0539562,3017250023347832576,TTauri*
V* V1250 Cen,6128493718050020096,TTauri*
2MASS J16251430-2455450,6049015382592521088,TTauri*
2MASS J05185924-0319041,3213575791649274240,TTauri*
HBC 502,3219116024584102528,TTauri*
GSC 04771-00672,3216521284516856064,TTauri*
2MASS J02515614+6006390,464555757368136960,TTauri*
CVSO 494,3214358476425669248,TTauri*
V* V427 Mon,3326686298011502464,TTauri*
[BNM2013] 32.03  1131,216680795141120256,TTauri*
Cl* NGC 2264    RMS     691,3326920429564153344,TTauri*
Cl* Trumpler   14      Y      82,5350382979913459840,TTauri*
2MASS J05190161-0217319,3214225916554648448,TTauri*
Cl* NGC 2264    FMS     373,3326689699625104384,TTauri*
2MASS J02522473+3728518,141556560096164736,TTauri*
CVSO 1997,3019294462139556992,TTauri*
2MASS J20505948+4419390,2163136746511218176,TTauri*
CVSO 1699,3224087505063990784,TTauri*
HD 144007,5996878465369364224,TTauri*
2MASS J02513815+6003364,464553734444566400,TTauri*
RX J0518.0-1146,2989095993028384896,TTauri*
2MASS J05365937-0540558,3017292114038912256,TTauri*
UCAC4 477-011498,3236910250184786304,TTauri*
2MASS J15485739-3045043,6040543301908667520,TTauri*
2MASS J04035084+2610531,162535345034688768,TTauri*
V* V1298 Ori,3215681120194601344,TTauri*
NGC  2264   151,3326712999823177088,TTauri*
2MASS J16211450-2342200,6050183716774345472,TTauri*
2MASS J13030444-7707027,5789026065680783104,TTauri*
V* V1688 Ori,3209552678602713344,TTauri*
CVSO 266W,3213274838996770432,TTauri*
CVSO 850,3220108784800233984,TTauri*
2MASS J05345560-0529375,3017266412943302528,TTauri*
Cl* NGC 2264    SBL    2175,3326717157351517440,TTauri*
V* V947 Ori,3017342859064738560,TTauri*
V* V836 Ori,3209557665063355520,TTauri*
CVSO 860,3235943775168564608,TTauri*
CVSO 638,3222047941057355264,TTauri*
Cl* NGC 2264    SBL     158,3326716504516497408,TTauri*
V* V794 Ori,3017133475116238720,TTauri*
2MASS J05333437-0604199,3017204973433261568,TTauri*
2MASS J05394784-0232248,3216446547790307584,TTauri*
2MASS J06411362+0913534,3326631086207474688,TTauri*
CVSO 148,3217329872240514560,TTauri*
V* V1962 Ori,3017263384988198784,TTauri*
WLY 2-11,6049136569386567296,TTauri*
V* V2525 Ori,3209572061793574912,TTauri*
[SHB2004] Trumpler 37 11-2037,2178440951949966848,TTauri*
Kiso A-0904   4,3220694442244758784,TTauri*
RX J1534.3-3300,6014539542668216832,TTauri*
Cl* NGC 2264    FMS     359,3326695888673863680,TTauri*
CVSO 1383,3223990228349637888,TTauri*
Haro 5-5,3216133053832757632,TTauri*
CVSO 1451,3217565751844357632,TTauri*
2MASS J02303911+7259572,546677559288893568,TTauri*
SZ  67,6014916086743891584,TTauri*
CVSO 55,3223733359240259456,TTauri*
2MASS J03044449+1437283,30745196970914176,TTauri*
CVSO 750,3222312858936592768,TTauri*
CVSO 399,3221509700053454336,TTauri*
CVSO 1457,3217170786651936000,TTauri*
CD-36 13163,6731064950935554304,TTauri*
CVSO 1722,3217386325290377600,TTauri*
JW  840,3209527359774142208,TTauri*
2MASS J05390928-0219130,3216512007387382912,TTauri*
2MASS J05295721+0454589,3236747934781079424,TTauri*
ATO J082.0443-02.2931,3217064889938122240,TTauri*
NGC  2264   194,3326697400501968384,TTauri*
ESO-HA  335,3326947741259687168,TTauri*
RX J1219.7-7404,5841382846589454080,TTauri*
V* V2551 Ori,3017347089620157440,TTauri*
V* V2261 Ori,3017144538951245440,TTauri*
2MASS J05322879-0103051,3220639574037842688,TTauri*
Haro 5-59,3216627387387974528,TTauri*
CVSO 257,3217558742457964288,TTauri*
CVSO 1083,3236011502508251776,TTauri*
2MASS J05192175-0217193,3214225366798825088,TTauri*
CVSO 1422,3217154122178667264,TTauri*
2MASS J03065100+2407163,111530718606107392,TTauri*
2MASS J05270681-0243277,3211041967102578176,TTauri*
CVSO 859,3222297775011424384,TTauri*
CVSO 788,3222311587626257664,TTauri*
V* V818 Mon,3326686233587397504,TTauri*
UCAC4 559-008605,53086074955171072,TTauri*
[BVD2011] 44,2178392917033317248,TTauri*
UScoCTIO 112,6246670567831565824,TTauri*
V* V1401 Ori,3017359665283930752,TTauri*
EM* LkHA  288,3216652538716447232,TTauri*
[GY92]  59,6049161338462378752,TTauri*
ESO-HA  378,3326715267563918208,TTauri*
CVSO 574,3234398450230884352,TTauri*
CVSO 1414,3223489989213957504,TTauri*
CVSO 840,3220081674966878336,TTauri*
Cl* NGC 2264     DS     331,3326684889261634560,TTauri*
Cl* NGC 2264    RMS     729,3326900840217848960,TTauri*
V* V798 Ori,3017145878981034112,TTauri*
2MASS J15082502-3337554,6201314162694996992,TTauri*
CVSO 868,3222185792329155328,TTauri*
2MASS J05323839-0127204,3217239398752726016,TTauri*
CVSO 898,3222299248185151616,TTauri*
2MASS J05305082+0340002,3236040841428492416,TTauri*
V* MR Lup,6013772083553731968,TTauri*
2MASS J07042340-1132515,3045838008567383424,TTauri*
EM* LkHA  361,3326902974817258624,TTauri*
2MASS J04322627+1827521,3314352530621527296,TTauri*
2MASS J05342553-0616309,3017150994284124800,TTauri*
Cl* NGC 2264    PSB     156,3326686263652135936,TTauri*
2MASS J05324620-0131547,3217235142441336320,TTauri*
2MASS J02303681+7259566,546677563584567168,TTauri*
Cl* NGC 2264    SBL    2204,3326740659410510976,TTauri*
2MASS J05292188+0143250,3222042580939915520,TTauri*
Cl* NGC 2264    SBL     452,3326722380032070784,TTauri*
V* V423 Mon,3326740796851503744,TTauri*
CVSO 355,3215218638116014976,TTauri*
2MASS J03134851+2907254,121875095799134848,TTauri*
Cl* NGC 2264    SBL    2018,3326717015617624576,TTauri*
CSIMon-006999,3326923552003723648,TTauri*
RX J1150.9-7411,5226638821696840576,TTauri*
[BVD2011] 59,2178390099534840832,TTauri*
V* V428 Mon B,3326685099716035712,TTauri*
V* MX Lup,6010385759547596672,TTauri*
[HR92]  6,3016945115027966592,TTauri*
CVSO 1365,3223566229176973184,TTauri*
CVSO 320,3227664422547609856,TTauri*
V* V1577 Ori,3209575429047904768,TTauri*
CD-35 10498,6009975332460963840,TTauri*
CVSO 166,3217724803072990976,TTauri*
V* V1121 Ori,3209639269441739776,TTauri*
2MASS J05351443-0554266,3017190958957744000,TTauri*
Cl* NGC 2264    LBM    5876,3326695888672371584,TTauri*
2MASS J21370140+5724458,2178393604228055680,TTauri*
2MASS J19022213-3655409,6731196617449019392,TTauri*
2MASS J15150933-4438362,6000321208067075456,TTauri*
2MASS J06023181-0946510,3005339318824343680,TTauri*
CRTS J052314.7-005058,3220488253750586368,TTauri*
CVSO 826,3222216033194504192,TTauri*
2MASS J20511606+4415000,2163135372123153408,TTauri*
2MASS J20323272+4016318,2064713825708177664,TTauri*
CVSO 162,3217491603528379648,TTauri*
2MASS J05321925-0107149,3217636395466272000,TTauri*
V* V730 Ori,3209427853969863040,TTauri*
Cl* NGC 2264    SBL    2066,3326715782959971072,TTauri*
V* V981 Ori,3017163265008766976,TTauri*
CVSO 1400,3223521325295276800,TTauri*
2MASS J05290186+0142569,3222043130695727488,TTauri*
2MASS J05361131-0616559,3016977722419674624,TTauri*
CVSO 1760,3217398763515656576,TTauri*
2MASS J20321597+4010234,2064711519308233600,TTauri*
2MASS J03433205+3206172,216685949103101824,TTauri*
CVSO 235,3222214413990916096,TTauri*
PM J05202-0414,3210444215030339584,TTauri*
Cl* NGC 2264    RMS    4551,3326739285022996992,TTauri*
V* V815 Mon,3326686645904413184,TTauri*
V* V2109 Ori,3017365334641049344,TTauri*
Cl* NGC 2264    SBL    2327,3326716092199624960,TTauri*
CVSO 209,3222256131008632960,TTauri*
CVSO 1431,3217182091005645952,TTauri*
V* V603 Mon,3326709770007782016,TTauri*
2MASS J05351986-0530321,3017359046809132800,TTauri*
CVSO 14,3220485573691003904,TTauri*
2MASS J06411247+0908509,3326535974155473408,TTauri*
2MASS J05320210+2423028,3416676170784043008,TTauri*
Cl* NGC 2264    FMS     275,3326696743371516672,TTauri*
EM* LkHA  310,3219206188832046208,TTauri*
2MASS J05334319-0447143,3209602813759497344,TTauri*
2MASS J05344199-0545005,3017244079113110784,TTauri*
2MASS J21395813+5728335,2178385942007271168,TTauri*
V* V1920 Ori,3017148009284871296,TTauri*
WRAY 15-1388,5994747367001754240,TTauri*
Cl* NGC 2264    RMS    3531,3326709490834506240,TTauri*
UCAC4 441-009255,3215036153545226112,TTauri*
2MASS J05062332+2432199,3419110734340795648,TTauri*
2MASS J05395594-0220366,3216497988614248832,TTauri*
Cl* NGC 2264    RMS    3761,3326685198499870080,TTauri*
KHA 174,3219116230740905344,TTauri*
2MASS J05370705-0511209,3017382926827374720,TTauri*
CVSO 1774,3217293004241142528,TTauri*
CVSO 844,3221896655129937408,TTauri*
2MASS J05350284-0612217,3017145638462872576,TTauri*
ScoPMS  46,6245880018965394304,TTauri*
HD 125340,6275949634759512576,TTauri*
CVSO 516,3234191119273186816,TTauri*
CVSO 1946,3219198286092241536,TTauri*
BKLT J162812-245043,6049077642435210240,TTauri*
Cl* NGC 2264    FMS     122,3326683690966797696,TTauri*
2MASS J05320546-0150298,3217152232392804224,TTauri*
V* V1335 Tau,3413138633854938240,TTauri*
2MASS J05290458+0153366,3223734664910310400,TTauri*
CVSO 37,3220107925806785152,TTauri*
ATO J083.0537-03.2541,3216710984633535360,TTauri*
CD-29  8887,5452498541764280832,TTauri*
CD-26  8623,3485098646237003392,TTauri*
Cl* Melotte   25     LH     206,47446336216710784,TTauri*
CVSO 1781,3217817363913020288,TTauri*
2MASS J05273968-0318142,3210749776185240192,TTauri*
CVSO 897,3220128232412131840,TTauri*
ESO-HA  524,3326698049041605120,TTauri*
CVSO 1769,3216132985113282176,TTauri*
V* V1438 Ori,3017270089435030912,TTauri*
2MASS J05461829+0006578,3219196739904019968,TTauri*
CVSO 475,3222136657902812544,TTauri*
[BCG93]  2,163179521407696384,TTauri*
HD 142666,6243489715051060480,TTauri*
2MASS J07035225-1134195,3046019604085794560,TTauri*
CVSO 691,3222111884531838720,TTauri*
HD 133938,6003584829149085696,TTauri*
2MASS J05475753+0011312,3219528758055874048,TTauri*
2MASS J21393407+5733316,2178399033067535104,TTauri*
CVSO 1746,3217369076701871360,TTauri*
2MASS J05351853-0518205,3017366846468192384,TTauri*
WSB 49,6049067776894321024,TTauri*
CVSO 258,3217545170361327232,TTauri*
2MASS J05263991-0207555,3220087069445757184,TTauri*
1RXS J161329.9-231122,6242554649124043520,TTauri*
CD-22 11432,6050407948434871808,TTauri*
CVSO 1317,3217244213412334336,TTauri*
CVSO 906,3223835437727216640,TTauri*
Haro 4-59,3209548113055989120,TTauri*
2MASS J06411335+1003301,3326931802637721216,TTauri*
2MASS J05345276-0500509,3209545467356145664,TTauri*
2MASS J04321606+1812464,3314309890186259712,TTauri*
Haro 4-405,3016978031657358080,TTauri*
RX J1613.9-3912,5997173409357519616,TTauri*
Cl* IC  348    LRL     322,216676014842489856,TTauri*
2MASS J05360680-0506156,3017376432835144832,TTauri*
Cl* NGC 2264    SBL    2496,3326711659793379328,TTauri*
[SHB2004] Trumpler 37 12-2113,2178391886241450496,TTauri*
CVSO 424,3221289969525930880,TTauri*
V* V2730 Ori,3216517706809394560,TTauri*
CVSO 535,3221469705316735232,TTauri*
ESO-HA  914,3209600064980402432,TTauri*
2MASS J05335157-0234342,3216862957755729024,TTauri*
2MASS J21394754+5725210,2178385495330441856,TTauri*
2MASS J02521715+6002328,464550161022731776,TTauri*
CVSO 1612,3223652201538568960,TTauri*
V* V419 Ori,3209528046968906752,TTauri*
CVSO 580,3222064163150086784,TTauri*
ESO-HA  448,3326695923033606784,TTauri*
2MASS J05353901-0521017,3017363101256706048,TTauri*
2MASS J05333251-0112519,3217624399626301824,TTauri*
V* V1912 Ori,3209544333484822272,TTauri*
CVSO 1738,3217368934966182400,TTauri*
ATO J079.4591-03.2772,3213591017308958080,TTauri*
CVSO 2025,3221058518032896640,TTauri*
CVSO 1123,3220249621071442688,TTauri*
IRAS F04147+2822,164702070133970944,TTauri*
2MASS J18021963-2301361,4069268688753412736,TTauri*
2MASS J20505429+4417526,2163136609073737728,TTauri*
CVSO 1050,3222235510870849664,TTauri*
2MASS J05175893-0401540,3213462683686342400,TTauri*
Cl* NGC 2264    SBL    2357,3326739559900928000,TTauri*
2MASS J05280052-0109448,3220299790585343872,TTauri*
Cl* NGC 2264    FMS     432,3326637408399184512,TTauri*
CVSO 848,3235843414668244608,TTauri*
[GY92] 112,6049117843329171968,TTauri*
2MASS J05384333-0232008,3216490292032777216,TTauri*
V* MS Lup,5999723314253334016,TTauri*
SZ  95,5997087510016827776,TTauri*
2MASS J05342578-0535465,3017263698523711872,TTauri*
V* V2614 Ori,3209581167124196736,TTauri*
DENIS J160603.9-205644,6243996555553639424,TTauri*
2MASS J05330692-0346004,3215926929763165696,TTauri*
CVSO 340,3208678777313505792,TTauri*
WK81 1,164504467278644096,TTauri*
CVSO 1098,3220354418273876864,TTauri*
Cl* NGC 2264    FMS     249,3326689807000190336,TTauri*
V* LW Lup,6007167351565715840,TTauri*
CVSO 972,3221980325389106176,TTauri*
CVSO 22,3222178787237127296,TTauri*
ESO-HA  329,3326926098920964352,TTauri*
Ass Cha T 2-54,5201159082825975552,TTauri*
CVSO 674,3222158996027851904,TTauri*
2MASS J20511985+4423065,2163138601938577664,TTauri*
SZ  96,5997081119105445376,TTauri*
[BVD2011] 72,2178391607051821568,TTauri*
2MASS J05295598+0332461,3236031667378980864,TTauri*
2MASS J04221568+2657060,152293359861143040,TTauri*
Haro 5-22,3216514172050881408,TTauri*
V* V1451 Ori,3209533029130885760,TTauri*
2MASS J04322210+1827426,3314351053152780032,TTauri*
2MASS J03502840+1631151,43458167025621504,TTauri*
V* V554 Ori,3209547219702787840,TTauri*
2MASS J05072979-0317051,3213013975567071488,TTauri*
CVSO 895,3222239530959708800,TTauri*
NGC  2264   116,3326689807000188032,TTauri*
CVSO 1495,3216976718552217984,TTauri*
CVSO 493,3214343976616084608,TTauri*
CVSO 738,3221382328502198144,TTauri*
2MASS J05294741-0253359,3216792279774338048,TTauri*
2MASS J05324194-0203529,3217130826276636544,TTauri*
2MASS J05294105-0243440,3216988233362612736,TTauri*
NGC  2264   393,3326740796851503872,TTauri*
WBHA 85,3016858975164012928,TTauri*
V* V710 Tau A,3314326722162541056,TTauri*
CVSO 365,3215071196183158912,TTauri*
RX J0437.4+1851B,3410400879968004224,TTauri*
V* V590 Ori,3017272013592009984,TTauri*
V* V1416 Ori,3017211128124211328,TTauri*
CVSO 1847,3217749679523527936,TTauri*
V* V1571 Ori,3017359562204996864,TTauri*
RX J0518.3+0829,3242230512074255616,TTauri*
VSS   II-137,6050191619514003712,TTauri*
V* IN Ori,3209549418726081536,TTauri*
ESO-HA  326,3326597070066300032,TTauri*
Cl* NGC 2264    RMS    4471,3326722307016938112,TTauri*
CD-25 11330,6043761503721863808,TTauri*
2MASS J15425759-3419285,6014892382823366656,TTauri*
2MASS J05354844-0417061,3215646794816081280,TTauri*
Cl* NGC 2264    SBL    2174,3326929500535262464,TTauri*
Cl* NGC 2264    RMS    2097,3326688325236200448,TTauri*
Haro 4-287,3017205317032619008,TTauri*
KHA  89,3326689257244387584,TTauri*
CVSO 96,3217200576544696704,TTauri*
CVSO 427,3221523272149547392,TTauri*
V* V799 Ori,3017140862459243264,TTauri*
2MASS J21365579+5736533,2178447274141920896,TTauri*
Cl* NGC 2264    VAS      35,3326933073948600064,TTauri*
Cl* IC  348    LRL     360,216701990805261184,TTauri*
V* V2659 Ori,3017166013787697280,TTauri*
CVSO 489,3221429092106045952,TTauri*
2MASS J07034972-1132169,3046019909025795840,TTauri*
2MASS J15460529-2920531,6233037070321568128,TTauri*
2MASS J05342760+0219065,3223626569173811712,TTauri*
UCAC4 465-011142,3223932130326757248,TTauri*
2MASS J21372732+5731295,2178442704296780288,TTauri*
NGC  2264   174,3326711006958359808,TTauri*
Cl* IC  348    LRL      68,216674816547870464,TTauri*
V* IQ Mon,3326740521973590656,TTauri*
VPHAS J173412.7-322622.4,4054632956341647744,TTauri*
2MASS J07035575-1129315,3046026716551315072,TTauri*
Cl* NGC 2264    RMS    4769,3326722478815641856,TTauri*
IRAS 06385+0924,3326637442758920960,TTauri*
UCAC4 460-012026,3223177109435409152,TTauri*
2MASS J05345737-0514334,3209521862216010752,TTauri*
Cl* NGC 2264    RMS    3856,3326692379684692096,TTauri*
CVSO 347,3215147410377773952,TTauri*
2MASS J16113801-3841356,5997442995863176960,TTauri*
Haro 4-419,3017352862056320128,TTauri*
EM* LkHA  219,3046026750911057408,TTauri*
V* V425 Ori,3017372515824989568,TTauri*
CVSO 380,3215054364206511744,TTauri*
HD 287803,3222064884704575232,TTauri*
2MASS J05460457+0000381,3219147257585932544,TTauri*
Cl* NGC 2264    RMS    3221,3326697194343548288,TTauri*
V* V2581 Ori,3017362448421679232,TTauri*
CVSO 712,3234356733213504896,TTauri*
ESO-HA  481,3326929393158941312,TTauri*
ESO-HA  451,3326709353395543808,TTauri*
Cl* IC  348    LRL     175,216676912491904512,TTauri*
Cl* NGC 2264    FMS      93,3326683897125225216,TTauri*
CVSO 2001,3222276643772420096,TTauri*
WSB 34,6049365336524897152,TTauri*
V* V1125 Ori,3017141721452688768,TTauri*
CVSO 241,3217234146008950912,TTauri*
KHA 129,3326643180835205376,TTauri*
V* V1703 Ori,3209576769077761152,TTauri*
ESO-HA  409,3326690734712746880,TTauri*
1RXS J053636.6+213927,3403016495451584000,TTauri*
KHA  62,3326705097083394048,TTauri*
ESO-HA  411,3326691074014685312,TTauri*
2MASS J05351319-0441544,3209579311698352128,TTauri*
CVSO 1843,3217376292247232640,TTauri*
CVSO 421,3214404685977911552,TTauri*
CVSO 127,3217671992155280256,TTauri*
CVSO 1116,3223840488608720768,TTauri*
Cl* NGC 2264    SBL    2122,3326929118281225600,TTauri*
Cl* NGC 2264    VAS      77,3326716190983007104,TTauri*
2MASS J05325582+0222378,3223682850425078016,TTauri*
2MASS J05364495-0604353,3017174741161206272,TTauri*
2MASS J04181710+2828419,164519276325850752,TTauri*
2MASS J05331727-0455418,3209595387759773440,TTauri*
2MASS J05354877-0609071,3017170098298729728,TTauri*
Cl* NGC 2264    SBL    2320,3326739933563070720,TTauri*
CVSO 958,3236049470019195648,TTauri*
CVSO 199,3222166417731327360,TTauri*
V* LO Ori,3017252600328208384,TTauri*
2MASS J06092371-1009549,3004415252317692928,TTauri*
2MASS J21371976+5731043,2178441394324869376,TTauri*
2MASS J05585792-1327412,2997464449044062976,TTauri*
V* LM Mon,3326717294790476672,TTauri*
CVSO 1892,3224280469354589184,TTauri*
CVSO 1062,3210774618275360256,TTauri*
CVSO 986,3223830288061972736,TTauri*
V* V1765 Ori,3209587072704882048,TTauri*
2MASS J05270654-0155307,3220114900833805824,TTauri*
V* V1220 Ori,3209631744659111040,TTauri*
NGC  2264   180,3326931081083218304,TTauri*
Haro 5-87,3219316208715112832,TTauri*
CVSO 1280,3223537023400462080,TTauri*
CVSO 1159,3223740299907376512,TTauri*
2MASS J05373850+2428517,3404716306067442048,TTauri*
CVSO 641,3221448952034891264,TTauri*
CVSO 1490,3220860674658962944,TTauri*
2MASS J05392435-0234013,3216487680692797568,TTauri*
SS 452,1967731776241240320,TTauri*
IRAS 04125+2902,164800235906366976,TTauri*
V* V583 Mon,3326692654562613376,TTauri*
2MASS J03254797+3651473,234344483802818432,TTauri*
CVSO 488,3234215068011646848,TTauri*
2MASS J05370790-0129204,3217385599439821312,TTauri*
VPHAS J173200.2-320028.6,4054894193428280064,TTauri*
NGC  2264   125,3326716023480154880,TTauri*
UCAC4 406-007491,3183583970597624576,TTauri*
CVSO 749,3222107903097070976,TTauri*
V* OZ Mon,3326698568733398912,TTauri*
CVSO 208,3222256062289164800,TTauri*
2MASS J05205802-0115442,3220447571820316032,TTauri*
2MASS J05351743-0530253,3017359252967565312,TTauri*
CoRoT 602091907,3326724643477942784,TTauri*
2MASS J10093502-8105509,5198648652965682816,TTauri*
ESO-HA  379,3326936643063007104,TTauri*
CVSO 283,3226875626033973376,TTauri*
CVSO 1134,3223761396786715136,TTauri*
CVSO 1757,3217715491583990272,TTauri*
ESO-HA  357,3326707326171486464,TTauri*
CVSO 197,3218604343655515904,TTauri*
VPHAS J173325.5-322907.8,4054611481489946496,TTauri*
BD+29   525,122990408610369280,TTauri*
CRTS J051609.4-023757,3214234300330776320,TTauri*
KHA  64,3326701862973055744,TTauri*
V* V2029 Ori,3017138663436006400,TTauri*
Parenago  1943,3017183429877089408,TTauri*
CVSO 679,3221407617269618048,TTauri*
EM* LkHA  141,2163136368555566848,TTauri*
2MASS J20314662+4015425,2067715458093138304,TTauri*
EM* LkHA   59,3326685473377778432,TTauri*
CVSO 1906,3222977921738036224,TTauri*
2MASS J05455631+0007085,3219196190148213504,TTauri*
CVSO 1046,3236100666029286400,TTauri*
CVSO 1025,3220541129092038912,TTauri*
ESO-HA  456,3326709357691869824,TTauri*
Cl* IC  348    LRL      97,216677943284055808,TTauri*
2MASS J05305566+0213052,3223770910139440128,TTauri*
CVSO 970,3220110777665192832,TTauri*
2MASS J05375514-0657406,3016858975164013184,TTauri*
GSC 07387-00040,5974252676413122048,TTauri*
V* LP Lup,5907247273893842432,TTauri*
CVSO 120,3217562728187407872,TTauri*
CVSO 1647,3217785722888996736,TTauri*
CVSO 414,3214218872808309376,TTauri*
Cl* NGC 2264    RMS    3985,3326711758577275776,TTauri*
CVSO 333,3215105594576235392,TTauri*
CVSO 1884,3217424430239976960,TTauri*
2MASS J05335019-0042397,3220681011882134784,TTauri*
2MASS J16212844-2312110,6050271368466947200,TTauri*
V* V1237 Ori,3209635661669185536,TTauri*
2MASS J05071351-0317220,3213015594770689664,TTauri*
CVSO 1213,3223800292010481664,TTauri*
ESO-HA  534,3326636613829163776,TTauri*
GSC 04771-00782,3216442841234188672,TTauri*
ATO J084.8963-02.7916,3216432563376802688,TTauri*
2MASS J05063495-0337158,3212930962438501120,TTauri*
V* MY Lup,5995177933191206016,TTauri*
2MASS J05363381-0619269,3016976485469132288,TTauri*
V* V780 Mon,3326716470157708672,TTauri*
V* V1122 Ori,3017183434175058304,TTauri*
CVSO 1837,3217478134510950784,TTauri*
2MASS J05351214-0531388,3017265279071649280,TTauri*
2MASS J05200825+0324589,3234707172480486912,TTauri*
CVSO 6,3214385311381220224,TTauri*
2MASS J18184864-1349498,4146598067372167296,TTauri*
KHA  94,3326697022542913792,TTauri*
V* LS Lup,6000431502827942272,TTauri*
CVSO 401,3221590548517258752,TTauri*
2MASS J05400668+0103099,3222498019270796672,TTauri*
2MASS J06394874+0917351,3326590949737545344,TTauri*
2MASS J05312239-0156425,3217150342607279616,TTauri*
ESO-HA  508,3326741655844953984,TTauri*
V* PU Mon,3326715881746256512,TTauri*
[WSK97] RX J1511.6-3249B,6207460471351260160,TTauri*
CVSO 742,3221847726862230656,TTauri*
ESO-HA  340,3326705097083902208,TTauri*
UScoCTIO 100,6243676322792317952,TTauri*
CSIMon-008139,3326926025904916864,TTauri*
CVSO 1737,3217763079821623296,TTauri*
CVSO 812,3221900645155440768,TTauri*
2MASS J05390276-0229558,3216491700782188800,TTauri*
IRAS 05251+0310,3235905429699666816,TTauri*
CVSO 1356,3217172951315004416,TTauri*
1RXS J160941.7-221803,6242857942539775232,TTauri*
CVSO 1234,3221034779748567424,TTauri*
CVSO 984,3236075716564528384,TTauri*
CVSO 695,3220366448478288384,TTauri*
CVSO 918,3220090127462448896,TTauri*
2MASS J04253975+3111294,171493616019595520,TTauri*
V* AM Ori,3017362723299586688,TTauri*
V* GP Mon A,3326717393579136640,TTauri*
Haro 5-36,3216497713736341248,TTauri*
Cl* NGC 2264    SBL     103,3326933108307796992,TTauri*
2MASS J07041812-1125280,3046028159660628352,TTauri*
Cl* NGC 2264    RMS    2618,3326709971871338880,TTauri*
2MASS J05353041-0534385,3017253012645048704,TTauri*
CVSO 650,3222280590846412032,TTauri*
CVSO 151,3217382305201141760,TTauri*
HD 109138,5837977594661266688,TTauri*
V* V369 Mon,3326692242245774976,TTauri*
V* V424 Mon,3326739937858048000,TTauri*
EM* LkHA  117,4066048532745842688,TTauri*
UCAC4 444-009941,3220290376016688640,TTauri*
2MASS J07035240-1132546,3046019840302573312,TTauri*
V* V1470 Ori,3017364613086728064,TTauri*
Cl* IC  348    LRL     365,216681100084326656,TTauri*
V* V596 Mon,3326905208200246016,TTauri*
[W96] rJ053820-0237,3216113915458496384,TTauri*
2MASS J05273977-0119013,3220291544247567488,TTauri*
V* CM Cha,5789239989411572608,TTauri*
CVSO 1135,3236115749954308480,TTauri*
V* GQ Mon,3326697159983811712,TTauri*
2MASS J05363739-0510220,3017395365050982656,TTauri*
Cl* NGC 2264    VAS     177,3326735608531961344,TTauri*
Cl* NGC 2264    SBL    2410,3326741239231756416,TTauri*
Cl* NGC 2264    FMS     323,3326684854901873408,TTauri*
2MASS J02515288+6006545,464555757371524608,TTauri*
IPHAS J210404.87+535124.4,2176653317829342848,TTauri*
UCAC2  15760486,6201606774526785792,TTauri*
CVSO 964,3236080806100414464,TTauri*
2MASS J05330238-0545062,3017235042501939968,TTauri*
RX J1448.2-4103,6101897012805827840,TTauri*
V* V1169 Ori,3209598587511657216,TTauri*
RX J1001.1-7913,5201932413160136064,TTauri*
CVSO 1704,3217754455527343616,TTauri*
ESO-HA 1094,3209637203559481728,TTauri*
V* NV Mon,3326702825045732480,TTauri*
2MASS J06411610+0926435,3326685443313411968,TTauri*
V* V1558 Ori,3017248305361036288,TTauri*
2MASS J05435167+0547517,3320823843745688192,TTauri*
Haro 5-79,3217794965658580608,TTauri*
2MASS J05365997-0611454,3016979509126099968,TTauri*
RX J1600.5-2027,6246703484460520448,TTauri*
CVSO 630,3221473102635734656,TTauri*
CVSO 1158,3223766580811115776,TTauri*
ATO J082.0298-01.3972,3220240240862648320,TTauri*
IRAS 16443-1509,4326300632913863808,TTauri*
ESO-HA  383,3326936677422748672,TTauri*
BD-19  4288,6247090512554207744,TTauri*
2MASS J04341099+2251445,145203811962545152,TTauri*
Kiso A-0903 176,3220241585188156032,TTauri*
NAME ZZ Tau IRS,147869573608324992,TTauri*
2MASSI J1802205-225458,4069273503414729600,TTauri*
CVSO 807,3222296675499816704,TTauri*
V* V538 Ori,3209455719717625216,TTauri*
2MASS J04043936+2158186,53092775104124288,TTauri*
CVSO 1114,3235978414080385792,TTauri*
2MASS J05393729-0226567,3216495377274162176,TTauri*
V* V1704 Ori,3209576769077761792,TTauri*
V* OS Mon,3326686371026345216,TTauri*
JW  117,3017269780197376128,TTauri*
CVSO 498,3214360263132055808,TTauri*
ATO J080.5880-00.4869,3221263718685872640,TTauri*
Cl* IC  348    LRL      69,216677565326935808,TTauri*
2MASS J18021755-2259384,4069269650826903424,TTauri*
CVSO 569,3222174870227000448,TTauri*
2MASS J06063868-1544195,2993014072653906432,TTauri*
2MASS J05351355-0648031,3016549046032159232,TTauri*
VSSG  19,6049166805956306944,TTauri*
VPHAS J173443.2-323401.6,4054618864543473408,TTauri*
ESO-HA  404,3326709284676390400,TTauri*
EM* LkHA  329,216714429029421184,TTauri*
ATO J080.5072-04.2088,3210406694196122624,TTauri*
V* V1675 Ori,3209538251811213568,TTauri*
Cl* IC  348    LRL     373,216677767189697024,TTauri*
CVSO 62,3217213908122979712,TTauri*
V* DF Tau,151179966897747840,TTauri*
ROXs 42B,6047587937321868288,TTauri*
Cl* IC  348    LRL     391,216701720221400064,TTauri*
CVSO 491,3221240491502806784,TTauri*
CVSO 1666,3217364197618885760,TTauri*
2MASS J16140211-2301021,6242564166776356864,TTauri*
V* NW Mon,3326702863700390144,TTauri*
Kiso A-0903 229,3217147490749190144,TTauri*
Cl* IC  348    LRL     302,216677805843882496,TTauri*
RX J160421-21307,6243393817024156288,TTauri*
V* V1241 Ori,3017196112918434560,TTauri*
CVSO 726,3222263861949739136,TTauri*
V* V1468 Ori,3017238306677218432,TTauri*
2MASS J05352680-0615344,3017145707182344192,TTauri*
CVSO 981,3221021551249204736,TTauri*
ESO-HA  475,3326636132792833024,TTauri*
V* V1467 Ori,3017163849124195840,TTauri*
2MASS J21381750+5722308,2178390305693509376,TTauri*
RX J1159.7-7601,5224879500011370496,TTauri*
ATO J083.1638-03.8950,3209917823839040384,TTauri*
2MASS J05174123-0359443,3213466016580965632,TTauri*
Cl* IC  348    LRL     145,216701995100897024,TTauri*
2MASS J05343203-0511248,3209525366909254656,TTauri*
CD-77   353,5209257157764085760,TTauri*
CVSO 963,3222005167479897856,TTauri*
2MASS J06413589+0940419,3326698706172362240,TTauri*
2MASS J19000157-3637054,6731268601100885888,TTauri*
CVSO 736,3221383943409892352,TTauri*
V* AX Lep,3181826362604277888,TTauri*
[SS94] V410 X-ray 3,164513022853468160,TTauri*
2MASS J05353455-0438057,3209585599530439168,TTauri*
2MASS J05311029+0338464,3236028162685790848,TTauri*
CVSO 847,3221894838359764480,TTauri*
CVSO 777,3222211119751347584,TTauri*
V* V1426 Ori,3017210166051530880,TTauri*
CVSO 1435,3236437077932040192,TTauri*
CVSO 532,3221686137308640128,TTauri*
2MASS J05473314+2105395,3400100590615386752,TTauri*
V* V1607 Ori,3017199170935143680,TTauri*
2MASS J05340906-0633567,3016755758511439104,TTauri*
CVSO 1167,3223547438696387584,TTauri*
CVSO 1855,3222816774564295552,TTauri*
CVSO 32,3220392596239155072,TTauri*
2MASS J04321310+2956369,159114317681899264,TTauri*
2MASS J11054774-7707059,5201216184414048640,TTauri*
Cl* NGC 2264    SBL     213,3326717260430729984,TTauri*
V* V401 Ori,3017269883276585088,TTauri*
CVSO 1823,3217374333741780736,TTauri*
2MASS J05371012-0517586,3017380968322296064,TTauri*
2MASS J02281782+7238009,546642581075808128,TTauri*
2MASS J05345744-0619331,3017143748677281536,TTauri*
Kiso A-0974  19,3211247202116818944,TTauri*
V* V1751 Ori,3209573775484007040,TTauri*
Kiso A-0904  21,3217623785442402176,TTauri*
2MASS J13254188-7955160,5784483772687631616,TTauri*
CVSO 249,3217563587180862720,TTauri*
RX J1140.3-8321,5197213279191665920,TTauri*
BKLT J162824-240934,6050661420215685376,TTauri*
1RXS J155702.5-195037,6247031035844387584,TTauri*
CVSO 319,3214708224202062592,TTauri*
CVSO 1058,3236088640120857472,TTauri*
Kiso A-0903 116,3221839690979821312,TTauri*
CVSO 1660,3222851413475378304,TTauri*
2MASS J05351560-0509318,3209528528005247488,TTauri*
Cl* NGC 2264    VAS       5,3326895724912475648,TTauri*
V* V1093 Sco,5997083696085617280,TTauri*
BKLT J162716-244710,6049067987348832000,TTauri*
CVSO 379,3215182418655203840,TTauri*
Cl* NGC 2264    SBL    1827,3326714202414032256,TTauri*
CVSO 67,3220267698589295744,TTauri*
2MASS J16082279-3900591,5997086616663379200,TTauri*
Kiso A-0904 106,3216553926268117632,TTauri*
V* V1718 Ori,3209575703925861888,TTauri*
IRAS F04366+2555,148400229703257856,TTauri*
VPHAS J173039.0-322653.2,4054810974128322944,TTauri*
2MASS J05351011+0159290,3223602135103086848,TTauri*
2MASS J05302055-0203254,3217188962953290752,TTauri*
CVSO 682,3222110411357812736,TTauri*
CVSO 881,3220102771846026368,TTauri*
2MASS J13162052-6444550,5858863539676394880,TTauri*
CVSO 772,3210528121512817792,TTauri*
NGC  2264    84,3326691009590655616,TTauri*
SPICY 56455,4054896048854313600,TTauri*
2MASS J05350093-0448188,3209576013163504896,TTauri*
V* V1769 Ori,3215593674660575360,TTauri*
2MASS J04104175+3808101,226028293248506752,TTauri*
V* XX Ori,3017163539886560768,TTauri*
CVSO 1714,3222828804767536768,TTauri*
DoAr 22,6050886476503928960,TTauri*
Cl* NGC 2264    SBL     368,3326692521419494528,TTauri*
Cl* NGC 2264    SBL    2105,3326928705964373376,TTauri*
Cl* NGC 2264    SBL     119,3326930153370297088,TTauri*
CVSO 232,3222292380532516864,TTauri*
2MASS J05353534-0511114,3209527772090999040,TTauri*
CVSO 1174,3223743181830433536,TTauri*
CVSO 1563,3217542902618559232,TTauri*
2MASS J21391088+5735181,2178400063859655168,TTauri*
V* V1020 Ori,3017275483925567872,TTauri*
CRTS J052400.7-021241,3214130774439447552,TTauri*
EM* StHA   39,3209947510652152832,TTauri*
2MASS J05350783-0434522,3209628068167078656,TTauri*
CVSO 76,3217190234263599104,TTauri*
2MASS J17342808-3237147,4054617116502160512,TTauri*
CVSO 1559,3217355023568777600,TTauri*
V* V1115 Tau,148037764527442944,TTauri*
Cl* NGC 2264    FMS       9,3326702691901702656,TTauri*
V* SY Ori,3209638204289855360,TTauri*
CVSO 781,3222316393693350656,TTauri*
CVSO 364,3233648755100207232,TTauri*
2MASS J19010971-3647528,6731212354209151360,TTauri*
Haro 4-364,3017145913340772224,TTauri*
2MASS J05355644-0436506,3209585393371979392,TTauri*
Cl* IC  348    LRL     363,216675430727449088,TTauri*
IRAS 05022+2527,3419989896965813376,TTauri*
2MASS J05275157+0035333,3221812267613067904,TTauri*
2MASS J05321099-0147398,3217176696526785280,TTauri*
2MASS J05353117+0205055,3223604578941383168,TTauri*
Cl* IC  348    LRL     277,216678527399593728,TTauri*
[WMR2005] 4-54,6050679390358863488,TTauri*
CD-23 12815,6050318269513902976,TTauri*
CVSO 573,3221670018296038016,TTauri*
V* KX Mon,3326688501329766272,TTauri*
Cl* NGC 2264    FMS     466,3326693341757425408,TTauri*
CVSO 204,3222276300175040640,TTauri*
Cl* IC  348    LRL     224,216701788942464768,TTauri*
2MASS J05283439+0126537,3222029008843059328,TTauri*
Cl* Trumpler   14      Y     219,5350356522913136384,TTauri*
2MASS J05352980-0607395,3017171270827675264,TTauri*
EM* LkHA  330,216711237870475904,TTauri*
2MASS J05343903-0455288,3209549934122125568,TTauri*
CVSO 163,3217737000780128256,TTauri*
CVSO 271,3227762893260855808,TTauri*
CVSO 2,3215486712794714368,TTauri*
Kiso A-0975  46,3214326934185808256,TTauri*
2MASS J05342123-0535347,3017266619101473408,TTauri*
2MASS J05345847-0610336,3017159141840049536,TTauri*
WRAY 15-934,6052943383583066880,TTauri*
EM* LkHA   36,3326716195278846976,TTauri*
2MASS J20505317+4423535,2163140457362989952,TTauri*
CSIMon-001428,3326710835157677056,TTauri*
2MASS J05352695-0627129,3016945458625349888,TTauri*
Haro 5-18,3216486821699351296,TTauri*
2MASS J05282205-0157371,3217109351439525888,TTauri*
CVSO 1313,3223780638240275200,TTauri*
[SHB2004] Trumpler 37 24-1736,2178493694142264192,TTauri*
CVSO 16,3220376275363496704,TTauri*
ESO-HA  519,3326685645176473856,TTauri*
Cl* NGC 2264    SBL     382,3326698293855514240,TTauri*
CVSO 2020,3236082073116285568,TTauri*
CVSO 358,3215497673551186432,TTauri*
Brun 248,3209549831042934528,TTauri*
CVSO 1399,3217161303363973760,TTauri*
Haro 5-30,3216497267059750912,TTauri*
2MASS J05304939+0346208,3236042903013651072,TTauri*
CVSO 581,3221669747713619968,TTauri*
ESO-HA  398,3326715847386516864,TTauri*
CVSO 1427,3217562728187406592,TTauri*
CSIMon-006902,3326596687813775488,TTauri*
V* V2143 Ori,3017363410495902720,TTauri*
V* MW Ori,3209572852067565568,TTauri*
CVSO 1554,3217597637681707648,TTauri*
ESO-HA  440,3326715538148501632,TTauri*
2MASS J05351493-0549348,3017238787713534464,TTauri*
CVSO 956,3235906494852614656,TTauri*
CVSO 1521,3220805531573820800,TTauri*
CVSO 354,3234505377737142144,TTauri*
V* KY Mon,3326702657541965952,TTauri*
V* V1902 Ori,3209543921167969664,TTauri*
CVSO 880,3211061590809824128,TTauri*
ATO J080.7012-02.1889,3214145407392230528,TTauri*
Cl* IC  348    LRL      50,216701033028221312,TTauri*
V* V2079 Ori,3209548246196343040,TTauri*
ESO-HA 1338,3017169862078404480,TTauri*
2MASS J20304301+4050332,2067789292875889152,TTauri*
VPHAS J173437.2-323652.1,4054617043467427200,TTauri*
2MASS J06322079+0452581,3131331703420192768,TTauri*
Cl* NGC 2264    SBL     295,3326740796851503360,TTauri*
2MASS J05455619+0033103,3219228866259284736,TTauri*
Cl* IC  348    LRL     201,216702304338533120,TTauri*
CVSO 689,3210840245375390464,TTauri*
Cl* NGC 2264    FMS     206,3326691043950390528,TTauri*
CVSO 1464,3222731188750830464,TTauri*
CVSO 240,3217176971404406912,TTauri*
2MASS J20320782+4016363,2064713310312100736,TTauri*
2MASS J05362789-0458067,3209556015795917184,TTauri*
Cl* NGC 2264    FMS     278,3326689600841758336,TTauri*
CVSO 474,3221309210979323264,TTauri*
Cl* IC  348    LRL     184,216677359168494080,TTauri*
CSIMon-005326,3326641875165110144,TTauri*
V* V1850 Ori,3213624651197390336,TTauri*
CVSO 218,3222265648656113152,TTauri*
Parenago  1392,3209523202245753216,TTauri*
IRAS 16245-2423,6049145880875631744,TTauri*
NGC  2264   214,3326698289559319936,TTauri*
V* UZ Ori,3209390230056434816,TTauri*
[RHS2000] 1-1106,3017188004020384000,TTauri*
V* V1098 Sco,6245582772869338368,TTauri*
2MASS J06395232+0919094,3326591091471763584,TTauri*
V* V1975 Ori,3017269951996083456,TTauri*
Cl* NGC 2264    SBL    2163,3326740934290462976,TTauri*
NGC  2264   111,3326708911014334976,TTauri*
CVSO 224,3222264755302908672,TTauri*
2MASS J05362501-0523321,3017355061079587584,TTauri*
CVSO 564,3214348134144400000,TTauri*
Kiso A-0974  21,3214524674480024960,TTauri*
V* V1460 Ori,3017266034986671360,TTauri*
ESO-HA  514,3326697464926060032,TTauri*
VPHAS J173427.2-323404.8,4054618074261212416,TTauri*
ESO-HA  368,3326905002041819008,TTauri*
Cl* NGC 2264    VAS     205,3326722276952860672,TTauri*
2MASS J05275803+0155390,3222249048607361408,TTauri*
Haro 4-368,3017139625508667264,TTauri*
ESO-HA  457,3326686577184782592,TTauri*
V* NX Mon,3326691009590655104,TTauri*
EM* SR   24A,6049069808414965888,TTauri*
2MASS J05462900+0029071,3219599092440314496,TTauri*
2MASS J03453061+3201557,216649390341542400,TTauri*
CSIMon-006985,3326927846971131904,TTauri*
Cl* NGC 2264    RMS    1343,3326903795155357184,TTauri*
2MASS J05471716+0018246,3219205913954138880,TTauri*
2MASS J05313843+0255249,3223908215949591808,TTauri*
2MASS J05325428+0439113,3236616504486413440,TTauri*
CD-34 10180,6200792375707775488,TTauri*
Cl* NGC 2264    SBL      45,3326703619614643328,TTauri*
2MASS J15510363-3615025,6011288183714670336,TTauri*
CVSO 59,3220217082399966208,TTauri*
[FHM2008] F31-ap211,3016945974021475200,TTauri*
V* V952 Per,166360335530336512,TTauri*
CVSO 2068,3220651668665697408,TTauri*
CVSO 24,3222279426911243776,TTauri*
[WMR2005] 4-18,6049365370884635904,TTauri*
CVSO 1645,3220817626201685760,TTauri*
CVSO 869,3222317497501220736,TTauri*
2MASS J05351637-0641134,3016937104913734784,TTauri*
CVSO 644,3221859138591529344,TTauri*
CVSO 1285,3217222321969492096,TTauri*
2MASS J05520562+2001453,3399040558326754944,TTauri*
2MASS J05392382+1842230,3397863599847597952,TTauri*
V* V1348 Tau,3406967556126256128,TTauri*
EM* SR    5,6049381588681160320,TTauri*
ESO-HA  470,3326931248584816000,TTauri*
2MASS J15370600-3409279,6014195670407371776,TTauri*
[MR81] HA 17,6719057081363106048,TTauri*
HD  35984,3445905008076629120,TTauri*
ESO-HA  491,3326713034182914816,TTauri*
HD  82879,5203021002689344000,TTauri*
2MASS J18021082-2255323,4069273572141255808,TTauri*
CVSO 839,3220629227460696192,TTauri*
2MASS J05362287-0418484,3215644423994114816,TTauri*
2MASS J05384500+0252105,3224056512580067968,TTauri*
Haro 4-292,3017202538189477760,TTauri*
V* V1492 Ori,3017367190065573760,TTauri*
V* V1414 Ori,3017260022031719040,TTauri*
V* V1979 Ori,3209424933392311040,TTauri*
2MASSW J1802305-225929,4069269242814125056,TTauri*
2MASS J21380058+5728253,2178394669380222592,TTauri*
V* V853 Ori,3017382407121669504,TTauri*
V* V751 Ori,3017212261995558912,TTauri*
CVSO 503,3221416134188591616,TTauri*
2MASS J15391233-4455300,5989002285624198656,TTauri*
ESO-HA  463,3326697503581189248,TTauri*
2MASS J05271782-0142022,3220139708564712576,TTauri*
Haro 6-74,3336345374518372992,TTauri*
UCAC2  30800213,3216439023007610624,TTauri*
2MASS J05295740-0301223,3216786541698046208,TTauri*
V* V490 Ori,3017367701155797504,TTauri*
CVSO 1404,3217188305821318144,TTauri*
CVSO 652,3222167070566339712,TTauri*
V* BS Ori,3209603947631745152,TTauri*
HD 286179,3392859619350454272,TTauri*
2MASS J16083266-3934097,5997006829032188800,TTauri*
2MASS J15355780-2324046,6239395095087639808,TTauri*
CVSO 168,3217724803072991232,TTauri*
CVSO 1798,3217495417459206784,TTauri*
2MASS J05343360-0611194,3017158214127128320,TTauri*
Cl* NGC 2264    SBL     418,3326691726849643136,TTauri*
V* V735 Ori,3209537976933242240,TTauri*
RX J0842.4-8345,5193473840145068800,TTauri*
2MASS J21372894+5736042,2178443941247336192,TTauri*
V* V1691 Ori,3209624460394602240,TTauri*
CVSO 57,3220947918330104064,TTauri*
2MASS J07322662-2155358,5619194979957876736,TTauri*
V* V2534 Ori,3209578865021733760,TTauri*
NGC  2264   169,3326711487994693504,TTauri*
VPHAS J173449.6-323250.9,4054619075007249664,TTauri*
CVSO 1585,3217353614819504640,TTauri*
Cl* NGC 2264    RMS    1847,3326905959818985216,TTauri*
Cl* NGC 2264    RMS    3548,3326710968303261696,TTauri*
2MASS J18021245-2258561,4069269826929729152,TTauri*
Cl* NGC 2264    SBL     300,3326740040937260160,TTauri*
ATO J082.3753+03.3342,3235992153679210240,TTauri*
Cl* NGC 2264     DS     449,3326740139720522880,TTauri*
CVSO 1971,3316171122853700480,TTauri*
CVSO 1992,3026305910351141248,TTauri*
V* V1361 Tau,3417163018212555648,TTauri*
CVSO 1682,3217333445653255296,TTauri*
CVSO 1785,3222805023533574912,TTauri*
ESO-HA 1477,3016976622908088064,TTauri*
CVSO 43,3222225546546615680,TTauri*
2MASS J23460578+6323130,2016259069832459904,TTauri*
V* V990 Ori,3016948276123938560,TTauri*
CVSO 336,3215033404766068608,TTauri*
2MASS J04201179+3042143,166131847568904448,TTauri*
Cl* IC  348    LRL     101,216705705952959360,TTauri*
[FLG2003] eps Cha 20,5224187838477368704,TTauri*
BKLT J162547-243738,6049117121774649472,TTauri*
2MASS J06410040+0941153,3326709770007781504,TTauri*
CVSO 452,3234178650984538880,TTauri*
CVSO 1279,3236719484917736576,TTauri*
2MASS J05385013-1320496,3008622739719170944,TTauri*
2MASS J04220496+1934483,48193213849576320,TTauri*
2MASS J05324674-0145072,3217175219057684736,TTauri*
CVSO 1688,3217343405680487680,TTauri*
2MASS J05353270-0630181,3016944221674822016,TTauri*
CVSO 1006,3236106782062606848,TTauri*
Cl* NGC 2264    SBL     524,3326719734332183424,TTauri*
IRAS 21440+5648,2178206584166883584,TTauri*
2MASS J07035338-1134504,3046019531067048320,TTauri*
2MASS J06411206+0914489,3326634144224067968,TTauri*
2MASS J05341043-0425588,3209648718369726720,TTauri*
EM* LkHA  333,3213014976295413888,TTauri*
V* V1267 Cen,6087056870007363840,TTauri*
2MASS J05325352-0606011,3017206798797044352,TTauri*
2MASS J05351057-0533136,3017265038553486080,TTauri*
CVSO 101,3217152094953866752,TTauri*
Cl* NGC 2264    RMS    2039,3326700557302979712,TTauri*
2MASS J22392717+7510284,2279554721283008640,TTauri*
Haro 4-147,3017257582490287616,TTauri*
CVSO 402,3215164693326864768,TTauri*
2MASS J05362442-0506030,3017399041542985088,TTauri*
CSIMon-001794,3326751757605850112,TTauri*
CVSO 1449,3223912094303770368,TTauri*
ESO-HA  484,3326686298011332608,TTauri*
2MASS J04554535+3019389,156901138214266112,TTauri*
Cl* NGC 2264    RMS    3282,3326709834431901184,TTauri*
2MASS J07041839-1125239,3046028159660627968,TTauri*
Cl* NGC 2264    RMS    1912,3326687878559500288,TTauri*
2MASS J15180123-4444269,6000349589207590016,TTauri*
Cl* IC  348    LRL     177,216701376625602304,TTauri*
2MASS J05303234-0039148,3220715337260674432,TTauri*
V* V1321 Tau,3313476524795016448,TTauri*
Brun 743,3209559176891717504,TTauri*
[CCE98] 1-74,5201351806599748992,TTauri*
CVSO 464,3214423656849179520,TTauri*
CVSO 2064,3216759053907416960,TTauri*
CVSO 1144,3223872069503741568,TTauri*
V* V2484 Ori,3017362345343294464,TTauri*
ESO-HA  955,3017256379899442176,TTauri*
2MASS J05361557-0600505,3017179757683013888,TTauri*
CVSO 1233,3236032148416943104,TTauri*
V* V784 Ori,3017236618752546688,TTauri*
CVSO 1444,3221108236574079488,TTauri*
CVSO 1296,3223579599411346432,TTauri*
UCAC4 432-009125,3213512196069303296,TTauri*
V* V2076 Ori,3209575978803775488,TTauri*
[HJS91] 4872B,152009033025476352,TTauri*
2MASS J05335672-0521339,3209428335006193792,TTauri*
2MASS J05464017+0005018,3219149598342974208,TTauri*
2MASS J05231805-0216160,3214129571848636288,TTauri*
2MASS J05335945-0621182,3017148765199112832,TTauri*
[PGZ2001] J160900.7-190852,6245777283349430912,TTauri*
Cl* NGC 2264    FMS     392,3326695785594644224,TTauri*
V* V1442 Ori,3017236038934497536,TTauri*
V* V338 Mon,3326690111942515328,TTauri*
CVSO 1964,3319196390441097984,TTauri*
V* V1433 Ori,3209539179524062720,TTauri*
V* OT Ori,3017372309666556160,TTauri*
2MASS J16185035-2610090,6048468031960486144,TTauri*
EM* LkHA  309,3219144581821168384,TTauri*
2MASS J05331617-0540097,3209412873124153344,TTauri*
2MASS J21413235+5732245,2178478094821139712,TTauri*
2MASS J05232110-0409212,3210785338513555200,TTauri*
2MASS J21404450+5731314,2178477167108169088,TTauri*
V* BC Ori,3017351693825227904,TTauri*
2MASS J02521602+6002361,464550225450249472,TTauri*
V* LV Lup,6007612619414804480,TTauri*
2MASS J05360721-0417001,3215647516370573696,TTauri*
2MASS J05462588+0009319,3219197289659825664,TTauri*
NGC  2264   108,3326712411411788032,TTauri*
Cl* NGC 2264    SBL     243,3326712514491522688,TTauri*
1RXS J050915.7+034339,3238656240291185920,TTauri*
VPHAS J173055.8-323515.4,4054712602193698432,TTauri*
2MASS J05372198-0129140,3217385084043403264,TTauri*
CVSO 1594,3222420297542429184,TTauri*
2MASS J05350160-0554187,3017236550033740672,TTauri*
CD-30 12396,6208853552587355392,TTauri*
ESO-HA  407,3326717535308637184,TTauri*
Cl* NGC 2264     DS      12,3326905689235306624,TTauri*
2MASS J05302927+0330315,3236019748845572224,TTauri*
V* V1886 Ori,3016322649711485312,TTauri*
2MASS J05414512+0944409,3336388118032655744,TTauri*
Kiso A-0903 100,3220371739878001664,TTauri*
SPICY 56668,4054904771914674688,TTauri*
2MASS J20505504+4424257,2163140556144768896,TTauri*
CVSO 565,3234198923230229376,TTauri*
CD-31 12102A,6208381582919629568,TTauri*
StKM 1-497,3205094369407459456,TTauri*
ATO J083.0415-02.5425,3216831449875910272,TTauri*
2MASS J04334465+2615005,151129011404806912,TTauri*
Cl* NGC 2264    RMS    3590,3326697636724754688,TTauri*
[SHB2004] Trumpler 37 23-570,2178480500006384512,TTauri*
2MASS J05313390-0405143,3209909886739587712,TTauri*
RX J1620.7-2348,6050087677009711744,TTauri*
Cl* NGC 2264    SBL     139,3326709971871404672,TTauri*
2MASS J05310638-0322316,3216714111369806080,TTauri*
TYC 6138-383-1,6297434504282749824,TTauri*
CVSO 1697,3223641511363493120,TTauri*
V* VZ Ori,3209416098642552576,TTauri*
V* V1471 Ori,3017249404872550016,TTauri*
CVSO 1815,3217311936457819008,TTauri*
2MASS J05203051+0233023,3234575089349497472,TTauri*
Cl* NGC 2264    LBM    5845,3326696846451512448,TTauri*
SZ 115,5997034252420531712,TTauri*
CHXR  8,5201222266087740416,TTauri*
2MASS J05160822-0228595,3214239419931773056,TTauri*
2MASS J05354076-0511118,3017374195144451200,TTauri*
2MASS J05364835-0435458,3215587829207808640,TTauri*
1RXS J051111.1+281353,3422476266419055232,TTauri*
Cl* NGC 2264    FMS     441,3326692727577925760,TTauri*
2MASS J05573339+1934110,3398777392794396288,TTauri*
2MASS J05353361-0528506,3017359527845288832,TTauri*
CVSO 1032,3223857187441712384,TTauri*
V* AO Ori,3209529936754510208,TTauri*
UCAC4 434-010624,3215980462236023936,TTauri*
Cl* NGC 2264    SBL     392,3326743614350027008,TTauri*
CVSO 1775,3222780868637762944,TTauri*
Cl* NGC 2264    SBL    2446,3326740418894376704,TTauri*
2MASS J05340469-0451310,3209598415712981760,TTauri*
2MASS J05353976-0440242,3209584671817511040,TTauri*
CVSO 125,3217621139742578560,TTauri*
CVSO 1118,3220946509580986880,TTauri*
2MASS J05455360+0022420,3219221788153183616,TTauri*
2MASS J05300573-0219551,3217034619008741248,TTauri*
VPHAS J173136.6-322558.5,4054808495929072128,TTauri*
Cl* NGC 2264    FMS      89,3326687333099053056,TTauri*
CVSO 1153,3217097806567424000,TTauri*
Cl* IC  348    LRL     150,216700586351944704,TTauri*
2MASS J06410122+0913400,3326540234763050496,TTauri*
Cl* NGC 2264    RMS    4358,3326738456092878336,TTauri*
2MASS J20504353+4415518,2067059736848665472,TTauri*
V* V808 Mon,3326686302306876288,TTauri*
2MASS J05345827-0525332,3017363651014073600,TTauri*
2MASS J05260772-0419101,3210535371417568128,TTauri*
2MASS J02292109+7258120,546654576919417728,TTauri*
Wolf 1260,71155723922105344,TTauri*
2MASS J17345318-3233267,4054619040647492864,TTauri*
CVSO 466,3214442726503844992,TTauri*
2MASS J07040390-1123480,3046032076670456064,TTauri*
Cl* IC  348    LRL     223,216705156196822016,TTauri*
CD-75   392,5216440061069982592,TTauri*
EM* LkHA  334,3315801583867579392,TTauri*
2MASS J05353949-0440194,3209584671817510912,TTauri*
Cl* IC  348    LRL     286,216701166170801664,TTauri*
V* V1484 Ori,3017363410495899520,TTauri*
V* V1449 Ori,3017364750525703808,TTauri*
ESO-HA 1487,3016949474419191296,TTauri*
Cl* NGC 2264    RMS    3718,3326686469810195456,TTauri*
V* V1316 Ori,3017266138065115136,TTauri*
V* V1017 Ori,3017366017528606720,TTauri*
CVSO 1975,3218460376351485056,TTauri*
2MASS J16223757-2345508,6049422476769797120,TTauri*
CVSO 423,3215203073155076736,TTauri*
CVSO 231,3222186827416488832,TTauri*
V* V790 Ori,3017160756747739392,TTauri*
Kiso A-0903  80,3221444107311671936,TTauri*
ESO-HA  433,3326928809043598080,TTauri*
2MASSI J1802102-230403,4069267073845671424,TTauri*
2MASS J04542368+1709534,3405690061051973760,TTauri*
HD  31950,3392806018157943040,TTauri*
CVSO 829,3214069992062393216,TTauri*
2MASS J05470868+0000140,3219144410022477056,TTauri*
ATO J079.0806-01.9933,3215044296803206784,TTauri*
Cl* IC  348    LRL     353,216678523104067200,TTauri*
Haro 4-15,3209641674623535360,TTauri*
2MASS J04152409+2910434,164800820022316800,TTauri*
2MASS J05352535-0433489,3209633290847279744,TTauri*
CVSO 794,3222089864234428032,TTauri*
V* CG Ori,3016951849536684800,TTauri*
Cl* NGC 2264    FMS     139,3326687779775638528,TTauri*
ESO-HA 1147,3017146806693974272,TTauri*
V* V2012 Ori,3017269264801309568,TTauri*
CVSO 2-1,3215486712794713728,TTauri*
CVSO 469,3234205069327652736,TTauri*
2MASS J05080399-0340517,3212938147920570752,TTauri*
ESO-HA  362,3326703718399013632,TTauri*
2MASS J07040330-1133586,3045837772351358336,TTauri*
V* V409 Ori,3017251569536056448,TTauri*
CVSO 1039,3220234026045743360,TTauri*
BKLT J162620-240854,6049357433785068672,TTauri*
CVSO 1203,3236031568595586432,TTauri*
RX J1511.0-3251,6201456107071825536,TTauri*
CD-25 11492,6048976762246802944,TTauri*
CVSO 116,3217619353036200576,TTauri*
V* YZ Ori,3209533166569829504,TTauri*
CVSO 1668,3223662440740546176,TTauri*
Cl* NGC 2264    LBM    6337,3326696124896556416,TTauri*
CVSO 1339,3223509501249118464,TTauri*
V* V1340 Ori,3017360249399928832,TTauri*
2MASS J05384993-0241228,3216109581836398720,TTauri*
2MASS J05341474-0619181,3017150345747065088,TTauri*
EM* StHA   37,3209947132696346752,TTauri*
2MASS J12174750-5943590,6059122810733714432,TTauri*
Kiso A-0903 191,3217094881693517312,TTauri*
CVSO 1214,3223745316429153920,TTauri*
V* PX Mon,3326685340234195200,TTauri*
CVSO 77,3223530052668754432,TTauri*
RX J1231.9-7848,5787649923798412800,TTauri*
2MASS J16225336-2333101,6050200415607492864,TTauri*
Haro 4-14,3209641708983267328,TTauri*
Cl* NGC 2264    FMS     425,3326685649471836928,TTauri*
CVSO 694,3221865529502854912,TTauri*
Cl* NGC 2264     DS       9,3326687878559510016,TTauri*
CVSO 690,3220599201345073792,TTauri*
2MASS J05362930-0443599,3209568866338114944,TTauri*
CVSO 713,3221861268896007808,TTauri*
ESO-HA  501,3326692620202864000,TTauri*
CD-42  9889,5908591151974504576,TTauri*
ESO-HA  531,3326691658130177024,TTauri*
Cl* NGC 2264    RMS    1932,3326592770803130368,TTauri*
V* V652 Per,166295842301421952,TTauri*
V* QZ Mon,3326904585429359232,TTauri*
2MASS J16303563-2434188,6047584810585556480,TTauri*
Cl* NGC 2264    SBL    1040,3326735535516232576,TTauri*
EM* LkHA  197,423006316765114496,TTauri*
CVSO 1057,3235997960475212288,TTauri*
DETWC Tr 16 J104452.2-594155,5350358206540086272,TTauri*
V* V2454 Ori,3017367258785043840,TTauri*
2MASS J05353554-0506585,3209529764955821056,TTauri*
[GY92] 295,6049095612578393856,TTauri*
CVSO 1141,3220248079178701056,TTauri*
HD 137876,6210254704058526592,TTauri*
2MASS J02303247+7259177,546677529224831232,TTauri*
CVSO 93,3217244522649972352,TTauri*
Cl* NGC 2264    RMS    4570,3326738696611107840,TTauri*
2MASS J05322526-0119123,3217253456181853568,TTauri*
Cl* IC  348    LRL     292,216679382096866944,TTauri*
2MASS J04135696+2122570,52410734295147136,TTauri*
EM* LkHA  358,3314312226648610560,TTauri*
HD 237475,998488675510943360,TTauri*
2MASS J05370530-0443061,3209566736034271744,TTauri*
2MASS J05383276-0204506,3217271632484073344,TTauri*
2MASS J16361687-2420345,6047641371014685952,TTauri*
CSIMon-007402,3326732718016677760,TTauri*
CVSO 622,3222047361238173184,TTauri*
2MASS J20315907+4016479,2067715350715219456,TTauri*
CVSO 854,3222293991145154432,TTauri*
ESO-HA  426,3326710663360978944,TTauri*
CVSO 2058,3216992287811143552,TTauri*
CVSO 447,3208436919115722240,TTauri*
2MASS J18021730-2256143,4069273297256277120,TTauri*
2MASS J05344897-0607449,3017160275711413888,TTauri*
2MASS J05341549-0423341,3209648954590170112,TTauri*
2MASS J05454167-0004024,3219123038265248128,TTauri*
2MASS J05333702-0433382,3209619546951862784,TTauri*
2MASS J05275601-0158300,3220111430500213632,TTauri*
CVSO 764,3210529152304968192,TTauri*
2MASS J05301615-0133021,3217223185252315392,TTauri*
HD 282598,160512445499662464,TTauri*
Cl* NGC 2264    SBL    1804,3326716534581491840,TTauri*
2MASS J21381509+5721554,2178390305693267456,TTauri*
Cl* NGC 2264    SBL    2423,3326740483318575616,TTauri*
Cl* IC  348    LRL     366,216678389960645504,TTauri*
CD-39 10162,6007977176247794816,TTauri*
CVSO 483,3221216302247017728,TTauri*
2MASS J05355407-0447424,3209574054658371200,TTauri*
CSIMon-000959,3326541574792849280,TTauri*
CVSO 507,3221255403629223296,TTauri*
CVSO 1274,3223548744366385152,TTauri*
CVSO 899,3236072903360608128,TTauri*
2MASS J20510854+4424331,2163141793095097344,TTauri*
2MASS J04225744+2310466,148801414010484480,TTauri*
V* V2161 Ori,3209575807005070848,TTauri*
ESO-HA  401,3326709185892608384,TTauri*
V* V1138 Ori,3215993514638729344,TTauri*
ATO J081.9657+05.1374,3237560954910694016,TTauri*
Cl* NGC 2264    LBM    1476,3326708631841554944,TTauri*
CVSO 670,3220367307471867136,TTauri*
RX J1548.9-3513,6011673626954684160,TTauri*
Kiso A-0903 246,3222711912937506816,TTauri*
2MASS J05401834-0212446,3216526816434712320,TTauri*
V* V564 Ori,3017147562608206976,TTauri*
ATO J081.8759+03.8394,3236082038755952256,TTauri*
Cl* NGC 2264    FMS     408,3326685507737518464,TTauri*
2MASS J18024731-2257298,4069275255768317696,TTauri*
CVSO 1501,3217622789009986944,TTauri*
ESO-HA  464,3326711350555744000,TTauri*
Cl* NGC 2264    LBM    5361,3326740929995534464,TTauri*
NAME WL 20E,6049073072590136832,TTauri*
2MASS J06400665+0920333,3326592667724531200,TTauri*
2MASS J05360565-0552130,3017193604657563392,TTauri*
CVSO 965,3221805601823765120,TTauri*
2MASS J10533978-7712338,5201384581492347904,TTauri*
CVSO 95,3217245416003158784,TTauri*
Cl* IC  348    LRL    1940,216630045808768640,TTauri*
2MASS J04162708+2807313,164665923689219456,TTauri*
2MASS J10175369-7431172,5204989055487245824,TTauri*
ESO-HA  458,3326932111875370368,TTauri*
CSIMon-006398,3326799929963283968,TTauri*
ATO J083.4071-04.5636,3209619546951862912,TTauri*
CVSO 1540,3217574234403744000,TTauri*
2MASS J05343911-0617117,3017150792423649280,TTauri*
V* V390 Ori,3209555534759586432,TTauri*
UCAC4 466-012402,3223367290587084416,TTauri*
2MASS J21371054+5731124,2178441432986447744,TTauri*
2MASS J05064662+2104296,3408923003195121024,TTauri*
V* V2005 Ori,3017270467392148736,TTauri*
CVSO 894,3220512683524010624,TTauri*
JW  173,3017264798035326336,TTauri*
CVSO 879,3220131427867804160,TTauri*
V* IQ Ori,3209549654948689280,TTauri*
2MASS J05350960-0433110,3209634184200496768,TTauri*
V* V1353 Tau,3405307396646220416,TTauri*
ATO J084.8701-02.2976,3216501871264551040,TTauri*
2MASS J23101857+1447203,2815747234607015936,TTauri*
CVSO 903,3236066886111533568,TTauri*
V* V1211 Ori,3209856697864721664,TTauri*
ATO J083.0977-03.3521,3216706346068870016,TTauri*
ISO-Oph 208,6047514411778430976,TTauri*
2MASS J20511771+4418298,2163136162397141504,TTauri*
2MASS J19020012-3702220,6731194379766533632,TTauri*
CVSO 692,3220394932701380480,TTauri*
CVSO 2079,3220679122096536448,TTauri*
SZ  84,6010216537834709760,TTauri*
V* V1326 Tau,3309969804256882688,TTauri*
2MASS J05345812-0437187,3209627518411278592,TTauri*
2MASS J05470397+0011143,3219156397275981824,TTauri*
CVSO 1938,3223350454315461504,TTauri*
CVSO 1572,3223621724450685184,TTauri*
V* V1094 Sco,5997022192152593664,TTauri*
2MASS J05340793-0612340,3017155327909118336,TTauri*
Cl* NGC 2264    SBL    2253,3326741174808624256,TTauri*
2MASS J05454194-0012053,3219116544274710912,TTauri*
[WMR2005] 2-14,6049376159842503680,TTauri*
CD-39 10292,5997706878653873024,TTauri*
2MASS J15545286-3827566,6008573798747518848,TTauri*
2MASS J03303821+3032118,120750054886148736,TTauri*
CVSO 971,3222226581634233216,TTauri*
V* V2129 Ori,3209520625265431424,TTauri*
CVSO 2036,3217636120588365312,TTauri*
2MASS J05360027-0623473,3016952433652283648,TTauri*
CVSO 13,3220484955215723776,TTauri*
2MASS J05233997-0359193,3210789255523708160,TTauri*
2MASS J05334833-0522393,3209427029336144128,TTauri*
BKLT J162714-245132,6049065307289238528,TTauri*
2MASS J05314485-0119271,3217255586485526656,TTauri*
EM* LkHA   33,3326710663360978816,TTauri*
2MASS J05354684-0605075,3017171717504263296,TTauri*
2MASS J05360886-0407200,3215667341939581184,TTauri*
HD 279935,178358107630430336,TTauri*
V* V544 Ori,3209848692045674880,TTauri*
Brun 773,3017347291470793216,TTauri*
VSS   XI-2,3314328822401984768,TTauri*
RX J0512.0+1020,3386993381217933184,TTauri*
Cl* NGC 2264    SBL    2292,3326929461878418304,TTauri*
V* V1007 Ori,3209637895052204800,TTauri*
EM* LkHA  296,3219220723001387520,TTauri*
[BHS98] MHO  1,163181308112262400,TTauri*
2MASS J05272646-0145594,3220129744240754304,TTauri*
Cl* NGC 2264    SBL     365,3326735436732324224,TTauri*
2MASS J05335031-0621308,3017149177515977344,TTauri*
Cl* NGC 2264    SBL    2432,3326740590693067520,TTauri*
2MASS J05371161-0232087,3216129583499218176,TTauri*
[RHS2000] 1-1098,3017184636765897728,TTauri*
2MASS J04315844+2543299,151037064744973696,TTauri*
2MASS J05354859-0605257,3017171717504984704,TTauri*
V* V1473 Ori,3017266344223542912,TTauri*
2MASS J05340985-0623220,3017148421601728640,TTauri*
V* V339 Mon C,3326717294790476544,TTauri*
Cl* NGC 2264    RMS    4311,3326736016551383168,TTauri*
CVSO 1100,3221057903852349824,TTauri*
2MASS J05271421-0208189,3220085007861443328,TTauri*
2MASS J16184960-2632533,6048440303651491456,TTauri*
2MASS J05331934-0614255,3017200854562482176,TTauri*
[W96] rJ053907-0228,3216492113099040896,TTauri*
V* UZ Tau B,151045654678970752,TTauri*
2MASS J05281758-0322510,3210767952486151168,TTauri*
2MASS J05330331-0619150,3016824782928955392,TTauri*
Cl* NGC 2264    LBM    5737,3326697606658409472,TTauri*
Cl* NGC 2264    FMS     437,3326691524987094912,TTauri*
2MASS J05411852+0027256,3219446157245802624,TTauri*
CVSO 83,3217242529785001344,TTauri*
V* IP Mon,3326695854314131200,TTauri*
CVSO 1130,3220353460496014336,TTauri*
CVSO 1864,3217423365088003328,TTauri*
ESO-HA  507,3326692624498721536,TTauri*
CVSO 514,3234184835737541120,TTauri*
2MASS J20330082+4018002,2064711003911900416,TTauri*
Kiso A-0903 109,3222286505017306240,TTauri*
ESO-HA  380,3326929839837223552,TTauri*
2MASS J06411251+0935088,3326696399774142208,TTauri*
HD 150193B,6047858490197870720,TTauri*
CVSO 2074,3220680496486072320,TTauri*
CVSO 558,3221666243020316032,TTauri*
2MASS J05394799-0240320,3216435866207342080,TTauri*
V* V581 Ori,3215641262898207360,TTauri*
2MASS J05344125-0552455,3017237585122718720,TTauri*
[WMR2005] 4-13,6049366917072861952,TTauri*
CVSO 201,3222272761122028416,TTauri*
V* V788 Ori,3017160722388004096,TTauri*
CVSO 114NE,3220753373491110400,TTauri*
CD-25 11113,6234854288163845504,TTauri*
CVSO 953,3222196443848108544,TTauri*
2MASS J05350451-0555255,3017189550208475904,TTauri*
2MASS J05342683-0626258,3017135502340100224,TTauri*
2MASS J06411795+1004021,3326931905715586048,TTauri*
CVSO 138,3217567847788573952,TTauri*
2MASS J05373784-0245442,3216105355588522368,TTauri*
NGC  2264   455,3326692693218189440,TTauri*
[GY92] 204,6049072316675781120,TTauri*
V* V2741 Ori,3217294958450566272,TTauri*
CVSO 186,3216652710515137664,TTauri*
2MASS J04390163+2336029,146764809236423808,TTauri*
ESO-HA  544,3326646376290850432,TTauri*
CVSO 1091,3221904695308587776,TTauri*
CVSO 610,3221345494862785408,TTauri*
NGC  2264   130,3326689630905623424,TTauri*
V* V2148 Ori,3017252664749740160,TTauri*
CVSO 1447,3221104491362549760,TTauri*
CVSO 767,3236277653042655744,TTauri*
2MASS J17294695-3233041,4054761835403852672,TTauri*
V* V1013 Ori,3240563068331009920,TTauri*
V* V1184 Ori,3017299363943689344,TTauri*
2MASS J05373898-0645154,3016878491495400576,TTauri*
2MASS J05321158-0605222,3016844166117939072,TTauri*
Cl* IC  348    LRL     344,216700964308745600,TTauri*
CVSO 305,3214883561946976640,TTauri*
2MASS J05152683-0632010,3208310853235527424,TTauri*
ESO-HA  522,3326685542097257472,TTauri*
V* V1117 Ori,3215856732817863168,TTauri*
2MASS J16185025-2610077,6048468031960487296,TTauri*
HD 285372,46622664569875840,TTauri*
2MASS J05353438-0605427,3017171476986099968,TTauri*
ESO-HA  467,3326739830483849856,TTauri*
UCAC4 439-009166,3214259004982628992,TTauri*
2MASS J05352440-0611147,3017147356449780096,TTauri*
CVSO 52,3220238664610417280,TTauri*
HD 283798,148599305732728320,TTauri*
CVSO 1814,3215579552808183552,TTauri*
Kiso A-0902   3,3214993066432968448,TTauri*
2MASS J05571626+2018314,3423024033664834176,TTauri*
ATO J083.0141+25.0852,3416995170889924864,TTauri*
CVSO 428,3215190085173484288,TTauri*
CVSO 233,3222243452265091200,TTauri*
CVSO 1056,3221921570236511616,TTauri*
Haro 4-44,3209552339303795072,TTauri*
CPD-75   783,5837890389640575104,TTauri*
V* KU Ori,3017157389494136576,TTauri*
V* V754 Ori,3209625525546487168,TTauri*
ATO J083.3443-06.1193,3017204324895867008,TTauri*
V* HN Tau B,3314237734735803648,TTauri*
EM* LkHA  127,4066511938211846144,TTauri*
RX J1625.3-2402,6049374510575054336,TTauri*
ATO J081.6216-04.2197,3210561106861570688,TTauri*
2MASS J05361093-0425370,3215640743205158400,TTauri*
2MASS J20505486+4420124,2163136810933010048,TTauri*
2MASS J05353903-0507043,3209529764955820672,TTauri*
2MASS J05210712-0106149,3220451347095524480,TTauri*
2MASS J06400268+0918198,3326592294062940928,TTauri*
2MASS J21405391+5736199,2178480942372756096,TTauri*
2MASS J07250495-2545496,5616560485682429824,TTauri*
2MASS J12033923-8129422,5784100386727134336,TTauri*
CVSO 1242,3220959531921620480,TTauri*
V* V820 Mon,3326740006577518848,TTauri*
EM* LkHA   63,3326685404658300672,TTauri*
BD+11   414,28342734000080512,TTauri*
EM* LkHA  256,1974527449600010240,TTauri*
Haro 6-36,158494605440901760,TTauri*
2MASS J05331483-0606358,3017207314193281280,TTauri*
HD 132264,6197282223497921152,TTauri*
2MASS J05294266+0232487,3223841450681464448,TTauri*
2MASS J20510443+4429180,2163142312790268416,TTauri*
CVSO 2060,3217009089723194240,TTauri*
Cl* NGC 2264    RMS    3715,3326637683277091584,TTauri*
CVSO 1347,3217135052523913856,TTauri*
2MASS J05352330-0457206,3209535880989110784,TTauri*
ESO-HA  332,3326591740011546240,TTauri*
HD 285957,3309970392669539200,TTauri*
ESO-HA 1474,3016923296594156416,TTauri*
[BHS98] MHO  2,163178353176600448,TTauri*
V* PT Mon,3326716848113882240,TTauri*
2MASS J05391448-0157512,3217296783812524160,TTauri*
V* V1598 Ori,3017341385903759744,TTauri*
CVSO 353,3235711507632882688,TTauri*
2MASS J15195295-2802266,6213136455314990208,TTauri*
[PZ99] J161019.1-250230,6049748791208799488,TTauri*
[MSR2009] IC1396A-14,2178418304571527680,TTauri*
2MASS J05343468-0051340,3217672748069518720,TTauri*
V* V570 Ori,3017346264986425344,TTauri*
2MASS J05354416-0536397,3017248988257825024,TTauri*
V* V1490 Cyg,2163139770169674112,TTauri*
2MASS J16071403-1702425,6249306612595902592,TTauri*
CVSO 757,3234338282033125760,TTauri*
CVSO 267,3212852454733690624,TTauri*
2MASS J05361337-0502229,3209553782413771264,TTauri*
Cl* NGC 2264    SBL    1895,3326714163759541760,TTauri*
CVSO 100,3217232153144158208,TTauri*
HD  81485A,5203285607034812416,TTauri*
2MASS J05450572+0332264,3319515562346926080,TTauri*
EM* LkHA  133,2066926730301840000,TTauri*
CVSO 1905,3223173879620072960,TTauri*
CVSO 1145,3223736692134860160,TTauri*
BKLT J162843-242253,6049107020011536000,TTauri*
V* V821 Mon,3326692276606374144,TTauri*
Cl* NGC 2264    SBL    2161,3326717157351518336,TTauri*
VPHAS J173406.1-323022.9,4054630482440466560,TTauri*
CVSO 1869,3219254945301670912,TTauri*
CVSO 431,3213979694670199552,TTauri*
ESO-HA  392,3326716672020446336,TTauri*
EM* LkHA  325,120953327097736064,TTauri*
2MASS J21360090+5707129,2178365635400390400,TTauri*
IRAS 02276+7225,545884712621460992,TTauri*
CVSO 150,3217336538030484224,TTauri*
UCAC4 428-010022,3210519050541983872,TTauri*
Cl* NGC 2264    RMS    4914,3326718939762556032,TTauri*
ESO-HA  414,3326712411412675968,TTauri*
V* V1721 Ori,3209522515051035520,TTauri*
CVSO 549,3221426480765889792,TTauri*
CRTS J052347.8-020735,3214140979281736064,TTauri*
2MASS J05365089-0610552,3016980230680607488,TTauri*
V* OY Mon,3326698736235918592,TTauri*
V* V1694 Ori,3209551514670084992,TTauri*
CVSO 1292,3236014594884820992,TTauri*
2MASS J05352879-0602586,3017183979633150336,TTauri*
2MASS J05343967-0618062,3017139007033504896,TTauri*
CVSO 515,3221235268822575360,TTauri*
2MASS J05340471-0450496,3209598518792192000,TTauri*
CVSO 411,3210452942403783296,TTauri*
2MASS J03543017+3203043,168834825106833152,TTauri*
2MASS J21394746+5735059,2178399479744136064,TTauri*
[GY92] 370,6049091141516754688,TTauri*
Cl* NGC 2264    LBM    4503,3326689257244387200,TTauri*
2MASS J05323356-0150169,3217172779516605184,TTauri*
V* V756 Ori,3017236176373455232,TTauri*
CVSO 91,3217245725240633856,TTauri*
ESO-HA  356,3326959805824137216,TTauri*
2MASS J03164389+1923041,59249490460948096,TTauri*
V* V1267 Tau,13078626388631424,TTauri*
V* V987 Ori,3215646588657763072,TTauri*
[HJS91]  507,151373820245230080,TTauri*
CVSO 1883,3217425151794484480,TTauri*
ESO-HA  482,3326740831209175296,TTauri*
EM* LkHA   55,3326686542825040256,TTauri*
Haro 5-91,3219230167633274752,TTauri*
2MASS J05294501-0132278,3220225019499601152,TTauri*
CVSO 435,3214432349862901120,TTauri*
2MASS J04163911+2858491,164783811951433856,TTauri*
2MASS J02515610+6006555,464555761660003072,TTauri*
2MASS J10142048-8138423,5198580865499165440,TTauri*
CVSO 1951,3024005113550155648,TTauri*
CVSO 1051,3221921737738861824,TTauri*
CVSO 605,3234289766082573312,TTauri*
2MASS J05364455-0602091,3017175978111782528,TTauri*
V* V1135 Ori,3016978169096309504,TTauri*
CVSO 758,3222268363075460224,TTauri*
2MASS J21384350+5727270,2178397516931971840,TTauri*
CVSO 599,3234295916475624448,TTauri*
2MASS J05351767-0632239,3016943740638432768,TTauri*
CVSO 39,3222214864963030912,TTauri*
EM* LkHA   76,3326692212181838592,TTauri*
2MASS J05271249-0151479,3220127304699346304,TTauri*
2MASS J22540723+6253419,2207288666715675136,TTauri*
ESO-HA  350,3326707433545596160,TTauri*
V* V1354 Tau,3408608886467493376,TTauri*
CVSO 374,3215180636245332352,TTauri*
HD  26172,3303460459200233088,TTauri*
2MASS J21394408+5742159,2178497576792678784,TTauri*
CVSO 317,3214607893766340224,TTauri*
CVSO 2099,3217144982488102528,TTauri*
V* V1428 Ori,3209550105920840704,TTauri*
CVSO 1197,3221957334428130176,TTauri*
CVSO 851,3221894941438977152,TTauri*
Cl* NGC 2264    FMS     264,3326689600841759488,TTauri*
CVSO 1319,3236533152055797888,TTauri*
EM* SR    8,6049114922751320960,TTauri*
2MASS J05433787+1900189,3399200537269085312,TTauri*
CVSO 656,3220477808390090112,TTauri*
2MASSW J1802242-230910,4069254227608360448,TTauri*
V* V803 Mon,3326716573235976064,TTauri*
IRAS 14422-8021,5773141073296019328,TTauri*
2MASS J18021292-2303487,4069267073845683584,TTauri*
2MASS J02293037+7311429,546683713977465856,TTauri*
CVSO 541,3222144083901466496,TTauri*
2MASS J05335458-0621186,3017149143156236928,TTauri*
NGC  2264   207,3326711556714166272,TTauri*
2MASS J05573462+2016161,3423020284155089280,TTauri*
CVSO 980,3222248052174919040,TTauri*
Cl* NGC 2264    RMS     893,3326907059330544640,TTauri*
Cl* NGC 2264    SBL    2130,3326928809043590656,TTauri*
Cl* NGC 2264    SBL    1038,3326696541509588992,TTauri*
UCAC4 435-009797,3210924461093916416,TTauri*
CVSO 1217,3236033213567257088,TTauri*
HD 284266,49340897830486912,TTauri*
CVSO 634,3234347043766624256,TTauri*
ATO J083.4256+02.2899,3223666632628552832,TTauri*
ESO-HA  499,3326741617188918912,TTauri*
BKLT J162619-243726,6049122310095142656,TTauri*
2MASS J02574903+2036076,108420711311510144,TTauri*
2MASS J16081096-3910459,5997079985234077312,TTauri*
V* V399 Ori,3017270467392148992,TTauri*
WRAY 15-1400,5995168724780802944,TTauri*
[RPG2014] 31324,3326704680471598592,TTauri*
2MASS J05335210-0530284,3209416068579818752,TTauri*
CVSO 902,3222237611109748992,TTauri*
Cl* IC  348    LRL      95,216682444409767552,TTauri*
V* LW Mon,3326709559553987840,TTauri*
2MASS J05363048-0630068,3016936009697343488,TTauri*
CVSO 1806,3217804238491069056,TTauri*
2MASS J05462087+0008094,3219196774263755136,TTauri*
CD-27 10866,6042205763488144768,TTauri*
2MASS J06393602+0924261,3326605758784930560,TTauri*
2MASS J05351826-0624303,3017139350630770560,TTauri*
2MASS J05343625-0604515,3017163642965773696,TTauri*
CRTS J053410.3-031659,3215978263212145664,TTauri*
HD 281691,164088748804295168,TTauri*
2MASS J04295422+1754041,3314212514687403264,TTauri*
NGC  2264   167,3326696850746529408,TTauri*
V* PU Car,5225533537629764736,TTauri*
2MASS J06401344+0919276,3326592397142141568,TTauri*
CVSO 796,3235857222986689920,TTauri*
Cl* NGC 1981     AR     139,3215648134845853184,TTauri*
CVSO 88,3217245175484829312,TTauri*
Cl* NGC 2264    VAS       2,3326704852270253056,TTauri*
CVSO 1282,3236045965325899008,TTauri*
2MASS J16122204-4012522,5996732814442661760,TTauri*
2MASS J20330608+4012116,2064709732601860096,TTauri*
ATO J083.8661+00.1736,3220891911956002816,TTauri*
V* V2008 Ori,3209551613451841664,TTauri*
2MASS J05302130+0045146,3221160845628179072,TTauri*
CVSO 1512,3220785976586704768,TTauri*
KHA  81,3326714958328277376,TTauri*
CVSO 1749,3217787921912445696,TTauri*
CVSO 2000,3104446037076422912,TTauri*
V* CE Ant,5444751795151480320,TTauri*
V* V2003 Ori,3209546876105415168,TTauri*
ATO J079.4832-03.2153,3213591876302407040,TTauri*
V* V1708 Ori,3017163917844419072,TTauri*
V* TW Hya,5401795662560500352,TTauri*
Cl* IC  348    LRL      98,216676878132165632,TTauri*
V* V830 Ori,3016946626856500736,TTauri*
V* LV Ori,3017364028971010432,TTauri*
V* V686 Ori,3209874736727323136,TTauri*
CVSO 226,3222215586517327872,TTauri*
2MASS J15301215-4025568,6003090121938282496,TTauri*
Kiso A-0903 142,3220536215649217792,TTauri*
2MASS J05290682+0135233,3222036950237761152,TTauri*
2MASS J15412189-3440150,6014857713845590656,TTauri*
CVSO 137,3220777975063738880,TTauri*
CVSO 170,3217473049269654784,TTauri*
ESO-HA  468,3326935960166062720,TTauri*
UCAC4 473-012461,3224557988665422208,TTauri*
2MASS J21411837+5728433,2178476170675801856,TTauri*
HD 107722,5788750466217278592,TTauri*
CVSO 1078,3236060602574359296,TTauri*
CVSO 460,3234260049204669184,TTauri*
CHXR 74,5201127334427643008,TTauri*
ESO-HA  538,3326633384013733376,TTauri*
Haro 5-64,3217634157789741952,TTauri*
V* V1981 Ori,3017263767243185152,TTauri*
CVSO 142,3217777644054399488,TTauri*
2MASS J05361374-0602460,3017172915797403264,TTauri*
2MASS J05351282-0539077,3017250092067309056,TTauri*
V* RV Ori,3216500531234897920,TTauri*
2MASS J05065452-0320460,3213014868923097216,TTauri*
CVSO 1,3227606938705802112,TTauri*
CVSO 855,3235836366625984512,TTauri*
CVSO 228,3222266713807977856,TTauri*
2MASS J05220258-0328429,3210883573005365888,TTauri*
EM* LkHA  305,3219206291911267968,TTauri*
Haro 5-32,3216445723156931840,TTauri*
ESO-HA 1656,3216053854636574080,TTauri*
CVSO 1024,3221811825232049664,TTauri*
Cl* NGC 2264    SBL    2159,3326717260430728832,TTauri*
2MASS J05331891-0557507,3017227066745172736,TTauri*
RX J1606.2-2036,6244022875113321216,TTauri*
V* V342 Mon,3326710869519409536,TTauri*
CVSO 1863,3217307675849568256,TTauri*
ATO J076.8002+24.6211,3419134438264747648,TTauri*
CVSO 126,3222738026338747904,TTauri*
JW  881,3017373787135305472,TTauri*
2MASS J05383902-0245321,3216061997894032000,TTauri*
ATO J082.3578-03.3689,3210754242950495872,TTauri*
KHA  98,3326712450067371008,TTauri*
2MASS J21404061+5754064,2178500806608367872,TTauri*
RX J1608.9-3905,5997035351934438784,TTauri*
2MASS J05373735-0028278,3217788643466915968,TTauri*
2MASS J05352804-0517202,3017366502870800512,TTauri*
CVSO 1215,3235993498005483904,TTauri*
CVSO 2062,3217056815399797888,TTauri*
KHA 125,3326944447021431808,TTauri*
CVSO 810,3222268186980845440,TTauri*
CVSO 268,3213195261842755712,TTauri*
CVSO 1715,3217767993263987584,TTauri*
ESO-HA  346,3326903936889934208,TTauri*
V* V956 Ori,3216500290716597632,TTauri*
IRAS 22376+7455,2279555679058924928,TTauri*
CVSO 1042,3221048210111272448,TTauri*
V* V1076 Ori,3016977962937842816,TTauri*
CVSO 1109,3220216502579176448,TTauri*
2MASS J05285923-0154274,3217116322170668800,TTauri*
CVSO 926,3222200983628652544,TTauri*
2MASSW J1802312-225911,4069269277176006528,TTauri*
V* V1692 Ori,3209625731704909952,TTauri*
Haro 5-73,3217657011309526016,TTauri*
Cl* IC  348    LRL     119,216677805845105408,TTauri*
[MSR2009] IC1396A-43,2178442154540783104,TTauri*
V* V2645 Ori,3016952193134114432,TTauri*
ESO-HA  487,3326697709739615360,TTauri*
CD-47  3307,5518455766115319808,TTauri*
1RXS J052355.2+253052,3417960606523123968,TTauri*
CVSO 548,3234199193811925248,TTauri*
2MASS J05392842-0120420,3217473049269655040,TTauri*
CD-74   712,5838361599097855104,TTauri*
2MASS J05315249-0145461,3217223906807030784,TTauri*
2MASS J15593661-3255340,6036284000022014080,TTauri*
Cl* NGC 2264    FMS     326,3326686607248618880,TTauri*
CVSO 1149,3223766963064308224,TTauri*
CVSO 1146,3221930327673569664,TTauri*
ScoPMS  31,6247245990371393408,TTauri*
2MASS J05284431-0153097,3217115948509274880,TTauri*
2MASS J05335638-0435299,3209641876483853440,TTauri*
1RXS J162739.8-224519,6051097681519794944,TTauri*
CPD-77   660,5200326408927955712,TTauri*
ESO-HA  537,3326749524225023360,TTauri*
2MASS J05231594-0126142,3220382700634560128,TTauri*
2MASS J05311549-0122576,3217249775394766720,TTauri*
2MASS J06390355+0916159,3326597070066300288,TTauri*
HJM C  1-24,5201350049957132800,TTauri*
Cl* NGC 2264    FMS     344,3326696850746163200,TTauri*
HJM E  1-8,5201302122418058112,TTauri*
CVSO 633,3222102508618645632,TTauri*
NGC  2264    23,3326603838934712832,TTauri*
2MASS J07040041-1133596,3045837772351364864,TTauri*
2MASS J16131267-3803513,5997561193360156160,TTauri*
CVSO 338,3208584665990070272,TTauri*
CVSO 1255,3221160742548964352,TTauri*
CVSO 629,3222157003163047296,TTauri*
CVSO 1391,3217631619462789760,TTauri*
2MASS J05343325-0507267,3209527011880239488,TTauri*
CRTS J052334.6-030626,3210920818961655808,TTauri*
Haro 6-32,148384527302822272,TTauri*
2MASS J05321981-0548270,3209380918567380608,TTauri*
CVSO 145,3217771772835245696,TTauri*
RX J1534.6-4002,6002978452796712704,TTauri*
CVSO 575,3221668373324089344,TTauri*
2MASS J05275941-0232352,3217050596287170560,TTauri*
CVSO 924,3221006914000691200,TTauri*
Cl* NGC 2264    FMS     448,3326692418340283904,TTauri*
WRAY 15-813,5237215367676211072,TTauri*
CVSO 1692,3224087814301631616,TTauri*
2MASS J05271067-0212222,3217080661058050688,TTauri*
CK  8,4273720028365217408,TTauri*
ESO-HA  494,3326696056176751616,TTauri*
V* V2554 Ori,3209527806450735872,TTauri*
CVSO 1670,3222876667883054592,TTauri*
[SHB2004] Trumpler 37 81-541,2179214492733280512,TTauri*
CVSO 426,3215188195387881472,TTauri*
CVSO 722,3221859340453790976,TTauri*
V* AL Ori,3209559486129350912,TTauri*
V* V2427 Ori,3209527428493619584,TTauri*
2MASS J04322329+2403013,146277553787186048,TTauri*
2MASS J05065286-0320532,3213014873216202368,TTauri*
Cl* NGC 2264    SBL    1773,3326716775099645824,TTauri*
Cl* IC  348    LRL     237,216681585416316032,TTauri*
CVSO 332,3213389183909393024,TTauri*
2MASS J05465803+0014278,3219205192399639680,TTauri*
Cl* IC  348    LRL    1937,216629874010075776,TTauri*
CVSO 448,3210026606770988928,TTauri*
CVSO 1870,3217474148781281664,TTauri*
NGC  2264   468,3326698053337353088,TTauri*
SZ  66,6013399830146943104,TTauri*
V* V487 Ori,3209634081121273472,TTauri*
ESO-HA  506,3326686748983627648,TTauri*
V* LQ Mon,3326715679882777472,TTauri*
CVSO 709,3234354847722993152,TTauri*
2MASS J05350825-0425332,3209640540752059008,TTauri*
2MASS J05341821-0602002,3017211712239753728,TTauri*
V* V1165 Ori,3209935003708198016,TTauri*
V* V1958 Ori,3209519834989298560,TTauri*
CVSO 531,3214352188593534336,TTauri*
CVSO 677,3222276502037496064,TTauri*
CVSO 1315,3217230366437801984,TTauri*
CVSO 225,3222267435362486912,TTauri*
CVSO 1247,3236013426653734144,TTauri*
EM* LkHA   37,3326716229638584832,TTauri*
Haro 4-431,3215585393964055040,TTauri*
Cl* NGC 2264    SBL    1841,3326716465862014592,TTauri*
Cl* IC  348    LRL     254,216680515970990976,TTauri*
2MASS J21385253+5727184,2178396730964827648,TTauri*
CVSO 1565,3220780238510297984,TTauri*
CRTS J053114.5-022338,3217025067001618304,TTauri*
CVSO 128,3217566473398841984,TTauri*
V* V667 Mon,3326688707488195968,TTauri*
V* MY Ori,3017359046809133184,TTauri*
ESO-HA  359,3326687912919250048,TTauri*
CVSO 1648,3217357325672029824,TTauri*
NGC  2264   173,3326711384915479808,TTauri*
2MASS J16092320-3855547,5997460072655591424,TTauri*
[BAB2014] 358064,3017236721831743872,TTauri*
2MASS J05283131-0201048,3217107908330516736,TTauri*
CVSO 294,3227887795207256832,TTauri*
Cl* NGC 2264    FMS     268,3326690799136762112,TTauri*
CVSO 1852,3217473770824173696,TTauri*
CVSO 1459,3217164292661174272,TTauri*
BD+17   706,47401874715052800,TTauri*
ATO J089.0624-12.3666,2998434351442318720,TTauri*
2MASS J05252331-0218263,3214074115230848896,TTauri*
2MASS J22562890+6238411,2207220978032051712,TTauri*
NGC  2264   134,3326741101798707584,TTauri*
V* V1478 Ori,3017365540799196672,TTauri*
CVSO 222,3222203320090905344,TTauri*
2MASS J05314494-0212192,3217125191279065088,TTauri*
CVSO 214,3222269290788377344,TTauri*
2MASS J05361898-0453503,3209557802502310912,TTauri*
V* AX Ori,3017165670190318976,TTauri*
2MASS J05304801-0156588,3217191333775190272,TTauri*
Kiso A-0974  16,3213011780839743360,TTauri*
CVSO 61,3220227905717640960,TTauri*
V* V1707 Ori,3209576769077759744,TTauri*
CVSO 883,3223825718216820096,TTauri*
CVSO 561,3234193283936882432,TTauri*
CVSO 755,3210147312532077568,TTauri*
V* V1296 Ori,3017170029579128064,TTauri*
Haro 5-7,3216108108662948352,TTauri*
2MASS J05065551-0321132,3213014868922447232,TTauri*
EM* RJHA    9,3219229072418097024,TTauri*
CVSO 913,3236053417093982080,TTauri*
2MASSW J1802336-230154,4069268516954782848,TTauri*
CVSO 617,3214157334517039872,TTauri*
2MASS J05431198-0213425,3216558977148940672,TTauri*
2MASS J17303131-3242147,4054709505522085376,TTauri*
CVSO 1881,3217304308595203712,TTauri*
CVSO 843,3220609337467853440,TTauri*
2MASS J05164673-0309285,3213778380962647936,TTauri*
2MASS J21412864+5736432,2178479331771844352,TTauri*
2MASS J20505575+4418286,2163136712152953728,TTauri*
2MASS J04371799+2914156,158794458581628416,TTauri*
2MASS J20511945+4419306,2163136192456870016,TTauri*
2MASS J06405448+0909318,3326536631286772608,TTauri*
V* LO Mon,3326905173840508416,TTauri*
V* V808 Ori,3017374233811898880,TTauri*
CVSO 1105,3221809518833681920,TTauri*
2MASS J21391465+5745177,2178405149103998720,TTauri*
NGC  2264    68,3326905478782410368,TTauri*
VPHAS J173506.3-323904.0,4054614298987495808,TTauri*
Haro 4-412,3017179379725874944,TTauri*
Cl* NGC 2264    LBM    6639,3326693204319355136,TTauri*
2MASS J21375812+5731199,2178395975050257024,TTauri*
2MASS J10354856-7858583,5199370692805123712,TTauri*
Cl* IC  348    LRL     350,216680756486417024,TTauri*
2MASS J04043984+2158215,53092775104745984,TTauri*
V* V500 Ori,3209529524437650944,TTauri*
V* V1456 Ori,3209545772295088640,TTauri*
Kiso A-0903 195,3223556647106159232,TTauri*
Cl* NGC 2264    FMS      90,3326687848494733056,TTauri*
2MASS J05322919+0204040,3223567814020964992,TTauri*
2MASS J05352828-0630222,3016944187315030912,TTauri*
ATO J082.1956+02.9411,3235882649193266304,TTauri*
Cl* NGC 2264    FMS     354,3326697293127353856,TTauri*
2MASS J04132177+1810241,47661977934782336,TTauri*
V* V694 Ori,3209826495655165696,TTauri*
2MASS J05280298-0120320,3220287936475032960,TTauri*
V* LT Lup,6207170234643124480,TTauri*
CVSO 1009,3236296374803234560,TTauri*
JW  483,3017252772126891392,TTauri*
2MASS J21373420+5726154,2178393844746248064,TTauri*
CPD-68  1894,5844296281847839232,TTauri*
Cl* NGC 2264    FMS      21,3326702210865367936,TTauri*
Cl* NGC 2264    SBL    2394,3326712828024484352,TTauri*
2MASS J04190110+2819420,164502062096975744,TTauri*
CVSO 876,3222215341703860736,TTauri*
HD  86356,5202135964549093248,TTauri*
2MASS J15585980-3646206,6010326454640776320,TTauri*
2MASS J05493662+0232520,3316159367526551040,TTauri*
Haro 5-63,3217225624793901312,TTauri*
V* V1177 Ori,3215660195114043776,TTauri*
THA 15-8,6008520816029949184,TTauri*
NGC  2264   283,3326716882473618432,TTauri*
2MASS J04053087+2151106,53098994216894208,TTauri*
2MASS J05353198-0559415,3017186423472281728,TTauri*
2MASS J06395035+0931171,3326701381936706688,TTauri*
2MASS J05530177+2039208,3399838116573568768,TTauri*
CVSO 1928,3216139169866218752,TTauri*
V* V1344 Tau,155239432547457664,TTauri*
V* V1182 Ori,3017371107075703680,TTauri*
V* V1343 Tau,3406540773815790592,TTauri*
UCAC4 480-012688,3332992168993456768,TTauri*
V* LQ Lup,5907311870203075456,TTauri*
2MASS J05340284-0605508,3017209577638169856,TTauri*
CSIMon-006369,3326591435070318464,TTauri*
Parenago  2024,3017185220881441408,TTauri*
2MASS J05323590+0409243,3236454124658036480,TTauri*
NGC  2264    85,3326690700353011840,TTauri*
V* V826 Tau,3314258999116827776,TTauri*
USNO-B1.0 1172-00072216,152362491654557696,TTauri*
V* V2080 Ori,3017269505319467520,TTauri*
2MASS J16100501-2132318,6242970711201462144,TTauri*
CVSO 1227,3217210399134994304,TTauri*
ESO-HA  425,3326717256135796096,TTauri*
V* V335 Mon,3326713377780321920,TTauri*
HD 133259,6197538822024048128,TTauri*
V* V749 Ori,3209550071561984000,TTauri*
2MASS J05292852-0135076,3220218770321892736,TTauri*
BKLT J162644-244711,6049070083292838912,TTauri*
V* V1077 Ori,3017294244342715264,TTauri*
UCAC4 439-009865,3220078548230666496,TTauri*
2MASS J21411523+5724256,2178287776229552512,TTauri*
2MASS J05345819-0511536,3209522549410776576,TTauri*
CVSO 132,3217677833310781952,TTauri*
V* V1898 Ori,3209423284124671488,TTauri*
HD 245358,3404492276276148608,TTauri*
2MASS J05564682-0611093,3019412930220289408,TTauri*
ATO J083.3090-06.1969,3017201919714199808,TTauri*
2MASS J05272817-0140023,3220140258320517248,TTauri*
ESO-HA  483,3326931179865338368,TTauri*
DoAr 25,6049118388788178816,TTauri*
V* MP Lup,6007504558039456768,TTauri*
CVSO 866,3235840047413966080,TTauri*
ESO-HA  489,3326685065356299776,TTauri*
Cl* NGC 2264    RMS    4820,3326737395237392256,TTauri*
2MASS J21370607+5732015,2178442188900684032,TTauri*
2MASS J05345274-0615098,3017145088707070848,TTauri*
CD-44  9931,6000290249941664128,TTauri*
ESO-HA  529,3326711659794329088,TTauri*
CVSO 733,3222106082030944000,TTauri*
2MASS J02584379+1940381,84088626363280256,TTauri*
CVSO 681,3234344539801506816,TTauri*
V* V1849 Ori,3214465777592462464,TTauri*
CVSO 560,3234191673325456384,TTauri*
2MASS J22371683+3952260,1932349633795283328,TTauri*
CVSO 973,3235906666651331456,TTauri*
CVSO 933,3220994578854623872,TTauri*
2MASS J06032727-0941271,3005361583934947072,TTauri*
CD-38 10866,5997820952989718528,TTauri*
RX J0506.2+0439,3238965099979863296,TTauri*
2MASS J18022285-2259354,4069269620771266944,TTauri*
2MASS J05383136-0039566,3217734698677675520,TTauri*
2MASS J05380097-0226079,3216504134712395904,TTauri*
CVSO 236,3222244375682864000,TTauri*
V* V1971 Ori,3209553026498569344,TTauri*
2MASS J05354472-0430019,3209635386791291648,TTauri*
2MASS J05344832-0622427,3017137495204907392,TTauri*
V* V559 Ori,3209578074747777792,TTauri*
CVSO 1791,3217313379565974400,TTauri*
CVSO 1063,3222029769052499840,TTauri*
Cl* NGC 2264    SBL      55A,3326706815070820352,TTauri*
Kiso A-0904  10,3220692483739671296,TTauri*
CVSO 56,3220241688267377408,TTauri*
2MASS J05342883-0609504,3017161233486222464,TTauri*
ESO-HA  386,3326690288036153728,TTauri*
V* V379 Ori,3017372790702890496,TTauri*
WSB 11,6051806217982566272,TTauri*
Cl* IC  348    LRL     147,216692511813123456,TTauri*
Cl* NGC 2264    SBL    2420,3326739800419090176,TTauri*
CVSO 1314,3236025379546975616,TTauri*
ESO-HA 1132,3016548638006813952,TTauri*
Cl* NGC 2264    SBL    2048,3326715881746255488,TTauri*
2MASS J05355420-0505454,3209530039833724032,TTauri*
2MASS J06403012+0911324,3326539135251958784,TTauri*
2MASS J05365522-0620257,3016972980775816960,TTauri*
RX J0507.6-0318,3213013120869517952,TTauri*
2MASS J05362873-0542263,3017293419708991488,TTauri*
[SHB2004] Trumpler 37 73-311,2178434217440720512,TTauri*
ESO-HA  459,3326739937858049024,TTauri*
NGC  2264   392,3326740899930718336,TTauri*
2MASS J05282024+0121159,3222026470517645696,TTauri*
2MASS J20511889+4415251,2163135750080276096,TTauri*
2MASS J05342712-0516487,3209520006790145152,TTauri*
EM* LkHA   13,3326716745034669184,TTauri*
CVSO 131,3217562418949942784,TTauri*
CVSO 1244,3223554375068441728,TTauri*
CVSO 1195,3220231208547239552,TTauri*
CVSO 1773,3217739745263697408,TTauri*
Haro 4-359,3017189722005821568,TTauri*
Cl* NGC 2264    SBL    2473,3326736261366043904,TTauri*
Cl* NGC 2264    FMS     477,3326644177268274432,TTauri*
CVSO 1071,3223751191944463616,TTauri*
CVSO 763,3222284580871931776,TTauri*
JW  310,3017252600328208512,TTauri*
YLW 58,6049094616145974272,TTauri*
V* V1533 Ori,3017253287522954880,TTauri*
Cl* NGC 2264    FMS     347,3326685816975161344,TTauri*
2MASS J05284151-0413177,3210550073087799296,TTauri*
EM* LkHA  302,3219118090462918016,TTauri*
2MASS J05352000-0016514,3220792887190091136,TTauri*
V* V1729 Ori,3017141068617678208,TTauri*
V* V1003 Oph,4325328252315049728,TTauri*
2MASS J05141328-0256411,3213826690754677632,TTauri*
CVSO 1151,3222009870468327424,TTauri*
ESO-HA  431,3326689600841759744,TTauri*
2MASS J05354904-0515377,3017372412745770624,TTauri*
Kiso A-0904  36,3220786839876234752,TTauri*
2MASS J21381862+5803283,2178564750084625792,TTauri*
ATO J077.1879-03.2812,3214465507010585856,TTauri*
CVSO 1224,3221135007105324032,TTauri*
CVSO 1768,3217681612882050304,TTauri*
CVSO 1873,3217528127930203648,TTauri*
CVSO 1602,3217350556802789376,TTauri*
2MASS J05361111-0618140,3016954044264421504,TTauri*
2MASS J21385807+5743343,2178404633705020544,TTauri*
V* V961 Per,159667475109927808,TTauri*
UCAC4 466-012998,3319299989348759808,TTauri*
CVSO 646,3221851785607531264,TTauri*
CVSO 700,3222262968596562432,TTauri*
HD 261939,3326697293126908160,TTauri*
V* AB Ori,3017246243776748544,TTauri*
CVSO 1112,3220247937444152064,TTauri*
HD 284065,155520731429831040,TTauri*
THA 15-41,5997395648143156224,TTauri*
2MASS J04361030+2159364,144911784251503616,TTauri*
2MASS J05334258-0321330,3215976201628471936,TTauri*
CVSO 2018,3236080256344606208,TTauri*
EM* LkHA  319,3219598027288397312,TTauri*
2MASS J05453826-0008109,3219121045400432256,TTauri*
2MASS J05323639-0144270,3217178070915979520,TTauri*
ROX 28,6050675438988944896,TTauri*
TYC 7824-2095-1,6198087096066975744,TTauri*
ATO J097.8349-09.4513,3003024370108415104,TTauri*
Cl* NGC 2264    RMS    1949,3326688398250552960,TTauri*
V* V836 Tau,3420008412568724736,TTauri*
2MASS J04153916+2818586,164684340508950144,TTauri*
V* DK Cha,5788943980263354752,TTauri*
CVSO 522,3214366138647301504,TTauri*
2MASS J06413125+0943260,3326699870107789568,TTauri*
EM* LkHA   39,3326709422115024000,TTauri*
BD-15   808,3172496907660009088,TTauri*
Cl* NGC 2264    RMS    4451,3326722307016936064,TTauri*
2MASS J07035400-1132478,3046025720119222784,TTauri*
[WMR2005] 3-7,6049053143941850496,TTauri*
2MASS J05342675-0541573,3017256242460494080,TTauri*
2MASS J05213289-0018105,3221317491676241024,TTauri*
2MASS J05224388-0247491,3214040030370527488,TTauri*
HD 294300,3216434320019125504,TTauri*
CVSO 786,3220528111046561024,TTauri*
CVSO 780,3222203281434717440,TTauri*
CVSO 44,3222240050651159296,TTauri*
2MASS J05364094-0420443,3215643290122743168,TTauri*
CVSO 739,3222262380184900480,TTauri*
[W96] rJ053835-0231,3216490223313304576,TTauri*
CVSO 84,3217242632864212608,TTauri*
V* V1939 Ori,3209600266844728960,TTauri*
Cl* NGC 2264    RMS    2944,3326715782959972224,TTauri*
2MASS J21383255+5730161,2178397864836157440,TTauri*
CVSO 1860,3217746999463916160,TTauri*
2MASS J20504053+4420506,2163139907607150976,TTauri*
Haro 5-20,3216488844628237056,TTauri*
V* V550 Ori,3209533029131759104,TTauri*
EM* LkHA  100,216653891467180288,TTauri*
2MASS J21370254+5726144,2178440573992845568,TTauri*
NGC  2264   210,3326685301578222080,TTauri*
CVSO 2069,3220653180494173824,TTauri*
2MASS J05335968-0204305,3216966518006856448,TTauri*
V* V951 Ori,3017345234194425216,TTauri*
ATO J067.8768+20.5938,144329975098261504,TTauri*
CVSO 408,3221491897411440000,TTauri*
2MASS J05265770-0304371,3210979093078227456,TTauri*
2MASS J05382368-0637446,3016902642094840704,TTauri*
[OH83] L1622  7,3316205482592147968,TTauri*
2MASS J05303517-0204051,3217141821392242048,TTauri*
V* AU Ori,3017186251673566208,TTauri*
CVSO 280,3212915023816615168,TTauri*
[W96]  4771-1051,3216109861009561728,TTauri*
Cl* NGC 2264    RMS    3573,3326711075677836800,TTauri*
CVSO 1076,3220543401130030592,TTauri*
CVSO 688,3210798154695910528,TTauri*
Cl* NGC 2264    SBL    1960,3326928946483975424,TTauri*
2MASS J05312949-0205001,3217139313131295488,TTauri*
Haro 5-9,3216516096196261632,TTauri*
CVSO 1201,3220732959510648064,TTauri*
2MASS J05350792-0420140,3209653391294492416,TTauri*
2MASS J05213722-0436309,3210184249250797824,TTauri*
CVSO 1437,3217184118230185472,TTauri*
Haro 5-11,3216114014242465920,TTauri*
V* V2033 Ori,3017266000626941312,TTauri*
Cl* IC  348    LRL      72,216675950419235840,TTauri*
UGPS J203017.09+401652.6,2067355638620630912,TTauri*
2MASS J05211329+0226052,3234383160147942016,TTauri*
CVSO 637,3222178714221995392,TTauri*
2MASS J05343511-0448358,3209553438815424768,TTauri*
V* V2072 Ori,3017157664371302144,TTauri*
[GY92] 264,6049147667582029568,TTauri*
2MASS J05294587+0337148,3236036756915907072,TTauri*
V* V1735 Ori,3209528493645505920,TTauri*
2MASS J05330682-0138012,3217185183381756928,TTauri*
ESO-HA  542,3326644069892485632,TTauri*
V* BZ Ori,3017191646152505088,TTauri*
2MASS J03581272+0932223,3302063667115147008,TTauri*
CVSO 752,3234326122981850112,TTauri*
2MASS J05064745-0319096,3213015212517997184,TTauri*
RX J1204.6-7731,5836756960654872832,TTauri*
V* V354 Ori,3017261327701775488,TTauri*
IRAS 04187+1927,48238809222398336,TTauri*
Cl* NGC 2264    SBL    2236,3326716328422492800,TTauri*
V* OT Mon,3326692349620814976,TTauri*
2MASS J05342807-0505218,3209538831630672128,TTauri*
2MASS J04321786+2422149,147799209159857280,TTauri*
EM* LkHA  331,146294836735587712,TTauri*
V* V1588 Ori,3209558592776300032,TTauri*
SPICY 56816,4054823992171303936,TTauri*
EM* LkHA  308,3219206154472308480,TTauri*
2MASS J05325791-0602429,3017220439613164544,TTauri*
2MASS J05305005-0112217,3220263369262201600,TTauri*
CVSO 377,3215054020609132032,TTauri*
CVSO 1226,3223948794799746176,TTauri*
CVSO 908,3222252140983814016,TTauri*
2MASS J05363381-0424036,3215595736244856320,TTauri*
V* V1110 Ori,3017207825291550464,TTauri*
2MASS J16314517-2530253,6045979248731454080,TTauri*
CD-43  9534,5908389078054392320,TTauri*
CVSO 1659,3224357916204572800,TTauri*
2MASS J05580752+2008033,3422827805198720768,TTauri*
Cl* NGC 2264    RMS    1313,3326605586986230528,TTauri*
2MASS J05471089+0032059,3219589265555132416,TTauri*
EM* AS  119,3005222633152619904,TTauri*
Cl* NGC 2264    RMS    3847,3326692379684689664,TTauri*
2MASS J05353117-0426479,3209639544319632896,TTauri*
Cl* NGC 2264    RMS    2463,3326716843819122432,TTauri*
2MASS J05383745-0250236,3216059214755240320,TTauri*
[W96]  4771-899,3216492869013787264,TTauri*
CVSO 1804,3217803796111442944,TTauri*
CVSO 1794,3217273144312578176,TTauri*
2MASS J16155664-3947163,5994141987087515776,TTauri*
2MASS J05392650-0252152,3216056672134574720,TTauri*
RX J0405.6+0140,3258853306820275584,TTauri*
RX J1546.7-3459,6014606097483584512,TTauri*
ATO J086.5167+12.5464,3340261968079086720,TTauri*
2MASS J05352650-0548497,3017244663228789120,TTauri*
2MASS J16052157-1821412,6249055271112519936,TTauri*
V* V1959 Ori,3217666627740825856,TTauri*
2MASS J05455793+0002485,3219194540880777344,TTauri*
2MASS J05350608-0552393,3017238169238261760,TTauri*
GSS 35,6049161961233192576,TTauri*
Kiso A-0904  73,3217717656247650688,TTauri*
V* V2586 Ori,3017361589428225024,TTauri*
ESO-HA  465,3326716160919101824,TTauri*
CVSO 1044,3236056754283695616,TTauri*
V* V585 Mon,3326685443313414272,TTauri*
HD 142361,6237023074851066368,TTauri*
V* V827 Tau,3314338163954491136,TTauri*
V* V397 Ori,3017270398672679552,TTauri*
2MASS J05231408-0034555,3221246848054497024,TTauri*
Cl* IC  348    LRL     214,216679210297911680,TTauri*
CVSO 536,3234213143866043520,TTauri*
ESO-HA  384,3326703031204164736,TTauri*
V* V2071 Ori,3209548216135201408,TTauri*
V* V579 Ori,3017343241329617152,TTauri*
CVSO 1038,3220122837933324928,TTauri*
2MASS J16315242-2530195,6045791614503402880,TTauri*
Cl* NGC 2264    SBL     226,3326716397142282240,TTauri*
Cl* NGC 2264    FMS     287,3326689527826384256,TTauri*
2MASS J05064897-0305429,3213032293603522432,TTauri*
2MASS J05240357-0438225,3210189815528505984,TTauri*
V* V1582 Ori,3017363273055378176,TTauri*
2MASS J02313994+7241575,546634987572758528,TTauri*
V* V1990 Ori,3017256414259179648,TTauri*
CVSO 98,3217151304679913344,TTauri*
2MASS J04161885+2752155,164470794735041152,TTauri*
V* AQ Ori,3017349151203962112,TTauri*
Cl* IC  348    LRL     358,216682100812391168,TTauri*
2MASS J20503695+4421408,2163139976328104064,TTauri*
CVSO 1307,3223952986688024192,TTauri*
[RPG2014] 30568,3326611398074610304,TTauri*
2MASS J16271031-2419188,6049152203067495808,TTauri*
Haro 4-322,3017242739083318784,TTauri*
ESO-HA  405,3326717466589162624,TTauri*
CVSO 1690,3217765789944254720,TTauri*
Cl* IC  348    LRL     262,216700822573390336,TTauri*
2MASS J05575680+0929082,3335672198524342144,TTauri*
CVSO 1170,3236085028053618304,TTauri*
2MASS J05213259-0358349,3210477784494655616,TTauri*
2MASS J05352193-0514276,3017367739821374720,TTauri*
Cl* NGC 2264    RMS    4059,3326692933736349824,TTauri*
CVSO 1085,3236104510025586560,TTauri*
CVSO 615,3222157136306097792,TTauri*
ESO-HA  375,3326934959435825408,TTauri*
2MASS J05364493-0616046,3016978615772908160,TTauri*
2MASS J05285235+0150422,3223734076500272896,TTauri*
WLY 2-55,6049092485842195712,TTauri*
2MASS J05341561-0624168,3017136601851729152,TTauri*
ESO-HA  517,3326697400502330496,TTauri*
CVSO 795,3234332376454230016,TTauri*
EM* LkHA   40,3326697091264337664,TTauri*
2MASS J05280679+0222285,3223817300080869504,TTauri*
V* V2153 Ori,3017145157426542592,TTauri*
IRAS 21444+5709,2178249052803834240,TTauri*
V* V1290 Ori,3017360799155292416,TTauri*
V* V1153 Ori,3022288501021052928,TTauri*
TWA 3B,5396978667757576064,TTauri*
2MASS J05363957-0438014,3209582949532518656,TTauri*
V* PW Ori,3017353514894404608,TTauri*
2MASS J05371068-0647119,3016879625366771328,TTauri*
HD 256959,3431894343721892352,TTauri*
2MASS J05360361-0414177,3215648822040625536,TTauri*
Cl* NGC 2264     DS      55,3326714198123393792,TTauri*
2MASS J05283843+0154217,3223737615553348224,TTauri*
2MASS J02515136+6006112,464554279897756672,TTauri*
CVSO 576,3222069003577682176,TTauri*
NGC  2264   315,3326715851681467136,TTauri*
Cl* IC  348    LRL      71,216678389960646400,TTauri*
Cl* NGC 2264    SBL      31,3326701248792702464,TTauri*
CVSO 1698,3223643091911480448,TTauri*
HD 279788,179245207355823232,TTauri*
CVSO 1728,3217761052597081600,TTauri*
2MASS J05362375-0511180,3017371927401718272,TTauri*
V* V1855 Ori,3207513157550589696,TTauri*
2MASS J06401367+0924540,3326687878563691648,TTauri*
2MASS J05075195-0320028,3212966219826642048,TTauri*
Cl* NGC 2264    SBL     492,3326694372549593856,TTauri*
CVSO 406,3221510765204817920,TTauri*
CVSO 1148,3223791216743657088,TTauri*
2MASS J05505429+2014498,3399707442197634304,TTauri*
2MASS J05281195-0052144,3220343083855065856,TTauri*
2MASS J21375107+5727502,2178394699429915904,TTauri*
CVSO 29,3222258501830719616,TTauri*
CVSO 367,3215173214541872384,TTauri*
V* V803 Ori,3017359527845298048,TTauri*
2MASS J05464384+0015323,3219204711363304192,TTauri*
CVSO 373,3215153423332718976,TTauri*
Cl* NGC 2264    SBL    2415,3326712755009691648,TTauri*
CVSO 1616,3223710716173240960,TTauri*
Cl* NGC 2264    RMS    2048,3326903284054903552,TTauri*
CVSO 2076,3217669415174827520,TTauri*
2MASS J16301577-2535356,6045956300724228224,TTauri*
Cl* NGC 2264    FMS     288,3326689944439135232,TTauri*
V* V759 Ori,3017263492365279616,TTauri*
V* OP Mon,3326712243908937984,TTauri*
CVSO 997,3221828347970807936,TTauri*
Cl* NGC 2264    SBL     444,3326722345672337152,TTauri*
2MASS J05350193-0500432,3209533780747351296,TTauri*
V* V830 Tau,147831571737487488,TTauri*
CVSO 1530,3217568638062560384,TTauri*
Cl* NGC 2264    RMS    2389,3326906170271628032,TTauri*
Haro 5-16,3216512179186222720,TTauri*
CVSO 1165,3223543899643367040,TTauri*
Cl* NGC 2264    RMS    3913,3326636579469427072,TTauri*
CVSO 1821,3217315063193342336,TTauri*
CVSO 554,3234419306592049152,TTauri*
V* V2412 Ori,3209573264384415360,TTauri*
CVSO 243,3217172264120537856,TTauri*
BKLT J162904-245140,6046072986395944064,TTauri*
RX J0437.4+1851A,3410400884263390720,TTauri*
2MASS J05351914-0604377,3017183434175057024,TTauri*
V* MN Mon,3326685615112100992,TTauri*
V* V474 Ori,3017262354195919872,TTauri*
ATO J083.1412-06.4464,3016769571126305792,TTauri*
RX J0507.5+1010,3290955232419734400,TTauri*
CVSO 273,3214819137437530624,TTauri*
ESO-HA 1486,3016949818016581376,TTauri*
CVSO 1669,3222402744011601280,TTauri*
V* V2681 Ori,3016949822312162048,TTauri*
CVSO 1564,3217557024470984448,TTauri*
2MASS J05325422+0231017,3223693811181589120,TTauri*
Cl* IC  348    LRL     252,216678355600911488,TTauri*
Haro 4-379,3017166907140904320,TTauri*
2MASS J05364018-0507292,3017396155324960256,TTauri*
Cl* NGC 2264    SBL    2012,3326715366350176384,TTauri*
VPHAS J173352.3-323009.9,4054631371479321856,TTauri*
IRAS 20588+5215,2170292746139002112,TTauri*
CVSO 672,3222084847712658944,TTauri*
Cl* NGC 2264    SBL    2334,3326741685908694528,TTauri*
2MASS J21371031+5730189,2178441364266809088,TTauri*
2MASS J05331073-0621482,3016777473866089728,TTauri*
2MASS J10442940-5941482,5350359095572200448,TTauri*
2MASS J05350724-0450254,3209572680268887296,TTauri*
NGC  2264   340,3326712411412676480,TTauri*
V* WW Ori,3017260846665436032,TTauri*
V* MM Ori,3209521209381041024,TTauri*
CVSO 572,3221247805830596736,TTauri*
2MASS J05351910-0454076,3209571477678050560,TTauri*
CVSO 105,3217226135894271744,TTauri*
2MASS J21395545+4313082,1966944255341219840,TTauri*
V* NO Lup,6036188926632560256,TTauri*
CVSO 594,3234194490823983616,TTauri*
EM* LkHA  365,3326717191711253632,TTauri*
Cl* NGC 2264    RMS    4907,3326694205046640896,TTauri*
V* V2543 Ori,3017362723299586304,TTauri*
V* V1474 Ori,3017264896816704000,TTauri*
CSIMon-007845,3326604281316172928,TTauri*
VPHAS J173349.4-321226.6,4054832856986331392,TTauri*
V* V2498 Ori,3017362345343488128,TTauri*
CVSO 1140,3222036121309015424,TTauri*
CVSO 1408,3217157077116160768,TTauri*
CVSO 356,3215220253023705600,TTauri*
2MASS J06031315-0859167,3005542320454988160,TTauri*
Cl* NGC 2264    VAS      95,3326929427518677504,TTauri*
CVSO 1182,3217099554618320896,TTauri*
CVSO 2075,3217644847962019456,TTauri*
CVSO 1327,3223481601141498368,TTauri*
Kiso A-0975  86,3210586361269300992,TTauri*
CVSO 30,3222255959210123904,TTauri*
BD+21   584,53092225348322816,TTauri*
CVSO 1731,3217764694729103232,TTauri*
V* LZ Mon,3326684687399179392,TTauri*
2MASS J05342477-0427332,3209645552976011648,TTauri*
V* V1320 Tau,151793082068521856,TTauri*
2MASS J05312373-0150245,3217198411881221120,TTauri*
V* V2089 Ori,3209519216516159104,TTauri*
ESO-HA  367,3326906200337167872,TTauri*
2MASS J05383431-0235000,3216489433039488640,TTauri*
2MASS J05375404-0244407,3216111132319723904,TTauri*
CVSO 1904,3222479812905042816,TTauri*
Haro 4-330,3017236588690303744,TTauri*
CD-36  7429A,3463395523652894336,TTauri*
JH 112,145951789107603200,TTauri*
V* V354 Mon,3326686572888883072,TTauri*
2MASS J05341723-0529043,3017268577606554112,TTauri*
2MASS J05375158-0641290,3016879247409639168,TTauri*
CD-75   652,5789867600093615360,TTauri*
[HL2013] 056.07613+32.12569,216680859565397888,TTauri*
2MASS J05345675-0526372,3017269608398678528,TTauri*
V* V2539 Ori,3017252291090540288,TTauri*
CVSO 1721,3217396633211883264,TTauri*
CVSO 904,3236073281317728768,TTauri*
2MASS J16053099-3845164,5997863352908118144,TTauri*
V* V832 Ori,3016953120847162240,TTauri*
CVSO 1254,3223550118755920512,TTauri*
Cl* NGC 2264    SBL      28,3326702004706943872,TTauri*
RX J0529.2-0615,3208970285334738944,TTauri*
CVSO 2041,3217161750040569984,TTauri*
2MASS J05360416-0504088,3209553610614241664,TTauri*
2MASS J05361925-0531083,3017344924956783360,TTauri*
CVSO 992,3236050737034348160,TTauri*
EM* LkHA  172,2162951684957670144,TTauri*
2MASS J03410638+2836357,71860167278734848,TTauri*
Kiso A-0976 329,3216489604838028928,TTauri*
2MASS J05380248-0640569,3016902680751203840,TTauri*
CVSO 416,3221291790592061824,TTauri*
ESO-HA  541,3326637197944759296,TTauri*
HD 142506,6235742349962813824,TTauri*
CVSO 941,3220550921617498624,TTauri*
CVSO 596,3222154941578772352,TTauri*
2MASS J05352877-0541339,3017248202281825536,TTauri*
CRTS J052244.8-010231,3220466607115456000,TTauri*
Cl* IC  348    LRL     159,216701956445523456,TTauri*
EM* SR    6,6049387292397752576,TTauri*
[BVD2011] 55,2178389790297157248,TTauri*
2MASS J20505543+4417461,2163136609073737600,TTauri*
V* MN Ori,3017265004193745280,TTauri*
ESO-HA  472,3326686714623729664,TTauri*
[SHB2004] Trumpler 37 13-1238,2178443391491685632,TTauri*
CD-24 12697A,6047588594453743360,TTauri*
2MASS J21371498+5729123,2178441158101474560,TTauri*
CVSO 642,3220365589484848640,TTauri*
CVSO 1284,3223552313484140800,TTauri*
CVSO 832,3220497118562592512,TTauri*
CVSO 817,3220104627271928064,TTauri*
2MASS J05335468-0208537,3216961638924022528,TTauri*
PM J03147+1127,16983468919490176,TTauri*
UCAC4 439-010124,3217043896138089216,TTauri*
V* V1463 Ori,3017269367880519168,TTauri*
2MASS J05345189-0617381,3017144676390215936,TTauri*
2MASS J05174675-0358469,3213466149723324416,TTauri*
HD 286746,3307329537537441024,TTauri*
ESO-HA  454,3326932004499068928,TTauri*
NGC  2264   213,3326698186480571264,TTauri*
RX J1005.3-7749,5202670052321415040,TTauri*
BKLT J162643-241112,6049174605616916608,TTauri*
ESO-HA  509,3326696472789403648,TTauri*
V* V383 Ori,3209492072320894080,TTauri*
CVSO 853,3220628097884988416,TTauri*
2MASS J05394411-0231092,3216446925747428224,TTauri*
[KWS97] TTS  15,5903894175757504128,TTauri*
RX J1548.1-3452,6011696343043299456,TTauri*
V* V1096 Sco,5996765181302424832,TTauri*
Kiso A-0975  69,3210191430436256384,TTauri*
V* V1431 Ori,3209523477123651456,TTauri*
Cl* NGC 2264    SBL    2131,3326715400709915264,TTauri*
Cl* IC  348    LRL     174,216680348465744128,TTauri*
CD-30 12558,6016504095074970752,TTauri*
V* AS Ori,3209574054658370304,TTauri*
Cl* NGC 2264    SBL    2229,3326740655117624448,TTauri*
CVSO 783,3222311587626520832,TTauri*
CD-24 12697B,6047588590158181120,TTauri*
2MASS J05070621-0317028,3213015629131551616,TTauri*
DETWC Tr 16 J104506.8-594446,5350357759863439232,TTauri*
2MASS J05353062-0650335,3016547710294461440,TTauri*
2MASS J21344730+5731148,2178433324087325056,TTauri*
2MASS J20505703+4416432,2163136402915305856,TTauri*
2MASS J05322354-0328579,3215947786124329216,TTauri*
2MASS J05363522-0650122,3016872615980069120,TTauri*
Kiso A-0903 143,3220135757194960896,TTauri*
CRTS J051859.4-022044,3214219560003058816,TTauri*
2MASS J05194358-0212230,3214227600181796480,TTauri*
V* V691 Ori,3209883635900019840,TTauri*
CoKu Tau-Aur Star 4,158048409878217216,TTauri*
BBRCG 54,6049144265967927936,TTauri*
CVSO 583,3222180505224729600,TTauri*
V* V1328 Tau,154623289422217600,TTauri*
THA 15-9,6008640216123767808,TTauri*
ATO J246.3514-23.9197,6049376503440534400,TTauri*
Haro 5-27,3216493758070824064,TTauri*
CVSO 117,3217187038807600256,TTauri*
HD 293815,3213015148094107392,TTauri*
2MASS J05465241+0020016,3219207116544986112,TTauri*
Cl* NGC 2264    SBL      55B,3326706815068371456,TTauri*
CVSO 1671,3217356775915410048,TTauri*
2MASSI J1802367-225804,4069269380253078400,TTauri*
2MASS J20324851+4021047,2064714508605244160,TTauri*
2MASS J05355298-0417396,3215646726096603136,TTauri*
2MASS J05222776+0155334,3234212083010030208,TTauri*
V* OW Ori,3017349494800319744,TTauri*
V* V2231 Ori,3017252840846366464,TTauri*
CVSO 1543,3216976001294595328,TTauri*
ASAS J155902-1844.3,6248323992794808320,TTauri*
DETWC Tr 16 J104528.3-594320,5350311305492754432,TTauri*
Cl* NGC 2264    SBL    1810,3326713785802382592,TTauri*
Cl* NGC 2264     DS      70,3326905444427772672,TTauri*
CVSO 389,3213486288826589056,TTauri*
CVSO 1293,3217202054013517952,TTauri*
ATO J076.8243-03.4091,3213010509529424384,TTauri*
2MASS J03254982+3110237,124018864299289088,TTauri*
Cl* NGC 2264    RMS    3701,3326695712579336576,TTauri*
2MASS J05371889-0647039,3016876773508485760,TTauri*
V* V2027 Ori,3209518563681133824,TTauri*
Cl* NGC 2264    VAS     203,3326737665818107008,TTauri*
CVSO 635,3222074402352059136,TTauri*
V* OO Ori,3209574741853143552,TTauri*
CVSO 250,3217564102576930560,TTauri*
2MASS J07035503-1128181,3046027163227906432,TTauri*
Kiso A-0904 170,3219222028671353344,TTauri*
2MASS J05252355-0328457,3210837256078113920,TTauri*
ATO J081.0230-02.6094,3214038690340674048,TTauri*
[RHS2000] 1-1530,3016954014198680064,TTauri*
Cl* NGC 2264    SBL     409,3326692207886018176,TTauri*
CVSO 705,3220593909945377792,TTauri*
CVSO 1052,3236063660591080960,TTauri*
CVSO 657,3221852301003603456,TTauri*
2MASS J05321646-0131389,3217237204025667712,TTauri*
Haro 5-13,3216491151026233472,TTauri*
2MASS J05464483+0016597,3219206291911268352,TTauri*
CVSO 1309,3223894953089967232,TTauri*
[CTS93] N 25,3016952738594343808,TTauri*
[SHB2004] Trumpler 37 24-1796,2178493694129380096,TTauri*
Cl* NGC 2264    RMS    5368,3326745675934315520,TTauri*
Kiso A-0975   7,3213614278852194560,TTauri*
RX J0556.1-0800,3018575033640452736,TTauri*
CVSO 229,3222191740859069952,TTauri*
RX J1150.4-7704,5224341834523833856,TTauri*
Cl* NGC 2264    FMS     468,3326636201512270720,TTauri*
HD 286264,3393207610483520896,TTauri*
2MASS J05075496+2500156,3419288030590780416,TTauri*
2MASS J05462298+0004264,3219149353529263616,TTauri*
CD-24 12809,6046749289143173504,TTauri*
V* NN Ori,3215666379866758016,TTauri*
CVSO 1917,3219468697234087296,TTauri*
EM* LkHA  297,3219194575240514688,TTauri*
CVSO 1743,3217341176592516224,TTauri*
HD  86588,5202082775674120960,TTauri*
2MASS J05503529-1249188,2997042442737592192,TTauri*
2MASS J18024092-2259414,4069269105375142656,TTauri*
ISO-Oph 204,6047512792574297984,TTauri*
2MASS J05361456-0533238,3017344684438619776,TTauri*
2MASS J20511244+4419430,2163136982730855168,TTauri*
CVSO 1548,3217571008884481920,TTauri*
2MASS J06392516+0932381,3326611501156328192,TTauri*
Cl* NGC 2264    SBL     172,3326715851681467776,TTauri*
2MASS J05320981-0133037,3217237066586728832,TTauri*
2MASS J05321263-0612345,3016828979113609600,TTauri*
EM* LkHA  138,2163139941968363136,TTauri*
CVSO 801,3220211623497004800,TTauri*
ESO-HA  374,3326687676696045568,TTauri*
CVSO 766,3220201934050804992,TTauri*
2MASS J04144739+2803055,163177116226018944,TTauri*
2MASS J05182112-0256087,3213976945891142144,TTauri*
CVSO 1268,3223548327754359424,TTauri*
2MASS J05395534+0915370,3336343003696388352,TTauri*
Cl* NGC 2264    RMS    4622,3326722272657195136,TTauri*
ESO-HA  455,3326712965463441024,TTauri*
Cl* NGC 2264    FMS     260,3326689596545867776,TTauri*
JH 223,148381984682184192,TTauri*
UCAC4 449-009846,3221359307477621760,TTauri*
CVSO 28,3222257123144852352,TTauri*
CVSO 1811,3222815095232033152,TTauri*
2MASS J05370771-0642185,3016881339057789696,TTauri*
VPHAS J173451.1-324558.4,4054565091543822848,TTauri*
2MASS J05354419-0550046,3017196765753498880,TTauri*
V* LY Mon,3326684962277086208,TTauri*
2MASS J16211540-2342265,6050183716774345216,TTauri*
V* V1750 Ori,3209573779780478592,TTauri*
HD 147402,6017953698086545536,TTauri*
V* V1446 Ori,3017270673550570624,TTauri*
V* V422 Mon,3326712278268676736,TTauri*
GSC 04771-00622,3216448785468916480,TTauri*
2MASS J21382804+5730464,2178400819773646464,TTauri*
CVSO 774,3234326393563328384,TTauri*
Cl* NGC 2264    SBL     454,3326722032139017600,TTauri*
2MASS J22362779+3954066,1908381173663678080,TTauri*
YLW 47,6049096093613205376,TTauri*
NGC  2264   190,3326741342310109056,TTauri*
2MASS J05344441-0526061,3017270501751883904,TTauri*
WRAY 15-1880,6733646363730649856,TTauri*
2MASS J20322051+4017555,2064714680404287104,TTauri*
EM* LkHA  304,3219148017795015808,TTauri*
V* V1096 Tau,163233981593016064,TTauri*
2MASS J05371478-0049317,3217708963233735168,TTauri*
CVSO 608,3236230030445024256,TTauri*
CVSO 725,3222281655998533504,TTauri*
ATO J339.2636+40.0884,1932403097548149248,TTauri*
ESO-HA  396,3326715679883318400,TTauri*
2MASS J05324263-0216553,3216933154700977664,TTauri*
V* CW Tau,163184091252903936,TTauri*
UCAC2  28872651,3050858760919803648,TTauri*
CVSO 858,3222292140014347264,TTauri*
CVSO 811,3222191328542214144,TTauri*
Cl* NGC 2264    SBL    1575,3326906200337169792,TTauri*
CVSO 1764,3217716213138480384,TTauri*
CVSO 890,3236070188941283712,TTauri*
Cl* NGC 2264    SBL    2205,3326929290079933184,TTauri*
Cl* NGC 2264    RMS    4663,3326739010145091072,TTauri*
CVSO 1940,3023910933507362944,TTauri*
Parenago  1672,3209575669566133632,TTauri*
Cl* IC  348    LRL     261,216694298519511168,TTauri*
CVSO 1862,3223192227720316800,TTauri*
CVSO 156,3217800252763697792,TTauri*
Cl* IC  348    LRL     335,216678248226162944,TTauri*
Cl* NGC 2264    SBL    2405,3326930909284527744,TTauri*
2MASS J05343025-0622010,3017138079320466048,TTauri*
CVSO 823,3222268259996196992,TTauri*
Cl* NGC 2264    FMS     345,3326686710327852160,TTauri*
CVSO 1210,3236018095282158080,TTauri*
WRAY 15-1443,6035606597786562048,TTauri*
V* VW Ori,3209439295762756480,TTauri*
2MASS J21364596+5729339,2178441707864184704,TTauri*
CVSO 99,3217151304679912448,TTauri*
2MASS J04162725+2053091,49366530195372416,TTauri*
2MASS J05341387-0536353,3017260709226477824,TTauri*
Cl* NGC 2264    VAS      38A,3326690425475642368,TTauri*
V* V608 Ori,3216445899250910976,TTauri*
CVSO 4,3221538699672236416,TTauri*
Parenago  1606,3017263251847106304,TTauri*
CVSO 846,3222290417732264192,TTauri*
VPHAS J173449.6-323728.8,4054615467234669440,TTauri*
CVSO 628,3234289014464389248,TTauri*
CVSO 124,3220674620970812416,TTauri*
KHA  69,3326714580371169280,TTauri*
CVSO 242,3217239467471778816,TTauri*
DETWC Tr 16 J104438.1-594326,5350357347546534016,TTauri*
CVSO 1208,3222017777503767552,TTauri*
IRAS F02084+7605,560989528486420736,TTauri*
UCAC4 430-010029,3209907137960499328,TTauri*
CVSO 827,3220578237608688000,TTauri*
V* V2045 Ori,3017268989923400064,TTauri*
CVSO 1163,3223747824690069120,TTauri*
2MASS J05064976-0319330,3213015148094107264,TTauri*
CVSO 1499,3217548640694871296,TTauri*
2MASS J05271313-0234150,3217052653579705088,TTauri*
ESO-HA 1693,3216061168964972288,TTauri*
CVSO 1219,3236037096217762304,TTauri*
2MASS J18021994-2303052,4069267142565187328,TTauri*
RX J1614.4-3808,5997568340188599680,TTauri*
[WMR2005] 2-19,6049369803290896896,TTauri*
ESO-HA  336,3326705402026118016,TTauri*
2MASS J05350278-0544429,3017249026915428864,TTauri*
CVSO 1155,3217116635704032640,TTauri*
V* V1572 Ori,3209534609678988416,TTauri*
Kiso A-0904  67,3216502798977562112,TTauri*
CVSO 449,3233772828115046144,TTauri*
Cl* NGC 2264    SBL    1788,3326929839837216640,TTauri*
V* V417 Ori,3017359012449385728,TTauri*
ESO-HA  325,3326894934638426752,TTauri*
2MASS J05260630-0309098,3210957171565182080,TTauri*
2MASS J05041593-0214505,3226831989166273536,TTauri*
Cl* NGC 2264    RMS    1792,3326688157732390784,TTauri*
EM* LkHA  148,2163140319925497088,TTauri*
CVSO 15,3222155250816426368,TTauri*
2MASS J21404150+5745219,2178496511640973568,TTauri*
CD-36 10208,6013480055841212416,TTauri*
2MASS J05362410-0508136,3017398624918457472,TTauri*
V* V1557 Ori,3017373752775567872,TTauri*
CVSO 1424,3217611519015871872,TTauri*
CVSO 86,3217245072405619328,TTauri*
Ass Cha T 1-8,5201206052588955264,TTauri*
RX J0933.2-7433,5217503421955427456,TTauri*
CVSO 234,3222188682842347520,TTauri*
V* V1324 Tau,147523605402800256,TTauri*
2MASS J05354915-0556182,3017187145026765184,TTauri*
2MASS J05345386-0623526,3017134471547930752,TTauri*
Cl* NGC 2264    FMS     175,3326690219314742528,TTauri*
Cl* NGC 2264    RMS    3333,3326697121329098496,TTauri*
2MASS J05352095-0604004,3017183537254269696,TTauri*
Ass Cha T 2-21,5201203647406601600,TTauri*
Cl* NGC 2264    VAS     181,3326697984617869824,TTauri*
V* V1978 Ori,3017270020715558016,TTauri*
ITG 33A,148384179410294272,TTauri*
2MASS J04204982+3009155,165313707837610624,TTauri*
2MASS J05454691+0014293,3219202271821896576,TTauri*
CVSO 609,3222170089927535616,TTauri*
2MASS J04324107+1809239,3314261649113588608,TTauri*
V* BB Ori,3016977546325141376,TTauri*
HD  99827,5191039487043372160,TTauri*
2MASS J05281249-0149387,3220119711195496448,TTauri*
CD-37 12759,6730059374535019520,TTauri*
CVSO 139,3216956755544720768,TTauri*
HD 283323,162641276107387136,TTauri*
2MASS J05344881-0533330,3017264042121086080,TTauri*
IPHAS J203545.40+400332.6,2064660220219734016,TTauri*
2MASS J04312509+2223219,145839432764631808,TTauri*
ESO-HA  485,3326695579436224640,TTauri*
1RXS J034432.1+395937,224753753112700928,TTauri*
CVSO 654,3222103947432067968,TTauri*
Cl* NGC 2264    SBL    2264,3326716126559368064,TTauri*
2MASS J05285085+0148442,3222232006177531264,TTauri*
2MASS J05070531-0300061,3214537250144311808,TTauri*
Kiso A-0904  76,3217473702105162752,TTauri*
CVSO 719,3222283309561633920,TTauri*
CVSO 114,3220753373491111040,TTauri*
CVSO 745,3220593493332616192,TTauri*
2MASS J05291295+0242408,3223853274726873856,TTauri*
Kiso A-0904 209,3218274146569076864,TTauri*
Cl* NGC 2264    RMS    1772,3326910568319185408,TTauri*
CVSO 60,3220228562847320448,TTauri*
CVSO 1716,3222877664315437184,TTauri*
HD 290772,3217267371876556160,TTauri*
2MASS J21402287+5727329,2178383055789275904,TTauri*
2MASS J05345439-0517211,3209519422675438464,TTauri*
[BCG93]  1,163181342473839744,TTauri*
2MASS J05345143-0513295,3209522137093918336,TTauri*
V* V568 Ori,3017346127547506048,TTauri*
UCAC4 294-084327,6016579858294506368,TTauri*
2MASS J05511418-0651506,3018946157471668864,TTauri*
2MASS J05335219-0156398,3217156385625839232,TTauri*
V* AG Ori,3017252943925578752,TTauri*
NGC  2264   102,3326690734712747264,TTauri*
V* V2573 Ori,3017374302534463488,TTauri*
2MASS J05452137-0000459,3219171107539228032,TTauri*
V* OV Mon,3326693174255229184,TTauri*
CVSO 828,3220515878979716096,TTauri*
[W96] rJ053849-0238,3216485309870884864,TTauri*
2MASS J06310363+1001133,3327308797687987584,TTauri*
Cl* NGC 2264    VAS     161,3326711969031021056,TTauri*
2MASS J16035767-2031055,6244083039015457664,TTauri*
VPHAS J173324.8-322536.8,4054635430227740544,TTauri*
IRAS 18440+0052,4278583992932562048,TTauri*
2MASS J05390532-0135327,3217327703281921024,TTauri*
V* BZ Ant,5449301299389982208,TTauri*
CVSO 1230,3223543727844616320,TTauri*
CVSO 659,3222274410389453824,TTauri*
RX J1546.7-3210,6016294535029021696,TTauri*
CVSO 470,3234178238667788544,TTauri*
RX J0506.8-0327,3213004256057061120,TTauri*
CVSO 849,3222186445164181888,TTauri*
ESO-HA  352,3326946817843121920,TTauri*
CVSO 1417,3217168140951886592,TTauri*
2MASS J05390878-0231115,3216488672829966464,TTauri*
NGC  2264   162,3326689703921654272,TTauri*
VPHAS J173215.2-315645.1,4054895941465620480,TTauri*
2MASS J05365436-0607218,3016986621592070656,TTauri*
V* V1764 Ori,3017173298052218880,TTauri*
V* V1425 Ori,3017256001942328960,TTauri*
UCAC4 426-009494,3210109894777145472,TTauri*
2MASS J05254994-0443392,3210129685986524544,TTauri*
V* V1106 Ori,3215646760456346112,TTauri*
CVSO 1795,3217319873556501504,TTauri*
Cl* NGC 2264    SBL     372,3326693311693652608,TTauri*
CD-36 10569,6010706473346764416,TTauri*
V* V343 Mon,3326717466589159424,TTauri*
CVSO 818,3220634347061740928,TTauri*
CVSO 1102,3221904424727241856,TTauri*
CSIMon-001668,3326592259703196160,TTauri*
2MASS J05332004-0543306,3017235420459056512,TTauri*
Kiso A-0903 221,3220694343460689024,TTauri*
ATO J080.6466-04.6289,3210181088154855808,TTauri*
2MASS J07034994-1132148,3046019913323142400,TTauri*
V* BW Ori,3017134471547930624,TTauri*
V* V1713 Ori,3209626247100969600,TTauri*
HD  21051,17501068313867008,TTauri*
NGC  2264   499,3326694853585927936,TTauri*
CRTS J042959.5+243307,146366442430208640,TTauri*
V* V2807 Ori,3235992050599996928,TTauri*
2MASS J05335510-0556138,3017216350804267008,TTauri*
WSB 48,6049064551374989312,TTauri*
2MASS J05350734-0618552,3017143714317537152,TTauri*
CVSO 845,3221876765137398528,TTauri*
SPICY 56540,4054896117573596160,TTauri*
2MASS J05354220-0615144,3017142992763753344,TTauri*
V* RZ Ori,3209443384571589888,TTauri*
Kiso A-0975  43,3208514640843666560,TTauri*
2MASS J21371183+5724486,2178393363709897600,TTauri*
EM* AS  209,4326521359869384576,TTauri*
CVSO 1237,3223528369041596672,TTauri*
[W96] pJ053847-0234,3216486924778686976,TTauri*
EM* LkHA   68,3326696124896220928,TTauri*
Cl* NGC 2264    SBL    2294,3326741484046267776,TTauri*
V* V1609 Ori,3209566873473235968,TTauri*
CD-43 10250,5989438654307412864,TTauri*
Parenago  1280,3209541412907075584,TTauri*
2MASS J21383470+5741274,2178449984252834560,TTauri*
V* CH Ori,3209581682520242560,TTauri*
2MASS J05240218-0029558,3220592432476534528,TTauri*
2MASS J05333100-0606056,3017204771572459776,TTauri*
Cl* NGC 2264    FMS     247,3326689115509505664,TTauri*
[SS94] V410 X-ray 7,164513400810646912,TTauri*
RX J1207.7-7953,5787486405802316288,TTauri*
CVSO 51,3220936270378856192,TTauri*
2MASS J05283222-0155170,3217115394457730432,TTauri*
2MASS J06395829+0928486,3326700316784808448,TTauri*
V* V680 Ori,3209796259085036544,TTauri*
CVSO 443,3208444512617763712,TTauri*
V* V1067 Tau B,162489749658249728,TTauri*
CVSO 1018,3235881721480293376,TTauri*
2MASS J05373853-0124270,3217391887271987072,TTauri*
2MASS J05343861-0422262,3209652326142331776,TTauri*
CVSO 830,3222298427846460544,TTauri*
ESO-HA  341,3326708533057223808,TTauri*
CVSO 525,3214151596440769536,TTauri*
V* V1281 Ori,3017367705461640064,TTauri*
Cl* IC  348    LRL     180,216682547488981504,TTauri*
2MASS J04171680+3053521,166173869528755968,TTauri*
2MASS J05360324-0544328,3017200163070365696,TTauri*
Cl* IC  348    LRL      76,216706702385371904,TTauri*
2MASS J05340726-0149380,3217164047846318336,TTauri*
CVSO 219,3222204484025585536,TTauri*
NGC  2264   454,3326692383981200640,TTauri*
Cl* IC  348    LRL     122,216706186988969856,TTauri*
Cl* NGC 2264    FMS     474,3326637026146036352,TTauri*
2MASS J05362100-0527340,3017348670171307904,TTauri*
V* NW Ori,3017183915211386496,TTauri*
Haro 5-97,3218240508384835584,TTauri*
EM* LkHA   31,3326928705964373888,TTauri*
2MASS J05392456-0220441,3216499947119356032,TTauri*
Cl* NGC 2264    SBL     369,3326693101239225472,TTauri*
CVSO 217,3222272211366117760,TTauri*
2MASS J04422101+2520343,148112913570653568,TTauri*
V* UZ Tau A,151045650384137600,TTauri*
[SHB2004] Trumpler 37 11-383,2178389339310069888,TTauri*
CVSO 436,3215183689966321280,TTauri*
CVSO 754,3210822859347775360,TTauri*
CRTS J052323.7+013214,3222176313336004224,TTauri*
CVSO 1176,3222037603072771072,TTauri*
Cl* IC  348    LRL     163,216681104379984768,TTauri*
[SHB2004] Trumpler 37 12-1091,2178391199046443648,TTauri*
V* V2720 Ori,3016935563020738688,TTauri*
CVSO 1462,3217559738890382720,TTauri*
V* V2574 Ori,3017372648958515200,TTauri*
2MASS J06391703+0958153,3326921116758931072,TTauri*
Cl* NGC 2264    LBM    6678,3326740242799311360,TTauri*
Cl* NGC 2264    FMS      96,3326683690966797824,TTauri*
CPD-82   291,5195232337195493760,TTauri*
ATO J081.0350-02.3907,3214076962796441472,TTauri*
2MASS J05373666-0234003,3216126181885110016,TTauri*
2MASS J05351093-0633052,3016942228809945216,TTauri*
EM* LkHA  301,3219119254397786240,TTauri*
KHA  95,3326715611163298304,TTauri*
V* V594 Mon,3326906238992398720,TTauri*
CVSO 1177,3223852278294458496,TTauri*
2MASS J05323504-0605373,3017218343669146496,TTauri*
2MASS J05284394-0244546,3216997304332969472,TTauri*
UCAC4 414-007646,3208052051391384320,TTauri*
CVSO 36,3222268122557250304,TTauri*
Kiso A-0904   1,3220661529910667904,TTauri*
2MASS J05353044-0605007,3017183292438338944,TTauri*
CVSO 804,3222267705944477440,TTauri*
V* IP Ori,3209550037201361024,TTauri*
2MASS J05272676-0339365,3210722700710806784,TTauri*
2MASS J05353355-0424566,3209640025355962624,TTauri*
CVSO 1004,3223862208258876544,TTauri*
2MASS J05360460-0611271,3017167113299325824,TTauri*
2MASS J05293886+0359100,3236099944475003136,TTauri*
ESO-HA  521,3326698877971076608,TTauri*
CVSO 252,3217624266478766720,TTauri*
CVSO 520,3222141743144310272,TTauri*
[HR92] 33,3017133475115510528,TTauri*
2MASS J05325156-0207362,3217129554965775616,TTauri*
Kiso A-0975  45,3213527348713890560,TTauri*
CVSO 211,3222268844111791616,TTauri*
2MASS J05373524-0628217,3016956144504016128,TTauri*
CHX 18N,5225327134382282880,TTauri*
V* V1519 Ori,3209534128642592896,TTauri*
2MASS J05312741-0051238,3220658437534217728,TTauri*
Haro 5-21,3216488814564157440,TTauri*
HD 285751,3312019813623548160,TTauri*
2MASS J16070373-2043074,6244007516310200192,TTauri*
CVSO 864,3210609760251086976,TTauri*
[SHB2004] Trumpler 37 73-758,2178435282592574848,TTauri*
ESO-HA  338,3326946641747982464,TTauri*
V* V931 Ori,3209851097227335808,TTauri*
V* MQ Lup,6013716420778025600,TTauri*
CVSO 5,3233787637162284160,TTauri*
VPHAS J173437.5-323438.9,4054618761456141056,TTauri*
2MASS J09424962-7726407,5203452973320952192,TTauri*
CVSO 181,3216630612908462848,TTauri*
2MASS J05305220-0218284,3217029529475375744,TTauri*
Cl* IC  348    LRL     120,216681688495523712,TTauri*
V* V1506 Ori,3017246621733867904,TTauri*
CVSO 1897,3217513215803736576,TTauri*
RX J1608.0-3857,5997087475657090048,TTauri*
CVSO 200,3222281282337103872,TTauri*
2MASS J18025385-2300336,4069263122463220736,TTauri*
Cl* IC  348    LRL     396,216682130875987968,TTauri*
IRAS 07330-2332,5615411702195622656,TTauri*
V* V1701 Ori,3017244216552060672,TTauri*
Cl* NGC 2264    SBL    2210,3326717191711252608,TTauri*
CVSO 740,3222288326083416320,TTauri*
2MASS J05354049-0452260,3209560138964360064,TTauri*
V* MN Lup,6007250261617947776,TTauri*
EM* LkHA   64,3326685443313412224,TTauri*
CVSO 1349,3223995730202382336,TTauri*
2MASS J13462594-7409295,5791364211520750080,TTauri*
V* TX Ori,3216108997720732544,TTauri*
CVSO 248,3217180647896645248,TTauri*
CVSO 2094,3217626736084231040,TTauri*
EM* LkHA  228,2068911864187660544,TTauri*
V* V1439 Ori,3209546562568993408,TTauri*
CVSO 1066,3221928064227032192,TTauri*
2MASS J06395340+1006335,3326947470678171904,TTauri*
2MASS J05352244-0040032,3217770806465971072,TTauri*
V* V1167 Ori,3215927926195580544,TTauri*
2MASS J21390054+5734280,2178398547733899776,TTauri*
RX J1552.5-3224B,6015390358513110656,TTauri*
CVSO 872,3223826607274242688,TTauri*
CRTS J052633.9-023210,3211061208556184064,TTauri*
V* V369 Ori,3215624529705519616,TTauri*
CVSO 942,3223809358685334528,TTauri*
2MASS J05373317-0558212,3017083339959933824,TTauri*
2MASS J05393169-0143070,3217310798290476416,TTauri*
2MASS J21381612+5719357,2178389824656943616,TTauri*
Cl* NGC 2264    RMS    2299,3326703928852282240,TTauri*
2MASS J05342753-0528284,3017269986356093824,TTauri*
SPICY 56449,4054897281495585152,TTauri*
CVSO 563,3222127007111508736,TTauri*
V* V2378 Ori,3017252943925579008,TTauri*
CVSO 33,3220146477433274880,TTauri*
2MASS J05071094-0323533,3213010750047595520,TTauri*
Cl* NGC 1981     AR      69,3209638547887275776,TTauri*
V* V1323 Tau,3314295081138950784,TTauri*
2MASS J05352659-0616283,3017142717885109248,TTauri*
CD-26  8623B,3485098646237003136,TTauri*
ESO-HA 1566,3016975248518672896,TTauri*
V* V2122 Ori,3217649963267569664,TTauri*
CVSO 64,3220224405318982784,TTauri*
CVSO 815,3211009226568626816,TTauri*
WL 18,6049119831897974784,TTauri*
2MASS J05352115-0518213,3017366846468191104,TTauri*
TYC 6191-552-1,6248435902467580416,TTauri*
2MASS J05364167-0611465,3016979887083226240,TTauri*
Cl* NGC 2264    FMS     435,3326685546392623616,TTauri*
V* V1988 Ori,3017264140902280064,TTauri*
Cl* Trumpler   14      Y     334,5350359993246257920,TTauri*
Cl* IC  348    LRL     329,216681237523246208,TTauri*
2MASS J05351885-0444100,3209578177827165568,TTauri*
CVSO 1766,3016982910740185728,TTauri*
V* V424 Ori,3209530727026200448,TTauri*
BKLT J162854-244743,6049076646002793856,TTauri*
Cl* NGC 2264    RMS    1251,3326908575454395648,TTauri*
CVSO 1340,3223982295544732800,TTauri*
V* V590 Aur,161582343330946432,TTauri*
CVSO 1157,3223746377286116352,TTauri*
V* V1477 Ori,3017363444855642496,TTauri*
CVSO 1196,3223849284702000000,TTauri*
Cl* NGC 2264    FMS     350,3326696056176747264,TTauri*
2MASS J06392200+1006233,3326926957914403968,TTauri*
LP  247-13,139257717503546368,TTauri*
GSS 20,6049135813472323072,TTauri*
CVSO 653,3221399851968775296,TTauri*
CVSO 743,3222257745916329216,TTauri*
CVSO 1889,3216434693680685568,TTauri*
Cl* NGC 2264    RMS     559,3326895312595616640,TTauri*
2MASS J16302001-2536112,6045956609961868672,TTauri*
2MASS J05353821-0514190,3017373409178184576,TTauri*
[BVD2011] 50,2178443219693138688,TTauri*
Cl* IC  348    LRL     111,216680554624176000,TTauri*
CVSO 473,3213891458861732096,TTauri*
2MASS J05405814-0231321,3216467408447094400,TTauri*
CVSO 1506,3216968987611090816,TTauri*
2MASS J20505875+4423174,2163140281266601728,TTauri*
EM* LkHA  154,2163137742945115136,TTauri*
V* V2214 Ori,3017367155709057024,TTauri*
CVSO 381,3215230045549083392,TTauri*
V* BZ Ari,129093492715773184,TTauri*
CVSO 835,3220609715424974848,TTauri*
Cl* NGC 2264    LBM    5613,3326696777731712640,TTauri*
V* V422 Ori,3209530830107709696,TTauri*
2MASS J06032324-0944118,3005337708212723072,TTauri*
CVSO 1211,3223540291870823552,TTauri*
2MASS J02521639+6001526,464550161031150464,TTauri*
Cl* IC  348    LRL     198,216677698470254976,TTauri*
ISO-Oph 123,6049176770280443648,TTauri*
2MASS J05350658-0559514,3017187900941170304,TTauri*
V* V807 Mon,3326696816386427776,TTauri*
2MASS J05352544-0454039,3209571305879349248,TTauri*
Cl* NGC 2264    FMS     138,3326702863700389376,TTauri*
NGC  2264    28,3326606239820589312,TTauri*
2MASS J05284688+0252140,3223871107431079168,TTauri*
CVSO 662,3236174230229658240,TTauri*
HD 284496,145034968209407232,TTauri*
CVSO 619,3222052480839172224,TTauri*
CVSO 412,3214399845550430592,TTauri*
Cl* NGC 2264    SBL    1943,3326710697720723456,TTauri*
V* V489 Ori,3017367568022692480,TTauri*
CVSO 932,3221019798902558976,TTauri*
2MASS J07041786-1134268,3045837600552637056,TTauri*
CVSO 1328,3220666649512241664,TTauri*
UCAC4 427-009311,3210371715982492672,TTauri*
THA 15-20,5997091358307172224,TTauri*
HD 244354,3416165413271907072,TTauri*
V* V1293 Ori,3017359837082924032,TTauri*
IRAS 13539-4153,6110389017844927744,TTauri*
2MASS J05070471-0302410,3214533706794971136,TTauri*
Cl* NGC 2264    LBM    6263,3326685439018039680,TTauri*
2MASS J15512684-3131008,6039696712317735552,TTauri*
2MASS J05464687+0009076,3219155950599340800,TTauri*
Cl* NGC 2264    SBL    2113,3326717462294178944,TTauri*
CVSO 2016,3222202044485561856,TTauri*
CVSO 805,3221849036828588544,TTauri*
2MASS J05370069-0441097,3209570000209415168,TTauri*
2MASS J05352192-0528273,3017359459125971840,TTauri*
CVSO 905,3235853413352060800,TTauri*
Cl* NGC 2264    FMS     372,3326695579436224384,TTauri*
Cl* NGC 2264     DS     488,3326722272657198720,TTauri*
ESO-HA  543,3326748493432867584,TTauri*
V* V1569 Ori,3209527806450736256,TTauri*
CVSO 346,3208390739627143424,TTauri*
CVSO 1241,3223542525253775104,TTauri*
2MASS J05352839-0458071,3209535601812562176,TTauri*
V* V1142 Ori,3016958240448050688,TTauri*
2MASS J07041912-1133480,3045837978509746176,TTauri*
2MASS J05462783+0005483,3219149563983238912,TTauri*
CVSO 352,3215549144439104512,TTauri*
Kiso A-0904 131,3217445149162166656,TTauri*
V* NZ Mon,3326689184228992000,TTauri*
2MASS J07035666-1134553,3045831862476390144,TTauri*
V* V1251 Cen,6128493752409759744,TTauri*
2MASS J20510029+4424364,2163140384345825024,TTauri*
Cl* NGC 2264    SBL     219,3326928847700236928,TTauri*
Cl* NGC 2264    RMS     310,3326893487233725696,TTauri*
[BPH2019] V150,2163142037911349504,TTauri*
V* V2678 Ori,3216016398224476544,TTauri*
GSS 29,6049162545348745984,TTauri*
CVSO 1966,3319191412575487104,TTauri*
CVSO 769,3222264308626333184,TTauri*
CRTS J052327.0-020138,3214154482658764416,TTauri*
2MASS J18594100-3656011,6730885043344827392,TTauri*
V* V767 Ori,3017132336946144000,TTauri*
2MASS J05355751-0439090,3209584981055126528,TTauri*
V* V1567 Ori,3017186556613621120,TTauri*
2MASS J05343919-0625242,3017135394965152000,TTauri*
CVSO 54,3222232044832065280,TTauri*
CVSO 1074,3223815994410790912,TTauri*
Cl* IC  348    LRL     414,216701926379820032,TTauri*
2MASS J05351918-0443491,3209578177827165184,TTauri*
2MASS J21370843+5722484,2178393157555047040,TTauri*
CVSO 1903,3224156121461669376,TTauri*
Cl* IC  348    LRL     160,216675744260806784,TTauri*
G   6-43,162484320823473408,TTauri*
CVSO 1256,3221160845628178048,TTauri*
2MASS J05350312-0509170,3209528665444202240,TTauri*
V* V1313 Ori,3017268921203929984,TTauri*
CVSO 230,3222218159201614336,TTauri*
CVSO 911,3220555942434579072,TTauri*
2MASS J05371451-0545368,3017278988618857984,TTauri*
V* V2610 Ori,3209558833294517632,TTauri*
V* V1773 Ori,3209582953830526208,TTauri*
V* V2347 Ori,3017367499303217280,TTauri*
NGC  2264   156A,3326716092199626880,TTauri*
V* V714 Ori,3209590135016090496,TTauri*
PM J04192+1714,47301574342800128,TTauri*
CVSO 154,3217701713328945280,TTauri*
CD-23 12602,6237136599427052544,TTauri*
CVSO 856,3220132389940482688,TTauri*
2MASS J05452268-0014274,3219113378882611968,TTauri*
CVSO 648,3221859271734412416,TTauri*
2MASS J05354587-0605388,3017171717504985088,TTauri*
2MASS J05333652-0626424,3016772319905605248,TTauri*
2MASS J05344351-0451364,3209552304944061312,TTauri*
CVSO 413,3214379676384028032,TTauri*
2MASS J05330722-0037294,3220692208862128256,TTauri*
V* V2365 Ori,3209579517856776832,TTauri*
2MASS J21393612+5731289,2178398655110430080,TTauri*
2MASS J05352706-0617538,3017141171696884992,TTauri*
Cl* IC  348    LRL    1936,216629874010076544,TTauri*
2MASS J05241184+2000354,3401994980429333888,TTauri*
CVSO 647,3222167139285817088,TTauri*
Cl* NGC 2264    SBL    2125,3326741037369677312,TTauri*
2MASS J05363803-0624251,3016948825879748864,TTauri*
2MASS J05375980-0642055,3016878457135655808,TTauri*
CVSO 1099,3223870312860902144,TTauri*
UCAC2  30800102,3216486134504606592,TTauri*
V* V719 Ori,3209440223475675648,TTauri*
CVSO 618,3214154139061379712,TTauri*
ESO-HA  406,3326710525922028416,TTauri*
2MASS J04335252+2256269,145955877916423168,TTauri*
2MASS J05380232-0147405,3217316811243818752,TTauri*
CVSO 2098,3217145738402346752,TTauri*
ATO J081.9792-03.1686,3210963562476578304,TTauri*
V* V818 Ori,3017142271208496640,TTauri*
CVSO 706,3220598067473710464,TTauri*
2MASS J05065050-0320142,3213014941936797952,TTauri*
2MASS J05450608+2253546,3427539517465938304,TTauri*
CVSO 917,3223835682540901888,TTauri*
Cl* NGC 2264    VAS     125,3326684648743194112,TTauri*
2MASS J05365073-0537473,3017295653091963008,TTauri*
CVSO 717,3235906774025816576,TTauri*
NGC  2264   404,3326739933562218496,TTauri*
2MASS J05303165-0159079,3217190406062278016,TTauri*
CVSO 778,3222202873414312704,TTauri*
Cl* NGC 2264    RMS    4039,3326699526510395264,TTauri*
2MASS J05345127+0234313,3223704497060119552,TTauri*
Cl* IC  348    LRL     413,216702025165001856,TTauri*
UCAC3 133-184451,6050169938519076992,TTauri*
ATO J246.0661-24.4599,6049324620234856320,TTauri*
V* NU Mon,3326716985553376128,TTauri*
2MASS J05264348+0143538,3222239153002250368,TTauri*
CVSO 246,3217188413197132160,TTauri*
2MASS J05350397-0411538,3215662943892925696,TTauri*
2MASS J19012717-3659085,6731198266716413312,TTauri*
CVSO 2021,3236058334831649280,TTauri*
2MASS J21352386+5738145,2178435797980599296,TTauri*
CVSO 1053,3221921742035204736,TTauri*
CVSO 337,3233671192009476864,TTauri*
CVSO 834,3220107925806787584,TTauri*
ATO J083.2058+02.5682,3223695254290592896,TTauri*
V* V822 Ori,3016952158774377344,TTauri*
2MASS J04362151+2351165,147546080967742720,TTauri*
2MASS J16262096-2408468,6049357429490158336,TTauri*
2MASS J05315128+1216208,3340975551124339456,TTauri*
V* V670 Mon,3326696537213102080,TTauri*
CVSO 122,3217613889838082176,TTauri*
2MASS J05325215+0243562,3223886672393120512,TTauri*
THA 15-33,5997006897751436544,TTauri*
ESO-HA  441,3326716435797008256,TTauri*
V* V1528 Ori,3017265137334877184,TTauri*
V* V661 Ori,3333490660077972352,TTauri*
2MASS J05104050-0316415,3214456023722931456,TTauri*
2MASS J05334517-0624411,3016772869661138432,TTauri*
CD-41 10274,5989756275721645824,TTauri*
2MASS J04073502+2237394,53515017631040384,TTauri*
CRTS J052923.3+041330,3236493707076097280,TTauri*
CVSO 975,3223803723688113664,TTauri*
V* V584 Mon,3326685443313414144,TTauri*
Cl* IC  348    LRL      87,216694195440291328,TTauri*
NGC  2264   287,3326709903151925632,TTauri*
V* V1592 Ori,3017342622854337792,TTauri*
CVSO 676,3220371671158510336,TTauri*
CVSO 1362,3217172710797128832,TTauri*
V* UX Tau C,3314508622617470848,TTauri*
CVSO 612,3222184727176253440,TTauri*
CVSO 341,3215134658618889088,TTauri*
UCAC4 465-011128,3223907661898178688,TTauri*
UCAC4 437-010938,3216437751697430912,TTauri*
CVSO 1281,3223526135658836864,TTauri*
V* V1696 Ori,3017157561292097408,TTauri*
V* V1852 Ori,3242527307197324928,TTauri*
Cl* NGC 2264    SBL     441,3326723204665788416,TTauri*
CVSO 1765,3217795481054651392,TTauri*
Cl* IC  348    LRL    1719,216707247844807808,TTauri*
ATO J324.4370+57.4037,2178392740924572800,TTauri*
IRAS F05574-0952,2999382959396010240,TTauri*
Cl* NGC 2264    SBL    2240,3326929324439658112,TTauri*
2MASS J05315368-0143430,3217224319124298496,TTauri*
VPHAS J173443.4-323555.2,4054618486576468608,TTauri*
NGC  2264   101,3326690734712747008,TTauri*
V* V1722 Ori,3209547941257283328,TTauri*
2MASS J05390093+2322079,3404396107665898752,TTauri*
2MASS J21375022+5725487,2178394291422867840,TTauri*
2MASS J05310160-0153248,3217198549320216448,TTauri*
Cl* NGC 2264    LBM    6014,3326686680262955136,TTauri*
2MASS J05580196-0145205,3025950729438276352,TTauri*
NGC  2264   140B,3326696812091756288,TTauri*
EM* LkHA  150,2163136059317926016,TTauri*
CVSO 928,3236069256933606656,TTauri*
ATO J088.4400-10.4141,3011244422116450816,TTauri*
Cl* NGC 2264    SBL     184,3326715886041748224,TTauri*
Cl* NGC 2264    SBL    2445,3326740178376209536,TTauri*
CVSO 1352,3220755980536745216,TTauri*
CVSO 1023,3220125414913700992,TTauri*
[W96] rJ053820-0234,3216115118049327872,TTauri*
ESO-HA  535,3326699663949354496,TTauri*
CVSO 838,3222090787651218688,TTauri*
[AD95] 1192,3017356602958232064,TTauri*
2MASS J21392541+5733202,2178398998707790080,TTauri*
Cl* NGC 2264    FMS     400,3326686680263988224,TTauri*
2MASS J05475571+2448265,3428570726230352384,TTauri*
CVSO 567,3237214505668335488,TTauri*
V* V924 Ori,3209805845452002048,TTauri*
2MASS J20504858+4421045,2163139804527939968,TTauri*
CVSO 1079,3223858664910572032,TTauri*
CVSO 202,3222261074514809600,TTauri*
Cl* NGC 2264    SBL     336,3326695716875166720,TTauri*
Cl* IC  348    LRL     255,216677599686672512,TTauri*
CVSO 1035,3221815192486178304,TTauri*
2MASS J05362395-0645237,3016921853485148288,TTauri*
V* V693 Ori,3216699336682284288,TTauri*
CVSO 747,3222269703105454976,TTauri*
V* V1115 Ori,3017210062972324096,TTauri*
CVSO 300,3212084548940378496,TTauri*
V* V1097 Sco,5997107885335262848,TTauri*
2MASS J05300505-0215231,3217043964857566464,TTauri*
V* TY Ori,3216109105095331712,TTauri*
CD-28 11578,6233126130764332416,TTauri*
CVSO 995,3236061938308977792,TTauri*
2MASSW J1802281-230142,4069268757462765184,TTauri*
CVSO 1718,3217284208148357504,TTauri*
2MASS J04320329+2528078,151028990206478080,TTauri*
CVSO 1828,3217722913287421184,TTauri*
CVSO 1969,3316076393055251968,TTauri*
2MASS J05073482-0315207,3213014426539570816,TTauri*
CVSO 19,3222184490953690496,TTauri*
2MASS J22562007+6252228,2207273960748406272,TTauri*
2MASS J05355370-0630546,3016946759999815936,TTauri*
CVSO 1450,3217613988620865792,TTauri*
CVSO 1403,3217187313685505920,TTauri*
CVSO 1232,3236093927226057600,TTauri*
HD 176383,6731752867256886144,TTauri*
V* V2691 Ori,3215650677466482560,TTauri*
2MASS J05343178-0457374,3209549758027206272,TTauri*
Cl* NGC 2264    SBL      63,3326714782234731520,TTauri*
CVSO 20,3222177069250229632,TTauri*
RX J1552.5-3224A,6015390358518113920,TTauri*
ESO-HA  479,3326685065356300032,TTauri*
2MASS J04400363+2553547,148386039131313280,TTauri*
CVSO 1849,3217470609728261888,TTauri*
NAME T Cha B,5199985216726016896,TTauri*
V* V1095 Sco,5997413377751192960,TTauri*
NGC  2264    97,3326708807935123328,TTauri*
2MASS J20510830+4416516,2163135711420301568,TTauri*
[SHB2004] Trumpler 37 53-1561,2178192737199560064,TTauri*
ATO J087.6185+02.9864,3319202579490423424,TTauri*
V* V501 Ori,3017200510964946048,TTauri*
2MASS J05352021-0546510,3017245006826170368,TTauri*
2MASS J05361296-0555270,3017192470786200192,TTauri*
2MASS J15171083-3434194,6200310519037175040,TTauri*
1RXS J052638.7+223151,3416010588290764160,TTauri*
ESO-HA 1473,3016977584981112192,TTauri*
V* V1331 Tau,3309809520374447872,TTauri*
CVSO 1834,3217375944354509952,TTauri*
2MASS J05354272-0405520,3215671293309507584,TTauri*
2MASS J05384921-0241251,3216109586131654656,TTauri*
CSIMon-008141,3326672867649775616,TTauri*
Cl* NGC 2264    RMS    3594,3326710968303259648,TTauri*
Cl* NGC 2264    FMS     167,3326690215021171712,TTauri*
V* V1674 Ori,3209424383636500608,TTauri*
V* V1040 Ori,3209596663366363008,TTauri*
HD 200240,2170311162958800000,TTauri*
Cl* NGC 2264    FMS     472,3326691215749443072,TTauri*
2MASS J05072592-0317122,3213013876783764352,TTauri*
TAP  5,217611566094776576,TTauri*
ESO-HA  828,3017203191024502656,TTauri*
ESO-HA  495,3326711071382482816,TTauri*
EM* SR   21A,6049152267490979072,TTauri*
CVSO 2089,3217597809480389760,TTauri*
Haro 5-54,3216577836349942528,TTauri*
NAME Haro 6-37 A,3406270362673331072,TTauri*
ESO-HA 1497,3016948654081059328,TTauri*
CVSO 693,3221408201385159552,TTauri*
2MASS J05352858-0630037,3016944290394245888,TTauri*
CVSO 683,3221839313022714752,TTauri*
Cl* NGC 2264    LBM    2676,3326905994179035008,TTauri*
ATO J082.8797-03.7743,3209936343738052992,TTauri*
V* BX Ori,3017236554330564224,TTauri*
CVSO 1877,3217304171156255104,TTauri*
2MASS J20511209+4418477,2163136123738466688,TTauri*
Cl* NGC 2264    RMS    4940,3326723853203956224,TTauri*
VPHAS J173456.8-324443.3,4054565503861393408,TTauri*
EM* LkHA   53,3326697228703282432,TTauri*
CVSO 38,3222216170633029504,TTauri*
RX J1602.8-2401B,6236273895118889472,TTauri*
SZ 108,5997082214303850880,TTauri*
HD 146516,6050373760491905920,TTauri*
LAMOST J025617.98+200610.0,84350791167039232,TTauri*
CVSO 308,3211846642111329280,TTauri*
Cl* IC  348    LRL     124,216672686244092928,TTauri*
2MASS J05281509-0025250,3220936029860700032,TTauri*
BKLT J162708-241204,6049171650679414528,TTauri*
CVSO 800,3220153452460137984,TTauri*
BKLT J162656-241353,6049171096626943744,TTauri*
V* V1163 Ori,3209406306117032960,TTauri*
CVSO 1090,3236008680713836416,TTauri*
CD-34  7390B,5399220743767211264,TTauri*
CVSO 274,3226858480525444352,TTauri*
V* V938 Ori,3017163333728131456,TTauri*
CVSO 862,3220132389940482048,TTauri*
Cl* NGC 2264    SBL     410,3326697950258130816,TTauri*
CVSO 31,3220568621177957120,TTauri*
CVSO 909,3222225855783787392,TTauri*
SZ  77,6011392186336443392,TTauri*
V* V1196 Tau,51832421242688128,TTauri*
CVSO 1278,3223529159315543808,TTauri*
V* V780 Ori,3209525744866443136,TTauri*
2MASS J11531324-6205210,5334731122684318208,TTauri*
CVSO 158,3217817162049536000,TTauri*
V* V926 Ori,3209499661526707968,TTauri*
UCAC4 438-011271,3216495068036524416,TTauri*
2MASS J05361101-0557263,3017191989749867392,TTauri*
CVSO 2019,3236294970350719360,TTauri*
2MASS J05345290-0049348,3217673053011961728,TTauri*
Cl* NGC 2264    FMS     491,3326692998160017536,TTauri*
[C81]  8,6049142341822614656,TTauri*
2MASS J05345343-0510279,3209525607427490944,TTauri*
Haro 4-417,3215602470753542528,TTauri*
VPHAS J173354.5-320336.8,4054838633739767808,TTauri*
V* V2136 Ori,3017365540799183744,TTauri*
CVSO 645,3222274303014156928,TTauri*
HD 276734,202744382182435328,TTauri*
2MASS J05353610-0556533,3017187248106713856,TTauri*
CVSO 784,3234334300599575424,TTauri*
CD-24 12699,6047571517663766144,TTauri*
[WMR2005] 2-34,6050675232830514048,TTauri*
ESO-HA  442,3326697125624071168,TTauri*
CVSO 597,3210793241253363840,TTauri*
ESO-HA  385,3326905135185229824,TTauri*
2MASS J05371637-0526040,3017305583056325888,TTauri*
IPHAS J185424.82+041905.0,4281196050302254848,TTauri*
CVSO 678,3222286432001993472,TTauri*
BKLT J162821-242155,6049107638486828928,TTauri*
2MASS J21400128+5727184,2178385632769636352,TTauri*
CVSO 87,3217150514405975040,TTauri*
CVSO 1243,3223541838059020288,TTauri*
V* MQ Ori,3017183399815320576,TTauri*
L 1622-15,3316023307259322624,TTauri*
2MASS J05361801-0610027,3017168006652516736,TTauri*
V* V2171 Ori,3017143714317535744,TTauri*
EM* LkHA  136,2067062623066543232,TTauri*
IRAS F05439+0024,3219223299980727168,TTauri*
2MASS J05353421-0527183,3017359734003683456,TTauri*
Cl* NGC 2264    FMS     471,3326692865016873216,TTauri*
CVSO 593,3220356690312644608,TTauri*
2MASS J05395484-0219299,3216498057333723520,TTauri*
2MASS J05180285+2327127,3415666239289777664,TTauri*
Cl* NGC 2264     DS     305,3326716092197585792,TTauri*
1RXS J053650.0+133756,3341555268631600256,TTauri*
[WSK97] RX J1511.6-3249A,6207460436991521280,TTauri*
2MASS J05341115-0430536,3209644109870854272,TTauri*
CVSO 429,3213986772775796352,TTauri*
Kiso A-0975  47,3208462482760921088,TTauri*
V* V2340 Ori,3209578109107513856,TTauri*
CVSO 1845,3224259819151730432,TTauri*
2MASS J05392044-0227368,3216495205475482752,TTauri*
V* V1579 Ori,3209529799315557760,TTauri*
Cl* IC  348    LRL    1684,216675946123009536,TTauri*
2MASS J05325069-0611092,3017205115169880320,TTauri*
2MASS J05060301-0715472,3208050131540419072,TTauri*
ATO J087.0195+04.4285,3319699966768010752,TTauri*
2MASS J05372426-0219075,3217260225051004672,TTauri*
V* V2750 Ori,3216494793158603392,TTauri*
2MASS J04215450+2652315,152291160837987456,TTauri*
2MASS J05343875-0608229,3017158798242670592,TTauri*
CVSO 1318,3223457656700297600,TTauri*
CVSO 194,3219124653173021184,TTauri*
CVSO 368,3215494168857857152,TTauri*
Cl* NGC 2264    FMS     270,3326689596545871872,TTauri*
CVSO 1923,3216257642243917696,TTauri*
2MASS J02581337+2008248,108178303357508864,TTauri*
CVSO 661,3220169979494155776,TTauri*
2MASS J05113705+2402178,3418846267435680512,TTauri*
VPHAS J173454.2-323307.4,4054619040647494528,TTauri*
CVSO 996,3220558102802919296,TTauri*
Kiso A-0903 132,3220550101279081600,TTauri*
CVSO 1797,3217742494042859264,TTauri*
V* V1900 Ori,3209442422498912000,TTauri*
2MASS J06403189+1007083,3326936643063009152,TTauri*
V* V2605 Ori,3017369148570628608,TTauri*
V* V1338 Ori,3017360313812222720,TTauri*
2MASS J05345001-0553335,3017236794848734336,TTauri*
V* V408 Ori,3017264626236630656,TTauri*
2MASS J05332787+0409476,3236448798898374016,TTauri*
JW 1006,3017363273055376896,TTauri*
Cl* NGC 2264    FMS      24,3326703065563904128,TTauri*
CVSO 954,3221016019331341952,TTauri*
CVSO 3,3234121132783675264,TTauri*
V* V607 Mon,3326696846450743040,TTauri*
RX J1526.8-3722,6007418280736571776,TTauri*
V* LX Mon,3326713098607081600,TTauri*
2MASS J05323289-0139079,3217179784607233792,TTauri*
IRAS 04171+2756,164445437248152832,TTauri*
2MASS J05292675+0256164,3223966112107883008,TTauri*
CVSO 2081,3220696817361790848,TTauri*
2MASS J07043428-1134501,3045836909055443840,TTauri*
CVSO 1818,3217740745991613696,TTauri*
CVSO 1854,3217302659327771136,TTauri*
CVSO 1225,3236044178619378688,TTauri*
2MASS J04190197+2822332,164514053645658752,TTauri*
CVSO 744,3222109174407199616,TTauri*
BKLT J162800-244819,6049078741946841856,TTauri*
Haro 5-8,3216107593266865536,TTauri*
ESO-HA  432,3326740728129988096,TTauri*
2MASS J05392647-0226154,3216495342914429696,TTauri*
V* EQ Cha,5209118305765620096,TTauri*
2MASS J21392570+5729455,2178397143281700992,TTauri*
NAME Haro 5-2A,3216840757068591488,TTauri*
2MASS J19022708-3658132,6731195582357354752,TTauri*
UCAC4 435-010034,3210983456765002752,TTauri*
Cl* IC  348    LRL     342,216677256089287296,TTauri*
2MASS J20314903+4015378,2067715247636002432,TTauri*
CVSO 23,3222060589737379840,TTauri*
2MASS J05315381-0352424,3209920091581809664,TTauri*
V* KV Ori,3209522789928942592,TTauri*
2MASS J16394544-2402039,6047849655449492096,TTauri*
CVSO 1269,3236014079488750976,TTauri*
2MASS J21355223+5732145,2178422569489442816,TTauri*
CVSO 746,3222092716093345408,TTauri*
2MASS J05390054-0150469,3217301796038504704,TTauri*
CVSO 875,3221898652290681344,TTauri*
CVSO 432,3221518148251698304,TTauri*
V* V1500 Ori,3017252531608726528,TTauri*
CVSO 169,3219248348231943424,TTauri*
CVSO 1423,3220851126946672000,TTauri*
UCAC4 474-012463,3320508593146473984,TTauri*
NGC  2264    52,3326713377780322944,TTauri*
2MASS J05370577-0627165,3016959232584862336,TTauri*
V* V352 Mon,3326686572888877184,TTauri*
V* V742 Ori,3017213670744669952,TTauri*
2MASS J05285503-0159469,3217111000706958976,TTauri*
Kiso A-0975  87,3209147822102195072,TTauri*
ATO J080.7082+19.2360,3401509404309694976,TTauri*
CVSO 1087,3221810863159362048,TTauri*
2MASS J05281962+0045010,3221827076660455808,TTauri*
V* V2399 Ori,3209632775451232768,TTauri*
Cl* NGC 2264    SBL    1668,3326904929026780160,TTauri*
V* V481 Ori,3209638199991213184,TTauri*
2MASS J05392791-0155493,3217297333568325120,TTauri*
Cl* IC  348    LRL    1676,216629732274649856,TTauri*
Haro 1-11,6050679390358862464,TTauri*
RX J0520.5+0616,3240923360251087104,TTauri*
CSIMon-006515,3326894861623267456,TTauri*
CVSO 330,3227572750765924992,TTauri*
CVSO 244,3217154878093520128,TTauri*
Cl* NGC 2264    RMS    4342,3326644001172993152,TTauri*
V* V935 Ori,3017242051888552832,TTauri*
2MASS J05231552+0121144,3222154975938509696,TTauri*
[MSR2009] IC1396A-38,2178440642712309760,TTauri*
ASAS J162708-2339.2,6050876340381102080,TTauri*
2MASS J05371398-0513262,3017381896035224576,TTauri*
V* V1602 Ori,3017343275689348736,TTauri*
V* V1555 Ori,3017347364498068224,TTauri*
V* V775 Ori,3017137770082812928,TTauri*
SZ   4,5201414753640731264,TTauri*
2MASS J05311727-0136587,3217241533352807552,TTauri*
CVSO 1294,3221146242739617408,TTauri*
2MASS J05465813+0005381,3219154614864768640,TTauri*
2MASS J16015149-2445249,6235935279898454528,TTauri*
2MASS J16072747-2059442,6243810360128177920,TTauri*
CVSO 1187,3223735695702533120,TTauri*
2MASS J21385029+5722283,2178378687803552128,TTauri*
V* IX Ori,3209518421946387840,TTauri*
V* V606 Mon,3326716092199626752,TTauri*
2MASS J05291573+0301201,3223968001893487744,TTauri*
ESO-HA 1594,3017276377278749824,TTauri*
V* V2657 Ori,3016977550619459072,TTauri*
2MASS J16115979-3823383,5997456224362720896,TTauri*
Cl* IC  348    LRL     385,216677565326936448,TTauri*
Cl* NGC 2264    SBL     356,3326692310965719680,TTauri*
Haro 4-343,3017147111635948288,TTauri*
UCAC4 466-010661,3235884680714047616,TTauri*
2MASS J05270012+0101368,3221885629949828992,TTauri*_Candidate
RX J1450.5-3459,6203194160079173888,TTauri*
CVSO 1297,3223892857145953920,TTauri*
2MASS J05393291-0247492,3216432464593272960,TTauri*
2MASS J05065074-0320079,3213015148094108032,TTauri*
2MASS J20512245+4420465,2163137738645104512,TTauri*
NAME Haro 6-37 B,3406270362673330944,TTauri*
V* V353 Mon,3326739903498311808,TTauri*
Cl* NGC 2264    SBL    1813,3326906307710574208,TTauri*
CVSO 821,3220608061861774208,TTauri*
2MASS J11583429-7913175,5200006588483517184,TTauri*
2MASS J05350737-0626340,3017133303316825600,TTauri*
EM* LkHA  315,3219607854173579904,TTauri*
V* V583 Aur,173480674049214592,TTauri*
Haro 5-38,3216496923462354176,TTauri*
V* V1997 Ori,3017270845349266560,TTauri*
CVSO 627,3222183391442063488,TTauri*
2MASS J16245587-2627181,6045487221590908416,TTauri*
CVSO 144,3217773078505299200,TTauri*
V* IM Ori,3017266962698857216,TTauri*
2MASS J05274134+0153269,3222248056470170624,TTauri*
2MASS J05345175-0033042,3220777970767533952,TTauri*
THA 15-5,6011593641784262400,TTauri*
GSS 31,6049163060744821760,TTauri*
Cl* IC  348    LRL     278,216677664110594560,TTauri*
SZ 130,5995197552601942528,TTauri*
Cl* NGC 2264    SBL    2303,3326741479751304704,TTauri*
2MASS J05345662+0351211,3224414987730341888,TTauri*
Cl* NGC 2264    RMS    3417,3326739834779788160,TTauri*
2MASS J05283460+0148347,3222232525868410880,TTauri*
V* LZ Lup,6005978401540988928,TTauri*
V* V364 Ori,3017362963817745024,TTauri*
CVSO 1330,3223888356020157952,TTauri*
IPHAS J183814.63-012213.8,4271842749701936896,TTauri*
2MASS J05293176+0251217,3223868083774086400,TTauri*
V* V834 Ori,3017370419884026496,TTauri*
2MASS J04190537+2940545,164924102764712960,TTauri*
Cl Trumpler   16   216,5350358786334602624,TTauri*
Cl* NGC 2264    VAS      31,3326906445150828544,TTauri*
CVSO 625,3221475649551447552,TTauri*
2MASS J05351596-0516575,3017367121346097152,TTauri*
ESO-HA  547,3326718699244378240,TTauri*
V* V1346 Tau,3406444051151221504,TTauri*
2MASS J20500617+4425050,2067076195163349248,TTauri*
V* V1072 Ori,3017184808564583808,TTauri*
[NSW2012] 29,2178430124321380352,TTauri*
2MASS J05215864-0039019,3221243137202635264,TTauri*
CD-22 11502,6050559852833452160,TTauri*
CVSO 18,3220363149943439744,TTauri*
CVSO 734,3211024344853765248,TTauri*
CRTS J052405.3-003850,3220585629248463232,TTauri*
2MASS J05370593-0540554,3017292075371693824,TTauri*
CVSO 247,3217157077116161920,TTauri*
ESO-HA  545,3326719047137454848,TTauri*
V* V365 Mon,3326685408953677312,TTauri*
CVSO 119,3217564446174314112,TTauri*
CVSO 1107,3236083761038013696,TTauri*
2MASS J21393104+5747140,2178498985541938688,TTauri*
V* V1018 Ori,3209531311144041856,TTauri*
EM* LkHA   54,3326686302307519104,TTauri*
2MASS J06400496+0934306,3326702073426418432,TTauri*
CVSO 34,3222264824022391296,TTauri*
CVSO 135,3217568912940469632,TTauri*
2MASS J05461447+0020243,3219209276913487488,TTauri*
Parenago  1232,3017204565414028544,TTauri*
RX J1607.0-1911,6248764656443257344,TTauri*
CVSO 327,3211780499615129984,TTauri*
2MASS J20500604+4417489,2067063447700277504,TTauri*
CVSO 253,3217156286842167296,TTauri*
Parenago  1210,3016745794188030080,TTauri*
CVSO 822,3222217235784753664,TTauri*
CVSO 1308,3223577950143880064,TTauri*
NGC  2264    56,3326690391115369472,TTauri*
CVSO 1092,3223739131676294528,TTauri*
2MASS J05351641-0426055,3209639750478072064,TTauri*
CVSO 1846,3215632947841632768,TTauri*
EM* LkHA   15,3326905036401556480,TTauri*
EM* LkHA   23,3326710044885698432,TTauri*
2MASS J04561276+1614412,3405372886307333504,TTauri*
CVSO 1820,3217748713155569408,TTauri*
V* LO Lup,5907070763611393280,TTauri*
2MASS J05351283-0555263,3017190752799316480,TTauri*
2MASS J05353299-0558029,3017186767069661312,TTauri*
Haro 4-373,3016951952615900800,TTauri*
2MASS J05360141-0644146,3016924254370976512,TTauri*
2MASS J05352934-0525462,3017360764795569792,TTauri*
2MASS J05065332-0320526,3213014873216201856,TTauri*
2MASS J05344159-0424392,3209650883033327360,TTauri*
2MASS J05382774-0243009,3216109276894026624,TTauri*
2MASS J05343568-0535520,3017263561084755584,TTauri*
Cl* NGC 2264    SBL     179,3326929947211863168,TTauri*
[W96] rJ053843-0233,3216489879716074368,TTauri*
SZ  41,5201302294216744960,TTauri*
CVSO 1205,3223794450854963328,TTauri*
2MASS J05351851-0152109,3217348185980853504,TTauri*
CVSO 907,3221979569474891264,TTauri*
ATO J081.8702-02.0922,3220085385818557184,TTauri*
RX J1202.1-7853,5788534858859490432,TTauri*
Cl* NGC 2264    FMS     112,3326702932419865600,TTauri*
ESO-HA  399,3326690700353011200,TTauri*
CVSO 675,3221455480385155712,TTauri*
Cl* IC  348    LRL     309,216681340602609792,TTauri*
2MASS J05275186+0143396,3222227539411496960,TTauri*
CVSO 748,3220595211319553024,TTauri*
CVSO 1810,3219318957494009856,TTauri*
[WMR2005] 3-12,6049049811047121536,TTauri*
2MASS J04484189+1703374,3406087053469332352,TTauri*
Cl* NGC 2264    FMS     283,3326690043223272448,TTauri*
Cl* NGC 2264    SBL    2158,3326928916419712896,TTauri*
CVSO 1014,3222234003337182336,TTauri*
Cl* NGC 2264    RMS    3691,3326699217272734848,TTauri*
Haro 4-121,3209426509643351936,TTauri*
CVSO 1013,3221808011301643136,TTauri*
CVSO 578,3222174595349093632,TTauri*
2MASS J07035584-1127544,3046027163227903104,TTauri*
EM* LkHA  153,2163139323493015936,TTauri*
Cl* NGC 2264    RMS    2922,3326709082813029376,TTauri*
2MASS J16293397-2455303,6046069030727803136,TTauri*
2MASS J05345956-0018598,3220791100483714560,TTauri*
2MASS J05373378-0053517,3217695837813678848,TTauri*
2MASS J05344612-0605320,3017163471167079168,TTauri*
CVSO 614,3234289048824132480,TTauri*
CVSO 111,3220690220292063104,TTauri*
2MASS J03441143+3219401,216718522135040256,TTauri*
V* MV Lup,6011259699490841856,TTauri*
ESO-HA  439,3326709323331188992,TTauri*
CVSO 782,3222211046735708416,TTauri*
CVSO 195,3218755045467332352,TTauri*
V* V1689 Ori,3017235901495548544,TTauri*
CVSO 89,3217201126300537344,TTauri*
2MASS J05074135-0315066,3213014460899305088,TTauri*
2MASS J05172871+2704304,3421359544857244160,TTauri*
Cl* NGC 2264    RMS    2781,3326716710672903808,TTauri*
2MASS J05281785+0110061,3221984517277139328,TTauri*
2MASS J21374184+5740400,2178450637088253696,TTauri*
CVSO 814,3220155101727568000,TTauri*
V* RU Ori,3216061001461614976,TTauri*
CVSO 2054,3217010189234822272,TTauri*
2MASS J05334335-0447092,3209602813759495552,TTauri*
THA 15-21,5997077167735183872,TTauri*
2MASS J05352262-0514112,3017367739821367552,TTauri*
V* V2061 Ori,3209519491394066688,TTauri*
KHA 132,3326724647774743808,TTauri*
V* V1095 Tau,163246832135164544,TTauri*
2MASS J05352360-0628244,3016945115027966464,TTauri*
V* LU Lup,6007612585056204800,TTauri*
V* NN Lup,6010725989678592256,TTauri*
CVSO 351,3215459259363774336,TTauri*
JW   52,3017269333517734656,TTauri*
CVSO 1216,3221155275055026048,TTauri*
CVSO 504,3214120329078892544,TTauri*
IPHAS J204134.22+393239.0,2063731858752240384,TTauri*
2MASS J05352828+1004267,3339507226361911296,TTauri*
2MASS J06394264+0931514,3326704375528900608,TTauri*
2MASS J05224314+0014330,3221465238550749568,TTauri*
ESO-HA  354,3326934276538636288,TTauri*
2MASS J05293913+0149156,3223546270465284736,TTauri*
2MASS J05350856-0553513,3017191130756437248,TTauri*
CVSO 1836,3219304114087310976,TTauri*
CVSO 813,3222216101913392896,TTauri*
V* V1298 Tau,51886335968692480,TTauri*
CVSO 2053,3217011872862000256,TTauri*
[W96]  4771-1075,3216488329232163328,TTauri*
V* V1250 Ori,3017282905629070208,TTauri*
Cl* IC  348    LRL      93,216682513129244928,TTauri*
CVSO 663,3221381435149029248,TTauri*
2MASS J05321811-0149096,3217175665734347136,TTauri*
ROXs 42A,6047587735460118400,TTauri*
2MASS J21371215+5727262,2178394016544908288,TTauri*
2MASS J06410400+0928243,3326686504169764608,TTauri*
CVSO 1463,3216968201634021888,TTauri*
IRAS 11030-7702,5201207255177049088,TTauri*
2MASS J05251580-0029588,3220594940737510528,TTauri*
V* V1264 Tau,3268305529109618944,TTauri*
ESO-HA 1001,3017132375603902464,TTauri*
2MASS J05335449-0615413,3017154537635148416,TTauri*
V* V1304 Tau,46008862202068480,TTauri*
V* V1207 Ori,3016848735963141760,TTauri*
V* V1743 Ori,3209578830662000384,TTauri*
V* V486 Ori,3017246243776749312,TTauri*
2MASS J05210656-0053297,3221213690906917376,TTauri*
V* V1205 Tau,3411058426574943104,TTauri*
TWA 3A,5396978667759696000,TTauri*
2MASS J05151910-0227060,3214255122332227840,TTauri*
Cl* NGC 2264     DS     184,3326716263997641216,TTauri*
RX J0523.7+0652,3241058050425836032,TTauri*
Cl* NGC 2264    SBL     433,3326722341376678784,TTauri*
CVSO 1290,3223524142793762688,TTauri*
CVSO 1200,3221146925639047040,TTauri*
VPHAS J173520.5-323810.5,4054567805963940352,TTauri*
CVSO 1767,3217793763067739520,TTauri*
V* V2453 Ori,3017140931178719488,TTauri*
V* V1970 Ori,3209552614181714176,TTauri*
Cl* NGC 2264    RMS    3218,3326709632568830720,TTauri*
CVSO 542,3222175007665878144,TTauri*
ATO J084.6534+22.1136,3403412182197974400,TTauri*
JW  854,3017366434151324288,TTauri*
2MASS J05360935-0617107,3016977722419674752,TTauri*
Haro 4-362,3017145707182344320,TTauri*
2MASS J05384453+1302585,3341320694696171776,TTauri*
[LES2004] ChaI 405,5201159838740203520,TTauri*
CVSO 12,3220452107305902336,TTauri*
CVSO 1445,3217182572041967104,TTauri*
CVSO 969,3220287008762108160,TTauri*
V* V782 Ori,3017133646914217216,TTauri*
CVSO 626,3222176996235039232,TTauri*
2MASS J05341543-0214437,3216947963748155904,TTauri*
CD-24 12692,6046072196121943680,TTauri*
V* V475 Ori,3017364578727008256,TTauri*
2MASS J05354074-0435302,3209586355444661504,TTauri*
CSIMon-025101,3326919982887570432,TTauri*
CVSO 1995,3316400817705867776,TTauri*
2MASS J21403134+5733417,2178480461336365824,TTauri*
2MASS J16315768-2529336,6045792026820263040,TTauri*
2MASS J15453528-3208496,6016300857220933376,TTauri*
CVSO 1034,3222028394663696256,TTauri*
ATO J324.4591+57.5612,2178443185333123584,TTauri*
CVSO 863,3221011930522505600,TTauri*
WRAY 15-488,5256807737168546048,TTauri*
2MASS J05574091+1721130,3349815319672577920,TTauri*
Cl* NGC 2264    SBL    2276,3326716122264063232,TTauri*
CVSO 487,3214370880291046784,TTauri*
2MASS J05362368-0406157,3215667616817475328,TTauri*
CVSO 1120,3223847124333716352,TTauri*
ESO-HA  478,3326931184162435200,TTauri*
Cl* IC  348    LRL     229,216630114528244480,TTauri*
[SHB2004] Trumpler 37 72-1427,2178420537960651264,TTauri*
IRAS 23015+6102,2014709342549925888,TTauri*
RX J0506.9-0319B,3213015148092614656,TTauri*
VPHAS J173229.9-315512.8,4054896216343597440,TTauri*
2MASS J21375852+5735479,2178443318463921792,TTauri*
V* MM Mon,3326739800419650944,TTauri*
CVSO 17,3222180814461726976,TTauri*
CVSO 344,3215029075439024384,TTauri*
NGC  2264    57,3326713304765966080,TTauri*
V* V1455 Ori,3017268989923400960,TTauri*
Cl* NGC 2264    FMS     421,3326692792001582592,TTauri*
CSIMon-001060,3326933211387011200,TTauri*
UCAC4 438-011202,3216486478101979520,TTauri*
Cl* NGC 2264    SBL     510,3326719493814033792,TTauri*
Cl* NGC 2264    FMS     465,3326691177093795200,TTauri*
BKLT J162715-245137,6049065307289238144,TTauri*
2MASS J05275716-0201491,3217107186776027648,TTauri*
Kiso A-0904 115,3216537261795148800,TTauri*
2MASS J05345262-0616472,3017144779469429248,TTauri*
CVSO 727,3222255581252834432,TTauri*
2MASS J05355833-0622393,3016953288350159488,TTauri*
2MASS J05351401+0104253,3222636665110770048,TTauri*
V* V402 Ori,3017364647449510528,TTauri*
V* V427 Ori,3017362070464554624,TTauri*
CVSO 741,3222113087121507456,TTauri*
CVSO 296,3212131724861161984,TTauri*
CVSO 545,3214095555707703424,TTauri*
V* V429 Mon,3326739766059353472,TTauri*
2MASS J05080142-0322545,3212964742357894656,TTauri*
2MASS J05285645+0123083,3222015818998718336,TTauri*
2MASS J05352945-0616266,3017142752244845056,TTauri*
Cl* NGC 2264    LBM    5574,3326689596545868672,TTauri*
CVSO 699,3234343367274551936,TTauri*
2MASS J04092432+2104241,52060642921306752,TTauri*
CVSO 1270,3224002361631783168,TTauri*
CVSO 1879,3217726727218323200,TTauri*
2MASS J05292374+1448285,3389923614066266496,TTauri*
CVSO 922,3220612842161283200,TTauri*
UVEX J001102.23+584232.3,422992126193210752,TTauri*
V* V2704 Ori,3017168453329091328,TTauri*
V* NY Mon,3326690734712747776,TTauri*
IPHAS J231334.92+620944.1,2015226765851323904,TTauri*
RX J1600.7-2127,6243614921939322368,TTauri*
2MASS J05394900-0138472,3217405429304672640,TTauri*
2MASS J03292925+3118347,121393956382564736,TTauri*
IPHAS J183807.38+001113.6,4272577017309884288,TTauri*
CVSO 1872,3223189027969403136,TTauri*
Parenago  1508,3209523408404241280,TTauri*
CVSO 668,3222280217185398784,TTauri*
Cl* NGC 2264    SBL    2022,3326717329150212352,TTauri*
2MASS J03235551+2339273,62944841667483648,TTauri*
V* V745 Ori,3209549315646872960,TTauri*
CVSO 651,3221463447549288320,TTauri*
1RXS J044852.7+103028,3294687387202450432,TTauri*
UCAC4 441-009388,3215044709120059904,TTauri*
2MASS J05322570-0447472,3209611369334149120,TTauri*
CVSO 1206,3223741807441457920,TTauri*
CVSO 910,3221006291229336960,TTauri*
2MASS J03190760+3934105,235786905619492096,TTauri*
CVSO 1081,3222029111922305664,TTauri*
CVSO 968,3221799421366519168,TTauri*
CVSO 1454,3220797044718493952,TTauri*
V* V1210 Ori,3209390333135647616,TTauri*
KHA  67,3326593049976827136,TTauri*
CVSO 892,3220127648296586496,TTauri*
CVSO 293,3214467602954653952,TTauri*
CVSO 383,3215273991654411648,TTauri*
V* V1502 Ori,3017360524277847168,TTauri*
2MASS J05391232-0230064,3216489089442066688,TTauri*
ATO J083.5342-00.5249,3220688120051681920,TTauri*
HD 294243,3216074814076345600,TTauri*
CVSO 1762,3217399656868941440,TTauri*
2MASS J05352238-0620436,3017140725020295424,TTauri*
Haro 4-98,3209443109693683072,TTauri*
CVSO 698,3221853361859282432,TTauri*
2MASS J05422123+2236471,3403535563721314944,TTauri*
CVSO 467,3221655518486360576,TTauri*
CVSO 215,3222264342986065152,TTauri*
V* LT Mon,3326708807935122560,TTauri*
HD 143677,5991459247446282880,TTauri*
2MASS J05343190-0526368,3017270329953200128,TTauri*
NGC  2264   277,3326716779394406400,TTauri*
ESO-HA  344,3326904035673547392,TTauri*
2MASS J05363735-0524434,3017355125489447040,TTauri*
2MASS J05330418+0115426,3222705174134155904,TTauri*
CVSO 512,3222122673489246720,TTauri*
2MASS J05332366-0033333,3220698427974826752,TTauri*
CVSO 286,3213016007087564160,TTauri*
2MASS J05465653+0020529,3219207253983937792,TTauri*
V* V579 Mon,3326702760621176192,TTauri*
V* V1761 Ori,3209531242424627328,TTauri*
Cl* NGC 2264    SBL     204,3326928882059976576,TTauri*
UCAC4 436-010471,3216842376272484096,TTauri*
V* BO Ori,3209637139137932288,TTauri*
CVSO 1045,3220346279310659328,TTauri*
V* WZ Ori,3017268371448124544,TTauri*
CVSO 136,3220779516955794432,TTauri*
2MASS J05314519-0308537,3216727408588474752,TTauri*
CVSO 1354,3220752342698984320,TTauri*
V* V669 Mon,3326637648917502080,TTauri*
CSIMon-124054,3326741892066793472,TTauri*
2MASS J05580493-1332592,2997439538233811840,TTauri*
CVSO 370,3215053024176729216,TTauri*
CD-35 10273,6013733291409598336,TTauri*
2MASS J05325417-0139539,3217184702345441024,TTauri*
ESO-HA  539,3326749936541878144,TTauri*
CVSO 445,3214433616877745024,TTauri*
V* OX Ori,3017349494800320384,TTauri*
IRAS 21352+5735,2178461877030836480,TTauri*
Parenago  1275,3017153300684570112,TTauri*
V* V1089 Ori,3209293163795896576,TTauri*
2MASS J02281661+7237328,546630799980579328,TTauri*
THA 15-43,5997235016369884672,TTauri*
2MASS J05353358-0447327,3209574604414199296,TTauri*
V* V385 Ori,3209415450104861696,TTauri*
CVSO 1844,3217717518808520064,TTauri*
V* FW Tau,151313901157347840,TTauri*
2MASS J05322069-0125511,3217240365121566208,TTauri*
V* XZ Ori,3209525263830030336,TTauri*
V* RW Ori,3216434006486945792,TTauri*
RX J1220.4-7407,5841334609821849472,TTauri*
V* V2055 Ori,3017132100725994240,TTauri*
CVSO 1077,3223816436791780608,TTauri*
2MASS J15501199-4746102,5987555465775175424,TTauri*
V* V2598 Ori,3017248923836305536,TTauri*
HD 285579,45630728985147648,TTauri*
CVSO 1667,3209555294241416320,TTauri*
UCAC2  30799972,3216126594201965184,TTauri*
2MASS J06411128+0919485,3326635862209541760,TTauri*
2MASS J05354185-0552295,3017196559595074304,TTauri*
CVSO 1929,3219085964107723008,TTauri*
2MASS J05323559-0147473,3217173191833150848,TTauri*
2MASS J05364316-0616571,3016977035223562496,TTauri*
2MASS J05351854-0055578,3217656770791163776,TTauri*
IRAS F04192+2647,152288824375681536,TTauri*
2MASS J05342038-0458204,3209549315646870656,TTauri*
CVSO 53,3220939019157892096,TTauri*
Cl* Trumpler   14      Y     210,5350357931662419328,TTauri*
CVSO 592,3222177481567112064,TTauri*
2MASS J05032480+1649140,3393459609100977152,TTauri*
CVSO 1089,3236059258249660928,TTauri*
2MASS J05333124-0618296,3017152647849555072,TTauri*
2MASS J05350279-0623599,3017134231029758720,TTauri*
2MASS J05061674+2446102,3419186939943738880,TTauri*
ISO-Oph 195,6050662725885745536,TTauri*
RX J185802.3-365348,6730871505608505600,TTauri*
2MASS J05343594-0515241,3209520453466741760,TTauri*
CVSO 1620,3217354233294785024,TTauri*
VPHAS J173106.9-320303.2,4054873852455918720,TTauri*
CVSO 1169,3222037706152754688,TTauri*
2MASS J04523806+1536575,3404860479528710272,TTauri*
UCAC4 476-010725,3237405339655438080,TTauri*
Cl* NGC 2264    SBL     446,3326695338918002944,TTauri*
CVSO 2077,3217668311367984640,TTauri*
V* V1716 Ori,3017238444116305792,TTauri*
CD-32 10508A,6204234706098895104,TTauri*
V* V1268 Cen,6088207126668624384,TTauri*
2MASS J05330623-0458359,3209590409893997952,TTauri*
HD 261941,3326684653039444480,TTauri*
Cl* NGC 2264    SBL    2234,3326929221360454912,TTauri*
Cl* IC  348    LRL      11,216653341711378560,TTauri*
CVSO 2040,3217174222625588608,TTauri*
V* LP Mon,3326717294790475520,TTauri*
V* V1129 Ori,3017367911620045440,TTauri*
2MASS J05184066+3035014,3446890411014932224,TTauri*
V* V760 Ori,3017164811196874496,TTauri*
V* V435 Mon,3326695338918003456,TTauri*
2MASS J05295406+0252299,3223961782780843904,TTauri*
2MASS J05332365-0136234,3217186592129489280,TTauri*
Cl* NGC 2264    FMS     348,3326685061060334080,TTauri*
2MASS J05323175-0143343,3217178861189963264,TTauri*
CVSO 571,3234194971860325888,TTauri*
CVSO 1707,3217811007360208384,TTauri*
UCAC2  21510094,5694747341649306624,TTauri*
2MASS J05341046-0450275,3209598553151919872,TTauri*
2MASS J15444712-3811406,6009518657190466560,TTauri*
V* T Tau,48192969034959232,TTauri*
2MASS J18585650-3640297,6730903872482036992,TTauri*
RX J0520.0+0612,3240921406042422400,TTauri*
Cl* IC  348    LRL      85,216706358787662208,TTauri*
CVSO 7,3221527841994894464,TTauri*
Cl* IC  348    LRL     253,216677908924627584,TTauri*
Cl* NGC 2264    FMS     300,3326635209375960832,TTauri*
Cl* NGC 2264    SBL     482,3326722586190489472,TTauri*
2MASS J05342256-0620292,3017150105228895232,TTauri*
2MASS J05320332-0332566,3215945587101101952,TTauri*
2MASS J05335414-0503401,3209542684217393280,TTauri*
HD 283641,152104381299305600,TTauri*
V* V581 Mon,3326697297422759296,TTauri*
2MASS J15262579-3638576,6013506375400793728,TTauri*
CVSO 537,3234312104208572800,TTauri*
Haro 4-234,3016880175122582016,TTauri*
CVSO 147,3217610110266650496,TTauri*
Haro 4-221,3016936525093414272,TTauri*
CSIMon-008140,3326799925666872064,TTauri*
2MASS J05290635-0152122,3217116944941679872,TTauri*
CVSO 134,3217540463077174272,TTauri*
Cl* IC  348    LRL     216,216705151900720768,TTauri*
CVSO 1861,3217745350196492416,TTauri*
CVSO 2007,3222163394074363136,TTauri*
Cl* NGC 2264    RMS    1420,3326708563122076928,TTauri*
CVSO 1801,3217393811417360768,TTauri*
V* NP Lup,5997869468941602816,TTauri*
2MASS J05351290-0559384,3017188107099468416,TTauri*
2MASS J05394097-0216243,3216502180502327808,TTauri*
2MASS J05334519-0437087,3209618310001462784,TTauri*
TYC 9413-2147-1,5789295686547909888,TTauri*
V* V2434 Ori,3017367636742162176,TTauri*
2MASS J05482582+2156122,3400216967048406400,TTauri*
CVSO 534,3221425793571126016,TTauri*
2MASS J05361087-0633474,3016933845033832320,TTauri*
V* V1413 Ori,3017211162483780608,TTauri*
CoKu FV Tau c,151262941369626752,TTauri*
Cl* NGC 2264    SBL     459,3326644864462368128,TTauri*
CVSO 1770,3217795446694911872,TTauri*
Cl* NGC 2264    SBL     361,3326737154719233664,TTauri*
V* V1763 Ori,3017167010220113280,TTauri*
CVSO 1248,3223523386880247936,TTauri*
CVSO 396,3214397783966142592,TTauri*
ATO J086.0397-13.1092,2996965751801406080,TTauri*
CVSO 873,3236071352877620864,TTauri*
2MASS J20505363+4424305,2163140560443665152,TTauri*
2MASS J05463489+0004206,3219149216091390464,TTauri*
ESO-HA  473,3326689665265356160,TTauri*
CVSO 756,3222257574117634560,TTauri*
2MASS J05345099-0517565,3209519388315700480,TTauri*
V* PW Mon,3326697606660401408,TTauri*
NGC  2264    81,3326716710674925568,TTauri*
2MASS J05471658-0000563,3219132482897381504,TTauri*
V* MO Lup,6207691879894474880,TTauri*
CVSO 893,3220103115443552896,TTauri*
ATO J084.5118-05.0434,3017392307035902336,TTauri*
CVSO 25,3222274444749189632,TTauri*
CVSO 2073,3220678984657591424,TTauri*
CVSO 237,3217200297378502784,TTauri*
2MASS J03543597+2537081,67284442268618496,TTauri*
CVSO 938,3220289345224328064,TTauri*
2MASS J05281582+0326484,3236050432091846272,TTauri*
CVSO 1389,3223663643332021120,TTauri*
Kiso A-0976  35,3209836837935961344,TTauri*
BKLT J162824-243543,6049094032030421504,TTauri*
Cl* IC  348    LRL     298,216678007707900416,TTauri*
[WMR2005] 4-63,6049175121012992256,TTauri*
2MASS J21351804+5709441,2178361031195248640,TTauri*
2MASS J05284522+0121176,3222014955709707904,TTauri*
DoAr 24,6049165706444676992,TTauri*
Cl* NGC 2264    HAR       8,3326929255720180352,TTauri*
IRAS 02103+7621,561016840182392960,TTauri*
CVSO 723,3222113881691540352,TTauri*
ATO J083.6710-06.4640,3017132341244166400,TTauri*
V* MO Ori,3017250092067308544,TTauri*
TYC 7830-1237-1,6004152662483245184,TTauri*
V* V2073 Ori,3209519422674589440,TTauri*
2MASS J20505353+4424268,2163140457364449920,TTauri*
V* V2098 Ori,3017137598284115456,TTauri*
EM* LkHA  335,3315856662528166144,TTauri*
ATO J084.3286-06.1614,3016985693879338368,TTauri*
V* PV Ori,3017350250716218752,TTauri*
ATO J082.3862+03.7365,3236085680888177792,TTauri*
CVSO 315,3214494781507741824,TTauri*
IRAS 18489-3703,6731011315385156224,TTauri*
2MASS J05353995-0421021,3215645381769683456,TTauri*
NGC  2264   439,3326697366142595456,TTauri*
[RCC2001] TTS  1,4069266768912924928,TTauri*
CVSO 607,3234295130497815424,TTauri*
ESO-HA  527,3326696369710178560,TTauri*
V* V2438 Ori,3209572096153320192,TTauri*
CVSO 616,3222183631960234496,TTauri*
Cl* IC  348    LRL     347,216677977642227456,TTauri*
2MASS J04360131+1726120,3313412963576880000,TTauri*
CVSO 492,3222146931464947200,TTauri*
CVSO 1103,3235978688958293760,TTauri*
Cl* NGC 2264    SBL    2411,3326712755009692672,TTauri*
ATO J081.8207-00.9524,3220507014167690624,TTauri*
2MASS J05222202-0255408,3213931797193032960,TTauri*
CSIMon-007418,3326747561424035328,TTauri*
2MASS J06390701+0951070,3326913415882125952,TTauri*
2MASS J03543556+2537111,67284446561797376,TTauri*
V* V1345 Tau,155239432547457152,TTauri*
2MASS J05400338-0229014,3216447239280699008,TTauri*
V* QY Mon,3326909434448109568,TTauri*
CVSO 842,3235856814966199552,TTauri*
HD 256607,3330574961400914944,TTauri*
CVSO 490,3221266089507844736,TTauri*
CVSO 1641,3217772253871577216,TTauri*
HD 148562,6046055943965657856,TTauri*
CVSO 527,3234373019729169536,TTauri*
CVSO 1139,3236082867684811264,TTauri*
CVSO 1266,3221137652805111296,TTauri*
UCAC4 435-009575,3213963201995279104,TTauri*
2MASS J02371994-0526541,5179033335460643328,TTauri*
V* V2664 Ori,3209568797618582144,TTauri*
V* V2044 Ori,3017269848916851840,TTauri*
Cl* NGC 2264    RMS    1578,3326701691174356096,TTauri*
CD-74   673,5837955570068431744,TTauri*
[GY92] 326,6049095711361647360,TTauri*
Cl* IC  348    LRL     200,216673678380015232,TTauri*
Parenago  2427,3017175806313094528,TTauri*
V* V726 Ori,3017261430780991616,TTauri*
2MASS J05332565-0558474,3017215251292651264,TTauri*
V* V695 Ori,3209513134840363648,TTauri*
SZ  76,6011500389453302272,TTauri*
CVSO 833,3220636103704014208,TTauri*
2MASS J15591617-3814413,5998082774194962560,TTauri*
ESO-HA  382,3326702344009390592,TTauri*
CVSO 1185,3223742052254031360,TTauri*
[SHB2004] Trumpler 37 23-969,2178482389788546944,TTauri*
2MASS J05395253-0243223,3216434732335980288,TTauri*
Parenago  1711,3209547460220952832,TTauri*
V* GR Mon,3326739628620404352,TTauri*
Cl* IC  348    LRL     213,216682547488981248,TTauri*
[MSR2009] IC1396A-61,2178441742223922560,TTauri*
1RXS J045912.4-033711,3213127225265022592,TTauri*
2MASS J15430624-3920194,6008319674120129792,TTauri*
2MASS J05365757-0504258,3017397873313554816,TTauri*
2MASS J05383460-0241087,3216109792290093440,TTauri*
2MASS J04464260+2459034,147373010964871040,TTauri*
ATO J082.0176+00.2104,3221042682488289152,TTauri*
2MASS J05335972-0506399,3209538080012455680,TTauri*
Cl* NGC 2264    FMS     251,3326689910079026816,TTauri*
RX J1528.0-2600,6213841310986885248,TTauri*
EM* LkHA   74,3326723376464152960,TTauri*
CVSO 761,3222109689803454848,TTauri*
V* V358 Mon,3326929393158941056,TTauri*
2MASS J11291261-7546263,5224716802349047808,TTauri*
ATO J068.9955+22.6430,145157941711889536,TTauri*
V* V364 Mon,3326685439018040960,TTauri*
V* V1333 Tau,3410191732238414592,TTauri*
CVSO 390,3215287495031487104,TTauri*
Cl* NGC 2264    FMS      92,3326588892448805120,TTauri*
2MASS J05353553-0425232,3209639956636485632,TTauri*
2MASS J15453231-3249365,6015494640323254272,TTauri*
CVSO 944,3221979019719063808,TTauri*
ASAS J130056-7653.9,5789044478200012160,TTauri*
V* UX Tau B,3314508626912469888,TTauri*
CVSO 595,3222180638367334144,TTauri*
CVSO 68,3220282473276559616,TTauri*
V* OQ Ori,3017359699643660160,TTauri*
2MASS J06495854-0738522,3099127355737733376,TTauri*
Kiso A-0976 316,3216114637013003520,TTauri*
CVSO 1288,3223972640458114688,TTauri*
ATO J082.0491-03.2298,3210775202390926848,TTauri*
2MASS J21375756+5724197,2178391302125646720,TTauri*
CVSO 797,3222265025884807296,TTauri*
V* V1994 Ori,3017244388350754944,TTauri*
HD  30171,3309789385567829376,TTauri*
V* V813 Mon,3326741209168361856,TTauri*
V* MW Lup,6008633614741443968,TTauri*
2MASS J02194738-1025406,5175787370977044096,TTauri*
CSIMon-020662,3326932245017322752,TTauri*
ATO J081.9754-03.1887,3210961981928614272,TTauri*
V* V1706 Ori,3209624529114069888,TTauri*
2MASSI J1802403-230913,4069253707906550016,TTauri*
[W96] rJ053832-0235b,3216489398679752704,TTauri*
UCAC4 467-011646,3224133306595104896,TTauri*
CVSO 1624,3223710059043064192,TTauri*
CD-22 11315,6243154501445899264,TTauri*
2MASS J05344929-0518555,3209519044717468928,TTauri*
2MASS J05311069-0157337,3217144535811514624,TTauri*
2MASS J15304790-3022054,6209499099050323968,TTauri*
ESO-HA  373,3326713996255607808,TTauri*
WLY 2-10,6049116846896669824,TTauri*
2MASS J10443523-7849244,5200819196295848320,TTauri*
CVSO 979,3236077468911215744,TTauri*
CVSO 1008,3223756586423390336,TTauri*
CVSO 1122,3220240932353138816,TTauri*
V* LL Mon,3326904585429362560,TTauri*
CVSO 1027,3235900657992394368,TTauri*
CVSO 524,3221657584366257664,TTauri*
CVSO 66,3220225264312436736,TTauri*
ATO J324.6961+57.4057,2178390546211695616,TTauri*
[HD93] 46,3016949543138670464,TTauri*
Haro 5-19,3216488436607047808,TTauri*
Cl* NGC 2264    SBL     215,3326712346988157056,TTauri*
2MASS J05331722-0117422,3217617836911660160,TTauri*
V* V2150 Ori,3017363822812730880,TTauri*
2MASS J05463005+0012096,3219204058528279936,TTauri*
2MASS J05330359-0458558,3209590371237938176,TTauri*
UCAC4 431-009548,3210496029515735424,TTauri*
Cl* IC  348    LRL     112,216705190554952832,TTauri*
EM* LkHA  205,427576539924828416,TTauri*
CVSO 1223,3220711798207663360,TTauri*
HD 147808,6051770105896200704,TTauri*
V* AW Ori,3016947206676163968,TTauri*
CVSO 1808,3217275270320676096,TTauri*
ESO-HA  466,3326739937858048384,TTauri*
Cl* NGC 2264    FMS     141,3326689356027691008,TTauri*
Cl* NGC 2264    VAS      38B,3326690425475108736,TTauri*
2MASS J05355797-0608137,3017170617992636544,TTauri*
CVSO 69,3220332737278017920,TTauri*
CVSO 2059,3216992700128000128,TTauri*
CVSO 1772,3217821521441381376,TTauri*
CVSO 914,3236068848911481088,TTauri*
CD-35  9931,6202221951282822528,TTauri*
CVSO 989,3235886291325589632,TTauri*
2MASS J21380350+5741349,2178450538317241216,TTauri*
CVSO 1541,3220916960205143680,TTauri*
Cl* IC  348    LRL     188,216677153010066048,TTauri*
2MASS J05291202-0112236,3220272818190112896,TTauri*
ESO-HA 1645,3016878250977227136,TTauri*
VPHAS J173444.0-323415.3,4054618658376188032,TTauri*
2MASS J05341995-0608545,3017161547021752064,TTauri*
2MASS J05293223+0338009,3236037615909371776,TTauri*
V* V1319 Tau,144578567805988736,TTauri*
2MASS J15405655-3024245,6208844241098622464,TTauri*
2MASS J22312286+3909137,1908998996118934272,TTauri*
2MASS J05271486+0138139,3222225653920793216,TTauri*
CVSO 1723,3217713533078928000,TTauri*
CVSO 1676,3217578323212361344,TTauri*
HD 134974,6004283126412028288,TTauri*
CVSO 1478,3217560529164354688,TTauri*
2MASS J05355512-0610093,3017167078939588352,TTauri*
Cl* NGC 2264    SBL    2396,3326740448959150080,TTauri*
ESO-HA  447,3326686577185426176,TTauri*
V* V2026 Ori,3017270604831096704,TTauri*
CVSO 81,3220658918570629504,TTauri*
2MASS J15470841-3540195,6011546843820042112,TTauri*
EM* LkHA  362,3326904658444434944,TTauri*
2MASS J16082519-3840558,5997478798711607808,TTauri*
2MASS J05432712-0642528,3016175422530045696,TTauri*
2MASS J16115091-2012098,6245444371843335936,TTauri*
ESO-HA  408,3326929118281226112,TTauri*
WRAY 15-1423,5993545914349355264,TTauri*
CVSO 1700,3217760708999720192,TTauri*
2MASS J03022104+1710342,34745155849120384,TTauri*
V* V2764 Ori,3219119258694020096,TTauri*
2MASS J04420842+2404447,146849639135464064,TTauri*
2MASS J05231628-0427305,3210207785671672064,TTauri*
ESO-HA  413,3326708979734754688,TTauri*
ESO-HA  395,3326690253676414080,TTauri*
2MASS J05311802-0406438,3209886522117519232,TTauri*
2MASS J05254939+0202167,3222310419395153664,TTauri*
CVSO 1817,3223272285910546432,TTauri*
V* V1212 Ori,3209440429634131200,TTauri*
2MASS J05470534+0028461,3219587341409787136,TTauri*
V* V1660 Ori,3209446064631187840,TTauri*
ScoPMS  29,6244192268619292544,TTauri*
V* V1341 Tau,3412878010943270784,TTauri*
V* V1306 Tau,150137251917639680,TTauri*
Cl* NGC 2264    LBM    3586,3326904521004200320,TTauri*
CVSO 239,3217148040504758528,TTauri*
V* V1435 Ori,3209424830313096576,TTauri*
V* V781 Ori,3017157630011566976,TTauri*
CVSO 577,3234194039851131008,TTauri*
CVSO 1061,3210649926785095936,TTauri*
Haro 6-33,148289831863907840,TTauri*
CVSO 568,3210407896786955520,TTauri*
[W96] rJ053923-0233,3216487749412405376,TTauri*
Cl* NGC 2264    FMS     387,3326684996635365504,TTauri*
Cl* NGC 2264    SBL     190,3326741003009940608,TTauri*
CVSO 198,3222277468406179328,TTauri*
CVSO 110,3217172745156867968,TTauri*
V* V2286 Ori,3017265175992432512,TTauri*
2MASS J21394974+5746468,2178498087882637952,TTauri*
2MASS J17321503-3155559,4054895980134813696,TTauri*
CVSO 1304,3220258661978050176,TTauri*
CD-32 11039,6015107302986648064,TTauri*
CVSO 775,3220099919987782272,TTauri*
Cl* NGC 2264    SBL     404,3326698392639006464,TTauri*
CVSO 550,3210909342809110400,TTauri*
CVSO 422,3214408298046055552,TTauri*
Elia 2-31,6049145812156155392,TTauri*
V* V2568 Ori,3209633497005694976,TTauri*
2MASS J05284795+0223570,3223815204137128448,TTauri*
ESO-HA  834,3209442697376827136,TTauri*
WRAY 15-1384,6010483616079976448,TTauri*
RX J1202.8-7718,5836953532716155264,TTauri*
2MASS J05265390-0107142,3220310304664599680,TTauri*
Cl* NGC 2264    FMS     399,3326684721759558784,TTauri*
CVSO 446,3210448991033971712,TTauri*
UCAC4 427-009478,3210190468363545600,TTauri*
CVSO 785,3208946164797927680,TTauri*
CVSO 1259,3217197170635498752,TTauri*
V* V768 Ori,3209545055039401600,TTauri*
CVSO 714,3222289288156323328,TTauri*
2MASS J21360723+5734324,2178446174630143360,TTauri*
2MASS J05353801-0452295,3209571786915670016,TTauri*
CVSO 636,3220368922379467264,TTauri*
CVSO 1901,3216428856820789376,TTauri*
2MASS J05341478-0543559,3017255898863114752,TTauri*
2MASS J05345483-0525125,3017363715426119296,TTauri*
2MASS J05521912-0557431,3022115499738943488,TTauri*
2MASS J05384424-0232336,3216489978499576704,TTauri*
CVSO 420,3214404758993012352,TTauri*
UScoCTIO  12,6236353334834635648,TTauri*
CVSO 50,3220122799277479680,TTauri*
2MASS J05210497-0024355,3221309210979322624,TTauri*
2MASS J05342025-0558156,3017213292787710336,TTauri*
2MASS J05283932-0212283,3217089422791293312,TTauri*
CVSO 1407,3217168072232415488,TTauri*
IPHAS J183748.03-001617.2,4272520736057291136,TTauri*
YLW 18,6049095200261620352,TTauri*
ATO J096.8928-10.0443,3002886415758663552,TTauri*
CVSO 552,3234200091461336448,TTauri*
ATO J083.1585-05.8634,3017226693086298752,TTauri*
CVSO 85,3217199099076007168,TTauri*
ATO J082.2757-03.0832,3210783311289832192,TTauri*
2MASS J16490082-1417108,4326534485289519104,TTauri*
2MASS J05382119-0254110,3216052686404975360,TTauri*
CVSO 141,3217661890392167680,TTauri*
CVSO 566,3220379573898223232,TTauri*
HD 249494,3321816359148094592,TTauri*
CVSO 1577,3217675599927766144,TTauri*
CSIMon-021771,3326693960232712832,TTauri*
CSIMon-005596,3326643795014966656,TTauri*
2MASS J05551856+1845425,3398582405575598848,TTauri*
V* V2115 Ori,3209637173497743616,TTauri*
V* V703 Ori,3216711981065914752,TTauri*
2MASS J05205692-0340336,3210499121892158976,TTauri*
2MASS J05470494+0018316,3219206051393095424,TTauri*
CVSO 1874,3223243385075057024,TTauri*
VPHAS J173326.9-320846.8,4054830623602593920,TTauri*
V* V1450 Ori,3017262839530248192,TTauri*
2MASS J05452616+0006379,3219198870207817856,TTauri*
VPHAS J173521.3-323043.9,4054622373526319872,TTauri*
CVSO 382,3214296040485259136,TTauri*
NAME IRAS 02103+7621B,561016844477896064,TTauri*
CVSO 865,3222218331001104256,TTauri*
2MASS J05305084-0210136,3217043449461622528,TTauri*
CVSO 419,3215189569777416704,TTauri*
Haro 5-81,3216911954742436352,TTauri*
2MASS J20512743+4429038,2163139564009482496,TTauri*
CVSO 701,3210997681696608896,TTauri*
** RAO  148B,3326922628587360128,TTauri*
2MASS J05101478-0330074,3213695333475408896,TTauri*
2MASS J05222505-0413267,3210411435840068864,TTauri*
ATO J272.0086-19.2514,4095150784454366336,TTauri*
Parenago  2187,3016950440787412864,TTauri*
V* V710 Tau B,3314326829537259648,TTauri*
2MASS J05342783-0543315,3017255761424158464,TTauri*
V* V553 Ori,3209532754252976000,TTauri*
V* V1612 Ori,3017356435467423616,TTauri*
2MASS J05343128-0528548,3017269917636346240,TTauri*
2MASS J15065438-3713597,6199564878356273664,TTauri*
2MASS J05351870-0603275,3017184293168513536,TTauri*
2MASS J05343276-0458467,3209546356413094528,TTauri*
2MASS J03035727+3739048,142498184428994432,TTauri*
SSTGLMC G358.9162-01.8865,4055952817006249472,TTauri*
V* V1472 Ori,3209575910084299520,TTauri*
2MASS J05345443-0144473,3217353339941604992,TTauri*
Cl* IC  348    LRL      74,216681482337093120,TTauri*
2MASS J05342027-0419520,3209655659036871424,TTauri*
V* V1546 Ori,3017186629631431808,TTauri*
2MASS J05353843-0552456,3017196520938583296,TTauri*
CVSO 97,3217228751530116480,TTauri*
CVSO 46,3222227784224558976,TTauri*
2MASS J05235675-0156104,3214157025279386624,TTauri*
ESO-HA  421,3326717462294181120,TTauri*
2MASS J03453230+3203150,216652723236162560,TTauri*
2MASS J05254669-0313213,3210950574495435520,TTauri*
V* MU Lup,6009405682367793920,TTauri*
[W96]  4771-119,3216060520425284096,TTauri*
CVSO 533,3221672324693824128,TTauri*
BKLT J162820-242319,6049107535407613184,TTauri*
Cl* NGC 2264    RMS    4502,3326698461358486144,TTauri*
CVSO 203,3222261555551168384,TTauri*
V* V411 Mon,3326906131618097536,TTauri*
V* XY Ori,3017242945241746816,TTauri*
V* V2485 Ori,3017373752778655104,TTauri*
2MASS J05332401-0607104,3017204324895866752,TTauri*
V* V362 Mon,3326686748983465856,TTauri*
2MASS J16083156-3847292,5997464264543735808,TTauri*
CVSO 882,3220614731946764288,TTauri*
Cl* NGC 2264    SBL    2140,3326717462294228224,TTauri*
2MASS J05333580-0606258,3017204565414028160,TTauri*
CVSO 45,3220306799971283200,TTauri*
CVSO 1261,3220258004847207680,TTauri*
2MASS J05421125-0159437,3216581066165347968,TTauri*
2MASS J15432925-2925340,6233059228052120832,TTauri*
2MASS J16224721-2325449,6050206772159097088,TTauri*
RX J1601.8-4026,5995410338148157440,TTauri*
NGC  2264   389,3326929225657356288,TTauri*
2MASS J16342111-2356248,6047715759847805568,TTauri*
CVSO 760,3221377964815576576,TTauri*
V* V600 Aur,180517651546960768,TTauri*
Cl* NGC 2264    SBL    2251,3326740689477364736,TTauri*
2MASS J07041601-1126100,3046028125300891776,TTauri*
ESO-HA  419,3326717466589160832,TTauri*
CVSO 371,3221561961215021184,TTauri*
CVSO 673,3221865353408148608,TTauri*
2MASS J05345603-0438120,3209627415332067968,TTauri*
CVSO 1033,3217105846746230016,TTauri*
2MASS J05273793-0144226,3220135791554700800,TTauri*
V* V1840 Ori,3392562712554107392,TTauri*
2MASS J06423541+0925554,3326641428488508928,TTauri*
2MASS J06401447+0913372,3326586590346380544,TTauri*
2MASS J05350837-0554417,3017191027677223808,TTauri*
V* V1710 Ori,3017187797861831808,TTauri*
HD 283782,154586318344905216,TTauri*
[SHB2004] Trumpler 37 13-1426,2178449232647211136,TTauri*
CVSO 731,3222112679100511616,TTauri*
CD-33  7795,5398663566249861120,TTauri*
UCAC4 446-010288,3220340884832414080,TTauri*
V* V816 Mon,3326686332371241600,TTauri*
2MASS J05340203-0444536,3209604394307433600,TTauri*
V* V806 Mon,3326739899203380096,TTauri*
2MASS J21402192+5730054,2178386216885189376,TTauri*
V* V1831 Ori,3231849404321428096,TTauri*
2MASS J06395246+0957290,3326910048627928576,TTauri*
2MASS J05162251-0756503,3207022466127209472,TTauri*
RX J1123.2-7924,5199757544803148800,TTauri*
UCAC4 445-010239,3220328893283105536,TTauri*
Cl* NGC 2264    RMS     570,3326896854488117632,TTauri*
2MASS J04564680+1521460,3392863841302038272,TTauri*
V* V1544 Ori,3209534644038666112,TTauri*
2MASS J05452776+2451369,3428629790620385536,TTauri*
CVSO 680,3234354499830372736,TTauri*
V* V413 Ori,3209578276615162112,TTauri*
2MASS J05283523-0429305,3209785745005744768,TTauri*
V* V367 Ori,3017358256533553536,TTauri*
2MASS J07040119-1128454,3046027128868163840,TTauri*
V* V547 Ori,3209628411764704384,TTauri*
HD 285893,3410392015152613760,TTauri*
CVSO 718,3222263896309479040,TTauri*
2MASS J05464408+0018031,3219206601149234048,TTauri*
2MASS J05363799-0422178,3215595942403277952,TTauri*
CVSO 1920,3216234140182875776,TTauri*
RX J0902.9-7759,5215178848217868288,TTauri*
RX J1538.6-3916,6009015699344451200,TTauri*
2MASS J05283034-0119382,3220246842227932416,TTauri*
CVSO 1117,3223865158901206912,TTauri*
CVSO 205,3222110342638338176,TTauri*
2MASS J05324237-0544098,3209387515637112704,TTauri*
2MASS J05321478-0604112,3016844303556887296,TTauri*
Cl* IC  348    LRL     138,216705186260474112,TTauri*
V* MZ Ori,3017265141632813952,TTauri*
2MASS J04391586+3032074,159391184159006720,TTauri*
EM* LkHA  209,3373611117822105472,TTauri*
V* LR Lup,5903894175757506176,TTauri*
V* V2660 Ori,3016949066397922176,TTauri*
BD-13  1177,2984729424335313280,TTauri*
V* V787 Ori,3017189515848739712,TTauri*
[BAB2014] 381182,3017184739845106944,TTauri*
2MASS J05445268+2357215,3428414114542217856,TTauri*
2MASS J05383360-0157543,3217298982835798400,TTauri*
2MASS J05343545-0503267,3209545089399056768,TTauri*
2MASS J05343023-0458379,3209546429428840704,TTauri*
2MASS J05292485-0140446,3220216777457074304,TTauri*
EM* StHA   47,3217599832408459136,TTauri*
V* V1345 Ori,3017367258785044224,TTauri*
Cl* IC  348    LRL     367,216679455110999168,TTauri*
V* V493 Ori,3017367293144784896,TTauri*
2MASS J17335101-3228142,4054634433810418688,TTauri*
V* V563 Ori,3209559451769623552,TTauri*
2MASS J03594481+1704458,46504810666670208,TTauri*
ESO-HA  415,3326929118281227008,TTauri*
JW  703,3209528940322103424,TTauri*
CVSO 1583,3217551217675210752,TTauri*
HD 284149,51914888911355776,TTauri*
V* V1067 Tau A,162489749661937792,TTauri*
CVSO 102,3217231397229900416,TTauri*
BKLT J162637-241602,6049164916170694912,TTauri*
2MASS J05421241-0205097,3216578149882891264,TTauri*
V* V2679 Ori,3017168178451197952,TTauri*
2MASS J18574512-3719378,6730847488150414208,TTauri*
Cl* NGC 2264    HAR      13,3326693719714520448,TTauri*
NGC  2264   156B,3326716092199626624,TTauri*
CVSO 311,3214902872120068608,TTauri*
EM* LkHA  314,3219155302059637120,TTauri*
CVSO 1198,3221906211433616128,TTauri*
CVSO 802,3220633423644438272,TTauri*
ESO-HA 1061,3017236416891613440,TTauri*
Cl* NGC 2264    LBM    4703,3326709151532505600,TTauri*
UCAC4 476-012112,3236669457138004352,TTauri*
V* V1887 Ori,3223683331461399808,TTauri*
CVSO 943,3223836163577227264,TTauri*
2MASS J05325701-0548561,3017233083996859264,TTauri*
CVSO 945,3236271433929944832,TTauri*
2MASS J05354661-0522243,3017362070464553472,TTauri*
V* CF Ori,3017197143710617856,TTauri*
Cl* NGC 2264    RMS    2309,3326906543934601344,TTauri*
2MASS J07035708-1128317,3046027163227905408,TTauri*
CVSO 1220,3221154111119472640,TTauri*
RX J155829.5-231026,6237174395139447808,TTauri*
2MASS J05305374-0234135,3217015137037264896,TTauri*
2MASS J05360993-0426566,3215640644422931072,TTauri*
CVSO 640,3222073573422712064,TTauri*
V* V1594 Ori,3209580376850206848,TTauri*
2MASS J05355024-0633356,3016939995427002368,TTauri*
CVSO 891,3222214379631179776,TTauri*
Cl* NGC 2264    SBL    2439,3326712003390762752,TTauri*
KHA  85,3326905036401556608,TTauri*
HD  25457,3256786534197166208,TTauri*
2MASS J05164227-0205240,3214291578014547712,TTauri*
[PGZ2001] J160532.1-193315,6247250010459625984,TTauri*
2MASS J06420363+1005180,3326750894318678912,TTauri*
Cl* NGC 2264    SBL    2383,3326713064247343104,TTauri*
CVSO 1251,3221149605698081152,TTauri*
CD-25 11111A,6234854936701816192,TTauri*
EM* LkHA   56,3326686229292371072,TTauri*
ESO-HA  443,3326686091852519936,TTauri*
2MASS J05354045-0431100,3209635283712083072,TTauri*
2MASS J16314788-2531295,6045791477064599808,TTauri*
UCAC2  30800015,3216127277101536512,TTauri*
V* V1941 Ori,3017268749405244800,TTauri*
Cl* Trumpler   14      Y     159,5350381914760914688,TTauri*
CVSO 702,3214088855558621312,TTauri*
2MASS J23104483+4508511,1935066252150562432,TTauri*
2MASS J05363052-0642031,3016923154859387392,TTauri*
Cl* IC  348    LRL     243,216679210297924096,TTauri*
[W96]  4771-1038,3216485722187722752,TTauri*
Cl* IC  348    LRL     218,216678149442478080,TTauri*
2MASS J05341205-0617023,3017151376539212288,TTauri*
CVSO 1812,3217803933550265216,TTauri*
V* V819 Mon,3326685473377779072,TTauri*
V* V1673 Ori,3209630438989062528,TTauri*
CVSO 2052,3221760938458987520,TTauri*
CVSO 1353,3220639883275482368,TTauri*
NGC  2264   201,3326698981049929600,TTauri*
2MASS J16212868-2332483,6050191619514003584,TTauri*
V* V2697 Ori,3017182025425726720,TTauri*
Cl* IC  348    LRL     171,216702029460632832,TTauri*
V* V393 Ori,3017165532751368960,TTauri*
CVSO 457,3234601134031375360,TTauri*
2MASS J05344634-0429028,3209638547887275904,TTauri*
CVSO 1674,3217387837118879488,TTauri*
CVSO 216,3222209882800772096,TTauri*
V* V1136 Ori,3017180960273832576,TTauri*
CVSO 42,3222293132151679744,TTauri*
V* HV Tau C,148450115749097216,TTauri*
CVSO 482,3221430260337154560,TTauri*
CVSO 889,3222198750245675008,TTauri*
ESO-HA  453,3326716126559367808,TTauri*
Cl* NGC 2264    RMS    3446,3326931179865338752,TTauri*
V* V353 Ori,3209617932044344832,TTauri*
V* V546 Ori,3209598346993491840,TTauri*
EM* LkHA   21,3326905272623980288,TTauri*
2MASS J05354452-0536331,3017248992555780736,TTauri*
CVSO 310,3214929397837907840,TTauri*
Cl* NGC 2264    FMS     461,3326692895080785664,TTauri*
CVSO 1064,3235998480167444608,TTauri*
V* LR Mon,3326717019912569088,TTauri*
RX J1625.2-2455,6049015313873042432,TTauri*
[BLH2002] KPNO-Tau 11,164409359522965120,TTauri*
CVSO 1509,3217165220374683904,TTauri*
CVSO 395,3215254475323041792,TTauri*
2MASS J21395029+5719177,2178380513168184192,TTauri*
Cl* IC  348    LRL     136,216694672181012864,TTauri*
2MASS J05352388-0551279,3017191714871969664,TTauri*
2MASS J05353304-0627291,3016951054967127808,TTauri*
2MASS J07040725-1123188,3046029224812162816,TTauri*
RX J1602.0-2221,6243235109392659072,TTauri*
CVSO 343,3215460427594894080,TTauri*
CVSO 210,3222262762438110976,TTauri*
V* V2064 Ori,3017364475647795072,TTauri*
[BLH2002] KPNO-Tau 13,151262876946558976,TTauri*
2MASS J05351665-0438056,3209626934295716480,TTauri*
CVSO 212,3222096083347071360,TTauri*
CVSO 106,3217178792470499968,TTauri*
CVSO 999,3236074415189399936,TTauri*
VPHAS J173453.7-323453.2,4054616047044969472,TTauri*
2MASS J05333609-0610524,3017202916146769024,TTauri*
CRTS J051908.3-032437,3213527520512433536,TTauri*
V* V1437 Ori,3017244457070230784,TTauri*
2MASS J05073357-0325167,3212963810348859392,TTauri*
2MASS J05324254-0601258,3017220061656048512,TTauri*
2MASS J05064977-0321036,3213009066421537664,TTauri*
2MASS J05383200-0143171,3217316128345212288,TTauri*
CVSO 74,3217210055537911424,TTauri*
2MASS J21380772+5735532,2178402262882609920,TTauri*
2MASS J21382668+5802377,2178564780136336000,TTauri*
CVSO 366,3233636488673622528,TTauri*
2MASS J21381384+5731414,2178395287855504256,TTauri*
ATO J081.8376-03.4836,3210745515577050880,TTauri*
V* MT Lup,6009423961749024384,TTauri*
CVSO 441,3214389121016403968,TTauri*
CVSO 789,3234338934867990272,TTauri*
CVSO 323,3214492548124719872,TTauri*
V* V1447 Ori,3017250401305099136,TTauri*
[W96] rJ053833-0236,3216486375022778112,TTauri*
V* NT Mon,3326703001139724032,TTauri*
2MASS J05353372-0546162,3017245281704071040,TTauri*
2MASS J05361878-0510165,3017374951058701696,TTauri*
2MASS J05344828-0532351,3017265588309311360,TTauri*
UCAC3 53-724,4900780511935295872,TTauri*
2MASS J05323693-0204384,3217133678134381312,TTauri*
2MASS J21372915+5732534,2178443013534417408,TTauri*
2MASS J16234940-2341272,6049443676728549248,TTauri*
V* V2059 Ori,3209545879672999168,TTauri*
2MASS J04324938+2253082,145951789107603072,TTauri*
NGC  2264   170,3326710968303264384,TTauri*
2MASS J05371686-0647506,3016876601709794304,TTauri*
UCAC4 435-010197,3210972530368283520,TTauri*
V* V1312 Tau,164705368668853120,TTauri*
CVSO 1886,3219250581614894720,TTauri*
2MASS J05423641-0220397,3216465686166739200,TTauri*
2MASS J05372217-0654454,3016857394616051072,TTauri*
CVSO 1803,3217804311507386240,TTauri*
CVSO 613,3222177756445000704,TTauri*
V* WX Ori,3209524233037903360,TTauri*
CD-27 10549,6233445504530129152,TTauri*
2MASS J05044139+2509544,3419962546614118144,TTauri*
CVSO 988,3236000468737076352,TTauri*
V* V1276 Ori,3017265485230075392,TTauri*
THA 15-30,5997082149897384320,TTauri*
Cl* NGC 2264    RMS    3888,3326696159255969408,TTauri*
CVSO 871,3221898751074875264,TTauri*
CVSO 173,3217728788802596096,TTauri*
2MASS J15504672-3829267,6008790677412412416,TTauri*
2MASS J05282657-0314000,3210774309037717760,TTauri*
V* V2103 Ori,3017187557343662336,TTauri*
Cl* IC  348    LRL     190,216675160145252992,TTauri*
UCAC4 428-009627,3210398752800346112,TTauri*
2MASS J17345231-3233211,4054619006287758720,TTauri*
2MASS J21361281+5753004,2178465931479939200,TTauri*
V* V571 Ori,3016952090054853888,TTauri*
CVSO 935,3220139704268624128,TTauri*
CVSO 753,3222259425247389056,TTauri*
CD-31 12522,6036418346602207616,TTauri*
CVSO 587,3222064330653186048,TTauri*
CVSO 458,3221331957126114944,TTauri*
2MASS J05384386-0237068,3216486130212562560,TTauri*
2MASS J04554757+3028077,156915878541979264,TTauri*
2MASS J05354923-0559142,3017186079874884608,TTauri*
2MASS J05361866-0631256,3016946145820166016,TTauri*
Cl* NGC 2264    SBL    1891,3326716672020445824,TTauri*
[SHB2004] Trumpler 37 22-2651,2178382987069801472,TTauri*
HD 143441,6043151824525797376,TTauri*
CD-40  9190,6196989444166807424,TTauri*
2MASS J05350303-0459597,3209547013544362624,TTauri*
V* IS Ori,3209523889440506240,TTauri*
2MASS J05322963-0618347,3016824443628154752,TTauri*
2MASS J21384446+5718091,2178377901827761536,TTauri*
SPICY 57170,4054617116502154368,TTauri*
CVSO 1125,3223845062749424512,TTauri*
CVSO 196,3218764975431703296,TTauri*
CVSO 697,3222286191483819904,TTauri*
2MASS J05350751-0619232,3017143611238323456,TTauri*
CVSO 946,3220286218488140032,TTauri*
CVSO 2051,3222136765277093888,TTauri*
2MASS J05350766-0606541,3017159794675068544,TTauri*
V* V1443 Ori,3209624872711453696,TTauri*
CRTS J053051.2+030106,3223959064065329408,TTauri*
2MASS J21375841+5718046,2178388278468711296,TTauri*
2MASS J20504608+4419100,2163139594070911360,TTauri*
2MASS J05265867-0027416,3220557415608217472,TTauri*
CVSO 189,3219027208955340288,TTauri*
CVSO 1366,3223512632281516288,TTauri*
2MASS J05352275-0443258,3209578280906199168,TTauri*
V* V1972 Ori,3209629442556644096,TTauri*
2MASS J05300369-0155467,3217194357432201216,TTauri*
Cl* NGC 2264    SBL    2250,3326716435797007744,TTauri*
THA 15-38,5997409185883543168,TTauri*
Cl* NGC 2264    RMS    3595,3326697434859713024,TTauri*
Cl* NGC 2264    SBL    2331,3326741514111044480,TTauri*
VSSG  11,6049164877514306688,TTauri*
UCAC4 441-010661,3216974386386913408,TTauri*
2MASS J05022084-0744099,3184001372699298560,TTauri*
CVSO 976,3236295417027310720,TTauri*
2MASS J05295839+0203597,3223745041551364864,TTauri*
CVSO 1011,3235884852512759296,TTauri*
BKLT J162711-241034,6049171788118368256,TTauri*
V* LU Mon,3326708945375012736,TTauri*
2MASS J05334046+0241141,3223720611777438976,TTauri*
V* V582 Mon,3326686439745822336,TTauri*
2MASS J03583936+1954499,50520673808214016,TTauri*
CVSO 505,3221240216624887296,TTauri*
2MASS J07353433-2725242,5612186697150357120,TTauri*
V* UX Tau A,3314508626912857472,TTauri*
Cl* NGC 2264    FMS     216,3326688982366478464,TTauri*
2MASS J18023310-2301349,4069268585664074112,TTauri*
CVSO 1101,3236011601291744384,TTauri*
CVSO 948,3221879307757984640,TTauri*
CVSO 415,3233737575023512704,TTauri*
Parenago   906,3209497088842680704,TTauri*
CVSO 1138,3236091114021994880,TTauri*
V* V1275 Ori,3017266309863795840,TTauri*
V* V597 Mon,3326717294790475008,TTauri*
CVSO 2050,3222132676468406784,TTauri*
HD 137876B,6210254708353474816,TTauri*
ATO J087.7867+07.8159,3334963666358726144,TTauri*
Cl* NGC 2264    FMS     446,3326691555050948992,TTauri*
CVSO 159,3217490985053103872,TTauri*
CVSO 1202,3223787819425481856,TTauri*
2MASS J07040114-1136255,3045831587598492544,TTauri*
2MASS J16305150-2411337,6050602523327201536,TTauri*
2MASS J05385831-0216101,3216513209978224384,TTauri*
2MASS J05325421-0142045,3217184290028591104,TTauri*
V* V1434 Ori,3209546429428839680,TTauri*
Cl* NGC 2264    SBL    1451,3326714782234730752,TTauri*
V* V1884 Ori,3223466448503606400,TTauri*
CVSO 687,3222275406821845248,TTauri*
EM* LkHA  191,2162176215724606208,TTauri*
BKLT J162832-241526,6050656781651004160,TTauri*
V* V954 Ori,3217710406342700800,TTauri*
CVSO 544,3221667033294299776,TTauri*
CVSO 1555,3216973011997355648,TTauri*
CVSO 773,3210944527181508352,TTauri*
2MASS J07034751-1131489,3046020669237386624,TTauri*
2MASS J06392595+1005075,3326926678739957888,TTauri*
Haro 4-370,3017171438328564480,TTauri*
ATO J083.3290-01.7569,3217180029421362304,TTauri*
V* V765 Ori,3017144916908502400,TTauri*
2MASS J05274187-0147460,3220123559487844992,TTauri*
2MASS J05391564-0229568,3216489192521278848,TTauri*
KHA 116,3326537215402297088,TTauri*
1RXS J050926.3+185405,3407642067852822528,TTauri*
WSB 40,6049367398109200256,TTauri*
2MASS J05184885-0137566,3214405995943589760,TTauri*
2MASS J05344959-0632594,3017130447162667264,TTauri*
CVSO 94,3217244488290237312,TTauri*
2MASS J05343787-0442384,3209625250668583424,TTauri*
V* V814 Mon,3326686298011501696,TTauri*
CVSO 453,3221325390119634304,TTauri*
ESO-HA  422,3326717153056578688,TTauri*
V* V678 Ori,3210554819029563520,TTauri*
2MASS J05364836-0514166,3017358943728314624,TTauri*
2MASS J05301532-0144063,3217216175865704576,TTauri*
V* V1480 Ori,3209521037582290048,TTauri*
2MASS J05325279-0126154,3217236929147701376,TTauri*
2MASS J05594006+2211523,3424430618273911936,TTauri*
2MASS J05351569-0059286,3217655946158280192,TTauri*
CVSO 309,3214936097986859008,TTauri*
CVSO 1761,3217371511946673920,TTauri*
2MASS J21393803+5719332,2178380375729217280,TTauri*
EM* LkHA  149,2163140319925496192,TTauri*
RX J0935.0-7804,5203033750152434176,TTauri*
EM* LkHA   44,3326712587506320384,TTauri*
2MASS J05193997-0105153,3215211834887832192,TTauri*
CSIMon-005455,3326683308713631872,TTauri*
2MASS J05342510-0643274,3016563859371415424,TTauri*
ScoPMS  28,6247213864014851072,TTauri*
2MASS J05274060-0016575,3220988565900663040,TTauri*
2MASS J06392269+0917037,3326585589617812864,TTauri*
ESO-HA  540,3326633796330606080,TTauri*
Cl* NGC 2264    RMS    3465,3326697297422758912,TTauri*
[WMR2005] 2-3,6050675885665543552,TTauri*
CVSO 591,3222169608891165056,TTauri*
V* V2331 Ori,3209521415539408384,TTauri*
V* V1351 Tau,3404930023639393920,TTauri*
2MASS J07035414-1128235,3046027163227907840,TTauri*
2MASS J05363299-0602297,3017175737593619584,TTauri*
ATO J082.5171+02.5551,3223800601248118912,TTauri*
Elia 2-36,6049152615384353408,TTauri*
2MASS J03542950+3203013,168834825106833792,TTauri*
CVSO 621,3222176549558406528,TTauri*
2MASS J05100460-0428037,3212067094193395200,TTauri*
CVSO 288,3212909698057284224,TTauri*
IPHAS J185448.29+005033.5,4266702769063755136,TTauri*
CVSO 927,3220128782168093056,TTauri*
2MASS J05341741-0258366,3216743488946123904,TTauri*
2MASS J05455466+2556215,3429291730979480704,TTauri*
Cl* NGC 2264    SBL    2019,3326716641955448960,TTauri*
2MASS J20512059+4420322,2163137742945112960,TTauri*
2MASS J05341471-0553075,3017217037999027456,TTauri*
HD  92727B,5204637937618705024,TTauri*
V* V2102 Ori,3017363685373806336,TTauri*
2MASS J15415753-3019059,6208936600074332032,TTauri*
V* V1201 Tau,152104381299305728,TTauri*
2MASS J21401438+5740507,2178493694142261888,TTauri*
V* V1245 Ori,3215651776978529920,TTauri*
Cl* NGC 2264    FMS     244,3326689910079028224,TTauri*
CVSO 1726,3224047196794211456,TTauri*
CVSO 579,3220377134356950528,TTauri*
V* V1481 Ori,3017266481662489984,TTauri*
THA 15-40,5997388638756468736,TTauri*
V* LN Ori,3017265244711916672,TTauri*
2MASS J05345345-0429094,3209638479167789824,TTauri*
2MASS J05363184-0623231,3016949646217888640,TTauri*
ATO J082.2350-03.0830,3210783998483898496,TTauri*
V* DZ Cha,5200035927402217088,TTauri*
ATO J080.4198-04.5311,3210373949365479040,TTauri*
2MASS J04132729+3352416,169990544968192640,TTauri*
Cl* NGC 2264    SBL       9,3326704547327586560,TTauri*
2MASS J05162151+1147472,3387622984767276800,TTauri*
CVSO 991,3220311782133446016,TTauri*
Haro 5-25,3216502180502330368,TTauri*
KHA 124,3326711625433642880,TTauri*
ATO J082.5227+04.9634,3236748690695303936,TTauri*
RX J1505.4-3857,6197649494741193088,TTauri*
2MASS J20333684+4009387,2064702620135623808,TTauri*
CVSO 776,3220620435663361408,TTauri*
V* V1178 Ori,3017142065050066176,TTauri*
CVSO 425,3221297528668626560,TTauri*
CVSO 1121,3236004729345720960,TTauri*
ESO-HA  416,3326717462294180992,TTauri*
CVSO 711,3222256474606032896,TTauri*
EM* AS  218,4108749986638766464,TTauri*
2MASS J05354173-0503291,3209531139345352192,TTauri*
2MASS J15591452-2606182,6235404525017276544,TTauri*
Cl* IC  348    LRL     316,216700856933382016,TTauri*
2MASS J20322979+4015396,2064713791348437376,TTauri*
2MASS J05351365-0411074,3215663150051550720,TTauri*
V* IT Ori,3209553438815425024,TTauri*
CVSO 345,3213325244732653696,TTauri*
2MASS J05250780-0128357,3220202999202696064,TTauri*
V* V355 Mon,3326697602365019264,TTauri*
1RXS J161303.8-225745,6242578696645925504,TTauri*
V* PV Mon,3326684240722592000,TTauri*
CVSO 1740,3217397011169002624,TTauri*
CVSO 919,3222306502384919936,TTauri*
2MASS J05351080-0444106,3209577421912751616,TTauri*
HD 104467,5788345708499360256,TTauri*
UCAC4 439-010159,3217039257573404544,TTauri*
CVSO 611,3222184353514745344,TTauri*
CVSO 149,3217356634179835904,TTauri*
2MASS J02285180+7239143,546632380528664192,TTauri*
CVSO 1285W,3217222326258845056,TTauri*
[KP93] 2-43,2279559531646356608,TTauri*
CVSO 590,3222182051412540800,TTauri*
2MASS J05284486+0249405,3223869767401288704,TTauri*
2MASS J05343487-0611259,3017158007968697472,TTauri*
V* V1724 Ori,3209532479375154688,TTauri*
Parenago  1779,3209576459840087936,TTauri*
V* V2042 Ori,3017269436599997056,TTauri*
2MASS J05355880-0612437,3017166700982470272,TTauri*
CVSO 710,3221351954493634048,TTauri*
HD  22179,121249198804944512,TTauri*
HD 290172,3215055566797377024,TTauri*
ESO-HA  500,3326695991753074304,TTauri*
CVSO 837,3220529279277649920,TTauri*
ESO-HA  512,3326692654562608896,TTauri*
V* V1559 Ori,3017359596564764800,TTauri*
CVSO 1556,3217570905805263872,TTauri*
2MASS J05333120-0529576,3209416996292577536,TTauri*
EM* LkHA  316,3219596378020960128,TTauri*
CVSO 456,3221332747400100864,TTauri*
EM* LkHA    8,3326906479510567424,TTauri*
Haro 4-205,3016979680924797056,TTauri*
CVSO 1934,3320281062959336576,TTauri*
Cl* IC  348    LRL     169,216676328376452352,TTauri*
2MASS J05523390+1803400,3398147578789140736,TTauri*
2MASS J07042798-1134431,3045836947718876032,TTauri*
V* V1749 Ori,3017186389112541696,TTauri*
CVSO 649,3222046983280996224,TTauri*
V* V505 Ori,3216107490187638784,TTauri*
BKLT J162457-241127,6049336405625377920,TTauri*
2MASS J20505489+4422583,2163140251206016640,TTauri*
2MASS J05385809-0126135,3217470541008785280,TTauri*
2MASS J06294017-0953463,3002939192317163264,TTauri*
CVSO 1068,3236057231025026432,TTauri*
2MASS J05363541-0617364,3016976962209915392,TTauri*
V* V2718 Ori,3017397529714489856,TTauri*
CVSO 806,3220401662913159552,TTauri*
CVSO 1235,3221149365179905024,TTauri*
2MASS J05295929-0138377,3217220711351167104,TTauri*
V* AB Dor,4660766641264343680,TTauri*
2MASS J05334319-0440246,3209617519727489152,TTauri*
ScoPMS  32,6244187217736966912,TTauri*
2MASS J20510895+4416420,2163135647001062528,TTauri*
2MASS J05463328+0002518,3219148327032660224,TTauri*
CVSO 8,3214336554912482944,TTauri*
2MASS J04162791+2053285,49366530195371392,TTauri*
2MASS J05353532-0444202,3209575394688171008,TTauri*
VPHAS J172949.8-323227.5,4054762217656953344,TTauri*
V* V1440 Ori,3209624872711454976,TTauri*
Cl* NGC 2264    FMS     412,3326692345325458176,TTauri*
2MASS J05334020-0537433,3017259918952505088,TTauri*
CVSO 1651,3217759678207340416,TTauri*
BD-08  1115,3014890093437477120,TTauri*
Cl* NGC 2264    FMS     212,3326689871423794688,TTauri*
2MASS J05385038-0226477,3216493246970258176,TTauri*
2MASS J05362413-0631495,3016934497868858240,TTauri*
Cl* NGC 2264    RMS    4935,3326722581893518720,TTauri*
ESO-HA  909,3209539488761717120,TTauri*
ATO J081.9485-01.1409,3220311850852921728,TTauri*
V* LV Mon,3326686572888877312,TTauri*
V* FN Tau,164738521519622656,TTauri*
2MASS J05402894+0013082,3219342115957758720,TTauri*
CVSO 2010,3222104016151525504,TTauri*
EM* LkHA  300,3219147845996327168,TTauri*
2MASS J05065493-0321126,3213014873216201344,TTauri*
ESO-HA  437,3326740728132033024,TTauri*
2MASS J05322824-0041364,3220690598249208832,TTauri*
V* V1736 Ori,3209578315265936128,TTauri*
CVSO 1289,3223579874289253248,TTauri*
2MASS J05275341-0141081,3220137784419513984,TTauri*
Cl* NGC 2264    FMS     207,3326690734712748800,TTauri*
CVSO 916,3220511992033788416,TTauri*
Cl* NGC 2264    SBL     182,3326930428248198016,TTauri*
Parenago  1729,3017145226146020608,TTauri*
Cl* NGC 2264    SBL    2324,3326740036642287104,TTauri*
V* V417 Mon,3326690936575725952,TTauri*
V* V2413 Ori,3017366090553945856,TTauri*
CVSO 73,3220269450935939200,TTauri*
CVSO 2082,3220689460082947968,TTauri*
VPHAS J173451.9-323809.3,4054615261060404608,TTauri*
2MASS J18024083-2301315,4069257143881427968,TTauri*
2MASS J05385501-0656185,3016109413174984448,TTauri*
2MASS J06410767+1002586,3326932519904093312,TTauri*
2MASS J06415113+0930127,3326644963245750016,TTauri*
VPHAS J173326.1-323322.7,4054610274599056640,TTauri*
ROX 27,6049095406419962112,TTauri*
Cl* NGC 2264     DS     150,3326930320872085760,TTauri*
EM* LkHA  270,121406699550262528,TTauri*
CVSO 519,3234186347566024704,TTauri*
2MASS J06133726-0625017,3019810030014599552,TTauri*
RX J1243.1-7458,5838365859705725312,TTauri*
2MASS J20504870+4420532,2163139804529410944,TTauri*
CVSO 1430,3209862264142318208,TTauri*
V* V852 Ori,3017395090173068800,TTauri*
CVSO 1129,3220240966712875648,TTauri*
Cl* NGC 2264    RMS    2101,3326700767756743680,TTauri*
2MASS J03253316+2426577,68991197843470720,TTauri*
CVSO 728,3210996582184979072,TTauri*
2MASS J05325630-0603189,3017208688582645376,TTauri*
2MASS J05350479-0600209,3017187900941042304,TTauri*
2MASS J03505634+1742185,43877424553764608,TTauri*
CVSO 1246,3223523215080869376,TTauri*
Cl* IC  348    LRL     156,216679626911236352,TTauri*
ScoPMS  42b,6245781097280740864,TTauri*
CVSO 1546,3217554138252986240,TTauri*
CVSO 2066,3216817362383183488,TTauri*
ATO J078.8444-02.3331,3214257218276251264,TTauri*
CVSO 1221,3220725606527006080,TTauri*
CD-38  4381,5540151196420957952,TTauri*
CVSO 841,3221770421747268480,TTauri*
CVSO 1171,3221962389605562112,TTauri*
CVSO 10,3234214041515130880,TTauri*
HD  31281,3406664365793560320,TTauri*
CVSO 27,3221396244196234240,TTauri*
[M81] I-671,4257467769039950848,TTauri*
2MASS J04080782+2807280,163926914439144320,TTauri*
CVSO 597E,3210793241252002304,TTauri*
2MASS J05323166-0615185,3016829082192818176,TTauri*
2MASS J19041725-3659030,6719200395831344128,TTauri*
CVSO 696,3222110961113613696,TTauri*
CVSO 551,3221419918056058240,TTauri*
V* OQ Mon,3326686645904252416,TTauri*
ATO J085.5791+22.2311,3403472655338006912,TTauri*
CVSO 79,3220250381281146112,TTauri*
HD 141277,6008449485212760064,TTauri*
CVSO 113,3217173638510050304,TTauri*
2MASS J04182147+1658470,45787585487165184,TTauri*
VPHAS J173448.8-323459.6,4054618628314930688,TTauri*
Cl* NGC 2264    FMS     159,3326691112669868416,TTauri*
V* V580 Mon,3326689218588736384,TTauri*
RX J1541.1-3454,6013340903195529856,TTauri*
V* V1432 Ori,3209523442763914496,TTauri*
CVSO 220,3222308873206935040,TTauri*
NGC  2264   467,3326711556714165504,TTauri*
UCAC2  30800097,3216486095852823296,TTauri*
V* V1233 Ori,3017142889684541440,TTauri*
RX J1544.5-3521,6014577407101524864,TTauri*
2MASS J05344475-0640294,3016565577358331520,TTauri*
Cl* NGC 2264    RMS    3087,3326710560281765760,TTauri*
CVSO 1097,3221984860872959232,TTauri*
2MASS J20502242+4419175,2067063722575028480,TTauri*
CVSO 1047,3222026470517643904,TTauri*
CVSO 792,3222210806217523968,TTauri*
2MASS J21401023+5732511,2178387316396791040,TTauri*
ATO J083.5134-02.7937,3216854608339339648,TTauri*
V* V356 Mon,3326696816386430464,TTauri*
KHA 131,3326617411031458432,TTauri*
2MASS J05345661-0634101,3016942503687853440,TTauri*
2MASS J05361649-0522413,3017356087562139136,TTauri*
Cl* NGC 2264    RMS    1664,3326699973187419776,TTauri*
2MASS J20335344+4054489,2067760400630965248,TTauri*
2MASS J22525012+6227336,2207261007126229376,TTauri*
[BVD2011] 140,2178223935834695040,TTauri*
2MASS J05344550-0554203,3017236726129260160,TTauri*
GSC 01267-00433,3309789385567829632,TTauri*
V* BX Ant,5460728077057780864,TTauri*
CVSO 900,3222293273885688192,TTauri*
ESO-HA  376,3326715057112740608,TTauri*
CVSO 957,3222001628426857600,TTauri*
2MASS J05342552-0406376,3215852987606348672,TTauri*
YLW  1A,6049163438702040448,TTauri*
CVSO 497,3234160371603836288,TTauri*
RX J1527.3-3603,6013556682354408064,TTauri*
2MASS J05291700+0209117,3223759880663372928,TTauri*
2MASS J05281925-0152039,3220118989642636288,TTauri*
2MASS J05144607+3011585,180149418232233472,TTauri*
UCAC4 437-010930,3216437962151413632,TTauri*
2MASS J18023489-2305050,4069256525406101376,TTauri*
Cl* NGC 2264    FMS      66,3326702794980916608,TTauri*
2MASS J05152186-0220076,3214257183917058560,TTauri*
CVSO 1192,3220274123860357888,TTauri*
CVSO 1748,3217341382752766592,TTauri*
2MASS J04155799+2746175,162967384383246336,TTauri*
2MASS J16111287-3905131,5997399462074097664,TTauri*
2MASS J05420905-0208173,3216577428328388352,TTauri*
KHA 103,3326709357690924672,TTauri*
V* OP Ori,3209573814140210944,TTauri*
CVSO 1480,3217560632243564928,TTauri*
CVSO 1727,3217283864550790016,TTauri*
2MASS J05362635-0648435,3016872959577453568,TTauri*
2MASS J05330101+0255591,3223928763072601984,TTauri*
2MASS J06065848-0555066,3020042267484574592,TTauri*
