Star,Gaia_DR3_ID,otype
BMB 188,4050184297972507904,AGB*
LINEAR 11002062,6298010098619753856,AGB*
V* V1506 Sgr,4050205978979070976,AGB*
CRTS J150936.7-082617,6320563964028024832,AGB*
IRAS 17021-3509,5977250842829747200,AGB*
IRAS 17511-2203,4070268316615047424,AGB*
ASAS J213445-0546.8,2670878498813809920,AGB*
2MASS J02393145-3422586,5062266162669820032,AGB*
CRTS J174720.7+213308,4553101844182120064,AGB*
[DHS2014] 61002085,6204589234176298496,AGB*
2MASS J05095811-6546492,4663558232582533248,AGB*
2MASS J00234271-7207538,4689625930962792192,AGB*
FBMC Fornax 26,5062210499893915392,AGB*
2MASS J13262299-4740371,6083695181956033664,AGB*
IPHAS J054837.39+243947.0,3428928514186508928,AGB*
2MASS J05063467-6521592,4663582627997882112,AGB*
WEL  86,5062207029560315776,AGB*
IRAS 12364-6539,5860205390504499584,AGB*
2MASS J05061020-6522192,4663582387479708416,AGB*
2MASS J16205449-3654431,6021577035566171264,AGB*
2MASS J02403907-3426461,5062215722574024320,AGB*
Gaia DR2 4899322215920272384,4899322215920272384,AGB*
[KRC2012] 69259,4182478224166058496,AGB*
2MASS J05311990-7001545,4657993329331609984,AGB*
IRAS 19041+0952,4312220729395489664,AGB*
IRAS 18152-1530,4098098850007802752,AGB*
2MASS J09121484-6451520,5248759101563622912,AGB*
OGLE LMC-LPV-58935,4658021366931613184,AGB*
CRTS J134147.3-081347,3618504728495585280,AGB*
[GGA99] Sgr I 112,4062346958187265664,AGB*
2MASS J16232184-2630495,6045477802715776128,AGB*
ISOGAL-P J180347.6-295656,4050200447058047104,AGB*
2MASS J00253529-7206543,4689626691177152128,AGB*
2MASS J17210447-3502401,5975627207687039744,AGB*
ISOGAL-P J180235.0-300135,4050225422228212480,AGB*
2MASS J15433057+0030389,4422613041139308288,AGB*
IRAS 18418-0338,4258482515217611008,AGB*
IRAS 17139-3746,5973513293518219136,AGB*
IRAS 18242-1124,4153389647641082752,AGB*
IRAS 17194-4203,5959600279592133120,AGB*
ISOGAL-P J180306.0-295302,4050251471295751040,AGB*
LINEAR 10823089,3645554535604760960,AGB*
BMB 134,4050197114208851328,AGB*
IRAS 00127+5437,419816904110240256,AGB*
2MASS J17170538+4309100,1360405670963042048,AGB*
IRAS 17293-3818,5962073592272749568,AGB*
2MASS J00235114-7154511,4689832707870915328,AGB*
2MASS J19402240-3104010,6751340593885154560,AGB*
IRAS 18215-1157,4153250525051359616,AGB*
IRAS 17104-3925,5972279366638569600,AGB*
[NSC64] 2-17,6881024386906466944,AGB*
DK 25,5062192903409354240,AGB*
ATO J069.9637-03.1883,3201990722959569792,AGB*
CRTS J162441.9-194055,6244938081098006912,AGB*
[DHS2014] 61002370,6204566006993179136,AGB*
IRAS 17121-3818,5973472680316966656,AGB*
MSX5C G012.1447+00.9456,4095855537044084992,AGB*
BMB  23,4050202027555053568,AGB*
CRTS J042906.5+303340,171211174673738496,AGB*
DIK 21,4653351088145649664,AGB*
BMB 159,4050184435411712000,AGB*
BMB-BW 339,4661235857880045824,AGB*
2MASS J17304612-3444551,5975110746472363136,AGB*
2MASS J18184660-1634566,4097421413399236224,AGB*
2MASS J00235728-7207274,4689625969623520768,AGB*
2MASS J05140508-4002278,4819197711227246208,AGB*
2MASS J18155832-1658278,4097480237267692288,AGB*
IRAS 17157-3621,5975241760140838528,AGB*
IRAS 17221-3824,5974042639646211072,AGB*
2MASS J08295605-7029227,5221807017844430592,AGB*
BMB 262,4050187287271066752,AGB*
V* V370 And,355808770274360960,AGB*
IRAS 17017-3517,5977226447407795456,AGB*
[DHS2014] 42008805,6204569030650217856,AGB*
IRAS 17061-3627,5976873469755233152,AGB*
IRAS 19178+0747,4307756441623837568,AGB*
IRAS 18007-1833,4143464527987355520,AGB*
OH 022.742+00.237,4156351663238517888,AGB*
[GGA99] Sgr I 421,4062371731573041920,AGB*
IRAS 17090-3516,5977100274092717056,AGB*
MSX5C G016.6608-00.3603,4098273534906847744,AGB*
MSX LMC    8,4663596882956831104,AGB*
[MSS2012] 90,4689639473003140992,AGB*
2MASS J05123880-6320586,4664280061933670272,AGB*
CRTS J205718.2+122453,1757803365475387904,AGB*
2MASS J18424231-0440533,4256666328154217728,AGB*
IRAS 16596-3501,5978044999507420800,AGB*
CRTS J230242.9-043840,2635936710773027072,AGB*
2MASS J17362235-3514467,4053310720572818944,AGB*
[DHS2014] 52009427,6204569339887900416,AGB*
IRAS 17210-3720,5974346414079895552,AGB*
[DHS2014] 61000707,6204565766475816192,AGB*
IRAS 17345-3715,5962339197414973568,AGB*
BMB-BW  45,4661234758368592896,AGB*
IRAS 18404-0501,4256621797951854080,AGB*
[RHI84]  8-208,5974612903911534976,AGB*
2MASS J13255200-4730163,6083712361827277568,AGB*
IRAS 16391-4558,5943134680587414400,AGB*
IRAS 18041-2242,4069608888813077248,AGB*
2MASS J02393752-3425000,5062213076874042880,AGB*
IRAS 16292-4903,5940687373886640128,AGB*
IRAS 18094-0608,4172801972096099712,AGB*
ISOGAL-P J174551.0-283521,4057567617292169344,AGB*
StM  73,3381263684390141184,AGB*
BMB  80,4050197320319941120,AGB*
2MASS J05141501-4003040,4819185784103277824,AGB*
2MASS J00243338-7203517,4689639399980558080,AGB*
2MASS J18354911-0734430,4252823500650937216,AGB*
RM 1-195,4661908071780385792,AGB*
2MASS J16570827-0405151,4365635141703614464,AGB*
2MASS J02392925-3446057,5062110513051422336,AGB*
2MASS J19270320+2037081,2017927441312020864,AGB*
2MASS J09121969-6443557,5248766974247311488,AGB*
2MASS J17171140+4306027,1360404610108410752,AGB*
2MASS J15183092+0205024,4421572967566565376,AGB*
BMB 185,4050183331554578560,AGB*
BMB  55,4050202577361052672,AGB*
BMB 282,4050193300227350784,AGB*
BMB 294,4050192166355718144,AGB*
ISOGAL-P J180256.5-295823,4050202199404101376,AGB*
[RHI84]  8-402,5974845283172396672,AGB*
IRAS 15568-5334,5980822400149436928,AGB*
2MASS J13124042+1817083,3938026930697765504,AGB*
V* V1450 Sgr,4050198763428850944,AGB*
BMB 161,4050184641570258432,AGB*
BMB  74,4050172645668659968,AGB*
Cl* NGC  339     LE       1,4684827735234404992,AGB*
OGLE LMC-LPV-62887,4658015972453993856,AGB*
2MASS J17230567-3748493,5974310778730412032,AGB*
CRTS J150622.0-104157,6318928169899571328,AGB*
SV* HV  2575,4658660767262965632,AGB*
[KRC2012] 87610,4182449327626780288,AGB*
BMB 174,4050197011081943936,AGB*
ROTSE1 J141000.48+360619.7,1482685215240112384,AGB*
[W65] 273,5335886606330894336,AGB*
2MASS J19400069-3056093,6751389384714926336,AGB*
BMB  81,4050172684375475200,AGB*
2MASS J15182523+0203164,4421478924962333568,AGB*
IRAS 05128-6455,4663678762212222848,AGB*
2MASS J18425222-0346184,4258452278622535168,AGB*
RAFGL 6967S,4097272773182316544,AGB*
MSX6C G034.9723-00.0836,4267104163821452288,AGB*
2MASS J16262552-3944473,6017221590827569024,AGB*
2MASS J17161862-3555185,5975504577783264640,AGB*
GES J09120570-6451170,5248759312024919424,AGB*
DK  6,5062110169454054656,AGB*
IRAS 17043-3551,5977160850317211136,AGB*
MSX5C G000.4434+00.4517,4057589749249639680,AGB*
IRAS 16369-3810,6019083927342994176,AGB*
BMB 218,4050199274467582592,AGB*
[KRC2012] 94947,4182447403482309248,AGB*
BMB 187,4050203535082605440,AGB*
2MASS J05141034-4004235,4819185650963104896,AGB*
BMB  22,4050249852003375232,AGB*
2MASS J19084838+0336591,4269087270557438848,AGB*
2MASS J10161408-4626497,5413566484303137024,AGB*
IRAS 15264-6343,5826645237587427328,AGB*
DK 45,5062264096784567424,AGB*
2MASS J13421985+2824515,1454878394376041216,AGB*
2MASS J05140584-4002126,4819197711231029760,AGB*
OH 026.074-00.441,4253063159834440704,AGB*
MSX6C G033.8179-00.3008,4266692740313992192,AGB*
V* R Dor,4677205714465503104,AGB*
FBS 0809-001,3083438527395111424,AGB*
MSX5C G007.6044+00.1527,4069871087989587584,AGB*
IRAS 17459-3059,4055928662057833344,AGB*
IRAS 17583-2413,4069038341060184832,AGB*
2MASS J16570875-0409318,4365621505188669056,AGB*
2MASS J05135184-6145425,4760547355821888512,AGB*
BMB-O 106,4658063423265969408,AGB*
2MASS J18154112-1646457,4097496558149754752,AGB*
2MASS J05195695-6613514,4660490659529887744,AGB*
2MASS J05041229-6522213,4663772431166478336,AGB*
2MASS J16321971-1301196,4330475684722111104,AGB*
2MASS J15423538-3422223,6014869224358733824,AGB*
BMB 201,4050183232820240512,AGB*
[DHS2014] 42008494,6204589405975011840,AGB*
IRC +00177,3074921023130350080,AGB*
IRAS 16462-1532,4134109779947177728,AGB*
IRAS 16221-4834,5941441535754703488,AGB*
2MASS J08492507+2058552,661898479434911232,AGB*
BMB-BW 319,4661234719660417920,AGB*
WEL M3,5062213175655557888,AGB*
2MASS J00245600-7212266,4689622877246364288,AGB*
ISOGAL-P J180319.4-300552,4050197423349106816,AGB*
2MASS J19260132+1406385,4319584163067572992,AGB*
MSX5C G019.5398+00.2933,4153282337865835520,AGB*
2MASS J17185650-3741388,5972861214399717120,AGB*
2MASS J05060632-6513190,4663795039875214208,AGB*
2MASS J19395779-3058487,6751389041117516928,AGB*
GES J09120638-6450587,5248759312025424640,AGB*
WOH S 133,4662226311678394240,AGB*
BMB-BW 323,4661229638764300160,AGB*
ISOGAL-P J180352.9-295727,4050200270920538368,AGB*
[KRC2012] 104988,4182258046964912128,AGB*
V* V1436 Sgr,4050202847880526720,AGB*
IRAS 15585-5302,5980935168801415680,AGB*
IRAS 17232-3658,5974449562013967360,AGB*
[KRC2012] 94394,4182447437837460992,AGB*
DK 13,5062114223903187328,AGB*
ASAS J131738+2206.6,3943667528425895680,AGB*
[GGA99] Sgr I 129,4062350806419218816,AGB*
IRAS 17192-3206,5979562183712259712,AGB*
OGLE LMC-LPV-46603,4651729411608525568,AGB*
DIK  7,4639516375713547904,AGB*
ISOGAL-P J180303.8-295534,4050249684587399680,AGB*
2MASS J19534969+1850489,1821621077641754752,AGB*
BMB   6,4050248997330480640,AGB*
V* V1617 Cyg,2173057949178596864,AGB*
IRAS 16575-3651,5976670536842695296,AGB*
IRAS 14288-6025,5878460341521785728,AGB*
IRAS 16217-3756,6018410201564976128,AGB*
2MASS J17222998-3623279,5975200975131237248,AGB*
BMB  44,4050251569990815104,AGB*
ISOGAL-P J180257.2-295003,4050252605165826432,AGB*
2MASS J13421236+2825570,1454878566174742016,AGB*
CRTS J212949.4-153314,6841349540605308032,AGB*
IRAS 19125+1026,4309687115299668608,AGB*
IRAS 17195-3145,4058044019354213120,AGB*
IRAS 16428-3924,5970728161897769856,AGB*
IRAS 19060+1612,4513083606708315776,AGB*
2MASS J16392765-2823576,6032358331198285696,AGB*
2MASS J09111338-6457573,5248756769404018816,AGB*
2MASS J14524868-0251360,6340044080259385472,AGB*
2MASS J17171967+4314422,1360410623063300096,AGB*
V* ET Eri,5111987177983556096,AGB*
2MASS J05054638-6642091,4661922777749901824,AGB*
BMB 204,4050209621110606080,AGB*
WOH G 422,4657235658442334592,AGB*
2MASS J16230063-2618065,6045484266652772864,AGB*
IRAS 17050-3927,5972979721132241792,AGB*
IRAS 21161+4725,2164643627203135360,AGB*
OGLE LMC-LPV-82889,4657713434908847360,AGB*
2MASS J17183658-3723196,5973619980494725888,AGB*
2MASS J19130113+1001597,4309272530698468224,AGB*
2MASS J17145277-3826149,5973468900744056832,AGB*
IRAS 18100-1250,4147710773147479424,AGB*
IRAS 18538+0135,4267053032237906688,AGB*
MSX6C G022.4636-00.1162,4155906257943053952,AGB*
[GGA99] Sgr I 541,4062371044377924608,AGB*
BMB 303,4050193059709003904,AGB*
2MASS J05283740-7259161,4651235657847204224,AGB*
DK 11,5062111234605945984,AGB*
Cl* NGC 6838     ST       3,1821607578602368640,AGB*
2MASS J18172865-1637399,4097586168351882112,AGB*
2MASS J07031221-6531161,5282085303295097856,AGB*
2MASS J16412815+3625274,1328057420400321920,AGB*
Cl* NGC 5634    BFI      46,3641359211549998208,AGB*
BMB-BW 321,4661234758368627456,AGB*
RM 1-191,4661911335955859712,AGB*
IRAS 18200-1252,4152769694886942336,AGB*
2MASS J13261091-4732460,6083699854879780096,AGB*
IRAS 17004-4807,5938783672599276928,AGB*
BMB 160,4050196834925105920,AGB*
BMB 124,4050198385472199808,AGB*
IRAS 14377-6316,5874191762521980416,AGB*
IRAS 17079-3545,5977054781796737664,AGB*
IRAS 17134-3923,5972244663254304896,AGB*
2MASS J02395200-3417123,5062268361693045888,AGB*
2MASS J16564584-0401260,4365636554754603648,AGB*
BMB-BW 325,4661235578657805184,AGB*
LINEAR 21653608,3829168648116199552,AGB*
2MASS J00243171-7203261,4689639404274089344,AGB*
2MASS J17193813-3639049,5975223583838717824,AGB*
IRAS 17193-3818,5972601798397015808,AGB*
CRTS J055140.4-103412,3010910170581218432,AGB*
2MASS J00235241-7155502,4689645039280106624,AGB*
IRAS 17443-2445,4068058921098612096,AGB*
2MASS J17162998-4042127,5971842207631162112,AGB*
CD-38 14664,6585865163348788992,AGB*
2MASS J06142337-6952382,5279503954935281664,AGB*
BMB 261,4050185290052697600,AGB*
IRAS 17109-3842,5973084655777347328,AGB*
DK 15,5062163633206894080,AGB*
2MASS J05101611-6639093,4661960676547526144,AGB*
ISOGAL-P J180316.1-295955,4050201477849048320,AGB*
IRAS 19194+1331,4319225378679848448,AGB*
2MASS J00241912-7208360,4689626377639446784,AGB*
IRAS 16443-3602,6019739133190650880,AGB*
2MASS J05134141-6528282,4663636018694579584,AGB*
RAFGL 2015,4057654551727445376,AGB*
2MASS J09112203-6454100,5248758109433847296,AGB*
2MASS J13262150-4723161,6083714870088732800,AGB*
2MASS J05413950-8203019,4621336230122857216,AGB*
V* V580 Sco,5970601030867690880,AGB*
[RHI84]  8-371,5974786046987648896,AGB*
2MASS J19261148+1409193,4319678167006074752,AGB*
2MASS J16222442-2450188,6049195187101751680,AGB*
DK 41,5062260080996134784,AGB*
WOH G 639,4659132285941551232,AGB*
IRAS 18341+0005,4272617596159857408,AGB*
BMB 271,4050185668010153472,AGB*
[WWV2004] J0714079+462302,977465837093931392,AGB*
BMB 133,4050197865717535616,AGB*
[DHS2014] 42008343,6204589543415277312,AGB*
[GGA99] Sgr I 303,4062371521031186816,AGB*
IRAS 17511-2420,4067743842240496512,AGB*
IRC -20370,4116578788686472704,AGB*
2MASS J09120655-6453492,5248758624818831360,AGB*
IRAS 17239-3502,5975755403868578560,AGB*
2MASS J18165719-1622235,4097606818537012352,AGB*
IRAS 17142-3711,5973637022926320128,AGB*
ISOGAL-P J180345.6-295730,4050200412647895680,AGB*
[WMF2009] F 31013,5062112986952609792,AGB*
2MASS J00233084-7214058,4689624389075484416,AGB*
WOH G 302,4660388890313341696,AGB*
2MASS J16041397-5245344,5980969184943384960,AGB*
DK  2,5050083230231341312,AGB*
2MASS J09104086-6453277,5296796356561075968,AGB*
BMB 213,4050199244416577536,AGB*
BMB 120,4050201340359631232,AGB*
IRAS 17353-2934,4060007918995213696,AGB*
[RHI84]  8-145,5974888713832126464,AGB*
2MASS J16234903-4026175,5993162012987879936,AGB*
2MASS J05115942-6925329,4658214326861945088,post-AGB*
IRAS 19391-6114,6442350583501499648,AGB*
IRAS 18167-1450,4146275773033693824,AGB*
IRC +00402,4281595246038337792,AGB*
IRAS 18167-0441,4173398903831180544,AGB*
BMB 268,4050206661818839296,AGB*
Cl* NGC  104      R      11,4689639296901312000,AGB*
V* V1468 Sgr,4050183267179929856,AGB*
2MASS J16233195-2631457,6045465884191764608,AGB*
BMB 214,4050210303945310592,AGB*
BMB 206,4050184882040171776,AGB*
2MASS J02400650-3420131,5062220876534618112,AGB*
2MASS J16233067-2629390,6045466193429562880,AGB*
IRAS 16565-3754,5970554988810785920,AGB*
2MASS J17464616-3600361,4041011072560132864,AGB*
IRAS 17590-2412,4066037430236967680,AGB*
IRAS 18481+0034,4266562757430163968,AGB*
OH 356.46-00.38,4054983764961226240,AGB*
IRAS 17175-4109,5959839938740844800,AGB*
NSVS  10291224,3983285337556150272,AGB*
IRAS 15567-5249,5981000246147866752,AGB*
[KRC2012] 102922,4182445685490415232,AGB*
IRAS 16193-3714,6021493884999014144,AGB*
BMB-BW 329,4661235578764484736,AGB*
IRAS 16548-3922,5970142843697057536,AGB*
IRAS 18569+0806,4310114241208306688,AGB*
2MASS J16570782-0409370,4365621402109457152,AGB*
2MASS J00233052-7206506,4689637651937341952,AGB*
BMB 227,4050186389564678400,AGB*
BMB-BW 157,4661237399837105792,AGB*
2MASS J02352800+0000402,2500257937978201984,AGB*
LINEAR 12858030,3650416747821751808,AGB*
ISOGAL-P J180314.9-300405,4050197698277453952,AGB*
2MASS J02395941-3418596,5062221151412527744,AGB*
IRAS 17099-3716,5973784804167084672,AGB*
[DHS2014] 61001885,6204565800835930624,AGB*
IRAS 17566-1713,4143861245580261632,AGB*
BMB  36,4050200893683234048,AGB*
[KID97] C0358-6849,4666805811934144256,AGB*
2MASS J05141084-4001475,4819197603853262080,AGB*
BMB  77,4050204187910937728,AGB*
2MASS J18105381-2112521,4093883661721610368,AGB*
2MASS J16234268-2631209,6045465467569850752,AGB*
2MASS J02402389-3418108,5062220636016416384,AGB*
IRAS 17508-2259,4070149191399050112,AGB*
IRAS 18128-2055,4093950701866561664,AGB*
2MASS J16414966+3627104,1328057111162822656,AGB*
2MASS J05142523-6332454,4664261125415221248,AGB*
2MASS J18210454-1502362,4098232097056488832,AGB*
BMB-BW 178,4658234083709061888,AGB*
IRAS 17360-3605,4041155447728985216,AGB*
CRTS J200431.6-332602,6699023910785072128,AGB*
2MASS J04412645-7050200,4654838585647488000,AGB*
LINEAR 2518221,4004287418395672704,AGB*
IRAS 17115-3538,5977027294014255232,AGB*
[CGH2008] J051452.17-614801.6,4760544813201257856,AGB*
BMB 297,4050193815623458048,AGB*
CRTS J153537.9-033330,4401931021261787392,AGB*
2MASS J13422755+2822240,1454875198920305152,AGB*
OGLE LMC-LPV-57479,4658068783350384512,AGB*
2MASS J13273181-4716554,6083711159235870464,AGB*
CRTS J083928.5+061032,594739381496555520,AGB*
BMB 256,4050205356141744128,AGB*
IRAS 15597-5040,5981800823737780352,AGB*
2MASS J13421236+2818373,1454780774062209152,AGB*
LINEAR 9809348,3718769709228479232,AGB*
ISOGAL-P J180241.2-295838,4050225804556143872,AGB*
ISOGAL-P J143111.5-600154,5878816033516334592,AGB*
BMB 226,4050186320954603904,AGB*
SSTISAGE1C J050034.59-705200.4,4654672868630504064,AGB*
[KRC2012] 88232,4182452076405958400,AGB*
[GGA99] Sgr I 189,4062374407237028608,AGB*
2MASS J19535507+1845344,1821607990919194880,AGB*
DK 16,5062162121378407936,AGB*
FASTT  485,3830758267052086400,AGB*
BMB  83,4050200786431034240,AGB*
ISOGAL-P J180309.3-295738,4050202366844477824,AGB*
BMB 137,4050202916600246400,AGB*
IRAS 16041-5110,5981532684660280064,AGB*
BMB 217,4050183679449033344,AGB*
[MLF2018] 14395,6204590161889351936,AGB*
BMB 229,4050206112056088704,AGB*
2MASS J19455855-3230453,6747959531206071424,AGB*
2MASS J13262076-4727550,6083702564976395136,AGB*
IRAS 05495-7034,4656988577595969664,AGB*
IRAS 18446-0034,4260316053923016448,AGB*
BMB-BW 350,4661235754800859008,AGB*
ISOGAL-P J180337.4-295519,4050203638155180672,AGB*
IRAS 17468-2711,4063752408856977920,AGB*
BMB-BW 341,4661261417177959936,AGB*
ISOGAL-P J180324.7-295801,4050203088398912512,AGB*
BMB  27,4050201821396441728,AGB*
IRAS 17581-1910,4143323103305852672,AGB*
BKLT J162312-243640,6049228447328513664,AGB*
V* R UMi,1653382471306715264,AGB*
2MASS J13423482+2826148,1454875920474926464,AGB*
IRAS 16255-4831,5940774785057842176,AGB*
CRTS J102952.8-332924,5447608326360545792,AGB*
IRAS 16480-3750,5971294616520531200,AGB*
BMB-BW 328,4661235578653921280,AGB*
IRAS 18051-1638,4144141964580774656,AGB*
2MASS J16003087-5134339,5981637756739141376,AGB*
ISOGAL-P J180236.0-295930,4050225667061218816,AGB*
ISOGAL-P J180321.6-222058,4069860642629271424,AGB*
RGC  63,4660964725152712960,AGB*
[RHI84]  8-214,5974608402786486144,AGB*
GES J09121004-6451257,5248759307722033024,AGB*
CRTS J202316.6-180418,6861063092601837440,AGB*
[W65] 275,5335886503251610368,AGB*
2MASS J16235772-2622557,6045490898082696448,AGB*
2MASS J13421373+2821154,1454781362477636096,AGB*
2MASS J16415842+3628312,1328058524211999488,AGB*
[KRC2012] 94979,4182260314703833856,AGB*
V* V1433 Sgr,4050196736204175488,AGB*
CRTS J023403.7+141041,75034354267038592,AGB*
ISOGAL-P J175758.2-234225,4069293462115010944,AGB*
IRAS 16286-4905,5940697475651189632,AGB*
2MASS J18453872-0336069,4258384276401703936,AGB*
2MASS J19400601-3105110,6751340319007248768,AGB*
2MASS J17075211-3557054,5977157654858660736,AGB*
BMB 141,4050203711233528192,AGB*
BMB 119,4050203298916702080,AGB*
MSX6C G348.9679-01.5923,5972497413505343104,AGB*
CRTS J105356.1-135020,3756063696237900032,AGB*
IRAS 18470+0157,4279107188666839296,AGB*
IRAS 18185-1356,4152402492348020992,AGB*
NSVS  10271447,625743444736405376,AGB*
[GGA99] Sgr I 478,4062333072472229888,AGB*
MSX LMC  433,4651262767681340928,AGB*
2MASS J16234085-2631215,6045466227789075968,AGB*
2MASS J17214534-3753318,5972815034919696000,AGB*
IRAS 17531-2406,4067774044452339200,AGB*
2MASS J18201613-1627415,4097800951074691712,AGB*
2MASS J13261964-4726389,6083702672378637312,AGB*
2MASS J17471961-3521438,4041065635756203904,AGB*
IRAS 16084-5002,5935145560397646720,AGB*
2MASS J17534613-2811116,4063397988157030656,AGB*
ISOGAL-P J183225.1-095011,4155873306950466944,AGB*
ISOGAL-P J180317.9-300559,4050197389039571328,AGB*
2MASS J16100010-3854007,5997418566088749312,AGB*
2MASS J15184106+0206167,4421573349819424256,AGB*
IRAS 17449-2540,4067191165852761216,AGB*
IRAS 16009-5346,5932859499604720896,AGB*
[KDI2000] C0201-7536,4637349792347082752,AGB*
[RHI84] 10-818,4056473946809283840,AGB*
OGLE LMC-LPV-54738,4658075414818122240,AGB*
IRAS 17159-3716,5973644582062790912,AGB*
2MASS J05091652-6654056,4661857666039565056,AGB*
2MASS J02392578-3442220,5062205410354178304,AGB*
BMB-BW 334,4661238606658096896,AGB*
IRAS 16035-5032,5983105432963622656,AGB*
IRAS 17446-3614,4040239004798153088,AGB*
IRAS 17500-2512,4067410823336702464,AGB*
BMB 299,4050193059709011712,AGB*
2MASS J00254689-7206494,4689623770599380864,AGB*
2MASS J13414871+2820024,1454783973817481856,AGB*
[KRC2012] 81804,4182472314287695616,AGB*
2MASS J13431597+2809063,1454821288490981120,AGB*
BMB  20,4050249615868043392,AGB*
[DHS2014] 42008180,6204589543409808768,AGB*
BMB  90,4050197732586812672,AGB*
CRTS J045157.5+180338,3406548023719371904,AGB*
2MASS J16571246-3850220,5970404149530366720,AGB*
2MASS J15182575+0201461,4421478134688352256,AGB*
2MASS J16112596-3911231,5997209109126749696,AGB*
2MASS J18422637-0217374,4259526638969997440,AGB*
CRTS J005237.3-033646,2526319108040009344,AGB*
2MASS J16012799-5259345,5980952550523531136,AGB*
2MASS J13264907-4732279,6083698441807657344,AGB*
BMB-BW 307,4661234547861714560,AGB*
2MASS J05042210-6527229,4663765696657516288,AGB*
[WWV2004] J0826501+162256,652940964362918016,AGB*
CRTS J080156.5+171049,667304537591589376,AGB*
LINEAR 23211310,3981415618032710272,AGB*
ISOGAL-P J180122.3-222851,4069492718547452032,AGB*
IRAS 17362-3630,5962669669323061760,AGB*
IRAS 17316-3840,5961838163648051200,AGB*
CRTS J234951.6-095308,2434735291300011008,AGB*
IRAS 18227-1205,4153221559787342976,AGB*
CRTS J232656.6-164514,2407183213534894720,AGB*
IRAS 07193-2826,5606666392865320320,AGB*
BMB-BW 326,4661235578681465728,AGB*
OGLE LMC-LPV-69535,4651091042042134272,AGB*
2MASS J13263171-4716595,6083716519356358784,AGB*
[GGA99] Sgr I 446,4062372178249943040,AGB*
2MASS J10164051-4632204,5413553530681761408,AGB*
V* RX Lep,2989528414633822464,AGB*
IRAS 15597-5302,5980932759311764224,AGB*
[KRC2012] 112686,4182253442755864960,AGB*
IRAS 15431-6324,5826292706636829824,AGB*
2MASS J12394533-2642547,3496372106461287936,AGB*
[GGA99] Sgr I 453,4062371765932751744,AGB*
[KRC2012] 98508,4182446750642499072,AGB*
BMB-BW 154,4661235411202875648,AGB*
MSX6C G020.6156-00.0476,4154928345430123520,AGB*
2MASS J02403957-3436095,5062200432490484864,AGB*
IRAS 17111-3623,5973966670255362432,AGB*
2MASS J18442322-0324578,4258581539971574016,AGB*
BMB 207,4050184882040174976,AGB*
2MASS J05481114-7000167,4657386742503823104,AGB*
2MASS J13262123-4721173,6083715724752867840,AGB*
IRAS 18299-1705,4096772736002629248,AGB*
2MASS J18105477-2112305,4093883666052371584,AGB*
CRTS J101001.5-023743,3828925995348815616,AGB*
BMB 163,4050196800565353984,AGB*
2MASS J18310460-1054260,4154885739365541376,AGB*
2MASS J19102983-5955255,6632376837371754880,AGB*
IRAS 17153-3753,5972849669527154432,AGB*
[KRC2012] 112033,4182438435585899392,AGB*
[GGA99] Sgr I  61,4062351046997349888,AGB*
IRAS 17374-3901,5961372692330419328,AGB*
V* X Her,1398822783330261248,AGB*
IRAS 17219-3654,5974371221811988736,AGB*
IRAS 17297-3741,5962129156315997568,AGB*
2MASS J05140355-4002499,4819197676871272448,AGB*
BMB-W  47,4685902404824675200,AGB*
IRAS 18238-1325,4152501379678689280,AGB*
IRAS 18267-0906,4156161035422129664,AGB*
2MASS J05054255-6619145,4662027987279729152,AGB*
[GGA99] Sgr I  69,4062345515078379392,AGB*
BMB-BW 115,4661239152066981632,AGB*
2MASS J13262279-4722439,6083714870088747264,AGB*
IRAS 17171-3755,5972793216484024448,AGB*
2MASS J15183810+0203366,4421572074213420928,AGB*
2MASS J02411082-3431518,5062202665873437824,AGB*
BMB 189,4050210686265067520,AGB*
IRAS 18180-1500,4098236254591153664,AGB*
BMB  62,4050251295112766848,AGB*
BMB 272,4050185431843467520,AGB*
V* EP Aqr,2673831344665067392,AGB*
IRAS 16563-3945,5967116850247677184,AGB*
2MASS J19394490-3101103,6751294654916164480,AGB*
2MASS J11492110-1607421,3571469235968627840,AGB*
BMB 223,4050199446266522496,AGB*
2MASS J23283421+5734184,2010859952342428160,AGB*
2MASS J16412975+3631563,1328105287816732928,AGB*
BMB 127,4050202817828398720,AGB*
[DHS2014] 42010269,6204589504757751424,AGB*
2MASS J02394652-3425527,5062218673210018176,AGB*
2MASS J13262808-4725122,6083702775458132608,AGB*
IRAS 18292-1121,4154671884381353856,AGB*
BMB 287,4050205875898649472,AGB*
CRTS J102457.2-312546,5449164032234750720,AGB*
IRAS 19074-3233,6756363029863841664,AGB*
IRAS 16274-4835,5940782339884496512,AGB*
IRAS 17094-3911,5973048543689229696,AGB*
NGC  5904   431,4421572868783094272,AGB*
ISOGAL-P J180305.0-295122,4050251569990875136,AGB*
BMB  26,4050202027605248768,AGB*
BMB 270,4050187282918569600,AGB*
2MASS J16235872-2639489,6045460244883062528,AGB*
BMB-BW 304,4661234964527053312,AGB*
2MASS J07050007-6206392,5286801074305659520,AGB*
WEL  33,5062211938701011840,AGB*
2MASS J00241755-7204385,4689639301208576640,AGB*
2MASS J18460994-0334581,4258385208421832960,AGB*
NSVS   7770428,1290077200692247296,AGB*
IRAS 17337-3549,5962762440701291520,AGB*
IRAS 17498-3542,4040622051511831680,AGB*
[KRC2012] 89202,4182448571708530944,AGB*
2MASS J05365380+3113060,3447643335960336384,AGB*
CRTS J160350.4-151055,6262863419170103296,AGB*
CRTS J161706.9-172337,6246454926109820160,AGB*
2MASS J19092679-6003554,6632373401396872960,AGB*
WEL M7,5062214343882547072,AGB*
2MASS J05084741-6621529,4662036091838939776,AGB*
2MASS J13263276-4728453,6083701675921504768,AGB*
ISOGAL-P J180248.2-300056,4050178589904944000,AGB*
ISOGAL-P J180311.1-295819,4050202366844344320,AGB*
IRAS 16298-4838,5940734481091610240,AGB*
IRAS 14247-6148,5854312283028141824,AGB*
BMB 184,4050184740304377344,AGB*
IRAS 17536-2805,4062666396299833088,AGB*
2MASS J18210846-1532090,4098062394323391232,AGB*
BMB  72,4050200820655395072,AGB*
IRAS 17249-3508,5975001035817591552,AGB*
2MASS J16231102-4117102,5993095836130643712,AGB*
IRAS 17253-3758,5962061497656561280,AGB*
CRTS J040232.3+115150,3304651092853809152,AGB*
IRAS 18036-2220,4069683483815398272,AGB*
SV* HV  6910,3397783885253998720,AGB*
OGLE LMC-LPV-81615,4657152202971563136,AGB*
2MASS J18474607-0141486,4259984757321728768,AGB*
BMB  64,4050200653214964992,AGB*
2MASS J15034579-3308353,6204565251078895744,AGB*
V* NV And,370479107245562624,AGB*
2MASS J18513150+0205179,4279100454158368000,AGB*
IRAS 17506-1917,4119450846119013376,AGB*
[KRC2012] 99216,4182446338325467136,AGB*
IRAS 18285-1033,4154971295117015808,AGB*
[BSM2001] CTIO-939,4182452729237446272,AGB*
2MASS J19461893+2322107,2020056301964942592,AGB*
IRAS 16388-3952,5969202314631572736,AGB*
IRAS 16039-5103,5981534501415553536,AGB*
IRAS 17194-3911,5972482776256595200,AGB*
BD+08  1312,3325584587360269952,AGB*
BMB 111,4050160967655606016,AGB*
ISOGAL-P J180300.1-300233,4050200958101447424,AGB*
2MASS J02402354-3415204,5062221598089086080,AGB*
2MASS J13265179-4740189,6083508913484147328,AGB*
MSX6C G025.9663-00.3220,4253061991614584192,AGB*
IRAS 17191-3722,5974332154788713344,AGB*
OGLE LMC-LPV-44823,4658282359140795136,AGB*
IRAS 17105-3811,5973485801416921856,AGB*
IRAS 17248-2439,4110456845319101696,AGB*
2MASS J06485619-3602261,5579127440510747392,AGB*
BMB   9,4050202057613058048,AGB*
IRAS 18470+0015,4266480637654608640,AGB*
2MASS J00242572-7203307,4689639606138967808,AGB*
2MASS J16020516-5306587,5980936367085467520,AGB*
2MASS J17534550-2811071,4063398640992111744,AGB*
2MASS J21332527-0049386,2686841350361010944,AGB*
LINEAR 8931221,3712124192230742272,AGB*
IRAS 17420-3717,4040042746267649408,AGB*
BMB  88,4050160830259619456,AGB*
IRAS 17071-3635,5976879414020793728,AGB*
BMB-BW 136,4661236407634981888,AGB*
BMB 197,4050185088246733568,AGB*
2MASS J13265344-4721143,6083709235090600192,AGB*
BMB 293,4050192162133754624,AGB*
V* V1500 Sgr,4050193025349329920,AGB*
IRAS 18081-1451,4146099301467551872,AGB*
IRAS 17403-2233,4116959352796046720,AGB*
BMB  58,4050201031122174592,AGB*
IRAS 17591-1829,4143476863133322752,AGB*
BMB-BW 345,4661235613013713792,AGB*
OGLE LMC-LPV-20082,4661275680835564160,AGB*
IRAS 16167-4118,5992989252233122176,AGB*
[M98a] NGC 6822a-401,4182453515216535424,AGB*
IRAS 17403-3655,4040857965412438016,AGB*
IRAS 17045-3856,5973216081775216512,AGB*
V* Y UMa,1571425389967131264,AGB*
2MASS J21333432-0051285,2686841006766345856,AGB*
2MASS J18355151-0730113,4252825081198652544,AGB*
2MASS J02401246-3439057,5062195244171296768,AGB*
2MASS J08191243-6653219,5272890568589181952,AGB*
[GGA99] Sgr I 540,4062358395600003456,AGB*
IRAS 19253+1523,4321502192375039360,AGB*
IRAS 17436-2737,4060710919195792128,AGB*
2MASS J00235632-7210590,4689624797083334272,AGB*
2MASS J17415569-3817381,5961522569526070784,AGB*
BMB  13,4050249886363151744,AGB*
Cl* NGC  306    FMB       8,4689059033974472832,AGB*
OGLE LMC-LPV-70151,4657238411575896064,AGB*
2MASS J19432853+0111573,4239799613622054144,AGB*
[KRC2012] 101959,4182278765884045056,AGB*
CRTS J064632.3+424713,951909377228585088,AGB*
2MASS J08592954+0056543,576591078791322880,AGB*
IRAS 17385-3651,5962412624190463744,AGB*
RGC 105,4663718726904117376,AGB*
[KRC2012] 91077,4182283198291168768,AGB*
V* PS Nor,5932899258190247552,AGB*
IRAS 18044-2058,4094126108340386816,AGB*
2MASS J16242667-3757407,6018392093982130944,AGB*
2MASS J18531658-0237124,4258884730311319296,AGB*
2MASS J02392514-3427283,5062259462520859008,AGB*
IRAS 16593-3932,5967203127557343616,AGB*
IRAS 16264-4835,5940770073456972800,AGB*
2MASS J05095972-6538521,4663560637764405504,AGB*
2MASS J18475093-0238117,4259024711863943552,AGB*
ISOGAL-P J180256.9-295303,4050250023802348544,AGB*
BMB-BW 142,4661235716092942720,AGB*
IRAS 16263-4910,5940647512259923584,AGB*
2MASS J19534282+1846129,1821608609394667520,AGB*
WOH G 379,4657900450648235264,AGB*
2MASS J13420737+2819485,1454780842784505088,AGB*
2MASS J17482979-2842518,4057320265860563840,AGB*
IRAS 18099-1717,4097454433109719296,AGB*
ISOGAL-P J174157.5-282237,4060204731549886080,AGB*
2MASS J16414664+3628203,1328059413265271680,AGB*
[KRC2012] 75067,4182466370056396416,AGB*
[M2002] SMC  19302,4685862994196351872,AGB*
2MASS J13273296-4734219,6083514754643498880,AGB*
CRTS J101029.0-314453,5460206736750537856,AGB*
ISOGAL-P J143251.8-603259,5878462433139571328,AGB*
IRAS 16383-3938,5969397477922523008,AGB*
DK 26,5062193697981839104,AGB*
2MASS J19452775-1453299,4182258970380253312,AGB*
V* V PsA,6606068380271687552,AGB*
ATO J233.5965-14.1126,6266211810032477952,AGB*
IRAS 18046-2036,4094141462838502400,AGB*
CRTS J045346.6-052001,3188469719235184512,AGB*
BMB-BW 203,4658257246569271040,AGB*
BMB  11,4050249886365272704,AGB*
2MASS J15183057+0205395,4421572967566561920,AGB*
2MASS J18231119-1357580,4152372049618465664,AGB*
IRAS 17191-3800,5972803352608425984,AGB*
CRTS J151443.1+115348,1170144327759464064,AGB*
2MASS J19001812+0325413,4280852422855624576,AGB*
IRAS 18335-0930,4155525655136116608,AGB*
2MASS J10082730+1218571,3881552165202242432,AGB*
2MASS J00240427-7206074,4689639198117982592,AGB*
2MASS J05065744-6556116,4662063068574851200,AGB*
IRAS 18593-1241,4198539477738598528,AGB*
2MASS J06485888-3601165,5579128299504032384,AGB*
BMB 291,4050193025349334912,AGB*
BMB 164,4050203363401934464,AGB*
2MASS J15182435+0201574,4421478134688350080,AGB*
IRAS 19030-1217,4198661317371469824,AGB*
BMB 145,4050160654119810816,AGB*
2MASS J05363113-6950075,4657269885105616896,AGB*
[WWV2004] J2052237-162609,6883136926695769728,AGB*
BMB-BW 352,4661235754773003392,AGB*
[KRC2012] 70561,4182489562879754240,AGB*
IRAS 17469-3529,4040673556780047744,AGB*
2MASS J18584922+0744532,4309991198981755264,AGB*
IRAS 17460-2732,4057723374286305920,AGB*
V* V1452 Sgr,4050198797788535680,AGB*
2MASS J16233866-3731387,6018487029941782528,AGB*
IRAS 17184-3820,5972581457431012992,AGB*
2MASS J13261483-4735213,6083696625065088256,AGB*
ISOGAL-P J174127.0-293046,4057114588428747648,AGB*
ISOGAL-P J143140.9-601053,5878670554385316224,AGB*
2MASS J17315158-3613415,5974700010183247872,AGB*
[KRC2012] 98325,4182282751612710016,AGB*
IRAS 17125-3727,5973580054495566720,AGB*
2MASS J15180831+0158530,4421477451786640128,AGB*
IRAS 18577+0308,4268813487793574016,AGB*
IRAS 16546-3807,5970534132447321216,AGB*
IRAS 17361-3844,5961439350229075584,AGB*
ASAS J152957+1456.0,1195040225950312192,AGB*
OGLE LMC-LPV-74445,4657843589609173632,AGB*
IRAS 17257-3504,5975007907765614336,AGB*
IRAS 15594-5121,5981477605997467904,AGB*
2MASS J13273759-4730522,6083516197752198144,AGB*
2MASS J18370412-0107042,4271865770726923904,AGB*
IRAS 11145-3721,5397160946171601920,AGB*
LINEAR 18879643,4438575407354497152,AGB*
2MASS J16415024+3629431,1328059451925409408,AGB*
2MASS J17091471-0705090,4361034102152437376,AGB*
IRAS 16041-5318,5932851463790671488,AGB*
DIK 36,4652610395267010176,AGB*
DK 40,5062259668679296768,AGB*
2MASS J09120968-6447383,5248766145311588736,AGB*
2MASS J13262124-4723483,6083714801369247232,AGB*
2MASS J01173245-7509207,4637965067886719104,AGB*
BMB-BW 116,4661232726795271168,AGB*
2MASS J17172238+4306563,1360404541388884736,AGB*
BMB  84,4050197831358031232,AGB*
ISOGAL-P J180109.3-222646,4069493813757983488,AGB*
MC79 1-88,5424057646291093376,AGB*
IRAS 18081-0338,4174601632102933760,AGB*
2MASS J10542800-1559485,3557444548542598912,AGB*
IRAS 17370-3743,5962347100162088192,AGB*
BMB 166,4050196800565385216,AGB*
BMB 152,4050198110594076800,AGB*
IRAS 17047-3850,5973219002353032320,AGB*
2MASS J12562145-0811144,3627515604242470400,AGB*
V* V1389 Sgr,4050177284234122368,AGB*
2MASS J13421142+2815300,1454779610130821376,AGB*
IRAS 18009-1830,4143465043391528704,AGB*
2MASS J05043163-6528576,4663765627938011776,AGB*
2MASS J02392221-3412133,5062271312330254848,AGB*
BMB-BW 121,4661238881536966400,AGB*
MSX6C G034.4797+00.4087,4267009811981211520,AGB*
[WWV2004] J1017242+292613,741362963616652928,AGB*
2MASS J20483496+4427266,2067121137701065856,AGB*
IRAS 16298-4012,6017004132359999360,AGB*
BMB 109,4050204157910279424,AGB*
[GGA99] Sgr I 529,4062370872579106688,AGB*
BMB 243,4050186531307675136,AGB*
StRS 190,4153271484507387520,AGB*
V* IT Mus,5856530028019930368,AGB*
IRAS 08005-2356,5698817012142459136,AGB*
V* V1456 Sgr,4050203569435815424,AGB*
IRAS 18208-1341,4152386652507497344,AGB*
2MASS J19083249-6003199,6632380346367368576,AGB*
IRAS 17081-3520,5977105191862519936,AGB*
DIK 22,4653508833705211648,AGB*
2MASS J05105123-6347061,4664167636874443136,AGB*
IRAS 18580-2536,4074094243424546304,AGB*
ATO J163.8477+49.1693,832891229251188224,AGB*
[KRC2012] 99420,4182446716285787392,AGB*
2MASS J13260609-4722171,6083715759112312320,AGB*
ISOGAL-P J180314.5-295543,4050204192268812672,AGB*
[KRC2012] 95858,4182447231681878016,AGB*
BMB-BW 120,4661238877188988288,AGB*
IRAS 17545-2236,4069518728870544000,AGB*
2MASS J19540075+1849061,1821614858529114752,AGB*
V* T Mic,6797890896841285376,AGB*
IRAS 17236-3003,4058676925797717248,AGB*
2MASS J17194787-3603230,5975279109176245376,AGB*
2MASS J02401186-3428544,5062214657422169984,AGB*
WOH G 499,4657047233971008512,AGB*
2MASS J08532732-7003331,5223192058898979328,AGB*
BMB 300,4050192162001247104,AGB*
[RHI84] 10-128,4060339971525084928,AGB*
[GGA99] Sgr I 365,4062371147390511232,AGB*
2MASS J00232607-7212239,4689624659646274432,AGB*
IRAS 17171-3646,5975159434207076224,AGB*
V* SW Vir,3684575344281793920,AGB*
[LZM2008] Sgr23,6758808854820737920,AGB*
BMB 257,4050205394862370176,AGB*
2MASS J15184864+0205290,4421572628264742272,AGB*
IRAS 17304-3722,5962510613782515968,AGB*
BMB 212,4050200206489361024,AGB*
2MASS J10524939-1712150,3556135034489468672,AGB*
BMB  19,4050176601386832640,AGB*
IRAS 19118+1022,4309357914649847680,AGB*
2MASS J17225139-3628210,5975196611444443648,AGB*
IRAS 17199-3512,5975424588308415104,AGB*
BMB 105,4050251947970329728,AGB*
ISOGAL-P J180247.4-300036,4050178589905005696,AGB*
IRAS 17283-3712,5962202273827753984,AGB*
IRAS 16541-3935,5970116180539066752,AGB*
IRAS 17288-3506,5975039140775192064,AGB*
2MASS J13124754+1804153,3937269264106599552,AGB*
2MASS J18420067-0334371,4258517252915251328,AGB*
DK 66,5062270698155274368,AGB*
2MASS J13262243-4720261,6083715729082252032,AGB*
2MASS J13124461+1816128,3938023975760175744,AGB*
IRAS 17169-4132,5959815779509961472,AGB*
2MASS J04493431-6905493,4655430814419255296,AGB*
2MASS J09120821-6450158,5248759483824173824,AGB*
ATO J311.3297+40.6698,2065311852657731968,AGB*
2MASS J00241462-7204018,4689639503059722624,AGB*
[DHS2014] 42006266,6204566075712685696,AGB*
2MASS J16420085+3623338,1328053610769234432,AGB*
2MASS J05141351-4003408,4819185788398384640,AGB*
BBB SMC 357,4687410419346374144,AGB*
IRAS 15573-5325,5980829615694806656,AGB*
NGC  6341  4094,1360408694620020480,AGB*
IRAS 03359+5205,443889272388674048,AGB*
[GGA99] Sgr I 601,4062358159466615808,AGB*
DK  3,5062097933089612288,AGB*
2MASS J02400819-3426056,5062218059036260736,AGB*
IRAS 17100-3622,5973974985310556288,AGB*
2MASS J00234700-7205231,4689637991231167744,AGB*
ISOGAL-P J180332.4-300124,4050198312394762368,AGB*
OGLE LMC-LPV-43982,4658173473235154304,AGB*
2MASS J17295395-3809271,5962044253386692352,AGB*
V* V632 Mon,3046957521867487616,AGB*
OH 007.472-00.979,4069579442531769088,AGB*
BMB  53,4050200687574893312,AGB*
2MASS J18251120-1140567,4153295570684265344,AGB*
V* V615 Sco,5973160693882705664,AGB*
2MASS J16233741-2638238,6045460111755316736,AGB*
IRAS 17352-3307,4053779318692143616,AGB*
SV* HV  1375,4685771906501404288,AGB*
[GGA99] Sgr I 488,4062334309423001088,AGB*
IRAS 17236-3704,5974260411665169920,AGB*
2MASS J13422091+2824011,1454878222577321856,AGB*
Cl* NGC  104    LEE    1421,4689572677667393664,AGB*
2MASS J20351114+4035569,2064738324201361024,AGB*
V* V596 Sco,5970254268032082816,AGB*
2MASS J04562323-6927489,4655267365178491008,post-AGB*
V* X Pav,6443377905319179264,AGB*
Cl* NGC 5024    RLB      38,3937271806727320064,AGB*
BMB 179,4050199759863153408,AGB*
GES J09121180-6454463,5248755665589617920,AGB*
IRAS 17232-3909,5960483011264752256,AGB*
IRAS 18382-0434,4256710480441039360,AGB*
2MASS J16044343-5339498,5932866547716854016,AGB*
OGLE LMC-LPV-67525,4657992710900100352,AGB*
IRAS 16039-5336,5932830092031145216,AGB*
2MASS J19400557-3100342,6751341972574167168,AGB*
IRAS 13398-5951,5869018899564351872,AGB*
IRAS 15579-5145,5981441081594353536,AGB*
2MASS J21333109-0054522,2686839804175211136,AGB*
2MASS J19312324+1842446,4323356789316226304,AGB*
BMB 277,4050207074271851776,AGB*
2MASS J13272443-4726377,6083705043201969536,AGB*
NGC  6838  1029,1821608849912714368,AGB*
2MASS J16330773-4926462,5940674454624579968,AGB*
2MASS J05235218-7002233,4657935605040575488,AGB*
2MASS J12393345-2643135,3496374958317915648,AGB*
ISOGAL-P J143243.7-604417,5878455870429090560,AGB*
[WWV2004] J0816245+492913,931994919546803328,AGB*
2MASS J21294015+1205189,1745945922846440576,AGB*
2MASS J13273648-4725537,6083704420398059264,AGB*
IRAS 17092-3739,5973746561785935232,AGB*
IRAS 19213-0728,4207624433060809728,AGB*
ISOGAL-P J175517.0-294131,4056487969941550720,AGB*
BMB 276,4050186118991530752,AGB*
2MASS J13422627+2818480,1454780262965949312,AGB*
Cl* NGC  220    FMB       4,4688846759500225152,AGB*
IRAS 17416-3523,4041120061600876288,AGB*
2MASS J13415760+2822350,1454784523573545088,AGB*
DO 40011,1974166122595864960,AGB*
IRAS 17487-2537,4067011189526470144,AGB*
ISOGAL-P J180348.6-295710,4050200373979718656,AGB*
IRAS 18467+0132,4279054751410795136,AGB*
2MASS J13263279-4723019,6083715007527737344,AGB*
BMB-B  61,4685876218361131520,AGB*
2MASS J21412221+4826435,1978048738669656576,AGB*
2MASS J02412242-3411296,5062243450882666880,AGB*
BMB 131,4050198385472207616,AGB*
[KRC2012] 83580,4182449533781488896,AGB*
V* FI Lyr,4539472985237012224,AGB*
2MASS J02384015-3432254,5062164350464581248,AGB*
HD 234147,1605425897271480320,AGB*
IRAS 17160-3921,5972421547208529792,AGB*
IRAS 17485-3504,4040709394003833856,AGB*
2MASS J00245127-7204588,4689627545870873728,AGB*
IRAS 18260-1142,4153319828650083072,AGB*
[KRC2012] 82227,4182472451726514816,AGB*
IRAS 18544+0130,4267036986235200256,AGB*
BMB 202,4050209827269076352,AGB*
[MLF2018] 32555,6204566006993172224,AGB*
IRAS 17168-3841,5972663989521215488,AGB*
IRAS 18108-1654,4097538236514925952,AGB*
IRAS 17097-4011,5972110041820040064,AGB*
2MASS J15183303+0202544,4421571936774429824,AGB*
2MASS J06071268-6740109,5283115923663063808,AGB*
2MASS J08450380-8104199,5196276426565456128,AGB*
BMB-BW 306,4661234964527063296,AGB*
2MASS J15174702+0204519,4421526689291799040,AGB*
2MASS J05411457-7132359,4651014282378241664,AGB*
LINEAR 3485975,3894108347473715968,AGB*
BMB 146,4050198316752564352,AGB*
2MASS J11374525-7212090,5227339206300621056,AGB*
IRAS 17431-3541,4041053334900607360,AGB*
IRAS 17388-3802,5961578782060910208,AGB*
OGLE LMC-LPV-7109,4655361540864047744,AGB*
2MASS J09122138-6456126,5248755395015145984,AGB*
2MASS J15182968+0205077,4421572971862334080,AGB*
2MASS J19534715+1848012,1821609086098338432,AGB*
2MASS J00213487-7208257,4689617792004292096,AGB*
2MASS J22130997-3445339,6599433755311198848,AGB*
2MASS J07221651-6342148,5288705943842258304,AGB*
IRAS 14281-6001,5878669420513919744,AGB*
2MASS J02394336-3413485,5062269495564388736,AGB*
IRC +20085,145100316135136256,AGB*
2MASS J20390843+3921293,2064380016553357824,AGB*
2MASS J13412055+2811492,1454775658760780160,AGB*
2MASS J18230108-1225020,4152856625028551040,AGB*
BMB-BW 310,4661234616581194752,AGB*
2MASS J16414398+3622338,1328056290828910208,AGB*
CRTS J143144.3-130258,6324186717403059072,AGB*
IRAS 17168-4146,5959716376785754752,AGB*
FBW J023821.3-343618,5062163736286106112,AGB*
StRS 269,4268642277510795520,AGB*
BMB  79,4050200786431068800,AGB*
V* V1086 Sco,4054227202187634560,AGB*
ATO J261.9363-06.8703,4169617855132734464,AGB*
2MASS J19103085-5958072,6632375944020774016,AGB*
V* U Equ,1731164844433296128,post-AGB*
2MASS J02385547-3449166,5062109413539821824,AGB*
IRAS 17280-3510,5975035258124811136,AGB*
IRAS 17484-3622,4040386137609075712,AGB*
BMB 116,4050161002058326912,AGB*
BMB  97,4050203161476340608,AGB*
2MASS J15183326+0207248,4421573586041973504,AGB*
2MASS J19200924+1020071,4309445635067778816,AGB*
MSX5C G013.1663+00.4608,4096000260250950016,AGB*
BMB 167,4050210617543224960,AGB*
BMB  57,4050202744801855616,AGB*
2MASS J13422516+2821217,1454874958402104448,AGB*
2MASS J18112728-1750141,4095910100302880128,AGB*
IRAS 17301-3513,5974858133715077376,AGB*
2MASS J18251767-1218360,4153189742685018880,AGB*
V* NR Sco,5960985561155987840,AGB*
IRAS 18432-0428,4258169497979270272,AGB*
2MASS J05141035-3958148,4819291788192045824,AGB*
2MASS J19534477+1846349,1821608609394653696,AGB*
2MASS J13264434-4736459,6083696899943063552,AGB*
2MASS J19401265-3100287,6751341796477157504,AGB*
[GGA99] Sgr I 405,4062334760473917440,AGB*
IRAS 16063-3227,6035791345791713152,AGB*
MSX5C G017.7968+00.4720,4152649779385236224,AGB*
IRAS 17127-3859,5972312833029106688,AGB*
IRAS 17179-3748,5972818088620490880,AGB*
2MASS J16212991-3702211,6021560920849058304,AGB*
IRAS 18364-0532,4256497175190743680,AGB*
BMB  42,4050173745180650368,AGB*
ISOGAL-P J174936.3-270938,4063749866236404096,AGB*
IRAS 18202-1427,4104281575707371008,AGB*
2MASS J06593054-6527175,5282142924576162816,AGB*
2MASS J00250993-7153434,4689645382876959616,AGB*
2MASS J00225819-7210003,4689625415574266496,AGB*
IRAS 18441-0306,4258618167453912576,AGB*
IRAS 18077-2653,4064520482211314944,AGB*
IRAS 17243-3527,5974972689033335936,AGB*
2MASS J15180481+0200549,4421478516938562048,AGB*
BMB 196,4050183920016482816,AGB*
2MASS J02383024-3445030,5062113674147387264,AGB*
Cl* NGC 5024    RLB     112,3937271252677179392,AGB*
2MASS J05071207-6611058,4662041387578520192,AGB*
BMB 289,4050205875847251456,AGB*
[GGA99] Sgr I 117,4062347370504461952,AGB*
2MASS J16233477-2631349,6045465879886653952,AGB*
2MASS J16415543+3633266,1328060276559277952,AGB*
2MASS J00241531-7202231,4689640327693446272,AGB*
2MASS J02412701-3422074,5062228092079811200,AGB*
BMB-B  26,4685946350939912960,AGB*
BMB  41,4050177219862249600,AGB*
IRAS 17405-3513,4041292994181189376,AGB*
2MASS J13272404-4752029,6083490531024167296,AGB*
2MASS J09115505-6451041,5248759346385005696,AGB*
2MASS J00240062-7203573,4689639537419425280,AGB*
HD 212062,2622506141879474304,AGB*
2MASS J00524987-2636338,2342904561186653568,AGB*
[KRC2012] 97334,4182444792138100736,AGB*
[DHS2014] 61001892,6204589199816559232,AGB*
2MASS J16323665-1306083,4330462387503106432,AGB*
2MASS J19021068+0625354,4306597006588428288,AGB*
2MASS J13414426+2826048,1454797442834962176,AGB*
IRAS 17136-3505,5978566477175292928,AGB*
2MASS J09124134-6448432,5248765187540911104,AGB*
IRAS 17131-4035,5971937040539749376,AGB*
[DHS2014] 42005961,6204566006993187968,AGB*
2MASS J11375451-3358399,3477205424060762112,AGB*
2MASS J05144480-6337194,4664213369681221120,AGB*
2MASS J00235484-7210009,4689624870111659264,AGB*
2MASS J02405536-3427252,5062204040262972032,AGB*
OGLE LMC-LPV-73057,4657270744098799744,AGB*
ISOGAL-P J174127.9-282816,4060202601246140160,AGB*
2MASS J16232114-2631598,6045466021630822016,AGB*
2MASS J17092738-3903211,5973019234843555072,AGB*
[KRC2012] 95439,4182447059880493184,AGB*
2MASS J02394011-3434024,5062210946570498944,AGB*
IRAS 16005-5304,5932917056536111232,AGB*
IRAS 18429-0814,4251829370439193344,AGB*
2MASS J18390419-4803184,6705297552336904320,AGB*
2MASS J15183978+0201101,4421568711254486784,AGB*
2MASS J13261688-4726064,6083714384722077952,AGB*
IRAS 17543-3102,4044070253255414656,AGB*
IRAS 16484-3758,5971289561303900544,AGB*
IRAS 17160-3820,5972686495124675456,AGB*
ISOGAL-P J180327.7-295356,4050204531508607616,AGB*
IRAS 18054-2359,4065905939859708416,AGB*
HD  49331,3098523380258573952,AGB*
2MASS J18261922-1406487,4104305318287835904,AGB*
2MASS J18171598-1405543,4146565459985471616,AGB*
IRAS 17394-3739,5961611114585002496,AGB*
2MASS J19401176-3058103,6751342208794228608,AGB*
BD-04  2880,3779278922186401536,AGB*
OGLE LMC-LPV-34633,4651988037356807424,AGB*
V* V570 Sco,5971531114606611584,AGB*
LINEAR 21846354,3835627797893053824,AGB*
IRAS 17155-3842,5972672545072549632,AGB*
2MASS J00241655-7205521,4689627477151299072,AGB*
[KRC2012] 88152,4182449121464803328,AGB*
OGLE LMC-LPV-65660,4657896984683915648,AGB*
DK 53,5062218368273902848,AGB*
2MASS J02401603-3423189,5062219772721893632,AGB*
[KDI2000] C0141-7731,4636525399144401920,AGB*
[DHS2014] 61000663,6204565727818336128,AGB*
2MASS J19270610+1815275,4323280098375470464,AGB*
[WWV2004] J1140492+201538,3979074070582567680,AGB*
IRAS 16046-5252,5933242473254507392,AGB*
2MASS J00244746-7201520,4689639640498769664,AGB*
2MASS J00243916-7154281,4689645314159260416,AGB*
2MASS J16233846-2629235,6045466537026893696,AGB*
CRTS J213637.0+051423,2698636223908403200,AGB*
IRAS 17223-3741,5974136098132664320,AGB*
OH 355.292-00.240,4054533652380856448,AGB*
BMB-BW 322,4661234758368590720,AGB*
BMB  32,4050177013703661568,AGB*
IRAS 18271-1026,4155734012576733312,AGB*
MSX LMC  982,4657075026668953600,AGB*
2MASS J17241455-3823285,5972592074582947584,AGB*
BMB   4,4050176944984836480,AGB*
V* RV Boo,1286694690612658432,AGB*
OGLE LMC-LPV-65717,4658002778307991936,AGB*
2MASS J00241002-7204438,4689639266844714240,AGB*
[KRC2012] 105623,4182445548054611712,AGB*
2MASS J00225403-7205169,4689638545290915584,AGB*
2MASS J18513690+0205138,4279100419798625664,AGB*
2MASS J20224352+4154280,2068505525916814592,AGB*
IRAS 17154-4145,5959725516476198912,AGB*
IRAS 17374-2732,4060854641662502144,AGB*
DIK 23,4653504092061241088,AGB*
IRAS 17586-2152,4069946885575172608,AGB*
2MASS J17224746-3625306,5975198432510584064,AGB*
2MASS J15183636+0206240,4421573379883549312,AGB*
CRTS J030450.9+065337,7446687312864384,AGB*
IRAS 18139-1937,4094473652788811648,AGB*
[RHI84]  8-354,5975056419412716544,AGB*
2MASS J05283913-6718089,4660177165617016576,AGB*
2MASS J05065612-6635023,4662005893966147840,AGB*
IRAS 18237-1105,4154184731989112320,AGB*
BMB 292,4050192166306748544,AGB*
2MASS J00234279-7211314,4689624762723599488,AGB*
IRAS 17244-3827,5962021644692295680,AGB*
2MASS J00235912-7203597,4689639537419422848,AGB*
2MASS J16235946-2627572,6045489248815150464,AGB*
2MASS J00231566-7153561,4689832192474832000,AGB*
RM 1-212,4661237541506486784,AGB*
2MASS J13130138+1807307,3937271016453280000,AGB*
BMB 241,4050205360502624768,AGB*
2MASS J13421944+2821288,1454781328115056128,AGB*
IRAS 17517-2454,4067433951746339200,AGB*
2MASS J16565083-0404130,4365634729384219648,AGB*
IRAS 16061-5037,5983068801166133760,AGB*
BMB 156,4050203642513942400,AGB*
OGLE LMC-LPV-44309,4658273219492499200,AGB*
2MASS J04503561-7048017,4654893389425237632,AGB*
V* RS Cap,6882527865973289984,AGB*
[GGA99] Sgr I 452,4062333141191743104,AGB*
CRTS J202216.7-154937,6875100871091532800,AGB*
BMB 245,4050183713856509056,AGB*
[GGA99] Sgr I 581,4062357953308089984,AGB*
IRAS 17107-4043,5971896358602949504,AGB*
IRAS 17166-3749,5972844171967952896,AGB*
ISOGAL-P J173829.1-312616,4055159691118248704,AGB*
BMB 279,4050205257423269760,AGB*
V* BK Vir,3707747654915318144,AGB*
2MASS J00240202-7202293,4689640366348158848,AGB*
[KRC2012] 82019,4182453244636250880,AGB*
2MASS J06121083+2309187,3425204330862508416,AGB*
2MASS J13412973+2821299,1454795205152317440,AGB*
2MASS J18455541-0331254,4258389331590527872,AGB*
2MASS J17242248-3636167,5974523194933021568,AGB*
IRAS 18503-1333,4102525552564595328,AGB*
2MASS J15183575+0204297,4421572147228461568,AGB*
IRAS 19002+0558,4305818140038645248,AGB*
IRAS 06419-0354,3105355917308324096,AGB*
CRTS J085921.0+273501,693010878929614464,AGB*
ISOGAL-P J180302.7-300311,4050200893733464576,AGB*
IRAS 17084-3706,5973826448173128960,AGB*
SHV 0530382-692804,4658044903360855424,AGB*
IRAS 19269+1739,4323016112504488192,AGB*
ISOGAL-P J180003.7-241221,4069029583618337408,AGB*
ISOGAL-P J180322.5-300542,4050197423349023232,AGB*
IRAS 17009-3909,5967243191002539008,AGB*
2MASS J15181803+0203503,4421479169773600128,AGB*
2MASS J18140682-1906204,4094748672447886848,AGB*
IRAS 16408-3734,6019208859336618112,AGB*
2MASS J00243851-7203038,4689639434340312320,AGB*
2MASS J16422126+3633533,1328065121281746560,AGB*
NGC  6341  8024,1360404953706355200,AGB*
2MASS J16052328-5148327,5981408714719879168,AGB*
ISOGAL-P J174123.6-282723,4060202665620082816,AGB*
IRAS 15564-5256,5980993614718342272,AGB*
CRTS J084837.2+104656,598744043363105664,AGB*
IRAS 16029-5233,5933310058853746432,AGB*
2MASS J14010257-5948496,5867526076338907008,AGB*
BMB  50,4050251574375065728,AGB*
[WWV2004] J2224510+134808,2734302285168974720,AGB*
IRAS 17458-2610,4066883199510993536,AGB*
IRAS 17559-2312,4069347548647716352,AGB*
2MASS J18202650-1346486,4152414312098105088,AGB*
ISOGAL-P J180325.6-295715,4050203195836022656,AGB*
[RHI84]  8-30,5975650877246697088,AGB*
BMB-BW 200,4658257384008199936,AGB*
2MASS J07434437-6918053,5273716228803929088,AGB*
ISOGAL-P J180309.5-300533,4050174196205040768,AGB*
LINEAR 12097788,1239120437381299840,AGB*
Cl* NGC  602    FMB       5,4686247926293990272,AGB*
Cl* NGC 5904    SAW V180,4421572078508938240,AGB*
2MASS J07182115-5519438,5490523880100951552,AGB*
CRTS J155451.4-095549,4346501272855987072,AGB*
2MASS J00225689-7207417,4689637510221843072,AGB*
2MASS J17101553-3926046,5972955497525488896,AGB*
IRAS 17589-2403,4069047485056957952,AGB*
2MASS J13263102-4724052,6083714560841452160,AGB*
Cl* NGC 5904     SB  1-30,4421573379883546112,AGB*
BMB 199,4050210686211119104,AGB*
2MASS J17293950-3750494,5962157911079709824,AGB*
2MASS J02395749-3435485,5062207029560314624,AGB*
IRAS 16279-4853,5940704828635105280,AGB*
2MASS J18105467+0025042,4275636099182478464,AGB*
IRAS 18514+0116,4266987684309519744,AGB*
IRAS 17353-3714,5962422171818931456,AGB*
CRTS J012510.2+173835,2593429900480808192,AGB*
IRAS 18170-1259,4152720182477499520,AGB*
2MASS J13265787-4709144,6083726311882379520,AGB*
IRAS 15106-1532,6307513280698441216,AGB*
2MASS J02394408-3426101,5062218677511394432,AGB*
V* UY Cet,2430761175240186112,AGB*
CRTS J071201.3+324255,890347858629732096,AGB*
[DHS2014] 41001656,6204590058810124928,AGB*
BMB-BW 155,4661261765137631616,AGB*
2MASS J08425176-8330384,5194991505491879168,AGB*
IRAS 17089-3551,5977007850714719488,AGB*
ATO J358.7863-28.0673,2334043528257266944,AGB*
[RHI84]  8-449,4053259765080743808,AGB*
IRAS 15575-5247,5980954341535942016,AGB*
2MASS J18541259-0407044,4255434084908546176,AGB*
[DHS2014] 42006477,6204589268531819392,AGB*
2MASS J17150916-3939215,5972225108257580416,AGB*
SV* HV 12149,4689002306059371520,AGB*
IRAS 18243-1211,4153201592485917184,AGB*
IRAS 19009+0623,4306609096914480000,AGB*
[GGA99] Sgr I 626,4062357300473026176,AGB*
BMB 162,4050185019528358144,AGB*
2MASS J19534656+1847441,1821609090431005696,AGB*
2MASS J15183908+0202043,4421571700551739392,AGB*
BMB-O   6,4657976179574935680,AGB*
2MASS J16103592+3316049,1322785128998142592,AGB*
ISOGAL-P J180255.2-295659,4050249233527728896,AGB*
ISOGAL-P J180243.2-295852,4050225598341632128,AGB*
2MASS J17154258-3841317,5972707656421846784,AGB*
IRAS 17456-3454,4041476440719325824,AGB*
IRAS 15356-6722,5820747938234960512,AGB*
BMB  43,4050200889381984000,AGB*
BMB 149,4050210858061495424,AGB*
BMB 130,4050160688479529728,AGB*
2MASS J05074098-6632546,4662006959118113408,AGB*
IRAS 17269-3823,5961990033730095360,AGB*
2MASS J13275449-4717255,6083710609480046080,AGB*
OH 020.2+03.0,4157520272320274944,AGB*
2MASS J02392438-3432530,5062210534253649536,AGB*
2MASS J16152418-1049596,4344085783246357376,AGB*
WEL M4,5062213313098469888,AGB*
IRAS 17258-4318,5958605599536542464,AGB*
2MASS J02392133-3423292,5062260218435094656,AGB*
BMB 236,4050186359556847104,AGB*
[KID97] C0509-7615,4648929264697116928,AGB*
2MASS J05262227-7041312,4651863925657601408,AGB*
CRTS J045631.0-312933,4874767338133473664,AGB*
V* V2521 Oph,4127989004891086208,AGB*
2MASS J13264905-4723185,6083703290854104448,AGB*
IRAS 18585+0628,4306651260617730176,AGB*
IRC +30080,166407172153973120,AGB*
BMB 205,4050198454190776320,AGB*
BMB  49,4050177146902923392,AGB*
2MASS J17185917-3750516,5972856193567219712,AGB*
[KRC2012] 110981,4182254370469778816,AGB*
MSX LMC  694,4651243771061640064,AGB*
2MASS J13420078+2810427,1454777273668591488,AGB*
2MASS J18374651-0712245,4252860952759814016,AGB*
2MASS J13271081-4723188,6083708204280856576,AGB*
IRAS 17281-3807,5962093147303157888,AGB*
BMB 267,4050207074136283776,AGB*
IRAS 19080+0813,4307304679757255424,AGB*
[GGA99] Sgr I 524,4062333660961462016,AGB*
OGLE LMC-LPV-5538,4661530595692814976,AGB*
CRTS J090452.5-101423,5743296552442738304,AGB*
BMB 295,4050205566660897792,AGB*
MSX6C G028.3534-00.4268,4258186368637793536,AGB*
IRAS 16032-5334,5932841946142286464,AGB*
ISOGAL-P J180236.7-295905,4050225770196496000,AGB*
IRAS 17260-3846,5961951963151671552,AGB*
[KID97] C0638-6736,5280337182887208704,AGB*
BMB 305,4050192131995899264,AGB*
OGLE LMC-LPV-82411,4657769063328762368,AGB*
2MASS J16413082+3630130,1328105184737460992,AGB*
BMB  65,4050172267832090752,AGB*
IRAS 16013-5302,5932915132390733184,AGB*
SV* HV 12122,4689063844337635712,AGB*
OGLE LMC-LPV-42635,4651926292927323392,AGB*
[LML2014] 100118,4689639473004167168,AGB*
ISOGAL-P J180316.0-295225,4050251368216411392,AGB*
[WWV2004] J0918054+204431,637631845492020096,AGB*
2MASS J00230962-7206213,4689637888151712640,AGB*
2MASS J15183426+0204239,4421572142932870272,AGB*
2MASS J17224808-3759491,5972803936724008448,AGB*
IRAS 19027+0555,4305780928442045952,AGB*
2MASS J15184734+0202509,4421568883053185152,AGB*
[GGA99] Sgr I  32,4062350222363140608,AGB*
2MASS J16302156-4812558,5940809655870947072,AGB*
2MASS J19534828+1848253,1821609120458079104,AGB*
BMB 284,4050193231507832576,AGB*
2MASS J13274325-4732519,6083515205626642048,AGB*
2MASS J02402411-3440572,5062194144658419200,AGB*
2MASS J19082319+0541517,4305559342499587072,AGB*
IRAS 17260-3722,5974194367940569984,AGB*
2MASS J02391676-3432313,5062210564315559168,AGB*
BMB  85,4050173096692597888,AGB*
BMB 178,4050183404619111552,AGB*
2MASS J17180798-3759137,5972850700329758848,AGB*
IRAS 13455-4229,6108990507773648256,AGB*
[M2002] SMC  20237,4685886633701794176,AGB*
[PGH2017] 21638,369279746218943488,AGB*
NSVS  17144373,6900388745172605056,AGB*
IRAS 17483-3542,4040631569161262208,AGB*
ASAS J164254+0107.3,4383909746508782720,AGB*
IRAS 17350-3800,5962244673713769856,AGB*
IRAS 18004-2131,4070075459711273984,AGB*
2MASS J02404579-3437560,5062200157612578304,AGB*
IRAS 17367-3523,4041249769638810496,AGB*
2MASS J09121810-6451094,5248759208935677056,AGB*
2MASS J13273014-4724350,6083705352439726464,AGB*
2MASS J20344001+4154327,2067962367172686336,AGB*
ISOGAL-P J180245.5-295923,4050225594027335424,AGB*
IRAS 17215-3525,5975359820201382144,AGB*
BMB 123,4050196323887092864,AGB*
BMB 193,4050184671581838080,AGB*
[KRC2012] 88274,4182448468632369792,AGB*
BMB-BW 342,4661261112271045632,AGB*
2MASS J02403902-3426257,5062215722574023808,AGB*
IRAS 18131-1523,4146149466649041024,AGB*
V* V1472 Sgr,4050186806234802048,AGB*
[GGA99] Sgr I 167,4062375682941968256,AGB*
ISOGAL-P J180337.9-300207,4050198106236280704,AGB*
2MASS J00231053-7209557,4689625797824905856,AGB*
V* R Crt,3553091380145741440,AGB*
IRAS 17116-3729,5973582081719818368,AGB*
2MASS J13421712+2822137,1454781396838245248,AGB*
2MASS J17242007-3505088,5975802270551350016,AGB*
2MASS J17143172-3851451,5972333002198789760,AGB*
WOH G 148,4663766899248372096,AGB*
IRAS F01066-7332,4687154095686002688,AGB*
2MASS J00241143-7205304,4689639198124491136,AGB*
2MASS J16571254-0407013,4365623115795098496,AGB*
2MASS J13425083+2827576,1454877501022907264,AGB*
IRAS 18224-1240,4152787939909302528,AGB*
WRAY 18-290,5984638358332177664,AGB*
IRAS 18320-0728,4156800401419699584,AGB*
2MASS J17534579-2810483,4063398744143434880,AGB*
[KRC2012] 71083,4182477296454716416,AGB*
ISOGAL-P J180338.3-300100,4050199588062865152,AGB*
[GGA99] Sgr I  45,4062350462881649152,AGB*
IRAS 19236+1359,4319583819470170240,AGB*
ISOGAL-P J174538.3-283749,4057544050801235712,AGB*
CRTS J225115.6-143028,2597078354939917440,AGB*
IRAS 17117-3728,5973582287869687168,AGB*
BMB 259,4050206356883766144,AGB*
IRAS 16283-4855,5940703763482887552,AGB*
2MASS J19403632-3050343,6751397253090392448,AGB*
2MASS J05022254-6537462,4662272766047416448,AGB*
2MASS J19400734-3057438,6751389114135285632,AGB*
2MASS J19552063-0303333,4233663823337788160,AGB*
2MASS J18424479-0433573,4256720891442611712,AGB*
IRAS 16586-3606,5976802134644282368,AGB*
OH 003.650+00.787,4067029533323586944,AGB*
2MASS J15183911+0206236,4421573345523820288,AGB*
2MASS J14293469-0558400,3641359069816586368,AGB*
2MASS J17183246-3838252,5972677114918588544,AGB*
2MASS J05083270-6559215,4662051077025299456,AGB*
[KRC2012] 89403,4182451320494323968,AGB*
2MASS J17181809-3938092,5972048847147152512,AGB*
[KRC2012] 103686,4182445582411192960,AGB*
[KRC2012] 79511,4182453416432409472,AGB*
IRAS 17552-2352,4069100467774454272,AGB*
IRAS 17168-3512,5975594875172840192,AGB*
BMB 158,4050198037523760000,AGB*
2MASS J00243771-7205100,4689627580230572800,AGB*
2MASS J17172161+4306159,1360404472670303488,AGB*
2MASS J17284493-3703362,5974275633029926528,AGB*
[KRC2012] 103184,4182258905954444672,AGB*
IRAS 19298+1755,4323059753689416832,AGB*
[GGA99] Sgr I 206,4062374514645164800,AGB*
BMB  25,4050173646449126400,AGB*
2MASS J00234947-7205298,4689637991231173248,AGB*
LINEAR 12184860,3649616200277301248,AGB*
BMB-BW 124,4661232421903028096,AGB*
BMB   2,4050177700899261056,AGB*
IRAS 17232-3828,5974027658799822848,AGB*
BMB   8,4050176872185429888,AGB*
[RM90] 1-6,4687438418264452224,AGB*
2MASS J18132341-1858186,4095504930289441664,AGB*
ATO J056.3567+22.1278,64741581105715072,AGB*
2MASS J16235554-2342108,6049443608009069952,AGB*
[KRC2012] 93164,4182447987596065664,AGB*
ISOGAL-P J180302.8-295938,4050201924475714176,AGB*
IRAS 18184-1234,4152838861042809856,AGB*
BMB 273,4050185466203297152,AGB*
2MASS J04512858-6955500,4655320863245508480,AGB*
OGLE LMC-LPV-63515,4657889356818265856,AGB*
IRAS 08437-4332,5523973046745265024,AGB*
2MASS J18131562-1801224,4095725073129236608,AGB*
BMB-BW 208,4658257624526206080,AGB*
[GGA99] Sgr I 692,4062360525978894208,AGB*
IRAS 16558-3606,5977470642065975168,AGB*
CRTS J151415.1-102025,6318826671232786944,AGB*
DK 24,5062110817991799808,AGB*
OGLE LMC-LPV-65801,4658004427574000768,AGB*
IPHAS J190926.40+114140.0,4313063612482521216,AGB*
* g Her,1381119031215320576,AGB*
BMB-BW 134,4661236579433664512,AGB*
ATO J273.6622-17.0047,4097485936682875264,AGB*
IRAS 17230-3807,5974052363452327552,AGB*
BMB  94,4050173027926730112,AGB*
2MASS J16324036-1308024,4330459329486370688,AGB*
2MASS J19242385+1426218,4319655390807032064,AGB*
BMB 139,4050257789105099904,AGB*
2MASS J18404173-0123507,4260196065413097472,AGB*
2MASS J02401102-3429042,5062214657422171520,AGB*
2MASS J15183142+0207117,4421573586041969280,AGB*
2MASS J13271651-4724543,6083707963762043264,AGB*
IRAS 18242-0823,4159265296031765376,AGB*
2MASS J06485140-3600380,5579128265144139904,AGB*
CRTS J143105.4-033451,3643039059159082624,AGB*
IRAS 14291-6037,5878443264730751616,AGB*
IRAS 18366-0651,4252973824521229952,AGB*
[WMO2009] For-1097,5062115735731670784,AGB*
MSX6C G023.4435+00.4059,4156605890949664640,AGB*
IRAS 20079+2759,1836873507242907008,AGB*
[KID97] C0441-7522,4628211579411331072,AGB*
ISOGAL-P J180201.8-224053,4069473545813552128,AGB*
2MASS J17121731-3911354,5973046585184286592,AGB*
WLY 1-64,6050611117558761856,AGB*
IRAS 19037+0554,4305772540364756736,AGB*
SV* HV   811,4689622533648935808,AGB*
2MASS J00242074-7206332,4689627408431600256,AGB*
V* V1470 Sgr,4050198591631665408,AGB*
BMB 126,4050204948133911808,AGB*
IRC +70152,2255162811736204672,AGB*
2MASS J00250791-7203490,4689627958187766016,AGB*
ISOGAL-P J175354.0-250949,4067423708231800448,AGB*
2MASS J07050553-6145386,5287009569198354816,AGB*
BMB 170,4050197217190369664,AGB*
IRAS 19445+1541,1820582077849675264,AGB*
BMB 155,4050184431059146240,AGB*
Cl* NGC  220    FMB       3,4688845797427564160,AGB*
BMB 247,4050199412030860288,AGB*
IRAS 18129-1620,4097657189919491200,AGB*
2MASS J17163772+4308411,1360385025058263552,AGB*
[KRC2012] 90095,4182283988563475328,AGB*
2MASS J17161783-3732318,5973579264221105152,AGB*
2MASS J17164132-3751009,5973512468884608768,AGB*
2MASS J02392646-3416054,5062270831293672320,AGB*
2MASS J18241548-1407415,4104316244674983808,AGB*
IRAS 17245-3848,5961995703089183872,AGB*
IRAS 17376-3007,4056928427377696128,AGB*
[KRC2012] 102372,4182440737691336704,AGB*
IRAS 18236-1011,4155788575847111168,AGB*
2MASS J00222646-7156388,4689831750085677312,AGB*
IRAS 17208-3702,5974366377090726016,AGB*
BMB 228,4050198591631636224,AGB*
BMB 125,4050203298916665984,AGB*
[KRC2012] 94073,4182260555222092288,AGB*
2MASS J09123551-6450430,5248762095164753920,AGB*
ISOGAL-P J143339.1-604824,5878442955493339008,AGB*
2MASS J00241161-7203253,4689639571779191296,AGB*
CRTS J114944.0+232100,4003932890319559680,AGB*
2MASS J09114655-6452144,5248758934067686144,AGB*
RAFGL 2252,4203379871568398464,AGB*
2MASS J18210685-1503401,4098231787829136384,AGB*
IRAS 18447-0741,4252247768978511872,AGB*
ISOGAL-P J180301.5-295917,4050202126579051904,AGB*
2MASS J19271883+2026570,2017908887052350592,AGB*
2MASS J05571430-5354019,4791851791893295104,AGB*
[DHS2014] 42013014,6204589887011382656,AGB*
[KID97] C0455-7512,4649233760702101120,AGB*
V* V Eri,5097875186760761984,AGB*
2MASS J16233535-2632225,6045465811167182080,AGB*
V* UU Dra,2276568688218615552,AGB*
IRAS 17166-3810,5972783080361016960,AGB*
IRAS 18104-1900,4095504891614684672,AGB*
[DHS2014] 42006382,6204589234176305792,AGB*
[GGA99] Sgr I 556,4062370563340273536,AGB*
BMB  71,4050172856174250496,AGB*
IRAS 18122-1659,4097486593814261632,AGB*
2MASS J19113530-5955358,6638377976136633856,AGB*
SV* HV 11366,4689017424347948544,AGB*
ISOGAL-P J174244.9-300409,4056945091851382656,AGB*
IRAS 17391-3758,5961579464875404032,AGB*
2MASS J00233953-7204599,4689638029886757504,AGB*
2MASS J17310764-3509014,5975036391996234752,AGB*
CRTS J064152.6-623854,5478725879815547520,AGB*
RAFGL 5335,4259228121527753728,AGB*
[GGA99] Sgr I 410,4062333897106049024,AGB*
IRAS 16041-6120,5829759295037590656,AGB*
DK 38,5062212492758513536,AGB*
Cl* NGC  306    FMB       4,4689059033974479360,AGB*
2MASS J18174160-1356280,4146602259265301632,AGB*
2MASS J04244439-2110547,4899322314703153024,AGB*
BMB  78,4050251436935994880,AGB*
SV* HV  5715,4658904480895873024,AGB*
MSX5C G006.7490+00.2080,4069432966960635392,AGB*
2MASS J05091488-6530212,4663589018909475328,AGB*
CRTS J205605.2-140445,6887026444784538880,AGB*
IRAS 17290-3807,5962079575162921216,AGB*
GES J09115304-6453255,5248758861045357184,AGB*
BMB 168,4050184946455386112,AGB*
IRAS 17100-3616,5973982338286682624,AGB*
2MASS J04431635-7053524,4654833917028694144,AGB*
2MASS J19162104+0939043,4309018955832528768,AGB*
2MASS J18262771-0935189,4156033938763212928,AGB*
2MASS J16563597-0405137,4365634454506085504,AGB*
IRAS 17065-3630,5976892706911960832,AGB*
2MASS J16414108+3627550,1328057905737016576,AGB*
IRAS 17095-3614,5973980414149307136,AGB*
BMB  96,4050201610930024192,AGB*
2MASS J00233804-7201314,4689642084345700096,AGB*
IRAS 17294-3525,5974831745434809088,AGB*
ROTSE1 J143524.36+344646.5,1287976716869889536,AGB*
BMB   7,4050202061965089792,AGB*
CRTS J115027.0-432228,5379917099154530944,AGB*
IRAS 18279-0930,4155947489636866432,AGB*
WOS 69,5966728310325613440,AGB*
ISOGAL-P J180316.6-295356,4050204295298857472,AGB*
IRAS 18207-1221,4152858136856984064,AGB*
2MASS J13270952-4733560,6083509845489618304,AGB*
IRAS 18267-1057,4154929376234731008,AGB*
IRAS 16452-3604,6019692708850526336,AGB*
GES J09114145-6454037,5248758792325792896,AGB*
Cl* NGC 5634    BFI      45,3641359005392724352,AGB*
IRAS 17108-3729,5973590224977938048,AGB*
IRAS 18110-1639,4097557340516415104,AGB*
2MASS J19394480-3056020,6751389762671937792,AGB*
2MASS J19400449-3058024,6751389011056086912,AGB*
[KID97] C0016-7025,4702263172144685184,AGB*
Cl* NGC  104    SAW V2,4689627137854231936,AGB*
2MASS J00241889-7201339,4689640400715740160,AGB*
2MASS J18443220-0304597,4258655413410617728,AGB*
2MASS J02404870-3430533,5062203318708477952,AGB*
2MASS J02405687-3427093,5062204074622708864,AGB*
IRAS 17189-3927,5972384743598614400,AGB*
BMB-BW 164,4658232163950871168,AGB*
2MASS J17170282-3756356,5973508066522882304,AGB*
Cl* NGC  220    FMB       5,4688846931299052288,AGB*
IRAS 17068-3719,5973819301346911488,AGB*
BMB 103,4050204157910329472,AGB*
2MASS J17212197-3558232,5975272271588433920,AGB*
[W71b] 053-10,5259768545849241216,AGB*
V* UZ Ari,109002219819164032,AGB*
2MASS J17403507-5335244,5921754775758939008,AGB*
2MASS J18175212-1715085,4097268027233024768,AGB*
2MASS J12391146-2645161,3496373244626964096,AGB*
IRAS 16171-3723,6021477186165932416,AGB*
ISOGAL-P J180259.5-295924,4050202126325980672,AGB*
OGLE LMC-LPV-27065,4658361833377649920,AGB*
BMB 172,4050196976672046720,AGB*
CD-29  6119,5643537999905488512,AGB*
2MASS J18273353-1149270,4153322160795986688,AGB*
2MASS J15154969-0007007,4418914795122864384,AGB*
BMB  56,4050201129896524032,AGB*
CRTS J214934.9+143632,1769134416913832448,AGB*
ATO J152.8181-17.6910,5672923478937609088,AGB*
2MASS J18485778-0215365,4259064088125253376,AGB*
ISOGAL-P J180316.2-300643,4050173916977634560,AGB*
IRAS 17116-4052,5971879316172876544,AGB*
[B86] 133,4050198694709278720,AGB*
IRAS 18296-0616,4256218414608695040,AGB*
2MASS J21295145+1208105,1745947812632034816,AGB*
2MASS J21332531-0052511,2686840869327120768,AGB*
IRAS 17509-2516,4067395297045590784,AGB*
Cl* NGC  104    LEE    5617,4689645245438479360,AGB*
IRAS 17145-3927,5972053447001377792,AGB*
[GGA99] Sgr I 328,4062346369691323008,AGB*
SV* HV  1963,4687435020922436096,AGB*
BMB  48,4050249684587377792,AGB*
IRAS 17166-4200,5959707447555185536,AGB*
IRAS 02358+5928,464384478369580416,AGB*
2MASS J17191551-3716042,5973645372336941824,AGB*
IRAS 16035-5245,5933291710750820352,AGB*
[KRC2012] 107895,4182257187967459584,AGB*
2MASS J15183404+0206533,4421573586041974656,AGB*
BMB 225,4050199274467678080,AGB*
IRAS 15565-5106,5981680672054228480,AGB*
CD-38 11034,6017710362421959424,AGB*
ISOGAL-P J174434.7-282415,4057565590068804096,AGB*
2MASS J13250896-4729490,6083692948571674112,AGB*
DK 58,5062201978678692096,AGB*
ISOGAL-P J180339.4-300211,4050198037516646912,AGB*
IRAS 15598-5331,5932877748992641024,AGB*
IRAS 16488-6957,5808050984098570112,AGB*
DK 12,5062111230308614528,AGB*
2MASS J17301483-3515442,5974987704239743744,AGB*
2MASS J00241945-7211426,4689623044738689408,AGB*
IRAS 19273+1751,4323020205619214976,AGB*
CRTS J214234.3-091900,6893582111065432576,AGB*
IRAS 17014-3704,5976509325268166016,AGB*
[KRC2012] 111332,4182242585080353280,AGB*
IRAS 16322-2205,6051286630015669888,AGB*
V* V623 Sco,5972227994470232832,AGB*
BMB  99,4050197556479954560,AGB*
IRAS 19154+1326,4319396696340552320,AGB*
V* V1499 Sgr,4050193020995069440,AGB*
[KID97] C0441-7043,4654875664111686784,AGB*
OGLE LMC-LPV-64915,4658003151906940800,AGB*
ISOGAL-P J180336.2-295723,4050203058398299520,AGB*
IRAS 17053-3658,5976469875981069440,AGB*
BMB  24,4050177490392913024,AGB*
V* PZ Her,4591074131075929216,AGB*
OGLE LMC-LPV-54224,4657931035196504960,AGB*
2MASS J18384605-0720064,4252661666311749248,AGB*
[LZM2008] Sgr24,6756159341029815296,AGB*
2MASS J13260731-4729121,6083701126190161152,AGB*
IRAS 17339-2756,4060499125815696000,AGB*
IRAS 18114-1934,4094670710199256192,AGB*
ISOGAL-P J180323.6-295338,4050204364068801280,AGB*
BMB 252,4050199171517110784,AGB*
IRAS 15573-5303,5980942143831703808,AGB*
[GGA99] Sgr I 686,4062360598948253568,AGB*
[GGA99] Sgr I 180,4062374927027706880,AGB*
[DHS2014] 42008555,6204589509054251392,AGB*
2MASS J00230571-7209098,4689637166591050240,AGB*
2MASS J19394430-3057085,6751389728312197504,AGB*
IRAS 17078-3839,5973123855935031680,AGB*
IRAS 16010-5109,5981568143911489664,AGB*
2MASS J18585383+0500368,4281629537057517696,AGB*
BMB 112,4050172753094821888,AGB*
[KID97] C0459-7639,4625063093505263360,AGB*
2MASS J05181196-6717545,4658913444459942144,AGB*
[MLF2018] 14064,6204594731734591104,AGB*
[RHI84]  8-382,5974738699259837312,AGB*
IRAS 17249-3901,5961942716026797824,AGB*
2MASS J19001820+0326329,4280852732093271552,AGB*
[KRC2012] 100901,4182259009033598336,AGB*
IRAS 16526-3915,5970179746057413888,AGB*
CRTS J105038.5+212149,3988450980622087680,AGB*
MSX6C G020.0327+00.4456,4154157244195766272,AGB*
2MASS J18024586-5721115,6648805946271842560,AGB*
2MASS J00212605-7209404,4689614733987611136,AGB*
2MASS J17143004-3557146,5974014872663883392,AGB*
HD 268850,4662225074727220480,AGB*
MSX6C G006.4108+00.1507,4069330398840028032,AGB*
IRAS 04574+0423,3239377348120583552,AGB*
2MASS J17185459-3843435,5972672716895510912,AGB*
S1* 713,2206765917656273792,AGB*
2MASS J20374124+4121370,2064878786811743104,AGB*
2MASS J00233098-7208216,4689625827883562240,AGB*
2MASS J17252522-2702032,4109553562193563648,AGB*
2MASS J13251733-4741357,6083675115867623936,AGB*
[KRC2012] 97868,4182447128599633920,AGB*
LINEAR 22084807,3861741503995522304,AGB*
BMB  14,4050177284234174848,AGB*
ISOGAL-P J175840.0-240315,4069080126809223808,AGB*
IRAS 17254-3925,5960420132963124480,AGB*
[WWV2004] J1134354+114220,3917166996093704448,AGB*
[D75]  58,4123652595436125440,AGB*
BMB  35,4050201924525945216,AGB*
BMB   3,4050178555799015808,AGB*
2MASS J00242763-7205213,4689627580230545280,AGB*
LINEAR 16384002,4451657396702942720,AGB*
CRTS J014726.0-131854,2459336348575741184,AGB*
DK 39,5062260179774044672,AGB*
OGLE LMC-LPV-62940,4658042665783815680,AGB*
ISOGAL-P J174117.5-282957,4060202154569566464,AGB*
BMB 136,4050204501507643264,AGB*
IRAS 16517-3616,5977685248641411072,AGB*
BD-04  2335,3065259167780491904,AGB*
GES J09120298-6455293,5248758487391080192,AGB*
IRAS 18279-0232,4270148677156357376,AGB*
2MASS J17045729-3603096,5976816325212219392,AGB*
2MASS J15183957+0205018,4421572555249768832,AGB*
LINEAR 8448689,3692687403632042752,AGB*
BMB 234,4050206627452796928,AGB*
IRAS 17212-3633,5974522816975881216,AGB*
IRAS 17133-3701,5973700176124248704,AGB*
CRTS J224131.2-074050,2609803273590789504,AGB*
V* V388 Sco,5961561705278756736,AGB*
BMB  76,4050200859373573632,AGB*
2MASS J05075778-6533072,4663576752482496000,AGB*
BMB 132,4050203225963547904,AGB*
MSX LMC  610,4658429835466729728,AGB*
Cl* NGC 5904     SB  1-73,4421573311163993600,AGB*
GES J09115275-6451358,5248758964124570624,AGB*
V* TW Peg,1893506774202354688,AGB*
ASAS J094907+0422.9,3849555513545334912,AGB*
2MASS J02390030-3422334,5062263826207636352,AGB*
2MASS J15184866+0209472,4421575067806451072,AGB*
GES J09121723-6453561,5248756047839063040,AGB*
[DHS2014] 62000693,6204588134664634112,AGB*
IRAS 18224-0932,4156084928617441152,AGB*
2MASS J02385093-3416192,5062265647273625472,AGB*
2MASS J05135129-6641194,4661965551317555584,AGB*
2MASS J18413481-0448579,4256686321214627968,AGB*
IRAS 17383-3716,5962385892310883584,AGB*
2MASS J16125169-3842157,5997434337209268608,AGB*
IRAS 17175-3635,5975179809532920320,AGB*
2MASS J19400303-3052192,6751391927334257664,AGB*
IRAS 18529-1419,4102234594294263040,AGB*
IRAS 17111-3552,5974014945687133568,AGB*
[GGA99] Sgr I  65,4062350359742598144,AGB*
MSX6C G036.8735-00.2866,4280829126952704384,AGB*
BD-07  4447,4169503574642817024,AGB*
[GGA99] Sgr I 352,4062346580170517504,AGB*
GES J09121447-6449296,5248759449454101632,AGB*
2MASS J21331521-0049516,2686844232287038080,AGB*
ROTSE1 J164933.09+193200.2,4562956801253702656,AGB*
BMB-BW 177,4658234702379908736,AGB*
2MASS J16231475-4017149,5993917549281395968,AGB*
2MASS J00250809-7204092,4689627958187766528,AGB*
2MASS J00235701-7202185,4689640572506612608,AGB*
2MASS J16414545+3630114,1328059516344569344,AGB*
BMB 195,4050186668746846720,AGB*
2MASS J17163427+4307363,1360384921979045248,AGB*
2MASS J05053100-6604044,4662057708455170176,AGB*
2MASS J05243100-2431208,2957945802121651072,AGB*
2MASS J18143700-1701433,4097485524364666112,AGB*
2MASS J17461420-3116453,4055880764596548864,AGB*
IRAS 17212-3739,5974127061527660672,AGB*
2MASS J13262549-4724291,6083714590880762880,AGB*
IRAS 16024-5311,5932897643282522240,AGB*
2MASS J16415003+3625105,1328056870644656256,AGB*
BMB 290,4050192917915689984,AGB*
CRTS J021219.6+114327,73338834322216448,AGB*
BMB-BW 311,4661234822739647488,AGB*
ASAS J054214+0214.0,3223207998840246912,AGB*
IRAS 12379-4959,6079583901796204928,AGB*
2MASS J17094906-3621322,5976898719867800704,AGB*
[KRC2012] 107639,4182257050528449664,AGB*
2MASS J00235348-7206213,4689637720649349248,AGB*
CRTS J145208.3-080726,6327251610360857600,AGB*
HaroChavira   3,2067600348671632768,AGB*
HD 258143,3131242917854229888,AGB*
2MASS J15095265-7555527,5792476848565356544,AGB*
2MASS J18105331-2112347,4093883666052379904,AGB*
2MASS J15185515+0214337,4421622960981513728,AGB*
2MASS J17160431-3926098,5972251947561223424,AGB*
IRAS 18397-0254,4259422632035704064,AGB*
BMB-BW 344,4661236373275324416,AGB*
IRAS 18514+0137,4267108974184673536,AGB*
WOH S 146,4662034378191355264,AGB*
IRAS 17478-3502,4040711730409021056,AGB*
CRTS J235422.2+072256,2746499098937533056,AGB*
OGLE LMC-LPV-37798,4658715639739061376,AGB*
CRTS J100806.2-064814,3773470240911596800,AGB*
2MASS J19334425+1947482,1825483082212636544,AGB*
BMB 190,4050185152723999104,AGB*
IRAS 18165-1709,4097321907596585216,AGB*
ISOGAL-P J143334.1-604906,5878442921133393536,AGB*
IRAS 17504-2221,4070256359451332864,AGB*
IRAS 17272-3535,5974931148109845632,AGB*
2MASS J05313879-7007149,4657898664165972864,AGB*
IRAS 16252-4503,5943948937718193408,AGB*
2MASS J17421570-5343061,5921703652781168768,AGB*
IRAS 17015-3835,5973271607106409984,AGB*
BMB 192,4050184980925341824,AGB*
IRC +00389,4266693633680153600,AGB*
BMB 169,4050210926780947840,AGB*
BMB 251,4050206563093651712,AGB*
V* CI Leo,4003822806013152768,AGB*
2MASS J02401565-3414227,5062268769709504256,AGB*
BMB 150,4050199892943072384,AGB*
V* V1460 Sgr,4050200550138085632,AGB*
BMB 175,4050210961140663296,AGB*
IPHAS J191014.09+112409.1,4312665726704883072,AGB*
2MASS J16565710-0402312,4365636344291980672,AGB*
[MLF2018] 28971,6204589577773759488,AGB*
V* S Dra,1426791438562197248,AGB*
2MASS J09121729-6446047,5248766287052517504,AGB*
2MASS J09465674-8216359,5192498745130957824,AGB*
IRAS 02091+6333,514802171751252992,AGB*
V* V1398 Sgr,4050201748368473216,AGB*
2MASS J05140068-4003239,4819197294615563136,AGB*
2MASS J13260009-4725379,6083713976722685696,AGB*
2MASS J09113076-6453377,5248759552542880768,AGB*
ISOGAL-P J180249.2-295352,4050250646660533120,AGB*
2MASS J19021067+0622580,4306596010149084544,AGB*
2MASS J13424968+2818038,1454826923488077440,AGB*
ISOGAL-P J180311.4-295724,4050202469920192256,AGB*
ISOGAL-P J180248.7-295541,4050249508405839232,AGB*
2MASS J05140701-4003449,4819197401993629952,AGB*
IRAS 17540-2244,4069423552414834816,AGB*
2MASS J00242435-7204286,4689639296901319424,AGB*
ISOGAL-P J180235.8-300142,4050225426598726016,AGB*
2MASS J16194164-3746567,6021379020401840128,AGB*
CRTS J214341.1-341429,6591349286831223680,AGB*
OH 025.405+00.308,4256042492736901376,AGB*
BMB 231,4050210033427417088,AGB*
BD-10  4457,4143145394703405952,AGB*
MSX6C G006.0700-00.0005,4069126443722933632,AGB*
CRTS J120816.7+273046,4006768844341076224,AGB*
BMB 246,4050186531355659392,AGB*
V* V1009 Ori,3214749593327073408,AGB*
IRAS 17247-3833,5962008549296626176,AGB*
2MASS J05072302-6529259,4663577955073387648,AGB*
CRTS J085605.7+163059,611429143373348608,AGB*
2MASS J00245189-7200031,4689640916111119616,AGB*
IRAS 17322-3827,5961847234622312576,AGB*
WOH G 494,4657587403406109184,AGB*
V* SU Sgr,4081435682568602240,AGB*
2MASS J09123016-6454129,5248756013490605184,AGB*
2MASS J13261324-4717578,6083718993257171072,AGB*
[GGA99] NGC 6522  26,4050250096904660352,AGB*
IRAS 17219-3627,5974527799139400192,AGB*
2MASS J16220163-3716369,6021507594534684800,AGB*
2MASS J06320639+0417182,3130525284652897280,AGB*
IRAS 17236-4236,5958763551251035648,AGB*
IRAS 19166+1405,4319494552879576704,AGB*
IRAS 16436-3618,6019729546806892160,AGB*
CRTS J024045.9-343453,5062200840509436288,AGB*
BMB-O   2,4657977966228073728,AGB*
2MASS J16240858-2624552,6045489798570998144,AGB*
2MASS J05140714-4002568,4819197505072395008,AGB*
MSX6C G020.2609-00.1068,4153412050191661952,AGB*
IRAS 17055-0216,4367709340324703104,AGB*
2MASS J15171587+0159323,4421518786551972608,AGB*
2MASS J18291233-1219408,4152999252296348288,AGB*
BMB 304,4050192200715426816,AGB*
2MASS J00263341-7204532,4689629817915213056,AGB*
2MASS J18414834-0448529,4256687012739165312,AGB*
2MASS J05152664-6511574,4663634545546766976,AGB*
2MASS J16210381+3630174,1330301970304896896,AGB*
2MASS J00241586-7203028,4689639571779203712,AGB*
2MASS J05125719-6638566,4661969541360621440,AGB*
[GGA99] NGC 6522 441,4050198003164016512,AGB*
2MASS J15085589-0959242,6319826883216236544,AGB*
IRAS 17488-2450,4067623583125379456,AGB*
OGLE LMC-LPV-81294,4657206079054608896,AGB*
2MASS J18230108-1225538,4152856521949315968,AGB*
2MASS J05132303-6331104,4664264737490335872,AGB*
2MASS J00231826-7207182,4689637823736104064,AGB*
V* DK CMa,2949252169841212800,AGB*
IRAS 17332-3635,5962698600301284096,AGB*
IRAS 17122-3631,5973937223954652288,AGB*
BMB  93,4050198213673480704,AGB*
IRAS 17450-2724,4057740382348509056,AGB*
2MASS J21295678+1210269,1745948392453561472,AGB*
IPHAS J185904.00+081851.1,4310120219802942464,AGB*
IRAS 19106+0942,4309248891198245632,AGB*
2MASS J18482997-0211500,4259112638435320960,AGB*
2MASS J20503236+4134599,2065817872821917568,AGB*
IRAS 13436-4621,6107112614932021248,AGB*
2MASS J16240301-2624034,6045490623204749824,AGB*
2MASS J19074495+0322279,4268982232830196096,AGB*
DIK 39,4628236833819127808,AGB*
ISOGAL-P J180316.3-300323,4050200756294208256,AGB*
IRAS 18582-1054,4202045201852379136,AGB*
2MASS J19401513-3056496,6751343690561123328,AGB*
2MASS J02402267-3440373,5062194213377896320,AGB*
[GGA99] Sgr I 401,4062334588675033472,AGB*
IRAS 16296-4900,5940710601045536000,AGB*
BMB 203,4050209513670809344,AGB*
IRAS 17221-3636,5974473167153765504,AGB*
Cl* NGC  152    HOD C19,4688903384343938688,AGB*
IRAS 18106-1852,4095508228824409344,AGB*
2MASS J05052452-6620049,4662027540603127168,AGB*
OGLE LMC-LPV-57121,4658059265735562496,AGB*
WOH G 195,4662051489342155136,AGB*
Cl* NGC  419     LE      12,4687223158766012672,AGB*
2MASS J10393618-3708533,5442937635326305920,AGB*
2MASS J05025091-6620463,4662212189824939904,AGB*
IRAS 18283-0842,4156555691370352512,AGB*
IRAS 09195-5732,5306662446210493696,AGB*
2MASS J16064773-5225033,5933339303287226112,AGB*
V* V1397 Sgr,4050249748942883968,AGB*
IRAS 17090-3840,5973097231442466816,AGB*
IRAS 16231-4436,5944019886227240960,AGB*
IRAS 17146-3728,5973617403514332928,AGB*
WOH S 450,4657641657435681152,AGB*
BMB 211,4050183851296897280,AGB*
CRTS J060103.3-070216,3018357850030663296,AGB*
2MASS J13265462-4733001,6083697690197307776,AGB*
DK  9,5062112570338327168,AGB*
2MASS J19081052+1103163,4312629374100003200,AGB*
IRAS 17059-3550,5976973559702903040,AGB*
OH 021.188-00.695,4154914086150781696,AGB*
2MASS J05385059-6609200,4659922353786258560,AGB*
ISOGAL-P J180243.8-300200,4050178456814036736,AGB*
2MASS J08394993-4015490,5528391777818522368,AGB*
FASTT  748,4408086327878135424,AGB*
POVR  9,2213879998404847488,AGB*
OGLE LMC-LPV-61959,4657903302511557376,AGB*
BMB 113,4050204742025966976,AGB*
2MASS J00503421-7303142,4685946935055204480,AGB*
2MASS J19534750+1846169,1821608433263145088,AGB*
IRAS 17155-3755,5972848570025582592,AGB*
IRAS 18189-0357,4269537211263319936,AGB*
BMB 253,4050199107027720960,AGB*
BMB 249,4050207009770354176,AGB*
BMB  73,4050200859373584384,AGB*
2MASS J09130118-6452430,5248761785926809472,AGB*
IRC +40072,220209540274755456,AGB*
WEL M11,5062218024676353408,AGB*
IRAS 17163-3835,5972668387581325696,AGB*
V* TV Dra,1632137123519879040,AGB*
IRAS 17184-3657,5974408154230828288,AGB*
BMB 260,4050186496996937984,AGB*
[KRC2012] 92657,4182445170097731456,AGB*
2MASS J05090367-6552509,4663552906826217856,AGB*
ISOGAL-P J143204.2-601845,5878657154086606208,AGB*
IRAS 17140-3905,5972637326370523392,AGB*
BMB   1,4050177696551032960,AGB*
2MASS J19090679+0336546,4269075794403513344,AGB*
BMB 148,4050257827849804672,AGB*
IRAS 17405-3708,4040102016891492736,AGB*
DK 31,5062115216038527488,AGB*
2MASS J18292354-1134599,4153344189706129792,AGB*
2MASS J05141641-4002214,4819197573791670528,AGB*
2MASS J10144007-8436221,5191672668300504832,AGB*
2MASS J18181255-1629132,4097612281754072320,AGB*
CRTS J205819.6-145040,6883716128805399424,AGB*
IRAS 17255-3834,5962027417130411392,AGB*
IRAS 17383-3601,4040983756532701568,AGB*
BMB 121,4050198351062261632,AGB*
IRAS 18128-2158,4090726281020839168,AGB*
IRAS 18118-1628,4097660247936950272,AGB*
2MASS J05025087-6542184,4662260602699256704,AGB*
2MASS J21301733+1206040,1745935202608406272,AGB*
OGLE LMC-LPV-51581,4658088437163862656,AGB*
CRTS J211041.4+082925,1743226173455890048,AGB*
IRAS 17136-3503,5978572760685326720,AGB*
2MASS J17131437-3611193,5973987389176457088,AGB*
2MASS J13251340-4721113,6083741498887051264,AGB*
ATO J245.8943-23.1463,6050228453153800960,AGB*
2MASS J18252151-1308571,4152566834970653184,AGB*
[CGH2008] J051242.40-633324.8,4664259274291837440,AGB*
2MASS J07330678-7306264,5262926244460395520,AGB*
2MASS J17165652+4310314,1360408595838756224,AGB*
IRAS 17271-3532,5974931800944899584,AGB*
[NTA2002] nlmc2-29809,4658083386242050816,AGB*
IRAS 16028-5124,5981511106744225408,AGB*
ISOGAL-P J174920.1-280657,4057631874299112064,AGB*
IRAS 16514-4035,5969682144016805760,AGB*
LINEAR 8897879,3732376126967372928,AGB*
2MASS J05115248-6213390,4760622225690704128,AGB*
V* V1488 Sgr,4050205326142812416,AGB*
CRTS J151257.7-043853,6335256742205872128,AGB*
BMB  89,4050201580928213504,AGB*
2MASS J00250529-7206012,4689627653239939584,AGB*
BMB 135,4050184469771580672,AGB*
IRAS 17248-3843,5962001990921372928,AGB*
BMB   5,4050178177591292416,AGB*
LINEAR 10722407,3670655836311160064,AGB*
CRTS J044747.7+163304,3405962155820390016,AGB*
MSX LMC  531,4660586145241379712,AGB*
SV* HV  2446,4658855758783607168,AGB*
IRAS 17234-3515,5975727881717492736,AGB*
2MASS J05014345-6940483,4655199637773451136,post-AGB*
OGLE LMC-LPV-69554,4657095853010656768,AGB*
2MASS J16275055-3948101,6017211802613708416,AGB*
2MASS J02403668-3417137,5062244172437191424,AGB*
2MASS J02381284-3434561,5062166931741776384,AGB*
BMB 144,4050184396818850560,AGB*
IRAS 17117-3854,5972328187468613120,AGB*
IRAS 17133-3559,5975455924393660928,AGB*
[MOW2008] 128,3881551546727565568,AGB*
[KRC2012] 91024,4182448812226877312,AGB*
ISOGAL-P J180350.6-295658,4050200477058973440,AGB*
NGC  5904   870,4421572280371888640,AGB*
[DHS2014] 42007983,6204588959298387584,AGB*
V* V1695 Oph,4116164508936781440,AGB*
GES J09120627-6450416,5248759312028357632,AGB*
ATO J316.2974+44.0920,2162370455633907584,AGB*
[DHS2014] 42008747,6204589509054253056,AGB*
2MASS J00525460-2637084,2342904355028294784,AGB*
BMB  28,4050177494694035072,AGB*
[RM90] 3-17,4687501438301433344,AGB*
OH 028.788+00.052,4258477533034687488,AGB*
2MASS J18241650-1407368,4104316244684539648,AGB*
IRAS 16043-5041,5983053687195777920,AGB*
IRAS 18099-2039,4094011827876420096,AGB*
[GGA99] Sgr I 338,4062346477150390272,AGB*
2MASS J02402332-3412058,5062292413509857920,AGB*
Cl* NGC  419     LE B25,4687224395716370304,AGB*
IRAS 17452-3617,4040258246243017216,AGB*
2MASS J16231672-2634279,6045464338003513984,AGB*
ATO J250.4671-10.9534,4337101376149751040,AGB*
CRTS J171130.9+083431,4395355117096035072,AGB*
[GGA99] Sgr I 200,4062345858674947200,AGB*
IRAS 18163-1954,4094482212695419136,AGB*
2MASS J19003294+0301129,4268805658086578176,AGB*
2MASS J13414576+2824597,1454796996158354304,AGB*
[KRC2012] 65037,4182470974259384064,AGB*
LINEAR 4019389,3530027405765841920,AGB*
CRTS J111716.5-362013,5397474650583084160,AGB*
IRAS 19316+0919,4302385258613953408,AGB*
2MASS J15183689+0202057,4421571734911485184,AGB*
IRAS 16565-4537,5963285395818992512,AGB*
2MASS J19462635+2709360,2027884103215580032,AGB*
2MASS J17402547-5347570,5921745567349079424,AGB*
2MASS J00241003-7206296,4689627447091791616,AGB*
IRAS 17349-2125,4118033167648199552,AGB*
2MASS J00243337-7204200,4689639335554691968,AGB*
[DHS2014] 42012327,6204589818293184896,AGB*
BMB 254,4050185294356727168,AGB*
[KID97] C0419-7553,4627940927751079424,AGB*
BMB 237,4050209964707898752,AGB*
BMB-BW 315,4661234827088049792,AGB*
IRAS 18022-1432,4147015813111920000,AGB*
CRTS J002235.6-051207,2431915353212511232,AGB*
GES J09120635-6451354,5248759312013707008,AGB*
FASTT   47,2509805547197858176,AGB*
IRAS 16001-5204,5981373319876501120,AGB*
[KRC2012] 112808,4182242516358702208,AGB*
IRAS 17273-3741,5962162450903820288,AGB*
2MASS J18133671-2002131,4094245542781464832,AGB*
LINEAR 17801376,4463404029178023040,AGB*
Cl* NGC 5904     SB  2-322,4421572967566556288,AGB*
IRAS 17404-3553,4040977773524959232,AGB*
MACHO  80.7314.13,4658075620976476800,AGB*
2MASS J16223343-4103178,5993115008864855296,AGB*
2MASS J16200207-4137265,5992985575741049728,AGB*
2MASS J13261782-4724561,6083714487801526400,AGB*
IRAS 17439-3613,4040250004277398400,AGB*
IRAS 17104-3623,5973968869277106816,AGB*
* L02 Pup,5559704601966334848,AGB*
2MASS J15183525+0203583,4421572147228435200,AGB*
ISOGAL-P J174323.6-285349,4057172209709398912,AGB*
IRAS 19248+1441,4319781800289267840,AGB*
2MASS J17230459-3521072,5975417304043505792,AGB*
2MASS J18453660-0339191,4258383486127604352,AGB*
[RHI84]  8-495,4053293437631440256,AGB*
BMB 281,4050185844161693440,AGB*
2MASS J05222112-6555516,4660553026777915648,AGB*
CRTS J051552.3+011701,3233820794309566080,AGB*
CRTS J152902.5-121537,6314731334016676480,AGB*
IRC +70018,525212931953574272,AGB*
[DHS2014] 51000368,6204569374247654528,AGB*
IRAS 15597-5345,5932770134296579072,AGB*
2MASS J15183215+0206241,4421573208084849280,AGB*
[RM90] 3-15,4687501747539163648,AGB*
2MASS J00221247-7205449,4689641392838717568,AGB*
BMB 280,4050185397483658496,AGB*
[KRC2012] 100023,4182259009036628864,AGB*
IRAS 18021-1653,4144207316801395200,AGB*
2MASS J02403195-3420487,5062220292419219328,AGB*
2MASS J02395951-3432432,5062208369590097024,AGB*
2MASS J00232264-7211417,4689624698313312768,AGB*
IRAS 17264-3543,5974923039210845440,AGB*
BMB  45,4050174161845228032,AGB*
2MASS J13265413-4738413,6083508982206252672,AGB*
IRAS 17163-3830,5972669654548744704,AGB*
[KRC2012] 101126,4182256260254355200,AGB*
IRAS 17183-3614,5975216883690352000,AGB*
NSV 19371,6072885986205061632,AGB*
OH 345.437-00.074,5966752430867045760,AGB*
2MASS J13263818-4723085,6083714973168023936,AGB*
2MASS J15380308-3313574,6015787488365749888,AGB*
IRAS 18074-2805,4050926433980590080,AGB*
IRAS 18520+0149,4267121098881574400,AGB*
[KDI2000] C0217-7020,4693400627388173568,AGB*
BMB-BW 308,4661234620929694848,AGB*
BMB-BW 351,4661235750564035968,AGB*
2MASS J17305438-3512319,5975035739161394816,AGB*
DIK  5,4640683614681929216,AGB*
[DHS2014] 21000354,6204589470397997952,AGB*
2MASS J19060938+0559276,4305772579024594176,AGB*
IRAS 17198-3643,5974432794460052608,AGB*
IRAS 17283-3820,5962070156300685312,AGB*
2MASS J18352902-0721126,4252878476232112384,AGB*
BMB  70,4050173921326660864,AGB*
2MASS J13255689-4731268,6083700542047861248,AGB*
LINEAR 2717240,3911636693124321408,AGB*
IRAS 17562-2105,4070816221333948800,AGB*
ISOGAL-P J174131.4-300016,4056954472060095872,AGB*
2MASS J19215557-3544149,6742790349087187456,AGB*
2MASS J02404839-3435364,5062200776087854848,AGB*
2MASS J19051932+0600126,4305782371550155264,AGB*
CRTS J023910.7-343920,5062208988065455104,AGB*
IRAS 05555+0240,3316033786979454848,AGB*
IRAS 17520-2658A,4063805632086136960,AGB*
IRAS 18346-0808,4156518170533067520,AGB*
2MASS J15183811+0205321,4421573315459674880,AGB*
2MASS J17191370-4146457,5959731357631756288,AGB*
2MASS J19444060-1453030,4182445852994285440,AGB*
2MASS J00241142-7206126,4689627442791324800,AGB*
2MASS J05074505-6517248,4663604377713502336,AGB*
IRAS 17084-3642,5973870497360365952,AGB*
2MASS J18144593-1737549,4097239478594986112,AGB*
[KID97] C0435-7611,4628093588068840320,AGB*
BMB  75,4050172890487745536,AGB*
2MASS J13130189+1810238,3937271802433021184,AGB*
2MASS J18230411-1354160,4152373630166531456,AGB*
IRAS 18187-1430,4146316180085857920,AGB*
2MASS J05035373-6432268,4663923957597493376,AGB*
BMB 278,4050186046075628800,AGB*
ISOGAL-P J180313.4-295649,4050202508641559296,AGB*
[GGA99] Sgr I 375,4062371314945465344,AGB*
2MASS J15160957-0002399,4418921396488436352,AGB*
ISOGAL-P J180332.2-295500,4050203706874708736,AGB*
BMB 115,4050196697486182656,AGB*
IRAS 18431-0335,4258389155484673408,AGB*
[GGA99] Sgr I 455,4062370421508563968,AGB*
[KRC2012] 100778,4182443898784679552,AGB*
BMB 224,4050206180782477952,AGB*
2MASS J00531362-7251451,4685958681724707712,AGB*
ISOGAL-P J180241.6-300244,4050178418365494400,AGB*
2MASS J13125529+1809086,3937271360051308800,AGB*
[RHI84]  8-199,5974605761415727872,AGB*
NGC  6341  2070,1360405812699772416,AGB*
BMB  31,4050177078339136128,AGB*
2MASS J16232988-2631490,6045465781112568576,AGB*
2MASS J17220601-3538599,5975388441863069952,AGB*
2MASS J17394065-3523169,4041261069570997760,AGB*
IRAS 17593-2325,4069175921760795136,AGB*
2MASS J00240336-7155473,4689645004920355712,AGB*
IRAS 17573-2322,4069235467192988672,AGB*
IRAS 18273-1112,4154871273915208320,AGB*
2MASS J19395634-3057489,6751389251574350208,AGB*
DK 35,5062210431174451072,AGB*
IRAS 19036+0719,4306776570584841856,AGB*
IPHAS J004918.50+652822.9,524560509239457792,AGB*
CRTS J143414.0-024847,3649188662052850816,AGB*
NGC  5904   818,4421572589609582464,AGB*
2MASS J17213595-3610549,5975218807835501440,AGB*
BMB-BW 186,4658233985017924224,AGB*
BMB  38,4050173955640120960,AGB*
IRAS 16198-4057,5993108343075534592,AGB*
CRTS J114557.9-271338,3484343968942530304,AGB*
ISOGAL-P J180347.7-295815,4050200339619795712,AGB*
2MASS J17332314-3605350,5974657919502250752,AGB*
LINEAR 8300756,3733737979493368192,AGB*
2MASS J18363282-2351112,4077589002465597312,AGB*
BMB  60,4050173715121713280,AGB*
2MASS J15183160+0208043,4421573689121185152,AGB*
2MASS J18240991-1101215,4154219607109280768,AGB*
IRAS 14291-6317,5853215004836030720,AGB*
WEL M26,5062098590222213504,AGB*
IRAS 18009-1539,4145198354733502720,AGB*
2MASS J16571278-0403156,4365635730120745088,AGB*
OGLE LMC-LPV-749,4655606736253989248,AGB*
2MASS J02394386-3430534,5062211530679842944,AGB*
IRAS 17185-4219,5959500464522182784,AGB*
2MASS J02390862-3427407,5062259634319562624,AGB*
[GGA99] Sgr I 522,4062333454746792704,AGB*
IRAS 18251-3234,4045224916424932480,AGB*
BMB 107,4050201409129447808,AGB*
ISOGAL-P J174637.5-273809,4060709677931539968,AGB*
2MASS J13261218-4726577,6083712911570421632,AGB*
BMB  59,4050251505655498496,AGB*
IRAS 17099-3750,5973553146517463552,AGB*
IRAS 16543-3953,5970090788692270208,AGB*
CRTS J080016.8+320949,881067701316902912,AGB*
2MASS J18461105-0330091,4258392350940423552,AGB*
V* RT Vir,3705213108816150272,AGB*
2MASS J00234736-7203322,4689638888879832320,AGB*
ATO J151.7792-19.4010,5670783966749167616,AGB*
2MASS J05140900-4004539,4819185650963128064,AGB*
IRAS 17370-3843,5961392552261018880,AGB*
IRAS 17381-3442,4041379919902930432,AGB*
2MASS J13260553-4752555,6083479024821170688,AGB*
CRTS J104437.0+233555,723084824050771712,AGB*
CRTS J170408.1-024800,4366208713111136000,AGB*
ASAS J164249+0256.4,4433836684037871232,AGB*
2MASS J16215624-3713166,6021510820048092800,AGB*
2MASS J21293312+1212509,1745952107599401728,AGB*
OGLE LMC-LPV-30640,4658345894656705792,AGB*
IRAS 17098-3812,5973158048182827392,AGB*
[RM90] 3-14,4687489652908544896,AGB*
BMB  47,4050251466911384064,AGB*
2MASS J09115869-6451285,5248759346373752064,AGB*
2MASS J13272886-4725366,6083705146281244160,AGB*
StM 382,4542986955674494720,AGB*
2MASS J18363198-2353171,4077588521437922816,AGB*
[RM90] 3-8,4687488656476164096,AGB*
BMB  15,4050249925043748224,AGB*
2MASS J19021061+0624270,4306596212013394560,AGB*
2MASS J00235465-7156259,4689644970560649856,AGB*
2MASS J17311267-3527050,5975027870781239168,AGB*
2MASS J02393755-3435149,5062207957273266816,AGB*
2MASS J13262505-4725555,6083702771130726784,AGB*
BMB 230,4050206421413417216,AGB*
BMB-BW 320,4661234758368596864,AGB*
MSX6C G037.2240-00.3764,4280874413088420736,AGB*
ISOGAL-P J180733.0-203253,4094153561771855360,AGB*
ISOGAL-P J175831.0-235354,4069100261616355712,AGB*
IRAS 17279-3532,5974920908908197376,AGB*
2MASS J20292251+4005370,2067323619636980096,AGB*
2MASS J00244581-7209106,4689626240193985280,AGB*
BMB 104,4050204119198119424,AGB*
IRAS 17495-2534,4067009608978158208,AGB*
V* RX Boo,1256239111870681600,AGB*
2MASS J09553720-7113387,5242317166011623808,AGB*
BMB-BW 348,4661235716203620608,AGB*
BMB  30,4050177013657232000,AGB*
ATO J149.3756-22.3450,5661001298264397696,AGB*
[KRC2012] 102696,4182445685490406528,AGB*
2MASS J20305365+4032326,2067734252870798464,AGB*
BMB 114,4050198351112512384,AGB*
ISOGAL-P J180306.8-300104,4050201099892011776,AGB*
WEL  58,5062217852877874048,AGB*
IRC +10340,4494900089513254016,AGB*
[MLF2018] 12035,6204588924939850112,AGB*
MSX5C G008.1119-00.4386,4069702622199074816,AGB*
2MASS J05032554-6514125,4663786140702705664,AGB*
Elia 2-10,6049382413314890240,AGB*
Cl* NGC  339     LE       2,4684828044472428672,AGB*
IRAS 17405-3722,4040086207040040576,AGB*
BMB  21,4050249615868031744,AGB*
2MASS J05073883-6539425,4663568643583931520,AGB*
IRAS 17278-3850,5961777862336315520,AGB*
BMB 274,4050186045971375872,AGB*
DK 27,5062205345933157376,AGB*
V* V1478 Sgr,4050187214199048448,AGB*
IRAS 16050-5218,5933327964572525696,AGB*
2MASS J18444023-0315329,4258597208012382208,AGB*
SV* HV  1366,4688924549945469184,AGB*
IRAS 17018-3510,5978001186431389056,AGB*
2MASS J16571215-0406073,4365623321953527168,AGB*
SV* HV 12522,4662032488405635712,AGB*
IRAS 18498-0221,4258956125538889216,AGB*
OH 017.434-00.077,4152378200011943040,AGB*
[RHI84]  8-19,5975491585501140096,AGB*
2MASS J15183638+0208507,4421573796496295808,AGB*
IRAS 18304-0943,4155881931254565120,AGB*
CRTS J072002.2+324216,893198376883644160,AGB*
SOPS   IV d-171,6126318536148165760,AGB*
2MASS J05122447-6515084,4663643479079231616,AGB*
[GGA99] Sgr I 170,4062347576662875392,AGB*
OGLE LMC-LPV-73853,4657243286341412480,AGB*
2MASS J02400007-3429507,5062214550041053696,AGB*
BMB 221,4050210235225782016,AGB*
2MASS J16053719-5150019,5981407993165010048,AGB*
LINEAR 8747255,3716765368250634240,AGB*
MSX LMC  594,4658071768314535680,AGB*
2MASS J16230367-3729412,6021488868477687040,AGB*
IRAS 16215-4004,6017184005584830848,AGB*
BMB-BW 330,4661229913642155776,AGB*
2MASS J00233865-7156009,4689643561811380736,AGB*
V* V1401 Sgr,4050202646030519168,AGB*
IRAS 21146+5707,2177489840025760000,AGB*
IRAS 17262-4314,5958596047526637440,AGB*
2MASS J00240154-7205290,4689639266845782656,AGB*
OGLE LMC-LPV-59499,4657902134280014848,AGB*
2MASS J17232380-3615564,5975293677704283136,AGB*
2MASS J17172829-3820136,5972743291800541824,AGB*
2MASS J20441738+4147179,2066257849272574848,AGB*
2MASS J15182014+0203321,4421478959322064640,AGB*
[GGA99] NGC 6522 128,4050252291545358592,AGB*
IRAS 17316-3627,5962717596852599936,AGB*
2MASS J07095207-6649314,5281337704108065280,AGB*
IRAS 16444-3725,5971187895174690176,AGB*
[DHS2014] 61002418,6204589268536045440,AGB*
IRAS 17196-4215,5959457755391787904,AGB*
2MASS J16221791-3658163,6021567792796423296,AGB*
2MASS J19393864-3048329,6751396123522259072,AGB*
[KRC2012] 97984,4182446750645525632,AGB*
CRTS J150511.4-110719,6312906625750711424,AGB*
IRAS 18358-0623,4253070650269205632,AGB*
2MASS J13260042-4729139,6083712774144159104,AGB*
IRAS 18425-0403,4258262750334303488,AGB*
IRAS 17488-2532,4067012014160256384,AGB*
2MASS J02403081-3422028,5062217303121984128,AGB*
EM* AS  501,2013433148849034368,AGB*
IRAS 17227-4239,5958683046406701440,AGB*
[GGA99] Sgr I 187,4062374716670509440,AGB*
IRAS 18555+0213,4268642445016039680,AGB*
Cl* NGC 7089    HAR      L,2686846912346750848,AGB*
2MASS J16043757-5115308,5981568418789436800,AGB*
2MASS J00444463-7314076,4688854730961229056,AGB*
BMB 200,4050198862150508032,AGB*
[KRC2012] 97298,4182447128599684992,AGB*
2MASS J19534905+1846003,1821608437595882496,AGB*
[LZM2008] Sgr20,6755728680372940800,AGB*
2MASS J07135809-6419098,5282659076566187776,AGB*
[DHS2014] 62000309,6204400496133264640,AGB*
CRTS J224230.9-033055,2625274432985851776,AGB*
Cl* NGC  361    ARP    I-45,4690584606329298816,AGB*
IRC -20563,4180621149032536704,AGB*
OGLE LMC-LPV-60606,4657913713507186048,AGB*
ISOGAL-P J180348.3-295842,4050200133468507136,AGB*
2MASS J06485948-3559426,5579128402583223168,AGB*
BMB  92,4050197522227387520,AGB*
IRAS 17068-3655,5973845895784845568,AGB*
CRTS J135442.4+051304,3671978789317599232,AGB*
BMB-BW 312,4661234620929677696,AGB*
IRAS 15408-5413,5885265940507535488,AGB*
2MASS J02405005-3425580,5062215928732447232,AGB*
ROTSE1 J170610.21+214839.8,4568088252082723456,AGB*
MSX6C G025.5134-00.0413,4253024986175791872,AGB*
IRAS 17203-3825,5972586267795141632,AGB*
BMB 240,4050210063427027968,AGB*
MACHO  81.8878.13,4657244802489425408,AGB*
OH 014.639+00.374,4097700002168647424,AGB*
BMB 232,4050206597453461248,AGB*
BMB 198,4050198832148163968,AGB*
2MASS J05082194-6520065,4663603278201853440,AGB*
Cl* NGC 1851   WALK     741,4819197505072271872,AGB*
[KRC2012] 90134,4182457127287636608,AGB*
IRAS 18391-0308,4258573259290811008,AGB*
2MASS J02404004-3429370,5062215310257171328,AGB*
IRAS 17465-0731,4165804783172203008,AGB*
OGLE LMC-LPV-72132,4657274764187727744,AGB*
2MASS J05050504-6527338,4663762982238214784,AGB*
[RM90] 2-13,4687430485437098496,AGB*
IRAS 23235+4126,1923599239225139584,AGB*
IRAS 15025-6718,5800336192067811968,AGB*
MSX LMC  281,4661968751086804352,post-AGB*
IRAS 17119-3734,5973574831814925184,AGB*
BMB  91,4050204329709050240,AGB*
CRTS J035618.1+115111,3303383630824449408,AGB*
2MASS J13261317-4723286,6083715518593904640,AGB*
IRAS 18108-1847,4095602821175926528,AGB*
2MASS J19461544+2322364,2020055992715597952,AGB*
[DHS2014] 61001413,6204565972633431424,AGB*
2MASS J15184233+0207406,4421573521618176256,AGB*
IRAS 15563-4146,5995189611193131776,AGB*
2MASS J02410593-3427318,5062203902824014592,AGB*
IRAS 17349-3144,4055044929595291776,AGB*
[GGA99] Sgr I 400,4062375133187603328,AGB*
BMB-BW 346,4661235617334127360,AGB*
WOH G 482,4657172745763527168,AGB*
IRAS 17515-2747,4063481001349101952,AGB*
BMB 298,4050193334587017984,AGB*
2MASS J15184022+0213278,4421622690403911552,AGB*
2MASS J15182347+0203489,4421478993681808000,AGB*
2MASS J00241961-7157141,4689644077207454976,AGB*
2MASS J19100719+1122224,4312477538403542912,AGB*
2MASS J18233330-1439505,4104261818856847744,AGB*
[GGA99] Sgr I 681,4062360186631254144,AGB*
DK  4,5062106699120518656,AGB*
2MASS J17234708-3737563,5974319574823714304,AGB*
[LZM2008] Sgr10,6760270384953493504,AGB*
BMB 108,4050201409129479168,AGB*
2MASS J00243106-7207311,4689627236632923776,AGB*
[KRC2012] 99484,4182444654699181312,AGB*
2MASS J13265684-4724220,6083708131250038784,AGB*
IRAS 17573-2259,4069438567598619136,AGB*
DK 63,5062214245105319296,AGB*
2MASS J16093413-3913421,5997404993991990016,AGB*
2MASS J19534103+1846056,1821608501982585728,AGB*
LINEAR 6973857,1019157363809976448,AGB*
ISOGAL-P J180302.4-295318,4050249989442593024,AGB*
[GGA99] Sgr I 291,4062346850849055104,AGB*
[KRC2012] 81082,4182473070202192384,AGB*
BMB  86,4050204394076592512,AGB*
2MASS J16232330-2634231,6045464234924233600,AGB*
2MASS J05065956-6626387,4662014174663621632,AGB*
IRAS 16046-5330,5932837273199265920,AGB*
[GGA99] Sgr I 416,4062334584311885056,AGB*
2MASS J17135679-4015249,5972103371702030080,AGB*
2MASS J18443833-0316596,4258596722667933824,AGB*
IRAS 17298-3531,5974826900711248128,AGB*
CRTS J135941.7-020225,3657943793971994112,AGB*
BMB 235,4050186737514201472,AGB*
2MASS J02381712-3425482,5062262864135216896,AGB*
ATO J255.9259-02.1593,4379758510296000768,AGB*
IRAS 17442-3737,4039829990830993152,AGB*
2MASS J05071221-6542191,4663568781022781696,AGB*
BMB 122,4050160898978923904,AGB*
[KRC2012] 115327,4182242344560006784,AGB*
[GGA99] NGC 6522  41,4050178349393563008,AGB*
2MASS J17171824+4309313,1360405636603361792,AGB*
CLS  91,1377069804767370112,AGB*
IRAS 17488-3541,4040631156844131072,AGB*
GES J09121025-6452317,5248759067203865344,AGB*
BMB 248,4050206631761750784,AGB*
CRTS J091228.5+421906,816877014191455104,AGB*
BMB-BW 313,4661234822739670656,AGB*
IRAS 14301-6034,5878441439339081984,AGB*
BMB  16,4050249134831561472,AGB*
2MASS J13270470-4723408,6083708169920968704,AGB*
BMB 265,4050205016905069824,AGB*
2MASS J17094268-4008583,5972149104516971008,AGB*
IRAS 18141-1934,4094474236904414336,AGB*
2MASS J15183870+0204126,4421572108573163776,AGB*
ASAS J110918+1437.1,3968661519373208832,AGB*
ISOGAL-P J143210.7-602421,5878652687320567168,AGB*
BMB 142,4050199862940960512,AGB*
2MASS J16212599-3731016,6021474231229217664,AGB*
ISOGAL-P J180317.4-295513,4050204222270748800,AGB*
ATO J327.4728+54.1205,2173871278540980992,AGB*
ISOGAL-P J180234.1-300031,4050225632701408384,AGB*
CRTS J141524.9-094757,6305032919904679680,AGB*
BMB-BW 128,4661232868579562624,AGB*
2MASS J05024495-6610588,4662218030980776576,AGB*
2MASS J13421089+2824080,1454784622355803264,AGB*
IRAS 18003-2046,4070889613720678144,AGB*
2MASS J17244059-3510509,5975786121474259712,AGB*
2MASS J11213533-4334162,5376950032669120768,AGB*
IRAS 19090+0852,4308909348263930112,AGB*
ISOGAL-P J180250.3-295745,4050249203489002112,AGB*
IRAS 17429-2935,4056890597300681216,AGB*
IRAS 18383-0357,4258458016722962304,AGB*
2MASS J00242846-7205019,4689639335563423744,AGB*
Cl* NGC  602    FMB       4,4686259402446609536,AGB*
BMB-BW 324,4661229707483774976,AGB*
2MASS J14293075-0600053,3641358455636889856,AGB*
ISOGAL-P J180250.1-295317,4050250676637369856,AGB*
ISOGAL-P J180245.1-295701,4050249302247191424,AGB*
BMB 102,4050196594406935040,AGB*
IRAS 18326-0837,4156471677496312832,AGB*
[CGH2008] J051119.92-615111.7,4760637515774240000,AGB*
2MASS J17533699-2811256,4063398675353341440,AGB*
2MASS J16234740-2631463,6045465437514999040,AGB*
LINEAR 12504832,1158842825694765824,AGB*
CRTS J102912.7-024515,3781318589270200448,AGB*
IRAS 16270-4831,5940783787310503424,AGB*
BMB-BW 145,4661262482330097280,AGB*
2MASS J00253428-7157352,4689641083606519168,AGB*
IRAS 05281-0930,3013816214173697920,AGB*
[DHS2014] 42007885,6204589302897095552,AGB*
CRTS J132108.8+033234,3715692107462829184,AGB*
IRAS 19000+0514,4281710660400833536,AGB*
2MASS J19101237-6000379,6632375295485575424,AGB*
[KRC2012] 85795,4182449602503857024,AGB*
2MASS J16243757-2643315,6045409426830018688,AGB*
[GGA99] Sgr I 550,4062370872579103872,AGB*
BMB 165,4050196976722170752,AGB*
2MASS J13275724-4729083,6083517576448740992,AGB*
IRAS 17214-3617,5974545219525457024,AGB*
IRAS 18022-2656,4063252749528586624,AGB*
OGLE LMC-LPV-72756,4657278200164225664,AGB*
BMB 283,4050193295876177408,AGB*
IRAS 18000-2134,4069981314035433216,AGB*
V* V5102 Sgr,4097592902860821888,AGB*
[KRC2012] 97603,4182444929581907712,AGB*
2MASS J17162578-3620297,5973946260569731584,AGB*
BMB 219,4050209548037417856,AGB*
IRAS 15573-5318,5980832227035053824,AGB*
OGLE LMC-LPV-49677,4658125270810965376,AGB*
BMB  95,4050197766946648320,AGB*
Cl* NGC  371     LE      15,4690519215433633408,AGB*
IRAS 18414-0334,4258486874591946624,AGB*
IRAS 17037-3836,5973238415605632640,AGB*
IRAS F07490+4059,920878513393227392,AGB*
IRAS 18222-1029,4154275647860159872,AGB*
BMB  12,4050201988886799104,AGB*
DIK 12,4665744645774711552,AGB*
2MASS J16084790-3850010,5997464573779458688,AGB*
2MASS J15175224+0208026,4421527513925524864,AGB*
IRAS 17596-1944,4095206928283700096,AGB*
2MASS J21332545-0047056,2686850386975312256,AGB*
WOH G 455,4657223946123390336,AGB*
NIPSS  277C36,120371891605519488,AGB*
2MASS J17320306-3732423,5962182173396019840,AGB*
MSX5C G013.2667+00.1452,4097439039946509056,AGB*
IRAS 17531-2430,4067553244452113280,AGB*
2MASS J00230915-7202417,4689641946904285568,AGB*
IRAS 17266-3540,5974924688474573824,AGB*
ISOGAL-P J180313.0-295810,4050202405562218112,AGB*
IRAS 18078-0238,4174826340495786112,AGB*
2MASS J18105174-1947374,4094320893688346624,AGB*
[LZM2008] Sgr8,6760277871071517696,AGB*
2MASS J18521679-0329288,4255717930691613824,AGB*
V* AM Psc,315683841468208000,AGB*
ISOGAL-P J180321.3-295656,4050203913032811008,AGB*
DK  1,5062105359090728192,AGB*
2MASS J02401595-3435293,5062207235718723456,AGB*
2MASS J18514402-0005063,4266253829078317184,AGB*
MSX LMC  138,4654621225943649664,AGB*
IRAS 18183-1350,4152415785266742400,AGB*
2MASS J18475357-0147150,4259232450854920960,AGB*
[WWV2004] J0037173+015736,2550453598723837568,AGB*
ISOGAL-P J180245.9-295728,4050249302247127040,AGB*
NSV  7412,5932869743173064192,AGB*
2MASS J02401403-3423316,5062218299554412672,AGB*
2MASS J18351346-0744581,4156743432971734016,AGB*
MSX6C G027.5895-00.4022,4256646227727429760,AGB*
ATO J222.1299+44.9687,1586767425466243840,AGB*
2MASS J15183158+0204078,4421572795767878400,AGB*
OGLE LMC-LPV-61070,4658049095248172032,AGB*
2MASS J02392984-3427232,5062212905075367168,AGB*
IRAS 18410-0647,4253160672817769472,AGB*
2MASS J13422197+2828408,1454879871844846336,AGB*
2MASS J15185731+0203077,4421569226650556032,AGB*
IRAS 17414-2531,4067912067510596224,AGB*
2MASS J05360587-6958026,4657244111038223872,post-AGB*
2MASS J00240673-7204260,4689639473007322496,AGB*
IRAS 17015-3526,5977223114473694080,AGB*
BMB 275,4050205910258424320,AGB*
IRAS 17194-3733,5974325007962940416,AGB*
2MASS J05042365-6542421,4662258334956566016,AGB*
BMB-BW 347,4661235720441140224,AGB*
[GGA99] Sgr I 585,4062358120855256576,AGB*
BMB 117,4050198179263472256,AGB*
2MASS J19094395+1342404,4314163983130320512,AGB*
[KRC2012] 93781,4182260555222896640,AGB*
IRAS 16556-3956,5967090805565972480,AGB*
2MASS J17171043+4311076,1360408728979784448,AGB*
ISOGAL-P J174747.2-274821,4057702105607191808,AGB*
2MASS J16255837-4009581,6017187883925263744,AGB*
OGLE LMC-LPV-29579,4661967892093190016,AGB*
IRAS 18119-2035,4093980079455649792,AGB*
BMB  98,4050197556479893888,AGB*
BD+36  1855,717513632993892096,AGB*
2MASS J02402450-3413268,5062245375028033024,AGB*
SV* HV  2669,4658035901107170304,AGB*
2MASS J18261936-1408328,4104304905972386816,AGB*
IRAS 17554-1850,4143402680463460608,AGB*
CRTS J064806.2-530034,5498652260326236288,AGB*
2MASS J02392675-3428121,5062212527119603968,AGB*
BMB-BW 193,4658260270226833920,AGB*
[KID97] C0632-6918,5279146652312822528,AGB*
BMB-BW 333,4661229771963934720,AGB*
OGLE LMC-LPV-24921,4658265802146931840,AGB*
IRAS 17110-3905,5972319425739293824,AGB*
[KRC2012] 93464,4182260555223643008,AGB*
BMB 302,4050191887123187072,AGB*
IRAS 18308-0433,4257610430697645568,AGB*
V* V919 Cen,3463822649562256256,AGB*
MSX5C G008.6623-00.1160,4070019247177939200,AGB*
2MASS J16255247-4018485,6017168474982941312,AGB*
IRAS 18020-0310,4177724412627097216,AGB*
2MASS J17234055-3651408,5974419531600423296,AGB*
2MASS J16233247-3752363,6018443324353596032,AGB*
NGC  6121   558,6045462104620177664,AGB*
ISOGAL-P J180320.5-300503,4050197728278534912,AGB*
IRAS 16026-5148,5981391603569771264,AGB*
[WWV2004] J0755264+345908,906443368828955008,AGB*
BMB  66,4050172851854473600,AGB*
2MASS J16012967-4208033,5994984281717192832,AGB*
ATO J171.4083-28.9314,3483101245925708032,AGB*
2MASS J19083669+1137292,4312686926664929024,AGB*
IRAS 17326-3853,5961817680942793088,AGB*
2MASS J19400056-3057173,6751389075477280000,AGB*
V* V1943 Sgr,6846938048974889856,AGB*
BMB  29,4050202233763826816,AGB*
ISOGAL-P J174036.3-294913,4057007935815501696,AGB*
[GGA99] NGC 6522 170,4050202538639671680,AGB*
BMB 255,4050186492644039040,AGB*
IRAS 16051-5126,5933481930602849408,AGB*
BD+07  1737,3142566139569707392,AGB*
2MASS J17191621-3718185,5973644685147434880,AGB*
2MASS J19394868-3107441,6751246761735787392,AGB*
2MASS J15180987+0210088,4421621350374120576,AGB*
IRAS 17529-2532,4067349254993874432,AGB*
IRAS 17178-3849,5972470922154635008,AGB*
2MASS J15181418+0201222,4421478379499596288,AGB*
BMB 183,4050210754982192128,AGB*
2MASS J09024587-7017194,5222387456905246592,AGB*
2MASS J05283210-6929084,4658023428517647488,AGB*
IPHAS J184029.02+035812.6,4283525816683580416,AGB*
ISOGAL-P J180255.4-300056,4050201993195219840,AGB*
2MASS J02400414-3420108,5062221082693050752,AGB*
MSX LMC  425,4651364373740330624,AGB*
BMB  51,4050251505653801088,AGB*
2MASS J17180121-3857184,5972644881184067712,AGB*
[KRC2012] 74372,4182476781054408576,AGB*
IRAS 17493-2139,4070530795051588096,AGB*
2MASS J17531703-2226027,4070232243269539456,AGB*
IRAS 15599-5223,5981361538797533824,AGB*
2MASS J12385771-2651506,3496366338319493504,AGB*
2MASS J16232638-3752081,6018442602799093248,AGB*
2MASS J05131701-6155527,4760538834606786048,AGB*
ROTSE1 J173836.84+351904.7,4602655527567527936,AGB*
IRAS 17545-2339,4069297177297696768,AGB*
BMB  61,4050202779168296576,AGB*
ISOGAL-P J180314.8-295852,4050201542210528384,AGB*
BMB-BW 199,4658257723393288448,AGB*
OGLE LMC-LPV-55565,4658060880642884736,AGB*
CRTS J151351.0-064838,6322342802043666816,AGB*
CRTS J233800.3-163534,2395368548777640960,AGB*
CRTS J181037.6+551631,2150013559832955520,AGB*
CRTS J152042.9-093148,6319311109184044288,AGB*
IRAS 17136-3731,5973622351316196736,AGB*
2MASS J16214077-4122218,5993015812311582592,AGB*
IRAS 17135-3909,5972635505312438400,AGB*
ISOGAL-P J174917.0-293502,4057196914361698304,AGB*
BMB  10,4050178521438954112,AGB*
IRAS 17194-3628,5975195615012227072,AGB*
2MASS J15182713+0205062,4421572864487325568,AGB*
[LFO93] 1835-09,4155578294278540416,AGB*
2MASS J19400281-3056537,6751389182854843904,AGB*
IRAS 18109-1650,4097541363235167104,AGB*
BMB  40,4050201855756058752,AGB*
2MASS J18445403-0329009,4258577584293281536,AGB*
2MASS J15183700+0205165,4421572933206872576,AGB*
BMB 106,4050201404771408768,AGB*
CRTS J064955.1-600412,5480020898354540160,AGB*
2MASS J13274233-4722388,6083706756860885376,AGB*
[KID97] C0549-7526,4648496331996620672,AGB*
IRAS 17593-2854,4062415368396679168,AGB*
IRAS 14150-6208,5854221916965702144,AGB*
BMB 215,4050199244416551808,AGB*
V* V653 Cas,1998443992166092544,AGB*
BMB 266,4050185431843578496,AGB*
CRTS J201433.5-393419,6692804076585367680,AGB*
2MASS J16442932-2415555,6047047462946443520,AGB*
2MASS J16233614-2632015,6045465815472218624,AGB*
2MASS J05413877-5420085,4768385293178232064,AGB*
2MASS J17132594-3854531,5973079879761361280,AGB*
RHV 0504587-652102,4663771812691299584,AGB*
V* CM Tuc,4685895773393922944,AGB*
BMB 242,4050209964707916288,AGB*
IRAS 16590-4208,5966298263846570240,AGB*
BMB 138,4050197114161327232,AGB*
[LML2014] 100167,4689639198116059776,AGB*
ISOGAL-P J180649.4-203436,4094155554636550912,AGB*
2MASS J17003586-3915372,5970230289218253184,AGB*
2MASS J15181172+0202519,4421479032334646784,AGB*
2MASS J18233443-1439473,4104261818856846976,AGB*
IRAS 17080-3559,5977003143431130624,AGB*
GES J09115599-6452238,5248758899708237952,AGB*
2MASS J13252665-4736205,6083676765135145216,AGB*
IRAS 17139-4122,5959795477226854912,AGB*
[RM90] 1-5,4687250406039601408,AGB*
[RHI84]  8-78,5974532094105311104,AGB*
IRAS 17220-3615,5974534499287791104,AGB*
ISOGAL-P J174155.3-281638,4060581520386083328,AGB*
ISOGAL-P J174206.9-281832,4060580455283712640,AGB*
2MASS J16565733-0408287,4365621711349030016,AGB*
WOH S  57,4655461360220064384,AGB*
IRAS 18385-0558,4253453830127492608,AGB*
IRAS 17490-2711,4063714922381780992,AGB*
2MASS J15182382+0201069,4421477962885464192,AGB*
IRAS 17308-3615,5974733270368818560,AGB*
RGC  53,4658667707930772992,AGB*
BMB 191,4050184675881702272,AGB*
2MASS J18301889-1020003,4155740575302469248,AGB*
IRAS 16206-3746,6018440296388803840,AGB*
2MASS J02412623-3428056,5062226442812376576,AGB*
IRAS 18100-1704,4097505938359867520,AGB*
2MASS J17170033+4311478,1360409042515360896,AGB*
[WWV2004] J1647409+565803,1430618701099548416,AGB*
NGC  6341  7122,1360405262943998208,AGB*
2MASS J18413415-0224457,4259501144041540608,AGB*
2MASS J00225048-7201578,4689641912544530816,AGB*
[GGA99] Sgr I 457,4062370116663746304,AGB*
[KRC2012] 67210,4182470149627701120,AGB*
NGC  6341 12034,1360404747547336448,AGB*
ISOGAL-P J180306.7-295618,4050202749159902464,AGB*
2MASS J01172841-7554103,4637866768971709952,AGB*
BMB  46,4050249684525259520,AGB*
ISOGAL-P J174533.9-284039,4057543462384117888,AGB*
2MASS J19400238-3058337,6751389006757819520,AGB*
2MASS J05112069-6451232,4663725152175341568,AGB*
V* V1482 Sgr,4050205287422095488,AGB*
WEL  14,5062212591536052608,AGB*
IRAS 17508-3500,4040748628430599040,AGB*
2MASS J19014132+0634096,4306649164672562304,AGB*
2MASS J08034910-6308302,5277501920355575808,AGB*
2MASS J18114736-1929156,4094709502344702976,AGB*
IRAS 18370-0519,4256572423022578944,AGB*
2MASS J16322581-1302580,4330463796252587392,AGB*
CRTS J132620.2+025733,3712563137888575616,AGB*
BMB 154,4050204703314265600,AGB*
ISOGAL-P J180320.7-300138,4050201168611145984,AGB*
IRAS 17083-3854,5973064727126800640,AGB*
2MASS J18210094-1428209,4146322910293664896,AGB*
[GGA99] Sgr I 613,4062358743520953728,AGB*
IRAS 18310-0702,4255908352311104384,AGB*
2MASS J00233044-7210104,4689625557306727424,AGB*
2MASS J19534288+1846374,1821608678122974592,AGB*
[KRC2012] 99756,4182445994734391808,AGB*
2MASS J13415599+2823357,1454785348207044224,AGB*
ATO J303.9026+06.4999,4249622478696121088,AGB*
2MASS J13273486-4717508,6083711090516371200,AGB*
OGLE LMC-LPV-68042,4658001335198210944,AGB*
2MASS J17210315-3632510,5975181287001015040,AGB*
2MASS J12035276-4037262,3458916766118414592,AGB*
NGC  5904   718,4421573311164076160,AGB*
CRTS J154032.3-070009,4396882819783877120,AGB*
BMB 129,4050198381114239872,AGB*
2MASS J13421546+2822499,1454784351774938368,AGB*
[KRC2012] 78605,4182473379444442496,AGB*
2MASS J16415160+3629363,1328059447625041408,AGB*
2MASS J05152426-6521079,4663631968566232960,AGB*
IRAS 16540-3949,5970103639220895360,AGB*
[KID97] C0624-6635,5283641043533034240,AGB*
GRRV 23,4660058070421058944,AGB*
ISOGAL-P J180248.7-295807,4050249100471903104,AGB*
BMB 186,4050199686804921984,AGB*
OGLE LMC-LPV-72897,4657129796146367232,AGB*
WOH G 159,4662248301912390400,AGB*
2MASS J17171342+4308305,1360405434742565632,AGB*
2MASS J00232649-7206166,4689637853791986688,AGB*
2MASS J17111982-3548036,5977060695997897984,AGB*
IRC -10463,4105885861921243392,AGB*
BMB 233,4050186424030053632,AGB*
OGLE LMC-LPV-67258,4658025421384401536,AGB*
CD-26 11313,6045478425497018240,AGB*
2MASS J18464441-0324049,4258394897868583552,AGB*
2MASS J16525035-4439078,5964334020692077952,AGB*
2MASS J11552743-3957434,3459149244108017408,AGB*
BMB  82,4050203986059985792,AGB*
2MASS J16411958+3621154,1328033613402105728,AGB*
2MASS J00241299-7203515,4689639507362783744,AGB*
[DHS2014] 42006214,6204589298598866944,AGB*
IRAS 18533+0306,4280783359783018624,AGB*
2MASS J16360395-2423445,6047640786899132288,AGB*
BMB 210,4050198660351234048,AGB*
2MASS J15155258-0007404,4418914730699187328,AGB*
[KRC2012] 85885,4182471901973933440,AGB*
IRAS 18328-0759,4156719930910238720,AGB*
[GGA99] Sgr I 633,4062358090747036544,AGB*
DK 30,5062209022425188096,AGB*
IRAS 04223+4813,258071631197355776,AGB*
2MASS J21295028+1209027,1745947984430758528,AGB*
2MASS J13264270-4722319,6083715076247274240,AGB*
2MASS J18433631+0102564,4278742906725316224,AGB*
BMB  67,4050201061305527424,AGB*
[RHI84]  8-177,5974660320349288704,AGB*
IRAS 16032-5215,5933337722805309952,AGB*
IRAS 17308-3218,4054637079510311296,AGB*
ISOGAL-P J143328.7-605528,5878438901043872384,AGB*
2MASS J07365145-6546516,5287270909369746176,AGB*
IRAS 18349-0605,4256097365241055104,AGB*
CRTS J142030.4-113157,6303806174165777664,AGB*
BMB 177,4050198797788521984,AGB*
IRAS 17501-2529,4067386049960388864,AGB*
[KRC2012] 94448,4182447987597720832,AGB*
BMB 157,4050184435363650176,AGB*
IPHAS J194854.17+295316.1,2031906666530366464,AGB*
BMB 118,4050196697493295744,AGB*
BMB 101,4050201404771472128,AGB*
2MASS J08491897-7041503,5222307398713735296,AGB*
[GGA99] NGC 6522 110,4050249822026505472,AGB*
2MASS J05032748-6616067,4662214217049683840,AGB*
ATO J142.5749-21.0815,5677088493408045568,AGB*
IRAS 16269-4910,5940740562745925376,AGB*
2MASS J05034614-6619145,4662213048818484224,AGB*
[RHI84]  8-275,5975065181145974784,AGB*
IRAS 11525-5057,5369079350489667328,AGB*
[KRC2012] 100453,4182258528001282432,AGB*
2MASS J05394540-6658094,4659519314063023872,AGB*
V* SV Peg,1948523243682742144,AGB*
IRAS 16524-3824,5970474243403430016,AGB*
IRAS 20073+2817,1836898967808968192,AGB*
BMB 143,4050198316702445568,AGB*
2MASS J00240310-7203482,4689639541722546688,AGB*
2MASS J05020165-6616001,4662216416072856576,AGB*
2MASS J16022989-4151109,5995084749586460928,AGB*
2MASS J00240330-7203075,4689640293333677312,AGB*
ISOGAL-P J143344.6-605615,5878438209522799232,AGB*
2MASS J20051062+3447539,2058609062291128960,AGB*
[KRC2012] 74939,4182476746694664448,AGB*
IRAS 17360-3516,4041264750488418688,AGB*
IRAS 15596-5028,5981804916865095552,AGB*
2MASS J16094303-5310286,5933225194652215040,AGB*
ISOGAL-P J180801.1-204831,4094133495680907264,AGB*
2MASS J02401789-3438142,5062195278529781120,AGB*
2MASS J15182609+0200194,4421477761024265216,AGB*
BMB 182,4050185156966375040,AGB*
MSX6C G004.8794+00.6938,4067743391239805312,AGB*
ATO J062.5992+51.1237,271700013406065536,AGB*
IRAS 17147-3803,5972752942565246336,AGB*
2MASS J00241218-7202587,4689639576082177152,AGB*
BMB 173,4050210548772183808,AGB*
2MASS J10164888-4618069,5413579541004483968,AGB*
IRAS 17364-3007,4056978107254809216,AGB*
ISOGAL-P J175127.7-263515,4066797643757790464,AGB*
IRAS 17297-3425,4053596082554171776,AGB*
[RHI84]  9-771,4055093028923779968,AGB*
2MASS J16570606-0409529,4365621402109460864,AGB*
ISOGAL-P J180255.5-295418,4050249920722931456,AGB*
BMB 100,4050196598765294080,AGB*
2MASS J16571202-0406009,4365623321953526528,AGB*
2MASS J13265327-4724098,6083703011649051136,AGB*
ISOGAL-P J180316.0-300210,4050200855015193472,AGB*
BMB 244,4050186531355697664,AGB*
[RHI84]  8-108,5975727297601934592,AGB*
SHV 0512537-721933,4651426496135962752,AGB*
IRAS 15589-5145,5981430017758883200,AGB*
2MASS J21295703+1209376,1745947945776964480,AGB*
IRAS 17067-3555,5976961048440644992,AGB*
2MASS J19105814-6001469,6632371683413181312,AGB*
ISOGAL-P J143333.4-604114,5878445940454749696,AGB*
ISOGAL-P J143148.6-602907,5878650625715198464,AGB*
IRAS 17296-3701,5962582773601005696,AGB*
OGLE LMC-LPV-71440,4657283903880406016,AGB*
IRAS 17062-4705,5950905719548447232,AGB*
WRAY 18-162,5405901891830190720,AGB*
OGLE LMC-LPV-59028,4657914194549787264,AGB*
IRAS 17121-3645,5973897950777274752,AGB*
[GMC2001] 16-29,4057482680011074432,AGB*
DK 57,5062202047398168960,AGB*
V* V1441 Sgr,4050196456968016768,AGB*
LINEAR 14929154,1216287768465237632,AGB*
BMB 264,4050205016905057024,AGB*
2MASS J19394740-3056109,6751390144927678976,AGB*
2MASS J05230756-6937108,4657983262018484480,AGB*
2MASS J13261740-4726306,6083714389052346496,AGB*
ISO-CrA 198,6719191324860751360,AGB*
ATO J247.5699-14.7622,4325687380300480128,AGB*
2MASS J13262583-4722385,6083714831399316736,AGB*
2MASS J00235542-7209050,4689625621725166592,AGB*
IRAS 17407-2840,4057551438144711808,AGB*
