Star,Gaia_DR3_ID,otype
V* V2483 Cyg,1868338197139575808,EclBin
TYC 2699-240-1,1870751762609320320,EclBin
1RXS J205055.9+362148,1870728359318705920,EclBin
TYC 2700-320-1,1871557429747600896,EclBin
TYC 2713-1134-1,1868233090700904192,EclBin
TYC 3168-541-1,1871684835657148032,EclBin
V* V1226 Cyg,1872021904691024896,EclBin
V* V1902 Cyg,1964725853193803776,EclBin
V* V1960 Cyg,1868700623660549888,EclBin
V* V1230 Cyg,1868748555494668544,EclBin
V* V2485 Cyg,1964793129563395584,EclBin
BD+36  4469,1868701448294189568,EclBin
TYC 2714-2448-1,1868568957143583104,EclBin
NSV 13550,1871850861912509184,EclBin
NSV 13555,1872059631684919296,EclBin
NSV 13591,1868867916919218304,EclBin
V* V3132 Cyg,1964743651539486208,EclBin
NSV 13654,1964857034374921984,EclBin
V* V1333 Cyg,1964964344140206464,EclBin
BD+38  4499,1964482513220939648,EclBin
V* V1936 Cyg,1964558864862294016,EclBin
V* V1961 Cyg,1965424558471162880,EclBin
V* V1239 Cyg,1964862708031624960,EclBin
V* V3131 Cyg,1964965787249340288,EclBin
V* V614 Cyg,1966242728261169280,EclBin
V* V610 Cyg,1966960095179118592,EclBin
V* V706 Cyg,1966287572019431168,EclBin
TYC 3186-1885-1,1966985620161057920,EclBin
TYC 3191-426-1,1966671954412651904,EclBin
V* V652 Cyg,1966633295406526464,EclBin
BD+40  4659,1960260770828422272,EclBin
V* V664 Cyg,1960281592830251136,EclBin
V* V661 Cyg,1960486926627706368,EclBin
V* V660 Cyg,1960285784718244352,EclBin
V* V2210 Cyg,1960511940517691648,EclBin
V* V2207 Cyg,1966710437320453120,EclBin
V* GT Cyg,1960738474274241920,EclBin
V* CS Lac,1960801112075068160,EclBin
V* V371 Lac,1986555419609657728,EclBin
V* V1917 Cyg,1961082621412403712,EclBin
V* V1096 Cyg,1959624909511228416,EclBin
TYC 3206-342-1,1959871337552694784,EclBin
TYC 3206-1210-1,1959733108325663872,EclBin
V* V460 Lac,1960077908299819904,EclBin
V* EL Lac,1961333275700338176,EclBin
V* V369 Lac,1961958313700967296,EclBin
TYC 3206-685-1,1960112508556718848,EclBin
V* BS Lac,1962022527754304768,EclBin
V* UW Lac,1958543711621565312,EclBin
V* V456 Lac,1961580730239891968,EclBin
HD 213932,1982130435062655104,EclBin
HD 212668,1983013411612557312,EclBin
V* V430 Lac,1983006574030719104,EclBin
V* V433 Lac,1982112086960868096,EclBin
HD 215325,1982313709904912896,EclBin
V* BO And,1935697096946690688,EclBin
V* VY Lac,1935787909736139648,EclBin
V* V458 Lac,1983916930997682560,EclBin
TYC 3227-1859-1,1935577078376689280,EclBin
NSV 14439,1936195381873447424,EclBin
V* TT And,1941344326105944192,EclBin
V* V462 And,1938195183065643520,EclBin
V* V662 And,1937512253204886656,EclBin
V* LO And,1938276860462797568,EclBin
V* V674 And,1938488379013579520,EclBin
V* AS And,1939967806267394560,EclBin
HD 223229,1939381285534581504,EclBin
TYC 3638-2489-1,1926616986324604416,EclBin
V* V412 And,1926269158396275968,EclBin
AG+47    5,393241059527267968,EclBin
TYC 3246-603-1,386982639340624640,EclBin
NSVS   3712255,389234576594507008,EclBin
[DCO2008] T-Cas0-02013,389913181426928768,EclBin
2MASS J00540924+4621486,378038455847184512,EclBin
[DCO2008] T-And0-00745,376925440841502976,EclBin
V* EL And,397242147979976832,EclBin
V* EP And,350288706506804864,EclBin
BD+41   357,349104807361350912,EclBin
[GGM2006]  3962973,349669062984834816,EclBin
V* V546 And,349486372256498816,EclBin
BD+40   433,345394161776147328,EclBin
V* XZ And,346092282940909568,EclBin
HD  13078,345119558747024512,EclBin
TYC 2834-106-1,345234904388508288,EclBin
V* V568 And,333201917853292672,EclBin
V* LZ And,338175936659332992,EclBin
V* MO And,338080210427896064,EclBin
V* MS And,337906659389000320,EclBin
V* MT And,337987056879876992,EclBin
V* MW And,334926398762274048,EclBin
CRTS J022330.7+400449,338084642834276480,EclBin
[KMW82]  5,338908864238114944,EclBin
ATO J038.0806+39.6777,334924027940857856,EclBin
V* LS Per,142285536304154496,EclBin
V* QS Per,138990643553098368,EclBin
TYC 3167-932-1,1872662370215471488,EclBin
V* V1228 Cyg,1872084538190962688,EclBin
V* V2050 Cyg,1872848840517588736,EclBin
V* V2480 Cyg,1872328870284303872,EclBin
BD+39  4425,1873113165675215360,EclBin
TYC 3168-1252-1,1872271493830775936,EclBin
V* V2486 Cyg,1968636850415694976,EclBin
V* V533 Cyg,1965750941628486656,EclBin
V* V1665 Cyg,1968682377069793792,EclBin
TYC 3173-705-1,1968733366924799232,EclBin
TYC 3173-2413-1,1968240957508244864,EclBin
TYC 3177-442-1,1968931175931897728,EclBin
V* V1068 Cyg,1968898087508892928,EclBin
V* V535 Cyg,1970348412062216192,EclBin
V* V1071 Cyg,1970353016266786816,EclBin
BD+41  4145,1967388698557871232,EclBin
V* V1074 Cyg,1967343996538595072,EclBin
V* V1722 Cyg,1970343429900009344,EclBin
V* V1246 Cyg,1970528560173871488,EclBin
V* V1080 Cyg,1967636123033918208,EclBin
V* V705 Cyg,1967630488036836992,EclBin
TYC 3191-1520-1,1966770257625295616,EclBin
TYC 3194-2845-1,1967867810754326016,EclBin
TYC 3194-3150-1,1967504697037593088,EclBin
V* V657 Cyg,1973129489285234432,EclBin
V* V676 Cyg,1973246552912618240,EclBin
G 212-58,1974270159574386176,EclBin
V* V3175 Cyg,1973169651518034432,EclBin
V* MU Cyg,1961307368460665472,EclBin
V* UZ Cyg,1961284519234480640,EclBin
V* V1097 Cyg,1973406153895799296,EclBin
V* V1916 Cyg,1973296580688253696,EclBin
V* FU Lac,1961024828331253888,EclBin
V* V679 Cyg,1973469204016359808,EclBin
V* V453 Lac,1961255966291358592,EclBin
V* BP Lac,1962179349899289984,EclBin
V* CN Lac,1975005973371336832,EclBin
V* V368 Lac,1962245973431744256,EclBin
NGC  7209   122,1975012231151147520,EclBin
TYC 3606-1491-1,1963336036138489984,EclBin
HD 212871,1986416365748380672,EclBin
V* GT Lac,1983217371025425920,EclBin
V* FX Lac,1986380489879603456,EclBin
V* BW Lac,1987035940552836480,EclBin
TYC 3624-784-1,1983787845763718272,EclBin
V* GH Lac,1983778740433214336,EclBin
TYC 3624-1005-1,1986883108436217728,EclBin
TYC 3624-1943-1,1987022505894798848,EclBin
ATO J338.0103+48.1171,1987015874465448192,EclBin
GSC 03624-02458,1986862939271258880,EclBin
V* BB Lac,1987392491556779520,EclBin
V* V431 Lac,1986367884157966336,EclBin
V* V450 Lac,1983779079729325312,EclBin
V* FS Lac,1985143577959765888,EclBin
GSC 03629-01760,1988415999442990720,EclBin
V* CF Lac,1985247722326876928,EclBin
GSC 03625-01173,1983815161756544768,EclBin
V* V459 Lac,1985412408551838464,EclBin
V* AA And,1936512041221649536,EclBin
V* FT Lac,1985217348318525952,EclBin
BD+47  4087,1942527533757602176,EclBin
BD+46  3956,1942462495071839232,EclBin
BD+47  4090,1942396283856117504,EclBin
V* V452 And,1942444692428828672,EclBin
NSV 14584,1942978200385467136,EclBin
V* V649 And,1941907379139040128,EclBin
NSV 14573,1941959812100063616,EclBin
V* V425 And,1943235928483662592,EclBin
V* FY And,1991194259165638016,EclBin
V* EX And,1940045150038589440,EclBin
V* GH And,1944467076570011648,EclBin
V* AD And,1943320251580798208,EclBin
NSV 14720,1939671350445591168,EclBin
BD+49  4323,393946052643402112,EclBin
TYC 3254-968-1,395472758894376704,EclBin
V* V544 Cas,392880587214012928,EclBin
V* V381 Cas,391543482293469696,EclBin
ATO J007.8287+48.1945,391019496280795008,EclBin
V* V860 Cas,391250118847182080,EclBin
V* V384 Cas,390224996052552320,EclBin
2MASS J00483048+4745599,390289244466026368,EclBin
2MASS J00495762+4741176,390278356726447360,EclBin
[DCO2008] T-Cas0-00170,402362642351003008,EclBin
[DCO2008] T-And0-01203,402524064401847296,EclBin
2MASS J00501151+4730136,390266914933593472,EclBin
[DCO2008] T-Cas0-08802,378251245707165568,EclBin
[DCO2008] T-And0-23792,402298114761659136,EclBin
ATO J013.6911+47.7280,402250354725518208,EclBin
2MASS J00551627+4753283,402256058442047360,EclBin
[DCO2008] T-And0-04046,402248804240620672,EclBin
V* V389 Cas,403158345171495296,EclBin
BD+46   254,401351465313052800,EclBin
V* CO And,401078859445256192,EclBin
NSVS   3769020,401916133252333696,EclBin
V* V372 And,352739586644325760,EclBin
V* MN And,339123337724915072,EclBin
V* MM And,339769232086837888,EclBin
Cl* NGC 1039      W    1857,340362040652947328,EclBin
V* Z Per,337051578644438912,EclBin
Cl* NGC 1039     JP      83,337163389528669952,EclBin
Cl* NGC 1039     JP     247,337153219046094464,EclBin
CRTS J023011.8+415850,338680921733787776,EclBin
Cl* NGC 1039      W     509,337036941395888896,EclBin
Cl* NGC 1039      W     519,337052953033962112,EclBin
V* V478 Per,335818167116124160,EclBin
V* V365 Per,336685239409877888,EclBin
V* V477 Per,336654590523332992,EclBin
V* V873 Per,336796358803646336,EclBin
V* V427 Per,143634911949908352,EclBin
V* V881 Per,142392498170195584,EclBin
V* V457 Per,139187181256946944,EclBin
V* QW Per,235698807250071296,EclBin
V* QV Per,142579930543279360,EclBin
HD 275115,235631079910302720,EclBin
HD 197895,2063477631053299840,EclBin
2MASS J20333124+3857372,2064019308018808704,EclBin
V* V443 Cyg,2064141044572381056,EclBin
NSVS   5749542,2063623350693494528,EclBin
TYC 3153-721-1,2063988663429398912,EclBin
TYC 3157-99-1,2064249453844589824,EclBin
TYC 3166-1456-1,2063705229954823680,EclBin
TYC 3170-311-1,2063701656541684480,EclBin
2MASS J20322700+3851255,2064199524846462848,EclBin
[NH52] 52,2064140219938660608,EclBin
V* V513 Cyg,2065313849825107712,EclBin
[D75b] Em* 20-140,2065375177655099776,EclBin
BD+42  3905,2065951562266173824,EclBin
V* V353 Cyg,2161957417216637056,EclBin
LS III +41   41,2065637449838692480,EclBin
V* V1718 Cyg,1969505945636405120,EclBin
V* V3081 Cyg,2065859787405661312,EclBin
TYC 3176-1865-1,1969449080271329408,EclBin
LS III +43   20,1970711525780913664,EclBin
V* V1066 Cyg,1971482936265901312,EclBin
V* V587 Cyg,1969962822778464896,EclBin
V* V525 Cyg,1970114658456556160,EclBin
V* V1553 Cyg,1970194343001789696,EclBin
TYC 3177-99-1,1969910222320778112,EclBin
NSV 13576,1970254541265591040,EclBin
2MASS J21134086+4435314,1971755439049392768,EclBin
V* V2617 Cyg,1969963033239942528,EclBin
V* V534 Cyg,1970841233792295296,EclBin
V* V1244 Cyg,1971294576182386304,EclBin
V* V704 Cyg,1971398102077364352,EclBin
BD+45  3540,1972076054073967616,EclBin
TYC 3194-1640-1,1970759079659442176,EclBin
V* V1079 Cyg,1972219883941449472,EclBin
V* V628 Cyg,1978250773937572608,EclBin
V* V1087 Cyg,1974253052736124672,EclBin
V* LO Cyg,1974187700511753856,EclBin
TYC 3591-1105-1,1977201290086785664,EclBin
TYC 3591-1994-1,1977205894291414016,EclBin
TYC 3591-2603-1,1977223623911856256,EclBin
TYC 3604-2668-1,1974358846364198272,EclBin
V* V710 Cyg,1977880307229669632,EclBin
V* V1095 Cyg,1976038350376015488,EclBin
V* V711 Cyg,1974827513194514688,EclBin
V* V678 Cyg,1974515973447268992,EclBin
V* V1085 Cyg,1977615393652834944,EclBin
V* V1084 Cyg,1977614225421723776,EclBin
V* V651 Cyg,1977718197981903104,EclBin
TYC 3595-308-1,1977954043228225024,EclBin
TYC 3595-1917-1,1977969642553193088,EclBin
2MASS J21533613+4717065,1974546450535397376,EclBin
IC 5146   64,1974545793398295680,EclBin
IC 5146   57,1974546828492514816,EclBin
V* V712 Cyg,1976497396487917824,EclBin
V* V681 Cyg,1976354872288909184,EclBin
V* V1101 Cyg,1976148846992491136,EclBin
V* V713 Cyg,1976097174249517696,EclBin
HIP 109464,1975526630794081536,EclBin
V* GO Lac,1975459423143560576,EclBin
V* V675 Cyg,1979363582780016128,EclBin
V* GV Cyg,1975238077708802688,EclBin
V* V1414 Cyg,1975353801309867136,EclBin
BD+47  3668,1976211592181696640,EclBin
BD+48  3667,1999933418110322560,EclBin
BD+48  3685,1999712824281950592,EclBin
V* AU Lac,1975667540080664192,EclBin
V* TZ Lac,2000728193217609344,EclBin
V* EQ Lac,1975843083983344768,EclBin
HD 210308,1976676887450087680,EclBin
V* EK Lac,1976842574416674944,EclBin
V* HX Lac,1976654661007111680,EclBin
V* V427 Lac,1999724373460562688,EclBin
V* XX Lac,1999993582015597056,EclBin
Cl* NGC 7243    JFA      36,1975930078533552256,EclBin
NGC  7243   610,1999957091971158912,EclBin
Cl* NGC 7243    JFA     445,1976698813270381952,EclBin
NGC  7243   525,1999938915668373248,EclBin
NGC  7243   308,1976727572371803904,EclBin
NGC  7243   413,1999994647166889088,EclBin
Cl* NGC 7243    JFA    1239,1999984545402715392,EclBin
Cl* NGC 7243    JFA    1599,2000016362521375232,EclBin
Cl* NGC 7243    JFA    1626,2000011036761888384,EclBin
Cl* NGC 7243    JFA    2386,2000772723439959424,EclBin
BD+48  3785,1987105278503440256,EclBin
TYC 3628-972-1,2000211388392230656,EclBin
TYC 3615-2289-1,1987680971620394624,EclBin
GSC 03628-00960,2000209528664142336,EclBin
GSC 03628-03086,1987885107128529152,EclBin
TYC 3615-561-1,1988063056213472896,EclBin
GSC 03628-03013,1987173242067310720,EclBin
GSC 03628-02208,1988193966820026496,EclBin
NSVS   6056190,1987850983605703296,EclBin
ATO J337.5262+49.9511,1988169777563320832,EclBin
GSC 03619-02474,2000277015494127872,EclBin
GSC 03615-00825,1988065839352406144,EclBin
V* AX Lac,1999763096884136960,EclBin
ATO J336.5970+48.6996,1987672626505063424,EclBin
V* KY Lac,2000110336402938752,EclBin
V* NS Lac,1988182387587161728,EclBin
Cl* NGC 7243    JFA    2034,2000019214380046464,EclBin
V* CG Lac,1988450049944330752,EclBin
BD+50  3814,1989696307715796608,EclBin
V* EZ Lac,1989601479140062976,EclBin
V* CR Lac,1989789220750165504,EclBin
TYC 3629-838-1,1988652291364465920,EclBin
GSC 03628-02841,1989468128993214336,EclBin
[R57] 2657,1989552997548745216,EclBin
[R57] 2870,1988748773511819776,EclBin
V* AI Lac,1988298832740240640,EclBin
GSC 03628-01641,1987952108617162240,EclBin
V* V736 Lac,1988671017422536064,EclBin
V* FP Lac,1989197786571275392,EclBin
V* EH Lac,1990030872788125824,EclBin
V* CU And,1985953883670270464,EclBin
V* FL Lac,1989655045970737024,EclBin
TYC 3630-1413-1,1988944658380259968,EclBin
TYC 3630-1896-1,1985934092462038784,EclBin
TYC 3630-1979-1,1988532101001945600,EclBin
TYC 3633-1992-1,1989666178528084864,EclBin
V* BL And,1992215671110689152,EclBin
V* BD And,1992026074075725952,EclBin
V* FW And,1992119017167236992,EclBin
V* BS And,1992218454249600896,EclBin
V* V422 And,1991744835312202112,EclBin
V* DK And,1943249573600986240,EclBin
V* V369 Cas,1991706665945024768,EclBin
V* V1186 Cas,1991678387879576192,EclBin
V* LO Cas,1993039750772855296,EclBin
V* V440 Cas,1944777276287999616,EclBin
V* V443 Cas,1944860873531807232,EclBin
HD 221586,1992934511195684096,EclBin
V* V411 And,1943821182207803008,EclBin
V* V848 Cas,1993257630176532864,EclBin
NSV 14700,1943777029944744320,EclBin
TYC 4000-1692-1,1993066761822605312,EclBin
TYC 4000-2219-1,1993070816278483968,EclBin
V* V872 Cas,1944667222046188288,EclBin
V* IV Cas,1945398324261707008,EclBin
V* V1001 Cas,1944202231707340544,EclBin
HD 232109,395421562891964672,EclBin
V* V1247 Cas,395492309588963456,EclBin
V* V1007 Cas,395420738256461824,EclBin
V* V1025 Cas,396132843831613440,EclBin
TYC 3653-1721-1,419269282900249856,EclBin
IRAS 00302+5143,415935357482612352,EclBin
TYC 3654-2005-1,416013251008903424,EclBin
Mis V1292,416261328321811328,EclBin
GSC 03274-00664,415326193677815680,EclBin
V* V385 Cas,414993694488657792,EclBin
HD   6843,404808540326846464,EclBin
V* QW And,403261591888721536,EclBin
BD+49   407,406504227773601536,EclBin
TYC 3273-1275-1,400377577186183552,EclBin
V* V458 And,357280672746052992,EclBin
V* CP And,353011505316763392,EclBin
TYC 3294-1421-1,353588615779807744,EclBin
Cl* NGC 1039      W    1915,340367774433262976,EclBin
V* V406 And,341818206364465536,EclBin
V* PS Per,341095101374337792,EclBin
Cl* NGC 1039      W    1966,340511123261159808,EclBin
V* MZ And,340240682056184960,EclBin
Cl* NGC 1039     JP     582,337175827754100224,EclBin
V* V479 Per,337542411802884480,EclBin
Cl* NGC 1039      W    2407,337686207308089472,EclBin
V* V476 Per,340273388230820224,EclBin
Cl* NGC 1039      W    2165,340666674093296384,EclBin
V* V450 Per,336267798651379456,EclBin
V* QU Per,239831901521614976,EclBin
V* V451 Per,144010601329367040,EclBin
TYC 2851-519-1,239844790721011328,EclBin
NSV  1093,236250143613271424,EclBin
NSV  1110,236316041293096832,EclBin
V* QX Per,235836589800773120,EclBin
V* V434 Per,236209496042051456,EclBin
[NH52] 10,2061487411925673984,EclBin
BD+38  4058,2061239948782076288,EclBin
V* V455 Cyg,2067261561651899264,EclBin
HD 229179,2061233871414590208,EclBin
V* V1320 Cyg,2061435219482217216,EclBin
BD+40  4189,2067620831375307904,EclBin
V* V2478 Cyg,2066473387909586816,EclBin
RLP  678,2067785375864885888,EclBin
2MASS J20334212+4122227,2067878151454338944,EclBin
ATO J307.7338+41.4815,2067846093819157376,EclBin
V* V2189 Cyg,2067784177570449536,EclBin
2MASS J20330833+4115432,2067783696534117248,EclBin
2MASS J20332724+4120088,2067784310712591616,EclBin
ATO J307.8657+41.4880,2067842657845295744,EclBin
GSC 03161-01302,2067941682610216960,EclBin
GSC 03161-00838,2067961503882698880,EclBin
GSC 03157-00287,2067769024925422848,EclBin
RLP  961,2067821664044745984,EclBin
TYC 3161-870-1,2068062869407813376,EclBin
V* V2134 Cyg,2066915146768900224,EclBin
NSV 25375,2066732082382473984,EclBin
2MASS J20524255+4324505,2066785717929455104,EclBin
BSD  40-2113,2163318062862109056,EclBin
BD+44  3664,2163425226576923904,EclBin
LS III +45   51,2162727041011271040,EclBin
V* V355 Cyg,2163571740817358080,EclBin
V* VV Cyg,2162795210735729792,EclBin
V* V3102 Cyg,2162786204166888192,EclBin
Cl* NGC 6996    VBC     309,2163067576057226880,EclBin
Cl* NGC 6996    VBC     434,2163020610607779712,EclBin
Cl* NGC 6996    VBC     695,2163018957033469184,EclBin
Cl* NGC 6996    VBC     968,2163017518231283712,EclBin
Cl* NGC 6996    VBC    1523,2163015830292843392,EclBin
BD+45  3397,2163595857033790336,EclBin
LS III +45   65,2164140974286654592,EclBin
V* V586 Cyg,2164017043024716544,EclBin
V* V526 Cyg,2164081089579111296,EclBin
TYC 3588-9320-1,2164269410989629696,EclBin
V* V458 Cyg,2162758132255125760,EclBin
V* V358 Cyg,2162759098649174528,EclBin
TYC 3588-6563-1,2162852862051225856,EclBin
TYC 3589-2164-1,2164153485542546048,EclBin
LS III +48   30,2165026978804718976,EclBin
V* V1247 Cyg,1978548329274548224,EclBin
V* V608 Cyg,1978589870199636096,EclBin
Cl* NGC 7092   PLAT     302,1978562103212292608,EclBin
Cl* NGC 7092   PLAT     712,1978570147710300416,EclBin
Cl* NGC 7092   PLAT     817,1978570216429734272,EclBin
Cl* NGC 7092   PLAT     921,1978496274269463424,EclBin
Cl* NGC 7092   PLAT    1009,1978614299974726912,EclBin
Cl* NGC 7092   PLAT    1303,1978545129507340032,EclBin
BD+47  3426,1978518264502578048,EclBin
Cl* NGC 7092   PLAT    1774,1978504795485230464,EclBin
Cl* NGC 7092   PLAT    1797,1978503657305786368,EclBin
Cl* NGC 7092   PLAT    3073,1978549905511794816,EclBin
Cl* NGC 7092   PLAT    3315,1978650652573962624,EclBin
Cl* NGC 7092   PLAT    3417,1978336535847108736,EclBin
Cl* NGC 7092   PLAT    3551,1978532248917460864,EclBin
Cl* NGC 7092   PLAT    3609,1978343717032403712,EclBin
Cl* NGC 7092   PLAT    4329,1978440748919617920,EclBin
Cl* NGC 7092   PLAT    4847,1978436900639475200,EclBin
Cl* NGC 7092   PLAT    5176,1978274791394748544,EclBin
Cl* NGC 7092   PLAT    5671,1978370826860002176,EclBin
Cl* NGC 7092   PLAT    5933,1978364985704556032,EclBin
Cl* NGC 7092   PLAT    6928,1978361790249579776,EclBin
V* V1076 Cyg,1978516237278085248,EclBin
V* V2169 Cyg,1978788641279410944,EclBin
V* V635 Cyg,1978787816645524992,EclBin
V* V536 Cyg,2171303712731640960,EclBin
V* DL Cyg,1978781528814224000,EclBin
Cl* NGC 7092   PLAT    3491,1978732153877040128,EclBin
Cl* NGC 7092   PLAT    4141,1978715042727447424,EclBin
Cl* NGC 7092   PLAT    4388,1978710335443359232,EclBin
Cl* NGC 7092   PLAT    4507,1978740365855225856,EclBin
Cl* NGC 7092   PLAT    4612,1978661785130095360,EclBin
Cl* NGC 7092   PLAT    5027,1978657799400480512,EclBin
Cl* NGC 7092   PLAT    5078,1978685665149019520,EclBin
Cl* NGC 7092   PLAT    5145,1978736139607524352,EclBin
Cl* NGC 7092   PLAT    5381,1978686249264558208,EclBin
Cl* NGC 7092   PLAT    6312,1978691746823261440,EclBin
Cl* NGC 7092   PLAT    6461,1978666320616500480,EclBin
Cl* NGC 7092   PLAT    7404,1979051252770246400,EclBin
BD+48  3438,1978861621368966400,EclBin
Cl* NGC 7092   PLAT    7464,1978462155048701696,EclBin
Cl* NGC 7092   PLAT    7745,1978841005523092736,EclBin
Cl* NGC 7092   PLAT    7783,1978839592463283840,EclBin
Cl* NGC 7092   PLAT    7795,1978411921108951040,EclBin
Cl* NGC 7092   PLAT    7915,1978842379912962432,EclBin
V* V618 Cyg,1978725728605774720,EclBin
V* V1813 Cyg,1978448239353288576,EclBin
Cl* NGC 7092   PLAT    1567,1978628284388911616,EclBin
Cl* NGC 7092   PLAT    1795,1978721914674174848,EclBin
Cl* NGC 7092   PLAT    2119,2170879674895119104,EclBin
Cl* NGC 7092   PLAT    2230,1978716691994009600,EclBin
Cl* NGC 7092   PLAT    2295,1978724044978219264,EclBin
Cl* NGC 7092   PLAT    2909,1978729886134032128,EclBin
Cl* NGC 7092   PLAT    3118,1978705422000186240,EclBin
Cl* NGC 7092   PLAT    3502,1978701058313482752,EclBin
Cl* NGC 7092   PLAT    3819,1978707586663753088,EclBin
Cl* NGC 7092   PLAT    3973,1978648625349546752,EclBin
Cl* NGC 7092   PLAT    4568,1978661441532446208,EclBin
NGC  7092   102,1978631170582057856,EclBin
Cl* NGC 7092   PLAT    4892,1978643329635990016,EclBin
Cl* NGC 7092   PLAT    5707,1978452156363599488,EclBin
Cl* NGC 7092   PLAT    6220,1978446791935691776,EclBin
Cl* NGC 7092   PLAT    6222,1978427795309042560,EclBin
Cl* NGC 7092   PLAT    6601,1978430200490941824,EclBin
Cl* NGC 7092   PLAT    7254,1978363198998950400,EclBin
Cl* NGC 7092   PLAT    7348,1978387560053841024,EclBin
Cl* NGC 7092   PLAT    7462,1978401956784357120,EclBin
TYC 3599-2797-1,1978832449947424640,EclBin
V* V3165 Cyg,1978175354307266816,EclBin
BD+49  3669,1979771535940966272,EclBin
BD+49  3672,1979577437795343104,EclBin
V* V1401 Cyg,1979814348192641280,EclBin
V* V1433 Cyg,1979591697087558400,EclBin
V* V1430 Cyg,1979792976435290496,EclBin
V* V2841 Cyg,1979816925177358848,EclBin
TYC 3612-2017-1,1979494493384191744,EclBin
TYC 3612-2055-1,1979624957311892864,EclBin
TYC 3616-969-1,1980605034487160064,EclBin
TYC 3616-1097-1,1980618915826058240,EclBin
V* V2647 Cyg,1980466599104933888,EclBin
V* V1417 Cyg,1980003807790476928,EclBin
V* HR Lac,1980039370115930624,EclBin
V* HZ Lac,1980093005668563584,EclBin
V* HN Lac,1980441275979954816,EclBin
V* V1431 Cyg,1981035939968935424,EclBin
V* PR Lac,1976907273806226816,EclBin
V* PT Lac,1980156193230282240,EclBin
V* HW Lac,1980362282939368704,EclBin
V* IM Lac,2004388707949362688,EclBin
V* V1416 Cyg,1980394855972326400,EclBin
V* V1418 Cyg,1980335379262621184,EclBin
V* IP Lac,1980105753132084480,EclBin
ATO J331.8292+51.6766,1980156777345862912,EclBin
Cl* NGC 7243    JFA    1804,1976796085692151040,EclBin
V* V455 Lac,1976795432857130368,EclBin
Cl* NGC 7243    JFA    2284,2000815157717950592,EclBin
Cl* NGC 7243    JFA    2484,2000785951939460992,EclBin
V* EU Lac,2001323643178036352,EclBin
V* ER Lac,2000994343755080448,EclBin
V* AE Lac,2000529009815739008,EclBin
V* AC Lac,2000528253901281152,EclBin
V* ZZ Lac,2001309078955211776,EclBin
TYC 3619-2099-1,2001311067510213376,EclBin
TYC 3619-1819-1,2001319764834353024,EclBin
GSC 03969-00318,2004449211137406208,EclBin
TYC 3618-823-1,2001249529221955072,EclBin
TYC 3982-2627-1,2004369947535022208,EclBin
ATO J334.4816+52.2541,2001257298834243328,EclBin
TYC 3982-3718-1,2001683874987027328,EclBin
V* KR Lac,2000861268488130048,EclBin
V* LW Lac,2000910987027771520,EclBin
V* V339 Lac,2004530132631950592,EclBin
V* V342 Lac,2001145045569628800,EclBin
V* V344 Lac,2001201704775335680,EclBin
V* IR Lac,2004442412221600768,EclBin
V* IU Lac,2004423720523856000,EclBin
V* IZ Lac,2001143155783790720,EclBin
V* LV Lac,2001669134658133760,EclBin
V* MO Lac,2001623126966760192,EclBin
V* MU Lac,2001299217715515648,EclBin
TYC 3618-307-1,2004260301297510528,EclBin
TYC 3618-704-1,2001157140179023360,EclBin
V* V441 Lac,2004420525068202496,EclBin
V* LU Lac,2000927376623111424,EclBin
2MASS J22224796+5258492,2001678961543981568,EclBin
V* VV Lac,2001444318885732864,EclBin
V* EX Lac,2001968579773039360,EclBin
V* ES Lac,2003278510441360128,EclBin
V* AK Lac,2002164086682203904,EclBin
TYC 3983-1882-1,2001771114358718464,EclBin
TYC 3983-484-1,2003285824753391872,EclBin
TYC 3983-1034-1,2003076956213629824,EclBin
V* AG Lac,2001357354389373696,EclBin
V* GS Lac,2001734693034667648,EclBin
V* V335 Lac,2000689675953510144,EclBin
V* NO Lac,2001836015593328384,EclBin
V* OS Lac,2002145081439935360,EclBin
V* MV Lac,2004809472993476608,EclBin
V* EY Lac,2003175877899006592,EclBin
LS III +53   84,2002461264059642624,EclBin
V* HI Lac,1990550976149027328,EclBin
V* GZ Lac,1990550873069785472,EclBin
V* GW Lac,2002122958078615552,EclBin
V* FR Lac,2002724940691173888,EclBin
V* EE Lac,1989953151062238848,EclBin
V* DY Lac,2002715938439518336,EclBin
[HH95] DK Lac-38,2002429275142236672,EclBin
[HH95] DK Lac-77,2002427247917675264,EclBin
BD+52  3283,2002117151282819840,EclBin
V* FK Lac,1989995379181992576,EclBin
1RXS J224917.6+522634,1990333238486114176,EclBin
V* PP Lac,2002302453348903296,EclBin
V* HH Lac,2002878696213630720,EclBin
HD 236031,1996532422482551552,EclBin
HD 236067,1995545679513855744,EclBin
V* IR Cas,1996353476965736448,EclBin
V* V345 Cas,1996433535155192960,EclBin
V* KY Cas,1996236756932621696,EclBin
V* V350 Cas,1995603399576132992,EclBin
V* V702 Cas,2008625332401428864,EclBin
TYC 3989-77-1,2008891654723375616,EclBin
TYC 4002-2212-1,1996664295156354944,EclBin
TYC 4002-2549-1,1996675393354631040,EclBin
Mis V1332,1996223700231875456,EclBin
V* V429 Cas,1996790464114443008,EclBin
V* V431 Cas,1996045579348277376,EclBin
TYC 3998-464-1,1995585914768062464,EclBin
ATO J352.2258+53.8043,1992816584271338752,EclBin
V* V630 And,1995663911370979712,EclBin
V* V360 Cas,1997689624109641472,EclBin
V* V361 Cas,1997600598028502400,EclBin
V* V371 Cas,1994054673026743424,EclBin
V* V357 Cas,1997434640491881472,EclBin
V* V520 Cas,1997543904458800768,EclBin
V* V847 Cas,1994035843889417728,EclBin
V* V851 Cas,1994114248510427008,EclBin
NSV 14688,1993331744130746112,EclBin
TYC 4000-360-1,1994035431572565760,EclBin
V* V374 Cas,1994796190543810688,EclBin
V* QU Cas,1994774887505465984,EclBin
V* QS Cas,1994865872091181056,EclBin
V* ES Cas,1994776708571589504,EclBin
V* EK Cas,1994828316895998592,EclBin
NSV 14741,1994958093630130176,EclBin
HD 232102,420818529143481088,EclBin
V* MT Cas,420534953923164160,EclBin
TYC 3652-385-1,420082371749630592,EclBin
TYC 3656-1315-1,420341959573625728,EclBin
V* V959 Cas,420581309511214976,EclBin
V* V744 Cas,419303161603009280,EclBin
V* NT Cas,418256289096464128,EclBin
V* MX Cas,419853707688277120,EclBin
V* MW Cas,419910573056830208,EclBin
V* V961 Cas,421203564373024256,EclBin
V* NV Cas,418612840098756224,EclBin
V* FV Cas,418183240293381504,EclBin
TYC 3654-204-1,418002748586069760,EclBin
TYC 3655-920-1,417762299132178688,EclBin
NSVS   1593057,417884963403565568,EclBin
V* V962 Cas,418161318777165696,EclBin
V* MM Cas,417373896649381376,EclBin
V* KR Cas,417386815913878016,EclBin
TYC 3672-400-1,417427051164420992,EclBin
V* V462 Cas,411136848221599872,EclBin
GSC 03673-00119,411414646707978496,EclBin
V* HR Cas,411380046450941184,EclBin
V* KT Cas,411263910534740224,EclBin
V* V537 Cas,405237109342036992,EclBin
TYC 3669-365-1,410993769972733824,EclBin
V* V1070 Cas,410167353841732352,EclBin
V* V1068 Cas,410196147302443520,EclBin
V* OY Per,407483377239384960,EclBin
V* V1055 Per,407462967556201472,EclBin
V* V751 Per,407509451983342592,EclBin
V* V1014 Cas,407371257114273920,EclBin
HD 232486,407170600540598144,EclBin
BD+50   333,406221103529965440,EclBin
TYC 3290-809-1,406400908041167360,EclBin
TYC 3671-736-1,407950802821757312,EclBin
V* V725 Per,358080322641057024,EclBin
HD  12606,358359087495433344,EclBin
TYC 3288-2147-1,358411314297148416,EclBin
TYC 3289-580-1,358880629665826304,EclBin
TYC 3289-2108-1,355218469969587072,EclBin
V* LM And,355079549251609344,EclBin
BD+46   591,342152698418521600,EclBin
TYC 3300-231-1,438193802154569216,EclBin
TYC 3296-2432-1,341919533233804928,EclBin
TYC 3300-561-1,438125765574316544,EclBin
TYC 3301-1937-1,437701083507504384,EclBin
V* IU Per,432798636035495808,EclBin
TYC 2859-2244-1,432624088564152064,EclBin
NSVS   4016990,433869113683515520,EclBin
V* V432 Per,240483160299931520,EclBin
V* V887 Per,240777069205932928,EclBin
TYC 2860-1631-1,240860498947809024,EclBin
ATO J049.7999+41.5648,239425601913840256,EclBin
V* V511 Per,236084529673464704,EclBin
HD 275535,236707368654000640,EclBin
HD 275547,236502069215532288,EclBin
HD 227974,2074498414069154176,EclBin
HD 228050,2074483982978696960,EclBin
V* V694 Cyg,2074474774568729344,EclBin
V* V1315 Cyg,2074639048451799936,EclBin
V* V1314 Cyg,2062505937657029760,EclBin
V* V1312 Cyg,2074520404303371904,EclBin
V* V1311 Cyg,2074504358303356288,EclBin
V* V1187 Cyg,2068658770354456320,EclBin
V* V1036 Cyg,2074541874818100864,EclBin
HD 228903,2068355163403333504,EclBin
HD 228928,2068301875748892800,EclBin
HD 193945,2068345478256426368,EclBin
V* V1321 Cyg,2068446942563929728,EclBin
V* V2311 Cyg,2074642999834894592,EclBin
NSV 25071,2062218896403414784,EclBin
V* V1374 Cyg,2068688319729486592,EclBin
TYC 3155-2012-1,2062512431640934272,EclBin
Mis V1105,2080664612696881152,EclBin
V* V502 Cyg,2068901281387728384,EclBin
V* UW Cyg,2069175609539524864,EclBin
V* V1771 Cyg,2080812428293835904,EclBin
V* V1826 Cyg,2068551705405247104,EclBin
LS III +42    8,2068696493045849728,EclBin
V* V1753 Cyg,2068260437905393024,EclBin
ATO J306.2869+42.7907,2068952271239193344,EclBin
BD+44  3544,2070106616706893696,EclBin
V* V2553 Cyg,2070338652327214848,EclBin
BD+44  3531,2070357687623170432,EclBin
LS III +46   23,2166576053252603776,EclBin
BSD  40-1624,2166362129522822400,EclBin
V* V519 Cyg,2166427546152736256,EclBin
V* V1204 Cyg,2166624672283850240,EclBin
V* V779 Cyg,2166244584854629760,EclBin
V* V511 Cyg,2070433072889920768,EclBin
TYC 3575-4681-1,2166447925797153152,EclBin
V* V2560 Cyg,2166433735228865024,EclBin
V* V1220 Cyg,2163971069690486016,EclBin
V* V518 Cyg,2167191779765224704,EclBin
V* V409 Cyg,2166006123961498880,EclBin
V* V1064 Cyg,2165367140222456704,EclBin
TYC 3601-541-1,2166226030592394496,EclBin
HD 235542B,2171411293075773952,EclBin
V* V616 Cyg,2170996051327792384,EclBin
IRAS 21289+5004,2171011242644357120,EclBin
TYC 3597-1326-1,2171917480740347136,EclBin
TYC 3599-742-1,2171360509380904832,EclBin
TYC 3602-78-1,2172081136170403456,EclBin
TYC 3603-1100-1,2171407032468265984,EclBin
TYC 3967-959-1,2173415771492887936,EclBin
NSVS   5987982,1980919426092564608,EclBin
Mis V1329,2173417661274385792,EclBin
LS III +52   12,1981344559143664000,EclBin
LS III +52   18,1981250649660073600,EclBin
V* V680 Cyg,2173618081634786304,EclBin
V* DP Cyg,1981479043153671296,EclBin
V* V1481 Cyg,2173519159944467840,EclBin
V* V2355 Cyg,2173516514244640768,EclBin
V* V1429 Cyg,1981438120710195840,EclBin
V* V1432 Cyg,2173706317438074496,EclBin
V* HM Lac,1981205539637154560,EclBin
TYC 3969-3617-1,1981557486432529536,EclBin
V* V2349 Cyg,2173520328175541760,EclBin
V* V2261 Cyg,2173519228663938688,EclBin
V* V2263 Cyg,2173516582964105984,EclBin
V* V2350 Cyg,2173519194304203392,EclBin
V* V2352 Cyg,2173519159944477184,EclBin
HD 209218,2197837127336168448,EclBin
V* AW Lac,2005033949480207616,EclBin
BD+53  2795,2005659502879714816,EclBin
V* CY Lac,2005436130218854912,EclBin
V* KL Cep,2005400533535086720,EclBin
V* V340 Lac,2005410532213163520,EclBin
GSC 03986-02719,2005881191908663808,EclBin
TYC 3986-2513-1,2005862019174781824,EclBin
TYC 3986-2602-1,2005871738667235328,EclBin
TYC 3986-2944-1,2005049858037089408,EclBin
GSC 03986-02667,2005051301146079872,EclBin
GSC 03973-00761,2006090339629812352,EclBin
V* KP Lac,2005792028384566016,EclBin
V* KP Cep,2005481553795602432,EclBin
V* IX Cep,2005269004447867136,EclBin
V* MN Cep,2005570030113938688,EclBin
V* MQ Cep,2005669535918181888,EclBin
V* MS Cep,2005399227858742400,EclBin
V* IW Cep,2197919899945208960,EclBin
TYC 3973-1409-1,2005778967369373696,EclBin
TYC 3973-2396-1,2005783507174691200,EclBin
V* KL Lac,2005886380229087616,EclBin
V* V1412 Cyg,2197843758765756800,EclBin
V* V435 Lac,2004664685371806080,EclBin
V* V727 Cep,2005502513236443648,EclBin
LS III +56   56,2007566227834657280,EclBin
V* V743 Cep,2006119407972993792,EclBin
LS III +55   37,2006219669688859776,EclBin
LS III +54   59,2004890257050018816,EclBin
LS III +54   63,2006437338628503680,EclBin
V* EO Lac,2005147886369214592,EclBin
2MASS J22265237+5618308,2007501150487817344,EclBin
GSC 03982-01101,2004881289158125568,EclBin
V* EP Lac,2004865758555396864,EclBin
TYC 3987-718-1,2006357447927424768,EclBin
GSC 03987-01618,2006366076529300352,EclBin
GSC 03987-01772,2003372175087395584,EclBin
V* KV Cep,2006021242200344576,EclBin
BD+55  2739,2005988325569961472,EclBin
GSC 03982-02314,2004824114551285632,EclBin
V* DN Cep,2006159196548316544,EclBin
LS III +53   71,2004991893156658560,EclBin
V* EM Lac,2004876440123986432,EclBin
ATO J335.6743+54.2622,2004804112879746560,EclBin
V* KS Lac,2005918437866305280,EclBin
V* NW Lac,2006478054919195520,EclBin
V* V345 Lac,2005071229786849664,EclBin
V* QU Lac,2006001073033161216,EclBin
V* KU Lac,2005896825590831360,EclBin
V* LY Lac,2005178191659726592,EclBin
V* LZ Lac,2005940973537238656,EclBin
V* MW Lac,2006728022015260032,EclBin
Cl* Berkeley   94     YI      20,2005989356361884032,EclBin
Cl* Berkeley   94     YI      31,2005989459441090560,EclBin
LS III +56   77,2006882846997961344,EclBin
V* OT Lac,2006882125443591040,EclBin
V* AO Cep,2006902672566755456,EclBin
V* GX Lac,2006984242583922048,EclBin
V* FI Lac,2003835516155826816,EclBin
V* V336 Lac,2003496832216380544,EclBin
V* V349 Lac,2003243081242593408,EclBin
V* OO Lac,2006794813037670528,EclBin
V* OP Lac,2006471870166696576,EclBin
TYC 3992-1202-1,2007280870209648896,EclBin
TYC 3992-1676-1,2006982765114738048,EclBin
TYC 3992-2109-1,2007264102653080064,EclBin
V* OY Lac,2006936173308704896,EclBin
Hilt 1140,2007525545903203200,EclBin
V* V474 Lac,2006955724000477184,EclBin
LS III +57   99,2013114500939351424,EclBin
BD+56  2930,2010065383399085056,EclBin
BD+55  2840,2003813319766437120,EclBin
V* V341 Cas,2009760028402464768,EclBin
NSV 14357,2004029030203689216,EclBin
TYC 3989-1247-1,2008972984236369152,EclBin
TYC 3989-1542-1,2008736554876642816,EclBin
V* V1012 Cep,2007087287423234048,EclBin
TYC 3993-819-1,2013129138187806336,EclBin
TYC 3993-1053-1,2010099536981951488,EclBin
BD+57  2700,2010387780817793792,EclBin
HD 218892,2010384791520667776,EclBin
V* V427 Cas,2009999687575616000,EclBin
V* V359 Cas,1997760229071271040,EclBin
V* PX Cas,1998539782816218624,EclBin
V* V355 Cas,1997257756557057024,EclBin
V* EN Cas,1994945243088535936,EclBin
V* V444 Cas,1998063354983017088,EclBin
V* EP Cas,1998144993722751872,EclBin
V* EI Cas,1999119023586755456,EclBin
V* EG Cas,1998264222005957248,EclBin
V* V877 Cas,1995010835829516928,EclBin
V* V738 Cas,1995014271803244032,EclBin
V* V730 Cas,1995060142056094336,EclBin
V* V734 Cas,1995013790766920832,EclBin
V* V737 Cas,1995015130796659200,EclBin
V* V733 Cas,1995014821559022976,EclBin
TYC 4009-1354-1,1995025198200945920,EclBin
TYC 4009-1428-1,1998225872245119616,EclBin
V* V1241 Cas,1995000321749800832,EclBin
NSV 14695,1999060474590811264,EclBin
V* V1238 Cas,1995017261100909312,EclBin
V* V1205 Cas,1995011209485516672,EclBin
V* V1221 Cas,1994997293786807936,EclBin
V* V1229 Cas,1995003688996149248,EclBin
V* V875 Cas,1995060313854773888,EclBin
V* V1223 Cas,1994997328146507264,EclBin
V* V1204 Cas,1995011484363534080,EclBin
Cl* NGC 7789    JKR      26,1995020177378196736,EclBin
V* V1243 Cas,1995005132113055488,EclBin
V* V1228 Cas,1994998191446056192,EclBin
V* V1207 Cas,1995060343907300736,EclBin
V* V1244 Cas,1995005441350922240,EclBin
V* V876 Cas,1995064540102493824,EclBin
Cl* NGC 7789    JKR      32,1995004032601422336,EclBin
Cl* NGC 7789    JKR      33,1995064604519915904,EclBin
Cl* NGC 7789    JKR      34,1995005303911733760,EclBin
Cl* NGC 7789    JKR      35,1995061546498501504,EclBin
Cl* NGC 7789    JKR      36,1995011110707126272,EclBin
Cl* NGC 7789    JKR      38,1994811167088267776,EclBin
Cl* NGC 7789    JKR      41,1995004479278062080,EclBin
Cl* NGC 7789    ZDX V13,1995038048743445120,EclBin
Cl* NGC 7789    ZDX V27,1995045053828122496,EclBin
Cl* NGC 7789    XZD       3,1994990048187593472,EclBin
Cl* NGC 7789    XZD       4,1994993106204764544,EclBin
Cl* NGC 7789    ZDX V29,1994990769742093056,EclBin
Cl* NGC 7789    ZDX V17,1995073709846987392,EclBin
Cl* NGC 7789    ZDX V18,1995076016255321600,EclBin
Cl* NGC 7789    ZDX V33,1998078541987153920,EclBin
Cl* NGC 7789    ZDX V21,1995087458048160384,EclBin
Cl* NGC 7789    ZDX V23,1998090464817252352,EclBin
Cl* NGC 7789    ZDX V24,1998123553246211968,EclBin
Cl* NGC 7789    XZD       5,1995079692746982144,EclBin
Cl* NGC 7789    XZD       8,1998077786073311872,EclBin
Cl* NGC 7789    XZD       9,1998075277812015488,EclBin
Cl* NGC 7789    XZD      11,1998079091743365632,EclBin
Cl* NGC 7789    ZDX V28,1995017364179734912,EclBin
Cl* NGC 7789    ZDX V31,1995073233116240128,EclBin
Cl* NGC 7789    XZD      23,1994984030931969536,EclBin
Cl* NGC 7789    XZD      26,1994810101936326656,EclBin
Cl* NGC 7789     EB       1,1994809655259699456,EclBin
Cl* NGC 7789     EB       4,1995008735579737728,EclBin
Cl* NGC 7789     EB       6,1995036193317590272,EclBin
Cl* NGC 7789     EB      12,1994996817056439296,EclBin
Cl* NGC 7789     EB      14,1995063234427562880,EclBin
Cl* NGC 7789     EB      21,1995010934608572928,EclBin
Cl* NGC 7789    XZD       1,1994999119158971392,EclBin
V* GU Cas,421498680166715904,EclBin
V* MR Cas,422856095989511040,EclBin
V* EY Cas,422610183342680192,EclBin
V* V337 Cas,422834994805772928,EclBin
V* V1024 Cas,421041386407277952,EclBin
V* V411 Cas,421656528801289216,EclBin
HD   3163B,425020278473130112,EclBin
V* FS Cas,421789466631100544,EclBin
V* NU Cas,418823052979979392,EclBin
V* NN Cas,421993322958091136,EclBin
TYC 3661-1111-1,421552556233842176,EclBin
ZTF J002901.31+563654.9,421704426277181824,EclBin
NSV   192,418655205656764800,EclBin
V* KQ Cas,425332333612667776,EclBin
V* V517 Cas,418621292594627840,EclBin
V* V1049 Cas,425108170681770624,EclBin
LS   I +57    8,413552784509872896,EclBin
V* V386 Cas,423539682985511808,EclBin
V* HN Cas,423529409423930752,EclBin
V* V1009 Cas,423734227825838976,EclBin
V* V464 Cas,413270278743121536,EclBin
V* V419 Cas,413353738546278272,EclBin
V* HY Cas,413423042140214912,EclBin
TYC 3673-1606-1,411669218012014592,EclBin
TYC 3674-807-1,412504022216997120,EclBin
V* V473 Cas,412691488946768768,EclBin
V* V471 Cas,409219849696621056,EclBin
HD 232483,409175456915330176,EclBin
V* V478 Cas,409481494805883776,EclBin
V* MN Cas,409338803113824640,EclBin
TYC 3674-30-1,412211964434385536,EclBin
TYC 3675-2109-1,409178686730813440,EclBin
V* V1322 Cas,412659843627171456,EclBin
V* V1115 Cas,409220055855046784,EclBin
V* V1139 Cas,409622133516650112,EclBin
V* V1138 Cas,412787455695852416,EclBin
V* BY Per,408409647067519104,EclBin
HD 232546,408462423626104832,EclBin
TYC 3671-95-1,408891989074143104,EclBin
TYC 3688-298-1,408397208842273408,EclBin
TYC 3688-389-1,409453495921354368,EclBin
V* V723 Per,408172972891323520,EclBin
V* KW Per,360217807604762112,EclBin
V* CH Per,456278569410582784,EclBin
V* V471 Per,360112911622101120,EclBin
TYC 3685-1278-1,456056399341613440,EclBin
TYC 3685-1684-1,360195821671679488,EclBin
TYC 3685-1752-1,456069937078725760,EclBin
TYC 3689-889-1,456432874694932992,EclBin
V* DH Per,455074294940596608,EclBin
V* DG Per,455332985113567488,EclBin
V* V552 Per,451850458127289088,EclBin
V* DD Per,455308353479254272,EclBin
TYC 3306-427-1,454871572483640192,EclBin
TYC 3306-642-1,451900829504535936,EclBin
TYC 3306-1861-1,454902977284674176,EclBin
V* KL Per,438453733575915520,EclBin
BD+48   772,438719334354812288,EclBin
TYC 3304-2133-1,438508949675031680,EclBin
NSVS   4070922,439428347555914624,EclBin
V* V994 Per,439438689836859776,EclBin
V* V884 Per,436166268356606720,EclBin
V* BE Per,434714633830147712,EclBin
V* QT Per,435757799784280576,EclBin
TYC 3310-1596-1,434961650286216192,EclBin
TYC 3311-1579-1,242996811383313920,EclBin
TYC 3311-2327-1,242942802174782976,EclBin
2MASS J03144954+4716030,435064866946378112,EclBin
TYC 2860-2103-1,242298728878967680,EclBin
AG+42  390,238183286914972672,EclBin
[HH95] GK Per-6,238540804293090688,EclBin
2MASS J03304693+4351577,241541131007772288,EclBin
TYC 2873-75-1,238484488683493504,EclBin
V* V418 Cyg,2075913863477166592,EclBin
V* KN Cyg,2075724094646228864,EclBin
HD 226583,2075322218839831808,EclBin
HD 226794,2075158464639109120,EclBin
TYC 3158-623-1,2075297277979561728,EclBin
HD 191565,2081840673522184960,EclBin
TYC 3163-1411-1,2080978626348446976,EclBin
V* ZZ Cyg,2083160912108531456,EclBin
BD+44  3425,2081659636363279104,EclBin
TYC 3572-465-1,2070935755863547008,EclBin
TYC 3572-2009-1,2083001384150417280,EclBin
LS III +47    8,2071578867082477056,EclBin
BD+46  2963,2071511380250352768,EclBin
V* V509 Cyg,2071371849660762112,EclBin
LS III +47   12,2167421921291709568,EclBin
BD+48  3149,2179834681703318528,EclBin
TYC 3577-636-1,2083748708463645952,EclBin
TYC 3577-2228-1,2083582780976466560,EclBin
V* V2554 Cyg,2167851899053231488,EclBin
V* V510 Cyg,2167827675437410304,EclBin
[GGM2006]  5811774,2170194374207546496,EclBin
HD 235488,2175447222292641536,EclBin
V* V703 Cyg,2172401231489970176,EclBin
GSC 03953-01075,2175460725669355136,EclBin
LS III +54  109,2176314423428268032,EclBin
TYC 3966-411-1,2175918740985037696,EclBin
TYC 3966-686-1,2172882748866308352,EclBin
TYC 3966-843-1,2176022163801572864,EclBin
TYC 3970-597-1,2177506435781119616,EclBin
TYC 3970-1167-1,2176321162249121792,EclBin
TYC 3970-1270-1,2177796638135250688,EclBin
TYC 3970-1533-1,2176057657410703744,EclBin
V* AI Cep,2175201756328729728,EclBin
V* V642 Cyg,2174588022685020544,EclBin
V* V389 Cep,2177832028662880896,EclBin
TYC 3971-400-1,2174757759793130240,EclBin
TYC 3971-1213-1,2174653993384964736,EclBin
LS III +57   19,2199348646581106432,EclBin
BD+56  2705,2198694299729236480,EclBin
LS III +56   23,2198689008319998336,EclBin
AG+56 1514,2198963851874782592,EclBin
IRAS 21527+5734,2199284492646300288,EclBin
V* V1056 Cep,2202269361781862784,EclBin
V* SU Cep,2178237095617572608,EclBin
TYC 3976-687-1,2199209558352371968,EclBin
V* V868 Cep,2198276931987821568,EclBin
LS III +57   43,2200105625979062144,EclBin
ATO J333.4670+57.0968,2198441755652795008,EclBin
2MASS J22124848+5721562,2198648326398614528,EclBin
ATO J333.1922+57.2163,2198456805217941120,EclBin
2MASS J22121842+5719247,2198646367893516672,EclBin
ATO J332.8518+57.2657,2198643069358405248,EclBin
V* MT Cep,2006293199526646784,EclBin
HD 240007,2008402887458289664,EclBin
LS III +58   50,2008107668588846336,EclBin
HD 240017,2008171543344280832,EclBin
V* BE Cep,2008169894076900736,EclBin
ATO J341.3966+58.0225,2007415560378186368,EclBin
2MASS J22452875+5759513,2007415113701594368,EclBin
2MASS J22451983+5805578,2007428685798210304,EclBin
IRAS 22236+5757,2200065253285658624,EclBin
2MASS J22325440+5826496,2008015550131443968,EclBin
V* V698 Cep,2007360894036304000,EclBin
V* V891 Cep,2200674726320771456,EclBin
HD 217672,2013251183976825344,EclBin
2MASS J22501973+5755335,2007375806160157696,EclBin
ATO J342.4643+57.9997,2007380131178581888,EclBin
BD+58  2520,2013554271227857280,EclBin
2MASS J22491847+5813447,2007444972315278720,EclBin
LS III +57   75,2007363058696077952,EclBin
2MASS J22474855+5756048,2007370136802550400,EclBin
2MASS J22474520+5805401,2007418996352588160,EclBin
2MASS J22473647+5759464,2007371133234910464,EclBin
Kiso J224632.44+580014.4,2007412983398341248,EclBin
[MJD95] J224530.20+580832.7,2007431846894421376,EclBin
TYC 3992-37-1,2007383262223766144,EclBin
TYC 3997-973-1,2014293864593715328,EclBin
NSVS   3463197,2008580557357102848,EclBin
LS III +60   42,2014060768131397376,EclBin
LS III +60   51,2014091481434674048,EclBin
V* DP Cep,2014880763285000832,EclBin
HD 240218,2013994694352849280,EclBin
V* CR Cas,2013573645818008576,EclBin
BSD  19-420,2013832963068531840,EclBin
2MASS J23104680+5952022,2013772210749217920,EclBin
V* QV Cep,2014061352246993280,EclBin
V* V570 Cas,2013814271370959616,EclBin
V* QQ Cep,2014673677141668864,EclBin
TYC 4011-1210-1,2010488283051835776,EclBin
V* V1184 Cas,2013572481890136960,EclBin
WRAM 45,2013842583795511552,EclBin
LS III +60   80,2015382965227811328,EclBin
BSD  19-663,2012349275204482688,EclBin
BD+60  2569,2012403387487749760,EclBin
LS   I +60   17,2012234822910081920,EclBin
BD+59  2725,2012344018164581760,EclBin
V* V399 Cas,2014140517085051264,EclBin
V* V401 Cas,2012109959623388160,EclBin
IRAS 23365+6050,2012448059450578944,EclBin
V* V577 Cas,2013860863177230848,EclBin
V* V578 Cas,2010487527138026112,EclBin
Mis V1289,2012089240701282688,EclBin
LS   I +58    3,1999440080982286336,EclBin
LS   I +60   31,2011826590559765760,EclBin
LS   I +60   52,2011657648030291584,EclBin
LS   I +60   60,2011879233987144704,EclBin
V* QX Cas,2011888476756645504,EclBin
V* QQ Cas,2011522408099302272,EclBin
HD 240387,2011730731191891840,EclBin
IRAS 23506+6001,2011635554718667136,EclBin
2MASS J23571365+5947386,1999518215025700352,EclBin
LS   I +60   75,429462614688651264,EclBin
LS   I +60   89,429204882288879232,EclBin
LS   I +60   94,429613144702666880,EclBin
V* MU Cas,429158427924463872,EclBin
V* LQ Cas,429883727641309184,EclBin
V* MS Cas,429089227408566528,EclBin
LS   I +60   70,429487418110962176,EclBin
V* V336 Cas,429343901791423232,EclBin
V* V654 Cas,429386885825012608,EclBin
TYC 3664-684-1,429048098801154048,EclBin
TYC 3664-1005-1,423217079401079680,EclBin
TYC 3664-1090-1,429063285796380160,EclBin
TYC 4014-1472-1,429644686941390336,EclBin
LS   I +61  152,430406201821423104,EclBin
LS   I +60  103,428870385929292672,EclBin
Cl* NGC  129     SS     142,428539231076771456,EclBin
Cl* NGC  129     SS     187,428622347284946048,EclBin
Cl* NGC  129     SS     444,428663166655082496,EclBin
TYC 3666-1133-1,428547988507330560,EclBin
V* V1299 Cas,428887844982008064,EclBin
TYC 4015-3404-1,430113044536529280,EclBin
V* V546 Cas,428889769127377024,EclBin
V* OQ Cas,426992664895836288,EclBin
V* V448 Cas,426935245464647424,EclBin
V* OU Cas,427286200136492544,EclBin
V* OR Cas,426977546611083648,EclBin
LS   I +59   51,427038775662641536,EclBin
V* NZ Cas,427034789933022720,EclBin
HD   5501,426508055147573248,EclBin
V* KL Cas,424463822509309312,EclBin
V* V415 Cas,425994067817965312,EclBin
TYC 4016-1907-1,426973560881546368,EclBin
TYC 4016-521-1,427352445713886208,EclBin
TYC 3666-1685-1,425338827603276416,EclBin
BSD   8-339,426140715181853568,EclBin
V* V449 Cas,425212555567269888,EclBin
V* V458 Cas,426339829863828736,EclBin
V* V1062 Cas,426256335698637952,EclBin
V* V366 Cas,413765333853629184,EclBin
V* HQ Cas,426318595544573056,EclBin
V* V387 Cas,425727058290738688,EclBin
BSD   8-431,426452392367351168,EclBin
V* BN Cas,426461115447465088,EclBin
V* V1066 Cas,413708880802923904,EclBin
HD 236771,509360890554910336,EclBin
BD+57   249,413876311504679168,EclBin
V* BS Cas,414023787807414400,EclBin
V* V469 Cas,509291625631008256,EclBin
V* V420 Cas,509242143304096384,EclBin
TYC 3682-837-1,509354984986409216,EclBin
HD 236679,413857692830850048,EclBin
V* V765 Cas,413875525536666368,EclBin
NGC   457   104,413828899368635904,EclBin
TYC 3678-374-1,413144831338780032,EclBin
TYC 3682-454-1,509244380989367296,EclBin
V* V1103 Cas,413930398034750336,EclBin
V* V479 Cas,505614480786283008,EclBin
V* V424 Cas,505639391597608704,EclBin
V* V421 Cas,412829271497977472,EclBin
V* V422 Cas,509495688112976640,EclBin
TYC 3679-463-1,508988263497765888,EclBin
TYC 3679-870-1,505871903944752256,EclBin
TYC 3679-1541-1,505605306738384640,EclBin
TYC 3679-1671-1,409756789332181120,EclBin
TYC 3692-341-1,505808200993420032,EclBin
TYC 3692-1276-1,505596682440824832,EclBin
V* V753 Per,505788237985628928,EclBin
BD+55   452,504866606724904960,EclBin
V* CO Per,505167082634342656,EclBin
V* CK Per,504973499867501696,EclBin
V* CC Per,504642924824929792,EclBin
V* GH Cas,505543802802846976,EclBin
TYC 3688-461-1,504836541950338048,EclBin
V* HS Per,505686013459066496,EclBin
V* DE Per,455785507168350208,EclBin
V* KY Per,457011634433150976,EclBin
V* LM Per,457523972492161536,EclBin
V* PQ Per,455951121108193792,EclBin
V* LN Per,457450545730236160,EclBin
V* DO Per,457244456020537984,EclBin
TYC 3689-1064-1,456652609527345792,EclBin
TYC 3689-2182-1,456838014676895488,EclBin
TYC 3690-24-1,455870203923264000,EclBin
TYC 3690-2383-1,456593854376295424,EclBin
TYC 3693-2335-1,456989884717897472,EclBin
TYC 3694-3658-1,457039671979425280,EclBin
NSV   734,456897079065297792,EclBin
NSV   810,457521361152145024,EclBin
NSV   811,457521395511874432,EclBin
V* CY Per,455424695552777600,EclBin
NGC   869   542,458365820445288704,EclBin
[D75b] Em* 02-005,456899724765074304,EclBin
TYC 3694-3014-1,458328711926948992,EclBin
2MASS J02170357+5642426,458336442867955968,EclBin
2MASS J02193391+5649589,458351973470768000,EclBin
V* V756 Per,456803066516081152,EclBin
V* DV Per,452482608596743296,EclBin
BD+54   545,455689402981733120,EclBin
TYC 3686-144-1,455509564106767872,EclBin
TYC 3690-746-1,455666828627489664,EclBin
TYC 3700-608-1,453958462439488512,EclBin
V* EN Per,451199749103512832,EclBin
TYC 3308-1828-1,452702614002843520,EclBin
TYC 3700-893-1,453233849915163008,EclBin
V* LU Per,439639385069914496,EclBin
V* EQ Per,441076000091056256,EclBin
V* V888 Per,439826027167866240,EclBin
V* V514 Per,442500005087356672,EclBin
V* AY Per,439831284207781888,EclBin
V* V890 Per,436791306355197056,EclBin
Cl* Melotte   20    LMB    9541,435717598890661376,EclBin
Cl* Melotte   20     AP     332,441377197558966144,EclBin
Cl* Melotte   20     DH     183,249205036290763136,EclBin
Cl* Melotte   20    LMB    5228,441465983121133440,EclBin
Cl* Melotte   20    LMB    7281,441430450851943168,EclBin
Cl* Melotte   20    LMB    7771,441375823168203904,EclBin
Cl* Melotte   20    LMB    8396,441376506062026112,EclBin
Cl* Melotte   20    LMB    9082,435422994195208064,EclBin
Cl* Melotte   20    LMB   17562,435364380781931136,EclBin
Cl* Melotte   20    LMB   18632,435344963228811648,EclBin
Cl* Melotte   20    LMB   18759,435356164505295232,EclBin
Cl* Melotte   20    LMB   18991,435357607614482176,EclBin
Cl* Melotte   20    LMB   19273,435340462102997632,EclBin
Cl* Melotte   20    LMB   19825,435411934658628352,EclBin
Cl* Melotte   20    LMB   21602,435382728881174016,EclBin
Cl* Melotte   20    LMB   21954,435334517870012160,EclBin
V* V578 Per,248092811557890048,EclBin
V* MP Per,243420917932587904,EclBin
TYC 2875-2364-1,244498989084621696,EclBin
TYC 2876-564-1,243845466860362752,EclBin
LS   V +40    3,230529522054005376,EclBin
HD 188611A,2075455534618595840,EclBin
HD 188611B,2075455538932540288,EclBin
V* V1161 Cyg,2078565301404716288,EclBin
V* V393 Cyg,2075910904230289280,EclBin
KOI-6875,2078531353986455936,EclBin
TYC 3145-625-1,2078481287541482240,EclBin
KOI-1701,2078510669423417984,EclBin
TYC 3149-1924-1,2078628587738041984,EclBin
HD 190585,2082288144698194944,EclBin
HD 190966,2081887956827551104,EclBin
HD 190568,2075867954558456448,EclBin
HD 188539,2079073138338768640,EclBin
HD 189593,2076000067751327104,EclBin
TYC 3149-199-1,2079291975509653120,EclBin
V* V787 Cyg,2084258190349885184,EclBin
UCAC4 684-076769,2082600852671027328,EclBin
V* V1774 Cyg,2085069806035734144,EclBin
V* V2541 Cyg,2083993762113117952,EclBin
V* V2922 Cyg,2084815715771774464,EclBin
UCAC4 705-077949,2180600839457244416,EclBin
V* V3018 Cyg,2180196077435800064,EclBin
TYC 3582-1045-1,2180387912158160512,EclBin
TYC 3585-1480-1,2181541196778412416,EclBin
V* V1055 Cyg,2182489800432457344,EclBin
V* V1053 Cyg,2183122363214898304,EclBin
V* V749 Cyg,2182409742242992128,EclBin
V* V366 Cyg,2182552919272908416,EclBin
TYC 3951-299-1,2182125484129210112,EclBin
V* V2551 Cyg,2181626610781982848,EclBin
V* V2557 Cyg,2180562837588029696,EclBin
LS III +54  106,2188797561198166272,EclBin
V* V424 Cep,2178633194680757888,EclBin
V* V736 Cep,2177042648031977600,EclBin
Cl Trumpler   37   324,2191006303957058816,EclBin
V* V1045 Cep,2177879273304792448,EclBin
Cl Trumpler   37   744,2178484279577665664,EclBin
Cl* Trumpler   37    KUN      10,2178863404928484096,EclBin
EM* AS  470,2178416625254778624,EclBin
Cl Trumpler   37   386,2178864504440103552,EclBin
V* V738 Cep,2179566370813430016,EclBin
Cl Trumpler   37   337,2178978750567850752,EclBin
[GG75] 17,2178390133894577024,EclBin
NSV 13841,2178186140129669376,EclBin
HIP 108115,2202719611785107968,EclBin
BD+57  2395,2178313786552704384,EclBin
Cl Trumpler   37  1360,2202656699119062144,EclBin
Cl Trumpler   37  1557,2203396842234433152,EclBin
V* V393 Cep,2202761152720962944,EclBin
V* V1052 Cep,2178298427749049728,EclBin
Cl Trumpler   37  1023,2179335267214938752,EclBin
NSV 13905,2202396355377255680,EclBin
V* DK Cep,2203236210462742272,EclBin
V* V442 Cep,2202888352472571264,EclBin
V* DL Cep,2202908933956759808,EclBin
IRAS 22148+6058,2204562015324510336,EclBin
HD 216572,2014647632459342848,EclBin
2MASS J22531581+6209277,2207203690783081728,EclBin
HD 214007,2201834642370680704,EclBin
ASASSN-V J223644.61+621519.3,2202129822577078400,EclBin
EM* GGR  107,2206776118199489152,EclBin
V* HQ Cep,2014866503994271104,EclBin
BD+62  2142,2208075951401288704,EclBin
HD 219305,2207496027738011136,EclBin
HD 217796,2207402981563024768,EclBin
V* IM Cep,2015311909284039168,EclBin
BD+61  2411,2015039024242171648,EclBin
BD+62  2167A,2207665691824345728,EclBin
2MASS J22573259+6220289,2207197819567955456,EclBin
2MASS J23115365+6142574,2014933123228856832,EclBin
2MASS J22535825+6314430,2208061932627522816,EclBin
2MASS J22542329+6237032,2207263992124345344,EclBin
V* V921 Cep,2207043338180945408,EclBin
Cl* NGC 7654    CKK V4,2015663924806405888,EclBin
V* DP Cas,2015058055236906752,EclBin
V* V1002 Cas,2015290193928870912,EclBin
TYC 4287-996-1,2209299329887782400,EclBin
V* V1021 Cas,2015535762981336064,EclBin
LS   I +61   34,2012912946718431232,EclBin
NSV 14698,2012934627713993344,EclBin
LS   I +62   13,2016034009245000704,EclBin
V* V375 Cas,2013082134073296512,EclBin
V* V731 Cep,2016971381567305984,EclBin
TYC 4285-1442-1,2013010562735429504,EclBin
LS   I +61  126,429772986203296128,EclBin
BD+63    22,431803200061633536,EclBin
BD+62    62,431035324325521792,EclBin
V* MY Cas,431068829376944384,EclBin
V* MV Cas,431282272072645632,EclBin
V* BG Cas,431242964531324288,EclBin
LS   I +61  130,431241723275813632,EclBin
V* V1005 Cas,431554637417261312,EclBin
V* V362 Cas,431597900631463296,EclBin
NSV    61,431642293408833664,EclBin
TYC 4018-1266-1,429893447142542080,EclBin
2MASS J00050992+6347340,431571443620662272,EclBin
V* V755 Cas,524063839226112896,EclBin
LS   I +63   87,430851980760890880,EclBin
LS   I +63   96,524042192591198592,EclBin
LS   I +63  103,524045796058449920,EclBin
V* BI Cas,427782835795153792,EclBin
V* AT Cas,430690906612407424,EclBin
LS   I +61  145,430449941770428672,EclBin
BD+61   116,430267903872782976,EclBin
TYC 4019-441-1,431081611195489536,EclBin
TYC 4019-646-1,430427917176981888,EclBin
V* V1060 Cas,427422883173470336,EclBin
LS   I +63  111,523821637432732800,EclBin
V* V1064 Cas,523314728210174336,EclBin
LS   I +62  146,522826957364419840,EclBin
BD+62   186,522952714006747904,EclBin
AG+63  105,523314384610372352,EclBin
Cl* NGC  225    LMM     119,427617595508756352,EclBin
NGC   225    23,427589974582465664,EclBin
V* V552 Cas,523296242667604480,EclBin
BSD   8-1536,522756004505680896,EclBin
V* V1011 Cas,522869902730963712,EclBin
BSD   8-1164,522450134113950336,EclBin
BSD   8-1186,522445766125577216,EclBin
BSD   8-1205,522434397353384832,EclBin
BSD   8-1268,510444257414112128,EclBin
LS   I +62  159,511060258797734784,EclBin
LS   I +62  160,511059777762936320,EclBin
V* V646 Cas,512369708431309824,EclBin
BSD   8-1698,522611865401402624,EclBin
BSD   8-1184,522477037789564288,EclBin
V* V459 Cas,522461335392236288,EclBin
V* OY Cas,522625506217344000,EclBin
V* OX Cas,522533319043237760,EclBin
V* AX Cas,510889044224325760,EclBin
V* V1275 Cas,522472639743128576,EclBin
V* IL Cas,509461259661430400,EclBin
* del Cas,510204838759030144,EclBin
LS   I +59   84,509568255886530560,EclBin
LS   I +59   85,509569492837090048,EclBin
TYC 4031-3276-1,510186421934948352,EclBin
HD   9056,510793730310035584,EclBin
V* V1116 Cas,510786274246739200,EclBin
LF  5 +61   24,510748306738071680,EclBin
EM* GGA   52,509862478327484288,EclBin
HD 236763,509849524704762752,EclBin
V* BU Cas,510650003525568256,EclBin
V* XX Cas,510613066805706496,EclBin
BD+60   306,511440621102653056,EclBin
V* V367 Cas,511441170858464640,EclBin
V* KV Cas,509997752616705920,EclBin
Cl* NGC  654    STO     133,511291701696448000,EclBin
TYC 4031-2787-1,509922814027905408,EclBin
TYC 4031-3150-1,509795511195184000,EclBin
V* V1141 Cas,509946556604016512,EclBin
TYC 4032-2711-1,509726448121453696,EclBin
TYC 4031-2759-1,509949064854937472,EclBin
TYC 4031-791-1,511443404241417856,EclBin
V* V1130 Cas,509862100370664576,EclBin
V* V869 Cas,511215805336745216,EclBin
V* V868 Cas,511216080214622336,EclBin
V* V969 Cas,511486216476211968,EclBin
2MASS J01451831+6111575,511241437702484352,EclBin
NGC   663   167,511241265903790720,EclBin
Cl* NGC  663     MV   42041,511215874056198528,EclBin
2MASS J01470857+6113013,511218004359878656,EclBin
V* V1136 Cas,509859317231896832,EclBin
V* V1120 Cas,509877149935653504,EclBin
V* V1125 Cas,509865398905406592,EclBin
V* V1135 Cas,509861103938183168,EclBin
V* V1121 Cas,509883433456711936,EclBin
V* V1114 Cas,509850516832318592,EclBin
V* V1134 Cas,509857938535566336,EclBin
V* V1133 Cas,509863543479635840,EclBin
V* GI Cas,506244810186836992,EclBin
V* GK Cas,507887098299506560,EclBin
TYC 4032-2804-1,508260524237187072,EclBin
TYC 4032-2513-1,511211402984298752,EclBin
TYC 4032-1547-1,511308301748978944,EclBin
TYC 3697-1166-1,507926719378481280,EclBin
V* LL Per,458629565795732864,EclBin
V* CR Per,506682965570997248,EclBin
HD  13699,506860055662585216,EclBin
Hilt  261,459181417551676672,EclBin
HD  12866,506754811779422720,EclBin
V* CS Per,506869435873735552,EclBin
LS   I +59  127,507366105886172928,EclBin
LS   I +59  132,459258864400361088,EclBin
BD+58   454,459200521567028224,EclBin
HD  13716,458640663991131904,EclBin
V* KZ Per,458751955181509504,EclBin
V* KX Per,506714026775270784,EclBin
V* V518 Cas,507274502828065536,EclBin
TYC 3698-22-1,459143518759731200,EclBin
TYC 3698-811-1,459208424306780288,EclBin
TYC 3698-1882-1,458764084169189888,EclBin
ATO J034.0529+59.9201,507327618680663040,EclBin
2MASS J02131922+5900550,506856516609623552,EclBin
2MASS J02200109+5941452,507265775452432896,EclBin
2MASS J02162821+5951080,507326111154636288,EclBin
V* V754 Per,507019003815015680,EclBin
HD  14321,458356474596389888,EclBin
NGC   884  2232,458454571648871680,EclBin
NGC   884  2251,458454601700570752,EclBin
V* V621 Per,458407601884432384,EclBin
V* LO Per,457387117654644608,EclBin
NGC   869  1516,458376025287245312,EclBin
BD+56   557,458454296770820992,EclBin
V* V620 Per,458407601884424576,EclBin
LS   V +58    9,458929217072612352,EclBin
V* DS Per,458065756848194560,EclBin
V* LP Per,457965873086716288,EclBin
BD+56   589,458489068827059328,EclBin
NSV   789,458359257735112448,EclBin
V* V618 Per,458374410379649920,EclBin
V* V616 Per,458377777633945728,EclBin
V* V382 Per,458994947249895168,EclBin
NSVS   1913053,457660792971075200,EclBin
NSVS   1916261,458968490251742848,EclBin
TYC 3699-1727-1,459053633683900032,EclBin
NSV   830,457551151043878656,EclBin
V* V615 Per,458374685257548416,EclBin
Cl* NGC  869      W     212,458372069613021184,EclBin
Cl* NGC  869      W     279,458377635891247872,EclBin
Cl* NGC  869      W     110,458377915072908544,EclBin
NGC   869   206,458558372416459392,EclBin
NGC   869  1239,458367160475007744,EclBin
NGC   884  1923,458459038414666880,EclBin
NGC   884  2217,458306652974151936,EclBin
NGC   884  2276,458307030931274368,EclBin
NGC   884  2351,458455357614792064,EclBin
NGC   884  2433,458406463707133184,EclBin
NGC   884  2646,458413026417136128,EclBin
BD+56   603,458435983029377152,EclBin
NGC   884  7009,458453330392201728,EclBin
2MASS J02220654+5738142,458505320983068416,EclBin
ATO J036.0021+56.9639,458395472896914432,EclBin
2MASS J02242067+5701496,458396160091592448,EclBin
2MASS J02223697+5711332,458413992795672192,EclBin
2MASS J02184673+5704079,458368603583938816,EclBin
2MASS J02192535+5711508,458376781201493504,EclBin
2MASS J02174620+5706056,458558612934621696,EclBin
2MASS J02205153+5713360,458458419939389056,EclBin
2MASS J02233359+5719233,458415985660407040,EclBin
2MASS J02212093+5647360,458307649406610816,EclBin
BD+56   700,454837075308505088,EclBin
V* V871 Per,454781996649838976,EclBin
V* DZ Per,457686287895617152,EclBin
V* DX Per,457702162094073344,EclBin
TYC 3708-1458-1,454746468678877440,EclBin
TYC 3705-192-1,459583082887990144,EclBin
V* V877 Per,441193579115190144,EclBin
V* V886 Per,447462753898014976,EclBin
HD  19231,440194432283422336,EclBin
HD 232763,445930137769221248,EclBin
HD 232774,442986916939558912,EclBin
V* BO Per,447042740457420672,EclBin
Cl* NGC 1220    OCC      48,446260953329411968,EclBin
Cl* Melotte   20     DH      51,445990164230896256,EclBin
TYC 3323-165-1,442780792870179584,EclBin
V* V732 Per,442707091230319616,EclBin
Cl Melotte   20   593,442745367978671744,EclBin
Cl* Melotte   20    LMB   12336,441808614137505280,EclBin
Cl* Melotte   20    LMB   12748,441787654692624512,EclBin
Cl* Melotte   20    LMB   13574,441801987003426304,EclBin
Cl* Melotte   20    LMB   14121,441788273167765760,EclBin
Cl* Melotte   20    LMB   15653,441849296063686912,EclBin
HD  21620,249350103106450048,EclBin
BD+47   856,249079279647326976,EclBin
Lan  61,249310486328721024,EclBin
V* BP Per,441530132754466944,EclBin
Cl Melotte   20  1208,249029526746148736,EclBin
Cl Melotte   20  1324,249620686044708864,EclBin
Cl* Melotte   20    LMB     193,441570157550154368,EclBin
Cl* Melotte   20    LMB     966,441565175387789056,EclBin
Cl* Melotte   20    LMB    2660,441471304582627328,EclBin
Cl* Melotte   20    LMB    2812,441474538697532672,EclBin
Cl* Melotte   20    LMB    3603,441468147784621952,EclBin
V* MO Per,245288129195714176,EclBin
V* FH Per,246647056849073024,EclBin
V* FF Per,245369286898446208,EclBin
TYC 3326-1657-1,245019092444379520,EclBin
EM* GGA  263,248402873838942976,EclBin
V* MV Per,233165257587427456,EclBin
V* HW Per,231926004901305728,EclBin
TYC 2876-2711-1,231874877610936448,EclBin
HD  26395,232086327440939136,EclBin
HD 187091,2078829145534761984,EclBin
TYC 3147-1206-1,2078348422732601600,EclBin
ASAS J194655+4350.5,2078813069478750720,EclBin
V* V995 Cyg,2080265558695009664,EclBin
HD 188910,2085563005720314112,EclBin
NSV 12573,2085476556616971264,EclBin
V* V1580 Cyg,2079805103843400704,EclBin
TYC 3148-289-1,2078968787812855552,EclBin
TYC 3557-187-1,2085542389876507648,EclBin
KOI-6068,2080258411869318784,EclBin
TYC 3557-1466-1,2080162891797912448,EclBin
TYC 3557-2118-1,2079986695058294272,EclBin
TYC 3561-936-1,2086321118985514240,EclBin
KOI-7290,2080376197054119936,EclBin
TYC 3562-2361-1,2085562279862646400,EclBin
NSV 12423,2078971944607706624,EclBin
AN  405.1934,2079357774409843968,EclBin
BD+47  2978,2086075927893003648,EclBin
BD+47  2938,2086349186587987712,EclBin
BD+47  2936,2086512227851023872,EclBin
KOI-7253,2085591730459439488,EclBin
KOI-66,2086469140738888320,EclBin
TYC 3562-1054-1,2086501885570312576,EclBin
TYC 3562-1452-1,2086104790073504256,EclBin
ASAS J195236+4716.6,2086340910195624320,EclBin
TYC 3566-1556-1,2086970655480003968,EclBin
TYC 3567-1467-1,2084594022434657920,EclBin
V* V2473 Cyg,2087466913183043712,EclBin
V* V1045 Cyg,2184567843045870720,EclBin
V* V1044 Cyg,2184570450083010432,EclBin
BD+51  2842,2184407967175385344,EclBin
V* V1048 Cyg,2184423978823266176,EclBin
V* V1047 Cyg,2184489090528181504,EclBin
V* V1189 Cyg,2184323712804895360,EclBin
V* V1188 Cyg,2184343370878402688,EclBin
TYC 3571-1523-1,2088444065477715712,EclBin
BD+54  2351,2186586958712163712,EclBin
V* V1196 Cyg,2185048875087669888,EclBin
V* V1054 Cyg,2183340788073655424,EclBin
V* V1050 Cyg,2186502399395263616,EclBin
V* V828 Cyg,2183544747478297600,EclBin
V* V1787 Cyg,2183603536990884608,EclBin
TYC 3954-1525-1,2183645868189553920,EclBin
V* V2919 Cyg,2185099800514231552,EclBin
V* HK Cep,2187206533509498624,EclBin
V* FL Cep,2190174871308154624,EclBin
V* V2133 Cyg,2183720085223491968,EclBin
TYC 3955-841-1,2184003553063031040,EclBin
V* IO Cep,2189557495537017472,EclBin
V* V427 Cep,2191576439401810560,EclBin
Cl Trumpler   37  1704,2191660414603600768,EclBin
Cl Trumpler   37  1938,2191882962627227392,EclBin
Cl Trumpler   37  1203,2191219579157646336,EclBin
Cl Trumpler   37  1470,2191639214644781056,EclBin
Cl Trumpler   37  1647,2192292358906224512,EclBin
Cl Trumpler   37  1610,2192425709048649472,EclBin
V* LP Cep,2192699590525791232,EclBin
V* V428 Cep,2216129977157816960,EclBin
V* V1049 Cep,2215889940027635712,EclBin
V* NU Cep,2216072562036493440,EclBin
TYC 4249-1313-1,2203901896030845440,EclBin
NSV 13772,2192033733159573248,EclBin
V* V1048 Cep,2179714461285869312,EclBin
V* V338 Cep,2203891416311003904,EclBin
V* V443 Cep,2205709733665402240,EclBin
NSV 14007,2204147636879202048,EclBin
V* V870 Cep,2204138595964611840,EclBin
LS III +62   12,2205071261005286656,EclBin
V* TV Cep,2205758524494949632,EclBin
TYC 4267-1042-1,2218031754314780288,EclBin
TYC 4268-476-1,2205457773697184256,EclBin
LS III +65    6,2206688260347140224,EclBin
BD+64  1668,2206640126653567488,EclBin
HD 213405,2206429467097422720,EclBin
V* V895 Cep,2211572054779541248,EclBin
V* V746 Cep,2212459017065175552,EclBin
V* BB Cep,2208349832875899520,EclBin
TYC 4273-497-1,2208402845652104960,EclBin
TYC 4277-1088-1,2212607588574910592,EclBin
TYC 4286-325-1,2211859267832368768,EclBin
TYC 4286-988-1,2208340143431627648,EclBin
BD+64  1740,2208837461981821056,EclBin
V* CL Cep,2208917971151781376,EclBin
V* CM Cep,2209425773726323584,EclBin
IRAS 23330+6437,2209211570814770048,EclBin
V* V944 Cep,2210381249327114624,EclBin
GSC 04291-00083,2210234116630344704,EclBin
V* V406 Cas,2017185953834686848,EclBin
BD+65  1939,2209704843518245248,EclBin
TYC 4288-45-1,2209652857233431424,EclBin
2MASS J23430139+6622044,2209894023937180160,EclBin
HD   1882,527479880108956672,EclBin
HIP 1895,527470572918554496,EclBin
TYC 4023-857-1,528089460526811008,EclBin
TYC 4024-2333-1,524076341865826304,EclBin
IRAS 00321+6604,527714282243771136,EclBin
TYC 4027-207-1,527907869309575424,EclBin
BD+63   108,524243471939039104,EclBin
BD+64    91,524348990691602176,EclBin
V* V1061 Cas,524358473980326400,EclBin
Hilt  123,512590504106710528,EclBin
TYC 4034-1138-1,512645101734128128,EclBin
TYC 4038-693-1,524895894649050112,EclBin
TYC 4039-53-1,512714332300155520,EclBin
TYC 4039-1116-1,512722823459548928,EclBin
V* V423 Cas,513030377479412224,EclBin
V* V775 Cas,511954058674328064,EclBin
LS   I +62  192,511890218281972864,EclBin
V* BZ Cas,511790197080310400,EclBin
V* LR Cas,512400597837013888,EclBin
TYC 4036-741-1,511903824736087424,EclBin
TYC 4036-2276-1,512027966473166848,EclBin
TYC 4036-2411-1,511435810740257024,EclBin
V* V1328 Cas,513053604662195712,EclBin
TYC 4040-1686-1,512233850017817856,EclBin
TYC 4041-1826-1,517949661219815168,EclBin
LS   I +62  204,514832373956756480,EclBin
V* V394 Cas,508824504983934208,EclBin
TYC 4041-997-1,515034684099126016,EclBin
EM* GGA  135,508636282340415744,EclBin
IRAS 02142+6016,507444308651921152,EclBin
LS   I +61  302,465658159513545472,EclBin
LS   V +60    4,459365448308247552,EclBin
LS   I +60  238,465443995262088320,EclBin
2MASS J02253317+6205225,513638712343990784,EclBin
LS   I +61  275,465551472526065152,EclBin
BD+60   479A,513558383572778112,EclBin
TYC 4047-1201-1,465264568709587200,EclBin
TYC 3699-1073-1,465281439338242432,EclBin
2MASS J02252256+6208503,513674244612453376,EclBin
2MASS J02275818+6212355,513666066994785408,EclBin
V* V681 Cas,464186566277405056,EclBin
HD  16038,465143278831063936,EclBin
V* V792 Cas,464131487618669824,EclBin
V* GR Cas,464730579714966784,EclBin
TYC 3699-477-1,465032434315841792,EclBin
V* V689 Cas,464827066160876288,EclBin
BD+59   510,465115962839097600,EclBin
V* V497 Cas,464764531435558912,EclBin
TYC 3712-200-1,464003428871549952,EclBin
V* V1170 Cas,464015076823984768,EclBin
TYC 4047-106-1,464736352151013760,EclBin
TYC 3712-1101-1,464200752546501632,EclBin
GSC 03712-00390,464017305904973568,EclBin
GSC 03712-01808,464074313012435200,EclBin
GSC 03713-00113,464472091401043840,EclBin
TYC 3713-868-1,461470115422532352,EclBin
V* LY Cas,461293476306613888,EclBin
V* LV Cas,461362745539572352,EclBin
TYC 3710-121-1,460209667075929728,EclBin
TYC 3713-648-1,461359721882716288,EclBin
TYC 3713-1084-1,461514237625944960,EclBin
HD 232814,445158001427548288,EclBin
HD  21711,442431354329823488,EclBin
V* MN Per,251149488244066176,EclBin
1RXS J034500.5+493710,249570280308984064,EclBin
NSVS   4233704,250177623044825600,EclBin
V* V342 Per,246039817193614080,EclBin
LS   V +45    8,233495042356327296,EclBin
V* XZ Per,233996763254722304,EclBin
V* MZ Per,233934778287208704,EclBin
V* FQ Per,233323720401128960,EclBin
HD 276240,229183616742539008,EclBin
HD 183648,2126559499348114432,EclBin
BD+44  3156,2126395431599375744,EclBin
BD+43  3253,2125973871969549056,EclBin
V* V2213 Cyg,2125911440323697152,EclBin
KOI-14,2125873502870708864,EclBin
TYC 3556-2467-1,2126514075775080832,EclBin
ROTSE1 J192954.14+443523.5,2126390208918891392,EclBin
V* V796 Cyg,2128419009727574656,EclBin
V* BR Cyg,2080482158185702784,EclBin
KOI-76,2128195327832597120,EclBin
Kepler-1714,2128069334973424000,EclBin
TYC 3556-3202-1,2080481883307796992,EclBin
TYC 3560-2235-1,2128393377363751040,EclBin
V* V2290 Cyg,2128843631675650560,EclBin
ROTSE1 J193252.94+455038.0,2128047958913440640,EclBin
V* V2366 Cyg,2128043359010825856,EclBin
ROTSE1 J193141.03+464844.1,2128297135736728832,EclBin
V* V2291 Cyg,2128646097541212928,EclBin
HD 187276,2086579087597378816,EclBin
KOI-7396,2086643104093265792,EclBin
KOI-1807,2086613692156359168,EclBin
KOI-3522,2135347861431161088,EclBin
[DCO2008] T-Cyg1-00246,2135341298718849536,EclBin
TYC 3565-790-1,2086798994224946560,EclBin
ROTSE1 J194243.79+493653.3,2134927057714219264,EclBin
V* V379 Cyg,2135355141394640128,EclBin
[DCO2008] T-Cyg1-00402,2087329336788096512,EclBin
V* V1040 Cyg,2185601246534738816,EclBin
V* V1029 Cyg,2089588317784837632,EclBin
V* V1017 Cyg,2137557948519577472,EclBin
V* V2471 Cyg,2089372298111641344,EclBin
V* V1038 Cyg,2088493479085160192,EclBin
V* V2908 Cyg,2184663053882134016,EclBin
V* V1192 Cyg,2187632147590370176,EclBin
V* V768 Cyg,2186181337698061184,EclBin
NSV 12992,2185201505340226304,EclBin
V* V728 Cyg,2188416271178147456,EclBin
V* V1200 Cyg,2187501752382389632,EclBin
V* V1197 Cyg,2186972268816857856,EclBin
V* V1051 Cyg,2186972200097381632,EclBin
V* FK Cep,2194208360995216640,EclBin
V* V775 Cyg,2194456060348964352,EclBin
V* DE Cep,2193508281327193088,EclBin
2MASS J20354241+6001004,2194448982244142848,EclBin
V* V1044 Cep,2192949420185226624,EclBin
TYC 4252-50-1,2196274820080898944,EclBin
TYC 4252-1021-1,2193214849163253376,EclBin
V* GI Cep,2220485172772820608,EclBin
V* PX Cep,2220902506152722688,EclBin
V* V489 Cep,2220906874138763648,EclBin
BD+62  1956,2217118850423870976,EclBin
V* LS Cep,2217349159450056320,EclBin
V* LW Cep,2217472961888713216,EclBin
V* LV Cep,2217512681746919168,EclBin
BD+64  1635,2218674934254749952,EclBin
2MASS J21424283+6612282,2221015863228441856,EclBin
TYC 4275-558-1,2218493789716040704,EclBin
ASAS J220525+6552.3,2218555809043091968,EclBin
HD 210604,2220031010049866752,EclBin
BD+66  1488,2219760736343457408,EclBin
BD+65  1773,2218778765083807872,EclBin
V* BR Cep,2206754127965846656,EclBin
TYC 4463-1755-1,2219987029583320320,EclBin
V* WY Cep,2212952113670931456,EclBin
TYC 4290-1053-1,2213047255786256000,EclBin
TYC 4481-358-1,2225679029482129280,EclBin
V* V898 Cep,2224937958644193920,EclBin
BD+68  1366B,2214770980782009984,EclBin
BD+66  1663,2210121283547207680,EclBin
BD+67  1585,2210140112683149312,EclBin
V* V1044 Cas,529389014554290176,EclBin
TYC 4296-88-1,526817119417170816,EclBin
V* V1065 Cas,532608453318621824,EclBin
HD   8560,531656619844910720,EclBin
V* V1112 Cas,519420051855051648,EclBin
V* V1137 Cas,519591781834717184,EclBin
LS   I +65   19,515632814118190720,EclBin
V* V558 Cas,518517662052109312,EclBin
TYC 4040-41-1,518319612524648192,EclBin
V* V785 Cas,515461019732719360,EclBin
BD+62   376,514720975380614272,EclBin
LS   I +62  217,514017906415195392,EclBin
LS   I +62  223,467535128932746880,EclBin
V* V794 Cas,467263618282769792,EclBin
V* LU Cas,467571442882148480,EclBin
V* TX Cas,467311408386248704,EclBin
V* V501 Cas,467463179648137600,EclBin
V* V541 Cas,514147000256171136,EclBin
NGC  1027     5,465677950723990656,EclBin
1RXS J024012.4+614358,465697123457705856,EclBin
TYC 4052-2221-1,467392707823384576,EclBin
TYC 4047-864-1,465677327944874240,EclBin
GSC 04047-01243,465680768222282624,EclBin
GSC 04050-01409,514190671486029056,EclBin
GSC 04051-02027,465759074065432064,EclBin
[D75b] Em* 02-119,465830026926789888,EclBin
HD  18294,461589554165094400,EclBin
BD+60   587,466410431623448448,EclBin
V* V799 Cas,466280070774747904,EclBin
BD+61   529,463682577633083008,EclBin
V* LX Cas,463119696398271360,EclBin
V* V507 Cas,463133474653630464,EclBin
TYC 4047-1338-1,465712482259652352,EclBin
V* V1369 Cas,464643310272433152,EclBin
TYC 3713-195-1,461544916571207424,EclBin
TYC 4047-1439-1,465714440764538368,EclBin
GSC 04047-02149,464954953106406400,EclBin
2MASS J03004376+6040043,466126585823414400,EclBin
BSD   9-1289,463320769588345216,EclBin
BSD   9-786,462311005599118592,EclBin
HD 237130,461822513196862592,EclBin
V* V368 Cas,462892028772778368,EclBin
V* V584 Cam,462214798332377216,EclBin
V* NX Cam,462216172719383552,EclBin
HD  20353,461656349500858624,EclBin
TYC 3715-1237-1,449922430127196672,EclBin
V* OP Cam,449923770156980608,EclBin
HD  23580,445519092220244096,EclBin
TYC 3721-441-1,444667722320580864,EclBin
V* KQ Per,251940037105268480,EclBin
HD  24094,444210776459268736,EclBin
Hilt  419,251836373775929600,EclBin
TYC 3717-906-1,251638461682206976,EclBin
NGC  1444     8,443789594787738880,EclBin
V* PR Cam,444304784703086720,EclBin
V* MW Per,247580507861828480,EclBin
V* MT Per,250939412804758400,EclBin
V* V1097 Per,247540066449115520,EclBin
2MASS J04010502+5031169,250618561566316160,EclBin
V* NQ Per,270625962340375168,EclBin
V* NO Per,246272668838948480,EclBin
V* V482 Per,234153100062678400,EclBin
V* OO Per,256846642103033728,EclBin
V* V388 Per,232981673502946688,EclBin
SV* SON 10644,257027713624491520,EclBin
V* V344 Per,229675613836438784,EclBin
V* II Per,253441901271920256,EclBin
V* FX Per,252682516689776384,EclBin
TYC 2892-853-1,252599022526368512,EclBin
Cl* NGC 1582    BVC      71,252694199000642432,EclBin
Cl* NGC 1582    BVC     122,252600358257640960,EclBin
Cl* NGC 1582    BVC     199,252695298512267520,EclBin
TYC 2892-1394-1,252547757797330816,EclBin
V* V1103 Cyg,2127373722067691264,EclBin
TYC 3133-222-1,2102891068452274944,EclBin
ASAS J191338+4342.4,2102968480941570688,EclBin
ROTSE1 J191805.52+444116.3,2126955323535081728,EclBin
V* V2277 Cyg,2127127122225065088,EclBin
BD+47  2811,2129388577124943104,EclBin
V* V850 Cyg,2129156580171854720,EclBin
TYC 3543-243-1,2128322806763535872,EclBin
TYC 3547-1493-1,2129520999557315456,EclBin
V* V2280 Cyg,2129413178697671424,EclBin
ROTSE1 J192608.21+480755.6,2129300203878642304,EclBin
V* V2281 Cyg,2127530677352166144,EclBin
ASAS J192811+4856.6,2129722038386345472,EclBin
TYC 3551-2158-1,2129936198335070208,EclBin
TYC 3564-2101-1,2135834498403143040,EclBin
ROTSE1 J193558.59+505409.3,2136008152520070144,EclBin
V* V2294 Cyg,2135172042647386368,EclBin
V* V1950 Cyg,2135240349807570176,EclBin
V* V2284 Cyg,2129695340869742592,EclBin
V* V1148 Cyg,2137347392042709120,EclBin
V* V997 Cyg,2137380411750519680,EclBin
V* V1263 Cyg,2136488845260025856,EclBin
KOI-980,2135559581838479488,EclBin
[DCO2008] T-Cyg1-01627,2135537767703330944,EclBin
ROTSE1 J193529.46+530803.7,2136660884469900032,EclBin
V* V1149 Cyg,2138654470848854400,EclBin
V* V1015 Cyg,2234102147543606528,EclBin
V* CW Cyg,2137654735603400448,EclBin
V* V2409 Cyg,2137457240126413952,EclBin
HD 190380A,2234805353949060096,EclBin
V* V2519 Cyg,2233958455118523136,EclBin
V* V2904 Cyg,2186477660381409280,EclBin
LP  105-469,2234766183848131072,EclBin
V* V1193 Cyg,2188701079049792768,EclBin
TYC 3948-440-1,2236269628558883840,EclBin
V* V1179 Cyg,2236060137234669824,EclBin
V* V1175 Cyg,2234624965323634560,EclBin
TYC 3948-3-1,2236525333729995136,EclBin
NSV 12816,2236485613874135040,EclBin
NSV 12957,2236295226565020800,EclBin
V* HI Cep,2242956789560147200,EclBin
V* DT Cep,2194514437545575808,EclBin
V* V467 Cep,2194725097101677184,EclBin
2MASS J20183629+6037032,2236852124905603968,EclBin
V* V466 Cep,2194724994022360448,EclBin
V* V470 Cep,2194819002265039488,EclBin
Cl* NGC 6939    MGN V6,2194777117745541760,EclBin
V* V817 Cep,2194720149298944512,EclBin
Cl* NGC 6939    KGH V3,2194804605534840960,EclBin
Cl* NGC 6939    MGN V8,2194727021246812416,EclBin
Cl* NGC 6939    MGN V7,2194726570270588416,EclBin
Cl* NGC 6939    KGH V8,2194808694343696256,EclBin
2MASS J20342907+6036578,2194622086605486592,EclBin
V* V415 Cep,2195215066970951424,EclBin
V* DW Cep,2196691126971031040,EclBin
TYC 4237-1782-1,2243445831717084160,EclBin
[GGM2006]  3198271,2245074242796915712,EclBin
V* GG Cep,2222067202502338688,EclBin
V* V744 Cep,2226001319529403904,EclBin
V* V880 Cep,2229345832040268800,EclBin
V* V897 Cep,2226842312783183360,EclBin
V* V922 Cep,2225606530434233344,EclBin
V* V915 Cep,2226987207800267904,EclBin
BD+71  1238,2227793527780746880,EclBin
BD+70  1328,2227675944457782784,EclBin
V* V957 Cep,2215718450566544512,EclBin
V* CV Cas,536447638684436864,EclBin
V* NP Cep,537358240469754112,EclBin
TYC 4302-397-1,537308384490174848,EclBin
V* V750 Cep,537156823682917248,EclBin
TYC 4299-1398-1,536231481571994496,EclBin
V* AE Cas,532444797883263616,EclBin
*  42 Cas,533842792557160576,EclBin
V* V392 Cas,521456484832318720,EclBin
TYC 4315-186-1,521868973490471040,EclBin
V* V1015 Cas,533890758751859328,EclBin
V* V1162 Cas,520510939191933184,EclBin
TYC 4312-948-1,517546999440656512,EclBin
HD  18138B,467885220313423488,EclBin
NSVS   1895268,468023105937799808,EclBin
V* CP Cam,490983485711848704,EclBin
TYC 4053-29-1,466910606333894400,EclBin
TYC 4053-546-1,466807179221308160,EclBin
BD+61   573,463490060014990464,EclBin
V* AE Cam,462381821020805760,EclBin
TYC 4062-157-1,462740330526585600,EclBin
TYC 4062-1642-1,486430957815961344,EclBin
TYC 4063-1214-1,474449064211283712,EclBin
TYC 4066-1230-1,486814584294191872,EclBin
NSV  1224,486557023695819264,EclBin
V* OO Cam,486671510345494528,EclBin
V* OS Cam,486786271869428736,EclBin
HD  22337,450263931569967104,EclBin
TYC 3724-798-1,449137752485059200,EclBin
BD+55   849,468566677007345408,EclBin
GSC 03721-00984,468763180350974336,EclBin
LS   I +55   60,468431364053011456,EclBin
V* QV Cam,468570628375402240,EclBin
V* MP Cam,468481288754388096,EclBin
V* NT Per,271879165079548416,EclBin
V* HY Per,270767009067085312,EclBin
TYC 3719-827-1,275343279539638400,EclBin
V* V343 Per,270675955761168512,EclBin
BD+48  1098,258093385208541568,EclBin
TYC 3341-926-1,270756494986969344,EclBin
TYC 3350-452-1,258433374820664320,EclBin
V* V389 Per,271082255366434432,EclBin
BD+44  1012,253008831124257792,EclBin
HD 276822,206111292948435072,EclBin
TYC 3343-64-1,253033707574803456,EclBin
Lan 507,204687494107079040,EclBin
V* V449 Lyr,2106028009484136704,EclBin
V* V512 Lyr,2106463480509335424,EclBin
TYC 3542-212-1,2130417548209468800,EclBin
KOI-324,2130371540520436480,EclBin
BD+48  2854,2131028945395053440,EclBin
V* V474 Cyg,2132542354428184192,EclBin
V* V361 Lyr,2131340313342313088,EclBin
[DCO2008] T-Lyr1-01439,2130647651077605504,EclBin
V* V2077 Cyg,2133105166944535168,EclBin
BD+49  2961B,2132784002171264256,EclBin
TYC 3550-117-1,2133088468111224064,EclBin
TYC 3554-261-1,2133229652276213120,EclBin
V* V2363 Cyg,2133175393951494272,EclBin
V* V2469 Cyg,2132785243420935680,EclBin
V* V1918 Cyg,2136382948545723904,EclBin
BD+51  2588B,2136221797076125568,EclBin
V* V2282 Cyg,2139825893111580928,EclBin
V* V978 Cyg,2138861522632132096,EclBin
V* V966 Cyg,2138882310274129408,EclBin
TYC 3938-939-1,2138629456959529856,EclBin
TYC 3938-1474-1,2138942371096254080,EclBin
V* BM Dra,2235450835993721472,EclBin
V* V940 Cyg,2238298468029535744,EclBin
V* V981 Cyg,2138922201930583808,EclBin
V* BR Dra,2237380513259731968,EclBin
HD 189106,2235749559559524608,EclBin
V* BP Dra,2237277296605849472,EclBin
TYC 4232-1665-1,2237333882796275840,EclBin
GSC 03947-01632,2235641704341324928,EclBin
V* V432 Dra,2237817431693164160,EclBin
V* KP Dra,2244258267729623936,EclBin
V* FH Cep,2245341217964233984,EclBin
TYC 4237-242-1,2243686521683999232,EclBin
TYC 4237-521-1,2244097361074767744,EclBin
V* MO Dra,2243659583647846656,EclBin
GSC 04241-01092,2244943091674442112,EclBin
BD+65  1481,2246355002042750976,EclBin
V* FS Cep,2271508800131328384,EclBin
V* FN Cep,2270206810863191808,EclBin
* bet Cep B,2272185755698491264,EclBin
TYC 4471-143-1,2229802507321882240,EclBin
V* LL Cep,2232722294809488768,EclBin
V* V380 Cas,537796533291820672,EclBin
TYC 4307-1781-1,537812510570079872,EclBin
V* V608 Cas,545350624850083840,EclBin
1RXS J022942.2+720606,545491087459197952,EclBin
V* AB Cas,545203187211651072,EclBin
V* AL Cas,521244450885154304,EclBin
BD+68   202,541725187117160960,EclBin
TYC 4066-540-1,487938285177858560,EclBin
TYC 4070-19-1,491062444389181824,EclBin
V* OT Cam,488112042375080576,EclBin
BD+62   635,475048985242953216,EclBin
V* LZ Cam,487283148046471040,EclBin
V* OY Cam,487284866033355392,EclBin
BD+59   768,470606580311986560,EclBin
BD+60   766,473827187309721856,EclBin
V* PS Cam,473414797427303168,EclBin
V* QZ Cam,472123906356941568,EclBin
V* QY Cam,469047369747115136,EclBin
BD+55   891,277369095352951552,EclBin
V* FW Per,272116522150309760,EclBin
TYC 3732-745-1,272086246921083136,EclBin
V* OV Per,259370193091383936,EclBin
V* V390 Per,259329476800717824,EclBin
V* V391 Per,260473965321979008,EclBin
HD  30089,255895976861081728,EclBin
LS   V +47   21,254963453562318080,EclBin
V* GL Aur,254689606447727744,EclBin
V* GK Aur,254803710838834176,EclBin
V* V1111 Per,255625840597831040,EclBin
V* V468 Aur,206212031399861888,EclBin
TYC 2906-1471-1,205421830436189696,EclBin
NSVS   4312042,206471005048889088,EclBin
TYC 3130-2385-1,2105415749007167616,EclBin
TYC 3541-1589-1,2107283720481469952,EclBin
ROTSE1 J184757.18+443810.8,2105421422662054016,EclBin
[DCO2008] T-Lyr1-07179,2106967129852273280,EclBin
[DCO2008] T-Lyr1-08406,2107069655013222144,EclBin
[DCO2008] T-Lyr1-03783,2107057182428200832,EclBin
KOI-7181,2107106870908183168,EclBin
V* V596 Lyr,2117444822829211136,EclBin
BD+48  2800,2131798534810060288,EclBin
HD 177876,2131935046050577024,EclBin
V* WX Dra,2107671057811634176,EclBin
BD+48  2782,2131747991637868544,EclBin
KOI-1284,2131733697986674176,EclBin
[DCO2008] T-Lyr1-01013,2131631821362131456,EclBin
KOI-978,2132244077540091264,EclBin
ROTSE1 J185733.12+480522.5,2131656487357144320,EclBin
ROTSE1 J185945.43+472007.0,2131410712147686400,EclBin
TYC 3553-363-1,2133873278894377856,EclBin
ROTSE1 J190459.79+510239.7,2133794869971744896,EclBin
ROTSE1 J190223.96+511657.1,2133815000479849344,EclBin
V* MU Dra,2132340456605982720,EclBin
V* V1108 Cyg,2140122147072801152,EclBin
TYC 3920-1766-1,2140357266463818752,EclBin
ROTSE1 J191755.61+540100.9,2140124861491970816,EclBin
ROTSE1 J191112.49+531545.7,2140351017289675648,EclBin
V* V2278 Cyg,2139547755326810880,EclBin
V* V584 Dra,2141875661960781696,EclBin
TYC 3928-263-1,2142856422034574592,EclBin
TYC 3933-1746-1,2142525920009142400,EclBin
TYC 3946-1828-1,2238422536748823424,EclBin
V* BN Dra,2240607992203990016,EclBin
V* IP Dra,2245014250692676608,EclBin
V* MM Dra,2247560376025217280,EclBin
V* DF Dra,2271321234617706240,EclBin
V* DV Cep,2275209794927530624,EclBin
BD+74   940,2280048122828704640,EclBin
TYC 4600-826-1,2280654954465425792,EclBin
ASASSN-V J225437.09+772850.1,2282245329317023488,EclBin
GSC 04488-00233,2279544787021333120,EclBin
BD+75   899,2233411860398792960,EclBin
TYC 4602-1242-1,2233559813432214784,EclBin
BD+76   916,2281733506654919296,EclBin
TYC 4492-1780-1,539910000797189888,EclBin
V* V734 Cep,539811731946062336,EclBin
V* V1063 Cas,563033035269442048,EclBin
V* V793 Cas,545771119327389952,EclBin
V* V952 Cas,542552402117243136,EclBin
TYC 4317-436-1,542301576027223552,EclBin
V* V1177 Cas,542812230458015744,EclBin
V* GH Cam,493233327017255424,EclBin
ZTF J034616.30+680636.3,493490230483623936,EclBin
V* PZ Cam,488661763828391040,EclBin
V* V343 Cam,470756079535324544,EclBin
HD  30088,274287714017486336,EclBin
TYC 3741-1479-1,274573071644788992,EclBin
V* MT Cam,274129762300339456,EclBin
V* AQ Cam,273447343536119296,EclBin
V* V963 Per,260632879112291968,EclBin
HD  30698,259821267731602176,EclBin
ASASSN-V J045506.21+521711.7,260713693216781184,EclBin
V* V964 Per,260292958221230976,EclBin
HD  32281,256321556580845440,EclBin
NSVS   4312408,255790080147423616,EclBin
BD+45  1047,205935268006708736,EclBin
TYC 3345-2830-1,205879119894830080,EclBin
ASAS J184555+4707.4,2119582445231479296,EclBin
ROTSE1 J184154.46+470522.5,2119393913346802560,EclBin
V* V577 Lyr,2117526564647181952,EclBin
V* V594 Lyr,2119050522122741120,EclBin
V* HP Dra,2144465183642116864,EclBin
TYC 3539-578-1,2144253733812351360,EclBin
ROTSE1 J185207.59+504514.4,2144345233795539456,EclBin
V* LU Dra,2134123245991120000,EclBin
V* V415 Dra,2132450162952712192,EclBin
V* KK Dra,2155552418378050304,EclBin
BD+60  1897,2251833280070930816,EclBin
BD+67  1172B,2248984960840503296,EclBin
TYC 4229-21-1,2254776676996096640,EclBin
TYC 4229-232-1,2260918274070512768,EclBin
V* HZ Dra,2251086922130776576,EclBin
1RXS J195021.6+701716,2251195189666315136,EclBin
HD 222461,2282997940727344896,EclBin
[GGM2006]  1421628,2286118805701621504,EclBin
HD 225020,565057240473317888,EclBin
1RXS J002827.8+785750,564727833661817472,EclBin
1RXS J003904.2+791912,564707973733132800,EclBin
V* GW Cep,565776248060972160,EclBin
V* V798 Cep,562693496631441792,EclBin
V* V796 Cep,565778176503496704,EclBin
V* V797 Cep,565778691899560320,EclBin
V* V357 Cep,562463247727853440,EclBin
TYC 4499-518-1,561189399084164608,EclBin
TYC 4335-1745-1,543659193711005056,EclBin
V* PP Cam,550644361020384512,EclBin
TYC 4339-251-1,549533064002248064,EclBin
TYC 4328-442-1,493760061807529600,EclBin
V* MX Cam,494009032471136640,EclBin
V* V345 Cam,496845394512954368,EclBin
V* V352 Cam,496582714313067904,EclBin
V* V335 Cam,490547632426955264,EclBin
V* V356 Cam,496564847249165184,EclBin
V* V362 Cam,476168528597808000,EclBin
V* V369 Cam,481925915078159872,EclBin
V* V372 Cam,478920674922062208,EclBin
V* V374 Cam,478923836017883648,EclBin
V* DP Cam,478737331356716800,EclBin
TYC 4083-993-1,477898227889276032,EclBin
V* DQ Cam,284036087186363520,EclBin
V* V373 Cam,279119754085591168,EclBin
TYC 3357-2204-1,262478065781088640,EclBin
V* V603 Aur,265859201475863808,EclBin
ROTSE1 J182629.99+462339.9,2118738260819037824,EclBin
V* V658 Lyr,2118604498357977088,EclBin
V* V649 Lyr,2118237605071936896,EclBin
V* V404 Dra,2120553726313359232,EclBin
ROTSE1 J182657.78+484147.9,2120485006838712704,EclBin
ROTSE1 J184053.17+504414.3,2144989100932161280,EclBin
V* V405 Dra,2145768139280027136,EclBin
TYC 3905-337-1,2147400806670813184,EclBin
HD 173797,2154110340158766720,EclBin
V* DD Dra,2156534144822785792,EclBin
TYC 3930-1206-1,2154736954410233856,EclBin
BD+62  1672,2252314045827464448,EclBin
V* V414 Dra,2253188840469314816,EclBin
RX J1906.5+6817,2255998200054682880,EclBin
V* DW Dra,2261785926184018944,EclBin
BD+72   890,2264839201253676032,EclBin
V* CO Dra,2289532858025243776,EclBin
NSVS   1219392,2288353249549456128,EclBin
V* V1027 Cep,2288593840734213760,EclBin
TYC 4589-330-1,2291374814878802176,EclBin
BD+79   673,2292031738716349696,EclBin
TYC 4611-941-1,2297565340221104768,EclBin
V* GV Cep,2299899775205266688,EclBin
BD+82   708,2287657366064936576,EclBin
BD+81   836,2286689349156758272,EclBin
V* V462 Cep,2286601456945437952,EclBin
V* V902 Cep,2299278443760463360,EclBin
V* OT Cep,567178812582048512,EclBin
BD+81    47,572053398600959872,EclBin
V* V358 Cep,568905973549276160,EclBin
V* V405 Cep,561747813552663680,EclBin
BD+79   111,555768841119403648,EclBin
V* CU Cam,554378989702522368,EclBin
V* QU Cam,554561302474517632,EclBin
V* NO Cam,550375255548792192,EclBin
V* V368 Cam,500790510952085376,EclBin
V* V366 Cam,500756082494297472,EclBin
TYC 4342-2747-1,483957056651054464,EclBin
TYC 4084-2204-1,285652884675665408,EclBin
V* V382 Cam,478174381403019264,EclBin
*  15 Cam,280298812805235456,EclBin
V* V364 Aur,209021386690135040,EclBin
TYC 3359-1719-1,208180913130737664,EclBin
BD+47  2607,2121683951252006016,EclBin
V* TZ Dra,2121872762311382912,EclBin
ROTSE1 J181432.55+474251.9,2121731676928582528,EclBin
ROTSE1 J182014.01+465526.2,2121461682401674752,EclBin
BD+48  2665,2122136709525411072,EclBin
V* AK Dra,2148619138570994816,EclBin
ROTSE1 J182659.96+530345.2,2148797809211002624,EclBin
ROTSE1 J182813.80+511920.1,2145215840845520384,EclBin
V* XY Dra,2149283346673008000,EclBin
NSVS   2949812,2156463776078611712,EclBin
BD+62  1621,2159966820123727104,EclBin
V* RR Dra,2157168185074459648,EclBin
TYC 4214-2176-1,2159642739071596672,EclBin
TYC 4223-1125-1,2253473515198060288,EclBin
TYC 4588-235-1,2294607860100264576,EclBin
V* V745 Cep,2300877275401950976,EclBin
V* ES Cep,573940194913611648,EclBin
V* ER Cep,573939782596761600,EclBin
V* EQ Cep,573942943692671360,EclBin
V* EP Cep,573943905765304576,EclBin
V* V369 Cep,573941500583681792,EclBin
V* V371 Cep,573942909332939136,EclBin
V* V782 Cep,573964762126481408,EclBin
V* V370 Cep,573941466223928832,EclBin
NSV   395,573717990485130368,EclBin
V* V764 Cep,573555911303616000,EclBin
V* V760 Cep,573960879476002944,EclBin
V* V791 Cep,573781281123062272,EclBin
V* V793 Cep,573771900914520960,EclBin
V* V767 Cep,573941912900532736,EclBin
V* V790 Cep,573782758592620288,EclBin
Cl* NGC  188    DGV     111,573928753120822528,EclBin
Cl* NGC  188    SMV   12215,573747844800892416,EclBin
V* V777 Cep,573552303531088000,EclBin
V* V789 Cep,573737335017790976,EclBin
V* EF Cep,556721293066247808,EclBin
V* DI Cam,556510633510697984,EclBin
V* V361 Cam,556222076130690432,EclBin
V* V375 Cam,553259549426476800,EclBin
HIP 22135,501858338604161152,EclBin
V* V383 Cam,503491598704724608,EclBin
V* V389 Cam,485759362367631488,EclBin
V* V387 Cam,480865917149225472,EclBin
V* V399 Cam,283083772678316800,EclBin
V* V365 Aur,214005575978543488,EclBin
V* LL Aur,210635508414899968,EclBin
V* MN Aur,209534244440847744,EclBin
ROTSE1 J180621.05+462500.4,2116267177154981760,EclBin
V* V1101 Her,2116395231603186048,EclBin
V* V1321 Her,2116531540981457152,EclBin
HD 234583,2124622159855909504,EclBin
ROTSE1 J181317.62+501149.5,2124609064499498368,EclBin
V* V1333 Her,2122949940108709120,EclBin
ROTSE1 J180329.78+475723.3,2122634930027541504,EclBin
V* V1102 Her,2124662876145900288,EclBin
ROTSE1 J180612.18+485827.7,2123166097222548480,EclBin
V* V1104 Her,2122992065148038784,EclBin
ASAS J181229+5446.9,2149927626127157376,EclBin
V* SX Dra,2152084760564885376,EclBin
TYC 4201-1651-1,2158578480535090048,EclBin
V* V395 Dra,2159420397204341120,EclBin
HD 170154,2256721025870161408,EclBin
V* V397 Dra,2161645087184672128,EclBin
V* V400 Dra,2259906448494403840,EclBin
BD+72   823,2260787771487150080,EclBin
BD+85   322,2303325608622456576,EclBin
V* SU UMi,2305525220289851904,EclBin
V* AV Cep,571656092649243008,EclBin
TYC 4617-426-1,558305311364252800,EclBin
V* V415 Cam,553866204966965248,EclBin
V* XZ Cam,503549456206242688,EclBin
V* V385 Cam,552348118709696256,EclBin
V* V394 Cam,498589494832168192,EclBin
V* V396 Cam,498527093248848896,EclBin
V* V416 Cam,486030495062667136,EclBin
V* V401 Cam,485086770488979712,EclBin
V* AT Cam,481410381564377600,EclBin
V* V403 Cam,481423781862164352,EclBin
V* V404 Cam,480504104804730880,EclBin
BD+63   605,286867256611824512,EclBin
V* V412 Cam,286687284599704320,EclBin
V* V405 Cam,287770372269618304,EclBin
V* V406 Cam,286639112246285056,EclBin
V* V417 Cam,283445099686452224,EclBin
V* LT Cam,270138088411765504,EclBin
V* LV Cam,270139527224869248,EclBin
TYC 3762-2586-1,269830568753611776,EclBin
V* V437 Aur,264341325671946368,EclBin
V* IZ Aur,215773526250853888,EclBin
TYC 3372-168-1,214768538263977472,EclBin
NSV  2712,215783142680724096,EclBin
NSV  2730,214960299963315072,EclBin
V* V639 Aur,215834166892494080,EclBin
TYC 3361-1420-1,197598564684524928,EclBin
V* V1072 Her,1363462558099990656,EclBin
V* LN Dra,1368889163379528448,EclBin
TYC 3906-474-1,1418325576985717120,EclBin
V* V391 Dra,1422006192159764224,EclBin
BPS BS 17447-0049,1423128656093526912,EclBin
BD+62  1583,1436617945778484608,EclBin
TYC 4203-87-1,1439459118184411648,EclBin
NSVS   2893063,1632813735487445376,EclBin
V* AU Dra,1637714117077137280,EclBin
GSC 04421-02223,1637335232242182144,EclBin
RX J1744.0+7015,1638810162667224448,EclBin
V* V380 Dra,1637759884248368768,EclBin
V* V388 Dra,1639019928870034560,EclBin
AG+75  711,1656401214840766848,EclBin
RX J1724.0+7354,1655263598262475136,EclBin
TYC 4573-1003-1,1657204236285583104,EclBin
V* VY UMi,1704795806820110080,EclBin
V* RT UMi,1709392658777262976,EclBin
RX J1730.6+7855,1706346771050441472,EclBin
BD+81   598,1710114934838264320,EclBin
V* VW UMi,1727322326172456832,EclBin
BD+88   106,1729083606361470976,EclBin
V* RZ UMi,1727679731874374272,EclBin
BD+87    64,1151984484478554496,EclBin
BD+83   171,1149573766578208256,EclBin
BD+82   160,1143647643719890560,EclBin
2MASS J07082985+8404401,1149719245710460160,EclBin
V* V444 Cam,1141226072438365824,EclBin
V* V445 Cam,1140798293695871488,EclBin
V* V464 Cam,1142832630725759360,EclBin
V* AV Cam,1140650065785228928,EclBin
TYC 4529-785-1,1116825366797600384,EclBin
V* V428 Cam,1116774686183979776,EclBin
V* V429 Cam,1116632917903552256,EclBin
BD+74   271,1114526184906183424,EclBin
V* V442 Cam,1114242923221930240,EclBin
V* V424 Cam,1114384794582339840,EclBin
V* V440 Cam,1114196193977380992,EclBin
V* V443 Cam,1115796567512107264,EclBin
TYC 4353-992-1,1113613590253563776,EclBin
V* V423 Cam,1113960795410388096,EclBin
V* V418 Cam,1107744397185173760,EclBin
V* V420 Cam,1107707597905410432,EclBin
V* V432 Cam,1107463197087997312,EclBin
V* V439 Cam,1113735700466973568,EclBin
TYC 4358-1860-1,1106188961891504640,EclBin
V* V422 Cam,1107110253854435840,EclBin
V* V426 Cam,1105400513274248704,EclBin
V* V437 Cam,1107405885043589504,EclBin
V* HQ Cam,1105121202959270784,EclBin
V* V436 Cam,1104767263294160000,EclBin
V* V419 Cam,1006366195288907136,EclBin
TYC 3751-451-1,996712994297110272,EclBin
HD  41453,972480415151103488,EclBin
V* KL Aur,972104313455572992,EclBin
V* V640 Aur,972196431913652608,EclBin
V* KM Aur,970427180265751424,EclBin
V* KO Aur,969831107524645632,EclBin
V* V549 Aur,970354818656619648,EclBin
V* V551 Aur,970353371251763712,EclBin
ATO J090.8184+46.1314,963136662259761792,EclBin
2MASS J06032124+4518575,962995748677414784,EclBin
2MASS J06032644+4557392,963133840464729344,EclBin
2MASS J06035062+4551547,963123742998353024,EclBin
[EHV2002] 1-2-0798,963110475842160640,EclBin
ATO J091.2389+45.2045,963071962872862592,EclBin
2MASS J06045886+4551331,963117691387478144,EclBin
2MASS J06050616+4519480,963079934332138240,EclBin
ATO J091.3047+45.2139,963073268542910592,EclBin
ATO J091.3080+45.5886,963106941086288896,EclBin
ATO J091.3481+46.1243,963499256281496064,EclBin
2MASS J06060816+4533010,962916931733163008,EclBin
ZTF J060613.84+452747.8,962914797132394496,EclBin
2MASS J06062719+4546565,963301004888744704,EclBin
2MASS J06063124+4513595,962888791107467008,EclBin
ZTF J060642.73+451453.7,962888683731006464,EclBin
2MASS J06064783+4604174,963311480311312384,EclBin
ATO J091.8339+45.4326,962917412769478016,EclBin
ATO J091.9999+46.0588,963320654361444480,EclBin
NSVS   5354761,1350220830329440256,EclBin
ROTSE1 J173834.17+452718.4,1362351913917115904,EclBin
ROTSE1 J174737.00+450213.9,1350142902442695168,EclBin
V* V1069 Her,1350891910379201280,EclBin
V* V1066 Her,1363631230055537408,EclBin
V* V1068 Her,1363622399602580608,EclBin
V* V1098 Her,1367245870237713792,EclBin
V* CV Dra,1422333090710125184,EclBin
HD 238699,1420597683404462080,EclBin
1RXS J173849.8+571223,1422182315882257664,EclBin
HD 238692,1435544788069863808,EclBin
TYC 4199-601-1,1438948738630842624,EclBin
RX J1724.4+6412,1632613349492009856,EclBin
TYC 4206-39-1,1632442925191438080,EclBin
[GGM2006]  1088505,1638272737703354624,EclBin
TYC 4423-1318-1,1650182407137825280,EclBin
2MASS J17025325+7150343,1651982685628796672,EclBin
2MASS J17142044+7219198,1651835424086312192,EclBin
RX J163216.6+775411,1704588956899292672,EclBin
V* V488 Cam,1138608513210028672,EclBin
BD+75   269,1115652840726270208,EclBin
TYC 4526-1604-1,1139483449587503616,EclBin
TYC 4530-743-1,1140032346409148800,EclBin
V* V478 Cam,1137013224916992128,EclBin
V* V473 Cam,1139994172739421184,EclBin
V* V462 Cam,1114919088512979968,EclBin
V* V454 Cam,1113411108315398400,EclBin
V* V461 Cam,1114764400971212416,EclBin
V* V457 Cam,1112609186383622144,EclBin
V* V466 Cam,1110098623379104384,EclBin
V* V447 Cam,1105876017691930496,EclBin
TYC 4358-256-1,1105888765154802432,EclBin
V* V455 Cam,1112408181913453312,EclBin
ATO J100.6801+67.9163,1105832105946366080,EclBin
TYC 4105-1096-1,1103964482366895744,EclBin
V* V459 Cam,1101012946481337088,EclBin
V* V451 Cam,1100525313074593408,EclBin
GSC 04105-01076,1100510504027340416,EclBin
*   2 Lyn,1004671160675810816,EclBin
V* TU Lyn,1006640523438960384,EclBin
TYC 3772-2324-1,998015438834680064,EclBin
TYC 3773-1472-1,1004321756496226432,EclBin
TYC 3768-1004-1,997971114772360064,EclBin
ASAS J061335+4914.1,969364120023764864,EclBin
V* HL Aur,970854821569494912,EclBin
V* LV Aur,969160577230846080,EclBin
ASAS J062104+4839.1,969111752042120320,EclBin
TYC 3379-389-1,969281381775240192,EclBin
BD+47  1286,968552650379269760,EclBin
ROTSE1 J172551.76+472104.7,1365211571862585600,EclBin
V* V878 Her,1366616094887138944,EclBin
HD 158260,1415133175038821888,EclBin
TYC 3891-396-1,1420449726075132928,EclBin
NSVS   2909512,1420349292560704128,EclBin
ROTSE1 J171246.47+540901.5,1419939209082310272,EclBin
ROTSE1 J172622.59+535030.6,1416345352248074752,EclBin
ROTSE1 J172751.76+541517.8,1419380283514457344,EclBin
UCAC4 734-056362,1420829886516865408,EclBin
1RXS J171519.4+582840,1433947369474122240,EclBin
V* V368 Dra,1433148741778428160,EclBin
BD+68   904,1636916769284880768,EclBin
RX J1557.8+7747,1707530498396516992,EclBin
TYC 4546-635-1,1145120714422773376,EclBin
V* V500 Cam,1137926506762647168,EclBin
V* V509 Cam,1144102119978192128,EclBin
V* FH Cam,1138343737065678720,EclBin
V* NR Cam,1138420290562688640,EclBin
V* V495 Cam,1137588613095616640,EclBin
V* HV Cam,1135939380014024704,EclBin
V* V489 Cam,1136759753126962176,EclBin
V* NS Cam,1135341864164474880,EclBin
V* V490 Cam,1135445218257022592,EclBin
V* NQ Cam,1110939028219312128,EclBin
V* V474 Cam,1108427881102595840,EclBin
V* V460 Cam,1100889869898800384,EclBin
V* V456 Cam,1100482810078438912,EclBin
V* V468 Cam,1099794206560603392,EclBin
HD 237551,1000199202070266496,EclBin
V* LX Aur,967646790236990976,EclBin
TYC 3376-39-1,965275281095094400,EclBin
V* V535 Aur,965676327960927616,EclBin
V* V579 Aur,965452199387022208,EclBin
V* V803 Her,1361389325846652416,EclBin
V* V874 Her,1414184747476338304,EclBin
V* V733 Her,1365147387870824064,EclBin
V* V1043 Her,1409270033579020288,EclBin
ROTSE1 J171159.60+513348.7,1415696782122647040,EclBin
ATO J255.8778+51.8248,1412716968172133888,EclBin
CRTS J170413.1+514201,1418704667978991104,EclBin
BPS BS 16080-0095,1430715458122768384,EclBin
RX J1657.5+5931,1437067886552221440,EclBin
NSVS   2858009,1631556340861125376,EclBin
BD+65  1134,1635944766646612992,EclBin
NSVS    997176,1648196693433178368,EclBin
BD+78   486,1714543424076802688,EclBin
V* AL Cam,1130293589667301632,EclBin
V* V514 Cam,1130167386348073472,EclBin
V* V508 Cam,1131972548219124224,EclBin
AG+76  400,1125234603525446528,EclBin
V* V494 Cam,1135485728388920704,EclBin
V* V498 Cam,1124038712831444096,EclBin
TYC 4377-807-1,1122555746523841152,EclBin
V* CD Cam,1134927863675838336,EclBin
V* NT UMa,1122780390492797440,EclBin
BD+69   430,1108699838429966080,EclBin
TYC 3792-602-1,990626926853994496,EclBin
AN  398.1934,1086803682836699520,EclBin
TYC 3775-710-1,1000642000313165184,EclBin
V* RV Lyn,979518423439750784,EclBin
V* CW Aur,964806786062172928,EclBin
AN  396.1934,964463360476351488,EclBin
V* V1041 Her,1409275423762821248,EclBin
[DCO2008] T-Dra0-00358,1427081709631931520,EclBin
ROTSE1 J165536.79+522244.6,1413637534282804352,EclBin
[DCO2008] T-Dra0-00405,1623766300978250240,EclBin
V* V492 Dra,1629007638548737792,EclBin
2MASS J15565963+6511387,1641944389281727744,EclBin
V* V341 Dra,1646549659375416064,EclBin
2MASS J14442567+7452080,1701350349695291776,EclBin
BD+77   522,1713323412846245632,EclBin
1RXS J141616.7+761254,1713720985083241088,EclBin
FBS 1109+767,1080288664125447424,EclBin
V* MW Dra,1127154075949146112,EclBin
NSVS    842188,1126823977646312064,EclBin
BD+75   383,1121321643503792896,EclBin
[GGM2006]   781877,1123888732573090048,EclBin
TYC 4378-564-1,1121560173103732992,EclBin
V* OV UMa,1121641090287596928,EclBin
V* V712 Her,1407505729733200128,EclBin
V* V1223 Her,1407429829070999168,EclBin
[DCO2008] T-Her0-00274,1359545719724787072,EclBin
NAME TrES-Her0-07621,1407718450873494784,EclBin
CRTS J163754.1+495616,1411570967818361472,EclBin
LINEAR 19231719,1412108835163179008,EclBin
V* GG Dra,1425033869225305728,EclBin
BPS BS 16084-0159,1429917384479438592,EclBin
ATO J244.1363+57.7454,1622104801470000512,EclBin
BPS BS 16079-0137,1622066043685039104,EclBin
HD 143775,1627648023701774848,EclBin
[GGM2006]  2795010,1641142978447890304,EclBin
BD+67   899,1644892970229344640,EclBin
TYC 4186-878-1,1645359369318712192,EclBin
2XMM J150940.6+671928,1645461074144025088,EclBin
TYC 4405-354-1,1687275089031283584,EclBin
BD+76   472,1691904101703496832,EclBin
2MASS J12242553+7518189,1692452036451305856,EclBin
V* MZ Dra,1692248244547544704,EclBin
HD  96971,1078659497130412288,EclBin
BD+74   443,1078200927766641280,EclBin
NSVS    870160,1077151551292660992,EclBin
BD+71   521,1071534966724220160,EclBin
HD  82814,1119321223832256640,EclBin
V* LL UMa,1071194843970282752,EclBin
V* PS UMa,1118227965676859008,EclBin
AG+60  601,1084591843399111680,EclBin
TYC 4113-270-1,1084471481235785600,EclBin
TYC 4113-466-1,1084569097252403712,EclBin
TYC 3785-155-1,988603305766742016,EclBin
1RXS J164817.3+444430,1357817283149725568,EclBin
V* V1005 Her,1411733248863118720,EclBin
[GGM2006]  5214166,1427685753832960256,EclBin
TYC 3880-1282-1,1429294369407516288,EclBin
V* FX Dra,1602057028003655040,EclBin
UCAC4 468-066224,4472405593437455744,EclBin
V* V338 Dra,1627177329645632128,EclBin
TYC 4182-1251-1,1627368129273747456,EclBin
TYC 4186-1120-1,1645296868954148608,EclBin
RX J1414.7+6804,1673326615801843328,EclBin
V* ES UMa,1070523111086221568,EclBin
NSVS    796205,1070378422226532608,EclBin
TYC 4384-1496-1,1076371104195882240,EclBin
BD+67   615,1069633773681046784,EclBin
2MASS J09531908+6903478,1070144638566715008,EclBin
TYC 4383-1955-1,1069835435281066112,EclBin
2MASS J09583456+6827189,1070240124279718272,EclBin
V* AC UMa,1044613085217396352,EclBin
TYC 4131-1403-1,1044466266055534848,EclBin
V* PW UMa,1067741312307459840,EclBin
ATO J124.4952+58.1704,1035206385284027776,EclBin
BD+46  2173,1409725197033267328,EclBin
V* V348 Dra,1427657922444724736,EclBin
NSVS   5197552,1403765672211652352,EclBin
NSVS   5210347,1403581469654926976,EclBin
RX J1547.1+5302,1596779097312755328,EclBin
V* V339 Dra,1598363390488859904,EclBin
V* CK Dra,1601890348912701952,EclBin
TYC 3875-1300-1,1602086302500681472,EclBin
V* QU Dra,1602215941793931776,EclBin
[GGM2006]  2745519,1617788187538032768,EclBin
NSVS   2766494,1620366954622475008,EclBin
TYC 4176-9-1,1668919597103153920,EclBin
BD+67   803,1672152096865024512,EclBin
V* NW Dra,1061999662586968576,EclBin
V* GZ UMa,1059944640994760448,EclBin
[GGM2006]  2569021,1066923516173792000,EclBin
G 235-20,1040191742802868992,EclBin
V* DE Lyn,1035287096309344384,EclBin
V* LZ Lyn,936346026359797760,EclBin
HD 233486,936260234388458112,EclBin
V* CD Lyn,981824717798804608,EclBin
NSV  3633,975904397438941568,EclBin
NSVS   5212910,1398975959043320576,EclBin
V* V1146 Her,1399916591240966784,EclBin
V* V1148 Her,1399760220071430784,EclBin
V* V1151 Her,1400153329838590080,EclBin
V* V1021 Her,1403051779927725952,EclBin
V* V1023 Her,1403049512185012992,EclBin
V* V1137 Her,1403239590257905920,EclBin
V* V1138 Her,1403186504462105216,EclBin
V* IV Dra,1597680284530218240,EclBin
1RXS J150615.9+564111,1612937176597138816,EclBin
2MASS J15234258+5615489,1602181960012711552,EclBin
V* PZ Dra,1612993389128756992,EclBin
V* PU Dra,1613991539528523648,EclBin
V* AR Dra,1584878773727211264,EclBin
LINEAR 1045890,1055997291171671808,EclBin
2MASS J10514067+6552519,1058835405561080704,EclBin
V* AF UMa,1053334377088480000,EclBin
BD+65   774,1053509543034809472,EclBin
HD  91543,1052402300465614080,EclBin
TYC 3812-868-1,1038726780997795584,EclBin
[GGM2006]  2443857,1031133072660974592,EclBin
V* EQ UMa,1030283321970551296,EclBin
HD 233504,1031426710984372608,EclBin
V* FI Lyn,1031356788916864640,EclBin
HD  66211,934991913366424320,EclBin
CRTS J160044.2+430841,1384462852233273600,EclBin
LINEAR 16694038,1381862850830777600,EclBin
V* V1160 Her,1385031746421666048,EclBin
V* QX Boo,1401142684144660224,EclBin
V* PS Boo,1595479916948767872,EclBin
[GGM2006]  2800223,1599118136502393216,EclBin
BD+53  1755,1594147725469406464,EclBin
V* OP Boo,1594180229781912576,EclBin
V* NU Boo,1594269462022306688,EclBin
RX J1449.4+5718,1613739235969713280,EclBin
V* TW UMa,1662416466860846976,EclBin
ATO J208.9360+59.9694,1660807370249254784,EclBin
NSVS   2701634,1664114254548761600,EclBin
[GGM2006]  2643685,1584271980747868672,EclBin
2MASS J11413226+6432344,864418316428567808,EclBin
NSVS   2532702,1051689713850911360,EclBin
TYC 3820-1149-1,1049436333489846656,EclBin
ATO J140.6357+56.0329,1024199410600988928,EclBin
2MASS J08480624+5159162,1029121309979551616,EclBin
BD+48  1624,931384273980630528,EclBin
NSVS   4782648,932006189541667968,EclBin
V* DR Lyn,931892557590355456,EclBin
V* AB Lyn,920977984835666944,EclBin
V* AA Lyn,923981403925809792,EclBin
V* V1144 Her,1384308473928386944,EclBin
G 179-55,1397434890417900544,EclBin
V* V339 Boo,1396343522048095104,EclBin
[GGM2006]  5168363,1400700641814408960,EclBin
TYC 3483-723-1,1400860040936942592,EclBin
V* QQ Boo,1394887837372693632,EclBin
V* QW Boo,1400951777142630272,EclBin
BPS BS 17446-0055,1401770299126163072,EclBin
[GGM2006]  5138233,1593805983511516800,EclBin
V* NT Boo,1592447914852276992,EclBin
V* V363 UMa,1609786766545316224,EclBin
[GGM2006]  2734792,1609795184681249536,EclBin
TYC 3854-1160-1,1657667920954905856,EclBin
V* OQ UMa,1657764437460064128,EclBin
NSV 20030,1657912798514338304,EclBin
TYC 4155-405-1,1581599342858146304,EclBin
TYC 4154-571-1,859012464431403264,EclBin
ATO J177.2005+59.7846,858559018964112000,EclBin
V* LP UMa,855120777384480512,EclBin
HD  88880B,1045639479321150720,EclBin
BPS BS 17135-0045,1019870671977804800,EclBin
ATO J135.6699+51.8505,1017294550593726976,EclBin
TYC 3415-2273-1,930637606801978240,EclBin
V* TY Lyn,930345686464761216,EclBin
HD  70271,930017757121785344,EclBin
V* DZ Lyn,928032691957434112,EclBin
TYC 2979-2068-1,928071415382524288,EclBin
BD+41  1748,922421884120961280,EclBin
V* DY Lyn,922371890701728128,EclBin
V* YY Boo,1391285764265043968,EclBin
V* PR Boo,1395223635095431552,EclBin
V* NY Boo,1592064185294453376,EclBin
V* MR Boo,1604030135978591616,EclBin
V* UY UMa,1562252095738259968,EclBin
[GGM2006]  2657877,1575432933756377472,EclBin
2MASS J11582340+5736207,845195928301617920,EclBin
V* NV UMa,856825497147943424,EclBin
V* PZ UMa,1018042012342622592,EclBin
HD  77078,1010966655017579648,EclBin
BPS BS 16473-0027,1013718217225250048,EclBin
V* RY Lyn,1010854848429158784,EclBin
V* CW Lyn,917370074867794944,EclBin
BD+40  2014B,909597661530783232,EclBin
V* QV Boo,1389528886418319360,EclBin
V* AC Boo,1587269421243711872,EclBin
TYC 3474-474-1,1586809825383788160,EclBin
V* MW Boo,1590262772931076608,EclBin
V* MN Boo,1591057651117375104,EclBin
LP  133-373,1511457269875245312,EclBin
TYC 3843-685-1,1558105837389884160,EclBin
V* TY UMa,1573684680204473600,EclBin
LB   240,841701650284496128,EclBin
V* V342 UMa,837066865176276480,EclBin
V* V343 UMa,837077791573073152,EclBin
RX J100851.6+524553,851519223968507264,EclBin
V* V337 UMa,848085586594234752,EclBin
NSVS   4881189,826946822714919424,EclBin
V* QV UMa,826104665527642112,EclBin
V* XZ UMa,1017991469167531136,EclBin
V* QT UMa,825940185460987520,EclBin
BPS BS 16926-0051,1009560276566207232,EclBin
V* FN Lyn,911963776194353536,EclBin
KUV 08397+4202,913527316088312064,EclBin
CRTS J083632.7+405501,911918764936589568,EclBin
V* FO Lyn,916541764654644608,EclBin
BD+41  1828,914741245644649472,EclBin
GSC 02975-01829,914279416401511424,EclBin
LINEAR 747079,911387357222637824,EclBin
V* EL Lyn,914675476809701888,EclBin
V* MQ Boo,1493668614846613632,EclBin
V* V354 UMa,1552544885534700800,EclBin
V* GU CVn,1559433051004489984,EclBin
ATO J150.0368+48.3863,823274483941908224,EclBin
V* V437 UMa,817802184507043200,EclBin
V* QR UMa,818089328840449664,EclBin
V* FS Lyn,912966290280920192,EclBin
V* FU Lyn,1008843768645883136,EclBin
V* AG Lyn,910212975725293056,EclBin
V* FP Lyn,910782694547326592,EclBin
V* MT Boo,1488953874626770048,EclBin
V* IL Boo,1505587733208745728,EclBin
ATO J209.3197+46.0858,1508809989472948096,EclBin
ATO J202.2147+47.4849,1552008770536722176,EclBin
V* CI CVn,1554469305760973312,EclBin
TYC 3460-2163-1,1551339305395393152,EclBin
PB    18,1531116262904511488,EclBin
[GGM2006]  5049351,1567477421671367296,EclBin
[GGM2006]  5011753,1547012143026240256,EclBin
V* MS UMa,790009691654627200,EclBin
CRTS J101920.6+453042,809398273539393280,EclBin
BD+45  1753,821013892333192064,EclBin
US 1070,808216710856257536,EclBin
BD+42  2008,814368409693740160,EclBin
BPS BS 16468-0024,815518601935681024,EclBin
V* DG Lyn,816283965107826048,EclBin
V* LY Boo,1487196133491373312,EclBin
ROTSE1 J142907.71+391359.6,1487729293552139008,EclBin
BD+38  2574A,1486717669838290944,EclBin
ATO J209.3485+43.3454,1499507502626632064,EclBin
BD+44  2258,1526621047051675648,EclBin
PB    96,1529689577845766656,EclBin
Feige  64,1542252151028439808,EclBin
HD 106237,1538922726739292672,EclBin
V* BP UMa,788568472438698240,EclBin
CRTS J112205.6+464334,788334860565830784,EclBin
V* BM UMa,788488723476411264,EclBin
V* BI UMa,831221449048778112,EclBin
HD  94118,830961204091682688,EclBin
TYC 3007-79-1,809059005482867840,EclBin
CRTS J102728.0+431743,829032974235510272,EclBin
BPS BS 16469-0033,807998904474762624,EclBin
BPS BS 16469-0030,807120188525745536,EclBin
US  924,819668605495655936,EclBin
TYC 2498-1156-1,715365118553807232,EclBin
HD 278291,137778878660049920,EclBin
V* TX Ari,115966492111381760,EclBin
1RXS J030200.7+234608,110047713642415744,EclBin
BD+15   429,33957218328739328,EclBin
ASAS J030424+0611.8,6964963781036800,EclBin
BD+01   523,544743587681792,EclBin
US 3484,138577120584320,EclBin
BD-03   501,5186601411433601664,EclBin
ATO J045.5739-02.6346,5186764134858896768,EclBin
ASAS J030521-0619.9,5180250215659097856,EclBin
HD  18996,5153975843420955136,EclBin
V* HX Eri,5104238502930199424,EclBin
V* TU Eri,5079746164163047296,EclBin
V* TV Eri,5103903843374620288,EclBin
HD  18988,5058955773674041088,EclBin
[LM84] 3-19,5046815924054174848,EclBin
2MASS J03125147+3632537,139111280595069696,EclBin
ATO J048.7620+36.3281,138433637834827008,EclBin
2MASS J03185580+3658250,234541949219163008,EclBin
V* V600 Per,125195242958705408,EclBin
BD+30   504,123450489803725824,EclBin
BD+31   582,124249834756884352,EclBin
* tau01 Ari,61292039470080384,EclBin
UCAC2  37302839,31182806894574848,EclBin
RX J0319.4+1247,17738253588011520,EclBin
BD+09   416,15353790824245120,EclBin
ATO J049.1759+09.7889,14503662177568256,EclBin
RX J0317.9+0231,3268729532576231808,EclBin
V* VV Eri,5163313888300833792,EclBin
ASAS J031529-1146.2,5162602474213538816,EclBin
BD-15   569,5155063844536982400,EclBin
V* TX Eri,5103501486541797248,EclBin
CD-25  1359,5074067358404335232,EclBin
V* TY Eri,5099527782799972736,EclBin
V* RY For,5074194867393320960,EclBin
CD-28  1115,5060289137679995776,EclBin
CD-35  1113,5047256656418364672,EclBin
V* V464 Per,234866202069484544,EclBin
V* V462 Per,222146501804160896,EclBin
NGC  1342    19,222714296480325632,EclBin
HD 278694,124507081821715328,EclBin
CRTS J032755.4+312602,124037732091640704,EclBin
V* CL Ari,117898815077090560,EclBin
BD+20   565,61055988067824000,EclBin
US 3909,42068002074040704,EclBin
US 3959,16857372975344896,EclBin
TYC  653-673-1,16368949294412800,EclBin
GSC 00655-01429,17557177766628608,EclBin
V* V1223 Tau,12452763754396800,EclBin
V* V1222 Tau,12491177941817856,EclBin
RX J0327.9+0422,3275356078703099392,EclBin
V* V1121 Tau,3267602876755171968,EclBin
FASTT   61,3264516508961211008,EclBin
FASTT   62,3264538297330373504,EclBin
FASTT   65,3264841453302134784,EclBin
FASTT   67,3264988100665638400,EclBin
FASTT   75,3264504246829635968,EclBin
FASTT   79,3264830561265077504,EclBin
V* V1241 Tau,3262756401298707584,EclBin
V* KZ Eri,3262960425129476864,EclBin
HD  21008,5099882757552596992,EclBin
ASASSN-V J032346.14-252911.4,5061942425210550272,EclBin
CD-32  1301,5054137026523976832,EclBin
[CWH2004] CF358-019,4860736534674665216,EclBin
V* V901 Per,224322057360143232,EclBin
V* V674 Per,221661338001278592,EclBin
HD  22766A,71877862543976192,EclBin
Cl Melotte   22   289,68303006644185856,EclBin
Cl Melotte   22   395,65288523718574720,EclBin
Cl* Melotte   22     DH     258,65237911823760640,EclBin
Cl* Melotte   22     AK   II-465,57344071170762880,EclBin
TYC 1242-639-1,58143858503985536,EclBin
ASAS J033654+1403.3,41380983402083712,EclBin
ATO J055.3369+15.4014,43088421880335616,EclBin
V* V1377 Tau,3271277719493709440,EclBin
V* V1125 Tau,3263955178211141248,EclBin
BPS CS 22176-0018,5115230840364708480,EclBin
2MASS J03391438-1810092,5108208225238473088,EclBin
NSVS  14851224,5101240134720839680,EclBin
V* HV Per,223383619888979200,EclBin
V* V1094 Per,224725921724753920,EclBin
HD 278949,222994431428548864,EclBin
V* V340 Per,218942181325329536,EclBin
HD 279160,219753105510768768,EclBin
HD 279025,219841547476249472,EclBin
HD 281155,217090294503143168,EclBin
HD 279189,218752343771016448,EclBin
V* V339 Per,217282086267133440,EclBin
LSR J0354+3333,218519487823384192,EclBin
HD 281317,168010809860975360,EclBin
V* AN Tau,167167862399179264,EclBin
V* AH Tau,66847287606832768,EclBin
V* V1188 Tau,66797878305841920,EclBin
V* V529 Tau,66786539592172928,EclBin
V* CU Tau,69948116558111488,EclBin
BD+22   576C,64118608987606912,EclBin
V* V375 Tau,66455174277022208,EclBin
TYC 1261-573-1,63788411902062720,EclBin
Cl Melotte   22  1403,65206232145123584,EclBin
Cl* Melotte   22     AK   II-553,63537551450293120,EclBin
Cl* Melotte   22     DH     773,63661521387693824,EclBin
HD  24344,49852170738212992,EclBin
V* V1284 Tau,43781732682547456,EclBin
ATO J056.8091+09.5479,3302626891947209728,EclBin
HD  23952,36615734367427072,EclBin
RX J0354.4+1204,36789491562148992,EclBin
V* V1230 Tau,3303128681565940864,EclBin
FASTT   90,3257791693983238656,EclBin
FASTT   83,3257705073083930368,EclBin
FASTT   84,3257875016348725376,EclBin
2MASS J03560359+0001090,3257416382561635968,EclBin
[ZJM2003] SA 95-1215,3257480081220006912,EclBin
2MASS J03544402+0009599,3257436139411134592,EclBin
FASTT   95,3257538840669130368,EclBin
HD  24017,3246413947660275328,EclBin
CRTS J034702.8-033600,3249569163777183232,EclBin
CRTS J034840.1-042238,3246372922131239424,EclBin
ASAS J034703-0704.2,3243523881345216256,EclBin
NSVS  12164819,3246335847973575936,EclBin
V* CD Eri,3242760133080902400,EclBin
ATO J056.4553-10.3874,5115965657729610496,EclBin
V* GK Eri,5108804572859487744,EclBin
TYC 5882-489-1,5109667414608668288,EclBin
V* BU Eri,5088684334703914240,EclBin
BD-22   694,5087617945863684608,EclBin
CD-29  1464,4887997933349445120,EclBin
CPD-33   412,4859380050859336320,EclBin
HD 279291,219423939217782016,EclBin
GSC 02370-02586,219461185173551360,EclBin
HD 279317,218607895430463104,EclBin
GSC 02365-02562,218650295347439104,EclBin
V* V379 Per,168547577694204800,EclBin
V* V947 Per,170174507007965184,EclBin
V* IL Tau,164322841703827712,EclBin
HD 281606,164234193578546816,EclBin
V* V1093 Tau,163729861338768128,EclBin
V* V1295 Tau,163488243658690560,EclBin
Cl* Melotte   22     AK   IV-675,163548540701259648,EclBin
V* V1022 Tau,163851907130075776,EclBin
V* CF Tau,53192796302413952,EclBin
UCAC4 558-008593,53015431332511232,EclBin
Cl* Melotte   25  REIDA     515,50525140574797696,EclBin
HD 285322,40456397202533376,EclBin
HD 286351,38526200242503808,EclBin
BD+04   631,3272580640773775872,EclBin
HD  24901,3246587533057651200,EclBin
TYC 5882-1135-1,5097229051880047616,EclBin
BD-19   802,5094612867040545408,EclBin
V* GT Eri,4883981932768909568,EclBin
CD-34  1506,4882303523972578432,EclBin
TYC 7032-690-1,4883338821544537216,EclBin
HD 279663,177626554443330816,EclBin
HD 279662,177646242573990784,EclBin
GSC 02370-00646,225404904517332096,EclBin
2MASS J04104915+3804457,226027159377149440,EclBin
V* RV Per,170773504628242432,EclBin
NSV  1545,176958188812062592,EclBin
HD 281538,170581193171383296,EclBin
HD 281845,175712991891932928,EclBin
HD 281771,169479894836177280,EclBin
HD 281777,166438473875406336,EclBin
HD 281819,164798139962321408,EclBin
V* BN Tau,165976301033061504,EclBin
V* V407 Tau,162391339072387072,EclBin
ATO J062.8197+22.2562,52750861345590656,EclBin
V* V1311 Tau,47802028228409600,EclBin
ATO J062.8337+19.5668,48761214684367104,EclBin
V* V1305 Tau,46008479948911360,EclBin
FASTT  110,3255940180825845248,EclBin
FASTT  111,3255875245217202176,EclBin
FASTT  158,3254142655410757120,EclBin
TYC 4726-489-1,3255039822538524416,EclBin
TYC 5312-1803-1,3195738659327486976,EclBin
BD-09   846,3192427750641242112,EclBin
V* ZZ Eri,3191927374067457408,EclBin
V* BL Eri,3189462062839263360,EclBin
TYC 7036-705-1,4869819089131819392,EclBin
HD  27342,4844367147295252864,EclBin
CD-39  1360,4844494725003381632,EclBin
HD 276286,227681099743399296,EclBin
HD 276186,227917563462950784,EclBin
V* IK Per,228201031304747008,EclBin
HD 276272,228100494710031232,EclBin
NSV  1559,227900452313276928,EclBin
NSV  1580,228492195730567424,EclBin
HD 279872,178206065787335680,EclBin
2MASS J04293158+3952473,179708376629210240,EclBin
V* V590 Per,176204233071472512,EclBin
HD 281976,172589519873694080,EclBin
HD 282159,165433653387180928,EclBin
2MASS J04290824+2421265,146357130941128064,EclBin
LP  415-61,47973655121174016,EclBin
ATO J065.3558+16.6796,3313831636987512320,EclBin
TYC 1269-257-1,3314211651397520384,EclBin
HD  27268,3310265641604692224,EclBin
Cl* Melotte   25     VA     358,3310748503303845632,EclBin
BPS BS 17585-0096,3307750409972683776,EclBin
ATO J066.6117+09.9498,3299720642195201280,EclBin
V* V1234 Tau,3287574543401563264,EclBin
BD+02   697,3280096661742632960,EclBin
TYC   78-1076-1,3280810176069106304,EclBin
FASTT  113,3255723306453031424,EclBin
FASTT  124,3254934990975647488,EclBin
FASTT  126,3278707806757398016,EclBin
FASTT  130,3254670455349770496,EclBin
FASTT  131,3278628607560588032,EclBin
FASTT  136,3254709247494568320,EclBin
V* LU Eri,3254587476581664000,EclBin
V* TZ Eri,3202234883261674368,EclBin
BD-10   930,3179512204162967296,EclBin
V* AX Eri,3178543293900016512,EclBin
V* AM Eri,3177845237158592512,EclBin
BD-13   871,3176933162200130304,EclBin
GSC 05319-01471,3176907285021006848,EclBin
TYC 5894-1373-1,3170562076433105792,EclBin
HD  27880,4897307326502742528,EclBin
HD  28451,4898014106320948992,EclBin
BD-21   867,4899255076991501568,EclBin
BD-21   874,4899065033279012224,EclBin
CD-25  1890,4893114510709064192,EclBin
CD-26  1640,4895464441935073408,EclBin
CD-34  1686,4870998212272880896,EclBin
V* RT Cae,4865477839267805952,EclBin
CD-38  1557,4865466912871027200,EclBin
CD-41  1394,4840078845788245248,EclBin
HD 276501,204286928277112704,EclBin
HD 276540,203866292062876416,EclBin
V* HK Per,204004761808299904,EclBin
HD 276712,203107495897777664,EclBin
HD 276600,204219548832317056,EclBin
V* V959 Per,178473762510208000,EclBin
HD 280033,175637640985491072,EclBin
2MASS J04303511+3945440,179696934836510976,EclBin
V* EU Aur,173941433844107008,EclBin
V* V958 Per,172078792427206528,EclBin
V* HU Aur,173791492242628992,EclBin
V* HM Tau,159170427134525952,EclBin
ATO J069.2670+29.7922,158964852819573376,EclBin
V* IV Tau,157947186089241728,EclBin
V* GW Tau,150983704071647744,EclBin
GSC 01833-00930,147907442335587712,EclBin
V* V778 Tau,146270613120133120,EclBin
HD 284583,146461859423498240,EclBin
V* V1149 Tau,3409645176177644032,EclBin
2MASS J04311685+1306420,3307547481358221056,EclBin
BPS BS 17574-0030,3306416599289687424,EclBin
HD 286945,3294261566964506112,EclBin
V* V1112 Tau,3287255032194835072,EclBin
V* V1249 Tau,3286151397399345280,EclBin
HD  28773,3279588275053294464,EclBin
HD  28967,3279260002112789760,EclBin
FASTT  122,3231211893735386880,EclBin
FASTT  128,3230475014785939584,EclBin
V* LW Eri,3206464013001487232,EclBin
FASTT  156,3229407320276008064,EclBin
FASTT  161,3229208549189848704,EclBin
CRTS J044031.5-022038,3205065816464779008,EclBin
TYC 4742-976-1,3201166638994689408,EclBin
V* KN Eri,3201253672212377472,EclBin
V* HL Eri,3198489809217227392,EclBin
BD-07   859,3198281103870644864,EclBin
BD-15   823,3173171354965156224,EclBin
V* AO Eri,3170994425021057664,EclBin
V* AN Eri,3171397670910518656,EclBin
V* HN Eri,4894803944686634624,EclBin
TYC 6467-1989-1,4893086026486513280,EclBin
CRTS J043940.1-340206,4868176659278560896,EclBin
CD-36  1828,4866667132892723456,EclBin
TYC 7044-517-1,4867339484252457216,EclBin
TYC 7045-1289-1,4867327973740056064,EclBin
HD 276878,203649516476892672,EclBin
V* HP Per,202820866961543168,EclBin
HD 280136,199549510629063040,EclBin
V* OX Per,174511260042244480,EclBin
V* V585 Aur,161021003986635776,EclBin
V* V450 Tau,155312790588704768,EclBin
V* V590 Tau,148333120839695232,EclBin
V* V954 Tau,146400424211513088,EclBin
HD 284753,3413462508748707968,EclBin
V* V1332 Tau,146514258024752512,EclBin
HD 286016,3409886965654995712,EclBin
NGC  1647    47,3409915621676766464,EclBin
NGC  1647   154,3409895688731919616,EclBin
2MASS J04463285+1901432,3409899571382745088,EclBin
V* V1342 Tau,3406800391703449984,EclBin
BPS BS 17575-0001,3296177809572305152,EclBin
HD 287085,3293128520231614976,EclBin
HD 287093,3293025681534765824,EclBin
V* V1833 Ori,3289394475665177216,EclBin
V* V1799 Ori,3288861521762554624,EclBin
V* CC Tau,3231257798345761536,EclBin
FASTT  123,3230929765923445760,EclBin
ASAS J044830+0017.9,3229913473582327296,EclBin
FASTT  157,3229320527577165184,EclBin
ASAS J045156-1629.8,2980852202739698944,EclBin
BD-21   986,2973973211317803776,EclBin
CD-22  1813,2973607761141164672,EclBin
CD-34  1906,4873188920472407808,EclBin
ATO J075.8151+43.6954,205486770341061248,EclBin
V* V596 Aur,202007670744137728,EclBin
HD 277169,200009690606836864,EclBin
HD 280284,198940140671216128,EclBin
V* HW Aur,200705471011033344,EclBin
HD 280281,198915710897412480,EclBin
HD 277144,201609857984043520,EclBin
V* FG Aur,198407697866912128,EclBin
HD  31992,198874681070146560,EclBin
HD 280339,186887053687634688,EclBin
HD 280246,198726693680477696,EclBin
LS   V +33    4,161630172085534976,EclBin
TYC 2392-21-1,184654667126468608,EclBin
HD 282610,160047455161035904,EclBin
V* AM Aur,160539039937167744,EclBin
V* EI Aur,160628001596621568,EclBin
V* GY Aur,157000089964222720,EclBin
V* OZ Aur,157616095651067008,EclBin
[KW97] 20-19,156732977357829888,EclBin
V* BE Aur,156725559952010240,EclBin
V* CG Aur,155829694195831808,EclBin
V* AP Tau,153987775998189568,EclBin
HD 284015,3419892860769926016,EclBin
V* V592 Tau,3420011028204878208,EclBin
V* V1061 Tau,3419586925954723968,EclBin
HD 285001,3418303692807043200,EclBin
GJTR  418,3418678420113477504,EclBin
GJTR 1416,3418682715080701056,EclBin
2MASS J05033648+2341033,3418681061517382528,EclBin
V* V1352 Tau,3419679731607745792,EclBin
HD 286205,3408149973504810368,EclBin
HD  31762,3405515582300888192,EclBin
HD 286158,3405388794866163584,EclBin
CRTS J045429.4+130722,3296292158781537664,EclBin
V* V1202 Ori,3291503884426213888,EclBin
V* V2832 Ori,3291889847366746752,EclBin
V* V1639 Ori,3291700117187842816,EclBin
V* V1801 Ori,3238176612703359104,EclBin
ASAS J050336+0503.6,3239797361562708480,EclBin
V* ET Ori,3231583219428074752,EclBin
V* V1637 Ori,3224813968715417216,EclBin
V* EQ Ori,3224767071968129152,EclBin
HD 293774,3213204294158235392,EclBin
ASAS J050204-0248.1,3213280611432679296,EclBin
V* V1638 Ori,3225008891512074752,EclBin
CRTS J045624.8-042627,3212592317153577216,EclBin
2MASS J04563662-0504506,3212485664524727168,EclBin
2MASS J04574840-0406528,3212698179508364800,EclBin
HD  31525,2987524687833072512,EclBin
HD  31956,2972995264445446016,EclBin
ATO J074.7774-23.0490,2972949978310255616,EclBin
ASAS J050334-2521.9,2959321566043375360,EclBin
CD-29  1965,4876782571148915712,EclBin
1RXS J050205.7-284235,4877160184671833984,EclBin
HD  32166,4873929682072265984,EclBin
V* S Cae,4873586840602406016,EclBin
CPD-33   665,4873621406499058432,EclBin
TYC 7049-1230-1,4873012483215621760,EclBin
HD  32124,4813704344977123328,EclBin
HD 272318,4813704619855029504,EclBin
HD 272305,4811923097483480320,EclBin
HD  32417,202186100857732736,EclBin
HD 277497,201334563459334528,EclBin
HD 277502,201280829133019648,EclBin
HD  32768,202427654116059648,EclBin
HD 277600,202360240309450880,EclBin
V* EK Aur,188395544984370816,EclBin
HD 280583,187262429531485824,EclBin
V* IL Aur,187232570921519744,EclBin
V* EM Aur,187224225801772544,EclBin
V* DO Aur,185743355437201536,EclBin
V* CK Aur,185767716491526144,EclBin
HD 280442,188054838116118912,EclBin
ATO J077.0107+36.9919,186516032935128704,EclBin
HD 280500,185500706964811520,EclBin
V* II Aur,184921126897867264,EclBin
HD  33671,185395080832205440,EclBin
HD 280520,184905007882589440,EclBin
V* CL Aur,181924442315418112,EclBin
V* IK Aur,181796241834211200,EclBin
V* DN Aur,181769514256042368,EclBin
V* CH Aur,157304487183043712,EclBin
HD 241422,180564754450899200,EclBin
V* PS Aur,181335585118558208,EclBin
TYC 2393-1231-1,180664986105502208,EclBin
V* V599 Aur,181350836546742784,EclBin
V* AS Tau,3422198021257299712,EclBin
V* V723 Tau,155572447131746688,EclBin
V* NT Aur,156063409138145536,EclBin
SV* HV  6887,156091760218819968,EclBin
HD 284089,3420038206757955840,EclBin
V* V1356 Tau,3418243181011822720,EclBin
2MASS J05053269+2359239,3418704396075750016,EclBin
2MASS J05060361+2341258,3418503146790485376,EclBin
ATO J075.9605+23.1282,3418365952652544768,EclBin
CRTS J050352.1+233757,3418668902466149632,EclBin
GJTR 2042,3418661648265064960,EclBin
2MASS J05040934+2341171,3418669379206340608,EclBin
ATO J077.9110+23.6029,3415823808752360320,EclBin
TYC 1846-1489-1,3415771517527863296,EclBin
TYC 1295-1648-1,3415034776018068352,EclBin
NGC  1817   180,3394757509561465344,EclBin
NGC  1817   259,3394759094406004480,EclBin
Cl* NGC 1817    BJG     732,3394801906640135040,EclBin
2MASS J05124588+1644536,3394745900266468992,EclBin
2MASS J05131705+1644178,3394768577694037632,EclBin
2MASS J05140265+1638410,3394012938327168640,EclBin
CRTS J051039.9+164545,3394801318230035712,EclBin
Cl* NGC 1817    ABS V18,3394742631794765312,EclBin
2MASS J05114095+1643127,3394753906085607552,EclBin
Cl* NGC 1817    ABS V16,3394757926174916224,EclBin
Cl* NGC 1817    BJG      11,3393962292073912832,EclBin
2MASS J05122210+1621496,3393978505573976960,EclBin
ATO J078.1536+16.4185,3393980571453687168,EclBin
2MASS J05135621+1613238,3393959161041051392,EclBin
2MASS J05135167+1615415,3393962292073110912,EclBin
CRTS J051256.0+161536,3393973390268384384,EclBin
K2-308,3393982701757444352,EclBin
CRTS J051317.3+163213,3393987542185444864,EclBin
2MASS J05103788+1615543,3394631512401324032,EclBin
V* FK Ori,3290747802679152000,EclBin
V* FM Ori,3290995020996697984,EclBin
TYC  698-906-1,3290498076101368576,EclBin
V* V1851 Ori,3386802611653969920,EclBin
HD  33446,3241924366805485696,EclBin
BPS BS 17575-0195,3290031367775010176,EclBin
NSV  1866,3240729025867388032,EclBin
TYC  107-1600-1,3240438892236462848,EclBin
NSV  1884,3235700203279000192,EclBin
HD 289934,3227718607855019136,EclBin
HD 290028,3215360784353478400,EclBin
V* V1845 Ori,3226868444848664704,EclBin
V* FL Ori,3214549168677781632,EclBin
HD 293922,3208777802079281792,EclBin
V* V1010 Ori,3213036519851300608,EclBin
V* WW Eri,3183973610030739328,EclBin
BD-06  1108,3208347927393169280,EclBin
TYC 4762-734-1,3211319357566526080,EclBin
ASAS J051134-1034.4,2990232754910113152,EclBin
ATO J077.7876-15.3987,2983482475069851264,EclBin
V* AL Lep,2975096190646552448,EclBin
CRTS J051413.8-214206,2962828320942793600,EclBin
CD-24  2805,2959804904482886656,EclBin
ASAS J050957-2305.4,2962252589166599168,EclBin
CD-29  2061,4876111834695900160,EclBin
CD-35  2104,4824337099158440064,EclBin
TYC 7587-1889-1,4820366487791722240,EclBin
CD-40  1794,4819171597830232320,EclBin
HD 273474,4812145959043726464,EclBin
HD 273095,4812563666086445056,EclBin
HD 278131,195034400490887296,EclBin
2MASS J05180034+3901143,187862904618711808,EclBin
HD 277900,195062815995460096,EclBin
LS   V +40   44,194161972374950784,EclBin
LS   V +40   45,194160868564417920,EclBin
HD 278136,194217497713350528,EclBin
HD 278143,194183859528154112,EclBin
V* IR Aur,187924717789028736,EclBin
V* V425 Aur,194978119239970944,EclBin
V* IO Aur,187832423233062016,EclBin
V* RY Aur,187759477506721920,EclBin
HD 280737,187802564620416000,EclBin
V* IP Aur,187072596276797184,EclBin
HD 280984,187638187630979840,EclBin
HD  35214,182494534796972032,EclBin
Cl* NGC 1893   SPOS      M,181175606178406912,EclBin
2MASS J05234307+3333356,182490175410096896,EclBin
ATO J081.0575+33.5800,182491171842456192,EclBin
NSVS   6869020,182043533170475776,EclBin
TYC 2398-1197-1,183565252965160448,EclBin
HD 241979,180634131060621440,EclBin
HD 242473,180804692802840832,EclBin
2MASS J05232775+3312470,180980030547932288,EclBin
ATO J081.1943+33.3117,182468288256777344,EclBin
ZTF J052457.20+331113.2,182466291101056384,EclBin
2MASS J05244613+3314536,182467497982817664,EclBin
ATO J081.0522+33.2691,180970306741899648,EclBin
2MASS J05235631+3310525,180967454883665920,EclBin
NSV  1954,180860149421522560,EclBin
NSV  1935,3446406007422928256,EclBin
V* V606 Aur,3446527911476423424,EclBin
V* V725 Aur,3445626316238418048,EclBin
V* V726 Aur,3445667028232268416,EclBin
SV* HV  6895,3445807250326888960,EclBin
V* V562 Aur,3446672531616613632,EclBin
NSVS   6864960,3446764688731868672,EclBin
IRAS 05184+2719,3421282952705062272,EclBin
V* V1236 Tau,3420725092287812736,EclBin
SV* HV  6890,3420540610556234112,EclBin
ASASSN-V J052522.29+242108.6,3416533376006040064,EclBin
SV* HV  6897,3415476367375839104,EclBin
HD  34351,3413897262519134464,EclBin
TYC 1291-1193-1,3395622795150115328,EclBin
SV* HV  6898,3395590943672074496,EclBin
SV* HV  6901,3394527196236105728,EclBin
HD 242285,3390392001722794240,EclBin
NSV  1945,3390573421141874944,EclBin
HD  35065,3241116672435186816,EclBin
V* FH Ori,3237104279626651136,EclBin
NSV  1977,3237526560812569088,EclBin
HD 287678,3234434046920438656,EclBin
HD 290144,3215499563336788352,EclBin
TYC 4764-74-1,3208269277952253952,EclBin
BD-09  1134,3014262822053190016,EclBin
V* SU Lep,2985233958435820544,EclBin
Cl* NGC 1904    FCF    2588,2957940854319653632,EclBin
ASAS J052526-2256.3,2958749545120329216,EclBin
TYC 6475-1200-1,2958627155731569152,EclBin
CD-29  2153,2954396922181630336,EclBin
CD-28  2151,2907005256605202816,EclBin
TYC 7048-484-1,4826691810684358912,EclBin
V* RZ Col,4822361104963340032,EclBin
HD  35649,4819621298082774144,EclBin
CRTS J051737.5-363943,4820814749235218432,EclBin
CD-39  1935,4819467229015867648,EclBin
V* V608 Aur,193866405606272000,EclBin
V* V354 Aur,191392199503897728,EclBin
TYC 2909-177-1,193665813452969472,EclBin
LS   V +38   14,190574025414348928,EclBin
LS   V +37   15,189477498786255104,EclBin
[D75b] Em* 05-060,189495713746035328,EclBin
V* V426 Aur,183265949583240064,EclBin
V* V841 Aur,183407339905581312,EclBin
NGC  1907   105,183263097725025920,EclBin
NGC  1960   122,3449519240238757376,EclBin
V* IT Aur,3447428106560855168,EclBin
V* NN Aur,3447909142896208128,EclBin
TYC 2404-561-1,3447894196410327424,EclBin
HD 243875,3446223076174708736,EclBin
V* V555 Aur,3445502621181121152,EclBin
2MASS J05321923+3028282,3446267640755218944,EclBin
NSV  2004,3446129548967192832,EclBin
KUV 05301+2609,3441135429714599936,EclBin
V* AL Tau,3441118593443031936,EclBin
V* V1409 Tau,3417026060294666240,EclBin
SV* HV  6913,3440841340416480768,EclBin
AAO+23   44,3416239359725001600,EclBin
V* V1237 Tau,3417675936090136192,EclBin
NSV  1995,3416144251969450752,EclBin
V* V1367 Tau,3416621332639542912,EclBin
NSV  1979,3403970768464498816,EclBin
V* V418 Tau,3397926443808876160,EclBin
V* V417 Tau,3397816423926116864,EclBin
SV* HV  6905,3400640553902726272,EclBin
SV* HV  6908,3401112759787020672,EclBin
V* V1370 Tau,3400848636477450880,EclBin
V* DT Tau,3390924856842230784,EclBin
HD 244941,3389742606964719360,EclBin
V* V1865 Ori,3390786554598709504,EclBin
V* V1371 Ori,3389121863931014912,EclBin
TYC  709-619-1,3340660854577592576,EclBin
V* OS Ori,3334848591298950016,EclBin
ATO J082.8032+10.4619,3338277491325553664,EclBin
GSC 00705-00728,3338279930866941568,EclBin
HD  35804,3337230992477186432,EclBin
V* V1015 Ori,3237686299235702400,EclBin
V* V925 Ori,3334320344680103168,EclBin
V* V651 Ori,3236878467426905088,EclBin
V* FF Ori,3224106918315990272,EclBin
TYC  122-134-1,3236890768213178112,EclBin
V* V1811 Ori,3220914108346870784,EclBin
HD 290625,3222411677543540864,EclBin
HD 290509,3220654962904696064,EclBin
HD 294216,3209866662188610944,EclBin
JW  312,3017265244711916928,EclBin
COUP   638,3017364338210682624,EclBin
2MASS J05342678-0519414,3209425758025084544,EclBin
ATO J082.2354-04.8571,3209693454748029952,EclBin
Kiso A-0975 167,3209921500331023744,EclBin
V* PX Ori,3215575872018845696,EclBin
ATO J082.5393-04.7224,3209716235254492928,EclBin
Parenago  1142,3209865047279917952,EclBin
Parenago  2062,3215860581108483328,EclBin
[OW94] 160-551,3017360524264986752,EclBin
2MASS J05351567-0431011,3209634768316027136,EclBin
V* V1891 Ori,3215981252509391104,EclBin
V* V2685 Ori,3216075947947737088,EclBin
2MASS J05360595-0500413,3209554126010313600,EclBin
* tet01 Ori B,3017364132049943680,EclBin
2MASS J05362022-0514214,3017371205847139200,EclBin
GSC 04778-00001,3016515785800567552,EclBin
V* V2262 Ori,3015576321834116352,EclBin
V* V2384 Ori,3017245105609559168,EclBin
V* V2712 Ori,3015487300049288960,EclBin
V* AP Lep,2984065349374491776,EclBin
BD-20  1121,2965421519117912576,EclBin
TYC 5928-1192-1,2964973639927946880,EclBin
V* RU Col,2905533010535981696,EclBin
CD-35  2294,4821664568644052480,EclBin
CD-33  2343,4823262914953734016,EclBin
V* PX Aur,193023496801842688,EclBin
V* IY Aur,193069745009196544,EclBin
V* V355 Aur,192915229266153216,EclBin
V* V569 Aur,196438373758855296,EclBin
V* ZZ Aur,192674161342208256,EclBin
V* XX Aur,191926905752564992,EclBin
V* V565 Aur,190869927182236672,EclBin
V* V620 Aur,192670995948015104,EclBin
LS   V +34   60,3449432340161065600,EclBin
BD+34  1158,3454627949218109952,EclBin
HD 247657,3454386400258847616,EclBin
V* V567 Aur,3448610493877746560,EclBin
V* FN Aur,3448375194091156480,EclBin
V* FR Aur,3448220643987819136,EclBin
V* FO Aur,3448175740107527808,EclBin
V* BC Aur,3448268442682431360,EclBin
HD 247061,3445004336257528960,EclBin
V* MP Aur,3445089960724086656,EclBin
V* MO Aur,3445109953796896512,EclBin
TYC 2408-585-1,3448361037878954496,EclBin
V* V618 Aur,3448122413793999104,EclBin
V* MM Aur,3442708933932658560,EclBin
HD 247441,3443294419580026112,EclBin
HD 246970,3443366957282996864,EclBin
2MASS J05473863+2833477,3443331841630522624,EclBin
TYC 1873-390-1,3444239106226160896,EclBin
V* V1374 Tau,3443327787181575424,EclBin
2MASS J05444088+2847239,3443383553036576384,EclBin
V* ET Tau,3441688106106307456,EclBin
HD 247188,3443095721508835072,EclBin
V* V1166 Tau,3441427723712935936,EclBin
V* GQ Tau,3440953559323666688,EclBin
HD 245819,3440914049921640320,EclBin
HD  37938,3428393258181273856,EclBin
V* V1238 Tau,3403477740579261312,EclBin
V* V419 Tau,3396837308822997504,EclBin
V* HY Tau,3399231147498442112,EclBin
TYC 1306-1382-1,3399425696634265088,EclBin
V* V660 Ori,3395782018177743488,EclBin
V* V1218 Tau,3396579267188248704,EclBin
V* V504 Ori,3341161231151021824,EclBin
TYC  722-219-1,3341148419265909248,EclBin
V* V420 Tau,3346493729404040320,EclBin
V* V2762 Ori,3337025761759515776,EclBin
V* V959 Ori,3340299458850039808,EclBin
V* V2735 Ori,3334831553164909440,EclBin
V* V517 Ori,3340003514126857856,EclBin
V* V2759 Ori,3336174503539321088,EclBin
V* V519 Ori,3336159415317512064,EclBin
V* V1815 Ori,3334805057509014912,EclBin
V* V664 Ori,3334941122073953152,EclBin
V* V962 Ori,3333771074199387520,EclBin
TYC  128-587-1,3333450841437621248,EclBin
HD 247465,3321130401331518720,EclBin
V* FZ Ori,3223238093675753344,EclBin
HD 288191,3222493586864241024,EclBin
V* V1403 Ori,3217431439626587520,EclBin
2MASS J05410868-0021139,3219239135524972672,EclBin
CRTS J054237.0-020140,3216580142747709056,EclBin
CRTS J054435.4-002606,3219013087102781824,EclBin
V* V1353 Ori,3218979689437164800,EclBin
Parenago  2614,3215678057881633280,EclBin
ASAS J053845-0820.0,3015398578907515776,EclBin
BD-08  1190,3015425177641279616,EclBin
V* WX Lep,3010252834427350016,EclBin
TYC 5358-373-1,3008626175693577344,EclBin
HD  38427,2963970129409046656,EclBin
V* AT Lep,2914375008169496832,EclBin
TYC 6498-1635-1,2908100988662536064,EclBin
CD-28  2406,2904632162618374400,EclBin
TYC 7061-75-1,2902652015192968064,EclBin
CRTS J054632.6-323425,2901136574634793856,EclBin
TYC 7065-507-1,2888439968410364032,EclBin
CD-38  2165,4808506541195698688,EclBin
TYC 7601-1490-1,4808157308815323904,EclBin
CD-44  2224,4802599964731600640,EclBin
CD-44  2217,4802214551546022528,EclBin
V* V371 Aur,193482332452700416,EclBin
V* V404 Aur,193338502586556416,EclBin
TYC 2924-1365-1,196606667757071104,EclBin
TYC 2919-617-1,191940752726987264,EclBin
TYC 2417-16-1,3456165341350696576,EclBin
HD 248784,3451442217354511744,EclBin
HD 248286,3444970526273070336,EclBin
V* RZ Aur,3445123805067615360,EclBin
V* MR Aur,3444858410447310720,EclBin
V* FV Aur,3444812398461088640,EclBin
TYC 2405-471-1,3445125965431531648,EclBin
UCAC4 606-026000,3444120840004703616,EclBin
TYC 2410-180-1,3451199122208739712,EclBin
V* V542 Aur,3451180877186676096,EclBin
V* V544 Aur,3451201218151755264,EclBin
BD+30  1042,3444006769972270080,EclBin
V* MT Aur,3449851017871468928,EclBin
V* FW Aur,3443960968440707840,EclBin
V* SV Tau,3443145538834992768,EclBin
V* MU Aur,3443715949148156288,EclBin
V* V424 Tau,3430725833441666560,EclBin
V* CT Tau,3430795519289951744,EclBin
V* V1239 Tau,3430921825687292416,EclBin
ASASSN-V J055424.46+261831.6,3430643511806573056,EclBin
V* V1427 Tau,3431266247707176448,EclBin
ATO J089.5337+25.5014,3429594302836540544,EclBin
V* CR Tau,3428085085687792640,EclBin
V* EN Tau,3428271001934024320,EclBin
V* V423 Tau,3428120544937633024,EclBin
ASAS J055426+2236.1,3424317746532983296,EclBin
GSC 01863-01281,3424866574634776448,EclBin
GSC 01867-01157,3428063984511905408,EclBin
TYC 1867-983-1,3428073678255047936,EclBin
NSV  2662,3427288764390393216,EclBin
V* QV Ori,3399696932408345600,EclBin
V* V335 Ori,3424019160406631808,EclBin
V* UW Ori,3399013478555414912,EclBin
TYC 1320-502-1,3398960328337926144,EclBin
TYC 1324-1971-1,3424302589593339776,EclBin
Cl* Berkeley   21    TPM     134,3424170480692215040,EclBin
HD 248845,3350099612147625088,EclBin
V* V666 Ori,3350101673731906944,EclBin
TYC 1320-324-1,3350625041266070784,EclBin
V* EW Tau,3348136051881298048,EclBin
V* AM Tau,3349641974793228160,EclBin
V* V338 Ori,3348986975099429248,EclBin
HD 248952,3349557552916670592,EclBin
V* V641 Ori,3346885735360830208,EclBin
V* V726 Tau,3349642073575256192,EclBin
TYC 1299-1910-1,3348093072147064320,EclBin
NSV  2686,3348044178239751040,EclBin
NSV  2697,3349623145657220352,EclBin
2MASS J05522967+1555082,3348072108409676800,EclBin
USNO-A2.0 1050-02787345,3348072112706810368,EclBin
V* V665 Ori,3343190281078357760,EclBin
ASAS J055936+1312.4,3343687741372196736,EclBin
V* V2772 Ori,3343074351321412096,EclBin
V* V912 Ori,3336711580610025216,EclBin
V* V525 Ori,3336670005326420736,EclBin
V* FR Ori,3335792045291875328,EclBin
V* V1023 Ori,3335344922015762304,EclBin
V* V528 Ori,3323014826824798976,EclBin
HD 290980,3218662549052720000,EclBin
V* V1383 Ori,3018601391856781952,EclBin
V* V640 Ori,3011651585017390976,EclBin
TYC 5352-29-1,3010865532985022976,EclBin
ASAS J055426-1233.5,2998377902686710016,EclBin
1RXS J055046.6-175630,2967575015718842496,EclBin
HD  40014,2991728571761851776,EclBin
BD-17  1315,2990890640822577920,EclBin
V* RS Lep,2918271196342199808,EclBin
CRTS J055833.2-231947,2916406149743994752,EclBin
TYC 6503-327-1,2909430092061393536,EclBin
TYC 7066-697-1,2887834618539920256,EclBin
V* ST Col,2882810400156716160,EclBin
ASAS J055707-4159.8,4803865983651907456,EclBin
TYC 7602-27-1,2882823903534386944,EclBin
TYC 7606-326-1,4803975041461233152,EclBin
TYC 2933-1424-1,960667601523013120,EclBin
TYC 2937-1992-1,961174373305562112,EclBin
V* V641 Aur,960842561312703232,EclBin
V* CP Aur,3458316776367109760,EclBin
HD  41887,960570470840103552,EclBin
ASASSN-V J060300.62+341405.7,3451645592644988928,EclBin
ASASSN-V J061006.30+354125.8,3453325474613867264,EclBin
V* GW Aur,3450690937376772992,EclBin
HD 251094,3450648301240008064,EclBin
HD 251404,3450550715284909824,EclBin
V* FZ Aur,3450360744589356544,EclBin
V* V855 Aur,3450350780265266048,EclBin
ASASSN-V J060640.55+325141.5,3450553227842652288,EclBin
V* MW Aur,3431650045984146560,EclBin
V* LR Aur,3431413444824977408,EclBin
V* V576 Aur,3437563283938211328,EclBin
LS   V +30   31,3437721136875257472,EclBin
TYC 2419-730-1,3437789340956759552,EclBin
TYC 2420-304-1,3438025667234550528,EclBin
V* DP Gem,3430445874592104192,EclBin
ATO J090.0252+25.4701,3429600448930886016,EclBin
V* LP Gem,3430140480939285760,EclBin
V* BH Gem,3430127080641342848,EclBin
V* LO Gem,3426632802628132224,EclBin
TYC 1872-1413-1,3430529952872346752,EclBin
ATO J090.1483+25.5517,3429607011640681216,EclBin
GSC 01868-01430,3429680369681591552,EclBin
ATO J091.3440+25.4445,3426646439144508928,EclBin
V* EO Tau,3424904026749213184,EclBin
V* HL Gem,3424584996578402304,EclBin
HD 252126,3426280649668315776,EclBin
V* HO Gem,3426341328965843584,EclBin
HD 251696,3425346064783408384,EclBin
V* BS Gem,3425074691570434688,EclBin
UCAC4 568-022827,3424633856126040064,EclBin
TYC 1864-677-1,3426177982769884288,EclBin
Cl* NGC 2168     SB      57,3426288238877035136,EclBin
Cl* NGC 2168     SB      59,3426288243170078720,EclBin
NGC  2168   426,3426262610805859840,EclBin
NGC  2168   481,3426283776404043776,EclBin
NGC  2168   218,3426264534951019392,EclBin
NGC  2168   214,3426264496294244608,EclBin
V* V393 Gem,3426270887205761152,EclBin
Cl* NGC 2168     SB    1052,3426265565743124480,EclBin
Cl* NGC 2168     SB    1126,3426293908230518144,EclBin
NGC  2168    94,3426267794829161472,EclBin
NGC  2168   480,3426283673324829184,EclBin
GSC 01877-00483,3425270950100335872,EclBin
[M67b] +23 296,3424902068244375296,EclBin
[M67b] +23 346,3424596404011494272,EclBin
TYC 1864-797-1,3426160871620228096,EclBin
TYC 1877-964-1,3425384199794747264,EclBin
HD 252612,3425482949682959616,EclBin
Cl* NGC 2158    MSS V55,3426177394363640320,EclBin
Cl* NGC 2158    MSS V1,3426151761990297216,EclBin
[NBN2015] 183,3426177604808526464,EclBin
Cl* NGC 2158    MSS V3,3426152243026625280,EclBin
Cl* NGC 2158    MSS V5,3426165918205888512,EclBin
Cl* NGC 2158    MSS V7,3426154957445987072,EclBin
Cl* NGC 2158    MSS V8,3426179838195259136,EclBin
[NBN2015] 65,3426177501732987392,EclBin
Cl* NGC 2158    MSS V12,3426177673531670016,EclBin
Cl* NGC 2158    MSS V13,3426177428723413504,EclBin
Cl* NGC 2158    MSS V14,3426158771376991488,EclBin
Cl* NGC 2158    MSS V15,3426151555831848704,EclBin
Cl* NGC 2158    MSS V16,3426173580424404224,EclBin
Cl* NGC 2158    MSS V17,3426177742252131584,EclBin
Cl* NGC 2158    MSS V18,3426177360003914752,EclBin
Cl* NGC 2158    MSS V19,3426174546795608704,EclBin
Cl* NGC 2158    MSS V20,3426177497437918720,EclBin
Cl* NGC 2158    MSS V21,3426159428511280640,EclBin
Cl* NGC 2158    MSS V22,3426177879690676224,EclBin
Cl* NGC 2158    MSS V23,3426175435850262912,EclBin
Cl* NGC 2158    MSS V24,3426166059940677888,EclBin
Cl* NGC 2158    MSS V25,3426177669236569728,EclBin
Cl* NGC 2158    MSS V26,3426178085848500608,EclBin
Cl* NGC 2158    MSS V27,3426178051488748800,EclBin
Cl* NGC 2158    MSS V28,3426180349296086528,EclBin
Cl* NGC 2158    MSS V29,3426154785647275520,EclBin
[NBN2015] 419,3426178734397921024,EclBin
Cl* NGC 2158    MSS V31,3426176157404768000,EclBin
Cl* NGC 2158    MSS V32,3426177433014110208,EclBin
Cl* NGC 2158    MSS V33,3426165608968435328,EclBin
Cl* NGC 2158    MSS V34,3426152517904550528,EclBin
Cl* NGC 2168    HIZ V2,3425490337028048128,EclBin
Cl* NGC 2168    HIZ V3,3425407499994961152,EclBin
Cl* NGC 2168    HIZ V5,3425511403843823488,EclBin
Cl* NGC 2168    HIZ V8,3426326313760353536,EclBin
Cl* NGC 2168    HIZ V11,3426337961711537152,EclBin
Cl* NGC 2168    HIZ V13,3426320506964227328,EclBin
Cl* NGC 2158    MSS V61,3426156572353741184,EclBin
[NBN2015] 90,3426178974906701184,EclBin
Cl* NGC 2158    MSS V62,3426177841040281216,EclBin
Cl* NGC 2158    MSS V63,3426159394151542912,EclBin
Cl* NGC 2158    MSS V64,3426177501732999168,EclBin
Cl* NGC 2158    MSS V65,3426165235307016448,EclBin
Cl* NGC 2158    MSS V67,3426177604812183680,EclBin
Cl* NGC 2158    MSS V68,3426179082280876544,EclBin
Cl* NGC 2158    MSS V69,3426177600522095744,EclBin
Cl* NGC 2158    MSS V70,3426170522407679360,EclBin
Cl* NGC 2158    MSS V96,3426177810971219200,EclBin
HD 251042,3422912708109741184,EclBin
GSC 01325-01004,3423640065117339136,EclBin
HD 251258,3349538448900232832,EclBin
V* V914 Ori,3348661377920163456,EclBin
V* EG Ori,3346115905422637952,EclBin
V* V341 Ori,3345445375130590208,EclBin
V* DZ Ori,3345948058101560576,EclBin
V* V1025 Ori,3345910915223542016,EclBin
NGC  2169    25,3345190876845151360,EclBin
V* V1388 Ori,3342421035256268544,EclBin
V* V343 Ori,3342736079696731264,EclBin
V* GU Ori,3344023676532540032,EclBin
V* EF Ori,3344047105578955136,EclBin
HD 252416,3330366951842593536,EclBin
TYC  725-2087-1,3342314004671211520,EclBin
ASAS J060719+1331.8,3344332119606188672,EclBin
ASASSN-V J060848.26+132824.9,3344314119400136704,EclBin
HD 251452,3329412197791844224,EclBin
TYC  721-1309-1,3329844645160971648,EclBin
V* V1626 Ori,3329740814330728960,EclBin
V* DX Ori,3322530251433528832,EclBin
HD  41691,3322031000136978176,EclBin
V* V2783 Ori,3319040019273650560,EclBin
HD 252631,3318911067173736064,EclBin
TYC  142-1262-1,3321889128777257088,EclBin
V* V2778 Ori,3316538909494160128,EclBin
TYC  138-95-1,3318548129555313792,EclBin
HD 294598,3024802671798151296,EclBin
V* V392 Mon,3021060690130606208,EclBin
BD-06  1418,3019951587838682112,EclBin
CRTS J060758.5-062855,3018448491020271872,EclBin
2MASS J06080887-0618579,3019965022497205248,EclBin
TYC 4794-1400-1,3018300125670463360,EclBin
BD-09  1351,3004453460346514816,EclBin
TYC 5370-1732-1,2994745627369955072,EclBin
BD-16  1384,2992673808164507776,EclBin
HD  42322,2993156459409678208,EclBin
TYC 5374-1271-1,2993168210440080768,EclBin
TYC 5932-177-1,2991446233492515456,EclBin
BD-19  1337,2942380703200115200,EclBin
TYC 5944-2655-1,2917999170293259392,EclBin
V* V Lep,2941305449547549824,EclBin
HD  41974,2916855575124736640,EclBin
V* TT Lep,2917102518563339776,EclBin
CD-22  2715,2916745589600131840,EclBin
V* RU Lep,2912997594978306432,EclBin
CD-24  3670,2913158089316210944,EclBin
CD-25  2921,2912716429238772992,EclBin
HD  41491,2910333680163490048,EclBin
HD  41389,2891011794827355520,EclBin
V* AW Col,2889951899978087296,EclBin
CD-33  2771,2886765824518536832,EclBin
TYC 7075-1564-1,2889675785120709376,EclBin
TYC 7079-483-1,2886081034932290560,EclBin
CRTS J060345.1-393520,2882943475423385728,EclBin
CRTS J060944.1-404418,5572746081177163520,EclBin
V* LT Aur,961876518854824064,EclBin
V* LU Aur,960223467544936704,EclBin
V* V379 Aur,960019856033376768,EclBin
V* QT Aur,956438540502605312,EclBin
NSVS   7051868,955160457018403968,EclBin
V* V644 Aur,3440572857718190976,EclBin
HD 253037,3452050487801803136,EclBin
HD 253358,3440035608849895936,EclBin
V* EP Aur,3438358368283006080,EclBin
TYC 2421-659-1,3438901977998743808,EclBin
ASASSN-V J061156.04+323751.0,3439993655609557504,EclBin
NSVS   7040747,3438419051879726208,EclBin
V* GI Aur,3436776892605802496,EclBin
V* V645 Aur,3433744512554429696,EclBin
TYC 1881-933-1,3426793331323158016,EclBin
TYC 1882-433-1,3432089678834367360,EclBin
V* V396 Gem,3432145307249552000,EclBin
V* V380 Gem,3426102868085225088,EclBin
GSC 01881-00851,3426912800133319040,EclBin
V* HR Gem,3425927289821612160,EclBin
V* HP Gem,3426686369458153600,EclBin
LS   V +23   42,3425238965478579712,EclBin
V* BT Gem,3425221540795470464,EclBin
V* WW Gem,3425230989723134208,EclBin
HD 255133,3377550981519271936,EclBin
HD 255312,3377474634180963584,EclBin
V* LT Gem,3377522566015784192,EclBin
GSC 01877-00901,3425046688383985152,EclBin
LS   V +20   27,3375115322745527040,EclBin
V* FT Ori,3376855677854277376,EclBin
BD+20  1321,3374180359904040576,EclBin
V* V668 Ori,3374914352634908032,EclBin
V* V671 Ori,3375857390015251072,EclBin
V* V673 Ori,3374015604960052864,EclBin
TYC 1323-513-1,3375533755639805056,EclBin
HD 254205,3376579730497095168,EclBin
TYC 1327-300-1,3375811244887601792,EclBin
TYC 1327-1570-1,3375964210145270272,EclBin
V* V672 Ori,3373933863142620416,EclBin
V* V669 Ori,3373988215950185472,EclBin
TYC 1318-540-1,3370336364174724992,EclBin
TYC 1323-1546-1,3370882409138878976,EclBin
V* V2790 Ori,3374103973908764032,EclBin
V* V645 Ori,3345794126474803968,EclBin
V* FY Ori,3368981422252356864,EclBin
V* V1027 Ori,3345652529993463552,EclBin
HD 253252,3345652809168161792,EclBin
ATO J093.9798+15.3881,3345036258022349824,EclBin
TYC 1315-1096-1,3345023579279045120,EclBin
V* V1823 Ori,3369067184158791552,EclBin
V* CW Ori,3330388765977622016,EclBin
HD 253054,3344032438265696384,EclBin
HD 256016,3332102496587545472,EclBin
ATO J093.8685+12.2697,3331889118314834304,EclBin
[JYY2003] NIR 283,3344575631366615296,EclBin
Cl* NGC 2194    PCA     107,3344072050745865344,EclBin
Cl* NGC 2194    PCA     138,3344083428118796288,EclBin
Cl* NGC 2194    PCA     192,3344071672788720896,EclBin
Cl* NGC 2194    PCA     521,3344082328607262464,EclBin
Cl* NGC 2194    PCA    1028,3344069821659201664,EclBin
Cl* NGC 2194    PCA    1507,3343987289566739968,EclBin
Cl* NGC 2194    PCA    1702,3344065629774357760,EclBin
V* EH Ori,3329856125612538880,EclBin
V* V1028 Ori,3330744771526935552,EclBin
V* DE Ori,3330757759507324160,EclBin
V* V1392 Ori,3328809012586330496,EclBin
ATO J093.2367+10.2738,3329911272992070656,EclBin
TYC  735-2750-1,3328993008985319424,EclBin
NSVS   9692165,3325184060186731392,EclBin
HD  44093,3317713016116143616,EclBin
V* V647 Ori,3125037209804153984,EclBin
V* V1633 Ori,3317510186281035904,EclBin
V* V958 Mon,3125483263629982976,EclBin
V* V2793 Ori,3317499603482657152,EclBin
HD  43756,3122021833524056832,EclBin
HD  44563,3118262117935872512,EclBin
ASAS J062049-0011.1,3121738022085099904,EclBin
HD 294909,3020700561415606528,EclBin
HD  43610,3007709217356986496,EclBin
HD  43824,3007509587276344832,EclBin
HD  43367,3000621142630849792,EclBin
V* HY CMa,2944608653059127808,EclBin
V* RT CMa,2943006909431991808,EclBin
TYC 5937-103-1,2943015568086195968,EclBin
V* EG CMa,2937912008768537216,EclBin
V* WW CMa,2937746089892527744,EclBin
TYC 5946-264-1,2938379305510654464,EclBin
CRTS J061308.7-220749,2937834669298082560,EclBin
2MASS J06145890-2122405,2937986539343112960,EclBin
V* IQ CMa,2912061017229342848,EclBin
V* TX CMa,2913740658681952512,EclBin
CD-27  2802,2899571836447775872,EclBin
V* U Col,2892734553453510272,EclBin
CRTS J061920.2-320300,2892907009276963200,EclBin
ASAS J061717-3427.6,2885675074623964928,EclBin
CRTS J062011.8-382702,5574579997852955776,EclBin
HD  42901,5571422166099830016,EclBin
V* GX Aur,955689425189250432,EclBin
V* V580 Aur,3436002217943996800,EclBin
V* V399 Gem,3384199625252420352,EclBin
TYC 1887-1036-1,3432557624110472832,EclBin
ATO J098.2044+27.3358,3432498353562178688,EclBin
V* HU Gem,3383408457918015616,EclBin
TYC 1883-2053-1,3383916294850472704,EclBin
V* HY Gem,3382207791220885248,EclBin
V* GT Gem,3372923716898449024,EclBin
V* SX Gem,3372627746408311168,EclBin
UCAC4 550-027392,3372473260726120832,EclBin
V* CP Gem,3372633243965641088,EclBin
V* AY Gem,3372278891983646720,EclBin
V* AC Gem,3372703921947329920,EclBin
1RXS J062401.5+202800,3375659271764487424,EclBin
V* GZ Gem,3370842517482830336,EclBin
V* KK Gem,3371352141120260864,EclBin
V* DV Gem,3372144030011084032,EclBin
BD+18  1217,3372143926931876736,EclBin
V* OW Gem,3369457476429102336,EclBin
V* IZ Gem,3369487369400099712,EclBin
V* OP Gem,3369585015478758272,EclBin
ASAS J062701+1747.4,3369778671261546624,EclBin
TYC 1337-314-1,3371448554546064512,EclBin
HD 256320A,3356684346769640320,EclBin
HD  45193,3369354122335487872,EclBin
V* V1824 Ori,3369234344286239232,EclBin
HD 256346,3332641287345711872,EclBin
TYC 1328-1566-1,3368844258177870592,EclBin
TYC 1328-919-1,3368951563640192768,EclBin
V* CQ Ori,3332588961764220928,EclBin
GSC 00740-01132,3330904475589667072,EclBin
TYC  740-8-1,3331348609567365376,EclBin
HD 257862,3327565391915393152,EclBin
V* V727 Mon,3327295702341978624,EclBin
V* VX Mon,3327189638116614144,EclBin
KHA  23,3327701971883631104,EclBin
GSC 00733-00949,3326338753554950912,EclBin
V* V1635 Ori,3330460062437110528,EclBin
V* V904 Mon,3326408744341312512,EclBin
HD 258916,3132094390828257920,EclBin
V* DR Mon,3132130395534963456,EclBin
V* DQ Mon,3324376533317097728,EclBin
ASAS J062554+0655.6,3324516725349160576,EclBin
HD 256974,3324529434155497728,EclBin
TYC  732-34-1,3324689932789834112,EclBin
TYC  732-1910-1,3324714671801332096,EclBin
V* V903 Mon,3132059270875909120,EclBin
V* TV Mon,3131579681946988416,EclBin
Cl* NGC 2244    CDZ     352,3131695989662971776,EclBin
2MASS J06312240+0447229,3131326485034349440,EclBin
ATO J098.2943+05.0661,3131711550323752576,EclBin
V* V714 Mon,3131358744531469056,EclBin
GSC 00154-01854,3130353314164091520,EclBin
V* V874 Mon,3130103858165194752,EclBin
V* V873 Mon,3124103277755890176,EclBin
HD 291665,3120322671445708928,EclBin
V* V722 Mon,3119898775351649536,EclBin
HD 291635,3118442644000513536,EclBin
HD 291769,3119029890586578944,EclBin
HD 294970,3116604088759446400,EclBin
HD 295082,3104668413303476096,EclBin
ASAS J062929-0911.1,3003234411190539648,EclBin
TYC 5364-779-1,3006214500018098048,EclBin
HD  45263,2999659314775092992,EclBin
HD  45095,2999621175465730560,EclBin
V* KL CMa,2951130032620831872,EclBin
TYC 5376-2515-1,2951347147506753920,EclBin
TYC 5947-2908-1,2944933563045315456,EclBin
BD-17  1516,2940702431840839424,EclBin
TYC 5955-1946-1,2940044378430134016,EclBin
V* V405 CMa,2938260764414523136,EclBin
V* RU CMa,2936804255103474688,EclBin
V* TU CMa,2924225807721081600,EclBin
V* V362 CMa,2936549889959807360,EclBin
CD-25  3246,2923966529135941248,EclBin
V* IX CMa,2899053588515140864,EclBin
V* IW CMa,2895088990103688064,EclBin
V* NW CMa,2893941752798700800,EclBin
V* NU CMa,2893942676214829952,EclBin
Cl* NGC 2243    KKM V1,2893942680511639168,EclBin
V* NS CMa,2893945704168650112,EclBin
V* NX CMa,2893929658170795392,EclBin
TYC 7078-631-1,2892023001929503744,EclBin
Cl* NGC 2243    KKM V7,2893942676214831744,EclBin
V* V413 CMa,2893941989018368896,EclBin
V* V410 CMa,2893942680511634560,EclBin
V* V408 CMa,2893941885939190912,EclBin
V* AK Col,5581946553963396352,EclBin
CD-44  2733,5556773746344102528,EclBin
BD+44  1488,964289190963287680,EclBin
HD  47956,963990531820495872,EclBin
V* V646 Aur,957972599740477056,EclBin
TYC 2932-337-1,957257814103220480,EclBin
HD 261633,938741282378527360,EclBin
V* AK Aur,937881601724611200,EclBin
HD 259900,3434939338094495360,EclBin
V* HZ Gem,3383940621545351680,EclBin
TYC 1888-310-1,3385644486611125760,EclBin
TYC 1888-1789-1,3385804568631623296,EclBin
TYC 1897-1168-1,3383034142928438016,EclBin
V* KO Gem,3382935015082535936,EclBin
HD 261572,3379317450028716032,EclBin
ATO J100.2607+23.8098,3382804993533818624,EclBin
V* KM Gem,3372686084945976320,EclBin
V* IO Gem,3377989613641133312,EclBin
V* IM Gem,3378943890952326912,EclBin
V* CX Gem,3378948529517000064,EclBin
V* CV Gem,3378853765358822656,EclBin
V* CU Gem,3379122664673145728,EclBin
V* TZ Gem,3371855129033090432,EclBin
V* OR Gem,3378228658638299136,EclBin
ASAS J063546+1928.6,3371873103473296896,EclBin
V* EN Gem,3371396632683721600,EclBin
V* LY Gem,3359420103497862272,EclBin
V* KR Gem,3371686014698026752,EclBin
V* DD Gem,3371684709027988352,EclBin
V* IN Gem,3359024348031116160,EclBin
V* ES Gem,3359054515881729920,EclBin
TYC 1333-449-1,3371164021552450048,EclBin
2MASS J06340266+1753066,3371064305295441664,EclBin
V* AZ Gem,3356117681664371584,EclBin
V* V382 Gem,3357942737827210624,EclBin
V* KQ Gem,3357780766020569600,EclBin
V* LZ Gem,3355937159898930560,EclBin
TYC 1330-2152-1,3356223926275293440,EclBin
V* HH Gem,3355376335950972544,EclBin
V* AV Gem,3352759365136786304,EclBin
V* UW Gem,3352754825353040768,EclBin
HD 261780,3351840547073984896,EclBin
V* V639 Mon,3352094504200424064,EclBin
TYC  745-1249-1,3355660770163141632,EclBin
HD 260020,3326827726990883200,EclBin
V* GO Mon,3326453338983133568,EclBin
NGC  2264   221,3326749726087533312,EclBin
HD 261171,3326790824632642560,EclBin
V* V684 Mon,3326715714242517248,EclBin
NGC  2264     1,3326898301892774912,EclBin
HD 261264,3326497358106106752,EclBin
HD 261523,3134317568979215616,EclBin
ATO J098.7848+08.6975,3326365725949340160,EclBin
GSC 00746-00358,3134326841810817920,EclBin
[K72c] 88,3326379882161299584,EclBin
GSC 00733-00122,3326377953718910208,EclBin
GSC 00750-01753,3326732958533948672,EclBin
[K72c] 388,3326948359734745984,EclBin
Cl* NGC 2264    PSB      15,3326589785802012928,EclBin
Cl* NGC 2264    SBL    1924,3326929809772913792,EclBin
Cl* NGC 2264    RMS    3861,3326740315813077760,EclBin
Cl* NGC 2264    RMS    4228,3326638091298376576,EclBin
V* NS Mon,3325959692621979776,EclBin
V* CC Mon,3133487781299099392,EclBin
TYC  158-565-1,3133736717604127232,EclBin
V* V907 Mon,3133801898027686400,EclBin
V* V906 Mon,3133777124656015872,EclBin
V* V908 Mon,3133616905195600768,EclBin
GSC 00158-02092,3131915067354894336,EclBin
GSC 00158-03121,3133675660349340416,EclBin
GSC 00746-01418,3133659988008276224,EclBin
HD 263162,3133977094032889216,EclBin
V* BZ Mon,3130913888996963712,EclBin
HD 261021,3130204399057090432,EclBin
V* V499 Mon,3127564780879563776,EclBin
V* V496 Mon,3130154504419311232,EclBin
V* V442 Mon,3127581475411633536,EclBin
V* V396 Mon,3130193129062856448,EclBin
V* V909 Mon,3130795489639630080,EclBin
HD 260217,3130213774967983744,EclBin
GSC 00150-00008,3130243122482097664,EclBin
TYC  151-238-1,3127569621303199232,EclBin
ASAS J064252+0446.9,3130763324624263680,EclBin
GSC 00155-00042,3131096236128739328,EclBin
NSV  3066,3127185724244865408,EclBin
LS  VI +05   12,3131698974659312384,EclBin
V* V910 Mon,3130620839088516992,EclBin
2MASS J06392566+0514301,3131019927450793600,EclBin
ATO J100.5568+04.1563,3127609104941888256,EclBin
ATO J100.7966+04.2126,3127701322180568064,EclBin
V* V498 Mon,3126733545790541824,EclBin
HD  47361,3119651007281361152,EclBin
V* GU Mon,3125506151511957120,EclBin
HD 288961,3126690909653533312,EclBin
Cl* Collinder  110     DI    1236,3126754750047159424,EclBin
Cl* Collinder  110     DI    1129,3126750798678879360,EclBin
V* V393 Mon,3119201036443237760,EclBin
V* V501 Mon,3107300364962651520,EclBin
V* V445 Mon,3107012297218840704,EclBin
V* V404 Mon,3119335692258618496,EclBin
HD 292018,3118892825291823360,EclBin
V* V502 Mon,3106540705506428544,EclBin
TYC 4799-1260-1,3107052253292979456,EclBin
HD  47075,3119644650726492544,EclBin
V* V494 Mon,3106642616494459904,EclBin
V* V394 Mon,3104824269076564992,EclBin
HD 295399,3100712778484470400,EclBin
HD 295371,3105331590613598208,EclBin
2MASS J06370890-0249138,3106642513412571904,EclBin
V* V397 Mon,3104038427500416640,EclBin
HD  47557,3002349643631831936,EclBin
V* V877 Mon,3002394006353377152,EclBin
ASAS J064451-1454.2,2947577716708976896,EclBin
TYC 5390-2044-1,2952180714759539456,EclBin
NSV  3070,2947035794914547200,EclBin
V* EI CMa,2940556299874498048,EclBin
BD-19  1516,2939269944289931648,EclBin
V* EL CMa,2939259906947506688,EclBin
HD  47247,2926495955636543744,EclBin
TYC 6521-1967-1,2925174102142273664,EclBin
IRAS 06337-3028,2894049608018087424,EclBin
TYC 6520-935-1,2894476390328069632,EclBin
CRTS J064414.4-335150,5582656666676846336,EclBin
TYC 7099-1437-1,5577641794141922048,EclBin
V* EQ Aur,940258707206310528,EclBin
HD 263268,936986255661390336,EclBin
V* AE Gem,3386398472411289344,EclBin
V* PR Gem,3385547759651642112,EclBin
TYC 1898-2911-1,3381996135231504384,EclBin
V* KW Gem,3381405422609790464,EclBin
HD  50107,3380255780122386688,EclBin
TYC 1893-1141-1,3379631841633278720,EclBin
V* V372 Gem,3378713955582471424,EclBin
V* V383 Gem,3379669873566155008,EclBin
HD  49241,3365830045829448832,EclBin
V* MP Gem,3365663714635965952,EclBin
V* V367 Gem,3377939929460203392,EclBin
V* MM Gem,3359238095666425472,EclBin
V* EY Gem,3359132787365290752,EclBin
V* KY Gem,3364543655883222272,EclBin
V* DG Gem,3365386255448673920,EclBin
TYC 1334-240-1,3359132198950172416,EclBin
TYC 1334-1336-1,3359580318657942784,EclBin
V* V414 Gem,3364520222541368320,EclBin
V* V409 Gem,3365482020338551040,EclBin
V* V410 Gem,3358197102969163904,EclBin
V* MN Gem,3357445552413178880,EclBin
V* KV Gem,3357657105321577984,EclBin
V* MR Gem,3355121764648447744,EclBin
V* AI Gem,3355022331865348352,EclBin
V* AH Gem,3355014394764322688,EclBin
V* QT Gem,3354445221401694464,EclBin
V* MQ Gem,3354907600398894208,EclBin
V* KX Gem,3354978798075750400,EclBin
TYC 1331-518-1,3354921554752179584,EclBin
V* V415 Gem,3354756967305340800,EclBin
V* FO Gem,3353219854348930688,EclBin
V* IS Mon,3350708737292652032,EclBin
V* IU Mon,3158797091562377856,EclBin
V* FV Mon,3158187004348393856,EclBin
V* V643 Mon,3134159823421972608,EclBin
TYC  751-2713-1,3158459129174076544,EclBin
GSC 00751-00602,3158670338485660288,EclBin
TYC  751-1476-1,3158654743464022400,EclBin
HD 265111,3133300108407767040,EclBin
V* CK Mon,3129733464487202176,EclBin
V* CH Mon,3129810739537692672,EclBin
ATO J101.6241+08.0862,3134106595887244160,EclBin
V* V917 Mon,3157104363348530944,EclBin
V* V915 Mon,3132895827426647168,EclBin
V* V919 Mon,3157148683112874368,EclBin
V* FY Mon,3127347421176019840,EclBin
V* CE Mon,3127238878761939712,EclBin
V* V842 Mon,3129272734754407168,EclBin
HD 266040,3128265307223728768,EclBin
V* V449 Mon,3126476333086994560,EclBin
TYC  156-404-1,3127461873463899776,EclBin
HD 289072,3126428504331390976,EclBin
V* V507 Mon,3125738423345810048,EclBin
G 108-25,3125722720945464576,EclBin
V* V450 Mon,3113605965370125184,EclBin
V* GV Mon,3113609057746454784,EclBin
V* DK Mon,3126095760325897216,EclBin
V* V513 Mon,3125673139842929152,EclBin
V* V456 Mon,3114103872337722368,EclBin
V* V455 Mon,3113318855396367744,EclBin
V* V454 Mon,3114080198477416960,EclBin
V* V451 Mon,3125690899537865856,EclBin
HD 292516,3113579405293192064,EclBin
HD 289182,3126152045877143168,EclBin
TYC  148-1962-1,3113627268406821120,EclBin
TYC  149-3376-1,3114001991413324032,EclBin
V* V560 Mon,3113465296600156032,EclBin
V* V509 Mon,3107172963353901184,EclBin
2MASS J06451196-0111422,3107155199368722688,EclBin
LS  VI -01    9,3112293522142593920,EclBin
V* V878 Mon,3112311084270615168,EclBin
V* V521 Mon,3112537068267699328,EclBin
V* V514 Mon,3113437430852548992,EclBin
V* V380 Mon,3106282462014368512,EclBin
V* MS Mon,3113286793458384128,EclBin
V* CF Mon,3113217219290106112,EclBin
V* V515 Mon,3106240268256932864,EclBin
V* V453 Mon,3106217144153708800,EclBin
V* DW Mon,3106091005252450304,EclBin
GSC 04801-01323,3112384850327099904,EclBin
V* V506 Mon,3105443603360651776,EclBin
HD 295427,3105664742637175680,EclBin
V* HI Mon,3102528381419183616,EclBin
V* MT Mon,3102847484610782208,EclBin
HD 295645,3105799565952315136,EclBin
V* XZ Mon,3102134588758006912,EclBin
V* V452 Mon,3102362222024224000,EclBin
V* V379 Mon,3105910105529857536,EclBin
V* EI Mon,3101134342414089984,EclBin
NSVS  15186142,3051136834282738048,EclBin
V* EH Mon,3099278813465140096,EclBin
V* DY Mon,3100349291113886336,EclBin
V* V745 Mon,3050648204442984448,EclBin
V* V880 Mon,3050255953671089280,EclBin
V* V879 Mon,3049440425277190784,EclBin
V* KT CMa,2953175124248860800,EclBin
V* EX CMa,2949272716964862720,EclBin
V* V375 CMa,2949647100674633728,EclBin
V* FK CMa,2949578724796040448,EclBin
TYC 5391-507-1,2949236742319554176,EclBin
TYC 5391-1071-1,2948997358019743744,EclBin
TYC 5950-2136-1,2947955502029532544,EclBin
NSV  3256,2933239363534272640,EclBin
TYC 5953-1366-1,2945841381690485504,EclBin
TYC 5958-1128-1,2933241047162237440,EclBin
V* KV CMa,2926208502069148544,EclBin
HD  49125,2933348868018685312,EclBin
NGC  2287    24,2926994412366391552,EclBin
CPD-20  1640,2926990632787433344,EclBin
TYC 6522-1336-1,2922782286399030912,EclBin
ASAS J065202-2320.9,2922633714889161088,EclBin
V* V416 CMa,2920996679510801408,EclBin
V* BG CMa,2921026916081362688,EclBin
1RXS J064530.3-280936,2918783534402408832,EclBin
TYC 7092-52-1,5583940690100212992,EclBin
TYC 7096-948-1,5582328939195136640,EclBin
V* V417 Gem,884234745778150784,EclBin
TYC 1906-1411-1,887460953411254272,EclBin
TYC 1898-2558-1,3380892466074502656,EclBin
V* V416 Gem,3367971207286073600,EclBin
V* AL Gem,3366117434979328896,EclBin
TYC 1352-1219-1,3365940860284603392,EclBin
TYC 1352-1558-1,3365088360815293952,EclBin
V* MT Gem,3364453221051199744,EclBin
V* FQ Gem,3364321726332428672,EclBin
V* FS Gem,3355108643526808192,EclBin
V* V386 Gem,3361249519046850944,EclBin
V* FT Gem,3353392542095561600,EclBin
HD  53387,3359976628178895616,EclBin
V* MU Gem,3353778715493051776,EclBin
V* GV Gem,3353790810120871552,EclBin
V* V337 Gem,3353546546740442624,EclBin
NSV  3335,3353632961481790592,EclBin
V* IX Mon,3160753844301086848,EclBin
V* HK Mon,3159251297240550144,EclBin
V* MU Mon,3160467288382226816,EclBin
TYC  757-2263-1,3160594625572362752,EclBin
TYC  760-270-1,3353388079627565440,EclBin
V* BH Mon,3157566153935596928,EclBin
V* MZ Gem,3159589981182401664,EclBin
V* LM Gem,3159585411337190912,EclBin
V* GM Gem,3159597677763745152,EclBin
V* IZ Mon,3157659337544419840,EclBin
HD 267635,3157884943587179008,EclBin
V* V680 Mon,3157882748862195072,EclBin
V* V922 Mon,3157290833648414592,EclBin
TYC  161-2062-1,3153929798402573696,EclBin
TYC  174-62-1,3153855237770675584,EclBin
TYC  174-2188-1,3153659387262052992,EclBin
NSV  3301,3129896226566603008,EclBin
V* DN Mon,3128696792519811584,EclBin
V* BP Mon,3129449309450054016,EclBin
V* CP Mon,3128403192853916288,EclBin
V* V530 Mon,3115857387224554752,EclBin
V* V463 Mon,3116017018272253824,EclBin
V* V462 Mon,3116237474651068800,EclBin
TYC  170-2113-1,3116332238810148608,EclBin
V* V881 Mon,3129474254620068992,EclBin
V* V459 Mon,3113904753356388352,EclBin
TYC  149-2645-1,3113782638844897920,EclBin
V* V524 Mon,3115675035793113088,EclBin
V* V461 Mon,3115607935525125376,EclBin
V* V460 Mon,3115469981176075392,EclBin
V* UU Mon,3115663971961467264,EclBin
V* HM Mon,3112795865816444928,EclBin
GSC 00149-03175,3112892240584953344,EclBin
FASTT  164,3113073423783644800,EclBin
FASTT  171,3114343909469080832,EclBin
V* V929 Mon,3114327756093902720,EclBin
FASTT  219,3112892485401892352,EclBin
FASTT  226,3112817542515042688,EclBin
FASTT  227,3112821017146037632,EclBin
V* V457 Mon,3112040226452671232,EclBin
V* V567 Mon,3109137447035306624,EclBin
V* V532 Mon,3112699241932295296,EclBin
V* V527 Mon,3109062435426142976,EclBin
V* V384 Mon,3109674798982313088,EclBin
V* V383 Mon,3108887514299349376,EclBin
V* GG Mon,3109530999177659648,EclBin
V* GH Mon,3108783881027611776,EclBin
V* AE Mon,3108939328784063872,EclBin
GSC 04814-00543,3112628877488915328,EclBin
FASTT  320,3112188282560695424,EclBin
FASTT  322,3112575035779452544,EclBin
FASTT  338,3109482418808318080,EclBin
HD  51646,3101646989710076544,EclBin
V* V883 Mon,3101595724981501952,EclBin
V* EP Mon,3101209452802067072,EclBin
V* V925 Mon,3101837892416945280,EclBin
V* V464 Mon,3107981134462126464,EclBin
V* EZ Mon,3101441277961349248,EclBin
HD 296075,3108650088508835968,EclBin
V* YZ Mon,3100796070792241280,EclBin
V* AB Mon,3052398283358863104,EclBin
V* FZ Mon,3050900989037933056,EclBin
V* EW Mon,3052336607628520960,EclBin
V* ET Mon,3052445837235629696,EclBin
V* ES Mon,3052611966571907328,EclBin
V* V882 Mon,3101193230707878016,EclBin
TYC 4826-2881-1,3052785517610396416,EclBin
V* V863 Mon,3051278804418977536,EclBin
NSV 17343,3046669278018017280,EclBin
V* V930 Mon,3049687781034121472,EclBin
V* BB Mon,3050048833165085952,EclBin
V* AN Mon,3049186506811814528,EclBin
ASAS J070654-1020.5,3046576674224589696,EclBin
V* V861 Mon,3049982239693620736,EclBin
V* II CMa,2949526429272771200,EclBin
V* IK CMa,2949532334850238848,EclBin
V* V884 Mon,3046417833451683456,EclBin
LS  117,3048981722769771648,EclBin
HD  52982,3045992734766917632,EclBin
HD  53570,3045759260349373824,EclBin
V* LV CMa,3046196556739777152,EclBin
V* FM CMa,3044930812698062976,EclBin
HD  52668,2948727668434458240,EclBin
[SEI99]  78,3046480780492088832,EclBin
HRW 16,3046033073102833792,EclBin
V* ES CMa,2947715018226109312,EclBin
NSV  3339,2948595761400141440,EclBin
NSV  3389,3044505988894059264,EclBin
V* UU CMa,2933580143416337792,EclBin
NSV  3329,2932933080823564544,EclBin
TYC 5967-2052-1,2933964560168276736,EclBin
[SGR2000] CB  54B 11,2935499753282993408,EclBin
V* ZZ CMa,2932545125021014528,EclBin
V* YY CMa,2932847555132386048,EclBin
BD-20  1659,2932093225745474176,EclBin
TYC 5975-2038-1,2928955146532019200,EclBin
TYC 5975-2039-1,2928901446571558400,EclBin
LS  112,2928836884619191808,EclBin
V* BM CMa,2928666803913425280,EclBin
V* CK CMa,2927425558365126400,EclBin
V* CE CMa,2928505622380096256,EclBin
V* BL CMa,2927625119723570816,EclBin
V* AS CMa,2927837462910553600,EclBin
HD  53913,2927411299074006912,EclBin
V* LS CMa,2921234311465446272,EclBin
HD  54258,5611034065364809344,EclBin
V* CH CMa,2921398241779841920,EclBin
V* AA CMa,2921395286842331008,EclBin
TYC 6526-2319-1,2920828900910747648,EclBin
TYC 6527-141-1,5611280008067781632,EclBin
ASAS J065628-2633.1,2920690499877673216,EclBin
V* V381 CMa,5610469191263761536,EclBin
V* CI CMa,5610558354783678336,EclBin
V* FQ CMa,5609548247196004864,EclBin
V* IL CMa,5604686034976764928,EclBin
CRTS J070310.4-314201,5604518904909018240,EclBin
V* V360 Pup,5578695229361723520,EclBin
TYC 7101-1519-1,5578390802079590656,EclBin
V* V651 Pup,5578429388066099840,EclBin
CRTS J065637.2-385007,5564192494893165568,EclBin
V* V384 Aur,948448389502954752,EclBin
TYC 2952-329-1,949804980692412032,EclBin
V* V383 Aur,946513008519431808,EclBin
HD  54896,897789765642169984,EclBin
TYC 2463-1299-1,898301279067036672,EclBin
V* HI Gem,886726410924823808,EclBin
NSVS   7255601,884530510110151296,EclBin
V* V421 Gem,882896330888509184,EclBin
BD+23  1621,3368400295996274944,EclBin
V* V373 Gem,3368332882189772800,EclBin
AG+23  790,870335200817136128,EclBin
V* AN Gem,3366475944489133312,EclBin
TYC 1353-1038-1,3361918228274646784,EclBin
ASAS J071731+1334.8,3166476359944193920,EclBin
V* GP Gem,3161127716912676608,EclBin
V* AV CMi,3160219863904292352,EclBin
V* AB CMi,3160212059946836608,EclBin
V* AY CMi,3155147816766820480,EclBin
V* DG CMi,3155333393713596544,EclBin
V* CX CMi,3156378720033595136,EclBin
V* CZ CMi,3156047698315863424,EclBin
V* AG CMi,3152953152899643520,EclBin
V* BX CMi,3154351701631018496,EclBin
V* BZ CMi,3140211982097279616,EclBin
AN  478.1934,3139085012739059072,EclBin
V* AO CMi,3115089790670865152,EclBin
V* BM Mon,3114302329885570688,EclBin
V* AN CMi,3114703827729575936,EclBin
FASTT  205,3114276392583676928,EclBin
V* HO Mon,3111276993581782400,EclBin
FASTT  181,3111416631557808896,EclBin
FASTT  185,3111549809904078720,EclBin
FASTT  186,3111550595882017536,EclBin
FASTT  195,3114413728454085632,EclBin
FASTT  207,3111358597960867712,EclBin
NSV  3506,3111920547185261696,EclBin
V* DP CMi,3111926323918065920,EclBin
V* FH Mon,3108403729182795904,EclBin
FASTT  277,3111168210651338368,EclBin
FASTT  306,3109650094330798464,EclBin
V* V570 Mon,3108466710582509696,EclBin
V* V389 Mon,3108325423343552384,EclBin
V* HR Mon,3109361094573771776,EclBin
HD 293685,3110051175558050688,EclBin
FASTT  285,3110999057659424640,EclBin
FASTT  287,3110929307391358720,EclBin
FASTT  288,3111033791054718976,EclBin
V* V934 Mon,3110899276980188032,EclBin
FASTT  311,3110230602111635968,EclBin
FASTT  326,3109420536920650112,EclBin
FASTT  327,3109433554962988800,EclBin
FASTT  331,3110140545238516096,EclBin
FASTT  343,3108573397570390912,EclBin
FASTT  349,3110026470906905088,EclBin
FASTT  351,3109839279054493184,EclBin
FASTT  273,3109734103890394368,EclBin
V* V634 Mon,3109833403539539200,EclBin
HD 296538,3059357161170533760,EclBin
HD  54909,3107627164739964928,EclBin
V* V536 Mon,3108106998486206080,EclBin
V* MX Mon,3059513635418908032,EclBin
V* MY Mon,3059336820203366400,EclBin
V* V864 Mon,3059296928547426688,EclBin
HD 296394,3108140499231661952,EclBin
V* HP Mon,3053153613487040640,EclBin
V* AQ Mon,3051982736682709504,EclBin
V* HT Mon,3058072931585569280,EclBin
ASAS J070943-0702.3,3052144502329234944,EclBin
HD  55338A,3059151140178635648,EclBin
V* V388 Mon,3048056896054515840,EclBin
V* FP Mon,3047970721831928320,EclBin
V* FN Mon,3048250788058248448,EclBin
NSV  3460,3048316277719578880,EclBin
NSV  3465,3032610132075103488,EclBin
TYC 5402-1660-1,3045083060699199616,EclBin
TYC 5406-819-1,3032950224764612864,EclBin
NSV  3510,3045200708440989952,EclBin
V* OU CMa,3032940741476884096,EclBin
HD  56831,3032734548689387648,EclBin
HD  56111,3032208393712100608,EclBin
TYC 5407-430-1,3031444649751123328,EclBin
ATO J108.8592-15.4019,3031330678499117952,EclBin
NSV  3523,3032749735693290112,EclBin
V* FO CMa,2935825277444544896,EclBin
V* CM CMa,2934160887412705536,EclBin
V* V419 CMa,2935833214543857664,EclBin
ATO J107.6144-16.6876,2935053557720532096,EclBin
TYC 5965-161-1,2935153304038050560,EclBin
V* AE CMa,2931274531951680896,EclBin
V* RX CMa,2931656857061715072,EclBin
V* V397 CMa,2935131726117500032,EclBin
BSD 123-778,3031050131235081600,EclBin
TYC 5969-1175-1,2934719340543520384,EclBin
V* AC CMa,2929573591767328512,EclBin
HD  56278,2931185991207828736,EclBin
V* EV CMa,2930131490841404544,EclBin
V* CR CMa,2930145264788816256,EclBin
V* AD CMa,2930950901876675200,EclBin
V* V391 CMa,2929498515737724672,EclBin
V* AU CMa,2934138042490384640,EclBin
HD  56184,5618087398101483136,EclBin
V* AY CMa,5618195184599966976,EclBin
V* AF CMa,5617978473420203776,EclBin
TYC 6524-2620-1,2928001874259442432,EclBin
V* BN CMa,5611181984038880640,EclBin
V* AX CMa,5617235963781371904,EclBin
V* VW CMa,5617140581145406208,EclBin
V* CT CMa,5616116867103993728,EclBin
V* AG CMa,5616298149080443008,EclBin
TYC 6528-2517-1,5617139241115644672,EclBin
CD-25  4238A,5616366555014500608,EclBin
HD  54672,5609465886903904384,EclBin
V* AH CMa,5610043645908281728,EclBin
V* MV CMa,5606041213116357248,EclBin
V* MS CMa,5606003627869639552,EclBin
V* FF CMa,5605949614358188800,EclBin
CD-29  4182,5606442401727210496,EclBin
TYC 7107-1256-1,5603484264466273792,EclBin
V* V604 Pup,5589107604478205056,EclBin
V* GZ Pup,5561726500769997696,EclBin
V* V579 Pup,5561407092643483392,EclBin
Mis V0002,948697703764134784,EclBin
V* V388 Aur,899842034159473024,EclBin
BD+36  1612,897305121532758528,EclBin
V* AP Aur,897284436970354944,EclBin
Ton  818,893386457796229504,EclBin
HD  57069,885827216570786560,EclBin
HD  58498,873557525797921536,EclBin
HD  56587,885407748589192192,EclBin
BD+26  1530,871130216442504576,EclBin
V* V389 Gem,871049058740708608,EclBin
TYC 1914-31-1,871853145336622976,EclBin
V* V428 Gem,871089019116284416,EclBin
V* RU Gem,865958865362772992,EclBin
RAT J0727+2323,866721342317072768,EclBin
RAT J0728+2316,866710145337966208,EclBin
TYC 1355-1102-1,3363032170991238016,EclBin
V* V375 Gem,3169752698436474240,EclBin
GSC 01364-01496,3169592749558590464,EclBin
V* AC CMi,3161660872675410560,EclBin
TYC  768-1287-1,3161639367775590272,EclBin
V* RY CMi,3142490410706207488,EclBin
V* RX CMi,3142707839130637312,EclBin
ASAS J072056+0326.1,3139181911498865024,EclBin
TYC  169-953-1,3136092867940557440,EclBin
V* DR CMi,3136159869430012416,EclBin
FASTT  188,3111543449054388224,EclBin
FASTT  190,3111589632840826112,EclBin
FASTT  251,3110677141271382656,EclBin
V* RW CMi,3135972711935718528,EclBin
V* BL CMi,3135663199412484992,EclBin
FASTT  210,3111567092852489600,EclBin
FASTT  212,3110799187061328384,EclBin
FASTT  258,3110525305586025472,EclBin
FASTT  260,3110556160630775168,EclBin
V* HU Mon,3109751902239105280,EclBin
FASTT  290,3110227544094327680,EclBin
FASTT  313,3110006885856100352,EclBin
V* V936 Mon,3109869824862700928,EclBin
FASTT  354,3109856905601078656,EclBin
V* V788 Mon,3110413121041469184,EclBin
FASTT  295,3110414323632299392,EclBin
FASTT  298,3110516268975026688,EclBin
FASTT  299,3110492079719547648,EclBin
FASTT  315,3110374500696135296,EclBin
FASTT  317,3062306291868990720,EclBin
FASTT  335,3110317188652579968,EclBin
FASTT  361,3062011897630843136,EclBin
V* AV Mon,3058715493054728832,EclBin
TYC 4821-1229-1,3061355759769129728,EclBin
V* V537 Mon,3057944907201833728,EclBin
V* HV Mon,3058008056100522752,EclBin
V* V466 Mon,3054785769777631488,EclBin
[HH95] GI Mon-2,3054846891452533376,EclBin
BD-05  2109,3058570151359518848,EclBin
TYC 4828-2589-1,3054954750969794432,EclBin
TYC 4829-2659-1,3055032403978620800,EclBin
NSV  3529,3058174464612798592,EclBin
V* AS Mon,3047766762426614400,EclBin
V* V887 Mon,3046963019425552512,EclBin
HD  57797,3034641239288494592,EclBin
HD  58435,3034763147639152128,EclBin
ATO J111.5652-11.2064,3035163438590705536,EclBin
V* V573 Mon,3035175636297633024,EclBin
V* V761 Mon,3035272324603561472,EclBin
TYC 5403-2500-1,3034394192770939264,EclBin
NSV  3603,3035184501111082240,EclBin
ATO J111.6922-13.9656,3031764607635063936,EclBin
ATO J111.1345-15.0314,3031591709432058752,EclBin
TYC 5979-3273-1,3028507716752726144,EclBin
HD  59385,3028552624932317568,EclBin
V* EE CMa,3031556628138423680,EclBin
TYC 5965-1452-1,3031398848219512064,EclBin
Cl* Waterloo    7     FM       8,3031535153300835456,EclBin
Cl* Waterloo    7     FM      10,3031535526961377024,EclBin
V* CU CMa,2931399502622768256,EclBin
HD  58504,3028008572833542144,EclBin
HD  58607,3027784478618002176,EclBin
V* GU Pup,3028178992831239296,EclBin
V* DQ CMa,3028024962428707200,EclBin
V* DP CMa,3027672324131809536,EclBin
V* DO CMa,3031065661835506944,EclBin
V* RR CMa,3028038568884860928,EclBin
TYC 5965-2398-1,3030983026664715648,EclBin
TYC 5966-1092-1,3028395154250722560,EclBin
TYC 5966-2496-1,3027971876633177728,EclBin
ASAS J072600-1741.9,3027584230065253376,EclBin
TYC 5970-2344-1,2930713922765972096,EclBin
TYC 5979-1042-1,3028436866972401792,EclBin
ASAS J072914-1809.1,3026751487445091840,EclBin
V* BU CMa,2930524257011154304,EclBin
V* DD CMa,2930597134013358464,EclBin
V* CZ CMa,2930656576362379392,EclBin
V* AP CMa,2930386783697453952,EclBin
V* CV CMa,2931341812622128768,EclBin
TYC 5973-2026-1,2930539203496975488,EclBin
TYC 5973-2635-1,2930030267048939392,EclBin
TYC 5974-1700-1,2930160696618275840,EclBin
V* AZ CMa,2929626986800462208,EclBin
V* AK CMa,5618169960247211904,EclBin
V* DR Pup,5619957495575446272,EclBin
TYC 5977-1664-1,2929644785145021056,EclBin
HD  57192,5616530558355526144,EclBin
V* CX CMa,5616190225145335168,EclBin
V* AN CMa,5616622230133772160,EclBin
2MASS J07260286-2408429,5617012522402029184,EclBin
TYC 6538-1233-1,5618332211237404928,EclBin
TYC 6542-255-1,5613691447531244544,EclBin
V* HQ CMa,5613017756143699456,EclBin
V* DE CMa,5612841593764598400,EclBin
TYC 6545-1972-1,5606905742802797696,EclBin
[DCT2018] F20c 27846,5611809805180117376,EclBin
V* V427 CMa,5611860210917584256,EclBin
HD  57481,5604941121679382528,EclBin
V* V398 CMa,5604922361261073920,EclBin
TYC 7103-1425-1,5605211704617728896,EclBin
TYC 7103-2199-1,5605264790414984064,EclBin
[DCT2018] F20a 03088,5591769380391539584,EclBin
HD  57848,5589845784798182528,EclBin
HD  58288,5589856917351579136,EclBin
HD  58935,5589575515396522368,EclBin
TYC 7112-439-1,5589978864366805760,EclBin
V* V581 Pup,5586646141542477952,EclBin
TYC 7647-1016-1,5584962514360450944,EclBin
CRTS J072821.3-421012,5512394540767946752,EclBin
BD+41  1673,900596543950178304,EclBin
V* WY Lyn,923553384665319936,EclBin
V* AR Lyn,924387085061697408,EclBin
BD+38  1792,899148865092068480,EclBin
V* WW Lyn,899134811961223040,EclBin
TYC 2461-805-1,895210689320445568,EclBin
CRTS J073851.3+234808,867359441314503680,EclBin
V* V430 Gem,867453449558724096,EclBin
V* V431 Gem,867455678645402368,EclBin
RAT J0739+2345,867440117980394496,EclBin
2MASS J07402433+2353190,867445611242286720,EclBin
NGC  2420   176,865401417263725952,EclBin
TYC 1368-541-3,672611944641959552,EclBin
ASAS J073844+1917.4,672332050212085504,EclBin
V* TX Gem,3169078491649543040,EclBin
V* SW CMi,3143118472363850752,EclBin
V* TU CMi,3142308304093443968,EclBin
HD  59607,3141301628179783936,EclBin
V* TZ CMi,3139000251561115904,EclBin
V* TW CMi,3141999925440454528,EclBin
V* RT CMi,3138890880216243072,EclBin
V* TT CMi,3138373529933671168,EclBin
V* AR CMi,3137920290625861120,EclBin
V* TX CMi,3138069171372764032,EclBin
V* TY CMi,3136789889594136320,EclBin
V* RS CMi,3136851187367099136,EclBin
V* SX CMi,3138433002342746496,EclBin
V* BF CMi,3136737113034335744,EclBin
TYC  182-1542-1,3136329400378692480,EclBin
V* BY CMi,3138243370948487808,EclBin
V* DK CMi,3135470406922241280,EclBin
TYC  178-1728-1,3135077297154065408,EclBin
TYC  178-2257-1,3086471800802529536,EclBin
BD-00  1785,3085297973359894016,EclBin
1RXS J073431.7-001757,3086220463613613312,EclBin
HD  59952,3057124121769174912,EclBin
HD  60507,3054526353750562432,EclBin
ASAS J073308-0532.5,3055404794823224704,EclBin
TYC 4842-1675-1,3054380599744076544,EclBin
HD  60637,3041557579742275968,EclBin
V* V574 Mon,3041380558371497216,EclBin
V* PR Mon,3041198417398227968,EclBin
ASAS J073520-0810.5,3054009995604063104,EclBin
V* V890 Mon,3041591698962138240,EclBin
V* V866 Mon,3041582146957062016,EclBin
V* V381 Pup,3040005790877906432,EclBin
V* HX Mon,3040302001885006976,EclBin
ATO J112.7270-10.7683,3035096093505500160,EclBin
TYC 5401-1994-1,3034285306757593088,EclBin
TYC 5405-3070-1,3034136838331806720,EclBin
NSV  3663,3033980054841599360,EclBin
V* V462 Pup,3033962256498027776,EclBin
HD  59696,3028638799158633472,EclBin
TYC 5408-227-1,3033186585406814080,EclBin
LS  493,3030158702183550592,EclBin
UCAC4 376-034213,3029900248232191232,EclBin
HD  60308,3028367425944252672,EclBin
V* GI Pup,3029200512157646336,EclBin
V* V571 Pup,3030157873243024640,EclBin
V* V582 Pup,3033383638505706240,EclBin
Cl* NGC 2422    PMS    1180,3030037274867955328,EclBin
Cl* NGC 2414     FM      26,3028367322865043584,EclBin
Cl* NGC 2422    PMS     829,3029934298733750656,EclBin
Cl* NGC 2422    PMS     822,3030250030366063488,EclBin
Cl* NGC 2422    PMS    1110,3030029745779865856,EclBin
Cl* NGC 2422    PMS     956,3030026279752011648,EclBin
NSV  3621,3027352370549196928,EclBin
HD  61302,3028983118092428800,EclBin
V* MR Pup,3028766101986990720,EclBin
V* KR Pup,3027486682769367168,EclBin
IRAS 07299-1538,3028329767670301568,EclBin
TYC 5979-115-1,3028115259822096128,EclBin
LS  566,5716698404094630784,EclBin
HD  61259,5717117524192420352,EclBin
ATO J113.0494-19.5242,5716556257865495808,EclBin
V* CS Pup,5716514751300529536,EclBin
V* YY Pup,5716616799721740672,EclBin
HD  60366,5620205229292822144,EclBin
TYC 5987-1747-1,5716286327762367360,EclBin
HD  61823,5717198132137587584,EclBin
V* NZ Pup,5620485810916354048,EclBin
TYC 5983-1876-1,3026596456304715008,EclBin
V* AN Pup,5619963405450401536,EclBin
IRAS 07298-2228,5618714841276809856,EclBin
V* V670 Pup,5618972535011404544,EclBin
V* DT Pup,5619125027835796992,EclBin
2MASS J07321656-2325317,5618460991532638848,EclBin
HD  60054,5620142935086566528,EclBin
TYC 5992-796-1,5715382185604738688,EclBin
TYC 6539-863-1,5618504319165281152,EclBin
V* V583 Pup,5615458603236471296,EclBin
HD  61370,5615113871985619072,EclBin
HD  61776,5615072395468473088,EclBin
V* DS Pup,5615152973363333120,EclBin
V* BR Pup,5614179149660085120,EclBin
TYC 6543-1046-1,5614988630736857984,EclBin
HD  60724,5612380554791895040,EclBin
V* BP Pup,5613294038493275648,EclBin
V* EH Pup,5612593104136565120,EclBin
[DCT2018] F20d 30037,5613219138568001664,EclBin
TYC 6547-656-1,5612374125219322624,EclBin
TYC 6547-2342-1,5612503597015293056,EclBin
[DCT2018] F20c 25579,5611701846883894272,EclBin
TYC 6551-347-1,5599332061883178368,EclBin
TYC 6551-2452-1,5599609452360107392,EclBin
ASAS J073611-3123.4,5598348930991425408,EclBin
[DCT2018] F20b 01971,5593080105639151616,EclBin
HD  61851,5598297769346797184,EclBin
CD-32  4257,5592037940410767872,EclBin
CPD-31  1780,5598101643961255936,EclBin
TYC 7109-1818-1,5592021825692709376,EclBin
TYC 7109-2103-1,5591908644715542016,EclBin
TYC 7109-4074-1,5592306564845463168,EclBin
V* V608 Pup,5587216100884856448,EclBin
TYC 7113-1262-1,5591379710900225152,EclBin
V* MQ Pup,5586195509271832960,EclBin
V* V376 Pup,5584712478544750848,EclBin
V* XX Lyn,924160452522472320,EclBin
V* XY Lyn,923505933866636032,EclBin
V* AT Lyn,923448037707466112,EclBin
TYC 2963-486-1,923817267455812352,EclBin
V* CF Lyn,895804322520735744,EclBin
1RXS J075029.7+333845,882238960373440128,EclBin
UCAC4 618-043241,882056166565846400,EclBin
V* GW Gem,874259392175244416,EclBin
TYC 1920-444-1,874951324288949120,EclBin
TYC 1370-1947-1,671720141928208640,EclBin
V* V475 Gem,671765840380908544,EclBin
TYC  791-724-1,3152361138904773504,EclBin
V* V390 Gem,3164791358374842496,EclBin
TYC  783-396-1,3148854452727143936,EclBin
BD+09  1746,3148555110686002944,EclBin
V* UY CMi,3148810300463465344,EclBin
TYC  778-98-1,3148552769926084736,EclBin
V* DL CMi,3144980903323897344,EclBin
ATO J116.4169+03.6443,3136960039019527808,EclBin
HD  62232,3086718508021943808,EclBin
V* AM CMi,3088487175555203840,EclBin
HD  63818,3087322071186941568,EclBin
TYC  183-1224-1,3087145599570985472,EclBin
HD  62124,3085424554635702528,EclBin
V* V891 Mon,3085079685942139264,EclBin
BD-00  1830,3085572885626407424,EclBin
V* V681 Mon,3082290671616926208,EclBin
V* V701 Mon,3056584914395437440,EclBin
V* V702 Mon,3056584703938574720,EclBin
V* V703 Mon,3056678952698904960,EclBin
V* V705 Mon,3056682599130928128,EclBin
V* V706 Mon,3056677891846829824,EclBin
V* V709 Mon,3056684214038604288,EclBin
V* V710 Mon,3056679163157121024,EclBin
V* V711 Mon,3056679261936596736,EclBin
V* V704 Mon,3056678849619698432,EclBin
V* V707 Mon,3056678746540473984,EclBin
V* V712 Mon,3056680876844349696,EclBin
GSC 04840-01165,3080752901525072768,EclBin
V* V938 Mon,3056696068148358400,EclBin
V* V942 Mon,3056679575473958784,EclBin
V* V939 Mon,3056695690191249920,EclBin
V* V937 Mon,3043725026395764992,EclBin
BD-07  2203,3042596102832555648,EclBin
TYC 5414-2000-1,3040846882913077888,EclBin
V* AW Mon,3037527388586934528,EclBin
TYC 5414-498-1,3040090040957636352,EclBin
NSV  3709,3036942792000012928,EclBin
V* MS Pup,3030389256024817024,EclBin
V* GV Pup,3030791574200955648,EclBin
V* GK Pup,3029122584271031808,EclBin
V* EL Pup,3029593518844753792,EclBin
BD-13  2199,3029635712602299776,EclBin
BD-14  2242,5719560226711417472,EclBin
ASAS J074601-1325.5,3030538304270443520,EclBin
TYC 5981-1157-1,5719525145417267840,EclBin
HD  62440,5718852038146689920,EclBin
V* GW Pup,5718556887993797248,EclBin
V* GS Pup,5719014594063787648,EclBin
TYC 5981-1674-1,3028847397128433152,EclBin
V* CW Pup,5715624559200993920,EclBin
HD  63911,5717408276290910336,EclBin
HD  64171,5717341137363323520,EclBin
V* CY Pup,5715722450094205568,EclBin
V* BL Pup,5716180327969397504,EclBin
V* ZZ Pup,5715872155474992256,EclBin
ATO J116.0662-18.6839,5716901023479313536,EclBin
2MASS J07434056-1955081,5715918502461770880,EclBin
TYC 5989-1054-1,5717410990710157056,EclBin
TYC 5992-229-1,5715299790954176896,EclBin
V* BS Pup,5715134280094479488,EclBin
V* AG Pup,5712099829855518976,EclBin
V* CX Pup,5615865113298340608,EclBin
V* BW Pup,5712360177899462144,EclBin
V* KT Pup,5711781662983324416,EclBin
V* DE Pup,5712663883626216192,EclBin
V* DD Pup,5715277933854360960,EclBin
TYC 5992-1928-1,5715098094985358336,EclBin
TYC 5992-4267-1,5712102582942696832,EclBin
TYC 5992-1508-1,5715134726771031936,EclBin
V* EM Pup,5614215261746251008,EclBin
V* CZ Pup,5614590298292357632,EclBin
V* BU Pup,5614749933630865408,EclBin
CD-24  5918,5614624073916636672,EclBin
TYC 6544-218-1,5614317275811488000,EclBin
ASAS J074935-2415.8,5614572843545465216,EclBin
TYC 6557-4163-1,5614441314464219136,EclBin
NSV  3774,5710892673471278848,EclBin
V* EN Pup,5613786761448151808,EclBin
V* EQ Pup,5602270609789887744,EclBin
NGC  2467    12,5602025349975280512,EclBin
CD-26  5070,5601552426845288192,EclBin
V* KY Pup,5601947701276711680,EclBin
HD  64315,5602025904044961536,EclBin
V* KX Pup,5602038720227404160,EclBin
CD-26  4983,5601827098595504896,EclBin
CPD-26  2632,5601629908057320704,EclBin
CD-26  4800,5613853866018892544,EclBin
TYC 6548-3086-1,5601768343443956480,EclBin
NSV  3749,5602219521168359680,EclBin
LS  673,5599691739624639488,EclBin
HD  62749,5598845944613812992,EclBin
ATO J116.6575-30.3998,5598662772849104768,EclBin
2MASS J07471053-2854313,5599080381108386944,EclBin
CPD-27  2512,5600731400898466304,EclBin
TYC 7106-784-1,5598613466623841408,EclBin
TYC 7106-1405-1,5598448952197328384,EclBin
V* V675 Pup,5598689470362422400,EclBin
HD  62658,5598020761135142784,EclBin
Cl Haffner   15     5,5594921650170191744,EclBin
ATO J116.5336-31.4703,5598160326086660224,EclBin
ALS 15516,5595563490086213760,EclBin
ATO J118.1227-30.7693,5595616438441650304,EclBin
V* PW Pup,5595565070634119680,EclBin
V* V674 Pup,5598183798093913728,EclBin
ASAS J075207-3032.2,5595692236026826496,EclBin
V* V397 Pup,5587549459067657472,EclBin
TYC 7127-1303-1,5587739361035924352,EclBin
ASAS J074845-3801.8,5538769213383209856,EclBin
Cl* NGC 2477   HART    7097,5538494816514300416,EclBin
BPS BS 17438-0058,920532751346022272,EclBin
V* CN Lyn,919497870385835264,EclBin
V* BG Lyn,922183771134441728,EclBin
[GGM2006]  4731150,921365631404212096,EclBin
TYC 2480-436-1,906781704876898688,EclBin
RX J075820.4+373331,919311778043376512,EclBin
GSC 02960-01443,919311361430083072,EclBin
CRTS J075618.0+360634,906749479738519808,EclBin
V* UZ Cnc,669333858098721920,EclBin
ASAS J075927+1833.2,669945908118441728,EclBin
ATO J119.9584+15.7219,655077109296664448,EclBin
HD  65342,3151270526448760192,EclBin
V* IV Cnc,653534735001510016,EclBin
V* ZZ Cnc,3150474136433928064,EclBin
HD  65667,3147156085219036160,EclBin
TYC  193-35-1,3144483035013179776,EclBin
V* BU CMi,3144498015858945408,EclBin
HD  65396,3095637127870898688,EclBin
2MASS J07575613+0652415,3144201697476064512,EclBin
V* DM CMi,3089147565427382144,EclBin
BD+04  1850A,3089144644849624448,EclBin
V* EG CMi,3087459819376994560,EclBin
V* EF CMi,3087230743001775872,EclBin
FASTT  396,3084221895071087872,EclBin
V* BH CMi,3084902767643925248,EclBin
V* EI CMi,3087422092384616448,EclBin
FASTT  370,3084701144702545024,EclBin
FASTT  371,3084750450927005696,EclBin
FASTT  372,3084514777480828800,EclBin
FASTT  383,3084113764974373504,EclBin
FASTT  401,3084044701900470912,EclBin
V* EL CMi,3084297830093770752,EclBin
FASTT  414,3084200488954394240,EclBin
FASTT  428,3082589841859048320,EclBin
V* KR Mon,3083916299558414464,EclBin
FASTT  433,3083917742667386240,EclBin
V* V948 Mon,3083228314516929024,EclBin
FASTT  436,3083216116810048768,EclBin
FASTT  445,3083113071954474496,EclBin
V* BO Mon,3069020940660670848,EclBin
V* IL Mon,3080661332824885376,EclBin
TYC 4854-1246-1,3068732593735631744,EclBin
TYC 4845-1071-1,3068086871172485632,EclBin
TYC 4858-1898-1,3067037971439978624,EclBin
V* V896 Mon,3042787314776014208,EclBin
V* MT Pup,5725555554378081024,EclBin
V* V405 Pup,5725528096648335488,EclBin
TYC 5424-1513-1,5725662825480027648,EclBin
TYC 5424-1590-1,5725458007080684416,EclBin
TYC 5424-1974-1,5725623827176266880,EclBin
NSV  3793,3035859803115431552,EclBin
V* MV Pup,5718188036197156224,EclBin
V* V627 Pup,5714946607198013312,EclBin
ATO J119.9829-19.5287,5714166361959738752,EclBin
V* EU Pup,5714382282859447552,EclBin
V* DI Pup,5714267418252631296,EclBin
TYC 5986-1268-1,5717381269541726464,EclBin
HD  65507,5713945398784402048,EclBin
V* V409 Pup,5713225527908182272,EclBin
HD  65009,5711528053754811520,EclBin
V* LO Pup,5711435316818115968,EclBin
TYC 5994-1654-1,5712425358318889984,EclBin
TYC 5994-1862-1,5712304991851559040,EclBin
NSV  3810,5712726658865867008,EclBin
CD-23  6457,5710724688710600576,EclBin
V* LT Pup,5698670463551557120,EclBin
V* LN Pup,5710815604581265280,EclBin
V* BY Pup,5698633943459606784,EclBin
V* AI Pup,5711270183915552768,EclBin
V* BT Pup,5698570652822816512,EclBin
TYC 6553-1728-1,5710767638384055552,EclBin
TYC 6554-3078-1,5699082819076725760,EclBin
TYC 6558-1585-1,5698431079254356096,EclBin
NSV  3821,5710746575864923136,EclBin
CD-27  4703,5601151654859425280,EclBin
V* HT Pup,5602126234482538368,EclBin
V* HX Pup,5601016346210488448,EclBin
V* EY Pup,5697151355111453568,EclBin
V* DH Pup,5698462660161900672,EclBin
TYC 6558-3584-1,5697390052214690432,EclBin
Cl Trumpler    9    11,5602116510674503424,EclBin
Cl Trumpler    9    40,5602164098915169024,EclBin
Cl* Haffner   19     MC       9,5602035009375491840,EclBin
2MASS J07523120-3012144,5595715806807165056,EclBin
CD-28  5257,5597765983680009216,EclBin
HD  66647,5597548349098533632,EclBin
V* LU Pup,5597751891880831104,EclBin
V* LM Pup,5597161905114882304,EclBin
CD-28  5276,5597806596891385728,EclBin
TYC 6565-2103-1,5600425045161135104,EclBin
TYC 6565-2790-1,5600259572969074944,EclBin
ATO J119.9102-29.7369,5597093391800532224,EclBin
Cl Ruprecht   44    19,5597787630314634496,EclBin
NGC  2489    65,5597184582543240192,EclBin
NGC  2483    68,5600885160721554688,EclBin
V* LP Pup,5595358426862624640,EclBin
CD-32  4779,5595748929597580416,EclBin
2MASS J07592495-3101347,5596860226611938816,EclBin
TYC 7120-550-1,5596164918642914816,EclBin
Cl* Haffner   20     FM      28,5597142216984914688,EclBin
TYC 7128-2454-1,5545608656743875712,EclBin
TYC 7128-262-1,5546029185587039744,EclBin
V* V617 Pup,5594340317757949184,EclBin
ASAS J075234-3339.4,5593926072448782976,EclBin
TYC 7123-1911-1,5593954011217670016,EclBin
TYC 7124-1163-1,5546118177309122176,EclBin
[M81] I-180,5594087803735560704,EclBin
V* PZ Pup,5545315976188269568,EclBin
TYC 7131-1881-1,5545369268142996608,EclBin
V* V625 Pup,5534658925380722304,EclBin
V* EK Lyn,908978567765096192,EclBin
NSVS   7346662,908675995909345536,EclBin
BD+25  1851,680954081096133760,EclBin
V* KM Cnc,680220191444923520,EclBin
2MASS J08113772+2120138,676711645543676416,EclBin
CRTS J081338.8+211058,676034380741086464,EclBin
NSVS  10093096,675989889176267648,EclBin
TYC 1381-1324-1,657056088490774272,EclBin
ATO J121.0022+16.1043,655160186847426560,EclBin
CRTS J080450.8+153209,654926751081605248,EclBin
CRTS J080516.2+151259,654774193843202944,EclBin
G  50-26,650345086129592192,EclBin
HD  66446,3096110570705050752,EclBin
TYC  206-1243-1,3095917056658896768,EclBin
TYC  199-1442-1,3091083912780638592,EclBin
FASTT  384,3084463478391700736,EclBin
FASTT  386,3084459561379398272,EclBin
V* WY Hya,3089548887171305984,EclBin
FASTT  374,3090603220040438400,EclBin
V* EQ CMi,3089827858183309952,EclBin
V* V470 Hya,3089495015397592192,EclBin
FASTT  390,3089548857107449984,EclBin
V* EP CMi,3083707976464186368,EclBin
FASTT  404,3083711549876949504,EclBin
TYC  195-323-1,3089820539559089408,EclBin
V* V953 Mon,3083379703523085568,EclBin
FASTT  447,3071256488315680256,EclBin
V* V390 Hya,3071223223791763328,EclBin
V* V871 Mon,3067922902202085888,EclBin
V* V773 Mon,3067944415694823168,EclBin
HD  67351,3063914946099667840,EclBin
Cl* NGC 2548    WTB      37,3064661235317931776,EclBin
Cl* NGC 2548    BJG     940,3064471329044071296,EclBin
Cl* NGC 2548    BJG    1264,3064535792210187776,EclBin
Cl* NGC 2548    BJG    1471,3064536651203629440,EclBin
Cl* NGC 2548    BJG    1601,3064633854903372160,EclBin
Cl* NGC 2548    BJG    1842,3064534654042444288,EclBin
Cl* NGC 2548    BJG    2352,3064630414632636160,EclBin
Cl* NGC 2548    BJG    4168,3064583002490538112,EclBin
Cl* NGC 2548    BJG    4375,3064583243008693120,EclBin
Cl* NGC 2548    BJG    4590,3064469301820362496,EclBin
Cl* NGC 2548    BJG    4672,3064469306116863104,EclBin
TYC 5426-826-1,3063616119452449152,EclBin
V* HU Hya,5728398238607058688,EclBin
1RXS J080721.0-110339,3037834324131137792,EclBin
V* XY Pup,5727687919736368512,EclBin
NGC  2539    20,5727483101339687808,EclBin
V* V697 Pup,5727494646213069568,EclBin
V* V696 Pup,5727488117861188224,EclBin
V* V691 Pup,5727465921470228480,EclBin
Cl* NGC 2539    LCM     501,5727498799438450176,EclBin
Cl* NGC 2539    LCM     606,5727498631940998016,EclBin
TYC 5996-543-1,5720939942003651456,EclBin
TYC 6000-1822-1,5714681040780881280,EclBin
V* IL Pup,5713044830042868224,EclBin
HD  67969,5713436359259928192,EclBin
V* IQ Pup,5700904503684227328,EclBin
V* FM Pup,5701414917597477504,EclBin
V* FI Pup,5713452027301336192,EclBin
V* DN Pup,5713709038143153920,EclBin
V* FG Pup,5698796087061022976,EclBin
HD  68942,5699855363434380544,EclBin
V* IP Pup,5698939882564498048,EclBin
V* DO Pup,5700859698584800896,EclBin
TYC 6555-130-1,5700573963000358144,EclBin
TYC 6555-632-1,5699689302818084224,EclBin
NSV  3919,5698933143755309568,EclBin
CD-24  6514,5697697193909194624,EclBin
HD  68488,5697662937249206656,EclBin
V* IO Pup,5697302224410002944,EclBin
V* DM Pup,5697316625454611200,EclBin
V* FH Pup,5697959564870973184,EclBin
TYC 6559-456-1,5697320336306461056,EclBin
TYC 6559-717-1,5697852774803480064,EclBin
TYC 6559-746-1,5697220796141168896,EclBin
NSV  3961,5694571694670378752,EclBin
NSV  3912,5694199303830132096,EclBin
V* V421 Pup,5693811309351756416,EclBin
V* V425 Pup,5693847352717158784,EclBin
V* IN Pup,5693965726324960640,EclBin
V* IS Pup,5692957817761996672,EclBin
CD-27  5094A,5693797260530656896,EclBin
TYC 6563-2487-1,5694102581164405504,EclBin
TYC 6566-1926-1,5597428601098377728,EclBin
TYC 6567-1961-1,5692851165131490048,EclBin
NSV  3955,5693096695512976128,EclBin
NSV  3939,5692914387051490432,EclBin
CD-31  5466,5595858159201264768,EclBin
CD-31  5524,5595881798707004928,EclBin
TYC 7121-1196-1,5596384649167010304,EclBin
TYC 7121-1289-1,5547865885402382720,EclBin
CD-32  4839,5547616395031775872,EclBin
LS 1009,5547492223247885184,EclBin
ATO J121.7614-34.1347,5545821511018918272,EclBin
LS  999,5547565886219991296,EclBin
TYC 7129-715-1,5547345575883792640,EclBin
TYC 7129-2611-1,5546561757222282880,EclBin
Cl* Ruprecht   55     DE       5,5547563382268226816,EclBin
Cl* Ruprecht   55     DE      28,5547562351476071680,EclBin
V* V690 Pup,5544723515521376000,EclBin
V* V589 Pup,5544733033174462080,EclBin
CD-36  4343,5541454530021518848,EclBin
V* SZ Pup,5544521342827024896,EclBin
TYC 7129-2018-1,5544771928399078144,EclBin
V* V698 Pup,5541534141537039872,EclBin
CD-38  4128,5540689063765655296,EclBin
V* BK Pup,5539812924795568640,EclBin
TYC 7659-1917-1,5534896286754752896,EclBin
TYC 7659-2720-1,5540926077240255488,EclBin
V* CS Lyn,907756357511010304,EclBin
GSC 02482-00976,904970263765697024,EclBin
TYC 2974-204-1,908307655217387008,EclBin
ATO J125.7148+36.3011,904564440895835264,EclBin
V* KO Lyn,904195657824652416,EclBin
TYC 2482-1148-1,907639465681256448,EclBin
Case A-F  213,901750447043534592,EclBin
V* NV Cnc,682780335548865024,EclBin
CRTS J081715.3+213852,676402996310610560,EclBin
HD  69735,663653059476188416,EclBin
BD+17  1832,656085945575376896,EclBin
V* XY Cnc,652900248073026688,EclBin
TYC 1378-1895-1,652773804237086080,EclBin
V* HN Cnc,655755473611791104,EclBin
TYC  209-416-1,3096985335282505728,EclBin
FASTT  406,3077463094014340096,EclBin
V* AI Hya,3077483709857255808,EclBin
V* V475 Hya,3089673479878249728,EclBin
V* V474 Hya,3077583417521476224,EclBin
V* V476 Hya,3077537414128147072,EclBin
V* V472 Hya,3071324722459150592,EclBin
TYC 4860-968-1,3063463970235122304,EclBin
TYC 5438-1434-1,5726490036177196032,EclBin
V* AV Pup,5721901774154688512,EclBin
TYC 5997-950-1,5720405338829260672,EclBin
BD-19  2392,5707368562600126592,EclBin
TYC 6006-22-1,5706586431875874048,EclBin
V* IZ Pup,5700068874845477632,EclBin
V* FR Pup,5699989332053060992,EclBin
V* V640 Pup,5706349250900953472,EclBin
NSV  4066,5696986222196795392,EclBin
NSV  4027,5699922330562002432,EclBin
HD  70346,5696376508641954176,EclBin
V* MN Pup,5699334435439024000,EclBin
V* FQ Pup,5699448784648303872,EclBin
NSV  4032,5695940346123573888,EclBin
TYC 6560-396-1,5696243669590428416,EclBin
TYC 6573-3550-1,5695992023170622848,EclBin
NSV  4073,5695354546945733248,EclBin
V* IW Pup,5693629585005578752,EclBin
V* V644 Pup,5695121587919293696,EclBin
ATO J124.2875-28.5130,5692778288124542976,EclBin
TYC 6568-1787-1,5692553541076915840,EclBin
TYC 7122-976-1,5644461963324168832,EclBin
TYC 7122-1358-1,5643414167410817024,EclBin
TYC 7122-1851-1,5548146123429291008,EclBin
Cl* NGC 2571    GVB     242,5644533092292134272,EclBin
Cl* NGC 2571      C      79,5644535085157180288,EclBin
Cl* NGC 2580    BMG      51,5644254056855866112,EclBin
Cl* NGC 2580    BMG    1318,5644257733341666560,EclBin
Cl* NGC 2580    BMG    1581,5644254228648748416,EclBin
CD-33  4740,5546608834375435136,EclBin
2MASS J08151957-3246085,5547121447313436800,EclBin
TYC 7126-1883-1,5546912746259067264,EclBin
ASAS J081631-3314.7,5546674186602404352,EclBin
Cl* NGC 2588    BMG     204,5546966450532483328,EclBin
Cl* NGC 2588    BMG     312,5546918621774253824,EclBin
Cl* NGC 2588    BMG     751,5546914047621050112,EclBin
Cl* NGC 2588    BMG    1015,5546920919570389888,EclBin
Cl* NGC 2588    BMG    1064,5546916422755739904,EclBin
Cl* NGC 2588    BMG    1815,5546918278163264256,EclBin
VdBH  9a A,5541653983994498944,EclBin
WRAY 15-184,5546288704693550208,EclBin
V* AZ Pup,5543320843625086592,EclBin
CD-35  4470,5542908084393407616,EclBin
V* TT Pup,5546395563482810880,EclBin
CD-37  4630,5541980886852573568,EclBin
HD  70999,5540240600462484608,EclBin
CD-38  4359,5540202632950723456,EclBin
CD-37  4492,5541279879469549696,EclBin
TYC 7134-1440-1,5541315128253574784,EclBin
GSC 02975-00253,910174458458678144,EclBin
[GGM2006]  7373870,903597454779399424,EclBin
V* YY Cnc,709632677243490304,EclBin
ATO J128.3980+31.5539,709698647941095680,EclBin
2MASS J08344167+2818496,704558293643010560,EclBin
LINEAR 4689389,704574133482439040,EclBin
V* KR Cnc,680034992455030144,EclBin
MCC 523,665777212860770560,EclBin
V* EH Cnc,664142307790054016,EclBin
Cl* NGC 2632     KP  402888,677927194304767232,EclBin
UCAC4 555-044610,664664747611810560,EclBin
V* FF Cnc,659052462306291712,EclBin
Cl* NGC 2632     KP  200270,659502609238777728,EclBin
V* XZ Cnc,650968440501671040,EclBin
V* KT Cnc,602486987103545984,EclBin
V* DE Hya,3093479984837396352,EclBin
V* KT Hya,3079887581577551488,EclBin
TYC  214-1532-1,3079803576312025856,EclBin
BD+02  2024,3078716674709147136,EclBin
AG-02  436,3073020860879360256,EclBin
V* V482 Hya,3075995379133990400,EclBin
*   2 Hya,3066501100524306176,EclBin
ATO J128.0567-08.8939,5752189746085975936,EclBin
V* SY Hya,5752055743104817280,EclBin
TYC 5432-2046-1,5751640089055265792,EclBin
V* V595 Pup,5724070075506364416,EclBin
V* VW Hya,5722553196138679040,EclBin
TYC 5440-892-1,5722679816070129280,EclBin
ASAS J083150-1529.0,5722394149203958144,EclBin
V* V426 Hya,5723559695953756160,EclBin
CD-24  6977,5695730957879301504,EclBin
CD-23  7337,5696634442896492672,EclBin
V* SW Pyx,5696699661977912448,EclBin
NSV  4112,5695455461495936128,EclBin
CD-25  6265,5647257372859315584,EclBin
CD-27  5587,5646525166839309312,EclBin
V* SU Pyx,5646622714136881152,EclBin
TYC 6577-650-1,5646691055655191936,EclBin
TYC 6577-1175-1,5646751077811402880,EclBin
TYC 6578-4014-1,5647239815032994560,EclBin
HD  73166,5645775501759901440,EclBin
LS 1084,5643914994953627648,EclBin
TYC 6581-1750-1,5644936509975381120,EclBin
TYC 6581-2409-1,5644846693617714560,EclBin
TYC 6582-472-1,5645344600586318208,EclBin
TYC 6582-2066-1,5644068514264213632,EclBin
NSV  4101,5644860540592289536,EclBin
Cl* NGC 2627    PCA  1-732,5645263683401301120,EclBin
Cl* NGC 2627    PCA  2-1115,5645262412090927872,EclBin
Cl* NGC 2627    PCA  1-1866,5643761235122970368,EclBin
LS 1064,5543508830060096000,EclBin
V* DK Pyx,5542734460327485184,EclBin
2MASS J08264607-3340219,5543819957488506496,EclBin
ASAS J083400-3431.4,5638812848683996672,EclBin
V* FX Vel,5529771188178522240,EclBin
CD-36  4749,5529851830485548288,EclBin
TYC 7143-1216-1,5542478999979434112,EclBin
TYC 7144-2105-1,5638526666422320896,EclBin
V* AH Lyn,909917241457683584,EclBin
RX J083958.9+363929,909874119986081792,EclBin
RX J083949.2+362530,909774614183634816,EclBin
V* FQ Lyn,716473598073411712,EclBin
V* WX Cnc,710080556433458688,EclBin
V* KX Cnc,709910784966516992,EclBin
HD  73706,702732107908243584,EclBin
V* IT Cnc,664927182996782720,EclBin
V* GW Cnc,661913219762617728,EclBin
2MASS J08394203+2017450,664439416447387392,EclBin
Cl* NGC 2632     VL    1181,661420741632962432,EclBin
V* RY Cnc,661312023123990912,EclBin
Cl* NGC 2632   HSHJ     430,661229701489213824,EclBin
ASAS J084121+1900.4,661006053950424320,EclBin
TYC 1392-1134-1,658163953832265344,EclBin
Cl* NGC 2632     KP  200312,658006689308883328,EclBin
V* AB Cnc,657527370958568704,EclBin
Cl* NGC 2682    FBC      84,608016740316299264,EclBin
ASAS J084031+1236.3,602309175456956288,EclBin
V* AD Cnc,598699921163689472,EclBin
HD  74308,598089696505809152,EclBin
V* AE Cnc,597272445832924160,EclBin
V* TY Cnc,597064466336605184,EclBin
TYC  810-992-1,596351437341897472,EclBin
ASAS J084340+0511.3,582529854626091008,EclBin
V* CQ Hya,3079147511467574272,EclBin
V* GN Hya,3075945076477430016,EclBin
V* UW Hya,3079217566678787712,EclBin
2MASS J08481075+0316450,581091105005899008,EclBin
NSVS  12885275,3079028489334598784,EclBin
CRTS J084606.7-015119,3072298138141991936,EclBin
V* V491 Hya,3075195484424376832,EclBin
GPM 129.781509-04.093414,3071517519246192768,EclBin
ATO J130.1210-03.6530,3071629630777211904,EclBin
ATO J130.1886-04.1125,5761747972464457088,EclBin
ATO J130.2361-03.4778,3071656985424211072,EclBin
CRTS J084139.8-034910,3071631353059470976,EclBin
[GGM2006] 12910706,5761637815143220736,EclBin
TYC 4876-199-1,5751093223754867712,EclBin
TYC 5450-1192-1,5747619351127941504,EclBin
ASAS J083742-1726.9,5708843630465491584,EclBin
NSVS  15604588,5702365475455907968,EclBin
TYC 6571-2571-1,5653588635685096576,EclBin
V* TT Pyx,5652154013530157440,EclBin
ASASSN-V J084012.82-260440.4,5647124984784007936,EclBin
TYC 6578-415-1,5647064958327433728,EclBin
CD-27  5934,5642994016520787968,EclBin
TYC 6579-178-1,5646049520675055872,EclBin
Cl* NGC 2627    PCA  2-1149,5645262309011675392,EclBin
HD  74615,5639129473670357632,EclBin
V* TX Pyx,5639517017159015040,EclBin
V* DM Pyx,5626289617398754432,EclBin
BPS BS 17136-0033,717021017425110528,EclBin
LINEAR 5680961,705440342486348032,EclBin
CRTS J085032.8+293030,705301013747176704,EclBin
TYC 1946-140-1,692508058519093888,EclBin
V* IM Cnc,689757797684412032,EclBin
TYC 1943-1956-1,689189904224398976,EclBin
2MASS J08504984+1948364,660751581432060800,EclBin
V* IL Cnc,660806075976529664,EclBin
2MASS J08490537+1939483,661470150936458368,EclBin
BD+18  2050B,659894482054265344,EclBin
NSV  4304,611576203053219840,EclBin
BD+16  1847,610612682974152576,EclBin
V* AL Cnc,608790242450751872,EclBin
CRTS J085208.5+154244,609873471858965120,EclBin
AG+12 1088,605136088570783104,EclBin
Cl* NGC 2682   SAND    1036,604918041671889792,EclBin
Cl* NGC 2682    FBC     563,598898559106676096,EclBin
Cl* NGC 2682    FBC    1051,604981912129596928,EclBin
Cl* NGC 2682    FBC    1620,598901342245454208,EclBin
Cl* NGC 2682    FBC    1858,598876500154629632,EclBin
Cl* NGC 2682   SAND     538,598873918878952704,EclBin
Cl* NGC 2682    FBC    2016,604913677984992128,EclBin
Cl* NGC 2682    FBC    2136,604988891451223936,EclBin
Cl* NGC 2682   SAND     743,604912471098638720,EclBin
V* HQ Cnc,604914257805058048,EclBin
Cl* NGC 2682    FBC    2955,605016619761024384,EclBin
V* ET Cnc,604923947251366656,EclBin
Cl* NGC 2682   SAND    1149,598689514458302848,EclBin
Cl* NGC 2682    FBC    4164,604923676668756352,EclBin
Cl* NGC 2682   SAND    1601,604906771677660544,EclBin
V* LO Cnc,604953153028326784,EclBin
Cl* NGC 2682   SAND    1849,604954016317642368,EclBin
Cl* NGC 2682    FBC    6288,605049948706736000,EclBin
V* MS Cnc,604735106128707072,EclBin
TYC  814-1148-1,604716006409635456,EclBin
BD+12  1929,605006101385053312,EclBin
Cl* NGC 2682    XZD       2,607996979171075200,EclBin
Cl* NGC 2682   SAND     210,598892030756391424,EclBin
V* AO Cnc,585426891671142656,EclBin
V* TU Cnc,597386215222152960,EclBin
TYC  811-1921-1,585326771688635776,EclBin
TYC  225-110-1,583661144716110336,EclBin
TYC  220-254-1,581942577977963776,EclBin
V* CU Hya,581529367764317056,EclBin
LP  606-33,5764549867394071936,EclBin
CRTS J085335.6-044428,5760999239405722752,EclBin
TYC 4876-110-1,5757095389011538176,EclBin
TYC 5444-1561-1,5755995499426511616,EclBin
HD  76120,5749037029635679104,EclBin
TYC 5447-1459-1,5749064693521493248,EclBin
HD  76510,5734116077027641344,EclBin
TYC 5451-820-1,5736575611523268608,EclBin
TYC 7138-1316-1,5641637562771498880,EclBin
HD  75582,5627163248105739136,EclBin
V* DQ Pyx,5625699385813477504,EclBin
TYC 7145-2414-1,5626806181706551040,EclBin
TYC 7146-1286-1,5626908058329622144,EclBin
ASAS J210445-3525.9,6777232550824879232,EclBin
HD 201962,6776617545868685056,EclBin
HD 213155,6521195703338406272,EclBin
TYC 8007-773-1,6544604168450855808,EclBin
V* DF Gru,6542729157527627392,EclBin
V* RX Gru,6542838829517539328,EclBin
V* AK Gru,6540277727634904960,EclBin
HD 224286,6531037981670835584,EclBin
HD    271,4995011166696237440,EclBin
CD-43    89,4993649627703832576,EclBin
CD-43   103B,4993452643323631232,EclBin
TYC 7531-625-1,4980256132969096192,EclBin
V* VW Phe,4984027698370924672,EclBin
V* AR Phe,4984236536861279360,EclBin
V* AS Phe,5008010280355844224,EclBin
HD   9283,4935849710181757440,EclBin
V* SU For,4965590537640948992,EclBin
CD-32 16450,6786987899023528320,EclBin
CD-35 14833,6590559558307943168,EclBin
ASAS J214004-3533.1,6589566256927968000,EclBin
CRTS J222531.1-392601,6594451657671582464,EclBin
V* RU Gru,6595322200298581760,EclBin
V* AR Gru,6594266909654023296,EclBin
CD-41 15101,6543144532404990976,EclBin
TYC 8008-880-1,6543267639052427008,EclBin
V* DI Gru,6549674909919588480,EclBin
V* RY Gru,6548417442278892800,EclBin
CD-42 16339,6535694894450357248,EclBin
CD-41 15264,6535791342235713536,EclBin
V* DE Phe,6533205668844680448,EclBin
V* SW Phe,2306294844069169152,EclBin
V* BM Phe,4997907692641176192,EclBin
V* AG Phe,4997329074646834304,EclBin
CD-42   180,4993182197823768960,EclBin
CD-39   238,4989233714129338368,EclBin
CD-38   452,5012590978939516544,EclBin
V* CT Phe,5008388890312917504,EclBin
V* UW For,5062336050373022976,EclBin
TYC 7011-208-1,5064374201335652352,EclBin
CD-33  1041,5052481368171373568,EclBin
CD-32 16549,6784232866480405504,EclBin
BPS CS 30303-0042,6783520657823648896,EclBin
NSV 14174,6595520937025202944,EclBin
CD-36 15629,6554157614530745472,EclBin
BPS CS 30493-0047,6550289605638584576,EclBin
V* DY Gru,6550787959283913984,EclBin
TYC 7522-57-1,2310515285092603648,EclBin
V* UY Scl,4998159961839894656,EclBin
HD   4227,5001230863456552064,EclBin
V* CG Scl,5001375724114945792,EclBin
CRTS J005504.1-372517,5001565046272129024,EclBin
CD-38   354,4989348372576549248,EclBin
CD-35   566,5011852175845294080,EclBin
TYC 7007-1099-1,4971045352265147264,EclBin
V* AU For,4970170828202711808,EclBin
CRTS J025827.6-292752,5071128947938571008,EclBin
TYC 7489-1204-1,6612856352744671104,EclBin
V* W PsA,6612221281700739072,EclBin
TYC 7497-682-1,6602069696999731968,EclBin
V* VZ PsA,6600744231437427584,EclBin
V* RZ PsA,6597741671339857536,EclBin
ASAS J232801-3359.8,6552416262990152576,EclBin
CPD-36  9779,2323868677717792128,EclBin
V* CE Scl,5004017987993842048,EclBin
V* VV Scl,5014582920347948800,EclBin
SB 670,5021827499384403072,EclBin
SB 776,5018940765964702976,EclBin
SB 775,5018765084623151360,EclBin
LEHPM 2293,4971852359438926976,EclBin
CD-29   841,5068212321546650752,EclBin
V* Y For,5069573929259428096,EclBin
HD 204420,6789971526902567552,EclBin
TYC 6948-76-1,6810681068929800448,EclBin
CD-28 17434,6809984798896091904,EclBin
CRTS J224726.8-294634,6607774955461444608,EclBin
TYC 7506-1099-1,6605251511851888000,EclBin
2QZ J231031.4-320125,6556600115187519616,EclBin
2MASS J23104959-3112516,6557059981631348352,EclBin
CD-32 17656,2326394225862131456,EclBin
SB 882,2314065676858270848,EclBin
SB 929,2314365259417045504,EclBin
TYC 6989-416-1,2319660438696716928,EclBin
V* SZ Scl,2319938821297094912,EclBin
CD-31   285,5007685168510478336,EclBin
ATO J013.4894-30.6997,5031036012345530112,EclBin
V* RY Scl,5022924159154000768,EclBin
GD 1495,5023406295002135808,EclBin
CD-28   583,5024267831081840640,EclBin
CRTS J015657.8-273830,5024456259886937728,EclBin
CRTS J015853.5-283144,5021328355464252800,EclBin
HD  12959,5021001937949949696,EclBin
CRTS J021000.8-264956,5117654606373307264,EclBin
V* W For,5070673269088164480,EclBin
V* V For,5070691548468953856,EclBin
TYC 6436-1836-1,5070651897330910976,EclBin
V* TT Eri,5076644854177981824,EclBin
HD  17846,5075835544898904960,EclBin
V* RT For,5076184261885230592,EclBin
HD 200244,6807464138426082816,EclBin
V* RW PsA,6619007776704670720,EclBin
V* RS PsA,6625188269003442944,EclBin
V* RR PsA,6619070414507720320,EclBin
V* Z PsA,6625174383373947264,EclBin
CRTS J223432.5-270100,6621298609181402240,EclBin
CD-29 18646,2378046288542604928,EclBin
HD 221274,2329250928869731712,EclBin
CD-29 18748,2330974237252306176,EclBin
2QZ J233437.4-283815,2330976337491827712,EclBin
V* TU Scl,2327940688966986880,EclBin
V* DQ Scl,2320602926320492672,EclBin
SV* HV  6422,2320916905609583872,EclBin
2MASS J00024841-2953539,2320868389659322368,EclBin
Cl* Blanco    1    WGL      40,2320898763668395136,EclBin
2MASS J00182291-2952475,2320156039267483392,EclBin
RX J0042.7-2956,2317866241878732032,EclBin
FOCAP SGP6:48,2342447228771552768,EclBin
GEN# +8.61290229,5032956240684571648,EclBin
GD 1463,5036839028558748416,EclBin
V* BE Scl,5030105172673391616,EclBin
V* BH Scl,5035911521780451584,EclBin
GD 1470,5035925437475489408,EclBin
V* WY For,5025559929043133824,EclBin
CRTS J020220.8-263229,5120690048739880192,EclBin
ATO J036.2476-24.2195,5120101054105011712,EclBin
BPS CS 22898-0081,6828997592619300480,EclBin
TYC 6359-12-1,6828826309324027776,EclBin
TYC 6359-264-1,6828931656280527744,EclBin
HD 203798,6828428870229510400,EclBin
HD 204764,6830004397377215744,EclBin
BD-21  6021,6828579705185160064,EclBin
HD 206035,6816569503454014464,EclBin
CD-23 17006,6816103825918427008,EclBin
HD 205563,6817632009642019968,EclBin
CD-25 15656,6813012102300045824,EclBin
HD 208090,6813782928670871552,EclBin
V* X PsA,6812433789248998656,EclBin
V* AH Aqr,6818741107636797696,EclBin
V* VY PsA,6626081175524391936,EclBin
V* RT PsA,6625280829843474048,EclBin
HD 212194,6625695242647615104,EclBin
V* AU Aqr,6625669545858583552,EclBin
2MASS J22350333-2556405,6622168627820918528,EclBin
HD 222880,2331661401955444480,EclBin
V* UU Scl,2334615102504987264,EclBin
TYC 6416-423-1,2323806593965969792,EclBin
1RXS J012335.9-251548,5040176767903488000,EclBin
HD   9411,5041940277179192064,EclBin
[PS78] 253,5038449332057120768,EclBin
V* AQ Cap,6881643785609040128,EclBin
HD 204348,6831314538496538496,EclBin
HD 205324,6830174752959787904,EclBin
V* BQ Cap,6829966640321162880,EclBin
V* AF Aqr,6819852954410521344,EclBin
V* AO Aqr,6819090851117929984,EclBin
V* BI Aqr,6624577352855470720,EclBin
TYC 6964-301-1,6623368371101065728,EclBin
CD-24 17536,2383228394218770176,EclBin
CRTS J233407.3-230634,2387312598879783040,EclBin
UCAC4 334-220322,2339400207173204864,EclBin
HD 223597,2339283658940096128,EclBin
CD-25    29,2335637476519789184,EclBin
TYC 6412-1027-1,2335666854095904896,EclBin
CD-23   112,2360391189816942976,EclBin
V* BD Scl,2347678056557142912,EclBin
V* SV Cet,2348542478854916992,EclBin
CD-24   512,2350917217813096192,EclBin
ASASSN-V J011302.62-223635.9,2351547993889441792,EclBin
BD-21   269,5138909098147226112,EclBin
HD  12677B,5136890154279807104,EclBin
V* GH Cet,5135192233448555392,EclBin
V* FK Eri,5132452250472067456,EclBin
BD-18   467,5129405572471074944,EclBin
HD  18704,5153840122454259456,EclBin
V* CQ Cap,6834470686624097920,EclBin
HD 205032,6831904456548813568,EclBin
HD 208058,6837177924769721344,EclBin
V* AM Aqr,6822163573801005184,EclBin
V* AT Aqr,6821173433515448704,EclBin
HD 212561,6821753666417565952,EclBin
V* AY Aqr,6821488748539442304,EclBin
HD 213537,2401964072356330112,EclBin
V* BF Aqr,2401969432475329792,EclBin
V* EE Aqr,2401669055347176704,EclBin
ASAS J224836-2018.7,2401019248270496768,EclBin
TYC 6409-681-1,2389092776924315264,EclBin
V* CK Cet,2361811831855509248,EclBin
HD   1922,2361807983564564608,EclBin
BD-21    72,2362418521756259712,EclBin
V* GR Cet,2356815135622438784,EclBin
ASAS J011054-1857.6,2354767222200960128,EclBin
TYC 5854-1827-1,2353307349932757504,EclBin
ASAS J014255-2007.5,5139078903973009920,EclBin
BD-18   348,5141471716154358912,EclBin
V* CR Aqr,6885473973020247424,EclBin
V* CQ Aqr,6885446313430756096,EclBin
HD 202131,6884829934084350336,EclBin
V* WZ Cap,6836377102347844352,EclBin
V* OS Aqr,6890663015068080768,EclBin
HD 207225,6837448469054468992,EclBin
V* CW Aqr,2595576555199531392,EclBin
BD-17  6626,2403552419981523200,EclBin
V* OV Aqr,2393101802477641600,EclBin
GD 1130,2405657606791676416,EclBin
SB 869,2390134529832050176,EclBin
BD-18   141,2357484841283600896,EclBin
[BB93]  8,2358800918046662656,EclBin
SB 541,2454531139164985600,EclBin
CRTS J012616.8-175654,2450364436772373248,EclBin
V* CX Cet,2450438619447863424,EclBin
V* CK Aqr,6890062990957518976,EclBin
HD 358113,6889996401784482688,EclBin
V* NQ Aqr,6889097168776038528,EclBin
HD 358313,6891723287875217280,EclBin
HD 358446,6892314344093418496,EclBin
TYC 5808-1009-1,6839598426603809536,EclBin
BPS CS 22892-0046,2599826446814528512,EclBin
HD 211750,2599524081116987904,EclBin
HD 214379,2596639439346215552,EclBin
BD-16  6129,2596651538269593216,EclBin
HD 213321,2600949769740622336,EclBin
BD-16  6133,2596459325597908096,EclBin
HD 219462,2406826971767720960,EclBin
BD-15  6377,2407139228774558208,EclBin
V* CZ Aqr,2407526566105203072,EclBin
TYC 5828-1177-1,2408727511975936896,EclBin
GR* 232,2395745470812555520,EclBin
V* BQ Aqr,2395429056277142528,EclBin
HD 225131,2417710487615987584,EclBin
ASAS J002821-1453.3,2374635642128481920,EclBin
SB 229,2373506374967095552,EclBin
2MASS J01023131-1334522,2372246746959010688,EclBin
SB 472,2455899790623380224,EclBin
SB 487,2456097359119179136,EclBin
BD-15   214,2455929133839982848,EclBin
ATO J019.5746-13.7680,2456237405116620160,EclBin
SB 602,2455208575766858752,EclBin
BD-13   466,5171329194924103296,EclBin
BPS CS 22184-0033,5170834861367974912,EclBin
LP  696-31,6908694387287545216,EclBin
HD 203069,6892535685232812032,EclBin
ASAS J211902-0842.4,6897563996720348160,EclBin
TYC 5776-1273-1,6895626206260074368,EclBin
CRTS J211505.2-094941,6895868618509940864,EclBin
BD-10  5791,2617895679171636736,EclBin
HD 209461,2613435166655574784,EclBin
TYC 5805-1193-1,2613331778202503936,EclBin
ATO J339.1359-10.5622,2608719880975166208,EclBin
V* SU Aqr,2603523825245107968,EclBin
HD 219387,2412218701912517504,EclBin
HD 221197,2433417522318421888,EclBin
2MASS J23542777-1236342,2421916390173931520,EclBin
SB 101,2424190321955034112,EclBin
BPS CS 31062-0048,2425264231283234816,EclBin
BD-11   170,2472604464626399488,EclBin
V* WY Cet,2457700412712178944,EclBin
SB 754,2460273957115959680,EclBin
ATO J030.2705-10.0238,2462487617620014848,EclBin
HD  15424,5175563036245328000,EclBin
BPS CS 22184-0042,5173997125528922752,EclBin
TYC 5204-1575-1,6910279676897584768,EclBin
TYC 5770-1250-1,6909060902617832576,EclBin
2MASS J21220301-0833334,6897399551012783488,EclBin
V* EI Aqr,6898070970364811392,EclBin
ATO J322.8118-07.9748,6894864008479677440,EclBin
BD-07  5586,2667634668929314176,EclBin
ASAS J213349-0720.6,6895005811120084736,EclBin
BD-08  5773,2618741826383205888,EclBin
V* XZ Aqr,2619128506583364864,EclBin
V* FW Aqr,2615786098609654272,EclBin
BD-09  5940,2615952704685771904,EclBin
BD-08  5848,2616523870911953280,EclBin
TYC 5803-1670-1,2615804270615786880,EclBin
TYC 5803-1834-1,2619114316011408640,EclBin
HD 217212,2607379331487602176,EclBin
2MASS J22591309-0829429,2607379335783072384,EclBin
BD-10  6054,2606274326596942080,EclBin
TYC 5820-811-1,2606306933988679680,EclBin
HD 219869,2438094088869003776,EclBin
HD 220275,2437813958217331968,EclBin
BD-10  6100,2437798496335047296,EclBin
V* EK Aqr,2438737101308168576,EclBin
HD   2006,2429731065989404928,EclBin
UCAC4 398-000673,2425540144276452096,EclBin
CRTS J004136.5-092338,2426015476898188672,EclBin
BD-10   208,2473143981238310656,EclBin
BD-10   267,2470741273453606912,EclBin
CRTS J013827.5-080643,2465553537074514048,EclBin
BD-08   308,2466866182159431936,EclBin
BD-08   323,2466995890171865600,EclBin
HD 209559,2620847936610849792,EclBin
V* ST Aqr,2622626156150704896,EclBin
V* GZ Aqr,2609808878523035520,EclBin
V* EF Aqr,2634889975703593600,EclBin
CRTS J225511.4-065142,2610806749749680128,EclBin
BD-08  6022,2607494058654223744,EclBin
HD 220338,2631134009623260800,EclBin
HD 222869,2445840564899005312,EclBin
ATO J013.4370-07.3833,2522748139087140864,EclBin
BPS CS 22967-0004,2482640497526159104,EclBin
ASAS J013416-0724.7,2477860297709250176,EclBin
V* WZ Cet,2479263244482145664,EclBin
V* MO Aqr,6916191201164348160,EclBin
V* CD Aqr,2684427578739610880,EclBin
V* EO Aqr,2672655623137127424,EclBin
TYC 5203-308-1,2684253512305080832,EclBin
BPS CS 22965-0030,2670284934333098112,EclBin
V* FF Aqr,2676368463450484096,EclBin
V* GH Aqr,2626139233240717952,EclBin
V* DY Aqr,2627830453922905984,EclBin
CRTS J221948.9-034550,2627503353508688000,EclBin
V* GM Aqr,2629272635221532800,EclBin
V* GN Aqr,2626673806345286784,EclBin
V* LL Aqr,2628040117046777984,EclBin
BD-06  6163,2632212626235067520,EclBin
BD-03  5563,2636779795673451392,EclBin
ATO J349.2569-04.9317,2633834616339346304,EclBin
ASAS J233116-0522.3,2632999777776330240,EclBin
TYC 4667-1062-1,2445337366530903168,EclBin
BD-05    43,2443916075953063040,EclBin
V* FH Cet,2504344650899879808,EclBin
HD  12064,2504703469647605376,EclBin
HD  12196,2492558504725362048,EclBin
ASAS J015438-0409.2,2504052077727702656,EclBin
BD-03   357,2493415604103671168,EclBin
BD-03   450,5185793678408431488,EclBin
HD 204379,2687655156468282112,EclBin
FASTT 1516,2687074756062844032,EclBin
FASTT 1535,2686599492161676672,EclBin
V* NN Aqr,2687136771094885888,EclBin
FASTT 1537,2674814204980623360,EclBin
FASTT 1545,2674737995080897152,EclBin
** LDS  760A,2680776684739322880,EclBin
FASTT 1519,2680927146033674752,EclBin
V* FS Aqr,2677352526357028992,EclBin
BD-01  4243,2677167293007789440,EclBin
FASTT 1540,2677208391550017664,EclBin
FASTT 1541,2677158088892986624,EclBin
TYC 5224-1165-1,2676990310290294912,EclBin
V* GK Aqr,2677855484207663104,EclBin
V* GS Aqr,2678108513616073216,EclBin
FASTT 1585,2653134034703971584,EclBin
FASTT 1586,2653124310897996928,EclBin
FASTT 1593,2653019204458424064,EclBin
FASTT 1599,2652723057873537536,EclBin
FASTT 1576,2653476120259267328,EclBin
FASTT 1596,2650036671793453696,EclBin
TYC 5242-383-1,2650412021870919936,EclBin
BPS CS 22894-0047,2641666162786211584,EclBin
CRTS J234939.6-004257,2641824595540025856,EclBin
LP  584-82,2544995485564977792,EclBin
FASTT   27,2542509077458417920,EclBin
HD   3820,2530845801708542976,EclBin
FASTT   16,2543162427883368320,EclBin
ASAS J004430-0231.2,2529331293160529920,EclBin
2MASS J00445931-0130207,2530574359774427904,EclBin
V* VV Cet,2535547588306352640,EclBin
FASTT   21,2530733204844609152,EclBin
FASTT   29,2530649848119969920,EclBin
V* EV Cet,2535986568322980864,EclBin
Shk 141-12,2533013140988850944,EclBin
FASTT   25,2536120365143965952,EclBin
FASTT   56,2485494005077977856,EclBin
FASTT   52,2485633162018422912,EclBin
V* HI Cet,2505515081027672320,EclBin
FASTT   50,2509351002219001472,EclBin
V* TX Cet,2507455341093475200,EclBin
TYC 4686-908-1,2504909902955822720,EclBin
BD-00   429,2498567370130994944,EclBin
US 3194,2497355021122373760,EclBin
US 3463,5188024248199531648,EclBin
TYC  528-206-1,2690902396557503616,EclBin
FASTT 1506,2687289298269191680,EclBin
FASTT 1485,2693502432319325440,EclBin
FASTT 1486,2693383577689160832,EclBin
FASTT 1497,2693192576198671360,EclBin
FASTT 1504,2681205562994074496,EclBin
FASTT 1513,2680573034570069760,EclBin
FASTT 1561,2654120777670648320,EclBin
FASTT 1549,2702273820689582592,EclBin
FASTT 1558,2654243270137612032,EclBin
V* DD Aqr,2654488078978125440,EclBin
FASTT 1552,2654477088157386112,EclBin
V* NW Aqr,2655160091036490240,EclBin
FASTT 1557,2655441046321758464,EclBin
NSVS  14553694,2655019456627420928,EclBin
ASAS J231417+0237.5,2658831875758288128,EclBin
BD-00  4518,2644577051101520256,EclBin
TYC  586-1008-1,2643599825783439616,EclBin
ATO J001.2805+00.0446,2545992295935311104,EclBin
ATO J003.7259+02.3858,2548249352788807424,EclBin
TYC    2-1223-1,2547192619035730944,EclBin
FASTT    7,2544030629752725504,EclBin
FASTT    9,2549128068736981760,EclBin
FASTT   15,2536484818888867840,EclBin
ASAS J005759+0034.6,2537264303914157952,EclBin
FASTT   43,2534108671181889152,EclBin
FASTT   46,2509434771261115008,EclBin
V* SS Cet,2499439420290788864,EclBin
V* HS Cet,2499270026780595968,EclBin
CRTS J025517.8+014327,1179432379804928,EclBin
BD+01  4422A,1730081237068994688,EclBin
V* DR Aqr,1730082340875802112,EclBin
ASAS J215443+0410.5,2695917509609728768,EclBin
TYC  563-925-1,2707303467911198464,EclBin
HD 214299,2703186965096417536,EclBin
ASAS J223540+0252.9,2703178340801996288,EclBin
CRTS J224750.8+033836,2656937554662246400,EclBin
ATO J348.0978+05.0545,2662450918281092736,EclBin
2MASS J23260479+0327363,2659512984556365952,EclBin
V* VZ Psc,2660317625204804480,EclBin
TYC    4-517-1,2741894997075349760,EclBin
TYC    7-613-1,2742412935771506560,EclBin
1SWASP J001311.15+053540.1,2742288759677191424,EclBin
V* DS Psc,2551431442517874944,EclBin
PB  6350,2562864709883923456,EclBin
CRTS J011815.0+050713,2564258821908284672,EclBin
RX J0114.2+0426,2563790777847807488,EclBin
TYC   31-201-1,2558862732372413696,EclBin
TYC   38-1191-1,2513888102591385600,EclBin
V* TU Cet,1815568575811456,EclBin
BPS BS 17569-0058,2720620576652672896,EclBin
V* DO Peg,2720603396783494016,EclBin
V* V414 Peg,2708514648688731520,EclBin
BPS CS 30332-0112,2709979022082805376,EclBin
RX J2236.2+0601,2706476768310957568,EclBin
V* ER Psc,2665427811653373312,EclBin
2MASS J23265298+0649087,2661602335822516608,EclBin
HD    932,2748625039029846400,EclBin
NSV 15050,2751858049891714944,EclBin
V* UV Psc,2576772264960362112,EclBin
V* GW Psc,2578410090609004672,EclBin
ASAS J012951+0536.7,2564913654097499008,EclBin
BD+05   213,2564985152417691648,EclBin
HS 0136+0605,2562388518269804672,EclBin
ATO J042.8135+05.8902,6366073541109632,EclBin
HD 205644,2701341881506061952,EclBin
ASAS J220925+0808.0,2722029055343309952,EclBin
V* PU Peg,2723388906413238400,EclBin
NSVS  11738049,2723034794950244352,EclBin
TYC 1138-947-1,2710980681471233280,EclBin
BD+09  5155,2714367967558886144,EclBin
BD+08  5034,2762133364009753216,EclBin
CRTS J232218.6+093611,2762058116182686464,EclBin
ASAS J231546+0918.0,2666108267616421504,EclBin
G  30-2,2758239817243482752,EclBin
V* V396 Peg,2761813165608019968,EclBin
V* DK Peg,2760094044817274880,EclBin
GSC 01170-00969,2759006662178566400,EclBin
2MASS J23404656+0827063,2758093311612997248,EclBin
CRTS J234545.5+101927,2760430048700460544,EclBin
HD 224467,2759226083468177280,EclBin
V* V619 Peg,2765573873333291264,EclBin
BPS CS 31085-0083,2759126955623194880,EclBin
[GGM2006]  9093368,2751068428743886080,EclBin
HD   5464,2582387230325150848,EclBin
TYC  614-815-1,2578950397494930944,EclBin
2MASS J01254770+0919373,2579085049014003840,EclBin
V* DT Cet,22964541592260992,EclBin
BD+06   453,8080070434651136,EclBin
BD+09  4835,1742628558822548992,EclBin
V* FL Peg,1742060278813661440,EclBin
V* V381 Peg,1742704042873432320,EclBin
V* V375 Peg,2725799830471031296,EclBin
NSVS  11726399,2727916355994766080,EclBin
BPS CS 30332-0121,2729772262902843520,EclBin
BPS CS 30332-0123,2729873692850593024,EclBin
BD+12  4897,2720039248534841472,EclBin
RX J2256.9+1318,2719802372498534400,EclBin
2MASS J22565850+1318219,2719814123529056000,EclBin
BD+12  4967,2812086582441177472,EclBin
TYC 1165-631-1,2811016001713326848,EclBin
2MASS J23171114+1203141,2811176496050967680,EclBin
V* TY Peg,2812756459901030528,EclBin
BD+11  5018,2764206905500822144,EclBin
ATO J355.6414+12.3246,2763964738065391232,EclBin
TYC  608-437-1,2774961056933020288,EclBin
V* SX Psc,2584327249872882688,EclBin
V* EE Psc,2584343635172950144,EclBin
BD+11   216,2587319227170538112,EclBin
BD+10   263,2574480431755826176,EclBin
V* W Equ,1746717054155874944,EclBin
V* BO Peg,1745879299314065024,EclBin
V* GW Peg,1745819135407901312,EclBin
NGC  7078  1134,1745958876468223616,EclBin
Cl* NGC 7078    GEB     828,1745948396750867072,EclBin
Cl* NGC 7078    GEB    1039,1745948396745108352,EclBin
Cl* NGC 7078    GEB    1128,1745948362385599744,EclBin
Cl* NGC 7078    GEB    1225,1745948121866884736,EclBin
Cl* NGC 7078    GEB    1384,1745947743909718016,EclBin
Cl* NGC 7078    GEB    1392,1745947950066572160,EclBin
Cl* NGC 7078    GEB    1482,1745948396746469376,EclBin
ASAS J212814+1157.7,1745847271737525504,EclBin
V* V458 Peg,1766325233424113024,EclBin
V* EH Peg,2732634497828544128,EclBin
CRTS J224409.9+144638,2732397720576120960,EclBin
V* BG Peg,2828493735468863232,EclBin
V* ZZ Peg,2816314165994677376,EclBin
ATO J345.1249+16.1369,2816856710559005952,EclBin
V* V767 Peg,2819895039144564480,EclBin
BD+13    60,2780094367485561984,EclBin
TYC  602-436-1,2779987165101924736,EclBin
HD   4834,2778150740165184128,EclBin
ASAS J005816+1348.2,2776936913687919744,EclBin
BD+13   218,2590341677260473216,EclBin
V* EM Psc,2589993789205323136,EclBin
V* HO Psc,2587191718181393408,EclBin
V* AW Ari,2575850324460373504,EclBin
1RXS J015308.9+145336,90089314151254528,EclBin
V* BM Ari,77432938883153792,EclBin
V* AG Ari,74428489000457984,EclBin
BD+11   359,26100417474249344,EclBin
V* AL Ari,25841791723534848,EclBin
HD  17906A,22136158364657792,EclBin
V* TY Del,1758277044531138048,EclBin
TYC 1112-2502-1,1757461413062070528,EclBin
BD+12  4581,1758806429318232576,EclBin
BD+13  4693,1771406931353680128,EclBin
CRTS J212948.0+152833,1771956038628830976,EclBin
CRTS J213001.5+152645,1771908793988563712,EclBin
HD 208238,1768986566959444096,EclBin
V* DF Peg,1768992369459334272,EclBin
V* GH Peg,1769320268738694528,EclBin
BPS BS 17578-0094,1772389207554147968,EclBin
TYC 1666-577-1,1769723720786587776,EclBin
V* UX Peg,2737944348716650368,EclBin
TYC 1699-703-1,2737944073838737152,EclBin
2MASS J22444406+1754107,2832918823094493440,EclBin
TYC 1715-1307-1,2819076418377618944,EclBin
V* EY Peg,2817558435200132608,EclBin
BD+17  4912,2824185642753940736,EclBin
TYC 1716-395-1,2824274565757235840,EclBin
V* V613 Peg,2821576742179751296,EclBin
ASAS J234853+1838.2,2821955592655012992,EclBin
TYC 1725-1376-1,2821673671001850112,EclBin
V* DM Peg,2774110241092584192,EclBin
HD    713,2798428345921128832,EclBin
V* EY Psc,2797395732705009920,EclBin
CRTS J003106.4+182259,2794874312023944960,EclBin
HD   5519,2787740714942478208,EclBin
TYC 1198-982-1,2592761328691665536,EclBin
CRTS J013416.9+153245,2592001085120717056,EclBin
ATO J023.5895+16.2682,2592462463392121728,EclBin
TYC  637-717-1,78825951395933184,EclBin
V* NR Peg,1760839185799686016,EclBin
V* V397 Peg,1760679924115447936,EclBin
V* V335 Del,1763274496678041344,EclBin
V* V337 Del,1763371184981812736,EclBin
CRTS J211044.8+153542,1760482840952380672,EclBin
V* V338 Del,1763323188724192512,EclBin
CRTS J211024.8+144845,1760367495310341888,EclBin
V* V336 Del,1763175579288512768,EclBin
V* KV Peg,1785120044671616000,EclBin
BD+15  4389,1783739569166943232,EclBin
BD+16  4565,1773605443509092096,EclBin
TYC 1669-386-1,1773638188339923840,EclBin
TYC 1673-431-1,1774370669242478592,EclBin
BD+17  4648,1779289983049842688,EclBin
[KLC2005] 42,1779066236728124416,EclBin
ATO J330.1695+17.3608,1776037735028544896,EclBin
CRTS J220142.4+172845,1776000454712262784,EclBin
V* V489 Peg,1776100024938139648,EclBin
BD+18  4976,1777601476785344000,EclBin
RX J2311.0+2142,2838557908996971648,EclBin
HD 222474B,2826159850239895296,EclBin
TYC 1727-993-1,2823187148755749376,EclBin
TYC 1728-2041-1,2823459003006688128,EclBin
ASAS J234941+1954.9,2823233946721052032,EclBin
CRTS J235145.4+195400,2822482602322203776,EclBin
ATO J001.8101+20.3650,2798352647122476544,EclBin
TYC 1186-377-1,2799538818305892224,EclBin
TYC 1193-432-1,2805760198692690176,EclBin
1SWASP J005225.90+203451.2,2789771959595862912,EclBin
V* SU Psc,288236187243029120,EclBin
V* AD Ari,80756075338996992,EclBin
BD+18  4748,1788630888378546688,EclBin
BD+18  4890,1780252949075734272,EclBin
TYC 1692-999-1,1781312706486296192,EclBin
CRTS J223559.5+234443,1876903770665488640,EclBin
V* QT Peg,1875764985856848512,EclBin
TYC 2234-676-1,2842182689595510400,EclBin
TYC 2234-1164-1,2842123590845875328,EclBin
BPS BS 17584-0024,2840468276089961728,EclBin
2MASS J23291122+2322071,2839766100476867200,EclBin
BD+22  4885,2828157903387821824,EclBin
CRTS J233924.7+242217,2852211335153209728,EclBin
HD 224102,2847945298755749376,EclBin
ATO J358.9085+25.1501,2851804378410739584,EclBin
TYC 1730-193-1,2855301718740396416,EclBin
V* V489 And,2807275188277397504,EclBin
TYC 1747-1575-1,2791028185990118784,EclBin
V* GR Psc,2791717889018380160,EclBin
V* UW Psc,289877689383932288,EclBin
BD+22   242,290066049469627392,EclBin
V* AE Psc,289969773482843904,EclBin
V* V403 Vul,1838035759745940864,EclBin
V* LY Del,1789284681184297216,EclBin
TYC 1660-1713-1,1837701027175105664,EclBin
2MASS J21055219+2032458,1789611652751530240,EclBin
V* BG Vul,1791530536763486976,EclBin
V* V467 Vul,1791441957357094400,EclBin
V* DP Peg,1791119426789765632,EclBin
V* DV Peg,1790828262367027072,EclBin
V* BQ Peg,1787797488629854080,EclBin
V* BW Peg,1793656274992715008,EclBin
V* V365 Peg,1794112847195935616,EclBin
BD+22  4481,1794269592026096768,EclBin
ATO J326.8800+21.6908,1793297696763021440,EclBin
V* V481 Peg,1794740737054805760,EclBin
HD 217544A,1883212046832001536,EclBin
TYC 2253-1378-1,2865463851881560832,EclBin
TYC 2254-2723-1,2852562732196504320,EclBin
CRTS J005501.1+253627,2805308368133735680,EclBin
TYC 1750-473-1,306810134091882624,EclBin
LSPM J0120+2356,293202062790569984,EclBin
CRTS J012302.7+253713,293848163310640256,EclBin
V* SS Ari,104063247946740352,EclBin
V* RX Ari,100798797923874816,EclBin
BD+21   345,89292133861359104,EclBin
HD 200579,1838373034938114048,EclBin
ASAS J212147+2404.4,1792379432755953152,EclBin
V* V411 Peg,1798340160167506048,EclBin
V* V516 Vul,1798528829490904192,EclBin
V* CF Peg,1799594153180741888,EclBin
V* CE Peg,1797963302557231872,EclBin
BPS BS 17583-0136,1796231056347155200,EclBin
BD+25  4686,1891720823721569536,EclBin
V* MM Peg,1893908851860419840,EclBin
NSVS   8946595,1881378473753081728,EclBin
V* MQ Peg,1884116360786727296,EclBin
TYC 2228-2111-1,1883942947186130816,EclBin
TYC 2243-391-1,1884761224355977984,EclBin
TYC 2246-567-1,1884340729877154944,EclBin
ATO J344.7361+29.8536,1886099433085175680,EclBin
2MASS J23022943+3007254,1886086479464106752,EclBin
V* MX Peg,2845073236946019840,EclBin
TYC 2256-2050-1,2865974952989609728,EclBin
NSVS   6234972,2871126126310275584,EclBin
CRTS J234815.9+282629,2866678640431047680,EclBin
V* QS And,2857094502513508224,EclBin
V* WX And,2809920437159473024,EclBin
BD+27   124,2809884810406465024,EclBin
HD   7579,308835503229724160,EclBin
V* BM Psc,307295083144596480,EclBin
V* BN Psc,296959158447081856,EclBin
TYC 1755-509-1,296737989106264448,EclBin
USNO-B1.0 1175-00030898,298186866258267776,EclBin
V* BN Ari,106993102837561088,EclBin
AG+24  206,102800695064804480,EclBin
V* DZ Vul,1841740422440910464,EclBin
TYC 2172-463-1,1841128716019958144,EclBin
2MASS J21091128+2355235,1840232480899926528,EclBin
ASAS J210705+2445.7,1841085938143348992,EclBin
ASAS J210456+2456.2,1841288317002339200,EclBin
V* BI Vul,1847030726936532480,EclBin
HD 204460,1847462938083983232,EclBin
HD 204966,1799041747370084224,EclBin
V* LP Peg,1848791251209088896,EclBin
BD+27  4147,1801203288447052928,EclBin
V* CC Peg,1800870372644501888,EclBin
V* BX Peg,1800400576239988224,EclBin
V* BZ Peg,1800329314142418816,EclBin
V* BY Peg,1800847214181528704,EclBin
V* KW Peg,1800421089003769600,EclBin
V* V450 Peg,1800371542260950912,EclBin
V* V446 Peg,1800399201850784640,EclBin
V* V445 Peg,1800415866323680640,EclBin
V* V449 Peg,1800868830754091392,EclBin
BD+27  4204,1896344373195921024,EclBin
BD+27  4198,1896100900090259328,EclBin
V* CW Peg,1800269906154094848,EclBin
V* CU Peg,1800067596014870272,EclBin
UCAC4 599-130559,1896567294880912384,EclBin
UCAC4 599-130552,1896567367897976832,EclBin
TYC 2215-404-1,1896308364189995776,EclBin
V* LX Peg,1893122426169232128,EclBin
FSVS J2159+2737,1893037248377843968,EclBin
BD+28  4299,1893678435455072896,EclBin
TYC 2733-1071-1,1895367216596558976,EclBin
1RXS J222228.4+292216,1894421739674995456,EclBin
V* V560 Peg,1886540199809589120,EclBin
CRTS J230033.2+301538,1886146952603466624,EclBin
TYC 2750-1928-1,1886508657569476992,EclBin
V* V573 Peg,1910663755503505152,EclBin
V* V596 Peg,2870715256854799232,EclBin
NSVS   6235202,2871473232684498176,EclBin
V* V607 Peg,2871663585633164160,EclBin
V* UU And,360391981413604992,EclBin
AG+29  142,311752404499109760,EclBin
V* AT Psc,312702142027452416,EclBin
V* CP Psc,312907304025470720,EclBin
2MASS J00584767+3206066,312906548111226880,EclBin
TYC 2291-1627-1,313579414867698176,EclBin
TYC 2295-194-1,313593571079657216,EclBin
V* RV Psc,310402169860611968,EclBin
V* HL Psc,297090554381645312,EclBin
IFM-B   27,303285031093208832,EclBin
V* RS Tri,302991770726910848,EclBin
IFM-B  390,303283618050487680,EclBin
[SM2006] W30602,303379344280978688,EclBin
IFM-B  620,303271592142024192,EclBin
IFM-B  642,303380856109511936,EclBin
FSZ 252,303379760892408448,EclBin
IFM-B 1341,303367425750264192,EclBin
FSZ 497,303372987729289600,EclBin
IFM-B 2106,303372128735976448,EclBin
[FS95b] L189-2,303389690857329152,EclBin
EV* M33 V0052,303390236318724736,EclBin
[HS80] B69,303381856836429184,EclBin
[MBH96] 215,303379760897395968,EclBin
2MASS J01340837+3047143,303387384461848192,EclBin
2MASS J01340043+3034512,303367425746542208,EclBin
V* AL Tri,303278056067867136,EclBin
D33 J013332.0+303839.2,303379108057365376,EclBin
D33 J013345.5+304242.7,303380997844561152,EclBin
D33 J013356.2+303358.6,303365948277852544,EclBin
D33 J013339.8+303806.0,303378317783422080,EclBin
D33 J013402.3+304409.6,303381272720590848,EclBin
D33 J013337.9+303120.7,303365467241647488,EclBin
D33 J013346.4+303407.6,303366085716799360,EclBin
D33 J013349.3+304037.1,303379932691706112,EclBin
D33 J013338.5+303124.2,303365467241644672,EclBin
D33 J013341.1+304501.7,303384399456758016,EclBin
D33 J013336.9+303019.8,303365432881926912,EclBin
D33 J013334.8+303211.4,303377286991607936,EclBin
2MASS J01341886+3044221,303386289242385024,EclBin
CRTS J013117.0+302708,315288708772178176,EclBin
V* BC Tri,303303615416644736,EclBin
V* BO Ari,107134287002625536,EclBin
V* CX Ari,103523490816925184,EclBin
BD+24   371,126206278258814336,EclBin
V* V384 Vul,1845261681448890368,EclBin
HD 203820,1848380991638205312,EclBin
V* V400 Cyg,1849246277224856576,EclBin
V* BK Vul,1847459639550326272,EclBin
TYC 2201-1891-1,1849607741672560640,EclBin
TYC 2717-351-1,1849544137499439616,EclBin
HD 211059,1898871394513140480,EclBin
[GGM2006]  8857534,1898376094589024896,EclBin
ATO J331.9344+31.8521,1898716844414860032,EclBin
TYC 2742-2436-1,1902568949039611008,EclBin
V* V535 Peg,1901521732932936960,EclBin
CRTS J223357.8+340716,1902391790228628736,EclBin
2MASS J22371025+3442185,1903932961933158912,EclBin
2MASS J22373648+3436252,1903180861619794816,EclBin
V* V404 Peg,1891102451510535552,EclBin
CRTS J225720.1+342431,1891154094196989056,EclBin
RAT J2257+3403,1890383194809829248,EclBin
TYC 2755-1041-1,1911287663929642624,EclBin
V* ER Peg,1914075853619150208,EclBin
2MASS J23042865+3438547,1914467859577739776,EclBin
CRTS J231025.6+340842,1911586731092260608,EclBin
CRTS J231038.6+341431,1911587723228011136,EclBin
CRTS J231115.6+340643,1911576904207135872,EclBin
V* V577 Peg,1911621430131485056,EclBin
V* V353 Peg,2872704479548186752,EclBin
NSVS   6233118,2873101506325231360,EclBin
BD+35  5103,2879521967035566208,EclBin
NSVS   6239732,2879223685850772864,EclBin
V* V705 And,2878161664993632896,EclBin
V* V702 And,2879163212710896128,EclBin
V* V714 And,2878836318456431872,EclBin
V* NP And,2875874440290141312,EclBin
TYC 2267-94-1,2877044526819798400,EclBin
V* V485 And,2876287994100299520,EclBin
TYC 2270-709-1,365133006832977920,EclBin
TYC 2284-908-1,364036828100389760,EclBin
TYC 2295-712-1,316730580832862080,EclBin
V* HN Psc,316948833891290880,EclBin
V* V527 And,319962281729602816,EclBin
V* AU Tri,317521713808904192,EclBin
NSV 15334,315816882374476032,EclBin
V* TY Tri,301738636708974208,EclBin
CRTS J015634.8+324708,304893032489975168,EclBin
V* SS Tri,325426824455582848,EclBin
V* BR Tri,325474825009962880,EclBin
BD+28   403,130944967216353536,EclBin
BD+30   367A,324433072102437248,EclBin
V* XZ Ari,127709791690597376,EclBin
TYC 1779-1189-1,131343918138834432,EclBin
V* CN Tri,131602784407468928,EclBin
BD+29  4316,1852321572592820480,EclBin
V* V377 Cyg,1846188226155092608,EclBin
V* V456 Vul,1845970140592630016,EclBin
2MASS J21033046+2937562,1852397683711927296,EclBin
V* AE Cyg,1852719217844434048,EclBin
V* V1901 Cyg,1852900607205165696,EclBin
V* V3121 Cyg,1851428842167630592,EclBin
BD+30  4459,1850730682343597440,EclBin
TYC 2708-1047-1,1850978282918936576,EclBin
V* HY Peg,1948290387736232960,EclBin
V* AY Peg,1948455005241897344,EclBin
V* WZ Peg,1948495584093257344,EclBin
V* HZ Peg,1948550868912371456,EclBin
V* V410 Peg,1905230763611922944,EclBin
TYC 2746-2057-1,1907386424877023872,EclBin
BD+36  4912,1904579509130256512,EclBin
2MASS J22445522+3709517,1904656814243338240,EclBin
BD+34  4783,1891507003070709888,EclBin
TYC 2761-1202-1,1927573767597904640,EclBin
TYC 3216-344-1,1916243472074688512,EclBin
TYC 2763-2039-1,1915128326765721728,EclBin
BD+36  5044,1916472857688579712,EclBin
V* V463 And,1916469039460149504,EclBin
V* V676 And,1918821345805372672,EclBin
V* V687 And,1918599789914833024,EclBin
HD 223971,2881632548324465792,EclBin
NSVS   3625858,2881564516042273280,EclBin
V* V712 And,2878904453817564032,EclBin
TYC 2797-182-1,367301484281376000,EclBin
TYC 2798-982-1,364755217214042368,EclBin
V* WZ And,370531677645249792,EclBin
V* FK And,369737447997578880,EclBin
TYC 2289-988-1,363622999411134848,EclBin
TYC 2798-1443-1,364763433486348544,EclBin
CRTS J010525.0+355710,363358326346594048,EclBin
V* FL And,369417528768719872,EclBin
V* NZ And,320826914481507968,EclBin
V* V363 And,319040448604661248,EclBin
V* RU Tri,330048896460188160,EclBin
ATO J030.5929+34.1523,329087678484198400,EclBin
V* BP Tri,329203440738771456,EclBin
V* VW Tri,325760629313540096,EclBin
V* RZ Tri,325921398529667840,EclBin
V* BQ Tri,328917052319430656,EclBin
V* VZ Tri,324875518157701760,EclBin
V* AK Tri,326582926573051264,EclBin
TYC 2314-1743-1,325058694218734592,EclBin
BD+28   451,129581572797737344,EclBin
[GGM2006]  6576758,132905701390909568,EclBin
BD+30  4324,1853022412481306880,EclBin
BD+30  4341,1852995989841683456,EclBin
V* V3097 Cyg,1865369172144154240,EclBin
[GGM2006]  8678577,1854443977937316992,EclBin
V* V1909 Cyg,1950553079589743616,EclBin
V* V2456 Cyg,1950367914959395968,EclBin
V* V1908 Cyg,1950349807377065216,EclBin
V* V1667 Cyg,1950405882466303360,EclBin
[GGM2006]  8711652,1951294798960719104,EclBin
V* V1963 Cyg,1947796294700518656,EclBin
V* V1616 Cyg,1951109428170215808,EclBin
V* V1729 Cyg,1950972199677094400,EclBin
TYC 2712-1201-1,1950550227731000064,EclBin
TYC 2730-1641-1,1949460096310160768,EclBin
TYC 2731-1513-1,1949816097555727744,EclBin
V* V474 Peg,1949139966627224704,EclBin
V* V359 Lac,1949723188827403008,EclBin
NSVS   8846130,1948880271424103680,EclBin
TYC 2731-1603-1,1949661787973350656,EclBin
TYC 3198-2649-1,1955736280481598080,EclBin
NSVS   6088631,1907238540560222720,EclBin
V* V457 Lac,1907904810250445440,EclBin
V* V686 Lac,1932134851070788352,EclBin
2MASS J22420802+3857015,1932053693369004160,EclBin
V* V381 And,1917836080307616896,EclBin
HD 219561,1924516747318269824,EclBin
TYC 3221-1935-1,1918241868818258432,EclBin
V* DO And,384504885591724544,EclBin
V* V468 And,383131256266916608,EclBin
V* V469 And,383753717286861184,EclBin
TYC 2787-821-1,380167965054311936,EclBin
V* V440 And,382011330657595136,EclBin
V* V490 And,382011506753305088,EclBin
V* GW And,381475975870012416,EclBin
CCDM J00423+4015C,369072453917623936,EclBin
2MASS J00404391+4051114,381159179084037120,EclBin
CRTS J004110.3+405504,381162542042966272,EclBin
2MASS J00413866+4032157,369137806139942272,EclBin
RX J0038.4+4012,380744109146609280,EclBin
[MAP97]  92,369281666068608256,EclBin
[MAP97]  96,369287717677579520,EclBin
[HIB95]  35-5,369278951648945920,EclBin
[KLG2007] GC2  75,381181031877573888,EclBin
2MASS J00384675+4047464,381149073022920576,EclBin
[SK98] 122,381234461270678784,EclBin
2MASS J00442237+4138505,381301978164941056,EclBin
V* HU And,368730196562665344,EclBin
V* HS And,381091765275573120,EclBin
TYC 2792-996-1,381432472144991104,EclBin
LGGS J004429.29+412301.5,369280910154211072,EclBin
DIRECT V7214 M31D,369278096950103424,EclBin
DIRECT V5186 M31D,369278745490492416,EclBin
PSO J011.0855+41.2974,369278028233717120,EclBin
DIRECT V4320 M31F,381156808262108800,EclBin
DIRECT V763 M31F,381153574151684352,EclBin
2MASS J00431235+4120327,381268919795252224,EclBin
LGGS J004438.01+412923.9,369281910880929792,EclBin
[VRJ2006] M31V-J00451253+4137261,369290088498580608,EclBin
LGGS J004500.52+413139.5,369288022621932800,EclBin
V* IL And,368802008415846016,EclBin
V* IM And,368796888814840960,EclBin
V* IP And,374244281735619584,EclBin
TYC 2798-533-1,373873883755871744,EclBin
2MASS J00463781+4129037,375277101112441344,EclBin
CRTS J004650.4+412017,375228271626846464,EclBin
BD+39   222,374049977415055616,EclBin
TYC 2798-476-1,370785385657150720,EclBin
1RXS J010204.4+405125,374391925531483008,EclBin
TYC 2813-457-1,323393857519867648,EclBin
V* V547 And,342775537394487168,EclBin
V* V563 And,330579170303364864,EclBin
V* AB Tri,331388681443103744,EclBin
V* RV Tri,331337421011384448,EclBin
V* AV Tri,329643039231542016,EclBin
CRTS J020731.4+363029,329843184707518720,EclBin
RAT J0208+3605,329772231847833728,EclBin
V* V566 And,329661868368144384,EclBin
V* CD Tri,327035233873555328,EclBin
HD  16014,134887850277306496,EclBin
V* CP Tri,134960074446609792,EclBin
V* CM Tri,327075473424307456,EclBin
V* CR Tri,134566105686174720,EclBin
BD+31   511,135618956787005568,EclBin
V* V405 Per,136470562902332800,EclBin
V* V2570 Cyg,1867980890221348992,EclBin
TYC 2709-2212-1,1867876574052845824,EclBin
TYC 2710-948-1,1867303934654275200,EclBin
V* V1721 Cyg,1963915375684251520,EclBin
V* V1932 Cyg,1867762259200936448,EclBin
TYC 2710-2213-1,1866963704523192320,EclBin
V* V2619 Cyg,1855341694818887552,EclBin
BD+36  4595B,1952055905824645504,EclBin
V* V1723 Cyg,1964190081790867072,EclBin
TYC 2715-1042-1,1963779551637864320,EclBin
NSV 25678,1952202931145137024,EclBin
V* V1618 Cyg,1953250009810902784,EclBin
V* V3170 Cyg,1954143019411384320,EclBin
V* V1669 Cyg,1959066632480274816,EclBin
HD 211695,1956939043119890304,EclBin
GSC 03203-00929,1957230826018114816,EclBin
TYC 3206-1460-1,1956786481582910976,EclBin
2MASS J22163856+4046124,1957218525231948672,EclBin
2MASS J22164255+4030336,1957210691211483904,EclBin
BD+39  4804,1957248418203899776,EclBin
TYC 3204-1593-1,1957449491392652928,EclBin
[GGM2006]  6099330,1957495533442807808,EclBin
*  14 Lac,1932855787101481216,EclBin
V* V382 And,1930880342662862208,EclBin
BD+40  4995,1930691054864506752,EclBin
V* DW And,1930561175053261184,EclBin
V* KP And,1930490119114088704,EclBin
TYC 3228-1828-1,1931895982170376704,EclBin
NSVS   3550366,1937783660775697920,EclBin
HD 221460A,1925168925213987968,EclBin
BD+43  4501,1926507172602748032,EclBin
BD+42  4708,1924904943640664192,EclBin
TYC 2789-1070-1,384399405490698368,EclBin
V* SY And,385452806349442816,EclBin
NSV   131,385835848714755200,EclBin
V* V348 And,385538121580235136,EclBin
TYC 2794-1425-1,385590588900489216,EclBin
V* HR And,388488798471977600,EclBin
TYC 2792-941-1,387601492587892736,EclBin
V* V726 And,381611937355159552,EclBin
NSV   277,387371763376989824,EclBin
LGGS J004519.75+414505.1,375298606023028224,EclBin
ATO J011.5128+42.4093,375343346687707264,EclBin
GSC 02810-00523,375767002260971648,EclBin
V* V404 And,374473598629517056,EclBin
V* V441 And,374343096046999936,EclBin
V* V522 And,376179628358953600,EclBin
TYC 2812-2248-1,373595462500197120,EclBin
V* V444 And,372832195271983744,EclBin
TYC 2821-1070-1,372347108781594624,EclBin
V* PP And,332257815323106432,EclBin
V* LW And,331896625752903808,EclBin
V* LY And,331796845072429056,EclBin
V* WW Tri,328514592407836800,EclBin
HD  15082,328636019723252096,EclBin
CRTS J022924.4+371232,328399491581471360,EclBin
ATO J037.5530+36.7620,328351800264852736,EclBin
2MASS J02304097+3724064,328406329169569280,EclBin
CRTS J023357.0+373240,333676116602783232,EclBin
V* V366 Per,141226156851063552,EclBin
V* ST Tri,141075008362446080,EclBin
V* V680 Per,141080608999800960,EclBin
V* V449 Per,140328470030729472,EclBin
ATO J136.4431+35.6031,715085945679835648,EclBin
V* EH Lyn,713505397714644480,EclBin
V* FT Lyn,713500587351233408,EclBin
ATO J135.5960+29.0165,693259437276977536,EclBin
V* WW Cnc,699818436454276864,EclBin
ATO J137.7528+30.3681,699767618400872704,EclBin
TYC 1953-679-1,691994242990915712,EclBin
V* VY Cnc,612409834729485568,EclBin
BD+21  1982,637137645079910528,EclBin
V* LS Cnc,611328263180624640,EclBin
TYC 1401-6-1,607723926625672192,EclBin
HD  78315,606153132531034112,EclBin
NSV  4396,606085512565930752,EclBin
TYC  818-1976-1,604502254477923840,EclBin
V* IU Cnc,605289706666092032,EclBin
V* SW Cnc,591296123395161728,EclBin
V* V404 Hya,580155940302122368,EclBin
V* V409 Hya,579059452331499264,EclBin
ASAS J090138-0212.0,5763301097063001088,EclBin
BD-08  2590,5743464086230812928,EclBin
TYC 5445-1765-1,5743701447599519360,EclBin
2MASS J09110168-1444061,5731385852216678016,EclBin
2MASS J09104278-1505340,5731335510904259584,EclBin
V* V511 Hya,5728807458794873856,EclBin
BD-20  2802,5679132107567165056,EclBin
ASAS J090420-2247.1,5654909488449414528,EclBin
CRTS J091112.1-260916,5649899636734934528,EclBin
V* WW Pyx,5628257021658239872,EclBin
CRTS J090111.1-313738,5629149275343066880,EclBin
TYC 7151-2739-1,5628351957614278272,EclBin
CRTS J091039.4-351718,5624457315627845120,EclBin
V* GQ Cnc,689024938824297984,EclBin
HD  80535,695567277824487680,EclBin
AG+20 1078,636872009942335232,EclBin
TYC 1405-200-1,635809538112495360,EclBin
V* LU Cnc,635664956629093248,EclBin
V* IN Cnc,631709905929323136,EclBin
V* IO Cnc,631687915696765568,EclBin
V* IQ Cnc,630579715350879104,EclBin
BD+12  2000,593698006545920768,EclBin
BD+12  2006,593468105536488064,EclBin
V* AL Hya,3845352664707636608,EclBin
V* NX Hya,3844115580983022720,EclBin
BD-04  2595,5758590243788866816,EclBin
TYC 5463-1187-1,5739825733535409152,EclBin
HD  79826,5738843152392900864,EclBin
V* V412 Hya,5732663239914999296,EclBin
ATO J138.3900-14.7607,5731696361172273024,EclBin
CRTS J092045.5-163457,5682676284515224064,EclBin
ATO J140.2674-17.0864,5682599456140370176,EclBin
CRTS J092129.8-161057,5683079633483934976,EclBin
BD-19  2675,5676629108002652416,EclBin
TYC 6037-402-1,5676573651384255360,EclBin
UNSW-V 416,5675685967543718144,EclBin
CRTS J091158.9-242928,5650706781347483008,EclBin
CRTS J091500.1-244428,5650651771406460288,EclBin
TYC 6595-1280-1,5637724126006265600,EclBin
V* DN Pyx,5631313835774292992,EclBin
CD-32  6318,5631188800688816640,EclBin
TYC 7157-2594-1,5630668216298501888,EclBin
[GGM2006]  7456641,798616118920107264,EclBin
2MASS J09230392+3350298,702117927584352000,EclBin
[GGM2006]  7479268,696204891489377536,EclBin
ATO J141.3154+29.0780,695517589345929344,EclBin
TYC 1962-124-1,694292565889873280,EclBin
V* WY Leo,631222311177409536,EclBin
V* VZ Leo,631172072944439936,EclBin
AG+13  944,594129083823465728,EclBin
V* PR Leo,617317440455924864,EclBin
ASAS J092430+0910.3,589144993319723520,EclBin
V* TY Hya,3852240697034358784,EclBin
BD+04  2201,3850919874331673856,EclBin
BD-01  2271,3837883377278080256,EclBin
CRTS J092742.1-001147,3840581200855503104,EclBin
BD-04  2649,3824839527240705792,EclBin
BPS BS 17581-0113,5739697228113899392,EclBin
EC 09288-1234,5690152070230687616,EclBin
ASAS J093202-1334.2,5690028100294809856,EclBin
V* AS Hya,5678193640032174336,EclBin
V* ZZ Hya,5677144813314835456,EclBin
V* XZ Hya,5675410024484576896,EclBin
TYC 6588-82-1,5674795844161273856,EclBin
CRTS J092413.4-230152,5674804120563343872,EclBin
V* SS Pyx,5638395992031775104,EclBin
V* AR Pyx,5637129221495601792,EclBin
CD-27  6678,5633951284995338496,EclBin
CRTS J092458.2-255633,5638166778216478080,EclBin
TYC 6600-1119-1,5633253232550633600,EclBin
CRTS J092756.4-304412,5632958769593943808,EclBin
V* AN Ant,5436174814183530752,EclBin
BD+38  2049,799095402910761600,EclBin
BPS BS 16940-0082,799837195302670592,EclBin
ATO J143.8194+32.8958,794138598334016512,EclBin
HD  83037,695973581729296896,EclBin
2MASS J09344965+2426558,644934453831023744,EclBin
TYC 1960-522-1,641111215679093760,EclBin
BD+21  2056,634676594459290240,EclBin
BD+19  2229,633237578552082176,EclBin
TYC  824-184-1,589442346790667776,EclBin
V* V358 Hya,3851512850401651328,EclBin
V* AV Hya,3852309863187704576,EclBin
GSC 00242-00961,3853331172050440704,EclBin
CRTS J093804.9+044759,3851472069686986624,EclBin
2MASS J09443662-0400236,3825919556896562944,EclBin
BPS BS 17576-0024,3820559781308613888,EclBin
BPS BS 17577-0041,3820489996679985792,EclBin
BD-12  2942,5689895540424107008,EclBin
TYC 6051-117-1,5677748891874789376,EclBin
2MASS J09434721-2034065,5665312144054449280,EclBin
CRTS J093634.2-233600,5662881123845800448,EclBin
V* BG Ant,5661462818269268096,EclBin
SV* HV  7559,5661618025503666304,EclBin
V* SZ Ant,5632643244116234112,EclBin
CD-30  7687,5632210556228189824,EclBin
CRTS J093548.3-333812,5438000106567078400,EclBin
TYC 7175-1528-1,5438229698331288576,EclBin
UCAC4 256-042609,5431901184285224832,EclBin
TYC 7693-421-1,5431887680903272832,EclBin
BPS BS 16940-0109,799581593208591488,EclBin
BD+36  2002,796433519620286592,EclBin
TYC 2505-672-1,795188391420888192,EclBin
V* RT Leo,639539944842934016,EclBin
BD+22  2143,640250916549132800,EclBin
V* GU Leo,621185311909138944,EclBin
V* AG Leo,616831898697597696,EclBin
V* UU Leo,614345937267033728,EclBin
RX J0951.9+0047,3834179942942731776,EclBin
TYC 4898-926-1,3826059190577725824,EclBin
V* WW Sex,3822463203439684992,EclBin
BPS BS 17587-0097,5687804780408426496,EclBin
BPS BS 17587-0086,5685891114779809920,EclBin
EC 09490-1611,5684581291489748352,EclBin
BPS BS 17587-0078,5687153255345241344,EclBin
V* AE Hya,5663707131955962112,EclBin
V* AF Hya,5663525300220461440,EclBin
V* DM Hya,5660796278000636416,EclBin
V* BC Hya,5663918646209408512,EclBin
V* SW Ant,5659994734025392640,EclBin
V* V434 Hya,5657564194852592640,EclBin
V* UU Ant,5658255134831570688,EclBin
HD  85575,5657302025751254016,EclBin
V* BL Ant,5657509734667362944,EclBin
V* BM Ant,5464522869644149504,EclBin
CRTS J094919.0-341254,5438287147818154240,EclBin
TYC 7176-2248-1,5435578122966028416,EclBin
BD+28  1833,740582795692769408,EclBin
NSVS   7494685,740620316527646848,EclBin
TYC 1964-1438-1,643688505293443968,EclBin
2MASS J09574207+2429204,642684372004231424,EclBin
BD+24  2154,641999689793211264,EclBin
V* AL Leo,626228153269887360,EclBin
V* XX Leo,615393707424217984,EclBin
V* WX Sex,3835134254611121152,EclBin
ASAS J095854-0209.3,3829580724458415488,EclBin
V* TY Sex,3769675379607897984,EclBin
CRTS J095630.5-100015,3770044879938396544,EclBin
EC 10004-1405,5686599891758632704,EclBin
BD-16  2929,5673769106458762368,EclBin
HD  87374,5672585001155272448,EclBin
NSVS  15744294,5673709419297516928,EclBin
BD-21  2959,5666968897622934400,EclBin
HD  86382,5463110061626714368,EclBin
HD  86613,5462913115903780736,EclBin
TYC 7173-2154-1,5459571150310540800,EclBin
CRTS J095843.7-373828,5433741732389543680,EclBin
V* WZ Ant,5421387409283998208,EclBin
V* IQ Vel,5420370021728968960,EclBin
2MASS J10093496+2559273,738817147522263808,EclBin
BD+28  1858,739432874034030464,EclBin
TYC 1425-1111-1,625392902390288896,EclBin
V* GV Leo,622383646439544320,EclBin
TYC  248-1199-1,3859956893544049152,EclBin
ASAS J101420+0309.9,3835867285269675264,EclBin
CRTS J101600.4+030736,3859869933341639680,EclBin
FASTT  453,3834954553179485056,EclBin
FASTT  454,3835028083019628928,EclBin
FASTT  455,3835397415847440768,EclBin
FASTT  461,3832287309769194240,EclBin
ATO J153.0635+00.0526,3831770539304136704,EclBin
LINEAR 21505266,3831775658905166336,EclBin
FASTT  472,3831789948260847488,EclBin
HD  88392,3831730716367399552,EclBin
V* WZ Sex,3829153078859278080,EclBin
V* TU Sex,3829150982915241088,EclBin
LINEAR 21665608,3829159920742627968,EclBin
2QZ J101109.4-014924,3829134631975273984,EclBin
BD-05  3014A,3772856129307627008,EclBin
BD-11  2815,3765933294861860096,EclBin
HD  88409,5669008461628516096,EclBin
HD  89296,5668224544197790336,EclBin
HD  89324,5473693483814678016,EclBin
CD-26  7790,5465962267803620352,EclBin
WT 1760,5465296307354616320,EclBin
CD-31  8049,5459428042001790464,EclBin
V* YZ Ant,5460637676590247808,EclBin
V* XZ Ant,5447074857062831616,EclBin
CRTS J101313.0-330350,5459058503013769984,EclBin
HD  89326,5446638282227263232,EclBin
TYC 7191-20-1,5446856977664505344,EclBin
BPS BS 16469-0093,804829562213324800,EclBin
BD+42  2121,804707825660423040,EclBin
V* LO UMa,756175038806070528,EclBin
BPS BS 16474-0041,754881944411969792,EclBin
TYC 2510-260-1,742571262471633536,EclBin
2MASS J10252103+2835394,729392206863425920,EclBin
ATO J156.8209+25.3695,727613746805796992,EclBin
V* GW Leo,3887058450715192576,EclBin
FASTT  469,3831081179873195776,EclBin
BD-09  3043,3767803289262730368,EclBin
BD-09  3062,3767949833546733056,EclBin
EC 10195-1740,5669728710464233216,EclBin
V* VY Hya,5473803503697055232,EclBin
ASAS J102125-2241.5,5474031377480999296,EclBin
CPD-25  4565,5469016779824964992,EclBin
TYC 6631-538-1,5462478705727653248,EclBin
CRTS J102042.5-305229,5461074801180550272,EclBin
TYC 7188-745-1,5448499136937757184,EclBin
CD-36  6424,5442371386840336128,EclBin
TYC 7708-3056-1,5417808571952236800,EclBin
CD-41  5872,5416388277807431808,EclBin
CRTS J102223.3-394443,5417529948834081920,EclBin
V* XY LMi,748257661732323584,EclBin
V* XX LMi,748449350417385472,EclBin
BD+31  2167,736128566713915264,EclBin
V* WZ LMi,747842527373376256,EclBin
BD+16  2130,3889135565619088128,EclBin
HD  92281,3886148329964656000,EclBin
V* RW Leo,3869105311323270528,EclBin
MGC  9347,3806903327200281856,EclBin
CRTS J103344.0-000839,3806989952395815296,EclBin
MGC  9651,3806886216050376960,EclBin
CRTS J103829.0-000541,3806841758844098176,EclBin
V* PX Hya,3554555620395718784,EclBin
HE 1028-1814,3747112507652699520,EclBin
HD  91136,5469114945596136832,EclBin
CD-31  8390,5448134889351301120,EclBin
TYC 7193-1279-1,5447541908986478208,EclBin
V* WX Ant,5442578129383670400,EclBin
V* CC Ant,5444018489615693056,EclBin
CRTS J104016.5-372426,5442919149788708992,EclBin
CD-36  6531,5442904546899753472,EclBin
HD  91921,5441449411978338688,EclBin
V* CG Vel,5391972453882124288,EclBin
CRTS J103653.7-414851,5392166311524550144,EclBin
CRTS J105221.1+432719,781741398570751232,EclBin
BPS BS 16945-0046,751728785581658496,EclBin
V* AG LMi,737974651032299776,EclBin
LINEAR 22969930,734537165366929280,EclBin
BD+25  2302,723669351920122112,EclBin
V* MW Leo,3989233695462297856,EclBin
GSC 01434-00192,3989159134830044800,EclBin
BD+01  2494,3807826337147474176,EclBin
CRTS J104723.0+000353,3806341133161229952,EclBin
ASAS J104341-0105.8,3805792442498836352,EclBin
LINEAR 22849777,3806410441048582656,EclBin
MGC 11878,3806330142340157056,EclBin
GSC 04914-00002,3806303200009524480,EclBin
TYC 5502-689-1,3757515399479743232,EclBin
BD-19  3095,3553545753326449408,EclBin
EC 10496-2452,5458332344301145344,EclBin
TYC 6645-2-1,5455792438082815872,EclBin
V* CD Ant,5444523440329483776,EclBin
CD-39  6594,5392743039732610688,EclBin
ASAS J105026-4030.4,5393359105543586304,EclBin
CD-42  6061,5391312540748110720,EclBin
CD-42  6444,5391255469220953216,EclBin
NSVS   4963245,778468216879172224,EclBin
Case A-F  689,775694595718772224,EclBin
GAT  957,762430950730121856,EclBin
ATO J165.2404+31.1156,733832172255191424,EclBin
[GGM2006]  7555525,732185619232981504,EclBin
LP  373-22,3988877316255823616,EclBin
V* IQ Leo,3988132672005521280,EclBin
2MASS J10545051+1124058,3871313405550215808,EclBin
HD  94515,3864261588941475328,EclBin
BD-02  3261,3789589802929723392,EclBin
V* AC Crt,3756631976246996608,EclBin
TYC 6077-939-1,3562800548855261824,EclBin
V* TW Crt,3549607749352021120,EclBin
TYC 6648-341-1,5453738614783479040,EclBin
CD-36  6881,5400205734387247744,EclBin
V* BV Ant,5400155466089996416,EclBin
GSC 07736-00682,5388122685714398720,EclBin
ATO J168.4377+42.6644,777906881833334528,EclBin
V* BL UMa,777724710795930624,EclBin
ATO J167.0937+40.3800,777075655337871104,EclBin
TYC 2522-2117-1,762159577515972864,EclBin
TYC 1433-437-1,3983907901655108352,EclBin
V* FK Leo,3968406436971108224,EclBin
AG+10 1400,3867174744999110784,EclBin
TYC  262-584-1,3811197027481232384,EclBin
CRTS J110920.1+001417,3804283362789641216,EclBin
2MASS J11115561+0013296,3804107204707034112,EclBin
FASTT  508,3803908845937157632,EclBin
2MASS J11125520-0005492,3804046795991137536,EclBin
ASASSN-V J110404.78-000849.8,3803847513804289792,EclBin
V* HR Leo,3789694668850876160,EclBin
HD  97246,3783392989755045760,EclBin
HD  96994,3759053513167895424,EclBin
ASAS J111135-1326.0,3564906663378574208,EclBin
LP  792-44,3551910607736786816,EclBin
BD-19  3190,3551707438604174208,EclBin
HD  96579A,3535525956041375232,EclBin
EC 11092-2933,5452422297504029056,EclBin
V* FW Hya,5401987527339209216,EclBin
V* VV Ant,5396844797921123584,EclBin
V* V1071 Cen,5397291307019021952,EclBin
CRTS J111220.8-364103,5397415586192543104,EclBin
V* BQ UMa,784135104103832192,EclBin
V* BS UMa,771522812380266752,EclBin
V* MQ UMa,783867373022334592,EclBin
BD+40  2423,764197934635524224,EclBin
V* HS Leo,3997904203640603008,EclBin
V* FO Leo,3992024530851077248,EclBin
BD+14  2370,3966845611496155392,EclBin
BD+17  2339,3970770318251440768,EclBin
BD+10  2268,3818981909107982976,EclBin
MGC 19851,3797915304975030400,EclBin
BD-01  2503,3791507312553119232,EclBin
LINEAR 24209652,3797958426446530688,EclBin
ATO J170.5864-00.1867,3797874000273763456,EclBin
BD-08  3152,3590983883733410944,EclBin
V* V Crt,3558663636356082432,EclBin
TYC 6091-1814-1,3544838819528538624,EclBin
V* Z Crt,3535295956249670528,EclBin
HD  99183B,3534407069818095360,EclBin
TYC 6657-178-1,3532550819310952320,EclBin
V* V445 Hya,5402785596685878144,EclBin
CD-33  7677,5399663262838539008,EclBin
TYC 7210-1929-1,5402320198326188160,EclBin
CRTS J111724.6-354808,5399004449213907456,EclBin
CD-39  7075,5383882316042064256,EclBin
Cl* NGC 3680    KGP     278,5376937731882758016,EclBin
Cl* NGC 3680    KGP     801,5382934090343481088,EclBin
Cl* NGC 3680    KGP     125,5382951682529189632,EclBin
Cl* NGC 3680    HTR M150,5382179035092505856,EclBin
Cl* NGC 3680    HTR O49,5377009612454902656,EclBin
Cl* NGC 3680    HTR O93,5377005351847309568,EclBin
V* V1371 Cen,5376869356003073792,EclBin
V* MT UMa,771956604077221376,EclBin
FBS 1125+345,759081078102507264,EclBin
V* BV Leo,3993383316769394560,EclBin
V* BW Leo,3973738278091942400,EclBin
BD+15  2339,3966492736983074688,EclBin
PM J11332+1344,3966024306374380672,EclBin
V* V347 Leo,3917709261484475776,EclBin
2MASS J11304349+0923368,3914510159392188928,EclBin
CRTS J113053.1+084757,3914263804360195456,EclBin
TYC  277-504-1,3909497352734280832,EclBin
BD+05  2495,3813219922717807488,EclBin
BD+04  2479,3812546437486178432,EclBin
TYC  264-501-1,3798393077137159040,EclBin
SDSS J112801.67+004034.6,3798287107408644480,EclBin
HD  99666,3796573591551598592,EclBin
2QZ J113241.1-022759,3793386343565221376,EclBin
BD-03  3142,3792320783654410368,EclBin
BD-15  3265,3560122447768490496,EclBin
HD  99424,3534895630937964416,EclBin
V* AK Crt,3533990629789720192,EclBin
CD-26  8584,3485076140607858560,EclBin
HD 100952,3483671789382282368,EclBin
TYC 6663-790-1,3483131997892121344,EclBin
V* V446 Hya,3482245482282414464,EclBin
TYC 7224-1736-1,5398393155109531776,EclBin
TYC 7740-1137-1,5385688332607387776,EclBin
TYC 7740-1247-1,5385300239366266368,EclBin
V* V742 Cen,5382750746778426624,EclBin
Cl* NGC 3680    KGP    1886,5382159862358646912,EclBin
NGC  3680    55,5382206213645605376,EclBin
Cl* NGC 3680    KGP    2655,5382294689971811968,EclBin
CRTS J113719.7-435648,5378947055023498112,EclBin
Cl* NGC 3680    KGP    1718,5382207484955928832,EclBin
BD+44  2120A,772874283969544192,EclBin
V* KM UMa,4031268437308995712,EclBin
BD+29  2207A,4019817023705568384,EclBin
US 2868,4020825585105692288,EclBin
V* GO Leo,4018215168407592576,EclBin
V* BL Leo,4005077554939612288,EclBin
V* CE Leo,4004078648625238912,EclBin
V* BZ Leo,3980016352047174656,EclBin
V* BG Leo,3980801850026350592,EclBin
V* BN Leo,3974936711406624128,EclBin
TYC  857-391-1,3912940404677126144,EclBin
BD+05  2520,3800964834834328832,EclBin
2MASS J11441812+0016481,3795842416318850304,EclBin
UCAC4 450-051794,3795642545720871168,EclBin
NSVS  15892412,3587409543231081600,EclBin
TYC 5513-481-1,3585817072437007872,EclBin
EC 11374-2223,3540298218759904384,EclBin
TYC 6660-757-1,3485381598682337920,EclBin
ASAS J113826-3328.3,3477258097539732992,EclBin
ASAS J114539-3622.9,3464442048270617856,EclBin
TYC 7741-662-1,5385137477283290496,EclBin
TYC 7741-683-1,5385152183251437312,EclBin
V* V348 Cen,5378412005175348096,EclBin
CRTS J114753.5-432309,5379175444205694848,EclBin
HD 103034,773060135794264704,EclBin
BD+41  2242,768066493283110784,EclBin
HD 103831,4033312635583498496,EclBin
BPS BS 16081-0101,4027607544624768128,EclBin
BPS BS 16936-0027,3975325629285083392,EclBin
TYC  871-819-1,3924919755660657152,EclBin
HD 102809,3922847210601817472,EclBin
NSVS  10366166,3919570975189009536,EclBin
V* PS Vir,3898375723900505344,EclBin
CRTS J115343.0+063400,3899072642473510656,EclBin
CRTS J115416.7+071744,3899415621381801216,EclBin
HD 103772,3795315097415030656,EclBin
CRTS J115437.0+001605,3795281424871345408,EclBin
2MASS J11592918+0003469,3795037608167758720,EclBin
ATO J177.3923-00.0682,3795216003929329280,EclBin
CRTS J115105.7-000255,3795208754024613120,EclBin
BD-03  3193,3599450015892421888,EclBin
V* RS Crt,3587543477492018816,EclBin
V* SX Crt,3491317896319610624,EclBin
CD-25  8907,3487428373936165504,EclBin
TYC 6674-745-1,3487451017004473600,EclBin
CD-32  8346,3465420927152248192,EclBin
HD 103758,3467524670853450752,EclBin
V* DU Hya,3467176469264460672,EclBin
V* V581 Cen,3463982456705460864,EclBin
V* V577 Cen,3464053512644461184,EclBin
V* V576 Cen,3463995685204717312,EclBin
V* V349 Cen,5381293584633005440,EclBin
TYC 7749-941-1,5380490734986013312,EclBin
Case A-F  728,4029797118952028160,EclBin
Case A-F   19,4014810397508540672,EclBin
BD+29  2264,4013157934611451264,EclBin
Cl* Melotte  111     AV      77,4006941158429245312,EclBin
NGC  4147   130,3950102793891258752,EclBin
NGC  4147   132,3950102798183580288,EclBin
NGC  4147   421,3950102420227699968,EclBin
BD+14  2461,3920300741672116224,EclBin
ASAS J120313+0354.0,3893060100576028160,EclBin
LINEAR 2757192,3698936581048742144,EclBin
MGC 96884,3698890500342965504,EclBin
CRTS J120104.0-000048,3698953348601044864,EclBin
CRTS J120459.2-000243,3698908436126539648,EclBin
CRTS J120810.3-001338,3698749698430808320,EclBin
BD-04  3206,3597478939435472256,EclBin
BD-14  3455,3568743306123930368,EclBin
TYC 6101-424-1,3517667142722955648,EclBin
HD 104544,3487621441306497024,EclBin
TYC 6671-740-1,3489187042784539264,EclBin
TYC 6671-903-1,3487749603130532352,EclBin
V* EG Hya,3466603245749338624,EclBin
V* EH Hya,3466211132415225344,EclBin
ASAS J120222-3122.4,3467432208797826432,EclBin
V* EE Hya,3465786102451692288,EclBin
V* V453 Hya,3462838414857450880,EclBin
ASAS J120036-3915.6,3459295238636660352,EclBin
TYC 7755-1138-1,3460522568491270784,EclBin
V* V1109 Cen,3458993663212679168,EclBin
[M60b]+37 118,1531652034301312384,EclBin
[M60b]+34  41,4016631635440672768,EclBin
V* EO CVn,4016761309093319296,EclBin
V* AB CVn,4028527079942922496,EclBin
BD+31  2339,4013675220472508288,EclBin
V* MW Com,4013314786817372544,EclBin
Cl* Melotte  111     AV     516,4012776266637768448,EclBin
HD 107468,4008522049990748928,EclBin
BD+22  2446,3951825148789721472,EclBin
V* CM Com,3953080997226792960,EclBin
V* CN Com,3946426649776667904,EclBin
CRTS J122148.3+123103,3908640798816599552,EclBin
V* DY Vir,3905349513837905920,EclBin
V* IK Vir,3701122375803965184,EclBin
TYC 4940-528-1,3694596430696957056,EclBin
LINEAR 3065024,3698012441524874496,EclBin
MGC 30419,3698333567639558528,EclBin
ATO J183.7123-00.2713,3698315253899030912,EclBin
MGC 31340,3698152899839551488,EclBin
BD-10  3416,3580494096127465344,EclBin
ASAS J122119-1359.9,3575932222383826048,EclBin
EC 12109-1537,3569269456797416192,EclBin
HD 106467,3518398798991565184,EclBin
V* V454 Hya,3469266739651738368,EclBin
CD-37  7743,6151196331055251712,EclBin
V* LL Cen,6149303208252315008,EclBin
V* LP Cen,6148165183656757888,EclBin
TYC 7761-647-1,6150092348364387712,EclBin
V* DK CVn,1519910070454853760,EclBin
V* EQ CVn,4016798722553075584,EclBin
[M60b]+36 185,1518977929407670144,EclBin
V* DH CVn,1519235421287577984,EclBin
V* DI CVn,1519020191886542080,EclBin
[M60b]+30 134,4011867485917306880,EclBin
Cl* Melotte  111     AV    1911,4010820682128483712,EclBin
HD 108486,4008390933229933184,EclBin
V* LP Com,4008951374922132480,EclBin
V* LO Com,3960846985292488832,EclBin
V* DD Com,3952592642265324928,EclBin
V* DG Com,3949500265812424064,EclBin
BD+17  2492,3933748834031261824,EclBin
A3 191,3907944567437824256,EclBin
A3 394,3931727759860720000,EclBin
TYC  880-568-1,3931971920161660288,EclBin
BD+09  2625,3902012564766973056,EclBin
V* PT Vir,3907039016533062656,EclBin
V* EF Vir,3901862172192144384,EclBin
V* V391 Vir,3701664675554573952,EclBin
BD+05  2642,3707014658617959808,EclBin
FASTT  531,3696585309792188928,EclBin
ATO J188.2466+01.7616,3697395752940888064,EclBin
CRTS J122632.3+000612,3696674060996445952,EclBin
2MASS J12280574+0004550,3696753260193289472,EclBin
MGC 34077,3696578506563967744,EclBin
FASTT  536,3696513257420863744,EclBin
FASTT  535,3696477660731828352,EclBin
ATO J186.2541-00.0525,3696692271657754880,EclBin
TYC 4951-933-1,3681041685708907008,EclBin
V* KP Vir,3579318958715498368,EclBin
TYC 5527-280-1,3579365928478247040,EclBin
EC 12266-1557,3520614280562181248,EclBin
V* RR Crv,3517153739512086272,EclBin
EC 12272-1657,3520290538812082176,EclBin
CRTS J122930.6-214509,3513616507526371584,EclBin
HD 107690,3476750466763344128,EclBin
V* Z Crv,3501290741660738560,EclBin
CD-24 10306,3476652953825884288,EclBin
V* V553 Hya,3476424014888723456,EclBin
V* V447 Cen,6158508804932089216,EclBin
V* V1053 Cen,6158482347933310848,EclBin
V* V1054 Cen,6157736535452646400,EclBin
V* V1121 Cen,3467988149363537920,EclBin
HD 107973,6149888839929167360,EclBin
V* V393 Cen,6145183063306315904,EclBin
BD+37  2308,1520317375089193600,EclBin
V* EV CVn,1520295762813818624,EclBin
V* DF CVn,1521293500895890176,EclBin
V* DQ CVn,1515281573178518400,EclBin
V* DR CVn,1519972918712014464,EclBin
[M60b]+33 307,1514633106132228608,EclBin
ATO J189.7444+30.7114,4011523716735043328,EclBin
V* LQ Com,3960560008462119552,EclBin
ROTSE1 J124231.36+232005.7,3956189694555767424,EclBin
V* KV Com,3949131517100536192,EclBin
V* AQ Com,3955456663898011264,EclBin
V* NN Com,3932560365040758144,EclBin
ASAS J124359+1107.3,3927584727032528128,EclBin
BD+10  2452,3903281332465955072,EclBin
FASTT  522,3702264459148057600,EclBin
LINEAR 3965587,3703372217113195264,EclBin
ATO J190.4773+00.2258,3696020779290344704,EclBin
V* V409 Vir,3695985728061413376,EclBin
V* PU Vir,3683051829186820224,EclBin
LINEAR 3982249,3696102418029175168,EclBin
CRTS J124037.2-033145,3682072065542742400,EclBin
CRTS J123726.3-072419,3676361030349435392,EclBin
BD-09  3533,3578708626682816640,EclBin
TYC 5534-165-1,3528896936013629696,EclBin
EC 12418-1559,3523590177501682304,EclBin
V* WZ Crv,3503318687778983040,EclBin
V* V340 Hya,3471021663289103872,EclBin
V* CH Hya,3494880176554143488,EclBin
HD 110200,6160037813289170944,EclBin
V* V448 Cen,6157351981260745088,EclBin
V* V454 Cen,6158983931394229376,EclBin
CD-34  8367,6158764162211963904,EclBin
V* V600 Cen,6153590517622599040,EclBin
TYC 7771-1589-1,6153109309487300736,EclBin
V* V1254 Cen,6133806523868517632,EclBin
V* DL CVn,1520772504184461184,EclBin
V* DU CVn,1517526883297436800,EclBin
[M60b]+33 393,1514926950614889344,EclBin
ATO J193.3052+33.0339,1514026484951224960,EclBin
[M60b]+33 455,1514203162726052864,EclBin
LB 11427,1465450885869882752,EclBin
KUV 12480+2925,1464827527200963712,EclBin
Ton  653,1464881579365000320,EclBin
V* LT Com,3958510866681087360,EclBin
V* EK Com,3961709277286878592,EclBin
LINEAR 7806051,3961494597641645952,EclBin
V* KW Com,3956697046156770048,EclBin
V* LR Com,3954696656548963584,EclBin
V* SS Com,3941849932625937152,EclBin
TYC 1446-1815-1,3936005581647202560,EclBin
BPS BS 16942-0012,3930800424882348416,EclBin
V* V337 Vir,3690128633915846016,EclBin
BD-18  3478,3509855662363361920,EclBin
HD 111458,3509530997195469312,EclBin
BD-20  3738,3508402107991265920,EclBin
HD 110953,3502027895487713152,EclBin
EC 12493-2149,3502330639142383104,EclBin
V* ER Hya,3497452655806058368,EclBin
CD-25  9470,3498175309823677696,EclBin
V* V1139 Cen,6183851826397686272,EclBin
V* V472 Cen,6158857075240084992,EclBin
TYC 7256-1179-1,6158740698806425984,EclBin
V* DX CVn,1523538428763183360,EclBin
BD+37  2346,1517331891783341824,EclBin
V* HT CVn,1522299657115788672,EclBin
ROTSE1 J130705.50+365757.1,1522353498825796736,EclBin
Case A-F  823,1468005085741497984,EclBin
V* EY CVn,1467957944180515200,EclBin
V* MM Com,1464632707484751616,EclBin
TYC 1993-2172-1,3956683959391321088,EclBin
V* NS Com,3956547276352704384,EclBin
V* KY Com,3942616326590244480,EclBin
V* EQ Com,3940818968676303360,EclBin
SDSS J125758.97+035803.8,3704670293668508928,EclBin
TYC  291-824-1,3690374340404845440,EclBin
V* V443 Vir,3685987220290540800,EclBin
ATO J194.6810-00.0265,3689374300219650176,EclBin
V* GX Vir,3684238412686991488,EclBin
HD 113353,3628002683597624192,EclBin
BD-11  3435,3622171427975771008,EclBin
LP  796-24,3508944991857585664,EclBin
V* V1144 Cen,6183586328699259264,EclBin
V* V601 Cen,6156282878001222272,EclBin
CD-33  8776,6180066963777477760,EclBin
V* V839 Cen,6154420442743214592,EclBin
V* V1156 Cen,6142368936309363328,EclBin
TYC 7776-1587-1,6139488078406053376,EclBin
CD-41  7540,6139021400142398848,EclBin
BD+41  2375,1524875744138862976,EclBin
V* DY CVn,1522367792477084160,EclBin
V* VV CVn,1466664815427059200,EclBin
V* EY Com,1463087313827962624,EclBin
V* LL Com,1462737256813464576,EclBin
V* MR Com,1459948242489702400,EclBin
BPS BS 16033-0028,1447127009197255680,EclBin
ATO J199.1716+25.0485,1447044751983156352,EclBin
V* NV Com,1447284617316777216,EclBin
BD+22  2561,3943502773480303744,EclBin
V* LN Vir,3736341141991450240,EclBin
TYC  884-114-1,3732741955101134592,EclBin
LEDA   45791,3691340948564585600,EclBin
FASTT  572,3687995615717553024,EclBin
FASTT  584,3687563679446538368,EclBin
CRTS J131627.5+000940,3687571650905901440,EclBin
BD+00  3041,3686703930072434176,EclBin
FASTT  612,3686618786641525248,EclBin
CRTS J131537.3-011230,3686559584812343168,EclBin
MGC 41706,3687694310876462208,EclBin
ATO J197.5475-00.2132,3687631402490912768,EclBin
V* OZ Vir,3636397596610378752,EclBin
V* V338 Vir,3622736022900584704,EclBin
V* V340 Vir,3608962032718513664,EclBin
ATO J198.1134-16.0235,3511667863684342528,EclBin
TYC 6116-1210-1,3507617709524124160,EclBin
HD 115124,6193846936849536768,EclBin
CD-30 10350,6181063980305593472,EclBin
V* V656 Cen,6181558279501730304,EclBin
EC 13066-3242,6179856544739787136,EclBin
V* V1263 Cen,6179872311563277312,EclBin
V* V1262 Cen,6142479432932444288,EclBin
HD 115110,6138145639130739584,EclBin
BPS BS 16033-0104,1448000639904530816,EclBin
V* BM Com,3745090711928464512,EclBin
TYC 1458-1314-1,3744855107201683840,EclBin
V* AW Vir,3712749402030010624,EclBin
2MASS J13265703+0245391,3712366080493096704,EclBin
FASTT  562,3712098422426957568,EclBin
FASTT  587,3686993926264941824,EclBin
V* V636 Vir,3712487340304856576,EclBin
CRTS J132551.8+022522,3712329629106478336,EclBin
ASAS J132619+0235.4,3712356975163073536,EclBin
ATO J202.2362+02.2307,3712270633435766784,EclBin
2MASS J13195085+0013496,3687145517135495040,EclBin
ATO J201.7950+00.0465,3687005952173399424,EclBin
FASTT  604,3686813606358059648,EclBin
FASTT  606,3638800407474189568,EclBin
2MASS J13201234-0017186,3687064191929870848,EclBin
CRTS J132628.2-001601,3686924279075286272,EclBin
V* V467 Vir,3634588998766491520,EclBin
NSV 19792,3624196277421476736,EclBin
HD 116755,3610804470609241216,EclBin
TYC 5551-794-1,3610051369567787776,EclBin
HD 117012,3609970933420757888,EclBin
HD 117065,3609928743957464448,EclBin
BD-18  3585,3507007033894095232,EclBin
CPD-19  5413,3506627015187713152,EclBin
HD 116129,6193296631280426624,EclBin
CD-27  9190,6189143363545505664,EclBin
V* V554 Hya,6189229743927892224,EclBin
V* V555 Hya,6181933380469294464,EclBin
CD-31 10403,6169396512667865216,EclBin
V* V700 Cen,6169006392198795648,EclBin
V* V1269 Cen,6168203130234995456,EclBin
V* V1177 Cen,6162611426413334400,EclBin
2MASS J13221447-3635280,6166078869474756096,EclBin
CPD-40  6130,6137896874624969856,EclBin
G 165-16,1500910926140235136,EclBin
ROTSE1 J133522.34+390817.8,1475941601188912384,EclBin
V* EG CVn,1472525006244290432,EclBin
ROTSE1 J133234.47+351949.5,1471853376438870656,EclBin
CRTS J134102.1+352837,1470984453015324288,EclBin
ATO J205.1547+33.3692,1470504584909661056,EclBin
V* EH CVn,1456800546860152448,EclBin
V* EE CVn,1468358063335461760,EclBin
V* DM CVn,1455848472867516928,EclBin
V* RV CVn,1454791155002756736,EclBin
V* GV Boo,1448540122156977152,EclBin
V* EF CVn,1448960547916014080,EclBin
V* AK Boo,1444677469089072640,EclBin
PB  4001,3745759627314075520,EclBin
ASAS J133737+0715.9,3718512286068535040,EclBin
TYC  313-784-1,3714601323208576256,EclBin
FASTT  564,3711399201751133184,EclBin
FASTT  575,3711012723414049664,EclBin
AG+02 1682,3711751114191483008,EclBin
FASTT  578,3663038660272118528,EclBin
TYC  307-1002-1,3662787490584555520,EclBin
2MASS J13402850+0013204,3663134214704416768,EclBin
FASTT  607,3662626240332592768,EclBin
FASTT  619,3661811399137061120,EclBin
MGC 47407,3662865281032355328,EclBin
MGC 47730,3662915892926983168,EclBin
CRTS J133624.7-000508,3662781924306951808,EclBin
2MASS J13363840-0013450,3662674064792988672,EclBin
HD 118220,3610754167952387584,EclBin
BD-16  3701,3603573016993036032,EclBin
HD 118919,6192330916473310464,EclBin
V* SS Hya,6194820897993525632,EclBin
HD 118528,6191602146422613120,EclBin
HD 118283,6174813222342613120,EclBin
CRTS J133748.4-290921,6176411190694157056,EclBin
CRTS J133212.9-311244,6169620641241363584,EclBin
CRTS J133145.2-294253,6175970114733055488,EclBin
CRTS J133107.0-320949,6169411802751479424,EclBin
V* V1284 Cen,6168767798175200896,EclBin
[ISQ96] 383G  4,6164822471280880768,EclBin
[ISQ96] 383L 17,6163529552982442368,EclBin
V* V1286 Cen,6112623435933074944,EclBin
V* FU CVn,1497418258735289472,EclBin
2MASS J13461702+3558165,1471428964950397440,EclBin
V* FQ CVn,1456803772377366016,EclBin
BD+27  2294,1451348858969747584,EclBin
NGC  5272   140,1454768683733992320,EclBin
Cl* NGC 5272    SAW V296,1454785206468985472,EclBin
V* AR Boo,1444212753627383296,EclBin
V* FY Boo,1251411121954162560,EclBin
V* AV Boo,1244779623729801216,EclBin
V* AQ Boo,1244557350582190464,EclBin
V* DN Boo,3728971527866756096,EclBin
TYC 1460-627-1,3741323132254925440,EclBin
CRTS J134228.9+001947,3663127411476265472,EclBin
2MASS J13460095+0049325,3662536320897120000,EclBin
V* V503 Vir,3664172256760623744,EclBin
CRTS J134545.2+000445,3662333220483676928,EclBin
2MASS J13433046-0019173,3662291885718549888,EclBin
LINEAR 9852432,3662129256781793408,EclBin
HD 119804,3613359666912761088,EclBin
BD-18  3667,6293261136100976896,EclBin
EC 13494-2253,6287453481323093120,EclBin
SV* HV 12307,6164127584228327424,EclBin
V* V1200 Cen,6115326447825634816,EclBin
HD 119968,6112373090880214272,EclBin
V* FW CVn,1497343732462852864,EclBin
V* BO CVn,1498613634033133184,EclBin
ROTSE1 J135749.66+361609.3,1483264967105572096,EclBin
ROTSE1 J135530.92+345618.7,1482903743175924352,EclBin
ROTSE1 J135733.33+344448.2,1482842136165071232,EclBin
V* EI CVn,1482006163730829568,EclBin
V* FV CVn,1457452729053004416,EclBin
V* GG CVn,1454476041837566976,EclBin
ROTSE1 J135814.89+323654.0,1457612982872475648,EclBin
ROTSE1 J135349.96+305203.3,1456981244721822976,EclBin
V* CX CVn,1451209873827963904,EclBin
V* YZ CVn,1452051275101538816,EclBin
V* UW CVn,1452702598301418112,EclBin
2MASS J13554538+2948183,1453847086826927104,EclBin
ROTSE1 J135537.74+284345.0,1452096492517202176,EclBin
V* GW Boo,1249808721195057792,EclBin
TYC  319-944-1,3670984865165848192,EclBin
2MASS J13560904+0007434,3660649211051448192,EclBin
ASAS J140250-0009.8,3660479340800055680,EclBin
BD-07  3738,3619276173341224704,EclBin
EC 13501-1758,6294014095407348736,EclBin
BD-17  3979,6291354479859013248,EclBin
HD 121788,6173448694052752384,EclBin
HD 121019,6172105537520182528,EclBin
HD 121982,6170955620156195584,EclBin
BD+38  2513,1483843172782653056,EclBin
ROTSE1 J140551.53+374652.5,1483839736808813312,EclBin
V* GG Boo,1485202444032602368,EclBin
V* GN CVn,1485446913571160320,EclBin
ROTSE1 J140627.09+372840.5,1483627565424464640,EclBin
ROTSE1 J141447.66+354250.9,1482435179424108800,EclBin
V* TU Boo,1453346327999716224,EclBin
Case A-F 1099,1453108524250064256,EclBin
V* IN Boo,1453529946441484672,EclBin
V* IK Boo,1453085193988180480,EclBin
ROTSE1 J141308.66+295950.7,1453170784096411008,EclBin
BPS BS 16082-0110,1452533376590060928,EclBin
V* GH Boo,1260453539940689152,EclBin
V* IO Boo,1257262035642339712,EclBin
V* SY Boo,1233515883017093888,EclBin
2MASS J14071340+1457122,1230555890340813312,EclBin
HD 123175,3670593847047819136,EclBin
TYC  320-445-1,3667935678903733248,EclBin
V* QU Vir,3660912475366231040,EclBin
CRTS J140712.1+000137,3660078774970136064,EclBin
MGC 57651,3659965452258025472,EclBin
V* MR Vir,3659709854459278336,EclBin
V* V533 Vir,3647753833738376064,EclBin
2QZ J140450.0-015110,3659229707179930240,EclBin
MGC 57143,3659873505597758208,EclBin
2MASS J14115431-0002444,3659959890275621120,EclBin
TYC 4982-579-1,3641008329902534016,EclBin
V* VV Vir,3614611319166226944,EclBin
V* CX Vir,6301100722726138112,EclBin
V* FQ Vir,6300789144322841600,EclBin
V* AK Vir,6291182131411371392,EclBin
EC 14114-2048,6277583474678466688,EclBin
V* V464 Hya,6270724171389250944,EclBin
V* V792 Cen,6124695248965680256,EclBin
V* V712 Cen,6123909750987135744,EclBin
CD-39  8717,6117091335791141632,EclBin
ROTSE1 J142344.96+374743.9,1481539077447360256,EclBin
ROTSE1 J141944.13+360212.4,1481003237327626880,EclBin
CRTS J141555.3+364623,1484053763619254272,EclBin
PB  3627,1285717121691917696,EclBin
V* IV Boo,1285061091206529920,EclBin
Ton  760,1259815307800333696,EclBin
Ton  765,1259848052631052672,EclBin
ROTSE1 J141716.46+280616.9,1260591283836144512,EclBin
KUV 14196+2438,1255591052845938048,EclBin
V* IX Boo,1254157152244515840,EclBin
ROTSE1 J142206.13+253217.6,1255869710324258048,EclBin
TYC 1475-223-1,1253011392409046912,EclBin
CRTS J141736.0+102154,1225125269267455872,EclBin
HD 126200,1175750359592418176,EclBin
BPS BS 16546-0046,3673593628301494912,EclBin
RX J1415.7+0807,3674495532778622464,EclBin
V* V546 Vir,3672871622823437312,EclBin
CRTS J141530.2+000544,3653922815524638720,EclBin
LINEAR 10919784,3653921166257196416,EclBin
V* V349 Vir,3652875668138164864,EclBin
ASAS J142144-0012.4,3653760740638854272,EclBin
BD-07  3814,3639171664447562880,EclBin
V* MW Vir,6283933772803897216,EclBin
TYC 6736-917-1,6271584161280599424,EclBin
V* V721 Cen,6124588007926040320,EclBin
V* V723 Cen,6219823208294425472,EclBin
TYC 7299-74-1,6219558707026906496,EclBin
V* V1206 Cen,6122823158621608576,EclBin
ROTSE1 J143253.91+373813.4,1487329895952539264,EclBin
ROTSE1 J143602.90+370529.4,1486512851438559744,EclBin
ROTSE1 J142720.57+380021.7,1481600684457877760,EclBin
V* SU Boo,1286997911003433344,EclBin
ROTSE1 J142928.22+311631.4,1285386168691703296,EclBin
ROTSE1 J143700.85+303553.1,1285857614366033024,EclBin
ROTSE1 J143554.74+284045.7,1281055295468975872,EclBin
V* KW Boo,1280472519946156928,EclBin
V* LM Boo,1242938147911534080,EclBin
TYC  916-248-1,1228249291039570560,EclBin
V* HL Boo,1177382893841485312,EclBin
V* DW Boo,1175673256339448960,EclBin
V* NS Vir,1172169318940289920,EclBin
V* NZ Vir,1172408290920634368,EclBin
V* CM Vir,3649978661157413632,EclBin
V* V562 Vir,3653297914962969216,EclBin
V* QX Vir,6331945975255222912,EclBin
TYC 5567-112-1,6328042021782043136,EclBin
HD 127858,6283349107496200192,EclBin
EC 14314-1920,6283305023951807360,EclBin
HD 127051,6272160511532390400,EclBin
2MASS J14352234-2636596,6223501864963529216,EclBin
LB   276,6223947751288061568,EclBin
V* V727 Cen,6219480916580828288,EclBin
V* V731 Cen,6219729955964880640,EclBin
V* V1351 Cen,6219516131017885056,EclBin
V* TX Boo,1283457247344012160,EclBin
CRTS J144406.6+330047,1286584464570341376,EclBin
ROTSE1 J144305.37+302435.5,1282849079970135040,EclBin
V* GL Boo,1279490862221077376,EclBin
ROTSE1 J144443.28+255752.4,1267566929200031872,EclBin
V* GM Boo,1265609184323466240,EclBin
ROTSE1 J144546.37+234844.9,1265930276078202368,EclBin
V* HR Boo,1238475573811713408,EclBin
TYC  917-750-1,1184784909199084544,EclBin
V* V738 Vir,1171202740844521600,EclBin
BPS BS 16981-0093,3655456565526027136,EclBin
V* V589 Vir,3656563636296272128,EclBin
V* V591 Vir,3656538244449658496,EclBin
2MASS J14461211+0004047,3651540375690606208,EclBin
BD-00  2862,3651373284282826368,EclBin
V* V593 Vir,3650519414719979904,EclBin
MGC 67014,3651623560617025024,EclBin
2QZ J143923.2-023805,3648785480587951360,EclBin
BD-04  3732,6337984213941365632,EclBin
EC 14362-0907,6326818162261104384,EclBin
BD-12  4110,6323304290601880832,EclBin
HD 130092,6282281172467868288,EclBin
ASAS J144322-1849.3,6281876517829136640,EclBin
V* LZ Lib,6281681663752782080,EclBin
TYC 6751-1004-1,6229028800678439680,EclBin
HD 128806,6221946571406127616,EclBin
CRTS J143902.4-331332,6215458903056990848,EclBin
V* V536 Cen,6106437308633460992,EclBin
HD 129911,6202781018584927744,EclBin
CRTS J144539.0-343136,6203448903179479040,EclBin
V* GO Boo,1281477095617223040,EclBin
ROTSE1 J145009.53+304352.0,1283024623873750400,EclBin
V* GN Boo,1281813580534856448,EclBin
V* GR Boo,1267903865090816896,EclBin
ROTSE1 J145715.91+234848.7,1263113842684365696,EclBin
V* GQ Boo,1267794085726468480,EclBin
ROTSE1 J145117.49+251215.8,1266495940451496576,EclBin
ROTSE1 J145142.65+250715.5,1266491473685539712,EclBin
V* NO Boo,1185441936116079744,EclBin
V* NR Boo,1180341709696021248,EclBin
TYC  330-168-1,1154295825422194432,EclBin
BPS BS 16472-0037,3650918155188547456,EclBin
ATO J224.8371+01.4131,1153362206906922624,EclBin
BPS BS 16472-0025,3650878508345646208,EclBin
BD-00  2900,3650359332699156352,EclBin
TYC 4995-96-1,6337375672911023488,EclBin
V* KQ Lib,6325466347074845696,EclBin
EC 14566-1234,6312249461394777984,EclBin
LP  801-20,6232276826746044032,EclBin
HD 130693,6229423284834725504,EclBin
HD 130922,6217495542182819968,EclBin
V* V748 Cen,6204217186929931520,EclBin
V* OW Lup,6201293654229558144,EclBin
V* OU Lup,6200794402932338944,EclBin
V* HP Lup,6199736058572926464,EclBin
V* KV Lup,6009582188349153920,EclBin
CRTS J153456.1-374554,6012372096016048640,EclBin
HD 141802,6008433748451829248,EclBin
V* HI Lup,6008411998737054592,EclBin
TYC 7837-596-1,6009526766089185536,EclBin
TYC 7838-657-1,5996529576580274048,EclBin
V* V1284 Sco,5993603913585198592,EclBin
2MASS J16084969-3901225,5997457972398889472,EclBin
V* V1195 Sco,5993788013061612416,EclBin
HD 148887,5968709866498406144,EclBin
HD 325710,5968830095547027328,EclBin
HD 326040,5968061429519117952,EclBin
V* V565 Sco,5969803919282804352,EclBin
HD 326002,5968326038213164032,EclBin
V* V569 Sco,5967882282171756800,EclBin
V* V566 Sco,5967839160690660864,EclBin
TYC 7871-2321-1,5969002066056175360,EclBin
HD 326143,5969601604792652160,EclBin
[OSP2002] BRC 82  8,5968283393435690752,EclBin
V* V573 Sco,5966530565734442368,EclBin
HD 152096,5969536909732171648,EclBin
Cl* NGC 6231    SBL     339,5966522907821894144,EclBin
Cl* NGC 6231    SBL     674,5966498920413866624,EclBin
Cl* NGC 6231    SBL     767,5966504555410640896,EclBin
Cl* NGC 6231    SBL     768,5966506071550336512,EclBin
V* V594 Sco,5966370762896612480,EclBin
V* V586 Sco,5966590867075848064,EclBin
HD 152686,5966431854511688832,EclBin
V* V590 Sco,5966266923461266816,EclBin
HD 326669,5966176080612980096,EclBin
HD 326405,5964796812002651520,EclBin
HD 326704,5964607902156183936,EclBin
WRAY 15-1546,5969524918183268352,EclBin
Cl Trumpler   24   342,5969564187037894784,EclBin
V* V1296 Sco,5964800071869414784,EclBin
HD 326775,5965963252092372608,EclBin
HD 154615,5965875226751271040,EclBin
V* V616 Sco,5965596088242713344,EclBin
V* V612 Sco,5965671366117198208,EclBin
V* V622 Sco,5953713528661627648,EclBin
HD 327010,5965611756283713792,EclBin
V* V501 Sco,5953755511947086336,EclBin
V* V627 Sco,5959742425787740800,EclBin
V* V625 Sco,5953676763739289344,EclBin
V* V633 Sco,5959524275861382656,EclBin
HD 323279,5959519465496193152,EclBin
HD 156785,5959511558384170496,EclBin
V* V638 Sco,5959396904278115584,EclBin
CD-44 11652,5953236168829640320,EclBin
V* V1229 Sco,5958809799452307840,EclBin
V* V511 Sco,5959179201001581568,EclBin
V* V510 Sco,5958661915162409472,EclBin
CD-42 12292,5958862606002576000,EclBin
HD 158801,5958510624842721408,EclBin
V* V519 Sco,5955446801332128384,EclBin
V* V967 Sco,5958274612150498816,EclBin
TYC 7896-1101-1,5952324639349961344,EclBin
V* V523 Sco,5957488731862246272,EclBin
V* V544 Sco,5957290441812290176,EclBin
V* V543 Sco,5957176062588700544,EclBin
V* V538 Sco,5955075750517689344,EclBin
V* V531 Sco,5955539954918003584,EclBin
V* V527 Sco,5955349047876313344,EclBin
TYC 7897-833-1,5955561979512133248,EclBin
HD 162747,5956244604435892224,EclBin
V* V849 Sco,5956638882431771392,EclBin
V* V842 Sco,5956131560885970176,EclBin
V* V836 Sco,5956137603874998400,EclBin
TYC 7898-1379-1,5956343800994196352,EclBin
V* V711 CrA,6725119410559325952,EclBin
CD-44 12313,6723920908512386688,EclBin
HD 166510,6724539830476397568,EclBin
V* V518 CrA,6724523127326728192,EclBin
V* V516 CrA,6721374229102555392,EclBin
V* V514 CrA,6721373782426030464,EclBin
V* V511 CrA,6721150826397912576,EclBin
V* TZ CrA,6721292212406983296,EclBin
TYC 7908-867-1,6724526120940614912,EclBin
TYC 7912-976-1,6721103066360399104,EclBin
V* V580 CrA,6723056829802957440,EclBin
V* V577 CrA,6721910726364829952,EclBin
V* V604 CrA,6722869431789487488,EclBin
V* V620 CrA,6709757029762447232,EclBin
NSV 10905,6721783698408940032,EclBin
NSV 10975,6721818539184515072,EclBin
V* V634 CrA,6722471472990969728,EclBin
TYC 7914-2580-1,6709878083420913920,EclBin
V* UU CrA,6722346167323116160,EclBin
V* V732 CrA,6710041768911976576,EclBin
V* V681 CrA,6722220784336851840,EclBin
TYC 7914-908-1,6710180449118915584,EclBin
V* V734 CrA,6715215520875945344,EclBin
NSV 11660,6715665839610404992,EclBin
V* V501 Sgr,6713588076167392384,EclBin
V* V2153 Sgr,6689849036007266432,EclBin
CD-41 13594,6689454620571150208,EclBin
V* V2166 Sgr,6689766263397777408,EclBin
V* V2250 Sgr,6692853451529408640,EclBin
V* V1171 Sgr,6693147532232494720,EclBin
HD 197482,6779315953562354176,EclBin
HD 197482B,6779315953562354048,EclBin
CRTS J203733.4-360852,6683314157365976192,EclBin
BPS CS 30314-0174,6779357185247311488,EclBin
TYC 7315-1021-1,6204768896948409344,EclBin
TYC 7321-306-1,6206349651071739008,EclBin
CD-33 10602,6014259923118293760,EclBin
ASAS J160556-3737.6,5998336623943748224,EclBin
ASAS J160302-3749.4,5998154001930383616,EclBin
CD-38 10937,5997302430180646784,EclBin
V* V981 Sco,6018132712327727488,EclBin
Cl* NGC 6139    MLH V8,6018117177406750720,EclBin
HD 149985,5969486087347814144,EclBin
V* V571 Sco,5971230977941335296,EclBin
V* V568 Sco,5970802516358243328,EclBin
HD 321985,5970736133357869824,EclBin
HD 321991,5970703422882189184,EclBin
SV* HV 10790,5969931119054616320,EclBin
V* V1069 Sco,5970177821898087808,EclBin
HD 322305,5969572261571594880,EclBin
V* V599 Sco,5967269235695936512,EclBin
V* V585 Sco,5970212662688578688,EclBin
HD 322453,5969670981417591296,EclBin
V* V589 Sco,5966672608891002624,EclBin
V* V588 Sco,5966702192626384896,EclBin
V* V1223 Sco,5969697232270665088,EclBin
V* V1225 Sco,5966669211583914240,EclBin
HD 322561,5970126625900431104,EclBin
HD 322402,5969724960570196608,EclBin
Cl Trumpler   24    61,5969586314709057536,EclBin
Cl Trumpler   24   274,5969671836100016640,EclBin
V* V1219 Sco,5969673313568769408,EclBin
V* V1220 Sco,5969675001507225344,EclBin
V* V1300 Sco,5973278337311814784,EclBin
V* V604 Sco,5966958894232487424,EclBin
V* V610 Sco,5966966419015183744,EclBin
V* V1299 Sco,5967190307071096704,EclBin
CD-39 11193,5972169999570675584,EclBin
CD-39 11201,5972172198601109632,EclBin
V* V621 Sco,5971854778991388800,EclBin
V* V619 Sco,5971797604386752256,EclBin
HD 327111,5965839045980600192,EclBin
HD 322746,5966971302394711680,EclBin
[ICS99] A,5966898700274829696,EclBin
UCAC4 252-108055,5972225108251540736,EclBin
V* V629 Sco,5972631691372865280,EclBin
V* V626 Sco,5971994794925645696,EclBin
V* V502 Sco,5971839733749783808,EclBin
V* V640 Sco,5960354269666474880,EclBin
V* V508 Sco,5960485313367198848,EclBin
V* V506 Sco,5972484558636073728,EclBin
V* V631 Sco,5971953361418366720,EclBin
V* V509 Sco,5960083102628976000,EclBin
V* V505 Sco,5959859897410373504,EclBin
SV* HV 10884,5972212296415044352,EclBin
Cl* NGC 6318    PCA     924,5972258815154859520,EclBin
Cl* NGC 6318    PCA    2104,5972258540278286080,EclBin
Cl* NGC 6318    PCA    3113,5972257513840546176,EclBin
Cl* NGC 6318    PCA    8855,5972238989586796544,EclBin
Cl* NGC 6318    PCA    9095,5972239131375676928,EclBin
Cl* NGC 6318    PCA    9392,5972239097015943168,EclBin
Cl* NGC 6318    PCA    9597,5972238719058824960,EclBin
V* V904 Sco,5959338728900012416,EclBin
HD 323830,5959288602396947840,EclBin
V* V513 Sco,5960100797893805952,EclBin
HD 323634,5959351618171599872,EclBin
OGLE BLG-ECL-14588,5960187929846502784,EclBin
OGLE BLG200.8  68192,5960187865483162368,EclBin
OGLE BLG-ECL-14629,5960376427356909696,EclBin
OGLE BLG200.3  66390,5960386082440328704,EclBin
OGLE BLG-ECL-14939,5960433052204280832,EclBin
OGLE BLG-ECL-17340,5960192534094358528,EclBin
OGLE BLG200.2 110575,5960216521515527168,EclBin
OGLE BLG-ECL-17804,5960220021880097152,EclBin
OGLE BLG-ECL-16503,5960409447130986368,EclBin
OGLE BLG200.4  26565,5960222564452458112,EclBin
OGLE BLG200.4  41386,5960410379117975424,EclBin
OGLE BLG-ECL-16908,5960422886029900288,EclBin
OGLE BLG203.7  54982,5960424599717934080,EclBin
OGLE BLG-ECL-17542,5960425527463842304,EclBin
OGLE BUL-SC49   7343,5960112647652077184,EclBin
OGLE BLG-ECL-19670,5960120417244900992,EclBin
OGLE BUL-SC49 213371,5960144670930537344,EclBin
OGLE BLG-ECL-19508,5960205968700771456,EclBin
V* V525 Sco,5960685733719425536,EclBin
V* V530 Sco,5957688297608023936,EclBin
V* V1090 Sco,5956960180366421376,EclBin
V* V724 Sco,5957732346789296768,EclBin
V* V546 Sco,5956571258134176768,EclBin
HD 324424,5958181119304809216,EclBin
V* V454 CrA,4035720806645181440,EclBin
V* V853 Sco,5956784052335896576,EclBin
V* V838 Sco,5956815349715571712,EclBin
HD 324433,5958138685020939392,EclBin
HD 324626,4035512174306821120,EclBin
V* KW CrA,4035700259531116544,EclBin
V* V461 CrA,4035236025071266560,EclBin
V* V480 CrA,4035859409455304832,EclBin
V* PZ CrA,6726078180368001152,EclBin
HD 325024,6725693420012056064,EclBin
V* V501 CrA,6725907000145790720,EclBin
V* PT CrA,6725868826481312640,EclBin
V* V588 CrA,6723264839345529984,EclBin
V* V572 CrA,6726161713206534016,EclBin
V* V605 CrA,6726800666899409152,EclBin
V* V603 CrA,6726319248290518784,EclBin
V* V438 CrA,6723094316283224832,EclBin
V* V705 CrA,6723397914615234688,EclBin
V* V706 CrA,6723394478643412224,EclBin
V* V707 CrA,6723370018812772608,EclBin
V* V708 CrA,6723369709575107328,EclBin
V* AV CrA,6728592836479252608,EclBin
V* CR CrA,6729114309927206272,EclBin
V* CS CrA,6716946362639691648,EclBin
V* V733 CrA,6728424194579957632,EclBin
V* V648 CrA,6716594656355685760,EclBin
ASAS J185627-4044.0,6716668701593899008,EclBin
ASAS J190537-3904.6,6718397786704990080,EclBin
V* DL CrA,6717965090220257536,EclBin
HD 185135,6739928797056875520,EclBin
V* V2158 Sgr,6740078197498465408,EclBin
TYC 7932-667-2,6738443773463473152,EclBin
V* V2168 Sgr,6691601451383770112,EclBin
V* V2184 Sgr,6691776892207890688,EclBin
V* V5552 Sgr,6692148767656279296,EclBin
HD 188942,6691142473998075648,EclBin
V* V2261 Sgr,6695814745579992064,EclBin
V* VY Mic,6780057299276674816,EclBin
V* LN Lib,6212438647687254784,EclBin
V* YZ Lib,6211796666035477120,EclBin
V* V386 Lup,6016261480960112768,EclBin
HD 143926,6035232110999725696,EclBin
TYC 7347-1395-1,6035444007508656256,EclBin
V* V761 Sco,6019938003021990528,EclBin
V* V575 Sco,5971479055255274624,EclBin
V* V1226 Sco,5976628240003897088,EclBin
V* V883 Sco,5970540931315766656,EclBin
V* V584 Sco,5970605669433487360,EclBin
V* V583 Sco,5971390411490294400,EclBin
V* V581 Sco,5970596942058652928,EclBin
V* V607 Sco,5977148897464638976,EclBin
V* V609 Sco,5976530108615867392,EclBin
V* V606 Sco,5976422910567156480,EclBin
V* V457 Sco,5977157212549351424,EclBin
LS 3965,5973862830821086464,EclBin
V* V620 Sco,5973545694754046592,EclBin
V* V613 Sco,5973369120063712640,EclBin
V* V611 Sco,5976936279395119872,EclBin
V* V464 Sco,5973873447980240768,EclBin
HD 319548,5976903878157196288,EclBin
TYC 7373-152-1,5973823046570477312,EclBin
HD 319461,5976908482362245120,EclBin
HD 322815,5973142650708135552,EclBin
HD 322858,5973956568490734080,EclBin
V* V1103 Sco,5976745067422531968,EclBin
V* V1302 Sco,5976427991449187968,EclBin
V* V1012 Sco,5973477318881351168,EclBin
V* V634 Sco,5975163759236102656,EclBin
TYC 7883-372-1,5972774451752078592,EclBin
V* V642 Sco,5974049644718630400,EclBin
V* V630 Sco,5972659866353212672,EclBin
V* V504 Sco,5972671372534844288,EclBin
HD 323029,5972694741495811328,EclBin
HD 322957,5973913064760611712,EclBin
HD 157867,5974510103873065088,EclBin
V* V1304 Sco,5962002815555171968,EclBin
HD 158724,5974604764982749440,EclBin
V* V1306 Sco,5961777273891767808,EclBin
HD 320066,5974588718985819392,EclBin
HD 159765,5962654825986067456,EclBin
V* V385 Sco,5962317378979235200,EclBin
V* V1084 Sco,5961051841085731456,EclBin
HD 161007,5961290503831748480,EclBin
V* V821 Sco,5961253734557761152,EclBin
HD 324068,5961572391148435072,EclBin
OGLE BLG-ECL-104058,4040021546362612096,EclBin
OGLE BLG-ECL-103689,4040023397581631360,EclBin
OGLE BLG606.27    618,4040023225639091200,EclBin
OGLE BLG-ECL-102483,4040026489849541632,EclBin
OGLE BLG-ECL-100535,4040027658069892736,EclBin
OGLE BLG-ECL-102356,4040051473702702336,EclBin
OGLE BLG-ECL-102575,4040051920320963456,EclBin
OGLE BLG-ECL-103739,4040051989098849024,EclBin
OGLE BLG-ECL-107296,4040059891841414272,EclBin
OGLE BLG-ECL-101584,4040069753088382208,EclBin
OGLE BLG-ECL-100531,4040070955622966656,EclBin
OGLE BLG-ECL-106776,4040075693021502464,EclBin
OGLE BLG-ECL-105387,4040079747472470784,EclBin
OGLE BUL-SC28  77828,4040125961321490048,EclBin
OGLE BLG605.11    414,4040126407928827392,EclBin
OGLE BLG605.10  64806,4040125759476717696,EclBin
OGLE BLG-ECL-100402,4040126820281560192,EclBin
OGLE BLG-ECL-103542,4040129057971220480,EclBin
OGLE BLG-ECL-109433,4039858195832475776,EclBin
OGLE BLG-ECL-108956,4039858505080929152,EclBin
OGLE BLG-ECL-110967,4039859089241823360,EclBin
OGLE BLG600.16    136,4039862009739083392,EclBin
OGLE BLG606.26  14243,4040047724124317952,EclBin
OGLE BLG-ECL-112542,4039859673328559872,EclBin
OGLE BLG-ECL-114682,4039862422091654400,EclBin
OGLE BLG-ECL-108495,4040049373441948800,EclBin
OGLE BLG-ECL-110392,4040048514425206912,EclBin
OGLE BLG-ECL-112443,4040054870977119360,EclBin
OGLE BLG-ECL-116051,4039867816582222080,EclBin
OGLE BLG-ECL-116072,4039868675576633216,EclBin
OGLE BLG-ECL-109719,4040055901768830336,EclBin
OGLE BLG-ECL-108987,4040059612595776384,EclBin
OGLE BLG600.25  58128,4040057967694722176,EclBin
OGLE BLG-ECL-112142,4040058105133672576,EclBin
OGLE BLG-ECL-109973,4040059788761147008,EclBin
OGLE BLG-ECL-113885,4040058581904937600,EclBin
OGLE BLG-ECL-114765,4040058341387095552,EclBin
OGLE BLG-ECL-111705,4040061369309053568,EclBin
OGLE BLG-ECL-111108,4040062670715020032,EclBin
OGLE BLG-ECL-114426,4040155618044946560,EclBin
OGLE BLG605.1  49536,4040075177558364032,EclBin
OGLE BLG-ECL-110710,4040168945322700288,EclBin
OGLE BLG-ECL-113502,4040169396304022272,EclBin
OGLE BLG605.8    259,4040158950939202048,EclBin
OGLE BLG-ECL-113013,4040169464977347712,EclBin
OGLE BLG-ECL-112429,4040170491620567808,EclBin
OGLE BLG-ECL-114024,4040171079931378432,EclBin
OGLE BLG-ECL-112586,4040172072170470784,EclBin
OGLE BLG-ECL-112971,4040172213803202432,EclBin
OGLE BLG-ECL-110554,4040175615417816832,EclBin
V* V827 Sco,4036640852989008768,EclBin
V* V1308 Sco,4039745775091101440,EclBin
HD 162697,4036885425604717056,EclBin
V* V848 Sco,4037305026731878272,EclBin
V* V843 Sco,4037326196766442496,EclBin
V* V452 Sco,4039908979506279040,EclBin
V* V445 Sco,4037232257225316864,EclBin
V* V422 Sco,4036882818672540416,EclBin
V* DZ CrA,4037051112682383744,EclBin
HD 162355,4036692186434720256,EclBin
V* V383 Sco,4036852822616282240,EclBin
V* V455 CrA,4036987233549953024,EclBin
V* V1167 Sco,4039966983071267584,EclBin
V* V1168 Sco,4039954781033897344,EclBin
V* V1170 Sco,4039956881345496960,EclBin
V* V722 Sgr,4037345158908398208,EclBin
V* V554 Sgr,4037376946093515904,EclBin
V* V471 CrA,4036175729598956160,EclBin
HD 164610,4036312992363895424,EclBin
HD 165386,4037782184797490304,EclBin
V* V2283 Sgr,4037120725509096704,EclBin
V* V503 CrA,4037577052810722944,EclBin
V* FX CrA,4036279461648512640,EclBin
V* FS CrA,4036330172238506368,EclBin
V* FK CrA,4036308392552625152,EclBin
V* QU CrA,4035988365918765568,EclBin
V* OW CrA,4036005167832219520,EclBin
V* MT CrA,4036126148491344768,EclBin
HD 321325,4038682405560450304,EclBin
V* V683 Sgr,4037738268671792256,EclBin
V* V350 CrA,6727638662242767104,EclBin
V* IT CrA,6728125131751523840,EclBin
V* V530 CrA,6727582793312847872,EclBin
V* IS CrA,6727531528579468032,EclBin
V* V2718 Sgr,4037730164130956288,EclBin
HD 325239,6727925501667327360,EclBin
V* V583 CrA,6727866948342218112,EclBin
V* V571 CrA,6728047753613592960,EclBin
V* V569 CrA,6727073689385644288,EclBin
V* V3274 Sgr,6728088744783488384,EclBin
V* V3495 Sgr,6733277786825949696,EclBin
HD 325344,6726982636082380032,EclBin
V* BX CrA,6730408130182212480,EclBin
V* BS CrA,6730056728835165056,EclBin
V* ZZ CrA,6730435480535103872,EclBin
CD-37 12814,6730392698349542784,EclBin
V* V412 CrA,6730067487732505728,EclBin
V* BG CrA,6730769594623918592,EclBin
V* AY CrA,6729481551113232896,EclBin
V* CW CrA,6730727160346660736,EclBin
V* V730 CrA,6729434405251840256,EclBin
TYC 7421-97-1,6730953934621094400,EclBin
V* BQ Sgr,6743081337411881472,EclBin
CD-35 13818,6698403854946296064,EclBin
BPS CS 30336-0092,6793440898407119872,EclBin
TYC 6934-228-1,6795493785398371072,EclBin
HD 198339,6795531722846873856,EclBin
V* WX Lib,6224646216054277504,EclBin
V* LM Lib,6224704387090636288,EclBin
TYC 7343-2213-1,6037443916076166144,EclBin
V* V756 Sco,6025203873450179328,EclBin
ASAS J162341-3306.2,6024820560513713280,EclBin
HD 149334,6024133636317981184,EclBin
TYC 7349-533-1,6024570520389756800,EclBin
TYC 7350-561-1,6021249965244576896,EclBin
HD 151510,6027165848865616640,EclBin
V* AL Sco,6027160183847820672,EclBin
TYC 7363-395-1,6027181864854377344,EclBin
V* V593 Sco,5977865431103401856,EclBin
V* V591 Sco,5977877800613173760,EclBin
V* V462 Sco,5979714637871135104,EclBin
HD 319429,5979735739169655680,EclBin
V* V1301 Sco,5978015514442762624,EclBin
V* V1303 Sco,5978631206594512384,EclBin
V* V471 Sco,5978697284684944896,EclBin
HD 319657,5979181241587673600,EclBin
HD 158073,5976182220552678016,EclBin
V* V730 Sco,5976195380332396416,EclBin
CD-35 11561,5975742450246630144,EclBin
HD 319866,5975971350526917376,EclBin
HD 319790,5975836630290192896,EclBin
OGLE BLG609.16  15251,4053350066860243456,EclBin
2MASS J17312487-3541065,5974916820098872448,EclBin
HD 160066,4053467572780407808,EclBin
V* V491 Sco,4053478327378517120,EclBin
HD 160974,4041394114915856128,EclBin
HD 160709,4041297770186323072,EclBin
HD 320491,4041119511843371392,EclBin
V* V705 Sco,4041542647624120064,EclBin
V* V497 Sco,4041785605335794304,EclBin
V* V387 Sco,4041151736876896128,EclBin
V* V386 Sco,4053390435165647104,EclBin
V* V381 Sco,4041038658986113408,EclBin
HD 320286,4041381401809026944,EclBin
OGLE MM5-A V22,4041505058203841408,EclBin
OGLE MM5-A V23,4041545396402714368,EclBin
OGLE MM5-A V30,4041545396403177984,EclBin
OGLE MM5-A V33,4041521963209513856,EclBin
OGLE MM5-A V43,4041545327832684672,EclBin
OGLE MM5-A V50,4041519592379411456,EclBin
OGLE MM5-A V55,4041545293351292160,EclBin
OGLE MM5-A V56,4041516779117857664,EclBin
OGLE MM5-A V57,4041516469880842368,EclBin
OGLE MM5-A V60,4041515469203437184,EclBin
OGLE MM5-A V64,4041518114910867328,EclBin
OGLE MM5-A V66,4041515950238727936,EclBin
OGLE MM5-A V69,4041708953052111744,EclBin
OGLE MM5-A V71,4041516637441933696,EclBin
OGLE MM5-A V75,4041518424152280320,EclBin
OGLE MM5-A V83,4041517775550630528,EclBin
OGLE MM5-A V85,4041509941527079296,EclBin
OGLE MM5-A V88,4041520799208781952,EclBin
OGLE MM5-A V91,4041518149273850496,EclBin
OGLE MM5-A V92,4041520386891836672,EclBin
OGLE MM5-A V94,4041708776989490944,EclBin
OGLE MM5-A V95,4041520417014742016,EclBin
OGLE MM5-A V100,4041513033903882496,EclBin
OGLE MM5-A V102,4041516572960039808,EclBin
OGLE MM5-A V104,4041518252353275392,EclBin
OGLE MM5-A V106,4041516671794892032,EclBin
OGLE MM5-A V109,4041521245884760704,EclBin
OGLE MM5-A V113,4041515748326001792,EclBin
OGLE MM5-A V115,4041522616044174976,EclBin
OGLE MM5-A V118,4041518875062721408,EclBin
OGLE MM5-A V123,4041512857856986496,EclBin
OGLE MM5-A V125,4041521864361239424,EclBin
OGLE MM5-A V128,4041519562257483520,EclBin
OGLE MM5-A V130,4041515885765195008,EclBin
OGLE MM5-A V135,4041517500695811584,EclBin
OGLE MM5-B V14,4041508081731631104,EclBin
OGLE MM5-B V19,4041498843327525248,EclBin
OGLE MM5-B V24,4041502721728087936,EclBin
OGLE MM5-B V29,4041508287890112640,EclBin
OGLE MM5-B V30,4041498808967700864,EclBin
OGLE MM5-B V32,4041496712970577664,EclBin
OGLE MM5-B V43,4041501587853710592,EclBin
OGLE MM5-B V46,4041495299911458944,EclBin
OGLE MM5-B V47,4041508356724187008,EclBin
OGLE MM5-B V53,4041503340106150528,EclBin
OGLE MM5-B V55,4041509215717641984,EclBin
OGLE MM5-B V58,4041496369423510272,EclBin
OGLE MM5-B V61,4041495819616912640,EclBin
OGLE MM5-B V66,4041514751892912256,EclBin
OGLE MM5-B V73,4041508842014838912,EclBin
OGLE MM5-B V80,4041502171973685632,EclBin
OGLE MM5-B V85,4041495304271082496,EclBin
OGLE MM5-B V86,4041501484774503552,EclBin
OGLE MM5-B V88,4041496468251610240,EclBin
OGLE MM5-B V90,4041495132472502272,EclBin
OGLE MM5-B V93,4041507944403325568,EclBin
OGLE MM5-B V94,4041503000856726528,EclBin
OGLE MM5-B V96,4041495334376856320,EclBin
OGLE MM5-B V98,4041501416055565440,EclBin
OGLE MM5-B V99,4041502073143309312,EclBin
OGLE MM5-B V101,4041515095490582144,EclBin
OGLE MM5-B V103,4041508842014738560,EclBin
OGLE MM5-B V108,4041496433892146944,EclBin
OGLE MM5-B V109,4041495716588281216,EclBin
OGLE MM5-B V110,4041502515570238720,EclBin
OGLE MM5-B V113,4041495196937843072,EclBin
OGLE MM5-B V114,4041514541481847680,EclBin
OGLE MM5-B V115,4041509391719195264,EclBin
OGLE MM5-B V118,4041503065330547840,EclBin
OGLE MM5-B V123,4041492413796151296,EclBin
OGLE MM5-B V127,4041496094545729792,EclBin
OGLE MM5-B V130,4041508704575698560,EclBin
OGLE MM5-B V133,4041496262092683008,EclBin
OGLE MM5-B V135,4041501690937046784,EclBin
OGLE MM5-B V138,4041495300013943424,EclBin
OGLE MM5-B V139,4041501901344582144,EclBin
OGLE MM5-B V140,4041512926580768896,EclBin
OGLE BLG-ECL-107839,4041517019637793280,EclBin
OGLE MM5-A V61,4041710190052620160,EclBin
OGLE BLG-ECL-103408,4041508288000607104,EclBin
OGLE MM5-A V3,4041521310231762816,EclBin
OGLE MM5-B V5,4041496438143040384,EclBin
OGLE MM5-B V7,4041496846097288832,EclBin
OGLE BUL-SC27 139859,4041504684484003584,EclBin
OGLE BLG-ECL-103854,4041063333589290496,EclBin
OGLE BLG-ECL-108831,4041061336410624128,EclBin
OGLE BLG-ECL-108547,4041061439595278848,EclBin
OGLE BLG-ECL-101740,4041111639173415936,EclBin
OGLE BLG-ECL-101593,4041111712179980928,EclBin
OGLE BLG-ECL-103224,4041112365014738944,EclBin
OGLE BLG-ECL-107257,4041440908473150336,EclBin
OGLE BLG-ECL-105009,4041113047926750720,EclBin
OGLE BLG-ECL-102101,4041117068016781440,EclBin
OGLE BLG-ECL-103571,4041492482444630400,EclBin
OGLE BUL-SC26  46055,4041118270609336448,EclBin
OGLE BLG-ECL-101663,4041118339328812032,EclBin
OGLE BLG-ECL-109292,4041490523943448192,EclBin
OGLE BLG-ECL-102083,4041493655003965952,EclBin
OGLE BLG-ECL-102569,4041493616318076160,EclBin
OGLE BLG-ECL-105099,4041493070838482304,EclBin
OGLE BLG-ECL-103755,4041493002168677248,EclBin
OGLE BLG-ECL-106484,4041491657816326912,EclBin
OGLE BLG-ECL-105633,4041493208276184576,EclBin
OGLE BLG-ECL-107439,4041491795255746048,EclBin
OGLE BLG-ECL-108327,4041492241935597056,EclBin
OGLE BLG-ECL-102400,4041506230674142080,EclBin
OGLE BLG-ECL-103620,4041494544036667904,EclBin
OGLE BLG-ECL-101880,4041506299342670080,EclBin
OGLE MM5-B V144,4041495059495292800,EclBin
OGLE MM5-B V65,4041495196937329280,EclBin
OGLE BLG-ECL-106980,4041495304271136384,EclBin
OGLE BLG-ECL-108073,4041495403096807936,EclBin
OGLE MM5-B V78,4041508086100330368,EclBin
OGLE BLG-ECL-107429,4041502584289699840,EclBin
OGLE BLG-ECL-107932,4041502824811610496,EclBin
OGLE BLG-ECL-108796,4041502927891120000,EclBin
OGLE BLG-ECL-102130,4041509490602898816,EclBin
OGLE MM5-B V38,4041514575841662464,EclBin
OGLE BLG-ECL-103980,4041509731121312256,EclBin
OGLE BLG-ECL-108726,4041503340212128128,EclBin
OGLE BLG-ECL-108975,4041516706159058944,EclBin
OGLE BUL-SC26 119551,4041519145698106624,EclBin
OGLE MM5-A V111,4041520180733307392,EclBin
OGLE BLG-ECL-104909,4041521413447904384,EclBin
OGLE BLG-ECL-108455,4041545362192578816,EclBin
OGLE BLG-ECL-103026,4041710563696990976,EclBin
OGLE BLG-ECL-109206,4041545503873122176,EclBin
OGLE BLG-ECL-105244,4041735508872854272,EclBin
OGLE BLG-ECL-107423,4041734924716355328,EclBin
OGLE BLG-ECL-112259,4041046733672704512,EclBin
OGLE BLG604.9  41354,4041046600454745344,EclBin
OGLE BLG-ECL-112303,4041047115850791168,EclBin
OGLE BLG-ECL-115187,4041419266249507456,EclBin
OGLE BLG-ECL-114444,4041422354273683712,EclBin
OGLE BLG-ECL-111143,4041048142295531520,EclBin
OGLE BUL-SC27 198478,4041422530271562112,EclBin
OGLE BLG-ECL-113945,4041422564631254400,EclBin
OGLE BLG-ECL-109878,4041059931973178624,EclBin
OGLE BLG-ECL-111138,4041435410903948800,EclBin
OGLE BLG-ECL-115528,4041423114430336512,EclBin
OGLE BLG604.8 120749,4041424140910158848,EclBin
