Star,Gaia_DR3_ID,otype
2QZ J030827.0-273922,5071765320356650368,WhiteDwarf
Gaia DR2 4174460100043052928,4174460100043052928,WhiteDwarf
Gaia DR2 4975647731843619840,4975647731843619840,WhiteDwarf
Gaia DR2 1677019669200879744,1677019669200879744,WhiteDwarf
SDSS J160117.73+363242.6,1372418041652437120,WhiteDwarf
Gaia DR2 962778663849158016,962778663849158016,WhiteDwarf
Gaia DR2 6067715360966459648,6067715360966459648,WhiteDwarf
Gaia DR2 5821532298024784000,5821532298024784000,WhiteDwarf
GALEX J235938.3-504345,6523501791537164032,WhiteDwarf
GALEX J171541.3+102725,4539744525947628544,WhiteDwarf
Gaia DR2 3456472994151996544,3456472994151996544,WhiteDwarf
Gaia DR2 2423639260470066816,2423639260470066816,WhiteDwarf
Gaia DR2 505272665808610304,505272665808610304,WhiteDwarf
GALEX J042138.0-241015,4896391021000766720,WhiteDwarf
GALEX J050407.8+100831,3291625586619540096,WhiteDwarf
GALEX J180337.5+372328,4609689442751436032,WhiteDwarf
Gaia DR2 6143533039953569664,6143533039953569664,WhiteDwarf
GALEX J124433.8+270923,3961476455699563136,WhiteDwarf
Gaia DR3 4662157454731788672,4662157454731788672,WhiteDwarf
Gaia DR2 4238616294286024448,4238616294286024448,WhiteDwarf
Gaia DR2 6374194155501318016,6374194155501318016,WhiteDwarf
GALEX J032146.2-752657,4639489643837368832,WhiteDwarf
SBSS 1309+544,1564048835176931200,WhiteDwarf
Gaia DR2 5315222002485437952,5315222002485437952,WhiteDwarf
Gaia DR2 5518292149339393536,5518292149339393536,WhiteDwarf
2QZ J220754.2-312628,6613206336744205440,WhiteDwarf
GALEX J225705.8+032415,2656739363396139520,WhiteDwarf
SDSS J130002.18+235940.8,3957067310993650048,WhiteDwarf
SDSS J220306.41+435218.5,1962514146890419968,WhiteDwarf
SDSS J101353.65+440531.5,808676096261915904,WhiteDwarf
Gaia DR2 5992176335189741952,5992176335189741952,WhiteDwarf
GALEX J230149.7-220044,2396675180908237952,WhiteDwarf
GALEX J111201.7+420403,777698112063307520,WhiteDwarf
GALEX J231630.8+391519,1918009283451475328,WhiteDwarf
Gaia DR2 1872407141771485696,1872407141771485696,WhiteDwarf
Gaia DR2 5811851957134297216,5811851957134297216,WhiteDwarf
GALEX J201809.2-032155,4222375304952389504,WhiteDwarf
Gaia DR2 6046626521791519744,6046626521791519744,WhiteDwarf
Gaia DR2 6725758707820435968,6725758707820435968,WhiteDwarf
GALEX J015145.4-373235,4962532104312810112,WhiteDwarf
Gaia DR2 4707528492811994112,4707528492811994112,WhiteDwarf
Gaia DR2 12575771617707776,12575771617707776,WhiteDwarf
GALEX J010149.7-365944,5001812466452392448,WhiteDwarf
SBSS 1536+520,1595298501827000960,WhiteDwarf
GALEX J050205.4+291009,155872953106923520,WhiteDwarf
Gaia DR2 5401509029325665536,5401509029325665536,WhiteDwarf
SDSS J135752.29+351131.3,1482922018261625728,WhiteDwarf
2QZ J021951.8-312805,4971597100942048384,WhiteDwarf
GALEX J180457.5+411011,2113401742476879872,WhiteDwarf
Gaia DR2 1910339983689345280,1910339983689345280,WhiteDwarf
GALEX J231836.7+471901,1941555565480786432,WhiteDwarf
Gaia DR3 5932133207754540672,5932133207754540672,WhiteDwarf
LBQS 1227+0923,3903547379920254848,WhiteDwarf
Gaia DR3 5306162718169334784,5306162718169334784,WhiteDwarf
GALEX J103116.1+494303,835192885045704960,WhiteDwarf
LEHPM 1641,5035191303009834368,WhiteDwarf
SDSS J135111.78+505951.2,1510950631237170304,WhiteDwarf
Gaia DR3 4124235512712121600,4124235512712121600,WhiteDwarf
GALEX J130809.8+501416,1556411691834250752,WhiteDwarf
GALEX J032200.3-231441,5098407483530458112,WhiteDwarf
SDSS J093648.57+403916.9,813161141630378496,WhiteDwarf
GALEX J043425.9-701305,4655653396778415744,WhiteDwarf
Gaia DR2 4880741770785071616,4880741770785071616,WhiteDwarf
Gaia DR2 4683935717763550720,4683935717763550720,WhiteDwarf
Gaia DR3 5949068538692324608,5949068538692324608,WhiteDwarf
Gaia DR2 1118893165915571584,1118893165915571584,WhiteDwarf
GALEX J195436.6+494825,2087094483674311168,WhiteDwarf
SDSS J092932.56+561318.6,1024920591445065344,WhiteDwarf
SDSS J190522.52+383133.2,2099996943388896512,WhiteDwarf
Gaia DR2 6077728682089170688,6077728682089170688,WhiteDwarf
GALEX J035036.8-531040,4732142774291222272,WhiteDwarf
GALEX J082042.7+303025,708643215561648640,WhiteDwarf
GALEX J001901.7+223153,2800579299903369728,WhiteDwarf
Gaia DR2 1867544689034688256,1867544689034688256,WhiteDwarf
GALEX J032711.3-495934,4737356520990764928,WhiteDwarf
GALEX J105213.3+120412,3872158590689649920,WhiteDwarf
US 2086,1010918718886995584,WhiteDwarf
Gaia DR3 5885820850276578048,5885820850276578048,WhiteDwarf
GALEX J021427.6-624945,4701099403509767808,WhiteDwarf
GALEX J061156.9-583943,5494636014930557184,WhiteDwarf
Gaia DR2 4690405931377208320,4690405931377208320,WhiteDwarf
SDSS J131625.86+073143.9,3729806224696111872,WhiteDwarf
Gaia DR2 5621559204836941312,5621559204836941312,WhiteDwarf
Gaia DR2 237408268657177728,237408268657177728,WhiteDwarf
GALEX J105100.6+283715,731609127247167104,WhiteDwarf
2QZ J123214.3+005008,3696997244399653888,WhiteDwarf
Gaia DR2 5478784768110591616,5478784768110591616,WhiteDwarf
Gaia DR2 5539390506167969152,5539390506167969152,WhiteDwarf
GALEX J095054.6+261714,646844030650794112,WhiteDwarf
Gaia DR2 3563737397185732480,3563737397185732480,WhiteDwarf
GALEX J154621.9+560325,1598642902664243584,WhiteDwarf
Gaia DR2 1318429856065174784,1318429856065174784,WhiteDwarf
GALEX J122314.2+435009,1538577686246230784,WhiteDwarf
Gaia DR2 3183582591912508032,3183582591912508032,WhiteDwarf
SDSS J203808.61+155041.7,1810684475996093440,WhiteDwarf
Gaia DR2 443979913377891456,443979913377891456,WhiteDwarf
SDSS J141112.09+200702.2,1246279769907110400,WhiteDwarf
Gaia DR2 3824814268537876352,3824814268537876352,WhiteDwarf
GALEX J013259.4+451138,397129478101803904,WhiteDwarf
Gaia DR2 2241753163628454144,2241753167925181824,WhiteDwarf
GALEX J065022.7+271122,3385157987075773440,WhiteDwarf
SBSS 1604+502,1400549184087664256,WhiteDwarf
SDSS J003344.95+081712.0,2749586523292044416,WhiteDwarf
LB  6329,604922164839680384,WhiteDwarf
Gaia DR2 3611081307021252480,3611081307021252480,WhiteDwarf
SDSS J090640.94+114601.0,604163909838347264,WhiteDwarf
GALEX J002744.4+372139,378870988009415168,WhiteDwarf
GALEX J205254.4-142750,6886904025331512832,WhiteDwarf
GALEX J204207.6-033709,4224565772632269184,WhiteDwarf
GALEX J213818.8-272631,6810889048426024576,WhiteDwarf
SDSS J111330.27+275131.4,3998711726211472640,WhiteDwarf
2QZ J120114.8-024208,3601167251192555392,WhiteDwarf
EC 02322-7951,4632145254057079552,WhiteDwarf
2QZ J003934.9-314313,5007419391638855424,WhiteDwarf
LP  160-9,969383155320001408,WhiteDwarf
GALEX J214451.1-200340,6818414995064728704,WhiteDwarf
SDSS J151051.31+351009.4,1290815174856972928,WhiteDwarf
PB  5826,2545423569249348736,WhiteDwarf
GALEX J163429.2+113119,4459225816274819712,WhiteDwarf
GALEX J092023.4+222908,638648992531958144,WhiteDwarf
GALEX J052826.6-841421,4614719742807510784,WhiteDwarf
GALEX J013038.2-122914,2457244287186057344,WhiteDwarf
Gaia DR2 1968221986632891776,1968221986632891776,WhiteDwarf
GALEX J033318.0-005425,3263301170655270400,WhiteDwarf
GALEX J174453.6+594349,1435056600611898624,WhiteDwarf
Gaia DR2 1797466117141444480,1797466117141444480,WhiteDwarf
GALEX J021543.7+031528,2514813852727228672,WhiteDwarf
Gaia DR2 1971510973813649792,1971510973813649792,WhiteDwarf
Gaia DR2 5768682313127468032,5768682313127468032,WhiteDwarf
SDSS J151805.58+163729.9,1208207766750695808,WhiteDwarf
GALEX J164353.8+320234,1312517610244416000,WhiteDwarf
GALEX J220300.8-495644,6559800342563832704,WhiteDwarf
GALEX J212220.1+170032,1785115401812812288,WhiteDwarf
SDSS J001142.67-090324.3,2429183303040388992,WhiteDwarf
GALEX J213803.3-350437,6589828627888745856,WhiteDwarf
SDSS J033147.00+775843.2,555231072557021312,WhiteDwarf
GALEX J031843.8+350136,137974690513728896,WhiteDwarf
GALEX J212929.6-493421,6466856906681920768,WhiteDwarf
Gaia DR2 3001576480797817344,3001576480797817344,WhiteDwarf
Gaia DR2 1131768515796902400,1131768515796902400,WhiteDwarf
Gaia DR2 1984931647088354304,1984931647088354304,WhiteDwarf
GALEX J093304.3+191952,634066399865823872,WhiteDwarf
GALEX J231743.1+111553,2810524034683456512,WhiteDwarf
GALEX J023852.1+701232,544983727265905920,WhiteDwarf
GALEX J185532.5-550420,6638262145159204224,WhiteDwarf
GALEX J195333.1-101953,4190500054845023488,WhiteDwarf
G 267-112,5005054827459071872,WhiteDwarf
SDSS J015804.77+025648.9,2511776898532105856,WhiteDwarf
GALEX J025153.4-863215,4613407029003516928,WhiteDwarf
Gaia DR2 5489186938384952320,5489186938384952320,WhiteDwarf
Gaia DR3 4123976917034055424,4123976917034055424,WhiteDwarf
Gaia DR2 3003751898914371840,3003751898914371840,WhiteDwarf
SDSS J214031.82+051655.4,2698682811417975424,WhiteDwarf
GALEX J104012.6+705928,1073925167564186240,WhiteDwarf
GALEX J080729.2+284934,876158381898233088,WhiteDwarf
GALEX J155957.3+234732,1218862618538739712,WhiteDwarf
GALEX J073655.0-781511,5209905830967880960,WhiteDwarf
GALEX J205803.8-441355,6484711051371415296,WhiteDwarf
Gaia DR2 1810753848310690176,1810753848310690176,WhiteDwarf
Gaia DR2 1804487907636929920,1804487907636929920,WhiteDwarf
GALEX J222209.2+251137,1879075409209805440,WhiteDwarf
Gaia DR2 4809645841400498688,4809645841400498688,WhiteDwarf
GALEX J103221.2+571316,854772296622123008,WhiteDwarf
Gaia DR2 1830427375502908160,1830427375502908160,WhiteDwarf
SDSS J101711.35+201901.4,625541851855993856,WhiteDwarf
Gaia DR2 3351881503882880512,3351881503882880512,WhiteDwarf
GALEX J022640.6-342951,4967029828424842240,WhiteDwarf
LSPM J1757+4347,1346282375381981952,WhiteDwarf
GALEX J051106.4-534341,4771077958499035264,WhiteDwarf
Gaia DR2 6070076798403494016,6070076798403494016,WhiteDwarf
Gaia DR2 4477233961327345536,4477233961327345536,WhiteDwarf
UCAC4 401-007449,3183069708393525248,WhiteDwarf
SDSS J135442.15+215519.6,1250672726881146368,WhiteDwarf
Gaia DR2 5749412925173461888,5749412925173461888,WhiteDwarf
Gaia DR2 1801297124892930688,1801297124892930688,WhiteDwarf
GALEX J104435.5+274553,731125307771915776,WhiteDwarf
GALEX J221307.2-133528,2600239309136921984,WhiteDwarf
Gaia DR2 2907169320058848128,2907169320058848128,WhiteDwarf
GALEX J091441.7+155130,607672176564452352,WhiteDwarf
Gaia DR2 5873762536328173312,5873762536328173312,WhiteDwarf
GALEX J075245.8+283139,875526407526791552,WhiteDwarf
GALEX J215856.7+741923,2279235347515457536,WhiteDwarf
GALEX J214659.1-394912,6584531936781838720,WhiteDwarf
Gaia DR2 5562741242625604992,5562741242625604992,WhiteDwarf
Gaia DR2 2896643592167963264,2896643592167963264,WhiteDwarf
GALEX J024601.7+514537,452639838759723136,WhiteDwarf
Gaia DR2 4580903266263171456,4580903266263171456,WhiteDwarf
Gaia DR2 6437150438963510784,6437150438963510784,WhiteDwarf
Gaia DR2 2596313709026713216,2596313709026713216,WhiteDwarf
SDSS J201250.82+311701.8,2053976162652311296,WhiteDwarf
Gaia DR2 5983979372909378176,5983979372909378176,WhiteDwarf
Gaia DR2 1065938280740256384,1065938280740256384,WhiteDwarf
GALEX J214319.2-135041,6843311477370457600,WhiteDwarf
Gaia DR2 4758334550013311360,4758334550013311360,WhiteDwarf
Lan 536,179946794557991808,WhiteDwarf
GALEX J145052.3-330609,6205140467458205056,WhiteDwarf
GALEX J231530.1-340638,6555226133674775424,WhiteDwarf
GALEX J093625.7+553118,1024722434538142848,WhiteDwarf
Gaia DR2 6740810948981192832,6740810948981192832,WhiteDwarf
Gaia DR2 5822393494829997056,5822393494829997056,WhiteDwarf
SDSS J132138.88+560706.0,1565394671769145472,WhiteDwarf
Gaia DR2 5370853098957809664,5370853098957809664,WhiteDwarf
Gaia DR2 2122277142072164992,2122277142072164992,WhiteDwarf
EC 03312-7900,4626389379405351168,WhiteDwarf
GALEX J225528.3-730407,6382214749229213440,WhiteDwarf
Gaia DR2 5901574893397904384,5901574893397904384,WhiteDwarf
GALEX J085130.4+313004,706750200135705472,WhiteDwarf
SDSS J115132.08+062348.5,3897577164925150080,WhiteDwarf
Gaia DR2 369920825921103360,369920825921103360,WhiteDwarf
Gaia DR2 5313413516304225536,5313413516304225536,WhiteDwarf
Gaia DR2 5697048202866152704,5697048202866152704,WhiteDwarf
Gaia DR2 5580626792114393856,5580626792114393856,WhiteDwarf
GALEX J101205.6+615650,1051929952846481280,WhiteDwarf
GALEX J084122.2+320758,709971803564523392,WhiteDwarf
GALEX J224009.2+320828,1889204831879819904,WhiteDwarf
GALEX J124014.9+755842,1692176226535614720,WhiteDwarf
Gaia DR2 5331741992886219264,5331741992886219264,WhiteDwarf
Gaia DR2 6184602135708157952,6184602135708157952,WhiteDwarf
GALEX J120102.3-445844,6144408972763709056,WhiteDwarf
SDSS J090818.66+463834.7,1011426525755886848,WhiteDwarf
GALEX J235315.2+153640,2771582773098161280,WhiteDwarf
SDSS J002351.53+160021.9,2792477995151179520,WhiteDwarf
Gaia DR2 2343882095740530048,2343882095740530048,WhiteDwarf
GALEX J171356.0+611331,1438478177717454720,WhiteDwarf
GALEX J090124.1+174547,611994872169828352,WhiteDwarf
GALEX J080225.4+421450,922699442087600896,WhiteDwarf
GALEX J002818.9+174039,2793323485232821120,WhiteDwarf
Gaia DR2 6363809439976469376,6363809439976469376,WhiteDwarf
Gaia DR2 5825783048671451648,5825783048671451648,WhiteDwarf
Gaia DR2 4975392065325223552,4975392061030239360,WhiteDwarf
GALEX J054410.2-121643,3009086110854651904,WhiteDwarf
SDSS J154301.09+301446.4,1273085549859559552,WhiteDwarf
Gaia DR2 6738587255432246912,6738587255432246912,WhiteDwarf
Gaia DR2 1093341924435915392,1093341924435915392,WhiteDwarf
Gaia DR2 5517216719592613760,5517216719592613760,WhiteDwarf
Gaia DR2 2098844930081198976,2098844930081198976,WhiteDwarf
Gaia DR2 5257214895740242560,5257214895740242560,WhiteDwarf
GALEX J103729.8+170149,3889649136332974080,WhiteDwarf
Gaia DR3 4046702075891110656,4046702075891110656,WhiteDwarf
Gaia DR3 4216094314715896576,4216094314715896576,WhiteDwarf
SDSS J170254.50+384208.3,1351832950597627648,WhiteDwarf
Gaia DR2 1961811421523132416,1961811421523132416,WhiteDwarf
GALEX J162637.8+110431,4458970072443228800,WhiteDwarf
Gaia DR2 6103995499467164800,6103995499467164800,WhiteDwarf
GALEX J021325.5-173558,5143623799711023488,WhiteDwarf
SDSS J144258.44+055327.9,1159112961957797376,WhiteDwarf
Gaia DR2 1129892512736965888,1129892512736965888,WhiteDwarf
GALEX J084947.3+293721,705352514698478592,WhiteDwarf
GALEX J004803.5+125132,2776054246369023616,WhiteDwarf
Gaia DR2 1787380915456168320,1787380915456168320,WhiteDwarf
Gaia DR2 4872150908479230976,4872150908479230976,WhiteDwarf
SDSS J163247.29+391023.0,1331791705481940992,WhiteDwarf
GALEX J173546.2+535622,1417622263205264256,WhiteDwarf
GALEX J020708.8+213818,100496908967040512,WhiteDwarf
G 263-3B,2274076301516712704,WhiteDwarf
GALEX J135802.3+022632,3664663837241810304,WhiteDwarf
GALEX J033851.8+044239,3275006296566322432,WhiteDwarf
GALEX J054559.9-385818,4808323575589150720,WhiteDwarf
GALEX J013032.7-254731,5037138297584409600,WhiteDwarf
Gaia DR2 5494087912679243136,5494087912679243136,WhiteDwarf
GALEX J030135.3+115221,27939896132133888,WhiteDwarf
GALEX J211614.5+020707,2692156557072935680,WhiteDwarf
GALEX J004919.0+095726,2582181892233467776,WhiteDwarf
SDSS J222630.52+230446.4,1875492852432836096,WhiteDwarf
GALEX J112933.8+203556,3978537676411504384,WhiteDwarf
Gaia DR2 4487866170028578048,4487866170028578048,WhiteDwarf
GALEX J125341.9-802157,5784222295079074944,WhiteDwarf
Gaia DR2 5712266169643745664,5712266169643745664,WhiteDwarf
Gaia DR2 3518201535438365952,3518201535438365952,WhiteDwarf
Gaia DR2 2964369114692552192,2964369114692552192,WhiteDwarf
GALEX J114201.5+562949,844886347058768128,WhiteDwarf
GALEX J103617.1+164644,3889544304771387520,WhiteDwarf
Gaia DR3 2027332418933720704,2027332418933720704,WhiteDwarf
Gaia DR2 5845857897587393920,5845857897587393920,WhiteDwarf
SDSS J114428.01+470917.8,786341132450713600,WhiteDwarf
Gaia DR2 396630024944732800,396630024944732800,WhiteDwarf
PM J13103+1404,3743905507112335616,WhiteDwarf
SDSS J163458.61+415819.8,1357054874915360896,WhiteDwarf
SDSS J123457.27+665800.9,1680677980609318016,WhiteDwarf
Gaia DR2 6634975739264518272,6634975739264518272,WhiteDwarf
GALEX J202117.9-464714,6669588197799918592,WhiteDwarf
GALEX J201313.0-223223,6852750617193748352,WhiteDwarf
GALEX J091246.8-312709,5634221872236074752,WhiteDwarf
GALEX J073720.1+633753,1088951029045656832,WhiteDwarf
SDSS J095939.31+501503.7,827046294157874944,WhiteDwarf
Gaia DR2 6631299938750177152,6631299938750177152,WhiteDwarf
Gaia DR2 3643101830105686400,3643101830105686400,WhiteDwarf
SDSS J164912.96+453349.4,1407406357073677056,WhiteDwarf
GALEX J022524.6+074634,22602316934913280,WhiteDwarf
GALEX J164143.4+091714,4445594655225351552,WhiteDwarf
SBSS 1443+590,1617010931601618432,WhiteDwarf
GALEX J162430.2+143902,4464056172713943040,WhiteDwarf
Gaia DR2 4494655070215430912,4494655070215430912,WhiteDwarf
SDSS J084501.49+054519.2,582960274773077888,WhiteDwarf
Gaia DR2 5218775801725139456,5218775801725139456,WhiteDwarf
GALEX J042902.6-591812,4678841164995270912,WhiteDwarf
Gaia DR2 3109285086532812672,3109285086532812672,WhiteDwarf
GALEX J102743.4+503058,847322662964518400,WhiteDwarf
GALEX J135009.9+285039,1452238978056044544,WhiteDwarf
PB  7815,2438895362263052544,WhiteDwarf
Gaia DR2 5840306287282634752,5840306287282634752,WhiteDwarf
GALEX J191022.3+694348,2262189545733632512,WhiteDwarf
GALEX J234502.2-625522,6486241438413783168,WhiteDwarf
Gaia DR2 5527479595486087808,5527479595486087808,WhiteDwarf
Gaia DR2 3094634094089573888,3094634094089573888,WhiteDwarf
Gaia DR2 5235007681436838784,5235007681436838784,WhiteDwarf
Gaia DR2 5594002664608604160,5594002664608604160,WhiteDwarf
SDSS J132108.28+201957.6,3940245740865078656,WhiteDwarf
Gaia DR2 2975716521361450368,2975716521361450368,WhiteDwarf
Gaia DR2 1816440659889269120,1816440659889269120,WhiteDwarf
GALEX J131338.9+632751,1676128510731094656,WhiteDwarf
SDSS J171432.74+253401.3,4573531040799566976,WhiteDwarf
Gaia DR2 5813958793210337024,5813958793210337024,WhiteDwarf
GALEX J053343.4-271349,2908425653829891712,WhiteDwarf
GALEX J032227.6-404406,4852741229714516224,WhiteDwarf
Gaia DR2 1270278531036683648,1270278531036683648,WhiteDwarf
SDSS J021828.66+043349.3,2516684431243551488,WhiteDwarf
GD 189,4402583306535868544,WhiteDwarf
Gaia DR2 5616838692183653632,5616838692183653632,WhiteDwarf
LAMOST J055343.50+123958.4,3343304939525926912,WhiteDwarf
Gaia DR2 5718721780376948864,5718721780376948864,WhiteDwarf
LP  560-64,1172780578685760512,WhiteDwarf
LSPM J1054+4717,831390705119554560,WhiteDwarf
Gaia DR2 5560231091939114624,5560231091939114624,WhiteDwarf
SDSS J220657.10+430135.5,1961614574580422272,WhiteDwarf
GALEX J100426.9+223810,629846680397009664,WhiteDwarf
SDSS J163009.17+534226.3,1425312110091368704,WhiteDwarf
GALEX J065745.7+834959,1149664957327275136,WhiteDwarf
GALEX J030450.8-252040,5074511762964251264,WhiteDwarf
Gaia DR3 4044689626008659456,4044689626008659456,WhiteDwarf
Gaia DR2 425238630305107840,425238630305107840,WhiteDwarf
GALEX J114416.7+365725,4032767380895368448,WhiteDwarf
GALEX J102020.0+274030,740877877125661440,WhiteDwarf
GALEX J044759.2-004735,3229683602636267776,WhiteDwarf
GALEX J172813.2+173231,4553185196602452736,WhiteDwarf
Gaia DR2 2131317425457614080,2131317425457614080,WhiteDwarf
GALEX J120722.7-275236,3486399604714696064,WhiteDwarf
SDSS J044252.11+113343.4,3294307467277836928,WhiteDwarf
Gaia DR2 6247648029366779776,6247648029366779776,WhiteDwarf
GALEX J201713.4-023408,4222995085912343808,WhiteDwarf
SDSS J034802.19+091939.1,3302561088751142144,WhiteDwarf
Gaia DR2 4548401736906798592,4548401736906798592,WhiteDwarf
GALEX J151431.6+470702,1587978876825719552,WhiteDwarf
SDSS J153158.47+403131.9,1389757030784895872,WhiteDwarf
Gaia DR2 4495320309116083072,4495320309116083072,WhiteDwarf
SDSS J123130.14+471000.7,1542198476820294272,WhiteDwarf
MCT 0420-7310,4653404070862114176,WhiteDwarf
Gaia DR2 5320557794968305792,5320557794968305792,WhiteDwarf
SDSS J054858.63+032632.7,3319288405821658112,WhiteDwarf
GALEX J145023.8+635054,1620607094833060992,WhiteDwarf
Gaia DR2 4201915150243896192,4201915150243896192,WhiteDwarf
GALEX J020252.2+743803,559101387848034432,WhiteDwarf
SDSS J104538.53+614940.9,1054200654812365952,WhiteDwarf
GALEX J195526.7-510848,6666795159092946944,WhiteDwarf
Gaia DR2 5319688734106585984,5319688734106585984,WhiteDwarf
SDSS J203820.75+003948.2,4231191876378134400,WhiteDwarf
Gaia DR2 460807217283484672,460807217283484672,WhiteDwarf
GALEX J085135.3+161837,609956171453490304,WhiteDwarf
GALEX J021156.7+164434,80107603996819584,WhiteDwarf
GALEX J210632.5+064233,1736767710874927872,WhiteDwarf
Gaia DR2 5723025990432651648,5723025990435533056,WhiteDwarf
GALEX J115929.1-244843,3488034647223425664,WhiteDwarf
Gaia DR2 4431765650807793536,4431765650807793536,WhiteDwarf
Gaia DR2 4790641160871505664,4790641160871505664,WhiteDwarf
GALEX J055928.0-220520,2917392338655452416,WhiteDwarf
Gaia DR3 4512800271972842112,4512800271972842112,WhiteDwarf
GALEX J101850.3+463303,810281314518995200,WhiteDwarf
Gaia DR2 3049250519002927488,3049250519002927488,WhiteDwarf
Gaia DR2 3291348582703787008,3291348582703787008,WhiteDwarf
SBSS 1117+532,839750257663742464,WhiteDwarf
Gaia DR2 6386688490244061568,6386688490244061568,WhiteDwarf
GALEX J014525.8+071221,2568520803855523840,WhiteDwarf
Gaia DR2 3030668939998214784,3030668939998214784,WhiteDwarf
GALEX J234941.4-090512,2435937813423725312,WhiteDwarf
SDSS J163220.30+545840.3,1429946757760306048,WhiteDwarf
GALEX J164225.4+344108,1326768895848096128,WhiteDwarf
GALEX J083747.6+781119,1137861287683728640,WhiteDwarf
Gaia DR2 2080263840708011008,2080263840708011008,WhiteDwarf
GALEX J140305.1-153249,6300975717703051648,WhiteDwarf
Gaia DR2 5309340444214255232,5309340444214255232,WhiteDwarf
Gaia DR2 4830327272865901056,4830327272865901056,WhiteDwarf
GALEX J231449.7-354042,6553488291122463104,WhiteDwarf
GALEX J083613.0-040500,3071552733683259264,WhiteDwarf
GALEX J055104.7-584637,4765233126484794624,WhiteDwarf
Gaia DR2 2287917327548723328,2287917327548723328,WhiteDwarf
GALEX J083637.7+481753,1014805114533282432,WhiteDwarf
GALEX J054048.8+471904,209839423339131520,WhiteDwarf
GALEX J014513.7+343726,317762846157719552,WhiteDwarf
GALEX J120855.8+573029,1575370231529888128,WhiteDwarf
Gaia DR2 3359037675311682304,3359037675311682304,WhiteDwarf
Gaia DR2 5798263677043815296,5798263677043815296,WhiteDwarf
GALEX J090341.5+042007,579941118922765440,WhiteDwarf
GALEX J010656.0+111038,2583261440853359104,WhiteDwarf
GALEX J222419.3-543429,6508480293740653568,WhiteDwarf
Gaia DR2 5920720517575422464,5920720517575422464,WhiteDwarf
Gaia DR2 2102024344052318720,2102024344052318720,WhiteDwarf
Gaia DR2 1687031031808427392,1687031031808427392,WhiteDwarf
Gaia DR2 374766785981297152,374766785981297152,WhiteDwarf
SDSS J054114.02+301058.3,3444476772534734080,WhiteDwarf
GALEX J221651.2+410305,1957328025422182016,WhiteDwarf
Gaia DR2 1946683000517308288,1946683000517308288,WhiteDwarf
GALEX J080930.1-731810,5220872089362289792,WhiteDwarf
GALEX J162436.8+321251,1325292217371985024,WhiteDwarf
Gaia DR2 430837794487088640,430837794487088640,WhiteDwarf
GALEX J024147.7-580103,4726486233641983616,WhiteDwarf
GALEX J221547.9-132725,2600575244297424128,WhiteDwarf
SDSS J004348.75+115744.9,2775526790025100416,WhiteDwarf
GALEX J122216.7-414016,6149669861019891328,WhiteDwarf
Gaia DR2 3002650497500938240,3002650497500938240,WhiteDwarf
GALEX J103743.5+655448,1059595060720982144,WhiteDwarf
Gaia DR2 6058467025093589120,6058467025093589120,WhiteDwarf
GALEX J163617.6+483135,1410634488853112320,WhiteDwarf
LB 11316,1514480407159588096,WhiteDwarf
GALEX J052901.3+624325,287154572744692224,WhiteDwarf
Gaia DR2 2970542696382910720,2970542696382910720,WhiteDwarf
Gaia DR2 6412917718080667008,6412917718080667008,WhiteDwarf
GALEX J082005.1+223711,676605340809911040,WhiteDwarf
Gaia DR3 4035920260557738496,4035920260557738496,WhiteDwarf
Gaia DR2 2236762622085120896,2236762622085120896,WhiteDwarf
Gaia DR2 1345865832274875264,1345865832274875264,WhiteDwarf
Gaia DR2 843879812882811264,843879812882811264,WhiteDwarf
Gaia DR3 5888309040793818752,5888309040793818752,WhiteDwarf
Gaia DR2 1924640270577669504,1924640270577669504,WhiteDwarf
GALEX J232854.1-415626,6535647198837892480,WhiteDwarf
SDSS J132005.53+020419.0,3688377657353004032,WhiteDwarf
SDSS J135811.98+232517.3,1257631879571104640,WhiteDwarf
GALEX J011634.0+002957,2535051979143803008,WhiteDwarf
GALEX J130822.6+121333,3737434090908977280,WhiteDwarf
GALEX J093434.8+155342,618925471916513792,WhiteDwarf
GALEX J205409.4-220901,6808454901481198336,WhiteDwarf
SDSS J025104.96+292522.4,128826375813389568,WhiteDwarf
SDSS J090439.26+555132.4,1036026483519997952,WhiteDwarf
GALEX J124359.0-380433,6153680260962662528,WhiteDwarf
PB  6709,2506952104070077440,WhiteDwarf
GALEX J092612.5+175950,632349924776335232,WhiteDwarf
Gaia DR2 3624461362803033216,3624461362803033216,WhiteDwarf
SDSS J222442.33+364539.0,1906126964370152320,WhiteDwarf
SDSS J141700.37+455258.4,1505294502905137152,WhiteDwarf
GALEX J145908.1-145944,6307237848740173056,WhiteDwarf
GALEX J135915.3-273859,6177366627647704832,WhiteDwarf
GALEX J062339.9+623929,1007059192555435648,WhiteDwarf
PB  5538,2743187709215714560,WhiteDwarf
Gaia DR2 3111768917658845440,3111768917658845440,WhiteDwarf
Gaia DR2 5329973157865140224,5329973157865140224,WhiteDwarf
GALEX J105405.2+283917,731497909069724544,WhiteDwarf
GALEX J135549.5-100919,3615360262679271168,WhiteDwarf
GALEX J001901.4-565250,4919647852294631680,WhiteDwarf
GALEX J223640.4-512955,6507692321861193600,WhiteDwarf
GALEX J233124.5-053621,2632941881617153024,WhiteDwarf
GALEX J100001.6+582724,1046498915165808384,WhiteDwarf
Gaia DR2 3328395286975896064,3328395286975896064,WhiteDwarf
GALEX J232431.1-193322,2392719786611340928,WhiteDwarf
SDSS J233030.04+155401.5,2814395831738883200,WhiteDwarf
Gaia DR2 2189590171648751616,2189590171648751616,WhiteDwarf
GALEX J114940.2+643223,864292005734723456,WhiteDwarf
GALEX J124210.8-054712,3677020183274726912,WhiteDwarf
GALEX J140138.2+245654,1257887451600207488,WhiteDwarf
GALEX J103502.9-321925,5448114136069049600,WhiteDwarf
Gaia DR2 5430336712381731712,5430336712381731712,WhiteDwarf
GALEX J044556.1-251304,4893810875229603328,WhiteDwarf
2QZ J001955.4-285858,2321901513976518016,WhiteDwarf
Gaia DR2 6064648337700204416,6064648337700204416,WhiteDwarf
Gaia DR2 3302344210082500736,3302344210082500736,WhiteDwarf
OGLE SMC123.3     50,4687366267059828608,WhiteDwarf
Gaia DR2 5707149794145842816,5707149794145842816,WhiteDwarf
V* DU Dra,1671329451713079808,WhiteDwarf
Gaia DR2 6586670727415902208,6586670727415902208,WhiteDwarf
GALEX J191547.1+625725,2252521922245311360,WhiteDwarf
Gaia DR2 6076617934824503296,6076617934824503296,WhiteDwarf
GALEX J164308.7+121142,4448811993751619200,WhiteDwarf
Gaia DR2 6295839520931789312,6295839520931789312,WhiteDwarf
GALEX J105842.6+521822,836507626075569024,WhiteDwarf
Gaia DR2 4223854216811286528,4223854216811286528,WhiteDwarf
SDSS J101204.40+204519.7,628442913285740032,WhiteDwarf
Gaia DR2 5768643589701885696,5768643589701885696,WhiteDwarf
GALEX J163815.2+634134,1628823500415158016,WhiteDwarf
Gaia DR2 1098125177973318272,1098125177973318272,WhiteDwarf
GALEX J152244.1+465312,1395950442345112704,WhiteDwarf
GALEX J011711.5-472943,4933770529397401344,WhiteDwarf
GALEX J074346.4+373635,895921553651574784,WhiteDwarf
SDSS J220547.27+083504.8,2722212566411594368,WhiteDwarf
GALEX J015350.9+345019,306146299651337472,WhiteDwarf
UCAC4 280-014527,5602859746161366016,WhiteDwarf
GALEX J175255.1-633007,5909505219794911616,WhiteDwarf
GALEX J012108.6+245836,293705463022338304,WhiteDwarf
Gaia DR2 5427102537580198400,5427102537580198400,WhiteDwarf
GALEX J171103.8+164213,4547674581762283392,WhiteDwarf
LSPM J1912+0242,4268167357267580160,WhiteDwarf
GALEX J160232.9+072159,4451113653843011072,WhiteDwarf
Gaia DR2 6355136118594792704,6355136118594792704,WhiteDwarf
Gaia DR2 256630931664323328,256630931665856128,WhiteDwarf
GALEX J125204.5+665353,1679164369709821184,WhiteDwarf
Gaia DR2 4219590551238509696,4219590551238509696,WhiteDwarf
GALEX J103519.0+271504,728222390915647872,WhiteDwarf
Gaia DR3 3824214764117548288,3824214764117548288,WhiteDwarf
Gaia DR2 4595536082402476928,4595536082402476928,WhiteDwarf
GALEX J120208.0+571941,1575493991011677440,WhiteDwarf
GALEX J002450.6+001912,2543816259344866944,WhiteDwarf
Gaia DR2 511707557607538944,511707557607538944,WhiteDwarf
GALEX J005648.1-061141,2524390053545665408,WhiteDwarf
Gaia DR2 6313513826751143552,6313513826751143552,WhiteDwarf
Gaia DR2 5368134148438473344,5368134148438473344,WhiteDwarf
GALEX J233818.4-345449,2323916918790640896,WhiteDwarf
Gaia DR2 3347991122509847168,3347991122509847168,WhiteDwarf
GALEX J111513.6-463955,5374807733045890816,WhiteDwarf
SDSS J160408.11+305850.5,1322106622948037120,WhiteDwarf
Gaia DR2 4495457163952337408,4495457163954365696,WhiteDwarf
GALEX J022950.2-005742,2499753807601636736,WhiteDwarf
Gaia DR2 5616422801911581312,5616422801911581312,WhiteDwarf
GALEX J140957.7+124352,1226588130833425408,WhiteDwarf
GALEX J110316.1-052128,3788032409132735488,WhiteDwarf
Gaia DR2 2228064827977835008,2228064827977835008,WhiteDwarf
GALEX J180648.3+372144,4607002962185055616,WhiteDwarf
GALEX J102436.8-312609,5449166776715734912,WhiteDwarf
GD 235,1766702297192943488,WhiteDwarf
Gaia DR3 5913502532977274112,5913502532977274112,WhiteDwarf
GALEX J034903.3-143058,5110784930740130560,WhiteDwarf
GALEX J134925.7-214509,6288417198969875712,WhiteDwarf
Gaia DR2 4098250410807947648,4098250410807947648,WhiteDwarf
GALEX J022204.4+383614,331796909494763904,WhiteDwarf
LAMOST J135819.05+024421.6,3664690431679395072,WhiteDwarf
GALEX J135527.2+135301,1230702537703714816,WhiteDwarf
Gaia DR2 2923059668262622592,2923059668262622592,WhiteDwarf
Gaia DR2 5322855538048269440,5322855538048269440,WhiteDwarf
GALEX J084528.2+525525,1029496445306300544,WhiteDwarf
GALEX J045637.6+562050,280420888657483520,WhiteDwarf
2QZ J231139.4-312526,6557042045848740736,WhiteDwarf
Gaia DR3 6061246349950393856,6061246349950393856,WhiteDwarf
LSPM J0930+5645,1025090152458148096,WhiteDwarf
Gaia DR2 5219505976227900672,5219505976227900672,WhiteDwarf
Gaia DR2 1697419900567790208,1697419900567790208,WhiteDwarf
SDSS J164400.82+165246.7,4559084454442075648,WhiteDwarf
GALEX J092745.9+020712,3844512328587119616,WhiteDwarf
GALEX J121247.1-402946,6149314478246925056,WhiteDwarf
GALEX J113145.7-780148,5200409353338832896,WhiteDwarf
GALEX J144729.2-171951,6282485127579777408,WhiteDwarf
GALEX J130911.2-013946,3685697597760268416,WhiteDwarf
GALEX J210718.4-150326,6884928267360200576,WhiteDwarf
GALEX J204814.7+203900,1814713808157473920,WhiteDwarf
GALEX J104904.8+440218,781088387447751808,WhiteDwarf
SDSS J154933.23+190646.7,1203714857297284096,WhiteDwarf
GALEX J144840.5-311830,6217642735002192896,WhiteDwarf
GALEX J145238.3+005146,3652008492766002560,WhiteDwarf
Gaia DR2 2207562578254900864,2207562578254900864,WhiteDwarf
2QZ J114624.4-002824,3795551767292177152,WhiteDwarf
GALEX J040436.3-311621,4883979802465142016,WhiteDwarf
Gaia DR2 5711778948564254336,5711778948564254336,WhiteDwarf
Gaia DR2 5407744428489238912,5407744428489238912,WhiteDwarf
SDSS J033727.06+453719.4,247739176832560384,WhiteDwarf
GALEX J172445.2+073322,4490160502902692096,WhiteDwarf
GALEX J141521.9+590830,1659782762851225728,WhiteDwarf
Gaia DR2 1962413644655161728,1962413644655161728,WhiteDwarf
Gaia DR2 253137435327458816,253137435327458816,WhiteDwarf
SDSS J153853.05+021305.4,4423798207298848256,WhiteDwarf
GALEX J005026.6-202206,2356535997107881216,WhiteDwarf
Gaia DR3 4080895203867504000,4080895203867504000,WhiteDwarf
SDSS J085129.15+195205.5,660754983046182784,WhiteDwarf
Gaia DR2 3120048961768333184,3120048961768333184,WhiteDwarf
Gaia DR2 1696839878120008448,1696839878120008448,WhiteDwarf
PG 1403-077,3616104975648612608,WhiteDwarf
GALEX J040617.6-051505,3197515087862709888,WhiteDwarf
GALEX J045037.3-254511,4881688037979389824,WhiteDwarf
GALEX J202032.0-183836,6860642769922441344,WhiteDwarf
GALEX J215045.2+232227,1795810969896958848,WhiteDwarf
KPD 1949+4717,2086352145829955328,WhiteDwarf
Gaia DR2 3255515666258260608,3255515666258260608,WhiteDwarf
Gaia DR2 2936944820789933056,2936944820789933056,WhiteDwarf
Gaia DR2 4048905428472126592,4048905428472126592,WhiteDwarf
CBS 265,1506805751574450048,WhiteDwarf
Gaia DR3 6089752563275525632,6089752563275525632,WhiteDwarf
SDSS J115023.09+025052.4,3895652611554909696,WhiteDwarf
Gaia DR2 5816098206627741696,5816098206627741696,WhiteDwarf
Gaia DR2 2085792494407886976,2085792494407886976,WhiteDwarf
GALEX J083105.6-051925,3065348743618639488,WhiteDwarf
Gaia DR2 3054490550903560576,3054490550903560576,WhiteDwarf
Gaia DR2 194734607477731456,194734607477731456,WhiteDwarf
SDSS J071910.66+315632.8,887098763113082240,WhiteDwarf
GALEX J000836.3-161910,2416275070890228352,WhiteDwarf
GALEX J103631.9-304547,5455038825941075584,WhiteDwarf
Gaia DR2 4115308229896391552,4115308229896391552,WhiteDwarf
GALEX J141322.4-001451,3659914737283635840,WhiteDwarf
GALEX J081837.7+413313,915655313468830464,WhiteDwarf
Gaia DR2 5697932004058446720,5697932004058446720,WhiteDwarf
GALEX J183541.9+191908,4524783780469234432,WhiteDwarf
SDSS J045008.13-052456.2,3188500329465456256,WhiteDwarf
GALEX J215526.9-245628,6812244986780914048,WhiteDwarf
GALEX J010800.8+302300,313014433394514560,WhiteDwarf
Gaia DR2 2372325396400510208,2372325396400510208,WhiteDwarf
GALEX J192059.3-294204,6758620632172722560,WhiteDwarf
GALEX J182046.2+162348,4522128498547381376,WhiteDwarf
Gaia DR2 5989265515586217344,5989265515586217344,WhiteDwarf
SDSS J215807.47+005830.1,2681496963639587840,WhiteDwarf
GALEX J032625.5-125021,5161763027150444928,WhiteDwarf
Gaia DR2 3417189337772323456,3417189337772323456,WhiteDwarf
GALEX J051855.2-744446,4649433867518383104,WhiteDwarf
GALEX J080323.3+411132,921518807117547904,WhiteDwarf
Gaia DR2 4345718553715462784,4345718553715462784,WhiteDwarf
GALEX J173041.1-152234,4137142744119200640,WhiteDwarf
Gaia DR2 1836083095834452096,1836083095834452096,WhiteDwarf
2QZ J004026.4-290309,2318203718933290240,WhiteDwarf
GALEX J041543.9+390102,226009184935762176,WhiteDwarf
GALEX J190601.0+580759,2155018463746767360,WhiteDwarf
PB  6015,2749524641403549312,WhiteDwarf
GALEX J102551.2+230506,722617565968852096,WhiteDwarf
SDSS J222650.26-011120.7,2629903724831188736,WhiteDwarf
GALEX J104234.9+475857,830912069666145024,WhiteDwarf
Gaia DR3 2028521338911502592,2028521338911502592,WhiteDwarf
GALEX J094041.5+302118,696803094534392576,WhiteDwarf
Gaia DR2 5090151976566659584,5090151976566659584,WhiteDwarf
SDSS J103635.01+391813.9,755379679581827328,WhiteDwarf
GALEX J011341.0+190020,2786710983647872384,WhiteDwarf
EC 05024-5705,4763928766392708864,WhiteDwarf
SDSS J121212.89+595436.9,1581999118414240512,WhiteDwarf
Gaia DR2 4321327915483752576,4321327915483752576,WhiteDwarf
GALEX J100338.9+283551,740644638926545792,WhiteDwarf
SDSS J154914.89+545455.4,1597507691268961152,WhiteDwarf
Gaia DR2 444555404635660160,444555404635660160,WhiteDwarf
GALEX J091524.5+100824,591035401700362368,WhiteDwarf
2QZ J020426.3-305722,5019700661643272064,WhiteDwarf
Gaia DR2 2248691837911458688,2248691837911458688,WhiteDwarf
SDSS J170601.69-123803.3,4140966708116861440,WhiteDwarf
GALEX J153644.6+400137,1389531012425399936,WhiteDwarf
GALEX J230502.5+215853,2838754103101517312,WhiteDwarf
SDSS J020249.70-122235.8,5149853155852822912,WhiteDwarf
Gaia DR2 5427763271055732864,5427763271055732864,WhiteDwarf
GALEX J152813.6+625945,1640561031855740288,WhiteDwarf
Gaia DR2 5307175265295691904,5307175265295691904,WhiteDwarf
Gaia DR2 4157695674457113984,4157695674457113984,WhiteDwarf
GALEX J001629.1+193555,2797725341378969088,WhiteDwarf
GALEX J041321.8+363714,177297594310221952,WhiteDwarf
GALEX J152537.5+064909,1162786391650756352,WhiteDwarf
GALEX J202946.3-674747,6424776470680221440,WhiteDwarf
Gaia DR2 464143406147241344,464143406147241344,WhiteDwarf
Gaia DR3 5913756932482550784,5913756932482550784,WhiteDwarf
GALEX J010627.2-032741,2531368649550444800,WhiteDwarf
GALEX J181223.9+763349,2269560710341753728,WhiteDwarf
GALEX J055438.8+643400,287819880358181632,WhiteDwarf
LAMOST J060804.06+144418.3,3345314812420931968,WhiteDwarf
Gaia DR2 5796544143937059328,5796544143937059328,WhiteDwarf
GALEX J064427.9-371120,5577474049899429504,WhiteDwarf
GALEX J034533.7-034836,3249469383097728256,WhiteDwarf
GALEX J150356.7+364018,1291932450469202816,WhiteDwarf
Gaia DR2 5233566878821160960,5233566878821160960,WhiteDwarf
SDSS J133703.36-014254.7,3637704327525279872,WhiteDwarf
2QZ J014239.1-273818,5023694878148844160,WhiteDwarf
Gaia DR2 2231835190786272896,2231835190786272896,WhiteDwarf
Gaia DR2 1401485315164470784,1401485315164470784,WhiteDwarf
2QZ J005157.4-285540,5032561786591737472,WhiteDwarf
SDSS J193431.30+355409.3,2048359101350276736,WhiteDwarf
Gaia DR2 5297660985016973824,5297660985016973824,WhiteDwarf
Gaia DR2 1932585268583421312,1932585268583421312,WhiteDwarf
GALEX J010423.2-251155,2344828740892209024,WhiteDwarf
GALEX J044934.6+285552,155206855219904256,WhiteDwarf
Gaia DR2 3106729649707785472,3106729649707785472,WhiteDwarf
GALEX J085615.7+205152,684927746182367616,WhiteDwarf
Gaia DR2 2273048391288776960,2273048391288776960,WhiteDwarf
GALEX J091820.1-310853,5631573659821688320,WhiteDwarf
GALEX J173500.1+190101,4553846827724521984,WhiteDwarf
Gaia DR2 1649307264600795904,1649307264600795904,WhiteDwarf
GALEX J085051.6+040504,581430957178439168,WhiteDwarf
GALEX J152320.9+005525,4420401197405410560,WhiteDwarf
Gaia DR2 5406062867191748992,5406062867191748992,WhiteDwarf
SDSS J013224.14+013557.6,2558321974514561408,WhiteDwarf
Gaia DR2 1141158138939575808,1141158138939575808,WhiteDwarf
Gaia DR2 6003839679621015040,6003839679621015040,WhiteDwarf
PB  6954,5187983252736275200,WhiteDwarf
GALEX J094852.7+233003,641408393055443328,WhiteDwarf
GALEX J235154.1+242812,2851653225625875968,WhiteDwarf
GALEX J110740.8-413606,5389468281785598720,WhiteDwarf
GALEX J143909.2+394415,1487945652527796096,WhiteDwarf
Gaia DR3 6037076026339644800,6037076026339644800,WhiteDwarf
GALEX J000244.9-480129,4977972271223949312,WhiteDwarf
Gaia DR2 5502935442229692800,5502935442229692800,WhiteDwarf
Gaia DR2 5040463323825665408,5040463323825665408,WhiteDwarf
GALEX J153338.8+622029,1639723715095390208,WhiteDwarf
Gaia DR2 5227692046453979648,5227692046453979648,WhiteDwarf
LB    23,1464640782023043072,WhiteDwarf
Gaia DR2 2048552649755257728,2048552649755257728,WhiteDwarf
GALEX J113823.2+360239,765624134360121728,WhiteDwarf
GALEX J173648.4+341408,4602447926028217856,WhiteDwarf
Gaia DR2 4184568979883131008,4184568979883131008,WhiteDwarf
GALEX J122142.6+515602,1547829561199713280,WhiteDwarf
Gaia DR2 5243875105272363520,5243875105272363520,WhiteDwarf
Gaia DR2 3112786176370258688,3112786176370258688,WhiteDwarf
GALEX J164622.2+274236,1307617155638441344,WhiteDwarf
GALEX J112900.3-160056,3560256828705773440,WhiteDwarf
2QZ J225353.0-274557,6609522908366840320,WhiteDwarf
FBS 1614+711,1653189438296186624,WhiteDwarf
GALEX J003329.2+032534,2553678152795136768,WhiteDwarf
Gaia DR2 3069870446533228544,3069870446533228544,WhiteDwarf
Gaia DR2 6184058599007393920,6184058599007393920,WhiteDwarf
Gaia DR2 5642486381447757952,5642486381447757952,WhiteDwarf
GALEX J161118.8+520543,1427701623736233088,WhiteDwarf
Gaia DR2 2382915510145949696,2382915510145949696,WhiteDwarf
GALEX J010119.4+041716,2551938965918339072,WhiteDwarf
GALEX J180041.3+701614,2260199532765996288,WhiteDwarf
GALEX J081958.6+475257,931297068964829696,WhiteDwarf
Gaia DR2 2088805151967924480,2088805151967924480,WhiteDwarf
GALEX J234332.2+184757,2822688447217727872,WhiteDwarf
GALEX J122019.3+105309,3907214796658937856,WhiteDwarf
GALEX J160216.8+163023,1199192840852373376,WhiteDwarf
GALEX J162127.1+025632,4433089870826891648,WhiteDwarf
GALEX J001019.6-200730,2364896198193597696,WhiteDwarf
Gaia DR2 2133178834222960000,2133178834222960000,WhiteDwarf
Gaia DR2 3168278489564751488,3168278489564751488,WhiteDwarf
GALEX J160625.4-063456,4349999128583530624,WhiteDwarf
Gaia DR2 506089053190100992,506089053190100992,WhiteDwarf
Gaia DR3 5358863547425898240,5358863547425898240,WhiteDwarf
2QZ J021501.4-301930,4971965231179316224,WhiteDwarf
LP  844-26,5652718097353105664,WhiteDwarf
Gaia DR2 5224093310537523200,5224093310537523200,WhiteDwarf
GALEX J085832.9+054329,583533124626862464,WhiteDwarf
2QZ J103512.3+015816,3855756106290970496,WhiteDwarf
GALEX J102626.0+135745,3887221723896310272,WhiteDwarf
SDSS J093934.89+112721.0,613674616699312768,WhiteDwarf
GALEX J151158.7-301320,6211008801534635904,WhiteDwarf
Gaia DR2 4557653062101028736,4557653062101028736,WhiteDwarf
LEHPM 5415,6554977369168846720,WhiteDwarf
Gaia DR2 347947120404377728,347947120404377728,WhiteDwarf
Gaia DR2 4573433252983789824,4573433252983789824,WhiteDwarf
Gaia DR2 5359089870731957888,5359089870731957888,WhiteDwarf
GALEX J010449.7-444408,4981893473285369216,WhiteDwarf
Gaia DR2 1839508070241256064,1839508070241256064,WhiteDwarf
Gaia DR2 4575695468097692544,4575695468097692544,WhiteDwarf
Gaia DR2 2940828364582511360,2940828364582511360,WhiteDwarf
Gaia DR2 134452886049747584,134452886049747584,WhiteDwarf
Gaia DR2 5279875727318679552,5279875727318679552,WhiteDwarf
2QZ J132209.4-004957,3686459215721436928,WhiteDwarf
Gaia DR2 403893364399306880,403893364399306880,WhiteDwarf
GALEX J164318.7+194916,4563120899066729856,WhiteDwarf
SDSS J111106.76+621401.3,862227505150550912,WhiteDwarf
GALEX J212916.2-473736,6563274528727110784,WhiteDwarf
SDSS J001222.22+275425.8,2859840949416346752,WhiteDwarf
GALEX J213145.3-515533,6465762583373903744,WhiteDwarf
LP  219-52,1500140065408640512,WhiteDwarf
GALEX J114745.5+464630,786446994804687104,WhiteDwarf
GALEX J134922.1+171256,1244385513235296768,WhiteDwarf
Gaia DR2 5906978301556431104,5906978301556431104,WhiteDwarf
GALEX J110540.6-325608,5403548760834484224,WhiteDwarf
SDSS J125204.68+571446.8,1577178786422886400,WhiteDwarf
Gaia DR2 5850702655070169856,5850702655070169856,WhiteDwarf
PB  9099,2493265383327501568,WhiteDwarf
Gaia DR2 2063314353568208256,2063314353568208256,WhiteDwarf
Gaia DR2 1934366202542807808,1934366202542807808,WhiteDwarf
UCAC4 394-008283,2989191208160928000,WhiteDwarf
GALEX J230225.4+062614,2663812487337494272,WhiteDwarf
GALEX J200151.2-322138,6747217631438254976,WhiteDwarf
GALEX J132648.6-223056,6195972838285944320,WhiteDwarf
SDSS J100346.66-003123.1,3833178219129886336,WhiteDwarf
Gaia DR2 6010197158941961856,6010197158941961856,WhiteDwarf
GALEX J114412.9-130635,3573426431089443584,WhiteDwarf
Gaia DR2 988530669280663936,988530669280663936,WhiteDwarf
GALEX J140953.0+735751,1711932285822978560,WhiteDwarf
SDSS J175432.36+790242.7,1705659232685291904,WhiteDwarf
Gaia DR2 5255753339843956736,5255753339843956736,WhiteDwarf
Gaia DR2 2925786388380898432,2925786388380898432,WhiteDwarf
Gaia DR2 6650583173679537152,6650583173679537152,WhiteDwarf
GALEX J062043.8+385454,956097481442622464,WhiteDwarf
GALEX J145511.6+383637,1296140521987243648,WhiteDwarf
GALEX J043112.8-093639,3185543094161603712,WhiteDwarf
Gaia DR2 1935722725014189824,1935722725014189824,WhiteDwarf
GALEX J235349.5-465651,6530348583584938240,WhiteDwarf
LSPM J1044+1327,3884610594233452544,WhiteDwarf
GALEX J141804.7+040822,3669400430255790336,WhiteDwarf
Gaia DR2 4017114351109458560,4017114351109458560,WhiteDwarf
Gaia DR2 1833522122784099840,1833522122784099840,WhiteDwarf
Gaia DR2 2963822485612048512,2963822485612048512,WhiteDwarf
GALEX J222241.1-080044,2622292694889806080,WhiteDwarf
Gaia DR2 2018180840055398528,2018180840055398528,WhiteDwarf
HS 2237+8154,2287248210301342336,WhiteDwarf
GALEX J185222.1+552318,2153009896520516864,WhiteDwarf
GALEX J230419.0+232518,2842008206547406336,WhiteDwarf
Gaia DR2 2248577286842001536,2248577286842001536,WhiteDwarf
GALEX J080436.9+260541,681975488742981632,WhiteDwarf
Gaia DR2 1861071834032014464,1861071834032014464,WhiteDwarf
SDSS J130837.95+113704.7,3736225968148242176,WhiteDwarf
SDSS J111400.91+451823.1,788140929906457088,WhiteDwarf
GALEX J192532.3+600202,2239575374688897152,WhiteDwarf
Gaia DR2 523416364311663744,523416364311663744,WhiteDwarf
SDSS J083121.31+133211.1,651354021189785472,WhiteDwarf
Gaia DR2 6258803094521064064,6258803094521064064,WhiteDwarf
SDSS J081940.67+184916.7,663239230786279552,WhiteDwarf
Gaia DR2 6072725418843217664,6072725418843217664,WhiteDwarf
Gaia DR2 2216975222421945600,2216975222421945600,WhiteDwarf
LSPM J1055+2111,3988212592756945152,WhiteDwarf
Gaia DR2 5595671207860408832,5595671207860408832,WhiteDwarf
Gaia DR2 1976437228275300992,1976437228275300992,WhiteDwarf
GALEX J123952.5+720546,1689721193164288384,WhiteDwarf
GALEX J022730.4-035435,2490044741971293184,WhiteDwarf
GALEX J092646.3+122135,593279019601167488,WhiteDwarf
GALEX J013712.5-651214,4710978000089996032,WhiteDwarf
GALEX J225209.1+124759,2719722829704176512,WhiteDwarf
Gaia DR2 1118412580551248768,1118412580551248768,WhiteDwarf
Gaia DR2 200596000887144576,200596000887144576,WhiteDwarf
Gaia DR2 5259800126753136640,5259800126753136640,WhiteDwarf
GALEX J035440.3+433326,231741523168219008,WhiteDwarf
Gaia DR2 2887078356402506112,2887078360699012864,WhiteDwarf
GALEX J220210.5-071243,2620202488926529408,WhiteDwarf
SDSS J000204.96-105953.1,2422540534821455104,WhiteDwarf
EGGR 500,2275403442116288000,WhiteDwarf
Gaia DR2 3539381256125767680,3539381256125767680,WhiteDwarf
GALEX J142951.1+231354,1254446834903324544,WhiteDwarf
SDSS J013853.19+283207.1,302076800958777472,WhiteDwarf
GALEX J004221.1+433941,387562253766354560,WhiteDwarf
GALEX J084657.4+443959,914219596098194944,WhiteDwarf
SDSS J145452.53+193446.4,1237037962358271488,WhiteDwarf
GALEX J074553.6+551053,985777148566801280,WhiteDwarf
GALEX J080447.9+540345,1032748560183002368,WhiteDwarf
GALEX J161435.6+350629,1329751458576932224,WhiteDwarf
GALEX J085856.9-012243,5764363843770291840,WhiteDwarf
GALEX J212257.2-370356,6583936478220399232,WhiteDwarf
GALEX J204848.0-653643,6425476786570223616,WhiteDwarf
GALEX J183101.3+352406,2095467681334915328,WhiteDwarf
Gaia DR2 224743578338862848,224743578338862848,WhiteDwarf
GALEX J004617.0-043306,2525779625788145664,WhiteDwarf
GALEX J021813.4-202617,5124793361710890624,WhiteDwarf
SDSS J114616.12+281420.4,4019757439625384448,WhiteDwarf
Gaia DR2 3131186327364237568,3131186327364237568,WhiteDwarf
Gaia DR2 422418765238842624,422418765238842624,WhiteDwarf
SDSS J154126.42+371647.6,1376218641032942592,WhiteDwarf
GALEX J231424.4-664533,6388344908806468992,WhiteDwarf
GALEX J174126.0-713437,5803935301615352960,WhiteDwarf
GALEX J060013.7-181903,2990526320218738432,WhiteDwarf
GALEX J184547.6+443115,2117414105222975872,WhiteDwarf
Gaia DR2 6418348377811017088,6418348377811017088,WhiteDwarf
Gaia DR2 5788891439926294656,5788891439926294656,WhiteDwarf
Gaia DR2 1565097180858719616,1565097180858719616,WhiteDwarf
Gaia DR2 3205732081854927744,3205732081854927744,WhiteDwarf
GALEX J172452.3+471629,1365187962425546496,WhiteDwarf
SDSS J120233.23+024247.2,3892081634010894336,WhiteDwarf
Gaia DR2 1749707970597988096,1749707970597988096,WhiteDwarf
Gaia DR2 544010899994075264,544010899994075264,WhiteDwarf
GALEX J165447.7+131652,4449217198146441472,WhiteDwarf
EC 09512-1534,5686109578292348032,WhiteDwarf
Gaia DR2 5638422895707713408,5638422895707713408,WhiteDwarf
2QZ J214912.6-310341,6592917946325630336,WhiteDwarf
GALEX J175958.2-631606,5910977431504549888,WhiteDwarf
Gaia DR2 2089398201052635904,2089398201052635904,WhiteDwarf
LAMOST J010736.73+435445.5,376639224220344448,WhiteDwarf
Gaia DR2 4678029278737606528,4678029278737606528,WhiteDwarf
GALEX J041159.4-210739,5090156885714705664,WhiteDwarf
LP  271-32,1487335427869316736,WhiteDwarf
GALEX J215625.4+111330,2726817046230585472,WhiteDwarf
GALEX J024850.4-713458,4644259089055136128,WhiteDwarf
GALEX J224930.5+054327,2711475942740396672,WhiteDwarf
SDSS J093332.36+342142.3,797563916355544192,WhiteDwarf
Gaia DR2 5201713404188164224,5201713404188164224,WhiteDwarf
GALEX J202640.9-543951,6472392844647776512,WhiteDwarf
Gaia DR3 5311725388022639744,5311725388022639744,WhiteDwarf
GALEX J053548.0-610317,4759288999123258880,WhiteDwarf
Gaia DR2 4903224344031277568,4903224344031277568,WhiteDwarf
Gaia DR2 5990231230384019840,5990231230384019840,WhiteDwarf
GALEX J011933.6-531704,4915185518713156736,WhiteDwarf
GALEX J113601.0+632435,863760804179360128,WhiteDwarf
Gaia DR2 2933710023222601856,2933710023222601856,WhiteDwarf
GALEX J141303.5+325645,1478514389681253248,WhiteDwarf
Gaia DR2 5395677189587614080,5395677189587614080,WhiteDwarf
SDSS J154510.31+523618.4,1596740644469446656,WhiteDwarf
Gaia DR2 6254184802092319360,6254184802092319360,WhiteDwarf
Gaia DR2 6038241714827027072,6038241714827027072,WhiteDwarf
LP  669-73,3780210350269115776,WhiteDwarf
2QZ J143230.6-012833,3649584829836380928,WhiteDwarf
Gaia DR2 4477298729433938816,4477298729433938816,WhiteDwarf
GALEX J140647.7+314858,1454373100061654016,WhiteDwarf
GALEX J150327.5+562440,1612566160142300800,WhiteDwarf
GALEX J171702.0+223539,4568384192510644224,WhiteDwarf
GALEX J201141.6+650609,2244873440187131520,WhiteDwarf
GALEX J170224.1-171815,4129765334638862208,WhiteDwarf
GALEX J193916.2-452046,6684764786863280384,WhiteDwarf
GALEX J085115.4+271355,692791487703945216,WhiteDwarf
Gaia DR2 3118395227562097024,3118395227562097024,WhiteDwarf
GALEX J013739.0+232410,290850752879134592,WhiteDwarf
GALEX J220731.7-550347,6508912711047598720,WhiteDwarf
GALEX J214056.6+313022,1945934336177892864,WhiteDwarf
GALEX J171239.5+431044,1354453430404885504,WhiteDwarf
GALEX J113151.7+360130,759850358284542080,WhiteDwarf
Gaia DR2 4773032207273095552,4773032207273095552,WhiteDwarf
Gaia DR2 4569783527215086976,4569783527215086976,WhiteDwarf
SDSS J082053.60+085910.6,600163061902898048,WhiteDwarf
GALEX J083531.1+123758,603010973113477632,WhiteDwarf
GALEX J121617.5+590918,1581893561002241024,WhiteDwarf
GALEX J013212.2-352948,5011773393261452672,WhiteDwarf
GALEX J000813.0-132923,2418179085727427072,WhiteDwarf
2QZ J122724.0-004317,3696408662081216512,WhiteDwarf
GALEX J103142.4+561601,853833317987977472,WhiteDwarf
Gaia DR2 3123329870108057088,3123329870108057088,WhiteDwarf
SDSS J105453.29+604336.8,861710180633972224,WhiteDwarf
SDSS J121643.63+033841.7,3893925965982400384,WhiteDwarf
GALEX J043439.2-595034,4678049142962243200,WhiteDwarf
Gaia DR2 2043583475668097280,2043583475668097280,WhiteDwarf
Gaia DR2 1986405782948767104,1986405782948767104,WhiteDwarf
GALEX J112028.2-114005,3565611759568887808,WhiteDwarf
Gaia DR2 2915847116800566656,2915847116800566656,WhiteDwarf
Gaia DR2 3297781172404247040,3297781172404512000,WhiteDwarf
GALEX J224228.4+140301,2731922422315395968,WhiteDwarf
GALEX J084733.5+105425,598759844547368832,WhiteDwarf
Gaia DR2 5913308194300745344,5913308194300745344,WhiteDwarf
Gaia DR2 2867828317275427200,2867828312980433920,WhiteDwarf
Gaia DR2 2306627343257055360,2306627343257055360,WhiteDwarf
Gaia DR2 4071812344500048768,4071812344500048768,WhiteDwarf
Gaia DR2 2014088457779420928,2014088457779420928,WhiteDwarf
Gaia DR2 2661718707961161344,2661718707961161344,WhiteDwarf
GALEX J080026.8+455328,932307623230594816,WhiteDwarf
GALEX J115105.5+343448,4030988985261352448,WhiteDwarf
Gaia DR2 6737835086401684480,6737835086401684480,WhiteDwarf
UVEX J000355.86+632833.2,431584053656962816,WhiteDwarf
Gaia DR2 4909000048547039872,4909000048547039872,WhiteDwarf
HE 2123-4446,6576232101460909056,WhiteDwarf
Gaia DR2 2884948434874908800,2884948434877485312,WhiteDwarf
SDSS J140454.86+575007.9,1658158470643864576,WhiteDwarf
Gaia DR2 595749042409200512,595749042409200512,WhiteDwarf
Gaia DR2 1852579893408026496,1852579893410702592,WhiteDwarf
HS 0615+6535,1104547326608944384,WhiteDwarf
SDSS J235803.45-063651.0,2442731107360778112,WhiteDwarf
GALEX J100019.0-093154,3770420088281864576,WhiteDwarf
Gaia DR2 6505113009316709760,6505113009316709760,WhiteDwarf
GALEX J034140.0-230504,5087221056525709184,WhiteDwarf
GALEX J003643.9+421735,381610528604537728,WhiteDwarf
Gaia DR2 2252619950576597120,2252619950579738880,WhiteDwarf
Gaia DR2 4752788892536907776,4752788892536907776,WhiteDwarf
GALEX J001033.8-162820,2416260399281424896,WhiteDwarf
Gaia DR2 12725885018932992,12725885018932992,WhiteDwarf
SDSS J121731.31+115715.9,3908228546380210432,WhiteDwarf
SDSS J153811.86+590016.8,1602966251105015680,WhiteDwarf
Gaia DR2 4240473060189338624,4240473060189338624,WhiteDwarf
2QZ J234318.1-305133,2327265206574592512,WhiteDwarf
Gaia DR2 268123332136902016,268123332136902016,WhiteDwarf
GALEX J002313.1+162220,2792713561221279360,WhiteDwarf
GALEX J004906.9+102857,2774369687180460416,WhiteDwarf
2QZ J133055.3+012516,3711397857425621632,WhiteDwarf
SDSS J162148.91+065026.0,4439718345394510208,WhiteDwarf
Gaia DR2 810237849449368448,810237849449368448,WhiteDwarf
SDSS J103123.91+093657.9,3870096319192789120,WhiteDwarf
Gaia DR2 5883126011699549696,5883126011699549696,WhiteDwarf
Gaia DR3 6382371846248397312,6382371846248397312,WhiteDwarf
GALEX J004038.1-005646,2530846420182992128,WhiteDwarf
GALEX J053813.5+531331,263953434288520704,WhiteDwarf
GALEX J014804.6+304516,302789078335087872,WhiteDwarf
Gaia DR2 5227379926891854720,5227379926891854720,WhiteDwarf
SDSS J111548.56+035438.1,3812171877683036288,WhiteDwarf
Gaia DR2 2003217448878656128,2003217448878656128,WhiteDwarf
GALEX J121239.7-423334,6148068559774968832,WhiteDwarf
GALEX J063514.6+324943,938252991840591104,WhiteDwarf
GALEX J020203.0-074156,2463426497470288640,WhiteDwarf
GALEX J085403.2+103837,597848967883318272,WhiteDwarf
Gaia DR2 3081407484603873024,3081407484603873024,WhiteDwarf
Gaia DR2 4251922279137355264,4251922279137355264,WhiteDwarf
Gaia DR2 1968083555536080128,1968083555536080128,WhiteDwarf
GALEX J095332.9+702948,1071419346204638848,WhiteDwarf
EC 22560-3001,6606086277399983360,WhiteDwarf
SDSS J003244.40+063148.0,2555735648288189952,WhiteDwarf
Gaia DR2 5548313622843411712,5548313622843411712,WhiteDwarf
SDSS J055141.60+035758.2,3319426463252487424,WhiteDwarf
Gaia DR2 6082270760314811392,6082270760314811392,WhiteDwarf
Gaia DR2 6531807772953376128,6531807772953376128,WhiteDwarf
LAMOST J010214.43+252858.0,2804585439238465536,WhiteDwarf
SDSS J093622.97+084648.5,587993942084898944,WhiteDwarf
GALEX J112722.1-062331,3785343312929168256,WhiteDwarf
Gaia DR2 5543505973894804352,5543505973894804352,WhiteDwarf
Gaia DR2 4555970019043801088,4555970019043801088,WhiteDwarf
Gaia DR2 5830393124805766144,5830393124805766144,WhiteDwarf
Gaia DR2 475745658998408320,475745658998408320,WhiteDwarf
Gaia DR2 2600811398779118592,2600811398779118592,WhiteDwarf
Gaia DR2 1762207042686659072,1762207042686659072,WhiteDwarf
GALEX J112555.5+402131,770542249871284480,WhiteDwarf
GALEX J075826.0+200040,670363374642836608,WhiteDwarf
SDSS J070151.64+644252.6,1100745043601356160,WhiteDwarf
SDSS J225339.73-005058.1,2650240532416751104,WhiteDwarf
Lan 472,491135042216754048,WhiteDwarf
Gaia DR2 6038060535931651456,6038060535931651456,WhiteDwarf
GALEX J022607.9-383201,4965220586337155712,WhiteDwarf
Gaia DR2 4722026236523505664,4722026236523505664,WhiteDwarf
GALEX J172924.7+151615,4543713762921918208,WhiteDwarf
Gaia DR2 1453617181521806464,1453617181521806464,WhiteDwarf
Gaia DR3 5351513617147402496,5351513617147402496,WhiteDwarf
Gaia DR2 6712941249795296768,6712941249795296768,WhiteDwarf
GALEX J085305.1+461013,1010479738868866176,WhiteDwarf
Gaia DR2 1720314859394354944,1720314859394354944,WhiteDwarf
SDSS J081002.51+432204.0,928104057133952256,WhiteDwarf
GALEX J080459.5+351327,905715212958064512,WhiteDwarf
2QZ J215335.0-293441,6617187088528368000,WhiteDwarf
GALEX J015415.9-042646,2492027264515309696,WhiteDwarf
Gaia DR2 428721921798154240,428721921798154240,WhiteDwarf
2QZ J144050.8-010713,3649805964817442816,WhiteDwarf
Gaia DR2 4527655052000874880,4527655052000874880,WhiteDwarf
SDSS J185324.93+195059.5,4518509486084557312,WhiteDwarf
Gaia DR2 523226281937556864,523226281937556864,WhiteDwarf
SDSS J005656.67+441029.7,377231345590861824,WhiteDwarf
GALEX J132845.9+355033,1473445641075234944,WhiteDwarf
Gaia DR2 2093642900051190784,2093642900051190784,WhiteDwarf
Gaia DR2 1414187801197148160,1414187801197148160,WhiteDwarf
GALEX J124120.0+291324,4011063704262176128,WhiteDwarf
Gaia DR2 6428178458439893120,6428178458439893120,WhiteDwarf
GALEX J104118.2+441100,829281493922177664,WhiteDwarf
Gaia DR2 6693352488073255936,6693352488073255936,WhiteDwarf
Gaia DR2 5942855988758264832,5942855988758264832,WhiteDwarf
GALEX J232035.9-514332,6501484101256415232,WhiteDwarf
GALEX J011614.2+174424,2785761314839472768,WhiteDwarf
Gaia DR2 1374346585047162496,1374346585047162496,WhiteDwarf
Gaia DR2 5110244585196867712,5110244585196867712,WhiteDwarf
Gaia DR2 6368880353242939648,6368880353242939648,WhiteDwarf
Gaia DR2 5768508113549050112,5768508113549050112,WhiteDwarf
SDSS J172623.77+620052.9,1439267906241126784,WhiteDwarf
Gaia DR2 3105527161944432640,3105527161944432640,WhiteDwarf
Gaia DR2 3046635395015304832,3046635395015304832,WhiteDwarf
SDSS J145314.93+015121.9,1154144848731864704,WhiteDwarf
Gaia DR2 3227355627282448384,3227355627282448384,WhiteDwarf
LSPM J1959+7007,2251142614969673600,WhiteDwarf
SDSS J074338.78-100926.3,3040400098934300416,WhiteDwarf
GALEX J125329.8-173911,3510413900737725952,WhiteDwarf
Gaia DR3 6650983391611213056,6650983391611213056,WhiteDwarf
GALEX J100236.8+023834,3836373846597154816,WhiteDwarf
GALEX J210536.2-045517,6912038066573754880,WhiteDwarf
SDSS J221928.48+120418.6,2730683723682680448,WhiteDwarf
Gaia DR2 1822077959086993024,1822077959086993024,WhiteDwarf
GALEX J044203.4-052917,3200282700364985856,WhiteDwarf
Gaia DR2 2094953792788349440,2094953792788349440,WhiteDwarf
HBQS 2250-2704,6610750474444754432,WhiteDwarf
GALEX J162234.2-010001,4406980902073298944,WhiteDwarf
Gaia DR2 4793606333276798208,4793606333276798208,WhiteDwarf
Gaia DR2 5314616313310363136,5314616313310363136,WhiteDwarf
Gaia DR2 2297837258894580096,2297837258894580096,WhiteDwarf
GALEX J084035.2+513118,1027628924807028864,WhiteDwarf
Gaia DR2 2691785751071061248,2691785751071061248,WhiteDwarf
GALEX J162145.1+093050,4452686294770297344,WhiteDwarf
SDSS J022202.62+734627.0,546959416518479488,WhiteDwarf
ZTF J154801.31+623611.9,1639907647071426176,WhiteDwarf
GALEX J144558.6+350448,1293801585877113600,WhiteDwarf
WD 1214+088,3905188018772127488,WhiteDwarf_Candidate
GALEX J190352.4+161531,4513778016978436224,WhiteDwarf
GALEX J185301.9+552900,2153015943834515968,WhiteDwarf
GALEX J204559.4+733821,2275425775946418816,WhiteDwarf
US 1431,917539532801552640,WhiteDwarf
[CGC97] J0729.7+6855,1108549475918129280,WhiteDwarf
GALEX J215057.3-254017,6812833599163823488,WhiteDwarf
Gaia DR2 5803152861653121536,5803152861653121536,WhiteDwarf
Gaia DR2 5528416345032033152,5528416345032033152,WhiteDwarf
LP  221-303,1488064949540111104,WhiteDwarf
2QZ J002207.5-275002,2322137878912468352,WhiteDwarf
GALEX J103809.1-003622,3806714593452089856,WhiteDwarf
GALEX J004521.1-450000,4979490769797766016,WhiteDwarf
Gaia DR2 2236295290985748352,2236295290985748352,WhiteDwarf
SDSS J134146.19+140102.8,3740770318424375424,WhiteDwarf
GALEX J113804.2+305310,4024075015627799808,WhiteDwarf
SDSS J084332.49+020951.5,3078895684650295552,WhiteDwarf
GALEX J114815.2-264325,3490369425805532416,WhiteDwarf
Gaia DR2 3617525265498915456,3617525265498915456,WhiteDwarf
Gaia DR3 5254357784733475200,5254357784733475200,WhiteDwarf
GALEX J070738.4+265608,883247689276791936,WhiteDwarf
GALEX J225533.2-121625,2603951986240882944,WhiteDwarf
Gaia DR2 2051736148229628544,2051736148229628544,WhiteDwarf
GALEX J095318.9-173739,5672142787026670976,WhiteDwarf
SDSS J115749.11+313930.9,4026615235380699392,WhiteDwarf
Gaia DR2 5355503336811280384,5355503336811280384,WhiteDwarf
GALEX J185026.2-351221,6732205728600042368,WhiteDwarf
GALEX J094003.2+084049,588293662082044032,WhiteDwarf
GALEX J124731.2-531454,6074920593800612608,WhiteDwarf
GALEX J180550.1+341141,4605305552451470592,WhiteDwarf
Gaia DR2 3437234495600790144,3437234495600790144,WhiteDwarf
Gaia DR2 4796162770826850432,4796162770826850432,WhiteDwarf
GALEX J232928.4+265351,2865710142486025600,WhiteDwarf
SDSS J033236.61-004918.4,3263351198434024576,WhiteDwarf
GALEX J121205.7-763932,5837054241111571328,WhiteDwarf
GALEX J230410.0-560934,6493945643374451072,WhiteDwarf
SDSS J133837.50+375558.9,1472630211467309696,WhiteDwarf
Gaia DR2 1834545531881748096,1834545531881748096,WhiteDwarf
Gaia DR2 4638716721523222528,4638716721523222528,WhiteDwarf
GALEX J012548.8+130447,2587108979931328640,WhiteDwarf
GALEX J162425.0+295512,1318005272777719040,WhiteDwarf
Gaia DR3 5978179655267509376,5978179655267509376,WhiteDwarf
GALEX J050836.9+044752,3238983203263894528,WhiteDwarf
SDSS J010924.22+164617.8,2784142112168721280,WhiteDwarf
GALEX J222230.6-714245,6383368068207278464,WhiteDwarf
Gaia DR2 5406425499879887872,5406425499879887872,WhiteDwarf
Gaia DR2 2184284027304201856,2184284027304201856,WhiteDwarf
Gaia DR2 3126837625736467328,3126837625736467328,WhiteDwarf
Gaia DR2 1827808789807982976,1827808789807982976,WhiteDwarf
SDSS J074621.98+220830.9,674840998308400768,WhiteDwarf
GALEX J045509.2-365957,4818539992819998080,WhiteDwarf
GALEX J125433.4+605848,1580238418045178752,WhiteDwarf
SDSS J213643.08-070638.2,2667644560243398272,WhiteDwarf
SDSS J165652.90+331520.9,1313855784614610688,WhiteDwarf
EGGR 428,923023248261420672,WhiteDwarf
GALEX J144439.4+432513,1490494354841208576,WhiteDwarf
GALEX J092425.4+234716,639408411469301632,WhiteDwarf
GALEX J180648.0-565839,6648840924487732736,WhiteDwarf
GALEX J030806.7-203619,5102970250627412992,WhiteDwarf
SDSS J221056.07+064415.1,2721021589159375232,WhiteDwarf
Gaia DR2 1818397584423882752,1818397584423882752,WhiteDwarf
Gaia DR2 5234823410156087808,5234823410156087808,WhiteDwarf
Gaia DR2 3061364452782877184,3061364452782877184,WhiteDwarf
GALEX J235516.6+143137,2770512570328029184,WhiteDwarf
Gaia DR3 6724397340635494784,6724397340635494784,WhiteDwarf
Gaia DR2 5649533873024010368,5649533873024010368,WhiteDwarf
SDSS J035505.55+163221.7,40492642429187584,WhiteDwarf
Gaia DR2 5827098030176105472,5827098030176105472,WhiteDwarf
LSPM J0504+4330,202487263965037696,WhiteDwarf
GALEX J135423.1+114011,3727592289313899008,WhiteDwarf
SDSS J153243.34+312057.2,1274285808534530432,WhiteDwarf
Gaia DR2 5394059155150410624,5394059155150410624,WhiteDwarf
Gaia DR2 4953758001522604416,4953758001522604416,WhiteDwarf
GALEX J081716.9+054223,3096386887422866816,WhiteDwarf
GALEX J222104.7+075704,2722572656468606720,WhiteDwarf
GALEX J192339.6-525152,6644693600984844544,WhiteDwarf
GALEX J140432.9-292053,6173926805515422464,WhiteDwarf
Gaia DR3 6061931070833412096,6061931070833412096,WhiteDwarf
PB  2225,1492783061310414080,WhiteDwarf
Gaia DR2 2297549843979149440,2297549843979149440,WhiteDwarf
GALEX J204752.8-305045,6794175780195020928,WhiteDwarf
SDSS J123037.92+344904.1,1518132744268289792,WhiteDwarf
Gaia DR2 6116285428127285760,6116285428127285760,WhiteDwarf
GALEX J231118.2+262419,2845186997742700544,WhiteDwarf
SDSS J221321.51-094116.4,2615604606176727040,WhiteDwarf
GALEX J130514.9+603403,1579314622119638400,WhiteDwarf
Gaia DR2 6203995253082025984,6203995253082025984,WhiteDwarf
G 203-39,1358325021299899136,WhiteDwarf
GALEX J203209.2-652427,6426373575742128256,WhiteDwarf
Gaia DR2 66143664590742912,66143664590742912,WhiteDwarf
Gaia DR2 3345318793853730944,3345318793853730944,WhiteDwarf
Gaia DR2 3141309668358730752,3141309668358730752,WhiteDwarf
GALEX J141035.5+080255,3674350328524097024,WhiteDwarf
GALEX J173038.3+080736,4490265304402368640,WhiteDwarf
Gaia DR2 6427930759084453760,6427930759084453760,WhiteDwarf
GALEX J113541.0+491809,790677228353542400,WhiteDwarf
Gaia DR2 2159941836298722560,2159941836298722560,WhiteDwarf
GALEX J062713.7-813205,5207409114939246592,WhiteDwarf
GALEX J103635.4-350533,5444189772911562240,WhiteDwarf
Gaia DR2 5299649589241341568,5299649589241341568,WhiteDwarf
Gaia DR2 3200779744044527232,3200779744044527232,WhiteDwarf
MCT 0016-2553,2323704339384503040,WhiteDwarf
GALEX J021719.4+055914,2519987398534313600,WhiteDwarf
GALEX J091052.5+344742,714275257715907968,WhiteDwarf
Gaia DR2 3358563201685912832,3358563201685912832,WhiteDwarf
Gaia DR2 643144758139005312,643144758139005312,WhiteDwarf
GALEX J172729.3+420453,1348275102768198912,WhiteDwarf
2QZ J011754.9-301502,5028822244466711808,WhiteDwarf
LP  440-19,1239767667477407232,WhiteDwarf
Gaia DR3 2033018410192252032,2033018410192252032,WhiteDwarf
GALEX J013326.4+040104,2560009007603950720,WhiteDwarf
GALEX J082916.5+470143,930572765679969792,WhiteDwarf
GALEX J161232.5+645032,1641747297527038336,WhiteDwarf
GALEX J001745.7-004039,2545150168811021056,WhiteDwarf
GALEX J181643.8-603346,6634362864610717184,WhiteDwarf
GALEX J215625.2-131327,6840639595395212288,WhiteDwarf
Gaia DR2 5873428701400314368,5873428701400314368,WhiteDwarf
GALEX J155424.9+082144,4454396859985489152,WhiteDwarf
GALEX J191217.6-615403,6439784941838344832,WhiteDwarf
Gaia DR2 6199909227353180160,6199909227353180160,WhiteDwarf
GALEX J165332.5+283407,1307963712255925120,WhiteDwarf
GALEX J142959.9-204617,6282717571208807424,WhiteDwarf
Gaia DR2 392384844910090752,392384844910090752,WhiteDwarf
GALEX J033152.1-533752,4735583528426051584,WhiteDwarf
GALEX J132904.7+084202,3719855575744616320,WhiteDwarf
SDSS J115602.59+352357.6,4031496409877397376,WhiteDwarf
GALEX J000045.6+823930,566890500016630912,WhiteDwarf
GALEX J092228.6+121126,593918802224747776,WhiteDwarf
LSPM J0211+0835,2521858084423378176,WhiteDwarf
GALEX J044604.0+722105,500695776856074624,WhiteDwarf
UCAC4 328-061594,5473389537569200896,WhiteDwarf
PG 2235+082,2716039358376761088,WhiteDwarf
Gaia DR2 5322961572214447488,5322961572214447488,WhiteDwarf
Gaia DR2 5418362657096339968,5418362657096339968,WhiteDwarf
Gaia DR2 5877446179463285120,5877446179463285120,WhiteDwarf
Gaia DR2 1927309399476637312,1927309399476637312,WhiteDwarf
Gaia DR2 4606523089782427136,4606523089782427136,WhiteDwarf
GALEX J023032.8-023049,2496443487328376064,WhiteDwarf
Gaia DR2 388751027698430464,388751027698430464,WhiteDwarf
GALEX J034148.3-491837,4832631544295728128,WhiteDwarf
GALEX J121317.4-291553,3474015118055726080,WhiteDwarf
GALEX J202632.0-100157,6904549915648900352,WhiteDwarf
Gaia DR2 230146131797373696,230146136092951296,WhiteDwarf
Gaia DR2 4153014228828039552,4153014228828039552,WhiteDwarf
GALEX J120737.2-130028,3571197514860822656,WhiteDwarf
GALEX J064228.9+342650,938828757975448832,WhiteDwarf
Gaia DR2 5504327217794939648,5504327217794939648,WhiteDwarf
LAMOST J063058.95+312344.1,3436023662718743168,WhiteDwarf
GALEX J231943.0-212118,2385725793147211904,WhiteDwarf
GALEX J082321.6+182337,662423045264482816,WhiteDwarf
GALEX J182628.2+111118,4483968156500130048,WhiteDwarf
Gaia DR2 5795954221590124032,5795954221590124032,WhiteDwarf
SDSS J205232.44-011244.5,4226824448690266496,WhiteDwarf
Gaia DR2 1925170918079038848,1925170918079038848,WhiteDwarf
Gaia DR3 5962591049931678208,5962591049931678208,WhiteDwarf
Gaia DR2 6068724953165059456,6068724953165059456,WhiteDwarf
Gaia DR2 4032352482758909696,4032352482758909696,WhiteDwarf
Gaia DR2 6716812183562265088,6716812183562265088,WhiteDwarf
GALEX J160429.6+114807,4457606373083553792,WhiteDwarf
Gaia DR2 3013034079153291904,3013034079153291904,WhiteDwarf
GALEX J224906.9+355250,1903585894215554304,WhiteDwarf
GALEX J205603.5-473947,6481513808996642944,WhiteDwarf
Gaia DR2 4835613003216896128,4835613003216896128,WhiteDwarf
GALEX J010010.4-374247,4989387542678229376,WhiteDwarf
GALEX J112917.3+284846,4021964296899898240,WhiteDwarf
GALEX J111053.9+174420,3971536364322862976,WhiteDwarf
GALEX J114645.4+314445,4021550949247349504,WhiteDwarf
Gaia DR2 5703088580445029504,5703088580449640960,WhiteDwarf
GALEX J010837.5+315604,313463652613577728,WhiteDwarf
GALEX J234446.9+155803,2771788450491848192,WhiteDwarf
ZTF J163743.49+491740.4,1410739870171621504,WhiteDwarf
Gaia DR3 5533561372254892672,5533561372254892672,WhiteDwarf
GALEX J114759.2-390843,5381785306848425216,WhiteDwarf
GALEX J013957.4-703718,4688116164050779520,WhiteDwarf
Gaia DR2 2086349083513584896,2086349083513584896,WhiteDwarf
Gaia DR2 2038954737875405824,2038954737875405824,WhiteDwarf
GALEX J145352.4-262230,6225646531112965120,WhiteDwarf
GALEX J141557.8+623046,1666750569898974208,WhiteDwarf
GALEX J042826.5-354234,4869150448622759040,WhiteDwarf
GALEX J071120.5-820918,5206798065647541888,WhiteDwarf
UVEX J041053.99+450706.5,233264587289808384,WhiteDwarf
Gaia DR3 5337641014503508096,5337641014503508096,WhiteDwarf
GALEX J135453.9+051138,3671977719870343680,WhiteDwarf
Gaia DR2 5360198251463501568,5360198251463501568,WhiteDwarf
Gaia DR2 4458256523756285184,4458256523756285184,WhiteDwarf
SDSS J212156.62+002008.2,2690925138408478336,WhiteDwarf
2QZ J223933.3-293718,6608165625687425024,WhiteDwarf
Gaia DR2 3217411854574573568,3217411854574573568,WhiteDwarf
GALEX J095211.7-085333,3771123603925076736,WhiteDwarf
2QZ J101351.0-014402,3829104665988018176,WhiteDwarf
2QZ J104517.7-001834,3806397762305314560,WhiteDwarf
GALEX J140010.4+263628,1450771130033741056,WhiteDwarf
GALEX J123512.9+362322,1519445595511785856,WhiteDwarf
Gaia DR2 528708348133251712,528708348133251712,WhiteDwarf
GALEX J211544.3-402140,6581628053557093888,WhiteDwarf
Gaia DR2 555204581200022912,555204581200022912,WhiteDwarf
Gaia DR2 6165621644435930112,6165621644435930112,WhiteDwarf
GALEX J003008.6-641131,4900526799627167488,WhiteDwarf
FBS 0817+758,1137173203859550720,WhiteDwarf
GALEX J061145.9-240754,2913295459550048384,WhiteDwarf
GALEX J005829.6-524732,4927314025320677120,WhiteDwarf
Gaia DR3 5309409090662197632,5309409090662197632,WhiteDwarf
Gaia DR2 1443313456195287168,1443313456195287168,WhiteDwarf
GALEX J110922.3+281020,3998605344166402944,WhiteDwarf
SDSS J120151.83+564548.5,1573966391403486208,WhiteDwarf
SDSS J134219.18+132202.8,3740481795406699264,WhiteDwarf
Gaia DR3 4090138214012060032,4090138214012060032,WhiteDwarf
Gaia DR2 6791548054778323840,6791548054778323840,WhiteDwarf
GALEX J000608.5-455712,4990498835399754624,WhiteDwarf
Gaia DR2 2995138977654226688,2995138977654226688,WhiteDwarf
GALEX J061332.5-350442,2886288941413337600,WhiteDwarf
GALEX J112454.5-404328,5383594652015994752,WhiteDwarf
GALEX J105823.0+405944,778055247183693568,WhiteDwarf
GALEX J083033.8-225049,5702756970315771264,WhiteDwarf
GALEX J004554.5+374108,367505508112510208,WhiteDwarf
SDSS J224058.19+293933.9,1887556694012510464,WhiteDwarf
US 3797,30279794315181568,WhiteDwarf
GALEX J170805.0+550818,1420273185739683840,WhiteDwarf
GALEX J055644.0-301826,2903295362636875136,WhiteDwarf
SDSS J023957.21-071538.1,5177765147582007680,WhiteDwarf
Gaia DR2 4995158325163347712,4995158325163347712,WhiteDwarf
GALEX J165822.6-130115,4333033075751327104,WhiteDwarf
GALEX J200512.4-175933,6867671024341374720,WhiteDwarf
SDSS J025302.42+321102.5,136331577760645376,WhiteDwarf
SDSS J152805.72+504632.5,1594812169795504128,WhiteDwarf
GALEX J005041.6-040911,2525921394068548224,WhiteDwarf
GALEX J221452.6-314334,6613841171565998848,WhiteDwarf
Gaia DR2 2180244765182349952,2180244765182349952,WhiteDwarf
GALEX J014506.4+214457,98247823572635648,WhiteDwarf
SDSS J130018.45+573850.7,1577076089460578816,WhiteDwarf
GALEX J234505.8-583333,6494598070382258048,WhiteDwarf
SDSS J115419.54+440733.8,770064340270337408,WhiteDwarf
SDSS J110725.55+554123.9,855897956010933120,WhiteDwarf
Gaia DR2 2413502240003695744,2413502240003695744,WhiteDwarf
2QZ J020239.1-281558,5021396555249371136,WhiteDwarf
Gaia DR2 2094877170572984704,2094877170572984704,WhiteDwarf
LSPM J1103+4248,778845108849112704,WhiteDwarf
Gaia DR2 388756456537099392,388756456537099392,WhiteDwarf
PSO J072.0530+77.4247,552870180574698624,WhiteDwarf
Gaia DR2 2061427346797246336,2061427346797246336,WhiteDwarf
SDSS J233347.65-001501.1,2644341961771557632,WhiteDwarf
GALEX J013404.6+264828,295650945768385920,WhiteDwarf
GALEX J181737.0+343340,4605504465275553792,WhiteDwarf
Gaia DR2 5863536975111999744,5863536975111999744,WhiteDwarf
Gaia DR2 2025105083286106624,2025105083286106624,WhiteDwarf
GALEX J093144.6+161458,619193001134716544,WhiteDwarf
GALEX J134142.6+661707,1672099968846374400,WhiteDwarf
Gaia DR2 4500890636879312512,4500890636879312512,WhiteDwarf
GALEX J223537.9-474043,6517720765554552960,WhiteDwarf
SDSS J142820.31+421051.5,1491662379787040896,WhiteDwarf
GALEX J091919.8-365314,5431183542490422528,WhiteDwarf
GALEX J194513.2-471303,6683402977289911808,WhiteDwarf
SDSS J052310.69+001918.0,3221467501998333952,WhiteDwarf
GALEX J130607.0-090834,3627723510723782912,WhiteDwarf
GALEX J151206.8+603623,1615906682625655936,WhiteDwarf
2QZ J015030.5-282036,5024162995224867072,WhiteDwarf
Gaia DR2 6637025538175559424,6637025538175559424,WhiteDwarf
SDSS J153840.08+642034.2,1641097829752097024,WhiteDwarf
GALEX J025141.8-004128,2497525892101297408,WhiteDwarf
SDSS J073955.06+302706.2,879962829569361024,WhiteDwarf
GALEX J085005.0+450235,1010299796919306240,WhiteDwarf
GALEX J030205.3+052534,6806389292803840,WhiteDwarf
Gaia DR2 2946018987179426944,2946018987179426944,WhiteDwarf
GALEX J153346.5+512116,1595170541864977920,WhiteDwarf
Gaia DR2 5259193265058339456,5259193265058339456,WhiteDwarf
SDSS J204558.62-005832.3,4227022768803517696,WhiteDwarf
Gaia DR2 5558083917528226176,5558083917528226176,WhiteDwarf
GALEX J150056.2+703242,1695161954656899712,WhiteDwarf
GALEX J131718.1+490315,1556046172937561216,WhiteDwarf
GALEX J125027.5+180348,3935016738442014848,WhiteDwarf
LAMOST J033839.86+435126.8,238389861961721856,WhiteDwarf
SDSS J091629.56+215011.5,638521998938565248,WhiteDwarf
Gaia DR2 6423630676485637120,6423630676485637120,WhiteDwarf
Gaia DR2 5955155224610313216,5955155224610313216,WhiteDwarf
Gaia DR2 1940669874502357760,1940669878806253568,WhiteDwarf
Gaia DR2 1803047027713376768,1803047027713376768,WhiteDwarf
Gaia DR2 2892306916447208064,2892306916447208064,WhiteDwarf
Gaia DR2 464170000580704640,464170000580704640,WhiteDwarf
Gaia DR2 4273633781125135872,4273633781125135872,WhiteDwarf
Gaia DR2 3129772836448116992,3129772836448116992,WhiteDwarf
Gaia DR2 2109474836698755072,2109474836698755072,WhiteDwarf
GALEX J014434.2+152904,2589164375185423744,WhiteDwarf
GALEX J215821.6+165007,1775904900280198272,WhiteDwarf
GALEX J093725.3+183617,633018290407102976,WhiteDwarf
GALEX J083814.3+525424,1030199754791294848,WhiteDwarf
Gaia DR2 2010192617506426240,2010192617506426240,WhiteDwarf
Gaia DR2 5724921754639161088,5724921754639161088,WhiteDwarf
Gaia DR2 318372422275751424,318372422275751424,WhiteDwarf
Gaia DR2 2133687049110968960,2133687049113857408,WhiteDwarf
GALEX J172522.5+004202,4374771464852588288,WhiteDwarf
Gaia DR2 2002741978817226496,2002741978817226496,WhiteDwarf
GALEX J203453.3-505005,6474897463416345984,WhiteDwarf
GALEX J203853.5+003731,4231193525645520768,WhiteDwarf
GALEX J144316.8+471336,1590941648346017280,WhiteDwarf
GALEX J194732.4+493857,2087226876040571904,WhiteDwarf
Gaia DR2 1106936870317716480,1106936870317716480,WhiteDwarf
Gaia DR2 5996070839718411136,5996070839718411136,WhiteDwarf
Gaia DR2 4472781759553140096,4472781759553140096,WhiteDwarf
PB   104,1554775068779587968,WhiteDwarf
GALEX J222511.5-491517,6517856344786149376,WhiteDwarf
GALEX J042630.5-742048,4628548575428133888,WhiteDwarf
Gaia DR2 3896351522993684736,3896351522993684736,WhiteDwarf
Gaia DR2 2934162403544715648,2934162403544715648,WhiteDwarf
Gaia DR2 4959950691529122432,4959950691529122432,WhiteDwarf
Gaia DR2 4792688653384092416,4792688653384092416,WhiteDwarf
Gaia DR2 5510343363167225216,5510343363167225216,WhiteDwarf
GALEX J125414.9-364947,6154566604775164672,WhiteDwarf
Gaia DR2 5525576512660129152,5525576512660129152,WhiteDwarf
LP  102-192,1435776922462177408,WhiteDwarf
GALEX J010400.0+422001,374624983344925056,WhiteDwarf
GALEX J000849.2+130329,2767772239456990592,WhiteDwarf
EGGR 380,2841348430852439680,WhiteDwarf
Gaia DR2 6914812031329877504,6914812031329877504,WhiteDwarf
GALEX J134233.1-220631,6288510657457924096,WhiteDwarf
Gaia DR2 4280748549069931904,4280748549069931904,WhiteDwarf
Gaia DR2 5511971984701037184,5511971984701037184,WhiteDwarf
GALEX J094222.7-371255,5433368993649595392,WhiteDwarf
GALEX J214136.2+262723,1799607343023773184,WhiteDwarf
Gaia DR2 5999829515901937408,5999829515901937408,WhiteDwarf
GALEX J111951.3+591629,857805883563199232,WhiteDwarf
GALEX J020428.4-053111,2490965587254812160,WhiteDwarf
GALEX J031207.8-602547,4723375165491525376,WhiteDwarf
Gaia DR3 3771258534617402624,3771258534617402624,WhiteDwarf
GALEX J040232.0+261636,163269406484747904,WhiteDwarf
Gaia DR2 2276663005701858560,2276663005701858560,WhiteDwarf
Gaia DR2 1560344816725515008,1560344816725515008,WhiteDwarf
Gaia DR2 2924954955730613376,2924954955730613376,WhiteDwarf
Gaia DR2 2279336154691449472,2279336154691449472,WhiteDwarf
GALEX J231356.0-325203,6556304273544888192,WhiteDwarf
Gaia DR2 2125723488253544448,2125723488253544448,WhiteDwarf
SDSS J081312.09+324758.6,902042814057462912,WhiteDwarf
GALEX J090413.3-025231,5763017182543888640,WhiteDwarf
Gaia DR2 5773558441040081408,5773558441040081408,WhiteDwarf
GALEX J115718.1+500517,787836025886771584,WhiteDwarf
GALEX J035650.9+094145,3302079433938683136,WhiteDwarf
SDSS J174303.99+544112.6,1417767811057207680,WhiteDwarf
Gaia DR2 6540932001477339136,6540932001477339136,WhiteDwarf
GALEX J162837.0+254628,1304112393605810560,WhiteDwarf
GALEX J034825.1+151648,42934004919340032,WhiteDwarf
GALEX J094639.2-063655,3820790055980400640,WhiteDwarf
SDSS J004134.93+154617.0,2781340629555669888,WhiteDwarf
SDSS J165408.93+471359.1,1407850284893840000,WhiteDwarf
Gaia DR2 6417682795318622592,6417682795318622592,WhiteDwarf
Gaia DR2 1974624103539173760,1974624103539173760,WhiteDwarf
GALEX J223443.9-413927,6545201576926378496,WhiteDwarf
Gaia DR2 3361858815989641984,3361858815989641984,WhiteDwarf
Gaia DR2 427176661291873536,427176661291873536,WhiteDwarf
Gaia DR2 3119188529498303616,3119188529498303616,WhiteDwarf
GALEX J040255.5-503128,4828887599827975680,WhiteDwarf
GD 424,547179765520150912,WhiteDwarf
Gaia DR2 2775337158629189632,2775337158629189632,WhiteDwarf
Gaia DR2 5324567438998266112,5324567438998266112,WhiteDwarf
Gaia DR2 3389843482860476416,3389843482860476416,WhiteDwarf
SDSS J001703.51+291323.0,2860382351517902848,WhiteDwarf
GALEX J013141.4-431152,4935589710041674880,WhiteDwarf
GALEX J042022.3-255640,4895638400994672384,WhiteDwarf
GALEX J094552.0+233057,641443508708084096,WhiteDwarf
Gaia DR2 4089553063395133312,4089553063395133312,WhiteDwarf
Gaia DR2 1864348413038296192,1864348413038296192,WhiteDwarf
Gaia DR2 6724310028229357824,6724310028229357824,WhiteDwarf
GALEX J034307.5-522113,4733157730898273792,WhiteDwarf
SDSS J145600.84+405704.7,1489051280188958592,WhiteDwarf
GALEX J165937.2+402706,1353716654533765120,WhiteDwarf
GALEX J151328.3+564229,1600981220299455616,WhiteDwarf
Gaia DR3 4648494266112035584,4648494266112035584,WhiteDwarf
Gaia DR2 2037838188115674368,2037838188115674368,WhiteDwarf
GALEX J015910.5-081653,2463288779344095232,WhiteDwarf
Gaia DR2 1865291931453280256,1865291931453280256,WhiteDwarf
GALEX J221422.0-590002,6411068545681795712,WhiteDwarf
GALEX J005407.7-231933,2346148876400559616,WhiteDwarf
Gaia DR2 409523654206923648,409523654206923648,WhiteDwarf
GALEX J123428.5+134623,3932117979113933440,WhiteDwarf
SDSS J065923.46+282224.4,887376973914180992,WhiteDwarf
LSPM J0716+4323,949930286362221056,WhiteDwarf
Gaia DR2 5596648811140135680,5596648811140135680,WhiteDwarf
LSPM J0816+6332,1091198014200325632,WhiteDwarf
SDSS J044948.62-003047.0,3229785547979393408,WhiteDwarf
Gaia DR2 2043211600224024704,2043211600224024704,WhiteDwarf
Gaia DR2 234868499876182528,234868499876182528,WhiteDwarf
GALEX J090134.0+613735,1042701893488365312,WhiteDwarf
Gaia DR2 5726403582780744064,5726403582780744064,WhiteDwarf
GALEX J064109.3+583407,1001784942652490240,WhiteDwarf
Gaia DR2 4504771230051684224,4504771230051684224,WhiteDwarf
GALEX J091353.3+194933,635978381867250048,WhiteDwarf
GALEX J100559.6-103710,3767048057918704768,WhiteDwarf
GALEX J074517.5+351152,894631933888407296,WhiteDwarf
GALEX J112037.5+323424,757301381093797376,WhiteDwarf
GALEX J085637.4-295231,5641549803697185792,WhiteDwarf
SDSS J101452.13+393838.0,802690939075660160,WhiteDwarf
GALEX J181529.3-574011,6647869471606769152,WhiteDwarf
GALEX J122918.0-482338,6128594456498209408,WhiteDwarf
Gaia DR2 5732632006912657280,5732632006912657280,WhiteDwarf
SDSS J014817.25-005157.4,2509103229850109696,WhiteDwarf
GALEX J102535.9-395245,5441485798942392704,WhiteDwarf
GALEX J224735.3+314017,1890396423309124224,WhiteDwarf
Gaia DR2 6587097922042650240,6587097922042650240,WhiteDwarf
Gaia DR2 1971876423989865216,1971876423989865216,WhiteDwarf
GALEX J134112.0+090648,3725006787720540032,WhiteDwarf
Gaia DR2 4328925231589271168,4328925231589271168,WhiteDwarf
GALEX J033650.8-061853,3247249576495910144,WhiteDwarf
Gaia DR2 1691360835584722304,1691360835584722304,WhiteDwarf
SDSS J134536.92+501954.1,1558841612531319680,WhiteDwarf
GALEX J090826.3-194652,5680332155789141632,WhiteDwarf
WT 666,6368074724754668800,WhiteDwarf
SDSS J073140.57-001540.1,3086397068370475392,WhiteDwarf
GALEX J073929.4+285219,878551537676327424,WhiteDwarf
GALEX J080034.7-803218,5208494092396516096,WhiteDwarf
GALEX J121330.0-022131,3694442048095971840,WhiteDwarf
PSO J072.0485+77.4249,552870180579386624,WhiteDwarf
G 106-51B,3117320802840630400,WhiteDwarf
Gaia DR3 1594439267847915648,1594439267847915648,WhiteDwarf
GALEX J224859.2+321405,1890438587005952896,WhiteDwarf
GALEX J090511.5+024903,577477182084060160,WhiteDwarf
Gaia DR2 6504839364064047232,6504839364064047232,WhiteDwarf
Gaia DR2 5585520134257030272,5585520134257030272,WhiteDwarf
Gaia DR2 3128854714175685504,3128854714175685504,WhiteDwarf
GALEX J230734.9-612233,6490184832570682368,WhiteDwarf
GALEX J032642.1-460207,4846145671776629248,WhiteDwarf
GALEX J210724.8+202945,1789923536095120768,WhiteDwarf
SDSS J162147.28+515719.5,1424915637365582720,WhiteDwarf
UVEX J224721.36+565937.4,2007080479899429376,WhiteDwarf
Gaia DR2 5290333289770123136,5290333289770123136,WhiteDwarf
GALEX J042232.1-215701,4899132034768291456,WhiteDwarf
Gaia DR2 3041108394883978752,3041108394883978752,WhiteDwarf
GALEX J225715.3-092842,2606792329717722496,WhiteDwarf
GALEX J142537.8+565539,1610563704653434752,WhiteDwarf
SDSS J090817.59+491305.0,1012675291791277312,WhiteDwarf
GALEX J211833.3-410959,6580783529845771520,WhiteDwarf
Gaia DR2 5508882730688996352,5508882730688996352,WhiteDwarf
PM J03536-5006,4829673651857102848,WhiteDwarf
Gaia DR3 5696892798071659008,5696892798071659008,WhiteDwarf
GALEX J012643.7-033337,2484099579520407680,WhiteDwarf
2QZ J105840.1-000503,3804645686230821504,WhiteDwarf
Gaia DR2 1949512043934996352,1949512043934996352,WhiteDwarf
Gaia DR2 6114344102909485824,6114344102909485824,WhiteDwarf
SDSS J042359.34+002118.4,3254857814706920064,WhiteDwarf
GALEX J224349.0+125652,2731594630411233920,WhiteDwarf
Gaia DR2 3035890795593398016,3035890795593398016,WhiteDwarf
SDSS J095018.83+340743.1,793758682706359040,WhiteDwarf
Gaia DR2 5953777089852626048,5953777089852626048,WhiteDwarf
SDSS J230624.47+205715.9,2832455202848757632,WhiteDwarf
SDSS J172000.15-124147.7,4141702899873973248,WhiteDwarf
Gaia DR2 4283285294194849280,4283285294194849280,WhiteDwarf
GALEX J025033.3-023910,5187326195754669824,WhiteDwarf
Gaia DR3 5869709603344167936,5869709603344167936,WhiteDwarf
Gaia DR2 3234801142069429248,3234801142069429248,WhiteDwarf
Gaia DR2 418003878155780352,418003878155780352,WhiteDwarf
2QZ J013432.8-303134,5022738960163608320,WhiteDwarf
Gaia DR3 5886167849299944832,5886167849299944832,WhiteDwarf
Gaia DR2 5313434269596505984,5313434269596505984,WhiteDwarf
Gaia DR2 555791823487003904,555791823487003904,WhiteDwarf
SDSS J174915.93+471023.6,1362934139683770112,WhiteDwarf
GALEX J124107.3+401715,1522020823542880000,WhiteDwarf
Gaia DR2 3220102290809699584,3220102290809699584,WhiteDwarf
2QZ J100253.2-001728,3833244056683570560,WhiteDwarf
Gaia DR2 5217297229164948352,5217297229164948352,WhiteDwarf
Gaia DR2 1905505705940258816,1905505705940258816,WhiteDwarf
GALEX J155856.3+065703,4450991500675089024,WhiteDwarf
Gaia DR2 274195320678037376,274195320678037376,WhiteDwarf
GALEX J172717.7+214626,4555369002795157376,WhiteDwarf
GALEX J024409.1-393220,4952325715828925440,WhiteDwarf
GALEX J215939.8-342029,6588397952808031488,WhiteDwarf
GALEX J101740.1+033107,3859914738440428800,WhiteDwarf
Gaia DR2 2172323883417052928,2172323883417052928,WhiteDwarf
GALEX J233143.3-345544,6551553180721833728,WhiteDwarf
Gaia DR2 4434691279450318848,4434691279450318848,WhiteDwarf
GALEX J142738.9+761939,1713685525833735040,WhiteDwarf
GALEX J132645.4+091055,3731942403989341696,WhiteDwarf
GALEX J200404.7-750951,6366746957088757632,WhiteDwarf
GALEX J011739.8+242235,294036523396554112,WhiteDwarf
Gaia DR2 3047885097362924160,3047885097362924160,WhiteDwarf
GALEX J094639.7+353923,796376649955763328,WhiteDwarf
GALEX J150936.4+321616,1276731775232123904,WhiteDwarf
GALEX J120716.5+575914,1575597997940135808,WhiteDwarf
SDSS J231405.08+344711.0,1911710902891598336,WhiteDwarf
GALEX J223307.0+150746,2733075603853936512,WhiteDwarf
Gaia DR2 5223111240496981632,5223111240496981632,WhiteDwarf
GALEX J075821.1+274101,874710462523356800,WhiteDwarf
Gaia DR2 1977866146716734976,1977866146716734976,WhiteDwarf
Gaia DR2 6496190330722418816,6496190330722418816,WhiteDwarf
SDSS J153945.51+593101.9,1602995113284655232,WhiteDwarf
Gaia DR2 3025935370635526400,3025935370635526400,WhiteDwarf
2QZ J023218.2-294248,5067548074789367040,WhiteDwarf
Gaia DR2 5222087148492344448,5222087148492344448,WhiteDwarf
LEHPM 4118,6403014829166209152,WhiteDwarf
GALEX J063101.1+542447,994543382977015296,WhiteDwarf
GALEX J114943.6-305409,3479492889281448192,WhiteDwarf
Gaia DR2 5287792760778104960,5287792760778104960,WhiteDwarf
GALEX J100258.0+662951,1066426949235073536,WhiteDwarf
2QZ J023820.3-272031,5069734797258539520,WhiteDwarf
Gaia DR2 5558478509058502528,5558478509058502528,WhiteDwarf
GALEX J182358.0+334809,4593178523318100480,WhiteDwarf
SDSS J231218.53+011233.1,2657464014573745536,WhiteDwarf
GALEX J115614.6-385218,3460104577978512640,WhiteDwarf
SCR J1821-5951,6635520414133666944,WhiteDwarf
GALEX J011644.0+183748,2785880581786444672,WhiteDwarf
GALEX J193314.1-274949,6765253401706804992,WhiteDwarf
Gaia DR2 5689579636989620608,5689579636989620608,WhiteDwarf
GALEX J184257.5+451400,2117499042494171520,WhiteDwarf
FBS 0637+786,1141110623717704704,WhiteDwarf
GALEX J030546.6+043750,3513248888669952,WhiteDwarf
PG 1619+123,4460086458999242368,WhiteDwarf
Gaia DR2 6136294645668212736,6136294645668212736,WhiteDwarf
HBQS 0251-0241,5187159860261139200,WhiteDwarf
SDSS J161232.30+391052.0,1379111868441962624,WhiteDwarf
LAMOST J153840.42+555359.6,1601218336856222592,WhiteDwarf
GALEX J232839.0-351950,6551456664216946176,WhiteDwarf
Gaia DR3 5351595260193048704,5351595260193048704,WhiteDwarf
Gaia DR2 6375745291529950080,6375745291529950080,WhiteDwarf
Gaia DR2 4221490301173681536,4221490301173681536,WhiteDwarf
Gaia DR2 5731099012825928320,5731099012825928320,WhiteDwarf
GALEX J073732.9+225354,867243198022458112,WhiteDwarf
GALEX J083213.9-144122,5722520455603259392,WhiteDwarf
Gaia DR2 359690935376888064,359690935376888064,WhiteDwarf
GALEX J012620.4+100712,2579341235223847680,WhiteDwarf
GALEX J230126.6-761024,6354483588507204736,WhiteDwarf
Gaia DR2 943449283792329600,943449283792329600,WhiteDwarf
Gaia DR2 5044294198431730304,5044294198431730304,WhiteDwarf
Gaia DR2 4323311748008683520,4323311748008683520,WhiteDwarf
GALEX J013357.5+212454,288885272765489280,WhiteDwarf
GALEX J232548.0+263034,2841710483711030528,WhiteDwarf
GALEX J100436.3+151623,621785095501551104,WhiteDwarf
PHL  7040,2359214952893455872,WhiteDwarf
GALEX J003520.3+364705,366644349989156224,WhiteDwarf
GALEX J131858.9+003530,3687943625137881984,WhiteDwarf
GALEX J210757.3-713257,6374986735880767744,WhiteDwarf
Gaia DR2 402955824577681280,402955824577681280,WhiteDwarf
GALEX J125804.6+585901,1578843653186268544,WhiteDwarf
GALEX J001831.1+060001,2747562356744824192,WhiteDwarf
SDSS J221510.08+403934.2,1957225530320284160,WhiteDwarf
SDSS J123544.36+623414.4,1583631373489800704,WhiteDwarf
GALEX J031057.8-423139,4850885464541449856,WhiteDwarf
LAWDS NGC 2168  44,3426286215942270976,WhiteDwarf_Candidate
GALEX J154908.8-173325,6260663468195198080,WhiteDwarf
SDSS J154356.28+000715.1,4416547310366442752,WhiteDwarf
Gaia DR2 1362403930265015808,1362403930265015808,WhiteDwarf
WD 1454-010,6340845143197276672,WhiteDwarf_Candidate
Gaia DR2 3533669950348961280,3533669950348961280,WhiteDwarf
LP  212-21,807222713688595200,WhiteDwarf
SDSS J002951.72-182326.4,2364181378197190144,WhiteDwarf
LP  119-21,265911806235019008,WhiteDwarf
GALEX J160945.4+520030,1427722346954233472,WhiteDwarf
Gaia DR2 2045238073195970816,2045238073195970816,WhiteDwarf
Gaia DR2 6088226711720073728,6088226711720073728,WhiteDwarf
GALEX J172720.0+764334,1657123108648100480,WhiteDwarf
GALEX J161013.1+042730,4437461636437223552,WhiteDwarf
GALEX J170732.2+230718,4571334319646131584,WhiteDwarf
GALEX J141759.1+361540,1480975577738097792,WhiteDwarf
Gaia DR2 1391093624607042816,1391093624607042816,WhiteDwarf
Gaia DR2 3227042403907341696,3227042403907341696,WhiteDwarf
GALEX J143249.1+014616,3655853106971493760,WhiteDwarf
Gaia DR2 5383065821283345920,5383065821283345920,WhiteDwarf
Gaia DR2 5372840088271805184,5372840088271805184,WhiteDwarf
Gaia DR2 1959392568956019200,1959392568956019200,WhiteDwarf
Gaia DR3 5859153398399048576,5859153398399048576,WhiteDwarf
GALEX J174643.0-064659,4168907879862434176,WhiteDwarf
Gaia DR2 4509080078664257664,4509080078664257664,WhiteDwarf
LAMOST J060330.80+340030.7,3451604356661847168,WhiteDwarf
GALEX J152332.3+055852,1162160872614595456,WhiteDwarf
GALEX J105655.4+275529,730652968743216640,WhiteDwarf
GALEX J145940.7+244553,1267768144123953280,WhiteDwarf
Gaia DR2 5396702617325360128,5396702617325360128,WhiteDwarf
Gaia DR2 5638568993318031104,5638568993318031104,WhiteDwarf
GALEX J033823.0+081428,11438047665209600,WhiteDwarf
SDSS J092137.95+102140.5,592323269118841728,WhiteDwarf
GALEX J113937.1+702328,1062387339219080448,WhiteDwarf
GALEX J084732.2+400059,912298985505940608,WhiteDwarf
Gaia DR2 1974917565768070656,1974917570068202624,WhiteDwarf
Gaia DR2 6915176553794458624,6915176553794458624,WhiteDwarf
Gaia DR3 5234552419198102144,5234552419198102144,WhiteDwarf
GALEX J020647.7+134013,76836419465447168,WhiteDwarf
GALEX J232505.0+233526,2839964042632695040,WhiteDwarf
GALEX J010909.1-243646,5041020260824809984,WhiteDwarf
Gaia DR2 2129048102178006912,2129048102178006912,WhiteDwarf
GALEX J085351.6+372034,719455641110242688,WhiteDwarf
GALEX J103822.3+372112,751930335511863040,WhiteDwarf
Gaia DR2 5367256978679656192,5367256978679656192,WhiteDwarf
SDSS J235309.21+124111.4,2766855594653124352,WhiteDwarf
GALEX J154117.3-005108,4404369802476298496,WhiteDwarf
GALEX J141005.4+492531,1511126316875480960,WhiteDwarf
Gaia DR3 2046729938655315968,2046729938655315968,WhiteDwarf
Gaia DR2 1235060761278235136,1235060761278235136,WhiteDwarf
GALEX J014235.9+395742,346989995528142592,WhiteDwarf
Lan 395,2215863616164459904,WhiteDwarf
Gaia DR2 415848423045923968,415848423045923968,WhiteDwarf
SBSS 1050+582,860264219763946880,WhiteDwarf
LAMOST J064607.85+251258.0,3384498383177811200,WhiteDwarf
GALEX J182927.8-654410,6437376495975549312,WhiteDwarf
GALEX J171901.7-680025,5811647619769606016,WhiteDwarf
GALEX J094414.3-872632,5189012262478007936,WhiteDwarf
SDSS J125825.43-015441.9,3688492212720593792,WhiteDwarf
GALEX J235303.5-523323,6521456218872692480,WhiteDwarf
Gaia DR2 5959767302227584000,5959767302227584000,WhiteDwarf
GALEX J032514.0-062801,5169712118261363840,WhiteDwarf
SDSS J165156.86+480745.5,1408724121760006016,WhiteDwarf
GALEX J234612.5-471429,6525205175564946816,WhiteDwarf
Gaia DR2 230495402834625280,230495402834625280,WhiteDwarf
PG 1201-001,3698872156539379968,WhiteDwarf
Gaia DR2 3045392607579870080,3045392607579870080,WhiteDwarf
Gaia DR2 5305413637206770048,5305413637206770048,WhiteDwarf
GALEX J004804.8-524846,4922208413011811072,WhiteDwarf
GALEX J200420.6-105816,4190734280885088128,WhiteDwarf
Gaia DR2 2037609077383712384,2037609077383712384,WhiteDwarf
SDSS J045408.60+595208.4,284963933264877056,WhiteDwarf
GALEX J144601.5+322825,1286507906774158592,WhiteDwarf
GALEX J140008.8+320140,1457523334019036800,WhiteDwarf
SBSS 1220+564,1574440968110551040,WhiteDwarf
Gaia DR2 1669506637528893440,1669506637528893440,WhiteDwarf
Gaia DR2 6697349835612381312,6697349835612381312,WhiteDwarf
GALEX J032450.8+242922,68994079765218944,WhiteDwarf
GALEX J195914.8-225333,6864088403144005248,WhiteDwarf
Gaia DR2 1946326007135092864,1946326007135092864,WhiteDwarf
GALEX J074001.6+573522,1082371444090369664,WhiteDwarf
Gaia DR2 3130054624958706432,3130054624958706432,WhiteDwarf
Gaia DR2 5200155568010556416,5200155568010556416,WhiteDwarf
SBSS 1133+558,844546155583913472,WhiteDwarf
Gaia DR2 6745599562638802048,6745599562638802048,WhiteDwarf
Gaia DR2 1636792558830077568,1636792558830077568,WhiteDwarf
Gaia DR2 1560470298489560448,1560470298489560448,WhiteDwarf
GALEX J085215.8+044652,581868154784678272,WhiteDwarf
Gaia DR2 5640618792225702016,5640618792225702016,WhiteDwarf
GALEX J115623.5+365020,4033279409716532224,WhiteDwarf
GALEX J172517.9+503407,1414745013075639040,WhiteDwarf
GALEX J103346.8-242353,5471144163025952640,WhiteDwarf
GALEX J163224.0+062539,4438575781015911936,WhiteDwarf
GALEX J092208.6+053120,585578418117672064,WhiteDwarf
GALEX J232020.5-250555,2381389942057685248,WhiteDwarf
Gaia DR2 2429392656926964864,2429392656926964864,WhiteDwarf
GALEX J010521.2-040122,2531313261651981568,WhiteDwarf
SDSS J153520.98-011250.9,4416004868880934784,WhiteDwarf
Gaia DR2 3462589856509862272,3462589856509862272,WhiteDwarf
LSPM J0515+6712,484231556602236288,WhiteDwarf
GD 1466,5036741270807227136,WhiteDwarf
Gaia DR2 5367816114700460416,5367816114700460416,WhiteDwarf
SDSS J145516.66+555441.4,1612656075281932160,WhiteDwarf
Gaia DR2 260267291492667648,260267291492667648,WhiteDwarf
GALEX J105334.2-175053,3556027179269954816,WhiteDwarf
2QZ J021009.8-281825,5117227450401441920,WhiteDwarf
Gaia DR2 512531641575334912,512531641575334912,WhiteDwarf
2QZ J123813.4-020156,3683311760607261312,WhiteDwarf
Gaia DR2 4896954722570744448,4896954722570744448,WhiteDwarf
Gaia DR2 220187240804850176,220187240804850176,WhiteDwarf
Gaia DR2 6000906010796209536,6000906010796209536,WhiteDwarf
Gaia DR2 4100428990068491264,4100428990068491264,WhiteDwarf
GALEX J174059.2+023858,4376207774934471808,WhiteDwarf
Gaia DR2 4225025024896221952,4225025024896221952,WhiteDwarf
Gaia DR2 5896099286832393472,5896099286832393472,WhiteDwarf
Gaia DR2 5082047403343822848,5082047403343822848,WhiteDwarf
Gaia DR2 5158345573212260608,5158345573212260608,WhiteDwarf
Gaia DR2 2004214882035987456,2004214882037015296,WhiteDwarf
LAMOST J044535.22+512402.6,260324981497180928,WhiteDwarf
EGGR 360,3725570772761744384,WhiteDwarf
GALEX J210518.0-215559,6808180397235730560,WhiteDwarf
2QZ J141214.9+012422,3666324550771975168,WhiteDwarf
GALEX J085523.0+244523,689855894737141632,WhiteDwarf
Gaia DR2 4185247928327980032,4185247928327980032,WhiteDwarf
Gaia DR2 5484331082718362496,5484331082718362496,WhiteDwarf
SDSS J161626.80+382457.0,1378822151424506880,WhiteDwarf
Gaia DR2 53122973016215552,53122973016215552,WhiteDwarf
GALEX J101509.8-211533,5666566029691278336,WhiteDwarf
SDSS J064410.87+273815.5,3386166956495749760,WhiteDwarf
GALEX J230911.9-533812,6500475544148989696,WhiteDwarf
GALEX J050048.9+281845,155676454059750144,WhiteDwarf
Gaia DR2 5815502821075029504,5815502821075029504,WhiteDwarf
Gaia DR2 5144067555731869568,5144067555731869568,WhiteDwarf
GALEX J032604.4-105758,5162995717123669504,WhiteDwarf
Gaia DR2 6109367365383416576,6109367365383416576,WhiteDwarf
Gaia DR2 6233792808468459520,6233792808468459520,WhiteDwarf
RX J1546.9-3646,6009760034351291904,WhiteDwarf
Gaia DR2 3399126281577170560,3399126281577170560,WhiteDwarf
PB  5076,2681927869118654336,WhiteDwarf
GALEX J103729.3-194956,3554628905422649344,WhiteDwarf
SDSS J151413.58+194926.6,1212433091152576000,WhiteDwarf
GALEX J041535.6-252153,4895834255799287424,WhiteDwarf
Gaia DR2 3018985941751657472,3018985941751657472,WhiteDwarf
GALEX J041424.9+582313,469460266419468416,WhiteDwarf
SDSS J230653.49+225512.6,2841925296499542400,WhiteDwarf
Gaia DR2 2059320171437962624,2059320171437962624,WhiteDwarf
Gaia DR2 2313822646133307264,2313822646133307264,WhiteDwarf
2QZ J111504.3+013203,3810494126018205824,WhiteDwarf
GALEX J233742.5-472400,6525093742637622656,WhiteDwarf
GALEX J175406.4+224949,4577316109577158528,WhiteDwarf
GALEX J025503.6-010423,5187961915338574720,WhiteDwarf
GALEX J130515.2-112744,3622672904061635584,WhiteDwarf
SDSS J172019.15+244623.1,4570454783361419264,WhiteDwarf
GALEX J193313.6-630840,6441519009111900416,WhiteDwarf
GALEX J122242.0+812156,1719594958450701184,WhiteDwarf
[RS65]  2,1455121485227779200,WhiteDwarf
Gaia DR2 3052097184670591872,3052097184670591872,WhiteDwarf
Gaia DR2 407598241844910336,407598241844910336,WhiteDwarf
GALEX J112639.3+381108,761077447621242240,WhiteDwarf
SDSS J092157.64+101351.8,592306329767784320,WhiteDwarf
Gaia DR2 3333427648612765440,3333427648612765440,WhiteDwarf
GALEX J032425.6+044803,3275608932017529216,WhiteDwarf
GALEX J083707.8+162101,658030844204965888,WhiteDwarf
Gaia DR2 6123184412613840768,6123184412613840768,WhiteDwarf
Gaia DR2 478213237968962304,478213237968962304,WhiteDwarf
GALEX J153723.4+583909,1602884474927435648,WhiteDwarf
GALEX J120936.4+535525,1573002085346485888,WhiteDwarf
SDSS J155549.04+340137.2,1371482907013224576,WhiteDwarf
Gaia DR2 4649817012961339008,4649817012961339008,WhiteDwarf
Gaia DR2 5551794951535528448,5551794951535528448,WhiteDwarf
HE 0417-5357,4779379172505736832,WhiteDwarf
Gaia DR2 3015780624838756992,3015780624838756992,WhiteDwarf
Gaia DR2 6006269806482297600,6006269806482297600,WhiteDwarf
GALEX J171418.7+684115,1638269576607743360,WhiteDwarf
Gaia DR2 5312261949702050560,5312261949702050560,WhiteDwarf
SBSS 1219+594,1581112431006331136,WhiteDwarf
Gaia DR2 1812995821235997568,1812995821235997568,WhiteDwarf
Gaia DR2 6061133684385429760,6061133684385429760,WhiteDwarf
Gaia DR2 1755714052863660032,1755714052863660032,WhiteDwarf
Gaia DR2 4891546710207133696,4891546710207133696,WhiteDwarf
SDSS J093401.64+042409.5,3851112731248150912,WhiteDwarf
2QZ J010932.8-310033,5027976788744234752,WhiteDwarf
GALEX J193002.4+560509,2141711796070918528,WhiteDwarf
Gaia DR2 5097712115442073216,5097712115442073216,WhiteDwarf
GALEX J222814.3-250748,6622504185026615296,WhiteDwarf
Gaia DR2 4223264397548475392,4223264397548475392,WhiteDwarf
Gaia DR3 4664070020847704704,4664070020847704704,WhiteDwarf
GALEX J042048.2-642033,4675232945790219392,WhiteDwarf
GALEX J051726.2+550723,267484241003773056,WhiteDwarf
ATO J026.6489+49.2452,357457350520905216,WhiteDwarf
GALEX J034715.1-523338,4732975688708861440,WhiteDwarf
Gaia DR2 3112591494094417792,3112591494094417792,WhiteDwarf
GALEX J174718.8-641436,5909188663525260928,WhiteDwarf
GALEX J215004.7+001105,2681207654642114304,WhiteDwarf
GALEX J053100.5-455800,4799224635833122304,WhiteDwarf
GALEX J042906.9+620642,472696026060240384,WhiteDwarf
Gaia DR2 4721806132334885760,4721806132334885760,WhiteDwarf
SDSS J122738.21+370702.7,1531411138176019456,WhiteDwarf
SBSS 1130+496,789236460104873600,WhiteDwarf
EC 02557-2146,5079198057616595200,WhiteDwarf
GALEX J073651.8+375545,899087013268454656,WhiteDwarf
GALEX J224512.3+204257,2834648969064715904,WhiteDwarf
Gaia DR2 4626680917489564160,4626680917489564160,WhiteDwarf
SDSS J165649.02+444425.9,1359130718509324672,WhiteDwarf
SDSS J154553.59+181126.3,1197626582240728704,WhiteDwarf
KIS J191955.09+424723.1,2102762253791885952,WhiteDwarf
GALEX J103136.6-380337,5442076575984939264,WhiteDwarf
Gaia DR2 1730057150892676224,1730057150892676224,WhiteDwarf
Gaia DR2 1800751281792312064,1800751281792312064,WhiteDwarf
GALEX J051958.5-191257,2969439546919826944,WhiteDwarf
KUV 08381+3737,909935997578623488,WhiteDwarf
Gaia DR2 5701397252392288128,5701397252392288128,WhiteDwarf
SBSS 1418+536,1608061254844374784,WhiteDwarf
2QZ J030649.3-284031,5059603038126573440,WhiteDwarf
GALEX J024443.9+011315,2499301496005474048,WhiteDwarf
Gaia DR2 168546199007133440,168546199007133440,WhiteDwarf
Gaia DR2 1733050365141015424,1733050365141015424,WhiteDwarf
Gaia DR2 5342948769470859008,5342948769470859008,WhiteDwarf
Gaia DR2 3461833731810550912,3461833731810550912,WhiteDwarf
2MASS J05240029-0604029,3209150124204756224,WhiteDwarf
GALEX J211554.6-255713,6802877177777374848,WhiteDwarf
GALEX J071600.1-615210,5292855947401354752,WhiteDwarf
Gaia DR3 5819642821654663808,5819642821654663808,WhiteDwarf
GALEX J150014.4+505455,1592565420861891840,WhiteDwarf
Gaia DR2 6709422675147738752,6709422675147738752,WhiteDwarf
GALEX J001043.5+253829,2850342573405848832,WhiteDwarf
Gaia DR2 1326653313982753024,1326653313984729728,WhiteDwarf
Gaia DR2 5830723051308993152,5830723051308993152,WhiteDwarf
SDSS J013608.83+265253.8,295664655304153344,WhiteDwarf
Gaia DR2 4490372571209708800,4490372571209708800,WhiteDwarf
SDSS J152932.39+290303.0,1273428494407959040,WhiteDwarf
Gaia DR2 3076142919850826880,3076142919850826880,WhiteDwarf
SDSS J013443.27+243433.4,291935146222020352,WhiteDwarf
GALEX J011607.8+243917,294059406982609664,WhiteDwarf
GALEX J152304.8+051157,1161946124249573376,WhiteDwarf
Gaia DR2 6568381171825429760,6568381171825429760,WhiteDwarf
GALEX J210826.5-674444,6376741689583335040,WhiteDwarf
Gaia DR3 3357194893828461440,3357194893828461440,WhiteDwarf
Gaia DR3 2055103303833207936,2055103303833207936,WhiteDwarf
2MASS J21012669-3509333,6780206523619709568,WhiteDwarf
GALEX J025026.7-331750,5050711940428041344,WhiteDwarf
Gaia DR2 4239587884607271552,4239587884607271552,WhiteDwarf
GALEX J003547.3-004938,2542553706461714048,WhiteDwarf
GALEX J163146.3+171833,4466292858540904704,WhiteDwarf
Gaia DR2 2051331493597910528,2051331493597910528,WhiteDwarf
GALEX J035856.0+033734,3272111763486847744,WhiteDwarf
Gaia DR2 2955094661092112512,2955094661092112512,WhiteDwarf
Gaia DR2 6072560633825081216,6072560633825081216,WhiteDwarf
GALEX J191056.6-173420,4087672765343569408,WhiteDwarf
PB  3484,1461872761500082944,WhiteDwarf
GALEX J003854.9+203026,2795599233783831936,WhiteDwarf
Gaia DR2 4617412652942625664,4617412652942625664,WhiteDwarf
GALEX J203254.1+020557,4232375947323338496,WhiteDwarf
GALEX J215234.3+311706,1898066139683160320,WhiteDwarf
Gaia DR2 3082869220892345984,3082869220892345984,WhiteDwarf
2QZ J134139.5-020311,3661441546617846784,WhiteDwarf
Gaia DR2 6688432345338535552,6688432345338535552,WhiteDwarf
GALEX J100133.7+440855,808301781272159104,WhiteDwarf
GALEX J005721.9-052038,2524746634614091648,WhiteDwarf
Gaia DR2 4376561302281522432,4376561302281522432,WhiteDwarf
GALEX J181430.3+431616,2114754313577854848,WhiteDwarf
Gaia DR2 2403582068140776448,2403582068140776448,WhiteDwarf
Gaia DR2 6416341601587433600,6416341601587433600,WhiteDwarf
Gaia DR2 6527604924116216192,6527604924116216192,WhiteDwarf
Gaia DR3 3597513952011437056,3597513952011437056,WhiteDwarf
GALEX J081531.2-014405,3070952537773867648,WhiteDwarf
Gaia DR2 5821993508795318656,5821993508795318656,WhiteDwarf
Gaia DR2 2238276061182707200,2238276061182707200,WhiteDwarf
SDSS J081124.77+561223.5,1033454962044101632,WhiteDwarf
GALEX J012948.5-073204,2477515772613175168,WhiteDwarf
Gaia DR2 5596442721433287296,5596442721433287296,WhiteDwarf
Gaia DR2 2012967540033400704,2012967540033400704,WhiteDwarf
MCT 2108-4310,6580207798067984000,WhiteDwarf
SDSS J081216.73+355729.8,906040187363861760,WhiteDwarf
Gaia DR2 3234897211896894720,3234897211896894720,WhiteDwarf
Lan  29,446110423314739712,WhiteDwarf
Gaia DR2 5409048689796005248,5409048689796005248,WhiteDwarf
GALEX J004518.7-021755,2530462312667596928,WhiteDwarf
SDSS J212153.05+101943.7,1745232507299875712,WhiteDwarf
GALEX J050646.6+113826,3388121647650814592,WhiteDwarf
Gaia DR2 5195178289327118080,5195178289327118080,WhiteDwarf
2QZ J112920.5+011603,3798470347893194880,WhiteDwarf
GALEX J210954.5+164523,1763899916932683392,WhiteDwarf
GALEX J163512.6+284544,1311678098755846528,WhiteDwarf
GALEX J010819.7+303017,313040924752849280,WhiteDwarf
Gaia DR2 202862201723461248,202862201723461248,WhiteDwarf
GALEX J232008.1+440447,1937044754601156736,WhiteDwarf
Gaia DR2 3044147921757386880,3044147921757386880,WhiteDwarf
Gaia DR2 6249691957060646400,6249691957060646400,WhiteDwarf
GALEX J172845.7+205341,4555079659441944960,WhiteDwarf
Gaia DR2 5577143745438041344,5577143745438041344,WhiteDwarf
Gaia DR2 1983567595538269056,1983567595538269056,WhiteDwarf
GALEX J192218.5+564813,2141983375442375552,WhiteDwarf
GALEX J082027.2+253910,679466265769038848,WhiteDwarf
Gaia DR2 4496395043072944256,4496395043072944256,WhiteDwarf
Gaia DR2 2898123259941214464,2898123259941214464,WhiteDwarf
GALEX J151419.3+541325,1600089069693154304,WhiteDwarf
GALEX J031726.4-533458,4735018203355394176,WhiteDwarf
SDSS J012548.11-062033.5,2478597726414313088,WhiteDwarf
GALEX J153647.7+081826,1164354982426957824,WhiteDwarf
GALEX J014240.1-171412,5142336825646176256,WhiteDwarf
Gaia DR2 2078195689394249984,2078195689394249984,WhiteDwarf
GALEX J145705.6-021738,6340190212224107392,WhiteDwarf
GALEX J052338.3-515030,4772413525825729664,WhiteDwarf
GALEX J050647.1-225132,2960829816821460608,WhiteDwarf
Gaia DR2 3573086097879954304,3573086097879954304,WhiteDwarf
Gaia DR2 5753092131598332928,5753092131598332928,WhiteDwarf
GALEX J180110.4+075428,4476081673125344640,WhiteDwarf
Gaia DR2 2965638668364667008,2965638668364667008,WhiteDwarf
Gaia DR2 2248415997931362688,2248415997931362688,WhiteDwarf
LAMOST J045202.16+425347.8,205202374789423232,WhiteDwarf
GALEX J100027.0-300758,5463752863610676864,WhiteDwarf
GALEX J150003.6-160350,6306842338087328512,WhiteDwarf
GALEX J142616.0+485822,1507525343279161728,WhiteDwarf
GALEX J000625.6+034108,2740818192938196608,WhiteDwarf
LSPM J1941+4904,2134813670577242752,WhiteDwarf
GALEX J151208.0+111608,1168584460061428736,WhiteDwarf
GALEX J204615.1-173739,6858934163211466240,WhiteDwarf
Gaia DR2 5535551698760876032,5535551698760876032,WhiteDwarf
Gaia DR2 3944019814527862528,3944019814527862528,WhiteDwarf
Gaia DR2 4614613919108034688,4614613919108034688,WhiteDwarf
Gaia DR3 1809850397661369216,1809850397661369216,WhiteDwarf
2QZ J221059.7-312651,6613168369233972352,WhiteDwarf
Gaia DR3 5969619304367853952,5969619304367853952,WhiteDwarf
GALEX J225535.4-123033,2603927586531126912,WhiteDwarf
GALEX J172912.4-640300,5910132456815748608,WhiteDwarf
Gaia DR2 1933046758526934144,1933046758526934144,WhiteDwarf
Gaia DR2 6099093533028151296,6099093533038028800,WhiteDwarf
GALEX J133131.2+082550,3719648077285116032,WhiteDwarf
GALEX J090236.0+340933,713432894370291328,WhiteDwarf
KUV 16032+1234,4457700450047405056,WhiteDwarf
Gaia DR2 5616450255338123264,5616450255338123264,WhiteDwarf
GALEX J031553.1+011156,3266988623417107072,WhiteDwarf
GALEX J205237.3-533514,6470441177148968960,WhiteDwarf
GALEX J104508.0-845118,5190879679899286784,WhiteDwarf
GALEX J013812.1-041729,2480636392770827776,WhiteDwarf
GALEX J223758.2+134856,2732605528274105472,WhiteDwarf
Gaia DR2 5900498231004957696,5900498231004957696,WhiteDwarf
Gaia DR2 5302030749162473216,5302030753466409728,WhiteDwarf
GALEX J095923.4+023143,3836330725125750528,WhiteDwarf
2QZ J021034.0-310705,4971797276483176960,WhiteDwarf
GALEX J151102.3+301605,1276215657602216320,WhiteDwarf
GALEX J033944.0-280924,5081215279200310912,WhiteDwarf
Gaia DR2 6363592840482769792,6363592840482769792,WhiteDwarf
GALEX J164503.4+525901,1425639146081180928,WhiteDwarf
GALEX J020714.4-203838,5136557204119571840,WhiteDwarf
SDSS J014717.53+105918.6,2574937072678751488,WhiteDwarf
SDSS J192542.01+631741.5,2241981316586020736,WhiteDwarf
Gaia DR2 6554537014762395392,6554537014762395392,WhiteDwarf
SDSS J235006.49-041920.1,2447183820215313024,WhiteDwarf
Gaia DR2 4495643801754102272,4495643801754102272,WhiteDwarf
GALEX J195120.7+772131,2291281936209939840,WhiteDwarf
SDSS J222859.93+362359.6,1907358456049865984,WhiteDwarf
GALEX J125050.6-454118,6135126105325809408,WhiteDwarf
GALEX J123403.4+311713,4012280588756542976,WhiteDwarf
GALEX J000250.0+384904,2881003692097251584,WhiteDwarf
UVEX J224145.94+562230.0,2006989190386718592,WhiteDwarf
SDSS J125734.56+460805.0,1530779846704493952,WhiteDwarf
Gaia DR2 2009988482000312704,2009988482000312704,WhiteDwarf
Gaia DR2 390729942471170048,390729942471170048,WhiteDwarf
Gaia DR2 3456172110216223232,3456172110216223232,WhiteDwarf
2QZ J100511.6-015255,3829837662286600448,WhiteDwarf
Gaia DR2 4586356465979615488,4586356465979615488,WhiteDwarf
SDSS J185011.59+400044.1,2097548365354832640,WhiteDwarf
GALEX J105055.8+642515,1055493332593313664,WhiteDwarf
SDSS J235515.29+170806.6,2773334978019335040,WhiteDwarf
SDSS J113127.46+073627.8,3910703753212366080,WhiteDwarf
PSO J139.9741+78.0992,1131667154568866432,WhiteDwarf
Gaia DR2 6696031070196041728,6696031070196041728,WhiteDwarf
LP  590-143,2501237461104127744,WhiteDwarf
GALEX J075537.5+210742,673549759340742272,WhiteDwarf
Gaia DR2 3012921310490826752,3012921310490826752,WhiteDwarf
Gaia DR3 4322937016399839104,4322937016399839104,WhiteDwarf
GALEX J200806.5+692418,2250861449230497024,WhiteDwarf
Lan 458,2212561576584712960,WhiteDwarf
GALEX J051523.7-400912,4819086793696145024,WhiteDwarf
Gaia DR3 1607700958626988032,1607700958626988032,WhiteDwarf
Gaia DR2 4476472549504662528,4476472549504662528,WhiteDwarf
Gaia DR2 2722049048415873280,2722049048415873280,WhiteDwarf
Gaia DR2 299168042947542912,299168042947542912,WhiteDwarf
2SLAQ J090451.98-002951.6,3842783861947967232,WhiteDwarf
Gaia DR2 419438916923451648,419438916923451648,WhiteDwarf
GALEX J093010.0-253918,5661431310389669632,WhiteDwarf
PSO J062.1707-12.5839,3189033493822980096,WhiteDwarf
GALEX J153411.0+583220,1602838570317255168,WhiteDwarf
Gaia DR2 6100068142715691136,6100068142715691136,WhiteDwarf
Gaia DR2 2048747576843461760,2048747576843461760,WhiteDwarf
Gaia DR2 3454113373478045312,3454113373478045312,WhiteDwarf
Gaia DR2 2132260050520394624,2132260050520394624,WhiteDwarf
MCT 2334-4127,6537005065634429312,WhiteDwarf
GALEX J162020.7+620736,1628303225256080512,WhiteDwarf
Gaia DR2 282447395961475200,282447395961475200,WhiteDwarf
GALEX J111225.9-115240,3565974735845385344,WhiteDwarf
Gaia DR2 5708434092446979712,5708434092446979712,WhiteDwarf
Gaia DR2 3042078164133988864,3042078164133988864,WhiteDwarf
GALEX J201949.5+021457,4243273451881490560,WhiteDwarf
SDSS J135425.20+462743.5,1509067167818411264,WhiteDwarf
GALEX J073715.0+402706,923619905118724992,WhiteDwarf
GALEX J101011.9-355941,5446286090610849024,WhiteDwarf
SDSS J092643.79+162755.6,631165716393201792,WhiteDwarf
GALEX J052732.6-301815,2905736901223409536,WhiteDwarf
Gaia DR2 5919327191526262912,5919327191526262912,WhiteDwarf
GALEX J221438.9-514741,6511369569779620224,WhiteDwarf
Gaia DR2 3216713767772423296,3216713767772423296,WhiteDwarf
Gaia DR2 4757895432565067392,4757895432565067392,WhiteDwarf
Gaia DR3 4127864549619115392,4127864549619115392,WhiteDwarf
Gaia DR3 4259247015080177024,4259247015080177024,WhiteDwarf
SDSS J102532.64+332639.8,749189012505441920,WhiteDwarf
Gaia DR2 6087527353606018304,6087527353606018304,WhiteDwarf
PB  6723,2507283748560308864,WhiteDwarf
Gaia DR2 5820320571798422784,5820320571798422784,WhiteDwarf
GALEX J075856.3+290206,877092039068625664,WhiteDwarf
Gaia DR2 1741309484170637312,1741309484170637312,WhiteDwarf
GALEX J104105.1+730810,1078096268003767936,WhiteDwarf
GALEX J151628.4+275700,1271645842461283968,WhiteDwarf
GALEX J213351.7-072011,6895005841184328448,WhiteDwarf
Gaia DR2 6733611488595311744,6733611488595311744,WhiteDwarf
Gaia DR2 5325847858947281280,5325847858947281280,WhiteDwarf
GALEX J102128.3+393729,804038356215377408,WhiteDwarf
SDSS J143207.63+321310.9,1287011689258223360,WhiteDwarf
GALEX J043850.1-572137,4774753454071646976,WhiteDwarf
Gaia DR2 2169150864656275328,2169150864656275328,WhiteDwarf
SDSS J121218.77+285101.5,4012951222130005376,WhiteDwarf
GALEX J221326.4-002712,2678624906124078464,WhiteDwarf
Gaia DR2 5984704118563902336,5984704118563902336,WhiteDwarf
Gaia DR2 5407889426588015360,5407889426588015360,WhiteDwarf
GALEX J014344.4-064016,2467266606255210112,WhiteDwarf
2QZ J133535.4-024723,3637332215853725312,WhiteDwarf
Gaia DR2 1985110828827144320,1985110828827144320,WhiteDwarf
LAMOST J065057.83+050351.9,3129311767418100736,WhiteDwarf
Gaia DR2 2911500743038826752,2911500743038826752,WhiteDwarf
** DAM 2311C,5204237028189995904,WhiteDwarf
LSPM J0054+3331,362636595747785728,WhiteDwarf
SDSS J224012.76-002354.4,2653143414912264320,WhiteDwarf
2QZ J010847.3-274839,5033261350865093120,WhiteDwarf
GALEX J095738.5+194602,626950257532282624,WhiteDwarf
GALEX J013834.0+342105,317891832615440128,WhiteDwarf
GALEX J195605.6+140438,1807360446188026368,WhiteDwarf
SDSS J091539.77+434325.5,817097736855506048,WhiteDwarf
GALEX J164658.6+064049,4441782472317964928,WhiteDwarf
SDSS J134102.40+233112.1,1443832112150584192,WhiteDwarf
Gaia DR2 2333736283476595072,2333736283476595072,WhiteDwarf
LSPM J0752+8112,1142421855756781440,WhiteDwarf
GALEX J174642.7-723951,5803584458621144832,WhiteDwarf
SDSS J232628.75+532202.5,1992731921882804480,WhiteDwarf
GALEX J021006.9-152150,5148192923359144576,WhiteDwarf
SDSS J225847.03-005450.6,2651505207011569152,WhiteDwarf
GALEX J023421.2+085010,20121956141813632,WhiteDwarf
PB  8213,2423081528901806976,WhiteDwarf
Gaia DR2 1939334551991550848,1939334551991550848,WhiteDwarf
Gaia DR3 5893113081970750592,5893113081970750592,WhiteDwarf
GALEX J080636.8+260452,681980573985578880,WhiteDwarf
SDSS J180147.08+652136.7,2161573442833511040,WhiteDwarf
Gaia DR2 599758132385798784,599758132385798784,WhiteDwarf
GALEX J082829.6-073912,5754761469423739008,WhiteDwarf
SDSS J225004.04+191707.7,2833496852677924480,WhiteDwarf
Gaia DR2 3386507667661433728,3386507667661433728,WhiteDwarf
Gaia DR2 5125966227084583040,5125966227084583040,WhiteDwarf
GALEX J051413.1-315822,4827383536640230912,WhiteDwarf
GALEX J050306.7+511001,259706093888154880,WhiteDwarf
SDSS J130355.87+441815.8,1529446512759983616,WhiteDwarf
HBQS 0052-4050,4987468065957726976,WhiteDwarf
GALEX J170753.1+192104,4560781108262322304,WhiteDwarf
GALEX J004239.7+111336,2774633157654300032,WhiteDwarf
GALEX J083059.8+172510,659146878570815488,WhiteDwarf
GALEX J114624.3-182328,3544080637542129408,WhiteDwarf
Gaia DR2 3386504025527820160,3386504025527820160,WhiteDwarf
GALEX J084632.4+540251,1029988755934624256,WhiteDwarf
GALEX J121925.1-443657,6143909416526940672,WhiteDwarf
PG 1519+384,1387655524762487552,WhiteDwarf
SDSS J134822.93+535918.1,1561366159947884928,WhiteDwarf
GALEX J015652.7-460907,4942630291014517248,WhiteDwarf
JL  55,6374348636885284224,WhiteDwarf
Gaia DR3 2019722114840716672,2019722114840716672,WhiteDwarf
Gaia DR3 4037931821378973184,4037931821378973184,WhiteDwarf
GALEX J120601.0-285202,3473957599853783680,WhiteDwarf
Gaia DR2 6065464282713854208,6065464282716532352,WhiteDwarf
SDSS J233922.60+344237.8,2873005672717523328,WhiteDwarf
Gaia DR2 6672820036136490112,6672820036136490112,WhiteDwarf
GALEX J130827.1+514053,1557697471898397824,WhiteDwarf
GALEX J005440.0+325239,361054432874158848,WhiteDwarf
Gaia DR2 984327476845550976,984327476845550976,WhiteDwarf
GALEX J123922.1-041908,3680459043329315072,WhiteDwarf
GALEX J233109.1+165252,2820705993393171200,WhiteDwarf
SDSS J235855.26+255353.6,2853360530961651584,WhiteDwarf
SDSS J024712.04+305600.4,130145927205581056,WhiteDwarf
SDSS J221048.79+220345.4,1782077077522102272,WhiteDwarf
SDSS J080756.61+430628.3,922104533281977984,WhiteDwarf
GALEX J180946.0+320210,4591357972575310592,WhiteDwarf
SDSS J144414.78+214706.2,1241517196641669760,WhiteDwarf
GALEX J112308.4-115559,3565412778028357888,WhiteDwarf
GALEX J223620.9-245214,6623790991588232704,WhiteDwarf
SDSS J015343.17+042533.5,2512937609148915840,WhiteDwarf
GALEX J210015.4-292057,6800492989892385664,WhiteDwarf
LAMOST J060629.10+020721.8,3315330438840951552,WhiteDwarf
GALEX J081845.0+360206,904496782275537792,WhiteDwarf
GALEX J234106.8+083550,2758147733142843776,WhiteDwarf
SDSS J165624.68+325043.6,1313700547316488576,WhiteDwarf
Gaia DR2 3050375525560653696,3050375525560653696,WhiteDwarf
HD 229513B,4504577986571873280,WhiteDwarf
Gaia DR2 6136215480830221056,6136215480830221056,WhiteDwarf
Gaia DR3 1987578717038844032,1987578717038844032,WhiteDwarf
GALEX J142437.6+600650,1612280420262204416,WhiteDwarf
GALEX J121514.9-325847,3469219529372358784,WhiteDwarf
Gaia DR2 6908857969707921280,6908857969707921280,WhiteDwarf
GALEX J160339.1-312009,6036879454284538880,WhiteDwarf
Gaia DR2 1643419860870668928,1643419860870668928,WhiteDwarf
2QZ J144701.8-010326,3650515390335594624,WhiteDwarf
Gaia DR2 1962909391262872832,1962909391262872832,WhiteDwarf
Gaia DR3 4757407593006849152,4757407593006849152,WhiteDwarf
Gaia DR3 4293645030191974912,4293645030191974912,WhiteDwarf
Gaia DR2 5312719857610564992,5312719857610564992,WhiteDwarf
GALEX J231651.4-013225,2638709296846728320,WhiteDwarf
SDSS J004214.88+001135.7,2543098067797246208,WhiteDwarf_Candidate
Gaia DR2 230023879846016512,230023879846016512,WhiteDwarf
GALEX J162742.6+302806,1318129143931337216,WhiteDwarf
GALEX J165501.5+125202,4449142259556628608,WhiteDwarf
GALEX J013335.6-021401,2484647071887053184,WhiteDwarf
Gaia DR2 3843292252932288896,3843292252932288896,WhiteDwarf
Gaia DR2 423495698215605248,423495702524803968,WhiteDwarf
GALEX J052915.1-262236,2956761142761928704,WhiteDwarf
Gaia DR2 6200001178311265920,6200001178311265920,WhiteDwarf
Gaia DR2 4552713098092963072,4552713098092963072,WhiteDwarf
SDSS J085250.82+583619.1,1037497522702262656,WhiteDwarf
GALEX J125005.1-203632,3509435507186636288,WhiteDwarf
GALEX J135013.1-303919,6172135980248274304,WhiteDwarf
Gaia DR2 510136630371400320,510136630371400320,WhiteDwarf
GALEX J123507.2+201158,3949157213888953728,WhiteDwarf
GALEX J000603.5-021010,2448701730377382656,WhiteDwarf
SDSS J154625.33+300946.2,1321060987390596096,WhiteDwarf
GALEX J095416.9-193345,5671351963288492288,WhiteDwarf
GALEX J011457.9+401548,371913798121084800,WhiteDwarf
GALEX J233812.4+325501,2871985497725510272,WhiteDwarf
Gaia DR2 1996749404230311168,1996749404230311168,WhiteDwarf
Gaia DR2 527999468072534656,527999468072534656,WhiteDwarf
GALEX J044546.5-200121,2977539786520716032,WhiteDwarf
Gaia DR2 5786657232297241216,5786657232297241216,WhiteDwarf
Gaia DR2 1889318631333587456,1889318631333587456,WhiteDwarf
2QZ J130931.2+010654,3690921033906882048,WhiteDwarf
Gaia DR2 3389401994581451392,3389401994581451392,WhiteDwarf
GALEX J052845.4-155149,2983807170301279488,WhiteDwarf
GALEX J173635.3+642114,1440509662889127296,WhiteDwarf
GALEX J003918.9-424146,4992847907633143424,WhiteDwarf
LP   25-594,2289568209898982656,WhiteDwarf
GALEX J030317.5-420658,4851800979770492544,WhiteDwarf
GALEX J041000.8-530557,4780305781633527936,WhiteDwarf
SDSS J160430.50+294323.5,1320285969132130560,WhiteDwarf
LP  207-50,925532265076649472,WhiteDwarf
2QZ J230330.0-320405,6604611252486925824,WhiteDwarf
Gaia DR2 3330030565704492800,3330030565704492800,WhiteDwarf
GALEX J082432.8+111841,601166469342217472,WhiteDwarf
SDSS J004744.82+330753.7,361246675610754304,WhiteDwarf
WT 306,5367774809996936960,WhiteDwarf
GALEX J142234.2+005737,3654415014481177472,WhiteDwarf
SDSS J000022.83-105126.7,2422606849116230528,WhiteDwarf
GALEX J220615.3-562239,6412722348609259008,WhiteDwarf
GALEX J233657.6+412933,1920774903090816512,WhiteDwarf
Gaia DR2 5631915367418035072,5631915367418035072,WhiteDwarf
Gaia DR2 2303727858079707136,2303727858079707136,WhiteDwarf
SDSS J001643.05-085905.9,2428507687504896512,WhiteDwarf
GALEX J052234.1+550335,266787356790310656,WhiteDwarf
2QZ J113249.6-020914,3793588584985093504,WhiteDwarf
Gaia DR2 6090917182315013120,6090917182315013120,WhiteDwarf
GALEX J101337.4+390500,802640121022464768,WhiteDwarf
Gaia DR2 5312623959584236544,5312623959584236544,WhiteDwarf
Gaia DR2 5170366946155231232,5170366946155231232,WhiteDwarf
SDSS J083428.65+015452.0,3079481999225480448,WhiteDwarf
Gaia DR2 184551411815124096,184551411815124096,WhiteDwarf
GALEX J120957.9+410402,1536246618516881664,WhiteDwarf
PB  6994,3266337781252698880,WhiteDwarf
Gaia DR2 347933754466141952,347933754466141952,WhiteDwarf
Gaia DR3 3880231510004004736,3880231510004004736,WhiteDwarf
GALEX J043827.0+335324,173696487566472064,WhiteDwarf
Gaia DR2 4518911705496368512,4518911705496368512,WhiteDwarf
GALEX J172234.2-114534,4141888687277388288,WhiteDwarf
EC 04534-5931,4761967615605547264,WhiteDwarf
SDSS J122717.81+563821.7,1574653689250595072,WhiteDwarf
GALEX J032927.1-152926,5111971643086456960,WhiteDwarf
SDSS J010138.18+465756.2,401960216796780288,WhiteDwarf
Gaia DR2 6338231123021859968,6338231123021859968,WhiteDwarf
Gaia DR3 5991509408342507008,5991509408342507008,WhiteDwarf
Gaia DR2 6192023396815106816,6192023396815106816,WhiteDwarf
Gaia DR3 2731326182070011904,2731326182070011904,WhiteDwarf
GALEX J035336.1-212203,5093665053658477184,WhiteDwarf
GALEX J013123.4-163955,2450908110912444160,WhiteDwarf
SDSS J051607.66+162919.9,3393951395741576192,WhiteDwarf
GALEX J191430.1-230524,6770984399914463616,WhiteDwarf
Gaia DR2 2131395834382728704,2131395834382728704,WhiteDwarf
GALEX J160927.1+080621,4451409074575859328,WhiteDwarf
Gaia DR2 5296007937998585984,5296007937998585984,WhiteDwarf
Gaia DR2 5536110589963148032,5536110589963148032,WhiteDwarf
2QZ J102001.1+004915,3832069808330390144,WhiteDwarf
Gaia DR3 5873772745479316096,5873772745479316096,WhiteDwarf
Gaia DR2 2265642978613763072,2265642978613763072,WhiteDwarf
GALEX J200655.2-065922,4216886444123762944,WhiteDwarf
Gaia 18bza,1106451646386343296,WhiteDwarf
GALEX J194754.3-173517,6871422626739361152,WhiteDwarf
SDSS J110646.09+195204.4,3984410992649158528,WhiteDwarf
Gaia DR2 3010821002763570432,3010821002763570432,WhiteDwarf
Gaia DR3 5350970119117018240,5350970119117018240,WhiteDwarf
Gaia DR2 4649146280802392960,4649146280802392960,WhiteDwarf
GALEX J085644.7+102713,603783891132232576,WhiteDwarf
LB  5133,3016190953132133632,WhiteDwarf
GALEX J232227.7-534822,6499716430152770176,WhiteDwarf
Gaia DR2 4859888158373973632,4859888158373973632,WhiteDwarf
Gaia DR2 4223799241230246656,4223799241230246656,WhiteDwarf
Gaia DR2 1810293088525176192,1810293088525176192,WhiteDwarf
GALEX J163841.6+262336,1301393232631080320,WhiteDwarf
GALEX J103906.0+302308,735474632173515264,WhiteDwarf
Gaia DR2 267777604451603328,267777604451603328,WhiteDwarf
GALEX J194751.9-290806,6751948314576914688,WhiteDwarf
GALEX J012205.3-370025,5012755424647676800,WhiteDwarf
GALEX J045732.2-641008,4664651250184794368,WhiteDwarf
GALEX J223525.8+305155,1888667166397184512,WhiteDwarf
Gaia DR3 6709389277492483072,6709389277492483072,WhiteDwarf
2QZ J025647.0-314121,5052779056647437952,WhiteDwarf
Gaia DR2 5196495328162577664,5196495328162577664,WhiteDwarf
GALEX J103251.2+751253,1126680250860981888,WhiteDwarf
Gaia DR2 5924996174703285760,5924996174703285760,WhiteDwarf
SDSS J092551.76+353957.4,798602267650286464,WhiteDwarf
Gaia DR2 271625173593137792,271625173593137792,WhiteDwarf
GALEX J074748.6+333910,882068188178193536,WhiteDwarf
LEHPM 5151,6491188789766951680,WhiteDwarf
Gaia DR2 4589564531672505728,4589564531672505728,WhiteDwarf
GALEX J193444.7+860922,2304791120183431424,WhiteDwarf
Gaia DR2 4329326450254526336,4329326450254526336,WhiteDwarf
GALEX J012306.1-130027,2456360584778969984,WhiteDwarf
GALEX J030732.2+070237,7532616723450368,WhiteDwarf
Gaia DR2 3408111185655465344,3408111185655465344,WhiteDwarf
LP  239-41,1926859527423278976,WhiteDwarf
Gaia DR2 2043238576918743424,2043238576918743424,WhiteDwarf
GALEX J221031.3-423543,6568408663912770944,WhiteDwarf
GALEX J113453.1-183015,3546880926155613056,WhiteDwarf
LAMOST J052250.50+293919.5,3446541552292967168,WhiteDwarf
GALEX J004007.7-344529,5004598731996664832,WhiteDwarf
GALEX J090428.7+134645,606937702797000320,WhiteDwarf
GALEX J221409.7+002031,2678951147544822272,WhiteDwarf
GALEX J163921.9+084425,4445455837587394944,WhiteDwarf
GALEX J060645.3+592044,999673532433938816,WhiteDwarf
EGGR 342,1100655330324351616,WhiteDwarf
Gaia DR2 6149522599478900224,6149522599478900224,WhiteDwarf
Gaia DR2 765965051684223360,765965051684223360,WhiteDwarf
GALEX J135926.8+061430,3672509333742601344,WhiteDwarf
GALEX J130207.1+615910,1675679497670192512,WhiteDwarf
Gaia DR2 990754397187371520,990754397187371520,WhiteDwarf
GALEX J155657.9-055350,4398001980883875968,WhiteDwarf
Gaia DR2 5484819575119348096,5484819575119348096,WhiteDwarf
Gaia DR2 2691998570995963264,2691998570995963264,WhiteDwarf
EGGR 557,2393875961742886656,WhiteDwarf
GALEX J192947.5+000529,4287428425822450176,WhiteDwarf
GALEX J121048.4+055347,3895376870362295680,WhiteDwarf
Gaia DR2 3246921647153906048,3246921647153906048,WhiteDwarf
SDSS J102121.05+091351.5,3876200081900260608,WhiteDwarf
GALEX J225543.3+254608,1882674797962582912,WhiteDwarf
GALEX J095733.3+171737,626035811749800448,WhiteDwarf
GALEX J195526.4-413101,6687114030896431616,WhiteDwarf
GALEX J075815.9+135514,654254017467961984,WhiteDwarf
GALEX J001830.0+084346,2749295633747172736,WhiteDwarf
GALEX J105121.1+161604,3981682039149064064,WhiteDwarf
GALEX J072821.1-655112,5287302348530163200,WhiteDwarf
SDSS J141431.59-024008.0,3646213001335440896,WhiteDwarf
SDSS J150704.41+605858.7,1616162314783111296,WhiteDwarf
2QZ J142710.9-015232,3652472761550651776,WhiteDwarf
GALEX J041407.3-640107,4675927532198006400,WhiteDwarf
GALEX J110833.0-205711,3539257286189880960,WhiteDwarf
SDSS J232657.87+495538.7,1943168617756289792,WhiteDwarf
Gaia DR2 3183221952097605888,3183221952097605888,WhiteDwarf
GALEX J142835.9+362718,1481169431085734400,WhiteDwarf
Gaia DR2 2017259174433492864,2017259174433492864,WhiteDwarf
SDSS J224847.11-015301.8,2649709841962009088,WhiteDwarf
Gaia DR2 2886390577518659840,2886390577518659840,WhiteDwarf
SDSS J213350.71+242805.6,1797494081674032512,WhiteDwarf
GALEX J132552.3-183352,3507107463114058752,WhiteDwarf
2QZ J001945.9-291228,2321888766513549824,WhiteDwarf
GALEX J234016.4-100430,2435605103781621760,WhiteDwarf
Gaia DR2 32451883831098240,32451883831098240,WhiteDwarf
GALEX J101745.0+304352,742616406872711168,WhiteDwarf
2QZ J141741.2-014654,3647399717979064320,WhiteDwarf
GALEX J175149.8-763839,5800843852874105216,WhiteDwarf
Gaia DR2 5248164888539860992,5248164888539860992,WhiteDwarf
Gaia DR2 6438135223424624000,6438135223424624000,WhiteDwarf
LAMOST J200011.08+440158.2,2076093049511776512,WhiteDwarf
Gaia DR2 4321357640979125632,4321357640979125632,WhiteDwarf
Gaia DR2 5518162097732839296,5518162097732839296,WhiteDwarf
Gaia DR2 5484645474324078720,5484645474324078720,WhiteDwarf
PB  3159,1464134289414972288,WhiteDwarf
Gaia DR2 5672374612182096640,5672374612182096640,WhiteDwarf
SDSS J101835.87+192117.6,624309642918779264,WhiteDwarf
LP  137-48,1430492287326093696,WhiteDwarf
Gaia DR2 3217912029286644736,3217912029286644736,WhiteDwarf
Gaia DR2 6837613017841057920,6837613017841057920,WhiteDwarf
GALEX J033525.8+504711,442032334683101056,WhiteDwarf
GALEX J222658.7-375629,6594864764806659712,WhiteDwarf
GALEX J133200.1-204757,6196611585822903296,WhiteDwarf
SDSS J083921.07+084250.2,596434068217137152,WhiteDwarf
GALEX J170155.5+381314,1351793162020066944,WhiteDwarf
LEHPM 4880,6545401932855791744,WhiteDwarf
GALEX J035642.6-355708,4857676838628291584,WhiteDwarf
LSPM J0407+7621,551417382116164480,WhiteDwarf
GALEX J080326.0+370149,907050569829726592,WhiteDwarf
PB  8547,2471769621766798720,WhiteDwarf
GALEX J141255.8+233233,1254085817132664320,WhiteDwarf
Gaia DR2 3357314328273942528,3357314328273942528,WhiteDwarf
Gaia DR2 363364266286396800,363364266286396800,WhiteDwarf
GALEX J154456.7+361745,1375883049467922304,WhiteDwarf
Gaia DR2 4711565418472312960,4711565418472312960,WhiteDwarf
GALEX J150808.2+423752,1393207921043714048,WhiteDwarf
PM J18138+2119,4528087336172846848,WhiteDwarf
GALEX J094034.6+253105,645069281444511488,WhiteDwarf
PB  8265,2423989416269556096,WhiteDwarf
SDSS J102955.65+310353.6,747729754417122304,WhiteDwarf
Gaia DR2 2070680802295564928,2070680802295564928,WhiteDwarf
WT 202,5564028981196462336,WhiteDwarf
GALEX J193818.4+554353,2138961505172741760,WhiteDwarf
Gaia DR2 1954368449356833024,1954368449356833024,WhiteDwarf
GALEX J123100.4+440658,1541435415750391936,WhiteDwarf
GALEX J160021.9-122316,4342700840974663040,WhiteDwarf
Gaia DR2 265568689886199424,265568689886199424,WhiteDwarf
SDSS J072420.76+320611.1,892944179243357056,WhiteDwarf
SDSS J010235.69+134535.3,2777085309102500992,WhiteDwarf
Gaia DR2 5828804506585851136,5828804506585851136,WhiteDwarf
GALEX J094548.8-074741,3819531046446951168,WhiteDwarf
Gaia DR2 2264397502520265600,2264397502520265600,WhiteDwarf
SDSS J205412.29+550408.7,2183022921827358080,WhiteDwarf
Gaia DR2 5752734000045578752,5752734000045578752,WhiteDwarf
GALEX J094033.2-340841,5438476190799444864,WhiteDwarf
GALEX J095438.0+624747,1051545845331804800,WhiteDwarf
GALEX J084106.9+473708,1014548520302641536,WhiteDwarf
SDSS J142118.18+523547.1,1607955048893157632,WhiteDwarf
Gaia DR2 1598641150317752448,1598641150317752448,WhiteDwarf
GALEX J223951.0-643115,6392698768694242816,WhiteDwarf
Gaia DR2 3367284115598791168,3367284115598791168,WhiteDwarf
Gaia DR2 4521112274922384640,4521112274922384640,WhiteDwarf
Gaia DR2 2050560465363885696,2050560465363885696,WhiteDwarf
Gaia DR2 5832536833215107200,5832536833215107200,WhiteDwarf
Gaia DR2 5541708238024591360,5541708238024591360,WhiteDwarf
Gaia DR2 6026733504605588864,6026733504605588864,WhiteDwarf
GALEX J115233.1+400730,768057972068048128,WhiteDwarf
SDSS J032936.98-010235.4,3263239838522458368,WhiteDwarf
Gaia DR2 2934561075286451840,2934561075286451840,WhiteDwarf
Gaia DR2 4783039171836521088,4783039171836521088,WhiteDwarf
LSPM J1318+7353,1688618481786030336,WhiteDwarf
Gaia DR2 4607258285102412928,4607258285102412928,WhiteDwarf
GALEX J084255.9+145953,609568219942815744,WhiteDwarf
Gaia DR2 5650805870536726144,5650805870536726144,WhiteDwarf
GALEX J034055.5+112711,37216445670856960,WhiteDwarf
Gaia DR2 6082056767867456128,6082056767867456128,WhiteDwarf
GALEX J040005.1-423420,4842214161792810112,WhiteDwarf
GALEX J005751.6+305042,312502129695079680,WhiteDwarf
Gaia DR2 5974815390183379712,5974815390183379712,WhiteDwarf
Gaia DR2 4782200308888106368,4782200308888106368,WhiteDwarf
GALEX J142802.6+175232,1238653071924951808,WhiteDwarf
SDSS J084247.50+073320.5,595488144619694080,WhiteDwarf
Gaia DR2 6369368983082159360,6369368983082159360,WhiteDwarf
Gaia DR2 2896213511322749440,2896213511322749440,WhiteDwarf
Gaia DR2 1053655945584337536,1053655945584337536,WhiteDwarf
GALEX J123003.1-253746,3499706581628267776,WhiteDwarf
2QZ J144913.2+005503,3651976125892858880,WhiteDwarf
Gaia DR2 3137710313966752768,3137710313966752768,WhiteDwarf
GALEX J232411.1+283335,2869128897797854080,WhiteDwarf
Gaia DR2 2092686565454710784,2092686565454710784,WhiteDwarf
SDSS J153451.87+254754.8,1222381536783949696,WhiteDwarf
GALEX J181257.6-540105,6653196506656583168,WhiteDwarf
SDSS J175033.41+451222.9,1349772809405399680,WhiteDwarf
GALEX J064331.3+624748,1004268391525692160,WhiteDwarf
Ruiz 439-163,3481479706793358848,WhiteDwarf
GALEX J054541.6-301312,2903867521000167424,WhiteDwarf
GALEX J154126.5+381740,1377139039640591360,WhiteDwarf
Gaia DR2 5849430073436393216,5849430073436393216,WhiteDwarf
GALEX J122504.5-280435,3474806010513586944,WhiteDwarf
GALEX J013801.2+310318,303732635405653760,WhiteDwarf
2MASS J15434045+1947549,1215995367092069632,WhiteDwarf
Gaia DR2 3312867945109008512,3312867945109008512,WhiteDwarf
Gaia DR2 379795505490683776,379795505490683776,WhiteDwarf
GALEX J163613.9+655829,1636037224405929344,WhiteDwarf
Gaia DR2 416472743786177920,416472743786177920,WhiteDwarf
Gaia DR2 5279676818780304512,5279676818780304512,WhiteDwarf
GALEX J035123.1+280257,70851257984504704,WhiteDwarf
Gaia DR2 495618099015569536,495618099015569536,WhiteDwarf
GALEX J225203.7+141854,2720171013836962816,WhiteDwarf
Gaia DR2 5317628562848790784,5317628562848790784,WhiteDwarf
GALEX J101904.8+052256,3861332176432164096,WhiteDwarf
SDSS J085954.29+492530.4,1015694997397943040,WhiteDwarf
GALEX J155316.2+633809,1640114213521979648,WhiteDwarf
Gaia DR2 2886424357438837504,2886424357438837504,WhiteDwarf
GALEX J210748.9-342938,6777661081184992128,WhiteDwarf
GALEX J054715.7-465253,4795947399690504832,WhiteDwarf
KIC 7766212,2078037050483671552,WhiteDwarf
GALEX J230620.3-543419,6500138853072758912,WhiteDwarf
GALEX J054617.6-403143,4805074686231293056,WhiteDwarf
LAMOST J132116.97+580730.4,1566744936471876992,WhiteDwarf
GALEX J191349.8-605456,6446076858470642560,WhiteDwarf
Gaia DR2 5204830592668717952,5204830592668717952,WhiteDwarf
SDSS J122638.16+115702.4,3907760227441523712,WhiteDwarf
GALEX J045629.1-274517,4880316087985831808,WhiteDwarf
Gaia DR2 873537352336240512,873537352336240512,WhiteDwarf
FBS 1516+676,1645789553242291456,WhiteDwarf
GALEX J181035.2-005749,4274356748682889856,WhiteDwarf
GALEX J205919.8+121013,1758098545690387840,WhiteDwarf
GALEX J163642.0+282645,1310904248728297856,WhiteDwarf
UCAC4 368-054305,5682820732855380736,WhiteDwarf
GALEX J025529.0-144705,5157301964879082624,WhiteDwarf
Gaia DR2 2969169170139585920,2969169170139585920,WhiteDwarf
GALEX J090343.1+011848,576668560001329792,WhiteDwarf
GALEX J172856.2+325046,4601940290956951424,WhiteDwarf
SDSS J103854.26+433201.6,829226999377005824,WhiteDwarf
Gaia DR2 3556764882853591168,3556764882853591168,WhiteDwarf
SDSS J093949.46+212940.1,640744940867547008,WhiteDwarf
GALEX J034118.9-633226,4673418274862665600,WhiteDwarf
Gaia DR2 5380901368217480576,5380901368217480576,WhiteDwarf
Gaia DR2 5554152961595791104,5554152961595791104,WhiteDwarf
[CSC85] 2233.5+1327,2732572680364077824,WhiteDwarf
GALEX J062244.5-275246,2898594817287531904,WhiteDwarf
Gaia DR2 2157696805352233088,2157696805352233088,WhiteDwarf
GALEX J215003.2+000841,2681195701749185664,WhiteDwarf
Gaia DR2 5227382843170655616,5227382843170655616,WhiteDwarf
Gaia DR2 5910314189778364032,5910314189778364032,WhiteDwarf
Gaia DR2 1807256752795293184,1807256752795293184,WhiteDwarf
Gaia DR2 5507525972000815488,5507525972000815488,WhiteDwarf
Gaia DR2 1374078304210305920,1374078304210305920,WhiteDwarf
Gaia DR2 243516884679200256,243516884679200256,WhiteDwarf
HD 218028B,2281284871549777536,WhiteDwarf
KUV 03493+0131,3270216931292757248,WhiteDwarf
Gaia DR2 434318740924161152,434318740924161152,WhiteDwarf
WD 1910+047,4293389329335513984,WhiteDwarf
Gaia DR2 3312946392688548480,3312946392688548480,WhiteDwarf
2QZ J121548.7-005638,3698040337339931776,WhiteDwarf
GALEX J153844.2+025210,4424162321742140928,WhiteDwarf
GALEX J095812.1-290053,5464715520400964736,WhiteDwarf
GALEX J104329.0+501430,836581220337855872,WhiteDwarf
GALEX J130652.9+692620,1685704088777415808,WhiteDwarf
2QZ J023210.1-281142,5069954459065837696,WhiteDwarf
SDSS J092645.08+473317.9,819581224384558720,WhiteDwarf
Gaia DR2 6585024788573070976,6585024788573070976,WhiteDwarf
SDSS J162200.69+504209.4,1423671883556884096,WhiteDwarf
SDSS J155414.95+110254.0,4456145633228703360,WhiteDwarf
SDSS J073204.74+154641.6,3168509318288008576,WhiteDwarf
Gaia DR3 4044671449699761664,4044671449699761664,WhiteDwarf
GALEX J112548.0-334441,5399706276932728704,WhiteDwarf
Gaia DR2 5331098263192299008,5331098263192299008,WhiteDwarf
Gaia DR2 3142633171122444416,3142633171122444416,WhiteDwarf
Gaia DR2 1209783233769933184,1209783233769933184,WhiteDwarf
GALEX J045750.3+062807,3288223319685832448,WhiteDwarf
SDSS J102545.96+522454.3,848485533948657280,WhiteDwarf
GALEX J064932.9+305458,888858256596293248,WhiteDwarf
FOCAP QSF5:21,4836246360571059712,WhiteDwarf
GALEX J105942.6+234950,3995857767688055808,WhiteDwarf
Gaia DR2 3425192266297052416,3425192266297052416,WhiteDwarf
Gaia DR2 4081965161826559360,4081965161826559360,WhiteDwarf
GD 518,1635687790163070976,WhiteDwarf
GALEX J104101.9+371359,751961568513630976,WhiteDwarf
GALEX J093831.4+381425,800639593975697408,WhiteDwarf
Gaia DR2 4947585691138454144,4947585691138454144,WhiteDwarf
Gaia DR2 447829471087181184,447829475386818432,WhiteDwarf
Gaia DR2 2082008971824158720,2082008971824158720,WhiteDwarf
SDSS J123109.91+392421.1,1533568375694548480,WhiteDwarf
SDSS J201956.79+320909.2,2054290592931084928,WhiteDwarf
GALEX J054450.7-590335,4765178013464519808,WhiteDwarf
2QZ J231727.7-294950,2329878853088262016,WhiteDwarf
GALEX J170554.1+272602,4574900658626230144,WhiteDwarf
GALEX J224109.6+135013,2731890399039118720,WhiteDwarf
GALEX J140629.8-320115,6172324512131030656,WhiteDwarf
LP   88-121,1087504449701073536,WhiteDwarf
GALEX J200049.4+012319,4237718306827695616,WhiteDwarf
GALEX J124253.4+162200,3934411152347910912,WhiteDwarf
GALEX J150505.2-093331,6320005450776529024,WhiteDwarf
Gaia DR2 5798135485166972672,5798135485166972672,WhiteDwarf
Gaia DR2 6110706746646478720,6110706746646478720,WhiteDwarf
Gaia DR2 422242804718617216,422242804718617216,WhiteDwarf
Gaia DR2 3573532190363463936,3573532190363463936,WhiteDwarf
GALEX J230312.0+314344,1886888500180732928,WhiteDwarf
GALEX J092233.1+050640,585494545996081024,WhiteDwarf
Gaia DR2 1816231546517880576,1816231546517880576,WhiteDwarf
GALEX J003240.4+315450,2859718864970737664,WhiteDwarf
Gaia DR2 2029111604846483968,2029111604846483968,WhiteDwarf
Gaia DR2 5944326753052652160,5944326753052652160,WhiteDwarf
GALEX J085409.9+270332,692561999012050688,WhiteDwarf
GALEX J233230.2+271523,2865646091636847872,WhiteDwarf
Gaia DR3 4514365087498161152,4514365087498161152,WhiteDwarf
GALEX J090322.3-350401,5624381346241467392,WhiteDwarf
GALEX J070454.7+683451,1109088339694211968,WhiteDwarf
Gaia DR2 3373709803287558272,3373709803287558272,WhiteDwarf
GALEX J215027.8-011349,2674012072593383168,WhiteDwarf
GALEX J110300.4+623158,1054481060341079808,WhiteDwarf
Gaia DR2 5728339994555041792,5728339994555041792,WhiteDwarf
GALEX J230511.7+205403,2832442352306576512,WhiteDwarf
SDSS J155125.01+640216.1,1640325628991888512,WhiteDwarf
GALEX J222710.9+275817,1882223173560953600,WhiteDwarf
SDSS J043720.80-080005.9,3198154591313378304,WhiteDwarf
LAMOST J073346.08+093945.5,3149483579536050688,WhiteDwarf
GALEX J075242.7+345409,882622307679165440,WhiteDwarf
GALEX J171903.6+212532,4567310072729124352,WhiteDwarf
Gaia DR2 5244339240912086784,5244339240912086784,WhiteDwarf
Gaia DR2 2045059020278153344,2045059020278153344,WhiteDwarf
GALEX J144133.9+151121,1186093117586129792,WhiteDwarf
GALEX J060100.3-450717,5567933892444757632,WhiteDwarf
Gaia DR2 2204353962801497472,2204353962801497472,WhiteDwarf
CBS 450,770017233068995840,WhiteDwarf
SDSS J043017.53+082846.7,3287489258235171328,WhiteDwarf
Gaia DR2 5434561379648802048,5434561379648802048,WhiteDwarf
SDSS J102735.61+305629.8,747889183603037056,WhiteDwarf
GALEX J021212.6-572520,4739285476703611648,WhiteDwarf
UVEX J020201.82+564744.8,505066198139265280,WhiteDwarf
FBS 1203+708,1683758679046580864,WhiteDwarf
GALEX J220739.8+180929,1776246706661229696,WhiteDwarf
Gaia DR2 4880015204053550464,4880015204053550464,WhiteDwarf
GALEX J111909.5+394439,764449924661596800,WhiteDwarf
Gaia DR2 1755968448073108992,1755968448073108992,WhiteDwarf
Gaia DR2 6460984964833608704,6460984964833608704,WhiteDwarf
LAMOST J195221.21+440144.7,2078690577013170688,WhiteDwarf
GALEX J232704.3-550805,6499312600147648256,WhiteDwarf
FBS 2300+374,1916166952937279360,WhiteDwarf
2QZ J121108.0-004924,3697905200485910656,WhiteDwarf
SDSS J154210.22+053402.3,4429578619099290112,WhiteDwarf
SDSS J075430.81+265019.1,874561482994566016,WhiteDwarf
SDSS J084843.00+080911.1,596860163332641024,WhiteDwarf
Gaia DR2 4534287752816086784,4534287757111257600,WhiteDwarf
GALEX J104510.3+483030,835429310109069696,WhiteDwarf
Gaia DR3 6829072767431540736,6829072767431540736,WhiteDwarf
GALEX J101051.6-335733,5458619140742570368,WhiteDwarf
GALEX J091132.5+334543,713930423382058368,WhiteDwarf
Gaia DR2 5941222629878092288,5941222629889763712,WhiteDwarf
GALEX J050659.3-184354,2976459477689858304,WhiteDwarf
HBQS 0041-3804,5000771886071755264,WhiteDwarf
Gaia DR2 1961436767233907584,1961436767233907584,WhiteDwarf
GALEX J204349.8-225457,6855057491371117824,WhiteDwarf
GALEX J025419.6-322836,5052343654340800000,WhiteDwarf
SDSS J154720.44+133250.3,1190906470251238400,WhiteDwarf
GALEX J113155.7-073733,3592855802279369728,WhiteDwarf
SDSS J001643.36+152410.8,2768573233677853952,WhiteDwarf
2QZ J103436.7+001620,3807112234409154048,WhiteDwarf
UM 466,3892237695942001152,WhiteDwarf
GALEX J092545.1+084729,587431816764662528,WhiteDwarf
Gaia DR2 5922270687248580480,5922270687248580480,WhiteDwarf
Gaia DR3 3740266462925941120,3740266462925941120,WhiteDwarf
Gaia DR2 2617622794128656128,2617622794128656128,WhiteDwarf
Gaia DR2 233506273688129024,233506273688129024,WhiteDwarf
GALEX J060957.8-243010,2912907190208993024,WhiteDwarf
GALEX J190528.4+310816,2042680226870311296,WhiteDwarf
Gaia DR2 6157082600911953408,6157082600911953408,WhiteDwarf
Gaia DR2 5302681694409352832,5302681694409352832,WhiteDwarf
SDSS J005629.55+260628.0,2805605339352591616,WhiteDwarf
GALEX J200238.1-641537,6428794017447777280,WhiteDwarf
Gaia DR2 6199805598384455424,6199805598384455424,WhiteDwarf
Gaia DR2 1361329196304526848,1361329196304526848,WhiteDwarf
SDSS J013434.88+430310.2,348443794714711552,WhiteDwarf
Gaia DR2 5526946371007774848,5526946371007774848,WhiteDwarf
GALEX J113223.7+225314,3980593831875300480,WhiteDwarf
Gaia DR2 2989049057626796416,2989049057626796416,WhiteDwarf
Gaia DR2 5317808814046964096,5317808814046964096,WhiteDwarf
Gaia DR2 5204269115887501696,5204269115887501696,WhiteDwarf
Gaia DR2 4304848572645761920,4304848572645761920,WhiteDwarf
Gaia DR2 6688134412045393920,6688134412045393920,WhiteDwarf
LSPM J0714+0340W,3139385763529290368,WhiteDwarf
GALEX J091759.5+203132,637615627695147520,WhiteDwarf
SDSS J212012.10+093544.5,1743654776832916608,WhiteDwarf
GALEX J085557.5+081707,585263992151345280,WhiteDwarf
Gaia DR2 5942453631911737984,5942453631911737984,WhiteDwarf
1RXS J093922.8+264404,647499958055957504,WhiteDwarf
SDSS J160014.92+223952.8,1206352031640794624,WhiteDwarf
2QZ J120349.7-005146,3602575996169625344,WhiteDwarf
Gaia DR2 3043561748914829824,3043561748914829824,WhiteDwarf
LSPM J0222+5627,458280299055091840,WhiteDwarf
GALEX J154814.1+424505,1396261299194081152,WhiteDwarf
GALEX J142147.0-313236,6219828357959786368,WhiteDwarf
PSO J061.5177-30.0362,4887153126165424128,WhiteDwarf
GALEX J175608.0+223550,4577253712294332032,WhiteDwarf
GALEX J175208.5+134437,4499747286524365184,WhiteDwarf
Gaia DR2 280135805908017920,280135805908017920,WhiteDwarf
GALEX J094534.3+015439,3846557660732848384,WhiteDwarf
SDSS J083315.29+362837.0,904018872674916352,WhiteDwarf
GALEX J071811.9-662418,5281362919857684096,WhiteDwarf
HE 0052-2511,2345425706988574720,WhiteDwarf_Candidate
Gaia DR2 5902471407703882112,5902471407703882112,WhiteDwarf
Gaia DR2 6044184231574743808,6044184231574743808,WhiteDwarf
Gaia DR2 6083036162144750976,6083036162144750976,WhiteDwarf
SDSS J033144.54+443205.1,241665478900965760,WhiteDwarf
CSO 1145,782193985044906752,WhiteDwarf
Gaia DR2 184677619431615488,184677619431615488,WhiteDwarf
G  24-9,4249667902270614272,WhiteDwarf
Gaia DR2 6591940441833506816,6591940441833506816,WhiteDwarf
SDSS J143110.51+525507.6,1605394213296880000,WhiteDwarf
Gaia DR2 4162434810094894464,4162434810094894464,WhiteDwarf
Gaia DR2 2983067100190364800,2983067100190364800,WhiteDwarf
GALEX J131816.5+485741,1556040915897566208,WhiteDwarf
SDSS J111004.26+220547.1,3991550980641667200,WhiteDwarf
GALEX J141741.6-242250,6272783311853635840,WhiteDwarf
Gaia DR2 2004752676349796992,2004752676349796992,WhiteDwarf
GALEX J105822.7+284016,732210766266388480,WhiteDwarf
Gaia DR2 6151113970759449088,6151113970759449088,WhiteDwarf
Gaia DR3 1319689591448194944,1319689591448194944,WhiteDwarf
Gaia DR2 4520112196084172416,4520112196084172416,WhiteDwarf
SDSS J225449.93+093416.2,2714908648106220032,WhiteDwarf
GALEX J013013.5+313446,315677931593250560,WhiteDwarf
SDSS J125633.91+403831.8,1527157402567029760,WhiteDwarf
GALEX J091918.4+581448,1038141973955391872,WhiteDwarf
SDSS J124218.41+453345.4,1541254065051230208,WhiteDwarf
Gaia DR2 3571784963307308032,3571784963307308032,WhiteDwarf
GALEX J130817.3-250536,6187919637167063680,WhiteDwarf
Gaia DR2 540617330372530304,540617330372530304,WhiteDwarf
Gaia DR2 5669975890126304128,5669975890126304128,WhiteDwarf
GALEX J004027.0-521730,4924958596535590400,WhiteDwarf
US 1990,1011012417893222784,WhiteDwarf
KIC 8043166,2078821040937940736,WhiteDwarf
GALEX J191446.1+593442,2143606976159946496,WhiteDwarf
SDSS J095556.58+181533.0,626329892455217152,WhiteDwarf
Gaia DR2 3187260045989564544,3187260045989564544,WhiteDwarf
SDSS J150005.09+314405.4,1288466274422424960,WhiteDwarf
Gaia DR2 5320159565602545408,5320159565602545408,WhiteDwarf
Gaia DR2 3049240103703061632,3049240103703061632,WhiteDwarf
Gaia DR2 2361451840580840832,2361451840580840832,WhiteDwarf
LSPM J2303+4843,1984852443596888704,WhiteDwarf
LSPM J1543+3419,1371127627318471552,WhiteDwarf
GALEX J034934.8-730046,4641588371016726912,WhiteDwarf
GALEX J144251.5-174225,6285368807277278080,WhiteDwarf
Gaia DR2 518201960479786112,518201964781459584,WhiteDwarf
Gaia DR2 5299052073380095360,5299052073380095360,WhiteDwarf
GALEX J143651.2-320903,6216737184097590656,WhiteDwarf
SDSS J124258.16+151710.4,3934184751736551808,WhiteDwarf
GALEX J084922.5+463553,1013535767014627968,WhiteDwarf
SDSS J084822.58+030448.3,581074371813350912,WhiteDwarf
Gaia DR2 5850048239465686912,5850048239465686912,WhiteDwarf
SDSS J064220.31+105836.9,3351068934725466752,WhiteDwarf
GALEX J175801.1-544058,5920711923340210816,WhiteDwarf
MGC 22505,3797279198842960512,WhiteDwarf
GALEX J152035.3+235036,1215907921557938688,WhiteDwarf
GALEX J082149.2+365657,905017366671413504,WhiteDwarf
Gaia DR2 1953747362726308224,1953747362726308224,WhiteDwarf
Gaia DR2 3316984963320349312,3316984963320349312,WhiteDwarf
SDSS J142152.21+093005.4,1176784239825009280,WhiteDwarf
Gaia DR3 5856367201532937216,5856367201532937216,WhiteDwarf
Gaia DR2 2934719198802592512,2934719198802592512,WhiteDwarf
SDSS J170313.11+445959.0,1358738399016354432,WhiteDwarf
Gaia DR2 3106791669037719296,3106791669037719296,WhiteDwarf
Gaia DR2 347627338611935488,347627338611935488,WhiteDwarf
GALEX J140436.9-254356,6273945843535991040,WhiteDwarf
GALEX J092648.8+431109,817561558963166720,WhiteDwarf
GALEX J153727.8+173748,1197348921195502464,WhiteDwarf
GALEX J001923.8+353457,2876286409257129472,WhiteDwarf
Gaia DR3 4065464795171042944,4065464795171042944,WhiteDwarf
PG 2125+098,1742220566993734016,WhiteDwarf
Gaia DR2 3433901257382765184,3433901257382765184,WhiteDwarf
Gaia DR3 5254813807199889664,5254813807199889664,WhiteDwarf
GALEX J124450.1+091303,3710938811321249152,WhiteDwarf
GALEX J160620.1+533237,1428825294555792896,WhiteDwarf
GALEX J140918.9+151137,1230575131794474752,WhiteDwarf
GALEX J051348.7+721752,498913610243369728,WhiteDwarf
Gaia DR2 6078584583160861184,6078584583160861184,WhiteDwarf
2QZ J122450.2+003617,3699754617699797376,WhiteDwarf
Gaia DR2 4551292529072932992,4551292529072932992,WhiteDwarf
SDSS J093320.04+633440.9,1064215208580520320,WhiteDwarf
GALEX J134053.9+134836,3740743169936136448,WhiteDwarf
Gaia DR2 5538083530437966976,5538083530437966976,WhiteDwarf
SDSS J155954.32+260218.8,1220113626549555200,WhiteDwarf
Gaia DR2 280333821081574528,280333821081574528,WhiteDwarf
GALEX J095815.8+362532,796623352877233920,WhiteDwarf
SDSS J233430.06+620648.2,2015603344284544768,WhiteDwarf
Gaia DR2 1118374024628715264,1118374024628715264,WhiteDwarf
GALEX J033024.3-150224,5112762608559140096,WhiteDwarf
Gaia DR2 5590442720827051648,5590442720827051648,WhiteDwarf
SDSS J214544.74+045120.9,2696907203218467584,WhiteDwarf
Gaia DR2 193020163906774016,193020163906774016,WhiteDwarf
Gaia DR2 1937393505948583296,1937393505948583296,WhiteDwarf
2QZ J003349.9-271344,2346375646381796864,WhiteDwarf
GALEX J000605.3+042500,2741682099841337984,WhiteDwarf
GALEX J153650.4+812852,1721182064830644352,WhiteDwarf
GALEX J181615.7+452559,2115446804041391872,WhiteDwarf
SDSS J213849.41-085106.2,6893855545863210368,WhiteDwarf
GALEX J014238.9+004611,2510262115105992064,WhiteDwarf
Gaia DR2 2953039502060892416,2953039502060892416,WhiteDwarf
GALEX J165441.3-185223,4132098532659137664,WhiteDwarf
Gaia DR2 6720649552153656704,6720649552153656704,WhiteDwarf
Gaia DR2 1960090926342944896,1960090926342944896,WhiteDwarf
SDSS J225025.02+214624.0,2836298511384450048,WhiteDwarf
Gaia DR2 5730194114756080896,5730194114756080896,WhiteDwarf
Gaia DR2 544781623285245440,544781623285245440,WhiteDwarf
SDSS J125525.34+074240.3,3733564561598301696,WhiteDwarf
GALEX J080152.7+093241,3147086227573444864,WhiteDwarf
Gaia DR2 5598465273073116160,5598465273073116160,WhiteDwarf
GALEX J142812.5+323817,1287258636998635008,WhiteDwarf
Gaia DR2 2929517031333723776,2929517031333723776,WhiteDwarf
Gaia DR2 5287507918546750848,5287507918546750848,WhiteDwarf
Gaia DR3 2168050906364883200,2168050906364883200,WhiteDwarf
SDSS J113722.92+495106.8,790770583763244160,WhiteDwarf
GALEX J053311.5-525613,4769107186985353216,WhiteDwarf
GALEX J212128.1+072417,1740097341320384000,WhiteDwarf
SDSS J231713.12+081110.0,2665734742900591872,WhiteDwarf
Gaia DR2 2102434285788406528,2102434285788406528,WhiteDwarf
GALEX J140408.3-031636,3645538004275224832,WhiteDwarf
SDSS J110559.01+023127.9,3811563779033043328,WhiteDwarf
GALEX J051112.1-301533,4875875916435638784,WhiteDwarf
Gaia DR3 4198409872789627776,4198409872789627776,WhiteDwarf
GALEX J113109.0+064305,3910338303034941824,WhiteDwarf
Gaia DR2 4479724660092610816,4479724660092610816,WhiteDwarf
GALEX J052659.9+624928,287211025794974720,WhiteDwarf
Gaia DR3 6096035168423624064,6096035168423624064,WhiteDwarf
Gaia DR2 884025628113252224,884025628113252224,WhiteDwarf
Gaia DR2 1925546096362378368,1925546096362378368,WhiteDwarf
GALEX J000636.6+160237,2772541237999191296,WhiteDwarf
GALEX J152643.1-130348,6314255687862621184,WhiteDwarf
GALEX J195141.5-422741,6685560322182994432,WhiteDwarf
GALEX J012017.7+095236,2579283923180026112,WhiteDwarf
SDSS J153925.93+124428.6,1190605758116859520,WhiteDwarf
SDSS J152633.02+314512.6,1277028742153245952,WhiteDwarf
ULAS J030221.35+005557.0,162521562770432,WhiteDwarf
GALEX J221257.2-150516,2599785210833251712,WhiteDwarf
GALEX J184702.8+511157,2144601415707019264,WhiteDwarf
V* OS Tau,69810093488518784,WhiteDwarf
SDSS J083116.42+570048.6,1034441223975726464,WhiteDwarf
SDSS J101310.99+291652.2,742002913744194560,WhiteDwarf
GALEX J211400.3-642347,6449755755658218752,WhiteDwarf
Gaia DR2 3001251991724133248,3001251991724133248,WhiteDwarf
Gaia DR2 6710231370242928640,6710231370242928640,WhiteDwarf
Gaia DR2 1970344318946619264,1970344318946619264,WhiteDwarf
GALEX J205125.8-273906,6801851406448447104,WhiteDwarf
GALEX J085234.2-305808,5641017953601210368,WhiteDwarf
2QZ J124851.3-022925,3682578764308891264,WhiteDwarf
GALEX J104159.4-351926,5444301437763034624,WhiteDwarf
GALEX J020535.2-761609,4637059585701495808,WhiteDwarf
GALEX J175627.2+212632,4576834179886927232,WhiteDwarf
2QZ J031112.0-295601,5059231716732738688,WhiteDwarf
Gaia DR2 482221129651060352,482221129651060352,WhiteDwarf
LP  759-50,2600033326799287296,WhiteDwarf
GALEX J164133.8+031511,4433912889641140736,WhiteDwarf
LP  296-19,302388929117252736,WhiteDwarf
2MASS J12465641+3042382,1513258815381233536,WhiteDwarf
SDSS J125224.13+072818.4,3709546043621757696,WhiteDwarf
GALEX J205426.9-561810,6457902690143619200,WhiteDwarf
GALEX J233930.7-693034,6387029171345475584,WhiteDwarf
Gaia DR2 3783929890730973184,3783929890730973184,WhiteDwarf
Gaia DR2 3489948759528392832,3489948759528392832,WhiteDwarf
Gaia DR2 1808342928549892096,1808342928549892096,WhiteDwarf
GALEX J164758.8+150813,4461857428636582528,WhiteDwarf
Gaia DR2 6714528841506939264,6714528841506939264,WhiteDwarf
GALEX J185030.2+662124,2255493421138981888,WhiteDwarf
LAMOST J075741.91+213941.1,673976752106014720,WhiteDwarf
Gaia DR2 3220922281668744448,3220922281668744448,WhiteDwarf
Gaia DR2 5492177781810337152,5492177781810337152,WhiteDwarf
SDSS J014202.04+224704.4,290543336300207616,WhiteDwarf
Gaia DR2 3315373564607614208,3315373564607614208,WhiteDwarf
GALEX J230200.0-535555,6500228665132160512,WhiteDwarf
Gaia DR2 5217809227926003584,5217809227926003584,WhiteDwarf
Gaia DR2 3821457974934306176,3821457974934306176,WhiteDwarf
Gaia DR2 6123088239705298176,6123088239705298176,WhiteDwarf
Gaia DR2 1686372385688838016,1686372385688838016,WhiteDwarf
GALEX J213623.6+290615,1849005273723755648,WhiteDwarf
GALEX J212007.6-001249,2689369535613788928,WhiteDwarf
Gaia DR2 2225586189468649472,2225586189468649472,WhiteDwarf
Gaia DR2 4135783408440789376,4135783408440789376,WhiteDwarf
Gaia DR3 5844496221151581952,5844496221151581952,WhiteDwarf
Gaia DR2 5628986234083503360,5628986234083503360,WhiteDwarf
Gaia DR2 5948039533254591488,5948039533254591488,WhiteDwarf
US 1119,820496773973361920,WhiteDwarf
GALEX J013359.0-512022,4916999957713401600,WhiteDwarf
Gaia DR2 410781873466898304,410781873466898304,WhiteDwarf
Gaia DR3 4145406810958333056,4145406810958333056,WhiteDwarf
Gaia DR3 4049534898944025856,4049534898944025856,WhiteDwarf
SDSS J170427.50+181952.8,4560131979788881920,WhiteDwarf
GALEX J194441.5-343736,6741477253026543488,WhiteDwarf
Gaia DR2 1973154876827654784,1973154876827654784,WhiteDwarf
Gaia DR2 6353970494533824000,6353970494533824000,WhiteDwarf
GALEX J134719.3+564136,1658533889439764352,WhiteDwarf
GALEX J101254.8+581003,1045911363635016320,WhiteDwarf
GALEX J083219.1-635059,5276693809370293888,WhiteDwarf
Gaia DR2 5774600674982334336,5774600674982334336,WhiteDwarf
GALEX J121527.0-323841,3469242790914945664,WhiteDwarf
GALEX J212017.7+165617,1784749848555480704,WhiteDwarf
GALEX J063650.0+635519,1103406823814118656,WhiteDwarf
SDSS J155615.83+184335.6,1202916710638855040,WhiteDwarf
2QZ J004411.3-313720,5007571502200570496,WhiteDwarf
SDSS J234749.51-103040.1,2434640664580489856,WhiteDwarf
GALEX J180049.7+273219,4584111125796296064,WhiteDwarf
GALEX J144515.4+194903,1237634580560546304,WhiteDwarf
GALEX J181728.8+282328,4586334819344859392,WhiteDwarf
Gaia DR2 2448482961922816512,2448482961922816512,WhiteDwarf
GALEX J020726.2+200004,93397465465905536,WhiteDwarf
Gaia DR2 5370140684143083904,5370140684143083904,WhiteDwarf
GALEX J072046.0+103831,3156674381285101184,WhiteDwarf
GALEX J213400.2+122318,1769941630247229696,WhiteDwarf
GALEX J195252.8-414109,6690099479842356864,WhiteDwarf
GALEX J114404.1-470242,5372346716781811072,WhiteDwarf
GALEX J010528.5-322020,5027405699829057408,WhiteDwarf
Gaia DR2 2035842776370067840,2035842776370067840,WhiteDwarf
GALEX J062332.9+435335,959116362416754176,WhiteDwarf
Gaia DR2 6429351774784778240,6429351774784778240,WhiteDwarf
Gaia DR2 4319166309977219968,4319166314291087360,WhiteDwarf
GALEX J144656.0+123444,1184536930671777408,WhiteDwarf
SDSS J135341.22+281428.2,1451964649905392256,WhiteDwarf
Gaia DR2 2985035393507826304,2985035393507826304,WhiteDwarf
SDSS J132144.04-023751.4,3638091080740030336,WhiteDwarf
GALEX J043715.7-173157,3171147493358997760,WhiteDwarf
Gaia DR2 5553711984418370688,5553711984418370688,WhiteDwarf
SDSS J024101.69+264315.8,126760049866902784,WhiteDwarf
GALEX J130716.3-330009,6179497859135212544,WhiteDwarf
GALEX J012950.2-180701,2450381925880138496,WhiteDwarf
GALEX J200832.0-504114,6666308831356175872,WhiteDwarf
Gaia DR2 3098378549658090752,3098378549658090752,WhiteDwarf
GALEX J085219.1+000416,3074611437592406528,WhiteDwarf
SDSS J142128.70+521317.9,1607928901132583424,WhiteDwarf
Gaia DR2 5325034525281503744,5325034525281503744,WhiteDwarf
GALEX J231437.0+510155,1991886745333134976,WhiteDwarf
Gaia DR2 2048726028997258368,2048726028997258368,WhiteDwarf
PTF1 J214022.55+262124.4,1800330065758985728,WhiteDwarf
GALEX J112254.0+620607,863567290132752384,WhiteDwarf
GALEX J022501.8-013823,2499598054907781760,WhiteDwarf
Gaia DR2 2189591271160477440,2189591271160477440,WhiteDwarf
Gaia DR2 1913654289693278592,1913654289693278592,WhiteDwarf
GALEX J152840.1+052738,4428647431534377216,WhiteDwarf
Gaia DR2 5995568156721722752,5995568156721722752,WhiteDwarf
GALEX J010700.2+201742,2790091539522099328,WhiteDwarf
Gaia DR2 5591985812384408448,5591985812384408448,WhiteDwarf
GALEX J224621.0+254231,1876865111664152832,WhiteDwarf
GALEX J143712.4+413027,1488432328158406528,WhiteDwarf
GALEX J113136.3+234912,3993035733656088320,WhiteDwarf
SDSS J022822.78-073948.7,5176799673293688320,WhiteDwarf
GALEX J170354.6+055658,4392932682523664768,WhiteDwarf
GALEX J232752.0+302208,2869766477103048704,WhiteDwarf
LSPM J1807+4346,2114136972159561344,WhiteDwarf
Gaia DR2 244872028465032064,244872028465032064,WhiteDwarf
GALEX J070420.9-621310,5286793717024790912,WhiteDwarf
Gaia DR2 4496257501037454848,4496257501037454848,WhiteDwarf
Gaia DR2 4147497605332042752,4147497605332042752,WhiteDwarf
Gaia DR2 6431018119016323456,6431018119016323456,WhiteDwarf
Gaia DR2 4861735960678884736,4861735960678884736,WhiteDwarf
Gaia DR2 2055819596979838464,2055819596979838464,WhiteDwarf
Gaia DR2 5603375584617266560,5603375584617266560,WhiteDwarf
SDSS J111203.60+215747.4,3991490438782876544,WhiteDwarf
GALEX J032310.2-063529,5169624363490033792,WhiteDwarf
Gaia DR2 5525402725393891072,5525402725393891072,WhiteDwarf
2MASS J00240723+0548565,2747410216118182016,WhiteDwarf
Gaia DR2 60936347458462080,60936347458462080,WhiteDwarf
Ruiz 508-151,6187573909480025216,WhiteDwarf
GALEX J120011.3+482824,1546247359670045824,WhiteDwarf
Gaia DR3 5354403000566911744,5354403000566911744,WhiteDwarf
Gaia DR2 2014541112970738048,2014541112970738048,WhiteDwarf
Gaia DR3 2707996332035001600,2707996332035001600,WhiteDwarf
SDSS J014745.02-004911.0,2509084297634276096,WhiteDwarf
SDSS J210439.62+545437.6,2176780822517160448,WhiteDwarf
Gaia DR2 2186755046547088896,2186755046547088896,WhiteDwarf
Gaia DR2 6247717161161449856,6247717161161449856,WhiteDwarf
SDSS J233335.70+293933.4,2869519911620155904,WhiteDwarf
GALEX J235209.6-521053,6521673780438803328,WhiteDwarf
SDSS J054950.03+021606.8,3316133224062218496,WhiteDwarf
GALEX J195648.7-122656,4189014094945093248,WhiteDwarf
SDSS J172736.28+383116.9,1343557102670743296,WhiteDwarf
GALEX J124634.6+160542,3934352324180473600,WhiteDwarf
Gaia DR2 3639112114725157888,3639112114725157888,WhiteDwarf
Gaia DR2 64672350529217792,64672350529217792,WhiteDwarf
Gaia DR2 2971661900435861888,2971661900435861888,WhiteDwarf
Gaia DR2 2228246762792647424,2228246762792647424,WhiteDwarf
GALEX J180047.5+120647,4495532338758939904,WhiteDwarf
SDSS J091927.78+464144.0,819469898832355840,WhiteDwarf
Gaia DR2 5415227812006204288,5415227812006204288,WhiteDwarf
Gaia DR2 4523467772421313408,4523467772421313408,WhiteDwarf
Gaia DR2 4868179678638736000,4868179678638736000,WhiteDwarf
GALEX J041436.2-360835,4869586160168905856,WhiteDwarf
2QZ J234631.2-295931,2327433809811656960,WhiteDwarf
Gaia DR2 6068532156364977792,6068532156364977792,WhiteDwarf
GALEX J035923.9+562919,468794001035876864,WhiteDwarf
GALEX J061909.3-382818,5574582639258597504,WhiteDwarf
GALEX J113539.8+611110,859568125824331648,WhiteDwarf
GALEX J144012.0-294523,6218740051902579968,WhiteDwarf
Gaia DR2 1668549645800036224,1668549645800036224,WhiteDwarf
GALEX J051053.6-371802,4820899132455787392,WhiteDwarf
Gaia DR2 6158004124799332096,6158004124799332096,WhiteDwarf
GALEX J103747.4+070757,3862621319455671680,WhiteDwarf
Gaia DR2 6033364105159618816,6033364105159618816,WhiteDwarf
GALEX J100940.8+404253,803600888027231360,WhiteDwarf
Gaia DR2 3241759195246205056,3241759195246205056,WhiteDwarf
Gaia DR2 1422782516088307840,1422782516088307840,WhiteDwarf
GALEX J234239.4-503129,6522982856409084672,WhiteDwarf
GALEX J205348.2+161620,1764365349653803008,WhiteDwarf
SDSS J152836.22+114519.2,1169367625874329472,WhiteDwarf
Gaia DR2 5374871607797268736,5374871607797268736,WhiteDwarf
GALEX J182513.4-571127,6648303641259046272,WhiteDwarf
Gaia DR2 2482796074128506880,2482796074128506880,WhiteDwarf
Gaia DR2 2085413540859266688,2085413540859266688,WhiteDwarf
SDSS J150559.34+125333.8,1181047115125322368,WhiteDwarf
GALEX J000419.8+235000,2849729771768028544,WhiteDwarf
Gaia DR2 4864405227019005056,4864405227019005056,WhiteDwarf
Gaia DR2 4687367916327175040,4687367916327175040,WhiteDwarf
Gaia DR2 4553956847607826816,4553956847607826816,WhiteDwarf
Gaia DR2 3943230983653981696,3943230983653981696,WhiteDwarf
SDSS J075312.06+340053.8,882265584874741632,WhiteDwarf
Gaia DR2 2210868710935270400,2210868710935270400,WhiteDwarf
Gaia DR3 4514245648711509376,4514245648711509376,WhiteDwarf
GALEX J003745.5+074423,2557431232657599616,WhiteDwarf
2QZ J111512.6-013328,3791581048551869952,WhiteDwarf
Gaia DR2 4614405419920760448,4614405419920760448,WhiteDwarf
Gaia DR2 2823297958913537280,2823297958913537280,WhiteDwarf
Gaia DR2 5582082476790015744,5582082476790015744,WhiteDwarf
Gaia DR2 1299293680818146176,1299293680818146176,WhiteDwarf
Gaia DR2 6200040618994636800,6200040618994636800,WhiteDwarf
GALEX J090139.9+060547,583456223236799232,WhiteDwarf
GALEX J081819.4-121053,5727200595566893952,WhiteDwarf
Gaia DR2 5519680244112757120,5519680244112757120,WhiteDwarf
Gaia DR2 3447004412328207872,3447004412328207872,WhiteDwarf
[CGC97] J0035.8+4053,381020876839801472,WhiteDwarf
GALEX J203821.2-053412,6908398309423020544,WhiteDwarf
Gaia DR2 4856596770316275072,4856596770316275072,WhiteDwarf
GALEX J113411.1-032606,3792423618055582208,WhiteDwarf
Gaia DR2 1940480968957619712,1940480968962855168,WhiteDwarf
GALEX J083204.7+111018,602383426852879232,WhiteDwarf
GALEX J170513.3-060137,4364207528931852800,WhiteDwarf
SDSS J154651.64+050939.8,4426325232913259008,WhiteDwarf
GALEX J231840.1-763841,6378226343815054976,WhiteDwarf
GALEX J101232.3+814559,1146204897312959360,WhiteDwarf
GALEX J145636.4+583321,1614273182008237824,WhiteDwarf
GALEX J113251.9+223356,3980520095876616320,WhiteDwarf
Gaia DR2 988633164380313216,988633164380313216,WhiteDwarf
GALEX J040035.6-351606,4858187901080500992,WhiteDwarf
GALEX J173202.8+003056,4374014038781742208,WhiteDwarf
Gaia DR2 2719153725062290560,2719153725062290560,WhiteDwarf
LEHPM 2636,5070824035324313472,WhiteDwarf
LSPM J1404+0936,3723164143671997952,WhiteDwarf
GALEX J090452.7+203712,684732170551520640,WhiteDwarf
SDSS J084343.45+243107.2,690406475184729728,WhiteDwarf
GALEX J091438.0+530056,1022743107449646464,WhiteDwarf
GALEX J194439.3-205845,6868146868063044736,WhiteDwarf
GALEX J144126.6-092943,6326779159662605312,WhiteDwarf
Gaia DR2 1652449123374473344,1652449123374473344,WhiteDwarf
Gaia DR3 5313284495486250368,5313284495486250368,WhiteDwarf
Gaia DR2 2942716084308938752,2942716084308938752,WhiteDwarf
GALEX J091443.6-174927,5680990939348242688,WhiteDwarf
Gaia DR2 3069393533363583616,3069393533363583616,WhiteDwarf
Gaia DR3 4317130843371876992,4317130843371876992,WhiteDwarf
SDSS J014354.00+143746.0,2588273117931959168,WhiteDwarf
Gaia DR2 4317816453298428288,4317816453298428288,WhiteDwarf
SDSS J165445.49+310259.6,1312961331904973056,WhiteDwarf
Gaia DR2 5582412673877178240,5582412673877178240,WhiteDwarf
Gaia DR2 6214488854617518976,6214488854617518976,WhiteDwarf
Gaia DR3 5985468622736049152,5985468622736049152,WhiteDwarf
SDSS J091334.18+443516.3,818833900075029632,WhiteDwarf
GALEX J134050.9+321016,1456860229725641216,WhiteDwarf
GALEX J090709.1+280229,692350141160793216,WhiteDwarf
GALEX J105701.0-451930,5387596462024703872,WhiteDwarf
PG 0122+200,2786529465445503488,WhiteDwarf
GALEX J094532.1-082901,3819282286235442688,WhiteDwarf
GALEX J122151.6+681722,1683234757460540032,WhiteDwarf
Gaia DR2 6648531519341599360,6648531519341599360,WhiteDwarf
GALEX J201517.7-631830,6430262518305099776,WhiteDwarf
Gaia DR2 5249053053416918400,5249053053416918400,WhiteDwarf
Gaia DR2 4721390890600989056,4721390890600989056,WhiteDwarf
Gaia DR2 6055518061862302720,6055518061862302720,WhiteDwarf
Gaia DR2 6426255721839579520,6426255721839579520,WhiteDwarf
GALEX J164233.9+454147,1406188922824293888,WhiteDwarf
GALEX J180455.4+342803,4606074523396539904,WhiteDwarf
Gaia DR2 5474160187844028032,5474160187844028032,WhiteDwarf
Gaia DR2 1987362736022654592,1987362736022654592,WhiteDwarf
LSPM J1248+5508A,1570574260593313152,WhiteDwarf
GALEX J235600.6+084152,2747043181098000512,WhiteDwarf
Gaia DR2 6022478321570961408,6022478321570961408,WhiteDwarf
GALEX J042156.3+053602,3284963954904090112,WhiteDwarf
GALEX J001125.5+314041,2861904487927346816,WhiteDwarf
UVEX J210112.02+452020.7,2163427876590946560,WhiteDwarf
Gaia DR2 2260213139222926848,2260213139222926848,WhiteDwarf
GALEX J082822.3+710622,1121744547459840256,WhiteDwarf
SDSS J225941.61+071554.4,2711968382214865664,WhiteDwarf
Gaia DR2 4240239001652137600,4240239001652137600,WhiteDwarf
Gaia DR2 2457038502417042176,2457038502417042176,WhiteDwarf
Gaia DR2 4791053580810823808,4791053580810823808,WhiteDwarf
GALEX J143259.7+411513,1491322184017694976,WhiteDwarf
2QZ J001609.3-310217,2319939469836304000,WhiteDwarf
PHL  3370,2458418183351102720,WhiteDwarf
SDSS J201939.71+074024.2,4250205872691106560,WhiteDwarf
DENIS J030733.0-274611,5071680868416255744,WhiteDwarf
Gaia DR2 1697991474815670912,1697991474815670912,WhiteDwarf
SDSS J173349.20+270526.5,4595011409196652544,WhiteDwarf
SDSS J104043.16+093452.2,3869906099386303872,WhiteDwarf
GALEX J032816.4+003247,3264440092903027328,WhiteDwarf
Gaia DR2 6450257820155532288,6450257820155532288,WhiteDwarf
Gaia DR2 4367793826624649728,4367793826624649728,WhiteDwarf
Gaia DR2 2957772693460150016,2957772693460150016,WhiteDwarf
GALEX J132431.0+752706,1712838145965571456,WhiteDwarf
PB   238,804520595148840448,WhiteDwarf
Gaia DR2 4179146016743300352,4179146016743300352,WhiteDwarf
GALEX J045010.0-212808,2974153977901740416,WhiteDwarf
GALEX J233820.6+242043,2828241324536206720,WhiteDwarf
SDSS J115624.31+042435.1,3896336297333152768,WhiteDwarf
SDSS J170253.91+263245.0,4573345395132954368,WhiteDwarf
GALEX J174755.9+204837,4552909562780462592,WhiteDwarf
Gaia DR2 6259371537737392768,6259371537737392768,WhiteDwarf
GALEX J140648.8+435846,1505359408451399808,WhiteDwarf
GALEX J221037.7-004003,2677107030322026240,WhiteDwarf
GALEX J015529.4+504600,359453784463844992,WhiteDwarf
SDSS J122138.65+425934.0,1538128771968879616,WhiteDwarf
Gaia DR2 6119562896189894784,6119562896189894784,WhiteDwarf
GALEX J114108.1+321630,4024631849548142336,WhiteDwarf
SDSS J015944.30+195453.8,93910387640055680,WhiteDwarf
Gaia DR2 877400280282551424,877400280282551424,WhiteDwarf
Gaia DR3 5914622866611289088,5914622866611289088,WhiteDwarf
SDSS J024839.87-053227.5,5184096857088956672,WhiteDwarf
Gaia DR2 4743379920565555200,4743379920565555200,WhiteDwarf
Gaia DR2 6015918085434055808,6015918085434055808,WhiteDwarf
GALEX J194735.9-085225,4193897648856096512,WhiteDwarf
GALEX J140459.2-161853,6300591855001145856,WhiteDwarf
Gaia DR2 5354227452353761024,5354227452353761024,WhiteDwarf
GALEX J004750.3-345659,5002889304947556352,WhiteDwarf
GALEX J154812.5+071509,4430195479483209600,WhiteDwarf
SDSS J013800.85+223820.8,289262096015719808,WhiteDwarf
GALEX J170619.4+413201,1354204081782177536,WhiteDwarf
GALEX J231731.3-001604,2645041934065803904,WhiteDwarf
Gaia DR2 4652922931459838592,4652922931459838592,WhiteDwarf
Gaia DR2 2826987125365823488,2826987125365823488,WhiteDwarf
GALEX J161545.0+311058,1319304551924804864,WhiteDwarf
GALEX J204949.7+000547,4227573864648207488,WhiteDwarf
SDSS J225818.40+015855.6,2655547630230478464,WhiteDwarf
Gaia DR2 6150931688053289984,6150931688053289984,WhiteDwarf
LSPM J1232+3234,4012697887778691328,WhiteDwarf
2QZ J102505.2+003325,3831351174402317312,WhiteDwarf
GALEX J055919.0+810126,553936844291933568,WhiteDwarf
GALEX J213157.6+023950,2691721498360474624,WhiteDwarf
GALEX J144704.0+792520,1720683195789628928,WhiteDwarf
LP  758-17,6893432753577922432,WhiteDwarf
GALEX J021303.3+065507,2521046193870717056,WhiteDwarf
GALEX J023928.0+730053,545997618721866624,WhiteDwarf
Gaia DR2 3319370766114137344,3319370766114137344,WhiteDwarf
SDSS J022400.72+223006.3,99917779872376576,WhiteDwarf
SDSS J142035.47+324457.9,1477884124701191936,WhiteDwarf
Gaia DR2 5636191093260698368,5636191093260698368,WhiteDwarf
GALEX J000208.5+093543,2753189558472686464,WhiteDwarf
Gaia DR2 479413183112787328,479413183112787328,WhiteDwarf
GALEX J233036.9+293439,2869460228754888448,WhiteDwarf
GALEX J092410.6+401705,812563110383624320,WhiteDwarf
Gaia DR2 944530589054720640,944530589054720640,WhiteDwarf
SDSS J163020.19+305254.5,1324167696151172096,WhiteDwarf
GALEX J151507.5-295300,6211374384852009344,WhiteDwarf
GALEX J160825.7-020402,4406221826733982464,WhiteDwarf
SDSS J153420.63+530212.4,1596172334396863872,WhiteDwarf
GALEX J091508.1+415558,816062001196480256,WhiteDwarf
GALEX J012842.1+192404,2786222766125572736,WhiteDwarf
Gaia DR2 4285772943553428864,4285772943553428864,WhiteDwarf
GALEX J083344.0+252229,678828961341737728,WhiteDwarf
Gaia DR2 4748586215498257920,4748586215498257920,WhiteDwarf
A3 181,3945738866597602688,WhiteDwarf
GALEX J125627.5+775300,1716738118005409152,WhiteDwarf
GALEX J164947.0+243442,1300026951993802112,WhiteDwarf
GALEX J210007.8+331833,1866208851127849472,WhiteDwarf
GALEX J140607.2+392112,1497491612480063872,WhiteDwarf
LSPM J2337+2128,2826537257607976448,WhiteDwarf
Gaia DR2 3037510135702601728,3037510135702601728,WhiteDwarf
SDSS J082946.14+541801.7,1032074731354302080,WhiteDwarf
Gaia DR2 2891876453345967744,2891876453345967744,WhiteDwarf
GALEX J002448.9-030517,2540496932523124096,WhiteDwarf
US 1231,916877832960290688,WhiteDwarf
SDSS J153811.27+331002.4,1370665935513400064,WhiteDwarf
MCT 0111-3806,4988781711771040128,WhiteDwarf
Gaia DR2 5278903110486861312,5278903110486861312,WhiteDwarf
GALEX J160457.2+392340,1379882969691008128,WhiteDwarf
GALEX J115133.7-482705,5371413888547352064,WhiteDwarf
Gaia DR2 2912170379980068608,2912170379980068608,WhiteDwarf
GALEX J014953.0-242907,5038088760962361856,WhiteDwarf
GALEX J111930.3-231233,3537782291341366144,WhiteDwarf
SDSS J142300.94+205338.9,1240571410477654400,WhiteDwarf
GALEX J124540.0-242753,3501551635154296704,WhiteDwarf
SCR J1959-1543,6877357172029545088,WhiteDwarf
SDSS J101934.95+202043.3,625552610749580416,WhiteDwarf
GALEX J222337.2+074438,2710544411577786880,WhiteDwarf
SDSS J015124.40+251323.8,297321207009804416,WhiteDwarf
Gaia DR2 4731308588563149184,4731308588563149184,WhiteDwarf
GALEX J161622.3+400218,1380664280077796992,WhiteDwarf
GALEX J075026.3+384155,920060369367017856,WhiteDwarf
GALEX J091306.5+093326,590899710798391168,WhiteDwarf
GALEX J012617.6+163634,2593110384978543616,WhiteDwarf
Gaia DR2 458386122744489088,458386122744489088,WhiteDwarf
Gaia DR2 4147708333600587904,4147708333600587904,WhiteDwarf
GALEX J093124.1+230757,644325427468940800,WhiteDwarf
GALEX J000851.7-051847,2443720942703466624,WhiteDwarf
GALEX J095821.7+734055,1126210725036084224,WhiteDwarf
GALEX J111706.7+521224,839282037509668992,WhiteDwarf
Gaia DR2 1998714433372342016,1998714433372342016,WhiteDwarf
Gaia DR3 5353116297067017984,5353116297067017984,WhiteDwarf
GALEX J172932.5+563204,1422089063552681088,WhiteDwarf
Gaia DR2 1969804394326726656,1969804394326726656,WhiteDwarf
PB  8644,2469008473191635200,WhiteDwarf
Gaia DR2 1980541121062861056,1980541121062861056,WhiteDwarf
GALEX J031601.5-641016,4672437991528177152,WhiteDwarf
SDSS J061558.05+072228.6,3325129492627446016,WhiteDwarf
GALEX J114312.3+554547,844610335280439936,WhiteDwarf
EC 13123-2523,6192859060011793536,WhiteDwarf
GALEX J074026.7+150745,3165553624873190016,WhiteDwarf
SDSS J091823.08+502826.4,1019030434639754752,WhiteDwarf
Gaia DR2 5188873101241716096,5188873101241716096,WhiteDwarf
GALEX J070517.8-505705,5504792925392232576,WhiteDwarf
Gaia DR2 2967229700348500224,2967229700348500224,WhiteDwarf
Gaia DR2 1668928221397609984,1668928221397609984,WhiteDwarf
Gaia DR2 2931433308305043712,2931433308305043712,WhiteDwarf
GALEX J092334.8+250655,693594822682929536,WhiteDwarf
GALEX J022502.9-010953,2499829261587159296,WhiteDwarf
Gaia DR2 2240707356270311680,2240707356270311680,WhiteDwarf
HE 1315-1105,3623233040812235904,WhiteDwarf
SDSS J025108.73+323159.6,136540274515184768,WhiteDwarf
GALEX J140857.4+352805,1482383944757815680,WhiteDwarf
Gaia DR2 3255678703216890368,3255678703216890368,WhiteDwarf
GALEX J172108.4+290350,4599318024443604736,WhiteDwarf
Gaia DR2 3771951742338562688,3771951742338562688,WhiteDwarf
Gaia DR2 3114101119259214336,3114101119259214336,WhiteDwarf
SDSS J162814.59+363008.3,1330906014505275904,WhiteDwarf
GALEX J204034.5+023907,4232095400058350208,WhiteDwarf
GALEX J115120.1+472923,786549111947655040,WhiteDwarf
GALEX J211856.9+241522,1840443685915117440,WhiteDwarf
Gaia DR2 4958469202689200640,4958469202689200640,WhiteDwarf
GALEX J091638.3+475254,1011919858583076096,WhiteDwarf
GALEX J153755.2+093249,1165068634193274240,WhiteDwarf
Gaia DR2 4518768214912830080,4518768214912830080,WhiteDwarf
Gaia DR2 5608415848996675072,5608415848996675072,WhiteDwarf
GALEX J111351.3+570104,856542785221444352,WhiteDwarf
Gaia DR2 3523848489719409280,3523848489719409280,WhiteDwarf
Gaia DR2 5938087058920051200,5938087058920051200,WhiteDwarf
Gaia DR2 1759300964735458176,1759300964735458176,WhiteDwarf
GALEX J194018.5-364200,6740084652830951168,WhiteDwarf
Gaia DR2 6359495746623645824,6359495746623645824,WhiteDwarf
Gaia DR2 6114025893070767232,6114025893070767232,WhiteDwarf
GALEX J085340.7+264926,692552004625231616,WhiteDwarf
Gaia DR2 1078230580220496000,1078230580220496000,WhiteDwarf
SDSS J125721.48+021821.7,3692185614012962048,WhiteDwarf
GALEX J210902.0+063836,1733840914001638912,WhiteDwarf
Gaia DR2 912130038672320256,912130038672320256,WhiteDwarf
GALEX J090719.2+341806,714187709102860416,WhiteDwarf
GALEX J121111.3-473656,6130802344566626688,WhiteDwarf
Gaia DR2 2186488651197966336,2186488651197966336,WhiteDwarf
GALEX J131842.6+570611,1566294720819519232,WhiteDwarf
GALEX J183937.1+463458,2119307940984676224,WhiteDwarf
GALEX J172653.4+852444,1724485547516403328,WhiteDwarf
Gaia DR2 3536215732084777344,3536215732084777344,WhiteDwarf
SDSS J172131.70+252330.8,4570510377417216128,WhiteDwarf
GALEX J225113.1+064808,2711693401228934400,WhiteDwarf
EC 13394-1708,6293707709620393600,WhiteDwarf
GALEX J235633.6+201716,2846574169099979648,WhiteDwarf
Gaia DR2 3756815796551808896,3756815796551808896,WhiteDwarf
Gaia DR2 6212748332008962816,6212748332008962816,WhiteDwarf
Gaia DR2 1990438959104129664,1990438959104129664,WhiteDwarf
GALEX J081547.6+220917,676480821117887488,WhiteDwarf
GALEX J152814.0-140759,6266081754122219776,WhiteDwarf
GALEX J193235.2+004401,4287572603578462592,WhiteDwarf
GALEX J134839.7+660511,1672116946852656512,WhiteDwarf
GALEX J091306.6+254508,688701338808384256,WhiteDwarf
Gaia DR2 5610563710602103552,5610563710602103552,WhiteDwarf
Gaia DR2 305657326216888576,305657326216888576,WhiteDwarf
SDSS J202711.01+144616.5,1805392629616786560,WhiteDwarf
Gaia DR2 4296726342810119808,4296726342810119808,WhiteDwarf
GALEX J124030.2-031028,3682858388154500992,WhiteDwarf
GALEX J161929.6+131833,4463302972889625984,WhiteDwarf
Gaia DR2 2008471224669436544,2008471224669436544,WhiteDwarf
GALEX J145435.6+551931,1606583919237893632,WhiteDwarf
GALEX J104032.7+021730,3855829361253084672,WhiteDwarf
Gaia DR2 5802766795633897216,5802766795633897216,WhiteDwarf
GALEX J092058.6+580159,1026115069094466560,WhiteDwarf
Gaia DR2 2192687388516522880,2192687388516522880,WhiteDwarf
GALEX J005308.3+352606,363837228084017280,WhiteDwarf
Gaia DR2 6745009197907325440,6745009197907325440,WhiteDwarf
GALEX J144943.6+530444,1605789728245684096,WhiteDwarf
GALEX J061013.5-645855,5476517712576619008,WhiteDwarf
LB  8703,660311742420794368,WhiteDwarf
GALEX J195258.8-595632,6443943050000050816,WhiteDwarf
Gaia DR2 2755247706800322560,2755247706800322560,WhiteDwarf
GALEX J184458.4+431821,2116875786904890112,WhiteDwarf
SDSS J131927.30+133316.2,3742925941035760384,WhiteDwarf
GALEX J010310.4+175736,2785266500246755328,WhiteDwarf
Gaia DR2 4584248599111879168,4584248599111879168,WhiteDwarf
LSPM J0207+1111,2571255053050563072,WhiteDwarf
Gaia DR2 5320931770656526976,5320931770656526976,WhiteDwarf
Gaia DR2 4074811606037624448,4074811606037624448,WhiteDwarf
GALEX J064141.7-260236,2920382632326088064,WhiteDwarf
GALEX J113317.5-442429,5381874809670867072,WhiteDwarf
Gaia DR2 2838160362527561984,2838160362527561984,WhiteDwarf
Gaia DR2 1822713962152757120,1822713962152757120,WhiteDwarf
UCAC4 086-057390,5803547624984209792,WhiteDwarf
Gaia DR2 1943773211713832320,1943773211713832320,WhiteDwarf
GALEX J081141.1+192312,669568152857921664,WhiteDwarf
Gaia DR2 429190893570019840,429190893570019840,WhiteDwarf
Gaia DR2 5806338696593990400,5806338696593990400,WhiteDwarf
Gaia DR2 254437539109602944,254437539109602944,WhiteDwarf
PB  3842,3925916875267959808,WhiteDwarf
SDSS J091521.27+635845.9,1043421008454223616,WhiteDwarf
Gaia DR2 5815826657308650624,5815826661625500032,WhiteDwarf
Gaia DR2 138679340027354368,138679340027354368,WhiteDwarf
Gaia DR2 4327815274600687232,4327815274600687232,WhiteDwarf
Gaia DR2 5589641962830838912,5589641962830838912,WhiteDwarf
Gaia DR2 6010805910418638720,6010805910418638720,WhiteDwarf
SDSS J102312.21+250918.1,726139263057803008,WhiteDwarf
SDSS J220326.87+084102.8,2722273245708777984,WhiteDwarf
GALEX J095831.5+045555,3849281666430717184,WhiteDwarf
PB   143,1556577584947813376,WhiteDwarf
Gaia DR2 5220766085272817920,5220766085272817920,WhiteDwarf
Gaia DR2 5299984076988662912,5299984076988662912,WhiteDwarf
SDSS J073613.33+180103.2,3169390443714868352,WhiteDwarf
Gaia DR2 1812776095004966144,1812776095004966144,WhiteDwarf
GALEX J213843.3+141554,1770609029510194944,WhiteDwarf
Gaia DR2 1280140222621021824,1280140222621021824,WhiteDwarf
GALEX J003154.7+115935,2754710213117736320,WhiteDwarf
GALEX J093430.1+334340,797251689412894720,WhiteDwarf
Gaia DR3 4293211414587508352,4293211414587508352,WhiteDwarf
SDSS J204514.97+042444.9,1735171735387308160,WhiteDwarf
GALEX J111419.8-090200,3783104711550228096,WhiteDwarf
Gaia DR2 5531372210246441600,5531372210246441600,WhiteDwarf
GALEX J044350.8+265125,154537772330054656,WhiteDwarf
Gaia DR2 250764208198205056,250764208198205056,WhiteDwarf
GALEX J150947.0+310457,1276524517290830208,WhiteDwarf
Gaia DR2 1223064058627060608,1223064058627060608,WhiteDwarf
GALEX J080005.1+590606,1084245046263339904,WhiteDwarf
GALEX J210124.4-482955,6478404939869316352,WhiteDwarf
GALEX J122314.2+800224,1717992798211450368,WhiteDwarf
GALEX J132856.9-181655,3603209555385746560,WhiteDwarf
Gaia DR2 521395526359911424,521395526359911424,WhiteDwarf
2QZ J025647.4-312533,5052838980031634816,WhiteDwarf
PB  3632,1283540844582413952,WhiteDwarf
GALEX J024809.4-081932,5174405692882398208,WhiteDwarf
GALEX J122339.6-403027,6149877874876803712,WhiteDwarf
GALEX J183419.0+261218,4537246229372229120,WhiteDwarf
GALEX J153318.7+071758,1164185283975493120,WhiteDwarf
SDSS J133446.42+555354.2,1562562222440571008,WhiteDwarf
GALEX J161012.3+062523,4449834195967505792,WhiteDwarf
GALEX J184225.2+243058,4535862085964779520,WhiteDwarf
Gaia DR2 422347601923971712,422347601923971712,WhiteDwarf
GALEX J162923.0+040013,4433679174700859776,WhiteDwarf
Gaia DR2 3082399381531984512,3082399381531984512,WhiteDwarf
GALEX J110018.1+022801,3808583862003920640,WhiteDwarf
Gaia DR2 6336569211195809024,6336569211195809024,WhiteDwarf
GALEX J013028.4-251019,5037196399901797248,WhiteDwarf
GALEX J134157.7+032425,3713340900630592768,WhiteDwarf
Gaia DR2 4357504532389231360,4357504532389231360,WhiteDwarf
Gaia DR2 1646232965665967744,1646232965665967744,WhiteDwarf
GALEX J130938.8+432257,1526157255006308992,WhiteDwarf
SDSS J145907.24+374317.6,1295280330232893952,WhiteDwarf
GALEX J201333.1-344742,6699203333041133824,WhiteDwarf
GALEX J142016.0+320819,1477827053175963264,WhiteDwarf
SDSS J103755.60+662611.1,1059809091826507520,WhiteDwarf
Gaia DR2 6082487226662657408,6082487226662657408,WhiteDwarf
Gaia DR2 4630204753473117696,4630204753473117696,WhiteDwarf
Gaia DR2 909891883970820736,909891883970820736,WhiteDwarf
SDSS J143244.53+495443.9,1603709800138956544,WhiteDwarf
GALEX J031134.2-642050,4720388445234334592,WhiteDwarf
WISEA J202838.06-060842.4,4217793816094052480,WhiteDwarf
SDSS J090145.84+481509.6,1012563279044232576,WhiteDwarf
GALEX J112101.8+461010,785301028810905216,WhiteDwarf
Gaia DR2 5332673180478059904,5332673180478059904,WhiteDwarf
Gaia DR3 5859806061577557888,5859806061577557888,WhiteDwarf
Gaia DR2 6489832095497821824,6489832095497821824,WhiteDwarf
Gaia DR2 5731460137971085056,5731460137972287744,WhiteDwarf
GALEX J124219.3-064714,3676336905517204608,WhiteDwarf
Gaia DR2 6721187213354620672,6721187213354620672,WhiteDwarf
Gaia DR2 1706214619200202752,1706214619200202752,WhiteDwarf
LSPM J2128+2948,1849988271479046400,WhiteDwarf
Gaia DR2 4386340594919129088,4386340594919129088,WhiteDwarf
Gaia DR2 463580907161700224,463580907161700224,WhiteDwarf
GALEX J091948.2-162252,5682697892496033536,WhiteDwarf
GALEX J021432.4-242958,5122849317778101120,WhiteDwarf
Gaia DR2 3441814442568988160,3441814442568988160,WhiteDwarf
Gaia DR2 543358374202933760,543358374202933760,WhiteDwarf
SDSS J003908.33+303538.9,2858553485723741312,WhiteDwarf
Gaia DR2 2046405200466984320,2046405200466984320,WhiteDwarf
PB  6328,2562919651106682368,WhiteDwarf
SDSS J155403.12+542020.5,1597320774291955456,WhiteDwarf
Gaia DR2 5537554837143468800,5537554837143468800,WhiteDwarf
GALEX J220749.4-345519,6611343179931392128,WhiteDwarf
SDSS J154007.99+304401.0,1273311636937272704,WhiteDwarf
GALEX J235245.1+030706,2739838459358323712,WhiteDwarf
SDSS J091436.46+014514.5,3845038135663710720,WhiteDwarf
PHL   752,2368091860020553472,WhiteDwarf
Gaia DR2 2913123038085044608,2913123042383009536,WhiteDwarf
SDSS J161708.09+201436.4,1201999924104037376,WhiteDwarf
SDSS J001422.51+025431.3,2548332224182102272,WhiteDwarf
Gaia DR2 151813556177198080,151813556177198080,WhiteDwarf
GALEX J082933.9+080321,599133231824494592,WhiteDwarf
GALEX J041147.0-631600,4676104961590673024,WhiteDwarf
GALEX J115652.7-201512,3494649858932153984,WhiteDwarf
Gaia DR2 4217052259925350272,4217052259925350272,WhiteDwarf
GALEX J062738.5+330941,3439504574796319232,WhiteDwarf
Gaia DR2 2247317860693566848,2247317860693566848,WhiteDwarf
Gaia DR2 1900443627421915904,1900443627421915904,WhiteDwarf
GALEX J093421.8+241743,644556393629988096,WhiteDwarf
LSPM J1233+2825,4010592357371458944,WhiteDwarf
PB  4370,3705913085405648256,WhiteDwarf
GALEX J235552.7+372143,2880433874491493760,WhiteDwarf
GALEX J075402.9+250242,873734478452288000,WhiteDwarf
Gaia DR2 5301563525442829952,5301563525442829952,WhiteDwarf
GALEX J183128.0+261716,4537214858932459008,WhiteDwarf
GALEX J171258.8-010426,4368271426987911936,WhiteDwarf
GALEX J081416.7+841552,1149404751025838208,WhiteDwarf
LSPM J1519+6415N,1643897255075822976,WhiteDwarf
Gaia DR2 4617365721834823296,4617365721834823296,WhiteDwarf
GALEX J194541.8-432759,6685390756871844864,WhiteDwarf
Gaia DR2 4122794121715968768,4122794121715968768,WhiteDwarf
GALEX J081034.4+170001,656632364197648768,WhiteDwarf
Gaia DR3 5877278950619588096,5877278950619588096,WhiteDwarf
Gaia DR2 5697251578160050816,5697251578160050816,WhiteDwarf
GALEX J161547.4+105518,4453886102474889984,WhiteDwarf
Gaia DR2 1995173593607563904,1995173593607563904,WhiteDwarf
Gaia DR2 1278067991096878976,1278067991096878976,WhiteDwarf
GALEX J162949.2+221435,1298733243421435136,WhiteDwarf
GALEX J010022.5-473048,4933042588277770368,WhiteDwarf
Gaia DR2 5561634584173100160,5561634584173100160,WhiteDwarf
SDSS J114200.60+121557.1,3916793265218836096,WhiteDwarf
Gaia DR2 4902294672592643328,4902294672592643328,WhiteDwarf
GALEX J103248.5-025520,3781616827503753088,WhiteDwarf
GALEX J173842.2+645534,1440588832022518528,WhiteDwarf
GALEX J092251.6+315028,700760541823901440,WhiteDwarf
GALEX J055023.1+601330,282172582478863488,WhiteDwarf
Gaia DR2 423629426316913408,423629426316913408,WhiteDwarf
GALEX J003051.3+470717,389457708733115520,WhiteDwarf
GALEX J182913.1+194623,4525425379861369344,WhiteDwarf
GALEX J130559.9-053458,3629832855062189824,WhiteDwarf
Gaia DR2 5497908264614385408,5497908264614385408,WhiteDwarf
Gaia DR2 3343416333794735616,3343416333794735616,WhiteDwarf
GALEX J084221.4+544835,1030460790019669504,WhiteDwarf
Gaia DR2 6477444314598219520,6477444314598219520,WhiteDwarf
Gaia DR2 6728838955276744832,6728838955276744832,WhiteDwarf
GALEX J055631.9-255858,2911376704381760640,WhiteDwarf
Gaia DR3 6916790331922735744,6916790331922735744,WhiteDwarf
Gaia DR2 2219366591488886144,2219366591488886144,WhiteDwarf
GALEX J043319.7+334316,172969637364397056,WhiteDwarf
GALEX J072317.5+630127,1087595434288151424,WhiteDwarf
Gaia DR2 2951380789991336192,2951380789991336192,WhiteDwarf
EC 02172-8410,4617180935163192320,WhiteDwarf
Gaia DR2 5302223305434575232,5302223305434575232,WhiteDwarf
Gaia DR2 4166540077268557952,4166540077268557952,WhiteDwarf
GALEX J231745.0+441508,1937723973613795456,WhiteDwarf
SDSS J023821.61+281213.7,127904847629773952,WhiteDwarf
Gaia DR2 5809794152401147776,5809794152401147776,WhiteDwarf
GALEX J102926.7-241923,5474146310806250880,WhiteDwarf
Gaia DR2 1116030179373114496,1116030179373114496,WhiteDwarf
GALEX J054859.4+850809,570805345526611840,WhiteDwarf
Gaia DR2 3381463245751792896,3381463245751792896,WhiteDwarf
GALEX J220248.8-222101,6819693589648686208,WhiteDwarf
PB  7043,2620067523873892352,WhiteDwarf
GALEX J033016.8-000330,3264205415890602368,WhiteDwarf
Gaia DR2 3011132993484817408,3011132993484817408,WhiteDwarf
GALEX J201825.9-601738,6443190640448622976,WhiteDwarf
LP  609-14,3829587901349023616,WhiteDwarf
Gaia DR2 1866938892486975488,1866938892486975488,WhiteDwarf
GALEX J221613.5+010456,2679390849116632704,WhiteDwarf
2QZ J215841.8-300135,6616714053715170944,WhiteDwarf
GALEX J224139.0-630003,6394397956539212160,WhiteDwarf
GALEX J094231.4-002039,3840035666995893376,WhiteDwarf
Gaia DR2 4290807710368429440,4290807710368429440,WhiteDwarf
GALEX J000932.5-130244,2418219591563557504,WhiteDwarf
GALEX J030926.6+095352,14895255820376064,WhiteDwarf
Gaia DR2 4515206488750585856,4515206488750585856,WhiteDwarf
Gaia DR2 3299278874743195648,3299278874743195648,WhiteDwarf
Gaia DR2 1632117332309958016,1632117332309958016,WhiteDwarf
LP  497-29,3733305179932909312,WhiteDwarf
Gaia DR2 1836429338917096704,1836429338917096704,WhiteDwarf
GALEX J052639.6+511620,262003965813940224,WhiteDwarf
Gaia DR2 3144088683998014208,3144088683998014208,WhiteDwarf
Gaia DR2 6745002630902265472,6745002630902265472,WhiteDwarf
Gaia DR2 5391777458067493760,5391777458067493760,WhiteDwarf
Gaia DR2 6032980001952033408,6032980001952033408,WhiteDwarf
LAMOST J025759.28+281208.1,116821740360184320,WhiteDwarf
GALEX J045555.4-264145,4880724556555646720,WhiteDwarf
[CCH91] 1057.7+0123,3805341024256300160,WhiteDwarf
SBSS 0825+591,1035511323666048512,WhiteDwarf
GALEX J164232.8-154348,4325938927947939712,WhiteDwarf
Gaia DR2 5592178295639683200,5592178295639683200,WhiteDwarf
GALEX J093231.9-041740,3825319498425887360,WhiteDwarf
GALEX J005339.7-151648,2371561162803802880,WhiteDwarf
UVEX J185941.43+013954.0,4268374782648737024,WhiteDwarf
Gaia DR2 3942303584251006976,3942303584251006976,WhiteDwarf
Gaia DR2 1650259957066983552,1650259957066983552,WhiteDwarf
Gaia DR2 411158627997720576,411158627997720576,WhiteDwarf
Gaia DR2 5584207042493626240,5584207042493626240,WhiteDwarf
Gaia DR2 1589978922836524672,1589978922836524672,WhiteDwarf
DES J214756.46-403529.3,6584418167391671808,WhiteDwarf
GALEX J214205.4+171109,1773546477904389504,WhiteDwarf
SDSS J132430.42+055316.0,3716594011940116096,WhiteDwarf
Gaia DR2 3208462581542960896,3208462581542960896,WhiteDwarf
PHL  3790,2452841219857158272,WhiteDwarf
GALEX J094459.7+232737,641624339715904128,WhiteDwarf
GALEX J150822.6+062243,1157277288640874496,WhiteDwarf
Gaia DR2 5308628196887758336,5308628196887758336,WhiteDwarf
GALEX J023410.3+264811,127373439916208896,WhiteDwarf
GALEX J114334.0+355438,4032273764598179968,WhiteDwarf
Gaia DR2 6397155153745072128,6397155153745072128,WhiteDwarf
GALEX J081532.2+215840,676473944873877248,WhiteDwarf
Gaia DR2 4610153097357907968,4610153097358831744,WhiteDwarf
GALEX J110600.4+621017,862260868456553856,WhiteDwarf
GALEX J153951.2+043913,4427736554869389824,WhiteDwarf
SDSS J091916.95+383736.0,811996243420199424,WhiteDwarf
Gaia DR3 4262584861808540928,4262584861808540928,WhiteDwarf
Gaia DR2 2894160555613643392,2894160555613643392,WhiteDwarf
Gaia DR2 1830658517779669376,1830658517779669376,WhiteDwarf
GALEX J005142.8-074824,2522634167835030656,WhiteDwarf
Gaia DR2 1955871589129513600,1955871589129513600,WhiteDwarf
GALEX J115226.7-471144,5377584927620770048,WhiteDwarf
FBS 0228+447,341372212664612608,WhiteDwarf
Gaia DR2 2219268150839254272,2219268150839254272,WhiteDwarf
LP  554-8,3898377201369256576,WhiteDwarf
Gaia DR2 451963982702106496,451963982702106496,WhiteDwarf
LAMOST J040732.05+470628.3,246081255039227392,WhiteDwarf
SDSS J214215.23+102703.2,1765700912683411456,WhiteDwarf
SDSS J230719.94-085109.8,2606414200796657024,WhiteDwarf
GALEX J090939.3-114159,5736155391923935744,WhiteDwarf
Gaia DR3 5992083185912678528,5992083185912678528,WhiteDwarf
GALEX J075945.3+083651,3146149924703013248,WhiteDwarf
GALEX J143649.6+323734,1286337692929375744,WhiteDwarf
GALEX J021130.9-062055,2487975808980333184,WhiteDwarf
GALEX J075311.0+410353,920905069174977280,WhiteDwarf
SDSS J155230.10-004553.5,4410187941274306304,WhiteDwarf
GALEX J232707.0+484427,1942030932458485248,WhiteDwarf
Gaia DR2 2537300583502009984,2537300583502009984,WhiteDwarf
EC 12431-1929,3503777905682327552,WhiteDwarf
Gaia DR2 6473572246962813056,6473572246962813056,WhiteDwarf
Gaia DR2 5689511325535843456,5689511325535843456,WhiteDwarf
GALEX J163124.4+121922,4459513574784925568,WhiteDwarf
GALEX J023722.3-525138,4744728853829024128,WhiteDwarf
Gaia DR2 5794148759070283264,5794148759070283264,WhiteDwarf
GALEX J022145.0-631036,4701204681748459776,WhiteDwarf
GALEX J084115.9+411833,913395851433446784,WhiteDwarf
SBSS 0936+495,825968115631528576,WhiteDwarf
Gaia DR2 4880976417734692352,4880976417735259136,WhiteDwarf
GALEX J093517.8-064210,3823595081941578624,WhiteDwarf
GALEX J192757.3-463228,6660634080046864512,WhiteDwarf
Gaia DR2 1978452499953970816,1978452499953970816,WhiteDwarf
Gaia DR2 5810226058607489536,5810226058607489536,WhiteDwarf
Gaia DR3 5952482316202353920,5952482316202353920,WhiteDwarf
Gaia DR2 1817388919946295424,1817388919946295424,WhiteDwarf
GALEX J115937.5+652701,864391614616106496,WhiteDwarf
Gaia DR2 6720246267612860544,6720246267612860544,WhiteDwarf
Gaia DR2 5824056334347931392,5824056334347931392,WhiteDwarf
SDSS J024146.11+001743.5,2498817539090429696,WhiteDwarf
GALEX J162752.7+164704,4466603191400839680,WhiteDwarf
GALEX J100936.1-311233,5460315481024829312,WhiteDwarf
GALEX J032457.8-045724,3248533904860189568,WhiteDwarf
GALEX J095329.2-005100,3832976905423004800,WhiteDwarf
Gaia DR2 2186612105741592448,2186612105741592448,WhiteDwarf
Gaia DR2 5191146547689954688,5191146547689954688,WhiteDwarf
GALEX J051843.1-242033,2958137422082430080,WhiteDwarf
GALEX J034212.4-190949,5101144584587120896,WhiteDwarf
Gaia DR2 5820693581124995712,5820693581129121664,WhiteDwarf
GALEX J112700.2-302438,3481820757259607552,WhiteDwarf
GALEX J234236.9-011542,2640983911525578752,WhiteDwarf
GALEX J123357.9+430129,1535317767413492608,WhiteDwarf
Gaia DR2 5789298259228992640,5789298259228992640,WhiteDwarf
Gaia DR2 2208640103948672512,2208640103948672512,WhiteDwarf
Gaia DR2 4723214056974271488,4723214056974271488,WhiteDwarf
GALEX J011048.0+290836,308209361422876288,WhiteDwarf
SDSS J151313.65+215851.1,1215208632162067840,WhiteDwarf
Gaia DR2 6015119977429151872,6015119977429151872,WhiteDwarf
GALEX J082757.8-104705,5751322742511400832,WhiteDwarf
GALEX J094808.6-231154,5663525334580197760,WhiteDwarf
SDSS J082310.78+291119.5,707484845701949184,WhiteDwarf
GALEX J153824.8+115113,1190395678380419584,WhiteDwarf
GALEX J175757.5+073646,4475715909414047744,WhiteDwarf
GALEX J064819.1+422204,951880751270746752,WhiteDwarf
Gaia DR2 3335944632592001280,3335944632592001280,WhiteDwarf
2QZ J030042.8-315803,5052536957931196032,WhiteDwarf
WD 0901+166,610898178040450432,WhiteDwarf
GALEX J105023.4+524538,837469217713046272,WhiteDwarf
GALEX J214304.2+330203,1946936579688012544,WhiteDwarf
Gaia DR2 5534881679564276224,5534881679564276224,WhiteDwarf
Gaia DR2 2052667915622772480,2052667915622772480,WhiteDwarf
GALEX J150919.1+431344,1393611991567241216,WhiteDwarf
SDSS J083349.88+184357.7,662637175153880064,WhiteDwarf
GALEX J203423.2-410632,6679681916407242240,WhiteDwarf
GALEX J004803.2-253337,2343822172356790400,WhiteDwarf
GALEX J093410.2+553149,1024731058832443520,WhiteDwarf
SDSS J224024.52+123441.6,2731513885025782528,WhiteDwarf
Gaia DR2 5898357894175308672,5898357894175308672,WhiteDwarf
Gaia DR2 5514335346293752832,5514335346293752832,WhiteDwarf
GALEX J224149.7+804031,2286846403224929536,WhiteDwarf
2SLAQ J033325.87+003529.5,3264629037104311040,WhiteDwarf
PB  6181,2552840428013633152,WhiteDwarf
Gaia DR3 2186683887533466752,2186683887533466752,WhiteDwarf
Gaia DR2 2413527975447539840,2413527975447539840,WhiteDwarf
Gaia DR3 5899510491600538240,5899510491600538240,WhiteDwarf
2QZ J114443.9-010145,3794664663271628288,WhiteDwarf
Gaia DR2 2084331793206007040,2084331793206007040,WhiteDwarf
Gaia DR2 5338707197223509888,5338707197223509888,WhiteDwarf
EGGR 550,2247310202770163584,WhiteDwarf
Gaia DR2 6579816887324729216,6579816887324729216,WhiteDwarf
SDSS J020549.69+000040.4,2507183379469211264,WhiteDwarf
GALEX J032355.5-503021,4737317385248183808,WhiteDwarf
GALEX J154156.5+161511,1196127127553338624,WhiteDwarf
GALEX J124758.4-275149,3495638702138469504,WhiteDwarf
SDSS J015159.81+003257.5,2510837022248703872,WhiteDwarf
PHL   247,2678506876127556864,WhiteDwarf
GALEX J203915.7+591403,2193650388906009856,WhiteDwarf
Gaia DR2 3048077786767207296,3048077786767207296,WhiteDwarf
GALEX J082059.5+035813,3092875631399872768,WhiteDwarf
GALEX J155908.3+123203,4457857985150217472,WhiteDwarf
GALEX J071407.3+395428,946859762703972352,WhiteDwarf
SDSS J162502.10+372454.1,1331948798204728320,WhiteDwarf
GALEX J233017.8+444716,1937327496593156096,WhiteDwarf
Gaia DR2 6856319700656709120,6856319700656709120,WhiteDwarf
Gaia DR2 2072937000156166144,2072937000156166144,WhiteDwarf
GALEX J081101.2+250443,681066433144414720,WhiteDwarf
GALEX J125332.6+514428,1569532267167204992,WhiteDwarf
GALEX J232911.3+262447,2841484461055554176,WhiteDwarf
GALEX J000653.5+254956,2850575188834635136,WhiteDwarf
GALEX J152046.1+042045,4422496935286829824,WhiteDwarf
GALEX J060434.6-462703,5566790984467896832,WhiteDwarf
Gaia DR2 4351184367752861824,4351184367752861824,WhiteDwarf
GALEX J010917.1-133644,2468135362175699840,WhiteDwarf
GALEX J093111.9-305848,5632153583485636352,WhiteDwarf
Gaia DR2 5500512011227961600,5500512011227961600,WhiteDwarf
Gaia DR2 3228948132437015552,3228948132437015552,WhiteDwarf
JL 274,4937533749678797056,WhiteDwarf
Gaia DR2 6018597943173394176,6018597943173394176,WhiteDwarf
US 2947,4020741021494570624,WhiteDwarf
GALEX J181907.0+514711,2124461184481568128,WhiteDwarf
Gaia DR2 5538286768298624640,5538286768298624640,WhiteDwarf
LP  505-43,4447152835006239104,WhiteDwarf
Gaia DR2 6664774394159837952,6664774394159837952,WhiteDwarf
LAMOST J012624.12+574623.1,413040858770727168,WhiteDwarf
GALEX J090631.1+011528,3843636017819635968,WhiteDwarf
GALEX J222421.3-340417,6601153288417837312,WhiteDwarf
SDSS J083549.96+475516.6,1014792641948625792,WhiteDwarf
Gaia DR2 465792673585670656,465792673585670656,WhiteDwarf
SDSS J162117.61+362508.4,1330297744059369088,WhiteDwarf
SDSS J161134.25+173817.2,1199040558491076736,WhiteDwarf
GALEX J085009.5+141116,608900743369444992,WhiteDwarf
GALEX J113859.1+515648,792022240312820992,WhiteDwarf
GALEX J200112.2-182731,6867735032237377536,WhiteDwarf
Gaia DR2 5515153726546848768,5515153726546848768,WhiteDwarf
GALEX J093352.2+060700,3852692110981531520,WhiteDwarf
SDSS J133838.43-014339.3,3661708624864709376,WhiteDwarf
GALEX J233030.1-080243,2439895673031240448,WhiteDwarf
GALEX J024459.9-261028,5075864024827241600,WhiteDwarf
Gaia DR2 2069744499424941440,2069744499424941440,WhiteDwarf
Gaia DR2 2039010675532296320,2039010675532296320,WhiteDwarf
GALEX J161834.1+521810,1424795481360349824,WhiteDwarf
GALEX J173135.5+221027,4556944358138342656,WhiteDwarf
Gaia DR2 3130230473801084416,3130230473801084416,WhiteDwarf
Gaia DR2 2912360801649797760,2912360801649797760,WhiteDwarf
Gaia DR2 3469190740206734080,3469190740206734080,WhiteDwarf
GALEX J122126.1-445232,6143720820214473600,WhiteDwarf
Gaia DR2 3303672798085957888,3303672798085957888,WhiteDwarf
Gaia DR2 2179072754505048832,2179072754505048832,WhiteDwarf
GALEX J032607.9+011020,3267558410958238080,WhiteDwarf
GALEX J084947.0+580919,1037460792142733696,WhiteDwarf
Gaia DR2 4298401105174809984,4298401105174809984,WhiteDwarf
SDSS J111608.80+092532.5,3915111042492943360,WhiteDwarf
SDSS J163505.27+624328.2,1625755622454752512,WhiteDwarf
PG 0913+104,591040864898749312,WhiteDwarf
Gaia DR2 3307878498781196544,3307878498781196544,WhiteDwarf
SDSS J221159.66+215103.5,1782056697901691648,WhiteDwarf
GALEX J062616.8+415445,958485174022697728,WhiteDwarf
GALEX J040725.6-250324,4890881093355291904,WhiteDwarf
GALEX J213613.9+334935,1950219377808924800,WhiteDwarf
LAMOST J033822.30+283714.4,119535335055516544,WhiteDwarf
EGGR 577,1408135749896104192,WhiteDwarf
GALEX J152831.1+035101,4428177733910126464,WhiteDwarf
Gaia DR2 64009654254079232,64009654256059008,WhiteDwarf
SDSS J161345.03+283355.7,1317674044899761536,WhiteDwarf
Gaia DR3 5344742588317750784,5344742588317750784,WhiteDwarf
Gaia DR2 5313797829987667584,5313797829987667584,WhiteDwarf
GALEX J235628.5+374359,2881215970856879616,WhiteDwarf
GALEX J095311.4+445548,820545289923503104,WhiteDwarf
Gaia DR2 5489445426696540672,5489445426696540672,WhiteDwarf
Gaia DR2 1428492413114066048,1428492413114066048,WhiteDwarf
Gaia DR2 5520857305669447040,5520857305669447040,WhiteDwarf
GALEX J153236.9+491010,1402279437433014528,WhiteDwarf
Gaia DR2 2177297391130977792,2177297391130977792,WhiteDwarf
GD 70,3429404426623542016,WhiteDwarf
2QZ J011915.1-301855,5028811008832235392,WhiteDwarf
SDSS J094046.07+564215.1,1025192407039431808,WhiteDwarf
GALEX J211732.7-584704,6453520036795297664,WhiteDwarf
Gaia DR2 3212071354800889856,3212071354800889856,WhiteDwarf
GALEX J180234.4+243358,4579350962003531136,WhiteDwarf
GALEX J134520.6+174805,1244646101786338560,WhiteDwarf
GALEX J122758.1-442351,6145200041310737536,WhiteDwarf
GALEX J135009.5+364512,1495489921498520064,WhiteDwarf
PB  9387,5173201624570800640,WhiteDwarf
SDSS J123117.90+250830.5,3960066602619196032,WhiteDwarf
GALEX J045929.2-545044,4764772190594414720,WhiteDwarf
GALEX J105258.1+482850,832306216050238976,WhiteDwarf
Gaia DR2 5902639873506071424,5902639873506071424,WhiteDwarf
GALEX J112320.6-295953,3482631303487180544,WhiteDwarf
Gaia DR2 417998621115777664,417998621115777664,WhiteDwarf
GALEX J090830.5+692704,1117793654287820288,WhiteDwarf
GALEX J085231.6-024725,5763584805421969280,WhiteDwarf
GALEX J131644.9-031639,3636493249826328192,WhiteDwarf
HE 1441-0047,3650552739370519680,WhiteDwarf
Gaia DR2 6346707533037658240,6346707533037658240,WhiteDwarf
SDSS J013907.30+113846.1,2585779940956142976,WhiteDwarf
GALEX J142443.0+824642,1725442569309000704,WhiteDwarf
GALEX J123942.1+483037,1543455527848603392,WhiteDwarf
GALEX J033145.0+715734,543222790678158720,WhiteDwarf
GALEX J055224.7-373312,2886960300637515136,WhiteDwarf
GALEX J155206.4+391017,1376870960665371136,WhiteDwarf
GALEX J200238.2+732705,2287988761444973440,WhiteDwarf
Gaia DR2 5221680260470314368,5221680260470314368,WhiteDwarf
GALEX J175530.7+292101,4596543131974301056,WhiteDwarf
GALEX J144007.2-160619,6286610873163246080,WhiteDwarf
Gaia DR2 2685772865576161024,2685772865576161024,WhiteDwarf
Gaia DR2 1760031972463945984,1760031972463945984,WhiteDwarf
GD 283,457817164137702784,WhiteDwarf
GALEX J015233.6+281931,299058504101212928,WhiteDwarf
Gaia DR2 5500308124837433984,5500308124837433984,WhiteDwarf
GALEX J082106.0+253620,679459462541248000,WhiteDwarf
Gaia DR2 5255227837729449984,5255227837729449984,WhiteDwarf
SDSS J175539.84+493316.0,1364201116380848512,WhiteDwarf
Gaia DR2 1873460615650726912,1873460615650726912,WhiteDwarf
GALEX J003507.4-041425,2528251740244691072,WhiteDwarf
Gaia DR2 3330981956800964736,3330981956800964736,WhiteDwarf
Gaia DR2 4802283472884556672,4802283472884556672,WhiteDwarf
GALEX J032414.8-513857,4736822089620249984,WhiteDwarf
GALEX J212931.6+261703,1847073985845630336,WhiteDwarf
GALEX J052451.8-602830,4759552980696432000,WhiteDwarf
PB  5127,2679207333753861888,WhiteDwarf
GALEX J195936.3-492039,6670413617499932288,WhiteDwarf
Gaia DR2 2165075872713595392,2165075872713595392,WhiteDwarf
LAMOST J174452.30+122252.2,4493173924975781632,WhiteDwarf
GALEX J125655.7+360400,1517165517633456768,WhiteDwarf
GALEX J071728.5+792449,1141792282271013248,WhiteDwarf
SDSS J103336.57+105710.9,3882310961369290368,WhiteDwarf
GALEX J110441.8-340441,5401747073593870208,WhiteDwarf
Gaia DR2 5866180544649496064,5866180544649496064,WhiteDwarf
Gaia DR2 2900300396043954688,2900300396043954688,WhiteDwarf
SDSS J114957.21+725417.4,1075122127704964864,WhiteDwarf
Gaia DR2 6233135510972442752,6233135510972442752,WhiteDwarf
LAMOST J152102.10-002149.9,4415743391271417728,WhiteDwarf
Gaia DR2 5888303611951506944,5888303611951506944,WhiteDwarf
GALEX J062937.2-481050,5552148753760990592,WhiteDwarf
SDSS J215359.64+125725.5,1767958523587521152,WhiteDwarf
SDSS J113346.02+654928.6,1056623669201858560,WhiteDwarf
Gaia DR2 5240347601408451840,5240347601408451840,WhiteDwarf
GALEX J090836.4+132518,606124957546149504,WhiteDwarf
Gaia DR2 940907831384437632,940907831384437632,WhiteDwarf
GALEX J060607.1-160423,2991491279111245440,WhiteDwarf
Gaia DR2 2912834283140996864,2912834283140996864,WhiteDwarf
Gaia DR2 340963301714180480,340963301714180480,WhiteDwarf
GALEX J125529.0+600843,1579066476088912896,WhiteDwarf
Gaia DR2 441125267657012992,441125267657012992,WhiteDwarf
GALEX J102625.9+365414,754660319804151936,WhiteDwarf
GALEX J013021.5+070342,2565358093017915776,WhiteDwarf
GALEX J201735.5+112314,1801908861377350144,WhiteDwarf
GALEX J075615.7+331016,881416246502076928,WhiteDwarf
Gaia DR2 3552028182468275200,3552028182468275200,WhiteDwarf
GALEX J190431.7+312043,2042698884206707200,WhiteDwarf
GALEX J092928.4+373038,799212840199174656,WhiteDwarf
SDSS J085216.94-005947.5,3073962248990492928,WhiteDwarf
Gaia DR2 2923886294847955840,2923886294847955840,WhiteDwarf
Gaia DR2 861184515291473536,861184515291473536,WhiteDwarf
Gaia DR2 523426771010560128,523426771010560128,WhiteDwarf
GALEX J210837.5-112759,6889098925418204032,WhiteDwarf
GALEX J041458.9-475525,4830881259223317632,WhiteDwarf
Gaia DR2 5249561573251226880,5249561573251226880,WhiteDwarf
Lan 358,2067761083527410432,WhiteDwarf
GALEX J005703.7+151014,2778218252755761280,WhiteDwarf
GALEX J213221.9-252636,6814442459553310592,WhiteDwarf
GALEX J205730.0+080258,1738121484567017088,WhiteDwarf
Gaia DR2 4792513075121203200,4792513075121203200,WhiteDwarf
GALEX J021154.5-004606,2494849302842058624,WhiteDwarf
Gaia DR2 4963485037296234880,4963485037296234880,WhiteDwarf
Gaia DR2 3303270754787168128,3303270754787168128,WhiteDwarf
2MASS J16582383-8058570,5775307733975564160,WhiteDwarf
Gaia DR2 5695148384215197056,5695148384215197056,WhiteDwarf
Gaia DR2 415107455287526912,415107455287526912,WhiteDwarf
GALEX J131614.2+021122,3691432238094304896,WhiteDwarf
GALEX J170130.9+283028,1308630286883718784,WhiteDwarf
GALEX J221431.2+212200,1781780552979920128,WhiteDwarf
US 2937,4021228036425844480,WhiteDwarf
2QZ J223212.4-300701,6608267437886604544,WhiteDwarf
Gaia DR2 5768899196094052864,5768899196094052864,WhiteDwarf
Gaia DR2 5277250986890179712,5277250986890179712,WhiteDwarf
Gaia DR2 5493943361264234240,5493943361264234240,WhiteDwarf
GALEX J001700.3-334331,2316004317720733440,WhiteDwarf
GALEX J014249.0-443200,4955534331276987648,WhiteDwarf
Gaia DR2 4395745061468726400,4395745061468726400,WhiteDwarf
GALEX J225434.8-213747,2396889684460347648,WhiteDwarf
GALEX J125447.9+492915,1555413094757632768,WhiteDwarf
SDSS J012212.19+325957.3,316773766729205632,WhiteDwarf
SDSS J154902.50+040225.2,4425988262662275456,WhiteDwarf
GALEX J212310.5-150954,6836377922686165632,WhiteDwarf
G 270-167,2475583797539283840,WhiteDwarf
GALEX J144750.3+110734,1175321786281047168,WhiteDwarf
GALEX J165659.3+392515,1352148991471303168,WhiteDwarf
SDSS J160026.98+031655.6,4424939088051458944,WhiteDwarf
GALEX J091114.0+364259,715623194549232384,WhiteDwarf
Gaia DR2 2802951113988863616,2802951113988863616,WhiteDwarf
SDSS J154541.13+144354.9,1195716249506930560,WhiteDwarf
GALEX J053941.9-570811,4766190079557876352,WhiteDwarf
SDSS J103822.08+304047.9,735681718316924672,WhiteDwarf
SDSS J141750.26+162057.7,1232578961671036928,WhiteDwarf
Gaia DR2 544535332681308160,544535332681308160,WhiteDwarf
LP  243-44,318066311366852736,WhiteDwarf
Gaia DR3 4314869044906376832,4314869044906376832,WhiteDwarf
Gaia DR2 1385052117450337024,1385052117450337024,WhiteDwarf
Gaia DR2 5329668485760221824,5329668485760221824,WhiteDwarf
SDSS J035323.88+111200.7,3303242515378972672,WhiteDwarf
GALEX J030759.7+302123,122990511689965440,WhiteDwarf
SDSS J210330.85-002446.4,2690065251596080384,WhiteDwarf
Gaia DR2 4701572090430988416,4701572090430988416,WhiteDwarf
Gaia DR2 5015583166692203392,5015583166692203392,WhiteDwarf
Gaia DR2 5458435659738665216,5458435659738665216,WhiteDwarf
Gaia DR2 1385991306538770176,1385991306538770176,WhiteDwarf
GALEX J104112.2-095848,3761041327110766592,WhiteDwarf
GALEX J235246.9+275604,2854669289101010176,WhiteDwarf
Gaia DR2 483444920452051072,483444920452051072,WhiteDwarf
GALEX J131937.8+624759,1664037597972532096,WhiteDwarf
EC 02568-6716,4647671831414359936,WhiteDwarf
GALEX J071748.2+653852,1101782978281258496,WhiteDwarf
2QZ J113748.2-002715,3794250972021745920,WhiteDwarf
GALEX J155445.7+072236,4430062472938548096,WhiteDwarf
Gaia DR2 5610631261848849024,5610631261848849024,WhiteDwarf
SDSS J134434.89+263244.8,1451374525694669568,WhiteDwarf
GALEX J041723.6-582656,4682070911682503168,WhiteDwarf
PB  3249,1460767992832014976,WhiteDwarf
Gaia DR2 3004922981874019328,3004922981874019328,WhiteDwarf
GALEX J053432.8+770756,504240778439455872,WhiteDwarf
GALEX J131007.1+690750,1685638461677298688,WhiteDwarf
GALEX J175513.7+553116,1418227136335186048,WhiteDwarf
Gaia DR2 2062336230596741248,2062336230596741248,WhiteDwarf
GALEX J210137.6+325254,1865432187899578880,WhiteDwarf
Gaia DR2 876938416678267008,876938416678267008,WhiteDwarf
LAMOST J062707.18+040856.7,3131211414270942208,WhiteDwarf
SDSS J124825.40+384258.8,1520868947673840896,WhiteDwarf
Lan 572,199782705878050304,WhiteDwarf
LSPM J2128+5817,2179090724654014720,WhiteDwarf
GALEX J040651.0+423006,232013549217192960,WhiteDwarf
Gaia DR2 4681278541756122240,4681278541756122240,WhiteDwarf
GALEX J140312.8+102430,3724037709955331328,WhiteDwarf
Gaia DR2 5836111998304467328,5836111998304467328,WhiteDwarf
Gaia DR2 2942788205400756352,2942788205400756352,WhiteDwarf
Gaia DR2 5461354072835670784,5461354072835670784,WhiteDwarf
2QZ J235055.6-313134,2326329247301559296,WhiteDwarf
GALEX J013131.3-001644,2509935938109492736,WhiteDwarf
Gaia DR2 261138173424891264,261138173424891264,WhiteDwarf
GALEX J162608.5+043208,4436773410875734784,WhiteDwarf
Gaia DR2 401782473871705984,401782473871705984,WhiteDwarf
Gaia DR2 2052770582516733568,2052770582516733568,WhiteDwarf
GALEX J204532.4-001201,4227925742727952512,WhiteDwarf
GALEX J180949.1+174710,4526221391924591232,WhiteDwarf
Gaia DR2 4566859204241802880,4566859204241802880,WhiteDwarf
Gaia DR2 4169620737051619456,4169620737051619456,WhiteDwarf
GALEX J203822.3+690427,2271245123499871360,WhiteDwarf
GALEX J040403.8-595329,4680262489932919040,WhiteDwarf
GALEX J143404.1+801732,1721530781815721472,WhiteDwarf
GALEX J120734.8+165700,3925674978414512768,WhiteDwarf
Gaia DR2 6636780901132343424,6636780901132343424,WhiteDwarf
Gaia DR2 2103866644502217856,2103866644502217856,WhiteDwarf
GALEX J083610.2+330019,710651885866244096,WhiteDwarf
GALEX J133011.1-165232,3604569513829369344,WhiteDwarf
Gaia DR2 2914268797919670400,2914268797919670400,WhiteDwarf
GALEX J144419.6-312932,6217578894607312000,WhiteDwarf
Gaia DR2 3330446078022707840,3330446078022707840,WhiteDwarf
Gaia DR2 5651212999076577024,5651212999076577024,WhiteDwarf
Gaia DR2 6062237456625253120,6062237456625253120,WhiteDwarf
SDSS J075453.20+192225.2,670224836178578176,WhiteDwarf
GALEX J082951.4+292623,707724436157414912,WhiteDwarf
Gaia DR2 5258330629462979456,5258330629462979456,WhiteDwarf
Gaia DR2 2182212929660617856,2182212929660617856,WhiteDwarf
Gaia DR2 5230883280169244672,5230883280169244672,WhiteDwarf
Gaia DR2 5716331506516284544,5716331506516284544,WhiteDwarf
Gaia DR2 5364653433923691136,5364653433923691136,WhiteDwarf
GALEX J073658.5+295752,879547489051907968,WhiteDwarf
GALEX J082214.4+132501,651152123367170048,WhiteDwarf
Gaia DR2 5640469774044522240,5640469774044522240,WhiteDwarf
Gaia DR2 6371434072077730176,6371434072077730176,WhiteDwarf
GALEX J205028.1+214954,1838948899858886400,WhiteDwarf
GALEX J065151.2+451329,953986968873841280,WhiteDwarf
PB  4072,3741319902440238592,WhiteDwarf
Gaia DR2 5817223724273680768,5817223724273680768,WhiteDwarf
Gaia DR2 5662271199833639424,5662271199833639424,WhiteDwarf
Gaia DR2 5526128982888170496,5526128982888170496,WhiteDwarf
SDSS J080624.59+195340.2,669762525898669824,WhiteDwarf
GALEX J225214.0-561128,6505661940495461888,WhiteDwarf
GALEX J182304.9+435806,2115041457911187456,WhiteDwarf
Gaia DR2 4486585062889735680,4486585062889735680,WhiteDwarf
Gaia DR2 3400862513515314944,3400862513515314944,WhiteDwarf
SDSS J013829.73+591348.8,509163429445659008,WhiteDwarf
Gaia DR2 2882678969861204096,2882678969861204096,WhiteDwarf
SDSS J025713.82+015252.1,1268321022907264,WhiteDwarf
SBSS 1035+541,850214786565323264,WhiteDwarf
GALEX J172412.4+390136,1340640815579649280,WhiteDwarf
LAMOST J081106.32-031317.4,3069614329043364096,WhiteDwarf
Gaia DR2 4589656237814429312,4589656237814429312,WhiteDwarf
SDSS J132211.49+174536.3,3938547476436381440,WhiteDwarf
GALEX J111531.1+392656,765107020297895424,WhiteDwarf
Gaia DR2 529847025566222336,529847025566222336,WhiteDwarf
GALEX J144502.8+395507,1488746543669846528,WhiteDwarf
SDSS J173144.31+304207.2,4599242707898280832,WhiteDwarf
GALEX J000801.8-530952,4972137747130095360,WhiteDwarf
GALEX J180804.9+304829,4591142846255557248,WhiteDwarf
GALEX J223558.9+235304,1876905896673872896,WhiteDwarf
2MASS J14252044-2059284,6282652429440959744,WhiteDwarf
GALEX J175656.4+504217,1364561515676694784,WhiteDwarf
GALEX J022453.7+314246,132644979696083200,WhiteDwarf
GALEX J084252.1-190313,5705387968498476544,WhiteDwarf
Gaia DR2 39495385383245568,39495385383245568,WhiteDwarf
GALEX J170950.1+222308,4568213154031209216,WhiteDwarf
SDSS J095403.59+242048.1,643045355415481344,WhiteDwarf
Gaia DR2 4448073847789283968,4448073847789283968,WhiteDwarf
Gaia DR2 4481008103696729728,4481008103696729728,WhiteDwarf
GALEX J160753.8+212726,1205195929524083200,WhiteDwarf
GALEX J115520.9+224755,4000810930131778688,WhiteDwarf
GALEX J180416.5+065950,4475207694524700288,WhiteDwarf
Gaia DR2 1366267098734497792,1366267098734497792,WhiteDwarf
GALEX J183351.3-694203,6432020637402543616,WhiteDwarf
GALEX J093400.5-065136,3823571201923226880,WhiteDwarf
GALEX J121012.5-061337,3596253907389256576,WhiteDwarf
Gaia DR2 5893763138185057536,5893763138185057536,WhiteDwarf
GALEX J153526.3+532245,1597725291491895680,WhiteDwarf
Gaia DR2 5926414029340395264,5926414029340395264,WhiteDwarf
GALEX J212156.3-561739,6459815221900621440,WhiteDwarf
GALEX J083606.5+041005,3080400538111601792,WhiteDwarf
GALEX J211903.1+204049,1790543175321675904,WhiteDwarf
GALEX J134609.4-225521,6288175684368132096,WhiteDwarf
GALEX J202354.7+025324,4244731777960304384,WhiteDwarf
LAMOST J192115.37+463932.7,2127623689164849280,WhiteDwarf
Gaia DR2 525121152789194752,525121152789194752,WhiteDwarf
GALEX J081648.7+041223,3091630473138233984,WhiteDwarf
Gaia DR2 4157818029482922624,4157818029482922624,WhiteDwarf
Gaia DR2 1859464652960158336,1859464652960158336,WhiteDwarf
GALEX J043813.8+053608,3282850659195732608,WhiteDwarf
Gaia DR2 2075565039104677888,2075565039104677888,WhiteDwarf
SDSS J232718.52+224723.8,2839585643130712448,WhiteDwarf
Gaia DR2 5374789320522384512,5374789320522384512,WhiteDwarf
GALEX J072928.4-645606,5287590484998589440,WhiteDwarf
SDSS J205219.51+035025.9,1734142798662221440,WhiteDwarf
Gaia DR2 3025399805393875968,3025399805393875968,WhiteDwarf
GALEX J224118.6-190508,2402134664161603840,WhiteDwarf
Gaia DR2 5423839457654562048,5423839457654562048,WhiteDwarf
Gaia DR3 2058375033798686080,2058375033798686080,WhiteDwarf
GALEX J062601.3-564856,5495450065852280448,WhiteDwarf
GALEX J220946.6+332814,1900003376094378880,WhiteDwarf
SDSS J213847.87+185656.3,1786327785180078976,WhiteDwarf
Gaia DR2 3052271358475921920,3052271358475921920,WhiteDwarf
SDSS J171754.38+405903.7,1341790904743353728,WhiteDwarf
GALEX J150624.6+063527,1160296307051877504,WhiteDwarf
Gaia DR2 4680420647808817024,4680420647808817024,WhiteDwarf
GALEX J171555.9+152228,4546500750021763840,WhiteDwarf
GALEX J035555.1-620921,4679559455326463360,WhiteDwarf
Gaia DR2 4470844316992639488,4470844316992639488,WhiteDwarf
2QZ J014202.1-315357,5021581032684881536,WhiteDwarf
Gaia DR2 2954245086505909632,2954245086505909632,WhiteDwarf
SDSS J102454.90+180159.4,3890541115140838016,WhiteDwarf
GALEX J030939.0+380118,139569119812607872,WhiteDwarf
DENIS J050011.5-504612,4783648885393612160,WhiteDwarf
GALEX J150054.4+435754,1585729963230260224,WhiteDwarf
Gaia DR2 5127769735391873664,5127769735391873664,WhiteDwarf
SDSS J095108.74+025507.6,3847113536875007360,WhiteDwarf
Gaia DR2 191101206879480704,191101206879480704,WhiteDwarf
SDSS J101725.32+573034.3,1045648752154780032,WhiteDwarf
2QZ J020810.7-292333,5020324668851123456,WhiteDwarf
BSO 31,1395021045781572096,WhiteDwarf
GALEX J232957.4-815454,6350733326144098560,WhiteDwarf
Gaia DR3 4641329405963444608,4641329405963444608,WhiteDwarf
SDSS J150511.74+321156.7,1288702463263935104,WhiteDwarf
GALEX J114123.9+075422,3910211206363361664,WhiteDwarf
GALEX J015427.9-462200,4942530548989184384,WhiteDwarf
GALEX J213742.8+173925,1773812697156749952,WhiteDwarf
Gaia DR2 5840397654113027968,5840397654124286848,WhiteDwarf
GALEX J012615.7+302749,309331589132378880,WhiteDwarf
GALEX J120433.1-454228,6144092863170064256,WhiteDwarf
GALEX J081835.9+055042,3096406541193396224,WhiteDwarf
GALEX J231952.9+132242,2812128462666696704,WhiteDwarf
GALEX J193824.3-291100,6752868124770494336,WhiteDwarf
SDSS J124525.34+343346.9,1515333976075216640,WhiteDwarf
Gaia DR2 5304636660443551360,5304636660443551360,WhiteDwarf
Gaia DR2 2136526602312881664,2136526602312881664,WhiteDwarf
GALEX J031758.3-555333,4733508749985650176,WhiteDwarf
Gaia DR2 2896334839853302144,2896334839853302144,WhiteDwarf
GALEX J163519.3-740357,5805458743696432384,WhiteDwarf
GALEX J101641.8-322125,5459188279745667712,WhiteDwarf
GALEX J160428.9+062029,4449971020744432512,WhiteDwarf
Gaia DR2 6067325446650268032,6067325446650268032,WhiteDwarf
GALEX J221331.5+212846,1781844393373886080,WhiteDwarf
Gaia DR2 1687270484825922176,1687270484825922176,WhiteDwarf
GALEX J234000.5+362358,1918580067425195008,WhiteDwarf
2QZ J104422.2+015531,3809203539885495936,WhiteDwarf
Gaia DR2 4351136092320508032,4351136092320508032,WhiteDwarf
Gaia DR2 1862492231255099520,1862492231255099520,WhiteDwarf
DES J234527.44+215712.3,2826792408728683008,WhiteDwarf
GALEX J171920.0-144639,4137811178473465216,WhiteDwarf
GALEX J162324.1+343648,1329148518184242688,WhiteDwarf
GALEX J095933.9+152859,616587738397098240,WhiteDwarf
Gaia DR2 1906327526458564352,1906327526458564352,WhiteDwarf
GALEX J063017.3+453533,965356541875603200,WhiteDwarf
SDSS J112100.84+403503.1,771255042643642752,WhiteDwarf
GALEX J041642.5-260719,4895735231033448960,WhiteDwarf
Gaia DR2 526488670376445824,526488670376445824,WhiteDwarf
GALEX J092725.9+353307,798588901710299904,WhiteDwarf
SDSS J101807.38+355243.0,753795863146889856,WhiteDwarf
Gaia DR2 5904524676933507968,5904524676933507968,WhiteDwarf
Gaia DR2 246952171325638656,246952171325638656,WhiteDwarf
Gaia DR2 2234164098152035840,2234164098152035840,WhiteDwarf
2QZ J112228.6-000859,3797874554325284096,WhiteDwarf
GALEX J025345.9+192204,84205239019857280,WhiteDwarf
Gaia DR3 1791240540571288064,1791240540571288064,WhiteDwarf
G 250-27,1100267237077449728,WhiteDwarf
GALEX J082724.4+585851,1035497755865907072,WhiteDwarf
FBS 0747+725,1110899853820753792,WhiteDwarf
Gaia DR2 5255700013540084736,5255700013540084608,WhiteDwarf
SDSS J102342.35+250122.6,726089338357927552,WhiteDwarf
GALEX J173207.8+150738,4542924485372999808,WhiteDwarf
LP  814-28,6874124023727679104,WhiteDwarf
GALEX J073953.2+204900,673069135319705856,WhiteDwarf
GALEX J044301.9-214637,2973910672297622528,WhiteDwarf
2QZ J105344.1-024615,3801529670278111104,WhiteDwarf
Gaia DR2 1043301672786801024,1043301672786801024,WhiteDwarf
Gaia DR2 6716820429899448832,6716820429899448832,WhiteDwarf
Gaia DR2 1096472822451826560,1096472822451826560,WhiteDwarf
GALEX J123335.7+464345,1542168278908236032,WhiteDwarf
SDSS J124844.89+522849.0,1569801819315340416,WhiteDwarf
Gaia DR3 1823815947685168256,1823815947685168256,WhiteDwarf
SDSS J161321.39+584927.2,1623179638510054528,WhiteDwarf
Gaia DR2 5290126272348542080,5290126272348542080,WhiteDwarf
GALEX J171050.4-732931,5802759648808327936,WhiteDwarf
GALEX J100100.1+313412,744988259612152192,WhiteDwarf
GALEX J093058.0-193803,5678083998107235456,WhiteDwarf
Gaia DR2 166407515751349760,166407515751349760,WhiteDwarf
GALEX J155100.4+325132,1369892429084063872,WhiteDwarf
SDSS J154350.69+143733.4,1194222597320270208,WhiteDwarf
GALEX J135045.0+233810,1251836289357686528,WhiteDwarf
Gaia DR2 2548607411326209152,2548607411326209152,WhiteDwarf
GALEX J034409.6-182854,5107212063407953920,WhiteDwarf
GALEX J122859.4+102320,3904031710496494464,WhiteDwarf
GALEX J045428.3-585620,4762359277967233280,WhiteDwarf
LSPM J0952+4807,823393402996648960,WhiteDwarf
GALEX J150330.5+172804,1187772037478798720,WhiteDwarf
GALEX J124748.8-011107,3683627840135415808,WhiteDwarf
GALEX J015904.1+144151,78118789325371776,WhiteDwarf
SDSS J095946.83+032138.1,3848482905592950016,WhiteDwarf
Gaia DR2 6544831148881978368,6544831148881978368,WhiteDwarf
PSO J334.7932+00.8453,2679197713027511552,WhiteDwarf
Gaia DR2 4982124130209157632,4982124130209157632,WhiteDwarf
Gaia DR2 2942320608018028928,2942320608018028928,WhiteDwarf
SDSS J231618.56+210139.1,2837513884050272000,WhiteDwarf
GALEX J213410.8-274117,6786899727637961600,WhiteDwarf
Gaia DR2 1985710097025574528,1985710097025574528,WhiteDwarf
GALEX J095706.3+263741,643930565355454720,WhiteDwarf
GALEX J080921.8+192401,669487686647270784,WhiteDwarf
Gaia DR2 5255309682601733760,5255309682601733760,WhiteDwarf
Gaia DR2 315493110560779520,315493110560779520,WhiteDwarf
GALEX J205456.7-650315,6449469779555740672,WhiteDwarf
SDSS J144312.09+363920.2,1294193561772534016,WhiteDwarf
Gaia DR2 474085121564309120,474085121564309120,WhiteDwarf
Gaia DR2 5522287293555581440,5522287293555581440,WhiteDwarf
GALEX J130156.8-064540,3629225890283936896,WhiteDwarf
GALEX J213456.3-131932,6842875795887862912,WhiteDwarf
GALEX J222255.0-251033,6625456481120798464,WhiteDwarf
LSPM J0011+0208,2546765626270203520,WhiteDwarf
Gaia DR2 5599423841053130112,5599423841053130112,WhiteDwarf
GALEX J104612.0-371115,5442786963574929152,WhiteDwarf
GALEX J094958.6+133238,615888414642134400,WhiteDwarf
GALEX J121650.6+153828,3921508447819926400,WhiteDwarf
GALEX J202620.1-665033,6425629996643845760,WhiteDwarf
Gaia DR2 6900915338227553408,6900915338227553408,WhiteDwarf
GALEX J113402.1-181329,3546947446607489024,WhiteDwarf
GALEX J045740.1-341250,4873083053821524992,WhiteDwarf
SDSS J080306.00+665517.7,1095387054719686144,WhiteDwarf
HS 0315+0858,14141304376849280,WhiteDwarf
GALEX J172030.5-004500,4374152680323757184,WhiteDwarf
GALEX J091409.8+602119,1039400609827662336,WhiteDwarf
Gaia DR2 3113123382845967616,3113123382845967616,WhiteDwarf
Gaia DR2 5278722580124511616,5278722580124511616,WhiteDwarf
GALEX J110652.5+752841,1080162215992669568,WhiteDwarf
GALEX J105245.7-104117,3758115732828586752,WhiteDwarf
GALEX J151521.5+155214,1184091216145667456,WhiteDwarf
GALEX J141208.4-094216,3614875682993526912,WhiteDwarf
GALEX J043505.4-182938,2978554429594853632,WhiteDwarf
GALEX J165128.9+633438,1631665875411559680,WhiteDwarf
GALEX J080615.2+342930,905477855885352320,WhiteDwarf
GALEX J000913.8+221539,2847093825783097472,WhiteDwarf
Gaia DR2 4006987647155296000,4006987647155296000,WhiteDwarf
GALEX J160442.2+032827,4413279351353925888,WhiteDwarf
GALEX J154520.8+033039,4424456780403434240,WhiteDwarf
Gaia DR3 5975919192453786496,5975919192453786496,WhiteDwarf
GALEX J112827.7+365735,760718079117328384,WhiteDwarf
Gaia DR2 6110304424169215872,6110304424169215872,WhiteDwarf
Gaia DR2 562886594064195584,562886594064195584,WhiteDwarf
GALEX J091733.6+452206,818972438540370432,WhiteDwarf
2QZ J031530.5-295713,5058448585276929792,WhiteDwarf
GALEX J080823.4+323732,902165611466741760,WhiteDwarf
GALEX J114802.3-101156,3587623604401383424,WhiteDwarf
MCT 2033-2525,6800380775284148864,WhiteDwarf
GALEX J090516.2-321511,5628265336712103936,WhiteDwarf
Gaia DR2 3142748448044348288,3142748448044348288,WhiteDwarf
Gaia DR2 2285907179776111104,2285907179776111104,WhiteDwarf
Gaia DR2 2032677149288963968,2032677149288963968,WhiteDwarf
Gaia DR2 1832806409434936960,1832806409434936960,WhiteDwarf
LEHPM 5473,6554696688760995584,WhiteDwarf
Gaia DR2 1713087395803334144,1713087395803334144,WhiteDwarf
Gaia DR3 6823960485038846848,6823960485038846848,WhiteDwarf
GALEX J085613.8+135853,608612911841968640,WhiteDwarf
Gaia DR2 4237008950027766016,4237008950027766016,WhiteDwarf
Gaia DR2 3234960571255236096,3234960571255236096,WhiteDwarf
SDSS J220921.51+053144.1,2720238805600425728,WhiteDwarf
GALEX J015733.5-051043,2491740257620465792,WhiteDwarf
Gaia DR3 4125810322581337472,4125810322581337472,WhiteDwarf
GALEX J054502.3+442604,196429543303661056,WhiteDwarf
GALEX J083758.0+245553,702575358781615360,WhiteDwarf
Gaia DR2 2969193561255833088,2969193561255833088,WhiteDwarf
LEHPM 3354,4735565008528213632,WhiteDwarf
Gaia DR2 4213495614692951552,4213495614692951552,WhiteDwarf
2QZ J014033.1-282701,5023642239029745280,WhiteDwarf
SDSS J155315.64+070229.4,4430025669359805440,WhiteDwarf
Gaia DR2 3390990239127940224,3390990239127940224,WhiteDwarf
Gaia DR2 207109610849132288,207109610849132288,WhiteDwarf
Gaia DR3 624029061295424128,624029061295424128,WhiteDwarf
Gaia DR2 5239404701443778048,5239404701443778048,WhiteDwarf
GALEX J211841.0-080346,6897673531272035456,WhiteDwarf
GALEX J093343.0+073153,587746624983018624,WhiteDwarf
Gaia DR3 2058242581323930496,2058242581323930496,WhiteDwarf
Gaia DR2 5931564554105643648,5931564554105643648,WhiteDwarf
Gaia DR2 198087362026545280,198087362026545280,WhiteDwarf
LSPM J2042+0031,4228210894197669760,WhiteDwarf
SDSS J022634.14+052043.4,2517006725589443072,WhiteDwarf
Gaia DR2 6722399871586894208,6722399871586894208,WhiteDwarf
GALEX J081916.4+220417,676446147845638784,WhiteDwarf
GALEX J082046.9+651028,1091801439925739136,WhiteDwarf
GALEX J121218.6+540939,1573053006478894464,WhiteDwarf
Gaia DR2 6521043622837407616,6521043622837407616,WhiteDwarf
GALEX J042546.5-621845,4675848569223410048,WhiteDwarf
GALEX J101531.6+123640,3880882901922971136,WhiteDwarf
GALEX J233309.6-012132,2641155057383013632,WhiteDwarf
GALEX J194605.2+640019,2241599987912254848,WhiteDwarf
Gaia DR2 1753430947034387712,1753430947034387712,WhiteDwarf
GALEX J210114.1+340702,1866398001488076416,WhiteDwarf
GALEX J144947.8+205254,1238169321168446080,WhiteDwarf
Gaia DR2 3486564840695149312,3486564840695149312,WhiteDwarf
GALEX J132422.1+010232,3687315567775978368,WhiteDwarf
Gaia DR2 223024182664962688,223024182664962688,WhiteDwarf
Gaia DR2 2145533011294044928,2145533011294044928,WhiteDwarf
GALEX J081758.9-041909,3066242573557425536,WhiteDwarf
GALEX J113250.1+312855,4024343094601669888,WhiteDwarf
GALEX J130615.8+461337,1554038533424492416,WhiteDwarf
GALEX J162324.9-011124,4406962283393008768,WhiteDwarf
Gaia DR2 6076440806064830848,6076440806064830848,WhiteDwarf
Gaia DR3 6123045844086167552,6123045844086167552,WhiteDwarf
Gaia DR2 2262291559797263872,2262291559797263872,WhiteDwarf
Gaia DR3 5858815298536476288,5858815298536476288,WhiteDwarf
Gaia DR2 1909456530394848768,1909456530394848768,WhiteDwarf
LSPM J0246+4214,336905343596671616,WhiteDwarf
LP   92-134,1047132925349510784,WhiteDwarf
Gaia DR3 5829271489800538112,5829271489800538112,WhiteDwarf
GALEX J194542.9+591941,2235882767966292736,WhiteDwarf
GALEX J112032.9+063904,3817470428512650240,WhiteDwarf
2QZ J025205.5-295433,5065203091365140224,WhiteDwarf
Gaia DR2 5368157547420560640,5368157547420560640,WhiteDwarf
Gaia DR2 5531203920545716608,5531203920545716608,WhiteDwarf
GALEX J171941.1-163418,4135315218350801408,WhiteDwarf
LAMOST J023039.31+540647.2,452605582101804032,WhiteDwarf
Gaia DR2 1966303510638017920,1966303510638017920,WhiteDwarf
GALEX J094722.5+101523,612537859114637440,WhiteDwarf
Gaia DR2 2863491740337643008,2863491740337643008,WhiteDwarf
GALEX J051829.0-282812,2954563635632312704,WhiteDwarf
Gaia DR2 330395792379737984,330395792379737984,WhiteDwarf
SDSS J123728.98+221330.5,3955635811278089728,WhiteDwarf
GALEX J022446.3-074819,5176826027212575744,WhiteDwarf
GALEX J221801.8-164514,2598594989495703680,WhiteDwarf
Gaia DR2 484376138082543232,484376138082543232,WhiteDwarf
SBSS 0818+579,1034975243028553600,WhiteDwarf
Gaia DR2 2073593649120643584,2073593649120643584,WhiteDwarf
Gaia DR2 229322460147825408,229322460147825408,WhiteDwarf
SDSS J210053.08+753359.1,2278262588960988160,WhiteDwarf
GALEX J104620.6-204942,3553525476784079872,WhiteDwarf
GALEX J205817.0-335233,6780568159866799488,WhiteDwarf
GALEX J091050.4+443841,817391993654637824,WhiteDwarf
Gaia DR2 4705337161842323456,4705337161842323456,WhiteDwarf
GALEX J032224.2+004912,3267474985513965056,WhiteDwarf
GALEX J094714.2+455701,821445755587233024,WhiteDwarf
Gaia DR2 2155945214609521792,2155945214609521792,WhiteDwarf
GALEX J053846.7+501839,214339793153917184,WhiteDwarf
Gaia DR2 5208960598859346176,5208960598859346176,WhiteDwarf
GALEX J043022.8-002331,3206532045283792256,WhiteDwarf
G 142-20,4320303621677848832,WhiteDwarf
SDSS J161102.83+142706.1,4464529478110373760,WhiteDwarf
Gaia DR2 3105242908127079680,3105242908127079680,WhiteDwarf
SDSS J123501.18+632906.9,1583824647017941888,WhiteDwarf
Gaia DR2 6024013347169153024,6024013347169153024,WhiteDwarf
SDSS J103124.84+192620.6,3987172072504919552,WhiteDwarf
GALEX J081344.2-021356,3070534968168506880,WhiteDwarf
GALEX J101532.1+042508,3860871377980867328,WhiteDwarf
GALEX J141030.7-315724,6124257982639690880,WhiteDwarf
Gaia DR2 4494478736036979968,4494478736036979968,WhiteDwarf
GALEX J060726.6+670708,1104984348121747200,WhiteDwarf
SDSS J011503.27-003910.3,2534446251315943936,WhiteDwarf
GALEX J203328.9-020703,4225771730729682944,WhiteDwarf
GALEX J104645.8+501059,835865511283584128,WhiteDwarf
Gaia DR2 5529480401705471872,5529480401705471872,WhiteDwarf
GALEX J074920.9+173240,668127242870832768,WhiteDwarf
Gaia DR3 5823784097842750592,5823784097842750592,WhiteDwarf
HBQS 0047-3641,5002456131726722944,WhiteDwarf
GALEX J114022.7+322200,4024818216768637824,WhiteDwarf
Gaia DR2 1700481181457472896,1700481181457472896,WhiteDwarf
GALEX J135845.5+314817,1457493307903777024,WhiteDwarf
Gaia DR2 1217056640627457280,1217056640627457280,WhiteDwarf
SDSS J214419.00-004217.0,2675077018323862656,WhiteDwarf
GALEX J135107.0+074345,3721740791509510784,WhiteDwarf
GALEX J144058.5+082651,1172825349424914944,WhiteDwarf
Gaia DR2 2260556667886953344,2260556667886953344,WhiteDwarf
Gaia DR3 1820573762770159232,1820573762770159232,WhiteDwarf
GALEX J155221.0+303846,1321151490941237632,WhiteDwarf
Gaia DR2 5198354464884482688,5198354464884482688,WhiteDwarf
SDSS J092420.04-003935.1,3839223402779683200,WhiteDwarf
SDSS J215518.06+200742.7,1780695296349071616,WhiteDwarf
Gaia DR2 1254839364849017472,1254839364849893120,WhiteDwarf
Gaia DR2 418664787723330944,418664787723330944,WhiteDwarf
GALEX J230919.9+260348,2845151023096441344,WhiteDwarf
SDSS J170330.15-111603.1,4334825417141123584,WhiteDwarf
Lan 418,2202755307258153600,WhiteDwarf
WD 1158+110,3918349894510846080,WhiteDwarf_Candidate
GALEX J235104.1-160120,2418594834266031616,WhiteDwarf
Gaia DR2 3319507483513126272,3319507483513126272,WhiteDwarf
GALEX J094807.6-343232,5438252440184792832,WhiteDwarf
GALEX J201516.1-044442,4219122713337196800,WhiteDwarf
2QZ J100751.1-021407,3829752381416164992,WhiteDwarf
UCAC4 598-141804,2867762587097269888,WhiteDwarf
GALEX J102901.3+304335,747682887733859712,WhiteDwarf
Gaia DR2 6758702442705955200,6758702442705955200,WhiteDwarf
Gaia DR2 572096279551944576,572096279551944576,WhiteDwarf
GALEX J232209.1-102431,2437609513478810240,WhiteDwarf
Gaia DR2 4840539502504158464,4840539502504158464,WhiteDwarf
SDSS J153223.19+145727.1,1195219751287233408,WhiteDwarf
2MASS J07120617-0428162,3059515898856688000,WhiteDwarf
GALEX J235800.3+094301,2759219722620058624,WhiteDwarf
GALEX J110226.9-124628,3564532412812122496,WhiteDwarf
LAMOST J035650.29+461139.4,244296885104240640,WhiteDwarf
Gaia DR2 2721140267695577856,2721140267695577856,WhiteDwarf
Gaia DR2 5561165337522536960,5561165337522536960,WhiteDwarf
GALEX J025054.7+222146,109623546967965568,WhiteDwarf
Gaia DR2 2887830972110848128,2887830972110848128,WhiteDwarf
Gaia DR2 1370820863573875968,1370820863573875968,WhiteDwarf
Gaia DR2 2204346236168128512,2204346236168128512,WhiteDwarf
Gaia DR2 6002644854088081664,6002644854088081664,WhiteDwarf
Gaia DR2 4673107972065918464,4673107972065918464,WhiteDwarf
GALEX J070509.3-650853,5282516341914606080,WhiteDwarf
GALEX J041334.9-082539,3192863157244877056,WhiteDwarf
Gaia DR3 5295168151636888832,5295168151636888832,WhiteDwarf
Gaia DR2 1857946334786502144,1857946334786502144,WhiteDwarf
Gaia DR2 5524240606027627520,5524240606027627520,WhiteDwarf
Gaia DR2 5781019387642581376,5781019387642581376,WhiteDwarf
GALEX J182117.8+340841,4593432682298869760,WhiteDwarf
GALEX J160337.7-000904,4409800805801363200,WhiteDwarf
GALEX J113933.1+541006,841267132737213952,WhiteDwarf
GALEX J000710.9-052924,2444370650996412032,WhiteDwarf
GALEX J151737.2+071623,1163291582884600064,WhiteDwarf
SDSS J130111.52+390034.2,1523784130955888512,WhiteDwarf
GALEX J224052.4+063334,2706604483458600832,WhiteDwarf
GALEX J084654.4-063926,5760192571532367488,WhiteDwarf
SDSS J162356.38+133614.1,4463651999111841024,WhiteDwarf
GALEX J031635.4-330642,5054291881568480000,WhiteDwarf
GALEX J051142.5+523325,265884245426489728,WhiteDwarf
SDSS J154408.47+233423.8,1218102065730137216,WhiteDwarf
Gaia DR2 5201651831539348480,5201651831539348480,WhiteDwarf
SDSS J164646.41+173618.1,4559273299861948544,WhiteDwarf
GALEX J143534.1+043425,3668901977825959040,WhiteDwarf
ATO J084.1336+12.5246,3341182435406679424,WhiteDwarf
PG 1333+498,1558603916157835136,WhiteDwarf
Gaia DR2 4076533887941223168,4076533887941223168,WhiteDwarf
GALEX J041531.0-453408,4837716472040051840,WhiteDwarf
GALEX J215252.8-002638,2680914222476462720,WhiteDwarf
GALEX J201027.5-505831,6666240730355414400,WhiteDwarf
GALEX J221125.9-665811,6397853244845402880,WhiteDwarf
SDSS J023352.73+715248.3,545425563438424448,WhiteDwarf
GALEX J195658.0-290700,6750293034179192576,WhiteDwarf
Gaia DR2 3371811045489896192,3371811045489896192,WhiteDwarf
PG 1206-028,3598325632110462080,WhiteDwarf
GALEX J035907.6+183438,49812515303152000,WhiteDwarf
GALEX J173440.4+321539,4601695825714673536,WhiteDwarf
GALEX J162338.0+095521,4452817652049555840,WhiteDwarf
GALEX J003111.1-041156,2528301733663317760,WhiteDwarf
Gaia DR2 941175115789368320,941175115789368320,WhiteDwarf
Gaia DR2 6458815009916085632,6458815009916085632,WhiteDwarf
GALEX J153650.0+164845,1197143003283201408,WhiteDwarf
GALEX J002136.2+190956,2794471341012273536,WhiteDwarf
Gaia DR2 4538855987413202048,4538855987413202048,WhiteDwarf
GALEX J102915.9+300250,741596712916829824,WhiteDwarf
Gaia DR2 5874488321390990720,5874488321390990720,WhiteDwarf
2QZ J224137.0-303350,6607310824115810304,WhiteDwarf
GALEX J111414.3+651042,1055781404639516032,WhiteDwarf
Gaia DR2 1136533489953811328,1136533489953811328,WhiteDwarf
Gaia DR2 5320159501178935680,5320159501178935680,WhiteDwarf
GALEX J031239.0+002632,3266835933035123456,WhiteDwarf
Gaia DR2 3548638181958353664,3548638181958353664,WhiteDwarf
Gaia DR2 2493464154413865728,2493464154413865728,WhiteDwarf
Gaia DR2 760859091483679232,760859091483679232,WhiteDwarf
GALEX J075048.3+083028,3145549080255757440,WhiteDwarf
GALEX J102856.5+462338,833385867749117952,WhiteDwarf
SDSS J115633.73+101305.6,3912412050684471680,WhiteDwarf
PB  5167,2653344724324332544,WhiteDwarf
Gaia DR2 2922416041642574336,2922416041642574336,WhiteDwarf
SDSS J013427.90-085851.9,2465102011457473152,WhiteDwarf
GALEX J145711.7-302240,6217931631682142464,WhiteDwarf
PM J11337+6243,862946654474456832,WhiteDwarf
GALEX J052549.5-283213,2906843452299827328,WhiteDwarf
GALEX J041723.2-252615,4895909018293870464,WhiteDwarf
Gaia DR2 441241472290015488,441241472290015488,WhiteDwarf
GALEX J204836.8-500641,6480843076841165056,WhiteDwarf
GALEX J113053.2+455523,784707120732919168,WhiteDwarf
Gaia DR2 5776579658474779264,5776579658474779264,WhiteDwarf
2QZ J224409.6-315500,6606924968549265024,WhiteDwarf
GALEX J213120.3+210704,1787768424585144704,WhiteDwarf
GALEX J154801.0+360754,1372886059944854912,WhiteDwarf
GALEX J035457.3+811606,568207478725354752,WhiteDwarf
Gaia DR2 411789374018848000,411789374018848000,WhiteDwarf
GALEX J001238.6+203734,2798642334077651072,WhiteDwarf
GALEX J155314.1-120839,6267495180619501312,WhiteDwarf
SDSS J193326.67+150158.7,4318337660505017216,WhiteDwarf
Gaia DR2 1064321345814260992,1064321345814260992,WhiteDwarf
Gaia DR2 6325904188925526144,6325904188925526144,WhiteDwarf
Gaia DR2 4395601098464590464,4395601098464590464,WhiteDwarf
Gaia DR2 5696026447326848640,5696026447326848640,WhiteDwarf
GALEX J065948.6-635037,5285514126008180352,WhiteDwarf
Gaia DR2 6509951543378327680,6509951543378327680,WhiteDwarf
GALEX J053928.0-571905,4766181184681815808,WhiteDwarf
Gaia DR2 70664414022248448,70664414022248448,WhiteDwarf
Gaia DR3 2024436618862787712,2024436618862787712,WhiteDwarf
GALEX J124250.4-085331,3675033576217030656,WhiteDwarf
Gaia DR2 6766671084510198656,6766671084510198656,WhiteDwarf
Gaia DR2 6002131240414342912,6002131240414342912,WhiteDwarf
GALEX J152843.1-093305,6317660016379884928,WhiteDwarf
GALEX J062529.0+340601,3440361437951159296,WhiteDwarf
SDSS J154647.30-005003.5,4404227862397169920,WhiteDwarf
SDSS J014839.54+185202.8,95188672986669824,WhiteDwarf
Gaia DR2 5962488932797599488,5962488932797599488,WhiteDwarf
GALEX J134517.4+182215,1247704771336183680,WhiteDwarf
Gaia DR2 5807061835951828992,5807061835953571584,WhiteDwarf
Gaia DR2 4053758363584625280,4053758363584625280,WhiteDwarf
GALEX J091030.8+165659,610987582079270016,WhiteDwarf
Gaia DR2 2921394560984576768,2921394560984576768,WhiteDwarf
GALEX J211527.5-245943,6803355499694830976,WhiteDwarf
SCR J0426-4153,4839901583898106496,WhiteDwarf
UCAC4 418-058963,3643555726544985088,WhiteDwarf
GALEX J050323.7+801829,556470737557464320,WhiteDwarf
GALEX J101039.4+542519,852533351646489472,WhiteDwarf
Gaia DR2 245286509990889088,245286509990889088,WhiteDwarf
GALEX J160111.3+480430,1399668372195265152,WhiteDwarf
SDSS J115513.02+510222.6,791116659343746560,WhiteDwarf
Gaia DR2 6079895235386660608,6079895235386660608,WhiteDwarf
Gaia DR2 2986866458326008448,2986866458326008448,WhiteDwarf
SDSS J085012.44+191836.2,660695781216658560,WhiteDwarf
SDSS J161618.94+144350.4,4464452649735778560,WhiteDwarf
GALEX J161054.6+033438,4413163288456696960,WhiteDwarf
Gaia DR2 6692859391466785920,6692859391466785920,WhiteDwarf
GALEX J095850.2-184239,5671866156772941568,WhiteDwarf
Gaia DR2 268113848849181696,268113848849181696,WhiteDwarf
GALEX J213955.0-134651,6842013886146365952,WhiteDwarf
Gaia DR2 217394549985701504,217394549985701504,WhiteDwarf
GALEX J095544.3+370853,796902976725185920,WhiteDwarf
Gaia DR2 2159733581923987968,2159733581923987968,WhiteDwarf
Gaia DR2 1999911599675799296,1999911599675799296,WhiteDwarf
2QZ J132204.5-011811,3686367440859966848,WhiteDwarf
SDSS J083858.56+232252.9,666207740383536640,WhiteDwarf
SDSS J134948.73+323001.8,1458208127902366464,WhiteDwarf
SDSS J175635.20+545049.6,1417404048803018752,WhiteDwarf
SDSS J080726.17+480536.2,932997394978446720,WhiteDwarf
Gaia DR2 2070545253127068672,2070545253127068672,WhiteDwarf
Gaia DR2 180637975054330880,180637975054330880,WhiteDwarf
GALEX J062416.6-205924,2938200699290529664,WhiteDwarf
GALEX J230745.0-221545,2386099974993061120,WhiteDwarf
Gaia DR2 2014172742215711104,2014172742215711104,WhiteDwarf
GALEX J180036.1+183733,4503476207190611840,WhiteDwarf
GALEX J123730.8+321610,1514437835443229056,WhiteDwarf
GALEX J052622.3-442547,4799645744489332352,WhiteDwarf
GALEX J021130.8-482852,4939630999389221632,WhiteDwarf
SDSS J101351.14+434851.0,808656408131794816,WhiteDwarf
GALEX J174245.8+281510,4594782543277502848,WhiteDwarf
GALEX J014842.5+141611,2588094382868092800,WhiteDwarf
GALEX J214312.4+724547,2273074062310167296,WhiteDwarf
Gaia DR2 6708655151608166400,6708655151608166400,WhiteDwarf
GALEX J115900.2+110005,3918478777889551744,WhiteDwarf
Gaia DR3 4039878850307596416,4039878850307596416,WhiteDwarf
GALEX J082904.6+474821,930677769041037312,WhiteDwarf
GALEX J174630.3-062459,4175121525004869632,WhiteDwarf
EGGR 370,1638563322306634368,WhiteDwarf
SDSS J224750.16+295145.3,1887788622246349952,WhiteDwarf
SDSS J182136.18+230109.7,4530186883683428864,WhiteDwarf
GALEX J234503.4+244431,2852132582632290176,WhiteDwarf
Gaia DR2 439668620908506368,439668620908506368,WhiteDwarf
GALEX J171837.8-685920,5811218470931409664,WhiteDwarf
Gaia DR2 5374252376591351936,5374252376591351936,WhiteDwarf
SDSS J154618.15+252400.7,1222790795628242048,WhiteDwarf
Gaia DR2 4328491474251777536,4328491474251777536,WhiteDwarf
LP 1033-33,6520844168856463104,WhiteDwarf
Gaia DR3 4321910828441672320,4321910828441672320,WhiteDwarf
GALEX J093219.7+003237,3841086250357787904,WhiteDwarf
GALEX J203037.4-244654,6848606557869675264,WhiteDwarf
SDSS J172655.20+362149.2,1337060668280622080,WhiteDwarf
GALEX J225614.6-524137,6512446958033242880,WhiteDwarf
GALEX J111747.3-435800,5377021908943442048,WhiteDwarf
Gaia DR2 2079781941076698112,2079781941076698112,WhiteDwarf
SDSS J014518.97+172343.6,91695421465978240,WhiteDwarf
PB   277,754878504143019136,WhiteDwarf
Gaia DR2 5270805168689289856,5270805168689289856,WhiteDwarf
GALEX J022405.1-344048,4967198985713291136,WhiteDwarf
Gaia DR3 5927246978089216768,5927246978089216768,WhiteDwarf
SDSS J130343.46+081938.5,3731031462902010496,WhiteDwarf
GALEX J193040.9-355303,6739619215816902912,WhiteDwarf
GALEX J113425.0+644305,1056274608619883392,WhiteDwarf
Gaia DR2 534873752209862912,534873752209862912,WhiteDwarf
Gaia DR2 4659308375288841856,4659308375288841856,WhiteDwarf
SDSS J165521.18+491336.5,1409353459024045696,WhiteDwarf
GALEX J001808.5+090020,2752318294290779776,WhiteDwarf
GALEX J211910.8-143045,6884537425336171520,WhiteDwarf
2QZ J031534.4-281109,5060991485093035008,WhiteDwarf
GALEX J105907.0+293513,733077460602080640,WhiteDwarf
GALEX J222423.8+223002,1875074110302076800,WhiteDwarf
GALEX J193531.1-782409,6362819364115218944,WhiteDwarf
Cl* NGC 2422     RA       1,3030026344167186304,WhiteDwarf_Candidate
SDSS J205655.60+164919.1,1764457708630199552,WhiteDwarf
Gaia DR3 5978064618923304448,5978064618923304448,WhiteDwarf
GALEX J212557.0-050459,2672055869608821120,WhiteDwarf
GALEX J123720.1-533136,6074746527368890752,WhiteDwarf
GALEX J064500.7-724029,5265392689560234240,WhiteDwarf
Gaia DR2 3113222334590899072,3113222334590899072,WhiteDwarf
GALEX J111529.6+664258,1060615957266857856,WhiteDwarf
GALEX J121557.4+665345,1681227942581086336,WhiteDwarf
GALEX J124333.8+031738,3703964407204120320,WhiteDwarf
EC 13324-2255,6195269769319451904,WhiteDwarf
SDSS J153916.53+001727.0,4416785079756007040,WhiteDwarf
GALEX J023509.7+443256,340571733840273024,WhiteDwarf
GALEX J142441.1-141125,6299667852916242688,WhiteDwarf
Gaia DR2 5330478585307165440,5330478585307165440,WhiteDwarf
SDSS J005222.66-001932.6,2536815630154283264,WhiteDwarf
GALEX J121813.6+461806,1545052327970034304,WhiteDwarf
GALEX J165425.8+551554,1426462267973172480,WhiteDwarf
G 233-42B,1996725077535283200,WhiteDwarf
2QZ J001212.4-312918,2319583198004974848,WhiteDwarf
GALEX J073812.6+472941,975653257814897536,WhiteDwarf
GALEX J193314.8-264101,6765481245425985664,WhiteDwarf
SDSS J001817.36+125446.5,2755569515814791808,WhiteDwarf
Gaia DR2 5818338869581077632,5818338869581077632,WhiteDwarf
LAMOST J040524.32+330226.9,170266423607087360,WhiteDwarf
HBQS 0240+0131,2502347108854661888,WhiteDwarf
SDSS J080325.62+203020.7,670606783325743616,WhiteDwarf
PHL  2197,2437995098463081472,WhiteDwarf
Gaia DR2 5480764473155427072,5480764473155427072,WhiteDwarf
GALEX J120040.9+641821,1584658871401432832,WhiteDwarf
GALEX J174339.5-781627,5776655284257781888,WhiteDwarf
GALEX J224844.1+845233,2300834360088777728,WhiteDwarf
GALEX J215453.9+381110,1950021701935106304,WhiteDwarf
Gaia DR2 5319401486695682304,5319401486695682304,WhiteDwarf
Gaia DR2 3558281689208331008,3558281689208331008,WhiteDwarf
Gaia DR2 5837419661223303680,5837419661223303680,WhiteDwarf
Gaia DR2 5542324587315462272,5542324587315462272,WhiteDwarf
GALEX J224221.6+803948,2286095746021208448,WhiteDwarf
SDSS J090737.45+474653.7,1012302248111337600,WhiteDwarf
Gaia DR2 1779904541330102656,1779904541330102656,WhiteDwarf
Gaia DR2 178184792813161472,178184792813161472,WhiteDwarf
GALEX J043950.4-501039,4784498459989050368,WhiteDwarf
Gaia DR2 1954571584127984000,1954571584127984000,WhiteDwarf
Gaia DR2 724457731821793024,724457731821793024,WhiteDwarf
GALEX J132447.0+062938,3718901547544617472,WhiteDwarf
GALEX J110142.8+122711,3871670403232190080,WhiteDwarf
Gaia DR2 5903185299990392192,5903185299990392192,WhiteDwarf
GD 133,3810933247769901696,WhiteDwarf
GALEX J092202.3+085900,587661614694772224,WhiteDwarf
Gaia DR2 5479666030977341184,5479666030977341184,WhiteDwarf
Gaia DR2 2626215035118668928,2626215035118668928,WhiteDwarf
GALEX J085904.3+380641,718846168070966144,WhiteDwarf
GALEX J095135.9-224644,5663881091016575232,WhiteDwarf
GALEX J144619.4-181906,6282270658387938560,WhiteDwarf
GALEX J163349.7+615623,1625565372583611648,WhiteDwarf
GALEX J174018.6+384102,1343022671299977216,WhiteDwarf
Gaia DR2 4444513040725256448,4444513040725256448,WhiteDwarf
GALEX J114101.6-731615,5226890949155912704,WhiteDwarf
GALEX J124153.5+125328,3929129128552381056,WhiteDwarf
WISEA J063144.74-454123.7,5555707774117176192,WhiteDwarf
Gaia DR3 5293314439454159488,5293314439454159488,WhiteDwarf
Gaia DR2 4150835821412746496,4150835821412746496,WhiteDwarf
GALEX J040459.3-371151,4845649379715273600,WhiteDwarf
Gaia DR2 4491809048791033600,4491809048791033600,WhiteDwarf
Gaia DR2 6202013623890855936,6202013623890855936,WhiteDwarf
Gaia DR2 5471753567345682688,5471753567345682688,WhiteDwarf
SDSS J075414.93+183408.9,668491937133244544,WhiteDwarf
Gaia DR2 5625573251208731648,5625573251208731648,WhiteDwarf
Gaia DR2 2044356020027174912,2044356020027174912,WhiteDwarf
Gaia DR3 155180535660137728,155180535660137728,WhiteDwarf
Gaia DR2 5560637430205458304,5560637430205458304,WhiteDwarf
GALEX J170011.8+330315,1313626643815422080,WhiteDwarf
Gaia DR2 5701296475276356736,5701296475276356736,WhiteDwarf
Gaia DR2 2222104719039894272,2222104719039894272,WhiteDwarf
Gaia DR2 3030834553935050880,3030834553935050880,WhiteDwarf
GALEX J131328.3+563111,1566215182322168192,WhiteDwarf
KUV 09369+3724,799763528023185280,WhiteDwarf
Gaia DR2 449525570851914368,449525570851914368,WhiteDwarf
GALEX J125843.5+113453,3737149313101353472,WhiteDwarf
Gaia DR2 5767691932324006912,5767691932324006912,WhiteDwarf
Gaia DR2 6167359804816651648,6167359804816926720,WhiteDwarf
SDSS J141426.93+491630.5,1508121484739540224,WhiteDwarf
Gaia DR2 4281842288263461504,4281842288263461504,WhiteDwarf
Gaia DR2 6150980719398831616,6150980719398831616,WhiteDwarf
GALEX J052655.0-273749,2907049305789687424,WhiteDwarf
SDSS J234114.05+031951.0,2647710311349589632,WhiteDwarf
GALEX J124041.6+002837,3696230717291966208,WhiteDwarf
GALEX J103728.0-323642,5447907324801005312,WhiteDwarf
Gaia DR2 3344579715881014272,3344579715881014272,WhiteDwarf
Gaia DR2 5097578318620537472,5097578318620537472,WhiteDwarf
LP  321-138,1465090280415750144,WhiteDwarf
Gaia DR2 226592205273695232,226592205273695232,WhiteDwarf
Gaia DR2 2251989891760845312,2251989891760845312,WhiteDwarf
Gaia DR2 5221185308439888896,5221185308439888896,WhiteDwarf
Gaia DR2 1908379554457823616,1908379554457823616,WhiteDwarf
Gaia DR2 6717765704953018240,6717765704953018240,WhiteDwarf
Gaia DR2 1696583000420279296,1696583000420279296,WhiteDwarf
Gaia DR2 3228732181480666880,3228732181480666880,WhiteDwarf
SDSS J082754.39+371154.1,904886799665762048,WhiteDwarf
2QZ J221232.7-274751,6618713721768673408,WhiteDwarf
GALEX J181144.9+654916,2257524940668800128,WhiteDwarf
GALEX J235230.6-003827,2642014566237792512,WhiteDwarf
GALEX J021849.9+005739,2513162489341267840,WhiteDwarf
SDSS J174950.95+604347.2,1435357454480588160,WhiteDwarf
SDSS J130240.04+382104.6,1523463760755568000,WhiteDwarf
GALEX J013243.7-241403,5038815980529775360,WhiteDwarf
GALEX J212320.2+054254,1738510574244096896,WhiteDwarf
GALEX J002706.5-442232,4992281487346042368,WhiteDwarf
Gaia DR2 2931001337671076352,2931001337671076352,WhiteDwarf
SDSS J212350.51-073916.8,6897748744738423424,WhiteDwarf
2QZ J214802.5-314421,6592862141815044608,WhiteDwarf
Gaia DR2 2524046073908420864,2524046073908420864,WhiteDwarf
GALEX J100319.8-055614,3773831975941446912,WhiteDwarf
GALEX J040732.9-372226,4845444286437435648,WhiteDwarf
Gaia DR2 2043491460289367424,2043491460289367424,WhiteDwarf
Gaia DR2 1089430519194893824,1089430519194893824,WhiteDwarf
SDSS J234640.94+005519.5,2643346933812586624,WhiteDwarf
Gaia DR2 2056758030149795456,2056758030149795456,WhiteDwarf
GALEX J020232.2-084918,2463006548453294208,WhiteDwarf
GALEX J151306.2+562225,1600870173920940928,WhiteDwarf
Gaia DR2 5569502620661145088,5569502620661145088,WhiteDwarf
GALEX J112654.2+161515,3967584582094133376,WhiteDwarf
GALEX J053023.8-420800,4806200517419099520,WhiteDwarf
SDSS J221609.44+080153.7,2722715043225172096,WhiteDwarf
GALEX J173503.3+015137,4375763774096758016,WhiteDwarf
GALEX J094127.0+062113,3853241969875325824,WhiteDwarf
Gaia DR2 6100755513580195200,6100755513580195200,WhiteDwarf
SDSS J142952.92+622709.9,1666920753683645824,WhiteDwarf
GALEX J093229.9-242046,5662360603872820352,WhiteDwarf
LAWDS NGC 6633  13,4477166272626443904,WhiteDwarf_Candidate
Gaia DR3 4124291965816531968,4124291965816531968,WhiteDwarf
SDSS J102023.17+152457.4,3888459606485542528,WhiteDwarf
GALEX J130428.3+761710,1715983676933788928,WhiteDwarf
A3 145,3946058721402386304,WhiteDwarf
US 1111,820680873451497984,WhiteDwarf
GALEX J214219.6-493856,6561971534433656192,WhiteDwarf
HS 0047+1903,2788992130973584640,WhiteDwarf
Gaia DR2 6450784314426008192,6450784314426008192,WhiteDwarf
Gaia DR2 5460181374966611840,5460181374966611840,WhiteDwarf
GALEX J020112.6-071252,2466482035989160064,WhiteDwarf
Gaia DR2 6232435839319195136,6232435839319195136,WhiteDwarf
Gaia DR2 4027407708386617472,4027407708386617472,WhiteDwarf
SDSS J201346.92-120103.9,6880564958544893824,WhiteDwarf
Gaia DR2 5601746829939942272,5601746829939942272,WhiteDwarf
L  886-6,3052844272764398208,WhiteDwarf
2SLAQ J212648.99+000520.1,2687867052975030656,WhiteDwarf
Gaia DR2 889187800845997312,889187800845997312,WhiteDwarf
GALEX J003032.5+780444,564289094160073984,WhiteDwarf
Gaia DR3 5943736663207986560,5943736663207986560,WhiteDwarf
GALEX J214758.8-423600,6566155107456170496,WhiteDwarf
2MASS J02070331+3246462,325724345430058624,WhiteDwarf
GALEX J093427.9-284524,5633669088465714688,WhiteDwarf
GALEX J233619.1+805759,2286306405576586752,WhiteDwarf
Gaia DR2 945700052813730176,945700052813730176,WhiteDwarf
GALEX J042803.1-301627,4884873533620042496,WhiteDwarf
Gaia DR2 144608284681573760,144608284681573760,WhiteDwarf
LP  649-6,2466730839150018944,WhiteDwarf
Gaia DR2 4976687904203453184,4976687904203453184,WhiteDwarf
Gaia DR2 444606184029898368,444606184029898368,WhiteDwarf
Gaia DR2 410596571396975104,410596571396975104,WhiteDwarf
GALEX J041330.5-095508,3192045434128348416,WhiteDwarf
Gaia DR2 4308913020461689856,4308913020461689856,WhiteDwarf
Gaia DR2 5418027129950534784,5418027129950534784,WhiteDwarf
Gaia DR2 5827887337795976704,5827887337795976704,WhiteDwarf
Gaia DR2 4270887407238105216,4270887407238105216,WhiteDwarf
Gaia DR2 2958694294660221440,2958694294660221440,WhiteDwarf
SDSS J124547.11+082231.4,3710635414832030976,WhiteDwarf
Gaia DR2 3204901984935700352,3204901984935700352,WhiteDwarf
GALEX J090706.8+082121,590331881762142208,WhiteDwarf
Gaia DR2 2991131914905425024,2991131914905425024,WhiteDwarf
SDSS J001741.11+225135.5,2800649767431466112,WhiteDwarf
SDSS J123140.49+404241.6,1533878987729303040,WhiteDwarf
GALEX J082419.3+154009,652794312703132928,WhiteDwarf
Gaia DR2 6341164516965140224,6341164516965140224,WhiteDwarf
GALEX J075307.1-032337,3080893531638972416,WhiteDwarf
GALEX J093921.0+384344,800937359764306560,WhiteDwarf
SDSS J091150.19+031842.2,578833777569949184,WhiteDwarf
Gaia DR2 6446106687018685056,6446106687018685056,WhiteDwarf
Gaia DR2 6172026299667086080,6172026299667086080,WhiteDwarf
GALEX J105147.5+050806,3864113154871575168,WhiteDwarf
Gaia DR2 5084258491163916672,5084258491164691712,WhiteDwarf
GALEX J080530.2+380406,907398771418795520,WhiteDwarf
GALEX J152019.8+542700,1599685347062685184,WhiteDwarf
SDSS J145805.33+314247.0,1288428650509067136,WhiteDwarf
GALEX J173710.0+012036,4375674541857107712,WhiteDwarf
FBS 0654+428,951346255477411072,WhiteDwarf
Gaia DR2 5642371448122686336,5642371448122686336,WhiteDwarf
GALEX J100242.6+443614,809818007806665856,WhiteDwarf
GALEX J081332.8+055429,3096549275844286208,WhiteDwarf
GALEX J033755.5-482657,4832915591956673408,WhiteDwarf
Gaia DR2 1297255529857962112,1297255529857962112,WhiteDwarf
SDSS J144749.16+574832.2,1613816403646097792,WhiteDwarf
GALEX J014158.6-330401,5012487491704525440,WhiteDwarf
GALEX J032017.7-410538,4852717903748356352,WhiteDwarf
Gaia DR2 338141469544446336,338141469544446336,WhiteDwarf
SDSS J130739.05+550623.7,1564346420575050880,WhiteDwarf
GALEX J084213.9-072706,5754040082420292736,WhiteDwarf
Gaia DR2 2222003735768613888,2222003735768613888,WhiteDwarf
SDSS J130829.92+412511.5,1524445555920023552,WhiteDwarf
GALEX J130538.1+401004,1524242253643844736,WhiteDwarf
Gaia DR2 3227070166576344320,3227070166576344320,WhiteDwarf
Gaia DR2 2921537566214903168,2921537566214903168,WhiteDwarf
Gaia DR2 4325975276252239616,4325975276252239616,WhiteDwarf
SDSS J232445.04-002142.2,2644139887854530944,WhiteDwarf
EC 04112-7503,4629164065718894848,WhiteDwarf
GALEX J024804.4-325113,5062795401418753408,WhiteDwarf
Gaia DR2 1558294197474575360,1558294197474575360,WhiteDwarf
GALEX J221058.5+204252,1781369301271343104,WhiteDwarf
GALEX J054721.6-125214,2997075702964194432,WhiteDwarf
Gaia DR2 2214237988222499072,2214237988222499072,WhiteDwarf
Gaia DR2 6881407218815314432,6881407218815314432,WhiteDwarf
HE 1012-0049,3830680854561582464,WhiteDwarf
SDSS J141626.11-014919.2,3647396385084826112,WhiteDwarf
GALEX J200229.5+815456,2301383218253211904,WhiteDwarf
GALEX J204508.6-702556,6375996323779482624,WhiteDwarf
GALEX J152852.8+424847,1391017861384086656,WhiteDwarf
Gaia DR2 1679384920574756224,1679384920574756224,WhiteDwarf
Gaia DR2 322693159376445696,322693159376445696,WhiteDwarf
Gaia DR2 6001511257609323648,6001511257609323648,WhiteDwarf
Gaia DR2 5330292733481634048,5330292733481634048,WhiteDwarf
Gaia DR2 2185076328511950848,2185076328511950848,WhiteDwarf
LSPM J1549+7629,1707031629355502848,WhiteDwarf
GALEX J105517.1+323059,737209867680523008,WhiteDwarf
Gaia DR2 6144966940550405760,6144966940550405760,WhiteDwarf
GALEX J135942.2+161106,1243595342331717888,WhiteDwarf
Gaia DR2 568361238553979264,568361238553979264,WhiteDwarf
GALEX J032125.6-265447,5061506773790595072,WhiteDwarf
GALEX J024051.5-792432,4632526745936484096,WhiteDwarf
Gaia DR2 547292083208537216,547292083208537216,WhiteDwarf
GALEX J055728.0-293729,2903394322981508608,WhiteDwarf
Gaia DR3 1826306650786879744,1826306650786879744,WhiteDwarf
Gaia DR2 1805131843497270016,1805131843497270016,WhiteDwarf
GALEX J080011.9-012723,3083019918406032512,WhiteDwarf
GALEX J224407.6-573314,6504083793417633920,WhiteDwarf
GALEX J025244.4-680110,4647513364301062528,WhiteDwarf
Gaia DR2 5715429464606664192,5715429464606664192,WhiteDwarf
Gaia DR2 1948022347417048832,1948022347417048832,WhiteDwarf
GALEX J123024.0-825755,5782754378336351616,WhiteDwarf
Gaia DR2 591748843012458752,591748843012458752,WhiteDwarf
SDSS J114419.42+365746.7,4032767376599796992,WhiteDwarf
SDSS J093110.32+210004.6,634839219101579136,WhiteDwarf
Gaia DR2 1748705520935763200,1748705520935763200,WhiteDwarf
GALEX J235528.2+143347,2770515658407548288,WhiteDwarf
GALEX J082050.2-151330,5722979359971928576,WhiteDwarf
Gaia DR2 824097880712380672,824097880712380672,WhiteDwarf
GALEX J000033.8-415915,4995975159220409856,WhiteDwarf
2QZ J104026.7+010209,3807550080555232128,WhiteDwarf
GALEX J163944.6+383347,1331560292643238272,WhiteDwarf
GALEX J120522.1+161241,3925482598238942976,WhiteDwarf
GALEX J083056.7+122546,602804432429850496,WhiteDwarf
2QZ J140138.6-011802,3659509361090931328,WhiteDwarf
Gaia DR2 2050867778864638592,2050867778864638592,WhiteDwarf
GALEX J151603.2+461601,1587676236250465152,WhiteDwarf
SDSS J044823.71-052939.9,3200412438440943744,WhiteDwarf
GALEX J144351.7+082542,1173563942066210944,WhiteDwarf
LSPM J0053+1239,2776562598698116992,WhiteDwarf
GALEX J040324.6-032850,3251978198050225664,WhiteDwarf
GALEX J230903.2+293020,1885431028798824704,WhiteDwarf
GALEX J174138.4-575330,5919004351724365440,WhiteDwarf
GALEX J105933.2-174857,3556190937783724928,WhiteDwarf
SDSS J083351.77+533006.1,1028978029870606336,WhiteDwarf
Gaia DR2 2987838667122774528,2987838667122774528,WhiteDwarf
GALEX J015911.8+474427,356649415633450240,WhiteDwarf
Gaia DR3 6737687962294852096,6737687962294852096,WhiteDwarf
GALEX J092408.8+050155,3852112874512151680,WhiteDwarf
GALEX J171022.2+144748,4545129525878439680,WhiteDwarf
GALEX J111343.0+071721,3818130719604544896,WhiteDwarf
GALEX J170517.9+334507,1337637877526582144,WhiteDwarf
SDSS J192926.33+365112.2,2051519922395214464,WhiteDwarf
GALEX J213311.7-464852,6563787755841828864,WhiteDwarf
Gaia DR2 487414878984199936,487414878984199936,WhiteDwarf
Gaia DR2 6825537253432898432,6825537253432898432,WhiteDwarf
Gaia DR2 5493637555295119872,5493637555295119872,WhiteDwarf
GALEX J020123.8-251610,5121108279770750592,WhiteDwarf
Gaia DR2 3200641308659597056,3200641308659597056,WhiteDwarf
GALEX J083722.4+265417,703097897386300416,WhiteDwarf
SDSS J133819.27+285706.1,1455070083058636672,WhiteDwarf
GALEX J214441.7+010030,2693289122768841088,WhiteDwarf
GALEX J083736.1+075106,596270378423337984,WhiteDwarf
GALEX J085550.5+824905,1145937063150508800,WhiteDwarf
Gaia DR2 3531571940429008256,3531571940429008256,WhiteDwarf
Gaia DR2 6530859100576917376,6530859100576917376,WhiteDwarf
GALEX J154010.6+580356,1602095437895546880,WhiteDwarf
Gaia DR2 3352026776855631744,3352026776855631744,WhiteDwarf
FBS 0553+829,1143731756359195520,WhiteDwarf
Gaia DR2 4849317251721199232,4849317251721199232,WhiteDwarf
SDSS J095438.39+234118.2,642162791176019072,WhiteDwarf
HS 0337+0939,12254267546754176,WhiteDwarf
GALEX J235118.1-520429,6521678212845097088,WhiteDwarf
GALEX J142316.0+315237,1285633112131113728,WhiteDwarf
GALEX J235717.9+280318,2855001719569657984,WhiteDwarf
SDSS J104028.33+134935.5,3884858083134254848,WhiteDwarf
GALEX J230147.2-650252,6393175540127368832,WhiteDwarf
Gaia DR2 6204399534060551040,6204399534060551040,WhiteDwarf
GALEX J153648.3+010249,4417638914957930368,WhiteDwarf
GALEX J082201.4-165004,5720374037105362176,WhiteDwarf
GALEX J094927.6+042508,3849555925862471808,WhiteDwarf
GALEX J040411.1-820101,4616130278787275520,WhiteDwarf
2QZ J232554.2-311706,2328787617862652672,WhiteDwarf
GALEX J031745.1+355652,138354399981426176,WhiteDwarf
Gaia DR2 968645932773178624,968645932773178624,WhiteDwarf
Gaia DR2 6352872666533615488,6352872666533615488,WhiteDwarf
GALEX J064332.1+442859,964446245032097920,WhiteDwarf
Gaia DR2 3133400778141979392,3133400778141979392,WhiteDwarf
SDSS J120708.00+630031.8,1584442508129139072,WhiteDwarf
GALEX J013909.1+230844,290781208772449408,WhiteDwarf
Gaia DR2 3032817145203462272,3032817145203462272,WhiteDwarf
Gaia DR2 2897043745680694016,2897043749977863936,WhiteDwarf
GALEX J164216.8+215024,4565880849347921920,WhiteDwarf
Gaia DR2 2036430156104483840,2036430156104483840,WhiteDwarf
GALEX J095149.1+202907,628042210017489024,WhiteDwarf
GALEX J000139.7-083631,2441162898837256576,WhiteDwarf
SDSS J084856.53+063225.5,583132932458590848,WhiteDwarf
GALEX J033300.8+524748,443240384430505216,WhiteDwarf
Gaia DR2 5850270130377552128,5850270130377552128,WhiteDwarf
Gaia DR2 3700802379265207040,3700802379265207040,WhiteDwarf
Gaia DR2 6435762069315977344,6435762069315977344,WhiteDwarf
Gaia DR2 6351808098759662464,6351808098759662464,WhiteDwarf
SDSS J053240.48-002725.6,3220704028612641792,WhiteDwarf
LAMOST J213350.29+293108.5,1849262151423830784,WhiteDwarf
GALEX J070722.0-781654,5211556099137561344,WhiteDwarf
SDSS J093631.00+565637.9,1025420968018930048,WhiteDwarf
Gaia DR2 5586384973170932736,5586384973170932736,WhiteDwarf
Gaia DR2 1829134006236329344,1829134006236329344,WhiteDwarf
Gaia DR2 5800167859391091968,5800167859391091968,WhiteDwarf
GALEX J012354.7-085046,2471320746144636288,WhiteDwarf
Gaia DR2 5610892876896619520,5610892876896619520,WhiteDwarf
Gaia DR2 6425365426657729536,6425365426657729536,WhiteDwarf
Gaia DR2 2087750793340532864,2087750793340532864,WhiteDwarf
GALEX J022722.5-372041,4965435025464371840,WhiteDwarf
GALEX J015716.9-751002,4637410849601038080,WhiteDwarf
SDSS J084310.30+061512.8,595046793780938496,WhiteDwarf
Gaia DR2 5689919317362203008,5689919317362203008,WhiteDwarf
GALEX J180115.3+170301,4502290555699060352,WhiteDwarf
SDSS J004020.72+342516.8,362360790126598400,WhiteDwarf
GALEX J202745.9+731910,2276117574918138624,WhiteDwarf
Gaia DR2 31865290082107520,31865290082107520,WhiteDwarf
GALEX J153057.5+394614,1389650245013574272,WhiteDwarf
Gaia DR2 6102069872352753920,6102069872352753920,WhiteDwarf
Gaia DR2 6455244483344392448,6455244483344392448,WhiteDwarf
GALEX J172636.0+322125,4600405033424312192,WhiteDwarf
GALEX J172306.4-734955,5802527621788151808,WhiteDwarf
GALEX J212910.9+304554,1850332899654279936,WhiteDwarf
GALEX J011444.3-130800,2456531421398091776,WhiteDwarf
2QZ J112132.5-005919,3797669765989173888,WhiteDwarf
GALEX J100823.7+024840,3836544614496629248,WhiteDwarf
Gaia DR2 2184999706296127872,2184999706296127872,WhiteDwarf
Gaia DR2 5404543994967413504,5404543994967413504,WhiteDwarf
GALEX J151306.1+540621,1600081544910411904,WhiteDwarf
Gaia DR2 4908534714611667072,4908534714611667072,WhiteDwarf
LBQS 0020-0144,2541839573659650944,WhiteDwarf
GALEX J171454.6-684915,5811266123594176256,WhiteDwarf
GALEX J121409.0+265543,4009625611772862848,WhiteDwarf
Gaia DR2 979275976829640832,979275976829640832,WhiteDwarf
SDSS J153107.28+281916.0,1272563178756714880,WhiteDwarf
LSPM J0409+4901,246527210080831360,WhiteDwarf
GALEX J205012.2-213908,6856765857562762624,WhiteDwarf
LSPM J1545+3218,1369626141111655680,WhiteDwarf
Gaia DR2 2227060046148929152,2227060046148929152,WhiteDwarf
GALEX J163316.5+215325,1297911491622379392,WhiteDwarf
GALEX J234535.6-650845,6485494900083054720,WhiteDwarf
SDSS J031854.02+410630.0,239305548985873024,WhiteDwarf
US 1494,917127907431490688,WhiteDwarf
Gaia DR2 532994858634513408,532994858634513408,WhiteDwarf
GALEX J013421.5-543827,4912598853183778432,WhiteDwarf
GALEX J012339.6+182236,2786056911668164352,WhiteDwarf
Gaia DR2 1276871202752785920,1276871202752785920,WhiteDwarf
Gaia DR2 5099085916564203776,5099085916564203776,WhiteDwarf
GALEX J141254.1-723758,5797389427862776704,WhiteDwarf
GALEX J165619.7+051020,4392632584570197376,WhiteDwarf
GALEX J151133.6-390114,6005530071375812864,WhiteDwarf
Gaia DR2 2243168372529353472,2243168372529353472,WhiteDwarf
GALEX J154115.4-015207,4403862137341100928,WhiteDwarf
GALEX J195021.4-444454,6684287053358294528,WhiteDwarf
Gaia DR2 5388979926825166336,5388979926825166336,WhiteDwarf
Gaia DR2 4343731499982516352,4343731499982516352,WhiteDwarf
Gaia DR2 2318034084905010944,2318034084905010944,WhiteDwarf
GALEX J043821.6+345026,173809084428652032,WhiteDwarf
PB  8831,2477282538708615680,WhiteDwarf
GALEX J204722.7-130625,6888037823682460416,WhiteDwarf
Gaia DR2 1605208022170557568,1605208022170557568,WhiteDwarf
BD-20    33B,2365377406330609920,WhiteDwarf
2QZ J225235.9-314148,6604098016784587264,WhiteDwarf
Gaia DR2 1411939063696260736,1411939063696260736,WhiteDwarf
Gaia DR2 175812493398831488,175812493398831488,WhiteDwarf
GALEX J120852.7+275427,4012799764403658496,WhiteDwarf
GALEX J204255.0-105604,6900637161785098880,WhiteDwarf
PB  6365,2533306985471073920,WhiteDwarf
2SLAQ J144952.92-001954.6,3650706499199815680,WhiteDwarf
GALEX J125642.4+204201,3942571792073712384,WhiteDwarf
SDSS J215425.26+205407.2,1780959419657931520,WhiteDwarf
SBSS 1208+595,1575950838093078784,WhiteDwarf
GALEX J094053.1+023932,3847445963048961920,WhiteDwarf
Gaia DR2 4489241173743941888,4489241173743941888,WhiteDwarf
GALEX J083953.6-204638,5703468457418612480,WhiteDwarf
Gaia DR2 2368519535684155904,2368519535684155904,WhiteDwarf
Gaia DR2 4187486740148192384,4187486740148192384,WhiteDwarf
GALEX J222306.1+831009,2299526280553391872,WhiteDwarf
GALEX J145450.3-011441,6340879296776953088,WhiteDwarf
GALEX J133418.5-385228,6161807472959913984,WhiteDwarf
Gaia DR2 4719904110361472384,4719904110361472384,WhiteDwarf
GALEX J212840.9+340307,1854351309716181760,WhiteDwarf
GALEX J022013.3+374615,331610271693384576,WhiteDwarf
Gaia DR2 5520230137366638208,5520230137366638208,WhiteDwarf
GALEX J094226.5+351645,797854393583526528,WhiteDwarf
GALEX J124143.1+395049,1521956330313731200,WhiteDwarf
SDSS J221945.63+123554.0,2733740262928595328,WhiteDwarf
GALEX J001731.3+194427,2797731285613742848,WhiteDwarf
GALEX J225506.3-244318,2383845735637567232,WhiteDwarf
GALEX J234355.7+224223,2827053439660604544,WhiteDwarf
Gaia DR2 113039244263642496,113039244263642496,WhiteDwarf
GALEX J152813.7+665529,1644791810864100992,WhiteDwarf
Gaia DR2 4091464877911328768,4091464877911328768,WhiteDwarf
Gaia DR2 2337986819335215232,2337986819335215232,WhiteDwarf
Gaia DR3 5892128954640996736,5892128954640996736,WhiteDwarf
GALEX J115240.4+411633,768529731276227968,WhiteDwarf
GALEX J220304.0-083950,2617694124945785728,WhiteDwarf
Gaia DR2 1905774948852337024,1905774948852337024,WhiteDwarf
2QZ J124457.2+014552,3702416221816647552,WhiteDwarf
Gaia DR2 3135445805349406080,3135445805349406080,WhiteDwarf
Gaia DR2 3432294222355883648,3432294222355883648,WhiteDwarf
SDSS J222503.26+210003.2,1874633858973041408,WhiteDwarf
GALEX J235937.3+001932,2738210116997261824,WhiteDwarf
GALEX J044008.9+802805,556706892039978624,WhiteDwarf
2QZ J105405.6-011133,3802952545698139776,WhiteDwarf
LP  405-9,2799839702239434240,WhiteDwarf
GALEX J231026.9-413833,6542283713587711616,WhiteDwarf
Gaia DR3 5956987461980049280,5956987461980049280,WhiteDwarf
Gaia DR2 3234589554799827840,3234589554799827840,WhiteDwarf
Gaia DR2 6446426129506873600,6446426129506873600,WhiteDwarf
SDSS J212749.96-002217.4,2687636670929603328,WhiteDwarf
GALEX J023104.7-231051,5120223168614875904,WhiteDwarf
Gaia DR2 5698412043964631808,5698412043964631808,WhiteDwarf
GALEX J131521.6+181359,3938762293520648448,WhiteDwarf
SDSS J011646.10+205001.9,2787507098786135552,WhiteDwarf
Gaia DR2 6663796859607327104,6663796859607327104,WhiteDwarf
SDSS J140633.11+635320.3,1667950828574708352,WhiteDwarf
GALEX J163527.6+223530,1298056352279987328,WhiteDwarf
Gaia DR2 506988904673917312,506988904673917312,WhiteDwarf
Gaia DR2 3041908525809795584,3041908525809795584,WhiteDwarf
GALEX J201716.8-465219,6669249067182931072,WhiteDwarf
Gaia DR2 473069069739718400,473069069739718400,WhiteDwarf
HE 1258+0123,3690323316193465344,WhiteDwarf
GALEX J013413.7-390128,5008882498018106624,WhiteDwarf
2QZ J101355.5-001307,3831559256977842560,WhiteDwarf
SDSS J141215.39+203422.0,1252312137373495040,WhiteDwarf
Gaia DR2 5840202009756679168,5840202009756679168,WhiteDwarf
Gaia DR2 2165594945287011328,2165594945287011328,WhiteDwarf
SDSS J100814.46+161242.9,621971943758980608,WhiteDwarf
Gaia DR2 4123975611366523904,4123975611366523904,WhiteDwarf
GALEX J172939.9+230356,4569059189570089856,WhiteDwarf
Gaia DR2 5782254925180281344,5782254925180281344,WhiteDwarf
Gaia DR2 3232107544739157632,3232107544739157632,WhiteDwarf
GALEX J111402.5-221310,3538881768609134976,WhiteDwarf
Gaia DR2 3288800052189171328,3288800052189171328,WhiteDwarf
Gaia DR2 5791014051421881216,5791014051421881216,WhiteDwarf
Gaia DR2 2199153139677923840,2199153139677923840,WhiteDwarf
GALEX J082349.4+073956,3097064427103896192,WhiteDwarf
SDSS J102900.73+793159.9,1132966468074614272,WhiteDwarf
Gaia DR2 2282114075113433728,2282114075113433728,WhiteDwarf
Gaia DR2 3101855995698149632,3101855995698149632,WhiteDwarf
GALEX J123845.2-540930,6074655237845559424,WhiteDwarf
Gaia DR2 962962424024928128,962962424024928128,WhiteDwarf
SDSS J112011.09+624357.5,862349306127492480,WhiteDwarf
GALEX J002122.0+001730,2546808820757656320,WhiteDwarf
SDSS J145345.60+340518.7,1292717952743078784,WhiteDwarf
Gaia DR2 6211650259190592256,6211650259190592256,WhiteDwarf
GALEX J210018.3+004212,1729490318288716672,WhiteDwarf
Gaia DR2 5232249423370619008,5232249423370619008,WhiteDwarf
Gaia DR2 4056004871982962048,4056004871982962048,WhiteDwarf
Gaia DR2 6705632521126266112,6705632521126266112,WhiteDwarf
GALEX J130113.6-405925,6139477255086370048,WhiteDwarf
SDSS J130916.50+325618.8,1466865472002911104,WhiteDwarf
2QZ J025205.7-314207,5064452782058102144,WhiteDwarf
[CT83] 314,5031326107321234560,WhiteDwarf
GALEX J120026.9-355331,3461010339336907392,WhiteDwarf
Gaia DR2 781777162763543680,781777162763543680,WhiteDwarf
Gaia DR2 2084055364814817536,2084055364814817536,WhiteDwarf
SDSS J183806.18+404629.8,2110571565187233152,WhiteDwarf
Gaia DR2 5851833880757458944,5851833880757458944,WhiteDwarf
GALEX J004501.3-470031,4976075343084352896,WhiteDwarf
SDSS J013052.23+181628.5,2593746383735673344,WhiteDwarf
LSPM J0258+5740,461074978434675456,WhiteDwarf
SDSS J155552.36+144746.7,1192912391776700800,WhiteDwarf
Gaia DR2 6664178493219568896,6664178497516478848,WhiteDwarf
GALEX J021644.5+081942,2521677210466046080,WhiteDwarf
Gaia DR2 1564521723960400512,1564521723960400512,WhiteDwarf
LAMOST J063919.88+264102.5,3385687848600189056,WhiteDwarf
PB  7081,2619760760129664384,WhiteDwarf
GALEX J170147.4+082056,4443137105002479616,WhiteDwarf
GALEX J153416.2+481210,1401971574177302656,WhiteDwarf
2MASS J10151125-0802250,3769361469037774720,WhiteDwarf
GALEX J212345.5+731252,2274037234496036224,WhiteDwarf
Gaia DR2 5123730541987977472,5123730541987977472,WhiteDwarf
Gaia DR2 4800022602100086016,4800022602100086016,WhiteDwarf
Gaia DR2 5966720922978732928,5966720922978732928,WhiteDwarf
Gaia DR2 2039043012338925312,2039043012338925312,WhiteDwarf
Gaia DR3 5832864659471132800,5832864659471132800,WhiteDwarf
2QZ J133330.1-024424,3637511638112453248,WhiteDwarf
2QZ J230415.9-285311,6606340058428659584,WhiteDwarf
GALEX J201657.2-283050,6845699552203868288,WhiteDwarf
Gaia DR2 1871512448547501184,1871512448547501184,WhiteDwarf
Gaia DR2 3027894253681843328,3027894253681843328,WhiteDwarf
SDSS J083901.31+503233.7,1027467056079337344,WhiteDwarf
Gaia DR2 6351175329818364288,6351175329818364288,WhiteDwarf
Gaia DR2 2073203116337258112,2073203116337258112,WhiteDwarf
Gaia DR2 5606925843242905088,5606925843242905088,WhiteDwarf
Gaia DR2 3419698625168719744,3419698625168719744,WhiteDwarf
Gaia DR2 3353998201204913024,3353998201204913024,WhiteDwarf
GALEX J014659.6-003356,2509173632954650752,WhiteDwarf
PB  3501,1463122974939958528,WhiteDwarf
GALEX J161018.9+303618,1318849697708771584,WhiteDwarf
GALEX J072958.7-624314,5288853136664036352,WhiteDwarf
Gaia DR2 458252738239635584,458252738239635584,WhiteDwarf
Gaia DR2 3730132161173834496,3730132161173834496,WhiteDwarf
GALEX J132231.5+141253,3743348737616269056,WhiteDwarf
Gaia DR2 5522976236374640768,5522976236374640768,WhiteDwarf
GALEX J193744.3+590010,2238516205691628544,WhiteDwarf
GALEX J202653.3-440115,6678890955230756096,WhiteDwarf
GALEX J030932.5-204528,5102915275045850752,WhiteDwarf
SDSS J064014.05+640430.8,1103427023042826496,WhiteDwarf
Gaia DR2 484296045532088832,484296045532088832,WhiteDwarf
GALEX J084857.9+002835,3075425797751507840,WhiteDwarf
GALEX J160233.6-004543,4409604508617046656,WhiteDwarf
SDSS J085306.75+061135.2,582862766131042432,WhiteDwarf
LP  376-7,4001074538044978816,WhiteDwarf
SDSS J234901.48+340707.3,2877936432612775552,WhiteDwarf
UCAC4 077-007106,5261048587838041856,WhiteDwarf
GALEX J225410.4+054420,2711378769104911360,WhiteDwarf
GALEX J210329.6+164550,1764021030714441344,WhiteDwarf
Gaia DR2 6487174889425997440,6487174889425997440,WhiteDwarf
GALEX J132852.3+394325,1476721769112306944,WhiteDwarf
Gaia DR2 426190188897964800,426190188897964800,WhiteDwarf
Gaia DR2 6369957775855896704,6369957775856601216,WhiteDwarf
GALEX J021102.5-000144,2507040820914474880,WhiteDwarf
GALEX J131654.8+381623,1522931734566453632,WhiteDwarf
Gaia DR2 5362104078779906944,5362104078779906944,WhiteDwarf
Gaia DR3 5240695906057417216,5240695906057417216,WhiteDwarf
GALEX J094944.4+215909,640404500284710912,WhiteDwarf
GALEX J031216.6-240302,5075047332502513536,WhiteDwarf
Gaia DR2 4479712668542934784,4479712668542934784,WhiteDwarf
GALEX J071647.3+680006,1108250481774554624,WhiteDwarf
GALEX J060943.0+660638,1104801893614160768,WhiteDwarf
Gaia DR3 6727957215669478656,6727957215669478656,WhiteDwarf
BD-01   212B,2509739915804015232,WhiteDwarf
EC 05013-1715,2976872073726473344,WhiteDwarf
GALEX J095136.1+110021,3879672786297764608,WhiteDwarf
GALEX J044405.0-213201,2973921671710358912,WhiteDwarf
GALEX J040221.2-554415,4683604627324301184,WhiteDwarf
GALEX J100231.1+361504,795899874225995904,WhiteDwarf
LAMOST J005636.91+383332.6,364787068691355392,WhiteDwarf
Gaia DR2 63335859786366208,63335859786366208,WhiteDwarf
PM J01043+3816,370582117741262080,WhiteDwarf
Gaia DR2 6751777099998204416,6751777099998204416,WhiteDwarf
Gaia DR2 6015408363017867776,6015408363017867776,WhiteDwarf
EC 22114-2904,6615581384939715840,WhiteDwarf
Gaia DR2 5413179387485609600,5413179387485609600,WhiteDwarf
GALEX J140441.3+182437,1245489182390934144,WhiteDwarf
SDSS J114333.46+661532.0,1056979528716523136,WhiteDwarf
Gaia DR2 5366371077246182144,5366371077246182144,WhiteDwarf
GALEX J181509.4+181843,4526324372354647936,WhiteDwarf
GALEX J013812.7+655644,519325420843392256,WhiteDwarf
GALEX J151606.3+274646,1271636500913342976,WhiteDwarf
Gaia DR2 6042593818071392768,6042593818071392768,WhiteDwarf
SDSS J211724.42+044402.0,1732427320003722496,WhiteDwarf
Gaia DR2 6838100896061199232,6838100896061199232,WhiteDwarf
GALEX J184005.1-435902,6709868114797550848,WhiteDwarf
SDSS J102734.24+203203.7,720886105737982976,WhiteDwarf
Cl* NGC 3532     RK       9,5340219811654824448,WhiteDwarf
Gaia DR2 37136937238613888,37136937238613888,WhiteDwarf
Gaia DR2 6080546210685185536,6080546210685185536,WhiteDwarf
GALEX J160030.1+405930,1383247097314267776,WhiteDwarf
Gaia DR2 2182144759938451712,2182144759938451712,WhiteDwarf
Gaia DR2 4344505075132368640,4344505075132368640,WhiteDwarf
LSPM J0254+3904,143432082117652736,WhiteDwarf
GALEX J170329.9+211613,4562038361150157440,WhiteDwarf
SDSS J081606.81+481426.0,931358160579874432,WhiteDwarf
Gaia DR2 699158145361526656,699158145361526656,WhiteDwarf
Gaia DR2 713843802481304064,713843802481304064,WhiteDwarf
SDSS J221452.23-075045.0,2619454516076661760,WhiteDwarf
Gaia DR2 5417356221697933952,5417356221697933952,WhiteDwarf
Gaia DR2 2070040061893953664,2070040061893953664,WhiteDwarf
GALEX J154145.4+412230,1390084341652070272,WhiteDwarf
GALEX J162849.8+273346,1305503207094572160,WhiteDwarf
LP  484-24,649672906567630976,WhiteDwarf
GALEX J050424.2-395531,4814217331574777856,WhiteDwarf
Gaia DR2 3450804565033202560,3450804565033202560,WhiteDwarf
Gaia DR2 3326525494435566080,3326525494435566080,WhiteDwarf
Gaia DR2 2129103490076660352,2129103490076660352,WhiteDwarf
LSPM J0203+3540,330075486602733184,WhiteDwarf
GALEX J090920.1+222435,685372365493313152,WhiteDwarf
Gaia DR2 5589705322189187968,5589705322189187968,WhiteDwarf
GALEX J162702.2+144325,4463884614540773632,WhiteDwarf
Gaia DR2 5343170321066167680,5343170321066167680,WhiteDwarf
Gaia DR2 5598229045562290688,5598229045562290688,WhiteDwarf
Gaia DR2 5617597771817805824,5617597771830467200,WhiteDwarf
Gaia DR2 5357487951008162176,5357487951008162176,WhiteDwarf
SDSS J163824.37+473659.6,1410337345836182400,WhiteDwarf
Gaia DR2 595557516931730432,595557516931730432,WhiteDwarf
GALEX J002911.8-154402,2373769085231053440,WhiteDwarf
EC 05189-3619,4822336743909344256,WhiteDwarf
Gaia DR2 2191899386582224256,2191899386582224256,WhiteDwarf
LP  493-60,3922795941576557184,WhiteDwarf
SDSS J015056.21+580437.4,506170313973870848,WhiteDwarf
Gaia DR2 191791970763158528,191791970763158528,WhiteDwarf
Gaia DR2 2088872222178075904,2088872222178075904,WhiteDwarf
GALEX J083415.4+254820,702875727317561472,WhiteDwarf
Gaia DR2 1349981716613485568,1349981716613485568,WhiteDwarf
SDSS J140753.91+445622.1,1505552785059074304,WhiteDwarf
GALEX J142134.2+154204,1229292620199747328,WhiteDwarf
GALEX J090653.2+713356,1118862173431450624,WhiteDwarf
Gaia DR2 5594375532188004864,5594375532188004864,WhiteDwarf
Gaia DR2 253175613290985216,253175613290985216,WhiteDwarf
GALEX J233959.7-250840,2338780426212503680,WhiteDwarf
Gaia DR2 2230067279173662848,2230067279173662848,WhiteDwarf
Gaia DR2 5798585425928983168,5798585425928983168,WhiteDwarf
GALEX J105742.5+524808,837331637023975936,WhiteDwarf
SDSS J223623.07-034214.3,2625405206150216960,WhiteDwarf
GALEX J215336.9+213421,1793140153066282496,WhiteDwarf
GALEX J002006.8+004819,2547071359222151552,WhiteDwarf
GALEX J052050.1+250916,3417559014195327744,WhiteDwarf
GALEX J202308.9+142423,1804992750977947136,WhiteDwarf
GALEX J183414.4-735642,6415185082856741248,WhiteDwarf
Gaia DR2 2159477636232170624,2159477636232170624,WhiteDwarf
2QZ J221532.8-281252,6615636841557885696,WhiteDwarf
SDSS J134520.18+505632.9,1558929813980098048,WhiteDwarf
GALEX J093153.3-093447,5741160678091178368,WhiteDwarf
Gaia DR2 2230197743096421888,2230197743096421888,WhiteDwarf
SDSS J162420.69+474654.5,1410870132235226624,WhiteDwarf
Gaia DR2 6836565595576991232,6836565595576991232,WhiteDwarf
Gaia DR2 5313189731346426880,5313189731346426880,WhiteDwarf
GALEX J075446.8+580301,1082594511807261440,WhiteDwarf
GALEX J125232.0+423211,1528498080901795968,WhiteDwarf
GALEX J162904.1+053651,4438422055545153536,WhiteDwarf
Gaia DR2 5298133220963392512,5298133220963392512,WhiteDwarf
Gaia DR2 1812727506040942208,1812727506040942208,WhiteDwarf
SDSS J125720.96+192503.8,3941584293192908928,WhiteDwarf
GALEX J124730.5-075704,3675214819541465600,WhiteDwarf
GALEX J001359.6-353632,2309046024024797184,WhiteDwarf
SDSS J184855.16+401130.9,2098310429991188352,WhiteDwarf
SDSS J074448.78+455916.7,927280518628727936,WhiteDwarf
GALEX J200859.2-273943,6846722991371577344,WhiteDwarf
GALEX J141147.2-385327,6117186198727249024,WhiteDwarf
Gaia DR2 6157101460112579072,6157101460112579072,WhiteDwarf
GALEX J155222.0+061537,4426884983114707584,WhiteDwarf
GALEX J022042.8-002258,2500736667917930880,WhiteDwarf
2QZ J233414.3-283755,2330976951671809152,WhiteDwarf
GALEX J000712.6+241255,2849721589854802560,WhiteDwarf
GALEX J121641.8+175715,3946834426855916800,WhiteDwarf
[ICS96] 012056.4-403524,4985105116685511424,WhiteDwarf
Gaia DR2 5935300179212325248,5935300179212325248,WhiteDwarf
SDSS J160457.86+124503.3,4458284664381575040,WhiteDwarf
LSPM J0002+2058,2846539534484165888,WhiteDwarf
GALEX J012448.1+514250,406861633476393984,WhiteDwarf
SDSS J142747.80+463908.0,1506645287299829632,WhiteDwarf
Gaia DR2 5199643333030437120,5199643333030437120,WhiteDwarf
LP  707-61,2456160271800004096,WhiteDwarf
Gaia DR2 3099109346937493120,3099109346937493120,WhiteDwarf
GALEX J015244.5-200107,5136320980918316672,WhiteDwarf
Gaia DR2 5938033668187244416,5938033668187244416,WhiteDwarf
Gaia DR2 479361471706115968,479361471706115968,WhiteDwarf
GALEX J161730.6+320459,1319498723102428928,WhiteDwarf
GALEX J090155.4+850525,1150779003120959232,WhiteDwarf
GALEX J103427.6+660559,1059779813037039872,WhiteDwarf
GALEX J032528.7-803412,4619506707197322752,WhiteDwarf
GALEX J221743.0+743255,2279476995259211776,WhiteDwarf
Gaia DR2 3204436719718449280,3204436719718449280,WhiteDwarf
GALEX J175321.8-741550,5803051470358579456,WhiteDwarf
Gaia DR2 5653192257447538432,5653192257447538432,WhiteDwarf
GALEX J130110.7+152050,3930500666228897536,WhiteDwarf
Gaia DR2 5628383255034330112,5628383255034330112,WhiteDwarf
GALEX J185654.0+282911,2040359398339940352,WhiteDwarf
SDSS J170355.91+330438.4,1337576648471644800,WhiteDwarf
Gaia DR2 4536880538676452608,4536880538676452608,WhiteDwarf
GALEX J001249.1+202113,2798493354546894208,WhiteDwarf
GALEX J135833.1+051502,3672012079608563584,WhiteDwarf
GALEX J215621.0-250513,6812228940782980224,WhiteDwarf
GALEX J100829.0+183633,623623994339416320,WhiteDwarf
LAMOST J113545.31+562626.7,844841370161767296,WhiteDwarf
GALEX J120339.5+134145,3921585310554972160,WhiteDwarf
GALEX J094105.4+013140,3846485058605283712,WhiteDwarf
GALEX J021107.4-340828,4970089391327463808,WhiteDwarf
Gaia DR3 5921487873608858112,5921487873608858112,WhiteDwarf
Cl* IC 2602      A      I,5239823855893126528,WhiteDwarf
Gaia DR3 5699580004491398656,5699580004491398656,WhiteDwarf
Gaia DR2 5712653090365974912,5712653090365974912,WhiteDwarf
GALEX J234457.9+160232,2771813322646360960,WhiteDwarf
Gaia DR2 1686841430477158784,1686841430477158784,WhiteDwarf
Gaia DR2 3141847883598342784,3141847883598342784,WhiteDwarf
Gaia DR2 1996854643809756032,1996854643809756032,WhiteDwarf
GALEX J165642.1+231212,4566270003447697408,WhiteDwarf
GALEX J111023.7-364218,5400395017888205824,WhiteDwarf
Gaia DR2 4073105056629664000,4073105056629664000,WhiteDwarf
GALEX J134506.8-005008,3661685951732372352,WhiteDwarf
Gaia DR3 2028793571118402560,2028793571118402560,WhiteDwarf
Gaia DR2 2224069443239351936,2224069443239351936,WhiteDwarf
GALEX J091040.1-042402,5759566021703318400,WhiteDwarf
Gaia DR2 5828473033905715200,5828473033905715200,WhiteDwarf
SDSS J092333.26+503129.1,1018987416247875328,WhiteDwarf
GALEX J075819.8-003113,3083946158170908672,WhiteDwarf
GALEX J091442.7+041455,579371301316943872,WhiteDwarf
GALEX J181252.4+144201,4497792767166660864,WhiteDwarf
GALEX J061925.0-260543,2900068399089616384,WhiteDwarf
GALEX J011048.3+141636,2590994168692148224,WhiteDwarf
LSPM J1352+0907,3722192007889372800,WhiteDwarf
GALEX J113330.9-442653,5381827599390306560,WhiteDwarf
SDSS J145959.63+103131.4,1180075146846332032,WhiteDwarf
GALEX J185059.9+232354,4533250505345304448,WhiteDwarf
GALEX J220711.6-555543,6412761037674598656,WhiteDwarf
Gaia DR2 1821713711499447040,1821713711499447040,WhiteDwarf
SDSS J082550.15+394036.0,914342599668726144,WhiteDwarf
SDSS J080758.09+515512.0,935571282979009792,WhiteDwarf
GALEX J112257.0+322328,757328563942257152,WhiteDwarf
GALEX J135534.8-285817,6176842096173600000,WhiteDwarf
GALEX J025049.7+440255,337485958752166656,WhiteDwarf
Gaia DR2 5064737521205540736,5064737521205540736,WhiteDwarf
GALEX J085845.0+394553,720117375311443200,WhiteDwarf
Gaia DR2 6579203772153200640,6579203772153200640,WhiteDwarf
Gaia DR2 1704178358025396352,1704178358025396352,WhiteDwarf
GALEX J053129.0+233752,3416563539559933696,WhiteDwarf
Gaia DR2 1620042903634176640,1620042903634176640,WhiteDwarf
Gaia DR2 2885080578134465920,2885080578134465920,WhiteDwarf
Gaia DR2 1963105959023148544,1963105959023148544,WhiteDwarf
GALEX J051055.6-485542,4773710017537185024,WhiteDwarf
GALEX J143318.2+103727,1178045207862708608,WhiteDwarf
GALEX J122602.1+352813,1519137904054684160,WhiteDwarf
Gaia DR2 6233880494519549312,6233880494519549312,WhiteDwarf
Gaia DR2 141733474091593728,141733474091593728,WhiteDwarf
GALEX J220827.9+223635,1782917757240791680,WhiteDwarf
Gaia DR2 2554416547867869056,2554416547867869056,WhiteDwarf
PB  5533,2642637684388564352,WhiteDwarf
GALEX J210527.3-454322,6483580615979629696,WhiteDwarf
GALEX J012950.0-201425,5043922696644412800,WhiteDwarf
Gaia DR2 3387546774868465920,3387546774868465920,WhiteDwarf
GALEX J140726.4+302144,1453373364818730752,WhiteDwarf
Gaia DR2 5378600262180585856,5378600262180585856,WhiteDwarf
GALEX J053911.4+540739,264800367479970432,WhiteDwarf
GALEX J005040.5+342806,363672713656957184,WhiteDwarf
GALEX J234617.9+212008,2823708690929707648,WhiteDwarf
GALEX J205556.0-444442,6484299112467676672,WhiteDwarf
Gaia DR2 1151848518697212928,1151848518697212928,WhiteDwarf
GALEX J145202.4-323132,6205231619545604480,WhiteDwarf
Gaia DR2 938634973345778176,938634973345778176,WhiteDwarf
Gaia DR2 5313800402666935296,5313800402666935296,WhiteDwarf
GALEX J155238.2+003909,4410623858974488832,WhiteDwarf
GALEX J180153.4+353711,4606418743553332480,WhiteDwarf
Gaia DR2 1254360557600178688,1254360557600178688,WhiteDwarf
2QZ J144013.0-003015,3651576419055590784,WhiteDwarf
LSPM J1238+2633,3962125442437204096,WhiteDwarf
Gaia DR2 6875563696763125376,6875563696763125376,WhiteDwarf
GALEX J150156.7+372547,1295049909531771264,WhiteDwarf
Gaia DR2 4540785076262776320,4540785076262776320,WhiteDwarf
Gaia DR2 2153380230076376704,2153380230076376704,WhiteDwarf
GALEX J161043.1+082153,4451443644770423168,WhiteDwarf
SDSS J195918.72+614807.2,2238037879476398592,WhiteDwarf
Gaia DR2 4217342707093075584,4217342707093075584,WhiteDwarf
GALEX J065113.2-610702,5479157536911469952,WhiteDwarf
Gaia DR2 5513691754030902528,5513691754030902528,WhiteDwarf
Gaia DR2 5394262702240869504,5394262702240869504,WhiteDwarf
Gaia DR2 2146702204470939904,2146702204470939904,WhiteDwarf
Gaia DR3 636028688819279488,636028688819279488,WhiteDwarf
SDSS J162347.21+265540.1,1305044508884537344,WhiteDwarf
GALEX J100240.2+034501,3836888040084417024,WhiteDwarf
Gaia DR2 5515126547989788800,5515126547989788800,WhiteDwarf
GALEX J105101.3-003522,3803240102349063552,WhiteDwarf
GALEX J213118.7+004553,2688371385213959040,WhiteDwarf
GALEX J001438.9-103621,2427695663808029824,WhiteDwarf
GALEX J075955.0+083444,3146146626168114432,WhiteDwarf
GALEX J083825.9-111451,5748349491272172672,WhiteDwarf
GALEX J122646.2+563726,1574655239734109056,WhiteDwarf
GALEX J151218.2-303029,6210953718574915072,WhiteDwarf
2QZ J022151.0-321137,4970750335254717696,WhiteDwarf
SDSS J152331.88+651230.5,1644057852492699520,WhiteDwarf
GALEX J105344.7-175448,3556025697506063872,WhiteDwarf
Gaia DR2 5299112787040311552,5299112787040311552,WhiteDwarf
Gaia DR2 954210856927809536,954210856927809536,WhiteDwarf
Gaia DR2 5799809697762982400,5799809697762982400,WhiteDwarf
2MASS J02291909+6403289,514428715747920512,WhiteDwarf
Gaia DR2 491554132243456384,491554132243456384,WhiteDwarf
Gaia DR3 327426526869286656,327426526869286656,WhiteDwarf
2QZ J113314.2-025625,3793218668041686400,WhiteDwarf
Gaia DR2 5733244954579832960,5733244954579832960,WhiteDwarf
Gaia DR2 2717809262859979520,2717809262859979520,WhiteDwarf
Gaia DR2 5521086042748373632,5521086042748373632,WhiteDwarf
GALEX J173626.5+201504,4555490494529479168,WhiteDwarf
GALEX J045310.9-024221,3225116025176075520,WhiteDwarf
GALEX J201202.7-165402,6873866360049886592,WhiteDwarf
GALEX J105313.9-115319,3756943168101356416,WhiteDwarf
LSPM J1017+3736,754237557583214336,WhiteDwarf
EGGR  59,664325543977630464,WhiteDwarf
GALEX J112724.9-145436,3560585475305580928,WhiteDwarf
GALEX J161057.0+295647,1318764966593490688,WhiteDwarf
SDSS J163601.33+161907.1,4465939601772584448,WhiteDwarf
Gaia DR2 6726234521485460480,6726234521485460480,WhiteDwarf
Gaia DR2 3436754799294674176,3436754799294674176,WhiteDwarf
GALEX J003848.4-013432,2530443105574763904,WhiteDwarf
EC 21459-3548,6587987839266863104,WhiteDwarf
Gaia DR2 2046377437798124544,2046377437798124544,WhiteDwarf
Gaia DR2 5536476521180151808,5536476521180151808,WhiteDwarf
LP  644-81,2443826805441462656,WhiteDwarf
2QZ J031553.2-283831,5059421172031330048,WhiteDwarf
Gaia DR2 5788719886050643840,5788719886050643840,WhiteDwarf
SBSS 1012+529,851354950059360640,WhiteDwarf
Gaia DR2 5837133410244295552,5837133410244295552,WhiteDwarf
GALEX J135618.8+124920,3727816967642773120,WhiteDwarf
GALEX J215828.4-675201,6396992086722786560,WhiteDwarf
Gaia DR2 526782446138656640,526782446138656640,WhiteDwarf
Gaia DR3 625453482903699328,625453482903699328,WhiteDwarf
KUV 23128+1157,2811939179163611776,WhiteDwarf
Gaia DR2 5317156730629078272,5317156734941730816,WhiteDwarf
Gaia DR2 3027918859554543872,3027918859554543872,WhiteDwarf
Gaia DR3 5960005552650728576,5960005552650728576,WhiteDwarf
GALEX J165909.5+025804,4385294856286083712,WhiteDwarf
GALEX J185624.6+214342,4519341855057358336,WhiteDwarf
GALEX J212923.2+090937,1741834123017005184,WhiteDwarf
Gaia DR2 5521761619628730496,5521761619628730496,WhiteDwarf
Gaia DR2 5615199354702326016,5615199354702326016,WhiteDwarf
2QZ J012200.6-305203,5028544686500198144,WhiteDwarf
SDSS J102727.51+652312.6,1053717449515782784,WhiteDwarf
SDSS J162711.42-054757.9,4352559818142869760,WhiteDwarf
GALEX J004405.7-442851,4979731489828048000,WhiteDwarf
GALEX J170110.7+010648,4381754634999776768,WhiteDwarf
GALEX J080709.1+332526,902357304446687232,WhiteDwarf
GALEX J211350.2-652620,6401231936701995264,WhiteDwarf
GALEX J141415.1+345653,1479376028837934464,WhiteDwarf
Gaia DR2 5719088226984714112,5719088226986663808,WhiteDwarf
GALEX J224901.1-605738,6395082303745228928,WhiteDwarf
Gaia DR2 3169911264333141632,3169911264333141632,WhiteDwarf
SBSS 1509+536,1599195548992459008,WhiteDwarf
GALEX J044924.2-581041,4774436244967215360,WhiteDwarf
GALEX J122532.8+304012,4012097073393800832,WhiteDwarf
Gaia DR2 1142428555905843072,1142428555905843072,WhiteDwarf
GALEX J172037.6+534008,1419257619248380160,WhiteDwarf
GALEX J074204.7+434836,925185708460455936,WhiteDwarf
GALEX J042225.3+292029,165036111213672832,WhiteDwarf
GALEX J031828.9+755726,548205884747641216,WhiteDwarf
GALEX J112037.0+371731,763924839140045184,WhiteDwarf
Gaia DR2 3346524412647596032,3346524412647596032,WhiteDwarf
GALEX J172859.3+043945,4389635522031068288,WhiteDwarf
Gaia DR2 5765976453666065280,5765976453666065280,WhiteDwarf
2QZ J121056.7-010324,3697882355555423872,WhiteDwarf
Gaia DR2 6426127491295074304,6426127491295074304,WhiteDwarf
Gaia DR2 2090128345491751808,2090128345491751808,WhiteDwarf
Gaia DR2 5542786897591646464,5542786897591646464,WhiteDwarf
SDSS J081655.80+430920.8,927911191626569088,WhiteDwarf
GALEX J104631.8+655147,1058869726643672832,WhiteDwarf
BD-00  2378B,3803142859993965952,WhiteDwarf
GALEX J204617.4-145726,6887273182064168576,WhiteDwarf
GALEX J014634.3-600324,4716089767086297728,WhiteDwarf
UCAC4 653-068918,2103614787618232192,WhiteDwarf
LSPM J0708+3404,891366276977912448,WhiteDwarf
GALEX J192650.4-201825,6773268811413532032,WhiteDwarf
GALEX J125403.9+480354,1555230060431133312,WhiteDwarf
GALEX J114303.8+361843,4032303245253790336,WhiteDwarf
Gaia DR2 6665916791037683072,6665916791037683072,WhiteDwarf
Gaia DR2 4333793186176563456,4333793186176563456,WhiteDwarf
GALEX J200618.0-072117,4216807652947501696,WhiteDwarf
GALEX J164906.3+385833,1352470529902924032,WhiteDwarf
GALEX J223620.6-210750,6628148016866624768,WhiteDwarf
GALEX J030819.8+362929,139331247344776832,WhiteDwarf
Gaia DR3 5308190836101463680,5308190836101463680,WhiteDwarf
GALEX J074331.7+765551,1136835035313673984,WhiteDwarf
SDSS J152149.02+043928.2,1155921079702524160,WhiteDwarf
Gaia DR2 1763548824831178752,1763548824831178752,WhiteDwarf
HS 0742+2306,674965174402448000,WhiteDwarf
Gaia DR2 2918572256371329024,2918572256371329024,WhiteDwarf
GALEX J160935.7+065510,4450425359563998720,WhiteDwarf
Gaia DR2 2986955553127730560,2986955553127730560,WhiteDwarf
GALEX J051053.3-252242,2959470511212134016,WhiteDwarf
GALEX J210117.5-470511,6483001001552966144,WhiteDwarf
SDSS J142526.80+030200.7,3668268036358278272,WhiteDwarf
GALEX J051448.4+252846,3420594933303185024,WhiteDwarf
GALEX J123348.7+331556,1517741150625192192,WhiteDwarf
Gaia DR2 265392557571108608,265392557571108608,WhiteDwarf
Gaia DR2 1697459173748606720,1697459173748606720,WhiteDwarf
GALEX J204313.2-572812,6467919073570555392,WhiteDwarf
Gaia DR2 6309673198275601280,6309673198275601280,WhiteDwarf
GALEX J180958.3+801110,2294424065563956096,WhiteDwarf
GALEX J211608.9+261229,1847620988582287488,WhiteDwarf
GALEX J205050.4-612236,6454251250683840896,WhiteDwarf
Gaia DR2 4602981700266459648,4602981700266459648,WhiteDwarf
GALEX J095618.2-205928,5670164696889033344,WhiteDwarf
HE 1335-0332,3634151534873010176,WhiteDwarf
GALEX J193707.8-435347,6687969863260300416,WhiteDwarf
Gaia DR2 2980297121165385344,2980297121165385344,WhiteDwarf
SDSS J003740.04+384253.6,368507403723744640,WhiteDwarf
Gaia DR2 2160724688576390016,2160724688576390016,WhiteDwarf
GALEX J160303.5+210057,1205849971440202624,WhiteDwarf
LP  886-43,5065611697758431360,WhiteDwarf
GALEX J230931.5-491607,6503037543680344320,WhiteDwarf
GALEX J001831.2-671155,4706741757881272960,WhiteDwarf
Gaia DR2 3249816936145851008,3249816936145851008,WhiteDwarf
2QZ J215320.1-290540,6617765152471185280,WhiteDwarf
Gaia DR2 3783141506534958720,3783141506534958720,WhiteDwarf
SDSS J155117.00+251230.5,1219825863742094720,WhiteDwarf
Gaia DR2 4605418943886869504,4605418943886869504,WhiteDwarf
Gaia DR2 2064204953685835136,2064204953685835136,WhiteDwarf
SDSS J174620.14+253309.1,4582144374372352640,WhiteDwarf
GALEX J113236.0-412217,5382802217664542336,WhiteDwarf
GALEX J061717.3+680450,1105320347706649344,WhiteDwarf
SDSS J203639.83-003943.1,4226568193761131520,WhiteDwarf
GALEX J201017.5-323810,6700473372050673664,WhiteDwarf
SDSS J214249.28+104733.0,1765750395001907072,WhiteDwarf
GALEX J024548.2-344902,5050507499984459520,WhiteDwarf
GALEX J204423.5-070533,6907072019226512128,WhiteDwarf
Gaia DR2 52466220976727296,52466220976727296,WhiteDwarf
GALEX J195445.8-102408,4190308048330992768,WhiteDwarf
GALEX J093247.9+270223,646257028880402432,WhiteDwarf
GALEX J232222.2+010122,2645656286188152832,WhiteDwarf
GALEX J013523.4-255526,5036901181029369216,WhiteDwarf
UVEX J052847.75+322330.3,3448932818284571392,WhiteDwarf
Gaia DR2 5419933408234122368,5419933408234122368,WhiteDwarf
SDSS J222132.59+244636.3,1878953187324368000,WhiteDwarf
SDSS J155044.29+160328.7,1196295211098415616,WhiteDwarf
Gaia DR2 3251221557955177472,3251221557955177472,WhiteDwarf
Gaia DR2 784883699723691776,784883699723691776,WhiteDwarf
Gaia DR2 1457566425425163008,1457566425425140864,WhiteDwarf
GALEX J010309.0+170752,2784593358612845568,WhiteDwarf
GALEX J094949.2+215103,640393646902548224,WhiteDwarf
Gaia DR2 2936343727230443904,2936343727230443904,WhiteDwarf
GALEX J065446.3+394005,950362944188886656,WhiteDwarf
LSPM J0257+0620,7158988928491776,WhiteDwarf
GALEX J100843.2+562044,1045097553231935232,WhiteDwarf
USNO-A2.0 0300-37836491,6491086500825876224,WhiteDwarf
GALEX J012109.0+241529,293598501156237568,WhiteDwarf
GALEX J003958.5+250937,2806780850426323200,WhiteDwarf
GALEX J115639.4+661009,864681026692640512,WhiteDwarf
SDSS J123159.26+475100.6,1543739962062150400,WhiteDwarf
Gaia DR2 225219121411216512,225219121412088832,WhiteDwarf
GALEX J214143.3-644242,6402296023440136832,WhiteDwarf
Gaia DR2 2162966871961970560,2162966871961970560,WhiteDwarf
Gaia DR2 5955609700852610048,5955609700852610048,WhiteDwarf
Gaia DR2 1336306781260986752,1336306781260986752,WhiteDwarf
GALEX J162516.2+331710,1325646328835076480,WhiteDwarf
Gaia DR2 2097798439827620224,2097798439827620224,WhiteDwarf
Gaia DR2 214932464278691328,214932464278691328,WhiteDwarf
Gaia DR2 5325872662379231104,5325872662379231104,WhiteDwarf
GALEX J080224.3+782723,1138536181664689152,WhiteDwarf
Gaia DR2 6060155187750756096,6060155187750756096,WhiteDwarf
GALEX J034652.9+031232,3271461917754949248,WhiteDwarf
GALEX J030328.2+065327,7615286253641856,WhiteDwarf
SDSS J205255.04+171404.1,1764636757228052736,WhiteDwarf
Gaia DR2 5327366829961187328,5327366829961187328,WhiteDwarf
Gaia DR2 4441836520186208256,4441836520186208256,WhiteDwarf
GALEX J013826.6-072743,2477709973854018944,WhiteDwarf
Gaia DR3 1978381581444016128,1978381581444016128,WhiteDwarf
Gaia DR2 2005209733901277824,2005209733901277824,WhiteDwarf
SDSS J104115.09+224943.6,722935462268077056,WhiteDwarf
Gaia DR2 1293407827571101440,1293407827571542528,WhiteDwarf
GALEX J220507.0+115305,2728225726784262656,WhiteDwarf
JL 131,6378433631820188928,WhiteDwarf
GALEX J201322.3+762643,2290375835549447680,WhiteDwarf
GALEX J055913.3-384419,2883616303523651840,WhiteDwarf
Gaia DR2 426144735271215616,426144735271215616,WhiteDwarf
GALEX J165818.8+632819,1631619764642630400,WhiteDwarf
Gaia DR2 3240945728441286528,3240945728441286528,WhiteDwarf
Gaia DR2 541886403010045440,541886403010045440,WhiteDwarf
Gaia DR2 5584928944896443776,5584928944896443776,WhiteDwarf
GALEX J085403.2+361121,717088499951746816,WhiteDwarf
SDSS J000528.70+193457.4,2798285095877328512,WhiteDwarf
SDSS J083412.00+045446.7,3092535920961715456,WhiteDwarf
Gaia DR2 6266602475957886208,6266602475957886208,WhiteDwarf
Gaia DR2 4964652546846373248,4964652546846373248,WhiteDwarf
GALEX J110524.5-101820,3758715516421595264,WhiteDwarf
GALEX J131930.1+241020,1446192252514736640,WhiteDwarf
GALEX J081444.5-753619,5213647610772739200,WhiteDwarf
Gaia DR3 4124042990785272960,4124042990785272960,WhiteDwarf
GALEX J161007.9+200550,1204759732645570688,WhiteDwarf
Gaia DR2 181632934295413632,181632934295413632,WhiteDwarf
GALEX J053751.5-252706,2909213724491882112,WhiteDwarf
Gaia DR2 2164488389916739712,2164488389916739712,WhiteDwarf
Gaia DR2 5992626963163361024,5992626963163361024,WhiteDwarf
Gaia DR2 2042372879009386880,2042372879009386880,WhiteDwarf
GALEX J231542.4+370531,1916511989132229504,WhiteDwarf
Gaia DR2 5537498998274817152,5537498998274817152,WhiteDwarf
Gaia DR2 5218665713124187520,5218665713124187520,WhiteDwarf
Gaia DR2 2947638052409611392,2947638052409611392,WhiteDwarf
Gaia DR2 6347090644121156736,6347090644121156736,WhiteDwarf
GALEX J093902.4-343813,5436955463140976640,WhiteDwarf
Gaia DR2 6366963492159612032,6366963492159612032,WhiteDwarf
2QZ J235258.7-305641,2326744175502052864,WhiteDwarf
Gaia DR2 3253942058959814016,3253942058959814016,WhiteDwarf
GALEX J035557.8+291452,167136796898294272,WhiteDwarf
GALEX J084357.8-142220,5734444586191233536,WhiteDwarf
Gaia DR2 5558274682795827072,5558274682795827072,WhiteDwarf
Gaia DR2 1744912343257520000,1744912343257520000,WhiteDwarf
Gaia DR2 5935149820999504640,5935149820999504640,WhiteDwarf
2QZ J105006.1-022227,3802363581127912832,WhiteDwarf
Gaia DR2 211615963549204480,211615963549204480,WhiteDwarf
Gaia DR3 5868847826742042752,5868847826742042752,WhiteDwarf
Gaia DR2 5436081454477043072,5436081454477043072,WhiteDwarf
Gaia DR2 2897046597538732672,2897046597538732672,WhiteDwarf
GALEX J200030.6-622951,6442499185073033472,WhiteDwarf
SDSS J083515.93+092954.6,599736348312319360,WhiteDwarf
GALEX J084648.7-204847,5704144141673012608,WhiteDwarf
GALEX J212713.3-035219,2672311196825177984,WhiteDwarf
SDSS J001324.33-085021.4,2429275627657294464,WhiteDwarf
GALEX J113113.8-364028,5398152976240648192,WhiteDwarf
GALEX J022734.5-775851,4632909822659080448,WhiteDwarf
LEHPM 2643,4745205698279549312,WhiteDwarf
GALEX J005415.1-014213,2535622075923342592,WhiteDwarf
Gaia DR2 2001714042816879488,2001714042816879488,WhiteDwarf
GALEX J220540.5-724714,6383031136612787200,WhiteDwarf
GALEX J121922.6+490709,1547271039354966528,WhiteDwarf
GALEX J122720.3+194239,3948972117978328704,WhiteDwarf
Gaia DR2 5592822231502365056,5592822231502365056,WhiteDwarf
GALEX J021546.6-590524,4714890646576434176,WhiteDwarf
GALEX J054607.5+400816,191718406562279552,WhiteDwarf
Gaia DR2 4271781481989889024,4271781481989889024,WhiteDwarf
GALEX J070556.6+852034,1150240040561902080,WhiteDwarf
GALEX J104322.6-343128,5444454372959831424,WhiteDwarf
Gaia DR2 1977579552135625728,1977579552135625728,WhiteDwarf
GALEX J155637.1+205842,1204582402035383552,WhiteDwarf
GALEX J231837.4-400224,6548441940772920960,WhiteDwarf
BPS CS 22951-0067,6565941703417200128,WhiteDwarf
Gaia DR2 3115110092975435776,3115110092975435776,WhiteDwarf
SDSS J223125.22+013727.5,2702619273499324416,WhiteDwarf
GALEX J200055.4-624453,6442480733893328896,WhiteDwarf
Gaia DR2 1877088553041925888,1877088553041925888,WhiteDwarf
GALEX J165024.2+111839,4447815222037639424,WhiteDwarf
Gaia DR2 1781165651101333760,1781165651101333760,WhiteDwarf
SDSS J154232.04+225034.9,1217946076815167104,WhiteDwarf
Gaia DR2 4527515620182593408,4527515620182593408,WhiteDwarf
GALEX J134107.3+221647,1443411828126496512,WhiteDwarf
LSPM J1147+2218,3979704120809463808,WhiteDwarf
SDSS J013524.56+085115.6,2572713104253752448,WhiteDwarf
GALEX J135105.3+363343,1495293791821068800,WhiteDwarf
GALEX J091827.9+305237,699108388163883008,WhiteDwarf
GALEX J101313.6+260521,739156660391753344,WhiteDwarf
GALEX J190645.5+582531,2155123123510644352,WhiteDwarf
Gaia DR2 5622469742204273152,5622469742204273152,WhiteDwarf
GALEX J195309.4-284445,6753376820697045632,WhiteDwarf
SDSS J145139.84+195816.5,1237221202843083520,WhiteDwarf
SDSS J230337.08+133335.2,2815192526695524480,WhiteDwarf
SDSS J163705.58+510559.6,1411873672817879936,WhiteDwarf
Gaia DR2 5318079568773667712,5318079568773667712,WhiteDwarf
GALEX J095947.1+184554,626652156736743680,WhiteDwarf
SDSS J212606.75+104923.5,1745342046146107520,WhiteDwarf
GALEX J130128.6+601658,1579398017500013056,WhiteDwarf
GALEX J181939.8-712401,6419282034981576576,WhiteDwarf
Gaia DR2 2348005294409372416,2348005294409372416,WhiteDwarf
GALEX J223943.3+482443,1986914852531343744,WhiteDwarf
GALEX J150522.6-384035,6197844619393637632,WhiteDwarf
2QZ J223625.3-310445,6607917239138078720,WhiteDwarf
Gaia DR2 2626820689931584384,2626820689931584384,WhiteDwarf
GALEX J095541.0+421431,807856925739123456,WhiteDwarf
Gaia DR2 2132083097867949696,2132083097867949696,WhiteDwarf
Gaia DR2 3208310711500041728,3208310711500041728,WhiteDwarf
2QZ J145038.3-004538,3650627716615407616,WhiteDwarf
Gaia DR2 3037445814271097216,3037445814271097216,WhiteDwarf
GALEX J024109.0+325554,133761812930327808,WhiteDwarf
GALEX J142129.9+214722,1252685559010039424,WhiteDwarf
GALEX J110822.5+120829,3964639029098096768,WhiteDwarf
GALEX J190431.4+432622,2105668224364654464,WhiteDwarf
GALEX J130723.8-181727,3510695757966461824,WhiteDwarf
Gaia DR2 1893983476916552448,1893983476916552448,WhiteDwarf
GALEX J084627.8+270020,703281726281990272,WhiteDwarf
Gaia DR2 3041629009336133248,3041629009336133248,WhiteDwarf
GALEX J015209.7+121945,2575516721465083904,WhiteDwarf
Gaia DR3 5860163196734169472,5860163196734169472,WhiteDwarf
Gaia DR2 2901086134538990976,2901086134538990976,WhiteDwarf
GALEX J013355.7-544833,4912592354898384896,WhiteDwarf
GALEX J142006.4+591333,1612131264637280384,WhiteDwarf
GALEX J043925.0-184853,2978660287651776000,WhiteDwarf
Gaia DR2 5653815543101195520,5653815543101195520,WhiteDwarf
GALEX J082605.5+115124,601226740619573504,WhiteDwarf
GALEX J201210.0-161002,6874469953278568448,WhiteDwarf
GALEX J131736.6+334037,1472777275443966592,WhiteDwarf
GALEX J220744.3-545727,6508914978790423296,WhiteDwarf
GALEX J044715.1-201257,2977472952532388736,WhiteDwarf
Gaia DR3 6061843659642419072,6061843659642419072,WhiteDwarf
GALEX J064254.3+464308,966446325402574336,WhiteDwarf
LSPM J2307+6804,2213204962686283776,WhiteDwarf
GALEX J011518.2-112507,2469005380815172224,WhiteDwarf
SDSS J141140.30+162123.5,1232908123669385216,WhiteDwarf
GALEX J013500.6-764521,4636799241963540992,WhiteDwarf
GALEX J114246.5+205221,3979498031099140736,WhiteDwarf
GALEX J165359.8+062222,4441007660216706304,WhiteDwarf
Gaia DR2 6633867985598635904,6633867985598635904,WhiteDwarf
Gaia DR2 4555442700133170560,4555442700133170560,WhiteDwarf
SDSS J223811.11+021352.9,2702895074823862784,WhiteDwarf
Gaia DR2 4224699230153058944,4224699230153058944,WhiteDwarf
Gaia DR2 5825538716559769344,5825538716559769344,WhiteDwarf
Gaia DR2 4499010678156548224,4499010678156548224,WhiteDwarf
SDSS J235535.85+265742.7,2854273774151316864,WhiteDwarf
PG 1336+124,3738752645868410752,WhiteDwarf
Gaia DR2 5892420664522589440,5892420664522589440,WhiteDwarf
Gaia DR2 5289514699066369536,5289514699066369536,WhiteDwarf
Gaia DR2 3231208075508427648,3231208075508427648,WhiteDwarf
GALEX J130149.0+131144,3737424259729387264,WhiteDwarf
Gaia DR2 5246540325761561600,5246540325761561600,WhiteDwarf
GALEX J203116.8-274427,6799432858822685056,WhiteDwarf
Gaia DR2 3001624103393835520,3001624103393835520,WhiteDwarf
GALEX J091809.6+175216,632169192552095360,WhiteDwarf
SDSS J163505.22+321511.6,1324732398450984064,WhiteDwarf
GALEX J090031.7+140518,605708964193665152,WhiteDwarf
GALEX J001434.1+045500,2741393203159701760,WhiteDwarf
GALEX J083659.4-230937,5701984941353633280,WhiteDwarf
Gaia DR2 3340007499857323648,3340007499857323648,WhiteDwarf
Gaia DR2 6607615698075072768,6607615698075072768,WhiteDwarf
GALEX J140640.6-270651,6270527221368815232,WhiteDwarf
SDSS J095634.23+424537.2,807920903572114304,WhiteDwarf
GALEX J190009.3+225339,4521013589456816384,WhiteDwarf
Gaia DR2 5693248535505141504,5693248535505141504,WhiteDwarf
Gaia DR2 6181988459131511424,6181988459131511424,WhiteDwarf
GALEX J121719.6-441405,6144645165898568448,WhiteDwarf
Gaia DR2 4381186428005681536,4381186428005681536,WhiteDwarf
GALEX J014308.5+171723,91607941572418432,WhiteDwarf
GALEX J114825.3-165331,3547336738148895744,WhiteDwarf
Gaia DR2 1546936998278024704,1546936998278024704,WhiteDwarf
Gaia DR2 1709799783021380096,1709799783021380096,WhiteDwarf
Gaia DR2 2953270846179452928,2953270846179452928,WhiteDwarf
Gaia DR2 3437473192706007296,3437473192706007296,WhiteDwarf
GALEX J010039.5+081401,2580742013037386880,WhiteDwarf
GALEX J102030.3+051543,3861312866259173120,WhiteDwarf
Gaia DR2 5511132606360213120,5511132606360213120,WhiteDwarf
GALEX J054739.6-172644,2967830858329735296,WhiteDwarf
GALEX J002622.8-263435,2322682682628766336,WhiteDwarf
GALEX J180555.0+583153,2152459457806776960,WhiteDwarf
2QZ J011543.3-301725,5029563177864975360,WhiteDwarf
GALEX J000217.1+322312,2874159644531724288,WhiteDwarf
2QZ J220739.8-310155,6613410021273320320,WhiteDwarf
Gaia DR3 6719666210801682944,6719666210801682944,WhiteDwarf
GALEX J075449.3+670201,1096101939139741184,WhiteDwarf
Gaia DR2 1075991635244641920,1075991635244641920,WhiteDwarf
SDSS J160859.38+575942.6,1623023645297995776,WhiteDwarf
GALEX J085814.7+295427,705558776207754368,WhiteDwarf
Gaia DR2 3464300627882861056,3464300627882861056,WhiteDwarf
GALEX J132428.2+282116,1449587956737228928,WhiteDwarf
GALEX J021326.7+001104,2507025393392376576,WhiteDwarf
PB  9192,5184048616016397312,WhiteDwarf
SDSS J105931.37+161557.7,3981788455553600384,WhiteDwarf
Gaia DR2 1403333044449894144,1403333044449894144,WhiteDwarf
Gaia DR2 1964044671373110144,1964044671373110144,WhiteDwarf
PG 1659+303,1309675239543737216,WhiteDwarf
GALEX J142234.4+002820,3654005858716838400,WhiteDwarf
SDSS J074544.32+185849.5,671699491725392128,WhiteDwarf
GALEX J073250.5+393634,900299774595482496,WhiteDwarf
Gaia DR2 4677146130382517632,4677146130382517632,WhiteDwarf
GALEX J034656.0-060201,3244502098800362752,WhiteDwarf
Gaia DR2 5260899462277150208,5260899462277150208,WhiteDwarf
GALEX J082610.7+243956,679480907314903040,WhiteDwarf
Gaia DR2 4773904497952620288,4773904497952620288,WhiteDwarf
SDSS J043917.78+104247.9,3294155047478816640,WhiteDwarf
Gaia DR2 6204555694773252992,6204555694773252992,WhiteDwarf
Ton  393,695032361121072256,WhiteDwarf
GALEX J111533.7-495349,5349929637501494144,WhiteDwarf
Gaia DR2 3623423148948812928,3623423148948812928,WhiteDwarf
GALEX J125211.3-095418,3626687530252471552,WhiteDwarf
GALEX J080536.3+482129,933057593239584000,WhiteDwarf
Gaia DR2 5731858088166046720,5731858088166046720,WhiteDwarf
GALEX J092433.2+052105,585513959248023936,WhiteDwarf
LP  637-13,1731752185504899200,WhiteDwarf
Gaia DR2 5694228539654925184,5694228539654925184,WhiteDwarf
GALEX J172443.1+042228,4389283747029998720,WhiteDwarf
SDSS J011516.97+334508.6,320055091678702592,WhiteDwarf
2QZ J003919.8-282725,2343002825740531456,WhiteDwarf
SDSS J003629.73+061128.4,2555483963204932480,WhiteDwarf
Gaia DR2 3175012418464287232,3175012418464287232,WhiteDwarf
Gaia DR2 2888692237609781760,2888692237609781760,WhiteDwarf
GALEX J220516.2+273056,1892893963972869760,WhiteDwarf
Gaia DR2 5639289723189238400,5639289723189238400,WhiteDwarf
Gaia DR2 5514626583738956928,5514626583738956928,WhiteDwarf
Gaia DR2 370830122037555456,370830122037555456,WhiteDwarf
SDSS J160625.19+052821.3,4449655456608233728,WhiteDwarf
Gaia DR2 230386546885708544,230386546885708544,WhiteDwarf
Gaia DR2 1830304264566268160,1830304264566268160,WhiteDwarf
GALEX J013756.4+712441,534135945548065664,WhiteDwarf
GALEX J045038.4-242302,4893979718984235008,WhiteDwarf
2QZ J095914.2-004010,3832843520918554112,WhiteDwarf
Gaia DR2 2520883710963362048,2520883710963362048,WhiteDwarf
GALEX J035649.9-680903,4667598796040356096,WhiteDwarf
SDSS J064543.13+271536.0,3385389606068550144,WhiteDwarf
Gaia DR2 6730475127368941184,6730475127368941184,WhiteDwarf
Gaia DR2 1936984208446835456,1936984208446835456,WhiteDwarf
GALEX J000757.7+223034,2847116297051972992,WhiteDwarf
Gaia DR2 4130720050023953152,4130720050023953152,WhiteDwarf
SDSS J235544.79+294619.4,2867316975650195968,WhiteDwarf
GALEX J221951.4-365403,6598018920069377280,WhiteDwarf
Gaia DR2 5982348350463858304,5982348350463858304,WhiteDwarf
Gaia DR2 1880934060602143872,1880934060602143872,WhiteDwarf
Gaia DR2 4349603162656331136,4349603162656331136,WhiteDwarf
GALEX J104109.7-195348,3553874846604260608,WhiteDwarf
GALEX J140420.3+470830,1509309580069018240,WhiteDwarf
GALEX J091050.5-292257,5635773416282728448,WhiteDwarf
Gaia DR2 5492806015265941632,5492806015265941632,WhiteDwarf
SDSS J205304.00+040725.5,1734526803097373824,WhiteDwarf
Gaia DR2 5589162988077240576,5589162988077240576,WhiteDwarf
Gaia DR2 2206846108987648896,2206846108987648896,WhiteDwarf
GALEX J103918.8+540724,850268181598808704,WhiteDwarf
Gaia DR2 1349954675499134080,1349954675499134080,WhiteDwarf
GALEX J195423.7+013705,4240599263505188736,WhiteDwarf
GALEX J210626.0-084421,6896675277792937984,WhiteDwarf
GALEX J090142.6-365225,5622449534375529600,WhiteDwarf
2QZ J131316.7+002122,3687771414129126656,WhiteDwarf
G 231-5,2183635178007956736,WhiteDwarf
Gaia DR2 4882107364226546816,4882107364226546816,WhiteDwarf
GALEX J225651.3+135718,2815973454829349760,WhiteDwarf
2QZ J115210.2+004526,3796115262705511424,WhiteDwarf
SDSS J085547.71+144415.5,608794743576716544,WhiteDwarf
Gaia DR2 4290916729525475840,4290916729525475840,WhiteDwarf
Gaia DR2 1108227628249111296,1108227628249111296,WhiteDwarf
GALEX J042155.2-291036,4885985994572363136,WhiteDwarf
Gaia DR2 6460866423738713600,6460866423738713600,WhiteDwarf
GALEX J141700.2+240235,1254163577515595264,WhiteDwarf
LP  460-27,2737921155893258496,WhiteDwarf
Gaia DR2 223022091017627904,223022091017627904,WhiteDwarf
Gaia DR2 5073543746055124352,5073543746055124352,WhiteDwarf
GALEX J191252.4-765319,6365469427656283392,WhiteDwarf
GALEX J091002.8+232220,687142540558021120,WhiteDwarf
PHL   886,2774977549607430528,WhiteDwarf
G 275-8,2386223463892847872,WhiteDwarf
HS 0727+6915,1108570336575480704,WhiteDwarf
Gaia DR2 5603481275172530688,5603481275172530688,WhiteDwarf
GALEX J143140.2+323226,1287037046745244544,WhiteDwarf
GALEX J093432.5+234656,644454246422993024,WhiteDwarf
GALEX J003153.8+001420,2543663770825935360,WhiteDwarf
GALEX J085123.8-230931,5653957723697660800,WhiteDwarf
Gaia DR2 622003692157759744,622003692157759744,WhiteDwarf
Gaia DR2 5504471666135409920,5504471666135409920,WhiteDwarf
SDSS J073023.72+445931.2,973574459284750720,WhiteDwarf
GALEX J021951.6-323955,4970619149773451136,WhiteDwarf
USNO-A2.0 0900-20312003,2658608945479880448,WhiteDwarf
SDSS J150950.82+234016.0,1263752384061982976,WhiteDwarf
GALEX J075124.3-015308,3082225693054595200,WhiteDwarf
SDSS J031815.43+034555.0,3269435517825091456,WhiteDwarf
HE 0103-3253,5027351170924256512,WhiteDwarf
UCAC4 846-015854,2291158417246140160,WhiteDwarf
GALEX J220355.5-301520,6616517000615300096,WhiteDwarf
WD 1153+128,3919722703497854720,WhiteDwarf_Candidate
GALEX J194933.4-504625,6669902791271605504,WhiteDwarf
LSPM J1453+5149,1593599855144838912,WhiteDwarf
GALEX J072738.1-654423,5287318699467020672,WhiteDwarf
GALEX J202934.8-034429,4219479878520245632,WhiteDwarf
Gaia DR2 141435648176017024,141435648176617728,WhiteDwarf
SDSS J105855.32+112440.2,3871463179649436544,WhiteDwarf
Gaia DR2 1833787964079578496,1833787964079578496,WhiteDwarf
SDSS J014722.57+180033.0,91754421432456192,WhiteDwarf
Gaia DR2 4938492828759244672,4938492828759244672,WhiteDwarf
GALEX J111633.3+595404,860897370958419328,WhiteDwarf
SDSS J163313.55+210838.7,1297299819559143808,WhiteDwarf
2MASS J03085045+5128225,439905192004402304,WhiteDwarf
Gaia DR2 6434328439291084416,6434328439291084416,WhiteDwarf
Gaia DR2 5701838534510652928,5701838534510652928,WhiteDwarf
Gaia DR2 970115399998362496,970115399998362496,WhiteDwarf
GALEX J092801.9+325123,701295282431740544,WhiteDwarf
Gaia DR2 565514770452954368,565514770452954368,WhiteDwarf
Gaia DR3 639792244106501248,639792244106501248,WhiteDwarf
GALEX J042806.4+000642,3254620736808973184,WhiteDwarf
Gaia DR2 1634639062228062848,1634639062228062848,WhiteDwarf
GALEX J101338.9+193308,625111255615003520,WhiteDwarf
GALEX J115549.0+365925,4033328952163693440,WhiteDwarf
SDSS J101302.63+403355.6,805026954607849472,WhiteDwarf
PM J06019+3726,3456777730670779776,WhiteDwarf
GALEX J210039.2+090537,1738310016450552448,WhiteDwarf
Gaia DR2 4579963497358360576,4579963497358360576,WhiteDwarf
LP  648-81,2477828308798036352,WhiteDwarf
SDSS J092205.11+391144.8,812367843990691840,WhiteDwarf
LP   69-102,1643583241427126656,WhiteDwarf
Gaia DR2 2948589503631708032,2948589503631708032,WhiteDwarf
GALEX J103836.1+301127,735462640624847616,WhiteDwarf
Gaia DR2 1585401552851516416,1585401552851516416,WhiteDwarf
Gaia DR2 1972179369499134848,1972179369499134848,WhiteDwarf
GALEX J161351.5+315614,1322422255801087616,WhiteDwarf
GALEX J104044.4+620914,1049025970843315456,WhiteDwarf
GALEX J150426.5+063545,1160324963073679488,WhiteDwarf
Gaia DR2 5418606469497409664,5418606469497409664,WhiteDwarf
GALEX J225426.3-130507,2603321240228150656,WhiteDwarf
GALEX J160844.5+193334,1201714944430160000,WhiteDwarf
Gaia DR2 4857153913474391552,4857153913474391552,WhiteDwarf
SDSS J141623.19+532926.4,1608241055059904384,WhiteDwarf
LB  2597,1566553007268519168,WhiteDwarf
Gaia DR2 3557040959056279680,3557040959056279680,WhiteDwarf
SDSS J085527.55+483113.4,1014142383899931392,WhiteDwarf
GALEX J205314.3-001608,4227320672031546240,WhiteDwarf
GALEX J122405.9+390648,1532197834450187648,WhiteDwarf
Gaia DR2 37731940530436096,37731940530436096,WhiteDwarf
Gaia DR2 5678188554791714176,5678188554791714176,WhiteDwarf
GALEX J014201.6-020219,2508520626126554112,WhiteDwarf
GALEX J050933.5+493208,261523273074386176,WhiteDwarf
GALEX J080531.6+463300,929802660864017664,WhiteDwarf
GALEX J040057.3+642631,488764121489639040,WhiteDwarf
GALEX J055756.8-584248,4765377231226743552,WhiteDwarf
GALEX J163319.2-000608,4383463688385283328,WhiteDwarf
2QZ J023347.4-303920,5067161974408814592,WhiteDwarf
GALEX J225038.8-095329,2608300206835464320,WhiteDwarf
GALEX J061229.4-283123,2897742450960792576,WhiteDwarf
Gaia DR2 6334903073122809088,6334903073122809088,WhiteDwarf
SDSS J081209.67+502507.5,935141373932959488,WhiteDwarf
GALEX J114920.1+184856,3974906642339980544,WhiteDwarf
SDSS J135036.04+072352.4,3721354935943260160,WhiteDwarf
Gaia DR2 4856572340542237312,4856572340542237312,WhiteDwarf
GALEX J071312.2+743112,1112326676316325888,WhiteDwarf
GALEX J131621.2-052726,3634916515792484352,WhiteDwarf
Gaia DR2 2856759048388052608,2856759048388052608,WhiteDwarf
GALEX J220130.2+680116,2220088940567600896,WhiteDwarf
LP  642-79,2645480299903701504,WhiteDwarf
GALEX J133810.6+131751,3740604223449596288,WhiteDwarf
LSPM J0713+0717,3153319809965626240,WhiteDwarf
GALEX J152651.2+531647,1596366260760023936,WhiteDwarf
Gaia DR2 3863972962844807040,3863972962844807040,WhiteDwarf
GALEX J113910.7+364045,765677838631361792,WhiteDwarf
Gaia DR2 4307667617377160704,4307667617377160704,WhiteDwarf
GALEX J204913.5-633640,6450418623730392320,WhiteDwarf
Gaia DR2 6279037746309619968,6279037746309619968,WhiteDwarf
GALEX J114941.8+415957,769555300746971776,WhiteDwarf
Gaia DR2 5333140644734165376,5333140644734165376,WhiteDwarf
Gaia DR2 4791083125889805824,4791083125889805824,WhiteDwarf
GALEX J080734.5+075454,3097874492296925696,WhiteDwarf
Lan  88,2081754602374612736,WhiteDwarf
Gaia DR3 6056782195292720512,6056782195292720512,WhiteDwarf
Gaia DR2 5246219745096429056,5246219745096429056,WhiteDwarf
SDSS J210255.99+155030.1,1763407434507389568,WhiteDwarf
Gaia DR2 3287789429206514304,3287789429206514304,WhiteDwarf
Gaia DR2 6714085910120239232,6714085910120239232,WhiteDwarf
Gaia DR2 6793962646736502784,6793962651035166848,WhiteDwarf
Gaia DR2 6098964336119041664,6098964336119041664,WhiteDwarf
Gaia DR2 6077540592568896256,6077540592568896256,WhiteDwarf
GALEX J215957.5+211508,1782375934230939264,WhiteDwarf
2QZ J122119.0+013238,3700200263506238848,WhiteDwarf
Gaia DR2 4675554278063827456,4675554278063827456,WhiteDwarf
GALEX J221440.1+041716,2707852669674329472,WhiteDwarf
GALEX J103008.1+504052,847306578309913856,WhiteDwarf
GALEX J185733.6-695926,6421109010989981440,WhiteDwarf
GALEX J020259.5+130440,76693066341793664,WhiteDwarf
SDSS J082018.16+451848.2,928570628021651328,WhiteDwarf
SDSS J140832.02+625311.4,1667559638658947200,WhiteDwarf
Gaia DR2 2714413661715733504,2714413661715733504,WhiteDwarf
GALEX J192232.1+695845,2261786299843675392,WhiteDwarf
Gaia DR2 2102546092379438080,2102546092379438080,WhiteDwarf
Gaia DR2 5290326173007726464,5290326173007726464,WhiteDwarf
SDSS J021016.92-125311.3,5151008051083531392,WhiteDwarf
Gaia DR2 6066238407603801856,6066238407603801856,WhiteDwarf
Gaia DR2 5209089203065693184,5209089203065693184,WhiteDwarf
SDSS J161212.05+245733.0,1303111253908912512,WhiteDwarf
GALEX J023622.9-375207,4953482161543057152,WhiteDwarf
GALEX J205244.8-642017,6450319908202491776,WhiteDwarf
Gaia DR2 5908467864932320768,5908467864932320768,WhiteDwarf
GALEX J105728.7+331233,737348131267877504,WhiteDwarf
GALEX J004311.0-260440,2343883637634237184,WhiteDwarf
SDSS J092238.40+324518.1,700872314052432000,WhiteDwarf
Gaia DR2 5995779739705590912,5995779739705590912,WhiteDwarf
GALEX J160629.5+530446,1428776465071635200,WhiteDwarf
GALEX J032154.9-635843,4672411431450554368,WhiteDwarf
Gaia DR2 2306950286142999168,2306950286142999168,WhiteDwarf
LSPM J2149+2140,1793120808535107072,WhiteDwarf
SBSS 1051+516,836369328128006144,WhiteDwarf
SDSS J153808.34+125859.1,1193630377165571584,WhiteDwarf
GALEX J020224.7-071240,2466468158950231552,WhiteDwarf
Gaia DR2 5327260727088902144,5327260727088902144,WhiteDwarf
Gaia DR2 5251020938718347264,5251020938718347264,WhiteDwarf
GALEX J213455.7+104119,1742547431184160256,WhiteDwarf
GALEX J110854.2-145146,3563034156420603904,WhiteDwarf
GALEX J154218.0+250810,1221314907426518784,WhiteDwarf
SDSS J174755.72+251232.3,4581930175763914496,WhiteDwarf
GALEX J173213.0+170242,4550185935039440384,WhiteDwarf
Gaia DR2 5924344404838997632,5924344404838997632,WhiteDwarf
GALEX J073953.1+781632,1138648160051818112,WhiteDwarf
GALEX J042606.0-890225,4611751645528157440,WhiteDwarf
SDSS J103854.62+334302.7,750134042749528960,WhiteDwarf
GALEX J115245.1-445116,5378194709892982784,WhiteDwarf
Gaia DR2 420499151073048576,420499151073048576,WhiteDwarf
Gaia DR3 6916037613133336448,6916037613133336448,WhiteDwarf
GALEX J180344.4+155645,4501603670170410880,WhiteDwarf
Gaia DR2 5885954161767133824,5885954161767133824,WhiteDwarf
GALEX J033801.8-241252,5085620408114470400,WhiteDwarf
GALEX J140600.9-212301,6289324472156680192,WhiteDwarf
GALEX J015817.1-563248,4719271861112420224,WhiteDwarf
Gaia DR2 2045575726326014720,2045575726326014720,WhiteDwarf
GALEX J160600.2+043237,4425526742657004288,WhiteDwarf
GALEX J083834.2+643755,1092250143749074816,WhiteDwarf
GALEX J081754.8-655702,5276006614603120896,WhiteDwarf
GALEX J045114.2-091951,3184818619076054528,WhiteDwarf
GALEX J054331.9-383515,4808392290769932288,WhiteDwarf
SDSS J011421.17+350547.1,320947998199092992,WhiteDwarf
GALEX J180244.2+283206,4584276430498996736,WhiteDwarf
LSPM J1640+0345B,4434222196004715904,WhiteDwarf
GALEX J090707.3+253312,688417016269720704,WhiteDwarf
GALEX J025756.4-523408,4747143273989752960,WhiteDwarf
SDSS J074505.01+452322.6,926875833926747008,WhiteDwarf
LP  405-49,2801525356645366016,WhiteDwarf
LSPM J0340+4959,249816532255072384,WhiteDwarf
GALEX J000737.1-090628,2429032635587173632,WhiteDwarf
Ton  100,3903393826249505024,WhiteDwarf
SBSS 1525+491,1594333401199299712,WhiteDwarf
GALEX J000341.2-063237,2442027935315128832,WhiteDwarf
Gaia DR2 5567156915680783744,5567156915680783744,WhiteDwarf
Gaia DR2 2168598600580837888,2168598600580837888,WhiteDwarf
GALEX J234109.6-020541,2640071767847087488,WhiteDwarf
SDSS J111434.50+190526.9,3972158069428914048,WhiteDwarf
GALEX J142500.7+033702,3668513369185152256,WhiteDwarf
Gaia DR2 5616761936821081088,5616761936821081088,WhiteDwarf
Gaia DR2 4765505496131187712,4765505496131187712,WhiteDwarf
SDSS J020142.48+275041.9,299577782827882112,WhiteDwarf
GALEX J205449.7+222105,1839030882192467712,WhiteDwarf
Ton  235,1222150059528734464,WhiteDwarf
GALEX J145301.9+444824,1586712754827146368,WhiteDwarf
LSPM J0151+3613,342346861002471296,WhiteDwarf
SDSS J122656.13+620356.2,1583348322261109504,WhiteDwarf
GALEX J093827.8+184322,633393086432770432,WhiteDwarf
SDSS J150749.70+100544.2,1168024641140007168,WhiteDwarf
Gaia DR2 3178296174364952576,3178296174364952576,WhiteDwarf
Gaia DR2 2901082221826213632,2901082221826213632,WhiteDwarf
SDSS J082358.91+294533.7,708348718245532672,WhiteDwarf
GALEX J044641.4+101511,3293223142655086720,WhiteDwarf
GALEX J213811.6-360604,6589457091743448832,WhiteDwarf
GALEX J151627.4+455405,1395513352113706752,WhiteDwarf
GALEX J102659.0+531737,848812771801027840,WhiteDwarf
LSPM J1421+0709,3673479966286848640,WhiteDwarf
SDSS J233615.93+241539.8,2828248471361734528,WhiteDwarf
Gaia DR2 2044532216766182016,2044532216766182016,WhiteDwarf
L  395-13 B,5389590533737966208,WhiteDwarf
Gaia DR2 5198283546386607360,5198283546386607360,WhiteDwarf
Gaia DR2 5274348624085588224,5274348624085588224,WhiteDwarf
Gaia DR2 2224273127767368832,2224273127767368832,WhiteDwarf
GALEX J000012.3-005044,2449844432195860352,WhiteDwarf
GALEX J003844.4-521622,4925125760959753600,WhiteDwarf
2QZ J031353.0-283615,5059454402198831104,WhiteDwarf
Gaia DR2 5516075568260814336,5516075568260814336,WhiteDwarf
SDSS J000319.61-074001.9,2441797793787622784,WhiteDwarf
Gaia DR2 5845272953093003520,5845272953093003520,WhiteDwarf
SDSS J160658.48+175014.3,1199770492476158336,WhiteDwarf
UCAC4 541-075482,4524096624361903744,WhiteDwarf
Gaia DR2 5839531956212156032,5839531956212156032,WhiteDwarf
SDSS J134604.56+091951.2,3725169927758397312,WhiteDwarf
GALEX J174841.3-654249,5812927485662429952,WhiteDwarf
Gaia DR2 3457742659499327232,3457742659499327232,WhiteDwarf
GALEX J225759.4-090646,2606912279563864192,WhiteDwarf
Gaia DR2 6030844234968554368,6030844234968554368,WhiteDwarf
GALEX J091726.7+403250,815724824788789632,WhiteDwarf
GALEX J073246.3-803020,5207230478658810880,WhiteDwarf
GALEX J234031.2+312136,2871243808413440640,WhiteDwarf
Gaia DR2 6068991103694550912,6068991103694550912,WhiteDwarf
GALEX J184704.2+683324,2259160322479563008,WhiteDwarf
GALEX J173213.4+225816,4557058295032026240,WhiteDwarf
Gaia DR2 4318704274597680640,4318704274597680640,WhiteDwarf
Gaia DR2 5417223906644382848,5417223906644382848,WhiteDwarf
SDSS J000614.03+284240.3,2860163033308729856,WhiteDwarf
Gaia DR3 4484033921036658944,4484033921036658944,WhiteDwarf
GALEX J154544.0+311529,1369323191297826944,WhiteDwarf
GALEX J093034.1+194713,634149000677149440,WhiteDwarf
GALEX J205112.4-024324,6916704703158949632,WhiteDwarf
SDSS J020406.87-101211.2,2461697098824040320,WhiteDwarf
Gaia DR2 4307159608644322304,4307159608644322304,WhiteDwarf
G 137-24,1193520666521113344,WhiteDwarf
GALEX J023253.2-080143,5178026796989365120,WhiteDwarf
GALEX J081736.2+473738,931185090577951488,WhiteDwarf
GALEX J191648.3-144634,4185123198171251712,WhiteDwarf
GALEX J102748.9+030715,3857054492084167424,WhiteDwarf
Gaia DR2 499330737464420224,499330737464420224,WhiteDwarf
Gaia DR2 2932666582393510528,2932666582393510528,WhiteDwarf
2QZ J102649.3+003904,3831344955289292800,WhiteDwarf
GALEX J011535.7-140214,2455865186071122432,WhiteDwarf
Gaia DR2 938297006665684608,938297006665684608,WhiteDwarf
GALEX J085730.5-082521,5755939286893751552,WhiteDwarf
GALEX J092743.0+374957,811290769272322944,WhiteDwarf
GALEX J193614.0+571025,2142205304993627392,WhiteDwarf
GALEX J210929.2+170927,1763930973839416192,WhiteDwarf
Gaia DR2 1109404316146065024,1109404316146065024,WhiteDwarf
LBQS 1136-0132,3793774952206250240,WhiteDwarf
Gaia DR2 5250051925392815872,5250051925392815872,WhiteDwarf
PG 1210+141,3920848710779658880,WhiteDwarf
Gaia DR2 6086999244427769600,6086999244427769600,WhiteDwarf
GALEX J223801.5-682927,6385652131814865792,WhiteDwarf
Gaia DR2 1811708018242693632,1811708018242693632,WhiteDwarf
GALEX J074452.4+192524,671935332673671552,WhiteDwarf
Gaia DR2 1112413365936412288,1112413365936412288,WhiteDwarf
Gaia DR2 5321871780086747520,5321871780086747520,WhiteDwarf
GALEX J110053.2-135020,3564317698806660480,WhiteDwarf
GALEX J104703.7+214338,3989183732107032320,WhiteDwarf
Gaia DR2 4669096094655920000,4669096094656361344,WhiteDwarf
Gaia DR2 5256997196725681280,5256997196725681280,WhiteDwarf
Gaia DR2 1945807583101648384,1945807583101648384,WhiteDwarf
GALEX J084752.8+434618,914110259113546240,WhiteDwarf
GALEX J024209.7-415810,4948650018394764928,WhiteDwarf
GALEX J204804.0-310525,6794121594887432320,WhiteDwarf
2QZ J121633.8-014122,3694609792338557952,WhiteDwarf
Gaia DR2 2895187220296743808,2895187220296743808,WhiteDwarf
GALEX J113725.6+463823,786245066918092416,WhiteDwarf
GALEX J194930.2-580626,6447419499608030464,WhiteDwarf
GALEX J222425.1+350658,1905693241392359552,WhiteDwarf
LP  887-72,5060147300680412800,WhiteDwarf
LP   18-535,1127701323501940224,WhiteDwarf
PB  3669,1284637637495863168,WhiteDwarf
GALEX J223842.5+080226,2715965519298783232,WhiteDwarf
GALEX J205204.5+222116,1838995732181654912,WhiteDwarf
GALEX J101203.6+193236,625206466449761536,WhiteDwarf
SDSS J080631.55-085051.0,3039509700677498496,WhiteDwarf
Gaia DR2 3045630445690211200,3045630445690211200,WhiteDwarf
SDSS J183039.61+212243.2,4528979383700887936,WhiteDwarf
Gaia DR2 4635567479702399872,4635567479702399872,WhiteDwarf
SDSS J111828.40+635601.2,1054668462649393792,WhiteDwarf
SDSS J023618.85+060122.8,18346244863282048,WhiteDwarf
GALEX J011759.6+250118,294447495931751424,WhiteDwarf
FBS 1648+407,1353169686155129344,WhiteDwarf
GALEX J204013.8-082531,6906445675555801984,WhiteDwarf
GALEX J152921.2+510220,1595191157707767936,WhiteDwarf
Gaia DR2 4225231080246096384,4225231080246096384,WhiteDwarf
Gaia DR2 1412191775275963392,1412191775275963392,WhiteDwarf
Gaia DR2 3034894466257451776,3034894466257451776,WhiteDwarf
SDSS J094627.81+313210.6,792873124873080320,WhiteDwarf
Gaia DR2 5601639936796261120,5601639936796261120,WhiteDwarf
GALEX J234844.8+344457,2878250892937888256,WhiteDwarf
GALEX J140749.6+223839,1253639552850747136,WhiteDwarf
GALEX J004019.3-023858,2530015631772983296,WhiteDwarf
GALEX J134348.8+403555,1499965380500178304,WhiteDwarf
SDSS J014242.53+570041.0,505831217714392960,WhiteDwarf
SDSS J125957.72+380327.5,1523438197110128768,WhiteDwarf
Gaia DR3 431585973498162176,431585973498162176,WhiteDwarf
GALEX J132040.2+661214,1678288123366725504,WhiteDwarf
GALEX J145945.3+290357,1269902223178059392,WhiteDwarf
GALEX J125307.9-384425,6152702348449857664,WhiteDwarf
LP  269-21,1469189191046042112,WhiteDwarf
Gaia DR2 5585958534451401216,5585958534451401216,WhiteDwarf
GALEX J013445.6-225606,5042368060217896576,WhiteDwarf
Gaia DR2 729172540761049216,729172540761049216,WhiteDwarf
GALEX J170220.3+405727,1353832618651104512,WhiteDwarf
GALEX J133229.0+665639,1672374365716532608,WhiteDwarf
Gaia DR2 6644676283677762432,6644676283677762432,WhiteDwarf
HE 0423-1434,3175826469387675136,WhiteDwarf
GALEX J173538.2+022402,4376569990999961856,WhiteDwarf
SDSS J081131.40+285722.1,684390909630323200,WhiteDwarf
Gaia DR2 1362169772944396672,1362169772944396672,WhiteDwarf
SDSS J154923.63+324915.5,1369988705070230656,WhiteDwarf
Gaia DR2 4322001744324172160,4322001744324172160,WhiteDwarf
Gaia DR2 508853122351031552,508853122351031552,WhiteDwarf
UVEX J202350.92+423826.0,2068932961058864384,WhiteDwarf
Gaia DR2 5501116021073184768,5501116021073184768,WhiteDwarf
GALEX J145651.9+451920,1586647780563687552,WhiteDwarf
Gaia DR2 3289762945202172288,3289762945202172288,WhiteDwarf
Gaia DR2 6432292212476209920,6432292212476209920,WhiteDwarf
Gaia DR3 2097941067098661504,2097941067098661504,WhiteDwarf
Gaia DR3 4057210997558861312,4057210997558861312,WhiteDwarf
LB   459,2492423226139988864,WhiteDwarf
SDSS J102146.32+190546.6,624600566824086016,WhiteDwarf
GALEX J164955.5+480534,1408731440385192960,WhiteDwarf
GALEX J033430.1+030538,3274178158152144896,WhiteDwarf
Gaia DR2 5699698232047942400,5699698232047942400,WhiteDwarf
GALEX J044432.9-412229,4815312238997323776,WhiteDwarf
GALEX J060831.9-252642,2911994251960863616,WhiteDwarf
Gaia DR2 2511332111718779264,2511332111718779264,WhiteDwarf
Gaia DR2 4058112910664256384,4058112910664256384,WhiteDwarf
GALEX J113348.8+262355,4017623699871056128,WhiteDwarf
GALEX J174200.9+750554,1655757824443490688,WhiteDwarf
Gaia DR2 544588491492229760,544588491492229760,WhiteDwarf
Gaia DR2 221556918756728832,221556918756728832,WhiteDwarf
GALEX J091155.5-020625,3841581412839780096,WhiteDwarf
GALEX J083959.9+142858,609475581792870528,WhiteDwarf
PB  4457,3692768316520495488,WhiteDwarf
GALEX J092210.4-172547,5681823986909446656,WhiteDwarf
LAMOST J132743.78+545725.7,1565033276041213824,WhiteDwarf
Gaia DR2 2381575858306956160,2381575858306956160,WhiteDwarf
GALEX J055331.4-445443,4801823567786382336,WhiteDwarf
GALEX J044737.6-185041,2977920934801380992,WhiteDwarf
GALEX J013440.3+731541,534757891171400064,WhiteDwarf
Gaia DR2 5016524516147395456,5016524516147395456,WhiteDwarf
SDSS J084813.28+260259.6,691072714808535168,WhiteDwarf
Gaia DR2 3330142269213886720,3330142269213886720,WhiteDwarf
GALEX J001448.0+502815,394578576765165696,WhiteDwarf
GALEX J140452.2+693345,1674417430119820672,WhiteDwarf
GALEX J143235.2+525747,1605212832534004352,WhiteDwarf
GALEX J163753.0+212213,1297647024715970176,WhiteDwarf
SDSS J083220.83+160220.9,658665670434692224,WhiteDwarf
Gaia DR2 1971138613019994880,1971138613019994880,WhiteDwarf
GALEX J015140.4+792653,562739087707467904,WhiteDwarf
GALEX J154317.1+062328,4429787418933457152,WhiteDwarf
Gaia DR3 5986868236638883968,5986868236638883968,WhiteDwarf
Gaia DR3 4093030754277017856,4093030754277017856,WhiteDwarf
SDSS J140044.63+085844.3,3723397828547582464,WhiteDwarf
Gaia DR2 4114818260040838912,4114818264377891968,WhiteDwarf
Gaia DR2 5819056648821430272,5819056648821430272,WhiteDwarf
SDSS J093427.71+163039.1,619218594844572800,WhiteDwarf
GALEX J170536.6+281841,1308459450271096192,WhiteDwarf
GALEX J160427.6+120745,4457688561576156672,WhiteDwarf
GALEX J145823.4-133629,6311899812401427456,WhiteDwarf
GALEX J224924.6-011740,2650119581842526080,WhiteDwarf
Gaia DR2 5830536404901757440,5830536404901757440,WhiteDwarf
GALEX J150419.8-094448,6319996444229221760,WhiteDwarf
Gaia DR2 3226602083865161344,3226602083865161344,WhiteDwarf
GALEX J125115.9-095416,3626643038685765376,WhiteDwarf
Gaia DR2 3570918552439457408,3570918552439457408,WhiteDwarf
Gaia DR2 3045309521432057600,3045309521432057600,WhiteDwarf
Gaia DR2 3305936211490818560,3305936211490818560,WhiteDwarf
LAWD  4,4920057871348614272,WhiteDwarf
GALEX J230937.5-492157,6503032729021427584,WhiteDwarf
GALEX J051932.6+145426,3390579708974209408,WhiteDwarf
Gaia DR2 1261927224824100736,1261927229119739776,WhiteDwarf
SBSS 1544+497,1402493846496040704,WhiteDwarf
GALEX J125921.5+192111,3941524644686966656,WhiteDwarf
GALEX J145621.7+004658,1153220915367024128,WhiteDwarf
Gaia DR2 4587023044905024256,4587023044905024256,WhiteDwarf
SDSS J080042.47+065542.1,3144237908341731712,WhiteDwarf
GALEX J074753.8+574150,1082234834065185280,WhiteDwarf
SDSS J000115.78+261912.1,2853488104374804352,WhiteDwarf
Gaia DR2 5817201115562716416,5817201115562716416,WhiteDwarf
Gaia DR2 5621589303968849408,5621589303968849408,WhiteDwarf
SDSS J153857.95+313547.0,1370226508820436096,WhiteDwarf
Gaia DR3 4053706720870895104,4053706720870895104,WhiteDwarf
2MASS J21062064+0439355,1732988758129091200,WhiteDwarf
WD 1214+110,3905746089642469504,WhiteDwarf
SDSS J102619.16+655428.5,1053801527796114304,WhiteDwarf
SDSS J152701.08+363625.5,1375246226077385344,WhiteDwarf
SDSS J081459.31+132215.0,650631470251495808,WhiteDwarf
PM J22387-6232,6406437063403857536,WhiteDwarf
GALEX J171949.5+151600,4543528082897170432,WhiteDwarf
SDSS J095712.63+114255.6,3879828126674486400,WhiteDwarf
GALEX J092311.2+460321,819196159091369344,WhiteDwarf
GALEX J152039.0+132537,1170722322983261824,WhiteDwarf
SDSS J172715.83+442115.4,1360737860911180288,WhiteDwarf
Gaia DR2 1682459979719722880,1682459979719722880,WhiteDwarf
GALEX J084953.1+581821,1037475360671157248,WhiteDwarf
Gaia DR2 5443828274103902848,5443828274103902848,WhiteDwarf
GALEX J223219.2-591049,6408239708421709440,WhiteDwarf
GALEX J220801.6+353905,1906522925995516928,WhiteDwarf
Gaia DR2 5957515090143776384,5957515090143776384,WhiteDwarf
GALEX J224915.5-101950,2605188966886514944,WhiteDwarf
GALEX J045950.2+093717,3291231450356681216,WhiteDwarf
GALEX J143927.0+502721,1603926365273640960,WhiteDwarf
Gaia DR2 1609313525574011392,1609313525574011392,WhiteDwarf
GALEX J004412.6+044020,2554289038878849408,WhiteDwarf
Gaia DR2 1350229415968376832,1350229415968376832,WhiteDwarf
Gaia DR2 6747595451121453952,6747595451121453952,WhiteDwarf
GALEX J211335.6+245620,1840691350910171904,WhiteDwarf
SDSS J121045.90+115425.1,3906870271562670592,WhiteDwarf
2QZ J013714.9-294504,5022884331921127040,WhiteDwarf
SDSS J182905.70+213223.8,4528999582926632960,WhiteDwarf
Gaia DR2 3306015479407514624,3306015479407514624,WhiteDwarf
SDSS J132056.72+045516.1,3716425443063741824,WhiteDwarf
GALEX J205214.8+111057,1751599504259996416,WhiteDwarf
GALEX J082503.8+172635,662103259180667648,WhiteDwarf
SDSS J075636.88-004525.4,3083915298828722304,WhiteDwarf
EC 04553-4230,4813506913920546688,WhiteDwarf
GALEX J053038.0-311628,2905025134945571840,WhiteDwarf
GALEX J201030.6-032637,4222508105343115008,WhiteDwarf
Gaia DR2 5535406833805032064,5535406833805032064,WhiteDwarf
GALEX J004315.2-252851,2344058051962134272,WhiteDwarf
GALEX J073948.6-003643,3085467053333507840,WhiteDwarf
Gaia DR2 5850961590080900864,5850961590080900864,WhiteDwarf
GALEX J043825.0+375506,178502036278073984,WhiteDwarf
PB  5227,2650928994199142656,WhiteDwarf
SDSS J124143.37+631509.2,1580757765491308928,WhiteDwarf
SDSS J142514.80+493745.2,1508326474938428800,WhiteDwarf
GALEX J233831.3+322849,2871585481652499328,WhiteDwarf
GALEX J185340.1+560858,2153150668369652224,WhiteDwarf
Gaia DR2 618835140164057216,618835140164057216,WhiteDwarf
GALEX J062150.1+670424,1105110272266222976,WhiteDwarf
GALEX J185029.2-420929,6716114101050621952,WhiteDwarf
GALEX J015204.4-180237,5141286929480718592,WhiteDwarf
GALEX J163733.0+050335,4435188636664634368,WhiteDwarf
Gaia DR2 6183706759581292416,6183706759581292416,WhiteDwarf
Gaia DR2 847567849760473088,847567849760473088,WhiteDwarf
GALEX J213311.5-612711,6403971339858205952,WhiteDwarf
Gaia DR2 5488356119909993344,5488356119909993344,WhiteDwarf
GALEX J114735.9+291503,4019962846435834496,WhiteDwarf
SBSS 1314+537,1563251276930126720,WhiteDwarf
Gaia DR2 5358858943237560448,5358858943237560448,WhiteDwarf
Gaia DR2 4732184349574087552,4732184349574087552,WhiteDwarf
Gaia DR2 5184341945102797696,5184341945102797696,WhiteDwarf
Gaia DR2 5543154198891508480,5543154198891508480,WhiteDwarf
GALEX J212938.0-241310,6815530357589510528,WhiteDwarf
GALEX J201429.5+745451,2288550925420831872,WhiteDwarf
SDSS J125658.98+455345.7,1530747612972664192,WhiteDwarf
GALEX J055736.9+081731,3323405733271081344,WhiteDwarf
Gaia DR2 2235857032523315200,2235857032523315200,WhiteDwarf
SDSS J155823.03+164327.7,1199389962671428864,WhiteDwarf
GALEX J053708.7+461320,209725452088872576,WhiteDwarf
WT 315,6147652295840198912,WhiteDwarf
Gaia DR2 415858524809146368,415858524809146368,WhiteDwarf
Gaia DR3 6831379336667442432,6831379336667442432,WhiteDwarf
GALEX J171150.4+415223,1354121687129722112,WhiteDwarf
GALEX J122555.1+225057,3953741249663827712,WhiteDwarf
GALEX J162906.0+130400,4460571889086038528,WhiteDwarf
2QZ J011710.0-305941,5028762668975531520,WhiteDwarf
Gaia DR3 5822653043974304128,5822653043974304128,WhiteDwarf
GALEX J203424.7+075114,1749368354646313856,WhiteDwarf
Gaia DR2 5165716600381020800,5165716600381020800,WhiteDwarf
GALEX J103540.8+072716,3862830334039617408,WhiteDwarf
GALEX J195425.2+653506,2247752584401597696,WhiteDwarf
Gaia DR2 432063195897670400,432063195897670400,WhiteDwarf
Gaia DR2 456114497363958016,456114497363958016,WhiteDwarf
2QZ J125125.9+002639,3690037198356344832,WhiteDwarf
2QZ J121702.9+000803,3698443858103779328,WhiteDwarf
Gaia DR2 282194366553410944,282194366553410944,WhiteDwarf
GALEX J214552.6-534545,6462142961030422144,WhiteDwarf
GD 358,1314045729544380288,WhiteDwarf
SDSS J005906.65-003802.1,2535807721589003008,WhiteDwarf
UCAC4 573-032436,3383000470383852672,WhiteDwarf
GALEX J170609.9+351543,1338433614706331904,WhiteDwarf
GALEX J141221.8-152258,6298122966064939008,WhiteDwarf
GALEX J011714.9+520329,404105299561907072,WhiteDwarf
Gaia DR2 3468066966307209216,3468066966307209216,WhiteDwarf
GALEX J011242.6+323305,313699536512644480,WhiteDwarf
Gaia DR2 6477825157941375232,6477825157941375232,WhiteDwarf
GALEX J175658.6+181318,4503400478329629952,WhiteDwarf
Gaia DR3 4317671803131283200,4317671803131283200,WhiteDwarf
Gaia DR2 1870343358445582592,1870343358445582592,WhiteDwarf
SDSS J143737.27-062323.3,6331610452409422080,WhiteDwarf
Gaia DR2 4362402749316034560,4362402749316034560,WhiteDwarf
GALEX J193342.9-754419,6367127323689329664,WhiteDwarf
Gaia DR2 2202316400254539008,2202316400254539008,WhiteDwarf
GALEX J022610.2-531141,4744846428558412416,WhiteDwarf
GALEX J023042.0-232315,5120213135571128704,WhiteDwarf
SDSS J134955.76+020931.2,3664972014030291840,WhiteDwarf
GALEX J140709.7+154010,1231366986324465536,WhiteDwarf
Gaia DR2 6540192751706455808,6540192751706455808,WhiteDwarf
Gaia DR2 3070705289394658048,3070705289394658048,WhiteDwarf
GALEX J075925.0+282123,876303109412500352,WhiteDwarf
GALEX J003559.8-411333,4993222153903628160,WhiteDwarf
Gaia DR2 4960537109184014208,4960537109184014208,WhiteDwarf
Gaia DR2 2888023047344812032,2888023047344812032,WhiteDwarf
GD 185,4403768373911022080,WhiteDwarf
GALEX J004517.3+141137,2776448898028504960,WhiteDwarf
Gaia DR2 359115890796667648,359115890796667648,WhiteDwarf
GALEX J094654.4+344709,794782942210602240,WhiteDwarf
GALEX J220334.5+125128,2728546543661121920,WhiteDwarf
GALEX J220317.3-671945,6397783082259793024,WhiteDwarf
GALEX J065125.8+530241,993288019870226304,WhiteDwarf
GALEX J140012.0+203654,1247295095879933568,WhiteDwarf
GALEX J032617.5+061035,9215934665355264,WhiteDwarf
GALEX J004115.3-452909,4979407962828778752,WhiteDwarf
Gaia DR2 1898960794257383040,1898960794257383040,WhiteDwarf
SDSS J074210.95+200629.3,672781479887164416,WhiteDwarf
GALEX J233805.3-501455,6523188598224390272,WhiteDwarf
GALEX J152609.2+145836,1195090146354665728,WhiteDwarf
SDSS J173157.85+570116.1,1422140431362110848,WhiteDwarf
Gaia DR2 5847404287674876416,5847404287674876416,WhiteDwarf
SDSS J235526.12+085542.6,2759072697299590272,WhiteDwarf
GALEX J032120.2+222449,62558500768907776,WhiteDwarf
Gaia DR2 4904495207674294528,4904495207674294528,WhiteDwarf
Gaia DR2 661427441780231168,661427441780231168,WhiteDwarf
GALEX J085307.1+025017,578082845489063680,WhiteDwarf
Gaia DR2 6454598417183965056,6454598417183965056,WhiteDwarf
Gaia DR2 5328333889104483712,5328333889104483712,WhiteDwarf
GALEX J164108.8+112748,4447269825614726656,WhiteDwarf
GALEX J120307.3-173659,3567506523045909120,WhiteDwarf
GALEX J000218.8-040912,2447754191872196480,WhiteDwarf
Gaia DR2 816968509879292416,816968509879292416,WhiteDwarf
Gaia DR2 941575612900163200,941575612900163200,WhiteDwarf
Gaia DR2 407967398578801792,407967398578801792,WhiteDwarf
Gaia DR2 689054526854583040,689054526854583040,WhiteDwarf
Gaia DR2 3477218686919801600,3477218686920661376,WhiteDwarf
GALEX J153934.6+092222,1164876150938992256,WhiteDwarf
GALEX J203757.9-263753,6799930284754447104,WhiteDwarf
GALEX J065234.5+754906,1115642494147673728,WhiteDwarf
Gaia DR2 2812742681645853056,2812742681646234112,WhiteDwarf
Gaia DR2 4493244151982821760,4493244151982821760,WhiteDwarf
SDSS J074142.26+414503.1,924174844957632896,WhiteDwarf
Gaia DR2 1931787126220787456,1931787126220787456,WhiteDwarf
Gaia DR2 5221846183648246272,5221846183648246272,WhiteDwarf
Gaia DR2 521630684407463424,521630684407463424,WhiteDwarf
Gaia DR2 1699404793934155648,1699404798230072320,WhiteDwarf
Gaia DR2 4936525596298763392,4936525596298763392,WhiteDwarf
Gaia DR2 3458053580769064832,3458053580769064832,WhiteDwarf
Gaia DR2 5348754633230897024,5348754633230897024,WhiteDwarf
Gaia DR2 3734279003637909504,3734279003637909504,WhiteDwarf
Gaia DR2 4085489994240885632,4085489994240885632,WhiteDwarf
Gaia DR2 2993267230906887808,2993267230906887808,WhiteDwarf
GALEX J230408.3+075524,2713527043026574080,WhiteDwarf
GALEX J124101.0+044056,3707243730697616256,WhiteDwarf
Gaia DR3 2420585504363199616,2420585504363199616,WhiteDwarf
Gaia DR2 4948360503237412736,4948360503237412736,WhiteDwarf
GALEX J093728.6+542108,1021613427972128896,WhiteDwarf
GALEX J052826.3-630101,4757364402800498176,WhiteDwarf
Gaia DR2 113951254799398784,113951254799398784,WhiteDwarf
GALEX J072142.4-711416,5264136390150234368,WhiteDwarf
GALEX J080357.7-121059,5726321634805386368,WhiteDwarf
Gaia DR2 5604674279647442816,5604674279647442816,WhiteDwarf
SDSS J011954.23+245547.3,294434439231101440,WhiteDwarf
GALEX J110202.6+815543,1134423252262096896,WhiteDwarf
GALEX J090703.4+043055,580049764415000192,WhiteDwarf
Gaia DR2 6794914892526455808,6794914892526455808,WhiteDwarf
Gaia DR3 6054667868789438592,6054667868789438592,WhiteDwarf
SDSS J155003.38+051943.0,4426414946193200128,WhiteDwarf
Gaia DR2 2025925834322264448,2025925834322264448,WhiteDwarf
GALEX J135204.9+411907,1497430074190015104,WhiteDwarf
GALEX J163700.5+235129,1300456586162759936,WhiteDwarf
GALEX J113838.9+132342,3917811443050820736,WhiteDwarf
GALEX J224549.3+000946,2653530026393921536,WhiteDwarf
SDSS J155249.11+202303.8,1204450911613674624,WhiteDwarf
Gaia DR2 4587696736296052224,4587696736296052224,WhiteDwarf
SDSS J142229.46+262548.5,1259357253832780928,WhiteDwarf
Gaia DR2 4469686187645625600,4469686191946719104,WhiteDwarf
GALEX J044526.1-544103,4776616924418335872,WhiteDwarf
Gaia DR2 2930899804646756736,2930899804646756736,WhiteDwarf
SDSS J030357.52-074158.6,5179800755922289152,WhiteDwarf
GALEX J012637.4-511653,4917144715290866176,WhiteDwarf
GALEX J163914.2+325517,1324823138223177600,WhiteDwarf
GALEX J051124.2-215825,2962469532255663744,WhiteDwarf
Gaia DR2 2925969079107923072,2925969079107923072,WhiteDwarf
GALEX J213650.7+001706,2687361586864067456,WhiteDwarf
Gaia DR2 2412320819054202240,2412320819054202240,WhiteDwarf
SDSS J161943.44+102343.3,4453565083736250112,WhiteDwarf
Gaia DR2 2990154960165950848,2990154960165950848,WhiteDwarf
Gaia DR2 5897487729507097600,5897487729507097600,WhiteDwarf
LSPM J1550+0838,4455205894384768256,WhiteDwarf
SDSS J002401.39+004818.8,2546854377474496896,WhiteDwarf
SDSS J024010.24-062303.8,5178725055592433664,WhiteDwarf
Gaia DR3 4320618597380130560,4320618597380130560,WhiteDwarf
GALEX J113609.6-140114,3584939249840674560,WhiteDwarf
GALEX J175349.0+064753,4475575927843128832,WhiteDwarf
Gaia DR3 852162713148821760,852162713148821760,WhiteDwarf
Gaia DR2 5291867619589979776,5291867619589979776,WhiteDwarf
SDSS J190646.29+641116.5,2252867027159540480,WhiteDwarf
LP  369-15,686827702275479808,WhiteDwarf
GALEX J102713.6-355734,5445582918565208960,WhiteDwarf
Gaia DR2 1856377705347553280,1856377705347553280,WhiteDwarf
GALEX J213353.2-055230,2671057856648284672,WhiteDwarf
GALEX J161758.8+135401,4463575514334331008,WhiteDwarf
Gaia DR2 4169254324800741888,4169254324800741888,WhiteDwarf
GALEX J031858.3+002325,3265944877644977792,WhiteDwarf
GALEX J032540.2-212839,5099055508195991040,WhiteDwarf
GALEX J161544.5+264726,1315760138753782784,WhiteDwarf
GALEX J161633.9+130009,4463365335814874496,WhiteDwarf
Gaia DR3 5250394728194220800,5250394728194220800,WhiteDwarf
GALEX J233109.7+362336,1912844434956162432,WhiteDwarf
PB  5228,2652513768411804544,WhiteDwarf
LSPM J1043+8225,1134336704377217920,WhiteDwarf
2QZ J221002.1-304726,6613253753183588608,WhiteDwarf
Gaia DR2 189220178705169408,189220178705169408,WhiteDwarf
LSPM J2328+5934,2012017355828594944,WhiteDwarf
GALEX J091304.2+121945,593759162585624448,WhiteDwarf
Gaia DR2 778263398479073792,778263398479073792,WhiteDwarf
GALEX J091539.6+143855,606643892674767360,WhiteDwarf
GALEX J115411.2+490219,787708723056222976,WhiteDwarf
GALEX J054842.4+824913,558085512117899264,WhiteDwarf
GALEX J092558.3+055908,585666585206327680,WhiteDwarf
HE 1128-1524,3560286305063574016,WhiteDwarf
2MASS J20360907-1807055,6861578767851531264,WhiteDwarf
Gaia DR2 4554895452579191168,4554895452579191168,WhiteDwarf
GALEX J194942.6+834423,2302206069563606400,WhiteDwarf
GALEX J025611.4+001902,2498078907795224960,WhiteDwarf
Gaia DR2 2204492024536439936,2204492024536439936,WhiteDwarf
GALEX J213806.6+354259,1950953026942923264,WhiteDwarf
Gaia DR2 5992042293517426688,5992042293517426688,WhiteDwarf
Gaia DR2 5607649626832246144,5607649626832246144,WhiteDwarf
Gaia DR2 6153219187634593152,6153219187634593152,WhiteDwarf
GALEX J035952.9-753853,4628786074234682880,WhiteDwarf
GALEX J145317.8+312345,1283153713410048896,WhiteDwarf
Gaia DR2 6651990578627178880,6651990578627178880,WhiteDwarf
SDSS J161100.70+450230.5,1386173761045582336,WhiteDwarf
GALEX J101935.7+254104,726889993276916224,WhiteDwarf
Gaia DR2 5129157117202633216,5129157117202633216,WhiteDwarf
SDSS J030005.81+373707.1,142312813640458368,WhiteDwarf
GALEX J205400.9+034024,1734453204538770688,WhiteDwarf
GALEX J204356.9-374417,6682142589070453632,WhiteDwarf
GALEX J175903.4+854222,1724507816923049216,WhiteDwarf
Gaia DR2 5893466270046122752,5893466270046122752,WhiteDwarf
Gaia DR2 5608106645712459392,5608106645712459392,WhiteDwarf
Gaia DR2 1913759675307268352,1913759675307268352,WhiteDwarf
Gaia DR3 4688743401077674368,4688743401077674368,WhiteDwarf
GALEX J201215.4-674112,6424251861896980224,WhiteDwarf
GALEX J205422.5+233742,1842543963578582016,WhiteDwarf
Gaia DR2 5698362016184209024,5698362016184209024,WhiteDwarf
GALEX J092452.4+002449,3840862774616739328,WhiteDwarf
GALEX J203819.3-194534,6856710783198852224,WhiteDwarf
GALEX J173737.6-625913,5910438602085667456,WhiteDwarf
Gaia DR3 4053388961995092352,4053388961995092352,WhiteDwarf
SDSS J113823.44+060434.6,3909360841493446144,WhiteDwarf
SDSS J152432.67+352006.3,1375028041738216832,WhiteDwarf
Gaia DR2 6664646747732470400,6664646747732470400,WhiteDwarf
GALEX J164139.9+211011,4564286209593502080,WhiteDwarf
Gaia DR2 3080726650687125632,3080726650687125632,WhiteDwarf
GALEX J210540.0+091943,1744151103253142528,WhiteDwarf
GALEX J130115.7-322158,6180511815014274304,WhiteDwarf
Gaia DR2 273191496626939520,273191496626939520,WhiteDwarf
Gaia DR2 2077966235061634688,2077966235061634688,WhiteDwarf
Gaia DR2 2652112309228906496,2652112309228906496,WhiteDwarf
Gaia DR2 5066656748816446976,5066656748816446976,WhiteDwarf
Gaia DR2 6724021891755560576,6724021891755560576,WhiteDwarf
PM J07228-3042,5605383430285597696,WhiteDwarf
SDSS J233624.89+092853.5,2761449600920555776,WhiteDwarf
SDSS J225848.08+095159.1,2714977745540449664,WhiteDwarf
Gaia DR2 5220659162064601216,5220659162064601216,WhiteDwarf
SDSS J083239.68+571446.3,1034473453408991360,WhiteDwarf
Gaia DR2 5894198819669837696,5894198819669837696,WhiteDwarf
GALEX J052310.3-260325,2956927306456923904,WhiteDwarf
GALEX J223434.2-450326,6520270803601406592,WhiteDwarf
Gaia DR2 1990559596140812544,1990559596140812544,WhiteDwarf
SDSS J110142.87+172137.6,3982007636324256000,WhiteDwarf
Gaia DR2 3474580404470867456,3474580404470867456,WhiteDwarf
Gaia DR2 2079934773192051712,2079934773192051712,WhiteDwarf
SDSS J090205.48+051738.5,583260647605943936,WhiteDwarf
GALEX J044729.0+484816,256000494887489152,WhiteDwarf
Gaia DR2 5512180784536773120,5512180784536773120,WhiteDwarf
Gaia DR2 5422194145875914880,5422194145875914880,WhiteDwarf
SDSS J085747.23+115312.9,604778365039426304,WhiteDwarf
Gaia DR2 3435749712524408832,3435749712524408832,WhiteDwarf
GALEX J101559.5+353823,753402615941225728,WhiteDwarf
Gaia DR2 417613452742477312,417613452742477312,WhiteDwarf
SDSS J071919.94+305142.5,886754684692856960,WhiteDwarf
GALEX J171004.8+275955,4575013319911899904,WhiteDwarf
GALEX J170708.8-713412,5804522475184578688,WhiteDwarf
LSPM J2033+7122,2274756693057836928,WhiteDwarf
GALEX J133037.7-330549,6168223226386606592,WhiteDwarf
GALEX J132455.2+103205,3732337266103066752,WhiteDwarf
GALEX J002829.4+121035,2754939431227659264,WhiteDwarf
GALEX J114524.6-152153,3571766275906169344,WhiteDwarf
GALEX J074816.6+292320,878826965338097024,WhiteDwarf
GALEX J000251.2-402429,2306016766411572224,WhiteDwarf
Gaia DR2 5310004068206128896,5310004068206128896,WhiteDwarf
Gaia DR2 4607518426978990080,4607518426978990080,WhiteDwarf
Gaia DR2 3444320538807512832,3444320538807512832,WhiteDwarf
GALEX J095120.6-363359,5434771833047046656,WhiteDwarf
SDSS J110854.46+551156.7,843818755627997312,WhiteDwarf
Gaia DR2 6499227250557959296,6499227250557959296,WhiteDwarf
GALEX J084853.5+355148,717764798385266944,WhiteDwarf
LSPM J1655+1850,4559800992425812096,WhiteDwarf
Gaia DR2 5823966999038441344,5823966999038441344,WhiteDwarf
Gaia DR2 1801330380822923136,1801330380822923136,WhiteDwarf
GALEX J140703.2+490228,1511067694865857408,WhiteDwarf
SDSS J082905.32-034846.6,3066556415406827008,WhiteDwarf
Gaia DR2 4387908021759209600,4387908021759209600,WhiteDwarf
GALEX J013355.1-355750,5011698587814675456,WhiteDwarf
Gaia DR2 4760625008829501312,4760625008829501312,WhiteDwarf
Gaia DR2 5299238676827974016,5299238676827974016,WhiteDwarf
Gaia DR2 6327883825250646400,6327883825250646400,WhiteDwarf
Gaia DR2 493171509550339840,493171509550339840,WhiteDwarf
GALEX J104839.4+475038,832172801483053056,WhiteDwarf
SDSS J072844.04+313703.9,892062920674000512,WhiteDwarf
GALEX J093647.1-360351,5436703674976339200,WhiteDwarf
GALEX J125528.8+154907,3931413501398056320,WhiteDwarf
Gaia DR2 3596962370834474752,3596962370834474752,WhiteDwarf
Gaia DR2 4443161298553008000,4443161298553008000,WhiteDwarf
Gaia DR2 1078624858218235776,1078624858218235776,WhiteDwarf
GALEX J173753.2+851246,1723737226774532864,WhiteDwarf
Gaia DR2 897108682611935744,897108682611935744,WhiteDwarf
Gaia DR2 2031994180794324864,2031994180794324864,WhiteDwarf
GALEX J102953.3+020812,3855635812846967296,WhiteDwarf
GALEX J094026.8-021234,3827177428263050240,WhiteDwarf
SDSS J214159.90-001012.9,2687132269969742080,WhiteDwarf
Gaia DR2 6094348792464155776,6094348792464155776,WhiteDwarf
GALEX J201600.7-095901,6881427598437311232,WhiteDwarf
GALEX J103922.6-075250,3762705300521180416,WhiteDwarf
SDSS J233605.47+190513.3,2821469432420153216,WhiteDwarf
Gaia DR2 5319688184350540544,5319688184350540544,WhiteDwarf
Gaia DR2 129327478237599616,129327478237599616,WhiteDwarf
GALEX J161633.6+275950,1317397826964182400,WhiteDwarf
Gaia DR2 2129966125668409984,2129966125668409984,WhiteDwarf
Gaia DR2 5863309655393954944,5863309655399612800,WhiteDwarf
GALEX J013148.9-194856,5140036780464080256,WhiteDwarf
Gaia DR2 1836561104198774144,1836561104198774144,WhiteDwarf
Gaia DR3 5952615288355931648,5952615288355931648,WhiteDwarf
GALEX J160647.6+050604,4449580724177882496,WhiteDwarf
Gaia DR3 4160995171416804736,4160995171416804736,WhiteDwarf
GALEX J085942.6-123824,5735838599431350528,WhiteDwarf
GALEX J094153.9+531430,1020558309126411392,WhiteDwarf
GALEX J013831.0+003101,2509910992940012416,WhiteDwarf
Gaia DR3 5863928405563636352,5863928405563636352,WhiteDwarf
Gaia DR2 5838274767738654976,5838274767738654976,WhiteDwarf
GALEX J211440.4-341419,6777553092823954048,WhiteDwarf
GALEX J093647.7-342100,5437704956407700992,WhiteDwarf
GALEX J105351.6+195522,3987974784712938496,WhiteDwarf
SDSS J231056.11+043652.7,2662404807512106240,WhiteDwarf
Gaia DR2 1138270374728419840,1138270374728419840,WhiteDwarf
GALEX J155646.1+455212,1397163272390632704,WhiteDwarf
GALEX J231732.0+421925,1936584505908710656,WhiteDwarf
Gaia DR2 4987518682147617024,4987518682147617024,WhiteDwarf
GALEX J182152.7+275935,4586439169870964864,WhiteDwarf
Gaia DR2 4116169426675231744,4116169426675231744,WhiteDwarf
Gaia DR2 2853188560471008768,2853188560471008768,WhiteDwarf
SDSS J080521.14+125757.0,653186288598209920,WhiteDwarf
GALEX J095701.0+325449,746849354841007872,WhiteDwarf
2QZ J232231.0-272819,2378677476936650624,WhiteDwarf
Gaia DR2 5626222890789208832,5626222890789208832,WhiteDwarf
Gaia DR2 5351811687866788096,5351811687866788096,WhiteDwarf
SDSS J090632.16+470235.8,1012210992942502144,WhiteDwarf
Gaia DR2 6097909633893432704,6097909633893432704,WhiteDwarf
GALEX J212700.3-623657,6403512392538281472,WhiteDwarf
Gaia DR2 3990042656846969472,3990042656846969472,WhiteDwarf
GALEX J091123.1+385844,815158988617365504,WhiteDwarf
Gaia DR2 2300074116516151936,2300074116516151936,WhiteDwarf
GALEX J232735.4-222238,2382333662336204416,WhiteDwarf
GALEX J015748.3-182019,5138041579176669824,WhiteDwarf
Gaia DR2 3213567304793798528,3213567304793798528,WhiteDwarf
GALEX J142735.3+023946,3656183853813126272,WhiteDwarf
Gaia DR2 6233562323343227648,6233562323343227648,WhiteDwarf
SDSS J231309.40-102816.4,2413766397671968256,WhiteDwarf
Gaia DR2 2155413085342630400,2155413085342630400,WhiteDwarf
Gaia DR2 32752011850354816,32752011850354816,WhiteDwarf
GALEX J043302.5-293329,4878938507292019072,WhiteDwarf
Gaia DR2 3013539442185091456,3013539442185091456,WhiteDwarf
Gaia DR2 6715955114246108160,6715955114246108160,WhiteDwarf
GALEX J144608.3-320324,6217313263771597696,WhiteDwarf
GALEX J030907.6-574333,4727212053051545600,WhiteDwarf
Gaia DR2 2840354575419898880,2840354575419898880,WhiteDwarf
SDSS J074500.33+264327.1,874925657565506688,WhiteDwarf
Gaia DR2 5444846177054970624,5444846177054970624,WhiteDwarf
Gaia DR2 48419021753929216,48419021753929216,WhiteDwarf
Gaia DR2 5537752302559011328,5537752302559011328,WhiteDwarf
SDSS J080232.07-085247.3,3039464620698270720,WhiteDwarf
Gaia DR2 4806300199316094208,4806300199316094208,WhiteDwarf
Gaia DR2 5264306509510534528,5264306509510534528,WhiteDwarf
LB   567,3834895969825628800,WhiteDwarf
Gaia DR2 5709505635248924160,5709505635248924160,WhiteDwarf
GALEX J213100.8-374711,6589049520823252352,WhiteDwarf
2QZ J224940.9-282643,6609426082624597888,WhiteDwarf
Gaia DR2 2131212765696039552,2131212765696039552,WhiteDwarf
Gaia DR2 419201830430458624,419201830430458624,WhiteDwarf
Gaia DR2 1345580753821079680,1345580753821079680,WhiteDwarf
GALEX J131205.9+480350,1554535718838567296,WhiteDwarf
GALEX J182126.2+404610,2109868668019773056,WhiteDwarf
LSPM J1324+4620,1551097000517516288,WhiteDwarf
GALEX J095323.7+325316,793444046285716352,WhiteDwarf
Gaia DR2 6349201298424119296,6349201298424119296,WhiteDwarf
AT 2018hwd,1123290903189100160,WhiteDwarf
SDSS J092747.48+631517.2,1064295507289013888,WhiteDwarf
Gaia DR3 2737751586289168640,2737751586289168640,WhiteDwarf
Gaia DR2 2387846647997936640,2387846647997936640,WhiteDwarf
Gaia DR2 1958945338305925120,1958945338305925120,WhiteDwarf
GALEX J162247.9+241355,1302208108185104896,WhiteDwarf
GALEX J220507.3+010547,2682205530164591104,WhiteDwarf
SDSS J160520.59+464641.1,1398619163224649344,WhiteDwarf
GALEX J215447.8+400622,1959389579658098688,WhiteDwarf
Gaia DR2 6770589542096580608,6770589542096580608,WhiteDwarf
Gaia DR2 5242289403346141696,5242289403346141696,WhiteDwarf
Gaia DR2 1591292843527561856,1591292843527561856,WhiteDwarf
GALEX J124702.7+313448,1513473426306676096,WhiteDwarf
Gaia DR2 1928488492555319296,1928488492555319296,WhiteDwarf
SA  51-59,879799826970761088,WhiteDwarf_Candidate
Gaia DR3 2034537145009874304,2034537145009874304,WhiteDwarf
EC 21140-5540,6462935326662402944,WhiteDwarf
Gaia DR2 3240492351692685952,3240492351692685952,WhiteDwarf
GALEX J034112.0-270905,5081426179274634112,WhiteDwarf
GALEX J100100.8+095754,3878609833431258240,WhiteDwarf
GALEX J161758.0-320308,6037161337281630080,WhiteDwarf
GALEX J074639.0+624009,1088087942482170240,WhiteDwarf
Gaia DR3 3560121520055252480,3560121520055252480,WhiteDwarf
GALEX J003625.8-165718,2370382902950807296,WhiteDwarf
GALEX J184211.4+240531,4535830371929659904,WhiteDwarf
GALEX J022759.6-093604,5175564475059135104,WhiteDwarf
Gaia DR2 5272220308876453632,5272220308876453632,WhiteDwarf
SDSS J232420.83+214827.8,2837987842280659968,WhiteDwarf
SDSS J114728.93+520000.7,792149680581560192,WhiteDwarf
GALEX J231157.8+295527,1885494598610882304,WhiteDwarf
GALEX J054047.0+612803,283092152157966592,WhiteDwarf
SDSS J160120.31+261925.9,1316201730111151872,WhiteDwarf
Gaia DR2 3165237137324411264,3165237137324411264,WhiteDwarf
GALEX J202820.8-084225,6905867538598378624,WhiteDwarf
Gaia DR2 386081035510597888,386081035510597888,WhiteDwarf
Gaia DR2 5509882981329698944,5509882981329698944,WhiteDwarf
GALEX J054717.6-272047,2907820746338539136,WhiteDwarf
GALEX J214534.3-691441,6396486685035023744,WhiteDwarf
GALEX J111811.8-392705,5395968560168183040,WhiteDwarf
Gaia DR2 6017896935796225152,6017896935796225152,WhiteDwarf
Gaia DR2 3551472967748977792,3551472967748977792,WhiteDwarf
Gaia DR2 4361536578966588800,4361536578966588800,WhiteDwarf
Gaia DR2 1860128002068759424,1860128002068759424,WhiteDwarf
Gaia DR3 5980661630916894720,5980661630916894720,WhiteDwarf
SDSS J112809.02+052811.5,3814038096808045696,WhiteDwarf
GALEX J093846.6-461918,5410756643679107584,WhiteDwarf
Gaia DR2 5301868055804386944,5301868055804386944,WhiteDwarf
Gaia DR2 4230655387719789952,4230655387721200256,WhiteDwarf
US 3143,2497335259977804544,WhiteDwarf
GALEX J202122.1-213243,6853253020990830848,WhiteDwarf
GALEX J181748.8+481641,2122092419822256128,WhiteDwarf
Gaia DR2 3296186670088502272,3296186670088502272,WhiteDwarf
GALEX J015642.0+322532,304661443558083328,WhiteDwarf
SDSS J021456.10+133355.3,74189237846926592,WhiteDwarf
SDSS J082815.74+261101.6,679745713520981376,WhiteDwarf
Gaia DR2 5415715338033352192,5415715338033352192,WhiteDwarf
GALEX J164328.5+400204,1355756420402482688,WhiteDwarf
GALEX J165637.9+285817,1307990749074318464,WhiteDwarf
GALEX J012056.6-351329,5013481480279138176,WhiteDwarf
GALEX J182809.8+185010,4525050347610878720,WhiteDwarf
Gaia DR2 6493377165799435520,6493377165799435520,WhiteDwarf
Gaia DR2 6228662762088772096,6228662762088772096,WhiteDwarf
GALEX J121027.8+511625,1548311864550376704,WhiteDwarf
Gaia DR2 282878984339976320,282878984339976320,WhiteDwarf
Gaia DR2 5348928875754611328,5348928875754611328,WhiteDwarf
Gaia DR2 4827599865552898816,4827599865552898816,WhiteDwarf
GALEX J104440.6+471234,832128202542718976,WhiteDwarf
Gaia DR2 5813372929620684544,5813372929620684544,WhiteDwarf
GALEX J023801.4-293409,5068818285596914816,WhiteDwarf
GALEX J122234.4+804946,1719544995096470016,WhiteDwarf
GALEX J095113.9+101450,3879207147418633088,WhiteDwarf
SDSS J143603.58+392023.3,1487954208103017472,WhiteDwarf
Gaia DR2 2035812161843961088,2035812161843961088,WhiteDwarf
GALEX J231735.1+411514,1924450634883524736,WhiteDwarf
LSPM J1449+5646W,1613515897670336512,WhiteDwarf
GALEX J171042.3+303519,1309323872563025152,WhiteDwarf
GALEX J172905.5+595358,1435645801405562240,WhiteDwarf
GALEX J213148.4-520013,6465761724380438272,WhiteDwarf
SDSS J010955.01+462442.9,401037657821705344,WhiteDwarf
Gaia DR2 5640479910164696448,5640479910164696448,WhiteDwarf
LP  313-49,695775871499726208,WhiteDwarf
LEHPM 1050,4922114228674321792,WhiteDwarf
SDSS J021137.52+261738.3,106242991094377728,WhiteDwarf
Gaia DR2 6387832944408669568,6387832944408669568,WhiteDwarf
SDSS J233839.01+150305.5,2819308479754565376,WhiteDwarf
GALEX J185513.1-583344,6633649492018632960,WhiteDwarf
GALEX J073610.7+220719,865490920086392960,WhiteDwarf
Gaia DR2 940544923828507904,940544923828507904,WhiteDwarf
2QZ J003103.8-284044,2319107139534449280,WhiteDwarf
Gaia DR2 5130122793354392320,5130122793354392320,WhiteDwarf
GALEX J012242.1+414129,372434550020156032,WhiteDwarf
Gaia DR2 448621806653684736,448621806653684736,WhiteDwarf
GALEX J071415.6+395937,948364203848400896,WhiteDwarf
GALEX J085233.6+325100,713033118814620800,WhiteDwarf
LP   94-246,1582618383979152128,WhiteDwarf
SDSS J161011.45+484522.1,1399429949970756608,WhiteDwarf
EC 10514-1447,3557764648160770176,WhiteDwarf
Gaia DR3 5931669901038988544,5931669901038988544,WhiteDwarf
SDSS J144917.25+633421.1,1620596679537342208,WhiteDwarf
GALEX J145117.8+600358,1617475440904989184,WhiteDwarf
GALEX J050754.6-334238,4826805399682400256,WhiteDwarf
Gaia DR2 4528961134378136704,4528961134378136704,WhiteDwarf
Gaia DR2 4353735299153406848,4353735299153406848,WhiteDwarf
Gaia DR2 2056147496268113920,2056147496268113920,WhiteDwarf
Gaia DR2 4870829845258870528,4870829845258870528,WhiteDwarf
SDSS J231726.72+183049.6,2818957013992481280,WhiteDwarf
Gaia DR2 4100011377457730560,4100011377457730560,WhiteDwarf
SDSS J220211.93+070130.6,2721435486568189440,WhiteDwarf
GALEX J192225.0+620949,2240324726222440320,WhiteDwarf
Gaia DR2 4497416455022298496,4497416455022298496,WhiteDwarf
GALEX J105106.4-185305,3555670623970322688,WhiteDwarf
GALEX J134617.5+440311,1502370837063725824,WhiteDwarf
GALEX J154543.0+570100,1601745758838630656,WhiteDwarf
GALEX J083337.0+481451,930748550101466752,WhiteDwarf
GES J01383452-4708454,4930284051042324608,WhiteDwarf
SDSS J082200.49+273050.3,683102870414758912,WhiteDwarf
SDSS J012328.89+343242.3,320340685528703744,WhiteDwarf
Gaia DR2 1806272616880811392,1806272616880811392,WhiteDwarf
Gaia DR2 3522335188057096704,3522335188057096704,WhiteDwarf
Gaia DR2 2892262794244806144,2892262794244806144,WhiteDwarf
GALEX J203826.7-404938,6681157254853322880,WhiteDwarf
SDSS J223501.66+362052.0,1904399047486667392,WhiteDwarf
UVEX J184610.80+022032.4,4279354368324712320,WhiteDwarf
Gaia DR3 5253561149923360896,5253561149923360896,WhiteDwarf
Gaia DR3 4037433536534660608,4037433536534660608,WhiteDwarf
GALEX J085356.1+382327,719580470039316096,WhiteDwarf
SDSS J133928.29+035127.0,3713616328293470720,WhiteDwarf
GALEX J094024.8+011032,3846446197741365504,WhiteDwarf
2QZ J021729.9-310107,4971678808400355200,WhiteDwarf
GALEX J204818.2+110107,1751777801234838144,WhiteDwarf
GALEX J002524.8-580057,4918639119095059200,WhiteDwarf
GALEX J072945.6+554922,988762361291740928,WhiteDwarf
GALEX J205444.8-670051,6425091991860368000,WhiteDwarf
SDSS J043040.71-042832.3,3204325050568185344,WhiteDwarf
GALEX J065911.5+623902,1099393086678887680,WhiteDwarf
GALEX J175428.5+224232,4577311058695413504,WhiteDwarf
SDSS J090139.03+064022.4,583700933293351296,WhiteDwarf
Gaia DR2 5398672740299850368,5398672740300842752,WhiteDwarf
SDSS J141727.10+530648.9,1608217759156633216,WhiteDwarf
GALEX J131221.8-465433,6085477795211538304,WhiteDwarf
Gaia DR2 2133041356612311424,2133041356612311424,WhiteDwarf
Gaia DR2 529659833711848448,529659833711848448,WhiteDwarf
LAWD 29,5705571754442134400,WhiteDwarf
Gaia DR2 1961278948656684672,1961278948656684672,WhiteDwarf
GALEX J031945.7-632637,4720523032329238400,WhiteDwarf
GALEX J091233.1-143711,5731750507824252544,WhiteDwarf
Gaia DR2 5583567435963495040,5583567435963495040,WhiteDwarf
GALEX J185349.2+290427,2040546280956329344,WhiteDwarf
Gaia DR3 1978708097743563648,1978708097743563648,WhiteDwarf
Gaia DR2 4148599483478230912,4148599483478230912,WhiteDwarf
Gaia DR2 3068540655938749824,3068540655938749824,WhiteDwarf
Gaia DR2 2975764178321397632,2975764178321397632,WhiteDwarf
Gaia DR2 2282951898678900864,2282951898678900864,WhiteDwarf
GALEX J223918.9-343000,6597508231277758592,WhiteDwarf
Gaia DR2 4400324462974969728,4400324462974969728,WhiteDwarf
SDSS J082939.37+502807.9,1027336489073214848,WhiteDwarf
SDSS J091722.67+250300.5,687801010583870464,WhiteDwarf
Gaia DR2 5538464201986412416,5538464201986412416,WhiteDwarf
Gaia DR2 2838049140054062848,2838049140054062848,WhiteDwarf
GALEX J143813.0+123252,1179433444372156544,WhiteDwarf
Gaia DR2 6138896919106096256,6138896919106096256,WhiteDwarf
SDSS J213152.66+164157.9,1784145117160296320,WhiteDwarf
Gaia DR2 193371213056672896,193371213056672896,WhiteDwarf
GALEX J200448.0-651937,6427750095579954304,WhiteDwarf
Gaia DR2 5008487468400724608,5008487468400724608,WhiteDwarf
GALEX J050157.2-771209,4624760349849745408,WhiteDwarf
SDSS J082356.80+343551.5,903372909593036416,WhiteDwarf
Gaia DR2 5251191122510873088,5251191122510873088,WhiteDwarf
GALEX J094435.6+033126,3848090654819978368,WhiteDwarf
GALEX J224716.3+353518,1903563934045302016,WhiteDwarf
SDSS J235313.49+041525.4,2743352635960001792,WhiteDwarf
GALEX J011300.1+521926,404170961021243520,WhiteDwarf
GALEX J232612.7-081119,2438565474414923264,WhiteDwarf
GALEX J170856.4+114253,4540880909870214400,WhiteDwarf
Gaia DR3 4104989764293117696,4104989764293117696,WhiteDwarf
Gaia DR2 4104795352546297472,4104795352546297472,WhiteDwarf
Gaia DR2 2453738558784631808,2453738558784631808,WhiteDwarf
GALEX J135035.5+131948,3728759352186739968,WhiteDwarf
Gaia DR2 2217525944605849088,2217525944605849088,WhiteDwarf
Gaia DR2 5481430193086940544,5481430193086940544,WhiteDwarf
GALEX J213153.3-321619,6784748846671298816,WhiteDwarf
GALEX J041621.0+065613,3297353904761135744,WhiteDwarf
GALEX J022023.6-034039,2489926613190469376,WhiteDwarf
Gaia DR2 285660370801318912,285660370801318912,WhiteDwarf
Gaia DR2 325647757573153280,325647757573153280,WhiteDwarf
SDSS J211003.74-000152.8,2689964337045144704,WhiteDwarf
Gaia DR2 1159208409015472000,1159208409015472000,WhiteDwarf
LP  848-21,5469171261208778240,WhiteDwarf
GALEX J215653.7+281635,1896131926933587072,WhiteDwarf
GALEX J203326.7+720246,2274858260444486272,WhiteDwarf
Gaia DR2 5390570026796998656,5390570026796998656,WhiteDwarf
GALEX J045811.1-370346,4824482032830789888,WhiteDwarf
GALEX J090259.7+691305,1117812590800599808,WhiteDwarf
LAWDS NGC 2168  52,3426335174276034560,WhiteDwarf_Candidate
GALEX J024022.6+391235,334244594178112384,WhiteDwarf
2MASS J12244812+7920423,1717665659142919168,WhiteDwarf
GALEX J230112.9-085925,2607114864581645696,WhiteDwarf
Gaia DR3 2025725761897401088,2025725761897401088,WhiteDwarf
2QZ J222350.8-304452,6614179232736836096,WhiteDwarf
2QZ J025412.9-284014,5065423474726584064,WhiteDwarf
Gaia DR2 188090052552363392,188090052552363392,WhiteDwarf
GALEX J123058.7+392847,1533757182456329344,WhiteDwarf
HE 1340-0530,3632418223511334016,WhiteDwarf
GALEX J184935.9-661343,6434900116617328640,WhiteDwarf
Gaia DR2 2100311266275708032,2100311266275708032,WhiteDwarf
Gaia DR2 6150247516941250560,6150247516941250560,WhiteDwarf
GALEX J104207.8+244836,723774935100895104,WhiteDwarf
GALEX J111908.6+033819,3811936925792160384,WhiteDwarf
GALEX J122504.9+234754,3953875458801798400,WhiteDwarf
GALEX J155658.0-110759,4346090055506886016,WhiteDwarf
Gaia DR2 2658005420970607744,2658005420970607744,WhiteDwarf
Gaia DR2 1230602001109562496,1230602001109562496,WhiteDwarf
Gaia DR2 495869303062683904,495869303062683904,WhiteDwarf
GALEX J080017.4+215441,674071237089198976,WhiteDwarf
Gaia DR2 5429508299090158208,5429508299090158208,WhiteDwarf
2QZ J215022.7-280415,6810038262649351296,WhiteDwarf
GALEX J203347.2-313637,6793471306775405952,WhiteDwarf
GALEX J124216.3+640858,1676979704529682176,WhiteDwarf
GALEX J140246.1+370302,1483694081581338880,WhiteDwarf
PHL  1053,2565489931334373504,WhiteDwarf
MCT 2137-3756,6585878288771383296,WhiteDwarf
Gaia DR3 5858646179883133696,5858646179883133696,WhiteDwarf
SDSS J125852.39+573117.5,1577062070687350784,WhiteDwarf
GALEX J115416.9-473432,5371383200998288256,WhiteDwarf
SDSS J081603.16+430848.2,927908236689066368,WhiteDwarf
2QZ J104910.8+004708,3808081350830237696,WhiteDwarf
Gaia DR2 2203426490386045824,2203426490386045824,WhiteDwarf
Gaia DR2 5598501969274505344,5598501969274505344,WhiteDwarf
GALEX J080931.4+070103,3097485956671289856,WhiteDwarf
GALEX J111926.0-064846,3784079978364077568,WhiteDwarf
SDSS J200028.41+601248.1,2237377042922610304,WhiteDwarf
GALEX J150710.1+263313,1268369057294713472,WhiteDwarf
2QZ J013228.6-301352,5022951848806516352,WhiteDwarf
GALEX J131840.4+805524,1718994522023938304,WhiteDwarf
GALEX J144504.7+231747,1265877117268650112,WhiteDwarf
SDSS J144247.26+384058.6,1487079379101318016,WhiteDwarf
Gaia DR2 5367714336857530496,5367714336857530496,WhiteDwarf
Gaia DR2 3017289262180640896,3017289262180640896,WhiteDwarf
Gaia DR2 5634239597562083456,5634239597562083456,WhiteDwarf
GALEX J120329.3+271548,4006851200338422400,WhiteDwarf
GALEX J042155.3-872457,4612378234013483392,WhiteDwarf
SDSS J091424.50+514615.0,1022345771435097472,WhiteDwarf
GALEX J150316.0+195434,1213009986864127872,WhiteDwarf
GALEX J042452.7-362037,4869014723360094720,WhiteDwarf
Gaia DR3 4649615802334230528,4649615802334230528,WhiteDwarf
GALEX J224303.2-833724,6344298571781052928,WhiteDwarf
SDSS J120604.81+064122.8,3898536321316235136,WhiteDwarf
Gaia DR2 413459184281721600,413459184281721600,WhiteDwarf
SDSS J052201.60+003442.2,3221665757688765056,WhiteDwarf
GALEX J222321.9-452717,6518924765147631872,WhiteDwarf
GALEX J173637.4+051207,4485658346384754688,WhiteDwarf
GALEX J205716.5+331553,1865890611231777792,WhiteDwarf
GALEX J161455.1+414231,1381700535427119744,WhiteDwarf
Gaia DR2 5696469309995892736,5696469309995892736,WhiteDwarf
SDSS J225935.37+174825.6,2829314727058178816,WhiteDwarf
Gaia DR2 4484663803762072832,4484663803762072832,WhiteDwarf
Gaia DR3 4663057645522235904,4663057645522235904,WhiteDwarf
LB  9074,612465222627864192,WhiteDwarf
Gaia DR2 5564078248764661376,5564078248764661376,WhiteDwarf
Gaia DR2 1857334181677226368,1857334181677226368,WhiteDwarf
Gaia DR2 2086090771300503040,2086090771300503040,WhiteDwarf
Gaia DR2 5491999798364461952,5491999798364461952,WhiteDwarf
Gaia DR2 5334287710202471168,5334287710202471168,WhiteDwarf
Gaia DR2 5855167423879741696,5855167423879741696,WhiteDwarf
GALEX J173732.1+021054,4375802875481187328,WhiteDwarf
Gaia DR2 1420964056998859136,1420964056998859136,WhiteDwarf
GALEX J221834.6-240355,6626518089662379392,WhiteDwarf
GALEX J231938.7+011253,2657314584071748992,WhiteDwarf
GALEX J105602.4+034310,3809684610582377600,WhiteDwarf
SDSS J115106.87+200415.7,3976162078460326784,WhiteDwarf
GALEX J224602.7+230704,2836695813039523968,WhiteDwarf
GALEX J100225.5+583655,1046830761514183936,WhiteDwarf
Gaia DR3 6631369929537335552,6631369929537335552,WhiteDwarf
GALEX J084556.9+523557,1029207960943405952,WhiteDwarf
Gaia DR3 5281985930634063360,5281985930634063360,WhiteDwarf
Gaia DR2 5538793913734964992,5538793913734964992,WhiteDwarf
GALEX J130148.4-434728,6135720425719291136,WhiteDwarf
GALEX J114941.8-150220,3571836674713445376,WhiteDwarf
SDSS J073345.40+163933.5,3169139097932382208,WhiteDwarf
GALEX J160910.6-304352,6036983319474242816,WhiteDwarf
Gaia DR3 2034398602212461184,2034398602212461184,WhiteDwarf
Gaia DR2 4516583725825868800,4516583725825868800,WhiteDwarf
Gaia DR2 5446027808462084352,5446027808462084352,WhiteDwarf
Gaia DR2 5985749857190372480,5985749857190372480,WhiteDwarf
SDSS J102444.78+182546.6,624315793311881216,WhiteDwarf
SDSS J154244.74+431803.2,1396477039694929792,WhiteDwarf
GALEX J164331.6+662738,1636165145711746048,WhiteDwarf
Gaia DR2 2816419616031945344,2816419616031945344,WhiteDwarf
GALEX J143550.2+212015,1241254207198151168,WhiteDwarf
GALEX J124046.4+322942,1514546893253354880,WhiteDwarf
GD 462,1053211437944753024,WhiteDwarf
Gaia DR2 692919202851887104,692919202851887104,WhiteDwarf
Gaia DR2 5053332866912186496,5053332866912186496,WhiteDwarf
LSPM J1346+7106,1686806967659895296,WhiteDwarf
GALEX J060621.7-280900,2909905798342031104,WhiteDwarf
Gaia DR2 5410843681186348416,5410843681186348416,WhiteDwarf
Gaia DR2 2215514177622448768,2215514177622448768,WhiteDwarf
LSPM J1601+2908,1320147671184560896,WhiteDwarf
Gaia DR2 3385680422599564672,3385680422599564672,WhiteDwarf
Gaia DR2 4105707436134225152,4105707436134225152,WhiteDwarf
Gaia DR2 4195585983322183168,4195585983322183168,WhiteDwarf
GALEX J021359.4-083524,2486305887040360832,WhiteDwarf
GALEX J132150.9+590741,1566944807069414912,WhiteDwarf
GALEX J094428.6+055443,3853155898730204928,WhiteDwarf
Gaia DR2 2087822532173706880,2087822532173706880,WhiteDwarf
GALEX J110058.0+175807,3983742627018262656,WhiteDwarf
LAMOST J082259.81+011941.3,3078040058446893568,WhiteDwarf
GALEX J094951.2+605747,1050742102331918720,WhiteDwarf
GALEX J021136.1+290327,107935517446210176,WhiteDwarf
LSPM J2229+7206N,2229836725323068160,WhiteDwarf
GALEX J111210.5+101746,3963450865049685760,WhiteDwarf
GALEX J123025.6+065249,3900842065919689984,WhiteDwarf
Gaia DR2 5821196813846484352,5821196813846484352,WhiteDwarf
GALEX J055954.3-475014,4800846724720035200,WhiteDwarf
GALEX J075226.4+651252,1094724319789521024,WhiteDwarf
GALEX J032302.3-125329,5161563878106193024,WhiteDwarf
Gaia DR2 6235968471406712960,6235968471406712960,WhiteDwarf
Gaia DR2 3148464602838383360,3148464602838383360,WhiteDwarf
GALEX J122044.0+202237,3952201246190083072,WhiteDwarf
GALEX J032205.0-472105,4846154678323893248,WhiteDwarf
HBQS 2253-2329,2396116040590678656,WhiteDwarf
GALEX J083011.3+383941,911189926166099328,WhiteDwarf
GALEX J013400.4-110810,2458554797671023360,WhiteDwarf
Gaia DR2 5796375918658455680,5796375918658455680,WhiteDwarf
GALEX J235149.3-114627,2422211196729102336,WhiteDwarf
GALEX J042803.9+675432,495761585285669888,WhiteDwarf
Gaia DR2 6391524868232457856,6391524868232457856,WhiteDwarf
Gaia DR2 5551154524667855104,5551154524667855104,WhiteDwarf
SDSS J035824.23+132430.7,38532728593335296,WhiteDwarf
GALEX J010327.3-595431,4903226165097423744,WhiteDwarf
US 1981,912788512994435456,WhiteDwarf
GALEX J013722.1-424430,4958880694916239488,WhiteDwarf
Gaia DR2 4633276063111072000,4633276063111072000,WhiteDwarf
Gaia DR2 76503228787040640,76503228787040640,WhiteDwarf
Gaia DR2 5470581930330676608,5470581930330676608,WhiteDwarf
PG 1129+373,759980585988726912,WhiteDwarf
SDSS J222043.05+155530.2,2735638840336737408,WhiteDwarf
GALEX J115315.8+635036,863439368827303808,WhiteDwarf
Gaia DR2 439160062419923072,439160062419923072,WhiteDwarf
GALEX J170216.4+021319,4384995239363201280,WhiteDwarf
GALEX J150706.8-141159,6308663159406786560,WhiteDwarf
Lan 284,461226784053268096,WhiteDwarf
WD 1207+118,3906832926821632512,WhiteDwarf
GALEX J154148.9+462200,1400798983681762304,WhiteDwarf
Gaia DR3 5876429062487348992,5876429062487348992,WhiteDwarf
GALEX J180326.9+152101,4501499083425109504,WhiteDwarf
GALEX J194401.1+591808,2238863681427581184,WhiteDwarf
Gaia DR2 2889373247622470016,2889373247622470016,WhiteDwarf
Gaia DR2 4557683814067207296,4557683814067207296,WhiteDwarf
GALEX J221339.7-492456,6560065118707689088,WhiteDwarf
Gaia DR2 4223542028522445696,4223542028522445696,WhiteDwarf
GALEX J162939.5+290859,1305935590042316160,WhiteDwarf
Gaia DR2 5346367769573580544,5346367769573580544,WhiteDwarf
Gaia DR2 5188994154894872576,5188994154894872576,WhiteDwarf
GALEX J142521.1+413054,1491244840246860800,WhiteDwarf
MCT 2214-3740,6598092346829714560,WhiteDwarf
SDSS J140007.50+180149.3,1245599923828373888,WhiteDwarf
LAMOST J065843.33+220513.8,3367931560446101376,WhiteDwarf
GALEX J090601.5+220259,685344873406428160,WhiteDwarf
GALEX J075343.4+354423,906728760816340736,WhiteDwarf
2QZ J221556.5-275300,6618743855260156032,WhiteDwarf
GALEX J202316.4+034112,4245031291799869312,WhiteDwarf
LAMOST J032048.87+024020.7,3268745544214327040,WhiteDwarf
GALEX J193610.7-613616,6445227593114288128,WhiteDwarf
Gaia DR2 3418344237298097408,3418344237298097408,WhiteDwarf
GALEX J093248.2+623122,1063268808242775424,WhiteDwarf
Gaia DR3 5866867292739656192,5866867292739656192,WhiteDwarf
GALEX J081845.5+485855,931774222651458816,WhiteDwarf
Gaia DR2 2869171847470348160,2869171847470348160,WhiteDwarf
Gaia DR2 4741021678578345856,4741021678578345856,WhiteDwarf
Gaia DR2 4478890135063385600,4478890135063385600,WhiteDwarf
Gaia DR2 5136469002670931968,5136469002670931968,WhiteDwarf
GALEX J231621.8+092827,2762191221513286144,WhiteDwarf
Gaia DR2 3705025573363213952,3705025573363213952,WhiteDwarf
GALEX J174439.4+502020,1367303938193846272,WhiteDwarf
Gaia DR3 5342657020936133888,5342657020936133888,WhiteDwarf
SDSS J091609.65+511136.4,1019301670414569856,WhiteDwarf
2QZ J115041.9-014331,3794334470481793152,WhiteDwarf
Gaia DR2 5347690447716143616,5347690447716143616,WhiteDwarf
Gaia DR3 5964330447261701376,5964330447261701376,WhiteDwarf
LSPM J1102+2054,3985469616188225152,WhiteDwarf
2QZ J214454.5-303240,6593236701618596096,WhiteDwarf
GALEX J074319.7+651535,1095519816451984512,WhiteDwarf
Gaia DR2 4346539480885110144,4346539480885110144,WhiteDwarf
Gaia DR2 5479390637673852928,5479390637673852928,WhiteDwarf
Gaia DR2 3757230862190987776,3757230862190987776,WhiteDwarf
SDSS J152533.70+505842.5,1595577601685206144,WhiteDwarf
GALEX J082514.8+410610,914740141837824640,WhiteDwarf
Gaia DR2 6436337659349980800,6436337659349980800,WhiteDwarf
Gaia DR2 5531815038553912832,5531815038553912832,WhiteDwarf
Gaia DR2 6723509313179798272,6723509313179798272,WhiteDwarf
Gaia DR2 3175091407208151168,3175091407208151168,WhiteDwarf
GALEX J152417.1+514103,1595667314962650624,WhiteDwarf
Gaia DR2 4531782034539053824,4531782034539053824,WhiteDwarf
SDSS J090238.00+400615.0,720187812775007616,WhiteDwarf
GALEX J160348.9-064955,4349622919506481024,WhiteDwarf
Gaia DR2 1438413066013403392,1438413066013403392,WhiteDwarf
Gaia DR2 1375325253475003264,1375325253475003264,WhiteDwarf
Gaia DR2 3708890077561304576,3708890077561304576,WhiteDwarf
SDSS J103016.41+594919.7,1047572725704797312,WhiteDwarf
Gaia DR2 5278617989083842048,5278617989083842048,WhiteDwarf
SDSS J162114.34+061234.7,4437988813603774976,WhiteDwarf
LP  992-99,4963617807621683712,WhiteDwarf
GALEX J230410.7-121827,2411657396930920704,WhiteDwarf
SDSS J163715.18+142325.0,4462159622534199936,WhiteDwarf
Gaia DR2 5578049811738766848,5578049811738766848,WhiteDwarf
Gaia DR2 384479871701548672,384479871701548672,WhiteDwarf
SDSS J083253.66+233121.3,666354387746138624,WhiteDwarf
GALEX J152033.4+063443,1162442489325483008,WhiteDwarf
Gaia DR2 6663839877997212160,6663839877997212160,WhiteDwarf
GALEX J040610.7+745329,549965683170329088,WhiteDwarf
2QZ J001255.4-312429,2319579345418507008,WhiteDwarf
Gaia DR2 6497282317567870720,6497282317567870720,WhiteDwarf
GALEX J042218.9+352759,176502093346526208,WhiteDwarf
Gaia DR2 6241210457504637568,6241210457504637568,WhiteDwarf
SDSS J004626.45+142224.2,2777953927583527552,WhiteDwarf
GALEX J114544.6-061916,3598665789223240832,WhiteDwarf
GALEX J103737.9-230208,5471717210446316416,WhiteDwarf
Gaia DR2 4094555467661923328,4094555467661923328,WhiteDwarf
GALEX J092152.5+602903,1039007461405089408,WhiteDwarf
GALEX J232846.9+025835,2659422588380115712,WhiteDwarf
Gaia DR2 974294334459120128,974294334459120128,WhiteDwarf
GALEX J164542.4+714955,1653449193622276864,WhiteDwarf
GALEX J024913.2-531913,4741874968321646080,WhiteDwarf
SDSS J175953.53+465216.7,1350726601382165632,WhiteDwarf
Gaia DR2 3153865850630831232,3153865850630831232,WhiteDwarf
SDSS J082049.23+335715.1,901837785202856832,WhiteDwarf
GALEX J095453.7-323901,5438863906087340416,WhiteDwarf
Gaia DR2 3422020690647329664,3422020690647329664,WhiteDwarf
Gaia DR2 4598371448012005376,4598371448012005376,WhiteDwarf
GALEX J110159.9-052436,3788040071354798976,WhiteDwarf
SDSS J232958.47+505908.6,1991332174855731712,WhiteDwarf
GALEX J124116.0+211213,3955324374609199360,WhiteDwarf
Gaia DR2 2297694734700364928,2297694734700364928,WhiteDwarf
Gaia DR2 1319700586565521280,1319700586565521280,WhiteDwarf
GALEX J144250.0+121936,1178697153833939072,WhiteDwarf
Gaia DR2 3330977593111828608,3330977593111828608,WhiteDwarf
2QZ J011035.9-293821,5029796824086135552,WhiteDwarf
GALEX J163848.5+075415,4445336918531862656,WhiteDwarf
Gaia DR2 5948041457382053376,5948041457382053376,WhiteDwarf
GALEX J055045.2+641613,287058228037678976,WhiteDwarf
GALEX J042053.0-011630,3254071152794424832,WhiteDwarf
GALEX J092632.3+123603,593299223127702528,WhiteDwarf
SDSS J163144.11+291857.1,1305952804271341568,WhiteDwarf
GALEX J031955.3-504113,4737115143828231680,WhiteDwarf
Gaia DR2 2016980516959089280,2016980516959089280,WhiteDwarf
Gaia DR2 1081728332867531776,1081728332867531776,WhiteDwarf
GALEX J161205.2+303931,1318934978579176320,WhiteDwarf
GALEX J030555.9+443237,433022421011239552,WhiteDwarf
Gaia DR2 2970628496946501504,2970628496946501504,WhiteDwarf
EGGR 409,2580358214759857664,WhiteDwarf
2QZ J021919.1-274952,5116750670375974912,WhiteDwarf
Gaia DR2 5320282539105087104,5320282539105087104,WhiteDwarf
Gaia DR2 6295526331917156096,6295526331917156096,WhiteDwarf
GALEX J131211.7+640304,1676180909331588864,WhiteDwarf
SDSS J081236.82+282942.5,684296042392902528,WhiteDwarf
Gaia DR2 5314575455283276928,5314575455283276928,WhiteDwarf
GALEX J190450.0-462123,6662893920041157120,WhiteDwarf
Gaia DR2 3138311093991019520,3138311093991019520,WhiteDwarf
Gaia DR2 1432433200226962944,1432433200226962944,WhiteDwarf
GALEX J165945.3+280321,1307091623440490752,WhiteDwarf
SDSS J115441.83+533036.6,792576462892301440,WhiteDwarf
Gaia DR2 3750203264902378368,3750203264902378368,WhiteDwarf
Gaia DR2 4513581784213454080,4513581784213454080,WhiteDwarf
GALEX J085844.0+195152,684618375394433280,WhiteDwarf
Gaia DR2 3013869914148692224,3013869914148692224,WhiteDwarf
Gaia DR2 5227288736140268928,5227288736140268928,WhiteDwarf
GALEX J192733.3-202543,6773251631544060288,WhiteDwarf
Gaia DR2 1424048049676349568,1424048049676349568,WhiteDwarf
Gaia DR2 3404486542497395840,3404486542497395840,WhiteDwarf
SDSS J100927.14+215626.6,629177043455806208,WhiteDwarf
GALEX J220227.4-360422,6587196736354870400,WhiteDwarf
GALEX J115818.6+470615,774328452521526528,WhiteDwarf
Gaia DR2 5546423360499428608,5546423360499428608,WhiteDwarf
GALEX J204308.2-461408,6482755329423886208,WhiteDwarf
GALEX J215235.6-430821,6571886930292018816,WhiteDwarf
GALEX J204643.7-044321,6914352263672298880,WhiteDwarf
Gaia DR2 1956963782131742592,1956963782131742592,WhiteDwarf
GALEX J082549.8+645323,1091744265320782464,WhiteDwarf
GALEX J084312.0+084220,597879273172688896,WhiteDwarf
GALEX J083932.5+533235,1030254008817746176,WhiteDwarf
GALEX J162028.8+630447,1628591542117357440,WhiteDwarf
Gaia DR3 4037542181955289856,4037542181955289856,WhiteDwarf
Gaia DR2 191813033283451264,191813033283451264,WhiteDwarf
LAMOST J120732.82+472341.8,1545951801497579648,WhiteDwarf
Gaia DR3 187214738215748352,187214738215748352,WhiteDwarf
GALEX J035030.0-273512,5080749674682087296,WhiteDwarf
Gaia DR2 237414973104848128,237414973104848128,WhiteDwarf
GALEX J225713.5+055353,2711352896221821056,WhiteDwarf
Gaia DR3 4116719693585631872,4116719693585631872,WhiteDwarf
Gaia DR2 1089364406762782848,1089364406762782848,WhiteDwarf
GALEX J014449.2-234506,5039115013332382976,WhiteDwarf
Gaia DR3 6583857936154067072,6583857936154067072,WhiteDwarf
GALEX J133416.8+064758,3718388689794769664,WhiteDwarf
GALEX J090319.8+361532,715363022609757440,WhiteDwarf
Gaia DR2 5332208808590835840,5332208808590835840,WhiteDwarf
Gaia DR2 5556030751362563328,5556030751362563328,WhiteDwarf
2QZ J103257.4-024012,3781631086795267328,WhiteDwarf
GALEX J035947.7-271710,4890121193381789952,WhiteDwarf
SDSS J085108.32+024742.3,578004741507189760,WhiteDwarf
SDSS J131316.97+023849.4,3691693475185040128,WhiteDwarf
GALEX J075121.5+335649,882459927851275904,WhiteDwarf
LSPM J0645+7546,1115696885613749504,WhiteDwarf
GALEX J005357.9-400153,4987563830844953088,WhiteDwarf
SDSS J092007.12+125541.3,594207694609497984,WhiteDwarf
SDSS J110756.65+165516.1,3971374186357712768,WhiteDwarf
GALEX J042727.5-074229,3198823094383794944,WhiteDwarf
Gaia DR3 6059233831350767488,6059233831350767488,WhiteDwarf
SDSS J011528.35+033016.7,2562909583702215680,WhiteDwarf
Gaia DR2 1277219369981634432,1277219369981634432,WhiteDwarf
Gaia DR2 1528876553419693568,1528876553419693568,WhiteDwarf
Gaia DR2 2083157338697715968,2083157338697715968,WhiteDwarf
PG 0915+201,636028684525913088,WhiteDwarf
LAMOST J032331.70+350115.9,126017157963829120,WhiteDwarf
GALEX J125222.4+152028,3931382994246644992,WhiteDwarf
PB  4054,1248418732339755776,WhiteDwarf
GALEX J011833.5-330826,5014743758283466496,WhiteDwarf
Gaia DR2 3192105941627815808,3192105941627815808,WhiteDwarf
Gaia DR2 329127810659086208,329127810659086208,WhiteDwarf
Gaia DR2 2960181006179015040,2960181006179015040,WhiteDwarf
GALEX J201157.6-652619,6429174276674578560,WhiteDwarf
SDSS J005344.55+071917.4,2556605469360226048,WhiteDwarf
Gaia DR2 6554901915182987904,6554901915182987904,WhiteDwarf
Gaia DR2 1757669529998115712,1757669529998115712,WhiteDwarf
Gaia DR2 6168307304667267456,6168307304667267456,WhiteDwarf
GALEX J191559.1+700203,2262548811157874176,WhiteDwarf
GALEX J160701.7+181522,1199976032430919680,WhiteDwarf
Gaia DR2 6244473464418899584,6244473464418899584,WhiteDwarf
Gaia DR2 423579746441575424,423579746441575424,WhiteDwarf
2QZ J130901.8-003233,3686117748641021440,WhiteDwarf
GALEX J144059.5+455555,1494016021865283968,WhiteDwarf
Gaia DR2 1748653706450865152,1748653706450865152,WhiteDwarf
US 2164,1009051645063253248,WhiteDwarf
Gaia DR2 1948932949197990400,1948932949197990400,WhiteDwarf
Gaia DR2 2255352816791935744,2255352816791935744,WhiteDwarf
GALEX J224557.7+715111,2229910122020876160,WhiteDwarf
GALEX J121752.9-475628,6130310794150705536,WhiteDwarf
Gaia DR2 267773343843945344,267773343843945344,WhiteDwarf
GALEX J120008.5-121744,3574160634272880896,WhiteDwarf
GALEX J112320.2-824016,5197482414724690560,WhiteDwarf
Gaia DR2 554339884024106624,554339884024106624,WhiteDwarf
GALEX J172600.2+533104,1416322331224173312,WhiteDwarf
SDSS J133350.16+371913.5,1475136002763601152,WhiteDwarf
Gaia DR2 2923169761159361664,2923169761159361664,WhiteDwarf
GALEX J164936.2+245806,1300118314538891008,WhiteDwarf
SDSS J103723.10+311422.7,736131388507504640,WhiteDwarf
LSPM J0013+3246,2863526233218817024,WhiteDwarf
Gaia DR2 5626339881393800960,5626339881393800960,WhiteDwarf
Gaia DR2 6083874810339621248,6083874810339621248,WhiteDwarf
SDSS J091336.38+443405.4,818833831355548928,WhiteDwarf
GALEX J040554.0-302158,4887120896730776704,WhiteDwarf
GALEX J224854.5+361941,1903801256758779008,WhiteDwarf
Gaia DR2 5568889814726969600,5568889814726969600,WhiteDwarf
GALEX J160236.1+381950,1379348366521990144,WhiteDwarf
Gaia DR2 5041908700580084864,5041908700580084864,WhiteDwarf
GALEX J103240.3-042400,3777808909499353728,WhiteDwarf
GALEX J010127.4+403849,374383228223674240,WhiteDwarf
Gaia DR2 5874107959091165952,5874107959091165952,WhiteDwarf
Gaia DR2 1759291932419867392,1759291932419867392,WhiteDwarf
Gaia DR2 507078480512628096,507078480512628096,WhiteDwarf
OMHR J131148.18+292337.1,1462641629366243712,WhiteDwarf
GALEX J075026.5+464946,933388992915787648,WhiteDwarf
US 1506,913637297315431552,WhiteDwarf
LAMOST J051757.79+365048.9,187066686401823488,WhiteDwarf
PHL   665,2417524528415737856,WhiteDwarf
Gaia DR2 6901336829137994368,6901336829137994368,WhiteDwarf
Gaia DR2 5998049513967312512,5998049513967312512,WhiteDwarf
GALEX J190722.1-331833,6755932601119090048,WhiteDwarf
GALEX J161043.5+132704,4458251064854338176,WhiteDwarf
LEHPM 369,2364587647743373056,WhiteDwarf
Gaia DR2 4531314746407239168,4531314746407239168,WhiteDwarf
GALEX J231352.3+181257,2819021610299427968,WhiteDwarf
Gaia DR2 675963668399543936,675963668399543936,WhiteDwarf
Gaia DR2 4216665957687995008,4216665957687995008,WhiteDwarf
GALEX J023702.8-120958,5170692268453752064,WhiteDwarf
GALEX J204507.0+003736,4228227215072708608,WhiteDwarf
Gaia DR2 6702207100026305280,6702207100026305280,WhiteDwarf
GALEX J005643.4+754338,539012313975442816,WhiteDwarf
Gaia DR2 2007368556243043456,2007368556243043456,WhiteDwarf
GALEX J091522.9+165754,631967088571209472,WhiteDwarf
GALEX J120722.8+091722,3905910019954089856,WhiteDwarf
GALEX J224013.6+044906,2705728447568725760,WhiteDwarf
SDSS J202115.45+065517.7,4249830522615567360,WhiteDwarf
Gaia DR2 272163831212589056,272163831212589056,WhiteDwarf
Gaia DR2 4623252266571653888,4623252266571653888,WhiteDwarf
Gaia DR2 3350410499060702976,3350410499060702976,WhiteDwarf
Gaia DR2 56070969848079488,56070969848079488,WhiteDwarf
SDSS J095707.60+320635.9,745261488251369344,WhiteDwarf
Gaia DR2 3050556493998452352,3050556493998452352,WhiteDwarf
GALEX J091056.5+094655,591666658813820544,WhiteDwarf
Gaia DR2 5233672908673556736,5233672908673556736,WhiteDwarf
SDSS J094135.58+203322.8,639818701105072128,WhiteDwarf
SDSS J165519.59+351755.7,1338985157226553216,WhiteDwarf
SDSS J053157.37+020057.1,3223564476830329728,WhiteDwarf
GALEX J135912.1-021531,3657728190908600064,WhiteDwarf
Gaia DR2 3232965610484864640,3232965610484864640,WhiteDwarf
Gaia DR2 2055019942788181632,2055019942788181632,WhiteDwarf
Gaia DR3 6061988211046474112,6061988211046474112,WhiteDwarf
Gaia DR2 2484777222281001216,2484777222281001216,WhiteDwarf
Gaia DR2 6696334539702366848,6696334539702366848,WhiteDwarf
Gaia DR2 5068272313649319168,5068272313649319168,WhiteDwarf
Gaia DR2 2251825583489808000,2251825583489808000,WhiteDwarf
GALEX J043951.4+273837,157696458781425280,WhiteDwarf
GALEX J093939.5+010944,3846448293685400320,WhiteDwarf
Gaia DR2 5984062042451074432,5984062042455688960,WhiteDwarf
GALEX J224833.6+370805,1927906056332204288,WhiteDwarf
GALEX J123634.8-304601,3470304442405291520,WhiteDwarf
Gaia DR3 5864100406128969600,5864100406128969600,WhiteDwarf
Gaia DR2 5513313831271224064,5513313831271224064,WhiteDwarf
SDSS J022133.60+004922.0,2501161010686354944,WhiteDwarf
GALEX J042922.5-062910,3199332030827978240,WhiteDwarf
GALEX J215303.7+882041,2305494189150238464,WhiteDwarf
Gaia DR2 6431364671338145792,6431364671338145792,WhiteDwarf
2QZ J225932.5-314527,6603332481812064640,WhiteDwarf
Gaia DR2 2961980180861702400,2961980180861702400,WhiteDwarf
GALEX J051820.3-755757,4648892632920339072,WhiteDwarf
GALEX J233113.2-234537,2381260921240123008,WhiteDwarf
GALEX J072621.2+363311,897254058666453504,WhiteDwarf
GALEX J233743.6+095419,2762972909857224192,WhiteDwarf
Gaia DR2 6736942837030008704,6736942837030008704,WhiteDwarf
Gaia DR2 2911755211260715264,2911755211260715264,WhiteDwarf
2QZ J095525.9+012737,3834693964628690176,WhiteDwarf
Gaia DR2 5399978715299444864,5399978715299444864,WhiteDwarf
GALEX J084434.3+145549,609571415399831296,WhiteDwarf
GALEX J021859.5-553203,4742547869437542912,WhiteDwarf
Gaia DR2 6021185746856979840,6021185746856979840,WhiteDwarf
GALEX J033611.1+700007,494769306102734592,WhiteDwarf
GALEX J205916.2-220651,6808501974322733568,WhiteDwarf
GALEX J102551.8+595441,1047612101964986112,WhiteDwarf
GALEX J024011.1+074316,18998908093499520,WhiteDwarf
Gaia DR2 5608016283896264320,5608016283896264320,WhiteDwarf
GALEX J000710.3-460208,4990483304797991680,WhiteDwarf
Gaia DR2 6125462050949989376,6125462050949989376,WhiteDwarf
Gaia DR2 3072276006175903872,3072276006175903872,WhiteDwarf
Gaia DR2 6029260388537810688,6029260388537810688,WhiteDwarf
SDSS J171132.39+261440.4,4573811931660753664,WhiteDwarf
LSPM J2244+0644,2712583146653885824,WhiteDwarf
Gaia DR2 2208498331366985088,2208498331366985088,WhiteDwarf
Gaia DR2 2946254690687917568,2946254690687917568,WhiteDwarf
GALEX J212559.6-492557,6467034855767028096,WhiteDwarf
Gaia DR2 3489190130865206528,3489190130865206528,WhiteDwarf
GALEX J133436.9-204120,6196581349255593984,WhiteDwarf
GALEX J030942.7-401053,4852409039763889536,WhiteDwarf
Gaia DR3 4483368682145721344,4483368682145721344,WhiteDwarf
SDSS J124541.46-055956.6,3676856978812916224,WhiteDwarf
Gaia DR2 5877148688530911360,5877148688530911360,WhiteDwarf
GALEX J191522.1-501710,6658153444375842560,WhiteDwarf
SDSS J051101.40+163703.0,3394751329105314816,WhiteDwarf
WG  14,5259443811964094080,WhiteDwarf
Gaia DR2 2052277314111919744,2052277314111919744,WhiteDwarf
GALEX J161514.3+312242,1319354545344264832,WhiteDwarf
SDSS J135409.62+012038.7,3663919296071216000,WhiteDwarf
Gaia DR2 2881222220040137216,2881222220040137216,WhiteDwarf
Gaia DR2 1379667156173925760,1379667156173925760,WhiteDwarf
GALEX J232237.0+291050,2869963186604591232,WhiteDwarf
Gaia DR2 411951822555835648,411951822555835648,WhiteDwarf
GALEX J225112.5-233439,2396232279585480320,WhiteDwarf
GALEX J021748.3-094230,5176076641318869760,WhiteDwarf
GALEX J080743.1+393829,909125451350925952,WhiteDwarf
GALEX J084121.8-214800,5702469688543210240,WhiteDwarf
GALEX J224140.2-153158,2596751387669322880,WhiteDwarf
SDSS J073735.38+320315.2,892324604442418432,WhiteDwarf
Gaia DR2 5724960611207526656,5724960611207526656,WhiteDwarf
GALEX J001809.0+045747,2741247758387516288,WhiteDwarf
Gaia DR2 2207598174939801216,2207598174939801216,WhiteDwarf
Gaia DR2 1119207660600837760,1119207660600837760,WhiteDwarf
Gaia DR2 6525998060888391040,6525998060888391040,WhiteDwarf
GALEX J050534.2+052002,3239825502188312320,WhiteDwarf
Gaia DR2 6523877785856431360,6523877785856431360,WhiteDwarf
EGGR 424,892112020740161024,WhiteDwarf
Gaia DR2 6631993657571093120,6631993657571093120,WhiteDwarf
GALEX J045453.4-543302,4776846546254132224,WhiteDwarf
Gaia DR2 3057130890637572352,3057130890637572352,WhiteDwarf
SDSS J063448.51+364720.8,943058239905718272,WhiteDwarf
Gaia DR2 219685588624634880,219685588624634880,WhiteDwarf
GALEX J115915.4-140924,3573630566590717952,WhiteDwarf
SDSS J144220.58+140643.7,1185697469490223744,WhiteDwarf
GALEX J104659.1+320028,737498352043798784,WhiteDwarf
GALEX J091901.0-360312,5623469056532613888,WhiteDwarf
Gaia DR2 1190948599586169600,1190948599586169600,WhiteDwarf
SDSS J024259.92+003936.4,2498900792737039872,WhiteDwarf
Gaia DR2 5525956192070688896,5525956192070688896,WhiteDwarf
SDSS J093903.50-011106.6,3839507248577779712,WhiteDwarf
GD 532,2155960371551164416,WhiteDwarf
GALEX J002857.5+135229,2779903430420309248,WhiteDwarf
Gaia DR2 1148255284634505856,1148255284634505856,WhiteDwarf
Gaia DR2 5311146800078984192,5311146800078984192,WhiteDwarf
GALEX J032656.8-541533,4734047403307929472,WhiteDwarf
GALEX J002104.7-731637,4688701963237262976,WhiteDwarf
SDSS J110615.58+572513.2,857033270486280960,WhiteDwarf
GALEX J153208.3+833508,1723852916013859968,WhiteDwarf
Gaia DR3 5252872958697461120,5252872958697461120,WhiteDwarf
GALEX J084546.3-081929,5750922004883353344,WhiteDwarf
GALEX J201902.4+022403,4243291211568227072,WhiteDwarf
GALEX J010433.5-613559,4710600661442907264,WhiteDwarf
GALEX J105957.4+335127,761412626868608256,WhiteDwarf
GALEX J082845.1+133551,651038087691243008,WhiteDwarf
Gaia DR2 4867326732493223296,4867326732493223296,WhiteDwarf
GALEX J155827.1+203134,1204316668115496704,WhiteDwarf
Gaia DR2 3195946703245151616,3195946703245151616,WhiteDwarf
Gaia DR2 2977010165512974208,2977010165512974208,WhiteDwarf
GALEX J183843.0-572304,6637517367768242688,WhiteDwarf
Gaia DR2 5840066181417545856,5840066181417545856,WhiteDwarf
GALEX J090047.7+554125,1035962810628672896,WhiteDwarf
Gaia DR2 191894122266140160,191894122266140160,WhiteDwarf
GALEX J160926.4+532307,1428061095319124224,WhiteDwarf
Gaia DR3 4757177799359708160,4757177799359708160,WhiteDwarf
GALEX J134434.0-275052,6177908927394728320,WhiteDwarf
Gaia DR2 4968004755937495424,4968004755937495424,WhiteDwarf
GALEX J053651.8-195117,2965603694449075840,WhiteDwarf
SDSS J102312.62+051039.5,3860641408251950848,WhiteDwarf
2QZ J102732.5-005441,3782861474666475136,WhiteDwarf
Gaia DR2 5277169627326448000,5277169627326448000,WhiteDwarf
GALEX J182014.9+652405,2257442438640351232,WhiteDwarf
LB  3839,428524005410950016,WhiteDwarf
SDSS J012231.04+144354.5,2590531033778804608,WhiteDwarf
SDSS J090237.58+474448.2,1012486592404336128,WhiteDwarf
GALEX J034538.2+622033,487022078454942592,WhiteDwarf
Gaia DR2 2947153442669677568,2947153442669677568,WhiteDwarf
GALEX J195034.6-301325,6751615991484545664,WhiteDwarf
Gaia DR2 4115321016011113856,4115321016011113856,WhiteDwarf
Gaia DR2 1590498064123119744,1590498064123119744,WhiteDwarf
SDSS J110920.19+505943.0,839114361986112512,WhiteDwarf
2QZ J102513.4+004049,3831356985492850176,WhiteDwarf
SDSS J092020.27+351557.8,714534982978521344,WhiteDwarf
Gaia DR2 4244812214107514752,4244812214107514752,WhiteDwarf
GALEX J093031.0+061852,3852675309069466496,WhiteDwarf
Gaia DR2 4898174321484180224,4898174321484180224,WhiteDwarf
GALEX J042550.3-731153,4652640009066103808,WhiteDwarf
Gaia DR2 5267299719461961600,5267299719461961600,WhiteDwarf
Gaia DR2 3003902398863440768,3003902398863440768,WhiteDwarf
GALEX J141218.8+102156,1225264357488373760,WhiteDwarf
GALEX J020310.8-640235,4700918396408652416,WhiteDwarf
GALEX J001449.0+191453,2797596870317811840,WhiteDwarf
Gaia DR2 1869484158827973248,1869484158827973248,WhiteDwarf
UCAC4 230-146508,5955371725305718400,WhiteDwarf
GALEX J074806.8+403608,923812521515787136,WhiteDwarf
GALEX J112326.6-042418,3786674963243681536,WhiteDwarf
GALEX J225531.9+220956,2835969276371444736,WhiteDwarf
GALEX J200510.0-201903,6866196785408571648,WhiteDwarf
Gaia DR2 5041325821978449152,5041325821978449152,WhiteDwarf
Gaia DR3 4040893871361368576,4040893871361368576,WhiteDwarf
Gaia DR2 2085103100614539904,2085103100614539904,WhiteDwarf
Gaia DR2 2037188338084879104,2037188338084879104,WhiteDwarf
Gaia DR2 1885644986889667968,1885644986889667968,WhiteDwarf
SDSS J075819.22+185706.4,670017062840397184,WhiteDwarf
2QZ J115440.7+011632,3892236699509602560,WhiteDwarf
SDSS J163100.46+452710.5,1406697824909519744,WhiteDwarf
SDSS J141807.73+262811.3,1259032696039635456,WhiteDwarf
GALEX J145936.5+393120,1296557236893996544,WhiteDwarf
Gaia DR2 2935124952950777088,2935124952950777088,WhiteDwarf
SDSS J010000.46+455204.7,377790511677100288,WhiteDwarf
GALEX J050413.5+570430,280513694311501952,WhiteDwarf
LAMOST J041829.56+410207.5,227936289520503296,WhiteDwarf
Gaia DR2 2593749441752628736,2593749441752628736,WhiteDwarf
Gaia DR2 6420735829870127488,6420735829870127488,WhiteDwarf
Gaia DR2 6043086953334253184,6043086953334253184,WhiteDwarf
Gaia DR2 1841253373149922688,1841253373149922688,WhiteDwarf
Gaia DR2 4693782978261408256,4693782978261408256,WhiteDwarf
GALEX J173522.9+585833,1434632876317625600,WhiteDwarf
Gaia DR2 4519091235107467520,4519091235107467520,WhiteDwarf
GALEX J122910.2+073941,3901143774487235200,WhiteDwarf
GALEX J202654.1-062558,4217729529025009024,WhiteDwarf
GALEX J141835.2+092920,1176899898999183360,WhiteDwarf
GALEX J074648.9+375412,919895339543898496,WhiteDwarf
GALEX J080615.1+364018,907059606440721024,WhiteDwarf
GD 546,2186814729417401984,WhiteDwarf
SDSS J112639.68+275513.1,4021771882364955904,WhiteDwarf
[DI91] 1495,4666878036105137536,WhiteDwarf
Gaia DR2 5406418215622839424,5406418215622839424,WhiteDwarf
GALEX J013437.3+213108,288892728828628480,WhiteDwarf
LP  424-13,669444943132791424,WhiteDwarf
GALEX J195441.8-045951,4221305346994281856,WhiteDwarf
Gaia DR2 1361910185120995968,1361910185120995968,WhiteDwarf
GALEX J234814.3-762838,6377354220639711744,WhiteDwarf
GALEX J050254.4+173951,3407060185683999616,WhiteDwarf
GALEX J010052.8-074409,2475939352112644864,WhiteDwarf
GALEX J192628.5-665047,6422120115009579392,WhiteDwarf
Gaia DR2 4654713073833235456,4654713073833235456,WhiteDwarf
SDSS J231431.77-004937.6,2638993589320904448,WhiteDwarf
GALEX J133305.4+325400,1469124246843402624,WhiteDwarf
Gaia DR2 6239932618836266752,6239932618836266752,WhiteDwarf
GALEX J205402.6-364423,6778502246237286400,WhiteDwarf
Gaia DR2 3001306481972841856,3001306481972841856,WhiteDwarf
Gaia DR2 2885861093951052032,2885861093951052032,WhiteDwarf
GALEX J055003.2-163019,2994934026112726528,WhiteDwarf
GALEX J165142.7+353026,1327051951372712960,WhiteDwarf
GALEX J012304.0-182042,2354999360888877184,WhiteDwarf
GALEX J180311.0+795400,2294404239994492544,WhiteDwarf
Gaia DR2 1897381345803804544,1897381345803804544,WhiteDwarf
EC 20217-5318,6474276415442088576,WhiteDwarf
GALEX J174123.9-750723,5801624750946398976,WhiteDwarf
GALEX J192738.2-030557,4213534887872491520,WhiteDwarf
[RWW88] SC 171656.7-331456,5979203124438077952,WhiteDwarf
GALEX J032019.7-363723,4854733750942322304,WhiteDwarf
Gaia DR2 4491030697637213056,4491030697637213056,WhiteDwarf
GALEX J193318.0+533938,2136880164022709248,WhiteDwarf
2QZ J134800.2-014919,3658526225896875264,WhiteDwarf
Gaia DR2 5342099293671399936,5342099293671399936,WhiteDwarf
SDSS J013149.30+425056.5,396466438230356096,WhiteDwarf
GALEX J022919.6+255536,103218990520145280,WhiteDwarf
Gaia DR2 554994746281451136,554994746281451136,WhiteDwarf
Gaia DR3 2625721350102675712,2625721350102675712,WhiteDwarf
GALEX J224845.1+330734,1890654842902723456,WhiteDwarf
GALEX J091616.7+155727,631648367637723264,WhiteDwarf
Gaia DR2 4491181502528360448,4491181502528360448,WhiteDwarf
Gaia DR2 5510018320042498816,5510018320042498816,WhiteDwarf
SDSS J090401.62+291424.5,699262319791918848,WhiteDwarf
SDSS J035414.64+002925.4,3257879581897582976,WhiteDwarf
Gaia DR2 514614017823056896,514614017823056896,WhiteDwarf
GALEX J191254.1-511809,6657222226747182336,WhiteDwarf
GALEX J014930.3+104641,2574170575635467776,WhiteDwarf
Gaia DR2 3631267717736700416,3631267717736700416,WhiteDwarf
Gaia DR2 3193647383913360128,3193647383913360128,WhiteDwarf
GALEX J133759.8-495727,6070607076539724416,WhiteDwarf
Gaia DR2 4604747859538902016,4604747859538902016,WhiteDwarf
SDSS J162608.25+122813.6,4460149642266328832,WhiteDwarf
Gaia DR2 522764594437792384,522764594437792384,WhiteDwarf
GALEX J171900.2-761719,5801802386500557568,WhiteDwarf
Gaia DR2 5146019876066016000,5146019876066016000,WhiteDwarf
GALEX J035326.1-111047,3193341857120018304,WhiteDwarf
2QZ J113709.1+011031,3799114386828760704,WhiteDwarf
LAMOST J052225.46+281044.2,3421534947027340800,WhiteDwarf
GALEX J033209.0-001314,3264161164842179584,WhiteDwarf
Gaia DR2 2102057943576941824,2102057943576941824,WhiteDwarf
Gaia DR2 1970514605812778624,1970514605812778624,WhiteDwarf
GALEX J121646.4+624635,1584203364350070400,WhiteDwarf
G 154-23,4147850200662533248,WhiteDwarf
GALEX J014728.9+235140,291098280434472192,WhiteDwarf
SDSS J142307.14+552631.6,1608840391976170240,WhiteDwarf
GALEX J083156.3+612044,1041990161573061504,WhiteDwarf
GALEX J152854.0+044225,4428393925389673344,WhiteDwarf
Gaia DR2 4079375988065756928,4079375988065756928,WhiteDwarf
GALEX J095949.3+303532,744167886498919808,WhiteDwarf
Gaia DR2 1820189792673539840,1820189792673539840,WhiteDwarf
Gaia DR2 1319413231777193088,1319413231777193088,WhiteDwarf
GALEX J074133.0+383123,896211451061233024,WhiteDwarf
GALEX J140732.9+620541,1661513565951662464,WhiteDwarf
SDSS J001257.11-064435.8,2443240662282401792,WhiteDwarf
USNO-A2.0 0675-01458609,5096087136038857472,WhiteDwarf
GALEX J221856.5+000910,2679082539184276992,WhiteDwarf
GALEX J060502.4+571334,998987712055027584,WhiteDwarf
GALEX J091842.5+591804,1038514433518839424,WhiteDwarf
GALEX J221321.0-542631,6509010778035696256,WhiteDwarf
Gaia DR2 1804658808677877888,1804658808677877888,WhiteDwarf
Gaia DR2 5687981286385273600,5687981286385273600,WhiteDwarf
GALEX J202430.6-035309,4219603268635199360,WhiteDwarf
Gaia DR2 1094376947131011328,1094376947131876352,WhiteDwarf
GALEX J173001.3-180953,4122680253514268672,WhiteDwarf
GALEX J084211.0+130307,603097692797009408,WhiteDwarf
Gaia DR3 4088185275227745792,4088185275227745792,WhiteDwarf
Gaia DR2 2105836106046702336,2105836106046702336,WhiteDwarf
Gaia DR2 5216484758792787840,5216484758792787840,WhiteDwarf
GALEX J155843.4+033354,4425009181917234176,WhiteDwarf
2SLAQ J223547.20+002507.3,2654197979707790080,WhiteDwarf
SDSS J075134.36-092431.5,3040699032954543360,WhiteDwarf
GALEX J212923.8-183153,6831374251426139648,WhiteDwarf
GALEX J142114.2-175459,6296609007272577024,WhiteDwarf
GALEX J004939.2-611347,4902671392761785344,WhiteDwarf
GALEX J131051.5+362548,1474318511571939072,WhiteDwarf
GALEX J010313.2+201212,2788776622399147264,WhiteDwarf
GALEX J194859.1+823152,2301478227225879680,WhiteDwarf
GALEX J234943.4+133814,2770152171030038016,WhiteDwarf
Gaia DR2 5408640496103925504,5408640500410633984,WhiteDwarf
GALEX J105331.3+634720,1055401660811111680,WhiteDwarf
GALEX J051210.6+564607,280072137313842304,WhiteDwarf
SDSS J014252.05+105527.1,2573484274221562496,WhiteDwarf
Gaia DR2 6124114633811734272,6124114633811734272,WhiteDwarf
GALEX J122957.5-435338,6145320777136908160,WhiteDwarf
GALEX J032937.2-570034,4730164100037316736,WhiteDwarf
GALEX J083736.7+542759,1030621658018969856,WhiteDwarf
2QZ J104749.9-005406,3806116867148875392,WhiteDwarf
Gaia DR2 2208392056694639616,2208392056694639616,WhiteDwarf
GALEX J152908.2+433508,1394429199289140864,WhiteDwarf
EC 22193-1736,2595490758933185280,WhiteDwarf
Gaia DR2 1264453799465433088,1264453799465433088,WhiteDwarf
GALEX J204221.7-462742,6482745708696336640,WhiteDwarf
GALEX J131409.9-064956,3628647718966492672,WhiteDwarf
GALEX J233321.9+044204,2660157057852130688,WhiteDwarf
GALEX J085813.4+380118,718847508100724992,WhiteDwarf
Gaia DR2 2195721009817033088,2195721014117699328,WhiteDwarf
Gaia DR3 5999738290799889664,5999738290799889664,WhiteDwarf
Gaia DR2 5856261579673813632,5856261579673813632,WhiteDwarf
GALEX J055730.3-474728,4800859433528989184,WhiteDwarf
GALEX J195811.7-110848,4189446821488508544,WhiteDwarf
Gaia DR2 3285621497217490816,3285621497217490816,WhiteDwarf
SDSS J115015.74+492843.7,787888523268272000,WhiteDwarf
SDSS J080419.56+504425.5,935042658404248448,WhiteDwarf
SDSS J141009.57+191757.1,1246025125590052224,WhiteDwarf
SDSS J231355.54+251852.1,2844108484210757120,WhiteDwarf
GALEX J012115.4+321010,316660791909483904,WhiteDwarf
Gaia DR2 6199450387410687744,6199450387410687744,WhiteDwarf
GALEX J192926.6-691205,6420884130798781440,WhiteDwarf
SDSS J005052.54+401100.3,374172980983236352,WhiteDwarf
Gaia DR2 5653531834741437696,5653531834741437696,WhiteDwarf
GALEX J145337.1+454942,1586898331773316608,WhiteDwarf
GALEX J201103.5-674952,6424154937373012608,WhiteDwarf
GALEX J113502.1-243019,3533885454629567872,WhiteDwarf
2QZ J003557.1-285029,2318957674672525952,WhiteDwarf
2MASS J22185998+4225212,1958582057089133056,WhiteDwarf
GALEX J011503.5+192514,2786823786668977280,WhiteDwarf
SDSS J153006.10+264923.9,1270736722441390336,WhiteDwarf
SBSS 1257+576,1577048361151734400,WhiteDwarf
GALEX J032411.9+392443,235924786953370624,WhiteDwarf
GALEX J160327.7+193942,1203265358904378880,WhiteDwarf
Gaia DR2 3800758019273664768,3800758019273664768,WhiteDwarf
GALEX J075347.9+083645,3145446787017656576,WhiteDwarf
GALEX J190501.7-394757,6717520818806767872,WhiteDwarf
GALEX J093936.1-301246,5632448767998050560,WhiteDwarf
Gaia DR2 2077363981862192640,2077363981862192640,WhiteDwarf
Gaia DR2 5362381533661507456,5362381533661507456,WhiteDwarf
Gaia DR2 5253465904709606400,5253465904709606400,WhiteDwarf
GALEX J002006.4-610948,4905074650301701120,WhiteDwarf
GALEX J205358.3-783732,6362073414195176576,WhiteDwarf
[DJC2017] J042434.66-611813.5,4678167404886154240,WhiteDwarf
2MASS J06575459+3327449,939049179993049728,WhiteDwarf
Gaia DR2 5441345920446664064,5441345920446664064,WhiteDwarf
Gaia DR2 2065649540166769408,2065649540166769408,WhiteDwarf
Gaia DR2 5677919865933223296,5677919865933223296,WhiteDwarf
2QZ J233441.7-301229,2329093148951091200,WhiteDwarf
SDSS J011104.96+154145.1,2783420184001209856,WhiteDwarf
Gaia DR2 4575888153210848384,4575888153210848384,WhiteDwarf
GALEX J194254.3+780521,2291517751390003584,WhiteDwarf
SBSS 0913+604,1038638781412655872,WhiteDwarf
GALEX J164644.8+090047,4445698146758395136,WhiteDwarf
Gaia DR2 86020532717427968,86020532717427968,WhiteDwarf
SDSS J120943.57+602137.7,1582028904011477248,WhiteDwarf
GALEX J044804.3+132034,3296451789830285696,WhiteDwarf
LSPM J1456+7759E,1702350905276475648,WhiteDwarf
GALEX J055741.0+575139,268798299132170752,WhiteDwarf
Gaia DR2 1913907246087483136,1913907250384500096,WhiteDwarf
Gaia DR2 418069543919202944,418069543919202944,WhiteDwarf
GALEX J102159.3+485717,846817604873311232,WhiteDwarf
LSPM J0145+5336,408081266748651392,WhiteDwarf
Gaia DR2 6338900661178928896,6338900661178928896,WhiteDwarf
GALEX J044836.3-063114,3187895357552008576,WhiteDwarf
Gaia DR2 1846063569022556928,1846063569022556928,WhiteDwarf
GALEX J130148.2-192405,3509290509090830208,WhiteDwarf
Gaia DR2 2517639254012745472,2517639254012745472,WhiteDwarf
Gaia DR2 6140313395025336576,6140313395025336576,WhiteDwarf
Gaia DR2 1812739635027477632,1812739635027477632,WhiteDwarf
Gaia DR2 6769678558050469120,6769678558050469120,WhiteDwarf
GALEX J192223.2-294920,6758563045248872448,WhiteDwarf
Gaia DR2 1298900644067100416,1298900644067100416,WhiteDwarf
GALEX J094006.1-401548,5431712648101669760,WhiteDwarf
SDSS J080042.51+105121.7,3147817918201939072,WhiteDwarf
Gaia DR2 535496213230635904,535496213230635904,WhiteDwarf
Gaia DR2 4956126761885841280,4956126761885841280,WhiteDwarf
GALEX J205857.1-060519,6910531598203174784,WhiteDwarf
Gaia DR2 4687371043063125120,4687371043063125120,WhiteDwarf
EC 19408-4029,6689705618459369216,WhiteDwarf
GALEX J205549.1-172524,6882691345312604416,WhiteDwarf
GALEX J105831.3-454915,5387478333242878976,WhiteDwarf
SDSS J200238.89+085610.1,4299191688396959488,WhiteDwarf
GALEX J210515.7-694039,6375714917522130688,WhiteDwarf
GALEX J191716.3-220913,4081007006162589184,WhiteDwarf
Gaia DR3 4662223494183731840,4662223494183731840,WhiteDwarf
GALEX J054935.5-440222,4801921561760726272,WhiteDwarf
Gaia DR2 6063080266640266752,6063080266640266752,WhiteDwarf
SDSS J101205.09+192323.6,625201346848778752,WhiteDwarf
FBS 2159+372,1955696663700944128,WhiteDwarf
Gaia DR2 6402227853719394944,6402227853719394944,WhiteDwarf
PG 1349+144,3728966476985207936,WhiteDwarf
GALEX J182905.3+284136,4587289882632276864,WhiteDwarf
Gaia DR3 5342830468869842944,5342830468869842944,WhiteDwarf
GALEX J142752.7+451657,1494465722120923392,WhiteDwarf
GALEX J083355.6+082743,596532508867463808,WhiteDwarf
GALEX J082329.5-085628,5753067293803129728,WhiteDwarf
PG 0808+595,1083389282619840256,WhiteDwarf
UCAC4 532-039783,3169486960220617088,WhiteDwarf
UVEX J012219.81+611229.9,510502772045340800,WhiteDwarf
Gaia DR2 2864432097658118528,2864432097658118528,WhiteDwarf
GALEX J233226.2+233954,2840096709879850368,WhiteDwarf
GALEX J144528.4-080217,6327403377324977152,WhiteDwarf
Gaia DR2 3053540121879307264,3053540121879307264,WhiteDwarf
GALEX J002147.4+382726,378856389416637056,WhiteDwarf
GALEX J103233.6+475909,834042929026046464,WhiteDwarf
Gaia DR2 6149214560127643520,6149214560127643520,WhiteDwarf
GALEX J203717.8+021218,4231690573620999808,WhiteDwarf
GALEX J211526.3-630748,6449977204172198016,WhiteDwarf
Gaia DR2 977541703395770880,977541703395770880,WhiteDwarf
GALEX J235602.8+505701,1944022835213629184,WhiteDwarf
Gaia DR2 6664668050770901120,6664668050770901120,WhiteDwarf
Gaia DR2 4501859237905028992,4501859237905028992,WhiteDwarf
GALEX J015827.1-175124,5141437077241559040,WhiteDwarf
SDSS J134552.33+441333.6,1503124243047563008,WhiteDwarf
GALEX J111516.6+020021,3810580338896607232,WhiteDwarf
GALEX J043338.0+335338,172978953148524160,WhiteDwarf
GALEX J140229.2-320449,6172268368320318848,WhiteDwarf
GALEX J155708.5+282336,1319676603468508544,WhiteDwarf
SDSS J110048.02+225200.5,3994981285121914368,WhiteDwarf
Gaia DR2 4458647537578619520,4458647537578619520,WhiteDwarf
GALEX J032628.3+184437,57499033591773824,WhiteDwarf
Gaia DR2 5858494275473978112,5858494275473978112,WhiteDwarf
Gaia DR2 4744818051711091968,4744818051711091968,WhiteDwarf
2QZ J232803.2-290021,2330212791090396416,WhiteDwarf
Gaia DR2 5798822920437278976,5798822920437278976,WhiteDwarf
GALEX J020751.2-574649,4718236185581883136,WhiteDwarf
GALEX J103030.2+204916,720812644617159552,WhiteDwarf
Gaia DR2 4958263937612345856,4958263937612345856,WhiteDwarf
Gaia DR2 6483915863946163072,6483915863946163072,WhiteDwarf
Gaia DR2 3104594398129510784,3104594398129510784,WhiteDwarf
SDSS J090947.04+091303.0,590498389054459264,WhiteDwarf
Gaia DR2 1986097056400983040,1986097056400983040,WhiteDwarf
Gaia DR2 4543880888690666880,4543880888690666880,WhiteDwarf
2QZ J233450.3-272337,2331912983959259776,WhiteDwarf
GALEX J163109.4+204946,1297275668959972736,WhiteDwarf
GALEX J132052.7+621132,1663913348862918016,WhiteDwarf
Gaia DR2 4462206454856900224,4462206454856900224,WhiteDwarf
Gaia DR3 406056486024031872,406056486024031872,WhiteDwarf
2QZ J223339.1-310519,6601971011536105984,WhiteDwarf
GALEX J162106.5+434127,1382482764934977664,WhiteDwarf
GALEX J072056.9+354354,897146753203228800,WhiteDwarf
GALEX J093416.1+483239,825554424381952128,WhiteDwarf
PB  3872,3950191304574729856,WhiteDwarf
GALEX J160019.0+515402,1403851945218728448,WhiteDwarf
GALEX J080413.0+390452,921000249946128512,WhiteDwarf
Gaia DR2 5539770692374079744,5539770692374079744,WhiteDwarf
GALEX J034147.5-394232,4855298285739891584,WhiteDwarf
GALEX J045908.9-125845,3180115591230939520,WhiteDwarf
GALEX J011106.5-355556,5013930940016228096,WhiteDwarf
GALEX J091927.0+180950,632555778263965568,WhiteDwarf
GALEX J232436.2-004535,2644110578997584256,WhiteDwarf
GALEX J081223.7-024757,3070473975336796672,WhiteDwarf
2QZ J134538.4-000620,3662313253184962944,WhiteDwarf
Gaia DR2 2948756221376681344,2948756221376681344,WhiteDwarf
GALEX J143414.3-091907,6328386886180854144,WhiteDwarf
FBS 0915+656,1067799822645432192,WhiteDwarf
2QZ J120226.6+001743,3698989284591308544,WhiteDwarf
SDSS J131914.35+024259.6,3715484707786679296,WhiteDwarf
SDSS J132506.27+342405.0,1470240530320055680,WhiteDwarf
Gaia DR2 6488657267322309120,6488657267322309120,WhiteDwarf
GALEX J123915.0+190953,3948094157943325952,WhiteDwarf
Gaia DR2 3290704814351327744,3290704814351327744,WhiteDwarf
Gaia DR2 5322993178864321024,5322993178864321024,WhiteDwarf
GALEX J203723.4-372450,6682912762605959680,WhiteDwarf
2QZ J021827.9-312509,4971606683014325504,WhiteDwarf
Gaia DR2 3131487043793900544,3131487043793900544,WhiteDwarf
GALEX J031308.8-765344,4638902092311135488,WhiteDwarf
GALEX J003418.2-462006,4978981695914749440,WhiteDwarf
SDSS J123901.55+222810.5,3955739783846030208,WhiteDwarf
Gaia DR2 6023182734865532416,6023182734865532416,WhiteDwarf
GALEX J044511.8+121528,3295860149495156608,WhiteDwarf
SDSS J093559.80+000829.0,3840274467176110848,WhiteDwarf
GALEX J214356.4+740643,2274010189085337728,WhiteDwarf
Gaia DR2 273008702820567168,273008702820567168,WhiteDwarf
PG 1138+424,769390137779796736,WhiteDwarf
SDSS J163559.09+203526.1,4563830324585517312,WhiteDwarf
GALEX J090548.9-244432,5651030724961120256,WhiteDwarf
GALEX J042100.4-135346,3176772388688039680,WhiteDwarf
GALEX J040154.4-434448,4841525352117429248,WhiteDwarf
Gaia DR2 2001887490788282496,2001887490788282496,WhiteDwarf
SDSS J074247.81+332634.4,894007338268201600,WhiteDwarf
GALEX J182848.4+443739,2118114872085972864,WhiteDwarf
2QZ J141136.2+000400,3659964975516655872,WhiteDwarf
GALEX J211444.7+002819,2689722203968334592,WhiteDwarf
Gaia DR2 5416057737125064448,5416057737125064448,WhiteDwarf
Gaia DR2 5806534581465217024,5806534581465217024,WhiteDwarf
SDSS J102124.81-030530.3,3780489312689696896,WhiteDwarf
GALEX J222140.3+671447,2219113776832300416,WhiteDwarf
GALEX J041807.2+060945,3285252989022971904,WhiteDwarf
GALEX J205524.2+064738,1737331691621128192,WhiteDwarf
GALEX J174102.7-744427,5801660828673383424,WhiteDwarf
GALEX J111426.0+104339,3963493986521837440,WhiteDwarf
Gaia DR2 6447232101594309632,6447232101594309632,WhiteDwarf
GALEX J080049.1+362249,906630693827129984,WhiteDwarf
GALEX J102340.6+454409,833244894039547904,WhiteDwarf
GALEX J215152.3+044321,2696749530674239488,WhiteDwarf
HE 0504-2408,2959849297264762112,WhiteDwarf
Gaia DR3 1825384538439002240,1825384538439002240,WhiteDwarf
GALEX J082322.2+655048,1093351064126339584,WhiteDwarf
GALEX J102208.7-324026,5448572426260045568,WhiteDwarf
SDSS J014623.56+212225.5,98035961426035712,WhiteDwarf
LAMOST J132557.80+545153.5,1563575495421445248,WhiteDwarf
GALEX J182831.9+480823,2120432878818855552,WhiteDwarf
Gaia DR2 2926759696689708544,2926759696689708544,WhiteDwarf
GALEX J092528.2+044952,3852091159157982080,WhiteDwarf
Gaia DR2 5577273728327434368,5577273728327434368,WhiteDwarf
** LDS 2066B,2334975398721638272,WhiteDwarf
SDSS J145523.64+144741.6,1185444508801279744,WhiteDwarf
Gaia DR3 1821551881475776768,1821551881475776768,WhiteDwarf
Gaia DR2 1092112876593783424,1092112876593783424,WhiteDwarf
Gaia DR2 1652489354331818240,1652489354331818240,WhiteDwarf
GALEX J114102.2+481246,787426694024729216,WhiteDwarf
Gaia DR3 6033369435236152064,6033369435236152064,WhiteDwarf
GALEX J101259.4+541913,852490883009854336,WhiteDwarf
Gaia DR2 2945945732215719040,2945945732215719040,WhiteDwarf
SDSS J074155.50+315347.6,880330513129346176,WhiteDwarf
Gaia DR2 429577474986775168,429577474986775168,WhiteDwarf
HS 1002+4518,809944730817716480,WhiteDwarf
Gaia DR2 4843508871094218368,4843508871094218368,WhiteDwarf
Gaia DR2 6026135267220970368,6026135267220970368,WhiteDwarf
SDSS J082927.72+260440.8,679729293864034432,WhiteDwarf
LSPM J1205+5246,1549000468066364416,WhiteDwarf
GALEX J061658.5+812748,1143139149654703872,WhiteDwarf
KUV 09331+3835,800818234551554816,WhiteDwarf
Gaia DR3 2081748524999958528,2081748524999958528,WhiteDwarf
Gaia DR2 5472350632223008512,5472350632223008512,WhiteDwarf
SDSS J164622.35+253120.0,1300397453052593664,WhiteDwarf
GALEX J041537.9+575817,469388969963569408,WhiteDwarf
GALEX J134200.3-390759,6113611789504441216,WhiteDwarf
SDSS J170445.61+291545.9,1308773193332648832,WhiteDwarf
2SLAQ J103209.93-010659.9,3782688129786651392,WhiteDwarf
1RXS J080933.1-725909,5220896587855584384,WhiteDwarf
GALEX J201744.8-170146,6873371785976145152,WhiteDwarf
Gaia DR2 3125134821523398912,3125134821523398912,WhiteDwarf
GALEX J193908.6+665256,2248866213584304768,WhiteDwarf
Gaia DR2 869731839512699776,869731839512699776,WhiteDwarf
Gaia DR2 5330231504429064832,5330231504429064832,WhiteDwarf
Gaia DR2 4607727020654833152,4607727020654833152,WhiteDwarf
GALEX J014857.5-362533,5010866635469353600,WhiteDwarf
Gaia DR2 388351389581706752,388351389581706752,WhiteDwarf
2MASS J11264765+7021002,1062257081450709632,WhiteDwarf
GALEX J191219.4-312236,6757278197190437888,WhiteDwarf
Gaia DR2 5574562298292987008,5574562298292987008,WhiteDwarf
GALEX J090344.1+574959,1036799573337296128,WhiteDwarf
Gaia DR2 5955713952622816000,5955713952622816000,WhiteDwarf
PHL  1562,5081454118037762432,WhiteDwarf
GALEX J104456.0-431955,5391045183322787456,WhiteDwarf
SDSS J101106.17+481056.1,822704902559712640,WhiteDwarf
GALEX J235101.4+152751,2771568170209229568,WhiteDwarf
SDSS J175817.39+500938.7,1364295708739905536,WhiteDwarf
GALEX J202950.9-770131,6363192339075037824,WhiteDwarf
GALEX J030452.8-514703,4747459967697852416,WhiteDwarf
Gaia DR2 5648862483736490240,5648862483736490240,WhiteDwarf
GALEX J003453.3+471805,390722211528471296,WhiteDwarf
SDSS J221400.06-002929.1,2678576317159114496,WhiteDwarf
Gaia DR2 5614208699025223040,5614208699025223040,WhiteDwarf
PB   803,1502063317405058304,WhiteDwarf
Gaia DR2 6794118777388956672,6794118777388956672,WhiteDwarf
SBSS 1405+501,1511388820980497152,WhiteDwarf
Gaia DR2 5087735383152767616,5087735383152767616,WhiteDwarf
GALEX J112801.5+182558,3976920329166692736,WhiteDwarf
GALEX J125306.8+060600,3706291381829089280,WhiteDwarf
GALEX J112944.1+471126,785811889401272448,WhiteDwarf
Gaia DR2 3001836068619685504,3001836068619685504,WhiteDwarf
LSPM J0220+1152,72755955720424320,WhiteDwarf
Gaia DR2 2001054095327655808,2001054095327655808,WhiteDwarf
SDSS J081130.02+523008.3,1031677567138351616,WhiteDwarf
Gaia DR2 6718338786738252416,6718338786738252416,WhiteDwarf
Gaia DR2 4656692946362908672,4656692946362908672,WhiteDwarf
LP  104-224,2251878261265268096,WhiteDwarf
UCAC4 069-001299,4636909021327178880,WhiteDwarf
SDSS J103658.86+053437.0,3858949740893055360,WhiteDwarf
WD 1154+133,3920134092645092992,WhiteDwarf_Candidate
UCAC4 331-122279,4068499305485306240,WhiteDwarf
SDSS J033008.19+002758.0,3264444422229848704,WhiteDwarf
GALEX J195940.4-543859,6449146493074039552,WhiteDwarf
SDSS J123851.52+251149.9,3959729155629067776,WhiteDwarf
GALEX J045843.9-263157,4880695973550405760,WhiteDwarf
Gaia DR2 6430998327806282624,6430998327806282624,WhiteDwarf
GALEX J033052.0-031644,3249191795066660480,WhiteDwarf
GALEX J083141.0+232920,678360058289611008,WhiteDwarf
GALEX J083218.3+225020,665937737262051712,WhiteDwarf
Gaia DR2 3958481347370309888,3958481347370309888,WhiteDwarf
GALEX J135454.6+051234,3671977891669036416,WhiteDwarf
Gaia DR2 5207385509798723072,5207385509798723072,WhiteDwarf
GALEX J214406.7+273750,1800899853300600320,WhiteDwarf
PHL   366,2653170249868211200,WhiteDwarf
GALEX J232811.2+044024,2660300269241589376,WhiteDwarf
Gaia DR2 4109766416412945280,4109766416412945280,WhiteDwarf
Gaia DR2 88698908686586752,88698908686586752,WhiteDwarf
SBSS 1306+520,1557722378413583872,WhiteDwarf
GALEX J004317.4+242402,2806485872072469504,WhiteDwarf
Gaia DR2 6857579397382156160,6857579397382156160,WhiteDwarf
Gaia DR2 2188776975420142464,2188776975420142464,WhiteDwarf
Gaia DR2 5519905064179316096,5519905064179316096,WhiteDwarf
SBSS 1532+501,1594844811544837248,WhiteDwarf
PB   515,779240383279549440,WhiteDwarf
GALEX J150120.2+361122,1294822035746768384,WhiteDwarf
Gaia DR2 5810837077842674816,5810837077842674816,WhiteDwarf
GALEX J075519.4+480033,933556290482790528,WhiteDwarf
SDSS J195855.97+342735.7,2059279966228835840,WhiteDwarf
GALEX J163520.1+260853,1304361295549630720,WhiteDwarf
GALEX J084634.5-102011,5749355170750462720,WhiteDwarf
GALEX J040426.4-023347,3252896595200511232,WhiteDwarf
Gaia DR2 6611484913852573056,6611484913852573056,WhiteDwarf
GALEX J172602.7+295628,4598737551025816448,WhiteDwarf
Gaia DR2 1827139221594219648,1827139221594219648,WhiteDwarf
GALEX J110114.9+750753,1080057487513849088,WhiteDwarf
GALEX J200752.8-431721,6686158246054566400,WhiteDwarf
SDSS J205438.17+163807.7,1764405138231638400,WhiteDwarf
GALEX J171511.1+682900,1638215837976783744,WhiteDwarf
GALEX J133907.1+232436,1443746178444997760,WhiteDwarf
GALEX J083658.7+384535,911044992494448000,WhiteDwarf
Gaia DR2 3235080692899703424,3235080692899703424,WhiteDwarf
SDSS J123241.13+005202.5,3697020299784106112,WhiteDwarf
GALEX J152707.1+395500,1388223486941800832,WhiteDwarf
GALEX J104719.7-091859,3761504285930683008,WhiteDwarf
Gaia DR2 3504258357903157248,3504258357903157248,WhiteDwarf
GALEX J085425.3+113829,604721293514179712,WhiteDwarf
GALEX J170111.5-062418,4364273637067473920,WhiteDwarf
GALEX J073923.9-754948,5213441963441187072,WhiteDwarf
GALEX J110616.4+451855,782378320745502336,WhiteDwarf
Gaia DR2 6804256412034845696,6804256412034845696,WhiteDwarf
Gaia DR2 5413160725844767360,5413160725844767360,WhiteDwarf
Gaia DR3 4039372044206097024,4039372044206097024,WhiteDwarf
GALEX J225022.5+295144,1887764810947992448,WhiteDwarf
Gaia DR2 6856761871832433152,6856761871832433152,WhiteDwarf
Gaia DR2 422726589831800576,422726589831800576,WhiteDwarf
Gaia DR3 1869359123746778112,1869359123746778112,WhiteDwarf
GALEX J175909.4+412450,4611673580203854592,WhiteDwarf
SDSS J141627.23+335029.0,1478939797601792384,WhiteDwarf
SDSS J155847.89+150735.4,1192938917495381504,WhiteDwarf
SCR J0104-5742,4904412336280853248,WhiteDwarf
GALEX J065041.6+773423,1139915901255768960,WhiteDwarf
GALEX J121706.9+624513,1584191574664425472,WhiteDwarf
LP  614-59,3694399755554510720,WhiteDwarf
EC 04081-1649b,5096781340192835712,WhiteDwarf
GALEX J210821.8-564536,6456928797718772096,WhiteDwarf
GALEX J105913.6+495754,832953244283608448,WhiteDwarf
Gaia DR2 3786367989046410240,3786367989046410240,WhiteDwarf
GALEX J055731.9+845956,570742845162452992,WhiteDwarf
GALEX J120448.4-073721,3594535198915846784,WhiteDwarf
SDSS J105158.95+460611.7,830983851464020736,WhiteDwarf
SDSS J172245.47+325231.8,1333855458743617536,WhiteDwarf
GALEX J124253.4+342159,1515241234845888640,WhiteDwarf
GALEX J140242.5+312409,1454431232443496064,WhiteDwarf
PG 1216+036,3701701509194344576,WhiteDwarf
SDSS J002139.56+203445.3,2799306782697205888,WhiteDwarf
SDSS J220810.32+444412.4,1962615336324628736,WhiteDwarf
GALEX J081701.8-000313,3077447009360812928,WhiteDwarf
Gaia DR2 2005106134979295104,2005106134979295104,WhiteDwarf
LSPM J1240+2559A,3961289396992499456,WhiteDwarf
Gaia DR2 2112836082401624960,2112836082401624960,WhiteDwarf
Gaia DR2 1694363498760645248,1694363498760645248,WhiteDwarf
GALEX J010302.0-090600,2473502761330093696,WhiteDwarf
GALEX J132048.7+330708,1469706025933477888,WhiteDwarf
Gaia DR2 866719456827107712,866719456827107712,WhiteDwarf
GALEX J015245.9+301031,303996513900957440,WhiteDwarf
SDSS J102624.05+091554.7,3876070786204989696,WhiteDwarf
2MASS J18482810-7428000,6414878147314459264,WhiteDwarf
Gaia DR2 4083035162743700608,4083035162743700608,WhiteDwarf
GALEX J123159.4+670919,1680871636389917312,WhiteDwarf
SDSS J034704.16+101412.1,36079683791565440,WhiteDwarf
SDSS J134321.84+235634.5,1443871935087101184,WhiteDwarf
SDSS J153338.75+331727.7,1373626301852982784,WhiteDwarf
GALEX J021332.7+062509,2520261657964864000,WhiteDwarf
Gaia DR2 2982608088448827264,2982608088448827264,WhiteDwarf
SDSS J204103.45+271026.9,1856380698950183552,WhiteDwarf
LSPM J1508+1826,1211862818279517824,WhiteDwarf
GALEX J080926.4+414426,921689295843149440,WhiteDwarf
Gaia DR3 6073192440703216768,6073192440703216768,WhiteDwarf
Gaia DR2 5161547935187535488,5161547935187535488,WhiteDwarf
SBSS 0949+495,826542747895967872,WhiteDwarf
GALEX J120347.1+373236,4033232023342320640,WhiteDwarf
SDSS J115606.96+061431.9,3898274805052841856,WhiteDwarf
SDSS J122203.81-011728.6,3694778910970821760,WhiteDwarf
Gaia DR2 3724620171944848384,3724620171944848384,WhiteDwarf
SDSS J093908.57+670208.0,1068382392009865472,WhiteDwarf
GALEX J081617.5+181734,657201400121537024,WhiteDwarf
SDSS J100324.21+213525.7,629446462459460864,WhiteDwarf
GALEX J112441.6+173955,3976776533661750784,WhiteDwarf
Gaia DR2 1511655663003046784,1511655663003046784,WhiteDwarf
Gaia DR2 5404968127272293760,5404968127272293760,WhiteDwarf
GALEX J050428.1+061142,3240208505894037120,WhiteDwarf
Gaia DR2 4276597411638332672,4276597411638332672,WhiteDwarf
Gaia DR3 6045479112684335104,6045479112684335104,WhiteDwarf
Gaia DR3 1996921683953512576,1996921683953512576,WhiteDwarf
2QZ J134159.6+000548,3662367163610040192,WhiteDwarf
Gaia DR2 4576264774598807808,4576264774598807808,WhiteDwarf
GALEX J005412.6+202528,2789710936700273408,WhiteDwarf
Gaia DR2 2989192067152307712,2989192067152307712,WhiteDwarf
GALEX J013648.9+480108,399270673917093888,WhiteDwarf
Gaia DR2 6848500519418529280,6848500519418529280,WhiteDwarf
Gaia DR2 329239067491529984,329239067491529984,WhiteDwarf
GALEX J111606.9+535956,843041400907276928,WhiteDwarf
SDSS J233538.10+435314.8,1924999261126116608,WhiteDwarf
GALEX J004953.8+194608,2789296004204133120,WhiteDwarf
Gaia DR2 5519991062308116096,5519991062308116096,WhiteDwarf
GALEX J052640.5+552019,266806907482557440,WhiteDwarf
GALEX J115926.3-472212,5377345337161802880,WhiteDwarf
GALEX J004117.0-242744,2347178908341894016,WhiteDwarf
SDSS J085532.15+370912.7,718696600132082688,WhiteDwarf
Gaia DR2 2182560439752512768,2182560439752512768,WhiteDwarf
GALEX J142520.6+313902,1285655961357579008,WhiteDwarf
Gaia DR2 2755333601850969472,2755333601850969472,WhiteDwarf
GALEX J020044.3-103622,2461611921032878848,WhiteDwarf
GALEX J143728.8+403212,1488307189991558912,WhiteDwarf
GALEX J004450.7-010531,2530883868001983232,WhiteDwarf
SDSS J235958.63+301622.5,2873304808599755520,WhiteDwarf
Gaia DR2 3352022314386446464,3352022314386446464,WhiteDwarf
GALEX J231943.9+480819,1942373778228336768,WhiteDwarf
SDSS J121352.89+042024.2,3894211662911549952,WhiteDwarf
LAMOST J200112.36+440240.7,2076051886544046336,WhiteDwarf
Gaia DR2 1094961092746141952,1094961092746141952,WhiteDwarf
GALEX J235346.9-670741,6389024991107756032,WhiteDwarf
GALEX J094759.3+483745,824993054976432128,WhiteDwarf
GALEX J020601.8+663414,518716330058911104,WhiteDwarf
Gaia DR2 3140242351807950464,3140242351807950464,WhiteDwarf
2QZ J123505.2+020733,3703436950860249088,WhiteDwarf
GALEX J094212.8+051452,3851419941668665856,WhiteDwarf
PB  5364,2760998594995156224,WhiteDwarf
GALEX J202641.3-094202,6904576475726842240,WhiteDwarf
SDSS J015315.14+222313.1,98531841170311168,WhiteDwarf
GALEX J035043.4-133740,5110994971820198656,WhiteDwarf
WG  10,5295512298775133824,WhiteDwarf
GALEX J220808.7-005017,2677265115183158528,WhiteDwarf
GALEX J101824.7+332301,752133989976461056,WhiteDwarf
Gaia DR2 3037191315987645312,3037191315987645312,WhiteDwarf
Gaia DR2 87104307585376256,87104307585376256,WhiteDwarf
Gaia DR2 2562775512003206784,2562775512003206784,WhiteDwarf
GALEX J235525.3+422247,1921843589734839168,WhiteDwarf
Gaia DR2 3431018406615144192,3431018406615144192,WhiteDwarf
EC 11266-2217,3541237717085787008,WhiteDwarf
GALEX J104851.9+273818,730978316810801408,WhiteDwarf
Gaia DR2 3000228690000014848,3000228690000014848,WhiteDwarf
GALEX J042938.9-302423,4872879506731875072,WhiteDwarf
GALEX J101642.9+044317,3860905978237289600,WhiteDwarf
Gaia DR2 6578201498584179968,6578201498584179968,WhiteDwarf
Gaia DR2 5606910450084327936,5606910450084327936,WhiteDwarf
SDSS J140835.32+560653.9,1609867885591883008,WhiteDwarf
GALEX J012622.7-655657,4704847123253651072,WhiteDwarf
LAMOST J154907.61+040257.5,4425988095158283008,WhiteDwarf
Gaia DR2 5526969941779796480,5526969941779796480,WhiteDwarf
GALEX J030610.9+425922,240358086556588928,WhiteDwarf
Gaia DR2 4571839476519361664,4571839476519361664,WhiteDwarf
Gaia DR2 530055662191651456,530055662191651456,WhiteDwarf
2QZ J011606.2-274913,5033479569563320320,WhiteDwarf
GALEX J003730.4-253929,2346633035178636800,WhiteDwarf
Gaia DR2 6205697984273970688,6205697984273970688,WhiteDwarf
Gaia DR2 4920910538319853696,4920910538319853696,WhiteDwarf
Gaia DR2 5290635857329929344,5290635857329929344,WhiteDwarf
Gaia DR2 2188861569090473728,2188861569090473728,WhiteDwarf
Gaia DR2 340111420721666048,340111420721666048,WhiteDwarf
GALEX J035220.0-263729,5081094405936908800,WhiteDwarf
GALEX J174725.9-672703,5812354399588627200,WhiteDwarf
Gaia DR2 3336881244701475072,3336881244701475072,WhiteDwarf
SDSS J225338.68+301803.5,1889271176237260544,WhiteDwarf
GALEX J110832.4-405204,5389629875634589056,WhiteDwarf
SDSS J011337.45+274210.4,307246738992334464,WhiteDwarf
GALEX J234717.7+144642,2771097678015808768,WhiteDwarf
LEHPM 4916,6519908617599333760,WhiteDwarf
SDSS J102201.31+330202.8,749114554952702080,WhiteDwarf
GALEX J102538.3+220339,721939678395716608,WhiteDwarf
GALEX J213925.5+354056,1950856128179838592,WhiteDwarf
Gaia DR2 4157388605767204352,4157388605767204352,WhiteDwarf
Gaia DR2 3402241786429669376,3402241786429669376,WhiteDwarf
LSPM J0632+2230,3382277296672027136,WhiteDwarf
Gaia DR2 6392841632191003008,6392841632191003008,WhiteDwarf
Gaia DR2 5080478370186167168,5080478370186167168,WhiteDwarf
GALEX J021100.4+492350,358193503619097600,WhiteDwarf
GALEX J044250.2-005212,3229350828570294016,WhiteDwarf
GALEX J223741.0-250449,6623827790867265792,WhiteDwarf
GALEX J000144.3+400021,2881954597856136576,WhiteDwarf
GALEX J105352.1+100550,3870886146498845056,WhiteDwarf
GALEX J011047.5+145649,2591112160034345600,WhiteDwarf
Gaia DR2 5099116118775025408,5099116118775025408,WhiteDwarf
SDSS J153412.47+510245.7,1594974214615493376,WhiteDwarf
GALEX J052404.2-581627,4763172950932079232,WhiteDwarf
GALEX J183449.9+495012,2120872442951615104,WhiteDwarf
Gaia DR2 2468526577861081600,2468526577861081600,WhiteDwarf
GALEX J123441.6+312100,4012375593432748288,WhiteDwarf
Gaia DR3 4041380577103923968,4041380577103923968,WhiteDwarf
Gaia DR2 5303282714949226368,5303282719258724992,WhiteDwarf
EC 21237-2301,6828095546407538304,WhiteDwarf
Gaia DR2 6630438467090568448,6630438467090568448,WhiteDwarf
GALEX J182438.9+530721,2148473655142911616,WhiteDwarf
GALEX J070440.0-560424,5490242641343850368,WhiteDwarf
[HB93] 2226-399,6593764806502432512,WhiteDwarf
Gaia DR2 2037106802424524160,2037106802424524160,WhiteDwarf
GALEX J102016.1+054919,3861488410162702464,WhiteDwarf
GALEX J115939.8-472925,5377342313504652160,WhiteDwarf
Gaia DR2 319978052849790336,319978052849790336,WhiteDwarf
GALEX J145440.5+642639,1621021365903593600,WhiteDwarf
GALEX J164302.8+164038,4559074043441799040,WhiteDwarf
GALEX J075205.1+390113,920443274290909184,WhiteDwarf
GALEX J100528.6+421903,806980821130050432,WhiteDwarf
Gaia DR2 2076507354932496896,2076507354932496896,WhiteDwarf
GALEX J233911.4+383628,1919461497794393984,WhiteDwarf
GALEX J063023.0+675258,1105949921191851520,WhiteDwarf
Gaia DR3 1830612574494551040,1830612574494551040,WhiteDwarf
GALEX J102157.2+482943,834689544942533632,WhiteDwarf
Gaia DR2 2856444691140988672,2856444691140988672,WhiteDwarf
SDSS J090243.63+420820.7,816672603812543360,WhiteDwarf
LP  679-21,3643875542696004736,WhiteDwarf
Gaia DR2 6009279199865143040,6009279199865143040,WhiteDwarf
GALEX J105407.9+590415,860567822412207232,WhiteDwarf
Gaia DR2 2157989795137338112,2157989795137338112,WhiteDwarf
GALEX J160030.9+195734,1203523263100270848,WhiteDwarf
GALEX J033930.4-195834,5100998383900460288,WhiteDwarf
GALEX J042728.5-320603,4872425442789515776,WhiteDwarf
GALEX J094329.0+392801,801168738242963968,WhiteDwarf
GALEX J213647.5+024019,2694679833179376384,WhiteDwarf
GALEX J142328.9+461106,1506573715965026048,WhiteDwarf
GALEX J010402.6-533507,4926993620760538496,WhiteDwarf
GALEX J075914.8+262926,874302754164966528,WhiteDwarf
GALEX J210840.9-324931,6780930479010459136,WhiteDwarf
Gaia DR2 5212626641210213760,5212626641210213760,WhiteDwarf
GALEX J103314.3-012502,3782618310798129152,WhiteDwarf
US  976,820209904517677824,WhiteDwarf
Gaia DR2 5986295528494684928,5986295528494684928,WhiteDwarf
GALEX J074419.8+302203,879166817510277632,WhiteDwarf
SDSS J123907.77+171845.0,3935463999155576448,WhiteDwarf
GALEX J225125.1+364040,1927641726866184320,WhiteDwarf
GALEX J170443.3+060038,4392931308134265088,WhiteDwarf
Gaia DR2 479541177439878784,479541177439878784,WhiteDwarf
GALEX J151417.4+194136,1212425463290645504,WhiteDwarf
LP  123-5,983979721933760768,WhiteDwarf
GALEX J124847.6+415308,1528190393741232000,WhiteDwarf
Gaia DR2 5000585033518519680,5000585033518519680,WhiteDwarf
Gaia DR2 3329817741487862656,3329817741487862656,WhiteDwarf
Gaia DR3 2007941195645409152,2007941195645409152,WhiteDwarf
G 122-61,1537794524729363712,WhiteDwarf
GALEX J113040.6+821325,1134492933815492352,WhiteDwarf
GALEX J090439.9+281812,692416180577859072,WhiteDwarf
Gaia DR2 1932076984972882688,1932076984972882688,WhiteDwarf
GALEX J223731.5-355640,6596814061483258240,WhiteDwarf
Gaia DR2 4520143326000244096,4520143326000244096,WhiteDwarf
LAMOST J093807.10+275820.0,647899806626643200,WhiteDwarf
Gaia DR2 1921820641726414464,1921820641726414464,WhiteDwarf
GALEX J235246.0+372339,2879696785088954368,WhiteDwarf
Gaia DR2 1570224478456284032,1570224478456284032,WhiteDwarf
PSO J267.4803+09.4090,4488756396492138880,WhiteDwarf
GALEX J234924.8-094759,2434740475324813952,WhiteDwarf
Gaia DR3 198586647682488576,198586647682488576,WhiteDwarf
Gaia DR2 5659128142766361984,5659128142766361984,WhiteDwarf
Gaia DR2 3125810918094693632,3125810918094693632,WhiteDwarf
LEHPM 1777,5140407732495305984,WhiteDwarf
GALEX J123928.4+133738,3932232637560828416,WhiteDwarf
Gaia DR2 2256103856249658752,2256103856249658752,WhiteDwarf
Gaia DR2 5545617585975458048,5545617585975458048,WhiteDwarf
LAMOST J052422.90+280115.9,3445348857056664704,WhiteDwarf
GALEX J010308.9+033756,2539846605755377792,WhiteDwarf
GALEX J091730.4+580423,1038134006791646464,WhiteDwarf
SDSS J135615.74+640701.0,1670913389641336192,WhiteDwarf
GALEX J154557.8+245106,1222736782118959616,WhiteDwarf
GALEX J060744.8-701056,5279402494922195840,WhiteDwarf
Gaia DR2 183086965407838464,183086965407838464,WhiteDwarf
GALEX J200859.9-352324,6697857668248990976,WhiteDwarf
Gaia DR2 3050770967488107136,3050770967488107136,WhiteDwarf
GALEX J121016.4+530913,1548932298346173568,WhiteDwarf
2QZ J232931.7-290922,2330193618356859008,WhiteDwarf
GALEX J092510.8-020357,3838037648208574976,WhiteDwarf
GALEX J132833.4+045637,3716241618463312896,WhiteDwarf
GALEX J101557.0+510428,847938247739964672,WhiteDwarf
GALEX J172152.4+275044,4574433499327395072,WhiteDwarf
PM J03196+3630,234469931207274112,WhiteDwarf
Gaia DR2 1993394519373780736,1993394519373780736,WhiteDwarf
GALEX J050706.8+524550,266049206532585472,WhiteDwarf
Gaia DR2 1496313451411856384,1496313451411856384,WhiteDwarf
2QZ J215701.5-302346,6616326200988339584,WhiteDwarf
Gaia DR2 3765487369881622912,3765487369881622912,WhiteDwarf
Gaia DR2 2924693164584999936,2924693164584999936,WhiteDwarf
Gaia DR2 2946871413629920384,2946871413629920384,WhiteDwarf
GALEX J033406.9-241834,5086266538697218048,WhiteDwarf
Gaia DR2 5317228581134029440,5317228581134029440,WhiteDwarf
Gaia DR2 1315801202937713024,1315801202937713024,WhiteDwarf
GALEX J043606.4-161750,3171578295758255744,WhiteDwarf
Gaia DR2 6709158315615319040,6709158315615319040,WhiteDwarf
Gaia DR2 6729501750337776128,6729501750337776128,WhiteDwarf
GALEX J163126.3+845914,1724414182340169600,WhiteDwarf
Gaia DR2 4554508871162716160,4554508871162716160,WhiteDwarf
GALEX J153332.8+225636,1220589264112019840,WhiteDwarf
LBQS 0052-0105,2536020545808755200,WhiteDwarf
Gaia DR2 5239192564426777728,5239192564426777728,WhiteDwarf
Gaia DR2 5530877159431389440,5530877159431389440,WhiteDwarf
GALEX J145648.8-005613,6340912453924284800,WhiteDwarf
GALEX J045505.5-182916,2979293507567341312,WhiteDwarf
SDSS J163550.70+141529.8,4462074268645606656,WhiteDwarf
Gaia DR2 956609991300717440,956609991300717440,WhiteDwarf
GALEX J042332.7-151659,3175626869370803456,WhiteDwarf
Gaia DR3 4203096335001878144,4203096335001878144,WhiteDwarf
SDSS J083009.69+323800.6,710765586536316160,WhiteDwarf
Gaia DR2 1933983641216450304,1933983641216450304,WhiteDwarf
GALEX J113733.3+184015,3974315899653670144,WhiteDwarf
SDSS J212509.29+095454.6,1742174975915508352,WhiteDwarf
Gaia DR2 1158197270635172608,1158197270635172608,WhiteDwarf
GALEX J143118.9+533427,1605450460188908160,WhiteDwarf
2QZ J113058.8+012242,3798429670258551680,WhiteDwarf
SDSS J005309.51-050935.6,2525542199995874816,WhiteDwarf
GALEX J032014.2-313605,5055026492774452864,WhiteDwarf
Gaia DR2 4519096968890828800,4519096968890828800,WhiteDwarf
SDSS J131526.12+541455.0,1563310684917156352,WhiteDwarf
GALEX J041812.2+715031,501183792515169920,WhiteDwarf
Gaia DR2 6658005048964693760,6658005048964693760,WhiteDwarf
Gaia DR2 2942525460776475904,2942525460776475904,WhiteDwarf
Gaia DR2 2926374111704031104,2926374111704031104,WhiteDwarf
GALEX J030115.5+144654,33788752531471488,WhiteDwarf
GALEX J081942.8+490934,931805524373233280,WhiteDwarf
GALEX J014756.7-492915,4941583521585224832,WhiteDwarf
WD 0132-095,2465039992129920896,WhiteDwarf
Gaia DR2 962816493921603840,962816493921603840,WhiteDwarf
2QZ J101911.5+000016,3831249194698802816,WhiteDwarf
UVEX J184725.16-011039.4,4260066121183996032,WhiteDwarf
GALEX J022227.0+702531,521220291692491392,WhiteDwarf
Gaia DR2 430463032830459008,430463032830459008,WhiteDwarf
GALEX J194006.4-563309,6640664440626129408,WhiteDwarf
GALEX J031748.6-364749,5046858633208944768,WhiteDwarf
Gaia DR2 5918620755301507968,5918620755301507968,WhiteDwarf
Gaia DR2 1004306535132158208,1004306535132158208,WhiteDwarf
Gaia DR2 264880563109798656,264880563109798656,WhiteDwarf
GALEX J003755.4-080043,2523213331288928384,WhiteDwarf
Gaia DR2 1055014082962713344,1055014082962713344,WhiteDwarf
SDSS J150816.32+245238.4,1264639994887264512,WhiteDwarf
GALEX J014324.2+115455,2575293932921820416,WhiteDwarf
GALEX J234938.5+184621,2821981117644191872,WhiteDwarf
SDSS J080209.95+192320.0,670094166092646272,WhiteDwarf
GALEX J141140.2+341437,1479233878303540864,WhiteDwarf
GALEX J212721.5-361400,6589991832350963584,WhiteDwarf
Gaia DR2 417844586408479488,417844586408479488,WhiteDwarf
GALEX J201721.7+011323,4242614874479406080,WhiteDwarf
GALEX J163209.0+282747,1305653908907041792,WhiteDwarf
GALEX J224623.4-010108,2653189074709467008,WhiteDwarf
GALEX J084022.8+311620,709490904666582656,WhiteDwarf
GALEX J030130.0+050803,6790824331479168,WhiteDwarf
GALEX J014819.1-461830,4954223923870018560,WhiteDwarf
Gaia DR2 3423012793731804416,3423012793731804416,WhiteDwarf
LAWD 56,1161215296909017728,WhiteDwarf
GALEX J111504.4+251822,3997050261062847360,WhiteDwarf
Gaia DR3 5693815677348612608,5693815677348612608,WhiteDwarf
GALEX J053507.3-265952,2908459081558085888,WhiteDwarf
SDSS J084418.81+023005.0,3079015363913731584,WhiteDwarf
GALEX J090953.7+434347,817238439984010752,WhiteDwarf
Gaia DR2 4590922188014235392,4590922188014235392,WhiteDwarf
LSPM J1802+0828EA,4476265841320320896,WhiteDwarf
Gaia DR2 2947895127672714368,2947895127672714368,WhiteDwarf
GALEX J071718.1-585022,5485807795552924800,WhiteDwarf
Gaia DR2 2928368183424545024,2928368183424545024,WhiteDwarf
GALEX J090242.3-065959,5756557173773922944,WhiteDwarf
GALEX J023756.2-552508,4741180523648755456,WhiteDwarf
SDSS J160739.67+093235.9,4451807102083223936,WhiteDwarf
Gaia DR2 36907203730832768,36907203730832768,WhiteDwarf
Gaia DR3 6368547579177376640,6368547579177376640,WhiteDwarf
LP  651-74,5179920984941752448,WhiteDwarf
2QZ J121055.9-002340,3697989553643680896,WhiteDwarf
SDSS J022744.66+241832.9,102198884247334912,WhiteDwarf
GALEX J162823.9+634509,1628965577932862336,WhiteDwarf
GALEX J131657.8+624122,1675949393414693504,WhiteDwarf
GALEX J164345.0+022636,4385745076228812928,WhiteDwarf
Gaia DR3 5877266782957291136,5877266782957291136,WhiteDwarf
SDSS J185418.04+185239.0,4517627372836109312,WhiteDwarf
GALEX J083629.2-040640,3071542150883820416,WhiteDwarf
Gaia DR2 5429967143327782016,5429967143327782016,WhiteDwarf
Gaia DR2 5511814067347905664,5511814067347905664,WhiteDwarf
GALEX J163750.0+264433,1304407509397680128,WhiteDwarf
Gaia DR2 1425371518078199552,1425371518078199552,WhiteDwarf
GALEX J101451.6+413338,805232047886567808,WhiteDwarf
LAMOST J185954.91+461024.7,2107282895847780224,WhiteDwarf
Gaia DR2 4088718057299294592,4088718057299294592,WhiteDwarf
GALEX J163426.9+134435,4462015891449726464,WhiteDwarf
GALEX J064508.8-655322,5285049616705376000,WhiteDwarf
GALEX J092943.7+353744,798481806702810240,WhiteDwarf
Gaia DR2 5411708133549758976,5411708133549758976,WhiteDwarf
SDSS J102855.70+091020.6,3864048451189231360,WhiteDwarf
Gaia DR2 2004830161865369856,2004830161865369856,WhiteDwarf
Cl* NGC 2516     RK       5,5290834387897642624,WhiteDwarf
Gaia DR2 478614765876186752,478614765876186752,WhiteDwarf
GALEX J070059.3+591536,1002296898457497216,WhiteDwarf
EC 14205-2429,6272562623549966208,WhiteDwarf
GALEX J025855.9-011350,5187913983503659776,WhiteDwarf
Gaia DR3 6506644899596484992,6506644899596484992,WhiteDwarf
Gaia DR2 3004279771867469440,3004279771867469440,WhiteDwarf
GALEX J014711.2-070029,2467272825367460352,WhiteDwarf
Gaia DR2 2127003805124528000,2127003805124528000,WhiteDwarf
PB  3615,1256440833600170112,WhiteDwarf
Gaia DR2 1950894134347214464,1950894134347214464,WhiteDwarf
GALEX J055730.2-131446,2997485477203821056,WhiteDwarf
2QZ J002200.2-290755,2321717070901392512,WhiteDwarf
Gaia DR2 4651483632075388160,4651483632075388160,WhiteDwarf
Gaia DR2 2220040008002667264,2220040008002667264,WhiteDwarf
Gaia DR2 5613432817479324032,5613432817479324032,WhiteDwarf
Gaia DR2 1856957216694117120,1856957216694117120,WhiteDwarf
SDSS J045655.04-053129.3,3212266307660656000,WhiteDwarf
Gaia DR2 3060673237926799616,3060673237926799616,WhiteDwarf
GALEX J201742.5+762311,2290208056946982272,WhiteDwarf
Gaia DR2 5811467441604719232,5811467441604719232,WhiteDwarf
Gaia DR2 470042801422228096,470042801422228096,WhiteDwarf
2QZ J221803.9-295622,6614853714400763008,WhiteDwarf
Gaia DR2 2941860801702061184,2941860801702061184,WhiteDwarf
Gaia DR2 1978869725951270784,1978869725951270784,WhiteDwarf
2QZ J232823.3-282339,2330314190973317120,WhiteDwarf
HS 1609+1426,4464512882357505280,WhiteDwarf
2QZ J144719.4-013612,3650271161315396480,WhiteDwarf
Gaia DR2 6076109616844022912,6076109616844022912,WhiteDwarf
Gaia DR2 1687355830120686464,1687355830120686464,WhiteDwarf
SDSS J220154.27+102334.1,2725775293323104000,WhiteDwarf
GALEX J023050.6-311643,5066754128611003008,WhiteDwarf
GALEX J001341.9-180747,2366305875180442368,WhiteDwarf
Gaia DR2 5321767567002467968,5321767567002467968,WhiteDwarf
SDSS J012757.30+150839.0,2591916388365354368,WhiteDwarf
SDSS J082503.32+271003.0,683041400842870400,WhiteDwarf
Gaia DR2 3027861444428219776,3027861444428219776,WhiteDwarf
GALEX J090554.6+213829,685228909289354624,WhiteDwarf
GALEX J031808.1-530518,4735140833262148096,WhiteDwarf
GALEX J121048.4+054924,3895188308410658176,WhiteDwarf
GALEX J023948.1-065222,5177859052746654208,WhiteDwarf
SDSS J224658.85+174206.7,2829916052543690880,WhiteDwarf
GALEX J002250.3-354358,5004999229106571264,WhiteDwarf
GALEX J134456.3+590338,1659392809885067904,WhiteDwarf
Gaia DR2 5819454672030884864,5819454672030884864,WhiteDwarf
Gaia DR3 3350918159898584320,3350918159898584320,WhiteDwarf
Gaia DR2 3374162286678753920,3374162286678753920,WhiteDwarf
Gaia DR2 128933513774990848,128933513774990848,WhiteDwarf
GALEX J204600.5-442955,6675160144774322816,WhiteDwarf
Gaia DR2 2027161616677429376,2027161616677429376,WhiteDwarf
Gaia DR2 6732382676958212096,6732382676958212096,WhiteDwarf
GALEX J072106.3+404045,948275830600962432,WhiteDwarf
GALEX J133321.0-250826,6191607845843708544,WhiteDwarf
Gaia DR2 441101765595884800,441101765595884800,WhiteDwarf
Gaia DR2 3100157387676050304,3100157387676050304,WhiteDwarf
SDSS J141921.17+263157.8,1259396870611220992,WhiteDwarf
Feige  31,1068931460633216,WhiteDwarf
Gaia DR2 3128387589236441344,3128387589236441344,WhiteDwarf
GALEX J114339.7-481208,5371890836078141184,WhiteDwarf
Gaia DR2 2096884122891080960,2096884122891080960,WhiteDwarf
GALEX J175705.6+705012,1638933612911236608,WhiteDwarf
SDSS J211105.16+004041.6,2690444892348375808,WhiteDwarf
GALEX J171400.2+421228,1354153366809484416,WhiteDwarf
Gaia DR2 6376103285646518016,6376103285646518016,WhiteDwarf
Gaia DR2 5224115992264696448,5224115992264696448,WhiteDwarf
SDSS J202508.31-143743.7,6876050123282914560,WhiteDwarf
GALEX J024259.7+870437,575525244003288704,WhiteDwarf
GALEX J111508.8+603732,861178433618843392,WhiteDwarf
SDSS J080232.41+061826.9,3096107611470222976,WhiteDwarf
GALEX J232337.9+341526,1912118310604657408,WhiteDwarf
SDSS J094004.20+123930.8,614097138403737344,WhiteDwarf
GALEX J044558.6-425428,4814619203074846080,WhiteDwarf
GALEX J152759.1+012406,4420853719454806144,WhiteDwarf
GALEX J064108.5+750501,1115185097310817024,WhiteDwarf
Gaia DR2 5541625744588526208,5541625744588526208,WhiteDwarf
GALEX J160416.9+110823,4456720574731530880,WhiteDwarf
Gaia DR2 5648999033635557376,5648999033635557376,WhiteDwarf
Gaia DR2 5272283530793273728,5272283535093544704,WhiteDwarf
Gaia DR2 3431681828742646016,3431681828742646016,WhiteDwarf
Gaia DR2 6726410271529324544,6726410271529324544,WhiteDwarf
GALEX J181345.9+355933,4605900422602771840,WhiteDwarf
Gaia DR2 98159141089386240,98159141089386240,WhiteDwarf
2QZ J223329.6-312051,6601914524125773568,WhiteDwarf
PSO J295.6311-05.2005,4209104577563403136,WhiteDwarf
BPS CS 22891-0122,6446197877766956800,WhiteDwarf
GALEX J072441.4+402659,948574588525198592,WhiteDwarf
Gaia DR2 5646766436616330496,5646766436616330496,WhiteDwarf
Gaia DR2 1566592001275738368,1566592001275738368,WhiteDwarf
Gaia DR2 5859185318527455616,5859185318527455616,WhiteDwarf
Gaia DR3 4513720872430669568,4513720872430669568,WhiteDwarf
SDSS J090502.62+111022.0,604070107752237056,WhiteDwarf
GALEX J111919.1-125933,3564809798979446016,WhiteDwarf
GALEX J200037.4-304735,6749063951978420224,WhiteDwarf
SDSS J011849.74+245928.9,294449351357598592,WhiteDwarf
GALEX J041830.3-272825,4886401438169008000,WhiteDwarf
Gaia DR3 6057451076355239424,6057451076355239424,WhiteDwarf
GALEX J161044.8+082152,4451443434313859200,WhiteDwarf
Gaia DR2 5586182177693677440,5586182177693677440,WhiteDwarf
Gaia DR2 420511589299242752,420511589299242752,WhiteDwarf
2MASS J16452860+6453403,1634947131642399488,WhiteDwarf
GALEX J210151.2-560745,6457811946074850688,WhiteDwarf
GALEX J213240.5-130635,6843002450178395136,WhiteDwarf
GALEX J011927.1-230136,5041649903030795520,WhiteDwarf
2QZ J233246.4-292424,2329399599162434176,WhiteDwarf
GALEX J000828.9-122105,2421397184463406208,WhiteDwarf
Gaia DR2 1053254795638997376,1053254795638997376,WhiteDwarf
Gaia DR2 4808378482451035520,4808378482451035520,WhiteDwarf
Gaia DR2 4703808157779219712,4703808157779219712,WhiteDwarf
UCAC4 756-054458,2240031951187372928,WhiteDwarf
Gaia DR2 6865516527012669696,6865516527012669696,WhiteDwarf
Gaia DR2 5449033529651371520,5449033529651371520,WhiteDwarf
GALEX J202414.9-002609,4229404895107444224,WhiteDwarf
SDSS J112640.05+471150.2,788732024787607680,WhiteDwarf
GALEX J200851.8-362605,6697498162305638016,WhiteDwarf
SDSS J115337.69+271530.6,4007405354198531840,WhiteDwarf
Gaia DR2 4543964971264759808,4543964971264759808,WhiteDwarf
Gaia DR2 5457062369715407488,5457062369715407488,WhiteDwarf
2SLAQ J023800.98+000829.6,2501752444862788992,WhiteDwarf
Gaia DR2 2760000895568004736,2760000895568004736,WhiteDwarf
SDSS J220526.91+252302.1,1891608085123826560,WhiteDwarf
GALEX J105131.2+305355,736439281828620288,WhiteDwarf
GALEX J052901.4-265332,2908613292361067008,WhiteDwarf
Gaia DR2 5470419133890587904,5470419133890587904,WhiteDwarf
GALEX J081656.4+030417,3091210283601169920,WhiteDwarf
SDSS J031643.12+012357.8,3268495164800921600,WhiteDwarf
Gaia DR2 4125136214586293888,4125136214586293888,WhiteDwarf
Gaia DR2 6450005349094365568,6450005349094365568,WhiteDwarf
Gaia DR2 5596646543397517312,5596646543397517312,WhiteDwarf
GALEX J105452.1+183210,3983138342299933568,WhiteDwarf
GALEX J171110.4+013400,4386918701814958336,WhiteDwarf
SDSS J121153.21+404111.7,1536165456518535424,WhiteDwarf
GALEX J145758.7+011622,1153263280925005312,WhiteDwarf
Gaia DR2 2166128101033436032,2166128101033436032,WhiteDwarf
GALEX J193627.1-602030,6445558507458974336,WhiteDwarf
GALEX J164446.7+682053,1648578803787878272,WhiteDwarf
Gaia DR2 429776417872407168,429776417872407168,WhiteDwarf
GALEX J163825.4-031344,4354831791419949568,WhiteDwarf
GALEX J142931.2+583927,1611891639821969408,WhiteDwarf
GALEX J100011.1+630542,1051569519191170688,WhiteDwarf
Gaia DR2 2190543104625635584,2190543104625635584,WhiteDwarf
Gaia DR2 3089988520024353664,3089988520024353664,WhiteDwarf
Gaia DR2 502253239374060032,502253239374060032,WhiteDwarf
Gaia DR2 2965120974486210816,2965120974486210816,WhiteDwarf
GALEX J091751.0+194201,636002193165577472,WhiteDwarf
GALEX J191259.2-863921,6342596837019038592,WhiteDwarf
GALEX J055946.7+641238,287010880318082560,WhiteDwarf
GALEX J144006.9+095837,1174728432253334784,WhiteDwarf
GALEX J031924.5-471954,4750089827712957056,WhiteDwarf
GALEX J085118.1+141731,608861401469075840,WhiteDwarf
Gaia DR2 538828901693256448,538828901693256448,WhiteDwarf
Gaia DR2 3402391590593571712,3402391590593571712,WhiteDwarf
GALEX J025758.0+341748,137138133963774208,WhiteDwarf
GALEX J130407.7+004331,3690986935884462976,WhiteDwarf
LSPM J0409+2437,150108969556871168,WhiteDwarf
GALEX J072952.3-595603,5293491014149825408,WhiteDwarf
Gaia DR2 1678701814617460864,1678701814617460864,WhiteDwarf
SDSS J160520.52+085705.4,4451757417900676096,WhiteDwarf
PSO J018.0647-13.6341,2456134364556362624,WhiteDwarf
GALEX J011458.7-482635,4932181120916532480,WhiteDwarf
2QZ J010117.6-302012,5031210555521261184,WhiteDwarf
Gaia DR2 5467193995704762112,5467193995704762112,WhiteDwarf
Gaia DR2 1113989863748925824,1113989863748925824,WhiteDwarf
GALEX J035815.6-595638,4680206861516733568,WhiteDwarf
Gaia DR2 5856994679060912128,5856994679060912128,WhiteDwarf
Gaia DR2 2873505301968425984,2873505301968425984,WhiteDwarf
SDSS J225336.82+081608.1,2713073189537921536,WhiteDwarf
Gaia DR2 4293349948755499008,4293349948755499008,WhiteDwarf
GALEX J191604.9-090718,4201009015202934272,WhiteDwarf
GALEX J142725.8+173253,1238545044907168640,WhiteDwarf
GALEX J135207.8+185033,1245187194650863104,WhiteDwarf
2MASS J08451554+6117057,1042071701528617856,WhiteDwarf
GALEX J154813.8-394447,6008065029793451520,WhiteDwarf
SDSS J135444.98+221006.1,1250704440919829888,WhiteDwarf
Gaia DR3 5826225224141207296,5826225224141207296,WhiteDwarf
GALEX J210433.1-413012,6581329158192848128,WhiteDwarf
PM J04263+4820,258083214726210944,WhiteDwarf
Gaia DR2 1349528786542713472,1349528786542713472,WhiteDwarf
Gaia DR2 1990812969148814336,1990812969148814336,WhiteDwarf
GALEX J075650.1+261224,873908162633004544,WhiteDwarf
GALEX J054156.9-573612,4766115862522666112,WhiteDwarf
Gaia DR2 5408239827196186880,5408239827196186880,WhiteDwarf
GALEX J093426.6-083204,5741661436917798144,WhiteDwarf
Gaia DR2 5282655464497628544,5282655464497628544,WhiteDwarf
LAMOST J041541.47+411749.7,228706394335667328,WhiteDwarf
GALEX J020052.3+655257,518761302655541888,WhiteDwarf
Gaia DR2 528583205669752064,528583205669752064,WhiteDwarf
Gaia DR2 5706792143630759808,5706792143630759808,WhiteDwarf
GALEX J143802.4-311649,6216893177309420800,WhiteDwarf
GALEX J030621.2-555331,4728406294478198912,WhiteDwarf
GALEX J082239.5+304857,708665755549775872,WhiteDwarf
Gaia DR2 2198417940043334784,2198417940043334784,WhiteDwarf
Gaia DR2 2234611354566753024,2234611354566753024,WhiteDwarf
GALEX J091522.6+213111,638484031427755648,WhiteDwarf
GALEX J140232.8+411404,1497969590800556032,WhiteDwarf
GALEX J193901.4-735852,6367897527286619904,WhiteDwarf
SDSS J083540.96+155224.9,657874262581292544,WhiteDwarf
Gaia DR3 3024971270738594688,3024971270738594688,WhiteDwarf
Gaia DR3 2061970887793579008,2061970887793579008,WhiteDwarf
Gaia DR2 5725735187083405184,5725735187083405184,WhiteDwarf
Gaia DR2 4547059027050576640,4547059027050576640,WhiteDwarf
GALEX J105455.1+121416,3871800390417208704,WhiteDwarf
2QZ J134855.4-000835,3662203546831111296,WhiteDwarf
GALEX J144350.8-220004,6278816160357485440,WhiteDwarf
Gaia DR2 6668439135135524352,6668439135135524352,WhiteDwarf
2QZ J233519.6-290942,2330709495468283904,WhiteDwarf
GALEX J235040.9-770503,6377263339130660224,WhiteDwarf
GALEX J222908.5-220804,6628358569047674240,WhiteDwarf
GALEX J035025.2-575845,4681460098613553536,WhiteDwarf
Gaia DR2 1323995893162271104,1323995893162271104,WhiteDwarf
Gaia DR2 4589496774267580800,4589496774267580800,WhiteDwarf
Gaia DR2 5775050826209313280,5775050826209313280,WhiteDwarf
GALEX J085326.1+255031,690925483329849728,WhiteDwarf
2QZ J012343.0-301159,5028963772229244032,WhiteDwarf
Gaia DR2 5347485320065962112,5347485320065962112,WhiteDwarf
GALEX J161939.1+154243,4464988283696366208,WhiteDwarf
GALEX J045321.1-114645,3181240013670569984,WhiteDwarf
Gaia DR2 5552189680504567680,5552189680504567680,WhiteDwarf
Gaia DR2 390493478751885184,390493478751885184,WhiteDwarf
Gaia DR2 359462309975141504,359462309975141504,WhiteDwarf
GALEX J210050.4-182230,6881717143651569664,WhiteDwarf
GALEX J221155.7+771221,2280923750696484736,WhiteDwarf
Gaia DR2 5633620125838537344,5633620125838537344,WhiteDwarf
Gaia DR2 4979124185749149824,4979124185749149824,WhiteDwarf
Gaia DR2 1468685885301331200,1468685885301331200,WhiteDwarf
SDSS J150551.50+493311.6,1592207392387761280,WhiteDwarf
GALEX J145056.5+725215,1698691490060315136,WhiteDwarf
Gaia DR2 5432018174895058816,5432018174895058816,WhiteDwarf
SDSS J100558.93+161440.1,621997163807458048,WhiteDwarf
Gaia DR2 5560518000052459520,5560518000052459520,WhiteDwarf
GALEX J103306.4+475938,834040936161222656,WhiteDwarf
Gaia DR2 5364092408114709632,5364092408114709632,WhiteDwarf
Gaia DR2 1274633593513632256,1274633593513632256,WhiteDwarf
Gaia DR2 252485390574370688,252485390574370688,WhiteDwarf
Gaia DR2 6130687518621892096,6130687518621892096,WhiteDwarf
Gaia DR2 5696968217691151360,5696968217691151360,WhiteDwarf
LP  612-27,3810099989754827136,WhiteDwarf
Gaia DR2 6096078289894698752,6096078289894698752,WhiteDwarf
EC 04224-1649,3172089572961811328,WhiteDwarf
Gaia DR2 2934455487810327936,2934455487810327936,WhiteDwarf
GALEX J093001.5-015626,3838090287327030144,WhiteDwarf
Gaia DR3 5874130116816446336,5874130116816446336,WhiteDwarf
GALEX J174418.6-581553,5918147694721053056,WhiteDwarf
GALEX J155832.9+005603,4410875406618953984,WhiteDwarf
Gaia DR2 3178230551561994368,3178230551561994368,WhiteDwarf
GALEX J160824.1+185905,1200135736495012224,WhiteDwarf
SDSS J155053.72+224237.9,1217016199213874304,WhiteDwarf
SDSS J045506.72-035348.4,3224738480370347008,WhiteDwarf
GALEX J110601.7-343801,5401666431288117888,WhiteDwarf
Gaia DR2 4367012211302035328,4367012211302035328,WhiteDwarf
Gaia DR2 1139952219499071232,1139952219499071232,WhiteDwarf
Gaia DR2 5818668830449198208,5818668830449198208,WhiteDwarf
Gaia DR2 1900335355590892800,1900335355590892800,WhiteDwarf
Gaia DR2 5538103523510889088,5538103523510889088,WhiteDwarf
Lan 532,228579606900931968,WhiteDwarf
Gaia DR2 4586962056371140352,4586962056371140352,WhiteDwarf
SDSS J130935.35+262014.4,1459437240164948608,WhiteDwarf
GALEX J094046.9-023302,3827147058549670656,WhiteDwarf
WD 1201+085,3899738362404181632,WhiteDwarf_Candidate
GALEX J153111.1+481531,1402079017079323008,WhiteDwarf
SCR J2032-4948B,6475939358059500928,WhiteDwarf
Gaia DR2 5412355681479151744,5412355681479151744,WhiteDwarf
GALEX J231941.4+390210,1917289412573476736,WhiteDwarf
GALEX J163712.0+222352,1298057589230400640,WhiteDwarf
GALEX J220850.6+001349,2678902047478988288,WhiteDwarf
Gaia DR2 5915093972990383360,5915093972990383360,WhiteDwarf
GALEX J133610.5-394217,6161504248266863488,WhiteDwarf
Gaia DR2 4502615530106044544,4502615530106044544,WhiteDwarf
V* SW LMi,795097505615589504,WhiteDwarf
Gaia DR2 485793271130966272,485793271130966272,WhiteDwarf
GALEX J071809.4+212033,3364129170061621504,WhiteDwarf
Gaia DR2 5314578788177979904,5314578788177979904,WhiteDwarf
Gaia DR2 5406953810913456768,5406953810913456768,WhiteDwarf
GALEX J175547.1+381100,4610628734918108160,WhiteDwarf
SDSS J201410.81+781723.0,2291394086396460288,WhiteDwarf
GALEX J201336.6+130833,1803452373847804544,WhiteDwarf
GALEX J172049.4+260902,4573972567734451456,WhiteDwarf
GALEX J170633.9+171644,4547923140110527872,WhiteDwarf
Gaia DR2 1930055434063982080,1930055434063982080,WhiteDwarf
GALEX J110111.6+121058,3871656659336753536,WhiteDwarf
Gaia DR2 2005337650891626624,2005337650891626624,WhiteDwarf
SDSS J124238.80+612119.1,1580126370938935424,WhiteDwarf
GALEX J062800.0+310147,3435668864060964608,WhiteDwarf
2QZ J031641.7-292901,5058559292353937280,WhiteDwarf
GALEX J012352.4+181628,2785668337387526784,WhiteDwarf
GALEX J232556.8+240418,2840051767341078784,WhiteDwarf
Gaia DR2 1829039177662824448,1829039177662824448,WhiteDwarf
2QZ J125303.2+015910,3702669040771832704,WhiteDwarf
Gaia DR2 5223183945701436032,5223183945701436032,WhiteDwarf
SDSS J113119.93+614639.3,862575152687769088,WhiteDwarf
Gaia DR2 2036627660170358400,2036627660170358400,WhiteDwarf
2QZ J121552.8+013815,3700906454912376960,WhiteDwarf
Gaia DR2 2157454569196529664,2157454569196529664,WhiteDwarf
GALEX J220045.4-492758,6559877480177348224,WhiteDwarf
Gaia DR2 1139736573483618944,1139736573483618944,WhiteDwarf
GALEX J023344.1-270320,5070168863833174144,WhiteDwarf
GALEX J234122.0+180012,2821122643877235968,WhiteDwarf
GALEX J004225.5+042950,2554259416492224512,WhiteDwarf
Gaia DR2 2096121371060091264,2096121371060091264,WhiteDwarf
SDSS J173129.03+621911.1,1439345692392736384,WhiteDwarf
GALEX J101246.7+303733,742471649294744064,WhiteDwarf
Gaia DR2 4604959068852771328,4604959068852771328,WhiteDwarf
GALEX J081943.0+233708,678940252534505088,WhiteDwarf
GALEX J194639.9-112945,4189930159925908736,WhiteDwarf
Gaia DR2 5290560472064774400,5290560472064774400,WhiteDwarf
Gaia DR2 3825466656889851520,3825466656889851520,WhiteDwarf
GALEX J231418.8+005426,2657253526816420224,WhiteDwarf
GALEX J181009.2-000754,4275221785165527808,WhiteDwarf
GALEX J095259.4+204026,628050628153160576,WhiteDwarf
SDSS J210920.17+001348.4,2690030926218780928,WhiteDwarf
GALEX J220252.6+000833,2680447892108035328,WhiteDwarf
Gaia DR2 6338239094480660608,6338239094480660608,WhiteDwarf
Gaia DR2 5200543661256246016,5200543661256246016,WhiteDwarf
GALEX J224642.1+674605,2212952903944892160,WhiteDwarf
GALEX J201326.8-331910,6699628775321492864,WhiteDwarf
LAMOST J025737.25+264047.89,115359939648774912,WhiteDwarf
Gaia DR2 5757546184483363584,5757546184483363584,WhiteDwarf
Gaia DR2 2948268480591107584,2948268480591107584,WhiteDwarf
SDSS J101543.33+423736.9,805502218508908416,WhiteDwarf
Gaia DR2 2017699808064744832,2017699808064744832,WhiteDwarf
Gaia DR2 6814696240580864512,6814696240580864512,WhiteDwarf
Gaia DR2 5543875482819671936,5543875482819671936,WhiteDwarf
LSPM J1522+2535,1270140821499608832,WhiteDwarf
Gaia DR2 6648471973914622208,6648471973914622208,WhiteDwarf
GALEX J003443.2+121203,2775727824559362432,WhiteDwarf
GALEX J053232.5-283736,2907448114976168832,WhiteDwarf
Gaia DR2 6764486080026955136,6764486080026955136,WhiteDwarf
Gaia DR2 6136398240276451328,6136398240276451328,WhiteDwarf
GALEX J105007.4+462008,831233230140148480,WhiteDwarf
LSPM J2150+3323,1946619817256546048,WhiteDwarf
Gaia DR2 52800575591167232,52800575591167232,WhiteDwarf
GALEX J172823.2+701100,1638666019268726912,WhiteDwarf
GALEX J005259.4+355650,363930244191552000,WhiteDwarf
GALEX J013227.9+010111,2558216524477841792,WhiteDwarf
GALEX J160932.9-104738,4343383981292399488,WhiteDwarf
GALEX J041749.2-302537,4884700562400484480,WhiteDwarf
GALEX J091800.5+334746,701927501617743488,WhiteDwarf
Gaia DR2 186808095009472384,186808095009472384,WhiteDwarf
SDSS J094226.27+071429.9,3854202358921866752,WhiteDwarf
GALEX J074855.5+233909,675386802752818816,WhiteDwarf
Gaia DR2 5527351541039857792,5527351541039857792,WhiteDwarf
GALEX J231119.3-180944,2405290537411339392,WhiteDwarf
Gaia DR2 5699818014397825792,5699818014397825792,WhiteDwarf
SDSS J052600.28+190750.9,3400765515975411712,WhiteDwarf
GALEX J092228.2-002220,3839291370636765824,WhiteDwarf
Gaia DR2 5354203679727393280,5354203679727393280,WhiteDwarf
Gaia DR2 3045305093328036992,3045305093328036992,WhiteDwarf
SDSS J135643.55-085809.2,3615783604719906944,WhiteDwarf
Gaia DR2 5518690958534925824,5518690958534925824,WhiteDwarf
Gaia DR2 4895537937415399296,4895537937415399296,WhiteDwarf
GALEX J004740.4+214045,2802103768479487104,WhiteDwarf
2QZ J140500.9-023325,3647146628441770368,WhiteDwarf
GALEX J132436.3+405228,1525062003985802368,WhiteDwarf
GALEX J031533.9-515826,4735451067339788800,WhiteDwarf
GALEX J075658.8+511446,935951851441001216,WhiteDwarf
GALEX J041834.0+003537,3255621597331539072,WhiteDwarf
SDSS J144758.73+330317.7,1292551922191991680,WhiteDwarf
SDSS J163735.21+143701.0,4462181608468119680,WhiteDwarf
Gaia DR2 4287979006257171584,4287979006257171584,WhiteDwarf
Gaia DR2 6733750336278803072,6733750336278803072,WhiteDwarf
GALEX J145332.4-305834,6217807558666584704,WhiteDwarf
EC 03263-2109,5099182265566440320,WhiteDwarf
GALEX J135729.0-163245,6294791518847636736,WhiteDwarf
SDSS J120027.49+264218.7,4006434936403758336,WhiteDwarf
Gaia DR2 5999795121801215232,5999795121801215232,WhiteDwarf
SDSS J101219.44+482021.8,822712667860466048,WhiteDwarf
GALEX J235103.3+410318,1921255247935490944,WhiteDwarf
Gaia DR2 5504623222644714496,5504623222644714496,WhiteDwarf
GALEX J124909.3+240136,3957635410611476096,WhiteDwarf
GALEX J112958.7-445818,5376031356344830976,WhiteDwarf
GALEX J093720.0-274422,5657937509112722432,WhiteDwarf
GALEX J224828.6+131838,2719990109813842688,WhiteDwarf
Gaia DR2 4188443963805469440,4188443963805469440,WhiteDwarf
GALEX J152923.6-151020,6265676068691449600,WhiteDwarf
GALEX J225052.6+263109,1883005231269519616,WhiteDwarf
LEHPM 3043,5047855310435741312,WhiteDwarf
Gaia DR2 1827244873458649600,1827244873458649600,WhiteDwarf
Gaia DR2 5362114322278833792,5362114322278833792,WhiteDwarf
Gaia DR2 6077997851970929024,6077997851970929024,WhiteDwarf
Gaia DR2 3117659104527038848,3117659104527038848,WhiteDwarf
Gaia DR2 5521827590327369856,5521827590327369856,WhiteDwarf
LAMOST J015959.68+120413.2,2574596327153616128,WhiteDwarf
GALEX J000434.3-522732,4972381190173972864,WhiteDwarf
Gaia DR2 2006472003297994112,2006472003297994112,WhiteDwarf
GALEX J235233.8+161240,2773168195849842048,WhiteDwarf
SDSS J110822.99+361753.0,762167956997648640,WhiteDwarf
GALEX J182052.8+302003,4589988913096602624,WhiteDwarf
GALEX J000053.1-465221,4990295460108642944,WhiteDwarf
GALEX J122626.1+531716,1572347051293826048,WhiteDwarf
GALEX J161346.5+533217,1428120846903471744,WhiteDwarf
Gaia DR2 4580965629189776640,4580965629189776640,WhiteDwarf
GALEX J125049.6+030233,3703050197644988416,WhiteDwarf
LSPM J1852+5901,2155352131166620160,WhiteDwarf
SDSS J163710.24+185310.0,4563334066884106368,WhiteDwarf
Gaia DR2 5925003733846390016,5925003733846390016,WhiteDwarf
SDSS J150800.08+443407.0,1585993300560700288,WhiteDwarf
Gaia DR2 1744218242181955072,1744218242181955072,WhiteDwarf
GALEX J205019.6-291716,6795418885465705728,WhiteDwarf
Gaia DR2 3133956959226315392,3133956959226315392,WhiteDwarf
Gaia DR2 6236305364336246272,6236305364336246272,WhiteDwarf
SDSS J150914.14+341544.0,1290622283581661952,WhiteDwarf
GALEX J160635.6-013229,4406334049937890176,WhiteDwarf
GALEX J191757.4-100204,4200128611314031360,WhiteDwarf
Gaia DR2 4173408211014931584,4173408211014931584,WhiteDwarf
Gaia DR2 5799431633272246016,5799431633272246016,WhiteDwarf
Gaia DR2 4295244098061736960,4295244098061736960,WhiteDwarf
LSPM J1912+3943,2099774674541183488,WhiteDwarf
Gaia DR3 1981448462969520896,1981448462969520896,WhiteDwarf
GALEX J043725.3+650057,482258925363908096,WhiteDwarf
2QZ J004315.5-294524,2317873831085265024,WhiteDwarf
Gaia DR2 6403180069442944768,6403180069442944768,WhiteDwarf
Gaia DR2 6124035812571350400,6124035812571350400,WhiteDwarf
GALEX J104946.4+003635,3807887321387497216,WhiteDwarf
GALEX J030406.4+285143,116740685736215040,WhiteDwarf
Gaia DR2 6095272317804522752,6095272317804522752,WhiteDwarf
SDSS J093620.23+520208.5,1018855066830866048,WhiteDwarf
GALEX J115639.9+182420,3926969344118087552,WhiteDwarf
GALEX J073705.7+282449,878555626484309248,WhiteDwarf
Gaia DR2 451522627564532352,451522627564532352,WhiteDwarf
GALEX J113718.3-390001,5384608612194023168,WhiteDwarf
GALEX J064245.7+383832,944825528753323008,WhiteDwarf
Gaia DR2 6179284798693631616,6179284798693631616,WhiteDwarf
Gaia DR2 2921043958512310912,2921043958512310912,WhiteDwarf
GALEX J171937.0+504216,1414980793894424576,WhiteDwarf
Gaia DR3 5826953719332268928,5826953719332268928,WhiteDwarf
Gaia DR2 2855241859780361088,2855241859780361088,WhiteDwarf
2QZ J214416.2-302404,6593254014632069248,WhiteDwarf
GALEX J001355.8-212122,2364436984586238592,WhiteDwarf
Gaia DR2 3304743314391604480,3304743314391604480,WhiteDwarf
GALEX J003210.0-740721,4685414011152731008,WhiteDwarf
GALEX J095636.8+662840,1066461923154994688,WhiteDwarf
GALEX J042645.8-424205,4839734492490240512,WhiteDwarf
Gaia DR2 5275027671296815104,5275027671296815104,WhiteDwarf
HS 2115+1148,1746496503290277888,WhiteDwarf
GALEX J033845.3-534429,4732621341021719552,WhiteDwarf
G 107-9,957295438016687616,WhiteDwarf
GALEX J022740.3+004239,2501250071128125056,WhiteDwarf
LSPM J1403+4533,1505825635741455872,WhiteDwarf
GALEX J170614.8+414244,1354210545709538304,WhiteDwarf
GALEX J202825.6-853009,6343145738134060544,WhiteDwarf
Gaia DR2 233287195997480960,233287195997480960,WhiteDwarf
Gaia DR2 1352312475106505088,1352312475106505088,WhiteDwarf
SDSS J194633.43+780727.8,2291529055743487872,WhiteDwarf
Gaia DR2 6751441611519448576,6751441611519448576,WhiteDwarf
Gaia DR2 5421380094953613440,5421380094953613440,WhiteDwarf
LB  3575,337163831909604480,WhiteDwarf
SDSS J052317.34+022753.5,3234395078681331840,WhiteDwarf
GALEX J082959.4+352023,903828695819270656,WhiteDwarf
GALEX J143307.7-265338,6223307281468272640,WhiteDwarf
GALEX J051632.9-640354,4664092560834632064,WhiteDwarf
GALEX J103137.8-173144,3747479259204461440,WhiteDwarf
GALEX J003751.5+211950,2802443758090679424,WhiteDwarf
GALEX J114514.0-170602,3547367563129984384,WhiteDwarf
GALEX J200813.7-805109,6361346366425446016,WhiteDwarf
Gaia DR2 1222060518049684480,1222060518049684480,WhiteDwarf
EC 21484-6346,6402648970968695424,WhiteDwarf
Gaia DR2 5531253566072684288,5531253566072684288,WhiteDwarf
GALEX J100827.0+031652,3836621786469458048,WhiteDwarf
CSO  394,4030292070983358208,WhiteDwarf
Gaia DR2 1694918271096150400,1694918271096150400,WhiteDwarf
Gaia DR2 2001698787113116288,2001698787113116288,WhiteDwarf
GALEX J154651.5-160826,6261757928946301312,WhiteDwarf
Gaia DR2 4502955450997554560,4502955450997554560,WhiteDwarf
GALEX J001135.4+193720,2798426932876895872,WhiteDwarf
GALEX J040832.1+071932,3297581022631441152,WhiteDwarf
GALEX J115209.8-100433,3587776638379394048,WhiteDwarf
SDSS J124752.38+124840.0,3928975093845570816,WhiteDwarf
Gaia DR2 2203126323714245376,2203126323714245376,WhiteDwarf
GALEX J204905.1-424934,6677037904477445888,WhiteDwarf
Gaia DR2 5417663191601928832,5417663191601928832,WhiteDwarf
GALEX J114853.3+555217,841949693235821056,WhiteDwarf
GALEX J000117.0-121842,2421224556841719680,WhiteDwarf
Gaia DR2 4551007613825486848,4551007613825486848,WhiteDwarf
Gaia DR2 2190734831960239360,2190734831960239360,WhiteDwarf
GALEX J182416.4-643728,6629872394700734592,WhiteDwarf
GALEX J231845.8+164613,2817885952226306560,WhiteDwarf
Gaia DR2 535937289193108608,535937289193108608,WhiteDwarf
GALEX J032211.4-192729,5103329928368771456,WhiteDwarf
GALEX J191431.1-494446,6658240202714573696,WhiteDwarf
2QZ J144819.9+003104,3651936234236390400,WhiteDwarf
Gaia DR2 4647897647911465856,4647897647911465856,WhiteDwarf
GALEX J024310.8-472103,4752894961049491072,WhiteDwarf
GALEX J152129.2-300855,6211206640608741248,WhiteDwarf
GALEX J134042.7+052656,3714993161664884224,WhiteDwarf
2QZ J223008.4-273231,6620846258930385280,WhiteDwarf
GALEX J034557.2-214325,5088516762260317056,WhiteDwarf
Gaia DR2 1786006899583246464,1786006899583246464,WhiteDwarf
Gaia DR2 861022951507131008,861022951507131008,WhiteDwarf
LAMOST J195030.67+464958.1,2086310604905316224,WhiteDwarf
US 2514,4023599614287576320,WhiteDwarf
GALEX J142228.9-095502,6328846722559436288,WhiteDwarf
Gaia DR2 4586929487637081728,4586929487637081728,WhiteDwarf
Gaia DR2 4083342265779852160,4083342265779852160,WhiteDwarf
Gaia DR2 6890846285617707904,6890846285617707904,WhiteDwarf
GALEX J093816.8+332710,794265278392449664,WhiteDwarf
GALEX J150321.2+011852,1153170543991219968,WhiteDwarf
GALEX J230702.1-563316,6493714161817325952,WhiteDwarf
GALEX J085657.7+250423,689890941670416640,WhiteDwarf
GALEX J002809.5+030718,2547878400757339648,WhiteDwarf
GD 86,976040702520790400,WhiteDwarf
Gaia DR2 6175425783461580800,6175425783461580800,WhiteDwarf
Gaia DR2 4471756464960967168,4471756464960967168,WhiteDwarf
EC 11411-3137,3477872793257929856,WhiteDwarf
SDSS J180838.07+432815.5,2114123915458228608,WhiteDwarf
Gaia DR2 3561884994970891520,3561884994970891520,WhiteDwarf
Gaia DR2 367887210446515840,367887210446515840,WhiteDwarf
SDSS J234245.75-100121.3,2435433202010203264,WhiteDwarf
Gaia DR2 4677803191659561216,4677803191659561216,WhiteDwarf
EC 03338-6410,4673757096243879168,WhiteDwarf
Gaia DR2 6237084063386920576,6237084063386920576,WhiteDwarf
GALEX J084821.8+471323,1013785454937847680,WhiteDwarf
GALEX J202458.9+755506,2290133225733366528,WhiteDwarf
GALEX J040947.1-373006,4845472396999076096,WhiteDwarf
Cl* NGC 2682   SAND     133,598956760207913984,WhiteDwarf
Gaia DR2 2121181856692541568,2121181856692541568,WhiteDwarf
GALEX J051143.8+140810,3391934380314887552,WhiteDwarf
SDSS J213555.56+101659.9,1742381611087166336,WhiteDwarf
GALEX J115145.7+375153,4032690857462574080,WhiteDwarf
GALEX J035603.5-054208,3245286084950804608,WhiteDwarf
GALEX J151811.1+034047,4422352040270042112,WhiteDwarf
GALEX J021952.8+443511,351914055276387840,WhiteDwarf
UVEX J001101.26+640013.7,431497570194965632,WhiteDwarf
Gaia DR3 4161807336846157824,4161807336846157824,WhiteDwarf
GALEX J141649.3-252959,6271159268754755456,WhiteDwarf
Gaia DR2 2357891969823133440,2357891969823133312,WhiteDwarf
Gaia DR2 2276262641733772800,2276262641733772800,WhiteDwarf
Gaia DR2 1018172751146495744,1018172751146495744,WhiteDwarf
Gaia DR2 5331982476696806272,5331982476696806272,WhiteDwarf
GALEX J211300.1-003133,2689121737476471680,WhiteDwarf
GALEX J101140.9+031412,3835905351565125376,WhiteDwarf
GALEX J042843.9+653031,477281298785754880,WhiteDwarf
LP  158-10,261268495614869888,WhiteDwarf
SDSS J083448.63+821059.1,1145530797899525376,WhiteDwarf
Gaia DR2 6720534412675185408,6720534412675185408,WhiteDwarf
Gaia DR2 3532253122242362368,3532253122242362368,WhiteDwarf
Gaia DR2 3069070448743968256,3069070448743968256,WhiteDwarf
GALEX J201142.1+030546,4244365915464150272,WhiteDwarf
GALEX J012456.1+093208,2579103981230010752,WhiteDwarf
Gaia DR2 2607737016363846272,2607737016363846272,WhiteDwarf
GALEX J024206.9-443714,4945946280644900224,WhiteDwarf
GALEX J215247.4-212439,6817229068694481280,WhiteDwarf
GALEX J115157.0-000725,3795157381919461504,WhiteDwarf
Gaia DR2 5259447389679026816,5259447389679026816,WhiteDwarf
SDSS J114533.77+534048.1,840767267263987840,WhiteDwarf
Gaia DR2 5008525053659451392,5008525053659451392,WhiteDwarf
GALEX J061854.5+530438,995645815182605824,WhiteDwarf
BPS CS 22888-0032,6554999363696189056,WhiteDwarf
GALEX J160026.5+752755,1703726390026752000,WhiteDwarf
2QZ J012410.7-304305,5028913916248639872,WhiteDwarf
Gaia DR3 5940960465054823552,5940960465054823552,WhiteDwarf
GALEX J005636.5-605451,4903020109745921920,WhiteDwarf
Gaia DR2 2207646690891477376,2207646690891477376,WhiteDwarf
GALEX J164143.3+483301,1410448259071414528,WhiteDwarf
GALEX J210404.4+725450,2276606685794036736,WhiteDwarf
GALEX J080751.7+282907,876131443863038336,WhiteDwarf
GALEX J024419.8-163048,5132877138701383680,WhiteDwarf
GALEX J033156.9-010254,3263206647014838016,WhiteDwarf
GALEX J122812.3+442907,1541644980090975616,WhiteDwarf
GALEX J010141.1+125346,2584476268058129408,WhiteDwarf
SDSS J122002.56+134413.5,3908978898642794624,WhiteDwarf
GALEX J085103.3+315942,706969037309452928,WhiteDwarf
SDSS J061920.35+073531.3,3325059604919440128,WhiteDwarf
GALEX J223751.9-201316,2401588653559163520,WhiteDwarf
GALEX J012612.5-653156,4705059328997068672,WhiteDwarf
GALEX J014825.5+114455,2575097429577996800,WhiteDwarf
GALEX J005241.2+380541,367659027423727232,WhiteDwarf
SDSS J160839.60+450358.8,1386207016976858880,WhiteDwarf
GALEX J003743.4+175404,2794636229100990720,WhiteDwarf
GALEX J063805.4-795721,5210834712134203648,WhiteDwarf
GALEX J125406.8+185033,3941164966946431360,WhiteDwarf
Gaia DR3 5821430975470766208,5821430975470766208,WhiteDwarf
Gaia DR2 4665368917740216704,4665368917740216704,WhiteDwarf
GALEX J130031.5+285743,1464256193471132032,WhiteDwarf
LAWD 38,4005438916307756928,WhiteDwarf
Gaia DR2 5806220636534125312,5806220636534125312,WhiteDwarf
SDSS J130301.07+385401.2,1523586253222618112,WhiteDwarf
GALEX J081635.0+342638,902650088073581440,WhiteDwarf
Gaia DR2 2180974153706950016,2180974153706950016,WhiteDwarf
GALEX J010230.6-004743,2536106857471213952,WhiteDwarf
Gaia DR2 5599711771355009408,5599711771355009408,WhiteDwarf
GALEX J061750.0-761905,5260608400933871232,WhiteDwarf
Gaia DR2 455163763401955840,455163763401955840,WhiteDwarf
Gaia DR2 5209082331119239040,5209082331119239040,WhiteDwarf
Gaia DR3 5343499487350150400,5343499487350150400,WhiteDwarf
GALEX J105216.0-272910,5456669672265484928,WhiteDwarf
Gaia DR2 5798328960551708416,5798328960551708416,WhiteDwarf
SDSS J121853.47+333216.7,4016558036881181312,WhiteDwarf
Gaia DR2 370763773382516736,370763773382516736,WhiteDwarf
Gaia DR2 2231591240938998528,2231591240938998528,WhiteDwarf
Gaia DR2 539964147447854464,539964147447854464,WhiteDwarf
Gaia DR3 4656683325636124800,4656683325636124800,WhiteDwarf
GALEX J080138.8+211948,670985320267518720,WhiteDwarf
Gaia DR2 5598039139288219648,5598039139288219648,WhiteDwarf
SDSS J131853.99+132812.1,3742920752714756224,WhiteDwarf
Gaia DR2 2910093333798198016,2910093333798198016,WhiteDwarf
GALEX J154027.5+055855,4429662761802762112,WhiteDwarf
CRTS J234035.8+185555,2822913336002034176,WhiteDwarf
Gaia DR2 4674819087038702208,4674819087038702208,WhiteDwarf
GALEX J051811.2-235200,2961259725867456640,WhiteDwarf
GALEX J202638.5-484648,6668229819903734528,WhiteDwarf
SDSS J155057.12+173640.7,1196749790437196032,WhiteDwarf
GALEX J111002.5+100637,3867378704406168576,WhiteDwarf
GALEX J214617.4+243511,1796170785070642944,WhiteDwarf
GALEX J180232.5+695402,2260095457118429440,WhiteDwarf
SDSS J143357.52+193501.8,1239281103517886848,WhiteDwarf
GALEX J021246.2+460108,353035316616223232,WhiteDwarf
GALEX J001914.6-394333,4997155798486737280,WhiteDwarf
GALEX J100544.9+364838,801934853032868096,WhiteDwarf
Gaia DR2 2128603731983155072,2128603731983155072,WhiteDwarf
Gaia DR2 5871992533047636224,5871992533047636224,WhiteDwarf
Gaia DR2 5770935354190060800,5770935354190060800,WhiteDwarf
GALEX J084427.8+645304,1092297697626793856,WhiteDwarf
Gaia DR2 1759723280279115904,1759723280279115904,WhiteDwarf
GALEX J100233.1-381510,5421645966315096320,WhiteDwarf
GALEX J022126.5-433955,4949763445716147072,WhiteDwarf
WD 0535-008,3217693810587601152,WhiteDwarf
GALEX J090654.3+382836,719103178913816832,WhiteDwarf
GALEX J042159.1-565546,4778335353717208832,WhiteDwarf
GALEX J154633.7+540443,1597442545205262976,WhiteDwarf
GALEX J012253.0-132235,2456333440585494912,WhiteDwarf
Gaia DR2 3275427718757784448,3275427718757784448,WhiteDwarf
SDSS J100145.09+162722.1,622730194465620992,WhiteDwarf
Gaia DR2 4805139870950231296,4805139870950231296,WhiteDwarf
GALEX J073334.2+372736,898724140071904640,WhiteDwarf
Gaia DR2 3483131031522340992,3483131031522340992,WhiteDwarf
SDSS J010423.86+313336.0,313392493595614720,WhiteDwarf
GALEX J163453.4+182759,4563291632606254208,WhiteDwarf
GALEX J230640.3+051614,2662610514970355968,WhiteDwarf
Gaia DR2 1148710993548158848,1148710993548158848,WhiteDwarf
SDSS J032446.95-140808.9,5113119911182752768,WhiteDwarf
Gaia DR2 6349331002142252416,6349331002142252416,WhiteDwarf
GALEX J083047.2+505734,1028123052204089472,WhiteDwarf
SDSS J084357.71+115624.1,602023057619619968,WhiteDwarf
SDSS J154544.15+130955.5,1190868743257868288,WhiteDwarf
GALEX J072006.2+100509,3156502479513105408,WhiteDwarf
Gaia DR2 5252786166000796288,5252786166000796288,WhiteDwarf
GALEX J152905.3+231314,1220845622119325312,WhiteDwarf
SDSS J133029.99+025544.7,3712709304215673088,WhiteDwarf
GALEX J133848.2+261936,1445494814250109184,WhiteDwarf
SDSS J124004.84-100242.1,3578787203109091968,WhiteDwarf
GALEX J184259.6+294231,4587635545901984256,WhiteDwarf
Gaia DR2 6415113412736876160,6415113412736876160,WhiteDwarf
GALEX J160010.0+005513,4410866305586590208,WhiteDwarf
Gaia DR2 5815162071251654528,5815162071251654528,WhiteDwarf
GALEX J013556.0+235559,291665559715015808,WhiteDwarf
Gaia DR2 2935214803673648256,2935214803673648256,WhiteDwarf
GALEX J232042.4-373200,6549339249634871552,WhiteDwarf
GALEX J080359.4+401400,921220525933110400,WhiteDwarf
Gaia DR3 5877419275863437056,5877419275863437056,WhiteDwarf
Gaia DR2 6191424467919589632,6191424467919589632,WhiteDwarf
GALEX J112921.9-265608,3485061705222095744,WhiteDwarf
GALEX J231604.2+403927,1918405455532975744,WhiteDwarf
SDSS J070008.04+392217.4,947394194073929984,WhiteDwarf
Gaia DR2 443783921132603392,443783921132603392,WhiteDwarf
Gaia DR2 6078478652089479680,6078478652092089728,WhiteDwarf
Gaia DR2 5335549017565297920,5335549017565297920,WhiteDwarf
GALEX J161441.2+651057,1642131920437425792,WhiteDwarf
Gaia DR3 1178987768501202048,1178987768501202048,WhiteDwarf
SDSS J011341.40+322014.5,313678607138059264,WhiteDwarf
SDSS J103513.56+394743.3,755463753566588800,WhiteDwarf
GALEX J082617.1-162110,5721858407869303808,WhiteDwarf
Gaia DR2 6753166092421712384,6753166092421712384,WhiteDwarf
Gaia DR2 65909606052809984,65909606052809984,WhiteDwarf
SDSS J212115.48+095954.6,1745216289503736064,WhiteDwarf
GALEX J155052.4+495219,1403261095158431744,WhiteDwarf
GALEX J091835.6+445932,818763088950037120,WhiteDwarf
GALEX J131829.9+172703,3938430447169508608,WhiteDwarf
Gaia DR2 5341178276559100288,5341178276559100288,WhiteDwarf
GALEX J075944.7-813718,5194880424754531328,WhiteDwarf
GALEX J190442.3-261215,6764152069011192192,WhiteDwarf
LEHPM 3516,4731155790805760256,WhiteDwarf
GALEX J050504.4+554333,279359241463585664,WhiteDwarf
SDSS J073842.33+425820.4,925051980358925824,WhiteDwarf
GALEX J194529.1-055330,4208817815489848064,WhiteDwarf
Gaia DR2 1140089413637064960,1140089413637064960,WhiteDwarf
Gaia DR2 2452218552678117504,2452218552678117504,WhiteDwarf
GALEX J190148.8-545747,6644218680682279168,WhiteDwarf
GALEX J162421.6-760714,5780838926003986944,WhiteDwarf
Gaia DR2 1958885861598712960,1958885861598712960,WhiteDwarf
GALEX J100422.4+441936,809609482850719744,WhiteDwarf
GALEX J023745.7-372016,4953532120602909440,WhiteDwarf
GALEX J135315.1-090233,3618696760777995392,WhiteDwarf
LP  377-16,3958889751516035200,WhiteDwarf
GALEX J114054.6-030052,3792683824354592640,WhiteDwarf
GALEX J080339.7+421218,922688683193407104,WhiteDwarf
2QZ J102203.9-015454,3782314467632348160,WhiteDwarf
Gaia DR2 2744011415223632000,2744011415223632000,WhiteDwarf
2QZ J030223.6-294124,5059075478703467776,WhiteDwarf
Gaia DR2 216431377799964544,216431377799964544,WhiteDwarf
GALEX J231636.2-140839,2408710533969711744,WhiteDwarf
GALEX J091811.7+195704,636033086865795072,WhiteDwarf
GALEX J115020.1-255336,3490527755479959936,WhiteDwarf
GALEX J044036.2+023908,3280891776151338240,WhiteDwarf
Gaia DR2 6808234960500994816,6808234960500994816,WhiteDwarf
Gaia DR2 2985704068376993152,2985704068376993152,WhiteDwarf
GALEX J104604.4+214019,3989188546766108928,WhiteDwarf
Gaia DR2 4510987834415054208,4510987834415054208,WhiteDwarf
Gaia DR3 2163358362523067008,2163358362523067008,WhiteDwarf
Gaia DR2 2181651628971026560,2181651628971026560,WhiteDwarf
SDSS J170503.72+453014.1,1358802308129949568,WhiteDwarf
GALEX J170059.6+232733,4571542745818593536,WhiteDwarf
SDSS J092621.91+364209.6,810799665531428608,WhiteDwarf
GALEX J212208.6-374430,6583810171821574912,WhiteDwarf
Gaia DR2 3152910890422423808,3152910890422423808,WhiteDwarf
Gaia DR2 3640174792713224576,3640174792713224576,WhiteDwarf
HS 1951+7147,2263690864438162944,WhiteDwarf
GALEX J013440.9-010901,2485615050141095424,WhiteDwarf
Gaia DR2 4234558722727264384,4234558722727264384,WhiteDwarf
US 1205,917658623654864384,WhiteDwarf
Gaia DR2 6634458011018976128,6634458011018976128,WhiteDwarf
GALEX J212115.5-032936,2684489387614560000,WhiteDwarf
GALEX J065113.3+621042,1003992826423978240,WhiteDwarf
LSPM J1823+2022,4528439381757452928,WhiteDwarf
GALEX J090325.2+080837,585062369206520960,WhiteDwarf
GALEX J044535.4-234034,4894251332716618368,WhiteDwarf
GALEX J004855.4+164859,2781858460877486848,WhiteDwarf
Gaia DR2 5587701153006883456,5587701153006883456,WhiteDwarf
GALEX J050319.6+632839,478311231942672896,WhiteDwarf
Gaia DR2 1928499311576352768,1928499311576352768,WhiteDwarf
Gaia DR2 5884357331613049728,5884357331613049728,WhiteDwarf
Gaia DR2 3352613061365752576,3352613061365752576,WhiteDwarf
Gaia DR2 3458399377176133888,3458399377176133888,WhiteDwarf
SDSS J180737.49+423604.9,2113961462615081472,WhiteDwarf
2QZ J103024.3+002613,3855110692965549312,WhiteDwarf
GALEX J131049.3-045700,3635841484244996096,WhiteDwarf
GALEX J132452.6+144135,3743486417087991040,WhiteDwarf
Gaia DR2 3016709402926873600,3016709402926873600,WhiteDwarf
GALEX J082327.5+610912,1089929388237123840,WhiteDwarf
GALEX J063329.5-285547,2895378780138442752,WhiteDwarf
Gaia DR2 6235770043912309376,6235770043912309376,WhiteDwarf
GALEX J182326.2-661203,6437339177004912384,WhiteDwarf
GALEX J082814.1+410352,914703857953713408,WhiteDwarf
GALEX J132701.2+173645,3746338447170966784,WhiteDwarf
SDSS J212657.26+072911.8,1739397914486670208,WhiteDwarf
Gaia DR2 187945952102704512,187945952102704512,WhiteDwarf
Gaia DR2 6138136675536565504,6138136675536565504,WhiteDwarf
Gaia DR2 1784980711636380544,1784980711636380544,WhiteDwarf
Gaia DR2 3359325408058130432,3359325408058130432,WhiteDwarf
GALEX J234244.9-402122,6534157841618770432,WhiteDwarf
GALEX J231030.2-412412,6542475544003612928,WhiteDwarf
GALEX J091803.8-003047,3842196516580988928,WhiteDwarf
Gaia DR2 5600341035604555264,5600341035604555264,WhiteDwarf
2QZ J232613.8-271611,2380152403065689984,WhiteDwarf
Gaia DR2 2218155616875546752,2218155621173115520,WhiteDwarf
Gaia DR2 317466493414127232,317466493414127232,WhiteDwarf
GALEX J115631.4-064821,3595269775762905472,WhiteDwarf
GALEX J045241.4+625231,478651844325590144,WhiteDwarf
Gaia DR2 3624081137939367680,3624081137939367680,WhiteDwarf
Gaia DR2 1034938615547400320,1034938615547400320,WhiteDwarf
Gaia DR2 3117231016545668352,3117231016545668352,WhiteDwarf
Gaia DR2 2973207229671216640,2973207229671216640,WhiteDwarf
GALEX J121722.1+032159,3701377561285523712,WhiteDwarf
GALEX J135421.4-155744,6295635630244281856,WhiteDwarf
Gaia DR2 357520808662358272,357520808662358272,WhiteDwarf
GALEX J102640.0+570600,854852664050163072,WhiteDwarf
Gaia DR2 5907966453268687616,5907966453268687616,WhiteDwarf
GALEX J163425.5+621518,1625678244323830272,WhiteDwarf
GALEX J020106.8-354849,4968770565784701568,WhiteDwarf
GALEX J025103.9+751503,548488626740451584,WhiteDwarf
GALEX J155324.9+270205,1223459023819446528,WhiteDwarf
Gaia DR3 6844443665109456000,6844443665109456000,WhiteDwarf
GALEX J023108.8-634609,4700190279192315520,WhiteDwarf
SDSS J200207.31-095107.7,4191878911146198656,WhiteDwarf
Gaia DR2 5910113387166082944,5910113387166082944,WhiteDwarf
LSPM J2011+4910,2087569060381096960,WhiteDwarf
GALEX J064352.1+465211,966267624696710400,WhiteDwarf
GALEX J194242.4-403145,6689746296092193536,WhiteDwarf
Gaia DR2 597336423666530176,597336423666530176,WhiteDwarf
GALEX J044429.1+462518,254075353105693312,WhiteDwarf
Gaia DR2 2100560340017704960,2100560340017704960,WhiteDwarf
GALEX J110954.1+480806,789628332921858560,WhiteDwarf
Gaia DR2 3175118207803856640,3175118207803856640,WhiteDwarf
GALEX J142524.3+563149,1610547693015810048,WhiteDwarf
GALEX J100712.3+400704,803469500686357760,WhiteDwarf
2QZ J224339.5-320829,6606827142078986880,WhiteDwarf
GALEX J162332.4+660702,1642292311697021696,WhiteDwarf
Gaia DR2 2066943772725765120,2066943772725765120,WhiteDwarf
SDSS J022922.62+254657.3,103190441873100160,WhiteDwarf
Gaia DR3 5256785575116742016,5256785575116742016,WhiteDwarf
KUV 09008+3752,718959044108128256,WhiteDwarf
GALEX J205514.4-144109,6886688795930464000,WhiteDwarf
GALEX J083124.9+292504,707714849790402176,WhiteDwarf
Gaia DR3 5934847214793325440,5934847214793325440,WhiteDwarf
Gaia DR2 5346576603771843328,5346576603771843328,WhiteDwarf
GALEX J084916.6+104530,598646113813329536,WhiteDwarf
Gaia DR3 4294837042544744576,4294837042544744576,WhiteDwarf
GALEX J011045.8-444144,4981799946077961088,WhiteDwarf
GALEX J012755.4-412929,4984052707963718784,WhiteDwarf
Gaia DR2 405628015788221184,405628015788221184,WhiteDwarf
GALEX J160548.9+222547,1206473562035633280,WhiteDwarf
Gaia DR2 5922537907210934528,5922537907210934528,WhiteDwarf
Gaia DR3 4069820025119460608,4069820025119460608,WhiteDwarf
GALEX J163505.4+505359,1411867767238390912,WhiteDwarf
GALEX J125748.0-433444,6135586525819899136,WhiteDwarf
GALEX J140812.0-373442,6117564327647959424,WhiteDwarf
OGLE LMC146.7     374,4656421921052277760,WhiteDwarf
GALEX J173218.1+215106,4556651888044452608,WhiteDwarf
Gaia DR2 5406363544964125184,5406363544964125184,WhiteDwarf
Gaia DR2 2137319934314499968,2137319934314499968,WhiteDwarf
Gaia DR2 5955758104858610688,5955758104858610688,WhiteDwarf
Gaia DR2 3761806479829733504,3761806479829733504,WhiteDwarf
Gaia DR2 5214317655733824768,5214317655733824768,WhiteDwarf
Gaia DR2 6197398939227508224,6197398939227508224,WhiteDwarf
GALEX J195151.0+640447,2241571061308361472,WhiteDwarf
GALEX J044524.3+133752,3308528516311616640,WhiteDwarf
GALEX J022332.2+001443,2500878367478802816,WhiteDwarf
SDSS J171959.46+331614.5,1334076628082566528,WhiteDwarf
SDSS J022941.29-063842.7,5178525184994622208,WhiteDwarf
PSO J023.6573+76.0293,559853522521229440,WhiteDwarf
GALEX J184123.6+233753,4532719784822945792,WhiteDwarf
Gaia DR2 3273965265213683328,3273965265213683328,WhiteDwarf
GALEX J051053.9+022111,3234929961024919680,WhiteDwarf
Gaia DR2 409798085435815168,409798085435815168,WhiteDwarf
GALEX J143140.5+333240,1287408234998728320,WhiteDwarf
SDSS J093414.96+475732.4,825498899044226048,WhiteDwarf
GALEX J041105.3-055057,3197194996837618048,WhiteDwarf
Gaia DR2 2050389624443275776,2050389624443275776,WhiteDwarf
SDSS J155546.79+040305.1,4425241178871000320,WhiteDwarf
Gaia DR2 5405323613119785728,5405323613119785728,WhiteDwarf
GALEX J102213.4+294120,741702266033105152,WhiteDwarf
Gaia DR2 5312263766449557248,5312263766449557248,WhiteDwarf
Gaia DR2 6155145806883095296,6155145806883095296,WhiteDwarf
GALEX J210550.1+073124,1737138005775592448,WhiteDwarf
SDSS J100353.31+303159.7,744117274603957120,WhiteDwarf
GALEX J020923.4-365111,4968041688359665152,WhiteDwarf
Gaia DR3 3880083836142407936,3880083836142407936,WhiteDwarf
2QZ J132326.9-004157,3686833702509724544,WhiteDwarf
Gaia DR2 2031225828330263168,2031225828330263168,WhiteDwarf
GALEX J012716.4-050313,2482213607841179264,WhiteDwarf
GALEX J114907.2+402355,768288594631606784,WhiteDwarf
GALEX J024844.9-551810,4740314791385435904,WhiteDwarf
Gaia DR2 2995574487339385728,2995574487339385728,WhiteDwarf
GALEX J031202.6-185532,5104320833159475072,WhiteDwarf
SDSS J095609.99+572826.4,1046294199840117248,WhiteDwarf
Gaia DR2 5487590516220441984,5487590516220441984,WhiteDwarf
Gaia DR2 4650277128512286592,4650277128512286592,WhiteDwarf
Gaia DR2 2092395955083533312,2092395955083533312,WhiteDwarf
Gaia DR2 6429492035530560512,6429492035530560512,WhiteDwarf
Gaia DR2 2208179713514168704,2208179713514168704,WhiteDwarf
2QZ J115828.2-022448,3601950099175053056,WhiteDwarf
GALEX J205159.3+205707,1814638079292600576,WhiteDwarf
GALEX J144713.4+481417,1591460377315653760,WhiteDwarf
Gaia DR2 5411882754038746112,5411882754038746112,WhiteDwarf
Gaia DR2 5316260770389028864,5316260770389028864,WhiteDwarf
GALEX J142214.7+042404,3669376722036104832,WhiteDwarf
Gaia DR2 1844032182631714944,1844032182631714944,WhiteDwarf
Gaia DR2 4736803711456129024,4736803711456129024,WhiteDwarf
Gaia DR2 3745841193037845248,3745841193037845248,WhiteDwarf
2QZ J234634.9-313152,2326443733949675648,WhiteDwarf
GALEX J192000.5-694741,6420748405534000640,WhiteDwarf
GALEX J142836.7+143010,1228158611394653568,WhiteDwarf
Gaia DR3 6026578645270063872,6026578645270063872,WhiteDwarf
Gaia DR2 4895225362579100928,4895225362579100928,WhiteDwarf
SDSS J233421.59+103829.8,2763271152386190848,WhiteDwarf
Gaia DR2 2199986633900587776,2199986633900587776,WhiteDwarf
SDSS J022255.61-171748.2,5143835352622910720,WhiteDwarf
SDSS J101636.10+291317.6,741353583408576640,WhiteDwarf
GALEX J122640.8+194953,3949023868040468224,WhiteDwarf
GALEX J024258.6+042653,5743642585443328,WhiteDwarf
Gaia DR2 2961194236206154240,2961194236206154240,WhiteDwarf
SDSS J133221.56+235502.1,1443309397450725376,WhiteDwarf
GALEX J131733.1-155537,3607700957305675520,WhiteDwarf
Gaia DR2 5616633805061238016,5616633805061238016,WhiteDwarf
Gaia DR2 6325553719593300352,6325553719593300352,WhiteDwarf
GALEX J052022.6-243532,2958068496447995904,WhiteDwarf
Gaia DR2 152659458575913728,152659458575913728,WhiteDwarf
Gaia DR2 240397050505674368,240397050505674368,WhiteDwarf
GALEX J162739.0+183322,4467409889338183808,WhiteDwarf
Gaia DR3 5835709611421435776,5835709611421435776,WhiteDwarf
GALEX J104933.6+022452,3809142482630444544,WhiteDwarf
Gaia DR2 4708240426590880256,4708240426591398144,WhiteDwarf
Gaia DR2 3730196967936036480,3730196967936036608,WhiteDwarf
Gaia DR2 4576535872945732608,4576535872945732608,WhiteDwarf
GALEX J155910.4+095959,4455038188800137856,WhiteDwarf
Gaia DR3 4316295008435027072,4316295008435027072,WhiteDwarf
GALEX J145018.6+201653,1237992299796429184,WhiteDwarf
GALEX J014300.8-321343,5021552720260304768,WhiteDwarf
LP    9-119,1723508871953315200,WhiteDwarf
GALEX J234744.7+442326,1925775340238003072,WhiteDwarf
Gaia DR2 6833165596385962752,6833165596385962752,WhiteDwarf
Gaia DR2 4897095322620280064,4897095322620280064,WhiteDwarf
PM J10221+4612,833470465721350784,WhiteDwarf
SBSS 1410+592,1659824058960872064,WhiteDwarf
GALEX J202431.1-700323,6422748073588169856,WhiteDwarf
GALEX J001427.5-532609,4924034869329174272,WhiteDwarf
GALEX J132233.6+114430,3739407778704355200,WhiteDwarf
GALEX J005009.9+455102,377695850598832256,WhiteDwarf
SDSS J112956.45+550029.9,844513784415516160,WhiteDwarf
GALEX J154334.6+204356,1216297324771602560,WhiteDwarf
GALEX J180432.8+173147,4502416660238577280,WhiteDwarf
Gaia DR2 2369924063004318720,2369924063004318720,WhiteDwarf
Gaia DR2 4521053760297978880,4521053760297978880,WhiteDwarf
GALEX J092742.8+573312,1025923376113772928,WhiteDwarf
Gaia DR3 4061497207456275072,4061497207456275072,WhiteDwarf
Gaia DR2 3222139063084673664,3222139063084673664,WhiteDwarf
SDSS J003431.96+080559.8,2749565602507405696,WhiteDwarf
Gaia DR2 1896971953817169664,1896971953817169664,WhiteDwarf
Gaia DR2 6243194942858258304,6243194942858258304,WhiteDwarf
LSPM J0834+4641,918504427269976192,WhiteDwarf
GALEX J071304.2+734634,1112187523673473024,WhiteDwarf
GALEX J160822.6+064123,4450039083087811712,WhiteDwarf
Gaia DR3 2001187441178610176,2001187441178610176,WhiteDwarf
GALEX J103932.9+241947,724107228130375680,WhiteDwarf
Gaia DR2 5824010395368749312,5824010395368749312,WhiteDwarf
GALEX J094031.4+391212,800976770385043712,WhiteDwarf
GALEX J003103.6+072256,2748012233094902528,WhiteDwarf
GALEX J001601.3-245006,2335811091981983360,WhiteDwarf
GALEX J111307.6+595342,860859948907837184,WhiteDwarf
GALEX J113439.7-174542,3547000253230686080,WhiteDwarf
Gaia DR2 34881117333814144,34881117333814144,WhiteDwarf
GALEX J203054.7-260028,6847909428840638976,WhiteDwarf
Gaia DR2 5247813525857168640,5247813525857168640,WhiteDwarf
Gaia DR2 6632174084849850496,6632174084849850496,WhiteDwarf
Gaia DR2 2858916255842233728,2858916255842233728,WhiteDwarf
GALEX J003934.1-035646,2527617665632689024,WhiteDwarf
Gaia DR2 6591442741023567360,6591442741023567360,WhiteDwarf
Gaia DR2 4214626947736879744,4214626947736879744,WhiteDwarf
CBS  68,902481446181222144,WhiteDwarf
Gaia DR2 1704880950251884928,1704880950251884928,WhiteDwarf
GALEX J041328.5+112849,3304012620194076416,WhiteDwarf
LAMOST J054448.05+332727.2,3448539334860136192,WhiteDwarf
GALEX J112804.5-325559,3478260710408262528,WhiteDwarf
GALEX J000456.2+062425,2745533173676045184,WhiteDwarf
GALEX J090137.1-122841,5735821419561509888,WhiteDwarf
Gaia DR2 2039230960114456960,2039230960114456960,WhiteDwarf
Gaia DR2 4845792488025467264,4845792488025467264,WhiteDwarf
GALEX J235059.7-173333,2391318424681723264,WhiteDwarf
GALEX J094044.5-384311,5432686712325947008,WhiteDwarf
GALEX J160055.8+240445,1218885742642744192,WhiteDwarf
Gaia DR2 4972087616272160640,4972087616272160640,WhiteDwarf
GALEX J230154.2-452846,6539764560646794752,WhiteDwarf
Gaia DR2 4937934001974361856,4937934001974361856,WhiteDwarf
Gaia DR2 4659477738754925696,4659477738754925696,WhiteDwarf
GALEX J141432.8+352332,1479422169669834112,WhiteDwarf
Gaia DR2 5593875327415104768,5593875327415104768,WhiteDwarf
Gaia DR2 1366939896766965120,1366939896766965120,WhiteDwarf
LAMOST J051624.54+303910.3,180187832419441792,WhiteDwarf
LAMOST J013337.22+280430.3,296067282718062464,WhiteDwarf
Gaia DR2 408486917821556992,408486917821556992,WhiteDwarf
Gaia DR2 2045640558844131968,2045640558844131968,WhiteDwarf
GALEX J061335.8-780908,5212179517934301824,WhiteDwarf
GALEX J031743.4-613128,4722470782817559680,WhiteDwarf
Gaia DR2 5524351553624211968,5524351553624211968,WhiteDwarf
GALEX J182055.9+344733,4593606649951984640,WhiteDwarf
EC 19258-6804,6421768584826233984,WhiteDwarf
Gaia DR2 4084772288051037440,4084772288051037440,WhiteDwarf
Gaia DR2 3318350075726091520,3318350075726091520,WhiteDwarf
Gaia DR2 4461887076790747136,4461887076790747136,WhiteDwarf
GALEX J010319.0+455149,377122146047208960,WhiteDwarf
Gaia DR3 1871969506076647552,1871969506076647552,WhiteDwarf
GALEX J151734.4+225618,1215384313505335424,WhiteDwarf
GALEX J102450.3-264634,5468947510592942208,WhiteDwarf
Gaia DR3 1931802695479707008,1931802695479707008,WhiteDwarf
2QZ J120035.2+003211,3891164400794602624,WhiteDwarf
SDSS J045710.88+581203.8,283832673238967552,WhiteDwarf
SDSS J074424.45+272640.3,875213974425396224,WhiteDwarf
GALEX J081618.0+131620,650444969888917504,WhiteDwarf
Gaia DR2 4804259093416247552,4804259093416247552,WhiteDwarf
SDSS J113938.64+534841.1,841191987989339648,WhiteDwarf
Lan 445,2177700186040815104,WhiteDwarf
GALEX J134156.6+133845,3740678745426551296,WhiteDwarf
GALEX J113655.8+353431,759604823594196480,WhiteDwarf
GALEX J022753.4+420633,338738985394894848,WhiteDwarf
LAMOST J065109.05+154755.9,3354996321541774080,WhiteDwarf
Gaia DR2 3420007935828387328,3420007935828387328,WhiteDwarf
SDSS J093149.83-010317.7,3839667334894052608,WhiteDwarf
GALEX J024534.2-224730,5077665407126324352,WhiteDwarf
Gaia DR2 4552900594888677504,4552900594888677504,WhiteDwarf
GALEX J212948.3+162504,1784050765319038464,WhiteDwarf
Gaia DR2 2129629881269087872,2129629881269087872,WhiteDwarf
Gaia DR3 4036035404405216512,4036035404405216512,WhiteDwarf
Gaia DR2 2129645759761898240,2129645759761898240,WhiteDwarf
Gaia DR2 3145558765403949184,3145558765403949184,WhiteDwarf
GALEX J092527.7+514235,1019201546137588096,WhiteDwarf
SDSS J151514.54+453211.1,1395405256376599552,WhiteDwarf
Gaia DR2 4279426528073398272,4279426528073398272,WhiteDwarf
GALEX J005955.1+023009,2539246959603590912,WhiteDwarf
Gaia DR2 35425611812564224,35425611812564224,WhiteDwarf
GALEX J031729.6-071645,5169235548690530944,WhiteDwarf
Gaia DR2 2373813649811795200,2373813649811795200,WhiteDwarf
SDSS J153349.61+285722.0,1272703675726383872,WhiteDwarf
PTF1 J015524.70+373153.8,342534430814298112,WhiteDwarf
GALEX J083402.9+300144,707854732582604288,WhiteDwarf
SDSS J005003.22+251105.7,2805118663722819712,WhiteDwarf
Gaia DR2 5511189476020897024,5511189476020897024,WhiteDwarf
SDSS J073530.31+433135.8,925315141595052416,WhiteDwarf
SDSS J090311.49+133632.1,605432780616819328,WhiteDwarf
Gaia DR2 5942926147038378752,5942926147038378752,WhiteDwarf
GALEX J160104.6+123029,4457939383370422400,WhiteDwarf
Gaia DR2 2142459292177993728,2142459292177993728,WhiteDwarf
SDSS J101659.46+633302.0,1052917314288558080,WhiteDwarf
PHL  4255,2498461572200939776,WhiteDwarf
GALEX J023756.8+141741,27015245508396544,WhiteDwarf
Gaia DR2 4610319119317023616,4610319119317023616,WhiteDwarf
GALEX J233036.6+214122,2827263377662680960,WhiteDwarf
Gaia DR2 5358904121982169856,5358904121982169856,WhiteDwarf
Gaia DR2 4417877852579355648,4417877852579355648,WhiteDwarf
SDSS J162458.19+540429.6,1428369955006868352,WhiteDwarf
SDSS J161325.04+505405.6,1424557638955712256,WhiteDwarf
SDSS J103318.89+593810.8,1047739714033004672,WhiteDwarf
GALEX J225053.0-464033,6516472613699689344,WhiteDwarf
SDSS J210250.99-061857.3,6910359872526485248,WhiteDwarf
GALEX J194937.3-015950,4234783950812405376,WhiteDwarf
GALEX J003902.4-003000,2542954925127212416,WhiteDwarf
Gaia DR2 5005531946785380992,5005531946785380992,WhiteDwarf
Gaia DR3 5280847111464928128,5280847111464928128,WhiteDwarf
LSPM J0550+4518,197605260537796352,WhiteDwarf
LAMOST J052300.71+341051.7,182758932985897216,WhiteDwarf
SDSS J141728.19+483500.4,1507847912502538624,WhiteDwarf
SDSS J092153.46+342136.8,702332431134751360,WhiteDwarf
GALEX J030522.1+050213,3819840833880704,WhiteDwarf
Gaia DR2 5440048939105645952,5440048939105645952,WhiteDwarf
Gaia DR2 3366143647161799552,3366143647161799552,WhiteDwarf
GALEX J185902.0+484237,2131606081621624448,WhiteDwarf
GALEX J203122.8-521914,6474374375055690368,WhiteDwarf
Gaia DR2 5629585094262257920,5629585094262257920,WhiteDwarf
PB  2946,4024385936900473472,WhiteDwarf
SDSS J144251.94+495044.6,1591851047541227008,WhiteDwarf
Gaia DR2 873460352162180480,873460352162180480,WhiteDwarf
Gaia DR3 4071948443422603264,4071948443422603264,WhiteDwarf
GALEX J203739.1+174610,1812245267112025856,WhiteDwarf
SDSS J233409.31+283459.9,2866339917834463744,WhiteDwarf
SDSS J234629.68+124821.3,2769998441265264640,WhiteDwarf
GALEX J034411.5+150945,42871199614383616,WhiteDwarf
GALEX J153757.1+841939,1724098901677145984,WhiteDwarf
[CSC85] 2113.7+0590,1733516317552518400,WhiteDwarf
Gaia DR2 5966678140810427520,5966678140810427520,WhiteDwarf
Gaia DR2 6241959671601101056,6241959671601101056,WhiteDwarf
Gaia DR2 2561229667373962112,2561229667373962112,WhiteDwarf
GALEX J145613.0+105847,1180325320100990464,WhiteDwarf
Gaia DR2 5352848359834854528,5352848359834854528,WhiteDwarf
Gaia DR2 4591264170490184704,4591264170490184704,WhiteDwarf
GALEX J025930.9-154242,5154135783707980288,WhiteDwarf
Gaia DR2 5642263425407588096,5642263425407588096,WhiteDwarf
Gaia DR2 1833069776836294016,1833069776836294016,WhiteDwarf
GALEX J001942.7-504542,4972952558263444992,WhiteDwarf
V* CO Phe,4981271566317702656,WhiteDwarf
SDSS J152854.87+562753.2,1601539875286173056,WhiteDwarf
SDSS J132436.96+595417.7,1663021198256712960,WhiteDwarf
2QZ J221937.5-293058,6615265584584290304,WhiteDwarf
Gaia DR2 4065463691320200192,4065463691320200192,WhiteDwarf
LP  425-348,609528255272111360,WhiteDwarf
GALEX J101048.2-340918,5458564027721981696,WhiteDwarf
Gaia DR3 1921761680415137152,1921761680415137152,WhiteDwarf
GALEX J141150.7+211750,1252420679787043712,WhiteDwarf
LP  265-493,4031471636506212352,WhiteDwarf
Gaia DR2 6112010114602780928,6112010114602780928,WhiteDwarf
GALEX J002917.5+424450,382344310882909312,WhiteDwarf
GALEX J200006.5+055229,4248944286183228672,WhiteDwarf
Gaia DR2 2043588182953680128,2043588182953680128,WhiteDwarf
Gaia DR2 2309993287652412032,2309993287652412032,WhiteDwarf
Gaia DR2 2804717616856619008,2804717616856619008,WhiteDwarf
GALEX J160813.2+203850,1204942114137092096,WhiteDwarf
GALEX J091750.3+501804,1019015664248023424,WhiteDwarf
GALEX J173625.5+040547,4377432832747977344,WhiteDwarf
GALEX J193739.4-440536,6687951931773275904,WhiteDwarf
Gaia DR2 2268104128016637952,2268104128016637952,WhiteDwarf
GALEX J213951.6-255428,6811507141465107200,WhiteDwarf
GALEX J032429.7-351353,4860922420859790464,WhiteDwarf
Gaia DR2 6433833938229518976,6433833938229518976,WhiteDwarf
SDSS J163535.44+160150.4,4465902493255938688,WhiteDwarf
LSPM J0517+2633,3420764945289884160,WhiteDwarf
GALEX J123944.7+042355,3707135360082386176,WhiteDwarf
GALEX J234827.7-393315,6534616750284373504,WhiteDwarf
Gaia DR2 3369166170266811520,3369166170266811520,WhiteDwarf
SDSS J082423.88+270901.9,683040537552908032,WhiteDwarf
GALEX J221225.3-504106,6511495468157596544,WhiteDwarf
GALEX J211443.7+291047,1851630666971286912,WhiteDwarf
GALEX J175439.2+333012,4604285347395260928,WhiteDwarf
GALEX J193551.4-483753,6659247870762580480,WhiteDwarf
Gaia DR2 509675179083639936,509675179083639936,WhiteDwarf
Gaia DR2 3178193408682771840,3178193408682771840,WhiteDwarf
Gaia DR2 5410614089423601280,5410614089423601280,WhiteDwarf
Gaia DR2 5284693069994664320,5284693069994664320,WhiteDwarf
Gaia DR2 5794424221101172864,5794424221101172864,WhiteDwarf
SDSS J200901.84+094511.0,4299677054059687936,WhiteDwarf
Gaia DR2 1101955876484411648,1101955876484411648,WhiteDwarf
SDSS J233917.48+154311.7,2819478564755525760,WhiteDwarf
GALEX J183059.6-701923,6431735550353889536,WhiteDwarf
Gaia DR2 460597549865489024,460597549865489024,WhiteDwarf
HS 1646+1059,4447685097411960064,WhiteDwarf
GALEX J135201.5-080336,3619085850455358720,WhiteDwarf
GALEX J182136.7+272849,4585995894885366400,WhiteDwarf
GALEX J172041.5+540253,1419327227783305728,WhiteDwarf
GALEX J034653.3-134127,5113902179346442880,WhiteDwarf
Gaia DR3 5316928551915449216,5316928551915449216,WhiteDwarf
GALEX J053152.3-145814,2984305317787841664,WhiteDwarf
Gaia DR2 3383011362417531136,3383011362417531136,WhiteDwarf
Gaia DR2 3154524732975103360,3154524732975103360,WhiteDwarf
GALEX J231357.2-525732,6500554051855002368,WhiteDwarf
Gaia DR3 5799133047145749120,5799133047145749120,WhiteDwarf
Gaia DR2 5661978592302741888,5661978592302741888,WhiteDwarf
Gaia DR2 2422074135732869504,2422074135732869504,WhiteDwarf
SDSS J083833.85+030240.7,3079956335415227776,WhiteDwarf
GALEX J130647.1-460818,6086453989739844992,WhiteDwarf
Gaia DR3 4072681504148782592,4072681504148782592,WhiteDwarf
GALEX J113538.3+461136,786183116310166016,WhiteDwarf
Gaia DR2 2020634576352639744,2020634576352639744,WhiteDwarf
2QZ J224924.9-314930,6604255418741336960,WhiteDwarf
GALEX J145325.9+294912,1282156726946753920,WhiteDwarf
Gaia DR2 5540467477815345536,5540467477817869056,WhiteDwarf
SDSS J081115.84-062259.3,3064061451725300096,WhiteDwarf
GALEX J140533.1+165049,1233216300458409600,WhiteDwarf
GALEX J032758.8+004725,3264519292100035840,WhiteDwarf
SDSS J162115.43+063144.0,4438202913432360960,WhiteDwarf
Gaia DR2 6366520358910355840,6366520358911011200,WhiteDwarf
Gaia DR2 3680368505418792320,3680368505418792320,WhiteDwarf
GALEX J055325.1-151312,2995531060925886848,WhiteDwarf
GALEX J221452.1-372522,6598127599921700224,WhiteDwarf
Gaia DR2 1830407653014064000,1830407653014064000,WhiteDwarf
Gaia DR3 417766250504877312,417766250504877312,WhiteDwarf
GALEX J135738.5+463453,1509034457348091136,WhiteDwarf
GALEX J162846.2-742155,5781423660028924416,WhiteDwarf
GALEX J135339.3+143801,1230992087219393024,WhiteDwarf
SDSS J174238.00+610115.6,1436161064337246336,WhiteDwarf
GALEX J213011.3-464133,6575441312082022400,WhiteDwarf
Gaia DR2 5321323574761119872,5321323574761119872,WhiteDwarf
GALEX J192625.1-324052,6745494765438207232,WhiteDwarf
GALEX J192244.0+724331,2264441689144057984,WhiteDwarf
GALEX J063218.6-283453,2895594967312755712,WhiteDwarf
Gaia DR2 2428612897023714048,2428612897023714048,WhiteDwarf
GALEX J061520.8-502328,5550221722194191232,WhiteDwarf
GALEX J130522.8+244536,3957177395299370496,WhiteDwarf
Gaia DR2 6125259912611650048,6125259912611650048,WhiteDwarf
Gaia DR3 4393279681521786624,4393279681521786624,WhiteDwarf
GALEX J144554.2+223428,1241584404284668416,WhiteDwarf
Gaia DR2 1754253484808975104,1754253484808975104,WhiteDwarf
GALEX J204616.2-064425,6907108371830928768,WhiteDwarf
GALEX J152933.2+002031,4417363143698091136,WhiteDwarf
GALEX J014134.5-180241,5140722085446420480,WhiteDwarf
A3 437,3931701229847454720,WhiteDwarf
GALEX J171108.0+483923,1414146676886214656,WhiteDwarf
LAMOST J070204.83+295821.5,888006306883257088,WhiteDwarf
Gaia DR3 4114023351792748160,4114023351792748160,WhiteDwarf
GALEX J001126.2-425751,4994751093541357568,WhiteDwarf
GALEX J180720.5+333456,4603714490408698240,WhiteDwarf
GALEX J002509.1+420824,382076923399338368,WhiteDwarf
GALEX J110447.9+640426,1055572806668267264,WhiteDwarf
Gaia DR2 4981068156667197696,4981068156667197696,WhiteDwarf
GALEX J122159.7+391218,1532943857385128448,WhiteDwarf
GALEX J082342.2+393826,914515635307474304,WhiteDwarf
GALEX J213524.1-002812,2686883539823160832,WhiteDwarf
Gaia DR2 1347251560523316992,1347251560523316992,WhiteDwarf
GALEX J211644.1-470245,6480267241985091584,WhiteDwarf
GALEX J085904.6-294829,5641527023192846464,WhiteDwarf
GALEX J233608.9-550101,6496350069145646336,WhiteDwarf
GALEX J022311.1-555652,4739840764433997568,WhiteDwarf
Gaia DR2 524307548548925312,524307548548925312,WhiteDwarf
GALEX J235715.6+255659,2853370495285603200,WhiteDwarf
GALEX J225511.2-225202,2396189673510166784,WhiteDwarf
GALEX J132600.3+504418,1553669715992433152,WhiteDwarf
SDSS J160734.97+450801.9,1386222203980808832,WhiteDwarf
Gaia DR2 1869166434327875456,1869166434327875456,WhiteDwarf
GALEX J131228.4+803204,1718605050093815296,WhiteDwarf
GALEX J211840.7-383443,6583364702110944384,WhiteDwarf
EGGR 350,1052520154368111872,WhiteDwarf
GALEX J092732.2+262154,694142340818135296,WhiteDwarf
GALEX J083909.0+463231,918366777867137152,WhiteDwarf
GALEX J010137.8-033436,2526144285691741696,WhiteDwarf
SDSS J024959.03+032600.5,4719859820691584,WhiteDwarf
KIC 8084967,2105695471637817088,WhiteDwarf
GALEX J040007.9-093937,3193951536317586688,WhiteDwarf
GALEX J075139.9+043702,3137498795416775680,WhiteDwarf
SDSS J081935.91+173533.4,656344124648891648,WhiteDwarf
GALEX J234115.1+364948,1918687098010032256,WhiteDwarf
Gaia DR2 2061416695278519808,2061416695278519808,WhiteDwarf
GALEX J073511.1+265708,872136162206017792,WhiteDwarf
UVEX J183605.84+014117.8,4273632200577129600,WhiteDwarf
GALEX J144939.1+494437,1591683410673686272,WhiteDwarf
GALEX J100233.8+394228,803303611868335232,WhiteDwarf
GALEX J215639.5-401806,6572673837019638272,WhiteDwarf
GALEX J112215.6+625724,863854537545970304,WhiteDwarf
Gaia DR2 411702340800475904,411702340800475904,WhiteDwarf
GALEX J192758.8-662052,6434158083706968320,WhiteDwarf
Gaia DR2 5347110073068517760,5347110073068517760,WhiteDwarf
GALEX J041157.9-684516,4668059010376734976,WhiteDwarf
GALEX J025957.1-264326,5072775393585515264,WhiteDwarf
GALEX J034856.9-093835,3194514623709946240,WhiteDwarf
Gaia DR2 5229208552168884992,5229208552168884992,WhiteDwarf
Gaia DR2 1005056535204966144,1005056535204966144,WhiteDwarf
Gaia DR2 5487924011839658496,5487924011839658496,WhiteDwarf
GALEX J111912.7-273802,3531490580865635968,WhiteDwarf
SDSS J122120.14+084706.3,3902299704805199104,WhiteDwarf
GALEX J110959.3-373638,5396976743615196160,WhiteDwarf
SDSS J083151.66+020820.9,3079468598933810176,WhiteDwarf
Gaia DR2 542004256912859136,542004256912859136,WhiteDwarf
GALEX J080824.4+304726,877022529318251520,WhiteDwarf
Gaia DR2 6148649239352980224,6148649239352980224,WhiteDwarf
Gaia DR2 5913578463697075456,5913578463697075456,WhiteDwarf
Gaia DR2 3205581624856628992,3205581624856628992,WhiteDwarf
GALEX J011304.2-190105,2354707436255912832,WhiteDwarf
GALEX J134334.7-483640,6070781447918744448,WhiteDwarf
Gaia DR2 5566242332464272384,5566242332464272384,WhiteDwarf
SDSS J212057.73-001810.6,2689364416012661760,WhiteDwarf
GALEX J043002.6-012803,3206131964785889920,WhiteDwarf
Gaia DR3 5335342382415440768,5335342382415440768,WhiteDwarf
Gaia DR2 6600100604817970304,6600100604817970304,WhiteDwarf
Gaia DR2 5586510454935130240,5586510454935130240,WhiteDwarf
SDSS J111747.37+613301.9,861278179939257856,WhiteDwarf
SDSS J214028.39-003915.1,2687015137621988096,WhiteDwarf
LAWD 76,4301217508526085760,WhiteDwarf
Gaia DR2 6426410585477332992,6426410585477332992,WhiteDwarf
Gaia DR3 4043121619338439808,4043121619338439808,WhiteDwarf
Gaia DR2 5527285840920542208,5527285840920542208,WhiteDwarf
SDSS J094959.43+412454.3,807397024937540352,WhiteDwarf
GALEX J042032.5-012418,3254064070391113088,WhiteDwarf
Gaia DR2 246495152445504640,246495152445504640,WhiteDwarf
GALEX J192606.6-212840,6772749665822974976,WhiteDwarf
EC 20173-3036,6797171060323993728,WhiteDwarf
SDSS J134348.65+331814.6,1458458438593734016,WhiteDwarf
Gaia DR2 1979337602507875072,1979337602507875072,WhiteDwarf
LAMOST J043259.04+062248.5,3285649672203286656,WhiteDwarf
Gaia DR2 999406866504292352,999406866504292352,WhiteDwarf
GALEX J155630.1-123504,6264425546013905280,WhiteDwarf
GALEX J110658.4-501457,5349673554370780928,WhiteDwarf
SDSS J232555.58-095756.5,2436994955198096768,WhiteDwarf
GALEX J011928.4+523011,409958030018207104,WhiteDwarf
Gaia DR2 2662768672845976832,2662768672845976832,WhiteDwarf
Gaia DR2 5828264852554185472,5828264852554185472,WhiteDwarf
Gaia DR2 5750292156520231680,5750292156520231680,WhiteDwarf
PG 1237-029,3682835848166848896,WhiteDwarf
GALEX J140433.5+074211,3722278693214287616,WhiteDwarf
Gaia DR2 5416051410634824960,5416051410634824960,WhiteDwarf
GALEX J171613.7-683712,5811297597115455488,WhiteDwarf
Gaia DR2 1846557863918912128,1846557863918912128,WhiteDwarf
GALEX J215248.2+055706,2697455756441376896,WhiteDwarf
SDSS J220745.12+683914.6,2223136168325291648,WhiteDwarf
2QZ J224128.6-275239,6608998024708772480,WhiteDwarf
SBSS 1101+525,842461241021374720,WhiteDwarf
BSO  5,1516442008918967296,WhiteDwarf
SDSS J110012.72+181610.9,3983801588329530368,WhiteDwarf
GALEX J055320.8-460720,4801272304439747840,WhiteDwarf
GALEX J212143.0-060006,6899279166140538880,WhiteDwarf
Gaia DR2 5356273918378354048,5356273918378354048,WhiteDwarf
GALEX J122333.8+220821,3952854356097108224,WhiteDwarf
GALEX J151611.7+405808,1392256255074295424,WhiteDwarf
Gaia DR2 6757540911753745280,6757540911753745280,WhiteDwarf
Gaia DR2 4420639653989285760,4420639653989285760,WhiteDwarf
Gaia DR2 2156443778711038336,2156443778711038336,WhiteDwarf
GALEX J152616.8+244435,1221949123775241600,WhiteDwarf
Gaia DR2 5477276444315682944,5477276444315682944,WhiteDwarf
GALEX J054458.3-401941,4805139866655106944,WhiteDwarf
SDSS J111724.88+150042.8,3969967773547558016,WhiteDwarf
Gaia DR2 2374520189111811328,2374520189111811328,WhiteDwarf
GALEX J085142.3+240526,689896988985862400,WhiteDwarf
Gaia DR2 6677749490361645952,6677749490361645952,WhiteDwarf
Gaia DR2 2284092611929970944,2284092611929970944,WhiteDwarf
GALEX J212025.2+282309,1848463214491888640,WhiteDwarf
GALEX J095052.6+152254,616408586721046528,WhiteDwarf
GALEX J144329.9-732513,5796723231194884736,WhiteDwarf
SBSS 1006+524,851280969246795648,WhiteDwarf
SDSS J205444.16-051238.6,6913697813734442112,WhiteDwarf
Gaia DR2 5641642609350538368,5641642609350538368,WhiteDwarf
GALEX J002904.5+452500,388872558093798656,WhiteDwarf
LP  141-14,2146576589564898688,WhiteDwarf
Gaia DR2 2158001477449564544,2158001477449564544,WhiteDwarf
Gaia DR2 2112453276259723392,2112453276259723392,WhiteDwarf
SDSS J142638.50+052804.0,3669978532853514368,WhiteDwarf
GALEX J142646.5+714323,1698377403397168512,WhiteDwarf
LP  560-24,3669936102871625600,WhiteDwarf
SDSS J140154.79+422342.2,1499209530679741184,WhiteDwarf
SDSS J160754.94+170806.6,1199650233391326848,WhiteDwarf
GALEX J212424.3-203701,6829385750288133248,WhiteDwarf
Gaia DR2 483770272814851584,483770272814851584,WhiteDwarf
PM J20205-4202,6680097978480311040,WhiteDwarf
SDSS J160942.20+473432.5,1399041586143672320,WhiteDwarf
EC 12075-1543,3569231970322760448,WhiteDwarf
GALEX J182454.4+344332,4593386056132493696,WhiteDwarf
GALEX J162700.3+161317,4465740147786994176,WhiteDwarf
GALEX J090324.4+134240,605446833749844608,WhiteDwarf
Gaia DR2 5819506417782940928,5819506417782940928,WhiteDwarf
Gaia DR2 5626609025527884416,5626609025527884416,WhiteDwarf
2QZ J145216.9-012846,3650323632930717440,WhiteDwarf
SDSS J120713.92+033857.9,3893740766993486208,WhiteDwarf
GALEX J103235.4+000816,3807059629650170624,WhiteDwarf
Gaia DR2 5330901244448129280,5330901244448129280,WhiteDwarf
Gaia DR2 2540537305216326656,2540537305216326656,WhiteDwarf
SDSS J083712.06+053323.8,594586888682990208,WhiteDwarf
Gaia DR2 6737418818169213184,6737418818169213184,WhiteDwarf
SDSS J152113.67+281548.9,1271832660657201536,WhiteDwarf
GALEX J034352.4-462120,4835743299641276544,WhiteDwarf
GALEX J071549.5+644102,1101264253606756608,WhiteDwarf
Gaia DR2 6102511394992085504,6102511394992085504,WhiteDwarf
LSPM J2142+2252,1794409921493969792,WhiteDwarf
Gaia DR2 5645729807613613312,5645729807613613312,WhiteDwarf
Gaia DR2 1330269706511697280,1330269706511697280,WhiteDwarf
Gaia DR2 5899591473203873408,5899591473203873408,WhiteDwarf
GALEX J112432.8-123342,3562304772190006656,WhiteDwarf
SDSS J091555.11+494324.2,1012973499960362368,WhiteDwarf
GALEX J152030.3+270321,1271298916484969472,WhiteDwarf
Gaia DR2 6635076108356922880,6635076108356922880,WhiteDwarf
GALEX J094628.2+073517,3854555306449653376,WhiteDwarf
GALEX J090543.5+164210,610933259333460736,WhiteDwarf
GALEX J111348.7+583516,857689610208429824,WhiteDwarf
GALEX J145327.0+444713,1586530510774848768,WhiteDwarf
Gaia DR2 3113848918780242688,3113848918780242688,WhiteDwarf
GALEX J092211.8+714751,1120414443331672192,WhiteDwarf
GALEX J221737.8-403231,6570318580033117312,WhiteDwarf
GALEX J012835.5-850729,4616649316995041280,WhiteDwarf
Gaia DR2 2337211771012421888,2337211771012421888,WhiteDwarf
GALEX J022153.2-030542,2493347468742398080,WhiteDwarf
GALEX J213952.7-500018,6561872166068838400,WhiteDwarf
Gaia DR2 3221469426143666944,3221469426143666944,WhiteDwarf
Gaia DR2 5952990324877744896,5952990324877744896,WhiteDwarf
GALEX J164349.5+433118,1357605902038936832,WhiteDwarf
GALEX J010647.3+004531,2537901535326127104,WhiteDwarf
GALEX J012331.3+065416,2566054496195465856,WhiteDwarf
SDSS J134723.00+523215.3,1560628559445020544,WhiteDwarf
Gaia DR2 57835445493315456,57835445493315456,WhiteDwarf
GALEX J021407.2-050547,2488226252817987584,WhiteDwarf
SDSS J054616.87+001235.8,3219198487955502720,WhiteDwarf
SDSS J145412.29+352430.2,1293229191290411520,WhiteDwarf
Gaia DR2 6145471723761952000,6145471723761952000,WhiteDwarf
GALEX J031048.5-601916,4723389085481331456,WhiteDwarf
Gaia DR2 2066989054569662336,2066989054569662336,WhiteDwarf
Gaia DR2 1825939929248342528,1825939929248342528,WhiteDwarf
GALEX J082725.0+140613,651262005810513408,WhiteDwarf
Gaia DR2 4661310727777032576,4661310727777032576,WhiteDwarf
Gaia DR2 4656309938362457728,4656309938362457728,WhiteDwarf
GALEX J072402.7+571031,989459722246026368,WhiteDwarf
LAMOST J052556.29+081102.2,3337303701979825664,WhiteDwarf
GALEX J042503.5+063733,3286561618314731648,WhiteDwarf
Gaia DR2 6908837937979755520,6908837937979755520,WhiteDwarf
SDSS J160344.76+421248.0,1383601968988613760,WhiteDwarf
Gaia DR2 4524364694736989824,4524364694736989824,WhiteDwarf
GALEX J111946.1+450738,784991653726734080,WhiteDwarf
Gaia DR3 3217659446555490560,3217659446555490560,WhiteDwarf
Gaia DR2 6006103058665868672,6006103058665868672,WhiteDwarf
GALEX J100059.8+100531,3878664705933512832,WhiteDwarf
Gaia DR2 33656531962611072,33656531962611072,WhiteDwarf
Gaia DR2 4470615343696487424,4470615343696487424,WhiteDwarf
SDSS J072953.54+150147.6,3168316663234531456,WhiteDwarf
GALEX J200107.3-290302,6750621925595758720,WhiteDwarf
Gaia DR2 4642044878795419136,4642044878795419136,WhiteDwarf
GALEX J105554.7-093835,3759715964628464384,WhiteDwarf
GALEX J032457.1+672055,492642683112861312,WhiteDwarf
Gaia DR2 3338716780580000000,3338716780580000000,WhiteDwarf
GALEX J121445.0-405513,6148493727177136384,WhiteDwarf
Gaia DR2 5518000946259479168,5518000946259479168,WhiteDwarf
GALEX J183647.5-553212,6649960296043529344,WhiteDwarf
GALEX J231650.1+314803,1909796412628146048,WhiteDwarf
Gaia DR2 5804038621347203840,5804038621347203840,WhiteDwarf
Gaia DR2 3219539783238522368,3219539783238522368,WhiteDwarf
Gaia DR2 937482543426071424,937482543426071424,WhiteDwarf
Gaia DR2 5407935468634999424,5407935468634999424,WhiteDwarf
SDSS J003025.70+193047.2,2795833567198957568,WhiteDwarf
Gaia DR2 2193524460465952384,2193524460465952384,WhiteDwarf
GALEX J112130.7+700500,1062234747621006208,WhiteDwarf
GALEX J141506.4+095019,1224986730802303872,WhiteDwarf
Gaia DR3 5854188347468272384,5854188347468272384,WhiteDwarf
PHL  1692,2674960057775228928,WhiteDwarf
GALEX J232709.9-030738,2634505932612480640,WhiteDwarf
Gaia DR2 3037864899999305344,3037864899999305344,WhiteDwarf
GALEX J135954.3-041827,3644999350952415616,WhiteDwarf
Gaia DR2 4735928186667041024,4735928186667041024,WhiteDwarf
GALEX J133517.2+384019,1475819997778822912,WhiteDwarf
GALEX J100128.3+415002,807036660001899392,WhiteDwarf
FOCAP QSF2:01,4835137601877160064,WhiteDwarf
SDSS J074859.70+333242.7,882052520137398528,WhiteDwarf
SDSS J014521.96+155156.3,2589214231165960192,WhiteDwarf
GALEX J052553.7+634218,287497998329220224,WhiteDwarf
GALEX J060743.8+472719,969497332729947776,WhiteDwarf
GALEX J124531.6+470215,1542744487422639488,WhiteDwarf
WD 0137-349,5012047927570807552,WhiteDwarf
SDSS J143453.88+072658.4,1172321635660590080,WhiteDwarf
KUV 00300-1810,2364272573237917952,WhiteDwarf
Gaia DR2 5230053801727345408,5230053801727345408,WhiteDwarf
SDSS J083616.86+190223.4,659740516066974464,WhiteDwarf
Gaia DR3 5310946212237920512,5310946212237920512,WhiteDwarf
GALEX J155636.0-101808,4346426506065208192,WhiteDwarf
Gaia DR2 2634002940402436480,2634002940402436480,WhiteDwarf
GALEX J143105.9-102550,6328145886975581312,WhiteDwarf
PHL   613,2747056684475100544,WhiteDwarf
SDSS J085616.67+064632.3,584501485133013632,WhiteDwarf
GALEX J012341.9-694643,4691355909421779072,WhiteDwarf
GALEX J120714.0+481639,1546102602092185472,WhiteDwarf
GALEX J232757.0+515354,1991609737119666432,WhiteDwarf
Gaia DR2 2191671615874322688,2191671615874322688,WhiteDwarf
GALEX J114004.8-395056,5384320260971157120,WhiteDwarf
SDSS J211716.97-005401.6,2689226014987218176,WhiteDwarf
Gaia DR2 1859502723551332480,1859502723551332480,WhiteDwarf
GALEX J193437.0-122037,4186786797923376128,WhiteDwarf
SDSS J223028.66-000731.4,2630096616106785280,WhiteDwarf
GALEX J051048.6-475134,4797854365170018688,WhiteDwarf
SDSS J212326.47+120614.0,1746084594451086848,WhiteDwarf
PHL  2595,2447889401738675072,WhiteDwarf
GALEX J102523.3+673445,1066204018957310976,WhiteDwarf
GALEX J000428.7+062125,2745578081854083456,WhiteDwarf
Gaia DR2 1856603758066075648,1856603758066075648,WhiteDwarf
Gaia DR2 1992371144624147712,1992371144624147712,WhiteDwarf
SDSS J172735.81+280536.9,4598238819421866752,WhiteDwarf
GALEX J115420.8-124900,3574760654093253632,WhiteDwarf
GD 43,62271429450749824,WhiteDwarf
GALEX J084813.1+305839,706626401998496768,WhiteDwarf
GALEX J145949.4+453257,1586987254776979072,WhiteDwarf
Gaia DR2 3359155838451018496,3359155842750434816,WhiteDwarf
EGGR 904,611401999180118528,WhiteDwarf
Gaia DR2 888595507676012160,888595507676012160,WhiteDwarf
GALEX J043958.7-200404,2977398494979410688,WhiteDwarf
GALEX J035526.6+735411,549806494502275456,WhiteDwarf
GALEX J061800.3-261315,2899732910603720832,WhiteDwarf
Gaia DR2 172828968598750080,172828968598750080,WhiteDwarf
Gaia DR2 5523462461033056768,5523462461033056768,WhiteDwarf
GALEX J152422.1+073351,1162904348633399424,WhiteDwarf
Gaia DR2 1901001281678652544,1901001281678652544,WhiteDwarf
Gaia DR2 4219088594114515712,4219088594114515712,WhiteDwarf
SDSS J141853.08+632550.8,1667644580227267456,WhiteDwarf
SDSS J205956.56-003504.8,6917493911996744192,WhiteDwarf
SDSS J142550.13+534950.3,1608506793276066304,WhiteDwarf
GALEX J023106.0-395041,4952856371924511360,WhiteDwarf
Gaia DR3 5926503227187657344,5926503227187657344,WhiteDwarf
Gaia DR2 5827497977569534976,5827497977569534976,WhiteDwarf
GALEX J160928.6+121823,4457284387975778944,WhiteDwarf
2QZ J120659.9-025731,3601252532062502784,WhiteDwarf
Gaia DR3 4515838398696293120,4515838398696293120,WhiteDwarf
SDSS J120143.40+045333.5,3894868518029804032,WhiteDwarf
Gaia DR2 2079495827534551424,2079495827534551424,WhiteDwarf
Gaia DR2 5320436784269889792,5320436784269889792,WhiteDwarf
GALEX J205105.4-300358,6794604624088473344,WhiteDwarf
SDSS J033244.95+413649.8,237743898881224960,WhiteDwarf
GALEX J074921.5+220152,674637799111944320,WhiteDwarf
GALEX J163317.3+351531,1327727841785261184,WhiteDwarf
Gaia DR2 6531272899201039104,6531272899201039104,WhiteDwarf
GALEX J091908.8-015353,3838659529408236672,WhiteDwarf
GALEX J103514.0+651606,1059491259950877056,WhiteDwarf
GALEX J013253.9+210321,288491235285719168,WhiteDwarf
2QZ J232008.0-293835,2329930457120372864,WhiteDwarf
GALEX J050147.2-223048,2961078585624782592,WhiteDwarf
GALEX J001104.6-114349,2427460643197388672,WhiteDwarf
GALEX J082818.0+231258,678012131583361792,WhiteDwarf
GALEX J220732.9-171251,6825759840112642432,WhiteDwarf
SDSS J175438.38+384644.6,4610983121260366336,WhiteDwarf
GALEX J191255.3-350626,6743468571664687232,WhiteDwarf
GALEX J002120.2-230141,2360330785397240704,WhiteDwarf
2QZ J130301.8+015007,3691882659904650368,WhiteDwarf
CSO 1094,1273456463234876288,WhiteDwarf
SDSS J213450.18+043304.2,2698572413579376384,WhiteDwarf
GALEX J112114.7-301730,3482529736100838400,WhiteDwarf
SDSS J055940.09+234140.3,3424868631922250368,WhiteDwarf
Gaia DR2 5906563648240676480,5906563648240676480,WhiteDwarf
GALEX J105332.7+202158,3988054121349053824,WhiteDwarf
Gaia DR2 5277978524284838272,5277978524284838272,WhiteDwarf
Gaia DR2 4498857644175384960,4498857644175384960,WhiteDwarf
Gaia DR2 4468593341808882176,4468593341808882176,WhiteDwarf
GALEX J061722.7-580319,5495236898035087488,WhiteDwarf
GALEX J152041.2+042225,4422497214460171264,WhiteDwarf
SDSS J122454.96+144740.6,3933176465214104832,WhiteDwarf
GALEX J223622.3-743448,6381695268640387840,WhiteDwarf
GALEX J211422.7-600542,6452789411318794240,WhiteDwarf
GALEX J071509.4+590538,990574837490697216,WhiteDwarf
GALEX J205244.9-180042,6858627811785375872,WhiteDwarf
LAMOST J035635.82+323421.2,168878496334131072,WhiteDwarf
GALEX J041812.5-684212,4668030526152785536,WhiteDwarf
LP   76-72 B,2213235444069877376,WhiteDwarf
GALEX J051321.3-243852,2959624236681036544,WhiteDwarf
GALEX J120611.1-255949,3488408962213985920,WhiteDwarf
GALEX J122657.2+372635,1531433472005928064,WhiteDwarf
Gaia DR2 6320699719353982592,6320699719353982592,WhiteDwarf
GALEX J225445.4+330355,1890228477204897536,WhiteDwarf
Gaia DR2 5385696200987096704,5385696200987096704,WhiteDwarf
SDSS J161426.68+223353.3,1205740226435890176,WhiteDwarf
Gaia DR2 383404583688764416,383404583688764416,WhiteDwarf
GALEX J032251.8-530948,4734386499566264704,WhiteDwarf
GALEX J015726.7-441234,4954992134605461888,WhiteDwarf
GALEX J105933.1-152352,3563508389529108224,WhiteDwarf
Gaia DR2 502305019497598848,502305019497598848,WhiteDwarf
Gaia DR2 5323852382776546688,5323852382776546688,WhiteDwarf
GALEX J112157.1+605210,861011995046220544,WhiteDwarf
Gaia DR2 5497009791816325504,5497009791816325504,WhiteDwarf
Gaia DR2 5541484285555687680,5541484285555687680,WhiteDwarf
PSO J117.3291-03.1694,3080880268777738624,WhiteDwarf
GALEX J033651.8-325806,4863073031242929792,WhiteDwarf
Gaia DR3 2037579970383469440,2037579970383469440,WhiteDwarf
GALEX J221557.0-375354,6598054967729192960,WhiteDwarf
SDSS J093236.31+125021.6,617094132222221824,WhiteDwarf
GALEX J035846.8+281136,166781895161704960,WhiteDwarf
Gaia DR2 6847010165768895744,6847010165768895744,WhiteDwarf
GALEX J220603.9+151429,1774517174871687296,WhiteDwarf
GALEX J085712.5-121521,5736628044483944576,WhiteDwarf
GALEX J151741.1+670304,1645219589606908160,WhiteDwarf
GALEX J104932.5+641445,1055485189335077376,WhiteDwarf
Gaia DR2 340618360004366848,340618360004366848,WhiteDwarf
GALEX J041038.1-741625,4629254187015303936,WhiteDwarf
GALEX J055430.2-284317,2903694519720730112,WhiteDwarf
GALEX J042555.4+732608,501889266665313536,WhiteDwarf
SDSS J022307.57+020757.5,2513733926150111744,WhiteDwarf
Gaia DR2 2020663159355615872,2020663159355615872,WhiteDwarf
GALEX J085331.4-211026,5655941689351022080,WhiteDwarf
CRTS J064959.8+424110,951869790514871936,WhiteDwarf
GALEX J080931.4+171120,656829318515154176,WhiteDwarf
GALEX J112613.6+781143,1129029907209446144,WhiteDwarf
WD 1501+007,4419670022172062208,WhiteDwarf
GALEX J074106.5+440731,926705302249527424,WhiteDwarf
GALEX J055715.2-371905,2884307209142115712,WhiteDwarf
Gaia DR3 5868611156861768448,5868611156861768448,WhiteDwarf
GALEX J114444.9+351642,4032010637721733888,WhiteDwarf
Gaia DR2 6504914203869044864,6504914203869044864,WhiteDwarf
Gaia DR2 6084646843596279680,6084646843596279680,WhiteDwarf
GALEX J125447.4-050909,3677715933616572160,WhiteDwarf
Gaia DR2 415884947449730560,415884947449730560,WhiteDwarf
GALEX J004204.7-231623,2349014577364407040,WhiteDwarf
2QZ J024823.2-321434,5064330285290749952,WhiteDwarf
SDSS J124649.67+274000.3,3961889734632711680,WhiteDwarf
GALEX J011944.4+142917,2590505710651473408,WhiteDwarf
GALEX J090714.8+510147,1016259287381020160,WhiteDwarf
GALEX J112147.3-285215,3483324687305076736,WhiteDwarf
Gaia DR2 1980047028030021632,1980047028030021632,WhiteDwarf
Gaia DR2 6375857033695837440,6375857033695837440,WhiteDwarf
USNO-A2.0 0300-01360889,4780712394777586560,WhiteDwarf
2QZ J131034.9-003242,3687416585406539648,WhiteDwarf
Gaia DR2 5928652115277984768,5928652115277984768,WhiteDwarf
SDSS J073144.28+160420.2,3168552684573300736,WhiteDwarf
GALEX J055240.4-130318,2996791169968887296,WhiteDwarf
GALEX J023336.8+174730,82678738923759488,WhiteDwarf
Gaia DR2 6838763965997605888,6838763965997605888,WhiteDwarf
Gaia DR3 5156545878836199296,5156545878836199296,WhiteDwarf
Gaia DR2 6167071694115135616,6167071694115135616,WhiteDwarf
GALEX J064617.0-271238,2919274874363041536,WhiteDwarf
GALEX J065716.0+371859,940931573963904512,WhiteDwarf
GALEX J005113.1-600840,4903547703529281408,WhiteDwarf
DENIS J054545.3-190245,2967020552620016768,WhiteDwarf
Gaia DR2 387086611908722048,387086611908722048,WhiteDwarf
Gaia DR2 6651990716064753024,6651990716064753024,WhiteDwarf
GALEX J091752.6-253251,5650341807911634176,WhiteDwarf
Gaia DR2 6641793398549262848,6641793398549262848,WhiteDwarf
Gaia DR2 3272743231055071104,3272743231055071104,WhiteDwarf
GALEX J190410.8+574559,2154981183431443968,WhiteDwarf
Gaia DR2 5527626968701096960,5527626968701096960,WhiteDwarf
GALEX J161429.2-353401,6022677814206951680,WhiteDwarf
Gaia DR2 5617289148350562944,5617289148350562944,WhiteDwarf
GALEX J191952.9+471256,2127863206600870144,WhiteDwarf
GALEX J040638.9-740444,4629272775634288768,WhiteDwarf
Gaia DR2 5642010262856516096,5642010262856516096,WhiteDwarf
Gaia DR3 5373415583826494720,5373415583826494720,WhiteDwarf
GALEX J022020.4-375631,4964033762318162816,WhiteDwarf
GALEX J123645.5-312949,3470197819842365184,WhiteDwarf
GD 953,2454507602744210432,WhiteDwarf
Gaia DR3 6375988013019295360,6375988013019295360,WhiteDwarf
GALEX J161928.3+365403,1330373339777399040,WhiteDwarf
GALEX J163358.4+383549,1331701373729296384,WhiteDwarf
GALEX J123036.5+060039,3708515934370324736,WhiteDwarf
GALEX J164505.2+132336,4461022654494029312,WhiteDwarf
GALEX J023931.7-803256,4620033098389147648,WhiteDwarf
GALEX J120222.1+411811,1537153131493130880,WhiteDwarf
GALEX J201525.8-291702,6845530394915230208,WhiteDwarf
Gaia DR2 6365186543930805888,6365186543930805888,WhiteDwarf
Gaia DR2 384389368152070144,384389368152070144,WhiteDwarf
GALEX J092048.6+052924,585569312786392960,WhiteDwarf
LSPM J0502+0342S,3238433859767340288,WhiteDwarf
Gaia DR3 5410069792507534208,5410069792507534208,WhiteDwarf
Gaia DR2 1690601524021746816,1690601524021746816,WhiteDwarf
Gaia DR2 1869787800143507840,1869787800143507840,WhiteDwarf
Gaia DR2 5614626302990472704,5614626302990472704,WhiteDwarf
PB   477,779619508632538240,WhiteDwarf
GALEX J104652.7-201851,3553931196574851584,WhiteDwarf
Gaia DR2 2080511501403412864,2080511501403412864,WhiteDwarf
GALEX J224752.6-462545,6516537446229181312,WhiteDwarf
Gaia DR2 6025087741839851136,6025087741839851136,WhiteDwarf
GALEX J154838.4+172546,1196767043324088704,WhiteDwarf
GD 515,1631669453120152192,WhiteDwarf
Gaia DR2 4883720008481393920,4883720008481393792,WhiteDwarf
Gaia DR3 5968523675385511296,5968523675385511296,WhiteDwarf
Gaia DR3 2178052308941522176,2178052308941522176,WhiteDwarf
GALEX J121142.2+381824,4030700603977740544,WhiteDwarf
Gaia DR3 2023958984116847360,2023958984116847360,WhiteDwarf
KPD 2154+4048,1959593642149299968,WhiteDwarf
GALEX J141237.4-240115,6275858577156812800,WhiteDwarf
Gaia DR2 4985622780504009216,4985622780504009216,WhiteDwarf
GALEX J125748.0+050351,3705183830022711296,WhiteDwarf
Gaia DR3 5925985975696798592,5925985975696798592,WhiteDwarf
GALEX J004819.3+160358,2781234075711976832,WhiteDwarf
GALEX J193608.7-255729,6767032926913452544,WhiteDwarf
SDSS J201034.62+085630.5,4299292194929755264,WhiteDwarf
GALEX J223034.0-342243,6600160390763286144,WhiteDwarf
Gaia DR2 5332798108177892096,5332798108177892096,WhiteDwarf
Gaia DR2 6425323851374158976,6425323851374158976,WhiteDwarf
SDSS J125749.15+121904.0,3737272016023116160,WhiteDwarf
Gaia DR2 6366706210735499136,6366706210736180736,WhiteDwarf
GALEX J220219.7-360113,6587197938945728512,WhiteDwarf
Gaia DR2 4172244691496112128,4172244691496112128,WhiteDwarf
Gaia DR2 6228714301697746944,6228714301697746944,WhiteDwarf
GALEX J212150.3-283737,6789505535835453056,WhiteDwarf
GALEX J024835.2-065412,5183663512071557888,WhiteDwarf
GALEX J193926.6-621018,6442146791596392576,WhiteDwarf
Gaia DR2 5350059100694788224,5350059100694788224,WhiteDwarf
GALEX J111322.6+700635,1074142561628838272,WhiteDwarf
Gaia DR2 384755746041648256,384755746041648256,WhiteDwarf
GALEX J232432.5-753116,6377656895573979392,WhiteDwarf
GALEX J164148.6+692433,1649631517451758848,WhiteDwarf
Gaia DR2 6005743995103561216,6005743995103561216,WhiteDwarf
SDSS J100817.02+191239.9,623728997700276864,WhiteDwarf
GALEX J120125.4+084800,3900013579612540672,WhiteDwarf
Gaia DR2 3960780907220628736,3960780907220628736,WhiteDwarf
GALEX J100559.1+224932,630042840143559168,WhiteDwarf
LAWDS NGC 6633  24,4477173316387016320,WhiteDwarf_Candidate
SDSS J021520.77+305302.2,324368574577848064,WhiteDwarf
SDSS J090635.63+402017.9,815528355804769920,WhiteDwarf
GALEX J004937.2-123035,2376311156114880512,WhiteDwarf
GALEX J162052.5-052417,4355449094182750080,WhiteDwarf
US 1806,913812673715160320,WhiteDwarf
SDSS J170157.20-041930.6,4365752926885263872,WhiteDwarf
GALEX J061015.5-382451,2883073316578600320,WhiteDwarf
UCAC4 730-098595,1997119630408638848,WhiteDwarf
Gaia DR2 368289185025068928,368289185025068928,WhiteDwarf
Gaia DR3 5933715851754514688,5933715851754514688,WhiteDwarf
GALEX J155859.0+282430,1319723745027517312,WhiteDwarf
SDSS J151638.63+444300.1,1395307644654661248,WhiteDwarf
GALEX J011000.3+332441,313984580607768704,WhiteDwarf
Gaia DR2 2083986817139664768,2083986817139664768,WhiteDwarf
SDSS J150642.81+451901.1,1586262745333660928,WhiteDwarf
GALEX J071611.4+174100,3362221075006361344,WhiteDwarf
LSPM J1105+4956,832812094477968000,WhiteDwarf
GALEX J192900.8-622323,6444799397757852800,WhiteDwarf
Gaia DR2 265157128938617216,265157128938617216,WhiteDwarf
Gaia DR2 6076675002043763200,6076675002043763200,WhiteDwarf
GALEX J102220.1-280848,5462567182054064896,WhiteDwarf
GALEX J100636.2-120147,3766324957224239360,WhiteDwarf
GALEX J003826.0+765825,564077949274489216,WhiteDwarf
Gaia DR3 2120081795309110272,2120081795309110272,WhiteDwarf
GALEX J104242.9+651842,1058746654356689792,WhiteDwarf
Gaia DR2 2069991030547070848,2069991030547070848,WhiteDwarf
Gaia DR2 5559262078597240576,5559262078597240576,WhiteDwarf
Gaia DR2 5220537734746008448,5220537734746008448,WhiteDwarf
Gaia DR2 427366494544651648,427366494544651648,WhiteDwarf
SDSS J122253.64+240641.4,3954127934159550208,WhiteDwarf
GALEX J002338.8-161321,2368396562180429568,WhiteDwarf
2QZ J135109.6-014722,3658696757573483904,WhiteDwarf
Gaia DR2 2179974147890941440,2179974147890941440,WhiteDwarf
Gaia DR2 1947576186210190592,1947576186210190592,WhiteDwarf
Gaia DR2 3535335912328436864,3535335912328436864,WhiteDwarf
Gaia DR2 3142667049823359360,3142667049823359360,WhiteDwarf
LP  488-41,613553056239392768,WhiteDwarf
SDSS J135732.47+132904.9,1230627053653851392,WhiteDwarf
GALEX J134908.5+163256,1244278345210872960,WhiteDwarf
Gaia DR2 4877341909032890624,4877341909032890624,WhiteDwarf
Gaia DR2 5841656663651014656,5841656663651014656,WhiteDwarf
Gaia DR2 1826576885785685632,1826576885785685632,WhiteDwarf
SDSS J013934.41+303620.6,303508438112954496,WhiteDwarf
GALEX J085757.2-183340,5728870856807427840,WhiteDwarf
GALEX J110251.3+175552,3983562478910025728,WhiteDwarf
SDSS J094115.18+090154.4,588332900903805824,WhiteDwarf
GALEX J172553.3+683059,1637554275574808448,WhiteDwarf
GALEX J201749.6-454508,6672704003300092416,WhiteDwarf
GALEX J143352.2+522938,1605136446539982720,WhiteDwarf
GALEX J173948.4+175955,4550490400976378880,WhiteDwarf
