Star,Gaia_DR3_ID,otype
GALEX J160911.9+134744,4458465469622583424,HotSubdwarf
GD 1319,2389080300043998208,HotSubdwarf
SBSS 1715+556,1420619570557801472,HotSubdwarf
GALEX J182216.4-484919,6703554375433388416,HotSubdwarf
SDSS J203843.97+141706.0,1762387190794444928,HotSubdwarf
LAMOST J082608.70+275428.7,707100124007146112,HotSubdwarf
PG 1528+025,4421020604704127360,HotSubdwarf
LAMOST J204507.38+363813.0,1870606730148932224,HotSubdwarf
PG 0909+276,695059062934110592,HotSubdwarf
SDSS J130805.36+621409.5,1675607346515040000,HotSubdwarf
EC 21276-3049,6785850037629893888,HotSubdwarf
EC 04070-2530,4890810999489081984,HotSubdwarf
SDSS J222515.34-011156.9,2629912069952582656,HotSubdwarf
EC 19276-6456,6440495020191980800,HotSubdwarf
EC 21003-3406,6780426322866054912,HotSubdwarf
EC 04108-5848,4681744464104246144,HotSubdwarf
PHL   540,2437293614339507968,HotSubdwarf
GALEX J084528.7-121410,5747322001951403776,HotSubdwarf
V* EO Cet,2482171590176492928,HotSubdwarf
Ton  927,663084577604389760,HotSubdwarf
GALEX J180313.4+234000,4577607243942355456,HotSubdwarf
FBS 0709+751,1112369836444375808,HotSubdwarf
EC 21443-5636,6460526438420793216,HotSubdwarf
BPS CS 22956-0090,6405416373015926656,HotSubdwarf
SDSS J190125.76+385232.8,2100231281103564032,HotSubdwarf
EC 19458-7530,6366761529914269184,HotSubdwarf
LAMOST J065748.42+253251.1,3381709575012174720,HotSubdwarf
SDSS J191837.28+370917.5,2051154918896599552,HotSubdwarf
JL 286,4937050445598579456,HotSubdwarf
PG 1624+085,4440350981196959104,HotSubdwarf
EC 03471-8001,4625521246256162048,HotSubdwarf
KUV 02580-0326,5186333680352251392,HotSubdwarf
GALEX J193033.7-400753,6737621648003628416,HotSubdwarf
GALEX J214106.6+252832,1797986937760585600,HotSubdwarf
CD-40  3927,5539780553619327360,HotSubdwarf
GALEX J090302.3+205010,684794430397788672,HotSubdwarf
LAMOST J060806.00+461001.4,963326637253435904,HotSubdwarf
SDSS J080928.25-081018.7,3063581068223451904,HotSubdwarf
SDSS J132758.08+644004.3,1666122164644339200,HotSubdwarf
GALEX J201432.0+045655,4249152196959841408,HotSubdwarf
UCAC4 541-044499,669097841055847296,HotSubdwarf
GALEX J223336.8+741254,2231371476055090304,HotSubdwarf
EC 21059-2446,6804012943225234432,HotSubdwarf
GALEX J120740.8+371922,4030527980651656320,HotSubdwarf
2MASS J07321563+0612123,3141525486172958336,HotSubdwarf
GALEX J160322.8+093859,4454861094410374528,HotSubdwarf
PHL   820,2376181692916635520,HotSubdwarf
PG 1154-070,3595172468983659776,HotSubdwarf
Cl* NGC 6341    SAN      18,1360216902854635136,HotSubdwarf
SDSS J183840.52+400226.8,2110121147674988544,HotSubdwarf
GALEX J113412.7+211515,3979350082360568704,HotSubdwarf
PG 0217+155,79376016447500416,HotSubdwarf
UCAC4 594-008171,121824174666929024,HotSubdwarf
PG 2138+049,2698679998215051264,HotSubdwarf
LAMOST J071051.21+051445.0,3140551456311037440,HotSubdwarf
PG 1652+307,1312842039189917952,HotSubdwarf
SDSS J080049.97+125614.4,653323903647263104,HotSubdwarf
EC 12186-3014,3469982934038816256,HotSubdwarf
PG 0009+036,2740874650284753792,HotSubdwarf
KUV 07088+3232,890152695314991488,HotSubdwarf
EC 05217-3914,4819562302412127616,HotSubdwarf
EC 03563-3618,4857995456482582912,HotSubdwarf
EC 23444-6235,6487737869443089536,HotSubdwarf
PG 2304+193,2831416684052805632,HotSubdwarf
EC 20257-3553,6695480249231062144,HotSubdwarf
Ton S 241,5122936870687263232,HotSubdwarf
SB 744,5025362802928256640,HotSubdwarf
GALEX J071921.8+050959,3140714527629703552,HotSubdwarf
EC 22330-3718,6596650032387678976,HotSubdwarf
EC 02061-7058,4692994082963984128,HotSubdwarf
EC 04408-4558,4790219463802822912,HotSubdwarf
GALEX J084447.0+113911,601862464498177664,HotSubdwarf
BPS CS 22953-0035,4716670038643363968,HotSubdwarf
HS 0357+0133,3259569020169965312,HotSubdwarf
GALEX J052544.9+630726,287421547911885440,HotSubdwarf
EC 20111-3724,6694364283585300736,HotSubdwarf
GALEX J161627.1-002933,4407290620755222272,HotSubdwarf
EC 13175-1949,3506524485728547200,HotSubdwarf
KUV 02177+3210,324936133031969152,HotSubdwarf
LAMOST J035448.22+351521.0,218951870771462144,HotSubdwarf
GALEX J064024.8+444720,964655770715798656,HotSubdwarf
GALEX J163119.1+114618,4459478802728495616,HotSubdwarf
LAMOST J054559.57+222738.0,3403307007038845184,HotSubdwarf
ATO J290.2271-20.0265,4082986745566106368,HotSubdwarf
GALEX J201554.2+054824,4249362886575632128,HotSubdwarf
PG 1138-101,3588319354742998144,HotSubdwarf
GALEX J211925.9+202155,1790470508770502144,HotSubdwarf
GALEX J170045.1+391830,1351921736162211456,HotSubdwarf
LAMOST J015012.51+254747.2,297548599758591104,HotSubdwarf
PG 1421+150,1228629618983512064,HotSubdwarf
HS 1908+6534,2254558492658418048,HotSubdwarf
HS 2209+2840,1894911640824988288,HotSubdwarf
GALEX J102051.0+114025,3883529598210025472,HotSubdwarf
GALEX J224039.5+330543,1902790225753925760,HotSubdwarf
GALEX J211220.4+112955,1745067138174623104,HotSubdwarf
GALEX J084132.6+470800,1014464819980119808,HotSubdwarf
GALEX J102612.3+603611,1048462471130020224,HotSubdwarf
GALEX J152833.2+440010,1394500362602477184,HotSubdwarf
PG 0342+026,3271319569656540672,HotSubdwarf
EC 14304-1343,6299312294048595712,HotSubdwarf
EC 21013-7236,6371830793913647488,HotSubdwarf
EC 04271-1232,3177835483289799424,HotSubdwarf
EC 12354-1727,3523014858042510080,HotSubdwarf
GALEX J103027.0+152548,3888978816492224384,HotSubdwarf
GD 351,1639966608381889664,HotSubdwarf
EC 09290-1704,5682008056323532416,HotSubdwarf
EC 20359-5436,6470765262501029120,HotSubdwarf
GALEX J184915.1+511604,2144511672368316672,HotSubdwarf
GALEX J094143.5+535833,1021347419172729600,HotSubdwarf
GALEX J232337.1+183504,2824170971146102144,HotSubdwarf
2QZ J135210.1-015836,3658642739769543808,HotSubdwarf
CHSS 3497,77515058657678592,HotSubdwarf
PG 1415-043,3642680992030225536,HotSubdwarf
HS 2143+8157,2297889558713251840,HotSubdwarf
Ton S 61,6601131676142148096,HotSubdwarf
GALEX J082550.8+153308,652596606768443648,HotSubdwarf
PB  3876,3922610192830905984,HotSubdwarf
GALEX J100139.8-030012,3829267569803099776,HotSubdwarf
PG 1407-013,3647329074356945152,HotSubdwarf
GALEX J050252.2+162647,3393408962846662656,HotSubdwarf
GALEX J191615.8-420617,6713898035366489216,HotSubdwarf
CD-24  9052,5472648050117721984,HotSubdwarf
HE 0442-1746,2980346221231437696,HotSubdwarf
BPS CS 22190-0003,5108772102906758016,HotSubdwarf
GALEX J142044.1+161713,1232332220094873984,HotSubdwarf
HS 2156+2517,1796522152051048064,HotSubdwarf
GALEX J094900.4+025703,3847149575945308800,HotSubdwarf
KUV 14316+2718,1280362053387263104,HotSubdwarf
GALEX J161942.8+240715,1302029716720773248,HotSubdwarf
PB  3985,3745825838529051008,HotSubdwarf
SDSS J135212.50+123232.3,3728450423779030272,HotSubdwarf
Feige  81,3744968013301724544,HotSubdwarf
EC 21491-5603,6460616357855932672,HotSubdwarf
EC 20356-3725,6682997875974362752,HotSubdwarf
GALEX J152852.1+093144,1165536789924111616,HotSubdwarf
SDSS J073445.11+302949.5,879823195888098560,HotSubdwarf
GALEX J142538.5+041615,3668690798578864000,HotSubdwarf
Ton  200,1254792635605548032,HotSubdwarf
PG 0826+480,930769616916994048,HotSubdwarf
LB  3229,4916399452565698688,HotSubdwarf
FBS 0547+824,557301216730452864,HotSubdwarf
Ton  577,3997846990381096192,HotSubdwarf
GALEX J163612.6+255903,1301353718931117056,HotSubdwarf
GALEX J150222.3+320221,1288498160259323392,HotSubdwarf
Ton  313,900899734281274112,HotSubdwarf
GALEX J080628.6+242058,680914734899282560,HotSubdwarf
PG 1047-066,3764142052981017984,HotSubdwarf
GALEX J075053.2+144814,3164600008992468992,HotSubdwarf
PG 1522+122,1169613057485519232,HotSubdwarf
EC 02268-8053,4620063511053559296,HotSubdwarf
KUV 05109+1739,3395250473024213120,HotSubdwarf
GALEX J074811.7+134348,3164383748798177792,HotSubdwarf
UCAC4 629-073070,2048434490916786176,HotSubdwarf
GALEX J085610.9+812245,1145233586163217664,HotSubdwarf
EC 21599-5759,6412153630514888448,HotSubdwarf
US  710,815087589081719808,HotSubdwarf
UCAC4 693-066329,2132462777275978624,HotSubdwarf
GALEX J171701.2+420045,1348084066919723264,HotSubdwarf
EC 02274-7253,4643763995290517248,HotSubdwarf
PG 1223+059,3900265303351399424,HotSubdwarf
Feige  88,3727593530559413376,HotSubdwarf
PG 1135-116,3586563022356827904,HotSubdwarf
LAMOST J211524.55+383438.9,1965019835117424000,HotSubdwarf
SDSS J024056.24-003122.3,2498467722594130816,HotSubdwarf
GALEX J191021.2+555228,2141227053178746880,HotSubdwarf
GALEX J233719.1+062504,2756656623576503424,HotSubdwarf
PG 1532-072,4396992255548410752,HotSubdwarf
GALEX J071810.7+095751,3156485441381866368,HotSubdwarf
GALEX J172221.0+292431,4599364895423707520,HotSubdwarf
GALEX J041403.9+013823,3258958168444713088,HotSubdwarf
PG 1555+303,1320499794080097920,HotSubdwarf
GD 934,2534437287719752320,HotSubdwarf
SDSS J015235.11+223122.8,98546306620215168,HotSubdwarf
PG 0948+632,1063572032933888256,HotSubdwarf
SDSS J191726.15+791741.3,2294708568494161408,HotSubdwarf
Ton S 71,6610248001926052096,HotSubdwarf
HE 2211-2021,6821883198335627520,HotSubdwarf
GALEX J221825.9+393823,1956924886907715072,HotSubdwarf
Ton  281,885963418573729792,HotSubdwarf
GALEX J033821.5+414404,237331822538478592,HotSubdwarf
GALEX J155043.8+155134,1196272228731422592,HotSubdwarf
GALEX J080105.8+090650,3147034279946818816,HotSubdwarf
EC 20559-3552,6778670265357654656,HotSubdwarf
Ton  102,1568569889552108800,HotSubdwarf
KUV 03591+0457,3272871049282275328,HotSubdwarf
GD 294,990352495624317568,HotSubdwarf
Kepler-429,2130473176626619136,HotSubdwarf
LAMOST J070633.90+090527.1,3154729899269006336,HotSubdwarf
FBS 2243+392,1929173591378826240,HotSubdwarf
BPS CS 22947-0115,6658153139435783424,HotSubdwarf
GALEX J083903.2-653438,5273260000196736768,HotSubdwarf
GALEX J002433.0+264910,2856144494402348544,HotSubdwarf
EC 10583-2057,3551374939415516160,HotSubdwarf
GALEX J022819.7+365654,328366815470365952,HotSubdwarf
PG 1508+177,1211503282272546432,HotSubdwarf
PHL  1472,5183596338780047360,HotSubdwarf
EC 20498-6651,6425116906967210496,HotSubdwarf
GALEX J075257.2+055911,3143746568381405056,HotSubdwarf
CD-48  6027,5362804330246457344,HotSubdwarf
UCAC4 626-076056,2048109069842534912,HotSubdwarf
GALEX J132756.7+432816,1549471196482043776,HotSubdwarf
LAMOST J181932.26+060442.1,4476966603891088640,HotSubdwarf
UM 630,3661296174860390400,HotSubdwarf
PG 1449+653,1621110911677590272,HotSubdwarf
Ton  349,689367475352913280,HotSubdwarf
GALEX J143026.1+195347,1239547181037369344,HotSubdwarf
EC 10174-2036,5667997495046552192,HotSubdwarf
SDSS J155819.40+123014.1,1191246154923064576,HotSubdwarf
EC 22015-2607,6620093510077227776,HotSubdwarf
[MTR2015] OW J082047.2-330107.8,5546879657828327552,HotSubdwarf
GALEX J220838.8+144910,1774431039302375552,HotSubdwarf
PG 1615+413,1380875729907633408,HotSubdwarf
GALEX J163911.6+233313,1299685145614383616,HotSubdwarf
GALEX J081354.3-003832,3071397878637938304,HotSubdwarf
GD 1110,2438094814718695424,HotSubdwarf
UCAC4 520-030815,3352890447538648064,HotSubdwarf
PG 1452+475,1590388529573233536,HotSubdwarf
SDSS J134748.59+080616.1,3721639499001085696,HotSubdwarf
GALEX J110225.6+270601,730325584860775424,HotSubdwarf
EC 20005-5702,6447905144446115712,HotSubdwarf
HS 1710+1614,4546882216133354752,HotSubdwarf
GALEX J183228.6+242137,4536427269307514752,HotSubdwarf
PG 0838+165,658178762878529024,HotSubdwarf
GALEX J115459.6+280805,4007608523331969920,HotSubdwarf
GALEX J200918.2+095143,4299679566621818880,HotSubdwarf
GALEX J172119.3+374538,1340436718734428032,HotSubdwarf
EC 20439-1407,6887781534394985216,HotSubdwarf
PG 1701+359,1339262650770064512,HotSubdwarf
PG 1400+224,1256509935329189120,HotSubdwarf
GALEX J210907.2+103642,1744880526139228032,HotSubdwarf
GALEX J171424.1+614711,1438554976029144320,HotSubdwarf
TYC  770-941-1,3159937564294110080,HotSubdwarf
GALEX J130053.7+173127,3937777788233112064,HotSubdwarf
PB  3925,3950334176662430592,HotSubdwarf
PG 1106-097,3758930363570138880,HotSubdwarf
PG 1614+270,1315765159572132224,HotSubdwarf
GALEX J135639.0+113927,3727396335726032128,HotSubdwarf
PG 1624+382,1332004327838630272,HotSubdwarf
KUV 06289+3126,3436020879579874816,HotSubdwarf
GALEX J041104.4+341839,170774775937432832,HotSubdwarf
EC 22378-1458,2596877659707888896,HotSubdwarf
SDSS J153816.00+381252.2,1377079661716954240,HotSubdwarf
SDSS J072726.40+444837.0,973652013509753600,HotSubdwarf
SDSS J032425.53+430302.8,241153961176556672,HotSubdwarf
EC 19333-5446,6641804191803636992,HotSubdwarf
GALEX J034208.8+090220,11963171843658240,HotSubdwarf
KPD 2145+4216,1972625019602949504,HotSubdwarf
PSO J288.4782-11.0887,4198461103161191424,HotSubdwarf_Candidate
FBS 0642+436,964336366883596288,HotSubdwarf
PG 1657+078,4441577864373220736,HotSubdwarf
GALEX J033355.9+405610,236895144624064640,HotSubdwarf
JL  88,6344690719475611264,HotSubdwarf
GALEX J105847.6+203917,3985492671572863488,HotSubdwarf
Cl* NGC 2516     RK       6,5290740177794335616,HotSubdwarf
GALEX J124230.2-063633,3676718921383930880,HotSubdwarf
EC 20273-3157,6793081426823806848,HotSubdwarf
PG 0240+046,6052403489630720,HotSubdwarf
EVR-HSD-008,4662207272056081152,HotSubdwarf
BPS CS 22964-0098,6687026108621705216,HotSubdwarf
LAMOST J232326.23+410613.3,1924304197976603008,HotSubdwarf
GALEX J192317.1+491731,2129943727417476096,HotSubdwarf
2QZ J101158.8+005513,3831989067240460160,HotSubdwarf
SDSS J185210.05+411514.7,2104375271707632128,HotSubdwarf
KUV 03057-0542,5181810113421680256,HotSubdwarf
2MASS J20372992+0019540,4231158345569568768,HotSubdwarf
LB   988,1310316147447722112,HotSubdwarf
PG 0048+004,2537182630815412736,HotSubdwarf
GALEX J055530.4+610143,282512988705189888,HotSubdwarf
PG 1555+142,1191689807863866112,HotSubdwarf
SDSS J054641.31+321942.1,3448218449263806080,HotSubdwarf
EC 21451-5341,6461495073805073920,HotSubdwarf
GALEX J224734.0+330039,1890817059523265024,HotSubdwarf
EC 05358-4616,4796165966282498304,HotSubdwarf
JL  36,6422160010963164160,HotSubdwarf
SDSS J112719.00+660538.5,1057384290730245632,HotSubdwarf
EC 04160-7259,4653468289213107200,HotSubdwarf
[CW83] 1735+22,4557081835745623808,HotSubdwarf
PG 0023+298,2859002017748155776,HotSubdwarf
GALEX J075154.7+133247,3152400171567834368,HotSubdwarf
SDSS J011739.16+273743.6,308520282695236096,HotSubdwarf
GALEX J210315.2+044103,1733071908696066176,HotSubdwarf
GALEX J233040.4+145037,2813554086867927296,HotSubdwarf
PG 2128+096,1742021628404121600,HotSubdwarf
PG 1549-001,4410368536057777024,HotSubdwarf
PG 0852+603,1041047815684901504,HotSubdwarf
GALEX J033409.5-064010,3247126018877051392,HotSubdwarf
EC 01369-7201,4687728624858429312,HotSubdwarf
GALEX J161114.6+032833,4413146997642575872,HotSubdwarf
PG 1505+074,1160486522563096192,HotSubdwarf
PG 1707+214,4567834303554972288,HotSubdwarf
G 163-B9B,3778142478134733312,HotSubdwarf
2MASS J15070640-0108539,4418409711264549504,HotSubdwarf
SBSS 1516+519,1595814546441557888,HotSubdwarf
PB  4262,3708899079812651392,HotSubdwarf
FBS 2255+404,1930945626165804032,HotSubdwarf
PG 2131+164,1772138591918813056,HotSubdwarf
Cl* NGC 6791     KU B3,2051294183216739584,HotSubdwarf
Cl* NGC 6752     CL    3118,6632323648495819136,HotSubdwarf
PHL   382,2597188787138939520,HotSubdwarf
FBS 2253+335,1891098500140100352,HotSubdwarf
V* DW Lyn,1002864074658491648,HotSubdwarf
EC 13599-2200,6287766154942407424,HotSubdwarf
GALEX J095638.1+145259,616458824954146688,HotSubdwarf
GALEX J085158.8-171238,5730001395279470592,HotSubdwarf
2MASS J18240437+0506238,4284459778774532224,HotSubdwarf
EC 14240-2530,6271693700126412928,HotSubdwarf
[DP70]  58,6581816761537240704,HotSubdwarf
GALEX J074559.6+832724,1148897085890918528,HotSubdwarf
PG 2321+142,2813823634719060352,HotSubdwarf
FBS 0828+425,915244306574180608,HotSubdwarf
EC 01504-1650,5142563084524308736,HotSubdwarf
PHL   570,2330666442715992960,HotSubdwarf
BD+48  1777,825628714431805056,HotSubdwarf
GALEX J204836.1+193244,1814389009845462400,HotSubdwarf
PG 0907+123,604238612204857088,HotSubdwarf
EC 03548-5827,4682705849583270656,HotSubdwarf
GALEX J105608.4+034821,3809738280493734656,HotSubdwarf
GALEX J050735.7+034815,3238343944629923456,HotSubdwarf
LAMOST J001651.96+520847.4,395157267782903808,HotSubdwarf
PG 0850+170,611684298790301568,HotSubdwarf
BPS CS 22936-0293,6731435520710915200,HotSubdwarf
PG 1037+143,3884901277620486656,HotSubdwarf
GALEX J042959.7+040146,3280760148290124544,HotSubdwarf
FBS 0738+640,1088594031363950592,HotSubdwarf
GALEX J105956.6+352748,762447782706693376,HotSubdwarf
EC 20054-6332,6430437718612146176,HotSubdwarf
SBSS 1400+573,1658023952268123776,HotSubdwarf
GALEX J164631.4+190312,4562821389524406528,HotSubdwarf
CBS 432,770464459423917312,HotSubdwarf
EC 04207-8347,4615698106294220544,HotSubdwarf
Ton  225,1271587607005565440,HotSubdwarf
KUV 16079+1711,1198908823254504192,HotSubdwarf
GALEX J181635.2+462316,2121507140335079424,HotSubdwarf
UCAC4 731-036732,274505760917939200,HotSubdwarf
LS 1150,5626377715769856128,HotSubdwarf
EC 21557-5544,6412962321317302400,HotSubdwarf
GALEX J072542.9+524325,986474685615378816,HotSubdwarf
RL  54,3376639486380091008,HotSubdwarf
EC 14120-2430,6271260629984149760,HotSubdwarf
GALEX J215253.6+225201,1794971943734173056,HotSubdwarf
PG 1608+374,1378348017099023360,HotSubdwarf
EC 20179-6209,6430717681761712768,HotSubdwarf
GALEX J180522.2+151201,4498502433203434368,HotSubdwarf
JL 102,6343834891409105664,HotSubdwarf
CBS 270,1507484047169503616,HotSubdwarf
PG 1724+523,1415965230462194048,HotSubdwarf
GALEX J160151.0+085046,4454655971070531968,HotSubdwarf
GALEX J022836.7-362543,4965688222376975360,HotSubdwarf
EC 01314-8544,4616440409785849472,HotSubdwarf
PG 0935+084,587900900208157568,HotSubdwarf
2MASS J07024049+1147418,3160522848078571008,HotSubdwarf
GALEX J170407.0+285418,1308731137012654464,HotSubdwarf
PHL  8667,5168792892180815360,HotSubdwarf
GALEX J163310.6+373555,1331075236217803904,HotSubdwarf
EC 09290-1222,5690251576032941824,HotSubdwarf
GALEX J135505.6+114440,3727593938581551360,HotSubdwarf
SDSS J192156.12+375923.1,2052609989398839680,HotSubdwarf
GALEX J170716.5+275410,4575043251540692224,HotSubdwarf
GALEX J045027.6+155910,3405118997904684032,HotSubdwarf
UCAC4 473-032533,3139698956841267456,HotSubdwarf
FBS 0929+733,1120888401563022720,HotSubdwarf
GALEX J130214.3+120822,3737286408457441280,HotSubdwarf
GD 1315,2394852706025510016,HotSubdwarf
BPS CS 22880-0078,6857162888635380352,HotSubdwarf
PB  5711,2448778490032717056,HotSubdwarf
EC 03362-7313,4641432034206899840,HotSubdwarf
FBS 1745+437,1349088676950060672,HotSubdwarf
FBS 1516+424,1392610061596136064,HotSubdwarf
EC 22536-5304,6512436478313050496,HotSubdwarf
GALEX J103810.9+253204,724806143863825664,HotSubdwarf
GALEX J080726.8+303501,877023839284105600,HotSubdwarf
GALEX J164215.2+281946,1310665998302851200,HotSubdwarf
GALEX J213808.1+105742,1742536126831723136,HotSubdwarf
KUV 02445+3633,141428363911552384,HotSubdwarf
GALEX J150013.0+060411,1160100112945382400,HotSubdwarf
GALEX J200003.5-173734,6870849781179445504,HotSubdwarf
GALEX J125720.2+584941,1578846784217708416,HotSubdwarf
Ton  74,4006102059258774272,HotSubdwarf
GALEX J092554.5-850357,5190113423373382528,HotSubdwarf
FBS 1800+388,4610365814200951680,HotSubdwarf
Ton S 104,2380974670259614464,HotSubdwarf
GALEX J085649.3+170115,611587919724027392,HotSubdwarf
PG 0121+066,2566039072968204288,HotSubdwarf
PG 2321+214,2837982520817733376,HotSubdwarf
2QZ J101113.5-010627,3829949644969265792,HotSubdwarf
SDSS J080119.57+252313.1,682016101952956672,HotSubdwarf
GALEX J205048.7+164544,1764592781057990656,HotSubdwarf
PG 1149+203,3975504196845610624,HotSubdwarf
KUV 05306+2303,3404512445445532928,HotSubdwarf
GALEX J123026.1+313509,4012537290361967488,HotSubdwarf
GALEX J094835.9+555057,1021985681376882432,HotSubdwarf
EC 20566-2038,6809322789817948672,HotSubdwarf
FBS 0658+350,939669029672846720,HotSubdwarf
EC 15129-1448,6307953257148260480,HotSubdwarf
BPS CS 22943-0019,6672560177731953408,HotSubdwarf
GALEX J061325.2+342053,3452237404778065152,HotSubdwarf
KUV 16507+3635,1351185961019986944,HotSubdwarf
GALEX J103424.9+155544,3889067769559310848,HotSubdwarf
GALEX J115009.5+061042,3897547035729772672,HotSubdwarf
PSO J294.6167+58.4043,2238354611842566912,HotSubdwarf
PG 0055+016,2537690089791382656,HotSubdwarf
MCT 1953-4332,6685968378435300096,HotSubdwarf
HS 1909+7004,2262587332720438400,HotSubdwarf
KPD 0550+1922,3398852881140229632,HotSubdwarf
EC 04258-1711,3171853727717442432,HotSubdwarf
GALEX J041550.2+015421,3259060049366022400,HotSubdwarf
Feige  91,1660055029417965952,HotSubdwarf
BPS BS 16029-0017,1404694896976623360,HotSubdwarf
GALEX J104919.1+210931,3988355353175252864,HotSubdwarf
KPD 1903+2540,2035949227149107968,HotSubdwarf
EC 20148-5703,6468743050160278272,HotSubdwarf
2QZ J120250.9-012117,3602485977951253248,HotSubdwarf
EC 13439-2314,6191319949891459456,HotSubdwarf
PG 1102+499,832788184395879424,HotSubdwarf
LB  8785,611699275340029696,HotSubdwarf
GALEX J145141.4+090645,1174034021941552000,HotSubdwarf
EC 15047-1427,6308631037347441280,HotSubdwarf
EC 03487-2218,5087514797929032192,HotSubdwarf
Feige  46,3918117008499710848,HotSubdwarf
PG 1725+245,4569821602102133632,HotSubdwarf
GALEX J212911.1+182750,1786814181635379072,HotSubdwarf
EC 19470-5655,6448307561405485184,HotSubdwarf
PB  3390,1460175944476227072,HotSubdwarf
GALEX J162701.7+284616,1305872917879870976,HotSubdwarf
EC 21139-5008,6478597977175117440,HotSubdwarf
GALEX J025445.4+091631,20948346504556160,HotSubdwarf
GALEX J140327.0+280920,1452522621991928704,HotSubdwarf
PG 1717+607,1437454188795350912,HotSubdwarf
EC 20443-3134,6794011338783487488,HotSubdwarf
EC 14221-2005,6283015096479186304,HotSubdwarf
HS 1753+6911,1637779336156895360,HotSubdwarf
EC 21241-5158,6465451597678741760,HotSubdwarf
EC 21049-5649,6456953437947829504,HotSubdwarf
SDSS J114604.92+082934.9,3911765125531064704,HotSubdwarf
GALEX J173137.1+642419,1632704402799879680,HotSubdwarf
Ton S 103,2330920159319600000,HotSubdwarf
LB   239,844818765749387392,HotSubdwarf
SDSS J153049.60+321425.4,1277479163964443776,HotSubdwarf
2QZ J143812.5+001641,3654681955288522752,HotSubdwarf
SDSS J185129.01+182358.8,4517494675527154432,HotSubdwarf
LAMOST J051135.26+391706.5,188303946219632256,HotSubdwarf
GALEX J095659.5+301652,744793268096627072,HotSubdwarf
SDSS J133928.02+652644.5,1666044064959450112,HotSubdwarf
2MASS J21552053+1117524,2726863230013742336,HotSubdwarf
EC 20473-3313,6781649289033912704,HotSubdwarf
UCAC4 730-022798,457462812156715008,HotSubdwarf
SDSS J081112.70+000131.2,3083502981967969664,HotSubdwarf
FBS 0224+330,326527401235564672,HotSubdwarf
GALEX J112416.1+451844,785334460836557696,HotSubdwarf
GALEX J061237.5-271254,2899570977454318336,HotSubdwarf
GALEX J164453.3+213712,4565815252311220864,HotSubdwarf
PG 1303+097,3734224925705249152,HotSubdwarf
PG 1230+067,3708604861669017728,HotSubdwarf
UCAC4 508-006228,36876009385300352,HotSubdwarf
BPS CS 22964-0076,6690444112316307072,HotSubdwarf
PG 1722+353,1336626880880309248,HotSubdwarf
EC 20265-5427,6470922625803308672,HotSubdwarf
GALEX J145506.9+094204,1173987803798074240,HotSubdwarf
Balloon  90900007,2835948493025229952,HotSubdwarf
EC 10453-0934,3761187218560633472,HotSubdwarf
GALEX J110418.2+043217,3815093176998966016,HotSubdwarf
SDSS J174408.22+251657.5,4581765184598559488,HotSubdwarf
EC 12001-1748,3567099227002641536,HotSubdwarf
GALEX J182951.2+111441,4483934243439518720,HotSubdwarf
GALEX J155332.9+034434,4425177342776008832,HotSubdwarf
EC 10416-1709,3557005882058319104,HotSubdwarf
PG 1657+291,1309437641952913920,HotSubdwarf
HE 0430-2457,4894595552871931008,HotSubdwarf
SDSS J162250.09+002631.9,4407832924803651584,HotSubdwarf
PB  9421,5159420934239222912,HotSubdwarf
GALEX J171312.3+084819,4395447579151491328,HotSubdwarf
UM 610,3662310268178436736,HotSubdwarf
GALEX J074617.1+061006,3144656208095852800,HotSubdwarf
GALEX J160513.1+265856,1316331987878939648,HotSubdwarf
GALEX J172805.4+535959,1416368648150404352,HotSubdwarf
BPS CS 30339-0008,2309051251000258048,HotSubdwarf
EC 04000-4327,4841570573829662848,HotSubdwarf
EC 20148-3140,6700964235273115136,HotSubdwarf
SDSS J102241.21+203839.6,625619814102557568,HotSubdwarf
PB  3524,1260829538557560960,HotSubdwarf
EC 04542-2320,2972573567376494976,HotSubdwarf
GALEX J160941.9+141453,4464499722576768000,HotSubdwarf
PG 0905+627,1043176057879022336,HotSubdwarf
SDSS J111922.39-112432.9,3565669342194934144,HotSubdwarf
PG 1729+322,4601638307512889088,HotSubdwarf
GALEX J174345.3+072856,4486584311272895488,HotSubdwarf
HE 0307-4554,4751251259885253120,HotSubdwarf
GALEX J164327.4+273300,1307575344133563904,HotSubdwarf
GALEX J142915.5-334806,6120102210944695168,HotSubdwarf
FBS 0259+370,142086971376178688,HotSubdwarf
BPS CS 22880-0052,6857100903667687808,HotSubdwarf
GALEX J160011.8-643330,5823037151488582272,HotSubdwarf
PG 1344+114,3727881843124118400,HotSubdwarf
PG 0304+184,58958222958787584,HotSubdwarf
Ton  239,1272285075330826496,HotSubdwarf
PG 1525-071,6321504016406290304,HotSubdwarf
EC 21245-5732,6459535434846680704,HotSubdwarf
PG 1303+122,3737057611255721472,HotSubdwarf
2MASS J16422638+3629512,1328061685307747968,HotSubdwarf
Ton  1273,3987913113277693184,HotSubdwarf
EC 23007-6912,6390633817137530752,HotSubdwarf
EC 22081-1916,6822231953975577600,HotSubdwarf
GALEX J173651.2+280635,4595471799628917888,HotSubdwarf
PG 1633+099,4446608714189510272,HotSubdwarf
HS 0028+4407,388536077471770368,HotSubdwarf
GALEX J082845.9+361017,903952524020239360,HotSubdwarf
Ton S 290,5065081011214228224,HotSubdwarf
GALEX J074551.1+170559,668004342382222976,HotSubdwarf
GALEX J154353.5+361142,1375922567463461376,HotSubdwarf
SDSS J133701.51-031732.2,3634228943068388480,HotSubdwarf
EC 06387-8448,5193835373312009984,HotSubdwarf
KPD 2053+5632,2189937617317072640,HotSubdwarf
GALEX J202332.7+013618,4230984141696772864,HotSubdwarf
2QZ J141556.6-005815,3647784512689022336,HotSubdwarf
UCAC4 444-060971,4409393647200892416,HotSubdwarf
EC 21235-4808,6563254222121312000,HotSubdwarf
[RWW88] CS 123528.8-622533,6053870138766153856,HotSubdwarf
PB  6373,2533806305483837440,HotSubdwarf
PG 1546+045,4426202946603971968,HotSubdwarf
UCAC4 521-012443,3390235531771243904,HotSubdwarf
FBS 0428-015,3206215733828216960,HotSubdwarf
GALEX J050325.3+641909,479180395884853888,HotSubdwarf
HD 205805,6563704506492363392,HotSubdwarf
EC 21079-3548,6777355696127280640,HotSubdwarf
PHL   417,2638471188154451584,HotSubdwarf
JL 236,4915494520136195840,HotSubdwarf
PSO J097.8652+50.1484,968154867688361856,HotSubdwarf
Ton  67,4022181695259436416,HotSubdwarf
LB  1520,6527251469785220352,HotSubdwarf
2MASS J19285105+4430128,2126553108436457856,HotSubdwarf
BPS CS 31064-0017,4720417758386878080,HotSubdwarf
EC 21461-2207,6817109050128759808,HotSubdwarf
PG 1125-055,3785540507762764416,HotSubdwarf
GALEX J085351.7+070418,584668056849158528,HotSubdwarf
SDSS J070205.53+134025.0,3353521803431070464,HotSubdwarf
Ton  291,877431345781684480,HotSubdwarf
BPS CS 22960-0018,6568283285227349760,HotSubdwarf
EC 21300-3125,6785112716300596096,HotSubdwarf
GALEX J164437.2-000003,4382904797178453504,HotSubdwarf
EC 20370-1608,6863088397315654656,HotSubdwarf
LAMOST J172449.35+185217.3,4553658295840155392,HotSubdwarf
PG 1515+232,1215384730117100032,HotSubdwarf
HE 0127-4325,4935623485664450048,HotSubdwarf
Balloon  90100001,2846162921688127360,HotSubdwarf
EC 21545-7447,6358426991256350592,HotSubdwarf
BPS CS 31081-0047,2455641680268793472,HotSubdwarf
GALEX J080422.8+053510,3095776624109761664,HotSubdwarf
BPS CS 30314-0171,6779145357461033472,HotSubdwarf
GALEX J022125.9+085919,23700286669971584,HotSubdwarf
GALEX J164856.7+390856,1352476787671225856,HotSubdwarf
PB  4192,3703757248045565824,HotSubdwarf
GALEX J192349.1+623552,2240454228076652544,HotSubdwarf
EC 10311-1345,3750870947633863424,HotSubdwarf
SDSS J135707.35+010454.4,3663858273176025728,HotSubdwarf
GALEX J151105.4+515956,1598870673370150656,HotSubdwarf
GALEX J145817.5+022807,1154251157762577792,HotSubdwarf
GALEX J165446.3+182224,4559583873239427840,HotSubdwarf
LB   362,6884791966573311360,HotSubdwarf
GALEX J181102.8+173759,4526224282435916544,HotSubdwarf
PG 0850+192,660463548040990464,HotSubdwarf
SBSS 0906+532,1022722908219484416,HotSubdwarf
LAMOST J072835.11+280239.1,873233784048233344,HotSubdwarf
GALEX J091615.5+132833,606315516654558848,HotSubdwarf
LS  II +31   36,1865673736869022848,HotSubdwarf
LBQS 1218+1606,3945498180926839552,HotSubdwarf
ASAS J102322-3737.0,5442024044243183232,HotSubdwarf
GALEX J074121.9+265426,869167966142655616,HotSubdwarf
SDSS J033904.62+392710.7,224558555440110208,HotSubdwarf
PG 1543-124,6267244388889309440,HotSubdwarf
SDSS J090831.06+101533.2,591942700656254720,HotSubdwarf
PG 0022+087,2750667003920099200,HotSubdwarf
EC 03030-8558,4613512758214589312,HotSubdwarf
EC 20450-6947,6376187436940164480,HotSubdwarf
GALEX J070314.5+363833,940053927462368000,HotSubdwarf
GALEX J051446.1+081800,3242168694609224064,HotSubdwarf
SDSS J123536.37+040427.6,3706923978972672000,HotSubdwarf
LBQS 1009+0059,3831959238691929728,HotSubdwarf
PG 1225-122,3576528673082072320,HotSubdwarf
PHL  1081,5138903321414851072,HotSubdwarf
GALEX J181126.7+233413,4578338792830004736,HotSubdwarf
EC 13445-1738,6294920505305548288,HotSubdwarf
PG 1524+611,1615596448547786496,HotSubdwarf
BPS CS 22943-0090,6672602886886855680,HotSubdwarf
PG 1613+426,1381954385173920640,HotSubdwarf
GALEX J101052.4+490707,822992459209771392,HotSubdwarf
EC 05113-4227,4812723718044536960,HotSubdwarf
GALEX J210200.9-113300,6889982657888915456,HotSubdwarf
GALEX J062239.1+463232,968469534172491648,HotSubdwarf
GALEX J141558.1-022713,3646597074491788800,HotSubdwarf
EC 04144-7226,4653674069685812864,HotSubdwarf
GALEX J082830.3+165747,659015697386287360,HotSubdwarf
PG 0845+129,608092018209276032,HotSubdwarf
KPD 0106+5227,404959035980962944,HotSubdwarf
PG 0209-015,2494793708785433344,HotSubdwarf
PG 1413+114,1225417739360402048,HotSubdwarf
EC 20387-1752,6861875051874827008,HotSubdwarf
GALEX J145412.7+213215,1262244399569206016,HotSubdwarf
PG 1700+247,4572469019942466304,HotSubdwarf
EC 20596-1455,6885184281769958272,HotSubdwarf
EC 01437-6247,4712518935572029824,HotSubdwarf
Ton  97,3928807456977316992,HotSubdwarf
EC 21327-1646,6841005290386569728,HotSubdwarf
GALEX J151042.0+040956,1155678053273092992,HotSubdwarf
EC 21163-4656,6575613626170105472,HotSubdwarf
Ton  287,879237740307303040,HotSubdwarf
SDSS J073714.25+250554.6,868529562204066688,HotSubdwarf
GALEX J014908.8+011343,2511124200941815552,HotSubdwarf
PG 1735+435,1349954611076184704,HotSubdwarf
GALEX J151247.9+481524,1589209058538303872,HotSubdwarf
EC 13298-2216,6195550733195962752,HotSubdwarf
LBQS 1147-0038,3794716374677838080,HotSubdwarf
GALEX J082607.0+131007,650909994586554496,HotSubdwarf
GALEX J082517.9+113107,601188910547673728,HotSubdwarf
PSO J273.8870+06.7067,4477802580630416384,HotSubdwarf
SB   7,2415007505781366528,HotSubdwarf
KUV 02226+3059,132618698791684608,HotSubdwarf
HS 1747+8014,1706750635415036288,HotSubdwarf
GALEX J002618.9+154446,2792429440544585472,HotSubdwarf
PG 0934+186,633011250955383168,HotSubdwarf
GALEX J102120.4+444636,809117348318721664,HotSubdwarf
GALEX J230233.8+260258,2843804263088749824,HotSubdwarf
GALEX J072059.6+263908,871356544038051712,HotSubdwarf
GALEX J140118.7-012025,3659485652871145472,HotSubdwarf
GALEX J174700.8+290504,4596420502067288960,HotSubdwarf
KPD 1946+4340,2078810629937147264,HotSubdwarf
EC 13369-2753,6176621506653073792,HotSubdwarf
[CW83] 0711+22,3367249485278272000,HotSubdwarf
SDSS J164553.83+310927.9,1312414599748705024,HotSubdwarf
GALEX J020531.3+134740,77031784642127744,HotSubdwarf
GALEX J111633.3+052508,3816862432942201216,HotSubdwarf
PG 1656+356,1338830473983021184,HotSubdwarf
LB  1735,4780618390829870848,HotSubdwarf
PG 1318+144,3743358603156789888,HotSubdwarf
PG 0045+251,2808135727924877184,HotSubdwarf
PG 1551-076,4348178715282683264,HotSubdwarf
FBS 1452+762,1701890072465355136,HotSubdwarf
CBS 461,1539014020563855232,HotSubdwarf
MCT 0043-3840,5000693958184790528,HotSubdwarf
SBSS 1414+538,1608313141790620672,HotSubdwarf
EVR-CB-002,2969438206889996160,HotSubdwarf
PG 2259+134,2815153223450428032,HotSubdwarf
GALEX J082447.2+221113,676310328100433152,HotSubdwarf
GALEX J121357.0+035903,3893636485186602496,HotSubdwarf
GALEX J204804.1+143530,1762226524658706560,HotSubdwarf
UCAC4 497-042535,3155626997678101248,HotSubdwarf
GALEX J232856.6+492806,1942912367126946304,HotSubdwarf
KUV 16300+3733,1331078951364611712,HotSubdwarf
Ton  943,710337051880367616,HotSubdwarf
GALEX J100242.4-060533,3773823149784328832,HotSubdwarf
US  719,824447697209172096,HotSubdwarf
PG 1627+006,4431621992740777088,HotSubdwarf
GALEX J190555.7-443838,6711368192251441408,HotSubdwarf
HS 1706+7424,1655490716133145216,HotSubdwarf
GALEX J154751.5+184018,1197670807522525440,HotSubdwarf
GALEX J164630.4+482909,1408908019375899776,HotSubdwarf
EC 05349-6124,4759254394570876544,HotSubdwarf
[RWW88] SC 172117.2-333824,5976211662537610368,HotSubdwarf
EC 20041-5007,6667228748927775232,HotSubdwarf
FBS 0303+415,240035968305378176,HotSubdwarf
LAMOST J063650.09+291925.0,3434651369127681664,HotSubdwarf
PG 2215+151,2735498553820132352,HotSubdwarf
Feige 102,1604107479750791552,HotSubdwarf
EC 11019-1436,3562884352256926080,HotSubdwarf
GALEX J104259.9+630937,1055274529779478400,HotSubdwarf
PG 1006-145,3752931432424434560,HotSubdwarf
SBSS 1250+525,1569614047640994816,HotSubdwarf
GALEX J194948.6-280647,6753564738407011712,HotSubdwarf
Ton  306,677388055649732736,HotSubdwarf
KPD 0549+1948,3398928751737464192,HotSubdwarf
EC 04496-3748,4818388951706221184,HotSubdwarf
EC 23108-6957,6387582775449769344,HotSubdwarf
GALEX J154227.8+310601,1369390983062132480,HotSubdwarf
PG 1521+357,1375081784665146496,HotSubdwarf
GALEX J153701.0+182023,1209465234391009408,HotSubdwarf
PG 1519-071,6321362110686720128,HotSubdwarf
PG 1049+013,3807932096422289024,HotSubdwarf
EC 20535-5251,6476519109924854528,HotSubdwarf
GALEX J155739.5-045818,4398681586447820800,HotSubdwarf
EC 10430-2243,5471568608873995776,HotSubdwarf
GALEX J213730.9+221908,1793956957063518080,HotSubdwarf
GALEX J183652.7+572743,2154234138295606272,HotSubdwarf
KPD 2109+4401,1970289725639077120,HotSubdwarf
EC 19529-4430,6684366007740630144,HotSubdwarf
SDSS J185331.10+403519.2,2103576545230160384,HotSubdwarf
GALEX J173027.2+265639,4595090715770373120,HotSubdwarf
SBSS 1247+581,1577235239472819840,HotSubdwarf
GALEX J000307.0+241212,2849938472818734720,HotSubdwarf
KUV 08448+3343,716156973084248704,HotSubdwarf
EC 10355-1903,3554717935799818112,HotSubdwarf
KUV 18423+6558,2257020574070558464,HotSubdwarf
BD+39  3226,1344412831954515072,HotSubdwarf
FBS 0117+396,371711041304831616,HotSubdwarf
EC 22525-5551,6506031032807153152,HotSubdwarf
EC 14143-1959,6277921333985675904,HotSubdwarf
HS 1858+5736,2153548180479601280,HotSubdwarf
GALEX J112222.3+072432,3817631919282893184,HotSubdwarf
SDSS J100832.34+162925.4,621986203050503552,HotSubdwarf
GALEX J172746.2+074058,4490130854746375936,HotSubdwarf
PHL    37,2686849180085861760,HotSubdwarf
FBS 0208+390,332606704106366848,HotSubdwarf
GALEX J174956.0+000636,4371689194462064768,HotSubdwarf
Ton  170,1444243093276400000,HotSubdwarf
SDSS J155006.88+044028.8,4426238538996651392,HotSubdwarf
GALEX J042542.2-060934,3199598460537019008,HotSubdwarf
GALEX J083929.9+391903,911460333011690240,HotSubdwarf
EC 03440-3116,4863756382016086144,HotSubdwarf
GALEX J092149.9+062345,585916208705006464,HotSubdwarf
HZ 20,1536809808987373824,HotSubdwarf
LB   249,1564081030251770752,HotSubdwarf
PG 1145-135,3573130082641947392,HotSubdwarf
HS 2156+2215,1782717886642757376,HotSubdwarf
GALEX J014352.5+452124,350422056651321728,HotSubdwarf
EC 22423-4808,6515977489868764288,HotSubdwarf
EC 04577-2719,4880439443743424384,HotSubdwarf
PHL  1555,5111677871618827520,HotSubdwarf
GALEX J110621.1+170525,3971441016049149696,HotSubdwarf
PG 1022+459,833223213044650240,HotSubdwarf
FBS 0649+698,1109419365711469952,HotSubdwarf
LAMOST J230508.91+302717.3,1886482196274463488,HotSubdwarf
UCAC4 459-038813,3087687074686316416,HotSubdwarf
GALEX J202216.8+015225,4243016161864447104,HotSubdwarf
BPS BS 17142-0027,749710868211576320,HotSubdwarf
GALEX J143211.7-323533,6216519519450782976,HotSubdwarf
GALEX J193740.3-430356,6688196710548976000,HotSubdwarf
EC 14412-2302,6230540904044182144,HotSubdwarf
PB  6355,2564579295188311296,HotSubdwarf
GALEX J214627.8-071117,2667060345902265728,HotSubdwarf
GALEX J114356.9+052335,3897218346177148928,HotSubdwarf
GALEX J212304.8-070722,6898202950415172352,HotSubdwarf
EC 15384-1436,6265233794438557056,HotSubdwarf
UCAC4 435-038789,3060798513530161920,HotSubdwarf
PHL   197,2668680716803946496,HotSubdwarf
JL 117,6382360748052774528,HotSubdwarf
GALEX J091428.9+125023,605878980474417664,HotSubdwarf
PG 1032+406,780253140863277184,HotSubdwarf
FBS 2238+369,1904789240973843072,HotSubdwarf
GALEX J161340.0+160345,1198536187594660096,HotSubdwarf
EC 14396-1621,6285783529319324928,HotSubdwarf
GALEX J045219.3+215206,3412036236008926464,HotSubdwarf
PB  3997,1249070119964404736,HotSubdwarf
LB  1516,6515442543103530624,HotSubdwarf
SDSS J211835.47+210308.1,1790590385602785280,HotSubdwarf
SDSS J160918.66+002221.1,4408310800046481152,HotSubdwarf
BPS CS 22937-0084,6582320131704362880,HotSubdwarf
GALEX J164847.7+193803,4562950028087683072,HotSubdwarf
Ton S 345,5059804115612541568,HotSubdwarf
SDSS J015026.10-094227.0,2464225670625598720,HotSubdwarf
PG 1441+407,1489569772937523840,HotSubdwarf
PG 1613+467,1386779695031270656,HotSubdwarf
PG 1559+076,4451111935856224000,HotSubdwarf
GALEX J175113.7-665219,5812583823861190784,HotSubdwarf
EC 02151-7248,4644472085074214528,HotSubdwarf
Ton S 160,2346777212936156800,HotSubdwarf
GALEX J171546.2+615930,1438563389868679680,HotSubdwarf
FBS 2243+343,1903356646040989696,HotSubdwarf
SBSS 1234+500,1544418631314856320,HotSubdwarf
Ton  804,1320813464131916416,HotSubdwarf
UCAC4 531-014977,3396876131029433472,HotSubdwarf
EC 21144-4851,6479094853352042624,HotSubdwarf
LAMOST J065532.98+220349.6,3378454092881858816,HotSubdwarf
GALEX J100451.8+433653,809530829113271552,HotSubdwarf
NAME PB 8555B,2456001461089233536,HotSubdwarf
BPS CS 29520-0080,4665646686160919040,HotSubdwarf
PG 1444+076,1171708967165771392,HotSubdwarf
GALEX J152223.2+131903,1170796406874734464,HotSubdwarf
PG 1357+501,1512089626500587648,HotSubdwarf
SDSS J042603.94+330413.8,172507567604391040,HotSubdwarf
GALEX J191849.6-310441,6758081940189907072,HotSubdwarf
JL  53,6372836091139030656,HotSubdwarf
GALEX J165424.3+303940,1312848219646219776,HotSubdwarf
PG 1628+553,1429989432555249920,HotSubdwarf
EC 04120-3202,4882954645311111424,HotSubdwarf
GALEX J100453.4+425037,807194989676056448,HotSubdwarf
GALEX J223522.9-494350,6516933343430587264,HotSubdwarf
SDSS J000138.22+282731.6,2854933824725657600,HotSubdwarf
KUV 02268+3351,326704628767343872,HotSubdwarf
LSE  44,6094695516583543424,HotSubdwarf
Cl* NGC 6791     KU B6,2051294011412964736,HotSubdwarf
PG 2110+127,1758820581234356224,HotSubdwarf
Cl* NGC 6205    SAN      34,1328047735253896320,HotSubdwarf
FBS 0310+425,240432239167960320,HotSubdwarf
EC 04282-6148,4677381464526561408,HotSubdwarf
PG 1141+000,3795619765214352384,HotSubdwarf
GALEX J205327.6+145623,1761966047778080256,HotSubdwarf
UCAC4 374-080031,4139067134284899456,HotSubdwarf_Candidate
BPS CS 30337-0074,6613267462718776832,HotSubdwarf
GALEX J204358.5-065025,6907270760248588416,HotSubdwarf
UCAC4 517-021296,3344349578650746880,HotSubdwarf
PG 1008+756,1126837931996134656,HotSubdwarf
FBS 0815+741,1123423639154702464,HotSubdwarf
EC 21006-5055,6477143632529997952,HotSubdwarf
GALEX J205101.6+011259,4228540820700012800,HotSubdwarf
SDSS J115433.70+094048.7,3912362405158387072,HotSubdwarf
US 1184,822338490313075712,HotSubdwarf
HS 1753+5342,1369049829516110336,HotSubdwarf
EC 10201-1047,3767438457560599936,HotSubdwarf
EC 03496-7742,4626935493086891648,HotSubdwarf
PG 1043+760,1128175247373543168,HotSubdwarf
HE 1059-2735,5453814382303524608,HotSubdwarf
EC 20450-1501,6886550768565402368,HotSubdwarf
GALEX J174438.4+205030,4552955540409828352,HotSubdwarf
Ton  438,697707958245002880,HotSubdwarf
BPS CS 22937-0082,6582341469102003968,HotSubdwarf
PG 0956-117,3766522426935772672,HotSubdwarf
Ton  1449,4031671408320367872,HotSubdwarf
EC 14264-1729,6284486827153086208,HotSubdwarf
GALEX J184544.4+235649,4532787164268216960,HotSubdwarf
GALEX J171929.5+273229,4574318806520054528,HotSubdwarf
EC 19438-6709,6427158081585926528,HotSubdwarf
UCAC4 686-068711,2129102978980441088,HotSubdwarf
SBSS 1418+518,1604817278929750400,HotSubdwarf
SDSS J183229.21+402418.3,2110282844604389760,HotSubdwarf
GALEX J172436.2+275241,4598253667125626880,HotSubdwarf
JL  94,6358022233538484480,HotSubdwarf
PG 1651+086,4442483415276834304,HotSubdwarf
Ton  803,1222767813259931776,HotSubdwarf
FBS 0823+333,902985782717022208,HotSubdwarf
UCAC2   2338548,5811534752335145600,HotSubdwarf
BPS CS 22947-0099,6661438686337856512,HotSubdwarf
PG 1118+099,3914988790544222976,HotSubdwarf
GALEX J040422.8+260755,162522700650966400,HotSubdwarf
CBS  58,4015353487533222272,HotSubdwarf
SDSS J080910.19+205736.4,676673613609807360,HotSubdwarf
UCAC4 535-014568,3397199529183763072,HotSubdwarf
EC 20203-4113,6680619769762013824,HotSubdwarf
PG 1514+231,1215393732368391936,HotSubdwarf
EC 13069-2739,6186164064990970496,HotSubdwarf
Ton  826,893594510306886784,HotSubdwarf
EC 20178-3040,6797167143313892096,HotSubdwarf
RL 105,252329740960393984,HotSubdwarf
PG 1257+010,3689536684343245312,HotSubdwarf
EC 21521-3127,6616134404928953088,HotSubdwarf
LB   375,6622906679296639744,HotSubdwarf
GALEX J205254.6-005031,4227262050022402816,HotSubdwarf
PG 1447+459,1589826095016002432,HotSubdwarf
GALEX J172748.4+164456,4550114402362108416,HotSubdwarf
UCAC4 492-075520,4476146922268993280,HotSubdwarf
EC 12588-2523,3497627959191030144,HotSubdwarf
GALEX J225549.7+324201,1890158447761572608,HotSubdwarf
GALEX J075656.2-122918,3036089364818362624,HotSubdwarf
GALEX J151902.4+071535,1163282000812802816,HotSubdwarf
EC 04329-4223,4815765173365005568,HotSubdwarf
Cl Melotte   20   488,435211617384833536,HotSubdwarf
KUV 16357+3724,1328379508583927936,HotSubdwarf
EC 21105-5821,6453608620496616832,HotSubdwarf
GALEX J152222.1-013018,4415342417420385024,HotSubdwarf
GALEX J055950.4+635807,286805069782394112,HotSubdwarf
EC 20221-6249,6429967711751930368,HotSubdwarf
2QZ J142226.9-023101,3646441841488558976,HotSubdwarf
GALEX J075354.2+253109,873767017124252544,HotSubdwarf
CSO 1067,1283471609714690048,HotSubdwarf
GALEX J075215.1+004711,3087329321090653824,HotSubdwarf
EC 19590-4105,6687379429811155584,HotSubdwarf
EC 10344-2024,3553719476162787840,HotSubdwarf
GALEX J163205.7+172241,4466294954484842752,HotSubdwarf
EC 21137-4059,6580856578648963840,HotSubdwarf
KUV 02182+2729,106836628589090432,HotSubdwarf
EC 21480-3845,6585250261471984256,HotSubdwarf
EC 11143-2834,3531035623569515776,HotSubdwarf
KUV 04110+1434,3311703154274741120,HotSubdwarf
GALEX J071549.6-540755,5491580506476906752,HotSubdwarf
HE 0500-3518,4825115076650323584,HotSubdwarf
GALEX J074610.2+344849,894606743903891072,HotSubdwarf
GALEX J135651.3+155810,1243203435156394624,HotSubdwarf
BPS CS 30343-0091,6585935703894167936,HotSubdwarf
GALEX J091914.7+480306,1011761254030834560,HotSubdwarf
LAMOST J210936.02+362337.5,1868521295883051520,HotSubdwarf
SDSS J134344.10+465825.2,1504084421639817984,HotSubdwarf
GALEX J213800.2+031304,2694805697195721088,HotSubdwarf
2MASS J04210658+2546557,150480505705334784,HotSubdwarf
PG 1109-016,3791181414730097152,HotSubdwarf
EC 04502-6052,4665706746983559040,HotSubdwarf
GALEX J185329.4+482752,2131723763724513024,HotSubdwarf
EC 14552-1053,6313780634415388160,HotSubdwarf
PHL    29,2686890721008636160,HotSubdwarf
TYC 1184-2330-1,2798503868626695552,HotSubdwarf
EC 05133-4632,4798366020330768512,HotSubdwarf
HD 283048,67303928533459968,HotSubdwarf
PG 1525+107,1165848673269627520,HotSubdwarf
GALEX J094346.5+531429,1020514122502061184,HotSubdwarf
2MASS J00380540+4344504,387661209812972928,HotSubdwarf
[CGC97] J0035.3+4107,381038812623475072,HotSubdwarf
PG 1425+019,3654573039213596672,HotSubdwarf
KPD 2326+5102,1991400825612971520,HotSubdwarf
HS 2225+2220,1875278658119889408,HotSubdwarf
Ton  56,732525643203984896,HotSubdwarf
GALEX J081355.8+552252,1033125971844774016,HotSubdwarf
LB   283,6308561905553812864,HotSubdwarf
PG 0823+546,1032088994940884224,HotSubdwarf
GALEX J173759.2+322321,4600968155176089472,HotSubdwarf
JL 112,6353977095900182144,HotSubdwarf
Ton  242,1274227981096283008,HotSubdwarf
UCAC2  17158653,6742964724759033728,HotSubdwarf
2MASS J06065595+2352337,3426156434914782848,HotSubdwarf
GALEX J162845.1-011518,4359245712130514048,HotSubdwarf
2MASS J19271504+3827186,2052684550030830464,HotSubdwarf
SDSS J031552.71+411352.7,239354369879148160,HotSubdwarf
EC 21371-6058,6410056415164346752,HotSubdwarf
UCAC4 523-020482,3345427134406013440,HotSubdwarf
PG 0108+195,2787001740049356032,HotSubdwarf
CBS 427,765113690382156160,HotSubdwarf
PG 1544+601,1627040062490757120,HotSubdwarf
GALEX J112121.9+453955,785217362847738496,HotSubdwarf
GALEX J141259.9+050619,3671258467466859264,HotSubdwarf
JL 166,4990641054653089664,HotSubdwarf
SDSS J160325.52+341237.4,1323861550881288960,HotSubdwarf
PG 2240+105,2717582699040219392,HotSubdwarf
SB 911,2337987064149164672,HotSubdwarf
GALEX J031339.1+042029,3101962820420608,HotSubdwarf
CSO  744,1395190099990821888,HotSubdwarf
PHL   627,2443124255783107968,HotSubdwarf
GALEX J121643.7+020835,3700966073354300544,HotSubdwarf
GALEX J034252.4+045305,3274881746810657536,HotSubdwarf
EC 13057-1954,3505965143547709440,HotSubdwarf
PHL     8,2691890784495579392,HotSubdwarf
GALEX J061123.0+555214,997207297787944064,HotSubdwarf
SBSS 0950+579,1046356292182823296,HotSubdwarf
SDSS J085039.35+274536.5,704851347851419264,HotSubdwarf
PG 1421-121,6303502330999351040,HotSubdwarf
HE 0351-3536,4858508447376046720,HotSubdwarf
GALEX J144042.5+043242,1158847769201888768,HotSubdwarf
GALEX J104242.8+181026,3985905228951418752,HotSubdwarf
EC 11412-2216,3540453387338443520,HotSubdwarf
SDSS J162507.34+130429.3,4460234789989608832,HotSubdwarf
PHL   717,2418401530673886080,HotSubdwarf
GALEX J143729.2-021507,3649606716989509888,HotSubdwarf
GALEX J230526.8+191754,2831429843832458752,HotSubdwarf
GALEX J041110.1-004848,3253550426661848960,HotSubdwarf
GALEX J093521.4+482432,825538687621701632,HotSubdwarf
EC 10475-2703,5457435108454471424,HotSubdwarf
PG 1349+659,1671349350297566976,HotSubdwarf
PG 1034+001,3806885288337214848,HotSubdwarf
KUV 04498+1727,3406444218653682560,HotSubdwarf
Ton S 185,5034170342039971328,HotSubdwarf
PG 1453-085,6332361865528495360,HotSubdwarf
UCAC4 615-125321,1946462930693095680,HotSubdwarf
SBSS 1245+567,1577430063485458432,HotSubdwarf
UCAC4 653-107038,1966389723521001728,HotSubdwarf
GALEX J160229.8+111331,4457455082858636416,HotSubdwarf
PG 0006+120,2766032919436757504,HotSubdwarf
SDSS J122826.72+265055.6,4008876535116351360,HotSubdwarf
GALEX J123753.2+433153,1540573506009074688,HotSubdwarf
FBS 1411+812,1721853419758839424,HotSubdwarf
EC 00404-4429,4979799492046952576,HotSubdwarf
EC 20522-5424,6470234541977510400,HotSubdwarf
GALEX J224319.7-465935,6519109929778071296,HotSubdwarf
GALEX J212649.4+154537,1783628003096502144,HotSubdwarf
CD-23 15853,6863734326040601856,HotSubdwarf
GALEX J081618.6-134453,5726390422998372480,HotSubdwarf
HZ 47,1460632997716192000,HotSubdwarf
GALEX J162051.0+375059,1330718650852009600,HotSubdwarf
UCAC4 710-020258,451761328965715968,HotSubdwarf
SDSS J130839.24+201132.8,3942964528178786176,HotSubdwarf
GD 1237,2418838380386828672,HotSubdwarf
GALEX J201124.5-121250,6880541220263765632,HotSubdwarf
GALEX J215053.8+131650,1768038616137960704,HotSubdwarf
SDSS J220819.50+060255.4,2720410333709020160,HotSubdwarf
KPD 2018+2058,1829041204887324416,HotSubdwarf
PG 1705+505,1415334802278835456,HotSubdwarf
GALEX J123428.3+262758,3960827945702129792,HotSubdwarf
GALEX J142903.2+115534,1179132075107108736,HotSubdwarf
2MASS J03362829+4608164,247823740446444416,HotSubdwarf
PHL   406,2413251108970999936,HotSubdwarf
GALEX J204235.7+005556,4228306276832008832,HotSubdwarf
FBS 2212+421,1958379678230596480,HotSubdwarf
EC 15348-1652,6261454085781366016,HotSubdwarf
UCAC2   5242338,5480083536158472960,HotSubdwarf
GALEX J205758.4+010817,1729718192073458688,HotSubdwarf
SDSS J193248.24+365832.4,2051558920701835008,HotSubdwarf
EC 20295-5558,6469059164048507008,HotSubdwarf
LS  IV +00   21,4230753789714485376,HotSubdwarf
KUV 08460+4030,912215529997328128,HotSubdwarf
SDSS J214339.27+105907.0,1765760836066977920,HotSubdwarf
PG 1438-029,3648191164488514688,HotSubdwarf
EC 21220-1307,6890775126599722240,HotSubdwarf
PG 1153-119,3574948262557339392,HotSubdwarf
SDSS J163413.09+163109.5,4465985437664273536,HotSubdwarf
EC 19424-5320,6642371505443514112,HotSubdwarf
UCAC4 695-002229,392840562417338112,HotSubdwarf
FBS 0206+428,351633546665907200,HotSubdwarf
GALEX J132259.4-383813,6162393443937250816,HotSubdwarf
PG 2339+199,2823151036672049280,HotSubdwarf
GALEX J214620.6+224503,1794184349811337728,HotSubdwarf
SDSS J152136.26+162150.3,1207471540636454400,HotSubdwarf
SDSS J192125.41+372035.9,2051078026104444800,HotSubdwarf
CD-61  1208,4758708216465351296,HotSubdwarf
GALEX J074534.1+372719,895863215112127616,HotSubdwarf
EC 05043-4538,4810509439064817152,HotSubdwarf
HE 2156-3927,6574414299502733824,HotSubdwarf
GALEX J032121.9+370010,234507383322003072,HotSubdwarf
GALEX J041442.8+272020,162930585103541888,HotSubdwarf
GALEX J150011.7+064212,1160207968164740992,HotSubdwarf
EC 05177-6104,4760975959197354496,HotSubdwarf
PB  7194,2604650485361932672,HotSubdwarf
GALEX J163435.2+262102,1304379201270414592,HotSubdwarf
Ton  126,3683849391728631424,HotSubdwarf
GALEX J225241.5+272026,1884194082514142720,HotSubdwarf
FBS 0212+385,331954247033853568,HotSubdwarf
SDSS J192709.14+381026.3,2052663350072041728,HotSubdwarf
GALEX J091828.2+090140,590584872515436544,HotSubdwarf
PG 2148+095,2726234996557458560,HotSubdwarf
EC 05411-3251,2901209318498381952,HotSubdwarf
GALEX J175548.5+501210,1364478541203752192,HotSubdwarf
SDSS J132503.16+043239.3,3716154104209293312,HotSubdwarf
PG 1359+077,3720793562242705664,HotSubdwarf
Ton  835,674255203425267584,HotSubdwarf
GALEX J212053.7-071544,6898572450745852160,HotSubdwarf
BPS CS 22880-0024,6861373159177163648,HotSubdwarf
PG 1631+001,4383466853778414720,HotSubdwarf
GALEX J200358.6-113129,4190630033436379776,HotSubdwarf
GALEX J145811.9+012140,1153270668268806784,HotSubdwarf
UCAC4 662-016157,240978868246214400,HotSubdwarf
KUV 02246+2859,131069516972313472,HotSubdwarf
UCAC4 528-016526,3348217694917419392,HotSubdwarf
EC 13140-3221,6179709553779172608,HotSubdwarf
BPS CS 22871-0019,6283332339944160512,HotSubdwarf
GALEX J073935.7+564233,986254272189606656,HotSubdwarf
HD 216135,2603415763867941248,HotSubdwarf
SBSS 0946+522,828016716248053632,HotSubdwarf
CD-30 19716,2326994490492043264,HotSubdwarf
EC 11363-1641,3547508266258783104,HotSubdwarf
HZ 44,1473687671071803520,HotSubdwarf
FBS 2323+431,1925102065461764608,HotSubdwarf
GALEX J150936.2+211433,1213655159671693056,HotSubdwarf
GALEX J155119.5+064903,4429969186249166336,HotSubdwarf
SDSS J052933.85+040720.0,3236488827993523584,HotSubdwarf
PG 2236+122,2731521207945653760,HotSubdwarf
SDSS J104426.33+240255.5,723486691255559680,HotSubdwarf
GALEX J230945.8+234956,2842364585753750400,HotSubdwarf
SBSS 0905+549,1023900519533114112,HotSubdwarf
Ton S 135,2339774698257101312,HotSubdwarf
EC 03463-7234,4641755879037019264,HotSubdwarf
HE 2347-4130,6534198699642972160,HotSubdwarf
JL 110,6353808698822365312,HotSubdwarf
PG 0823+466,930163614211158528,HotSubdwarf
GALEX J183129.6+085107,4479246445565795712,HotSubdwarf
GALEX J084328.8+082437,597102541222525056,HotSubdwarf
SDSS J232757.46+483755.2,1942107868212034304,HotSubdwarf
GALEX J164921.6+324613,1314147739311054208,HotSubdwarf
EC 09423-1304,5690438145117112192,HotSubdwarf
HS 0039+4302,387533868326227456,HotSubdwarf
GALEX J153959.4+165107,1197060677350483584,HotSubdwarf
EC 23483-6445,6485457589702445440,HotSubdwarf
EC 04178-1734,5093494045240239232,HotSubdwarf
SDSS J192155.07+371626.8,2051075169943749248,HotSubdwarf
HS 2035+0418,4233362621569490688,HotSubdwarf
PG 1033+201,3987249901607922944,HotSubdwarf
Ton S 221,5016602104733612672,HotSubdwarf
PG 2303+115,2811677353661543808,HotSubdwarf
EC 10059-1732,5672722405748929280,HotSubdwarf
GALEX J074108.3+223024,866974474805293056,HotSubdwarf
PG 0135+243,291781459407618432,HotSubdwarf
GALEX J234914.7-010031,2641787414007648384,HotSubdwarf
PG 2229+099,2729232162175594880,HotSubdwarf
KUV 18312+6431,2256432335347693696,HotSubdwarf
EC 04013-4017,4844000803764527360,HotSubdwarf
LAMOST J212933.77+120521.5,1745945819767258624,HotSubdwarf
PG 0839+399,910825369342312320,HotSubdwarf
PG 1027-077,3774467390583556096,HotSubdwarf
GALEX J073449.2+122528,3162537840574968832,HotSubdwarf
GALEX J222216.9+265616,1881671180067646080,HotSubdwarf
EC 03530-4024,4843383737223292672,HotSubdwarf
BPS CS 22964-0216,6687757249494752896,HotSubdwarf
PG 1458+423,1585277243613047936,HotSubdwarf
HS 1320+2622,1447552691995517696,HotSubdwarf
Ton S 214,5036213028485154816,HotSubdwarf
GALEX J064918.3+235440,3381156177066288768,HotSubdwarf
GALEX J165957.7+285055,1308678016856993920,HotSubdwarf
UCAC4 643-032178,3457951566709510912,HotSubdwarf
GALEX J074435.0+302108,879166065892619904,HotSubdwarf
GALEX J191427.6+453910,2127335651477025408,HotSubdwarf
GALEX J224156.0+174811,2832879034517348608,HotSubdwarf
2MASS J08515303+7901593,1144006011494091520,HotSubdwarf
GALEX J084556.2+542358,1030011914397749504,HotSubdwarf
GALEX J072845.2+132627,3163565604772130560,HotSubdwarf
GALEX J112954.2-061717,3785428422000620544,HotSubdwarf
HD 191351,6429224373168869632,HotSubdwarf
PG 1510+635,1619837367975709056,HotSubdwarf
GALEX J122132.2+163257,3945699803871515264,HotSubdwarf
EC 09174-1033,5739615043915301120,HotSubdwarf
PG 2159+051,2696495234250569088,HotSubdwarf
GALEX J170556.1+363221,1339310200352649856,HotSubdwarf
PG 1415+079,3673669803841423744,HotSubdwarf
SDSS J164236.23+351432.3,1326802190433968640,HotSubdwarf
UCAC4 540-015151,3400347392320018176,HotSubdwarf
GALEX J095022.0+081557,3853952769782859776,HotSubdwarf
FBS 0053+360,364262674660355840,HotSubdwarf
EC 10307-2517,5469332167863288832,HotSubdwarf
EC 21241-4917,6467069666477281536,HotSubdwarf
BD+25  2534,3959631234670040704,HotSubdwarf
SBSS 1408+524B,1512053480055749376,HotSubdwarf
Ton  761,1284970278417991680,HotSubdwarf
UCAC2  28287515,6904512841490841472,HotSubdwarf
Balloon  83600004,1408930937321324288,HotSubdwarf
GALEX J170645.5+243208,4572031689192892672,HotSubdwarf
GALEX J071252.7+423837,949617548319629824,HotSubdwarf
SDSS J142401.27-024507.9,3646377721921027456,HotSubdwarf
Ton  788,1264108144792924160,HotSubdwarf
PG 1050-065,3764486268840145664,HotSubdwarf
JL 136,6352777833656023296,HotSubdwarf
CSO 1068,1283389867897035392,HotSubdwarf
UCAC4 714-020837,452244873566226560,HotSubdwarf
JL 132,6378286851313682816,HotSubdwarf
BPS CS 30314-0078,6778193523988117120,HotSubdwarf
FBS 0141+363,319336251592622208,HotSubdwarf
GALEX J143010.7+013322,3655868744947309696,HotSubdwarf
SDSS J191908.76+371423.9,2051061872727505920,HotSubdwarf
HD 294253,3215903530781362944,HotSubdwarf
PG 1733+326,4601722763749694592,HotSubdwarf
GD 319A,1570548009752602240,HotSubdwarf
SDSS J084413.76+023229.3,3079016085468237184,HotSubdwarf
GALEX J211000.6+152913,1760662130066900352,HotSubdwarf
Cl* NGC 6752     CL    3675,6638377254576098432,HotSubdwarf
PG 1257+171,3937582831077755648,HotSubdwarf
EC 13423-2728,6177916044155561856,HotSubdwarf
GALEX J194406.9+604330,2239107914746074624,HotSubdwarf
PG 1409-091,3614958185020898432,HotSubdwarf
GALEX J173119.1+313831,4601571164288629888,HotSubdwarf
EC 04491-1242,3180048009922306176,HotSubdwarf
GALEX J165823.0+252149,4572807974464905984,HotSubdwarf
EC 21162-5630,6462814693917093120,HotSubdwarf
KUV 03381-0136,3251388962896464384,HotSubdwarf
2MASS J19133572+4302560,2102914673590761472,HotSubdwarf
GALEX J224537.2+314014,1888907031730589696,HotSubdwarf
UCAC4 523-037596,3353819775380228608,HotSubdwarf
EC 11349-2753,3483984875317814272,HotSubdwarf
SDSS J084727.88+024814.8,581036541741768448,HotSubdwarf
SDSS J170043.51+315126.0,1310399538531466112,HotSubdwarf
LAMOST J035001.86+324433.0,217062978512976000,HotSubdwarf
GALEX J150945.4+002425,4419792381496124544,HotSubdwarf
Ton  231,1276808981563720576,HotSubdwarf
GALEX J062245.2+515045,995383482875359744,HotSubdwarf
FBS 0550+641,287018271958898560,HotSubdwarf
LS  IV -12    1,4331468543718957056,HotSubdwarf
UCAC4 501-082578,4480450307710870144,HotSubdwarf_Candidate
SDSS J024323.23+275045.5,127116566512589824,HotSubdwarf
PG 1415+492,1508050123858921216,HotSubdwarf
PB  6313,2534946700905703168,HotSubdwarf
EC 14150-1440,6299698158206442496,HotSubdwarf
EC 04059-3054,4884067247999184256,HotSubdwarf
GALEX J204613.4-045418,6914322576858227968,HotSubdwarf
GALEX J001952.4-413235,4995308378433240064,HotSubdwarf
PG 0848+186,660031199453392512,HotSubdwarf
HE 1336-2625,6190287847774631424,HotSubdwarf
PHL  1306,5131456333455351168,HotSubdwarf
LB   506,1148443094963208704,HotSubdwarf
GALEX J135917.6-305409,6173348947732101504,HotSubdwarf
Feige  38,3817717887347994112,HotSubdwarf
UCAC4 638-015763,225573267233289600,HotSubdwarf
PG 1355+071,3720655474749294592,HotSubdwarf
EC 19420-5836,6448064504912756352,HotSubdwarf
EC 20324-5303,6474108430681052672,HotSubdwarf
PG 1457+193,1188933362275187200,HotSubdwarf
PG 1246-122,3529233416635552768,HotSubdwarf
GALEX J160623.2+363004,1378198934489869056,HotSubdwarf
UCAC4 679-007631,397395014455786624,HotSubdwarf
EC 21347-3002,6785584917889642880,HotSubdwarf
EC 05162-5140,4772842988195453568,HotSubdwarf
Ton S 154,2359892221992225152,HotSubdwarf
GALEX J162024.8+172543,1200248024120096384,HotSubdwarf
FBS 1128+449,784355075149419904,HotSubdwarf
LAMOST J211624.57+132338.7,1759224243735129344,HotSubdwarf
GALEX J125129.1+164510,3934579240188712576,HotSubdwarf
EC 11537-2335,3491327036010028032,HotSubdwarf
PG 1459-026,6339679321569685504,HotSubdwarf
Ton  209,1242834931257532032,HotSubdwarf
EC 14586-1900,6257012363741589376,HotSubdwarf
EC 04199-7402,4629326690359026432,HotSubdwarf
SDSS J152705.04+110843.9,1169270800131487360,HotSubdwarf
GALEX J145806.6+085130,1161864283648012160,HotSubdwarf
GALEX J171629.8+575121,1433122426515173248,HotSubdwarf
GALEX J104312.0+180039,3985852594127639680,HotSubdwarf
PG 0934+163,618943618153500032,HotSubdwarf
SDSS J162852.22+213751.2,1297563049515054592,HotSubdwarf
SDSS J202519.93+144257.8,1805399501561517696,HotSubdwarf
SDSS J154100.53+363840.9,1374648744586858624,HotSubdwarf
GALEX J104054.5+112024,3870737570694968192,HotSubdwarf
GALEX J135713.1-065914,3619552318263484416,HotSubdwarf
GALEX J075500.9+320347,880922565781344256,HotSubdwarf
BPS CS 22950-0180,6863440653353666048,HotSubdwarf
BPS CS 30336-0116,6792781535027244416,HotSubdwarf
HS 0741+3818,919963474904219776,HotSubdwarf
GALEX J085708.5+051453,581806646557251456,HotSubdwarf
SDSS J173318.82+552638.9,1421013397584107776,HotSubdwarf
Ton  208,1281101268798929152,HotSubdwarf
GALEX J152534.1+095851,1165720610228590080,HotSubdwarf
GALEX J101420.7-025227,3828688780010274048,HotSubdwarf
PG 1411+590,1659750327258228352,HotSubdwarf
BPS CS 22190-0034,5114186063800472832,HotSubdwarf
GALEX J142416.9-014334,3652514512928141312,HotSubdwarf
PG 1502+113,1180527806334711936,HotSubdwarf
HS 1615+6341,1629425796564620160,HotSubdwarf
PG 1554+505,1403332980026359424,HotSubdwarf
GALEX J212729.0+311840,1853416896629422464,HotSubdwarf
KUV 08482+3304,713083082170342912,HotSubdwarf
LB   731,1266451513309671296,HotSubdwarf
PG 1200-095,3581786022290774528,HotSubdwarf
Feige  75,3742799192256205056,HotSubdwarf
EC 20171-5008,6667701160970656896,HotSubdwarf
GALEX J151306.7+011439,4419946274469078912,HotSubdwarf
GALEX J164131.0+214026,4564376610065672704,HotSubdwarf
PG 1532-056,4400285395952964608,HotSubdwarf
GALEX J150421.1-005613,6340716057955701888,HotSubdwarf
GALEX J155816.9-793719,5778358294628396928,HotSubdwarf
PG 2246+019,2656170267344606464,HotSubdwarf
US 2245,1009066351031309184,HotSubdwarf
GALEX J041536.0+253857,150610660393771648,HotSubdwarf
HS 1732+7023,1638672002159650176,HotSubdwarf
PG 1359+003,3660503903717853056,HotSubdwarf
GALEX J220810.0+115914,2727863918739238784,HotSubdwarf
GALEX J152428.4+102051,1168748635187491840,HotSubdwarf
US  708,815106177700219392,HotSubdwarf
GALEX J095911.6+220004,629717865737776896,HotSubdwarf
PHL   384,2654793575707334784,HotSubdwarf
FBS 0632+631,1007272536467408384,HotSubdwarf
PG 0933+383,800799439774706560,HotSubdwarf
EC 20368-2728,6799110667555233408,HotSubdwarf
EC 02523-6934,4646812876610294144,HotSubdwarf
PG 1348+369,1495299843425776000,HotSubdwarf
SDSS J075718.55+440936.9,926098612348662144,HotSubdwarf
GALEX J081258.5+004354,3089571878131969792,HotSubdwarf
EC 21038-4136,6581154713801158400,HotSubdwarf
UCAC4 630-027754,3455626713794023680,HotSubdwarf
GALEX J202159.8-070057,4216176365771393920,HotSubdwarf
GALEX J001917.3+403009,380384779299991424,HotSubdwarf
PG 0026+136,2779906694594683264,HotSubdwarf
GALEX J143736.8+214538,1241296473972302592,HotSubdwarf
EC 13211-2637,6189518743686608512,HotSubdwarf
GALEX J120621.5+280632,4006998569256355072,HotSubdwarf
SDSS J081540.65+430524.3,927906346903424768,HotSubdwarf
GALEX J075813.6+205302,673854461500153216,HotSubdwarf
GALEX J120147.1+155533,3925128869028265216,HotSubdwarf
Ton  59,3998182792399323904,HotSubdwarf
CBS 143,4026188831027147520,HotSubdwarf
GALEX J162904.2+184639,4467510838248738048,HotSubdwarf
GSC 00141-01628,3131204469305148288,HotSubdwarf
PB  5146,2654503373357322496,HotSubdwarf
UCAC4 723-019711,456417279675979008,HotSubdwarf
LAMOST J072628.27+083747.9,3143355932514955008,HotSubdwarf
GALEX J182203.2+104420,4483659679067140992,HotSubdwarf
GALEX J041700.7+350717,176164272695455744,HotSubdwarf
GALEX J160538.9+102443,4456602793844919936,HotSubdwarf
SDSS J083935.91+030840.8,3080057529138425728,HotSubdwarf
GALEX J104248.9+033355,3857558549446591872,HotSubdwarf
GALEX J191429.0+473741,2130924526150280960,HotSubdwarf
GALEX J202251.9+122554,1802274311555674112,HotSubdwarf
UCAC4 608-001289,2862287843823854848,HotSubdwarf
GALEX J112555.2+020250,3798770995603703040,HotSubdwarf
SDSS J091033.79+020211.3,3843806377696869888,HotSubdwarf
GALEX J032133.1+081132,11015044926034816,HotSubdwarf
CD-46  8926,6095417723923269760,HotSubdwarf
AG+81  266,1144974578159253632,HotSubdwarf
GALEX J232000.7+074644,2664947084554131328,HotSubdwarf
EC 11189-1810,3546002828682653824,HotSubdwarf
HZ 11,3287144634355536768,HotSubdwarf
EC 14599-2047,6232586545427688320,HotSubdwarf
GALEX J214418.6-010212,2675015033356366976,HotSubdwarf
GALEX J105812.2+391901,775637524193477760,HotSubdwarf
HD 345431,1833281127895263872,HotSubdwarf
FBS 0203+374,330722897089067392,HotSubdwarf
CSO  574,1392305599954502656,HotSubdwarf
PG 1656+253,4572736854103176960,HotSubdwarf
2QZ J143557.5+014151,3655171409762272768,HotSubdwarf
SDSS J224326.26+133904.0,2731705337488054656,HotSubdwarf
EC 06128-7906,5211824856714891392,HotSubdwarf
PHL   693,2337199672088826112,HotSubdwarf
GALEX J172720.8+324907,4601926242120111744,HotSubdwarf
US  375,1462934550431033216,HotSubdwarf
EC 12316-2531,3499721974790782336,HotSubdwarf
PG 1432+004,3653238674478903040,HotSubdwarf
PB   757,1500403089207449856,HotSubdwarf
LAMOST J181325.00+065315.9,4478006677464647040,HotSubdwarf
HE 2359-2353,2339784490782491264,HotSubdwarf
GALEX J012630.2+503946,400744642270496896,HotSubdwarf
GALEX J094317.4+265054,646792010006640768,HotSubdwarf
GALEX J070129.1+182600,3364758399949921792,HotSubdwarf
SDSS J085827.92+123358.9,605249471412029824,HotSubdwarf
GALEX J094552.6+374533,799852343654303360,HotSubdwarf
GD 300,828120310859359104,HotSubdwarf
EC 20358-2708,6799133551141107712,HotSubdwarf
PB  5474,2646400556776220160,HotSubdwarf
GALEX J075813.6+281815,874803719149459968,HotSubdwarf
PG 1538+401,1377891689708857856,HotSubdwarf
GALEX J172903.1+171936,4550175420961718528,HotSubdwarf
FBS 1642+853,1724609414373827072,HotSubdwarf
GALEX J070738.9-622241,5286825950756440832,HotSubdwarf
EC 21020-3237,6781175743119698304,HotSubdwarf
GALEX J102219.2+052341,3860664639730330368,HotSubdwarf
GALEX J120352.2+235342,4002664328779500928,HotSubdwarf
GALEX J144621.3+120749,1178502879578134528,HotSubdwarf
PHL  1079,2560685069816099968,HotSubdwarf
2MASS J19365001+4201436,2077526537794095232,HotSubdwarf
LB   705,1256917132588516224,HotSubdwarf
SDSS J030859.87+380104.1,139566718927185408,HotSubdwarf
LAMOST J233344.06+391135.1,1920119078764165888,HotSubdwarf
HD 127493,6279201990154490496,HotSubdwarf
GALEX J181356.9-652747,6629448391230142464,HotSubdwarf
GALEX J025300.2+325531,136578796078347008,HotSubdwarf
FBS 2246+382,1928838407833102720,HotSubdwarf
EC 10016-1923,5670767847736319232,HotSubdwarf
Feige 110,2633603478379307904,HotSubdwarf
GALEX J023532.6-063437,5178668190225813504,HotSubdwarf
CSO 1099,1277517337632992896,HotSubdwarf
PG 0046+247,2805016413436835200,HotSubdwarf
2MASS J23205649+3423431,1912906626082386304,HotSubdwarf
EC 05421-5127,4793128221813975936,HotSubdwarf
KUV 08290+3844,910989265294018048,HotSubdwarf
PG 1559+348,1371932096168505984,HotSubdwarf
Ton  14,695726844449223040,HotSubdwarf
KUV 07090+3350,890570337935290752,HotSubdwarf
UCAC4 563-029839,3376468958998845312,HotSubdwarf
GALEX J014326.2+323439,305426398708664832,HotSubdwarf
GALEX J180546.7+240008,4579093710642606720,HotSubdwarf
SDSS J121442.19+142148.7,3921280990648341376,HotSubdwarf
PG 1611+041,4437211291383115392,HotSubdwarf
GALEX J083117.5-041433,3065764904474702720,HotSubdwarf
SDSS J144023.58+135454.6,1185854317400389120,HotSubdwarf
EC 21370-4221,6578192255815887232,HotSubdwarf_Candidate
GALEX J124132.2+125440,3929128651811536000,HotSubdwarf
FBS 1907+425,2102571625963609472,HotSubdwarf
GALEX J074154.0+475036,975769054429737728,HotSubdwarf
UCAC4 279-032880,5546412743353992960,HotSubdwarf
JL  63,6373225352615093120,HotSubdwarf
GALEX J212055.9-063918,6899029954958005248,HotSubdwarf
PG 1536+690,1647303168437152128,HotSubdwarf
EC 14465-1033,6325540662892631296,HotSubdwarf
GALEX J204940.8+165004,1764643388666407808,HotSubdwarf
GALEX J071432.0+560216,988226280654466048,HotSubdwarf
PHL  1534,5085780417119086464,HotSubdwarf
GALEX J151717.2+021938,4421642064997531648,HotSubdwarf
UCAC4 540-144678,1785228484006179456,HotSubdwarf
PG 1330-074,3630560289378568576,HotSubdwarf
PG 1323-086,3624198034063995008,HotSubdwarf
FBS 0730+617,1086478463617600256,HotSubdwarf
GALEX J075250.0+305936,880572783644579072,HotSubdwarf
HS 0447+7545,551708207239316352,HotSubdwarf
SDSS J164648.00+374758.7,1352239151424703360,HotSubdwarf
PG 1403+019,3661331668469980416,HotSubdwarf
PG 0216+246,102803104542235008,HotSubdwarf
PHL   149,6844064264878245504,HotSubdwarf
PG 1653+115,4447960529371137664,HotSubdwarf
LB   215,3313745222245617664,HotSubdwarf
PG 1012+008A,3831905500061334912,HotSubdwarf
KPD 1905+1144,4312741593012039808,HotSubdwarf
EC 20144-3402,6699371150300682112,HotSubdwarf
SDSS J162610.34+130401.6,4460606970378580352,HotSubdwarf
SDSS J153627.23+252539.2,1222310072825732096,HotSubdwarf
GALEX J194059.7+553226,2138776379201191936,HotSubdwarf
PG 0255+029,1792620565667968,HotSubdwarf
GALEX J182025.6-642758,6629561267269651968,HotSubdwarf
PG 1628+181,4467130720760209152,HotSubdwarf
PSO J315.7854+44.7208,2162599669436502912,HotSubdwarf_Candidate
GALEX J095648.5+142241,615674873163301248,HotSubdwarf
PG 1738+505,1368015532671476736,HotSubdwarf
GALEX J172227.4+262923,4574007644729270400,HotSubdwarf
KUV 16256+4034,1332896306646572160,HotSubdwarf
UCAC4 545-024973,3373814561832902272,HotSubdwarf
KUV 06586+2838,884393900085830144,HotSubdwarf
PG 2333-002,2644373607090404480,HotSubdwarf
BPS CS 22875-0025,6593532985642535168,HotSubdwarf
PSO J327.4398+45.9767,1974373960347466496,HotSubdwarf_Candidate
GALEX J065659.0+284458,887446174427959040,HotSubdwarf
PB  5010,2681388764823777664,HotSubdwarf
PG 1627+112,4458994472154612480,HotSubdwarf
EC 05593-5901,5494762428704591488,HotSubdwarf
GALEX J064347.7+320147,937248901501446272,HotSubdwarf
GALEX J161140.5+201857,1201861248196239232,HotSubdwarf
UCAC4 543-037352,3364456377851161600,HotSubdwarf
LB   275,6223051546232337920,HotSubdwarf
PG 2323+121,2812519549504413568,HotSubdwarf
GALEX J212938.2+252806,1798549715915714176,HotSubdwarf
BPS CS 22892-0051,6825916554879185664,HotSubdwarf
SBSS 0937+510,826393940164898944,HotSubdwarf
GALEX J192032.1-432643,6712801817976461056,HotSubdwarf
LB  1710,4782108194725537920,HotSubdwarf
PG 1725+252,4570629777508086400,HotSubdwarf
SDSS J065907.45+664930.2,1102523434939248896,HotSubdwarf
KUV 02374+3735,333546236791081856,HotSubdwarf
GALEX J213308.4+064701,2699890624941363200,HotSubdwarf
PG 2213-006,2678666962443647232,HotSubdwarf
GALEX J142939.3+152623,1229076226862873344,HotSubdwarf
Feige  80,3739487119636315520,HotSubdwarf
GALEX J122712.2+220237,3952802511547313920,HotSubdwarf
EC 22464-6822,6384972809723367808,HotSubdwarf
UCAC4 602-130186,1897581731796584960,HotSubdwarf
EC 20387-1716,6862119040377175808,HotSubdwarf
EC 05147-5940,4761338042120188416,HotSubdwarf
SDSS J115101.03+541003.4,840622136024660608,HotSubdwarf
GALEX J161603.3+101210,4453590853539680896,HotSubdwarf
SDSS J031234.62+412038.6,239183090879100160,HotSubdwarf
PG 1645+610,1624385841420963840,HotSubdwarf
PG 1152-119,3574855044587070208,HotSubdwarf
PG 0749+658,1094879011629873920,HotSubdwarf
FBS 1903+432,2105662250069297920,HotSubdwarf
GALEX J083334.7-045759,3065476110873289600,HotSubdwarf
PHL   189,2666866350819437824,HotSubdwarf
GALEX J112500.2-074112,3591577757450839424,HotSubdwarf
SDSS J151546.68+255046.7,1265128796525435904,HotSubdwarf
SDSS J210328.77-001503.0,2690072157903690368,HotSubdwarf
GALEX J181746.6+461619,2121513531246427392,HotSubdwarf
KUV 04482+1727,3406488886313570944,HotSubdwarf
SDSS J175944.03+041357.4,4469765146325951360,HotSubdwarf
PG 1323+125,3739354903362960000,HotSubdwarf
SDSS J122216.21+222739.0,3953628485297896448,HotSubdwarf
GALEX J161248.2+334107,1322902501864380288,HotSubdwarf
2QZ J143319.8-015434,3649505802438107648,HotSubdwarf
GALEX J061605.3+652450,1104578903208628864,HotSubdwarf
EC 21494-7018,6395639996658760832,HotSubdwarf
FBS 0311+395,238839179961624192,HotSubdwarf
LAMOST J072454.76+130405.0,3163209740962284032,HotSubdwarf
SDSS J141812.51-024426.8,3646521556081461248,HotSubdwarf
FBS 1154+617,859030327199580416,HotSubdwarf
PG 1624+014,4431934597640476160,HotSubdwarf
MCT 0131-2000,5140027404551842048,HotSubdwarf
SDSS J185649.54+403251.2,2103613580731133312,HotSubdwarf
GALEX J161806.4+214125,1202447086032118784,HotSubdwarf
PG 0947+639,1063845021055181440,HotSubdwarf
EC 20013-5436,6473122203110718080,HotSubdwarf
Ton  518,727435316684008832,HotSubdwarf
TYC 1337-283-1,3372847992330852352,HotSubdwarf
GALEX J214456.0+324011,1946116172210792704,HotSubdwarf
GALEX J053205.9+631317,287317953300908672,HotSubdwarf
PG 1530+431,1391344214475144832,HotSubdwarf
SBSS 1431+533,1605239049014274560,HotSubdwarf
HE 1422-1851,6284281970097781760,HotSubdwarf
SDSS J233641.15+444952.9,1926772773380639360,HotSubdwarf
GALEX J125649.1-013330,3688563753991640832,HotSubdwarf
PG 1544+277,1224427182464055680,HotSubdwarf
GALEX J152332.2-181726,6257981106505278080,HotSubdwarf
EC 04346-7621,4628085101213577216,HotSubdwarf
GALEX J150737.7+072416,1160505042462745728,HotSubdwarf
GALEX J061937.8+343030,3440582134847479680,HotSubdwarf
GALEX J074807.3+193248,671837991534596480,HotSubdwarf
GALEX J223008.2+132734,2731299656352377344,HotSubdwarf
GALEX J022422.2+000313,2500824388329728256,HotSubdwarf
HS 2126+8320,2300497428494312960,HotSubdwarf
GALEX J162336.3+153235,4464184270115888768,HotSubdwarf
GALEX J162842.0+111838,4459063049895313920,HotSubdwarf
SDSS J113312.12+010824.8,3799146650623432704,HotSubdwarf
Ton  342,706479277895031040,HotSubdwarf
EC 22004-1816,6825590343522704128,HotSubdwarf
GALEX J075314.0+111240,3150707232898463616,HotSubdwarf
GALEX J081203.8+070352,3097524714456788992,HotSubdwarf
GALEX J213054.5-004116,2686817676500648192,HotSubdwarf
EC 03390-7101,4642839241587595776,HotSubdwarf
EC 11324-2820,3483874511838342912,HotSubdwarf
GALEX J131035.0+023327,3691653793982447232,HotSubdwarf
GALEX J082508.5+484032,930960515328049536,HotSubdwarf
EC 05576-8527,4614131297927835520,HotSubdwarf
GALEX J141133.4+703736,1674944684600857216,HotSubdwarf
SDSS J164014.58+320325.2,1312742357293312384,HotSubdwarf
PG 1551+015,4411061675059759872,HotSubdwarf
GALEX J061510.2+355117,3452919960980353920,HotSubdwarf
GALEX J074236.8+131030,3163997712841285504,HotSubdwarf
GALEX J160911.4+314627,1322076695616737664,HotSubdwarf
EC 00373-4252,4992850179671090176,HotSubdwarf
PG 1449+530,1605724311599744640,HotSubdwarf
PG 0314+146,30269452033850624,HotSubdwarf
LAMOST J015355.58+184758.8,92226691740846080,HotSubdwarf
GALEX J092227.6+322916,700864205154799232,HotSubdwarf
GALEX J180927.8+164612,4502091509736932608,HotSubdwarf
EC 21411-2806,6809951989641429888,HotSubdwarf
BPS CS 22873-0056,6446958739812764672,HotSubdwarf
PG 0221+217,99836961472298752,HotSubdwarf
BPS CS 22876-0035,2309702230603610112,HotSubdwarf
KUV 09467+3809,800036103827673216,HotSubdwarf
GALEX J105759.3+470307,831501240400109824,HotSubdwarf
GALEX J163815.9-001919,4383289420090467456,HotSubdwarf
GALEX J135140.7+023430,3665385082509716736,HotSubdwarf
GALEX J093448.2-251248,5661504084315014656,HotSubdwarf
PG 1717+474,1365071418489267584,HotSubdwarf
UCAC4 666-031227,205078336132788352,HotSubdwarf
GALEX J165837.4+384748,1351879718497635712,HotSubdwarf
LAMOST J064419.69+150906.8,3357519730790699648,HotSubdwarf
EC 04577-5728,4763999135136426880,HotSubdwarf
KUV 01097-2355,5041204158440307712,HotSubdwarf
GALEX J144109.9+035431,3656618848100406272,HotSubdwarf
EC 11439-3012,3480301373925201024,HotSubdwarf
EC 12216-1904,3516566149330589952,HotSubdwarf
Ton  179,1257686756368322048,HotSubdwarf
EC 19512-5250,6666454761461308800,HotSubdwarf
HZ 40,1474359575755115136,HotSubdwarf
GALEX J205652.3+033548,1731435633531386752,HotSubdwarf
GALEX J151912.8+432312,1394229637928085760,HotSubdwarf
PG 1704+466,1359746036999738496,HotSubdwarf
GALEX J112519.7+033342,3812627556532963840,HotSubdwarf
HS 0546+8009,553641320479547520,HotSubdwarf
PB  3629,1283953333241515520,HotSubdwarf
JL  82,6371205304939458944,HotSubdwarf
PG 1713+248,4573408346470682368,HotSubdwarf
GALEX J015640.4+443443,349755232912531072,HotSubdwarf
PB  7092,2619725923649948928,HotSubdwarf
PG 1653+544,1426177430038053888,HotSubdwarf
LAMOST J070027.78+230755.6,3380129503787793920,HotSubdwarf
PG 0349+095,3302502234815943296,HotSubdwarf
GALEX J153529.1+053838,4428890320524548480,HotSubdwarf
SDSS J210846.67-054343.5,6911173953512675584,HotSubdwarf
PG 1553+273,1220472582737099776,HotSubdwarf
SDSS J014408.85+540210.7,408127652396870400,HotSubdwarf
GALEX J071401.4+693321,1109216024779190016,HotSubdwarf
KUV 08493+4125,912644678833598976,HotSubdwarf
SDSS J012855.43+401048.6,324026390239545600,HotSubdwarf
EC 12049-2808,3474345658738594688,HotSubdwarf
GALEX J204810.4-230554,6807068309943508224,HotSubdwarf
PG 1643+209,4564039545329170816,HotSubdwarf
PB  6975,5186434732342771968,HotSubdwarf
KUV 09310+4055,813337235289135872,HotSubdwarf
TYC  759-2323-1,3354194433963815808,HotSubdwarf
GALEX J193019.9-190354,4179369045803815808,HotSubdwarf
Ton S 63,6608104778885492992,HotSubdwarf
EC 20217-3422,6696621031200879104,HotSubdwarf
FBS 0654+697,1109356620531902464,HotSubdwarf
GALEX J233305.1+412812,1923812200882866560,HotSubdwarf
PG 1451+492,1590839294981400704,HotSubdwarf
GALEX J165114.6+201420,4564498346617799424,HotSubdwarf
SDSS J170011.16+195605.6,4561293137083000576,HotSubdwarf
GALEX J202522.1+142114,1804996741003919104,HotSubdwarf
UCAC2   2491226,6436060174406130176,HotSubdwarf
GALEX J081959.6+224101,676607952150024448,HotSubdwarf
PG 2128+113,1745849337621677184,HotSubdwarf
GALEX J123137.6+074621,3902459207006091520,HotSubdwarf
FBS 0703+416,951001283703393920,HotSubdwarf
UCAC4 453-037143,3134542693985873408,HotSubdwarf
GALEX J165615.3+173558,4558719691460581120,HotSubdwarf
PG 1439-013,3649025693813906304,HotSubdwarf
EC 22332-6837,6385665467688866304,HotSubdwarf
PG 2337+266,2865152071616389632,HotSubdwarf
LBQS 1245+1208,3928015048395839616,HotSubdwarf
UCAC4 550-140677,1787066145893240576,HotSubdwarf
PG 1327+546,1563500350673595264,HotSubdwarf
Ton  13,694109462844643072,HotSubdwarf
PG 1656+318,1313370663765104512,HotSubdwarf
Ton S 403,4888923825218566272,HotSubdwarf
GALEX J160426.2+215714,1206014004831385344,HotSubdwarf
LB   999,1309190183117130240,HotSubdwarf
EC 10303-2127,5475084056786116864,HotSubdwarf
GALEX J141055.7+374341,1485100769270965248,HotSubdwarf
FBS 0300+439,432999228188074624,HotSubdwarf
[BGK2006] HV 4,699811079173836928,HotSubdwarf
GALEX J014829.9+383855,343624910126707840,HotSubdwarf
SDSS J112140.20+183613.7,3977820485592333696,HotSubdwarf
EC 06272-8638,5192674838788961920,HotSubdwarf
PB  3877,3922075211704322432,HotSubdwarf
GALEX J164956.2-241734,6046906274474051456,HotSubdwarf
PG 1712+228,4568426459286210176,HotSubdwarf
FBS 2301+415,1930730736063648896,HotSubdwarf
EC 04223-2318,4898792320035364096,HotSubdwarf
EC 20398-2105,6855600654412052096,HotSubdwarf
GALEX J063728.6-340924,5581849487702700416,HotSubdwarf
SDSS J173806.51+451701.7,1350338787309654400,HotSubdwarf
KPD 0720-0003,3110617320967303680,HotSubdwarf
GALEX J165655.4+382603,1351960566961750656,HotSubdwarf
UCAC4 633-017614,177389712764641920,HotSubdwarf
EC 22004-2154,6820033441820640384,HotSubdwarf
Ton  380,711773838699959296,HotSubdwarf
BPS CS 22940-0009,6455294377981864320,HotSubdwarf
JL  83,6348665870622571648,HotSubdwarf
PG 0200+131,76906478971781888,HotSubdwarf
EC 20307-2901,6798490920954669312,HotSubdwarf
SDSS J083716.06+064424.9,595008242154751616,HotSubdwarf
2MASS J21082359+0101552,2690647825256267264,HotSubdwarf
BPS CS 22896-0194,6642313712363491200,HotSubdwarf
JL 148,6343331143283809152,HotSubdwarf
GALEX J161014.8+045046,4437559802209009408,HotSubdwarf
GALEX J113710.8-032841,3792457599836947584,HotSubdwarf
EC 20178-6951,6422817828153910912,HotSubdwarf
GALEX J064809.5+380850,944352498234800640,HotSubdwarf
UCAC4 698-068637,2129777323205768448,HotSubdwarf
SDSS J153419.42+372557.2,1375718878637792000,HotSubdwarf
PG 1621+476,1410860511508492288,HotSubdwarf
2MASS J23195606-0939376,2437900407318985856,HotSubdwarf
GALEX J153121.9+110035,1166260474733732480,HotSubdwarf
MCT 0115-1606,2454782201477697792,HotSubdwarf
EC 21125-7013,6375472376424837248,HotSubdwarf
Ton  262,1307226936386308480,HotSubdwarf
SDSS J073225.83+153729.6,3168456026333618816,HotSubdwarf
EC 12419-1408,3527070509760831360,HotSubdwarf
EC 02208-6105,4701742347230263040,HotSubdwarf
KUV 03043-0427,5182982678148396032,HotSubdwarf
EC 21207-3815,6583741967740716288,HotSubdwarf
GALEX J161557.0+173110,1198801380351795328,HotSubdwarf
PG 2204+035,2684009283284602880,HotSubdwarf
GALEX J085126.1+000739,3074661705890071680,HotSubdwarf
SDSS J163602.15+175401.6,4466423837863123200,HotSubdwarf
KUV 02063-0815,2487137908105226368,HotSubdwarf
GALEX J163446.4+264147,1304442113951445120,HotSubdwarf
CBS 135,762842820913806464,HotSubdwarf
SDSS J123905.15+482623.2,1543431957068068480,HotSubdwarf
HS 1736+5521,1421032746411950336,HotSubdwarf
Ton S 85,2383525983912887168,HotSubdwarf
GALEX J205901.9+334932,1866306879463455232,HotSubdwarf
GALEX J165355.4+131244,4449213040618048384,HotSubdwarf
Ton S 151,2316822015070026368,HotSubdwarf
PG 2258+155,2816827328687658112,HotSubdwarf
PG 1203+574,1575432697534110336,HotSubdwarf
SBSS 1428+567,1610502101938798592,HotSubdwarf
EC 14574-1458,6307184320563113472,HotSubdwarf
PG 1626+471,1410063571736477568,HotSubdwarf
SDSS J234542.60+454240.0,1926891967313596544,HotSubdwarf
GALEX J165819.7+345958,1338754161003988992,HotSubdwarf
EC 21031-3251,6781157154501196288,HotSubdwarf
FBS 1756+441,1346490462254006656,HotSubdwarf
UCAC4 769-048055,2242073125807176320,HotSubdwarf
LAMOST J063922.84+304810.1,3435087188048765440,HotSubdwarf
PG 0219+241,102622917779071744,HotSubdwarf
SDSS J121910.44+230020.7,3953900305188714880,HotSubdwarf
EC 03568-4849,4831348242427292160,HotSubdwarf
JL 124,6354039905501749760,HotSubdwarf
EC 22409-3330,6603692404363443200,HotSubdwarf
KPD 0716+0258,3139042514040855296,HotSubdwarf
MCT 0119-4028,4985145626818096640,HotSubdwarf
PG 1638+128,4460901781234718464,HotSubdwarf
KUV 04066+1129,3303878204898615808,HotSubdwarf
GALEX J085918.4+095842,603508192887054336,HotSubdwarf
EC 04455-5510,4776572703435004928,HotSubdwarf
PG 1203+093,3905852815285854336,HotSubdwarf
EC 22153-2032,6821150133317605888,HotSubdwarf
KUV 06290+3235,3439238531639558784,HotSubdwarf
2QZ J141810.6-020039,3646642463705495296,HotSubdwarf
JL  54,6362393273295440640,HotSubdwarf
FBS 0603+830,1143749073667258240,HotSubdwarf
FBS 0051+377,364742852004132736,HotSubdwarf
EC 00179-6503,4900121354714539136,HotSubdwarf
GALEX J161643.6-002401,4408047913691104640,HotSubdwarf
GALEX J182942.2+110428,4480928797123755904,HotSubdwarf
GALEX J075234.2+161604,666988874675710464,HotSubdwarf
PG 2351+198,2822573071512186112,HotSubdwarf
GALEX J191504.3-423502,6713132053718884480,HotSubdwarf
NGC  6397   162,5921754157289957376,HotSubdwarf
2MASS J19033701+3836126,2100027626635533056,HotSubdwarf
GALEX J011928.8+490109,400211958948711552,HotSubdwarf
2MASS J19515625+4607507,2079522048319286528,HotSubdwarf
KUV 02062-0917,2462283211536460288,HotSubdwarf
GALEX J075236.8+441643,926148365250203776,HotSubdwarf
PG 2217+059,2708593190755449728,HotSubdwarf
PG 1130-063,3593223417120115712,HotSubdwarf
EC 20371-1540,6863175705410950016,HotSubdwarf
PG 1716+426,1360142372284959360,HotSubdwarf
SDSS J120009.01+064329.0,3898396855139659520,HotSubdwarf
GALEX J213038.6+214028,1790904571050740736,HotSubdwarf
SDSS J215327.88+002833.0,2681047057225897216,HotSubdwarf
EC 11359-2850,3483602210912236416,HotSubdwarf
LS 1274,5306775455393745024,HotSubdwarf
GALEX J211440.0+205441,1789867186124831616,HotSubdwarf
PSO J283.2044-18.7690,4086364380874677504,HotSubdwarf_Candidate
FBS 0922+675,1069105290840804480,HotSubdwarf
PG 2128+146,1771301893633480448,HotSubdwarf
SDSS J090252.46+321316.0,712415021480712448,HotSubdwarf
CSO  764,1595249225666069376,HotSubdwarf
PG 2255+266,1883194592084504192,HotSubdwarf
EC 03332-8307,4618618271738874368,HotSubdwarf
GALEX J120521.5+224702,4000291720125290496,HotSubdwarf
SDSS J041830.74+151154.1,3311944664579449856,HotSubdwarf
LB  1535,6494992795056667648,HotSubdwarf
EC 10439-2731,5457348109596741376,HotSubdwarf
BPS CS 22896-0175,6640814833201362176,HotSubdwarf
EC 19418-6724,6427137362663759360,HotSubdwarf
PG 0250+189,84006403509432192,HotSubdwarf
GALEX J155450.1+055030,4426798744470293376,HotSubdwarf
PG 0903-032,5762928779232975872,HotSubdwarf
SDSS J025905.43+044538.0,5256284056331776,HotSubdwarf
GALEX J161124.4+031718,4413117315127324544,HotSubdwarf
GALEX J181043.0+252637,4579709029132469376,HotSubdwarf
FBS 0742+625,1087893500723069696,HotSubdwarf
SDSS J192715.88+380808.2,2052662903395436672,HotSubdwarf
Ton  185,1257145727928011904,HotSubdwarf
GALEX J102151.6+301012,741795587082716672,HotSubdwarf
EC 20187-4939,6667819869569857920,HotSubdwarf
GALEX J231948.9+493356,1942735689352706560,HotSubdwarf
GALEX J084210.3-021315,3072364177559581696,HotSubdwarf
KUV 06158+2823,3433737945546417024,HotSubdwarf
GD 693,5040931960592880128,HotSubdwarf
SDSS J154245.30+123845.1,1190732472535783168,HotSubdwarf
SDSS J164239.86+362206.8,1328042473909448192,HotSubdwarf
PG 1604+504,1400555201338170112,HotSubdwarf
PG 1520-050,6323027664644255232,HotSubdwarf
SBSS 1529+551,1601084024636590336,HotSubdwarf
PB  5761,2738907482247205376,HotSubdwarf
GALEX J094054.5+363511,798187240665539328,HotSubdwarf
FBS 0107+429,373230944331694080,HotSubdwarf
GALEX J074915.6+280640,875674287544443520,HotSubdwarf
PG 0212+231,101096662495962240,HotSubdwarf
EC 21382-2151,6817594385728599808,HotSubdwarf
GALEX J164314.5+400857,1355804936353165440,HotSubdwarf
GALEX J063507.9-650208,5284632390700012928,HotSubdwarf
GALEX J165325.8+205659,4564642112060408960,HotSubdwarf
GALEX J162535.7+362038,1329590345763793408,HotSubdwarf
UCAC4 729-008956,423505288886486272,HotSubdwarf
EC 11031-1348,3563323023036467072,HotSubdwarf
EC 21271-2412,6815543349866435968,HotSubdwarf
EC 22212-5915,6408386188282823936,HotSubdwarf
GALEX J124342.2-032240,3682042958548500480,HotSubdwarf
BSD  33-110,1502297272862648704,HotSubdwarf
KPD 0732+0057,3086639377543638528,HotSubdwarf
GALEX J162223.3-001836,4407628827957047936,HotSubdwarf
SDSS J123447.68+654600.9,1680503506153120128,HotSubdwarf
GALEX J164607.5+215858,4565851536195015168,HotSubdwarf
HZ  5,3277163027281005952,HotSubdwarf
GALEX J150132.6+291313,1269916997865771264,HotSubdwarf
EC 19301-5523,6641757084602101248,HotSubdwarf
EC 04227-2802,4892094060839586688,HotSubdwarf
SDSS J074323.99+251742.0,868682390024567296,HotSubdwarf
PG 0906+191,635524012982077568,HotSubdwarf
JL  87,6356541530677563136,HotSubdwarf
UVEX J042125.70+465115.4,257838332872230912,HotSubdwarf
CSO 1162,771367089750837376,HotSubdwarf
EC 02551-7405,4640733367582964480,HotSubdwarf
GALEX J140706.4+293820,1453269156027350144,HotSubdwarf
GALEX J235643.2+394250,2882040467138457472,HotSubdwarf
Balloon  92200006,1746205338867237632,HotSubdwarf
GALEX J171931.5+151202,4543527365639560832,HotSubdwarf
SBSS 1226+570,1574631359715817728,HotSubdwarf
KUV 05174+2716,3421469354284963840,HotSubdwarf
KPD 1856+2301,4533039639629373824,HotSubdwarf
GALEX J134437.4+002014,3662392216154435200,HotSubdwarf
SDSS J213009.12+122101.4,1745978560301218176,HotSubdwarf
CBS 374,1471988375850922368,HotSubdwarf
SBSS 1550+506,1403386718657161856,HotSubdwarf
GALEX J131618.3+383155,1522950701144018816,HotSubdwarf
GALEX J164214.3+425233,1357373325266285952,HotSubdwarf
GALEX J232922.6+321359,2872454748672529280,HotSubdwarf
GALEX J193832.5+560944,2139043423087649536,HotSubdwarf
FBS 1136+621,862624635006463232,HotSubdwarf
UCAC4 586-011328,163016106492676352,HotSubdwarf
GALEX J091136.7+124015,605793081128377344,HotSubdwarf
PG 2343+043,2743987814379562880,HotSubdwarf
GALEX J023254.0+370419,333636534183932416,HotSubdwarf
PG 1618+216,1298448744787807616,HotSubdwarf
HS 2108+1413,1759968097711823232,HotSubdwarf
SBSS 1512+503,1589646634102564736,HotSubdwarf
UCAC4 646-109554,1956090907339382528,HotSubdwarf
BPS CS 22955-0176,6854524954084300416,HotSubdwarf
EC 03436-2649,5081803694016963200,HotSubdwarf
GALEX J173554.9+323404,4601730460331342208,HotSubdwarf
GALEX J190942.4-534416,6644387872330929792,HotSubdwarf
KPD 0640+1412,3355897092143865088,HotSubdwarf
LB    27,1460730407575030656,HotSubdwarf
HE 0415-2417,4897175316388586112,HotSubdwarf
PG 0050+201,2789705885818660096,HotSubdwarf
GALEX J121124.3+064322,3895581894917521792,HotSubdwarf
SDSS J032101.29+185719.0,56252977678408192,HotSubdwarf
EC 19413-5041,6646081051517197568,HotSubdwarf
GALEX J061401.5+332927,3440046359151100032,HotSubdwarf
HE 1309-1102,3621978532404468736,HotSubdwarf
GALEX J011537.7+213757,2790703447807846016,HotSubdwarf
GALEX J101640.8-010900,3830652542137155072,HotSubdwarf
PHL   393,2397448339446096000,HotSubdwarf
UCAC4 624-063960,2092525388221505792,HotSubdwarf
EC 14002-1833,6291051800627784832,HotSubdwarf
GALEX J153508.5+032456,4427251670241736960,HotSubdwarf
PHL  1536,5105920210260400896,HotSubdwarf
GALEX J163623.7+123802,4459605216504049152,HotSubdwarf
Ton S 138,2333936291513550336,HotSubdwarf
GALEX J185458.8-560954,6637864504204014080,HotSubdwarf
Ton  245,1223920926079402112,HotSubdwarf
EC 23123-2942,2377933833414091392,HotSubdwarf
Cl* NGC 6791     KU B2,2051099221763948416,HotSubdwarf
HE 0504-2041,2974875635487249280,HotSubdwarf
Gaia DR2 2051105754408746880,2051105754408746880,HotSubdwarf
GALEX J194855.8-583737,6447299588417564544,HotSubdwarf
EC 20043-5804,6444611213767725824,HotSubdwarf
PG 1021-029,3781926103804279040,HotSubdwarf
PG 0207+005,2507305841871897216,HotSubdwarf
SDSS J080240.95+284534.2,876295683412909312,HotSubdwarf
[CW83] 0832-01,3073231760953563264,HotSubdwarf
GALEX J103913.5+205746,3987771173198563840,HotSubdwarf
EC 21000-1915,6833501737706325376,HotSubdwarf
GALEX J082657.2+122819,650787708277962496,HotSubdwarf
EC 19516-5652,6448625187123432064,HotSubdwarf
EC 22140-2134,6820796782063605632,HotSubdwarf
EC 20040-6411,6430124873195906304,HotSubdwarf
KUV 08497+3856,719793470354240896,HotSubdwarf
HS 2158+2137,1782619686510352128,HotSubdwarf
EC 13148-3135,6181291471838069760,HotSubdwarf
PG 2315+089,2762123915081739264,HotSubdwarf
UVEX J194135.69+321222.0,2033342349515433600,HotSubdwarf
EC 15424-1257,6267183675231474816,HotSubdwarf
GALEX J033847.1+413424,237133566847520000,HotSubdwarf
GALEX J181632.4+345549,4605575383775753856,HotSubdwarf
GALEX J155202.7+261542,1220299542797439744,HotSubdwarf
GALEX J144729.4+031506,1157530283689218688,HotSubdwarf
PG 1534-018,4403797751487496704,HotSubdwarf
PG 0752+770,1136783049029916288,HotSubdwarf
HS 0024+3331,2863147593197468032,HotSubdwarf
EC 04558-4906,4785577119551899904,HotSubdwarf
GALEX J224141.9+203712,2834588942602419072,HotSubdwarf
EC 14017-1715,6291448247585182848,HotSubdwarf
PG 2236+134,2731836527264665856,HotSubdwarf
SDSS J080738.96-083322.6,3039547569404896640,HotSubdwarf
GALEX J185753.9+304822,2041883531914920064,HotSubdwarf
GALEX J200959.2-115520,6880611550350935424,HotSubdwarf
GALEX J145522.9+045802,1158231905250926208,HotSubdwarf
GALEX J172651.6+265442,4571129265025018240,HotSubdwarf
CPD-64   481,4756263864690143616,HotSubdwarf
SDSS J133449.25+041014.8,3714428047047879808,HotSubdwarf
EC 20279-3457,6695673935076261888,HotSubdwarf
EC 04094-7513,4629155441424591360,HotSubdwarf
PG 0112+142,2590919234398332544,HotSubdwarf
GALEX J161817.7+120159,4457063042541262720,HotSubdwarf
PB  6221,2580798092426046592,HotSubdwarf
GALEX J033357.8+265554,69784942159807232,HotSubdwarf
HS 0035+3034,2858607022491460096,HotSubdwarf
Ton  143,1460356814139885568,HotSubdwarf
PG 1558-007,4409611384862109056,HotSubdwarf
EC 04281-4738,4789068103329323648,HotSubdwarf
EC 21212-6741,6400053367613201280,HotSubdwarf
UCAC4 689-072699,2086441927825846656,HotSubdwarf
GALEX J165744.1+124356,4448399818626767360,HotSubdwarf
EC 15094-1725,6257666302578107008,HotSubdwarf
GALEX J075108.8+162326,667052165313596032,HotSubdwarf
PG 1203+084,3898972999231974400,HotSubdwarf
[CW83] 0512-08,3206674676854713344,HotSubdwarf
PG 1349-012,3658738470295900800,HotSubdwarf
GALEX J205301.0+041035,1734533812483812736,HotSubdwarf
UCAC4 318-042721,5694207034772278400,HotSubdwarf
BPS CS 22947-0281,6646451307761031296,HotSubdwarf
GALEX J011126.7+224058,2791056219241940736,HotSubdwarf
HE 1033-2353,5471199104247625472,HotSubdwarf
Ton  427,697406932576439680,HotSubdwarf
HE 1221-2618,3476266612927121536,HotSubdwarf
HE 0502-5526,4764698493251416576,HotSubdwarf
LAMOST J060956.76+441829.3,962707642270976128,HotSubdwarf
EC 21032-2551,6803823552347267968,HotSubdwarf
LAMOST J002034.68+502045.5,394343938410545536,HotSubdwarf
FBS 0140+427,348617517552168320,HotSubdwarf
GALEX J054217.2+620350,286543798332392320,HotSubdwarf
JL 129,6350373412180085248,HotSubdwarf
EC 03079-6904,4646524186088873216,HotSubdwarf
GALEX J074935.5+142232,3164515788976023680,HotSubdwarf
HE 2213-4158,6569826037481232768,HotSubdwarf
OGLE BLG-ECL-163,4064576900939614592,HotSubdwarf
EC 09523-1627,5684316515345569920,HotSubdwarf
BPS CS 22190-0004,5107811542060154624,HotSubdwarf
GALEX J091514.9+582313,1038180422502734848,HotSubdwarf
HS 0338+2946,120129277493243008,HotSubdwarf
EC 04333-1243,3177911143433871744,HotSubdwarf
GALEX J200836.3-114629,6880815857652249984,HotSubdwarf
FBS 1836+439,2117140292468079872,HotSubdwarf
LAMOST J065442.05+175658.5,3364506719164307328,HotSubdwarf
Ton  64,4023386553845346688,HotSubdwarf
GALEX J175640.5+412547,1345049483546987904,HotSubdwarf
FBS 0308+399,238920135801040384,HotSubdwarf
SDSS J055151.32+220437.1,3424202297812639360,HotSubdwarf
GALEX J144738.3+615033,1618663600657196288,HotSubdwarf
FBS 0123+332,316842799738626560,HotSubdwarf
KUV 10104+3640,753707631634105728,HotSubdwarf
EC 21143-3429,6782792093932884992,HotSubdwarf
GALEX J124931.2+750725,1691963372251989120,HotSubdwarf
SDSS J142538.49+515452.3,1604882837311301504,HotSubdwarf
PHL  1916,2621591996745553280,HotSubdwarf
FBS 1122+336,758882689268491904,HotSubdwarf
GALEX J131916.1-011405,3686426608329044352,HotSubdwarf
SBSS 1034+496,835032283332319360,HotSubdwarf
EC 12354-2158,3502992201544982656,HotSubdwarf
PG 1431+081,1172548341214173952,HotSubdwarf
PHL   231,6820980881541729024,HotSubdwarf
PG 0936+037,3847760736906922368,HotSubdwarf
GALEX J112526.9+112902,3915826137367906816,HotSubdwarf
GALEX J121029.2+090553,3905130809807573248,HotSubdwarf
PHL  1359,5171303150242289536,HotSubdwarf
PG 1241-101,3530754453534094848,HotSubdwarf
PG 1710+490,1414187320160273024,HotSubdwarf
GALEX J150541.8+300202,1276066944357123712,HotSubdwarf
GALEX J090600.8+043744,579973490091140352,HotSubdwarf
GALEX J083452.7-042330,3065536141631423104,HotSubdwarf
UCAC4 662-030865,201795194412994432,HotSubdwarf
EC 05437-3521,2888199828198754944,HotSubdwarf
BPS CS 30492-0063,6581733164293658752,HotSubdwarf
FBS 2227+383,1908586816697297536,HotSubdwarf
GALEX J113458.3+025403,3800192153038449536,HotSubdwarf
EC 04147-2518,4895930531786688384,HotSubdwarf
GALEX J163834.6+265110,1304503239926166400,HotSubdwarf
EC 01441-6605,4698843175585804032,HotSubdwarf
EC 13344-2628,6188973381624411136,HotSubdwarf
GALEX J155441.8+074657,4454150951635553664,HotSubdwarf
FBS 0058+414,374500154411999104,HotSubdwarf
PG 1708+602,1437520816623538048,HotSubdwarf
UCAC4 452-031871,3111129624664152064,HotSubdwarf
KPD 0054+5406,417343419561896960,HotSubdwarf
SDSS J160240.56+444649.5,1386292778882876416,HotSubdwarf
2QZ J124630.6-013428,3683450539590490368,HotSubdwarf
Ton  346,690346315579638656,HotSubdwarf
GALEX J172557.4+440812,1360728789940012928,HotSubdwarf
Feige  95,1240449403342559360,HotSubdwarf
EC 22374-3419,6597556579724894592,HotSubdwarf
Cl* NGC 6752     CL    3507,6632388931999230336,HotSubdwarf
SDSS J202313.83+131254.9,1804054661400183296,HotSubdwarf
GALEX J062116.8+451217,962289729067881344,HotSubdwarf
GALEX J213406.6+033414,2697889792951890944,HotSubdwarf
PG 2355+242,2851511427281425536,HotSubdwarf
GALEX J082556.7+130754,650908345319118720,HotSubdwarf
PSO J083.3481+21.4390,3403657609512772096,HotSubdwarf
GALEX J123129.7-310431,3470421329940244608,HotSubdwarf
GALEX J194032.1+482724,2128724231586262144,HotSubdwarf
EC 14476-2526,6228746810305791872,HotSubdwarf
GALEX J155806.9+254438,1220126094838352512,HotSubdwarf
SBSS 1053+597,860606928089296384,HotSubdwarf
GALEX J215031.2+322151,1946231483493079936,HotSubdwarf
UCAC4 551-007425,63139734399542528,HotSubdwarf
GALEX J170534.6+245327,4572125628717747200,HotSubdwarf
FBS 0701+355,939731083360302336,HotSubdwarf
PG 1607+228,1206447693448896128,HotSubdwarf
BPS CS 22879-0126,6773414118739965312,HotSubdwarf
2MASS J07485208+4549037,927227948229851392,HotSubdwarf
SDSS J161552.73+145155.2,4464467080826006016,HotSubdwarf
EC 14083-2614,6270622810160924032,HotSubdwarf
SDSS J173033.52+451537.2,1361078542013041536,HotSubdwarf
SDSS J120405.26+042145.3,3894591479755301632,HotSubdwarf
SDSS J172544.08+272445.2,4598180721400980736,HotSubdwarf
GALEX J192429.7+530554,2139791773889873280,HotSubdwarf
FBS 1654+352,1338796320403041408,HotSubdwarf
PG 1348+083,3721767012285435520,HotSubdwarf
EC 20043-5310,6665506123444557056,HotSubdwarf
EC 13463-2710,6177985863143753984,HotSubdwarf
PG 1538+611,1627338098861025792,HotSubdwarf
GALEX J170540.0+292041,1308767347880818560,HotSubdwarf
GALEX J112606.2-000644,3797095580401196672,HotSubdwarf
PG 1633+696,1649681996203766656,HotSubdwarf
GALEX J080921.9+160839,656428099850193664,HotSubdwarf
EC 11593-1651,3567768520346339328,HotSubdwarf
Ton S 76,6611005595501745152,HotSubdwarf
PG 1703+074,4394779831996205312,HotSubdwarf
JL  79,6356554041918405760,HotSubdwarf
CBS 186,1494377417593625088,HotSubdwarf
EC 06031-7744,5260280338447385600,HotSubdwarf
SB 933,2305973889752979712,HotSubdwarf
GALEX J033358.2+002007,3264561966894960896,HotSubdwarf
PG 1251+019,3690648771635312512,HotSubdwarf
PG 1009+069,3873745971947175168,HotSubdwarf
EC 20497-1405,6887079500514807424,HotSubdwarf
PG 1138+425,769397353324856448,HotSubdwarf
EC 21072-8211,6348292685207576576,HotSubdwarf
UCAC4 649-024034,199210757970191744,HotSubdwarf
FBS 0029+389,380626225180762624,HotSubdwarf
LAMOST J070828.40+442534.8,953141929764017408,HotSubdwarf
EC 10077-1537,5674144864557507072,HotSubdwarf
PG 1200+094,3906031520285024512,HotSubdwarf
UCAC4 672-097665,1970951356755394688,HotSubdwarf
UCAC4 489-089004,4286765592098890624,HotSubdwarf
EC 14081-1642,6297384064186687488,HotSubdwarf
KUV 05270+2733,3442274455041503616,HotSubdwarf
PG 0832+676,1093920546726056704,HotSubdwarf
UCAC4 731-003966,421328839978415616,HotSubdwarf
SDSS J164951.23+130600.1,4449305055996668288,HotSubdwarf
UCAC2  40213588,4530301237195101696,HotSubdwarf
GALEX J014710.6+303214,302756647037417088,HotSubdwarf
V* V499 Ser,4451189657584365312,HotSubdwarf
FBS 0706+407,947711441834515072,HotSubdwarf
PSO J313.8165+46.8517,2163801981105229184,HotSubdwarf
FBS 1023+753,1126589201849910656,HotSubdwarf
GALEX J110211.0+261646,3996780498461572480,HotSubdwarf
PG 0914+120,593472056906392832,HotSubdwarf
GALEX J181317.2+341901,4605158393990687360,HotSubdwarf
GALEX J104620.1+101629,3869663863230784256,HotSubdwarf
2MASS J19391830+4708548,2128554563197280512,HotSubdwarf
EC 05012-5641,4764154612952739456,HotSubdwarf
PG 2348+269,2854516976675734144,HotSubdwarf
UCAC4 633-015367,219511728348315520,HotSubdwarf
HS 0445+7503,503632542352021376,HotSubdwarf
HS 0735+4026,923580185261224576,HotSubdwarf
GALEX J110738.1-374212,5396963377675841536,HotSubdwarf
GD 1453,5015999121387949312,HotSubdwarf
SDSS J092634.87+473036.0,819580571549521280,HotSubdwarf
LAMOST J180218.66+022047.6,4468496962743721216,HotSubdwarf
GALEX J155343.4+131330,1191541232057654656,HotSubdwarf
PG 1703+355,1338485777087459072,HotSubdwarf
GALEX J092427.7+261922,693825166073225472,HotSubdwarf
KUV 16222+3801,1332021473348107520,HotSubdwarf
FBS 2255+386,1928530892472855168,HotSubdwarf
GALEX J124552.8+175111,3935698538730262016,HotSubdwarf
EC 04515-3439,4873012861172742784,HotSubdwarf
GALEX J181056.8-571115,6648681877555723776,HotSubdwarf
KUV 02324+3156,133373444804991744,HotSubdwarf
GALEX J230314.3+392544,1929874942357995136,HotSubdwarf
PG 1614+146,4464391631137585920,HotSubdwarf
KUV 04571+1620,3405336220170607360,HotSubdwarf
GALEX J161328.2+004703,4408430058399840512,HotSubdwarf
KUV 03434+0106,3269849213372428416,HotSubdwarf
SDSS J175025.90+245710.2,4581134064926270848,HotSubdwarf
EC 22333-2304,6627639424019259648,HotSubdwarf
Balloon  90900004,1874534323107953664,HotSubdwarf
EC 14388-1602,6285856470748319232,HotSubdwarf
[BB93] 29,1205448821494792192,HotSubdwarf
BPS CS 22896-0161,6448531144519611008,HotSubdwarf
Ton S 132,2340182479632226560,HotSubdwarf
GALEX J161507.1+105514,4453866311265174016,HotSubdwarf
FBS 0639+371,943819308110646144,HotSubdwarf
Ton  90,1568451554613870848,HotSubdwarf
JL 121,6350389011501373952,HotSubdwarf
SBSS 1211+553,1573490719481398016,HotSubdwarf
GALEX J101136.2-021213,3828972625808801280,HotSubdwarf
GALEX J013640.6-102944,2464607540462628608,HotSubdwarf
UCAC4 577-008774,69886853143994496,HotSubdwarf
EC 20575-1423,6888269309535155456,HotSubdwarf
EC 11362-2049,3541588323856330880,HotSubdwarf
BPS CS 22937-0067,6775676948029825536,HotSubdwarf
GALEX J144215.3+393601,1487272545253822976,HotSubdwarf
GALEX J135150.6+035718,3665814441800350464,HotSubdwarf
GALEX J101756.8+551632,852930649005313408,HotSubdwarf
GALEX J172812.1+072300,4487116852857030016,HotSubdwarf
UCAC4 635-014511,220091342774317056,HotSubdwarf
GALEX J145748.8+561321,1612687239564562432,HotSubdwarf
BPS CS 22955-0028,6849063198791882240,HotSubdwarf
PG 2223+143,2732982626402453888,HotSubdwarf
GALEX J094210.1+674720,1069916966644504064,HotSubdwarf
GALEX J074811.3+435240,925982721247295488,HotSubdwarf
PG 0310+149,31009771252186752,HotSubdwarf
GALEX J161059.7+053625,4449707241032073728,HotSubdwarf
GALEX J104033.8+562206,853694603428380032,HotSubdwarf
PG 1636+085,4445392207648135680,HotSubdwarf
PG 2356+167,2773279560057713792,HotSubdwarf
GALEX J174018.5+250950,4581707146702814592,HotSubdwarf
FBS 1804+439,2114337293729638528,HotSubdwarf
GALEX J040644.6+224314,53566385439973376,HotSubdwarf
GALEX J090225.0+073404,584196989131676928,HotSubdwarf
PG 1641+331,1314330017723952000,HotSubdwarf
PHL    44,6842820854666137216,HotSubdwarf
EC 05479-5818,4765261099608324480,HotSubdwarf
PG 1356+354,1482924663959981696,HotSubdwarf
LBQS 1221+1028,3906922395285958656,HotSubdwarf
PG 1140-050,3599609105776343680,HotSubdwarf
PG 2329+232,2840086642476057600,HotSubdwarf
GALEX J013932.5+275317,301831369347383424,HotSubdwarf
GALEX J163932.1+232248,1299627043296151424,HotSubdwarf
PG 1515+044,1155791990165521920,HotSubdwarf
GALEX J082944.7+132303,650972391871561984,HotSubdwarf
CD-48  8608,6093621087563287040,HotSubdwarf
BPS CS 22891-0227,6446572158396829440,HotSubdwarf
FBS 0330+340,221005208733887488,HotSubdwarf
EC 10384-1301,3751263301486144128,HotSubdwarf
GD 610,2366823062257473536,HotSubdwarf
Gaia DR2 3348405157352739200,3348405157352739200,HotSubdwarf
GALEX J172034.1+145940,4543461802960729728,HotSubdwarf
2MASS J06012549+2244460,3424487032666787840,HotSubdwarf
PG 1128+199,3977575573672822400,HotSubdwarf
GALEX J161631.2-003853,4407283959264641664,HotSubdwarf
PG 1518+299,1275262415380252544,HotSubdwarf
GALEX J151231.3+005318,4419837392753547264,HotSubdwarf
GALEX J083350.0+110103,601636308700589952,HotSubdwarf
UCAC4 642-029477,189831438452843008,HotSubdwarf
Ton  780,1242599704488616704,HotSubdwarf
GALEX J012739.2+404357,324100121943178240,HotSubdwarf
SDSS J224021.22+120533.1,2729936846049609728,HotSubdwarf
GALEX J080346.3+304504,877744947113226880,HotSubdwarf
GALEX J092520.7+470330,819541538887077120,HotSubdwarf
GALEX J164853.2+121703,4448696338872866432,HotSubdwarf
EC 19470-4207,6688590370070940672,HotSubdwarf
GALEX J100046.5+025408,3836440886741718784,HotSubdwarf
KUV 23089+0942,2714253549630034176,HotSubdwarf
GALEX J112429.4+534855,842881009648737536,HotSubdwarf
GALEX J045345.5+133839,3296530885947500928,HotSubdwarf
GALEX J022639.5+045829,2516953334851117568,HotSubdwarf
GALEX J041720.6+070816,3297382152761969920,HotSubdwarf
GALEX J030236.0+281617,116691791828603136,HotSubdwarf
GALEX J160803.5+124731,4458109193495517568,HotSubdwarf
EC 02015-7155,4692785897309137152,HotSubdwarf
PG 1648+081,4442343330624541568,HotSubdwarf
LAMOST J065711.46+062014.3,3129876980815066880,HotSubdwarf
EC 20234-3105,6796382710486788224,HotSubdwarf
GALEX J101833.1+095336,3877056983710816768,HotSubdwarf
HE 0429-2448,4894646267845869696,HotSubdwarf
PG 1545+035,4424381365074769152,HotSubdwarf
KUV 22521+1602,2828728717424891648,HotSubdwarf
MCT 2110-4020,6581675302494796416,HotSubdwarf
LBQS 1429-0015,3653089866747197440,HotSubdwarf
Feige  84,3741383674114967040,HotSubdwarf
Ton S 18,6791026886266626304,HotSubdwarf
PG 1318+062,3717383603022961792,HotSubdwarf
JL 111,6357016627075851904,HotSubdwarf
FBS 0132+370,322575344128842624,HotSubdwarf
FBS 0144+385,343822268167657984,HotSubdwarf
PG 1356-047,3644661010608637440,HotSubdwarf
HS 0222+2334,101826669497182720,HotSubdwarf
2QZ J134635.6-001805,3662115684685103360,HotSubdwarf
GALEX J014952.6+224215,98610220028671616,HotSubdwarf
FBS 1531+381,1375814952762454272,HotSubdwarf
PG 1232-136,3528050174621543296,HotSubdwarf
GALEX J123725.1+233954,3958922938727561088,HotSubdwarf
SDSS J124930.70+030600.1,3703043325697256320,HotSubdwarf
UCAC4 682-031668,254631847728048384,HotSubdwarf
UCAC4 533-058339,1196369123193599488,HotSubdwarf
GALEX J082116.5-082822,5753155495252812544,HotSubdwarf
Lan 646,3451217092350738944,HotSubdwarf
PG 2301+259,2843892739414530816,HotSubdwarf
HE 2151-1001,2617897706395293568,HotSubdwarf
TYC  701-985-1,3334720601273047296,HotSubdwarf
BPS CS 22959-0145,6439593725598673024,HotSubdwarf
LB   721,3660172199098643072,HotSubdwarf
SBSS 1445+514,1593521583660586112,HotSubdwarf
GALEX J080308.1+365544,907043904040453376,HotSubdwarf
EC 20257-3155,6796092984875283072,HotSubdwarf
EC 21450-2912,6809597976961734528,HotSubdwarf
EC 12303-2743,3472215668493007360,HotSubdwarf
EC 11335-1638,3547913225838503808,HotSubdwarf
BPS CS 22875-0001,6569423959823272960,HotSubdwarf
PG 1644+404,1355775219474985856,HotSubdwarf
FBS 1221+450,1535723560219145344,HotSubdwarf
CD-28  1974B,2955576114043042304,HotSubdwarf
EC 21171-1658,6835588821230008960,HotSubdwarf
GALEX J223452.9+361104,1904345106994620672,HotSubdwarf
GALEX J154210.8+015557,4423803640433164800,HotSubdwarf
EC 04230-2344,4896518942306335488,HotSubdwarf
KUV 08472+3927,912017961502460416,HotSubdwarf
PG 0837+401,911573758803336960,HotSubdwarf
GALEX J172326.6+461903,1362129709489294208,HotSubdwarf
EC 13290-1933,6292958495525136768,HotSubdwarf
GALEX J202026.0-190150,6860561685237891584,HotSubdwarf
GALEX J071236.6+131142,3161149775864814720,HotSubdwarf
GALEX J082110.8+183925,663184216548543488,HotSubdwarf
CD-26  8759,3484319745326973824,HotSubdwarf
EC 20300-5733,6468062765995578368,HotSubdwarf
BPS CS 22964-0112,6690275234201495040,HotSubdwarf
GALEX J075227.3+194511,673296699867377024,HotSubdwarf
GALEX J155635.8+470851,1399522137148135040,HotSubdwarf
PG 0932+231,644079931432984704,HotSubdwarf
LP  616-6,3683467929914517760,HotSubdwarf
HS 1843+6953,2259393595039224960,HotSubdwarf
UCAC4 517-016507,3346423532459289088,HotSubdwarf
PG 1643+063,4441701112754039680,HotSubdwarf
LB  1630,4725954589706210944,HotSubdwarf
SBSS 0955+606,1050240385727919872,HotSubdwarf
GALEX J181211.2+175540,4526236102186660352,HotSubdwarf
GALEX J115828.9+472526,774541070582786944,HotSubdwarf
FBS 0534+823,557308909015358464,HotSubdwarf
SDSS J074001.90+240127.3,867462447513567744,HotSubdwarf
KPD 2319+5014,1991239167343436800,HotSubdwarf
PG 1610+529,1427969118595251072,HotSubdwarf
GALEX J231726.1+205417,2837519729501691904,HotSubdwarf
GALEX J215529.6+044218,2696716270447621632,HotSubdwarf
PG 0806+682,1097050512732828416,HotSubdwarf
EC 21083-3756,6775774667125911168,HotSubdwarf
GALEX J123220.1+260913,3960702880549985024,HotSubdwarf
PG 1531+448,1394581623383963264,HotSubdwarf
PG 1547+632,1639999937328089088,HotSubdwarf
SDSS J012905.14+133354.7,2587200200741572992,HotSubdwarf
SBSS 1247+568,1576771314285661952,HotSubdwarf
SDSS J013417.81+262319.2,295620885292213248,HotSubdwarf
UCAC4 658-007888,345949758745792000,HotSubdwarf
BD+37   442,343066598739655680,HotSubdwarf
PSO J321.0112+37.6470,1964027697669073408,HotSubdwarf
GALEX J094944.5+012118,3846279557305261568,HotSubdwarf
UCAC4 636-107566,1868767831308190976,HotSubdwarf
KPD 2118+3841,1964903763617638656,HotSubdwarf
SDSS J150649.30+014941.5,1153541251207993984,HotSubdwarf
GALEX J053926.8+573958,269355128758022656,HotSubdwarf
PB  9286,5185394353824729856,HotSubdwarf
LBQS 1444-0249,6338754284397916672,HotSubdwarf
LS  IV +06    2,4474925704147910912,HotSubdwarf
GALEX J163800.2+010259,4384004888624900352,HotSubdwarf
PG 1419+081,3673736938474590720,HotSubdwarf
EC 15477-1523,6263387851856369152,HotSubdwarf
KUV 07197+3526,896908300914459264,HotSubdwarf
KPD 0552+1903,3398598348493762944,HotSubdwarf
GALEX J173549.7+334122,4602217921939634432,HotSubdwarf
GALEX J152719.6+102749,1165853685495650048,HotSubdwarf
2MASS J18560707+4319192,2105065043456060032,HotSubdwarf
KUV 14120+2338,1254022496429295744,HotSubdwarf
GALEX J170411.2+293547,1308836793208539264,HotSubdwarf
PG 1437+727,1698807935214184192,HotSubdwarf
EC 20081-3205,6700716918173536768,HotSubdwarf
TYC  215-1928-1,3079278864452011904,HotSubdwarf
GALEX J202618.0+045135,4246332396307171328,HotSubdwarf
HS 0025+3423,365939429892433920,HotSubdwarf
EC 21347-1758,6837666176652049792,HotSubdwarf
Feige  11,2551900379931546240,HotSubdwarf
SDSS J171304.65+245019.6,4571972212486265216,HotSubdwarf
JL  76,6348013516630089600,HotSubdwarf
BPS CS 22896-0128,6642621850497112192,HotSubdwarf
KUV 06274+2958,3435342755783302272,HotSubdwarf
GALEX J164623.9+344607,1326905132210544512,HotSubdwarf
GALEX J184306.6+425917,2116808961511821312,HotSubdwarf
JL  99,6357229863612184448,HotSubdwarf
SDSS J203306.78+135538.9,1804317380255647232,HotSubdwarf
GALEX J165900.7+284713,1308679524389574272,HotSubdwarf
GALEX J212205.5+214111,1790728894004387712,HotSubdwarf
GALEX J120359.8+105938,3918340209360545408,HotSubdwarf
ATO J093.2301+57.8474,999261490450160512,HotSubdwarf
KUV 05233+2655,3418211677427330944,HotSubdwarf
EC 12067-2747,3474474890010160128,HotSubdwarf
EC 13511-2740,6177170815790594560,HotSubdwarf
EC 02551-7326,4640895541252246272,HotSubdwarf
GALEX J075010.4-644617,5275785136027857792,HotSubdwarf
GALEX J095601.7+091138,3878134810048259200,HotSubdwarf
GALEX J105759.3-023002,3801739921812515328,HotSubdwarf
EC 19286-6321,6441514507987514240,HotSubdwarf
GALEX J100037.8+181523,626203208100096896,HotSubdwarf
GALEX J125745.7+153006,3931291661765759104,HotSubdwarf
PG 0918+029,3845583703883921920,HotSubdwarf
SBSS 1231+494,1544275316845937280,HotSubdwarf
FBS 0937+449,820912599823990784,HotSubdwarf
JL 199,4920548631491764352,HotSubdwarf
PG 1248+164,3934486949931442176,HotSubdwarf
SDSS J092924.84-014855.2,3838107608930614400,HotSubdwarf
FBS 1749+394,4610982060405219712,HotSubdwarf
PG 2239+043,2705784630036460160,HotSubdwarf
HS 1837+5913,2154810316748450432,HotSubdwarf
GALEX J172125.7+090311,4491274930955326080,HotSubdwarf
SDSS J073833.22+331514.9,892549282770576128,HotSubdwarf
US 3977,1232328032502074496,HotSubdwarf
PG 1555+504,1403149533383468928,HotSubdwarf
GALEX J143549.9+411458,1488401881133948672,HotSubdwarf
GALEX J142930.8+022928,3656186362073451264,HotSubdwarf
EC 22112-1326,2600642112643648896,HotSubdwarf
V* NY Vir,3637481302758519040,HotSubdwarf
GALEX J182242.8+432037,2114626499648169984,HotSubdwarf
EC 12408-1427,3527057758002518016,HotSubdwarf
GALEX J153431.8+072909,1164192976260783872,HotSubdwarf
BD+25  4655,1796648870766546944,HotSubdwarf
GALEX J095256.6-371940,5433906762213163392,HotSubdwarf
EC 19373-6545,6428270890434477184,HotSubdwarf
FBS 1148+444,772988976776168320,HotSubdwarf
GALEX J215049.1+010339,2681325577265112320,HotSubdwarf
SDSS J164042.90+311734.6,1312562453998303360,HotSubdwarf
UCAC4 492-003658,20063858119453824,HotSubdwarf
2MASS J07313156+2045248,864917013671899648,HotSubdwarf
LAMOST J211343.47+375434.5,1868899807063019136,HotSubdwarf
GALEX J162859.9-011238,4359251789506213120,HotSubdwarf
UCAC2  35932719,604416389491246976,HotSubdwarf
EC 05580-6056,4758763535643821568,HotSubdwarf
EC 12307-2817,3472042117454661760,HotSubdwarf
GALEX J213233.0+035927,2698151304920775936,HotSubdwarf
UCAC4 713-046745,983606751269099904,HotSubdwarf
GALEX J091225.1+421923,816879969128955008,HotSubdwarf
Ton  1401,759447151050019584,HotSubdwarf
EC 02449-7440,4640317030633385216,HotSubdwarf
SDSS J003147.60+383408.9,379059485534295552,HotSubdwarf
GALEX J212244.8-065059,6898966801758815488,HotSubdwarf
PG 1035+532,849277216680457600,HotSubdwarf
2MASS J21391157+4539155,1974122417009203968,HotSubdwarf
GALEX J112043.0+041555,3813529465305707648,HotSubdwarf
EC 19558-4714,6671678609924553856,HotSubdwarf
PG 1343-102,3616978125319912576,HotSubdwarf
GALEX J031323.6-001659,3265978378389340160,HotSubdwarf
SBSS 1353+538,1561116845686660352,HotSubdwarf
GALEX J082445.7+231521,678116344664890368,HotSubdwarf
PG 1453-081,6332441889359193728,HotSubdwarf
BPS CS 22873-0006,6442373394070578688,HotSubdwarf
EGGR 425,878533842411006464,HotSubdwarf
GALEX J165323.4+224822,4566154146707484032,HotSubdwarf
PG 1729+272,4595123151363393664,HotSubdwarf
GALEX J132742.5+031010,3712939681965476608,HotSubdwarf
GALEX J073804.5+262444,869050009160765056,HotSubdwarf
EC 20260-4757,6668388287018536832,HotSubdwarf
EC 21053-6042,6452671935372554496,HotSubdwarf
GALEX J173238.1+091143,4490766578625753216,HotSubdwarf
EC 10276-2332,5474237501551920640,HotSubdwarf
GALEX J070554.3+335155,891442899194878208,HotSubdwarf
LAMOST J065401.97+073012.6,3133076976265549824,HotSubdwarf
EC 19599-6829,6424111953340129664,HotSubdwarf
PB  5556,2642343187071906816,HotSubdwarf
EC 04086-7602,4628718110675254528,HotSubdwarf
GALEX J152250.1+351426,1279000303941309824,HotSubdwarf
GALEX J021334.0+435652,351719991471311616,HotSubdwarf
UCAC4 555-028073,3376012799112785408,HotSubdwarf
BPS CS 22879-0149,6774813350366290816,HotSubdwarf
PG 1708+614,1438423824907522688,HotSubdwarf
PHL  1675,6830753164795913088,HotSubdwarf
SDSS J153024.81+045454.5,4428416224854087552,HotSubdwarf
KUV 02505-0612,5183827790273291776,HotSubdwarf
2QZ J133121.4-001748,3638885031214290304,HotSubdwarf
BPS CS 31076-0047,4759495088833118976,HotSubdwarf
GALEX J094850.4+551631,1021818521250329600,HotSubdwarf
Ton  1371,758401167599602304,HotSubdwarf
PG 0142+148,2588387849393475840,HotSubdwarf
SDSS J232810.27-084156.3,2438299628823698432,HotSubdwarf
EC 20474-4444,6484466208173377664,HotSubdwarf
EC 20149-4841,6668859771348475136,HotSubdwarf
GALEX J202155.7-015238,4223152835768422528,HotSubdwarf
GALEX J165425.6+222449,4565373592234411776,HotSubdwarf
EC 13571-2337,6275126306708517376,HotSubdwarf
GALEX J180129.3+233651,4577592056937756288,HotSubdwarf
SBSS 1712+578,1433848791384631936,HotSubdwarf
Ton S 102,2329479382474794240,HotSubdwarf
EC 04105-8618,4612770892806983040,HotSubdwarf
GALEX J191509.0-290311,6759640497923106944,HotSubdwarf
FBS 0624+428,958990197753107968,HotSubdwarf
GALEX J140453.7+124429,1229548806409101952,HotSubdwarf
GALEX J054706.1+400822,191727718051389312,HotSubdwarf
GALEX J073124.4+371301,898706032489528064,HotSubdwarf
PG 0102+261,306648913903989120,HotSubdwarf
KPD 2007+4527,2082064806400098304,HotSubdwarf
EC 12590-2711,6186957014736936320,HotSubdwarf
EC 02229-1447,5146674364657915136,HotSubdwarf
GALEX J163518.3+295203,1311811590635777280,HotSubdwarf
MO 1-97,5862958808114896000,HotSubdwarf
GALEX J034922.8+271335,70693070045960576,HotSubdwarf
PG 2151+089,2725953757803267712,HotSubdwarf
GALEX J165939.7+214704,4565173141817468032,HotSubdwarf
GALEX J161431.3+004004,4408382435802348800,HotSubdwarf
EC 20301-5443,6470857965071419008,HotSubdwarf
PG 1127+019,3799987433421443712,HotSubdwarf
GALEX J182917.7+113157,4483962525804601856,HotSubdwarf
Ton  220,1265072107253012096,HotSubdwarf
EC 04464-2000,2977507831964061184,HotSubdwarf
PG 1627+017,4431996307731385728,HotSubdwarf
GALEX J013940.5+003627,2510284964332684800,HotSubdwarf
2MASS J21282374+1144520,1745828481256730368,HotSubdwarf
PG 1605+072,4450489165598124800,HotSubdwarf
PG 1449+583,1613918284566113152,HotSubdwarf
BPS CS 22938-0044,6394226540100907904,HotSubdwarf
LP   91-84,1063044954547608064,HotSubdwarf
KUV 18312+6432,2256432438426909952,HotSubdwarf
GALEX J151145.4+020549,4420262010400277376,HotSubdwarf
BPS CS 30492-0126,6580587198299411200,HotSubdwarf
PG 1528+029,4421118770476595200,HotSubdwarf
UCAC4 527-040800,3167124522048560128,HotSubdwarf
PG 1135+585,846070525377462528,HotSubdwarf
EC 15034-2119,6231768057804125312,HotSubdwarf
PG 1610+115,4456908526797981056,HotSubdwarf
HD 289819,3111366878657440384,HotSubdwarf
FBS 1524+405,1389000949037923328,HotSubdwarf
LAMOST J232812.94+295333.5,2869717686274246400,HotSubdwarf
GALEX J160401.1+000827,4409815649208963200,HotSubdwarf
GALEX J152954.9+494242,1594497159712097792,HotSubdwarf
EC 20570-4308,6485057779787598080,HotSubdwarf
[CW83] 0825+15,651745279826458112,HotSubdwarf
LAMOST J002124.79+402857.1,380338531092183424,HotSubdwarf
GALEX J095058.1+182618,627130616093753600,HotSubdwarf
GALEX J081233.6+160121,655674865665718656,HotSubdwarf
Ton S 372,5085401880178564608,HotSubdwarf
GALEX J074025.1+155155,3165813590653493760,HotSubdwarf
2MASS J10050791+3513577,795599295234470016,HotSubdwarf
2QZ J110256.3+010011,3805110470411760640,HotSubdwarf
EC 21080-6833,6375944410510667648,HotSubdwarf
GALEX J214234.8+012744,2693553005559022848,HotSubdwarf
EC 10106-2117,5666544971466948608,HotSubdwarf
GALEX J173110.6+530512,1417526777492843136,HotSubdwarf
FBS 0232+435,340463882917097472,HotSubdwarf
PG 1539+442,1397273842027833856,HotSubdwarf
V* UX Sex,3768256047535094528,HotSubdwarf
BPS CS 22937-0036,6581575006418103552,HotSubdwarf
BPS CS 22945-0023,6390129416177916928,HotSubdwarf
PG 1605+123,4458009614675393408,HotSubdwarf
GALEX J160152.8-040949,4398855786022648448,HotSubdwarf
LB  3289,4643946965193162624,HotSubdwarf
GALEX J202550.4+133040,1804133963674291200,HotSubdwarf
GALEX J103742.5+640503,1052433323014200064,HotSubdwarf
BD+29  3070,4595823677708844416,HotSubdwarf
GALEX J110743.0-373158,5399968617832799872,HotSubdwarf
FBS 1753+663,1633291851249299968,HotSubdwarf
PHL  1120,2460444003461129856,HotSubdwarf
LAMOST J020001.63+140942.5,77850478423617024,HotSubdwarf
GD 274,404392370879544576,HotSubdwarf
PB  6433,2533873719291048704,HotSubdwarf
Feige  87,1662849232061173248,HotSubdwarf
PG 1610+043,4437254653372798848,HotSubdwarf
EC 20182-6534,6429036528482072576,HotSubdwarf
EC 13559-2717,6177372060778142464,HotSubdwarf
SDSS J144513.66+010112.7,3652164073661035520,HotSubdwarf
PG 1649+522,1413662788690638848,HotSubdwarf
PG 2352+181,2774038154361038976,HotSubdwarf
GALEX J160453.4+115218,4457608361651423232,HotSubdwarf
EC 20092-4359,6673897424389604736,HotSubdwarf
FBS 2348+409,1921647365565409280,HotSubdwarf
EC 11531-2317,3492894630353584256,HotSubdwarf
EC 11383-2238,3540092300847749760,HotSubdwarf
PB  4323,3705483966633255936,HotSubdwarf
HD 105183,3918811315733520640,HotSubdwarf
US 1027,821412838957446400,HotSubdwarf
GALEX J090253.0+073533,584194373496664064,HotSubdwarf
HS 1846+8149,2296351337648654848,HotSubdwarf
GALEX J091721.8+283656,695617644904516992,HotSubdwarf
PG 1110+045,3812248366755810944,HotSubdwarf
GALEX J172816.8+074839,4490139680904028160,HotSubdwarf_Candidate
Kepler-70,2076819620539690880,HotSubdwarf
BD+10  2357,3912184387354473472,HotSubdwarf
GALEX J143102.3+581136,1611116316622226304,HotSubdwarf
GALEX J221746.3+263913,1880197529545177856,HotSubdwarf
GALEX J171710.9+310344,1333230455102399744,HotSubdwarf
PG 1224+672,1680809204745419520,HotSubdwarf
Feige  73,1554816510916988544,HotSubdwarf
Ton  1145,629594278053946752,HotSubdwarf
PG 1536+097A,1165071009310870912,HotSubdwarf
PG 2122+081,1740252956575806848,HotSubdwarf
UCAC4 386-133403,4187241720861658624,HotSubdwarf
EC 12409-2512,3496976631694728576,HotSubdwarf
EC 21206-3015,6786170583925433216,HotSubdwarf
BPS CS 30314-0163,6779486927619956992,HotSubdwarf
GALEX J161804.9+204103,1202225293920451840,HotSubdwarf
SDSS J012340.68+300232.1,309391787394140288,HotSubdwarf
PG 0116+242,293278994244668800,HotSubdwarf
UCAC4 637-067297,2051078953817324672,HotSubdwarf
PHL   872,5032132191078791296,HotSubdwarf
GALEX J162035.7+074711,4451857537880419328,HotSubdwarf
PG 1146+228,4003730000359833600,HotSubdwarf
SDSS J114352.74+660723.3,1056973962438877312,HotSubdwarf
GALEX J031038.3+470118,434997246974962688,HotSubdwarf
GALEX J073220.1+270408,872322087046515840,HotSubdwarf
HE 0516-2311,2961366588952039552,HotSubdwarf
PG 0314+103,14614094376622592,HotSubdwarf
GALEX J073354.9+131044,3163399754611313024,HotSubdwarf
PG 1445+584,1616839343363866752,HotSubdwarf
GALEX J162310.5+425830,1382202909161403776,HotSubdwarf
EC 20095-3733,6694336692715099904,HotSubdwarf
KUV 02302+3502,327143814943804288,HotSubdwarf
2QZ J144216.8+011441,3654863546506344064,HotSubdwarf
GALEX J142625.1+141200,1227773477382703616,HotSubdwarf
Ton  257,1302449042967968640,HotSubdwarf
GALEX J202610.6+130205,1803825314444013568,HotSubdwarf
UCAC2  31695514,3650688086675908352,HotSubdwarf
FBS 2207+392,1956302769487648384,HotSubdwarf
EC 12348-3001,3470880891441567232,HotSubdwarf
Gaia DR3 5354100321320289024,5354100321320289024,HotSubdwarf
Ton  261,1307252843628956672,HotSubdwarf
PG 1447+176,1236267410865602304,HotSubdwarf
KUV 02499-0315,5187109866841834624,HotSubdwarf
TYC 3281-978-1,352951036474046848,HotSubdwarf
EC 05168-3509,4822727865107915904,HotSubdwarf
GALEX J041337.9+262924,162746416906630400,HotSubdwarf
EC 02303-6205,4725402394350997248,HotSubdwarf
SDSS J202328.40+125254.9,1803981406436541568,HotSubdwarf
SDSS J155256.16+044158.7,4426133093259118336,HotSubdwarf
HS 1641+4601,1406207412659636480,HotSubdwarf
V* LS Dra,2151301534625728768,HotSubdwarf
PG 0005+179,2797051138888605568,HotSubdwarf
PG 1315-123,3609593392911348096,HotSubdwarf
GALEX J071934.3+115124,3163010252616980608,HotSubdwarf
SDSS J215631.56+121237.6,1767666976911730048,HotSubdwarf
EC 23129-1503,2407152770806714368,HotSubdwarf
GALEX J165957.5+434137,1358088862521942144,HotSubdwarf
EC 21168-4838,6479112853558862080,HotSubdwarf
UCAC4 480-124210,4246471312729900544,HotSubdwarf
GALEX J101025.6+045356,3861099698442001920,HotSubdwarf
KUV 02541-0303,5187167178885539712,HotSubdwarf
EC 14248-2647,6223234473182542464,HotSubdwarf
GALEX J163811.0+621717,1625482634333259904,HotSubdwarf
SDSS J090722.90+014627.7,577072596164762624,HotSubdwarf
BPS CS 30314-0005,6778673838770454784,HotSubdwarf
PSO J100.0778+17.6458,3359041592322039680,HotSubdwarf
FBS 0258+395,143711053130199936,HotSubdwarf
PG 1512-035,6336195278459267968,HotSubdwarf
GALEX J205954.7+010558,1729521173334336000,HotSubdwarf
EC 20155-5019,6667704627008655872,HotSubdwarf
GALEX J230913.7+243956,2842756875183230976,HotSubdwarf
PG 1620+017,4432739337073332352,HotSubdwarf
PG 1528+104,1165963744033018496,HotSubdwarf
EC 21556-5552,6412953971900940416,HotSubdwarf
GALEX J132840.0+071208,3719049736800555392,HotSubdwarf
FBS 2152+408,1959585224012855168,HotSubdwarf
PG 1516+205,1212519402815495680,HotSubdwarf
KUV 09306+3740,799256069046789888,HotSubdwarf
UCAC4 728-054545,1427430186098504320,HotSubdwarf
GALEX J091512.0+191115,635864754212152448,HotSubdwarf
EC 15059-1902,6256879395850157312,HotSubdwarf
KUV 02305+3028,131639132715140864,HotSubdwarf
EC 02595-7412,4640534626560325376,HotSubdwarf
EC 21056-6902,6375904759372475520,HotSubdwarf
KUV 12505+2914,1464077836364768896,HotSubdwarf
LBQS 1131+0209,3800057389848211072,HotSubdwarf
PG 1627+025,4432855816586702592,HotSubdwarf
SDSS J222850.00+391917.4,1909037887044868864,HotSubdwarf
FBS 2204+364,1954666210848854784,HotSubdwarf
EC 14500-2007,6280904652629558400,HotSubdwarf
GALEX J211620.9+001850,2689655442996837888,HotSubdwarf
KUV 03163+0031,3266147393942375680,HotSubdwarf
US  808,820883909442478336,HotSubdwarf
Cl* IC 2602      A      D,5251815984402409600,HotSubdwarf
GALEX J155551.2+133228,1191644586151040000,HotSubdwarf
PB  9468,5182845376633812608,HotSubdwarf
HE 1238-1745,3522196890110946688,HotSubdwarf
KUV 02122+2844,107960256457525888,HotSubdwarf
GALEX J042351.1+322200,172386793122277376,HotSubdwarf
BPS CS 30493-0009,6553298895949005184,HotSubdwarf
V* UY Sex,3806303066866089216,HotSubdwarf
GALEX J135845.4+351542,1482926450666449920,HotSubdwarf
Ton  158,1449056067988016128,HotSubdwarf
KUV 09565+3632,795959630108543232,HotSubdwarf
GALEX J122846.4+301825,4012014335144162944,HotSubdwarf
Ton S 131,2334637573773801216,HotSubdwarf
GALEX J181037.1+232344,4578241898369249408,HotSubdwarf
BPS BS 16981-0016,3649963989549165440,HotSubdwarf
HS 0312+2225,62425258001804160,HotSubdwarf
SDSS J103241.09+090222.7,3870000588666188288,HotSubdwarf
EC 04598-5519,4764744256126479104,HotSubdwarf
GALEX J074023.5+204938,673058556816796288,HotSubdwarf
SDSS J220429.52+211610.6,1781594769874699776,HotSubdwarf
HS 2029+0301,4232792524791811968,HotSubdwarf
EC 22080-2344,6818619744745630592,HotSubdwarf
GALEX J211104.9+091042,1743427762042316928,HotSubdwarf
FBS 0156+439,346721341030064640,HotSubdwarf
TYC  752-2573-1,3158806235550379904,HotSubdwarf
GALEX J213852.8+184015,1786272195418292992,HotSubdwarf
PG 1343+578,1658783959616446848,HotSubdwarf
GALEX J165727.2+615450,1630526300329016448,HotSubdwarf
EC 20505-6604,6425224006271902720,HotSubdwarf
HE 0410-4901,4830756636452153984,HotSubdwarf
HS 0430+7712,552891694067107328,HotSubdwarf
GALEX J184559.8-413827,6716376055399759360,HotSubdwarf
SDSS J131218.12+381535.2,1522904762172390400,HotSubdwarf
GALEX J030128.0+301537,123108816565129344,HotSubdwarf
EC 22168-2246,6626973253116113536,HotSubdwarf
CHSS 1861,3971809837776084224,HotSubdwarf
GALEX J144603.0+515454,1605567081436543616,HotSubdwarf
SDSS J184832.52+181540.0,4512244400108060288,HotSubdwarf
PG 1642+038,4433996010145129344,HotSubdwarf
GALEX J085809.1+252134,691397787996760704,HotSubdwarf
SDSS J074641.05+215652.8,674554098787310976,HotSubdwarf
EGGR 440,4421940758497428096,HotSubdwarf
GALEX J001908.5+242423,2849255706161645440,HotSubdwarf
GALEX J114251.8+111507,3916474436911989120,HotSubdwarf
EC 04583-1649,2979946892352704384,HotSubdwarf
ATO J292.2527+44.9497,2126592038020508928,HotSubdwarf
PG 2158+082,2724882872133120512,HotSubdwarf
GALEX J125702.3+435245,1530124980153852928,HotSubdwarf
GALEX J105525.9+093056,3867781499323898240,HotSubdwarf
SDSS J154645.63+422955.3,1396159040316943488,HotSubdwarf
GALEX J212906.0+004509,2688012605121741312,HotSubdwarf
FBS 1208+450,1539286218411128192,HotSubdwarf
GALEX J090059.9+565714,1036366228316289792,HotSubdwarf
SDSS J172355.82+342220.9,1335706688430827008,HotSubdwarf
HE 0135-6150,4715843240258983808,HotSubdwarf
FBS 1412+004,3665936629325523712,HotSubdwarf
SBSS 1709+535,1419133610657016064,HotSubdwarf
FBS 0634+442,964250914214814336,HotSubdwarf
GALEX J080823.6+171253,656843990122846848,HotSubdwarf
UCAC4 524-133962,1804505912140447104,HotSubdwarf
KUV 16032+1735,1199734350328189568,HotSubdwarf
GALEX J073726.3+124526,3162576078665811840,HotSubdwarf
SBSS 1330+528,1560256374759480576,HotSubdwarf
BD+18  2647,3935488605023787392,HotSubdwarf
GALEX J170506.0-715609,5804428127642370944,HotSubdwarf
LB   400,661156102927711104,HotSubdwarf
GALEX J001631.0+315740,2863196315306344832,HotSubdwarf
FBS 0013+434,385493350841270528,HotSubdwarf
GALEX J173357.6+175222,4550625675269266944,HotSubdwarf
GALEX J175835.0+324502,4603989200813206272,HotSubdwarf
PG 2317+046,2660835289023309696,HotSubdwarf
PG 1136-003,3794197787442075008,HotSubdwarf
UCAC4 557-029185,3376057123175008256,HotSubdwarf
PB  5728,2545662545526065152,HotSubdwarf
LAMOST J183349.90+083929.0,4479260533036807552,HotSubdwarf
GALEX J084125.4+610320,1042053692729514368,HotSubdwarf
SB 705,4962221462214625920,HotSubdwarf
LB 10188,4023909882724960640,HotSubdwarf
FAUST 4004,6221021675968567680,HotSubdwarf
GALEX J101342.0+260619,739156243780100352,HotSubdwarf
TYC  231-972-1,3845158051150409728,HotSubdwarf
Ton S 140,2333646741998127744,HotSubdwarf
GALEX J173211.7+083908,4490665281819861888,HotSubdwarf
GALEX J070215.1+121753,3160836861727862400,HotSubdwarf
Ton  181,1258202152443751552,HotSubdwarf
GALEX J023214.2-071636,5178149873572131584,HotSubdwarf
GALEX J073548.1+264955,872122177791852288,HotSubdwarf
PG 1000+375,802020653597763584,HotSubdwarf
UCAC2  43295402,4592167698469904000,HotSubdwarf
GALEX J144836.9+230955,1265648801101878912,HotSubdwarf
GALEX J145736.8+592927,1614475255924987776,HotSubdwarf
MCT 0029-4054,4994221476829343488,HotSubdwarf
GALEX J152707.2+101613,1165815825359631232,HotSubdwarf
GALEX J085606.2-170325,5729920061482487168,HotSubdwarf
PHL  1439,5177972165005489536,HotSubdwarf
SDSS J140603.27+374216.6,1483651342361796736,HotSubdwarf
UCAC4 665-073368,2102745688098547840,HotSubdwarf
HZ 17,4034847759974004992,HotSubdwarf
GALEX J175219.7+191042,4551747280210370176,HotSubdwarf
EVR-HSD-007,6724092123091015552,HotSubdwarf
FBS 0654+366,940739915343553664,HotSubdwarf
PG 1525-009,4416909736886261760,HotSubdwarf
UCAC4 493-044256,3143342600936696960,HotSubdwarf
SDSS J134551.57+090744.5,3725139244511966080,HotSubdwarf
EC 22403-3636,6595995651170373504,HotSubdwarf
KUV 02318+3213,134137193069951232,HotSubdwarf
GALEX J082340.0+081937,599294211494840704,HotSubdwarf
EC 20275-1849,6860071028173329152,HotSubdwarf
GALEX J205009.9+014624,4228783194294952704,HotSubdwarf
LAMOST J180237.05+032550.1,4469432067318159488,HotSubdwarf
EC 02200-2338,5120386003710463616,HotSubdwarf
GALEX J173305.8+340231,4602472763822036224,HotSubdwarf
Ton  54,732692631532422528,HotSubdwarf
EC 13047-3049,6181058207869535872,HotSubdwarf
2MASS J08504248+0245462,577999175230073728,HotSubdwarf
Ton  357,690001549964561792,HotSubdwarf
BPS CS 22881-0007,6571723863269606528,HotSubdwarf
SDSS J153602.81+313719.7,1274220181435652224,HotSubdwarf
KUV 02501-0630,5183795389040025856,HotSubdwarf
GALEX J105725.1-454913,5387474867209017856,HotSubdwarf
PG 1554+408,1383048811559130240,HotSubdwarf
GALEX J182054.6+331846,4593184093889740672,HotSubdwarf
GALEX J163306.6+003216,4383642977499883648,HotSubdwarf
PG 1725+373,1337242538672314112,HotSubdwarf
EC 13567-2112,6288053299276009728,HotSubdwarf
PG 1428+513,1604588894044855808,HotSubdwarf
LAMOST J064734.86+135011.3,3352835983053282304,HotSubdwarf
KPD 0319+4553,242734753958329728,HotSubdwarf
BPS BS 16557-0061,3590696911198079872,HotSubdwarf
Ton  165,1448973810774619904,HotSubdwarf
GALEX J113404.2+051234,3813132408464372096,HotSubdwarf
GALEX J171813.9+595355,1437360803322243200,HotSubdwarf
GALEX J081342.9+275033,684061777696508544,HotSubdwarf
PG 1655+106,4444481090466129664,HotSubdwarf
US 1993,1009088517358697088,HotSubdwarf
BPS CS 22937-0022,6775680658881588352,HotSubdwarf
KPD 2254+5444,2002880555945732992,HotSubdwarf
EC 12179-1739,3519960723978365568,HotSubdwarf
BD-17  6820,2394414237109269248,HotSubdwarf
EC 20556-4222,6485171957198411264,HotSubdwarf
PG 1632+001,4383459878751491968,HotSubdwarf
PG 0048+091,2581810261598516096,HotSubdwarf
EC 20286-2414,6848741076244761088,HotSubdwarf
GALEX J213303.2-004710,2686845331794265856,HotSubdwarf
GALEX J163644.5+251645,1300892478100380928,HotSubdwarf
GALEX J173614.2+335249,4602244924397917568,HotSubdwarf
Ton  194,1255912556917971456,HotSubdwarf
SDSS J091216.06+225452.7,686914018234285184,HotSubdwarf
GALEX J201714.3+074253,4250879937744526464,HotSubdwarf
SDSS J013451.18-091006.4,2465043325024558464,HotSubdwarf
UCAC4 633-015059,220172981513287936,HotSubdwarf
EC 04427-4807,4786580080314604032,HotSubdwarf
FBS 0229+439,341195058150383104,HotSubdwarf
FBS 2207+359,1906560794725205248,HotSubdwarf
ATO J100.1213+38.9477,944874014640011648,HotSubdwarf
EC 20209-2327,6849752523863695616,HotSubdwarf
FBS 2155+374,1949954704743455104,HotSubdwarf
GALEX J055914.0-204958,2918096305273674112,HotSubdwarf
EC 13284-2532,6189877283261495296,HotSubdwarf
GALEX J115059.6+163140,3926312214122239360,HotSubdwarf
EC 11403-2117,3540845500672460544,HotSubdwarf
SDSS J094958.41+590557.5,1049685201074909184,HotSubdwarf
UCAC4 488-012508,3334223901191558784,HotSubdwarf
2MASS J05421701+1249505,3340527779312131584,HotSubdwarf
PHL  1469,5159652411500990208,HotSubdwarf
GALEX J082003.3+173914,656345533398638464,HotSubdwarf
UVEX J020201.85+564342.3,505063728541561344,HotSubdwarf
GALEX J223812.0-563452,6504937121816313984,HotSubdwarf
GALEX J015055.0+025240,2512523711740403584,HotSubdwarf
EC 13199-2831,6183060693421652224,HotSubdwarf
KUV 08526+3750,719486122494563840,HotSubdwarf
JL 106,6351302087188921088,HotSubdwarf
LS  IV +09    2,4487798721865489152,HotSubdwarf
UCAC4 270-185564,6743082402563768064,HotSubdwarf
PG 0220+132,74703607425569024,HotSubdwarf
GALEX J170035.8+374528,1339677437236478720,HotSubdwarf
HS 2224+2618,1880674648872164224,HotSubdwarf
GALEX J131959.3+143003,3743426944676382208,HotSubdwarf
SDSS J083747.23+194955.8,664296101979220992,HotSubdwarf
SDSS J164111.65+363708.4,1328109681558470912,HotSubdwarf
JL 226,4913790070954918016,HotSubdwarf
EC 21050-6054,6452665651837233280,HotSubdwarf
BD-07  3477,3675067076961979264,HotSubdwarf
GALEX J102413.3+230104,722250393509458048,HotSubdwarf
GALEX J074848.3+351507,894687424865365120,HotSubdwarf
PG 0035+125,2775867256377608192,HotSubdwarf
PG 1026-037,3780872771664918272,HotSubdwarf
EC 23118-5532,6499114417472798592,HotSubdwarf
EC 22450-6827,6384973977954481792,HotSubdwarf
LAMOST J070801.51+103510.1,3159397601006308480,HotSubdwarf
SDSS J093606.94+102028.0,589554973717852544,HotSubdwarf
GALEX J230124.7+325943,1890072518352439680,HotSubdwarf
GALEX J210823.8+244839,1841099308379288960,HotSubdwarf
EC 11394-3013,3480257118581836544,HotSubdwarf
SDSS J222015.91+125521.3,2733848874061487360,HotSubdwarf
HD 269696,4657996005080302720,HotSubdwarf
CBS 129,751830524767171200,HotSubdwarf
GALEX J051348.2-194417,2975366979747110016,HotSubdwarf
SB 169,2361732907536273280,HotSubdwarf
HS 2231+2441,1877320760449993216,HotSubdwarf
SDSS J000151.25+325658.7,2874240188053471872,HotSubdwarf
SBSS 0828+490,1026904557098086400,HotSubdwarf
PG 0930+085,588040469465211904,HotSubdwarf
EC 20404-4456,6675139013535264256,HotSubdwarf
PSO J297.4972+08.5183,4298512602530293888,HotSubdwarf_Candidate
GALEX J155918.7+053602,4426623509802852352,HotSubdwarf
GALEX J152226.6+244336,1270016817203702400,HotSubdwarf
GALEX J123808.7+053318,3707548230994923776,HotSubdwarf
PG 0009+191,2797293512483062912,HotSubdwarf
EC 21098-1848,6833718925613447936,HotSubdwarf
EC 10246-2707,5468670738602933504,HotSubdwarf
KUV 15568+2207,1206155188995958784,HotSubdwarf
KPD 2051+3544,1869904107861540864,HotSubdwarf
KPD 0033+5229,416348224099839104,HotSubdwarf
EC 12202-3036,3469912191632802432,HotSubdwarf
PB  5916,2542201695238975232,HotSubdwarf
EC 15103-1557,6307356875169802752,HotSubdwarf
Ton  98,3928326210186248832,HotSubdwarf
GALEX J083112.9+394730,911400237829555968,HotSubdwarf
GALEX J173351.3+433258,1348516106269956096,HotSubdwarf
EC 21346-1338,6842814910431917440,HotSubdwarf
GD 1321,2435377440450198784,HotSubdwarf
JL  68,6369895138052631936,HotSubdwarf
HS 0023+3049,2862194144817359872,HotSubdwarf
Ton  930,662848247026938240,HotSubdwarf
LB  1568,4975110384192639744,HotSubdwarf
GALEX J031842.4+340554,125893776439505664,HotSubdwarf
Ton  864,905650346067635968,HotSubdwarf
PG 1646+354,1327036803023683712,HotSubdwarf
2MASS J19433701+4220577,2077138100954605312,HotSubdwarf
GALEX J053939.1-283329,2907300509837552000,HotSubdwarf
GALEX J155810.9+085106,4454520589403075200,HotSubdwarf
SDSS J174401.67+254444.3,4582207012175775616,HotSubdwarf
GALEX J083139.6+162315,658758171147106688,HotSubdwarf
GALEX J090318.4+043533,580148686102276352,HotSubdwarf
PG 1700+486,1408382624616093312,HotSubdwarf
KUV 05260+2711,3442192163468623232,HotSubdwarf
GALEX J193046.0-305000,6746304422609405696,HotSubdwarf
NAME EC 12473-3046A,6184589353885779968,HotSubdwarf
GALEX J131252.3+425114,1526081423063580032,HotSubdwarf
PG 2249+220,2836713031563656704,HotSubdwarf
GALEX J074806.1+342928,882528612967934976,HotSubdwarf
PB  6244,2581356846195889408,HotSubdwarf
EC 20236-5703,6468885853528258304,HotSubdwarf
SDSS J161230.86+004237.1,4408408003746206592,HotSubdwarf
PG 0838+133,603097422215268736,HotSubdwarf
GALEX J164611.4+274752,1307671169147222016,HotSubdwarf
GALEX J034316.1-091524,5164199068176508288,HotSubdwarf
PHL   345,2401757982645492608,HotSubdwarf
EC 04536-6050,4761727441034766976,HotSubdwarf
GALEX J082734.9+175358,662146419308286976,HotSubdwarf
GALEX J134621.2+224835,1251408094001504640,HotSubdwarf
RL 104,180006683580428928,HotSubdwarf
KUV 05020+1216,3391222412175724800,HotSubdwarf
PG 1502+129,1181028908759001472,HotSubdwarf
SBSS 1544+568,1598729012464892032,HotSubdwarf
FBS 2341+401,1921168528251457664,HotSubdwarf
GALEX J161938.6+252122,1303289172930340864,HotSubdwarf
EC 11534-2912,3480054567924428032,HotSubdwarf
MCT 2125-4054,6579171405281252608,HotSubdwarf
PG 2331+038,2659982617755889152,HotSubdwarf
Ton  4,682072009543970688,HotSubdwarf
LAMOST J210253.23+355845.1,1868262502632099584,HotSubdwarf
GALEX J200550.4+762536,2288930944128285696,HotSubdwarf
BD+30  4877,1886593182526359936,HotSubdwarf
BPS CS 22950-0001,6873498779569392512,HotSubdwarf
GALEX J133426.9+073333,3718777779472082048,HotSubdwarf
PG 1453-113,6313387971325485696,HotSubdwarf
GALEX J215954.7+203113,1780767864115251840,HotSubdwarf
UCAC4 711-063925,2139296001523913728,HotSubdwarf
HS 0213+2329,101206407500333184,HotSubdwarf
PHL   211,2617039266987434624,HotSubdwarf
Ton  299,902154929884483456,HotSubdwarf
EC 19215-6332,6441612742479955200,HotSubdwarf
Feige 109,2665713164985202816,HotSubdwarf
PG 1438+018,3655309299687364992,HotSubdwarf
EC 21390-2930,6785706005902423680,HotSubdwarf
EC 11067-2008,3551672013713898880,HotSubdwarf
2QZ J135025.8-011036,3658952634545327616,HotSubdwarf
HS 2208+2718,1892475088698125824,HotSubdwarf
GALEX J071053.4+562446,988436459174352512,HotSubdwarf
Ton  1200,753807962069995648,HotSubdwarf
EC 20440-4246,6677093567253709440,HotSubdwarf
GALEX J072245.2+305234,886044606339835136,HotSubdwarf
GALEX J133810.3+431743,1501713500909166208,HotSubdwarf
GALEX J010327.7+324034,314344331362996736,HotSubdwarf
SBSS 1655+588,1436982983638658048,HotSubdwarf
UCAC4 670-042705,193503502346470784,HotSubdwarf
BPS CS 22874-0045,6271979057753637632,HotSubdwarf
PHL   261,2614970943881648640,HotSubdwarf
SDSS J191822.41+371741.2,2051253398206147200,HotSubdwarf
GALEX J224622.4+220549,2836474574979958144,HotSubdwarf
EC 12226-3034,3469738430140902144,HotSubdwarf
2MASS J19050099+4101534,2100882501225439488,HotSubdwarf
TYC 3133-2416-1,2103044549103238912,HotSubdwarf
GALEX J081931.1+142756,652226384884390016,HotSubdwarf
PG 1646+607,1624316430453434880,HotSubdwarf
EC 03063-7301,4642385349444078464,HotSubdwarf
FBS 1133+754,1079494159598957952,HotSubdwarf
GALEX J010940.4+524908,404958378847936000,HotSubdwarf
PG 1555+489,1399993557054575232,HotSubdwarf
SDSS J100635.69+690728.0,1070379414363464832,HotSubdwarf
EC 05188-3346,4826198198683074304,HotSubdwarf
PG 0948+041,3849462024992532608,HotSubdwarf
SDSS J031926.13+403833.6,236283880578770688,HotSubdwarf
UCAC4 686-007194,401413450281523584,HotSubdwarf
PB  6379,2562664186451182464,HotSubdwarf
EC 19385-5259,6642606629132975488,HotSubdwarf
LBQS 0025+0203,2547488830043523456,HotSubdwarf
UVEX J000016.27+603246.3,429345443672003072,HotSubdwarf
SDSS J125301.62+394622.2,1527021612881250432,HotSubdwarf
EC 12595-1815,3509408539087933568,HotSubdwarf
GALEX J230156.5+323437,1890003627076995328,HotSubdwarf
PHL   364,2653065864983035392,HotSubdwarf
SBSS 1621+564,1429601481044865664,HotSubdwarf
GALEX J204247.5+001914,4228197837496873472,HotSubdwarf
GALEX J163446.5-005345,4383151087782512640,HotSubdwarf
Ton  224,1265220747481130880,HotSubdwarf
LB   333,1434022067544616576,HotSubdwarf
SBSS 1210+537,1572923852518926592,HotSubdwarf
SDSS J095022.32+590231.6,1049672316172912512,HotSubdwarf
GALEX J134613.8+150353,3741305707573040128,HotSubdwarf
PG 0232+095,23330399790876032,HotSubdwarf
BPS CS 30492-0040,6774437145590631808,HotSubdwarf
EC 19174-8557,6345729075065257344,HotSubdwarf
GALEX J205835.6-051557,6910731709320551040,HotSubdwarf
EC 12366-1737,3522961291210557440,HotSubdwarf
UCAC4 548-037201,3364990572999194880,HotSubdwarf
KUV 00337-2137,2362186146845244032,HotSubdwarf
GALEX J051927.8+620831,285670717379027584,HotSubdwarf
BD+74   435,1078362968292342272,HotSubdwarf
KUV 16111+2102,1205279531063344384,HotSubdwarf
PG 1710+567,1432613490070627584,HotSubdwarf
GALEX J204234.7+121035,1755143024075390208,HotSubdwarf
SDSS J155002.76+105524.5,1189143442013520000,HotSubdwarf
GALEX J204546.8-054355,6913420603662102784,HotSubdwarf
UCAC4 545-007727,44951132016854016,HotSubdwarf
GALEX J020420.2+292734,300019923940638336,HotSubdwarf
PG 1434+386,1486741519792600448,HotSubdwarf
GALEX J172310.9+175808,4553448465214622848,HotSubdwarf
HS 1741+2133,4556063035156496768,HotSubdwarf
KUV 08437+4003,912272738962166272,HotSubdwarf
FBS 0324+379,234861632224343424,HotSubdwarf
EC 11262-1841,3545315427756008320,HotSubdwarf
KUV 08201+3950,914518865122887296,HotSubdwarf
PG 2341+184,2822672611674887296,HotSubdwarf
KUV 23202+2540,2841574174332648064,HotSubdwarf
HS 1917+7009,2262558195662392960,HotSubdwarf
PG 2218+020,2703600484547535744,HotSubdwarf
GALEX J144209.9+105734,1177896670713897984,HotSubdwarf
GALEX J082751.0+410925,914715578920042624,HotSubdwarf
BPS CS 30308-0079,6484218676320441088,HotSubdwarf
PG 1303-114,3622606864644055296,HotSubdwarf
GALEX J115909.8-145354,3569085460399339008,HotSubdwarf
EC 20019-4804,6670645477014500608,HotSubdwarf
UCAC4 705-119975,1943858286426802304,HotSubdwarf
EC 03231-3701,4854583706261465088,HotSubdwarf
GALEX J105337.9+302639,736375200915944448,HotSubdwarf
GALEX J223521.9-502119,6516769619278068864,HotSubdwarf
FBS 0102+362,369576820516013824,HotSubdwarf
PG 1409+605,1660450887963595392,HotSubdwarf
SBSS 1643+516,1413436525518157952,HotSubdwarf
UCAC4 429-010041,3215662703374964992,HotSubdwarf
GALEX J135807.9+261215,1450730276304247936,HotSubdwarf
UVEX J022113.52+564810.7,458307718125949184,HotSubdwarf
GALEX J204300.9+002145,4228203987890075264,HotSubdwarf
FBS 1129+447,784340163022961024,HotSubdwarf
EC 20582-6421,6449638730686535168,HotSubdwarf
EC 20313-1314,6899919391147027584,HotSubdwarf
GALEX J220337.0+120624,2728295167815099904,HotSubdwarf
EC 14338-1445,6286983543181717120,HotSubdwarf
HE 1008-1757,5672482982795971968,HotSubdwarf
EC 12293-1424,3527624835420093696,HotSubdwarf
BPS CS 22955-0070,6848203243260741120,HotSubdwarf
2MASS J19090714+3756143,2099149567821051904,HotSubdwarf
GALEX J151337.8+195012,1212440100539214464,HotSubdwarf
GALEX J073817.4+134429,3164199095268594176,HotSubdwarf
GALEX J121856.7+465111,1544979966360984192,HotSubdwarf
PB  5018,2679677791586720896,HotSubdwarf
GALEX J033755.7+200110,57358399181633920,HotSubdwarf
GALEX J173056.7+082234,4490278769124851712,HotSubdwarf
GALEX J142803.1+055855,3670095944374606976,HotSubdwarf
GALEX J133135.3+020919,3711881543758246144,HotSubdwarf
PG 0042+095,2774222391277571840,HotSubdwarf
EC 20194-2937,6797518368559429888,HotSubdwarf
GALEX J110305.2+240146,3995201294821741312,HotSubdwarf
GALEX J032140.6+050630,9031663388738048,HotSubdwarf
SDSS J141505.19+653904.7,1668524155169985664,HotSubdwarf
GALEX J133412.9+053417,3714869771549047552,HotSubdwarf
LB  1595,4927886737735996928,HotSubdwarf
PG 2345+318,2868734963397148672,HotSubdwarf
EC 14284-2512,6271857836596734976,HotSubdwarf
EC 20458-4746,6482406548015729408,HotSubdwarf
Ton  554,731743061507469568,HotSubdwarf
GALEX J102803.4+610821,1048868435734395648,HotSubdwarf
HE 0405-3839,4844181295470077952,HotSubdwarf
EC 12021-3126,3466633619758388224,HotSubdwarf
GALEX J204553.4+152603,1762904476658229504,HotSubdwarf
EC 04385-4733,4789655861014403968,HotSubdwarf
GALEX J142718.2+223852,1254307888416760704,HotSubdwarf
GALEX J201216.1+081608,4251149700348007680,HotSubdwarf
GALEX J213756.7+104744,1742514789434069248,HotSubdwarf
KPD 2022+2033,1816969872879974656,HotSubdwarf
PG 1154-031,3601021016145873536,HotSubdwarf
SDSS J044649.49+225442.5,3413138255897820928,HotSubdwarf
Ton  1462,4028265945931548544,HotSubdwarf
SDSS J073404.22+160002.0,3168540211988309760,HotSubdwarf
KUV 02503-0537,5184285084031172096,HotSubdwarf
FBS 1224+780,1717096971112728448,HotSubdwarf
CBS 424,765141620554406656,HotSubdwarf
PG 0953+024,3834806153469378304,HotSubdwarf
EC 20108-3532,6699123622745038336,HotSubdwarf
GALEX J095409.7+333431,794980338907894784,HotSubdwarf
PG 0904+735,1120795222249055488,HotSubdwarf
SBSS 0950+521,828177863421110528,HotSubdwarf
UCAC2  13869224,6715490300005795840,HotSubdwarf
UCAC4 634-029927,3456632255835216640,HotSubdwarf
HE 1038-2326,5471434674613929600,HotSubdwarf
PG 1710+278,4574795066854024192,HotSubdwarf
GALEX J160534.9+062733,4450055026006156928,HotSubdwarf
SDSS J144737.75+020942.5,3655410690980097792,HotSubdwarf
GALEX J163927.0+272916,1304563708768919552,HotSubdwarf
GALEX J173438.1+341934,4602504168623283200,HotSubdwarf
FBS 0632+663,1104160676472587648,HotSubdwarf
GALEX J021909.3-083119,2486169581958280704,HotSubdwarf
EC 15360-1537,6264692594201607168,HotSubdwarf
PG 2129+151,1771893980645039616,HotSubdwarf
SDSS J203017.81+131849.2,1803895163494985856,HotSubdwarf
V* V594 Vir,3651520309603373440,HotSubdwarf
GALEX J071823.1+515555,986377726730567424,HotSubdwarf
GALEX J081922.2+190955,663284100308467200,HotSubdwarf
GALEX J003837.2+074402,2557421783728860544,HotSubdwarf
PG 2318+239,2840755042466571392,HotSubdwarf
GALEX J074818.9+482107,933799149409100160,HotSubdwarf
LAMOST J070619.19+242910.5,3380694137367781376,HotSubdwarf
UCAC4 452-058130,4409987246040338816,HotSubdwarf
KUV 08462+3217,706982540686678272,HotSubdwarf
GALEX J174516.3+244348,4581514903965752704,HotSubdwarf
EC 11545-1459,3568958157569120512,HotSubdwarf
EC 13356-1300,3607183847538437248,HotSubdwarf
GALEX J203900.4-044241,6914530384555510656,HotSubdwarf
LAMOST J053030.28+090731.6,3337829131099252480,HotSubdwarf
GALEX J173410.9+084752,4487692236738315392,HotSubdwarf
RMB 197,3904222102102500992,HotSubdwarf
FAUST  321,4636943969477570816,HotSubdwarf
[CCH92] 1643.4+4156,1356484503258824320,HotSubdwarf
PG 0011+283,2859984160805522176,HotSubdwarf
GALEX J183924.1-470812,6705587204931977728,HotSubdwarf
SDSS J010617.80+413434.0,374540943716955392,HotSubdwarf
EC 19363-5737,6448384978192643200,HotSubdwarf
SDSS J174442.35+263829.9,4594284563291248000,HotSubdwarf
EC 21086-8739,6341936069186773888,HotSubdwarf
GALEX J212356.6+153323,1783640205099886336,HotSubdwarf
EC 21373-3727,6586323213022942464,HotSubdwarf
PHL   412,2637242174672595200,HotSubdwarf
EC 19352-6805,6426999270875065472,HotSubdwarf
BPS CS 30339-0003,2308739470734290432,HotSubdwarf
PG 2219+094,2723329360986655616,HotSubdwarf
SBSS 1614+551,1429411162454206208,HotSubdwarf
UCAC2  37079897,1806906627074342016,HotSubdwarf
2MASS J04154968+3035156,165787700429000064,HotSubdwarf
PG 1425+219,1240669924143182592,HotSubdwarf
PG 1632+053,4435415307857035008,HotSubdwarf
PG 2215+120,2727702466623387648,HotSubdwarf
EC 22102-1801,6825799525610554368,HotSubdwarf
GALEX J030729.7-004345,3266274043938315392,HotSubdwarf
PG 2335+107,2763383921048345088,HotSubdwarf
GALEX J100317.0+025510,3836406625787704064,HotSubdwarf
GALEX J141511.7+213906,1252536124212313728,HotSubdwarf
PG 1451+473,1590358499161855616,HotSubdwarf
GALEX J182208.6+103745,4483470180807439488,HotSubdwarf
PB  3786,3926749888469543296,HotSubdwarf
FBS 0047+351,363795760175504768,HotSubdwarf
V* V1828 Aql,4245906369913936000,HotSubdwarf
UCAC4 714-043965,993265067567138432,HotSubdwarf
GALEX J212632.1-041326,2672261276419753600,HotSubdwarf
GALEX J211424.0-001034,2689522402089833728,HotSubdwarf
PG 1352-023,3657799934042253952,HotSubdwarf
2MASS J19230068+3715044,2051029510152566784,HotSubdwarf
SDSS J121311.73+032003.0,3893527908413340800,HotSubdwarf
PG 1214+031,3701283522977099392,HotSubdwarf
FBS 0642+444,964478822359022464,HotSubdwarf
2QZ J134531.0-005314,3662012880347660544,HotSubdwarf
GALEX J070944.4+750238,1115380294984840704,HotSubdwarf
JL 219,4907742585203175680,HotSubdwarf
GALEX J200438.6-111526,4190666940094366208,HotSubdwarf
EC 14179-1701,6296715458038020224,HotSubdwarf
BPS CS 22169-0001,5109790010155109760,HotSubdwarf
SDSS J140839.10+653124.4,1671437272572456064,HotSubdwarf
GALEX J074843.8+325349,881807603922611072,HotSubdwarf
GD 1694,2327511673273331456,HotSubdwarf
HD  76431,577625895327274752,HotSubdwarf
FBS 0709+398,946854063282879488,HotSubdwarf
EC 12174-2632,3475928100784618880,HotSubdwarf
EC 09304-1407,5689377361209703552,HotSubdwarf
SDSS J170126.69+204620.5,4561923187307107072,HotSubdwarf
SDSS J223839.12+122517.8,2730018003751684608,HotSubdwarf
PB   208,755982551256094336,HotSubdwarf
GALEX J174615.3+401905,1344712242714715008,HotSubdwarf
PHL   385,2653544977175287936,HotSubdwarf
FBS 0033+376,368263110278860544,HotSubdwarf
EC 05199-4116,4806929738442417664,HotSubdwarf
UCAC4 726-017075,504485110543295616,HotSubdwarf
BD+37  1977,810807778726301952,HotSubdwarf
KUV 14289+2409,1254896367655639936,HotSubdwarf
PHL   101,6817590399998925440,HotSubdwarf
Ton  65,3992841536709888640,HotSubdwarf
PG 1207-033,3598151393876907904,HotSubdwarf
GALEX J204537.7+002440,4228031433284718720,HotSubdwarf
UCAC4 639-067704,2051805249968832128,HotSubdwarf
A1  53,3917529727556024704,HotSubdwarf
SDSS J133757.40-005647.2,3661832113763772928,HotSubdwarf
Ton  1460,4031612751951454080,HotSubdwarf
PG 1339+052,3714909426982422272,HotSubdwarf
EC 21009-3130,6782061777693734784,HotSubdwarf
GALEX J213139.6-005005,2686800118674271872,HotSubdwarf
PB  3809,3925946798304545536,HotSubdwarf
SBSS 1602+519,1403885518979474688,HotSubdwarf
KUV 07301+3659,898625493262383104,HotSubdwarf
SDSS J075649.90+231736.5,675167278383668096,HotSubdwarf
EC 20577-5641,6457665096848737280,HotSubdwarf
GALEX J163913.5+384956,1331578645039743232,HotSubdwarf
Ton S 155,2360127276962361856,HotSubdwarf
GALEX J173053.2+182505,4553345622222014720,HotSubdwarf
GALEX J144703.0+161739,1186648130435884160,HotSubdwarf
2MASS J21133970+1006405,1743875954764786176,HotSubdwarf
SDSS J204322.10+151744.3,1762565350335780480,HotSubdwarf
SBSS 1340+575,1658766779747293568,HotSubdwarf
EC 05270-3449,4822938249786009728,HotSubdwarf
LAMOST J061924.34+234639.8,3377554829809995008,HotSubdwarf
GALEX J180635.6+235908,4579091241042194048,HotSubdwarf
FBS 0048+432A,375833419635317888,HotSubdwarf
GALEX J075937.0+541022,936745874930443648,HotSubdwarf
SDSS J031022.20+412219.4,239241085822135808,HotSubdwarf
HS 2151+0214,2693917150066120704,HotSubdwarf
HD 188112,6753413448178338944,HotSubdwarf
SDSS J150902.06-014354.3,4418126930617633664,HotSubdwarf
GALEX J211338.3-000940,2689525425746827008,HotSubdwarf
SDSS J174315.71+260201.1,4594235433163203840,HotSubdwarf
GALEX J090559.1+055442,580775235930984576,HotSubdwarf
PG 1443+177,1234828283288291840,HotSubdwarf
FBS 1732+633,1440246986985570176,HotSubdwarf
PG 1539+292,1224827748294596352,HotSubdwarf
EC 14540-1912,6281056827614854144,HotSubdwarf
EC 13460-2255,6287406099243979904,HotSubdwarf
2MASS J11372673-1447570,3548810053666523904,HotSubdwarf
EC 10046-1834,5672366640722817664,HotSubdwarf
CBS 255,1509293053034812032,HotSubdwarf
PG 1634+061,4435849168273656704,HotSubdwarf
EC 12304-1813,3516878140050609408,HotSubdwarf
PG 0932+166,619153556155078272,HotSubdwarf
RL 129,3107937978629152640,HotSubdwarf
Ton  62,3999131705293611136,HotSubdwarf
PG 2212+173,1775448431155521408,HotSubdwarf
GALEX J140715.4+033147,3670628962700600320,HotSubdwarf
PHL  1149,2512318137425806720,HotSubdwarf
BPS CS 22950-0010,6874384367465624448,HotSubdwarf
SDSS J075818.49+102742.5,3147425671725952640,HotSubdwarf
EC 13342-2739,6188570621066396800,HotSubdwarf
HE 1352-1827,6293924583993219456,HotSubdwarf
PG 0957+037,3848520258923494656,HotSubdwarf
TYC 4895-599-1,3839919084402034688,HotSubdwarf
LAMOST J224749.39+413814.4,1932824240564177152,HotSubdwarf
GALEX J225810.7+461435,1935962732084366592,HotSubdwarf
HE 0419-2538,4895675994844707712,HotSubdwarf
SDSS J100442.16+132711.7,3881933966320073600,HotSubdwarf
KPD 2048+3515,1869910636212423296,HotSubdwarf
GALEX J075807.5-043203,3068507812327598208,HotSubdwarf
Ton  180,1450983271353426048,HotSubdwarf
SDSS J090141.48+345924.6,713730106107112064,HotSubdwarf
PHL   361,2652714944679812480,HotSubdwarf
SDSS J153935.00+133800.9,1194043995399963648,HotSubdwarf
EC 02183-2554,5119475195765809664,HotSubdwarf
GALEX J081304.0-071307,3063769703187083904,HotSubdwarf
PG 1032+007,3807121923855410816,HotSubdwarf
PG 1508-101,6319007399163540608,HotSubdwarf
LAMOST J193435.77+362649.5,2048519393833049088,HotSubdwarf
GALEX J083456.0+243907,678554530111158400,HotSubdwarf
PG 1426+047,3669047250799704960,HotSubdwarf
PG 2205+023,2683585696429935488,HotSubdwarf
PG 1249-028,3682304199935092096,HotSubdwarf
2MASS J20013443+4434275,2076135724307679872,HotSubdwarf
GALEX J081453.9+281122,684097584839678848,HotSubdwarf
GALEX J031318.2+464902,435028583061655040,HotSubdwarf
EC 21416-3645,6586406672826522240,HotSubdwarf
UCAC4 685-001272,392942881419391872,HotSubdwarf
GALEX J152905.6+002137,4417343627366898816,HotSubdwarf
PG 0949-101,3770679061925135104,HotSubdwarf
HE 1349-2320,6287158193731684096,HotSubdwarf
SDSS J221816.77+121400.7,2733703154411158272,HotSubdwarf
EC 21069-1553,6884089477426562944,HotSubdwarf
Ton S 201,5033887183435272064,HotSubdwarf
PG 2204+071,2721869312624463872,HotSubdwarf
GALEX J150704.1+212257,1261620667238405888,HotSubdwarf
PG 1511-110,6318694764197053952,HotSubdwarf
UCAC4 618-020126,181774221540061824,HotSubdwarf
CSO 1127,764862555054772224,HotSubdwarf
GALEX J085926.1+075913,585028765383068288,HotSubdwarf
SBSS 1306+563,1564784232360838400,HotSubdwarf
EC 11578-1244,3574038760282477952,HotSubdwarf
SDSS J154958.29+043820.1,4426050350708989568,HotSubdwarf
GALEX J150150.2+130549,1181846189495808128,HotSubdwarf
PG 1223+617,1583302860031730048,HotSubdwarf
GALEX J083359.6-043521,3065526791487851392,HotSubdwarf
GALEX J041521.6+252238,150218508402721152,HotSubdwarf
GALEX J211651.9-003328,2689317789848730624,HotSubdwarf
PG 0216+032,2514877040285455872,HotSubdwarf
UCAC4 679-032335,206657161813612288,HotSubdwarf
PG 1149+394,4034502959999559168,HotSubdwarf
PG 1617+077,4451821361374090368,HotSubdwarf
SDSS J151249.09+294211.3,1275434037976061440,HotSubdwarf
PHL   115,2668170676552145408,HotSubdwarf
GALEX J140232.8+321521,1454622105085650688,HotSubdwarf
GALEX J135432.5+294159,1453842753204176512,HotSubdwarf
GALEX J074148.9+552451,985850201666717312,HotSubdwarf
PG 0836+619,1042158494227683072,HotSubdwarf
SDSS J221118.51+124909.9,2728017816007589376,HotSubdwarf
GALEX J042442.4+325059,172497843798246912,HotSubdwarf
PG 0902+124,604474251290699776,HotSubdwarf
GALEX J101850.0-333150,5447021565108738688,HotSubdwarf
GALEX J232344.3+341148,1912117176733296896,HotSubdwarf
FBS 1751+409,1344977912211651456,HotSubdwarf
GALEX J210332.4+303538,1852616039853485824,HotSubdwarf
Ton  414,700362419831670016,HotSubdwarf
GALEX J202153.7+062917,4249752113691558144,HotSubdwarf
US 3802,30166132300899584,HotSubdwarf
KUV 02558+0236,1761215764838528,HotSubdwarf
GALEX J160143.7+261922,1316203722975727232,HotSubdwarf
SDSS J220334.09+112203.5,2728104127670266496,HotSubdwarf
GALEX J144307.7+093135,1174453790570579840,HotSubdwarf
Ton  787,1275699333816180992,HotSubdwarf
BPS CS 22955-0024,6848992520809972608,HotSubdwarf
PG 0057+155,2778355352407184128,HotSubdwarf
PG 1313+165,3744601257454417152,HotSubdwarf
GD 1068,5141474254479109376,HotSubdwarf
PG 1156-037,3600739335011156992,HotSubdwarf
GALEX J181209.9+180754,4526347084141410432,HotSubdwarf
FBS 1640+362,1328014337589560320,HotSubdwarf
PG 1653+131,4449162845336419840,HotSubdwarf
2MASS J19175872+4350210,2102879347479874176,HotSubdwarf
PG 1208+224,4001449922482101376,HotSubdwarf
GALEX J144634.3+191203,1237520510523866496,HotSubdwarf
GALEX J165741.0+171432,4558648158783464064,HotSubdwarf
MCT 0033-1929,2363107159632282112,HotSubdwarf
HS 2253+0900,2714840001644636928,HotSubdwarf
PG 0823+499,1027196919815890560,HotSubdwarf
HS 1813+7247,2266873808864525440,HotSubdwarf
GALEX J125208.3+115103,3927916302803458304,HotSubdwarf
GALEX J120613.3+205523,3999762614514382464,HotSubdwarf
GALEX J163419.4+344245,1327508145619011840,HotSubdwarf
GALEX J213428.5-011409,2686627735866557952,HotSubdwarf
HS 0444+0458,3281870929912521984,HotSubdwarf
EC 14013-2500,6273995458999472640,HotSubdwarf
GALEX J224733.6+311932,1889631201873127424,HotSubdwarf
CD-51 11879,6657580461377719936,HotSubdwarf
PG 2254+067,2712047826225618048,HotSubdwarf
HS 2028+0107,4230761967332743808,HotSubdwarf
Balloon  90100005,2845710850610464640,HotSubdwarf
KUV 06239+2811,3432828791165658880,HotSubdwarf
HD   4539,2582106305105033216,HotSubdwarf
GALEX J163707.4+284239,1310926548198632704,HotSubdwarf
SDSS J234117.15+454145.1,1926836094079931392,HotSubdwarf
2MASS J16580915+2140463,4565075422721739648,HotSubdwarf
GALEX J145134.2+252221,1267342736203088128,HotSubdwarf
EVR-CB-004,5642627428172192640,HotSubdwarf
EC 20369-1804,6861501321001347328,HotSubdwarf
GALEX J152848.4+191136,1210463655373083904,HotSubdwarf
PG 1525+422,1390836583700955264,HotSubdwarf
PHL  1210,5140867259636167424,HotSubdwarf
EC 20344-2055,6856495794318047232,HotSubdwarf
GALEX J204028.9-060852,6908129371455280640,HotSubdwarf
PG 1635+414,1356777767921294976,HotSubdwarf
GALEX J152208.0+342503,1278887603998849280,HotSubdwarf
UVEX J193813.83+313708.1,2033207010821035776,HotSubdwarf
Ton S 124,2326356155272564480,HotSubdwarf
SDSS J104238.64+240826.6,723318126674671104,HotSubdwarf
JL 119,6384029566185251968,HotSubdwarf
PG 2303+013,2652331593079280000,HotSubdwarf
EC 19462-5024,6669933611955633536,HotSubdwarf
EC 12578-2107,3505433564035282816,HotSubdwarf
Feige  98,1280720146285434752,HotSubdwarf
PG 1638+147,4462510121927168128,HotSubdwarf
SB 774,4961253720183453184,HotSubdwarf
GALEX J204403.9-051135,6914219295779272832,HotSubdwarf
GALEX J073701.4+225638,865746217238417792,HotSubdwarf
EC 20170-4559,6669783017518023168,HotSubdwarf
LAMOST J072327.07+114047.8,3162780553469479040,HotSubdwarf
LAMOST J054711.59+170919.5,3396486324095591040,HotSubdwarf
EC 11001-2506,3535825542897121664,HotSubdwarf
Ton  899,902948090084293632,HotSubdwarf
KUV 07161+3255,893213456512445696,HotSubdwarf
EC 12278-1918,3516358930044179840,HotSubdwarf
BPS CS 22943-0148,6675995189496107776,HotSubdwarf
GALEX J155610.4+254639,1220049614357436544,HotSubdwarf
LSPM J1412+0438,3671167693333689600,HotSubdwarf
GALEX J155745.8+115842,4457797962985739008,HotSubdwarf
UCAC4 577-034612,3381734176584838528,HotSubdwarf
GALEX J070905.5+223543,3368172319132367104,HotSubdwarf
GALEX J205051.3+005712,4228482546583700352,HotSubdwarf
KUV 07564+3723,907291264093243520,HotSubdwarf
GALEX J000354.7+255500,2853226523686020736,HotSubdwarf
SBSS 0809+531,1031713889677183360,HotSubdwarf
PHL   178,6817299093841252864,HotSubdwarf
SDSS J075733.11+235828.1,681252216249802624,HotSubdwarf
GALEX J160820.4-003409,4406688088383937280,HotSubdwarf
PG 1119+147,3966770015776476928,HotSubdwarf
LAMOST J073612.93+101635.0,3149624935499407872,HotSubdwarf
EC 20302-1949,6859761240771134080,HotSubdwarf
GALEX J123309.6+083434,3902809057861940480,HotSubdwarf
PG 1354+016,3663871776553350272,HotSubdwarf
EC 20198-6718,6425593888856232704,HotSubdwarf
PG 1625-034,4357576103723153792,HotSubdwarf
PG 2118+126,1746937544892092416,HotSubdwarf
EC 19280-7631,6366240567560939904,HotSubdwarf
PB  5648,2740001981649672832,HotSubdwarf
GALEX J132357.2+261502,1449053353568686336,HotSubdwarf
GALEX J073526.0+364530,895638532487152128,HotSubdwarf
BPS CS 22951-0062,6565865734035549056,HotSubdwarf
GALEX J091628.9+243911,687691269876173056,HotSubdwarf
PG 0004+133,2767874292175410560,HotSubdwarf
GALEX J203424.9-095535,6904741952225560576,HotSubdwarf
TYC 1773-399-1,107665724780053376,HotSubdwarf
GALEX J092520.0+273620,694513086691301504,HotSubdwarf
KUV 15589+1941,1203356622666283776,HotSubdwarf
KUV 06209+2949,3435475006416748032,HotSubdwarf
PG 1237-141,3527117891839889920,HotSubdwarf
EC 04312-7347,4652608539841142016,HotSubdwarf
EC 04500-2118,2974175452738279424,HotSubdwarf
PG 0027+222,2799828092943294720,HotSubdwarf
EC 21125-1305,6891704901119080448,HotSubdwarf
PG 1153-080,3594251529212929792,HotSubdwarf
GALEX J120033.0+021814,3892043670795494272,HotSubdwarf
EC 09436-0929,3770996820785455616,HotSubdwarf
EC 21027-3301,6780966389233959168,HotSubdwarf
LB  1741,4777646032942511872,HotSubdwarf
EC 21071-5056,6477014199394949120,HotSubdwarf
EC 03505-6929,4667419442501873408,HotSubdwarf
GALEX J163316.0+123540,4459641328588894976,HotSubdwarf
GALEX J061205.9+473125,969542451362654976,HotSubdwarf
EC 03255-3527,4860956441296044800,HotSubdwarf
FBS 1338+666,1672288264507863168,HotSubdwarf
EC 21096-1936,6832903023561174016,HotSubdwarf
PG 1033+097,3869853322828200960,HotSubdwarf
GALEX J160537.1-004636,4406706612580732800,HotSubdwarf
GALEX J070917.5+353619,897707263615279872,HotSubdwarf
GALEX J100934.3+062910,3873562353505833216,HotSubdwarf
2MASS J08412266+0630294,595128265015393152,HotSubdwarf
HE 1136-2504,3485687950109280896,HotSubdwarf
FBS 2335+434,1926435017152243328,HotSubdwarf
EC 09102-0946,5742580804732616576,HotSubdwarf
SDSS J170810.98+244341.5,4572060615796071552,HotSubdwarf
EC 20263-5312,6474056169519221632,HotSubdwarf
EGGR 113,4422600328035803264,HotSubdwarf
Ton S 161,2322368604555410176,HotSubdwarf
GALEX J215854.1+212433,1781080159778185472,HotSubdwarf
GALEX J053656.5+395516,190970433715259904,HotSubdwarf
Ton  1384,3978207002584425216,HotSubdwarf
PB  7387,2611711201142881536,HotSubdwarf
EC 14142-1736,6296303892796265984,HotSubdwarf
PB  5844,2541632865473915520,HotSubdwarf
EC 20306-5127,6474852834412549632,HotSubdwarf
GALEX J060101.8+423041,960904069540367232,HotSubdwarf
PHL  4389,5169891544815301248,HotSubdwarf
PG 0206+225,100734064176680704,HotSubdwarf
EC 09178-1154,5738906477390788992,HotSubdwarf
HS 2033+0821,1749434329641481728,HotSubdwarf
SDSS J065044.30+383133.7,944205747793275904,HotSubdwarf
EC 14326-0757,6330205585787551232,HotSubdwarf
EC 20290-4816,6668344783293375488,HotSubdwarf
SDSS J155241.27+045428.7,4426141167798012160,HotSubdwarf
SDSS J202758.63+773924.5,2290926489012810880,HotSubdwarf
PG 1118+061,3813980166288451072,HotSubdwarf
LAMOST J065930.72+055227.5,3129610009941832832,HotSubdwarf
GALEX J090902.4+161207,607933448015436416,HotSubdwarf
PG 1622+194,1200905944390797312,HotSubdwarf
SDSS J210454.88+110645.6,1756990993883821696,HotSubdwarf
CD-55   317,4914020040683594624,HotSubdwarf
CSO 1090,1273939599812467456,HotSubdwarf
UCAC4 681-108722,1977291346957976320,HotSubdwarf
GALEX J051723.9+030449,3235418590863327744,HotSubdwarf
IDK B002,4640897263535023744,HotSubdwarf
GALEX J025459.6-002722,2497917382664718080,HotSubdwarf
UCAC4 493-004706,13746369248366848,HotSubdwarf
EC 03595-8530,4615081761307634176,HotSubdwarf
EC 04589-2945,4876527450091397376,HotSubdwarf
GALEX J225442.2+101359,2717973090092215168,HotSubdwarf
EC 20406-2203,6855466823230664320,HotSubdwarf
EC 12234-2824,3474722314486260480,HotSubdwarf
GALEX J211303.1-073822,6897186756857433984,HotSubdwarf
MCT 0037-4041,4999353271257664896,HotSubdwarf
HE 2203-2210,6819780283563828352,HotSubdwarf
PG 2201+145,1768493259900525312,HotSubdwarf
EC 21292-3833,6582784778446163584,HotSubdwarf
BPS CS 22167-0008,5169339250676285312,HotSubdwarf
GALEX J154052.3+565318,1601702259409512320,HotSubdwarf
EC 04499-4506,4811309402493458560,HotSubdwarf
KUV 20417+7604,2278225441787850752,HotSubdwarf
HS 1831+7647,2269474398679245312,HotSubdwarf
EC 20262-2934,6796915526949524096,HotSubdwarf
EC 19470-4912,6670249932004023552,HotSubdwarf
GALEX J190221.9+485052,2131926181239986432,HotSubdwarf
GALEX J000847.2-051215,2444473386613639808,HotSubdwarf
GALEX J013847.5+141532,2588613210622211200,HotSubdwarf
GALEX J125122.0-023737,3682377042580397056,HotSubdwarf
GALEX J162711.8-000950,4407504475766717440,HotSubdwarf
GALEX J225854.9+060546,2663694156694389632,HotSubdwarf
BD+28  4211,1897151272994229120,HotSubdwarf
EC 13578-1705,6294503962197612160,HotSubdwarf
SDSS J165406.79+271117.8,1306966038596179968,HotSubdwarf
KUV 07596+4123,921531554580422016,HotSubdwarf
SDSS J112051.29+111247.5,3963758006751423744,HotSubdwarf
FBS 0140+360,318486191665001600,HotSubdwarf
KUV 06215+2721,3432673205974633984,HotSubdwarf
UCAC4 637-113968,1952553606634620928,HotSubdwarf
GALEX J192041.4-282939,6759580334024198528,HotSubdwarf
GALEX J183231.7-474435,6705178908161092352,HotSubdwarf
BPS CS 22943-0198,6675945058637750528,HotSubdwarf
SBSS 0756+581,1081928684501959552,HotSubdwarf
GALEX J073654.6+280923,872500203633741440,HotSubdwarf
JL  84,6354920270718941056,HotSubdwarf
EC 13165-1834,3507799296445833856,HotSubdwarf
PG 1552+141,1191725851229360384,HotSubdwarf
LAMOST J175842.53+044058.2,4472820517339442944,HotSubdwarf
EC 10002-1313,5686902326175757184,HotSubdwarf
PG 0212+148,78846635958426496,HotSubdwarf
PG 1316+212,3940518836361346304,HotSubdwarf
CPD-65    14,4900109741122939648,HotSubdwarf
PG 0020+240,2801217974425183104,HotSubdwarf
PSO J278.1573+11.7780,4481070569714541056,HotSubdwarf
CD-48   106,4975866534658142976,HotSubdwarf
GALEX J184746.4+504134,2144566678012121728,HotSubdwarf
SDSS J172538.77+272413.8,4574161511935439616,HotSubdwarf
GALEX J071419.9+262850,883309884699633280,HotSubdwarf
FBS 2149+425,1960725039616547712,HotSubdwarf
KUV 12339+2848,4010630359242098688,HotSubdwarf
EC 14483-1843,6282003202184646400,HotSubdwarf
LB   356,6899943919703032960,HotSubdwarf
JL   9,6416838202886668032,HotSubdwarf
EC 21327-4212,6578431124716495488,HotSubdwarf
EC 20065-4438,6673471844669986048,HotSubdwarf
SDSS J123708.56+362123.5,1518787743960949760,HotSubdwarf
PG 1511+447,1393840002790784384,HotSubdwarf
HS 2149+1428,1769034155197254144,HotSubdwarf
GALEX J082017.6-050047,3065952959618065152,HotSubdwarf
KUV 16078+1916,1201636711602034304,HotSubdwarf
UCAC4 573-008407,68334308365794304,HotSubdwarf
SDSS J093921.25+581421.4,1025646402262304896,HotSubdwarf
PG 1559+533,1404827731724827776,HotSubdwarf
EC 10086-1016,3766956596589810304,HotSubdwarf
KUV 07255+3558,896985094929733120,HotSubdwarf
BPS CS 22896-0012,6640334866311748224,HotSubdwarf
GALEX J204451.1-062753,6907319271904977920,HotSubdwarf
PG 1705+398,1353479675418573568,HotSubdwarf
EC 21444-6808,6397035139475101312,HotSubdwarf
LS  630,5612229062706949376,HotSubdwarf
UCAC4 721-021579,455558286215251840,HotSubdwarf
EC 21053-4010,6581842153384015360,HotSubdwarf
EC 12184-2101,3514594587542823040,HotSubdwarf
PG 1325+054,3717793239823667200,HotSubdwarf
LAMOST J031541.47+465211.1,434851149371030272,HotSubdwarf
PHL   252,6601695863046409600,HotSubdwarf
GALEX J130630.7+021950,3692014949192766720,HotSubdwarf
GALEX J083256.2-025538,3072637990315089024,HotSubdwarf
LAMOST J202621.10+055710.2,4246471926908872320,HotSubdwarf
EC 12141-2139,3514357333549414784,HotSubdwarf
SBSS 1712+593,1434243584778292864,HotSubdwarf
EC 13506-3137,6171688268561745024,HotSubdwarf
SDSS J170840.54+204256.9,4561770252111633408,HotSubdwarf
[CW83] 1758+36,4609493459100758400,HotSubdwarf
FBS 1157+343,4028041301961976576,HotSubdwarf
GALEX J071305.3+182504,3363070035424348800,HotSubdwarf
GALEX J081110.8+273420,683689734745224064,HotSubdwarf
GD 656,2356616398895680768,HotSubdwarf
PG 1639+173,4562159689682999808,HotSubdwarf
UVEX J223941.98+585729.1,2008383646002231680,HotSubdwarf
PG 1230+052,3708157360436901248,HotSubdwarf
LB  1742,4775620835603278592,HotSubdwarf
PG 1412+613,1660591797250581888,HotSubdwarf
UCAC4 623-025926,3449621937199851648,HotSubdwarf
PG 1100+526,836471823228155392,HotSubdwarf
PHL   374,2596881950380337536,HotSubdwarf
EC 19535-5321,6665629818501107840,HotSubdwarf
GALEX J163702.8-011351,4382362737947208960,HotSubdwarf
ATO J100.4017+33.7742,938737498511006592,HotSubdwarf
FBS 1554+403,1382933122321062912,HotSubdwarf
PG 0854+385,719606175420853888,HotSubdwarf
HE 1142-2311,3492333879424155520,HotSubdwarf
PG 1652+159,4557895027682278784,HotSubdwarf
GALEX J201335.6+092308,4299426365408538880,HotSubdwarf
LS  IV +10    9,1751329750248988544,HotSubdwarf
V* V1099 Her,1363886900869046656,HotSubdwarf
GALEX J135400.5+255010,1450377023834160896,HotSubdwarf
A3  16,3921201619652632960,HotSubdwarf
GALEX J160009.9+135631,1191863251525960192,HotSubdwarf
GALEX J182619.8+334653,4593258929400386816,HotSubdwarf
GALEX J173306.1+030732,4376861778195660544,HotSubdwarf
LB  1173,2633482463380792320,HotSubdwarf
EC 13555-1552,6294878414626011136,HotSubdwarf
HD 171858,4077650785664863360,HotSubdwarf
GALEX J162225.2+233803,1301798784919091712,HotSubdwarf
GALEX J093914.3+303817,696825909400614784,HotSubdwarf
FBS 1126+450,784326419127662848,HotSubdwarf
GALEX J202059.8-225001,6852819267951426560,HotSubdwarf
PB  5164,2655240900846478336,HotSubdwarf
PG 0940+172,620566974057395840,HotSubdwarf
UCAC4 506-022230,3330105641733251840,HotSubdwarf
EC 19279-6126,6444927907475050752,HotSubdwarf
GALEX J071029.4+233322,3368383116127317120,HotSubdwarf
KUV 08279+3753,910879344195815808,HotSubdwarf
SDSS J080644.05-074232.4,3063855778630662144,HotSubdwarf
PG 1155+741,1075984763296931456,HotSubdwarf
GALEX J152607.9+001640,4417304530279961088,HotSubdwarf
CSO  212,716803722143404160,HotSubdwarf
UCAC4 434-007650,3224977113050048896,HotSubdwarf
EC 14230-2231,6273406498723960192,HotSubdwarf
EC 20271-4318,6679419343582194688,HotSubdwarf
EC 13314-2739,6188605702359081088,HotSubdwarf
GALEX J153752.9+160201,1195400831404476800,HotSubdwarf
EC 20069-4253,6686201681059086336,HotSubdwarf
PG 1400+395,1497519997920400256,HotSubdwarf
GALEX J165540.2+201057,4561537258724807040,HotSubdwarf
PB  6275,2539697793728198656,HotSubdwarf
PG 1519+640,1643840428364277248,HotSubdwarf
2QZ J144820.3-010834,3650497282753415552,HotSubdwarf
GALEX J152151.9-002400,4415762082969078400,HotSubdwarf
PG 1610+273,1315939878841388032,HotSubdwarf
EC 15064-2029,6255841319434595328,HotSubdwarf
MCT 0043-4052,4999113100982228096,HotSubdwarf
EC 03542-1752,5095712378669127936,HotSubdwarf
LAMOST J010223.99+485245.3,402544091832710272,HotSubdwarf
LBQS 0026-0043,2543474375652799488,HotSubdwarf
EC 02565-5950,4726624673324078976,HotSubdwarf
PG 1715+457,1361629637856575872,HotSubdwarf
GALEX J155633.7+292156,1320036143770682240,HotSubdwarf
HZ 12,3299455110137611776,HotSubdwarf
EC 04331-2232,4898339630482155904,HotSubdwarf
PG 1602+149,1192038902805203328,HotSubdwarf
EC 00468-5440,4921084329876536448,HotSubdwarf
PB   890,1496895818913504512,HotSubdwarf
SBSS 1715+536,1419291188712848256,HotSubdwarf
GALEX J212216.5+123056,1746866317154525696,HotSubdwarf
UCAC4 415-013004,3007619194841792640,HotSubdwarf
GALEX J110546.4+101539,3868080944443723136,HotSubdwarf
GALEX J133638.8+111949,3738592387753410432,HotSubdwarf
KPD 2045+3436,1869491859722639872,HotSubdwarf
KUV 23099+2548,2844412018140184320,HotSubdwarf
SDSS J165103.91+285208.0,1308082867531906176,HotSubdwarf
EC 20106-5248,6473704188359246080,HotSubdwarf
GALEX J191158.1-262712,6763240200215413632,HotSubdwarf
UCAC4 498-020345,3329611552994806272,HotSubdwarf
UCAC4 670-120342,1925782766239946624,HotSubdwarf
Feige  89,3674111154680655488,HotSubdwarf
GALEX J004648.3+195613,2801277176253968640,HotSubdwarf
BD-07  5977,2631933522079808512,HotSubdwarf
GALEX J140536.2-372727,6120558199028073856,HotSubdwarf
PHL   378,2401334945546768384,HotSubdwarf
UCAC4 489-038954,3154801672464733440,HotSubdwarf
GALEX J120900.1+475453,1546073572415417856,HotSubdwarf
GALEX J172919.0+072204,4487102353047300224,HotSubdwarf
GALEX J114823.6+064043,3897834794242820864,HotSubdwarf
GALEX J171142.4+380524,1341093062752169856,HotSubdwarf
EC 21214-5522,6463271987674734464,HotSubdwarf
PG 1606+388,1379038445977180928,HotSubdwarf
GALEX J225444.1-551505,6506045390880965504,HotSubdwarf
FBS 0104+367,369621277722573568,HotSubdwarf
GALEX J221920.7+394603,1956929937789493632,HotSubdwarf
2QZ J132542.4-014655,3638260577329596544,HotSubdwarf
PG 1549+006,4410613624072340736,HotSubdwarf
KIC 9095594,2079948177791987456,HotSubdwarf
EC 10060-2122,5667233368825191424,HotSubdwarf
GALEX J135713.4+224433,1250821027807431040,HotSubdwarf
GALEX J075134.2+092553,3148758039302713984,HotSubdwarf
EC 03564-5208,4828337710870960640,HotSubdwarf
UCAC4 512-032299,3160786559070298880,HotSubdwarf
JL 135,6381104418579463040,HotSubdwarf
EC 12331-1937,3515921904236218496,HotSubdwarf
PG 2246+103,2718228387243575168,HotSubdwarf
GD 1699,2389217983811119488,HotSubdwarf
GALEX J121540.5+654647,1681075350983660416,HotSubdwarf
PG 1705+537,1419816102435901184,HotSubdwarf
KPD 2220+5126,2001311621575988736,HotSubdwarf
HS 2149+0847,2725865595010422016,HotSubdwarf
GALEX J214612.1+005110,2693269297199730048,HotSubdwarf
PG 2352+259,2853416606054349568,HotSubdwarf
Ton  63,4023163971460301952,HotSubdwarf
HS 1832+7009,2259626279187460608,HotSubdwarf
GALEX J101021.2+274114,739567151891152896,HotSubdwarf
GALEX J232110.3+191430,2825005328672819072,HotSubdwarf
PG 1219+534,1572188107440718848,HotSubdwarf
KUV 08191+3951,908526118730334592,HotSubdwarf
EC 01054-6555,4705790439806044032,HotSubdwarf
UCAC4 675-043289,963014096776916096,HotSubdwarf
GALEX J175513.2-622223,5911044299855315200,HotSubdwarf
UCAC4 671-073694,2126338291355206144,HotSubdwarf
HE 0523-1831,2969691060204193792,HotSubdwarf
Ton  708,1449575655951553408,HotSubdwarf
PG 1530+459,1394898866848350848,HotSubdwarf
GALEX J154635.3+230506,1217872817555622272,HotSubdwarf
2MASS J17530480+2435463,4581048921494269056,HotSubdwarf
PG 1111+339,758404019457881472,HotSubdwarf
BPS CS 29520-0048,4677213647268641152,HotSubdwarf
GALEX J081204.8+135205,653631869983111552,HotSubdwarf
EC 21134-6507,6401641990117009664,HotSubdwarf
LAMOST J010345.21+471024.3,401237459701979776,HotSubdwarf
BPS CS 22955-0016,6848019143781379200,HotSubdwarf
EC 13336-2853,6176050580945039232,HotSubdwarf
HD 254302,3344114626761364224,HotSubdwarf
GALEX J171950.2+422208,1348118357938699648,HotSubdwarf
CSO  908,1514791023489737600,HotSubdwarf
SBSS 1539+550,1597923517118117504,HotSubdwarf
GALEX J083015.6+024111,3079735127418888064,HotSubdwarf
EC 11405-2743,3484132175515852928,HotSubdwarf
HD 269665,4658465363442588928,HotSubdwarf
GALEX J133405.5+664955,1672368975533354880,HotSubdwarf
2MASS J13125205+4032372,1525602452608228352,HotSubdwarf
PG 1020+695,1073281476521799296,HotSubdwarf
GALEX J080739.4+384226,908939363303653888,HotSubdwarf
GALEX J080656.7+152718,654866823401111168,HotSubdwarf
EC 20543-5940,6456010297489645184,HotSubdwarf
PG 1353+162,1243253467230351360,HotSubdwarf
KIC 2303576,2051802157592224256,HotSubdwarf
PG 1617+309,1319053146015474688,HotSubdwarf
BPS CS 22956-0094,6404530097924835968,HotSubdwarf
SDSS J105428.85+010514.7,3808013730864971392,HotSubdwarf
FBS 2305+366,1915875822873889280,HotSubdwarf
Ton  107,1540495440685138432,HotSubdwarf
GALEX J093738.5-040537,3824642401126670208,HotSubdwarf
SBSS 1242+601,1579739617723374464,HotSubdwarf
GALEX J171114.1+212331,4567825232584400512,HotSubdwarf
2MASS J09370390+1418216,617866779657682944,HotSubdwarf
GALEX J160345.3+080153,4451545929413721856,HotSubdwarf
EC 20483-5204,6477389854416222592,HotSubdwarf
GALEX J164855.3+220020,4565746159173575168,HotSubdwarf
PG 1536+279,1224346643237436288,HotSubdwarf
KPD 1924+2932,2038603620027959296,HotSubdwarf
EC 20205-2725,6846233880495322112,HotSubdwarf
SDSS J152704.26+080236.4,1163041512708309376,HotSubdwarf
SDSS J010113.32+312555.3,312628749626419328,HotSubdwarf
BPS BS 16029-0090,1423148997057656320,HotSubdwarf
PG 0825+428,915310139832816256,HotSubdwarf
GALEX J151158.2+255411,1265179099182883840,HotSubdwarf
UCAC4 670-017453,242105008671742976,HotSubdwarf
GALEX J094758.9+091012,3879010467980721920,HotSubdwarf
EC 04467-8328,4615767547325349504,HotSubdwarf
EC 11433-1840,3543486596321694208,HotSubdwarf
PG 1632+223,1297946371053374592,HotSubdwarf
SDSS J083842.70+053309.4,594542190958172032,HotSubdwarf
EC 14359-1454,6286939871954300928,HotSubdwarf
2MASS J06502715+1639462,3358122782854938112,HotSubdwarf
GALEX J075522.3-134031,3035573693865877760,HotSubdwarf
GALEX J213718.8+123303,1767048024880446464,HotSubdwarf
GALEX J001306.4+491149,393652139438978304,HotSubdwarf
KUV 06497+2904,887620515740571264,HotSubdwarf
GALEX J145049.5+624940,1620277821165495936,HotSubdwarf
JL 128,6343394674440301440,HotSubdwarf
GALEX J201014.7-103803,6881321525623514624,HotSubdwarf
GALEX J164419.4+452327,1406119962829248896,HotSubdwarf
GALEX J211340.3+204256,1789840488608448640,HotSubdwarf
PG 1522-013,4415381450083363968,HotSubdwarf
GALEX J122047.7+201943,3952011924031788032,HotSubdwarf
PG 2234+160,2736553466507578368,HotSubdwarf
SBSS 1610+558,1429687032498740992,HotSubdwarf
GALEX J152354.8+002330,4420319902263964672,HotSubdwarf
BD-11   162,2472857936415651840,HotSubdwarf
GALEX J183630.1+265808,4538810460760060800,HotSubdwarf
GALEX J201204.8-113304,6880652408378278656,HotSubdwarf
PHL  1466,5155725991054381952,HotSubdwarf
SDSS J202242.30+071715.2,4249937660575808000,HotSubdwarf
HE 2322-4559,6528475535463232512,HotSubdwarf
PG 2124+071,1739298997095482240,HotSubdwarf
GALEX J071319.6+380740,946428174325145856,HotSubdwarf
GALEX J084318.8-052427,5761288101725095936,HotSubdwarf
KUV 13016+2733,1460515727929503360,HotSubdwarf
GALEX J140226.1+053420,3672226145074072832,HotSubdwarf
BPS CS 22873-0030,6448188440489065344,HotSubdwarf
EC 12154-1952,3517929371950598784,HotSubdwarf
EC 12376-2049,3503213714482694912,HotSubdwarf
GALEX J230919.2+365358,1915148289773812352,HotSubdwarf
GALEX J213309.5+143540,1771233693849193088,HotSubdwarf
GALEX J133655.4+281418,1448962536484468096,HotSubdwarf
GALEX J154545.5+013229,4422972684520542720,HotSubdwarf
KUV 05053+1628,3394689206697610240,HotSubdwarf
GALEX J190434.8+481022,2131141160001998976,HotSubdwarf
BPS CS 29521-0051,2713473583569299072,HotSubdwarf
KUV 06290+2813,3434099173772378112,HotSubdwarf
PG 2052+027,1730983351999762944,HotSubdwarf
EC 23073-6905,6387649772643380352,HotSubdwarf
GALEX J083412.3+071211,595824702553000448,HotSubdwarf
LAMOST J213001.22+121400.8,1745972860882210048,HotSubdwarf
GALEX J110456.2+231349,3994911981529643904,HotSubdwarf
GD 1284,2415730473332601088,HotSubdwarf
GALEX J160053.0-044132,4398661520360758272,HotSubdwarf
GALEX J132928.5+134954,3740181216415326848,HotSubdwarf
EC 15050-2017,6255905537785699584,HotSubdwarf
PB  7124,2626098280727562496,HotSubdwarf
EC 23257-5443,6499440216512468096,HotSubdwarf
GALEX J095746.6+045447,3849270435091240192,HotSubdwarf
PG 1119+377,760930907631979904,HotSubdwarf
Feige  54,3518746622623469440,HotSubdwarf
GALEX J173153.7+064706,4486823725632828800,HotSubdwarf
GALEX J215956.5+141804,1768547964899107584,HotSubdwarf
SDSS J213007.10+115154.6,1745921802309934592,HotSubdwarf
SDSS J141733.45+380229.7,1484782086993526144,HotSubdwarf
MCT 2030-4241,6679452500729968640,HotSubdwarf
US 1846,912865032131969280,HotSubdwarf
GALEX J110055.9+105542,3868418219635118080,HotSubdwarf
GALEX J132648.1+035520,3713063720621552128,HotSubdwarf
PG 1142-037,3600365496761173504,HotSubdwarf
PG 1559+048,4425487989169416320,HotSubdwarf
GALEX J052300.5+182727,3400623129219934336,HotSubdwarf
GALEX J165135.2+331100,1314511166560158208,HotSubdwarf
EC 21133-6119,6451914891553780992,HotSubdwarf
EC 20401-4521,6675112380441907584,HotSubdwarf
Cl* Melotte   22     AK   IV-859,162510331145182976,HotSubdwarf
Ton S 145,2335322500798589184,HotSubdwarf
KUV 00403-1941,2362902306871688192,HotSubdwarf
UCAC4 706-003325,394843322846749824,HotSubdwarf
HD 160641,4123631807800571392,HotSubdwarf
EC 04566-5006,4785371300422067072,HotSubdwarf
PG 1423-013,3652544715138169216,HotSubdwarf
EC 20296-1840,6860088414201273216,HotSubdwarf
LB   349,6901505848986447616,HotSubdwarf
PG 1501+426,1393235511913580800,HotSubdwarf
FBS 1724+372,1337240374008902784,HotSubdwarf
UCAC4 782-014924,480943256621951360,HotSubdwarf
[MTR2015] OW J074106.07-294811.0,5599668585458443520,HotSubdwarf
GALEX J150307.1+121832,1180906759889378176,HotSubdwarf
Ton  108,3704162319296853120,HotSubdwarf
GALEX J215541.6+300340,1897333280825678208,HotSubdwarf
SDSS J044149.12+100821.7,3293874500215237248,HotSubdwarf
LAMOST J004139.06+420713.5,381370731998505472,HotSubdwarf
FBS 2259+384,1928302228413464448,HotSubdwarf
PG 1548+166,1196375273586921472,HotSubdwarf
GD 687,5026270179195363328,HotSubdwarf
GALEX J232029.3+282938,2845145731696691968,HotSubdwarf
GALEX J151826.7+211524,1214884997786943744,HotSubdwarf
SDSS J170256.37+241757.8,4571704133509719680,HotSubdwarf
Ton  22,648029239761019776,HotSubdwarf
GALEX J074838.2+040301,3137359161740102656,HotSubdwarf
KUV 02338+3038,132944115577925504,HotSubdwarf
GALEX J173034.1+272139,4595141426447600512,HotSubdwarf
PG 1638+676,1648476656582002176,HotSubdwarf
GALEX J070427.1+365446,946065369848575872,HotSubdwarf
PG 0111+177,2784332018443668608,HotSubdwarf
GALEX J075029.0+181749,668563371031957376,HotSubdwarf
GALEX J172741.6+083551,4490333366746531712,HotSubdwarf
EC 05015-2831,4877263019073081600,HotSubdwarf
PG 1610+062,4450123955938796160,HotSubdwarf
BPS CS 29517-0017,2415374506442510464,HotSubdwarf
KUV 09466+3753,799977554833514624,HotSubdwarf
GALEX J191612.1+474915,2130941976600291456,HotSubdwarf
PG 2110+001,2689621671669850368,HotSubdwarf
EC 21515-2844,6617824427315385984,HotSubdwarf
GALEX J130625.9+133349,3737870597025013888,HotSubdwarf
EC 05191-5330,4770357576520350848,HotSubdwarf
GALEX J023518.0+341212,134881321926367488,HotSubdwarf
EC 10455-1646,3556935478954348288,HotSubdwarf
GALEX J164216.6+212117,4564312877047708800,HotSubdwarf
PB  7354,2610085298323250560,HotSubdwarf
EC 20319-3030,6796650441569705856,HotSubdwarf
GALEX J073904.1+393052,923332863865099008,HotSubdwarf
PG 1500+053,1156712831153662464,HotSubdwarf
GALEX J184714.0+474146,2119622714845280000,HotSubdwarf
GALEX J071856.2+102637,3156573539750882944,HotSubdwarf
EC 10492-2401,3548859462969586816,HotSubdwarf
EC 19203-7147,6416784803556752000,HotSubdwarf
PG 1455+501,1592412936639159424,HotSubdwarf
BPS CS 30302-0056,6669943541920078592,HotSubdwarf
PG 1100+591,860362767789529344,HotSubdwarf
Ton  228,1270423258548105728,HotSubdwarf
SDSS J200805.60-102431.6,4191233802759376768,HotSubdwarf
SDSS J163409.37+163715.2,4465987366106378624,HotSubdwarf
Ton  516,725792096556385664,HotSubdwarf
GALEX J224556.3+241257,1876436748804906368,HotSubdwarf
GALEX J204623.1-065926,6907083289221617280,HotSubdwarf
SBSS 0934+495,826139742524515584,HotSubdwarf
PG 0815+405,909317797165729024,HotSubdwarf
CD-22  9142,3492203484216217856,HotSubdwarf
PG 1328+000,3638888712001832704,HotSubdwarf
Ton  263,1300121926607765760,HotSubdwarf
FBS 0109+430,373550146301607168,HotSubdwarf
GALEX J100233.4+164501,622745347109768832,HotSubdwarf
TYC 4544-2658-1,1132110502568387968,HotSubdwarf
EC 20034-5404,6473242152957486592,HotSubdwarf
HZ 35,1465043619891174016,HotSubdwarf
KUV 09481+3830,800070875882843392,HotSubdwarf
GALEX J143917.6+010251,3654885296220304512,HotSubdwarf
PG 1442+343,1292888067809406720,HotSubdwarf
PG 1527-054,4400430114874888576,HotSubdwarf
BPS CS 22879-0082,6678426312784294272,HotSubdwarf
PG 0928+031,3844661557225496064,HotSubdwarf
GALEX J145815.9+370016,1295107633891682944,HotSubdwarf
HE 1256-2738,6187101776610840832,HotSubdwarf
PG 1101+529,842528826626718976,HotSubdwarf
GALEX J134029.8+441346,1503170280800303488,HotSubdwarf
PG 1326-132,3609766153675405696,HotSubdwarf
GALEX J162626.2+333314,1325657289591907456,HotSubdwarf
EC 20092-5721,6468676843240290688,HotSubdwarf
CD-40 13747,6692773045444107008,HotSubdwarf
MCT 0155-3710,4968603165141249792,HotSubdwarf
GALEX J163150.9+480431,1410554774260311808,HotSubdwarf
SDSS J161828.02+554115.7,1429464999868316672,HotSubdwarf
HZ 39,1461140216174118016,HotSubdwarf
PG 1725+285,4598390934280185728,HotSubdwarf
PG 1435+098,1174686753891138304,HotSubdwarf
BPS CS 22874-0121,6229022856443831936,HotSubdwarf
KUV 07139+3335,896307108572160768,HotSubdwarf
EC 09177-1135,5738968320624520576,HotSubdwarf
GALEX J075832.8+093640,3147125024015454976,HotSubdwarf
EC 21284-3456,6590746513940678784,HotSubdwarf
SDSS J065138.92+110148.7,3351250590364852736,HotSubdwarf
PG 1722+286,4598511330803479936,HotSubdwarf
UCAC4 567-011576,146588028382865280,HotSubdwarf
FBS 0047+347,363751470472789248,HotSubdwarf
GALEX J072421.4+385630,900023316139556992,HotSubdwarf
GALEX J161512.7+172531,1198980768249106816,HotSubdwarf
EC 20143-3410,6699356822289761408,HotSubdwarf
EC 19166-6046,6445899463439237248,HotSubdwarf
EC 21462-5816,6410840504393992704,HotSubdwarf
EC 04050-1517,5097968576529039232,HotSubdwarf
GALEX J150633.0+205907,1261580397624445568,HotSubdwarf
EC 22583-2101,2398506825545940352,HotSubdwarf
KUV 02432+3427,140013945281609088,HotSubdwarf
GALEX J065057.1+272335,3385442588787812096,HotSubdwarf
GALEX J155653.3+051842,4426529600340722816,HotSubdwarf
GALEX J200815.4-110103,4190777647170696960,HotSubdwarf
GALEX J204550.9+153536,1762911039365756544,HotSubdwarf
LS  IV -14  116,6886766582082317440,HotSubdwarf
GALEX J103702.6-024443,3781404660414879104,HotSubdwarf
V* V470 Cam,1102107819544067456,HotSubdwarf
GALEX J131425.4+011153,3688257574363035392,HotSubdwarf
FBS 0048+432B,375821702964533888,HotSubdwarf
LB   933,4407008497240994176,HotSubdwarf
2QZ J123517.8-024408,3681621162696075008,HotSubdwarf
GALEX J215946.3+215859,1782635663788860416,HotSubdwarf
EC 13463-2640,6178080421143843328,HotSubdwarf
GALEX J084421.1+135807,609175037161325568,HotSubdwarf
GALEX J120855.5+403716,1536128554159734528,HotSubdwarf
EC 12296-2113,3515136788510166400,HotSubdwarf
UCAC4 576-127603,1879544900675463552,HotSubdwarf
EC 20512-6926,6376179156243292288,HotSubdwarf
Ton S 256,5068429646891817984,HotSubdwarf
UCAC4 537-037418,3361273433424723712,HotSubdwarf
SDSS J174242.39+261134.2,4594252883612022912,HotSubdwarf
PHL   196,6813473824169554816,HotSubdwarf
EC 20481-5518,6470065629505057152,HotSubdwarf
GALEX J064618.3+292013,3386622158606040960,HotSubdwarf
PG 1000+408,803736166614876544,HotSubdwarf
EC 03059-2241,5078517597357635712,HotSubdwarf
GALEX J204529.1-100415,6903037846640842112,HotSubdwarf
GALEX J084510.1+572325,1037325964528524288,HotSubdwarf
SDSS J220709.54+222746.9,1782893391890702848,HotSubdwarf
BPS CS 22947-0299,6658778417953456896,HotSubdwarf
MCT 2357-3331,2313130542218587008,HotSubdwarf
PG 1718+519,1415898405068162176,HotSubdwarf
GALEX J092140.3+004347,3843921826418332288,HotSubdwarf
SDSS J024510.57-002807.6,2498424601123982080,HotSubdwarf
2MASS J19343993+4758117,2128836553569442816,HotSubdwarf
PG 1657+416,1354579844177083904,HotSubdwarf
PHL   359,2402504654120057216,HotSubdwarf
GALEX J063838.6+425653,964071899977558784,HotSubdwarf
LAMOST J180014.24+035041.5,4469695430415342464,HotSubdwarf
GALEX J165439.1+201622,4564544805281218560,HotSubdwarf
PG 1629+466,1409811195162282496,HotSubdwarf
PG 1130+054,3813295101825640704,HotSubdwarf
PG 1549+476,1398287767843592192,HotSubdwarf
GALEX J152708.3+003308,4417411247331485696,HotSubdwarf
BPS CS 22956-0084,6406110542810463104,HotSubdwarf
UCAC4 430-007349,3200857538788110080,HotSubdwarf
SDSS J225042.74+304751.6,1889361271768667648,HotSubdwarf
LAMOST J001908.76+523042.7,419143904215897728,HotSubdwarf
Ton S 144,2335246080444203520,HotSubdwarf
PG 1454+358,1293316877344107776,HotSubdwarf
PHL   933,5030721552020550144,HotSubdwarf
GALEX J102320.3+462026,833475855904134400,HotSubdwarf
JL  51,6349470330881239424,HotSubdwarf
SDSS J163700.71+142214.2,4462159450734567040,HotSubdwarf
GALEX J010957.2+000646,2534792425680294784,HotSubdwarf
UCAC4 683-002060,392046852459641472,HotSubdwarf
FBS 0002+412,384250868341348352,HotSubdwarf
KUV 12531+2756,1463694450404140416,HotSubdwarf
SDSS J141505.47+020237.0,3666466246037517440,HotSubdwarf
PG 1640+645,1634908820534152832,HotSubdwarf
SBSS 1151+587,846265207655248256,HotSubdwarf
EC 20310-2844,6798551497173711744,HotSubdwarf
GALEX J130318.3+103101,3736087768985356288,HotSubdwarf
LAMOST J062306.53+280257.7,3433492479576049536,HotSubdwarf
EC 03020-7120,4645678867805390080,HotSubdwarf
FBS 0943+451,820965135863925376,HotSubdwarf
GALEX J094712.3+053158,3852976094219128448,HotSubdwarf
SDSS J154809.96-004931.4,4404219139322548352,HotSubdwarf
LAMOST J010526.12+495544.2,404204083809859584,HotSubdwarf
GALEX J171143.4+341958,1335122366720575488,HotSubdwarf
EC 12112-1437,3569953348734111744,HotSubdwarf
GALEX J173708.1+334747,4602241217842241024,HotSubdwarf
Ton  825,893579422086560768,HotSubdwarf
SDSS J110215.45+024034.1,3808614407811403008,HotSubdwarf
SBSS 0957+513,827296742290462336,HotSubdwarf
GALEX J100839.8+064125,3873584034500723712,HotSubdwarf
HE 1356-1613,6294806912010493568,HotSubdwarf
GALEX J161129.9+095004,4453285361106518528,HotSubdwarf
Balloon  90100004,2845534550792896512,HotSubdwarf
EC 19425-5120,6645851047428402688,HotSubdwarf
PB  5165,2655280865516959744,HotSubdwarf
EC 03226-7349,4641364143659842688,HotSubdwarf
HS 1747+6924,1637761847049851392,HotSubdwarf
PG 0914-037,5758956484239854336,HotSubdwarf
FBS 0212+334,326009496898928896,HotSubdwarf
GALEX J204658.8-055059,6913373354725177472,HotSubdwarf
A1 102,3972199752086976000,HotSubdwarf
GALEX J093659.9+570534,1025428703255751680,HotSubdwarf
Balloon 111314001,3642867535345067392,HotSubdwarf
KPD 0402+4232,232217547284544896,HotSubdwarf
KUV 08247+4050,914500864915422848,HotSubdwarf
SDSS J105244.44+245925.3,729598330934052480,HotSubdwarf
CBS 228,1391967598912584192,HotSubdwarf
PG 2300+158,2816882755241142144,HotSubdwarf
GALEX J172800.9+310318,4600028450690996352,HotSubdwarf
KPD 1930+2752,2026104646738300416,HotSubdwarf
SDSS J155105.65+452134.0,1397085894260201984,HotSubdwarf
GALEX J045547.2-203417,2974314025563737344,HotSubdwarf
PG 1401+377,1483803349845846400,HotSubdwarf
PG 1459+416,1297012679521799552,HotSubdwarf
SDSS J114821.29+033625.7,3895943050127705600,HotSubdwarf
GALEX J113317.4+400155,767656276661925632,HotSubdwarf
KUV 02487-0522,5184494163039216128,HotSubdwarf
GALEX J154859.0+290602,1320755529316324096,HotSubdwarf
Ton  24,647193232966817280,HotSubdwarf
GALEX J022619.8+180728,85707760314515712,HotSubdwarf
EC 19543-3821,6691104334688227712,HotSubdwarf
SDSS J120311.26+045419.6,3894877417202240512,HotSubdwarf
GALEX J170957.4+222744,4568215524852225792,HotSubdwarf
EC 14146-1745,6296296853345494912,HotSubdwarf
EC 19569-3953,6687694542972108672,HotSubdwarf
GALEX J123910.9+620217,1580577278080546560,HotSubdwarf
CSO  127,4012914147972055168,HotSubdwarf
HS 2229+0910,2717109221845456768,HotSubdwarf
GALEX J224105.1+141810,2731992310023386496,HotSubdwarf
Ton S 14,6801342332560627200,HotSubdwarf
GALEX J202445.6+093821,1753228847350666368,HotSubdwarf
GALEX J031316.4+465222,435030026170643968,HotSubdwarf
SDSS J150844.08+033701.1,1155513912507348992,HotSubdwarf
PG 1609+195,1201659389029469184,HotSubdwarf
PG 1340+607,1662618815655804416,HotSubdwarf
TYC 2092-1286-1,4577984720030433536,HotSubdwarf
SDSS J134948.30-024639.2,3658196754660794240,HotSubdwarf
GALEX J141013.0+091939,3722909160052894080,HotSubdwarf
FBS 0715+819,1142701823200960512,HotSubdwarf
PG 1440+174,1234989881433355392,HotSubdwarf
GALEX J132736.8-355527,6166160302053976960,HotSubdwarf
BPS CS 29495-0021,6815719237366956032,HotSubdwarf
UCAC4 191-066812,6126119185259181824,HotSubdwarf
SDSS J215227.25+115726.6,1766195387972813696,HotSubdwarf
PG 2331+075,2757798676856242432,HotSubdwarf
EC 20228-3628,6695130162152964480,HotSubdwarf
GALEX J104725.1+010847,3808164540051860096,HotSubdwarf
UCAC4 559-141598,2838522277947188352,HotSubdwarf
EC 21252-6933,6396604577594337792,HotSubdwarf
EC 22438-6922,6384810597398421760,HotSubdwarf
PB  6168,2550973079312403712,HotSubdwarf
EC 04185-2212,4899152684971095808,HotSubdwarf
EC 21163-5431,6463566381913245184,HotSubdwarf
SBSS 1642+515,1413338325384928128,HotSubdwarf
KUV 03525+1019,3302955130527310464,HotSubdwarf
HE 0929-0424,3824889589379453312,HotSubdwarf
PB  5115,2679494173144971136,HotSubdwarf
PG 1121+145,3966702125228627200,HotSubdwarf
GALEX J103604.5+175010,3889959370410417408,HotSubdwarf
PHL   358,2625130126379502208,HotSubdwarf
EC 13231-3007,6181916514133975424,HotSubdwarf
EC 21424-6710,6397332316852305792,HotSubdwarf
SDSS J095613.20-030009.3,3823450461802296192,HotSubdwarf
GALEX J040942.9+274415,163105579251092992,HotSubdwarf
GALEX J173326.5+072755,4486980582134520960,HotSubdwarf
V* XY Sex,3769012442815626880,HotSubdwarf
PG 1743+477,1362888819188840320,HotSubdwarf
PG 2151+100,2726462767263155840,HotSubdwarf
EC 11575-1845,3566879187238687872,HotSubdwarf
EC 14370-0741,6330275610934411904,HotSubdwarf
2MASS J19232462+3802520,2052614623661449984,HotSubdwarf
BD+48  2721,2120323958447382272,HotSubdwarf
GALEX J101716.0+105123,3877379754797627776,HotSubdwarf
EC 12502-2859,6185038573105018368,HotSubdwarf
PHL   443,2437994896599568000,HotSubdwarf
PG 1137+470,786220877662239488,HotSubdwarf
FBS 2300+354,1915346403727521408,HotSubdwarf
PG 0902+057,580372234855320064,HotSubdwarf
LAMOST J042700.08-025301.6,3205579387177651072,HotSubdwarf
2MASS J02292256+5540548,457250400255056768,HotSubdwarf
GALEX J211531.4+123957,1746789866736764800,HotSubdwarf
EC 21348-4119,6578571037571060096,HotSubdwarf
GALEX J085912.1+025006,578222930140926208,HotSubdwarf
GALEX J172658.6+084112,4490523479180640000,HotSubdwarf
GALEX J121111.3+250106,4003163992390005248,HotSubdwarf
SBSS 1355+533,1513053657679422080,HotSubdwarf
PG 2244+153,2732552133240294272,HotSubdwarf
PG 0812+482,931348922106072704,HotSubdwarf
PG 1446+084,1173321671550500992,HotSubdwarf
GALEX J172602.9+310624,4599997179033306368,HotSubdwarf
PG 0039+104,2774528880143880960,HotSubdwarf
SDSS J220555.59+055735.8,2720511213901083264,HotSubdwarf
HS 2242+3206,1890677009230168704,HotSubdwarf
EC 20008-5200,6665811169201939840,HotSubdwarf
SDSS J091648.02+434704.3,818548959060555776,HotSubdwarf
GALEX J124035.4+232508,3956229135239721856,HotSubdwarf
EC 12466-2117,3502607612993408256,HotSubdwarf
LB   334,4598718623105968896,HotSubdwarf
HE 1315-2832,6183199060088034816,HotSubdwarf
EC 04260-7232,4653540341585376896,HotSubdwarf
PG 1111-077,3783517028410589056,HotSubdwarf
PG 1715+273,4574334135261377152,HotSubdwarf
LBQS 1434+0151,3655166702478073472,HotSubdwarf
Ton  168,1451833434359977216,HotSubdwarf
EC 03556-7819,4626127867436675328,HotSubdwarf
CBS 184,1491118331986338048,HotSubdwarf
GALEX J183929.4+422339,2110959456571565184,HotSubdwarf
EC 22129-5831,6411491174759214080,HotSubdwarf
GALEX J092301.0+061500,585903912214046336,HotSubdwarf
V* HK Cnc,604794342318395520,HotSubdwarf
KUV 05072+1249,3388371103647349632,HotSubdwarf
2QZ J133611.0-011156,3661801091215518080,HotSubdwarf
BPS CS 22891-0139,6639168696791514368,HotSubdwarf
PG 1425+590,1611954625518358272,HotSubdwarf
GALEX J160810.2+425844,1384984978521883392,HotSubdwarf
SDSS J225809.96+132004.4,2815877316280881152,HotSubdwarf
GALEX J200400.4-102112,4191051494285910784,HotSubdwarf
EC 12300-3224,3468539210847502336,HotSubdwarf
PG 0942-029,3826259821385575296,HotSubdwarf
SDSS J083425.05+063722.3,595649124290271616,HotSubdwarf
GALEX J110053.5+034623,3814942818784000000,HotSubdwarf
PG 2218+052,2708400230759920768,HotSubdwarf
GALEX J150412.3+763046,1702009987952564224,HotSubdwarf
PG 1635+533,1426527177814505600,HotSubdwarf
EC 05275-5809,4760261139199793792,HotSubdwarf
GALEX J220324.4+374947,1955730782921780224,HotSubdwarf
GALEX J104838.8+315405,737502337773847040,HotSubdwarf
GD 299,1021648582279419648,HotSubdwarf
GALEX J063452.6+371110,943173001432279040,HotSubdwarf
GALEX J210031.7+145213,1763176163404069632,HotSubdwarf
KPD 0553+1755,3350420665245789568,HotSubdwarf
LAMOST J054704.34+245114.3,3428575497937863808,HotSubdwarf
HE 0513-2354,2961224786311547264,HotSubdwarf
Cl* IC 2602      A      O,5239892128729208832,HotSubdwarf
[BFS85] 12h30  2B1,3683165697359683712,HotSubdwarf
GALEX J072501.4+270318,872695092069071360,HotSubdwarf
EC 04250-8533,4614319490511733120,HotSubdwarf
GALEX J180007.3+313438,4603104815507642752,HotSubdwarf
EC 04369-4616,4790020933234390016,HotSubdwarf
PG 1327-119,3610193859403101568,HotSubdwarf
EC 14563-1823,6305164139746020096,HotSubdwarf
HE 2205-1952,6822184640615803264,HotSubdwarf
PG 1124+123,3917380026471466112,HotSubdwarf
PG 1646+043,4434404508777174784,HotSubdwarf
GALEX J162624.9+162202,4466495787154763008,HotSubdwarf
LAMOST J202623.04+092012.7,1752454585005332992,HotSubdwarf
GALEX J160450.4+051909,4425629890591370240,HotSubdwarf
2QZ J134600.0+013557,3664830000936486784,HotSubdwarf
GD 1317,2407877963149224192,HotSubdwarf
PG 2120+062,1738839706176599680,HotSubdwarf
EC 11510-2806,3486930844924926592,HotSubdwarf
GALEX J201318.8-120119,6880570941438210176,HotSubdwarf
PG 1607+174,1198927755470384128,HotSubdwarf
GALEX J125941.8-003928,3689100350025605888,HotSubdwarf
EC 04449-4412,4814408753973221632,HotSubdwarf
GALEX J163416.6+214458,1297916546800376320,HotSubdwarf
UCAC4 450-010156,3221394624991995648,HotSubdwarf
UCAC4 580-120114,1799422182690088960,HotSubdwarf
EC 21521-5752,6412318385460665984,HotSubdwarf
PG 0023+299,2859056963265425664,HotSubdwarf
EC 21311-7500,6370371123508183168,HotSubdwarf
GALEX J201337.6+092801,4299431347569705216,HotSubdwarf
SDSS J171314.08+404108.9,1341909823796956672,HotSubdwarf
GALEX J163509.1+000235,4383457984669446400,HotSubdwarf
HE 0444-4945,4784841099596111360,HotSubdwarf
UCAC4 562-038236,3367827072481260416,HotSubdwarf
Ton S 148,2316462680926136960,HotSubdwarf
GALEX J160951.7+123241,4458045348803628928,HotSubdwarf
GALEX J145734.4+034800,1155001746247388800,HotSubdwarf
PG 2146+087,2725882156404263808,HotSubdwarf
EC 11585-1831,3566907671461809792,HotSubdwarf
GALEX J082159.0+411228,915423316515904384,HotSubdwarf
EC 10479-2714,5457394701402238336,HotSubdwarf
PG 0833+211,664631178147534720,HotSubdwarf
KUV 02340+3734,333721334018183296,HotSubdwarf
GALEX J023413.1+234211,89920844058789888,HotSubdwarf
EC 21292-5934,6458289756891994240,HotSubdwarf
GALEX J021708.6+434053,351536441749571200,HotSubdwarf
FBS 2212+335,1905322847710786432,HotSubdwarf
PG 1647+056,4440839576673984768,HotSubdwarf
GALEX J160741.2+254220,1315183998957515904,HotSubdwarf
GALEX J102741.5+344017,749690011850710528,HotSubdwarf
GALEX J112818.1+253353,3994290207703911424,HotSubdwarf
PHL   699,2340386610838189952,HotSubdwarf
PB  7409,2610429514181981056,HotSubdwarf
KUV 02226+2835,130950357400044800,HotSubdwarf
Cl* NGC 6752     CL    3781,6638329150942251648,HotSubdwarf
EC 12066-3225,3466283837622032512,HotSubdwarf
LAMOST J210401.41+343636.2,1866437416413601280,HotSubdwarf
LAMOST J062830.43+112018.4,3331029094063986688,HotSubdwarf
EC 14466-1058,6325421301457687296,HotSubdwarf
EC 04042-7604,4628627126086089216,HotSubdwarf
PG 1455-069,6333388770734074368,HotSubdwarf
PG 1011+649,1053635986871988096,HotSubdwarf
ATO J291.5394+37.3356,2051770507972278016,HotSubdwarf
PG 0212+143,75811331030771200,HotSubdwarf
GALEX J072138.8+054422,3140865744837849216,HotSubdwarf
EC 03274-3614,4860627068844110848,HotSubdwarf
UCAC2   1392980,5840975310048401152,HotSubdwarf
GALEX J194134.2+490713,2134814873168131200,HotSubdwarf
EC 11162-1808,3558024304704354560,HotSubdwarf
GALEX J135313.8-031554,3657360537413084672,HotSubdwarf
SDSS J102712.83+204422.5,720916033069748608,HotSubdwarf
GALEX J212544.4+202812,1790336673293954176,HotSubdwarf
GALEX J104551.6+092052,3869284669158029824,HotSubdwarf
2MASS J19441275+5029393,2135353702585217920,HotSubdwarf
PHL   846,2349703391334814336,HotSubdwarf
FBS 0050+406,374971196360866816,HotSubdwarf
HE 0510-4023,4819166924905831040,HotSubdwarf
PG 0240+066,18690877333956992,HotSubdwarf
EC 05281-5635,4766451767621692288,HotSubdwarf
UCAC4 616-033982,3439445854003662592,HotSubdwarf
PG 1623+386,1332156747638095488,HotSubdwarf
PHL   529,2634058882351683968,HotSubdwarf
GALEX J164157.5+205724,4564266693261925120,HotSubdwarf
PSO J327.0507+32.4585,1946414341722524672,HotSubdwarf
FBS 1822+414,2111414615727863296,HotSubdwarf
GALEX J130551.3-365700,6142696174161417600,HotSubdwarf
LAMOST J064711.24+132213.2,3352595366104656384,HotSubdwarf
PG 1639+338,1326422863218478592,HotSubdwarf
V* IQ Cam,275533323251882496,HotSubdwarf
GALEX J215759.6-333506,6588673900161571584,HotSubdwarf
GALEX J081406.8+201900,675664193216392704,HotSubdwarf
GALEX J223520.6+292033,1888217298640930176,HotSubdwarf
GALEX J092436.4+040135,3845783776345263104,HotSubdwarf
HE 0437-5439,4777328613382967040,HotSubdwarf
GALEX J160835.7+045345,4437554369072475008,HotSubdwarf
PG 1314+442,1526435779341870720,HotSubdwarf
NGC  1647    25,3409907852079284096,HotSubdwarf
EC 02396-8215,4619609820772006272,HotSubdwarf
FBS 1703+649,1632316034677934720,HotSubdwarf
FBS 2250+431,1934660360560498816,HotSubdwarf
HD 338808,2021812874887573504,HotSubdwarf
2MASS J07294965-0004087,3062447063715980672,HotSubdwarf
HS 2100+0650,1737015070927018368,HotSubdwarf
GALEX J120028.4+195621,3999225919696945024,HotSubdwarf
PG 1431-079,6330203382468561792,HotSubdwarf
HD  51155,2922404535435790208,HotSubdwarf
SDSS J062336.21+642729.9,1007651726243215488,HotSubdwarf
[CCS88] 1631.1+3934,1332643345956089856,HotSubdwarf
GALEX J170756.6+344901,1338209318630924672,HotSubdwarf
GALEX J082428.3+512602,1028374599849118976,HotSubdwarf
PG 2050+001,4227589468264804224,HotSubdwarf
GALEX J063659.1+832025,1143819231956642816,HotSubdwarf
GALEX J063714.1+422254,958032042088084992,HotSubdwarf
GALEX J031225.9+001018,3266056344931280512,HotSubdwarf
SDSS J092744.74+232402.8,639140238006097024,HotSubdwarf
GALEX J083212.0+122057,602793579048797312,HotSubdwarf
GALEX J130625.0+131602,3737756312239894016,HotSubdwarf
EC 11590-2523,3487720088115258368,HotSubdwarf
GALEX J101011.0+175534,623353003377798144,HotSubdwarf
GALEX J233913.9+134215,2765108092719568384,HotSubdwarf
BPS CS 22955-0079,6848145828137560832,HotSubdwarf
HE 2213-2212,6819214275593537920,HotSubdwarf
EVR-HSD-012,5252661788043512320,HotSubdwarf
GALEX J185535.1-414742,6716184298001038976,HotSubdwarf
GALEX J145614.5+165740,1188049561085487872,HotSubdwarf
UCAC4 620-003495,314106974290607104,HotSubdwarf
GALEX J035306.9+164848,43520323793261440,HotSubdwarf
LB  1558,4979061719744699264,HotSubdwarf
EC 21314-7228,6371296328183553664,HotSubdwarf
LBQS 1430+0132,3655054139974647424,HotSubdwarf
Gaia DR3 3356281444476864000,3356281444476864000,HotSubdwarf
PG 1315+013,3688205858661236352,HotSubdwarf
US 3538,270827752800896,HotSubdwarf
PHL  1548,5162123052784577536,HotSubdwarf
PG 1708+142,4544858255744488192,HotSubdwarf
PG 0032+247,2806716288482418048,HotSubdwarf
SDSS J163258.82+430346.7,1405244442336072448,HotSubdwarf
GALEX J152351.7-060934,6322703991612652160,HotSubdwarf
Ton  817,1304445275047376640,HotSubdwarf
PG 1056+324,736957808935190656,HotSubdwarf
GALEX J020447.1+272903,107344877838785408,HotSubdwarf
EC 20379-2948,6795208432068641920,HotSubdwarf
PG 2132+095,1741581170917641728,HotSubdwarf
KPD 2055+3111,1864830136570923904,HotSubdwarf
GALEX J062704.9+345809,942463434178440576,HotSubdwarf
UCAC4 522-018461,3346893264443563776,HotSubdwarf
PHL    56,2674375602920684032,HotSubdwarf
GALEX J225130.6+235028,2837201382229593984,HotSubdwarf
SDSS J072633.78+161305.4,3169452428683647360,HotSubdwarf
HS 0040+4417,387992437690797696,HotSubdwarf
SDSS J204042.89+144532.5,1762434023119371264,HotSubdwarf
EC 13332-1424,3606391855569314432,HotSubdwarf
PG 1711+565,1432782883580373504,HotSubdwarf
GALEX J131014.6+115508,3736613683435881216,HotSubdwarf
PG 1255+547,1570270249924113408,HotSubdwarf
GALEX J204934.3+010109,4228533772659743104,HotSubdwarf
UCAC4 593-008230,121811255405332352,HotSubdwarf
PG 1401+289,1452740084776034944,HotSubdwarf
PG 1100-142,3563664936793370240,HotSubdwarf
GALEX J221422.9+190510,1777865638749839232,HotSubdwarf
KUV 07571+4233,922387421303429248,HotSubdwarf
Ton  327,666366825970985088,HotSubdwarf
KUV 02129+2907,108002248353357312,HotSubdwarf
PG 1309-078,3628235887437668480,HotSubdwarf
SBSS 0956+492,823514280556236032,HotSubdwarf
KPD 0629-0016,3120020756721373568,HotSubdwarf
EC 23105-2702,2379665903530736512,HotSubdwarf
EC 20217-5704,6468929937072637312,HotSubdwarf
PG 1629+179,4467169787783133312,HotSubdwarf
GALEX J074433.2+595938,1086079547054989184,HotSubdwarf
HS 2357+2201,2847977322031768832,HotSubdwarf
BPS CS 22943-0127,6679173843252572672,HotSubdwarf
PB  4397,3705183486425328896,HotSubdwarf
EC 22046-5248,6509784250107379968,HotSubdwarf
GALEX J165924.8+273244,1306852479661771648,HotSubdwarf
EC 11022-1357,3564047150227388416,HotSubdwarf
EC 10025-1343,5686634384640325632,HotSubdwarf
EC 19304-5337,6645111522780250368,HotSubdwarf
FBS 2314+420,1936576053412987648,HotSubdwarf
GALEX J171114.1+111905,4540799472993118848,HotSubdwarf
UCAC4 696-066894,2129739699292289152,HotSubdwarf
US 1269,915056977280708096,HotSubdwarf
EC 10566-2113,3549863282726168576,HotSubdwarf
GALEX J212504.9-000206,2687886088269786112,HotSubdwarf
GALEX J152826.8+172755,1207980408361558400,HotSubdwarf
SDSS J082856.17-040748.6,3066530267645821440,HotSubdwarf
GALEX J153526.1+211441,1211366667953907328,HotSubdwarf
UCAC4 566-028577,3382340316731002368,HotSubdwarf
HZ 32,1517524890432603520,HotSubdwarf
EC 23317-7354,6379745044249965824,HotSubdwarf
GALEX J094533.8+395215,801197527406744192,HotSubdwarf
GALEX J011829.4+380947,321978476818126336,HotSubdwarf
KIC 6522967,2101699330987325184,HotSubdwarf
BPS CS 22182-0037,4891033684953481600,HotSubdwarf
EC 21284-4214,6578803240683589888,HotSubdwarf
CPD-56   464,4728205083850345472,HotSubdwarf
Ton  640,3956305349435241856,HotSubdwarf
Balloon  90100002,1884813859177653888,HotSubdwarf
LAMOST J065446.63+244926.8,3381286602335612416,HotSubdwarf
PG 1224+583,1574846932714731008,HotSubdwarf
HS 1926+6947,2261817262264874752,HotSubdwarf
PG 0209+017,2514278566658235776,HotSubdwarf
UCAC4 657-066324,2110657846788700288,HotSubdwarf
PG 1451+397,1296418427846820608,HotSubdwarf
GALEX J184242.4+440405,2117331573132975360,HotSubdwarf
FBS 1539+355,1374324770909412224,HotSubdwarf
GALEX J232336.2+451303,1937879932466496896,HotSubdwarf
KUV 02222+3124,132640654664432256,HotSubdwarf
PG 1629+081,4440145853560129408,HotSubdwarf
GALEX J000645.5+250738,2850115386816340992,HotSubdwarf
EC 22469-6556,6392356167742810240,HotSubdwarf
PG 2349+002,2642341469085008000,HotSubdwarf
GALEX J073712.2+264225,872072016870129024,HotSubdwarf
GD 1651,2328770270489756288,HotSubdwarf
HS 1552+6333,1640097759502807936,HotSubdwarf
GALEX J222009.7-092709,2615282934601046400,HotSubdwarf
EC 13293-3150,6169416097718933376,HotSubdwarf
PG 0822+645,1090955885420336128,HotSubdwarf
HE 0340-3820,4856269326305652864,HotSubdwarf
UCAC4 648-107111,1953965379566626816,HotSubdwarf
HS 2043+0615,1735991253803944960,HotSubdwarf
GALEX J082726.2+511528,1028172255349636608,HotSubdwarf
2MASS J02483754+3113561,130178779413816448,HotSubdwarf
LB  3275,4721278675990941824,HotSubdwarf
KPD 2026+2316,1830964388160536064,HotSubdwarf
JL 277,4935975569903358848,HotSubdwarf
GALEX J180818.6-650853,6629436197824489984,HotSubdwarf
PG 1525+024,4420981434602491520,HotSubdwarf
GALEX J012145.2+265647,296407654581453824,HotSubdwarf
US  633,1463283748452789376,HotSubdwarf
PG 1614+378,1330666114811735936,HotSubdwarf
GALEX J170045.5+604307,1438019028534240128,HotSubdwarf
[CW83] 0904-02,5762960596350664832,HotSubdwarf
EC 13359-1245,3607214938805908480,HotSubdwarf
GALEX J173606.2+315842,4600926644314868992,HotSubdwarf
EC 02525-7042,4645870835663545856,HotSubdwarf
PHL   224,2616240643588448768,HotSubdwarf
LB   270,1662154581230639232,HotSubdwarf
PG 1104+022,3811454553720276224,HotSubdwarf
SDSS J213401.57-010439.5,2686821967172724096,HotSubdwarf
PG 0016+285,2857359660909486080,HotSubdwarf
HD  80836,5423606429907319680,HotSubdwarf
SDSS J123932.97+132054.5,3932206489799836928,HotSubdwarf
LAMOST J071702.12+065233.6,3153235315070888064,HotSubdwarf
GALEX J094839.0+220725,640415980732444416,HotSubdwarf
GALEX J072614.7+415748,948799026336534784,HotSubdwarf
PG 1653+633,1631599702851400448,HotSubdwarf
BPS CS 30308-0017,6675436259631424896,HotSubdwarf
SDSS J011808.05+300647.7,309815580407127808,HotSubdwarf
GALEX J084316.4+250340,690626278727938304,HotSubdwarf
GALEX J074458.1+324300,881914840670141696,HotSubdwarf
FBS 0843+364,717837610967127424,HotSubdwarf
PG 2345+241,2851337120328784128,HotSubdwarf
PG 0958-116,3766481985523752320,HotSubdwarf
PG 0052+058,2553323049193849856,HotSubdwarf
GALEX J155642.4+055939,4426709512228057984,HotSubdwarf
PB  3700,1286012886023828224,HotSubdwarf
GALEX J073435.8+423901,924844967231016832,HotSubdwarf
EC 20394-6042,6454591412094029824,HotSubdwarf
HS 0457+0907,3291164582009541376,HotSubdwarf
PHL  4265,5127043031220599936,HotSubdwarf
EC 21422-3231,6592736629986454016,HotSubdwarf
LAMOST J075922.99+164601.6,667308798199419776,HotSubdwarf
JL  98,6345451551457795968,HotSubdwarf
GALEX J115122.2+192630,3975353009701109760,HotSubdwarf
PG 1636+216,1297746981491158272,HotSubdwarf
FBS 2347+385,2881551562420806784,HotSubdwarf
UVEX J193951.69+302600.7,2032883548224463104,HotSubdwarf
EC 21439-3128,6592946838570428416,HotSubdwarf
SDSS J235939.60+290755.1,2855172732282598144,HotSubdwarf
GALEX J090028.5-110438,5737143547934784384,HotSubdwarf
SDSS J113002.66+145115.1,3966385530303735040,HotSubdwarf
GALEX J211742.2-000619,2689440797710883584,HotSubdwarf
GALEX J074314.0+403350,923503803562868608,HotSubdwarf
GALEX J153251.2+050535,4428750240167146496,HotSubdwarf
GALEX J220548.0-351939,6587335519633433472,HotSubdwarf
LB    28,1466310360366357760,HotSubdwarf
PG 1616+144,4463625890008114944,HotSubdwarf
CSO 1017,1459128419133175168,HotSubdwarf
CBS 250,1373881186687373696,HotSubdwarf
PG 2116+008,2691204212499446272,HotSubdwarf
CD-35 15910,2312392250224668288,HotSubdwarf
PG 1706+357,1338462275026502400,HotSubdwarf
PG 1323+391,1476298186553761664,HotSubdwarf
GALEX J072455.7+125301,3163190946185170816,HotSubdwarf
UCAC4 461-044249,3078888851357039360,HotSubdwarf
GALEX J233406.1+462250,1937670612940958080,HotSubdwarf
BPS BS 17587-0115,5685954371058159616,HotSubdwarf
PG 2204+127,2728745452186497408,HotSubdwarf
Ton  139,1463780590268542592,HotSubdwarf
EC 04403-5811,4774297672143006592,HotSubdwarf
UCAC4 462-033877,3135810671409226368,HotSubdwarf
GALEX J161418.9+261629,1315625899552904704,HotSubdwarf
HE 0321-0918,5167920915036203008,HotSubdwarf
KUV 07073+3235,890320572701102592,HotSubdwarf
EC 20056-6305,6430467645944473344,HotSubdwarf
GALEX J131934.6+092947,3732165295612609024,HotSubdwarf
SDSS J153237.93+275636.9,1272351694567455360,HotSubdwarf
UCAC4 572-039634,869890070404469760,HotSubdwarf
BPS CS 22964-0020,6691260843297001088,HotSubdwarf
SDSS J220427.84+045612.2,2696218874579711744,HotSubdwarf
Balloon  93738002,2841123516300777856,HotSubdwarf
PG 1147-085,3588873646042693376,HotSubdwarf
EC 03482-8413,4615393537281913728,HotSubdwarf
GALEX J131353.7+390306,1523214210272291328,HotSubdwarf
EC 20577-5504,6458088786782625024,HotSubdwarf
SDSS J203512.88+152029.2,1810738833104703488,HotSubdwarf
BPS CS 29504-0046,5017376779394327936,HotSubdwarf
Ton S 374,5085311307908331008,HotSubdwarf
EC 12426-2926,3494806784153077504,HotSubdwarf
HS 1806+5024,2124662704347202944,HotSubdwarf
PB  4030,1248774660573662976,HotSubdwarf
LB  1721,4779307463731785088,HotSubdwarf
EC 04399-1826,2978785258317207168,HotSubdwarf
PG 1038+510,836644480912524288,HotSubdwarf
PG 1350+372,1495329392800826624,HotSubdwarf
SBSS 1240+507,1567759068446209152,HotSubdwarf
HD 201018,6776057099878684416,HotSubdwarf
GALEX J152538.1+134200,1170648346466710912,HotSubdwarf
UCAC4 603-133517,1897605753551541504,HotSubdwarf
GALEX J155155.1+092345,4455398961754376704,HotSubdwarf
UCAC4 600-130602,1850084998438797312,HotSubdwarf
2QZ J131513.7-012653,3686502371552972160,HotSubdwarf
EC 21416-6027,6410174234706951808,HotSubdwarf
GALEX J212424.3+150619,1783474797319468032,HotSubdwarf
PG 1558+449,1384851873191110784,HotSubdwarf
KUV 01558-0731,2466422907175028608,HotSubdwarf
EC 22209-3253,6601578971216415104,HotSubdwarf
PG 1659+442,1358303924420496768,HotSubdwarf
GALEX J161114.9+052255,4437685215254625408,HotSubdwarf
GALEX J093502.0-245906,5661517141015578112,HotSubdwarf
2QZ J122057.4-012643,3694958303165266048,HotSubdwarf
PHL  2031,6606802922758408576,HotSubdwarf
SBSS 1333+561,1562564455823571200,HotSubdwarf
GALEX J174246.9+192608,4552341394446464000,HotSubdwarf
HE 0414-5429,4779256473879923072,HotSubdwarf
LB   254,861131120258998656,HotSubdwarf
EC 09319-1339,5689792942245393792,HotSubdwarf
KUV 08483+3211,706782777463722880,HotSubdwarf
GALEX J171540.3+342255,1334991769651067904,HotSubdwarf
EC 11423-2852,3480643115883081344,HotSubdwarf
GALEX J093549.7+544101,1021542891724288128,HotSubdwarf
LAMOST J031756.92+322950.4,125093503772825856,HotSubdwarf
GALEX J173513.0+171652,4550021970370194688,HotSubdwarf
PG 1444+487,1591482165686555520,HotSubdwarf
HS 0707+8225,1142767759538804608,HotSubdwarf
PG 1017+431,805690720332579456,HotSubdwarf
BPS CS 29501-0054,6775851907817655424,HotSubdwarf
PG 1413+421,1492192692285509376,HotSubdwarf
FBS 0255+379,142389199635140864,HotSubdwarf
GALEX J140155.3-751333,5790285036556643072,HotSubdwarf
GALEX J224624.6+005041,2653730962143583872,HotSubdwarf
SDSS J073546.72+410350.4,924469548432996992,HotSubdwarf
GALEX J221607.1+150338,2735467282163538944,HotSubdwarf
GALEX J024414.4+300723,129720592299213056,HotSubdwarf
FBS 2222+394,1908933472097863808,HotSubdwarf
KUV 08555+3634,718402897382488192,HotSubdwarf
PG 0958-119,3766459205017226240,HotSubdwarf
KUV 15565+1931,1203338412004998016,HotSubdwarf
CD-38   222,5000760581717433088,HotSubdwarf
BPS CS 22898-0031,6833435565146836864,HotSubdwarf
CHSS 3072,2812551023024830720,HotSubdwarf
GALEX J135836.9+184923,1246428994250680448,HotSubdwarf
GALEX J204922.5-000134,4227562663372975488,HotSubdwarf
GALEX J224856.1+300901,1887799827818370816,HotSubdwarf
SDSS J142645.42-023155.3,3643406467841373824,HotSubdwarf
GALEX J114434.9+550438,841328602308941184,HotSubdwarf
LB  1766,4782839331302068224,HotSubdwarf
GALEX J100535.8+223952,630032463502395776,HotSubdwarf
EC 20334-1425,6875517517274727808,HotSubdwarf
GALEX J172445.5+113224,4492298675061523712,HotSubdwarf
PG 0950+158,616743220508208896,HotSubdwarf
GALEX J163826.3+111219,4447156747714724736,HotSubdwarf
GALEX J160536.1-304915,6037011326971362304,HotSubdwarf
UCAC4 500-011244,3386721595688088192,HotSubdwarf
EC 20400-2420,6806518489708773120,HotSubdwarf
UCAC4 557-033009,3378155777335873664,HotSubdwarf
GALEX J092447.0+231917,639171814606295424,HotSubdwarf
Ton  1281,723000539612586752,HotSubdwarf
SDSS J001930.35+135530.6,2768166861051795456,HotSubdwarf
PG 1537-046,4400811306108496000,HotSubdwarf
GALEX J173341.6+071805,4486951067119146112,HotSubdwarf
PHL   615,2414485448212792064,HotSubdwarf
GALEX J060715.7+643007,1008543468830111744,HotSubdwarf
LAMOST J065816.71+094343.1,3157967411257049728,HotSubdwarf
SDSS J182646.37+214925.9,4529250894356209152,HotSubdwarf
GALEX J104312.8+495850,835822866552679040,HotSubdwarf
GALEX J072516.9+283831,873508524515443328,HotSubdwarf
GALEX J070407.8+241159,3380673418444759936,HotSubdwarf
GALEX J172727.5+091215,4490580413265843328,HotSubdwarf
KUV 04284+0836,3287498917617511936,HotSubdwarf
PG 0026+047,2554910434747250944,HotSubdwarf
GALEX J220759.0+204506,1781407608084436352,HotSubdwarf
CD-24   731,5038258841667434752,HotSubdwarf
EC 13503-3138,6171734826007225216,HotSubdwarf
SDSS J203526.45+141948.3,1804436363732219520,HotSubdwarf
GALEX J203953.9-042445,6914563236760537984,HotSubdwarf
GALEX J101306.8+171837,622508612808169216,HotSubdwarf
UCAC4 509-017578,3342214632009904640,HotSubdwarf
BPS BS 17582-0060,3748738685350131456,HotSubdwarf
EC 09227-0921,5741327258397502592,HotSubdwarf
GALEX J104133.6+190312,3986217769426627712,HotSubdwarf
GALEX J161431.9+223545,1205741493449409152,HotSubdwarf
HE 0218-4447,4943532891278292864,HotSubdwarf
KUV 04369+1640,3313138360548062336,HotSubdwarf
SDSS J074313.24+423334.8,924315758539966848,HotSubdwarf
GALEX J173740.3+192222,4550885847209172736,HotSubdwarf
EC 22232-7436,6357884176109654912,HotSubdwarf
EC 19513-3813,6691830111146008576,HotSubdwarf
HS 2231+0749,2710029363395012224,HotSubdwarf
Ton  479,744087553430501120,HotSubdwarf
EC 20033-4941,6667441813665261696,HotSubdwarf
EC 20046-3939,6693553698701852544,HotSubdwarf
CD-32  1567,4883474679951350656,HotSubdwarf
HS 1203+6650,1681310444608684928,HotSubdwarf
BPS CS 22170-0035,2474030943524240256,HotSubdwarf
PG 0039+049,2554377961881706240,HotSubdwarf
SDSS J125116.04+151613.7,3931053209477862528,HotSubdwarf
LAMOST J052426.53+150514.3,3390739005017699968,HotSubdwarf
PG 1258-030,3685094588647559040,HotSubdwarf
GALEX J081531.1+245223,682305655764689408,HotSubdwarf
RL 114,201146826149598464,HotSubdwarf
EC 20126-3050,6701271965386757120,HotSubdwarf
GALEX J221518.3+163703,1775141422597602176,HotSubdwarf
GALEX J214307.3+005124,2693445390858014336,HotSubdwarf
Ton  96,1543006141129419648,HotSubdwarf
[L92b] Mark A,6902139575705449344,HotSubdwarf
BPS CS 22955-0089,6799696054418030848,HotSubdwarf
PG 1650+706,1650122762927286656,HotSubdwarf
HE 0441-4436,4790412290654210304,HotSubdwarf
SDSS J135831.62+631455.4,1664821648546861696,HotSubdwarf
HD 275347,237650990146549760,HotSubdwarf
PG 2230+121,2730145371006786816,HotSubdwarf
GALEX J094420.0+153555,619570610363732736,HotSubdwarf
GD 1628,6556591593972415488,HotSubdwarf
GALEX J180940.4+234328,4578402912401974656,HotSubdwarf
GALEX J104148.9-073031,3762736048191497472,HotSubdwarf
PG 0113+259,294818409307323904,HotSubdwarf
SBSS 1532+547,1598042809833738496,HotSubdwarf
LB  1571,4925557113115041920,HotSubdwarf
CSO 1299,1532409357294653824,HotSubdwarf
PG 0322+115,16615171179593088,HotSubdwarf
2QZ J141705.3+013543,3666202328886984832,HotSubdwarf
GALEX J112630.0+212146,3978847841769970816,HotSubdwarf
2MASS J19380163+4649446,2128531679610988672,HotSubdwarf
HZ 15,3292574705672708864,HotSubdwarf
FBS 0106+374,369573831218501376,HotSubdwarf
GALEX J132632.2+155314,3745147749094117504,HotSubdwarf
GALEX J125004.2+453751,1530608357250761984,HotSubdwarf
GALEX J075711.8+134508,654222239006166656,HotSubdwarf
PHL   120,6817905341360668928,HotSubdwarf
KOI-4118,2129388572827118720,HotSubdwarf
UCAC4 510-027478,3352119140132751872,HotSubdwarf
PG 0229+064,19200191735883008,HotSubdwarf
HS 1839+7951,2294269378022011392,HotSubdwarf
PB  4133,1243915373230786560,HotSubdwarf
LAMOST J060000.23+112836.6,3342199204486994048,HotSubdwarf
LAMOST J023851.64+432309.5,340246759434370048,HotSubdwarf
ATO J103.9097+31.3944,889227112683938816,HotSubdwarf
GALEX J071210.8+404213,949159185114192384,HotSubdwarf
Ton S 225,5035737489706306944,HotSubdwarf
GALEX J151415.6-012925,4418186471748899200,HotSubdwarf
GALEX J033601.4+252625,69389186693079040,HotSubdwarf
BPS CS 22956-0032,6402944292920483584,HotSubdwarf
PG 1508+443,1393813545792191360,HotSubdwarf
GALEX J080115.1+371404,907253154847553664,HotSubdwarf
2QZ J144300.2-005650,3651301541149185920,HotSubdwarf
PG 1702+099,4444499301127148032,HotSubdwarf
JL  34,6349320526717984768,HotSubdwarf
PG 2359+197,2846319155418023424,HotSubdwarf
2MASS J06210058-0256316,3117010293884948864,HotSubdwarf
SDSS J225608.53+085351.9,2714633259098801536,HotSubdwarf
HS 2333+3927,1920513288042722432,HotSubdwarf
EC 23019-4751,6539302529543326592,HotSubdwarf
HE 1441-0558,6336921024852699648,HotSubdwarf
GALEX J165128.4+115637,4448616697294573952,HotSubdwarf
GALEX J225913.4+055004,2663673364756881152,HotSubdwarf
GALEX J170338.5+223634,4571188157616617344,HotSubdwarf
Ton  317,708829002962898304,HotSubdwarf
EC 04253-8213,4615905291220221184,HotSubdwarf
GALEX J113158.4+321313,4025199545440098688,HotSubdwarf
PG 1051+501,832980633290384256,HotSubdwarf
JL 204,4634669286077892224,HotSubdwarf
BPS CS 22173-0016,5096378407836945408,HotSubdwarf
GALEX J173146.1+073454,4487161657955329408,HotSubdwarf
EC 11329-1554,3548370214655310976,HotSubdwarf
GALEX J165355.5+245635,4572666515422280064,HotSubdwarf
Ton  183,1454323415879594368,HotSubdwarf
EC 14294-1402,6299273574919162880,HotSubdwarf
EC 05243-3449,4822902893615171328,HotSubdwarf
GALEX J091018.8+292148,698565611673333504,HotSubdwarf
HE 0447-3654,4818695848592414976,HotSubdwarf
LBQS 1437+0234,3655550397676018688,HotSubdwarf
LBQS 1212+1407,3921037277023770752,HotSubdwarf
GALEX J161143.0+122953,4457373959515856640,HotSubdwarf
Gaia DR3 3152632404742410496,3152632404742410496,HotSubdwarf
GALEX J164806.3-044725,4353523544382401408,HotSubdwarf
GALEX J103013.7+124450,3883899824390999680,HotSubdwarf
EC 03130-7000,4646145881072996352,HotSubdwarf
GALEX J175340.5-500741,5947131955116293760,HotSubdwarf
FBS 2227+379,1907809668134675712,HotSubdwarf
Ton S 17,6790972185563668864,HotSubdwarf
EC 20111-6902,6423111535197509120,HotSubdwarf
CBS 356,1515296828902620928,HotSubdwarf
PG 1559+222,1206171681670509568,HotSubdwarf
PG 1611+090,4452964853466754048,HotSubdwarf
PG 0833+699,1118424709538907648,HotSubdwarf
EC 04188-5411,4779232318983782784,HotSubdwarf
UCAC4 613-036006,3436238720320660224,HotSubdwarf
SDSS J203847.89+145707.5,1810487422896627712,HotSubdwarf
FBS 0314+372,235323736345986176,HotSubdwarf
UCAC4 626-023490,183644937494792320,HotSubdwarf
KUV 12485+2825,3962010509113275904,HotSubdwarf
PG 1351+139,3728878722213437184,HotSubdwarf
EC 05138-3314,4826145628283417344,HotSubdwarf
PG 2102+037,1732781362750890496,HotSubdwarf
PG 1134+463,785980977968930560,HotSubdwarf
TYC 2405-1118-1,3444598749605672064,HotSubdwarf
PHL   383,6624702899044054784,HotSubdwarf
EC 14190-2417,6272627421720970752,HotSubdwarf
GALEX J063952.0+515658,992534888766785024,HotSubdwarf
EC 13447-1531,6295840311205697024,HotSubdwarf
EC 21281-5010,6466786576593357440,HotSubdwarf
GALEX J154118.7+041711,4427653576101500544,HotSubdwarf
LB   926,1654392643319054464,HotSubdwarf
GALEX J070615.6+420043,951027770765501568,HotSubdwarf
GALEX J023652.5+254231,126231459651936384,HotSubdwarf
GALEX J080453.7+301607,876899384015459456,HotSubdwarf
KUV 06591+3034,888223499085060096,HotSubdwarf
GALEX J163453.0+394758,1331923960410274944,HotSubdwarf
GALEX J041149.0+152259,3311822554365339776,HotSubdwarf
GALEX J022454.8+010938,2501511789255397248,HotSubdwarf
Ton  264,1300318189433312000,HotSubdwarf
LAMOST J062812.03+374234.5,955354555180532608,HotSubdwarf
GALEX J091508.1-155438,5731011051894375296,HotSubdwarf
SDSS J164227.64+362148.4,1328042336472198016,HotSubdwarf
2MASS J08373310+0302100,3080005199256969984,HotSubdwarf
EC 21339-5808,6459013063744303232,HotSubdwarf
SDSS J030749.26+411401.6,239963297458869504,HotSubdwarf
GALEX J153540.2+173458,1209265741750054656,HotSubdwarf
2MASS J06112861+4852008,970006166095484928,HotSubdwarf
CHSS 3354,2786822824596083456,HotSubdwarf
EC 03143-5945,4723810851270083072,HotSubdwarf
FBS 0046+395,368884712306195584,HotSubdwarf
PG 1729+500,1366533631515180032,HotSubdwarf
KPD 2040+3955,2064522751202948992,HotSubdwarf
ATO J007.4749+50.5419,391755859836391680,HotSubdwarf
BPS CS 22874-0014,6271886011582368256,HotSubdwarf
LB  3464,4759743097424317184,HotSubdwarf
GALEX J025155.8+011218,2499134404598151296,HotSubdwarf
Ton  30,742363828436051456,HotSubdwarf
PG 2128+089,1741911299283825408,HotSubdwarf
GALEX J050759.6+052758,3239171705085395072,HotSubdwarf
UCAC4 536-043426,3169072650493941248,HotSubdwarf
PG 1506+757,1701053481555512192,HotSubdwarf
LAMOST J055814.17+464025.3,197796403761616256,HotSubdwarf
GALEX J071314.5+173459,3360729067791609216,HotSubdwarf
GALEX J161832.1+100655,4453531273753497472,HotSubdwarf
GALEX J181027.8+415413,2113506200378734848,HotSubdwarf
KUV 12562+2839,1463835561553990400,HotSubdwarf
SDSS J202942.46+132628.3,1803947046700046592,HotSubdwarf
PG 0942+461,821254857177030272,HotSubdwarf
SDSS J080758.25+272434.3,683766356962547840,HotSubdwarf
SDSS J192558.39+383252.4,2052733783234695552,HotSubdwarf
GALEX J000406.0+230148,2848140084112307968,HotSubdwarf
GALEX J171104.4+114556,4540919083539644672,HotSubdwarf
PG 0948+187,627133532376016896,HotSubdwarf
PG 1127+746,1079203033831536000,HotSubdwarf
CD-28  7922,5465148904077059968,HotSubdwarf
BD+75   325,1135587497636732672,HotSubdwarf
SDSS J180935.28+223540.2,4577987468809529472,HotSubdwarf
SBSS 0954+540,828645907481743744,HotSubdwarf
BPS CS 22874-0001,6222249486859838592,HotSubdwarf
BPS BS 16090-0038,1507297920466713728,HotSubdwarf
GALEX J090639.9+025146,577487253783136384,HotSubdwarf
LAMOST J064701.65+690625.2,1106364196558262144,HotSubdwarf
BPS CS 22936-0346,6731365839161025408,HotSubdwarf
HS 0600+6602,1008782681328282112,HotSubdwarf
EC 21098-2121,6832029629076048640,HotSubdwarf
GALEX J015054.4+310745,304311150320629376,HotSubdwarf
FBS 2151+406,1959486508484951424,HotSubdwarf
EC 20343-2358,6854589550392320256,HotSubdwarf
GALEX J213301.8-004913,2686844855056858880,HotSubdwarf
GALEX J185840.2-675522,6433721203933491712,HotSubdwarf
SDSS J132432.37+320420.9,1469357759922416256,HotSubdwarf
LAMOST J024113.66+440629.4,340668284704251136,HotSubdwarf
SDSS J030607.95+382335.6,142548697540212352,HotSubdwarf
GALEX J232917.9+325348,2872558485019432320,HotSubdwarf
GALEX J160233.3+361345,1372348806779482752,HotSubdwarf
GALEX J231906.0+171110,2817915471538459008,HotSubdwarf
PG 2336+004,2645931305829355264,HotSubdwarf
GALEX J153748.7-020236,4403888216383250304,HotSubdwarf
PG 1649+356,1327056662952543232,HotSubdwarf
KUV 09436+3709,799601105242747136,HotSubdwarf
GALEX J001818.7+253744,2855634041833672960,HotSubdwarf
V* V391 Peg,1891930796082743680,HotSubdwarf
GALEX J161955.1+501912,1423634014829143680,HotSubdwarf
EC 03205-8214,4618721144795652736,HotSubdwarf
EC 22540-3324,6602969028791558016,HotSubdwarf
PG 1039-119,3757498318395098240,HotSubdwarf
HZ  3,3303143628052101120,HotSubdwarf
GALEX J160444.7+102802,4456601758755520512,HotSubdwarf
PB  3804,3925069976436756096,HotSubdwarf
JL 231,4927860005859630080,HotSubdwarf
PG 1408+098,3723006814724972416,HotSubdwarf
GALEX J152000.8+071349,1163254581741562240,HotSubdwarf
LB  2009,838579415218967552,HotSubdwarf
GALEX J070241.2+343800,939579041518246272,HotSubdwarf
PB  7032,2669326301928084992,HotSubdwarf
PG 2251+080,2713076900389693952,HotSubdwarf
GALEX J065733.7+485528,978878919990057472,HotSubdwarf
GALEX J145432.0+295650,1281976651853340288,HotSubdwarf
PG 1622+411,1380974582874497280,HotSubdwarf
EC 11429-2755,3481131539563682048,HotSubdwarf
FBS 2241+447,1982372258899219456,HotSubdwarf
GALEX J083435.4+134337,603338210965969280,HotSubdwarf
FBS 0021+418,382086995098288896,HotSubdwarf
SDSS J111438.57-004024.3,3791923099746830848,HotSubdwarf
EC 05242-2900,2906636679691633920,HotSubdwarf
HS 0657+5333,981727582818800128,HotSubdwarf
EC 20061-2907,6749755205491766784,HotSubdwarf
FBS 1930+872,2305063077513293824,HotSubdwarf
GALEX J152458.8+181940,1208904444805334400,HotSubdwarf
GALEX J072401.7+410321,948653787722982528,HotSubdwarf
PG 1707+657,1632504772720376320,HotSubdwarf
GALEX J161132.9+290039,1316998296222144768,HotSubdwarf
SDSS J151655.86+115500.3,1169948752128888704,HotSubdwarf
HS 2005+7933,2292094376519596800,HotSubdwarf
EC 20124-3607,6694581570275112064,HotSubdwarf
KK 345-30,6594952661312285824,HotSubdwarf
LS  IV +06    5,4306588038696593408,HotSubdwarf
GALEX J204023.3-000634,4228068820974464256,HotSubdwarf
PG 1338+481,1552221800914196480,HotSubdwarf
GALEX J103832.4+133848,3884769022692803072,HotSubdwarf
BPS CS 22959-0140,6439287618985307776,HotSubdwarf
GALEX J100740.1+454253,809998950485080192,HotSubdwarf
V* EQ Psc,2641111493529802496,HotSubdwarf
GALEX J163027.2+180233,4467142845451033600,HotSubdwarf
EC 20021-4542,6673318222279804160,HotSubdwarf
PG 2228+120,2730881326537936896,HotSubdwarf
2MASS J04195512+2801576,164444372096280192,HotSubdwarf
GALEX J134045.2+031341,3713342034501884032,HotSubdwarf
PG 0108+209,2790617926418523648,HotSubdwarf
HE 1450-0957,6325954083560780160,HotSubdwarf
EC 19342-6458,6440375345222603264,HotSubdwarf
LB  3280,4643834059092806016,HotSubdwarf
BD+77   564,1702141998067604096,HotSubdwarf
PSO J121.5293-20.1386,5713284901533463936,HotSubdwarf_Candidate
GALEX J014640.5+411826,347453684494319104,HotSubdwarf
GALEX J211151.8+111938,1745058135922732544,HotSubdwarf
EC 12495-1404,3525433405666659328,HotSubdwarf
GALEX J074902.8+124811,3152255890729006848,HotSubdwarf
HS 0016+0044,2547139876837313920,HotSubdwarf
HS 2233+2332,1876904938896587008,HotSubdwarf
EC 04172-1504,3175527092986672000,HotSubdwarf
PG 1619+522,1424736794927164544,HotSubdwarf
HS 0740+3734,895907607894131840,HotSubdwarf
GALEX J224635.2+304812,1888103396107540992,HotSubdwarf
EC 14354-2402,6278030490578671488,HotSubdwarf
EC 04507-3735,4818420700104434432,HotSubdwarf
Ton  203,1280665965273152000,HotSubdwarf
GALEX J102608.5-302615,5461243438777581568,HotSubdwarf
GALEX J235050.1+194628,2822474905740746240,HotSubdwarf
SDSS J171729.94+320718.8,1333535634003198848,HotSubdwarf
KUV 04262+0749,3287164253766135808,HotSubdwarf
2QZ J124346.4+002533,3702032560978038784,HotSubdwarf
SDSS J162657.96+132910.6,4460647514869355520,HotSubdwarf
LAMOST J022103.61+420359.7,339327262772374144,HotSubdwarf
KPD 2215+5037,2000888378318426496,HotSubdwarf
SBSS 1011+524A,851323029862473984,HotSubdwarf
HS 2213+1336,2734200064947455232,HotSubdwarf
GALEX J154641.8+062539,4429751100690649600,HotSubdwarf
2MASS J06551387+1556551,3355060020198388480,HotSubdwarf
Ton  1137,795785941630955392,HotSubdwarf
GALEX J214211.2+045456,2698467586312353408,HotSubdwarf
SDSS J185414.11+175200.2,4517402591424764800,HotSubdwarf
Feige  48,859683853719128192,HotSubdwarf
NAME GS 259-8,1928721966977837184,HotSubdwarf
HE 0231-3441,5062353402040897792,HotSubdwarf
PG 1502-103,6319696591088486784,HotSubdwarf
GALEX J204726.9-060326,6913349543425935232,HotSubdwarf
GALEX J203256.0+775718,2290960161556196352,HotSubdwarf
SDSS J164512.58+371900.3,1328205893121859328,HotSubdwarf
UCAC4 623-016944,176209799348981376,HotSubdwarf
GALEX J223857.1+743014,2231467614602883456,HotSubdwarf
GALEX J050650.6+193055,3407876749162251648,HotSubdwarf
GALEX J173812.4+263408,4594148468665436672,HotSubdwarf
PG 2212+027,2682922416040593664,HotSubdwarf
PB  5476,2756737648135244416,HotSubdwarf
GALEX J160324.5+095442,4454892847103592192,HotSubdwarf
PB  8949,2466635147278682112,HotSubdwarf
EC 21287-1508,6842243542341935488,HotSubdwarf
PSO J109.6820-02.4919,3060194160094589184,HotSubdwarf_Candidate
GALEX J214242.3+330453,1946937541760735872,HotSubdwarf
KUV 07592+3931,921064055980216320,HotSubdwarf
GALEX J212022.6-002407,2689361873391936640,HotSubdwarf
GALEX J125738.3+181724,3940888444067228288,HotSubdwarf
SDSS J214226.13+091307.5,1741352296404629888,HotSubdwarf
EC 12378-2603,3496411177778539776,HotSubdwarf
SDSS J113218.41+075103.0,3910733341242829952,HotSubdwarf
SBSS 1442+495,1591755325606144640,HotSubdwarf
KUV 01145-2228,2351623413515105920,HotSubdwarf
PG 0943+043,3848227342153889280,HotSubdwarf
SDSS J213003.57+120119.1,1745932758767891712,HotSubdwarf
SDSS J222710.74+401643.8,1909350633681498880,HotSubdwarf
SDSS J111917.41+050617.3,3813915703124711552,HotSubdwarf
GALEX J015421.9+490521,357580873780641920,HotSubdwarf
LAMOST J003948.83+522343.8,416183194274969856,HotSubdwarf
V* DV Lyn,915859960070594176,HotSubdwarf
EC 00328-4304,4992877113410561408,HotSubdwarf
SDSS J084423.12+075306.2,595523500790770688,HotSubdwarf
PG 0154+204,97013488627139328,HotSubdwarf
BPS CS 22885-0043,6693254326596860288,HotSubdwarf
GALEX J201404.8+055440,4249473116915706112,HotSubdwarf
PB  3778,3921797039558416384,HotSubdwarf
FBS 1730+390,1343631697662026112,HotSubdwarf
GALEX J173404.3+072653,4486976905642430976,HotSubdwarf
EC 21251-1255a,6891104778224376320,HotSubdwarf
Ton  823,892669202553105408,HotSubdwarf
GALEX J165634.7+231253,4566270725005564032,HotSubdwarf
HZ 19,4028634144887638016,HotSubdwarf
[B68b] 454,1517287773878778112,HotSubdwarf
EC 19585-6739,6427212473051667712,HotSubdwarf
GALEX J082053.6+000843,3077510098136276480,HotSubdwarf
SDSS J164125.48+364116.0,1328111743142862720,HotSubdwarf
GALEX J083603.8+155214,657873717121550976,HotSubdwarf
EC 21083-4052,6581567034958781056,HotSubdwarf
GALEX J133543.0+330559,1469167024717489152,HotSubdwarf
LAMOST J053033.03+112043.8,3340622921426651648,HotSubdwarf
GALEX J083241.9+483445,1026844633714419584,HotSubdwarf
UCAC4 709-095556,2004114070560436736,HotSubdwarf
EC 21366-3514,6589808871040462848,HotSubdwarf
Ton  425,697904599026844160,HotSubdwarf
GALEX J140803.1+242550,1257385799420125568,HotSubdwarf
GALEX J133456.0-332312,6168330153890961536,HotSubdwarf
2MASS J19364633+3825268,2052168226248438144,HotSubdwarf
Ton  390,698115121143554176,HotSubdwarf
US 1796,913941247857411840,HotSubdwarf
SBSS 1325+569,1565845574615276544,HotSubdwarf
BPS BS 16559-0077,4420741294390728448,HotSubdwarf
LAMOST J013134.51+323723.7,316170482737881728,HotSubdwarf
GALEX J115035.6+253205,4005548725736519424,HotSubdwarf
PG 1422+036,3668499109893566464,HotSubdwarf
PG 1038+139,3884805860627068672,HotSubdwarf
GALEX J040106.9+153546,40154478181532544,HotSubdwarf
GALEX J211148.7+132529,1759081066705508352,HotSubdwarf
PG 1609+013,4411466260978238208,HotSubdwarf
PG 1420+162,1229325163167270144,HotSubdwarf
EC 02181-6149,4701593569563170176,HotSubdwarf
SDSS J114417.52-012913.8,3793133460186223488,HotSubdwarf
GALEX J065629.8-532427,5497690015853206656,HotSubdwarf
GALEX J151254.6+150447,1183933367507840000,HotSubdwarf
2MASS J19565555+4350171,2079009641541181312,HotSubdwarf
GALEX J033842.9+302320,120354952254440960,HotSubdwarf
LAMOST J001937.00+513741.1,395064560905999872,HotSubdwarf
GALEX J073833.2+512845,982729822026188928,HotSubdwarf
PHL   244,6822573416760233216,HotSubdwarf
PB  6117,2549323124676105472,HotSubdwarf
EC 20442-3716,6778261315752428800,HotSubdwarf
BD+11  1113,3331584214294470784,HotSubdwarf
SDSS J172825.07+071717.3,4487080225375853184,HotSubdwarf
SDSS J074534.75+230659.7,867120671195412992,HotSubdwarf
BPS CS 31072-0095,4760991214921156224,HotSubdwarf
GALEX J163805.3+385218,1331627843889269120,HotSubdwarf
EC 13190-2128,6196222637879790592,HotSubdwarf
PB  8372,2374338189873269888,HotSubdwarf
EC 20042-5246,6665531824528918784,HotSubdwarf
FBS 0150+354,330261789400007040,HotSubdwarf
GALEX J183845.6-540935,6651115985843036800,HotSubdwarf
GALEX J170303.9+150818,4545907052398514432,HotSubdwarf
GALEX J123953.5+062853,3709894073412554880,HotSubdwarf
GALEX J095157.8+290341,744256294105498368,HotSubdwarf
EC 19205-5916,6446332842819137792,HotSubdwarf
PG 1554+222,1206214356465503616,HotSubdwarf
GALEX J075011.7+323342,881737376912059392,HotSubdwarf
SDSS J202858.21+145342.3,1804669941235318272,HotSubdwarf
EC 11446-3204,3479102287775290368,HotSubdwarf
GALEX J163845.1+295437,1311847835863480960,HotSubdwarf
PG 1448+485,1590723949339489024,HotSubdwarf
UCAC4 626-012131,221190923119953536,HotSubdwarf
GALEX J145419.3+020324,1154161513205594112,HotSubdwarf
GALEX J045213.2-091634,3186317459583337088,HotSubdwarf
2MASS J18410999+4050531,2110538446697630336,HotSubdwarf
EC 01258-7842,4631949403548551040,HotSubdwarf
LB   256,862792310530019328,HotSubdwarf
TYC 5859-1253-1,5143486571211401472,HotSubdwarf
EC 04556-5455,4776789822622277632,HotSubdwarf
PG 1030-104,3755690858717515520,HotSubdwarf
EC 15260-1232,6314662923777368064,HotSubdwarf
UCAC4 561-007652,64368713521485568,HotSubdwarf
PHL   531,2632518741439080192,HotSubdwarf
PB  5089,2682107811068484224,HotSubdwarf
PG 0242+132,31918414533148928,HotSubdwarf
[PS72]  75,6609121449184225536,HotSubdwarf
GALEX J082824.2+212557,664191231760782976,HotSubdwarf
GALEX J080027.6+472455,932902257158279296,HotSubdwarf
PHL  3274,2536325557206313728,HotSubdwarf
PG 1115-065,3784002290995760000,HotSubdwarf
KUV 01089-2650,5033849937478855680,HotSubdwarf
HE 0539-4246,4803001355195099648,HotSubdwarf
GALEX J072824.7+414953,948767385313600128,HotSubdwarf
EC 09376-1125,5691862150113852288,HotSubdwarf
GALEX J003739.0+000841,2543193278633873280,HotSubdwarf
SDSS J202054.08+135323.4,1804876649423173376,HotSubdwarf
GALEX J074347.9+334142,894110589280999040,HotSubdwarf
SDSS J220745.48+221640.5,1782869894125135232,HotSubdwarf
GALEX J023032.6-081438,5176530709556833792,HotSubdwarf
GALEX J044708.7+215327,3412738686500055296,HotSubdwarf
GALEX J054434.8+821413,557304167371416960,HotSubdwarf
FBS 2254+382,1928424823960328192,HotSubdwarf
PG 0011+221,2800515322070491008,HotSubdwarf
PG 1249+762,1692116238728076544,HotSubdwarf
GALEX J065010.4+282744,3385577927501748352,HotSubdwarf
SDSS J155817.58+535519.9,1405107523074286208,HotSubdwarf
LAMOST J202546.17+092158.7,1752452965799245952,HotSubdwarf
FBS 0311+365,139197008142829696,HotSubdwarf
KIC 8889318,2126511670593504256,HotSubdwarf
BPS CS 30339-0049,5004969168631169024,HotSubdwarf
EC 14215-1925,6283828803803214592,HotSubdwarf
LAMOST J021534.76+492537.5,355574058902192768,HotSubdwarf
GALEX J112939.4+254920,3994323777168467968,HotSubdwarf
PG 1636+428,1357192730481600000,HotSubdwarf
PG 0954+049,3849258301808844928,HotSubdwarf
BPS CS 22886-0032,2614428717145471616,HotSubdwarf
SDSS J151940.51+014457.1,4420704800053091840,HotSubdwarf
FBS 0250+394,143510907654193024,HotSubdwarf
GALEX J135857.9-080508,3619217658707087360,HotSubdwarf
GALEX J101613.3+240008,725596039889025024,HotSubdwarf
PG 1514+455,1395387531047157248,HotSubdwarf
UCAC4 547-016282,3400946935393688576,HotSubdwarf
GALEX J112201.8+242057,3993778492415795328,HotSubdwarf
PG 1020+142,3887269002896086016,HotSubdwarf
EC 13564-1747,6291350043157880192,HotSubdwarf
ATO J029.0051+40.0561,344155939885410816,HotSubdwarf
GALEX J162916.0+130742,4460578245637670016,HotSubdwarf
EC 14482-2251,6230431773219079424,HotSubdwarf
HZ  1,3406506723313874688,HotSubdwarf
PB  9303,5184112288907004928,HotSubdwarf
BPS CS 22173-0033,5092747133247311360,HotSubdwarf
KUV 09327+3937,812945469848631040,HotSubdwarf
EC 05313-5402,4768581590363727616,HotSubdwarf
EC 21408-3802,6586050534139990784,HotSubdwarf
SDSS J085422.39+013650.9,577615106369494528,HotSubdwarf
LAMOST J031934.34+465059.8,435169561065413120,HotSubdwarf
SDSS J184915.30+182123.7,4512248351478310912,HotSubdwarf
2MASS J21572292+1159080,2728427319664072704,HotSubdwarf
UCAC4 683-023808,244883165318232064,HotSubdwarf
EC 21435-6901,6396880864249861632,HotSubdwarf
PG 1245-042,3678715462701462144,HotSubdwarf
BPS CS 29506-0015,6833015169452060800,HotSubdwarf
GALEX J145352.9+100455,1174205644539507200,HotSubdwarf
GALEX J081818.8+182127,657211738106094976,HotSubdwarf
BPS CS 22897-0112,6401899550715021056,HotSubdwarf
SDSS J203426.11+141715.0,1804426365048206592,HotSubdwarf
PHL  1676,6830803025071485056,HotSubdwarf
KUV 13065+2739,1460109149144722944,HotSubdwarf
KUV 02290+3321,134510477267997952,HotSubdwarf
LBQS 1443-0215,3648652267882054656,HotSubdwarf
EC 11296-2431,3533771483377743104,HotSubdwarf
UCAC4 720-018112,456294237450819712,HotSubdwarf
PG 1632+088,4446201310768980096,HotSubdwarf
GALEX J083919.2+085606,596634626009611392,HotSubdwarf
GALEX J071424.1+401646,948386297158860416,HotSubdwarf
EC 04593-3210,4875239440938880896,HotSubdwarf
CPD-20  1123,2941993086693170176,HotSubdwarf
BPS CS 22950-0048,6879812999968424320,HotSubdwarf
GALEX J162411.5+312252,1319179314974807680,HotSubdwarf
GALEX J123731.5+355421,1518625398492628864,HotSubdwarf
EC 22487-3737,6547990629904283008,HotSubdwarf
GALEX J144208.8-224008,6278665291041382656,HotSubdwarf
LB  1695,4829463267180992256,HotSubdwarf
UCAC4 324-016451,2921084812241684608,HotSubdwarf_Candidate
SDSS J081715.40+235141.6,677695609668436736,HotSubdwarf
LSE 259,5929162911481089024,HotSubdwarf
KUV 08491+3726,717961821421526400,HotSubdwarf
PG 1544+488,1401621384019650560,HotSubdwarf
PG 0935-038,3824642199263291136,HotSubdwarf
GALEX J070134.1-671739,5280973147283545344,HotSubdwarf
2MASS J21555390+2028030,1780738112877673856,HotSubdwarf
GALEX J134352.1+394008,1499844842241901184,HotSubdwarf
FBS 0658+627,1099334782499029120,HotSubdwarf
LB  1598,4911021775553809664,HotSubdwarf
PG 1452+198,1237226700401153792,HotSubdwarf
PG 1637+346,1326708289565571200,HotSubdwarf
SDSS J151903.65+000104.1,4418820722455150720,HotSubdwarf
FBS 0804+773,1137558307806394240,HotSubdwarf
SDSS J225654.02+074449.7,2712236800492157184,HotSubdwarf
GALEX J165157.1+262551,1306498097616031744,HotSubdwarf
TYC  742-822-1,3344334627867111168,HotSubdwarf
EC 12463-2709,3495678353276614144,HotSubdwarf
HE 1415-0309,3645920088861401216,HotSubdwarf
FBS 1735+382,1342607330782394368,HotSubdwarf
PG 1045+100,3869398301107963008,HotSubdwarf
FBS 1657+409,1354499682907337984,HotSubdwarf
EC 14171-2615,6270083495411808000,HotSubdwarf
SDSS J103218.40+101725.8,3882154457056325120,HotSubdwarf
BPS CS 30319-0062,6804485252188569728,HotSubdwarf
PHL   811,2370877988125407872,HotSubdwarf
PG 1539+043,4424645557102354432,HotSubdwarf
PG 0914+001,3842269226082064128,HotSubdwarf
BPS CS 22898-0026,6833627739162873600,HotSubdwarf
UCAC4 623-037532,939393979967463424,HotSubdwarf
GALEX J082503.5+210634,664164190647132288,HotSubdwarf
EC 14245-2415,6272208683885100288,HotSubdwarf
GALEX J112855.2-061003,3785444605437486208,HotSubdwarf
PG 1442+346,1292915830478091008,HotSubdwarf
PHL  1497,5182490612335291392,HotSubdwarf
GALEX J133627.3+422910,1501291971342356480,HotSubdwarf
GALEX J044715.5+203958,3411847601045302144,HotSubdwarf
ATO J095.2056+19.3080,3373940219694568576,HotSubdwarf
EC 19296-6019,6445618675656904704,HotSubdwarf
GALEX J115411.4+075701,3899524571816685312,HotSubdwarf
SDSS J010657.39-100003.3,2470207353182651008,HotSubdwarf
GALEX J045515.2+130530,3296244226946647168,HotSubdwarf
BPS CS 29520-0019,4678812719427819904,HotSubdwarf
UCAC4 650-014162,236173899353193472,HotSubdwarf
FBS 2310+421,1930816605348389248,HotSubdwarf
GALEX J001052.4+263000,2850670743266825600,HotSubdwarf
Ton  199,1479435368107743232,HotSubdwarf
EC 20572-8708,6342014134512526080,HotSubdwarf
Ton  241,1220934996098999552,HotSubdwarf
FBS 0725+623,1087311897726839808,HotSubdwarf
GALEX J094044.0+004759,3840372495509643264,HotSubdwarf
EC 13270-1659,3603428190695926912,HotSubdwarf
EC 21513-3919,6584977720027902464,HotSubdwarf
GALEX J021618.9+275900,107585292928397568,HotSubdwarf
KUV 07341+3721,896020513994780416,HotSubdwarf
PB  5056,2680457551489346944,HotSubdwarf
SDSS J170610.45+302130.2,1309267178994167040,HotSubdwarf
EC 11236-1945,3544861947929180544,HotSubdwarf
Ton S 183,5027175038609503360,HotSubdwarf
KUV 16120+3857,1378901689923575040,HotSubdwarf
GALEX J153831.2+295731,1273157297289530368,HotSubdwarf
HE 0315-4244,4850999435793531264,HotSubdwarf
FBS 1519+343,1278784254202127616,HotSubdwarf
GALEX J132922.3+052826,3717808937928841472,HotSubdwarf
GALEX J131317.0+082755,3732359157551904640,HotSubdwarf
SDSS J192642.18+381316.0,2052674860584342656,HotSubdwarf
LB  3298,4671780208697236480,HotSubdwarf
SDSS J190317.64+392314.4,2100269076815013376,HotSubdwarf
LB  1040,1706648552633207040,HotSubdwarf
Ton S 228,5135570087491448448,HotSubdwarf
GALEX J212608.1+024533,2691867011851791744,HotSubdwarf
UCAC4 377-036242,3029973537553031680,HotSubdwarf_Candidate
EC 19538-4201,6687046655743782272,HotSubdwarf
SDSS J233923.23+465444.5,1939195223251633024,HotSubdwarf
GALEX J165237.8+240303,4566615696775106304,HotSubdwarf
GALEX J124446.6-065625,3676634323412520448,HotSubdwarf
EC 13051-2020,3505914256775083776,HotSubdwarf
GALEX J163532.6+002954,4383583913110675328,HotSubdwarf
SDSS J151047.37-015155.9,4418111159497868160,HotSubdwarf
GALEX J033611.4+441925,238611138677074560,HotSubdwarf
HS 1733+4540,1360928939712308608,HotSubdwarf
PG 1538+002,4416581567025537536,HotSubdwarf
PG 0105+276,307987333088112640,HotSubdwarf
PG 1544+107,1189114339315021184,HotSubdwarf
KPD 2257+4928,1985947046082149120,HotSubdwarf
Cl* NGC 6656    ZNG       7,4077588761956056832,HotSubdwarf
UCAC2  23234937,4078817195637328256,HotSubdwarf
PB   146,1550490241899314560,HotSubdwarf
US 1059,821622364642541184,HotSubdwarf
GALEX J183119.1+091913,4480111417612829952,HotSubdwarf
GALEX J224825.0+271447,1883850072814402048,HotSubdwarf
GALEX J073809.1+210121,673132224095720320,HotSubdwarf
PG 2226+094,2723179797341216512,HotSubdwarf
PHL  1434,5128972498032920320,HotSubdwarf
GALEX J151325.7+645407,1644174130143195776,HotSubdwarf
EC 05265-3240,2901836864760315392,HotSubdwarf
KUV 12481+2826,3962013532770252032,HotSubdwarf
KPD 1901+1607,4513771110693512320,HotSubdwarf
PG 0215+183,80762260092162688,HotSubdwarf
EC 12408-2509,3496979934525510016,HotSubdwarf
2QZ J143127.8+014416,3655878434393609728,HotSubdwarf
GALEX J073646.4+220116,865485804780959104,HotSubdwarf
GALEX J183123.9+093012,4480150415917049728,HotSubdwarf
GALEX J004740.4+312355,360511037906831872,HotSubdwarf
PG 2115+145,1759463868550744576,HotSubdwarf
EC 12135-2646,3476093199327443968,HotSubdwarf
SDSS J175125.67+255003.4,4582024527604897792,HotSubdwarf
FBS 1756+394,4611212476810367616,HotSubdwarf
Lan   8,184468780942344960,HotSubdwarf
GALEX J171720.5+094131,4491582966009639040,HotSubdwarf
SDSS J155912.82+553405.6,1621593180669554560,HotSubdwarf
KUV 02272+2822,130800308422195072,HotSubdwarf
GALEX J122731.0+164236,3945846790536196736,HotSubdwarf
EC 22340-6720,6392019644170054528,HotSubdwarf
EC 22036-1656,6826541043124138496,HotSubdwarf
GALEX J024847.6+140835,32061660282461824,HotSubdwarf
GALEX J133922.2+025703,3713308396318461568,HotSubdwarf
HE 2156-1732,6826626049116784896,HotSubdwarf
PG 1411-061,3640722559958091648,HotSubdwarf
CPD-73   420A,5262163664424670848,HotSubdwarf
GALEX J083901.4+161149,657986726300955520,HotSubdwarf
GALEX J090115.7+293915,693530909274021760,HotSubdwarf
FBS 1749+373,4609119659506609664,HotSubdwarf
GALEX J100334.9+040920,3848937691089630080,HotSubdwarf
PG 1438-078,6330072407441614080,HotSubdwarf
PG 0014+068,2748460627681818240,HotSubdwarf
EC 22324-3753,6594380365510212608,HotSubdwarf
KUV 08102+3843,908784126005604096,HotSubdwarf
GALEX J210604.9+104216,1744577198369206272,HotSubdwarf
GALEX J115141.2+130201,3922803436295429120,HotSubdwarf
GALEX J095854.9+245312,642721068204889216,HotSubdwarf
PG 1334+117,3738606616980353664,HotSubdwarf
PG 2223+171,2737521895733424768,HotSubdwarf
KUV 09554+4128,806994741121131776,HotSubdwarf
GALEX J082332.0+113644,649228871371933312,HotSubdwarf
PB   218,755712414993199744,HotSubdwarf
BPS CS 22896-0069,6640487526629272704,HotSubdwarf
PG 1451+528,1593707714659692288,HotSubdwarf
GALEX J140511.7+332502,1481726952200336128,HotSubdwarf
PG 0245+182,83757226686850816,HotSubdwarf
PG 1652+517,1412851314749838976,HotSubdwarf
PG 2052-003,4227410277932475264,HotSubdwarf
BPS CS 22871-0023,6285227348234148736,HotSubdwarf
BPS CS 22950-0197,6900656270096123904,HotSubdwarf
EC 15489-1637,6260810149923464576,HotSubdwarf
PHL    25,6834927258827406720,HotSubdwarf
LB   984,4448078069740611712,HotSubdwarf
GALEX J233330.9+462207,1938415467647384960,HotSubdwarf
GALEX J211832.4+233416,1792255325381143040,HotSubdwarf
HE 1254-1540,3524282212696623488,HotSubdwarf
PG 1100-008,3803624106785054848,HotSubdwarf
HD 149382,4354377620100892416,HotSubdwarf
GALEX J080437.9+453238,929315680292689024,HotSubdwarf
SDSS J190324.90+384124.0,2100029035385117952,HotSubdwarf
NAME BPS CS 22891-0188A,6445519857049080960,HotSubdwarf
GALEX J235429.0+353339,2878501895123521920,HotSubdwarf
GALEX J191453.8-534332,6644575373422679296,HotSubdwarf
BPS CS 22871-0084,6282306495595171072,HotSubdwarf
PG 2122+158,1783691847786812288,HotSubdwarf
SDSS J093215.31-002108.6,3839846177332221696,HotSubdwarf
EC 10297-1051,3755600870562226176,HotSubdwarf
PG 1255+089,3733729870595798784,HotSubdwarf
GALEX J152306.9+080541,1163737091251944064,HotSubdwarf
GALEX J074125.1+125020,3163891442466252928,HotSubdwarf
PG 1506+102,1167834597427267456,HotSubdwarf
[RWW88] CS 124001.4-635125,5862655995759308800,HotSubdwarf
EC 20122-4502,6672987986538599168,HotSubdwarf
EC 22070-2905,6618211485472699904,HotSubdwarf
LAMOST J212426.05+364458.4,1963732715013489280,HotSubdwarf
GALEX J190824.7+450831,2106246636200088576,HotSubdwarf
SDSS J204802.45+002753.1,4228396264985966848,HotSubdwarf
EC 20399-2336,6806625382855273088,HotSubdwarf
PG 0039+135,2776326474280672896,HotSubdwarf
GALEX J152729.4+222449,1214730275884491392,HotSubdwarf
SDSS J174229.14+260028.7,4593863385916378880,HotSubdwarf
V* SX Scl,2320937418373430016,HotSubdwarf
GALEX J000552.0+064920,2745620073750746624,HotSubdwarf
GALEX J072118.4+132148,3166281402788400384,HotSubdwarf
GALEX J160231.7+384440,1379463166703277952,HotSubdwarf
PG 2208+056,2720344431730779904,HotSubdwarf
GALEX J081640.1+305632,900788782390545408,HotSubdwarf
PG 0933+004,3840286974120747008,HotSubdwarf
KUV 09236+3901,811555618431667712,HotSubdwarf
UCAC4 741-063887,2235556213015091456,HotSubdwarf
SDSS J092402.78+265638.4,694422166530369536,HotSubdwarf
MCT 0018-3653,4998930822570014976,HotSubdwarf
UCAC4 507-066407,4492802221326659456,HotSubdwarf
CSO 1155,764310046166678400,HotSubdwarf
UCAC4 658-070326,2103959862471941632,HotSubdwarf
PG 1648+315,1313140659676082560,HotSubdwarf
GD 37,2497977997538770944,HotSubdwarf
GALEX J115131.9+125110,3922783125394132096,HotSubdwarf
JL 159,4616472055105140608,HotSubdwarf
GALEX J162822.5+272919,1305126525580012672,HotSubdwarf
EC 04302-6051,4677542783497891072,HotSubdwarf
PG 1658+273,1306828397780993152,HotSubdwarf
HZ 38,1460692714941449728,HotSubdwarf
PG 1104+243,3995351343799453056,HotSubdwarf
UCAC4 561-017349,3403927303395945344,HotSubdwarf
GALEX J150246.5+042349,1156587791770877568,HotSubdwarf
GALEX J214708.0-083747,2666296352824216448,HotSubdwarf
EC 12240-1746,3519770542826793600,HotSubdwarf
GALEX J202507.0-033401,4219641098708532736,HotSubdwarf
Feige  26,2503706418759709184,HotSubdwarf
KPD 2025+5428,2185066123669404800,HotSubdwarf
GALEX J180748.6+143027,4498196768968750336,HotSubdwarf
PG 1716+367,1339965651017044352,HotSubdwarf
KPD 0114+5402,403769330040790528,HotSubdwarf
KPD 2237+4924,1987963653489961088,HotSubdwarf
PB  5296,2665196154002229376,HotSubdwarf
SBSS 1149+509,791009766199488128,HotSubdwarf
US 2309,816805442855642496,HotSubdwarf
EC 04280-1714,3171090975885713920,HotSubdwarf
EC 04205-1328,3176909488340492288,HotSubdwarf
SDSS J180757.07+230133.0,4578212284575787904,HotSubdwarf
GALEX J173721.9+334330,4602228363003893760,HotSubdwarf
GALEX J232557.7+492133,1942860896239308672,HotSubdwarf
GALEX J072315.6+183457,3362524196619239808,HotSubdwarf
SDSS J064005.18+273553.8,3386014193097657344,HotSubdwarf
Feige  49,3571458820671315456,HotSubdwarf
UCAC4 696-001088,393589879591384576,HotSubdwarf
EC 20280-3045,6796582203127428608,HotSubdwarf
2MASS J22293280-0048228,2629986424426328704,HotSubdwarf
GALEX J234528.8+393504,1921071388976065664,HotSubdwarf
SDSS J073059.05+333707.3,893467615497884544,HotSubdwarf
EC 20229-3716,6695023475165772928,HotSubdwarf
GALEX J075147.0+092526,3145755479203737856,HotSubdwarf
PG 1507-015,4418117477394214400,HotSubdwarf
2MASS J07273873+4837033,976789229421149312,HotSubdwarf
PB  8113,2428224631979800960,HotSubdwarf
PG 2303+019,2658558745902475904,HotSubdwarf
GALEX J084556.8+135211,609252591386688256,HotSubdwarf
GALEX J155812.1+280114,1319606406522850048,HotSubdwarf
GALEX J154758.7+371746,1376097041918508288,HotSubdwarf
GALEX J081203.6-004250,3071312357249930752,HotSubdwarf
EC 13331-2540,6190573244057180800,HotSubdwarf
BPS CS 22938-0033,6391650281277596032,HotSubdwarf
EC 04331-1253,3177884239758742016,HotSubdwarf
UCAC4 582-032535,3384888190111570688,HotSubdwarf
LAMOST J002919.02+525831.6,416403783797286784,HotSubdwarf
Lan   9,183572846467281152,HotSubdwarf
2MASS J06183828+2456239,3425819262803882496,HotSubdwarf
EGGR 491,4416551742772711040,HotSubdwarf
GALEX J181948.3+332209,4592825172063276288,HotSubdwarf
PG 1432+091,1173045457908931072,HotSubdwarf
PG 1407+387,1485199008058786688,HotSubdwarf
CD-33   417,5026956858566738688,HotSubdwarf
GALEX J102127.6+062233,3861548333546022912,HotSubdwarf
EC 06097-8326,5206254146692323200,HotSubdwarf
GALEX J121123.4+611204,1582543273590880640,HotSubdwarf
GALEX J120821.4+422535,1537489891289155456,HotSubdwarf
UCAC4 438-062463,4403141995885090432,HotSubdwarf
GALEX J151248.6+042205,1155663858405475584,HotSubdwarf
GALEX J143404.1+024208,3656064556800894464,HotSubdwarf
GALEX J100020.0-003413,3833217389231778944,HotSubdwarf
GALEX J024556.8+115015,25501939551450880,HotSubdwarf
GALEX J151519.2+054334,1157039179948742016,HotSubdwarf
GALEX J103806.6+134413,3884774245373063808,HotSubdwarf
GALEX J155646.7+225009,1218332417712637952,HotSubdwarf
UCAC4 537-007609,46608061680943872,HotSubdwarf
KUV 09372+3933,800990411200296320,HotSubdwarf
GALEX J144106.9+144234,1185969285085406208,HotSubdwarf
PG 1704+441,1355440864860926848,HotSubdwarf
Ton  129,3703904449460695040,HotSubdwarf
GALEX J162435.6+150355,4464109911345204864,HotSubdwarf
BPS CS 29504-0037,5011190823897019520,HotSubdwarf
UVEX J204957.75+401637.9,2065133151964734208,HotSubdwarf
PB  5022,2680565986528375296,HotSubdwarf
GALEX J211425.0+005518,2690493511375149440,HotSubdwarf
GALEX J160355.2+421134,1383437523280745472,HotSubdwarf
EC 22143-6122,6406278012175484416,HotSubdwarf
GALEX J183339.0+421307,2111637919669224704,HotSubdwarf
HS 2033+0507,1747471392148095232,HotSubdwarf
PG 2358+107,2765454164004531328,HotSubdwarf
UCAC4 604-128212,1897622589823405184,HotSubdwarf
EC 11081-1435,3562979734890354176,HotSubdwarf
EC 19595-5159,6665860127533757184,HotSubdwarf
GALEX J110614.3+180918,3983656006117880320,HotSubdwarf
EC 10481-2040,3550847517432042240,HotSubdwarf
MCT 2350-3457,2311436023001705600,HotSubdwarf
HS 2100+1710,1764138098639251456,HotSubdwarf
EC 19599-4931,6667411474016698496,HotSubdwarf
EC 12267-1751,3517127900988821504,HotSubdwarf
PG 0950+120,613219762482485632,HotSubdwarf
Ton S 191,5026550726459165440,HotSubdwarf
GALEX J204709.6+121015,1754922370133351424,HotSubdwarf
HS 0110+3222,313700498585403776,HotSubdwarf
PG 1348+607,1661062937982961664,HotSubdwarf
PG 0924+565,1024971684376022528,HotSubdwarf
GALEX J064529.7+412642,945734966603821568,HotSubdwarf
BD+42  3250,2105469320138052864,HotSubdwarf
GALEX J160715.2+094630,4456318016036315776,HotSubdwarf
GALEX J170816.8+274550,4575026582770616320,HotSubdwarf
EC 14413-2533,6228861846709663360,HotSubdwarf
GALEX J205723.3-062611,6910495559133680384,HotSubdwarf
PG 2320+087,2761878827068009088,HotSubdwarf
SDSS J064846.81+373614.3,943763434884014720,HotSubdwarf
2MASS J07455258+2551274,868817943488022016,HotSubdwarf
GALEX J153834.0+030813,4424182662707293184,HotSubdwarf
UCAC4 541-071605,4523666131196149632,HotSubdwarf
FBS 0248+394,335663827467328384,HotSubdwarf
FBS 0638+428,963881581386403072,HotSubdwarf
GALEX J145930.7+175847,1188517849959404672,HotSubdwarf
BPS CS 29506-0031,6834249719146775296,HotSubdwarf
EC 20013-6642,6427417699470722688,HotSubdwarf
BD+34  1543,891401431287038848,HotSubdwarf
SDSS J061754.20+233753.0,3425561981379261184,HotSubdwarf
BPS CS 22896-0045,6643833954691237120,HotSubdwarf
GALEX J081544.2+230906,677445741354224512,HotSubdwarf
Feige  34,781164326766404736,HotSubdwarf
EC 03263-6403,4673903262571474688,HotSubdwarf
SDSS J050836.14-014927.4,3214947569844346496,HotSubdwarf
PG 1101+113,3868458111291375616,HotSubdwarf
GD 1686,2327655193900333824,HotSubdwarf
GALEX J104437.7+145213,3885321355487067776,HotSubdwarf
Cl* NGC 6791     KU B4,2051105509596144768,HotSubdwarf
RL 149,3110404393668131712,HotSubdwarf
PG 1432+159,1234322477875249664,HotSubdwarf
GALEX J073912.6+225312,867233444154245504,HotSubdwarf
V* BI Ari,93468972376758144,HotSubdwarf
GALEX J130139.5+101824,3734579376470197632,HotSubdwarf
FBS 0711+429,949821164129127168,HotSubdwarf
GALEX J233158.9+281522,2865951519648132608,HotSubdwarf
PG 1421+345,1479772643298162176,HotSubdwarf
LAMOST J193312.83+380154.6,2052236288580880384,HotSubdwarf
GALEX J140443.0+052131,3672177904001643904,HotSubdwarf
Cl* NGC 6752     CL    2128,6638381893147091840,HotSubdwarf
PHL    17,2672744889737655424,HotSubdwarf
GALEX J134123.0+031752,3713338220570958720,HotSubdwarf
GALEX J212014.4+003757,2690995683247306240,HotSubdwarf
Ton  1212,752309185986742912,HotSubdwarf
GALEX J132211.0+421216,1525430172878622336,HotSubdwarf
SDSS J192045.42+371018.9,2051051736604520960,HotSubdwarf
Feige 114,1858674589447492608,HotSubdwarf
EC 21059-2730,6801196544190558336,HotSubdwarf
EC 20419-1529,6887165983976982016,HotSubdwarf
EC 14226-2426,6272575164854624128,HotSubdwarf
PG 1430-083,6330165487972860928,HotSubdwarf
GALEX J193326.5-333944,6744791632048388864,HotSubdwarf
LAMOST J062442.46+282946.5,3433651805682659200,HotSubdwarf
GALEX J073958.5+175835,671353867118310528,HotSubdwarf
Ton  914,663802902294594944,HotSubdwarf
GALEX J082426.4+162145,652973090718231296,HotSubdwarf
SBSS 1611+573,1621996774452667648,HotSubdwarf
FBS 2154+329,1947819006485146496,HotSubdwarf
US 3380,2498035824978438144,HotSubdwarf
EC 03379-8354,4615556475452740480,HotSubdwarf
GALEX J084559.9-023929,3072185163322482816,HotSubdwarf
GALEX J085217.7+211637,685761455170072192,HotSubdwarf
PG 0906+597,1039246845702047360,HotSubdwarf
SDSS J121928.30+181219.4,3947205821267800576,HotSubdwarf
HZ 42,1463481935423095552,HotSubdwarf
FBS 2237+397,1932365679793458560,HotSubdwarf
EC 05201-6132,4760884321775270656,HotSubdwarf
EC 10112-1722,5672904027030387968,HotSubdwarf
SDSS J154645.16+143156.7,1192695105091969152,HotSubdwarf
Feige  19,2514184283536110720,HotSubdwarf
FAUST 4434,6438915331219654400,HotSubdwarf
GALEX J130816.0+450243,1529761694639932416,HotSubdwarf
GALEX J115949.3+411534,4035195544950935296,HotSubdwarf
EC 21356-5016,6561874128869640832,HotSubdwarf
GALEX J102057.2+013751,3832278788553971968,HotSubdwarf
UCAC4 649-028832,187949697318585856,HotSubdwarf
GALEX J201107.0+065254,4250436151661905280,HotSubdwarf
GALEX J095229.6+301553,744485198682852608,HotSubdwarf
PG 0909+164,607898538520616704,HotSubdwarf
GALEX J092925.3+231051,644371984913905536,HotSubdwarf
PG 0133+114,2585744516065582848,HotSubdwarf
LAMOST J002537.15+525000.7,419034464147049600,HotSubdwarf
ATO J004.2305+51.2304,394991241522199040,HotSubdwarf
FBS 0932+437,814825359855220352,HotSubdwarf
GALEX J221714.3+220834,1781940909878934528,HotSubdwarf
PG 1506-052,6334826867519070336,HotSubdwarf
GALEX J091544.3+511338,1019305621784503296,HotSubdwarf
EC 19484-6958,6423384454599994880,HotSubdwarf
PB   166,1553487166999658112,HotSubdwarf
PG 0926+065,586043309672965888,HotSubdwarf
LB  3241,4937070855283184128,HotSubdwarf
GALEX J113750.7+422701,772443923954425984,HotSubdwarf
EC 15447-1656,6260879728392369792,HotSubdwarf
GALEX J102506.0+120023,3883459573062966784,HotSubdwarf
GALEX J191109.3-140654,4185372993465091072,HotSubdwarf
EC 01021-6542,4705626543853952896,HotSubdwarf
GALEX J142339.9+014947,3654624711965139840,HotSubdwarf
GALEX J070812.4+780248,1140110304357829504,HotSubdwarf
PG 0001+275,2854091981071865344,HotSubdwarf
MCT 0025-3842,4997735790869613056,HotSubdwarf
EC 10585-2500,3536592383538238848,HotSubdwarf
UCAC4 660-009512,339286202884520064,HotSubdwarf
2QZ J125238.8-012028,3688802927834848000,HotSubdwarf
PG 1621+126,4460144011560675584,HotSubdwarf
GALEX J132556.9-032329,3637042077927661056,HotSubdwarf
V* V551 Hya,3486707300467202304,HotSubdwarf
GALEX J163557.7+341427,1326685577778393984,HotSubdwarf
GALEX J170117.6+184631,4560409194154641920,HotSubdwarf
CD-45  5058,5423525478362753024,HotSubdwarf
GALEX J004422.9+425706,387470410185960192,HotSubdwarf
PG 1623+178,4466934217416237312,HotSubdwarf
KUV 08416+4120,913168634779280384,HotSubdwarf
BPS CS 22950-0061,6876083181649488000,HotSubdwarf
GALEX J182901.5+303131,4588505431396750336,HotSubdwarf
GALEX J111959.1+425519,783786176665979136,HotSubdwarf
SB 395,2357245800583630720,HotSubdwarf
LB   889,6266864370183332096,HotSubdwarf
FBS 0248+444,433769779680224256,HotSubdwarf
GALEX J074720.5+384910,920284807177472896,HotSubdwarf
GALEX J034846.3+820234,569988137807051136,HotSubdwarf
PG 1438+056,1159067504023867904,HotSubdwarf
PG 1400+389,1495942160078351744,HotSubdwarf
HE 2201-2113,6820445213220865664,HotSubdwarf
GALEX J045031.7+230712,3413464256800435584,HotSubdwarf
GALEX J200951.6+031032,4244048534563315200,HotSubdwarf
GALEX J130513.4-025118,3685213920018964224,HotSubdwarf
LAMOST J041737.02+300740.2,165712109004835712,HotSubdwarf
EC 03101-1607,5154582292803636736,HotSubdwarf
GALEX J014620.9+454134,350797947892605952,HotSubdwarf
GALEX J182530.6+084749,4478542105284317184,HotSubdwarf
PHL     4,2691081097260836480,HotSubdwarf
SDSS J213940.90-001028.9,2687094749135984768,HotSubdwarf
KUV 04402+1455,3309622259800652928,HotSubdwarf
EC 04003-3551,4857928695510590976,HotSubdwarf
GALEX J095929.8+220922,629767519854647424,HotSubdwarf
PB  1174,1497864660456255360,HotSubdwarf
SDSS J065256.41+120300.8,3351464724552173952,HotSubdwarf
FBS 1858+411,2103847437408505728,HotSubdwarf
PG 1648+536,1425987175870116864,HotSubdwarf
GALEX J174034.6+203144,4555560622754330496,HotSubdwarf
EC 19349-5314,6642235406520398720,HotSubdwarf
SDSS J122444.98+583313.9,1581057657286967168,HotSubdwarf
GALEX J124830.5+123815,3928218599781756032,HotSubdwarf
SDSS J203843.98+154815.1,1810686056543947520,HotSubdwarf
EC 05415-5018,4793627503171687040,HotSubdwarf
2QZ J140031.9+011208,3661227725966198656,HotSubdwarf
PG 1510-017,4418070237049386240,HotSubdwarf
Ton  123,1540815913964920448,HotSubdwarf
GALEX J021617.0-095512,5152094368572046336,HotSubdwarf
GALEX J145803.5+043922,1158169989002659200,HotSubdwarf
GALEX J230245.7+321447,1886966913399963008,HotSubdwarf
LAMOST J181712.86+053202.7,4470917198303361280,HotSubdwarf
SBSS 1620+502,1423575401411054464,HotSubdwarf
KUV 03011+0117,258492607318912,HotSubdwarf
BPS CS 22880-0018,6861252762653540480,HotSubdwarf
GALEX J021419.6-084504,2486111788878387840,HotSubdwarf
PG 1203-108,3574711931980454528,HotSubdwarf
BPS CS 22938-0073,6393692417967690240,HotSubdwarf
GALEX J062038.5-570538,5495360631749769600,HotSubdwarf
PG 1128+098,3914518169503182848,HotSubdwarf
FBS 1801+431,2114190543287369856,HotSubdwarf
GALEX J050644.3+113616,3388118112893920000,HotSubdwarf
PHL   349,6621327986757744512,HotSubdwarf
Ton  358,706760168755893888,HotSubdwarf
PB  7394,2411099536514256384,HotSubdwarf
GALEX J093028.6+274911,694396293644399232,HotSubdwarf
BPS CS 22944-0007,6838441946529180800,HotSubdwarf
GALEX J151314.2+234249,1263531416584927744,HotSubdwarf
GALEX J122833.8-012311,3694071139016495232,HotSubdwarf
KUV 08457+3901,911981471460339200,HotSubdwarf
SDSS J191611.83+374352.2,2051243532664404096,HotSubdwarf
GALEX J005202.2+010841,2537575637502820608,HotSubdwarf
GALEX J085851.0+021013,577763368640517760,HotSubdwarf
SDSS J172422.14+602953.8,1438900527621711232,HotSubdwarf
GALEX J135920.8+320846,1457540105867444224,HotSubdwarf
KUV 08455+3902,911980990424003584,HotSubdwarf
EC 02549-1249,5159389460718862976,HotSubdwarf
GALEX J101703.6-335502,5446939033017558784,HotSubdwarf
HE 0221-3250,4970534594755662208,HotSubdwarf
Ton  192,1260448626498096000,HotSubdwarf
GALEX J222217.8+273520,1881776668761026688,HotSubdwarf
GD 1656,2330170494252223104,HotSubdwarf
GALEX J201240.5-110041,6881235733656817536,HotSubdwarf
SDSS J204142.93+145347.6,1762527687766647808,HotSubdwarf
EC 03013-7337,4640835450365752704,HotSubdwarf
KUV 12486+2828,3962016762585659776,HotSubdwarf
PG 1518-098,6316262335238937856,HotSubdwarf
GALEX J130638.7+645937,1677957754481828224,HotSubdwarf
PG 2111+023,2692419756963966976,HotSubdwarf
EC 05084-2809,2955528491445581568,HotSubdwarf
LS 5121,4098569028712647424,HotSubdwarf
2QZ J121625.8-014806,3694582407627057664,HotSubdwarf
TYC 4427-1021-1,1655107708129775744,HotSubdwarf
PHL   117,6816517792048309504,HotSubdwarf
KUV 16054+1720,1199653982899907200,HotSubdwarf
PHL    52,6841127812918581888,HotSubdwarf
EC 13155-1503,3607830463454792064,HotSubdwarf
EC 20193-4930,6667846433944869888,HotSubdwarf
PHL    48,2667642399870553984,HotSubdwarf
SBSS 1636+603,1624436212797252480,HotSubdwarf
GALEX J154238.4-003758,4404472233152006144,HotSubdwarf
KPD 0025+5402,419587969475052160,HotSubdwarf
HE 1419-1205,6303561738987004544,HotSubdwarf
EC 13095-3046,6182339134621117568,HotSubdwarf
GALEX J150115.0+053740,1159746688677198592,HotSubdwarf
GALEX J112504.5+671658,1060739892843538944,HotSubdwarf
GALEX J065624.5+544638,999870589829357056,HotSubdwarf
GALEX J055804.5-292708,2909401745277447808,HotSubdwarf
LAMOST J035710.48+284941.6,166876629257005696,HotSubdwarf
PG 1316-125,3609527490932841344,HotSubdwarf
GALEX J162802.2+293340,1318016031671977600,HotSubdwarf
UCAC4 530-064631,4546952309999524096,HotSubdwarf
FBS 0742+337,882087811884800896,HotSubdwarf
EC 05282-3316,2901735056855154048,HotSubdwarf
BPS CS 22960-0071,6568616364234744320,HotSubdwarf
GALEX J034638.3-054357,3244525673877070976,HotSubdwarf
LAMOST J001954.03+510505.6,394948356271554816,HotSubdwarf
EC 02406-6908,4647004122914240640,HotSubdwarf
BPS CS 22942-0017,2344182159336411904,HotSubdwarf
SDSS J105100.24+034120.4,3809827310871145088,HotSubdwarf
GALEX J163557.6+620635,1625661373692493952,HotSubdwarf
EC 01404-6752,4697660822630152832,HotSubdwarf
PG 1409-103,6304877029771601664,HotSubdwarf
UCAC4 491-006416,3298611819080012544,HotSubdwarf
PG 0911+042,578986163009656320,HotSubdwarf
GALEX J105007.9-002838,3806247816406884864,HotSubdwarf
EC 14398-1241,6323638237194680320,HotSubdwarf
UCAC4 483-027975,3132895350689573888,HotSubdwarf
EC 12200-2425,3476777370437869184,HotSubdwarf
2QZ J130555.2+002347,3690771878282405632,HotSubdwarf
PG 1618+563,1429755412672689536,HotSubdwarf
PB  5710,2545743600148435584,HotSubdwarf
EC 00573-7833,4635106307590339072,HotSubdwarf
SDSS J073744.02+300813.0,879556388224330624,HotSubdwarf
GALEX J115342.5+415833,768773032582910336,HotSubdwarf
SBSS 1343+547,1562188358423644800,HotSubdwarf
KPD 1931+2911,2032339977192239616,HotSubdwarf
PG 1206+165,3922570889586104064,HotSubdwarf
UCAC4 607-010852,169258102725227008,HotSubdwarf
GALEX J094215.9+214229,640792456090137600,HotSubdwarf
LS   I +63  198,488017140776849664,HotSubdwarf
PG 1708+409,1353948655783762816,HotSubdwarf
EC 04409-8351,4615638663947438848,HotSubdwarf
GALEX J005147.8+270013,2808769596378258048,HotSubdwarf
PG 1704+222,4568163710366782848,HotSubdwarf
GALEX J012517.4-090113,2471264877210406656,HotSubdwarf
GALEX J074544.0+511708,982573588295764480,HotSubdwarf
LAMOST J002606.79+443318.2,382781542850500352,HotSubdwarf
EC 05232-6029,4761055360256547072,HotSubdwarf
GALEX J082154.3+554048,1032444373419317376,HotSubdwarf
PG 0258+185,35928500943041152,HotSubdwarf
PG 2337+070,2757157489778320000,HotSubdwarf
GALEX J105453.6-294110,5453140446099189120,HotSubdwarf
HS 2206+2847,1893638956115949952,HotSubdwarf
EC 20107-5208,6473878014276158336,HotSubdwarf
FBS 0646+386,944390774983674496,HotSubdwarf
Balloon  83000002,1224573211352790400,HotSubdwarf
PG 1610+519,1427678435208512384,HotSubdwarf
EC 22189-6028,6407739297488122368,HotSubdwarf
SBSS 1556+605,1626727698108888960,HotSubdwarf
GALEX J211924.5-004955,2686249018534962816,HotSubdwarf
GALEX J191000.2+464025,2130430570550718464,HotSubdwarf
2MASS J19375685+3606258,2048280009543018112,HotSubdwarf
GALEX J130335.3+101849,3734533334420788992,HotSubdwarf
GALEX J213818.4+342104,1950263255195349888,HotSubdwarf
FBS 0104+387,371004673803838080,HotSubdwarf
EC 20390-1540,6863132618299206784,HotSubdwarf
GALEX J161533.4+504825,1424376601790006912,HotSubdwarf
GALEX J170356.7+341504,1337803736279119616,HotSubdwarf
EC 21213-2453,6815437277058409216,HotSubdwarf
Ton  109,3928420360164984320,HotSubdwarf
SBSS 1544+514,1404337723200208768,HotSubdwarf
SBSS 0804+590,1083443536646647680,HotSubdwarf
SDSS J135415.24+095522.6,3723761762600983296,HotSubdwarf
SDSS J211421.39+100411.4,1743873343424675072,HotSubdwarf
BPS CS 22897-0121,6402303243281290368,HotSubdwarf
SDSS J211045.16+000142.0,2689963413627537792,HotSubdwarf
EC 03023-1655,5153122141361444736,HotSubdwarf
ATO J077.5424+30.1127,156174219292762624,HotSubdwarf
EC 21197-7626,6368692066173443200,HotSubdwarf
GALEX J044441.2-052737,3200459687377584000,HotSubdwarf
GALEX J085029.7+325447,713075175134415360,HotSubdwarf
PG 1658+246,4572453111383476992,HotSubdwarf
PG 1030+665,1059785555405762432,HotSubdwarf
HE 1318-2111,6196248648201755904,HotSubdwarf
GALEX J132850.8+282918,1449916912577361408,HotSubdwarf
GALEX J100617.3-021008,3829395143217008128,HotSubdwarf
GALEX J151032.9+021208,4420274105028146176,HotSubdwarf
LAMOST J035926.96+270508.6,163565999746075264,HotSubdwarf
Ton  1100,793720783914955392,HotSubdwarf
GALEX J171952.1+000549,4374454912879962240,HotSubdwarf
FBS 2202+436,1962471510753821312,HotSubdwarf
BPS CS 22876-0002,2310990067957231872,HotSubdwarf
HE 0230-4323,4947023428379802752,HotSubdwarf
UCAC4 568-042311,675213084211549696,HotSubdwarf
GALEX J212240.4+055808,1738623755222448640,HotSubdwarf
PG 1454+502,1592429562456407424,HotSubdwarf
FBS 1810+389,2109194225013339904,HotSubdwarf
GALEX J214233.8-294858,6785485931778326144,HotSubdwarf
KUV 02293+2836,131171290517104256,HotSubdwarf
HE 0258-2158,5079504821360594944,HotSubdwarf
HE 0532-4503,4799346819062585984,HotSubdwarf
FBS 0610+627,1007738557598844544,HotSubdwarf
GALEX J082902.6+224637,677934238056557312,HotSubdwarf
KPD 2259+5149,1989386181016743040,HotSubdwarf
GALEX J173630.2+073601,4487346891305390592,HotSubdwarf
SBSS 1009+585,1045922088168925184,HotSubdwarf
KUV 09331+4250,814637927482278528,HotSubdwarf
GD 1053,5149241067178231552,HotSubdwarf
GALEX J142211.1+092042,1176777127359150592,HotSubdwarf
GALEX J202600.9+125044,1803804969180491904,HotSubdwarf
SDSS J035327.61-045427.6,3246143192921486592,HotSubdwarf
BPS CS 30493-0018,6554722522989244800,HotSubdwarf
GALEX J160611.8+035216,4413410266254905344,HotSubdwarf
EC 19507-6227,6441202968239375616,HotSubdwarf
GALEX J202506.0-080419,6906152621346929280,HotSubdwarf
EC 10526-2632,5457091957746794112,HotSubdwarf
EC 12349-2824,3471908183194405120,HotSubdwarf
PG 1018-047,3779395818311308672,HotSubdwarf
GALEX J075133.4+101809,3150367037129046528,HotSubdwarf
LAMOST J075139.26+064604.8,3144058245567712512,HotSubdwarf
GALEX J200631.5+014307,4237604850972555776,HotSubdwarf
LAMOST J021703.37+544752.1,455838867842408064,HotSubdwarf
JL  35,6347405314901048960,HotSubdwarf
EC 14475-1930,6281185165533634944,HotSubdwarf
GALEX J072853.8+534302,983992164455024512,HotSubdwarf
GALEX J072201.3+403210,948264290024452224,HotSubdwarf
GALEX J182410.1+322227,4591910996864556032,HotSubdwarf
GALEX J090204.5-072049,5756471068269831552,HotSubdwarf
BPS CS 22960-0063,6569350533062290432,HotSubdwarf
ATO J089.7075+18.5197,3350560685476251648,HotSubdwarf
GALEX J222758.5+200623,1873589052344459136,HotSubdwarf
KUV 04233+1502,3311181332928254464,HotSubdwarf
SDSS J191645.86+371224.4,2051167700720012544,HotSubdwarf
PG 1603+369,1378395575272278272,HotSubdwarf
SDSS J093249.60+100038.7,589481345093742080,HotSubdwarf
EC 14415-1916,6281627130552489472,HotSubdwarf
PG 0305+152,31265029748469120,HotSubdwarf
HZ 30,1521426679242418048,HotSubdwarf
SDSS J192431.46+365030.4,2050255106069797504,HotSubdwarf
GALEX J072453.1+192327,3362730178953977472,HotSubdwarf
EC 20544-1713,6882800746720128256,HotSubdwarf
GALEX J232806.0+503717,1943261255910215552,HotSubdwarf
PG 1526+440,1394450575341582464,HotSubdwarf
GALEX J075345.5+122825,3151997024459886208,HotSubdwarf
EC 13007-2836,6186046893987159040,HotSubdwarf
PG 2343+267,2865020675679724288,HotSubdwarf
FBS 0639+391,944892878136403712,HotSubdwarf
EC 04110-1348,3176695152292552704,HotSubdwarf
PG 1108-018,3791173718148656896,HotSubdwarf
SDSS J080017.51+055030.4,3096022472335601408,HotSubdwarf
GALEX J120829.9+253044,4003425637502830592,HotSubdwarf
GALEX J223618.3+331118,1901519701411086720,HotSubdwarf
GALEX J142847.4-013121,3652580071308962048,HotSubdwarf
GALEX J185958.2-674941,6433815761930929408,HotSubdwarf
GALEX J160341.4+314323,1322215955635420800,HotSubdwarf
PG 2220+006,2679230771390593024,HotSubdwarf
GALEX J033216.7-023302,3261350091567233920,HotSubdwarf
EC 20022-4824,6670587997468997376,HotSubdwarf
GALEX J103024.8+201448,720684139195830528,HotSubdwarf
KUV 03021+0052,179048596714240,HotSubdwarf
GALEX J184743.6+461625,2119111472000154240,HotSubdwarf
SDSS J133302.14+251618.3,1445045393167819776,HotSubdwarf
GALEX J211926.7+061718,1738797203180512384,HotSubdwarf
GALEX J221807.1+044911,2707980797138700672,HotSubdwarf
PG 1134+124,3917573295704299904,HotSubdwarf
KUV 02518+3230,136464000192315392,HotSubdwarf
GALEX J233641.2+313200,2871378846483069184,HotSubdwarf
GALEX J084450.3-144935,5734371262508140288,HotSubdwarf
PG 0142+183,95162048484806656,HotSubdwarf
EC 05003-1808,2976662857278875904,HotSubdwarf
PG 1532+523,1595357428778377344,HotSubdwarf
Ton S 3,6798823042186363648,HotSubdwarf
LS  II +22   21,1832976906773684224,HotSubdwarf
GALEX J131512.4+024531,3691534600049973632,HotSubdwarf
PG 1509-083,6320458243408871808,HotSubdwarf
KPD 2104+3407,1867119354139385984,HotSubdwarf
GALEX J073323.8+174417,3170114884438433152,HotSubdwarf
GALEX J210929.3+131646,1758993857393963776,HotSubdwarf
GALEX J153218.0+120243,1169449436411377664,HotSubdwarf
FBS 1204+399,4034024363203993344,HotSubdwarf
KUV 01127-2545,5039941197537017600,HotSubdwarf
EC 19498-7007,6423367377809981696,HotSubdwarf
GALEX J071437.3+264712,883333730358019584,HotSubdwarf
CD-30 11223,6172784245432412544,HotSubdwarf
Ton  266,4573013999752871296,HotSubdwarf
PG 0912+189,635660764741010304,HotSubdwarf
PG 2208+014,2682170350087374464,HotSubdwarf
PHL  1212,5142574972993506816,HotSubdwarf
LAMOST J020547.47+403639.5,344794339527216000,HotSubdwarf
GALEX J104130.4+184210,3986138020473930368,HotSubdwarf
KUV 01118-2520,5040721713353792640,HotSubdwarf
UCAC4 697-019941,438686001110484352,HotSubdwarf
GALEX J151404.9+065353,1163362501386768512,HotSubdwarf
GALEX J050231.9+091835,3290430834092523520,HotSubdwarf
PG 1513-045,6335208432413764608,HotSubdwarf
PG 1133+103,3915955540438205568,HotSubdwarf
PG 1412+299,1260997037986811648,HotSubdwarf
KIC 9408967,2128012018629286144,HotSubdwarf
EC 20238-2824,6798058606725255040,HotSubdwarf
GALEX J125806.4+240605,3956898501598489472,HotSubdwarf
LB  1193,2632681400440548864,HotSubdwarf
UCAC4 658-115555,1923590271333313792,HotSubdwarf
GALEX J105923.6+452015,782711202186877952,HotSubdwarf
GALEX J191336.3+480823,2130988572701912960,HotSubdwarf
PG 1009+491,822945768622050048,HotSubdwarf
GD 104,3771045371095746176,HotSubdwarf
PG 0806+516,935406944646293376,HotSubdwarf
PG 0920+029,3845526597998730368,HotSubdwarf
UCAC4 506-031656,3351262414414591744,HotSubdwarf
PG 0912+119,593454670878796032,HotSubdwarf
GALEX J145258.4+132737,1184656128899595520,HotSubdwarf
PG 0314+180,56105192148111616,HotSubdwarf
JL  49,6372929068591226496,HotSubdwarf
2MASS J04403897+7603264,550473146443493376,HotSubdwarf
BPS CS 22943-0177,6674565274623506560,HotSubdwarf
PG 1724+278,4598203433188549120,HotSubdwarf
LB   974,1306739646577338368,HotSubdwarf
CD-31  4800,5592257426113535104,HotSubdwarf
PG 1220-056,3584539233766055296,HotSubdwarf
GALEX J212749.3+002924,2687977931850851584,HotSubdwarf
PG 1232+501,1544410045677548288,HotSubdwarf
GALEX J134600.5+052035,3714284212888077568,HotSubdwarf
SDSS J191557.14+620556.4,2252365203180138496,HotSubdwarf
PG 1528+062,4429114659552190080,HotSubdwarf
EC 04506-2652,4881368771587323136,HotSubdwarf
KUV 08432+4216,913360396480216832,HotSubdwarf
GALEX J155003.4+403228,1383749612784069120,HotSubdwarf
Ton S 137,2336589275632410496,HotSubdwarf
GALEX J092206.8+081930,587484528898551552,HotSubdwarf
BD+49  2226,1552549558459123072,HotSubdwarf
GALEX J155345.0+124313,1191485775439674752,HotSubdwarf
GALEX J042034.8+012041,3255780171819962496,HotSubdwarf
EC 04014-6515,4669990375565913984,HotSubdwarf
SDSS J183349.79+652056.3,2256571041315787264,HotSubdwarf
SDSS J184434.74+412158.7,2098662346728587648,HotSubdwarf
GALEX J072146.6+233020,869444768195598848,HotSubdwarf
2MASS J19304852+3728189,2051821673921348224,HotSubdwarf
EC 05411-4717,4795868032991047168,HotSubdwarf
Lan  30,441838202167403776,HotSubdwarf
GALEX J221037.1+234105,1783123950030993024,HotSubdwarf
GALEX J153001.0+211218,1214321055696264064,HotSubdwarf
GALEX J215742.8+340935,1948026230067409152,HotSubdwarf
GALEX J223455.5+312325,1900710357773768448,HotSubdwarf
GALEX J144143.3+460649,1494041658526180736,HotSubdwarf
GALEX J205640.5+040124,1731490128076542976,HotSubdwarf
EC 04119-1615,5096876177367014912,HotSubdwarf
GALEX J224518.6+220746,2836486532168853760,HotSubdwarf
GALEX J121805.8+583427,1575120191417938560,HotSubdwarf
UCAC4 652-060239,1344525738054881152,HotSubdwarf
EC 03229-6609,4671937954255702144,HotSubdwarf
PB  1353,1497921109214351872,HotSubdwarf
EC 20380-3209,6792508993583540608,HotSubdwarf
Feige 108,2638589797971367936,HotSubdwarf
GALEX J162819.3+240430,1299249051814304768,HotSubdwarf
SDSS J154359.37+055842.6,4429620980360900736,HotSubdwarf
GALEX J172533.3+523321,1415985678802835072,HotSubdwarf
GALEX J154328.1+353400,1374344493399203968,HotSubdwarf
PHL   431,6557159934109787776,HotSubdwarf
GALEX J065320.9-723819,5265451307273625600,HotSubdwarf
PB  4363,3704760384902429440,HotSubdwarf
EC 20287-5534,6469131972334187520,HotSubdwarf
GALEX J094918.6+144142,616217718374853376,HotSubdwarf
PHL   267,6601625288143764608,HotSubdwarf
UCAC4 182-207205,6650587777885099904,HotSubdwarf
EGB  5,648899606296121472,HotSubdwarf
PB  6797,2500982202607740416,HotSubdwarf
PG 1654+322,1313457147225909376,HotSubdwarf
HS 1739+5244,1416603466898656384,HotSubdwarf
FBS 1715+424,1360139937040515072,HotSubdwarf
GALEX J183716.7-312514,4046679845165833472,HotSubdwarf
EC 03530-7316,4641571500385115392,HotSubdwarf
FBS 0656+367,940834164104723584,HotSubdwarf
EC 05320-3316,2901603630856058112,HotSubdwarf
[RWW88] CS 124636.2-631549,5862700251105587968,HotSubdwarf
GALEX J233833.3+472944,1940032157758205824,HotSubdwarf
EC 19269-6231,6441799659456476928,HotSubdwarf
PG 1325+102,3732055520543728256,HotSubdwarf
GALEX J134738.3+043427,3713903472626778624,HotSubdwarf
PG 1403-110,3614281538692873984,HotSubdwarf
KUV 03070-0244,5186638760469194880,HotSubdwarf
BPS BS 15620-0021,1586455439041880320,HotSubdwarf
GALEX J073115.8+032842,3136412997623472512,HotSubdwarf
PG 1602+013,4411592326857777408,HotSubdwarf
SDSS J091529.26+465015.4,1011312137890506752,HotSubdwarf
GALEX J162825.9+353205,1329306225086842112,HotSubdwarf
CSO  573,1278457080774264448,HotSubdwarf
EC 12420-2732,3495325684921885184,HotSubdwarf
Cl* NGC 6633     RA       7,4477166341360084608,HotSubdwarf
EC 21256-2319,6828024043791947648,HotSubdwarf
Kepler-451,2080063931448749824,HotSubdwarf
GALEX J000749.2-101241,2428613652937960320,HotSubdwarf
BPS CS 22874-0104,6228783884463217792,HotSubdwarf
Ton  140,1463697233542956672,HotSubdwarf
LS 1349,5405981194110582656,HotSubdwarf
PG 2357+174,2773760665114010880,HotSubdwarf
EC 04405-3211,4877454200954089088,HotSubdwarf
GALEX J204448.6+153638,1762952378428508032,HotSubdwarf
GALEX J225640.8+294546,1886200725594365568,HotSubdwarf
KPD 2253+4922,1985886916540915968,HotSubdwarf
HS 2216+1833,1777173805417611776,HotSubdwarf
GALEX J180543.4+463309,2116457667543853184,HotSubdwarf
EC 23403-6540,6389457270976027648,HotSubdwarf
KUV 08371+4137,913400975330403712,HotSubdwarf
GALEX J080833.7+180221,668963357040208512,HotSubdwarf
GALEX J184627.7-445856,6708871102566549632,HotSubdwarf
FBS 1438+377,1486454512898147584,HotSubdwarf
BPS CS 22896-0183,6641433278427809280,HotSubdwarf
KUV 18189+6501,2161357496174183936,HotSubdwarf
EC 22503-6710,6391153989216551552,HotSubdwarf
SBSS 1318+556,1563849995370777472,HotSubdwarf
EC 23205-1832,2393463125191108608,HotSubdwarf
PB  3442,1461705743107974016,HotSubdwarf
Feige  14,2467789050372382336,HotSubdwarf
UCAC4 551-022431,3374798663396306048,HotSubdwarf
UCAC4 465-034194,3135525623021849088,HotSubdwarf
UCAC4 673-064389,1350113181268869632,HotSubdwarf
RMB 118,3904337065491411072,HotSubdwarf
PG 1644+312,1311664634035338240,HotSubdwarf
GALEX J202027.2+070414,4249848840652401792,HotSubdwarf
GALEX J151939.2+394626,1389087325124265344,HotSubdwarf
LB  3179,4704482467645621376,HotSubdwarf
GALEX J223913.4+181945,2833106904006692608,HotSubdwarf
EC 03477-5711,4731045843939280256,HotSubdwarf
UCAC4 476-028144,3129475762151272448,HotSubdwarf
GALEX J073331.8+344037,893663779539437696,HotSubdwarf
EC 19343-6315,6441858380248840576,HotSubdwarf
EC 12497-2725,3495516037872323840,HotSubdwarf
GALEX J161915.4-005616,4407204858848749824,HotSubdwarf
FBS 0245+443,337748329714767104,HotSubdwarf
HD 265435,937565831431448192,HotSubdwarf
GALEX J163213.0+205124,1297264978785132416,HotSubdwarf
EC 14270-2130,6279541498729331328,HotSubdwarf
EC 21077-4815,6479757549625889536,HotSubdwarf
FBS 0201+445,352729416161843968,HotSubdwarf
GALEX J140248.8+225538,1256629021887420416,HotSubdwarf
EC 11198-2203,3538304907257946752,HotSubdwarf
PG 2237+018,2654860474117747200,HotSubdwarf
GALEX J091209.3+640909,1043623765270391296,HotSubdwarf
PG 1323+042,3713067676286741504,HotSubdwarf
PG 1448-052,6337033587355850624,HotSubdwarf
GALEX J182637.0+343726,2095370374556456192,HotSubdwarf
PG 1258+012,3689564206493682816,HotSubdwarf
FBS 0932+627,1063343849911907968,HotSubdwarf
EC 12234-2607,3476365637693166208,HotSubdwarf
EC 20184-3435,6696646423047419264,HotSubdwarf
EC 05279-8729,4612366173745177216,HotSubdwarf
EC 21207-6909,6399643112336890752,HotSubdwarf
GALEX J104159.6+192255,3986618575774738944,HotSubdwarf
GALEX J011506.1+140513,2590855320989370240,HotSubdwarf
HS 0736+3953,923342347152856576,HotSubdwarf
PHL  1539,5054985505903099392,HotSubdwarf
NAME SM Star,6004738702179965696,HotSubdwarf
GALEX J154830.6+003656,4410666778588101504,HotSubdwarf
KPD 2024+5303,2181841672689968128,HotSubdwarf
KUV 09272+3854,811434362914841216,HotSubdwarf
GALEX J070758.3+355128,945758945404830464,HotSubdwarf
JL 179,4920021278226608128,HotSubdwarf
GALEX J112914.1+471501,785814333240812544,HotSubdwarf
FBS 1713+822,1710904418546053632,HotSubdwarf
LAMOST J070102.95+094135.6,3157919887443293952,HotSubdwarf
GALEX J141709.2+620521,1666720951805011456,HotSubdwarf
FBS 0315+417,239492156726524544,HotSubdwarf
GALEX J163511.6+291240,1311753247799952128,HotSubdwarf
PB  6438,2558457317524344704,HotSubdwarf
GALEX J212425.9-012240,2686048087080526464,HotSubdwarf
KUV 07528+4113,922207131460711040,HotSubdwarf
GALEX J104652.9+515437,837007590331263360,HotSubdwarf
UCAC4 646-032019,190164354254168192,HotSubdwarf
KPD 2026+2205,1818734245446134016,HotSubdwarf
GALEX J184537.2+433525,2117259692559703936,HotSubdwarf
GALEX J160810.6+103212,4456433091097416192,HotSubdwarf
Ton S 133,2333105610478918144,HotSubdwarf
PG 1610+239A,1302698627809988096,HotSubdwarf
GALEX J142508.0+202241,1240306604269576704,HotSubdwarf
2MASS J17580210+0448215,4472834712210380032,HotSubdwarf
HS 2125+1105,1745787146491359104,HotSubdwarf
GALEX J181026.9+141541,4497397527098931712,HotSubdwarf
LAMOST J065831.11+331610.1,890999113110501760,HotSubdwarf
CD-39 14181,6583482762171397376,HotSubdwarf
Cl* NGC 7243    JFA    1883,2000755371770908416,HotSubdwarf
BPS CS 22881-0069,6570203444846881536,HotSubdwarf
EC 10405-1347,3750973030416794624,HotSubdwarf
KUV 08108+3745,907921352974972416,HotSubdwarf
EC 10212-1935,5668467948584287616,HotSubdwarf
KPD 2349+5009,1943912201155491584,HotSubdwarf
PG 1608-029,4405176229835798016,HotSubdwarf
SDSS J160612.98+521919.3,1427944551382307328,HotSubdwarf
EC 13287-2915,6187984370914491264,HotSubdwarf
PG 1656+553,1426426327686319360,HotSubdwarf
PG 1150-105,3587307288649776000,HotSubdwarf
PG 1244+113,3927404445781136128,HotSubdwarf
PG 1427+196,1239364769480858496,HotSubdwarf
BD-03  2179,3068744791442939904,HotSubdwarf
LAMOST J181147.02+063046.6,4471987980878277120,HotSubdwarf
PG 1658+337,1337855099791936768,HotSubdwarf
PG 1634+014,4384071928771180672,HotSubdwarf
GALEX J032107.0+045151,3018713469617920,HotSubdwarf
BPS CS 30315-0040,2380799916630412416,HotSubdwarf
CSO  552,1295703676569284352,HotSubdwarf
SDSS J101422.92+182849.0,624135370325507840,HotSubdwarf
KUV 02281+2730,127674641678296704,HotSubdwarf
GALEX J161921.7+295506,1318236621192489216,HotSubdwarf
V* DT Lyn,818937017945804160,HotSubdwarf
[CW83] 1419-09,6328952378754074368,HotSubdwarf
GALEX J123628.8+255038,3960527882106750848,HotSubdwarf
EC 21004-5753,6456781742335108992,HotSubdwarf
PG 1632+588,1431561841558013440,HotSubdwarf
GALEX J193903.5-194128,6869273180287249408,HotSubdwarf
EC 20197-3120,6796324883046836480,HotSubdwarf
SDSS J081351.59+110136.3,648868682531670656,HotSubdwarf
GALEX J091044.9+234045,687242939713414400,HotSubdwarf
PG 0313+005,3266182479530739328,HotSubdwarf
GALEX J154720.9+055938,4429513885353016192,HotSubdwarf
2QZ J133540.8+014724,3711587660620408064,HotSubdwarf
UCAC4 490-019685,3328247780618525568,HotSubdwarf
GALEX J060740.7-195128,2942136130582820096,HotSubdwarf
EC 14114-2619,6270785778400000640,HotSubdwarf
EC 12315-2536,3499531901013545984,HotSubdwarf
SDSS J160721.27+255942.0,1315474407465797504,HotSubdwarf
BPS CS 30492-0125,6580759168790524032,HotSubdwarf
GALEX J150230.3+091358,1167859503942466560,HotSubdwarf
Ton S 111,2331285983158756736,HotSubdwarf
LAMOST J064532.02+114003.1,3351216303643796096,HotSubdwarf
SDSS J212449.23+061956.5,1738660520141260416,HotSubdwarf
EGGR 520,5141614515226217088,HotSubdwarf
GALEX J063423.3-482207,5551984518508239744,HotSubdwarf
PB  7232,2624068096931502336,HotSubdwarf
GALEX J030554.7+282909,115962815619380096,HotSubdwarf
GALEX J155628.3+011334,4410947978684680320,HotSubdwarf
2MASS J19022577+3840201,2100037075561787776,HotSubdwarf
SBSS 1517+553,1600608902470470016,HotSubdwarf
GALEX J071330.0+195345,3363513924586196224,HotSubdwarf
GALEX J224739.9+071732,2712529957779476224,HotSubdwarf
EC 20529-1332,6888614453106982784,HotSubdwarf
EC 21245-2157,6828461748203379328,HotSubdwarf
SDSS J161430.90+041843.4,4437235240120883584,HotSubdwarf
GALEX J163310.2+233949,1298986715211917440,HotSubdwarf
GALEX J113902.9+065716,3910040129225466752,HotSubdwarf
PG 1502+061,1159862966326973440,HotSubdwarf
KPD 0111+5200,404172060534423296,HotSubdwarf
GALEX J064643.9-721036,5265699758244334336,HotSubdwarf
KUV 04456+1502,3308929464395407104,HotSubdwarf
GALEX J080510.9-105834,3037891155139776128,HotSubdwarf
GALEX J162554.9+315435,1325222982499018880,HotSubdwarf
2QZ J131932.2-014131,3686257459632790656,HotSubdwarf
SDSS J142149.53+123210.3,1226007210736677248,HotSubdwarf
GALEX J051157.7+235610,3418841422712575616,HotSubdwarf
EC 14270-1828,6283603369559940096,HotSubdwarf
FBS 2307+338,1911572540520290048,HotSubdwarf
PG 0016+151,2792535543417139712,HotSubdwarf
EC 11119-2405,3537596787409915520,HotSubdwarf
GALEX J154139.0+340650,1371144394870415360,HotSubdwarf
UCAC4 669-038759,195587076882426880,HotSubdwarf
GALEX J211509.6+105225,1744785663197396864,HotSubdwarf
LAMOST J062836.51+325031.5,3439296187280018432,HotSubdwarf
SBSS 0838+563,1031108642886941952,HotSubdwarf
PG 2059+013,1729653290822954880,HotSubdwarf
Ton  1059,701197911230156672,HotSubdwarf
GALEX J165131.4+274229,1307758408523367296,HotSubdwarf
EC 14575-1849,6305068482234425600,HotSubdwarf
BPS CS 31075-0026,4672968024852809344,HotSubdwarf
GALEX J160241.1-001206,4409708966519263616,HotSubdwarf
GALEX J085900.3+023312,577792849295295488,HotSubdwarf
GALEX J203516.0-095211,6904737588539056128,HotSubdwarf
EC 10077-1111,3766744901946717312,HotSubdwarf
FBS 0649+403,950627174872167808,HotSubdwarf
GALEX J062825.6-184453,2940254694388783104,HotSubdwarf
FBS 0336+354,221375331836119552,HotSubdwarf
GD 108,3772994667772794112,HotSubdwarf
BPS CS 22898-0076,6832212598979053696,HotSubdwarf
ATO J096.7998+23.1528,3377315754750660992,HotSubdwarf
KUV 08461+3235,707043327359883392,HotSubdwarf
GALEX J134133.7+071849,3724479576190651264,HotSubdwarf
GALEX J153931.4+015409,4423768112463703680,HotSubdwarf
PG 1511+624,1616611675737469184,HotSubdwarf
KUV 16247+3711,1331175983266164608,HotSubdwarf
FBS 0710+377,946335952787500672,HotSubdwarf
Ton S 130,2314378453556691456,HotSubdwarf
EC 19590-5623,6448016847955672832,HotSubdwarf
Ton S 415,4827575749313476096,HotSubdwarf
GALEX J181032.0+053909,4471636686912099456,HotSubdwarf
PG 1310+179,3937241226560203136,HotSubdwarf
GALEX J065313.0-665950,5281707140014531328,HotSubdwarf
PG 1722+317,4600260791242031232,HotSubdwarf
GALEX J184359.8+634652,2253326146279942144,HotSubdwarf
2QZ J135453.0+003224,3663724545073943296,HotSubdwarf
GALEX J145600.4+055905,1160043247578793344,HotSubdwarf
PHL   867,5031702144593331712,HotSubdwarf
GALEX J181141.8+241903,4578451011737926400,HotSubdwarf
EC 21306-4911,6562925846101484544,HotSubdwarf
Feige  65,1534536701840624768,HotSubdwarf
FBS 1533+349,1374058963973357696,HotSubdwarf
SDSS J075649.56+122321.9,3151324088983830272,HotSubdwarf
PG 1017-113,3767313899213702912,HotSubdwarf
GALEX J101521.3+263550,739200842720482176,HotSubdwarf
Ton S 98,2381968628771144576,HotSubdwarf
PG 0024+133,2779870135832977152,HotSubdwarf
UCAC4 706-116006,1944738965178800384,HotSubdwarf
GALEX J111616.3+075532,3818556264964286592,HotSubdwarf
SDSS J192021.64+363537.1,2050891658883180672,HotSubdwarf
GALEX J191049.5-441713,6711206632764706688,HotSubdwarf
GALEX J221003.8+123614,2728664848535543680,HotSubdwarf
GALEX J181738.8+323741,4592762706058576640,HotSubdwarf
HD 350426,1824221903674415360,HotSubdwarf
PB  1294,1483914842900914560,HotSubdwarf
EC 11275-2504,3533727090595727104,HotSubdwarf
HZ 18,4030494071885425536,HotSubdwarf
Ton S 6,6795822955989248384,HotSubdwarf
GALEX J163605.3+130403,4459683174453531648,HotSubdwarf
GALEX J021021.8+083058,2521835956752748928,HotSubdwarf
GALEX J210148.2+151023,1763211279056787968,HotSubdwarf
GALEX J201117.6-155326,6874536546746663552,HotSubdwarf
EC 21101-4027,6581669908015862656,HotSubdwarf
HS 0127+3146,315709100170969856,HotSubdwarf
PHL     7,2687870218366060416,HotSubdwarf
EC 20385-3332,6792090079653415936,HotSubdwarf
PG 1046+189,3983291213071411712,HotSubdwarf
GALEX J092920.4+060345,3852646279386231552,HotSubdwarf
EC 14406-2543,6228853046320655360,HotSubdwarf
GALEX J172012.3-763625,5801771089072182400,HotSubdwarf
GALEX J180417.3+233802,4579058290052362752,HotSubdwarf
SDSS J165217.52+453252.1,1359376665516268928,HotSubdwarf
HE 0505-3833a,4820367625959707136,HotSubdwarf
EC 22268-3212,6601824265388557952,HotSubdwarf
GALEX J161258.6+313955,1322377549484957824,HotSubdwarf
Ton  1147,795692959881682560,HotSubdwarf
GALEX J015322.3-004835,2506128810378912640,HotSubdwarf
FBS 0035+343,365002268028633600,HotSubdwarf
GALEX J155914.1+210300,1204410637703972736,HotSubdwarf
LB   983,4444887256933138816,HotSubdwarf
EC 14263-1739,6284483047581843840,HotSubdwarf
KUV 02233+2815,130742931954760064,HotSubdwarf
Ton S 7,6801936756037265152,HotSubdwarf
PG 1457+198,1261013053920006784,HotSubdwarf
GALEX J061313.0+345601,3452480293768439296,HotSubdwarf
GALEX J061916.2+521626,995594898345623168,HotSubdwarf
HE 0452-3654,4818534877514902272,HotSubdwarf
EGGR  55,5538507082940921472,HotSubdwarf
EGGR 266,662771594747150976,HotSubdwarf
EC 04517-3706,4818530857425524736,HotSubdwarf
KPD 1938+4220,2077927619019716096,HotSubdwarf
SDSS J174606.20+253029.1,4582138365716329216,HotSubdwarf
PG 2346+149,2771509999172112896,HotSubdwarf
SDSS J202031.19+140849.6,1804943479113035136,HotSubdwarf
LAMOST J022709.24+542533.3,455627138834020480,HotSubdwarf
GALEX J230525.4-404634,6543233004436306432,HotSubdwarf
PG 0910+622,1040155596358316160,HotSubdwarf
UCAC4 269-184470,6697530086799358720,HotSubdwarf
LAMOST J030334.75+291355.6,122811948425592832,HotSubdwarf
KPD 2230+4937,1988122807799740672,HotSubdwarf
EC 22464-6732,6391778546180703744,HotSubdwarf
GALEX J132138.3+133159,3742746273963945344,HotSubdwarf
PG 2323+049,2661097763064489600,HotSubdwarf
EC 15365-1350,6265525302460115328,HotSubdwarf
IDK B005,4640919700444153088,HotSubdwarf
GALEX J212232.6+000427,2690901670707780352,HotSubdwarf
EC 12192-2704,3475838658089603968,HotSubdwarf
EC 22445-5151,6513493108987846784,HotSubdwarf
GALEX J144230.9+635628,1668619842745272320,HotSubdwarf
PG 1315+645,1677696830924518912,HotSubdwarf
FBS 2245+375,1928707776405891712,HotSubdwarf
FBS 0741+339,882125367078828672,HotSubdwarf
SDSS J233441.98+140555.3,2813209905367191168,HotSubdwarf
2MASS J07071858+1400581,3161497015379649280,HotSubdwarf
LAMOST J173123.63+461331.1,1361931728676649984,HotSubdwarf
GALEX J083918.0+103753,601444306482580992,HotSubdwarf
PG 0848+416,912843969612934144,HotSubdwarf
UCAC4 574-056197,4573406491044824448,HotSubdwarf
PB  6025,2544398618254030720,HotSubdwarf
2MASS J14141868-4333077,6097540197980557440,HotSubdwarf
LAMOST J065533.05+212339.0,3366385750176864768,HotSubdwarf
CPD-55   142,4920702734918061184,HotSubdwarf
GALEX J061927.5+352258,3452740362628172160,HotSubdwarf
PG 1140-078,3592210492033599360,HotSubdwarf
US  909,821716652060662144,HotSubdwarf
GALEX J214540.8-012807,2674696247998989184,HotSubdwarf
GALEX J181044.5+232959,4578337182222221440,HotSubdwarf
GD 1675,2325452867814971136,HotSubdwarf
SBSS 1613+533,1428076114820147328,HotSubdwarf
GALEX J160436.3-295840,6040136413892072192,HotSubdwarf
GALEX J142951.3+024748,3656201205481293952,HotSubdwarf
GALEX J171947.8+591604,1434266635866856448,HotSubdwarf
IDK F001,4640657947957095808,HotSubdwarf
EC 02512-7321,4643820796233702656,HotSubdwarf
FBS 2209+354,1906485375099435136,HotSubdwarf
LAMOST J064733.11+140346.5,3354343585293135360,HotSubdwarf
LB  1689,4833364265716636288,HotSubdwarf
PG 1514+422,1392509383267441536,HotSubdwarf
EC 21253-5354,6464997018339777664,HotSubdwarf
EC 21044-3149,6787278822928715392,HotSubdwarf
FBS 0456-025,3225359193340812288,HotSubdwarf
GALEX J213307.8-005300,2686840658870574464,HotSubdwarf
CBS  98,810691780249660800,HotSubdwarf
EC 13049-2337,3503906922204809216,HotSubdwarf
EC 13080-1508,3512505141788909696,HotSubdwarf
GALEX J191831.0+570147,2142748983429920256,HotSubdwarf
FBS 1734+422,1347406114922105472,HotSubdwarf
GALEX J065121.1+520027,993122779593859584,HotSubdwarf
GALEX J151759.9-070602,6322166948902534016,HotSubdwarf
GALEX J160156.6+061854,4450708930484104960,HotSubdwarf
GALEX J073558.7+402427,924366542234146176,HotSubdwarf
GALEX J200722.3+041804,4247553850650126720,HotSubdwarf
EC 20490-1632,6883141183010883456,HotSubdwarf
GALEX J171533.9+365214,1339942973590043264,HotSubdwarf
PG 1319+405,1524668864155792768,HotSubdwarf
KUV 08497+3232,712799128996146432,HotSubdwarf
PG 1408+326,1478424229724415104,HotSubdwarf
PB  3950,3746990186984854784,HotSubdwarf
EC 20550-5209,6476684169811863552,HotSubdwarf
GALEX J150304.3+052437,1156815699914792192,HotSubdwarf
JL 169,4919541375760987392,HotSubdwarf
Lan  11,3431631727942970240,HotSubdwarf
PG 1553-077,4348166620654369536,HotSubdwarf
UCAC4 486-031076,3133015742914979328,HotSubdwarf
PG 0940+068,3853346290335592320,HotSubdwarf
SDSS J202453.09+073419.1,1751972311716626048,HotSubdwarf
PG 0033+266,2809421366255514112,HotSubdwarf
EC 04174-7401,4629333562306750080,HotSubdwarf
SDSS J190832.75+383223.0,2099598580881453696,HotSubdwarf
PG 1426-067,6331330210088440832,HotSubdwarf
GALEX J153416.0+464706,1401013109275004288,HotSubdwarf
BSO 13,1586890398971315200,HotSubdwarf
GALEX J133200.9+673325,1684501433510930304,HotSubdwarf
EC 20107-5725,6468686528389833472,HotSubdwarf
PHL    30,6840990859296539520,HotSubdwarf
PG 0123+159,2592234628262141312,HotSubdwarf
MCT 0018-1714,2367957861336489984,HotSubdwarf
SBSS 1716+581,1433879818228293632,HotSubdwarf
EGGR 488,1394116942282089344,HotSubdwarf
GALEX J101824.6+123633,3886688254598283904,HotSubdwarf
GALEX J135059.0+285921,1452246949515387008,HotSubdwarf
GALEX J124248.9+133633,3929230528435328640,HotSubdwarf
US 1051,820305428886530560,HotSubdwarf
GALEX J064303.4+374414,944002617314641152,HotSubdwarf
KUV 09577+3700,795998387893409152,HotSubdwarf
SDSS J212330.46+004238.8,2690967057290240000,HotSubdwarf
PG 1657+656,1635443217545772800,HotSubdwarf
EC 22086-1531,2599778132726704640,HotSubdwarf
PHL   593,2448978090049080832,HotSubdwarf
BPS CS 22896-0190,6642273202231781504,HotSubdwarf
KUV 02335+3343,134674682459138304,HotSubdwarf
KPD 2322+4933,1943083135027575936,HotSubdwarf
UCAC4 687-068720,2129130844728397568,HotSubdwarf
PG 1656+600,1437842041522004992,HotSubdwarf
UCAC4 448-012552,3218446735535703808,HotSubdwarf
LB   331,1434391159854454144,HotSubdwarf
SDSS J170116.02+240351.5,4572422458199561344,HotSubdwarf
SDSS J162911.84+204618.1,1297369024369858432,HotSubdwarf
HE 0505-2228,2962347525123533184,HotSubdwarf
EC 04284-2758,4891392160103832192,HotSubdwarf
PG 1257-026,3685172413454924544,HotSubdwarf
SBSS 0803+510,935412270405847424,HotSubdwarf
PG 0319+055,9132341717393792,HotSubdwarf
KUV 16118+3906,1379096857532835712,HotSubdwarf
2MASS J19310336+4413261,2126344991502572928,HotSubdwarf
FBS 2158+373,1955711708967243136,HotSubdwarf
PG 1104+476,783541848870827264,HotSubdwarf
PG 1355-064,3619709002965535488,HotSubdwarf
HE 1310-2733,6186367234123746944,HotSubdwarf
EC 20471-6702,6425111718646780800,HotSubdwarf
GALEX J212504.4+212957,1791029850951691264,HotSubdwarf
GALEX J115558.5+210737,4000358210514730752,HotSubdwarf
GALEX J203826.4+010954,4231363125315936256,HotSubdwarf
PG 1600+171,1199316123593521024,HotSubdwarf
GALEX J203913.4+201309,1817266534856772096,HotSubdwarf
GALEX J071850.6+125039,3166142933042903424,HotSubdwarf
GALEX J212149.5+202217,1790305753825533312,HotSubdwarf
EC 20464-2648,6804996937414965120,HotSubdwarf
GALEX J201127.5+044154,4247677820585740672,HotSubdwarf
CBS  95,714378547386449664,HotSubdwarf
GALEX J170802.6+220552,4568119798621538304,HotSubdwarf
SDSS J094750.71+162731.7,620091435278404608,HotSubdwarf
SDSS J140249.36+085424.1,3722727878073701888,HotSubdwarf
EC 19590-5200,6665837488761605760,HotSubdwarf
PB  8410,2425386758109004800,HotSubdwarf
HS 1859+6219,2252213921550077056,HotSubdwarf
EC 15088-1831,6257296660512766976,HotSubdwarf
KUV 05008+1218,3391238011496962816,HotSubdwarf
GALEX J121117.3+402208,1536151540824293632,HotSubdwarf
BPS CS 22947-0196,6660141056458555520,HotSubdwarf
KUV 05296+2610,3441885777681913600,HotSubdwarf
GALEX J193323.6-234553,6771311921230771200,HotSubdwarf
EC 10385-2215,5471843211903037184,HotSubdwarf
GALEX J111739.6+510722,838229972383622272,HotSubdwarf
GALEX J215835.4+053645,2697252346789953280,HotSubdwarf
GALEX J014531.8+010630,2510377185870102784,HotSubdwarf
FBS 2204+386,1955892819147683456,HotSubdwarf
HS 1756+7056,1638944818481870848,HotSubdwarf
JL  25,6366357356311508096,HotSubdwarf
PG 2135+045,2698543280816056448,HotSubdwarf
Ton  456,744660849960764544,HotSubdwarf
FBS 1815+381,2108926047255775488,HotSubdwarf
UVEX J001032.27+625050.0,431321201657081856,HotSubdwarf
PG 1628+530,1425053900952815104,HotSubdwarf
KUV 07527+4113,922207200180189056,HotSubdwarf
Ton S 100,2388126100045184640,HotSubdwarf
GALEX J150235.8+381617,1295649731780029696,HotSubdwarf
PG 1536+097B,1164883851816155904,HotSubdwarf
LBQS 1433-0226,3649217657376669824,HotSubdwarf
BPS CS 29512-0038,2600670356348639104,HotSubdwarf
EC 19406-5646,6448543995061870592,HotSubdwarf
PG 0110+262,306837892464925696,HotSubdwarf
SDSS J161439.04+113049.1,4456937384681064576,HotSubdwarf
GD 1532,6556351385041521536,HotSubdwarf
KUV 18169+6643,2257685194490203264,HotSubdwarf
PG 0046+207,2801448085887897216,HotSubdwarf
HE 2150-0238,2673674217581020672,HotSubdwarf
BPS CS 22880-0100,6858924306263296768,HotSubdwarf
PG 0921+161,630767869277844864,HotSubdwarf
2QZ J125401.9-003403,3688965140159404672,HotSubdwarf
SDSS J113725.58+051550.8,3909157771144387456,HotSubdwarf
PG 0217+241,102583301000450688,HotSubdwarf
EC 21049-1330,6885803242393185920,HotSubdwarf
GALEX J133555.7+125137,3739085724876749824,HotSubdwarf
GALEX J165519.7+274946,1307027065789215616,HotSubdwarf
BPS CS 22896-0171,6640743437960577152,HotSubdwarf
KUV 08381+4013,911597192144874624,HotSubdwarf
Ton S 313,5058959140928424448,HotSubdwarf
BPS CS 22876-0028,2309587292982876544,HotSubdwarf
GALEX J125410.9-010408,3688791039365636992,HotSubdwarf
PG 1430+066,1172078162554358144,HotSubdwarf
PG 1530+057,4428838819572713856,HotSubdwarf
EC 22595-2032,2398664369241808896,HotSubdwarf
GALEX J220048.6+123612,2728561666241131264,HotSubdwarf
GALEX J224900.9-085931,2608616969263755136,HotSubdwarf
PG 1353+152,1231024630186706944,HotSubdwarf
GALEX J163952.8-010944,4382345695515446016,HotSubdwarf
GALEX J223740.4+134850,2732604978518290816,HotSubdwarf
EC 19414-3819,6691626465273616384,HotSubdwarf
GALEX J222246.3+222633,1875117437931788288,HotSubdwarf
PHL   460,2385348183917624448,HotSubdwarf
PG 1418+178,1232778626111037184,HotSubdwarf
PG 1102+097,3867259957150344960,HotSubdwarf
PG 1526+132,1169791590686039680,HotSubdwarf
GALEX J212559.7-110545,6892352414684765952,HotSubdwarf
GALEX J164706.9+345655,1326931520489786368,HotSubdwarf
GALEX J165438.5+031847,4386108121227093888,HotSubdwarf
EC 19450-4233,6688554361064931456,HotSubdwarf
CPD-64  3829,6629536425178621568,HotSubdwarf
PG 1047-046,3777025198226679808,HotSubdwarf
SDSS J083044.87+363916.2,904057802258610688,HotSubdwarf
EC 09213-1242,5738020094924278016,HotSubdwarf
EC 04286-7652,4627675498772110720,HotSubdwarf
EC 10578-3116,5451968027402878464,HotSubdwarf
PG 1700+198,4561230774157695232,HotSubdwarf
PG 1248+066,3709293602624709760,HotSubdwarf
GALEX J150534.0+314838,1288619312696849536,HotSubdwarf
GALEX J071503.2+750140,1112369149249621504,HotSubdwarf
Ton S 163,2346378708690580096,HotSubdwarf
EC 13130-1534,3607697388188069376,HotSubdwarf
GALEX J142604.7+132216,1227658063021448320,HotSubdwarf
GALEX J212148.8+183915,1785562769900422912,HotSubdwarf
GALEX J061548.0+344650,3452646281368418304,HotSubdwarf
GALEX J104711.6+213408,3989172840070313728,HotSubdwarf
EC 10189-1502,3751775738329263488,HotSubdwarf
GALEX J204026.9-055512,6908205791809095296,HotSubdwarf
PB  5851,2548155069666528128,HotSubdwarf
EC 23344-5258,6498464296863190528,HotSubdwarf
Ton  468,642683203773128448,HotSubdwarf
GALEX J144346.2+043044,1158672259658553600,HotSubdwarf
EC 00539-8141,4630260210090900992,HotSubdwarf
KUV 04421+1416,3308791681845675136,HotSubdwarf
BPS CS 22951-0031,6566180331799837056,HotSubdwarf
Feige  36,3995631994142136576,HotSubdwarf
GALEX J033739.7-062356,3244242854574568832,HotSubdwarf
