Star,Gaia_DR3_ID,otype
SDSS J152239.51+490440.3,1594560381630561792,Low-Mass*
2MASS J08544784+3214370,712802839848031872,Low-Mass*
2MASS J12433797-0046306,3683875981871522816,Low-Mass*
2MASS J00282465-0017307,2543527981139427584,Low-Mass*
SDSS J135548.03+574027.9,1658273648781297920,Low-Mass*
2MASS J20271624+1332529,1804126133952006016,Low-Mass*
2MASS J09482303+6817378,1070047568010105856,Low-Mass*
2MASS J10345928+4738171,833840932420429952,Low-Mass*
SDSS J082315.31+431657.7,916254448522802560,Low-Mass*
2MASS J17023112+2835051,1308620017618775936,Low-Mass*
SDSS J120918.34+430604.2,1537581936734420096,Low-Mass*
2MASS J09565740+2148570,628234109156132224,Low-Mass*
2MASS J00181390-0027482,2545160442372860928,Low-Mass*
2MASS J00514243-0001069,2536883834235120256,Low-Mass*
2MASS J00322307+0112463,2544313925795745024,Low-Mass*
SDSS J202149.34+002125.3,4230464515076648320,Low-Mass*
2MASS J00374113+0032068,2543345599648301056,Low-Mass*
2MASS J10562721+0927552,3867789024106585472,Low-Mass*
2MASS J12203511+2004599,3951999966842735232,Low-Mass*
2MASS J23370725+0012313,2645871309430511104,Low-Mass*
2MASS J22384898+0108174,2654647714323164928,Low-Mass*
2MASS J11374135+3756031,766092835551782144,Low-Mass*
2MASS J12101242+3916243,1535801694264148352,Low-Mass*
2MASS J09192401+6103294,1039821718485067136,Low-Mass*
2MASS J09122279+2012539,636762505456625792,Low-Mass*
2MASS J10260066-0637398,3775613257793075584,Low-Mass*
2MASS J07565906+2307356,675155492993941248,Low-Mass*
2MASS J10274572+0629104,3862347987736935040,Low-Mass*
2MASS J11045035+0146363,3805456369898342272,Low-Mass*
SIPS J1500-0131,6340621499955531008,Low-Mass*
2MASS J12362298+3116448,4012319209102483712,Low-Mass*
2MASS J21091534-0027215,2689173719464882432,Low-Mass*
2MASS J10461691+6211517,1054977494136886400,Low-Mass*
2MASS J06574230+2006045,3365927593129065472,Low-Mass*
2MASS J12000829+0108483,3891249685960187520,Low-Mass*
2MASS J23332415-0026517,2644241111646334976,Low-Mass*
2MASS J01185763+0038418,2535069743128355328,Low-Mass*
2MASS J02305491-0909330,5175694320510119936,Low-Mass*
2MASS J15524128+3638495,1373334317091113856,Low-Mass*
2MASS J07545468-6049514,5290728942159964160,Low-Mass*
2MASS J03333928+0017131,3264567258294661888,Low-Mass*
2MASS J00150290-0019260,2545389591763022720,Low-Mass*
2MASS J13570002+5357353,1561215595574548224,Low-Mass*
2MASS J00221068-0935482,2428190959436394368,Low-Mass*
2MASS J10320189+1602140,3889127353641625856,Low-Mass*
2MASS J16271804+1911222,1200939548214424064,Low-Mass*
2MASS J07354056+4036524,924378460767221376,Low-Mass*
2MASS J03185489+0010076,3265936631307683200,Low-Mass*
2MASS J12383884+3135446,1514353074263702144,Low-Mass*
2MASS J13522456+1157242,3727290786904710912,Low-Mass*
2MASS J00125529+0111102,2546448176647677056,Low-Mass*
2MASS J00375554+0009441,2543194653021723776,Low-Mass*
SDSS J205513.66-010507.7,6917343931731227008,Low-Mass*
SDSS J082829.26+574716.1,1035276852811712000,Low-Mass*
2MASS J02114787+0114180,2513373389415596288,Low-Mass*
2MASS J03094233-0043180,3265607705531803648,Low-Mass*
2MASS J04035944+1520502,45336815783568640,Low-Mass*
2MASS J10361525+4551323,830448453715975808,Low-Mass*
SDSS J104656.90+005511.6,3806658926381559936,Low-Mass*
2MASS J03441194+0100447,3269745099068177024,Low-Mass*
2MASS J10481275+5640571,854136027282406144,Low-Mass*
2MASS J10205416+2555431,726990392432071424,Low-Mass*
2MASS J10271412+0607208,3862227350696070272,Low-Mass*
2MASS J02032706-0057434,2506683479636008960,Low-Mass*
Cl* NGC 2547    OJD      68,5514374275879084544,Low-Mass*
SDSS J085555.31+202214.3,660831712636439168,Low-Mass*
2MASS J05321559-0039001,3220693896784093824,Low-Mass*
2MASS J14191300+1958331,1240115083088459136,Low-Mass*
SDSS J093654.94+032512.1,3850747521589339264,Low-Mass*
2MASS J12491460+1440091,3930866429940160640,Low-Mass*
2MASS J00481325+0050050,2549191359375005824,Low-Mass*
2MASS J08584918+1922276,660523402706627456,Low-Mass*
2MASS J00024259+0038572,2738329693183203840,Low-Mass*
2MASS J20440295-0022487,4227869259613872128,Low-Mass*
SDSS J091717.14+045817.1,579701768984774784,Low-Mass*
2MASS J11180718+4037394,765309742754555776,Low-Mass*
2MASS J00274571+0113100,2546974262898132992,Low-Mass*
LSPM J1611+1621,1198605942160713984,Low-Mass*
LSPM J0956+2511,643485675462840192,Low-Mass*
2MASS J23470653-0031005,2641881559690575360,Low-Mass*
2MASS J02391283+0040300,2501811887210120320,Low-Mass*
SDSS J003919.73+151911.4,2779819554002892288,Low-Mass*
2MASS J08392847+0910396,598152265589157888,Low-Mass*
2MASS J12105426-0037579,3697959287009592576,Low-Mass*
2MASS J02020139+0112073,2508280142318266752,Low-Mass*
SDSS J145242.53+205022.4,1238130739476967168,Low-Mass*
2MASS J12155740+3820135,1532478386009024128,Low-Mass*
2MASS J08313935+1904565,662705654112995968,Low-Mass*
2MASS J08382476+0700583,595395476405392768,Low-Mass*
2MASS J00263959+0051091,2543935414621473408,Low-Mass*
[IHA2007] N2516-3-1-4161,5290688840046949504,Low-Mass*
Cl* NGC 2632     JS     749,661851612751722880,Low-Mass*
SDSS J073948.37+442001.5,926901633794321920,Low-Mass*
SDSS J161435.26+052427.1,4437655455423106176,Low-Mass*
2MASS J16020666+0625344,4450712224722563968,Low-Mass*
2MASS J09021796+1850479,612396503151086208,Low-Mass*
2MASS J00144576-0049492,2544795992923819776,Low-Mass*
SDSS J204312.12-001431.7,4227886538268168320,Low-Mass*
2MASS J22430704-0042332,2653081597448439680,Low-Mass*
2MASS J08315068+3703434,904095941567885440,Low-Mass*
SSSPM J1256-1408,3525782019572116992,Low-Mass*
2MASS J14093090+3232442,1478439554167740928,Low-Mass*
SDSS J230255.89-100743.8,2605841664476386560,Low-Mass*
SDSS J123148.48+545753.2,1571047840867339648,Low-Mass*
2MASS J08442233+2850397,705198514351397248,Low-Mass*
2MASS J00215723-0036490,2542223784254509056,Low-Mass*
2MASS J12341745+1958029,3949123506985470208,Low-Mass*
2MASS J10144967+2233478,629276824136293248,Low-Mass*
2MASS J00512005+0007433,2536889851484771968,Low-Mass*
2MASS J08234700+1549475,652848532371748608,Low-Mass*
2MASS J21212047-0639253,6899029405202177536,Low-Mass*
2MASS J08391608+1253543,603082230914404096,Low-Mass*
2MASS J09044910+2321481,686427686201255168,Low-Mass*
2MASS J01354827-0025312,2509740259400141440,Low-Mass*
SDSS J172838.82+324843.4,4601917098135535616,Low-Mass*
2MASS J10194334+6500575,1053666841916960384,Low-Mass*
2MASS J03215537+0559319,9336438563531776,Low-Mass*
2MASS J02311780-0100400,2500078507129241600,Low-Mass*
SDSS J012519.90-001557.8,2533956212727379840,Low-Mass*
2MASS J00490243-0049465,2536724061451971584,Low-Mass*
2MASS J03390077+0002156,3263750492953847936,Low-Mass*
2MASS J18352761+4103422,2110408974906097152,Low-Mass*
SDSS J212310.44+010739.5,2691131125041344384,Low-Mass*
2MASS J08472980+1122486,598916799833203712,Low-Mass*
2MASS J23015347-0921246,2606714165607988608,Low-Mass*
2MASS J01470204+2120242,97988098310812160,Low-Mass*
2MASS J11113762+2418303,3995417859958685952,Low-Mass*
2MASS J15412712+0237361,4423926334762932736,Low-Mass*
2MASS J15095650+4854187,1589301451875436032,Low-Mass*
SDSS J053048.76-002733.2,3220736159262064384,Low-Mass*
2MASS J22585449+1404194,2815990462899949824,Low-Mass*
2MASS J22045598+0047004,2682179244963967488,Low-Mass*
LSPM J0137+0036,2510102827654319488,Low-Mass*
2MASS J02161725-0058301,2494676645156704512,Low-Mass*
LSPM J0907+2204,685336837523870464,Low-Mass*
SDSS J035022.90+005454.9,3257777018079082112,Low-Mass*
2MASS J10544220+3747451,775085573651569920,Low-Mass*
2MASS J09212205+5505200,1023386974587063168,Low-Mass*
2MASS J09231747+1759473,632315534972558976,Low-Mass*
LP  378-570,1447154325189185024,Low-Mass*
2MASS J08371548+0555432,594802942718213120,Low-Mass*
2MASS J05455397+0111268,3219874344010515072,Low-Mass*
2MASS J00312713-0023506,2543558522650544384,Low-Mass*
2MASS J08440896-3914303,5528799185531660416,Low-Mass*
2MASS J23272811-0045567,2644075398921200768,Low-Mass*
2MASS J23480285+4308511,1922455918930697472,Low-Mass*
2MASS J08004904+4043329,921400845840512640,Low-Mass*
SDSS J134413.92+293034.8,1455510918501995136,Low-Mass*
2MASS J11581218+4024346,4035010242881769344,Low-Mass*
2MASS J12051783+0019194,3699024881280099968,Low-Mass*
2MASS J00191622-0010446,2545268641188942976,Low-Mass*
SDSS J204528.31+000145.6,4227978175689433344,Low-Mass*
2MASS J00181451-0012127,2545309563637324160,Low-Mass*
2MASS J15521279+3848462,1376651195779890816,Low-Mass*
2MASS J08024959+1155147,3151016775485508864,Low-Mass*
2MASS J23154720+0041372,2657184944778671744,Low-Mass*
2MASS J07492574+3224238,881740396273902080,Low-Mass*
2MASS J15335708+5804093,1602772737057983872,Low-Mass*
2MASS J00151756-0019216,2545389759266760704,Low-Mass*
2MASS J22171428+0020428,2679149575033695872,Low-Mass*
2MASS J00251331-0058153,2541973164322735104,Low-Mass*
2MASS J23513736-0006496,2642238802187050624,Low-Mass*
2MASS J09390189+5826556,1026408574273977600,Low-Mass*
2MASS J00542322-0026143,2536051297774226560,Low-Mass*
2MASS J00452206-0033483,2530941184340976128,Low-Mass*
2MASS J10055859+0524205,3873186840219534720,Low-Mass*
SDSS J204449.17+002959.6,4228215876358878720,Low-Mass*
2MASS J22570682-0922290,2606899536396536448,Low-Mass*
2MASS J12235893+1757139,3947053676346054656,Low-Mass*
2MASS J12424353+4056316,1522165447977928064,Low-Mass*
2MASS J08561204+2304252,686543104858446848,Low-Mass*
2MASS J10501408+5038289,835907047911894784,Low-Mass*
2MASS J22441647+1329260,2731687058107146752,Low-Mass*
2MASS J13320769+5311103,1560377630275487488,Low-Mass*
2MASS J00360515+0108137,2544191738269342848,Low-Mass*
2MASS J14330773+4508468,1494318013900586880,Low-Mass*
2MASS J14523512+3714576,1294419820649633024,Low-Mass*
2MASS J01062866-0046100,2533207071647314304,Low-Mass*
LP  548-1,3852362605385919616,Low-Mass*
2MASS J13543592+3700273,1495415051627188992,Low-Mass*
2MASS J12284064+1642171,3945838307976728960,Low-Mass*
2MASS J23223392-0110537,2643978981200141312,Low-Mass*
2MASS J02315242-0024119,2500173305647593216,Low-Mass*
SDSS J154937.37+561151.3,1598460078791795200,Low-Mass*
2MASS J16002760+2344180,1218858667169032704,Low-Mass*
2MASS J13533460+5307529,1561079805888917504,Low-Mass*
2MASS J00480021-0040141,2530740076792264320,Low-Mass*
2MASS J15382509+0101026,4417646645899050496,Low-Mass*
2MASS J00200839-0001013,2545295274283173760,Low-Mass*
2MASS J18294118+4118447,2111131354045935744,Low-Mass*
SDSS J091747.42+171259.6,632061857024560512,Low-Mass*
2MASS J09490368+2724108,647174536974131712,Low-Mass*
2MASS J23391915-0039250,2641268856836242432,Low-Mass*
2MASS J01532050-0010142,2507736502537074304,Low-Mass*
2MASS J09214499+1039022,592542930925821952,Low-Mass*
LP  299-15,115851902384016128,Low-Mass*
UCAC4 456-001584,2535300919743860224,Low-Mass*
SDSS J150848.12+351042.2,1291551886301751424,Low-Mass*
SDSS J004956.01-000919.0,2536784401447797248,Low-Mass*
2MASS J08332751+2154555,665625102299490176,Low-Mass*
2MASS J09164598+0124085,3844955912809442816,Low-Mass*
SDSS J001058.65+001717.5,2546243255168175872,Low-Mass*
2MASS J10215520+2435152,725981551858718080,Low-Mass*
2MASS J16230712+3909368,1332433029997756160,Low-Mass*
2MASS J23572023+0006514,2642172243077434240,Low-Mass*
2MASS J22165189+0059491,2679400160605336064,Low-Mass*
2MASS J23552953-0019578,2642040885797800320,Low-Mass*
2MASS J09501874+5736490,1049347582285690624,Low-Mass*
2MASS J09540782+4605201,820767842243800576,Low-Mass*
2MASS J11003948+6444149,1055841160519705856,Low-Mass*
SDSS J102954.14+171924.0,3890573894331355264,Low-Mass*
SDSS J025701.08+004119.2,282986805295872,Low-Mass*
2MASS J09030485+4519327,1009764678354110080,Low-Mass*
SDSS J002419.40+010231.3,2546999787887409536,Low-Mass*
2MASS J10264359+3241486,748944027570833152,Low-Mass*
2MASS J00212483+0026400,2546859428356355968,Low-Mass*
2MASS J03070004+0041576,3266721167213841408,Low-Mass*
2MASS J09041984+4503176,1009713413624096896,Low-Mass*
SDSS J032146.98+002734.0,3267440694494561664,Low-Mass*
2MASS J00234881-0036325,2542196914938604416,Low-Mass*
SDSS J034451.74+010335.7,3269750665345807360,Low-Mass*
2MASS J12564382+2237467,3956469623343461248,Low-Mass*
2MASS J10301453+1439070,3888862023445927808,Low-Mass*
2MASS J16365374+1209541,4459369062024467072,Low-Mass*
2MASS J00492475+0033204,2537152733547836288,Low-Mass*
SDSS J120030.15+500636.0,1546833571166414464,Low-Mass*
SDSS J213703.41+004458.6,2688229823091877632,Low-Mass*
2MASS J00234142+0054357,2546903168302998528,Low-Mass*
2MASS J09035844+1111225,604117077515067392,Low-Mass*
2MASS J10381706+4245116,780732046896907264,Low-Mass*
2MASS J09052058+4328397,1008998219966734080,Low-Mass*
2MASS J12103487+6312363,1584277851966928640,Low-Mass*
2MASS J10101320+2251261,630088607314491648,Low-Mass*
2MASS J10490277+3111318,736646299252174208,Low-Mass*
2MASS J18594402+7804205,2293205703600809088,Low-Mass*
SDSS J213305.37+005003.8,2688210856517623296,Low-Mass*
2MASS J05420260+0110588,3222515164780454016,Low-Mass*
2MASS J00241503+0104190,2547000646880882944,Low-Mass*
2MASS J02541956+3414394,140174607121383808,Low-Mass*
2MASS J01454965+0054031,2509619347480900352,Low-Mass*
2MASS J11370876+1213495,3917575189785396096,Low-Mass*
2MASS J09290796+4418067,818052770077734144,Low-Mass*
2MASS J02531705+0050261,2498358767864171648,Low-Mass*
2MASS J21140992-0659274,6898782530482228736,Low-Mass*
2MASS J07521973+3907418,920450661634714240,Low-Mass*
SDSS J134309.34+613607.0,1664209529808347136,Low-Mass*
2MASS J16364762+1146224,4459338859813921024,Low-Mass*
SDSS J224222.60-004914.9,2653079020468005248,Low-Mass*
2MASS J00270289-0025344,2543508567887190272,Low-Mass*
2MASS J14114416+3701191,1484250262666423936,Low-Mass*
SDSS J223950.99+132255.2,2731778317572775296,Low-Mass*
2MASS J00315442-0056242,2542680292034255360,Low-Mass*
2MASS J02263628-0039122,2499977214620636032,Low-Mass*
2MASS J16311150-0106471,4359160392603851008,Low-Mass*
2MASS J05293700-0023562,3220928054104804096,Low-Mass*
SDSS J124708.15+074334.3,3710448807092274560,Low-Mass*
2MASS J16423668+2604112,1301216799670493696,Low-Mass*
2MASS J11303282-0807179,3591268515510797824,Low-Mass*
2MASS J08015083+4118322,922262317495081600,Low-Mass*
2MASS J09535581+1006177,3879377258187702656,Low-Mass*
2MASS J14534896+0414326,1158074438865794048,Low-Mass*
2MASS J15504383+0739334,4430308518726191360,Low-Mass*
2MASS J15024686+3359182,1289887187042977536,Low-Mass*
2MASS J10570760+2800087,730653720362229376,Low-Mass*
2MASS J23343139-0105266,2641186874500571392,Low-Mass*
2MASS J12522770+6024466,1579827131977414400,Low-Mass*
2MASS J02445215+0017136,2498640689517644800,Low-Mass*
SDSS J232135.99+521944.2,1992403992537057792,Low-Mass*
2MASS J08353075+2812210,704541521795391488,Low-Mass*
2MASS J22450848-0045135,2653258416956833920,Low-Mass*
2MASS J08245519+3356186,903288831313597696,Low-Mass*
2MASS J08210652+3945017,908576245293174400,Low-Mass*
2MASS J01092643-0051374,2532981186431619456,Low-Mass*
2MASS J00374385+0035216,2543358136656859264,Low-Mass*
SDSS J053504.42+005632.9,3222622264087862400,Low-Mass*
SDSS J125237.20+563848.2,1576740184362357120,Low-Mass*
SDSS J004626.21-005323.3,2530729764575060608,Low-Mass*
2MASS J00332979-0013599,2542837522197810048,Low-Mass*
2MASS J08412884+1550182,657732494300822272,Low-Mass*
2MASS J16255745+6233289,1628693590540441216,Low-Mass*
2MASS J14541515+6031339,1617582991180168576,Low-Mass*
SDSS J032547.17-002312.7,3264275269237644416,Low-Mass*
2MASS J00212945+0021058,2546809679751114368,Low-Mass*
2MASS J01402958-0042090,2509006678985818880,Low-Mass*
SDSS J084756.39+184210.5,660273122076000256,Low-Mass*
2MASS J14292541+4517057,1494497955851821824,Low-Mass*
2MASS J08292087+3505373,903818658480876160,Low-Mass*
2MASS J03224893+0005442,3267363797400345728,Low-Mass*
Cl* NGC 2547    OJD      88,5514346891167657856,Low-Mass*
2MASS J10431903+3312108,737875965569002240,Low-Mass*
2MASS J14211583+4525389,1505027188436683264,Low-Mass*
SDSS J102211.00+453243.1,809234304570763904,Low-Mass*
2MASS J12341680+2806500,4010563877443812608,Low-Mass*
2MASS J23413492-0901149,2435822669644752512,Low-Mass*
SDSS J212253.49-071525.6,6898196658291725568,Low-Mass*
SDSS J134202.03+293339.7,1455200065949291136,Low-Mass*
2MASS J03372774+0025017,3263918963045902208,Low-Mass*
2MASS J08395523+2020232,664439996266118400,Low-Mass*
2MASS J11235079+1938519,3978054548425493888,Low-Mass*
2MASS J16174796+5005009,1423538219878931072,Low-Mass*
2MASS J00233392+0005350,2543790553964340864,Low-Mass*
SDSS J032049.50+003658.9,3267453373238208768,Low-Mass*
SDSS J011518.89+011324.9,2535331014579119872,Low-Mass*
2MASS J01084938-0111208,2532943528158842496,Low-Mass*
Cl* NGC 2099    HGH V1269,3451200767175294336,Low-Mass*
SONYC Lup3-3,5997084108402689408,Low-Mass*
2MASS J08564580+1047098,603845669942038784,Low-Mass*
LP  259-46,714995545208302336,Low-Mass*
SDSS J082954.99+085718.1,599631482390736896,Low-Mass*
SDSS J125903.93+293324.0,1464521416292299392,Low-Mass*
2MASS J13080683+2445332,1447159444790197248,Low-Mass*
2MASS J00532637-0030213,2536794876872244352,Low-Mass*
2MASS J00460247-0023302,2530950354095597056,Low-Mass*
2MASS J13170373+0428216,3716748149726483584,Low-Mass*
2MASS J00401146-0052313,2542857519564793856,Low-Mass*
2MASS J15202740+5538502,1600624914108541824,Low-Mass*
2MASS J00485739+0101539,2549218533633960960,Low-Mass*
SDSS J120903.44+041655.3,3893880572472904832,Low-Mass*
2MASS J02365804-0036237,2497187826635483648,Low-Mass*
2MASS J12010452+2534162,4006068627233073024,Low-Mass*
Cl* NGC 2099    HGH  150181,3451180945902488960,Low-Mass*
2MASS J12273500+2008365,3949039119468706944,Low-Mass*
2MASS J02430208-0008562,2498508992935473664,Low-Mass*
2MASS J04425997+1211152,3295891107619388544,Low-Mass*
2MASS J13360579+6259019,1665354808607088896,Low-Mass*
2MASS J17225962+5628142,1420776766360004992,Low-Mass*
2MASS J11342539+2701549,4018505370758083968,Low-Mass*
SDSS J073512.51+444045.9,973517009804471552,Low-Mass*
2MASS J14441936+1456148,1186035255782467968,Low-Mass*
SCR J0022-1022,2425077078082332160,Low-Mass*
2MASS J08495843+0617429,583087371445286656,Low-Mass*
SDSS J004218.91+010631.1,2549352467892832384,Low-Mass*
2MASS J09374991+1530414,618859913535448320,Low-Mass*
2MASS J08061850+1349144,653490475361343232,Low-Mass*
2MASS J14160436+4754259,1507702983126028544,Low-Mass*
SDSS J131358.12+272144.2,1459965383707515904,Low-Mass*
SDSS J094753.72-022118.1,3826757998937405824,Low-Mass*
SDSS J025718.16+011010.6,339817812760192,Low-Mass*
SDSS J162407.82+240700.9,1302214018061066880,Low-Mass*
2MASS J08153717-0803429,3062885627118396544,Low-Mass*
2MASS J11413019+4837564,787451845353352192,Low-Mass*
SDSS J091700.95+312200.1,700684748535672576,Low-Mass*
SDSS J010514.99-002701.6,2536233232589691904,Low-Mass*
2MASS J18281631+2150105,4529067615212633472,Low-Mass*
2MASS J11555420+3403360,4028262436942488064,Low-Mass*
SDSS J034300.49+005949.1,3269911984316945920,Low-Mass*
2MASS J07344734+3002426,879660223353619840,Low-Mass*
2MASS J00300742+0034562,2543879068946270464,Low-Mass*
2MASS J00544211-0018563,2536804806836702208,Low-Mass*
2MASS J13424251+2921142,1455146670915485568,Low-Mass*
SDSS J030209.77-011322.3,5187805612889032960,Low-Mass*
2MASS J08555703+3814528,719519279641997696,Low-Mass*
2MASS J11574663-0148456,3602409699331715968,Low-Mass*
2MASS J12214652+3607118,1531248543599148160,Low-Mass*
2MASS J00333532+0112218,2544299456049024000,Low-Mass*
2MASS J16134264-2301279,6242562861106321024,Low-Mass*
TVLM 831-154910,2497288672467622912,Low-Mass*
SDSS J160948.94+090442.8,4451719072430462848,Low-Mass*
2MASS J12573514+1757491,3940862017132919296,Low-Mass*
SDSS J103149.12+414905.3,780614566656214144,Low-Mass*
2MASS J14424628+3608304,1294103161300211200,Low-Mass*
2MASS J10190264+3351240,752221121977822336,Low-Mass*
2MASS J01045832+4548384,377092257371699328,Low-Mass*
2MASS J16065635-0200146,4406234509775730560,Low-Mass*
2MASS J10050439+2001340,628341556353080704,Low-Mass*
2MASS J08593164+1308285,605309566595207168,Low-Mass*
2MASS J08153597-0801465,3062886486111870464,Low-Mass*
2MASS J21201141+1011148,1745237867419919232,Low-Mass*
2MASS J08071867+3012557,876909107822067072,Low-Mass*
2MASS J00255436+0016032,2543805745264626432,Low-Mass*
2MASS J00574689+0027095,2537254232214589824,Low-Mass*
Cl* NGC 2099    HGH  230233,3451181564377851904,Low-Mass*
SDSS J204007.85-005224.0,4226332451595113088,Low-Mass*
2MASS J10173863+3109502,742850160468090240,Low-Mass*
SDSS J030100.45-011408.5,5187815027457197056,Low-Mass*
2MASS J13580213+4148213,1498901121963676928,Low-Mass*
2MASS J08591964+4118347,720559241547075968,Low-Mass*
2MASS J00240159-0029153,2542204645879785344,Low-Mass*
2MASS J11534760+3233097,4027474739941147520,Low-Mass*
SDSS J232521.39+005538.0,2645430439627649792,Low-Mass*
2MASS J00240919+0019156,2543818836324889472,Low-Mass*
2MASS J13324685+1153493,3738865174011841408,Low-Mass*
2MASS J08590801+0047121,576584997118894080,Low-Mass*
2MASS J19293975-2247110,6771617104427627008,Low-Mass*
2MASS J15481371+3804342,1376696550633882752,Low-Mass*
2MASS J08005821+3243397,881192083569462016,Low-Mass*
2MASS J10185373+1958369,625467600461952000,Low-Mass*
2MASS J13414271+4946519,1558483618417579520,Low-Mass*
SDSS J091910.74+370104.2,810961809136812928,Low-Mass*
2MASS J00225083+0005060,2546787788301320704,Low-Mass*
SDSS J084748.83+075131.7,596814125578382208,Low-Mass*
2MASS J23382763+1412322,2765187974814986624,Low-Mass*
LSPM J1358+2158,1250452171720288256,Low-Mass*
SDSS J083127.10+490112.1,1026916132034563072,Low-Mass*
2MASS J12310343+3005115,4011828517678784512,Low-Mass*
[BHR2005] 889-3,2678628685695221376,Low-Mass*
2MASS J11241961+3948172,770409110180351744,Low-Mass*
2MASS J00225783-0106191,2541955920030045312,Low-Mass*
2MASS J23262619+0010088,2645305576338814848,Low-Mass*
2MASS J08241176+3525104,904254683558909312,Low-Mass*
2MASS J09160594+2216454,638826396156445824,Low-Mass*
ULAS2MASS J1129+0002,3797484708733816448,Low-Mass*
2MASS J23431226-0005256,2642626444459002368,Low-Mass*
2MASS J12470969+3802403,1520439347865334656,Low-Mass*
[BHR2005] 263-13,810457206314968576,Low-Mass*
2MASS J20123609+7645237,2290416414400685184,Low-Mass*
SDSS J132315.85+222935.6,1442773046229994112,Low-Mass*
2MASS J13541579+5929242,1659291556031287040,Low-Mass*
2MASS J22480959-0051446,2653218662739554176,Low-Mass*
2MASS J14041201+5437494,1609308062375579648,Low-Mass*
SDSS J104459.90+362815.9,750926653194825728,Low-Mass*
2MASS J00480335+1524363,2781128041559037824,Low-Mass*
2MASS J00195357-0008029,2545267614693441408,Low-Mass*
2MASS J22444905-3045535,6607432496244359296,Low-Mass*
2MASS J23480091-0016049,2641913239369408512,Low-Mass*
2MASS J02552333+0040527,2498297130788711168,Low-Mass*
2MASS J15270028+1948278,1210788324836189952,Low-Mass*
2MASS J00192483+0008485,2545348252703153536,Low-Mass*
2MASS J05385289+0026425,3222365837357833728,Low-Mass*
2MASS J23364062-0035087,2641304801417878656,Low-Mass*
2MASS J03071933-0030302,3266299470144552320,Low-Mass*
2MASS J09250970+1820448,632444074754275840,Low-Mass*
2MASS J01045317+0046472,2538064056888214016,Low-Mass*
2MASS J00210216+0049073,2546890214682045568,Low-Mass*
2MASS J00244046-0002197,2543770389093802624,Low-Mass*
2MASS J01401579-0936047,2464784836712848768,Low-Mass*
2MASS J09035349+2447426,688273942319043712,Low-Mass*
2MASS J12124931+6706183,1681248631439812608,Low-Mass*
2MASS J12295036+3929514,1532259372741228672,Low-Mass*
2MASS J00184160-0048135,2545134161468841984,Low-Mass*
SDSS J114240.78+441751.1,773634866843039488,Low-Mass*
2MASS J04454371+1246315,3296031437085975424,Low-Mass*
2MASS J09263101+4035183,812594622560950656,Low-Mass*
2MASS J00495312-0000560,2536980075862325120,Low-Mass*
2MASS J09420484+1920174,633492695314200576,Low-Mass*
2MASS J15340492+4633023,1400936074741889280,Low-Mass*
2MASS J00184395-0113372,2542084322371804672,Low-Mass*
2MASS J16215842+1519337,4464907061571848448,Low-Mass*
2MASS J21371160-0006029,2687294757172241280,Low-Mass*
SDSS J211955.90+010422.1,2691212763778523136,Low-Mass*
2MASS J00443938+0019084,2549058936943405568,Low-Mass*
2MASS J12075802-0003260,3698802097031822592,Low-Mass*
2MASS J01131907+0010515,2534826720994403840,Low-Mass*
2MASS J01141461+0028032,2534864168813714176,Low-Mass*
2MASS J16144652+1557479,4465141906087428224,Low-Mass*
2MASS J23532706+3902386,2881622687079424384,Low-Mass*
SDSS J183318.15+221730.8,4535144895153053696,Low-Mass*
2MASS J23180970+0005360,2645128177009647744,Low-Mass*
2MASS J00234754+0100140,2546998688375410048,Low-Mass*
SDSS J154655.99+005226.7,4422698115852416128,Low-Mass*
2MASS J14204394+5850068,1612087318532282496,Low-Mass*
2MASS J07402163+2900539,878647951102186752,Low-Mass*
2MASS J13461897+1829124,1248079464283076736,Low-Mass*
2MASS J03170155+0011376,3266102039088041856,Low-Mass*
2MASS J23513306+3823306,2881486240262874368,Low-Mass*
2MASS J03021237-0043388,5187862478255720448,Low-Mass*
2MASS J00515645+0053470,2537192045383765888,Low-Mass*
2MASS J13263925+1937290,3939212715331653120,Low-Mass*
2MASS J13510918+6136277,1664236364763945856,Low-Mass*
2MASS J15592372+5214170,1404718463460921216,Low-Mass*
2MASS J23202567-0014149,2644872029455335808,Low-Mass*
2MASS J13180548+3918346,1524547849158080640,Low-Mass*
2MASS J09030345+3121329,711767035471780352,Low-Mass*
2MASS J00240793+0026274,2546824278343555072,Low-Mass*
2MASS J00385853+0050105,2543392565114810496,Low-Mass*
2MASS J11475440+4134103,768417688464183552,Low-Mass*
2MASS J15323137+3936136,1389460544898504704,Low-Mass*
Cl* NGC 2099    HGH  240068,3451179704656570112,Low-Mass*
2MASS J08222550+0321345,3092028255826930432,Low-Mass*
2MASS J09020825+4502444,1009736846965904384,Low-Mass*
2MASS J12053539+3922476,4033993332065083648,Low-Mass*
2MASS J10225718+1747493,3890510225736843520,Low-Mass*
2MASS J23342159+0037250,2644646075520041344,Low-Mass*
2MASS J00454190-0023586,2530997014620298496,Low-Mass*
LSPM J1418+5712,1611300514883796992,Low-Mass*
2MASS J00542263-0107262,2535868194728777728,Low-Mass*
2MASS J23314996+1336112,2813087790858623232,Low-Mass*
2MASS J10322070+6059333,1048805243879926144,Low-Mass*
2MASS J20522550-0032069,4227286415373894656,Low-Mass*
2MASS J01373953-0917096,2464863971485252608,Low-Mass*
2MASS J11094314+5202430,842223712150315392,Low-Mass*
2MASS J22161252+6828160,2220173912199804672,Low-Mass*
2MASS J00481272-0059409,2530710630496489600,Low-Mass*
2MASS J00262304-0917265,2426713215810373248,Low-Mass*
2MASS J00335881+0108598,2544204283869123584,Low-Mass*
SDSS J033341.68-005951.5,3263287117522256512,Low-Mass*
2MASS J09191018+2341466,639359964237845632,Low-Mass*
2MASS J08031971+2441589,681361450153332864,Low-Mass*
2MASS J06344921+2626251,3384354858252932992,Low-Mass*
SDSS J234538.71+004027.4,2643332949399398272,Low-Mass*
2MASS J16041748+1931177,1203248282115656960,Low-Mass*
2MASS J21195017-0038198,2686256066576995968,Low-Mass*
SDSS J130104.41+094133.7,3734381021997665664,Low-Mass*
2MASS J00061662-0001175,2545890518093735296,Low-Mass*
SDSS J151219.34-012102.6,4418247258421398528,Low-Mass*
2MASS J09022432+0928105,591411636540215552,Low-Mass*
2MASS J00332404-0030014,2542814260654906368,Low-Mass*
SDSS J084317.30+453609.2,917509468032602496,Low-Mass*
2MASS J00373931+0056310,2544124633700190848,Low-Mass*
SDSS J214937.24-001238.2,2681086575219158784,Low-Mass*
SDSS J001822.84-004805.3,2545132958877273216,Low-Mass*
2MASS J20485943+5712426,2190197784956402304,Low-Mass*
2MASS J00172600-0045232,2545125979555182464,Low-Mass*
2MASS J08084658-0842351,3038788146169744640,Low-Mass*
2MASS J08192685+0846502,600176019820329216,Low-Mass*
2MASS J21582585-0046217,2679914147932204928,Low-Mass*
2MASS J01580979-0013088,2507511927287731200,Low-Mass*
SDSS J091754.65+552918.9,1024169212685732096,Low-Mass*
2MASS J23502865+0051125,2643213072568587392,Low-Mass*
2MASS J00502454+0007373,2537079719103698176,Low-Mass*
2MASS J22412137+1241189,2731538971930447616,Low-Mass*
SDSS J102804.91+441919.2,829875676877888640,Low-Mass*
2MASS J14184341+6221593,1666731706403535232,Low-Mass*
2MASS J14024150+4834163,1509703956849344256,Low-Mass*
2MASS J14285378+3740179,1481395621243239552,Low-Mass*
2MASS J02083884+0025129,2507264610186021376,Low-Mass*
2MASS J11154861+2155482,3991122480345143168,Low-Mass*
Cl* Melotte   22  IPMBD      43,64626819579706752,Low-Mass*
2MASS J23280714-0049548,2643884835516887040,Low-Mass*
2MASS J23532734-0044301,2641997562463724672,Low-Mass*
SDSS J095708.64+061546.4,3850449072901193728,Low-Mass*
2MASS J08450630+0553377,583014975477067648,Low-Mass*
2MASS J02481883-0858585,5174155730080620928,Low-Mass*
2MASS J00384658+0046170,2543390434811008128,Low-Mass*
2MASS J07423550+1900413,671525317918972800,Low-Mass*
2MASS J23464523+4225540,1922372283030523520,Low-Mass*
SDSS J005024.30-002902.6,2536762613078537984,Low-Mass*
2MASS J16275679+1943200,1201029025269709696,Low-Mass*
2MASS J20394512+0037342,4231179644311219840,Low-Mass*
2MASS J00455500+0020524,2549053370665838848,Low-Mass*
2MASS J07485701+4238345,925583869107948160,Low-Mass*
SDSS J234005.55-002312.7,2642776321637266688,Low-Mass*
LAMOST J005317.42+394522.5,374088352947198336,Low-Mass*
2MASS J08095029+0719155,3097775879846734080,Low-Mass*
2MASS J10393158+0723169,3862608434554322176,Low-Mass*
2MASS J09354376+0438445,3851495670532428160,Low-Mass*
SDSS J124456.83+600931.4,1579768651702099200,Low-Mass*
2MASS J02032580-1010162,2461722529325202560,Low-Mass*
2MASS J00353714+0039313,2544022795732413952,Low-Mass*
2MASS J02463700+0104116,2499269202146877312,Low-Mass*
2MASS J12554024+2301361,3956542191111422208,Low-Mass*
2MASS J00500312+0048039,2537198466359695616,Low-Mass*
[BHR2005] 890-113,2703742562065707136,Low-Mass*
2MASS J11173004+1945178,3978211396335784448,Low-Mass*
2MASS J00465440-0053330,2530729180459507584,Low-Mass*
2MASS J12571219+1907303,3941188816899265024,Low-Mass*
2MASS J05365154+0003101,3220828445225120896,Low-Mass*
SDSS J083245.78+133234.6,651345298111309440,Low-Mass*
2MASS J13095849+0050101,3690860427623500928,Low-Mass*
2MASS J09102374+3719585,715855221565232000,Low-Mass*
2MASS J12295572+5136111,1568774050820969600,Low-Mass*
SDSS J011258.13-005213.8,2534421546664343168,Low-Mass*
2MASS J14091287+3248303,1478635198521139840,Low-Mass*
2MASS J16172401+2130426,1202419009828479360,Low-Mass*
2MASS J09014943+4514008,1009751656013225600,Low-Mass*
2MASS J23451698-0103268,2641730514280917632,Low-Mass*
SDSS J075021.99+275515.2,875477200085308288,Low-Mass*
SDSS J095511.99+262844.5,643948329340357120,Low-Mass*
2MASS J00100407+0105465,2546546479858967936,Low-Mass*
2MASS J14395174+2559447,1279246427042297216,Low-Mass*
2MASS J03060505-0018231,3266355205935571840,Low-Mass*
SDSS J220259.48+445535.5,1962759788959761536,Low-Mass*
2MASS J22445670+0104112,2654490965197919488,Low-Mass*
2MASS J01014636-0033150,2536195475532048128,Low-Mass*
2MASS J11121476+2730539,3998323903550907520,Low-Mass*
2MASS J12571750+0341111,3704452689149869184,Low-Mass*
2MASS J11010176+4354054,781637112470043904,Low-Mass*
SDSS J084956.34+101424.3,598472597134765696,Low-Mass*
2MASS J03091718+0013518,3266491678521210752,Low-Mass*
SDSS J211308.06+112712.5,1745054321992026368,Low-Mass*
2MASS J23265851+5153176,1991655534355353856,Low-Mass*
SDSS J224200.31-010416.7,2652857365795693824,Low-Mass*
2MASS J09260211+3747188,811299256127947008,Low-Mass*
2MASS J00293446+0026137,2543867386635200896,Low-Mass*
2MASS J16383496+1356437,4462082931597193088,Low-Mass*
2MASS J02311947+0023268,2500508175657620352,Low-Mass*
2MASS J11072745+0610289,3816493370697141504,Low-Mass*
2MASS J21314425+0040444,2688181517595605888,Low-Mass*
SDSS J215404.66+004613.0,2681621178388988672,Low-Mass*
2MASS J13563111+3146354,1457173590537222528,Low-Mass*
2MASS J10485260+3847449,775972875239922176,Low-Mass*
2MASS J00285123-0057478,2543418334918051456,Low-Mass*
2MASS J20403921+1437435,1762423096722337920,Low-Mass*
SDSS J060449.88+233351.8,3426132348739431296,Low-Mass*
SDSS J203209.36+772424.4,2290720051407762432,Low-Mass*
SDSS J230357.16-085347.9,2607127788137988992,Low-Mass*
2MASS J11523845+4043036,768498498273821312,Low-Mass*
SDSS J013651.32+005918.0,2510547202150016384,Low-Mass*
2MASS J00362444+0112198,2544193902932914176,Low-Mass*
SDSS J052817.69+010655.4,3221983757066932096,Low-Mass*
SDSS J142325.21+363212.9,1481404524711767680,Low-Mass*
2MASS J00350505+0050521,2544040937674603008,Low-Mass*
SDSS J121552.79+131040.7,3920569671048406016,Low-Mass*
2MASS J15102570+4302048,1393430400350477952,Low-Mass*
2MASS J16403338+3408005,1326636065395484800,Low-Mass*
SDSS J095714.75+113837.5,3879825412255887488,Low-Mass*
2MASS J02103682+0005181,2507055148925953664,Low-Mass*
2MASS J14321070+2446542,1255241133270382464,Low-Mass*
2MASS J02274590-0041171,2499962405573005696,Low-Mass*
2MASS J08031433+2129352,670982434049558016,Low-Mass*
2MASS J16020690+3126220,1322182356107688064,Low-Mass*
2MASS J03102943-0009065,3266414476484269952,Low-Mass*
2MASS J00325789+0037345,2544056880592794752,Low-Mass*
2MASS J10390808+3733080,751940613368830976,Low-Mass*
2MASS J16595093+3515083,1338857785678266880,Low-Mass*
2MASS J16423751+1348280,4461281142804593408,Low-Mass*
2MASS J12073995+1825009,3950061871440553472,Low-Mass*
SDSS J010344.66-003244.9,2536139808460603136,Low-Mass*
2MASS J17070658+2409136,4572001242169173760,Low-Mass*
2MASS J14184486+4311057,1492371466004496640,Low-Mass*
2MASS J22351734-0052506,2653767520905073920,Low-Mass*
2MASS J12375351+3604586,1518768880464481408,Low-Mass*
2MASS J15180497+2638436,1271197035561961344,Low-Mass*
SDSS J163302.03-005408.6,4359182284051916544,Low-Mass*
SDSS J101540.75+274548.7,739430984248436224,Low-Mass*
SDSS J104033.78+613429.8,1048951685085860608,Low-Mass*
2MASS J13134021+5140015,1557002541895390464,Low-Mass*
2MASS J08222548+0324135,3092075393093465344,Low-Mass*
2MASS J08492653+3834465,719819991775819008,Low-Mass*
2MASS J10504959+4556435,831022437450214400,Low-Mass*
2MASS J08101583+0628445,3097403974335968512,Low-Mass*
2MASS J00532020+0031361,2536933106100344192,Low-Mass*
2MASS J00364760-0056165,2542541822289111296,Low-Mass*
SDSS J095938.82+113333.4,3881261340081909248,Low-Mass*
2MASS J16351677+3147329,1324643093194831104,Low-Mass*
2MASS J09251809+2038329,637433551147066752,Low-Mass*
2MASS J12504023+4714427,1531082139385359744,Low-Mass*
2MASS J01323258+0001400,2509995522191512192,Low-Mass*
2MASS J00310177+0004573,2543655112171831552,Low-Mass*
SDSS J083309.51+381116.0,910922328228957824,Low-Mass*
UCAC4 488-002157,2566507288827310720,Low-Mass*
2MASS J16154258+0521064,4437640169637759232,Low-Mass*
2MASS J11150577+2520467,3997051051336829184,Low-Mass*
SDSS J052711.94-010816.9,3220309613174713472,Low-Mass*
2MASS J13412725+0051292,3663234437766383488,Low-Mass*
2MASS J02570548+0014460,2498063755150585600,Low-Mass*
2MASS J21172373+7259014,2273667210176444672,Low-Mass*
SDSS J160611.54+263450.9,1315552163552089472,Low-Mass*
2MASS J21484938-0026514,2680870104572608256,Low-Mass*
2MASS J00505848-0056075,2536665791630948608,Low-Mass*
2MASS J02442310-0717542,5177668768516331776,Low-Mass*
2MASS J15335714+1457099,1195172850244357632,Low-Mass*
2MASS J23482970-0046010,2641814425057418496,Low-Mass*
2MASS J11071905+5355410,843416712329518720,Low-Mass*
2MASS J23191528+0014061,2645090209498820864,Low-Mass*
2MASS J09421485+1953023,633593064405165056,Low-Mass*
2MASS J23293149+4749536,1941780003290878080,Low-Mass*
SDSS J013125.14-011100.1,2485661543162249728,Low-Mass*
2MASS J08435291+1229122,602256738200336000,Low-Mass*
2MASS J13385852+0841522,3724878080436229888,Low-Mass*
2MASS J23560156-0007147,2642139365103648128,Low-Mass*
2MASS J14482475+4059484,1488943772863701120,Low-Mass*
2MASS J09253877+1654582,631405860899316352,Low-Mass*
SDSS J102206.22+561213.0,853134848930714368,Low-Mass*
2MASS J09303110+1503182,618587754343452032,Low-Mass*
2MASS J12522858+2551579,3958463239788151552,Low-Mass*
SDSS J234511.99+010737.6,2643412320395350272,Low-Mass*
2MASS J16245044+2229463,1298614216991775488,Low-Mass*
SDSS J105617.75+061258.8,3864344357256181760,Low-Mass*
2MASS J09464973+3222446,793499988236438656,Low-Mass*
2MASS J16070744+1007044,4456344782274949504,Low-Mass*
2MASS J00355602-0031508,2542755608581608320,Low-Mass*
2MASS J12273635+0019494,3696773017042823808,Low-Mass*
2MASS J11212653+3232555,757289664423009408,Low-Mass*
2MASS J11242377+3651023,760839888685089792,Low-Mass*
2MASS J00553459-0036393,2536030063456464768,Low-Mass*
2MASS J16304735+3118195,1324287920875326464,Low-Mass*
SDSS J085358.62+032913.2,578147338716606592,Low-Mass*
2MASS J06455610+2848146,3386387168058158592,Low-Mass*
2MASS J09413466+2701351,647558197813005568,Low-Mass*
SDSS J085301.35+453158.1,1010380611023552512,Low-Mass*
SDSS J231118.98+225527.1,2839257194095453568,Low-Mass*
2MASS J02565581-0000236,2498031869313071616,Low-Mass*
2MASS J00424812+0015263,2543101950447730304,Low-Mass*
2MASS J00540049-0027238,2536796186838034304,Low-Mass*
2MASS J23190335-0858472,2438086632805821952,Low-Mass*
SDSS J095714.56+510029.4,827327730479348480,Low-Mass*
2MASS J16335281+2624545,1304430225481905920,Low-Mass*
2MASS J11280106+5422488,842932862789663872,Low-Mass*
2MASS J09084416+2925010,699326851677008256,Low-Mass*
SDSS J032548.32-010418.7,3262544019460249216,Low-Mass*
LSPM J1410+2110,1253163709129124992,Low-Mass*
2MASS J14104283-0156304,3647252314702059776,Low-Mass*
2MASS J10192112+0218596,3856577961168212352,Low-Mass*
2MASS J08331276+2401460,678416751857380736,Low-Mass*
2MASS J01240057-0042432,2533870283317165312,Low-Mass*
2MASS J01335528-0001396,2509967583428620032,Low-Mass*
2MASS J13473750+1849263,1248114919237597056,Low-Mass*
2MASS J23242262-0006445,2644921193945257984,Low-Mass*
2MASS J12060685-5326580,6124958749509664640,Low-Mass*
2MASS J12580928-3603337,6155036169254545408,Low-Mass*
2MASS J12202290+3026011,4013533173019193344,Low-Mass*
2MASS J12194560+6317532,1584326024320826368,Low-Mass*
2MASS J02131501+1405445,77275880518538624,Low-Mass*
SDSS J200022.52+010142.2,4237637733239163520,Low-Mass*
2MASS J17250787+2738399,4598199133924516608,Low-Mass*
2MASS J11301843+3240167,4025416527187920768,Low-Mass*
2MASS J14374955+4347269,1493377106827174912,Low-Mass*
2MASS J00462061-0049421,2530918674416623616,Low-Mass*
2MASS J00512170+0108427,2537586632619080704,Low-Mass*
2MASS J14081216+3656204,1483551596042997504,Low-Mass*
2MASS J17120141+3451299,1335175555594867968,Low-Mass*
SDSS J000355.58+005811.7,2738365942706188800,Low-Mass*
[IHA2007] N2516-2-6-649,5290760961136292224,Low-Mass*
2MASS J02183649+0013096,2501020346212713728,Low-Mass*
2MASS J07382820+4050329,923657971413187968,Low-Mass*
2MASS J12023666-0604054,3595736243570384512,Low-Mass*
2MASS J23482806+0039060,2643133495413635456,Low-Mass*
2MASS J10380180+3019516,735479202018588160,Low-Mass*
SDSS J113340.17+635931.7,864016509352083200,Low-Mass*
2MASS J03451564+0059042,3269746065437013248,Low-Mass*
SDSS J084555.99+103527.2,598725313010750848,Low-Mass*
2MASS J01224234-0003165,2534174328346707968,Low-Mass*
2MASS J01463875+0001001,2509396631951587584,Low-Mass*
2MASS J00005093-0019212,2449935176265048832,Low-Mass*
2MASS J03172114-0006586,3265808641281813376,Low-Mass*
SDSS J100525.50+410747.4,803848037624854272,Low-Mass*
2MASS J00175764-0110464,2542092358254828928,Low-Mass*
2MASS J23032505-0030048,2650900578695394432,Low-Mass*
2MASS J00310255+0003560,2543655009092617216,Low-Mass*
2MASS J23364011-0050178,2641245771387351552,Low-Mass*
LSPM J1025+6116,1048697873993260032,Low-Mass*
2MASS J23430523+0010356,2642915993973705728,Low-Mass*
2MASS J00202045-0029510,2542237528149206272,Low-Mass*
SDSS J002834.91+143607.5,2780271522001092480,Low-Mass*
2MASS J10500981+6508066,1058586499320224000,Low-Mass*
2MASS J09182315+0602117,585846802034046976,Low-Mass*
2MASS J02254723-0005493,2500808995166652672,Low-Mass*
SDSS J142221.73+134832.8,1228405249891561600,Low-Mass*
2MASS J23463192+3645463,2879781314340633984,Low-Mass*
SDSS J075517.37+241432.0,681459272330226304,Low-Mass*
2MASS J21362618-0017468,2687262149780324992,Low-Mass*
2MASS J10133520+3912230,802654655192249216,Low-Mass*
2MASS J20482907+0042397,4228427291830016256,Low-Mass*
SDSS J092949.00+445753.7,818294520901941888,Low-Mass*
2MASS J15082418+4218405,1393012173613401344,Low-Mass*
2MASS J01203637-0910577,2471950766307434240,Low-Mass*
2MASS J21333573-0624144,2670745599641063808,Low-Mass*
2MASS J00392772-0034542,2542903595973935360,Low-Mass*
2MASS J03140168-0051462,3265382717964977408,Low-Mass*
2MASS J10331665+1303441,3883961293962619776,Low-Mass*
LP  544-17,3146187071877364992,Low-Mass*
2MASS J14321646+3315548,1287354431946442496,Low-Mass*
2MASS J11454396+1545583,3924712325919653632,Low-Mass*
SDSS J084305.95+044616.2,582230954966325120,Low-Mass*
2MASS J17180140+2911583,4575374131525319168,Low-Mass*
2MASS J14101039+1846119,1245861955488573568,Low-Mass*
SDSS J231630.81-010935.7,2638784097996790528,Low-Mass*
2MASS J13301636+4808187,1552428161206620928,Low-Mass*
2MASS J09184169+2649590,694745903982609536,Low-Mass*
2MASS J20232685+7742266,2290566776912278400,Low-Mass*
2MASS J09590895+3125570,745029319499693568,Low-Mass*
2MASS J03184770-0052114,3262705063554724992,Low-Mass*
2MASS J00030462+0050487,2738342784243554432,Low-Mass*
2MASS J16381217+1235373,4459595149100594816,Low-Mass*
SDSS J121203.78+560227.9,1573653000524766848,Low-Mass*
2MASS J01142901+0053230,2534940172555089024,Low-Mass*
2MASS J03241373-0708519,5168810523021647488,Low-Mass*
2MASS J10232848+2602557,726961285438370432,Low-Mass*
2MASS J15344860+5846121,1602854448811296000,Low-Mass*
2MASS J13182890+2503383,1447375258306515584,Low-Mass*
SDSS J163302.45+370513.9,1330988202999842688,Low-Mass*
2MASS J23451569+0013457,2642751857503940480,Low-Mass*
SDSS J220025.51-005924.0,2679851166531178752,Low-Mass*
2MASS J11200176+1416116,3966676144971335680,Low-Mass*
[BHR2005] 890-66,2702195239967817344,Low-Mass*
2MASS J17174537+6435228,1631406463682484864,Low-Mass*
PM J17088+0611,4394405551366629632,Low-Mass*
SDSS J150603.43+461353.8,1586384550605488768,Low-Mass*
2MASS J14100807+3424049,1479253536370878848,Low-Mass*
2MASS J08341578+1113175,601648643846643712,Low-Mass*
2MASS J00464693-0035467,2530931529254523776,Low-Mass*
2MASS J00305732-0056015,2542677474535678720,Low-Mass*
2MASS J12164573+1529456,3921502125628550656,Low-Mass*
2MASS J19262915+6257530,2241956027818365312,Low-Mass*
2MASS J10084101+3709288,801872460042555136,Low-Mass*
2MASS J09310701+3718068,799214077149905408,Low-Mass*
2MASS J12414924+3613524,1518553620999270656,Low-Mass*
SDSS J052615.20+002105.8,3221789388321493760,Low-Mass*
2MASS J01394544-0020013,2509032586228045824,Low-Mass*
2MASS J15074599+4833540,1589079659763907072,Low-Mass*
SDSS J085915.85+155354.3,610677661534897664,Low-Mass*
2MASS J00185499+0035440,2545568056246142336,Low-Mass*
2MASS J08532754+2018415,660863289237411584,Low-Mass*
SDSS J081047.40+233233.7,677614069713181696,Low-Mass*
2MASS J12063296+1756592,3925993768066694144,Low-Mass*
2MASS J16381566+3841172,1331599703264080640,Low-Mass*
2MASS J01571104+0052493,2507929466828391296,Low-Mass*
2MASS J10295783+2022127,720689808552699904,Low-Mass*
2MASS J22114204+0009333,2678865523079073920,Low-Mass*
2MASS J13024184+5127119,1557362941190474880,Low-Mass*
2MASS J23534460+0038312,2642432346296802432,Low-Mass*
2MASS J16172118-2340086,6050128569395177856,Low-Mass*
2MASS J14322291+4817530,1507224287547836544,Low-Mass*
2MASS J09145198+4531525,818947188428359936,Low-Mass*
2MASS J00484248-0022046,2536943723258894464,Low-Mass*
2MASS J22145034+0040219,2679000385050309248,Low-Mass*
2MASS J07565482-6105261,5290663967895196416,Low-Mass*
LP  229-17,2110165780975185792,Low-Mass*
UCAC4 539-045902,659141690250638464,Low-Mass*
SDSS J232434.53+540834.1,1995830551801876224,Low-Mass*
Cl* NGC 2099    HGH  240233,3451180018191033856,Low-Mass*
2MASS J00362160-1821070,2363999413317765504,Low-Mass*
2MASS J09122313+1230002,605774660015435136,Low-Mass*
2MASS J14011516+5010193,1512119347674297216,Low-Mass*
SDSS J103936.57+533954.9,850196030444150400,Low-Mass*
2MASS J14233144+0830346,1175828424917404928,Low-Mass*
2MASS J08300140+2238125,665919595320558208,Low-Mass*
2MASS J10151763+0752121,3874132347205881600,Low-Mass*
SDSS J094456.97+632859.7,1063799769280343552,Low-Mass*
2MASS J11412127+3243508,4024865740581830144,Low-Mass*
SDSS J023649.52-002601.2,2497228435551203712,Low-Mass*
2MASS J00331864-0000390,2543596043485022080,Low-Mass*
2MASS J12540326+2002156,3942427829065838848,Low-Mass*
SDSS J163409.09+163253.0,4465985815620874624,Low-Mass*
2MASS J08364287+2000100,664360492128814208,Low-Mass*
2MASS J00562514-0014349,2536081366841114752,Low-Mass*
2MASS J12563590-0019450,3688989466854499072,Low-Mass*
2MASS J02141075-0105215,2494765224562374016,Low-Mass*
2MASS J14115401+0037487,3660207894571440128,Low-Mass*
SDSS J001131.27+004156.1,2546330666342226944,Low-Mass*
2MASS J08431374+2234247,665299921735017728,Low-Mass*
2MASS J13103599+0200124,3691551603825116032,Low-Mass*
ASAS J212952-0220.1,2684934758542085760,Low-Mass*
2MASS J00525707-0010409,2536824357527906688,Low-Mass*
2MASS J10491032+2641533,730760579148714112,Low-Mass*
2MASS J12454999-0129506,3683499506513472768,Low-Mass*
2MASS J23431531+4224088,1922408635633272064,Low-Mass*
2MASS J00011791+0105297,2738406658995675520,Low-Mass*
2MASS J04555897+2140007,3412331901556818048,Low-Mass*
2MASS J16201389+1930145,1201150620086807168,Low-Mass*
2MASS J12505638+2900317,1464810931447316352,Low-Mass*
2MASS J21143080+0052044,2690491999546634368,Low-Mass*
2MASS J00212685+0024306,2546858264421172224,Low-Mass*
2MASS J10572341+2955011,733287566107300608,Low-Mass*
2MASS J16032497+2058057,1205098347866881408,Low-Mass*
SDSS J094008.94+454431.9,821295775329188224,Low-Mass*
2MASS J02004893+0041410,2508225063656896128,Low-Mass*
SDSS J130908.00+384703.3,1523158611921502336,Low-Mass*
2MASS J13483862+2807049,1451771483752135680,Low-Mass*
2MASS J00211950-0016538,2542270345996150912,Low-Mass*
2MASS J08375337+1626231,658055544560955392,Low-Mass*
2MASS J16370024+2349312,1300456246862395648,Low-Mass*
2MASS J16373463+1425258,4462162783629248896,Low-Mass*
2MASS J00534365+0027463,2536929086010944768,Low-Mass*
2MASS J14470127-0205172,3648736827198423552,Low-Mass*
2MASS J09201788+1940155,635825966362428288,Low-Mass*
2MASS J00351661-0006127,2543203625209941632,Low-Mass*
SDSS J102327.16+600241.5,1048374716357908736,Low-Mass*
SDSS J085010.48+104237.4,598633954761464576,Low-Mass*
2MASS J11084374-1731121,3559055818409933952,Low-Mass*
2MASS J13355680+3944229,1476026916419240832,Low-Mass*
2MASS J01292759+1401535,2587288715723131136,Low-Mass*
2MASS J08095451+2109448,676682783365846528,Low-Mass*
SDSS J073758.10+411546.9,924510956213897856,Low-Mass*
2MASS J08092353-4916271,5514364861310955008,Low-Mass*
2MASS J13413325+2022094,1249304762617600128,Low-Mass*
2MASS J00233177-0925349,2426698647279417344,Low-Mass*
2MASS J10555375+2544586,729741297510168064,Low-Mass*
2MASS J10024145+3619173,795924102137706240,Low-Mass*
2MASS J22060208-0109132,2677170385383905152,Low-Mass*
2MASS J09224668+2506030,693584171164049920,Low-Mass*
2MASS J23493881+3523048,2878343904750465792,Low-Mass*
2MASS J02000972+0029511,2507845663426005248,Low-Mass*
2MASS J00321854+0009470,2543616869783069440,Low-Mass*
2MASS J07563025+1634546,667200633742728448,Low-Mass*
2MASS J03401179-0054003,3263433283849234048,Low-Mass*
SDSS J211648.37-070211.0,6898816031226094208,Low-Mass*
2MASS J09190756+1049448,592587770384455168,Low-Mass*
[BHR2005] 513-34,1262672388765696512,Low-Mass*
2MASS J01485337-0832391,2466075530219787008,Low-Mass*
2MASS J10311325+2323399,722503491637972480,Low-Mass*
2MASS J22074672+0604011,2720597177670853248,Low-Mass*
SDSS J094909.29+010549.7,3846257086036577920,Low-Mass*
2MASS J16010332+5445214,1621310988434263296,Low-Mass*
2MASS J07472027+2559382,874074055746602880,Low-Mass*
SDSS J084814.34+150601.6,609757675244775424,Low-Mass*
2MASS J12545057+2452237,3957748733324962304,Low-Mass*
2MASS J05171739+2459007,3417514655774754304,Low-Mass*
2MASS J10064321+2436197,642512745111139968,Low-Mass*
2MASS J09190509+0821484,587519331018496000,Low-Mass*
SDSS J024037.75-002156.8,2498660686884807936,Low-Mass*
2MASS J21142533+0036329,2689728152498026240,Low-Mass*
SDSS J082433.95+144944.0,652155221569269632,Low-Mass*
2MASS J11105328+2334014,3992263876493356928,Low-Mass*
2MASS J16264803+1813463,4467372437222953216,Low-Mass*
2MASS J16101246+3618448,1330109040374093440,Low-Mass*
2MASS J08280577+2402579,678265908308844672,Low-Mass*
2MASS J21343255+0033525,2688140698226297472,Low-Mass*
2MASS J02502510+0005494,2498189653527110272,Low-Mass*
2MASS J15071652+3132232,1276589109301828480,Low-Mass*
2MASS J16443482+3806014,1352490119249592960,Low-Mass*
SDSS J110206.65+092950.6,3867649867167927168,Low-Mass*
2MASS J07580879+4425173,926197293517382656,Low-Mass*
2MASS J00072364-0038292,2545708170962145152,Low-Mass*
2MASS J22145315+0554231,2708717263770893568,Low-Mass*
2MASS J23335954+1355374,2813112010179728512,Low-Mass*
SDSS J010658.93-010046.2,2533140070157576960,Low-Mass*
2MASS J09030915+3405413,713428874282379776,Low-Mass*
2MASS J08480695-0000302,3075020936957155968,Low-Mass*
2MASS J03383981-0639206,3244220284521510656,Low-Mass*
2MASS J00305625+0024228,2543682325084634368,Low-Mass*
SDSS J013215.42-003851.7,2485891268077503616,Low-Mass*
2MASS J00514382+0057048,2537193351053820288,Low-Mass*
2MASS J15034409+5153079,1593005981427083648,Low-Mass*
2MASS J00255177-0001113,2543747123254656128,Low-Mass*
2MASS J14143615+1535442,1231872796033601408,Low-Mass*
2MASS J01180278-0945531,2470778412034698112,Low-Mass*
2MASS J10483440+2859579,731682730102246528,Low-Mass*
SDSS J075635.64+154854.2,666736601179824896,Low-Mass*
GES J07530259-6050259,5290897266218055040,Low-Mass*
2MASS J08092681+2346525,680634771753061888,Low-Mass*
[BHR2005] 868-108,6341062026161313536,Low-Mass*
2MASS J09373699+3652384,798979885469005312,Low-Mass*
2MASS J02034752+0025584,2507970531010731392,Low-Mass*
2MASS J04151392+0604086,3285181864364536320,Low-Mass*
2MASS J06332158+2657009,3384441002414222848,Low-Mass*
SDSS J145247.82+274121.4,1269382978811845504,Low-Mass*
2MASS J01143674+4340254,373664525575351680,Low-Mass*
2MASS J09573563+4821351,823460988602282752,Low-Mass*
2MASS J11255371+5902172,859063209469588224,Low-Mass*
2MASS J16202915+1505124,4464804978789705984,Low-Mass*
2MASS J22080067-0047434,2677266249054543616,Low-Mass*
2MASS J03323675-0056161,3263302407605530752,Low-Mass*
2MASS J00473331-0027459,2536939187773400448,Low-Mass*
2MASS J12090584+3503251,4028988355135133440,Low-Mass*
2MASS J21324731+1152107,1745886751077895808,Low-Mass*
2MASS J09282562+4230545,814482174787733248,Low-Mass*
2MASS J11375353+3736550,766049439201893248,Low-Mass*
SDSS J000727.20+010057.6,2546576926882918912,Low-Mass*
SDSS J204659.78-000221.9,4227949970638345216,Low-Mass*
2MASS J00314418-0016543,2543561103928019328,Low-Mass*
2MASS J10491979+2742256,730986120766396416,Low-Mass*
SDSS J204624.75+000643.5,4228002811622775936,Low-Mass*
2MASS J09560575+2816248,743219866957580288,Low-Mass*
2MASS J16112709+1244443,4457398290508454016,Low-Mass*
SDSS J080858.93+052045.2,3095039779522419456,Low-Mass*
2MASS J15155425+3616007,1291340814430806912,Low-Mass*
2MASS J08470912+0725248,595248588524450432,Low-Mass*
2MASS J14373428+5801118,1611061375400628480,Low-Mass*
2MASS J23565132+0024518,2642201414495445504,Low-Mass*
2MASS J05305408+0113572,3221953559153152512,Low-Mass*
2MASS J22042894+0021529,2680478609714302464,Low-Mass*
2MASS J08071054+3743286,907187940064437504,Low-Mass*
2MASS J23300529+5250402,1992470856585165184,Low-Mass*
2MASS J12455059+6145303,1580522298203875072,Low-Mass*
2MASS J01424205-0941169,2464390833592454656,Low-Mass*
2MASS J13302270+2131156,1441682292040009728,Low-Mass*
2MASS J22433321-0847468,2609431917832966912,Low-Mass*
2MASS J03323668-0100051,3263205203905762432,Low-Mass*
2MASS J02150386-0059266,2494860504116810496,Low-Mass*
SDSS J171114.66+213220.0,4567840552729634688,Low-Mass*
2MASS J02483622-0015423,2497800490835390208,Low-Mass*
2MASS J00212141+0035313,2546870389112937728,Low-Mass*
UCAC4 456-001828,2558366062354161024,Low-Mass*
2MASS J23595799+0058120,2738321790443287296,Low-Mass*
2MASS J14364194+0136488,3655119530851655936,Low-Mass*
SDSS J030542.37-003240.6,3266341423385295744,Low-Mass*
2MASS J21220676+0005319,2690905244119888128,Low-Mass*
2MASS J09114444+2215531,686809148017025408,Low-Mass*
2MASS J00381588+0031373,2543344839438087936,Low-Mass*
SDSS J084151.87+253106.3,690702866584678400,Low-Mass*
2MASS J01281474+0053324,2558337573835668480,Low-Mass*
SDSS J160938.12+143001.1,4464560401874951680,Low-Mass*
2MASS J16073313+3207398,1322334462373967744,Low-Mass*
2MASS J13321871+0549592,3717894321878672256,Low-Mass*
2MASS J21242592-0052245,2686103573763296384,Low-Mass*
2MASS J14543034+0728069,1161239383086292608,Low-Mass*
2MASS J01185601-0112233,2533509089452443776,Low-Mass*
2MASS J13110861+6432460,1677886011349020800,Low-Mass*
2MASS J11204244+3611125,760432824569597312,Low-Mass*
2MASS J00183363-0111588,2542085318804216576,Low-Mass*
2MASS J14064353+3025597,1453388109441137024,Low-Mass*
2MASS J14300100+3530083,1480317790610502400,Low-Mass*
2MASS J01492797+0004088,2509315641753211392,Low-Mass*
2MASS J23333838-0025497,2644241386521507200,Low-Mass*
2MASS J11021797+3657581,763115976538839040,Low-Mass*
2MASS J01364260+0009432,2509874468538024320,Low-Mass*
SDSS J162042.08+174821.7,1200368832959513344,Low-Mass*
SDSS J122733.62+602259.9,1581466027072685824,Low-Mass*
2MASS J01172438+0018192,2534987107957756032,Low-Mass*
2MASS J09275954+1701268,631490248417200256,Low-Mass*
2MASS J16325677+2456119,1300815787164483328,Low-Mass*
SDSS J205601.41+005946.1,1729736574532637440,Low-Mass*
SDSS J124956.06+043704.7,3705468504749966720,Low-Mass*
2MASS J01301727+0042272,2558152654019187712,Low-Mass*
2MASS J13564070+3316471,1457971969122890752,Low-Mass*
2MASS J07582108+2156309,673990392919625856,Low-Mass*
2MASS J09085216+2557246,688827370328946944,Low-Mass*
2MASS J15575374+2948558,1320472924764667392,Low-Mass*
2MASS J00182486+0039052,2545581143009417216,Low-Mass*
2MASS J12191807+3728262,1531630765623487488,Low-Mass*
2MASS J10072173+3342343,747145535785656448,Low-Mass*
2MASS J01104877+1919596,2786913366801779968,Low-Mass*
SDSS J154950.07+135742.7,1192415687401795712,Low-Mass*
SDSS J162927.28+624434.8,1628671153630869504,Low-Mass*
SDSS J003116.52+000334.9,2543607970610792320,Low-Mass*
2MASS J23440926+0044210,2642975779918961664,Low-Mass*
2MASS J00335282+0035285,2544029422864975744,Low-Mass*
2MASS J09061327+1949094,636571327872125952,Low-Mass*
SDSS J083209.01+425321.9,915330888821066624,Low-Mass*
2MASS J08192977+0711053,3097118887289176832,Low-Mass*
2MASS J00252367-0040483,2541999140284456832,Low-Mass*
2MASS J21541167+1130163,2726885078511822464,Low-Mass*
2MASS J21480034+0050440,2693300976877630720,Low-Mass*
2MASS J00324089-0019195,2542832157782441856,Low-Mass*
Cl* NGC 2099    HGH  230130,3451191868004090880,Low-Mass*
2MASS J02345977+0026096,2500336106382945664,Low-Mass*
2MASS J00202442-0048133,2542123144580575872,Low-Mass*
2MASS J23230352+0100563,2645614509041482496,Low-Mass*
2MASS J01034122-0940269,2473260495110586752,Low-Mass*
2MASS J16342338+2913311,1311751010120852352,Low-Mass*
2MASS J16035601-2743335,6042863615042156032,Low-Mass*
2MASS J02053688+0025338,2507980048658126976,Low-Mass*
2MASS J03042759+0014406,3266586270881003264,Low-Mass*
SDSS J135436.77-030615.5,3657389193434258176,Low-Mass*
SDSS J135300.71+355842.0,1495205384208953856,Low-Mass*
LSPM J1057+2941,733090135050038400,Low-Mass*
2MASS J01145239+0001292,2534626747317085184,Low-Mass*
2MASS J23183245+5236442,1992634791197860352,Low-Mass*
2MASS J01223268+3231013,316675433452860672,Low-Mass*
SDSS J204656.25-044919.9,6914347350229655808,Low-Mass*
2MASS J14131887+5440501,1609496083159309056,Low-Mass*
2MASS J07570948-6114236,5290658775273996800,Low-Mass*
2MASS J13032604+2259126,3944894995719300864,Low-Mass*
SDSS J133730.21+452242.7,1503486081156241024,Low-Mass*
SDSS J065130.78+283344.3,887579524573490176,Low-Mass*
SDSS J221401.36-003552.5,2678572159630734720,Low-Mass*
2MASS J10595425+3321185,737362768516269568,Low-Mass*
2MASS J00313068+0014193,2543664526740178048,Low-Mass*
SDSS J154309.28+045021.2,4427802186265302784,Low-Mass*
2MASS J22360809+1401150,2732667788120152448,Low-Mass*
2MASS J21360146+1116194,1742608694598630016,Low-Mass*
2MASS J00000492+0050079,2738301655636607360,Low-Mass*
2MASS J17345993+3249345,4601752553643159040,Low-Mass*
2MASS J07414439+3335493,894025308411120384,Low-Mass*
2MASS J03515367-0108042,3256481900757401472,Low-Mass*
2MASS J16253340+5000349,1423347729488567424,Low-Mass*
GES J08005917-6106242,5289995739702214656,Low-Mass*
2MASS J01301446-0955249,2458943784269192064,Low-Mass*
SDSS J131641.42+040944.0,3715981961920306048,Low-Mass*
2MASS J08500415+1748075,659846752082009344,Low-Mass*
2MASS J23492683-0025371,2641897846206871424,Low-Mass*
SDSS J121958.86+550030.6,1572775143570606208,Low-Mass*
2MASS J00341764-0052264,2542718396984926592,Low-Mass*
2MASS J08410470+3024353,706342109523183104,Low-Mass*
2MASS J23591804-0023039,2449941120500156032,Low-Mass*
SDSS J233226.85-003855.1,2644230253967203072,Low-Mass*
SDSS J211318.85-003133.7,2689123038851086848,Low-Mass*
2MASS J13020059+1408256,3930073471603170304,Low-Mass*
2MASS J00550584+0000436,2536842950442005376,Low-Mass*
2MASS J13232208+5229490,1562917399055970816,Low-Mass*
2MASS J16334017+3747232,1331465150528358016,Low-Mass*
SDSS J024052.12-011137.0,2496881711431315328,Low-Mass*
2MASS J15520891+3107336,1321596247690400640,Low-Mass*
2MASS J13333424+2230567,1442213287437302656,Low-Mass*
SDSS J213200.15+123200.7,1769991486228136192,Low-Mass*
2MASS J09541002+2853192,743490656055975808,Low-Mass*
2MASS J01181740+0109332,2535291638318915328,Low-Mass*
2MASS J16351984+2444161,1300841144648788352,Low-Mass*
2MASS J14265310+6106128,1666376804665601920,Low-Mass*
SDSS J104329.54+341912.7,750076700641317760,Low-Mass*
2MASS J10222032+3017309,741802703843748608,Low-Mass*
2MASS J01191637-0053586,2533710849835560064,Low-Mass*
2MASS J23265377-0040566,2644089207241122432,Low-Mass*
2MASS J08001910+2046284,670840768847871104,Low-Mass*
2MASS J02250033+0054078,2501315698228757888,Low-Mass*
SDSS J003914.66-004243.0,2542878268551951232,Low-Mass*
2MASS J02461429+0029011,2498648729696477056,Low-Mass*
2MASS J08571103-0025170,3074417137566406528,Low-Mass*
SDSS J221136.58+121444.8,2727843405974577536,Low-Mass*
SDSS J150615.38+001308.1,4419589379866355072,Low-Mass*
2MASS J02441078-0000239,2498603306121992064,Low-Mass*
2MASS J00324558+0111059,2544301521930209920,Low-Mass*
2MASS J15251766+3829043,1387981663103246208,Low-Mass*
SDSS J080638.55+301040.8,876903782064230656,Low-Mass*
2MASS J15550211+3244282,1369840820760764800,Low-Mass*
SDSS J144134.28+011834.5,3654875400616130048,Low-Mass*
2MASS J00481956-0048225,2530723240520467584,Low-Mass*
2MASS J12464281+6150546,1580526868049397632,Low-Mass*
SDSS J095113.52+424706.3,807802877870782464,Low-Mass*
2MASS J02010918+0041585,2508224586916090112,Low-Mass*
2MASS J15124329+5634328,1600978510174827008,Low-Mass*
2MASS J00483872-0002577,2536987776739856256,Low-Mass*
2MASS J00410820-0024039,2542910772863032192,Low-Mass*
2MASS J12475220+5257507,1569852499929054208,Low-Mass*
GES J07532107-6058131,5290705818055908096,Low-Mass*
2MASS J09024432+4137168,816590484037349248,Low-Mass*
2MASS J00173654-0100550,2545105638590010112,Low-Mass*
SDSS J122910.00+585553.6,1580987082384377216,Low-Mass*
2MASS J08410161+1622409,658183465866905728,Low-Mass*
2MASS J09323450+2256399,644142564941076352,Low-Mass*
2MASS J11494568+6335387,863336186532653824,Low-Mass*
SDSS J151822.36+500128.6,1589418549863125888,Low-Mass*
Cl* NGC 2099    HGH  220046,3451194174404950912,Low-Mass*
SDSS J020440.37-003931.5,2506729178087361024,Low-Mass*
2MASS J10031497+5900033,1046892441540108544,Low-Mass*
SDSS J134617.87+334818.1,1458586767920944640,Low-Mass*
Cl* NGC 2516    HTR M119,5290667571367215616,Low-Mass*
2MASS J05432177+0104510,3219506179413249920,Low-Mass*
2MASS J00461249+0035157,2549093017508343552,Low-Mass*
2MASS J08483551+2019161,661579483622548096,Low-Mass*
2MASS J12452732+4240035,1540372188006192128,Low-Mass*
2MASS J00240728-0021308,2542210422612538752,Low-Mass*
LP  487-8,592115465716251008,Low-Mass*
2MASS J23132754+0045256,2657225931651000576,Low-Mass*
2MASS J10180787+4203593,805224802280697600,Low-Mass*
2MASS J14004960+5601104,1657575901279587072,Low-Mass*
SDSS J034935.81+001233.5,3257575773091296256,Low-Mass*
2MASS J12520845+2243063,3955207452714692608,Low-Mass*
SDSS J145526.04+284844.6,1269836424279493120,Low-Mass*
2MASS J23320089+0012187,2644605359231018240,Low-Mass*
SDSS J155453.53+074819.3,4454156822854006400,Low-Mass*
2MASS J10243796+2505583,726094526678157568,Low-Mass*
2MASS J12133165+6724373,1681632391061941760,Low-Mass*
2MASS J00480706-0042175,2530736877041456512,Low-Mass*
2MASS J22120630+0053124,2679066149588799488,Low-Mass*
SDSS J121230.06+210520.9,3951779995797576192,Low-Mass*
SDSS J031538.73+011048.7,3266988898294991744,Low-Mass*
LP   17-44,1136496317013163392,Low-Mass*
2MASS J07351339+3652209,895640113035182464,Low-Mass*
SDSS J133656.82+663100.0,1672303034901357568,Low-Mass*
2MASS J15565702+2417157,1218762429838795136,Low-Mass*
LP  325-55,1284334550243845376,Low-Mass*
2MASS J11553275+3940344,4034588584467572480,Low-Mass*
SDSS J005346.65+005646.9,2537512170770580992,Low-Mass*
SDSS J094038.61+255654.5,646638937372731648,Low-Mass*
2MASS J00453117+1605147,2781411582416268160,Low-Mass*
SDSS J110858.98+454524.2,782415841580290560,Low-Mass*
2MASS J12242948+1536425,3945374309773994496,Low-Mass*
2MASS J11580353+3750007,4033484601779152768,Low-Mass*
2MASS J08400551+5356437,1030361662174600832,Low-Mass*
Cl* NGC 2632   HSHJ     217,659257551288578304,Low-Mass*
2MASS J14363468+5658572,1610716163109505792,Low-Mass*
2MASS J03530024+0106189,3258152707458192512,Low-Mass*
2MASS J21341205+7404150,2274180926921080704,Low-Mass*
2MASS J00202810-0012170,2545254557992877952,Low-Mass*
SDSS J100110.00-002232.2,3833249897839328768,Low-Mass*
2MASS J08173394+4057336,909632708463868416,Low-Mass*
SDSS J052658.92-005220.6,3220511373558474880,Low-Mass*
2MASS J00390644+0002177,2543174483855184768,Low-Mass*
2MASS J12351369+3016549,4011404930824108160,Low-Mass*
2MASS J01431535-0015114,2509373984588500608,Low-Mass*
[BHR2005] 513-19,1264802658184743296,Low-Mass*
SIPS J0342-0033,3251553168086203136,Low-Mass*
SDSS J215825.21+003608.2,2681378250743619712,Low-Mass*
2MASS J10363215+2136024,721253827952996736,Low-Mass*
2MASS J08003502+3227506,881178859366062208,Low-Mass*
2MASS J15202398+3022543,1275343435641425408,Low-Mass*
2MASS J08103781+2937087,876583244357786496,Low-Mass*
2MASS J01154963-0051129,2533688550365814016,Low-Mass*
SDSS J085738.08+115139.8,604778403694101120,Low-Mass*
2MASS J16302360+1250414,4460362333338562944,Low-Mass*
2MASS J22445689-0109221,2652817890750842112,Low-Mass*
SDSS J205620.22-010106.2,6917347573867881088,Low-Mass*
2MASS J00252209-0007111,2543722487322144640,Low-Mass*
2MASS J21151915+1134380,1746372872655521408,Low-Mass*
2MASS J01214276+0026396,2534254764494451072,Low-Mass*
SDSS J000929.76-003044.1,2545057161295088256,Low-Mass*
2MASS J23172730-0040563,2638825673279906304,Low-Mass*
SDSS J084312.07+324957.7,710302241168934144,Low-Mass*
2MASS J14441774+1512251,1186060956866875264,Low-Mass*
2MASS J00501009+0003138,2536985126744022912,Low-Mass*
2MASS J09333450+0214252,3841567050468177920,Low-Mass*
SDSS J073526.13+393913.1,899564201316525440,Low-Mass*
SDSS J080820.39+051115.6,3095030777270651776,Low-Mass*
SDSS J105633.67+030115.5,3808875747981231872,Low-Mass*
SDSS J023146.92-010904.9,2500061121101572096,Low-Mass*
LP  617-19,3687806293559214720,Low-Mass*
2MASS J23315398+0028226,2644631236408672128,Low-Mass*
2MASS J03390016+0033311,3263924769842754816,Low-Mass*
2MASS J00371176+0059232,2544128692444770176,Low-Mass*
2MASS J17293096+0659477,4487021431565698432,Low-Mass*
2MASS J07570169+3442107,906422061495843328,Low-Mass*
SDSS J233714.31-010445.6,2641225082529163648,Low-Mass*
SDSS J101734.15+103340.6,3877353572676928256,Low-Mass*
2MASS J00192595-0100174,2542112359918337152,Low-Mass*
SDSS J040757.92+150802.6,45094991944913024,Low-Mass*
2MASS J22483086+0032208,2653648125109457280,Low-Mass*
SDSS J080250.96+370304.9,907238998634782592,Low-Mass*
2MASS J11554614+3330559,4027827756187820032,Low-Mass*
2MASS J22341952+1401154,2732659507422507776,Low-Mass*
2MASS J22085897+0049089,2681962641174036864,Low-Mass*
2MASS J00205101-0108373,2542057384336984960,Low-Mass*
2MASS J00153748+0002487,2545440336802140672,Low-Mass*
2MASS J03422448-0043249,3251453142591718912,Low-Mass*
SDSS J131223.13+505801.3,1556863801567982848,Low-Mass*
WT 320,6148290287462600192,Low-Mass*
2MASS J23143393+0003175,2651120377942017792,Low-Mass*
SDSS J141959.97+022443.8,3666825240878784768,Low-Mass*
SDSS J234227.57+465339.3,1939230171404582784,Low-Mass*
Cl* NGC 2099    HGH  230283,3451181701816754944,Low-Mass*
2MASS J11575382+5313241,792338422921645056,Low-Mass*
2MASS J10442665+6458593,1058676835367355008,Low-Mass*
2MASS J15282052+4017181,1390486939002649344,Low-Mass*
2MASS J20484175-0540489,6913468157537604736,Low-Mass*
SDSS J142257.55+441428.6,1492899570886276224,Low-Mass*
SDSS J151929.66+103406.7,1168993169151190912,Low-Mass*
2MASS J01412973-1030135,2463905712741523072,Low-Mass*
2MASS J15402604+3757492,1377032318291872128,Low-Mass*
LP  413-53,50667699128858624,Low-Mass*
2MASS J12153659+0028063,3698514604805496832,Low-Mass*
LP  266-35,4029179433935504768,Low-Mass*
2MASS J12534401+4904304,1555390043670097024,Low-Mass*
SDSS J085202.11+422937.0,913053181762691456,Low-Mass*
LP  417-44,3401852112636610432,Low-Mass*
SDSS J125903.60+602256.9,1579413612525949696,Low-Mass*
2MASS J02073976+0019572,2507216025515862656,Low-Mass*
SDSS J155342.83+281601.3,1319849737894126080,Low-Mass*
2MASS J13421665+4921143,1558456886540600192,Low-Mass*
2MASS J13000388+1552583,3931287955209261824,Low-Mass*
SDSS J074257.71+183747.9,671496009059563136,Low-Mass*
2MASS J10240847+5028094,847146500585239040,Low-Mass*
2MASS J13105268+6416590,1676375488530101376,Low-Mass*
SDSS J142335.15+354454.6,1480805286579725184,Low-Mass*
2MASS J03160541+0045427,3266194638582791296,Low-Mass*
2MASS J12585519+0200361,3692115176549302912,Low-Mass*
2MASS J02450661-0004328,2498593105575008384,Low-Mass*
2MASS J01553055-0043217,2505966735493097600,Low-Mass*
2MASS J03185359+0008045,3265913060527142528,Low-Mass*
2MASS J00115145+0021420,2546239269438052864,Low-Mass*
2MASS J00502797+0024559,2537106042958557696,Low-Mass*
2MASS J00485272-0001573,2536989352991666560,Low-Mass*
2MASS J22470515+2340460,1876327381758596352,Low-Mass*
2MASS J10185405+4153274,805581834321850112,Low-Mass*
2MASS J11095899+1924398,3984227069264760448,Low-Mass*
[DFM2003] 160,5290767699941318144,Low-Mass*
2MASS J09101829+0943014,591302205068385152,Low-Mass*
2MASS J08161018+1912546,663508057082900864,Low-Mass*
2MASS J00154781+0015589,2545541358728974720,Low-Mass*
2MASS J12063064+6139295,1582761075676601344,Low-Mass*
SDSS J083844.48+134551.2,603384532188973312,Low-Mass*
2MASS J23402585-0001168,2642826899172348288,Low-Mass*
2MASS J02441384-0034275,2498428556787457280,Low-Mass*
2MASS J00312789-0052308,2542683277035467776,Low-Mass*
SDSS J044347.69+111918.0,3294100827811502464,Low-Mass*
2MASS J00145698-0042328,2545173499073701504,Low-Mass*
2MASS J12431093+2212438,3955495005069601408,Low-Mass*
2MASS J09304737+4233431,814493646643644032,Low-Mass*
2MASS J10141358+2800225,739632370969852544,Low-Mass*
SDSS J132935.64-022711.9,3637968107236970368,Low-Mass*
SDSS J005837.48-005057.2,2535794703544288000,Low-Mass*
2MASS J07303987+3459513,893883475706978176,Low-Mass*
SDSS J212049.94-005351.2,2686233075616323200,Low-Mass*
SDSS J111216.10+610859.1,861922352022115968,Low-Mass*
SDSS J033408.64-072349.1,5165610428788792192,Low-Mass*
SDSS J154824.98+241741.5,1219645024141441408,Low-Mass*
2MASS J15522587+3232124,1369823606527707264,Low-Mass*
2MASS J02302553-0058598,2499707181436667392,Low-Mass*
SDSS J082801.37+582655.7,1035334542813897600,Low-Mass*
2MASS J00372488+0036215,2543358823851634048,Low-Mass*
2MASS J21063565-0059536,2689033634812614784,Low-Mass*
2MASS J00254701-0855505,2426832242237665920,Low-Mass*
2MASS J23372265+0038528,2645971468067998720,Low-Mass*
2MASS J11525292+3117014,4021335273169249280,Low-Mass*
2MASS J12271348+5500130,1574041574807318272,Low-Mass*
2MASS J07530059+2717236,874636073689926016,Low-Mass*
2MASS J14213364+3214511,1477810732300177920,Low-Mass*
2MASS J03264977+0043516,3264506166679663872,Low-Mass*
2MASS J22462308-0022195,2653307031691566336,Low-Mass*
2MASS J15295872+4801130,1402068571718743936,Low-Mass*
2MASS J16025478+3546210,1372142102889324800,Low-Mass*
LSPM J1202+4934,1546782379455335424,Low-Mass*
2MASS J16534130+3140141,1313044963509184256,Low-Mass*
2MASS J00313923-0015407,2543564230663858560,Low-Mass*
SDSS J112513.92+551639.1,843246184947891328,Low-Mass*
2MASS J00531319+0023172,2536926753843843200,Low-Mass*
2MASS J13153296+4508049,1550706807033869440,Low-Mass*
SDSS J033008.41+010927.1,3264909412569274624,Low-Mass*
2MASS J14285528+0748071,1175486678665350784,Low-Mass*
2MASS J01264579+3922387,323601738233005056,Low-Mass*
2MASS J01241247+0627478,2565957739171921536,Low-Mass*
SDSS J154732.98+023044.4,4423489450690287232,Low-Mass*
2MASS J16374282+2016037,4563759032424319360,Low-Mass*
2MASS J13120833+1757139,3937260880328166912,Low-Mass*
2MASS J14054138+3244295,1478668836704897664,Low-Mass*
2MASS J01501769-0049338,2506093900885120768,Low-Mass*
2MASS J09371366+3754407,800604963656150016,Low-Mass*
2MASS J10551165+5122275,836323109983510016,Low-Mass*
2MASS J13285655+1932449,3939152104752824064,Low-Mass*
2MASS J16402993+2021330,4563960139971416832,Low-Mass*
2MASS J03513843+0053237,3257768466801181056,Low-Mass*
UCAC4 456-000970,2549269562139478912,Low-Mass*
2MASS J10325702+6113204,1048834694471265920,Low-Mass*
2MASS J10231366+3345256,749249588724819840,Low-Mass*
2MASS J16072531+0621124,4450006303897548288,Low-Mass*
SDSS J074020.63+432208.1,925146366560971648,Low-Mass*
2MASS J09305479+0626489,3852686613423415936,Low-Mass*
2MASS J04473270+1105421,3295519953725773952,Low-Mass*
LSPM J1125+5816,856721146622918400,Low-Mass*
2MASS J14524350+0815235,1173369057924199552,Low-Mass*
2MASS J08055404+3031513,877682992209197952,Low-Mass*
2MASS J23084293-0052292,2650955554276595712,Low-Mass*
2MASS J17193060+2638477,4574053892938048512,Low-Mass*
2MASS J11165442+3740250,763632231607711360,Low-Mass*
SDSS J003707.59+010301.4,2544140924510988928,Low-Mass*
SDSS J104129.96+075206.3,3868698423302209280,Low-Mass*
2MASS J23331331-0011589,2644388755439480192,Low-Mass*
2MASS J17234607+5612151,1420756146222503936,Low-Mass*
2MASS J22035847+6913390,2223224915230864384,Low-Mass*
2MASS J14085070+4334057,1504585455344686464,Low-Mass*
2MASS J08514823+4134453,912852314732601600,Low-Mass*
2MASS J00201032-0034070,2542235436501948032,Low-Mass*
2MASS J15485346+4003267,1377720539556644736,Low-Mass*
SDSS J052723.88+011159.5,3221994408585944448,Low-Mass*
2MASS J01152160-0101526,2533667797083799424,Low-Mass*
SDSS J161450.62+543530.7,1429348073680259712,Low-Mass*
2MASS J08101085+4420060,929010497096488320,Low-Mass*
2MASS J16152841+0909118,4453080813287907200,Low-Mass*
2MASS J08454832+0644134,595183992216162560,Low-Mass*
2MASS J09291891+0315409,3844924611088024448,Low-Mass*
2MASS J00573662-0043510,2535990657131836672,Low-Mass*
PM J09125-1517E,5731289881171736832,Low-Mass*
2MASS J14432704+4635098,1590136638331419008,Low-Mass*
SDSS J093535.38+660939.6,1068128615277198208,Low-Mass*
2MASS J00453153-0112477,2530693686849711872,Low-Mass*
2MASS J09194857+3032429,698897350651579264,Low-Mass*
SDSS J200604.61+770320.1,2290485408754584448,Low-Mass*
SDSS J105554.17+114938.0,3871705621963786368,Low-Mass*
2MASS J08554360+2816101,692920959495082624,Low-Mass*
2MASS J00334870-0015076,2542836384029548160,Low-Mass*
2MASS J22572255-0954154,2606586553539717376,Low-Mass*
BD+36  2219,4031586157514097024,Low-Mass*
LP  621-65,6339505907970289024,Low-Mass*
2MASS J03334166+0001353,3264547054768195072,Low-Mass*
2MASS J10193757+1929157,624684645103380992,Low-Mass*
2MASS J01063737+1518556,2783348921903137792,Low-Mass*
SDSS J203255.38+771929.1,2290718333420751360,Low-Mass*
2MASS J08090436+1631053,656511280481280384,Low-Mass*
2MASS J09563103+4036182,806580981150826880,Low-Mass*
2MASS J00322766+0108258,2544295131018860416,Low-Mass*
2MASS J11433278+3943041,766706951450705408,Low-Mass*
SDSS J202604.51+763908.1,2290295261962458880,Low-Mass*
2MASS J01263572+1508160,2590605701785691136,Low-Mass*
2MASS J02193117+0042489,2501145170847337728,Low-Mass*
2MASS J16101282+2027193,1204880305263787136,Low-Mass*
2MASS J08182889+2059373,675796684367904256,Low-Mass*
LSPM J1315+2017,3940385859878030336,Low-Mass*
2MASS J00351765+0030168,2544013239428163072,Low-Mass*
SDSS J055956.76+224704.6,3424532078288717696,Low-Mass*
2MASS J16260714+3127170,1324425458611636864,Low-Mass*
2MASS J21102986+1115139,1745077377376300928,Low-Mass*
2MASS J10344726+2254504,721685553770154624,Low-Mass*
2MASS J23141571+0048387,2657247440847234560,Low-Mass*
2MASS J13075359+0102043,3690834481725588608,Low-Mass*
SDSS J025919.95-083204.1,5179277358321996160,Low-Mass*
SDSS J083013.88+274220.7,704181431735889024,Low-Mass*
2MASS J05321859+0003419,3220873353402547968,Low-Mass*
2MASS J14414850-0136255,3649004352120907904,Low-Mass*
2MASS J15420881+1750210,1197684345262041088,Low-Mass*
2MASS J08081813+3843128,908932830657091456,Low-Mass*
2MASS J15164647+0051343,4419130539920803200,Low-Mass*
2MASS J10115794+6145016,1051912979135627008,Low-Mass*
2MASS J12164251+5121091,1547937760015859712,Low-Mass*
2MASS J07302630+3635057,898576118318295296,Low-Mass*
2MASS J22100217-0026544,2678802649050697984,Low-Mass*
2MASS J05281681+0048151,3221922150055718528,Low-Mass*
2MASS J08201443+5105307,1028305334911757824,Low-Mass*
2MASS J10372423+3247245,748385303865793536,Low-Mass*
SDSS J165502.56+254052.7,1306212396391707520,Low-Mass*
2MASS J00400610-0008541,2543061886992326784,Low-Mass*
SDSS J134430.92+073120.8,3721501304133608704,Low-Mass*
SDSS J153425.03+062620.5,4429202276883727744,Low-Mass*
SDSS J003922.94-003638.8,2542880089616986624,Low-Mass*
2MASS J21400451+0017329,2687393305197160960,Low-Mass*
2MASS J16513192+3311013,1314511918177920128,Low-Mass*
2MASS J22160125+0058022,2679387520516995328,Low-Mass*
2MASS J09175822+5518294,1024070664662035584,Low-Mass*
LP  354-65,102169197433760896,Low-Mass*
2MASS J08413974+1929448,661246361664703360,Low-Mass*
SDSS J013011.97-001719.6,2485966520200035840,Low-Mass*
2MASS J00182971+0025413,2545557469149595392,Low-Mass*
2MASS J21155468+0921072,1743587122509409536,Low-Mass*
2MASS J00382795+0001261,2543175823884965248,Low-Mass*
2MASS J23385920-0034168,2641282154055020672,Low-Mass*
2MASS J12322111+3208552,4012663699838939904,Low-Mass*
2MASS J12173197+3703290,1531593794544961280,Low-Mass*
2MASS J14333914+0322465,3656714024575950848,Low-Mass*
2MASS J00162356-0010312,2545234212731594752,Low-Mass*
2MASS J15472962+3109270,1369265913614610432,Low-Mass*
SDSS J010809.47+004647.5,2537893048470395264,Low-Mass*
2MASS J23574064+0108146,2738524405524492672,Low-Mass*
2MASS J11045531+0031027,3805021925366153472,Low-Mass*
SDSS J090437.38+413011.9,816408617942987392,Low-Mass*
SDSS J151220.89+083613.5,1166677838179783296,Low-Mass*
2MASS J04180418+0631387,3285316039143039488,Low-Mass*
2MASS J16261788+0751416,4439897638808487424,Low-Mass*
2MASS J09560644+4716508,823113027531466880,Low-Mass*
2MASS J16424091+3314211,1326346172282272512,Low-Mass*
2MASS J09225341+2020443,637375139591736320,Low-Mass*
2MASS J03200413-0030075,3265815650668397568,Low-Mass*
Cl* NGC 2099    HGH  210072,3451194621081549952,Low-Mass*
SDSS J110000.79+435048.6,781647489114716160,Low-Mass*
2MASS J20573808+0019404,4227452471692963584,Low-Mass*
2MASS J11571943+5904085,846362819376499200,Low-Mass*
2MASS J16011823+1159535,4457766558184941568,Low-Mass*
2MASS J08422730+1513224,609621919918852608,Low-Mass*
2MASS J12461445+0212264,3702878639470203392,Low-Mass*
2MASS J00265379-0027363,2543508048195625984,Low-Mass*
2MASS J08332153+3545284,903772994387182336,Low-Mass*
2MASS J03233847-0034054,3262773959124981760,Low-Mass*
2MASS J08185110+2809527,683383619540201216,Low-Mass*
2MASS J09591729+5043314,827076595151256448,Low-Mass*
2MASS J01510304-0048117,2506184541874992512,Low-Mass*
2MASS J15594089+2844507,1319756726081593344,Low-Mass*
2MASS J08452670+2646566,703270937325390976,Low-Mass*
2MASS J02275427+0057430,2501398440773815552,Low-Mass*
2MASS J10530813+4307438,781672915316834176,Low-Mass*
2MASS J08080217+4003030,921165722149937024,Low-Mass*
2MASS J13220220+0333182,3715667845192272512,Low-Mass*
2MASS J11134593+5710082,856559312256908928,Low-Mass*
2MASS J16274793+1218127,4459946649223901568,Low-Mass*
2MASS J08440542+0814206,597084532424618880,Low-Mass*
2MASS J15142594+2917583,1275174518872270720,Low-Mass*
2MASS J07444734+3828118,920159187974544256,Low-Mass*
2MASS J00415030-0003307,2543067040953161728,Low-Mass*
2MASS J05274967+0112187,3221988395632971264,Low-Mass*
2MASS J13522452+5156266,1560542217718655104,Low-Mass*
2MASS J16004143+2516539,1219293734473137920,Low-Mass*
2MASS J11030402+3516432,761655756377312896,Low-Mass*
2MASS J10025818+3741143,802806422156231296,Low-Mass*
SDSS J080358.88+154932.4,655135550917142656,Low-Mass*
LP  581-34,2712248246579385472,Low-Mass*
2MASS J14403539-0251524,3648762700080636544,Low-Mass*
2MASS J05402325-0906326,3012202405979798528,Low-Mass*
2MASS J01332012-1032301,2458662103134349056,Low-Mass*
2MASS J08353344+4800230,1014794123712532096,Low-Mass*
2MASS J16381719+3725203,1328393699156019712,Low-Mass*
2MASS J11222932+3649573,760850638987966592,Low-Mass*
LSPM J2328+0110,2645523868051887232,Low-Mass*
SDSS J025429.68+001943.3,2498257681513957504,Low-Mass*
SDSS J093715.70+572832.1,1025519580468396800,Low-Mass*
SDSS J084610.52+622351.2,1042282013190679296,Low-Mass*
2MASS J21480632-0110239,2674774858785221632,Low-Mass*
2MASS J11025792+3342522,761231757206092160,Low-Mass*
2MASS J01110806+0107444,2537972831783318400,Low-Mass*
SDSS J132320.41+392237.4,1476560591875883264,Low-Mass*
SDSS J151646.48+384601.9,1388658038848936576,Low-Mass*
2MASS J01194783+3153271,310647704550935040,Low-Mass*
LP   65-287,1676411634975041152,Low-Mass*
2MASS J16442454+2048533,4564035353441619072,Low-Mass*
SDSS J232203.46+003526.3,2645205039744422400,Low-Mass*
2MASS J10380371+3022185,735480438969171200,Low-Mass*
SDSS J211430.15-004945.1,2688912035697308800,Low-Mass*
2MASS J02284590+0007506,2500452615960779008,Low-Mass*
2MASS J09463515+5205384,828054305801392896,Low-Mass*
SDSS J015002.56+000034.9,2509267508054427392,Low-Mass*
2MASS J12132567+0112045,3699367727044794496,Low-Mass*
2MASS J03080156-0008082,3266408875846859776,Low-Mass*
2MASS J16541897+2047241,4564624416795102848,Low-Mass*
2MASS J05201794+0511521,3237415647576913792,Low-Mass*
2MASS J08021693+2304320,680361478687813760,Low-Mass*
SDSS J092212.14+264306.2,694086540604103424,Low-Mass*
SDSS J111937.35+513305.1,839365836614494464,Low-Mass*
SDSS J091944.48+612450.8,1039883016257782272,Low-Mass*
2MASS J09354318+1854308,633229740237072640,Low-Mass*
LP  217-82,1527847964589594624,Low-Mass*
2MASS J00324959-0014576,2542835112719961856,Low-Mass*
2MASS J16570139+2007202,4561528015955697664,Low-Mass*
2MASS J09151055+0927518,590857242161695104,Low-Mass*
2MASS J15170165+4043507,1392202585162802688,Low-Mass*
SDSS J005949.50-000414.9,2536424685051237376,Low-Mass*
SDSS J123118.86+562535.3,1574608884151950720,Low-Mass*
2MASS J00523730-0100283,2535931558381707648,Low-Mass*
SDSS J144033.78+242310.5,1266946048728224640,Low-Mass*
2MASS J00594412-0058306,2535782948218089472,Low-Mass*
2MASS J12085014-0006259,3698752378490432384,Low-Mass*
2MASS J00391977-0003019,2542985200352579328,Low-Mass*
SDSS J084751.89+140530.6,608532716213091584,Low-Mass*
SDSS J101734.98+624410.3,1052095914678540928,Low-Mass*
SDSS J164236.25+393621.7,1355647092010667648,Low-Mass*
2MASS J23275297+5317318,1992738244071069056,Low-Mass*
2MASS J10285968+5239447,848586036182878592,Low-Mass*
2MASS J21121426+1006538,1744635373701784064,Low-Mass*
2MASS J01111679+0103353,2537960049960335232,Low-Mass*
SDSS J215142.25+003514.6,2681245381635505024,Low-Mass*
SDSS J231415.11+134925.6,2812438353146956416,Low-Mass*
2MASS J10035402+6325128,1053080419966801536,Low-Mass*
2MASS J00403527+0824583,2557854338475574400,Low-Mass*
2MASS J15024607+3843239,1295735184449432064,Low-Mass*
2MASS J00370083-0024194,2543130503389681664,Low-Mass*
SDSS J090120.18+101712.4,603545262749099904,Low-Mass*
SDSS J235810.25+004332.7,2738290209547519232,Low-Mass*
SDSS J092046.33+332714.4,702088854949739008,Low-Mass*
2MASS J10202108+2317063,725304939891034112,Low-Mass*
2MASS J05392676+0022005,3219360253604821632,Low-Mass*
SDSS J004557.44+154636.0,2781208756879906048,Low-Mass*
2MASS J10082677+2906262,740741361590521984,Low-Mass*
2MASS J11300704+0350380,3812554473369337216,Low-Mass*
SDSS J093503.70+202059.3,634514107257222016,Low-Mass*
2MASS J14571123+4517048,1586646513547075072,Low-Mass*
2MASS J09535572+4348316,820229940541423104,Low-Mass*
2MASS J12034492+0542288,3898019134239189760,Low-Mass*
SDSS J092009.99+034745.1,3845908124238735104,Low-Mass*
SDSS J210833.09+011204.4,2690677954451629440,Low-Mass*
2MASS J01321243-0028144,2485898724140765440,Low-Mass*
2MASS J08351721+3909090,911115945354408576,Low-Mass*
2MASS J23420994+4626294,1939017037947595520,Low-Mass*
2MASS J12230039+6236503,1583521044370015616,Low-Mass*
2MASS J15595968+0622374,4426738168250006272,Low-Mass*
2MASS J08591318+0414453,578658817781790208,Low-Mass*
2MASS J14002696+5037503,1512147037328952448,Low-Mass*
SDSS J142306.54+485947.4,1508193983787297024,Low-Mass*
2MASS J13530569+4213472,1501962398558273536,Low-Mass*
2MASS J08492707+4038095,912416530170579456,Low-Mass*
2MASS J00484205+0042226,2537170325733936640,Low-Mass*
SDSS J022605.61-004558.4,2499951380391899392,Low-Mass*
2MASS J02190039+0032007,2501124451924478848,Low-Mass*
2MASS J02363089-0816355,5177233155753164672,Low-Mass*
2MASS J08023867+2111580,670968655793819520,Low-Mass*
2MASS J02452025+0049443,2499234838113097088,Low-Mass*
2MASS J09202510+2019062,637550065019285248,Low-Mass*
2MASS J22003114+0042473,2680725553153432832,Low-Mass*
2MASS J09482065+4109186,807366406113897344,Low-Mass*
SDSS J155241.85+254259.5,1220219931283502080,Low-Mass*
2MASS J22394503+1249044,2731536802971387264,Low-Mass*
2MASS J00510840+0059365,2537197268063990912,Low-Mass*
2MASS J15401473+3550080,1374403828371536256,Low-Mass*
2MASS J22402536+0042253,2654396785153534080,Low-Mass*
2MASS J16105100+1959352,1201846477804468096,Low-Mass*
2MASS J00251331+0041241,2546927872954607488,Low-Mass*
SDSS J082802.98+333927.6,903035943639348608,Low-Mass*
2MASS J00383608-0019363,2542970112131650176,Low-Mass*
SDSS J052729.73-004914.6,3220532436078123264,Low-Mass*
2MASS J22515353+0043185,2654959636322999168,Low-Mass*
SDSS J212517.44+100858.3,1742188921675215360,Low-Mass*
2MASS J13043280+2515251,3957444198667693056,Low-Mass*
SDSS J135929.90+371059.7,1483751363562827008,Low-Mass*
2MASS J12584687+3853191,1523734927810947200,Low-Mass*
2MASS J16100784+2341547,1206675532874259712,Low-Mass*
2MASS J00454219+0108161,2549267839857009152,Low-Mass*
2MASS J14081921+5419411,1609144750538729600,Low-Mass*
2MASS J02171241+0048017,2513167540222458240,Low-Mass*
SDSS J152546.83+241047.3,1221886893991018624,Low-Mass*
2MASS J23194038+0056272,2645290531068401408,Low-Mass*
2MASS J01193036+3813316,321982668706244992,Low-Mass*
2MASS J17075210+2746282,4575028992249220224,Low-Mass*
2MASS J16262345+1204531,4459917168568402048,Low-Mass*
SDSS J113920.88+345236.3,4026122787314990464,Low-Mass*
SDSS J022405.71+003428.2,2501276734284978176,Low-Mass*
2MASS J11420649+4036401,769012519959545600,Low-Mass*
2MASS J16211129+1130483,4459975477044102272,Low-Mass*
2MASS J00214741+0031357,2546866403383268480,Low-Mass*
2MASS J08433081+2151104,664978550805538432,Low-Mass*
SDSS J155815.84+230311.5,1218389759820928768,Low-Mass*
2MASS J10462351+5135537,836789680871024640,Low-Mass*
2MASS J14214358+5324108,1608422169536458880,Low-Mass*
2MASS J03423554-0603218,3244616276210967808,Low-Mass*
2MASS J09225869+2459437,693569357820823424,Low-Mass*
2MASS J16200727+0614164,4437980532907138560,Low-Mass*
SDSS J084439.43+310049.9,706806824984138624,Low-Mass*
SDSS J030459.54+002856.8,3266737213211198976,Low-Mass*
2MASS J00545696+0057367,2537532924052559744,Low-Mass*
2MASS J01291329+0044590,2558144338962483072,Low-Mass*
GES J07552770-6048138,5290730350909320704,Low-Mass*
2MASS J09371225+3432527,797394179248065664,Low-Mass*
2MASS J03235135+0000111,3264356186421846272,Low-Mass*
SDSS J002216.12-084434.5,2429805729700624896,Low-Mass*
SDSS J154459.70+040522.7,4424679397150454016,Low-Mass*
2MASS J09031630+4207260,816674738412249600,Low-Mass*
2MASS J16090200-2322400,6242207821930501504,Low-Mass*
2MASS J12334494+4406224,1541410539299803648,Low-Mass*
2MASS J02352555+0001315,2500260888620680704,Low-Mass*
SDSS J111138.22+674117.0,1059453636038135936,Low-Mass*
2MASS J00392788+0057547,2543399918098468608,Low-Mass*
SDSS J034545.27+001030.3,3269622159923969664,Low-Mass*
2MASS J14413079+0231295,3655582116010028416,Low-Mass*
2MASS J02342749-0050202,2497097628026839040,Low-Mass*
2MASS J02114826+2220139,100471693214577280,Low-Mass*
2MASS J07533065+3350576,882259610576130688,Low-Mass*
Cl* NGC 2547    NTJ 13-872,5514373077588049536,Low-Mass*
2MASS J23441831-0056501,2641747595366149376,Low-Mass*
SDSS J114449.06+015954.8,3799415141913893120,Low-Mass*
2MASS J16022421+2417009,1218906053545126784,Low-Mass*
2MASS J00300149-0025591,2543472692024270080,Low-Mass*
2MASS J16331462+2404178,1300698105057904256,Low-Mass*
2MASS J14042182+4332280,1499386448972090752,Low-Mass*
2MASS J13453306+5158461,1559277023432620160,Low-Mass*
2MASS J16162319+4347104,1385433510545840256,Low-Mass*
2MASS J00580293+0028562,2537254678891202944,Low-Mass*
2MASS J00221356+0107144,2546925570852868608,Low-Mass*
SDSS J093214.98+292054.1,696325386795957120,Low-Mass*
2MASS J11175384+3908201,764337327798965248,Low-Mass*
2MASS J09054241+3148587,712158903991629184,Low-Mass*
2MASS J09470490+0139055,3846540274705618944,Low-Mass*
2MASS J16244838+1541201,4465693109306968320,Low-Mass*
2MASS J05382110+0035410,3222381917716055040,Low-Mass*
2MASS J09264363+1707296,631416542483701504,Low-Mass*
2MASS J00520736-0101386,2535908502997251456,Low-Mass*
2MASS J08595850+0205391,577009034943618432,Low-Mass*
2MASS J00563249+1603439,2778595385244614272,Low-Mass*
2MASS J13451646+1944203,1248411310636132480,Low-Mass*
2MASS J00375615-0004450,2543169471629729792,Low-Mass*
2MASS J12074698+5223558,1548803689845061120,Low-Mass*
2MASS J18574595+1843294,4517574591959197568,Low-Mass*
2MASS J15273314+1548585,1207157050246857984,Low-Mass*
2MASS J13590488+1008091,3723826775521372288,Low-Mass*
2MASS J23491963+0012534,2643060064357103104,Low-Mass*
2MASS J00401499+0025397,2543307833999443200,Low-Mass*
SDSS J103042.06+170955.9,3890556336505004800,Low-Mass*
2MASS J00095499-0045515,2545028470913552512,Low-Mass*
2MASS J23572198-0101391,2449785990577213440,Low-Mass*
2MASS J12390038+5302596,1569192041334163200,Low-Mass*
2MASS J09304498+4617379,818521776211563776,Low-Mass*
LP  584-80,2544803208468826752,Low-Mass*
2MASS J16585022+4124370,1354575579274431488,Low-Mass*
2MASS J14000403+0857578,3723399924491204096,Low-Mass*
2MASS J02301060-0049598,2500132490573367296,Low-Mass*
2MASS J03050140-0054107,3266256799644941184,Low-Mass*
2MASS J23384233+0009039,2642870570399995264,Low-Mass*
2MASS J11104834+2607277,3997329498361837440,Low-Mass*
SDSS J171121.71+215504.7,4567996958260116096,Low-Mass*
LP  468-269,2576043632348457344,Low-Mass*
SDSS J210248.76-003132.5,2690056867819856640,Low-Mass*
2MASS J13572642+6629233,1671763105971532928,Low-Mass*
SDSS J230006.81-004036.7,2651539566752192128,Low-Mass*
2MASS J00232643-0027032,2542208528530235520,Low-Mass*
2MASS J00555866-0019559,2536074387519011584,Low-Mass*
2MASS J21582751+4459390,1973336025668391936,Low-Mass*
SDSS J041506.83+141941.4,3311485687194271232,Low-Mass*
2MASS J00084963-0043104,2544951088487179008,Low-Mass*
2MASS J00542724-0053175,2535925884729633664,Low-Mass*
2MASS J08191633+4235510,915860170523978880,Low-Mass*
2MASS J03494130+0038202,3257736031208132608,Low-Mass*
2MASS J03231195-0050086,3262733101102301568,Low-Mass*
SDSS J142452.42+013102.4,3654600831947562240,Low-Mass*
2MASS J01093597+0011414,2534805722899234432,Low-Mass*
SDSS J140858.50+393535.8,1485594449991602048,Low-Mass*
2MASS J00244492+0008311,2543800728742775680,Low-Mass*
2MASS J09023900+3018407,699591211208974336,Low-Mass*
2MASS J23442915+0048499,2642978739151703424,Low-Mass*
2MASS J10055518+2135213,628778818383233024,Low-Mass*
2MASS J00223318-0114459,2541859266085691136,Low-Mass*
2MASS J09451191+1834188,621382949124009728,Low-Mass*
2MASS J00021205+0108587,2738410262473671424,Low-Mass*
2MASS J09280095+0757149,586564061572455040,Low-Mass*
SDSS J195808.62+771001.6,2291226788828917120,Low-Mass*
2MASS J09425068+1220132,613875659823536000,Low-Mass*
SDSS J010835.72+001839.4,2537791068766782336,Low-Mass*
2MASS J23493862+0007331,2642307865260777856,Low-Mass*
2MASS J00503732+0024486,2537103156740535552,Low-Mass*
2MASS J12454390+4945190,1567584933292407296,Low-Mass*
2MASS J02522946-0054091,2497504584768546048,Low-Mass*
2MASS J20591241+0024543,1729408473391453440,Low-Mass*
2MASS J16385679+3234127,1324778990254298752,Low-Mass*
2MASS J00483969+0017132,2537051715917138304,Low-Mass*
2MASS J08060580+2229078,677084792303244928,Low-Mass*
2MASS J11185213+6322051,1054590770986102272,Low-Mass*
SDSS J030729.85+001720.8,3266504739516896896,Low-Mass*
2MASS J05372057+0109498,3222653737604690688,Low-Mass*
2MASS J10023549+4357528,809597903618939264,Low-Mass*
2MASS J10291070+1652384,3890170206060100736,Low-Mass*
2MASS J04173406+0650186,3285363077625026048,Low-Mass*
2MASS J07465323+3945098,920396240105675008,Low-Mass*
2MASS J16183198+2913509,1317759501866187008,Low-Mass*
2MASS J16194150+2100089,1202330159842216064,Low-Mass*
SDSS J124632.54+090029.7,3710875318821512576,Low-Mass*
2MASS J10012116+3552253,795876410822330624,Low-Mass*
2MASS J16073179+0823246,4451479821280614016,Low-Mass*
2MASS J03561685-0710090,3244843535817413248,Low-Mass*
2MASS J01542611-0021182,2507679671529784192,Low-Mass*
Cl* NGC 2632   HSHJ     125,664726045385110144,Low-Mass*
2MASS J00212887-0115225,2542048931841372800,Low-Mass*
LSPM J1052+3227,736892761655219072,Low-Mass*
2MASS J22411315-0022095,2653155814483480576,Low-Mass*
SDSS J151826.03+182506.3,1209038928821810304,Low-Mass*
2MASS J22084786-0040404,2677292259376545792,Low-Mass*
SDSS J073543.60+284824.9,879331508032250496,Low-Mass*
2MASS J00380771+0107012,2544154221730403456,Low-Mass*
SDSS J140803.59+372559.1,1483582859108640384,Low-Mass*
2MASS J02154669+0103203,2513225578116009984,Low-Mass*
2MASS J13491795+1034042,3727032088139600128,Low-Mass*
2MASS J00534415-0051540,2535928770947664384,Low-Mass*
2MASS J00155432+0003401,2545430170614920960,Low-Mass*
2MASS J08413213+0311410,3079300064410264320,Low-Mass*
2MASS J06372392+2621583,3384154712778126976,Low-Mass*
2MASS J09092970+1601302,607822672218763008,Low-Mass*
2MASS J02185102-0049211,2494693653227228416,Low-Mass*
2MASS J08382934+0753405,596230280609390464,Low-Mass*
2MASS J23582974-0022136,2449922158220347776,Low-Mass*
SDSS J115802.97+045222.3,3896377769537616896,Low-Mass*
2MASS J09143996+3940421,815301345310165632,Low-Mass*
SDSS J083419.99+060921.9,594868329299090688,Low-Mass*
LP  526-45,2552353176859354368,Low-Mass*
2MASS J03020925+0010433,3266640456188277248,Low-Mass*
SDSS J102251.28+551305.4,852263211087784320,Low-Mass*
2MASS J10181968+6015583,1048536069689680000,Low-Mass*
2MASS J07512751+2221259,675000633652411392,Low-Mass*
2MASS J13573190+4243203,1499055873929863296,Low-Mass*
SDSS J013236.17-103934.7,2458653998531162880,Low-Mass*
SDSS J032515.14-011343.1,3262470661419156480,Low-Mass*
2MASS J16084606-2246593,6242453425339902464,Low-Mass*
2MASS J10042464+2553090,738953315165198592,Low-Mass*
2MASS J10025564+5136163,827404180896562176,Low-Mass*
2MASS J08341188+1854467,662643432923467904,Low-Mass*
2MASS J20043446+7710041,2290490665794644608,Low-Mass*
[BHR2005] 831-30,2497719852824372224,Low-Mass*
2MASS J10044314+3021185,743929567353364480,Low-Mass*
2MASS J09593809+4109312,806803838415256960,Low-Mass*
2MASS J08472002+2058302,661816355366468480,Low-Mass*
SDSS J074731.38+152946.4,3164886564915469056,Low-Mass*
2MASS J20403220-0002266,4228093143373809792,Low-Mass*
SDSS J081956.81+201436.0,663665115447689856,Low-Mass*
2MASS J03100376+0036201,3266883452553246208,Low-Mass*
2MASS J00502690+0042406,2537185203500653184,Low-Mass*
2MASS J02560105+0031594,2498273727511329664,Low-Mass*
SDSS J164304.05+333553.5,1326362110905486080,Low-Mass*
SDSS J143103.99+090424.6,1176089558929570304,Low-Mass*
2MASS J11464341+1551552,3924672949659511808,Low-Mass*
2MASS J09181995+0509454,579733826621343616,Low-Mass*
2MASS J08214531+2446328,679160365314573312,Low-Mass*
2MASS J00521939-0110427,2535893350352615552,Low-Mass*
2MASS J03444849+0113301,3269942049088526976,Low-Mass*
2MASS J07503516+3924276,920513677395057920,Low-Mass*
SDSS J000725.17-003529.2,2545708961236147328,Low-Mass*
2MASS J03243253+0016461,3264390580520110976,Low-Mass*
2MASS J10584390+4930154,832740733596225792,Low-Mass*
GES J07585617-6123162,5289896852375877120,Low-Mass*
SDSS J004714.29+004150.6,2549088997419001088,Low-Mass*
2MASS J00194600-0011035,2545265754970918656,Low-Mass*
LP  415-875,3314393590508675456,Low-Mass*
2MASS J23482969-0034379,2641865792866274816,Low-Mass*
2MASS J13092378+1122101,3736206653679305216,Low-Mass*
2MASS J02221581-0904137,5176226621576744576,Low-Mass*
[BHR2005] 890-55,2702637621599357312,Low-Mass*
2MASS J08373268+2949477,704808192020437888,Low-Mass*
2MASS J02281197+0057291,2501352776680978816,Low-Mass*
2MASS J16152218+4600365,1386611053139427584,Low-Mass*
2MASS J08404140+0832296,596413387951191296,Low-Mass*
SDSS J233353.56-003253.1,2644226886712881408,Low-Mass*
2MASS J04070892-2348301,5089178049784274176,Low-Mass*
2MASS J01042614+0023471,2536366758827826432,Low-Mass*
2MASS J10504154+5049225,835956835172630400,Low-Mass*
2MASS J13321396+4806287,1552418677918667008,Low-Mass*
2MASS J23444085+4013382,1921151691979683200,Low-Mass*
SDSS J233723.91+003534.6,2645946836430473472,Low-Mass*
SDSS J215224.01+005834.7,2681684675185551360,Low-Mass*
2MASS J01214328+0606504,2564486730053337344,Low-Mass*
SDSS J232940.52+532008.9,1992554625627908096,Low-Mass*
SDSS J233143.06-002705.2,2644286638297138048,Low-Mass*
SDSS J002549.83+001337.7,2543805225572716544,Low-Mass*
2MASS J08230316+0240426,3090298891542276352,Low-Mass*
2MASS J08275319+1742356,662093299152783872,Low-Mass*
2MASS J09242926+4528422,819119330717426560,Low-Mass*
2MASS J00455200-0010195,2537009831395623168,Low-Mass*
2MASS J01282808-0856418,2477076895674414080,Low-Mass*
2MASS J18123000+2406331,4578397792801825408,Low-Mass*
2MASS J23422599+0026179,2642935647744108288,Low-Mass*
SDSS J011001.80-001433.9,2534704052432850176,Low-Mass*
SDSS J215314.56+005825.4,2681639900151306624,Low-Mass*
SDSS J091835.55+315516.9,701474296671078272,Low-Mass*
SDSS J211214.95+092612.1,1743813518827382528,Low-Mass*
2MASS J08502491+0938317,597656969961098368,Low-Mass*
SDSS J211630.21-071012.6,6898718037253260544,Low-Mass*
2MASS J09420757+0334344,3848126461962088320,Low-Mass*
2MASS J00510110+0113569,2537591133745591936,Low-Mass*
2MASS J16435979+2600285,1301224118294845440,Low-Mass*
2MASS J07055364+1151475,3160582015549303296,Low-Mass*
SDSS J033342.26+000817.6,3264548910194360448,Low-Mass*
SDSS J121710.45+243607.2,4002244796373743360,Low-Mass*
2MASS J23211024+5312347,1992688285012083840,Low-Mass*
2MASS J14543151+4455405,1586623247708072064,Low-Mass*
2MASS J17005423+2932430,1309569407253658624,Low-Mass*
2MASS J12061330+6403213,1584596577196143104,Low-Mass*
SDSS J011225.24-011202.1,2532898723059785088,Low-Mass*
SDSS J032018.26+001825.0,3265932959110171136,Low-Mass*
2MASS J14374392+3854009,1487880472104234624,Low-Mass*
2MASS J14494156+5635598,1613504971273146624,Low-Mass*
2MASS J17022258+2723146,1306810835657750912,Low-Mass*
2MASS J01272054+0036402,2558138527871160192,Low-Mass*
LP  533-33,3277579398589199616,Low-Mass*
2MASS J23503988+3543595,2878729975066489216,Low-Mass*
2MASS J08275925+1300006,650935008476276480,Low-Mass*
2MASS J20443303+0057586,4228669837221865472,Low-Mass*
Cl* Melotte   22  ROQUE      47,64949461820867584,Low-Mass*
2MASS J00161015+0018158,2545543141139163776,Low-Mass*
2MASS J23443648+4434405,1926566954249263744,Low-Mass*
SDSS J074401.38+245613.2,867901633690045696,Low-Mass*
SDSS J032651.33+003145.5,3264483871504784768,Low-Mass*
SDSS J005227.82-005834.7,2535932589173857024,Low-Mass*
2MASS J22565173-1017234,2606535868630047360,Low-Mass*
2MASS J10403679+2800141,734172741686978048,Low-Mass*
2MASS J02475526-0708407,5177642380237180672,Low-Mass*
2MASS J14235524+0424016,3669458738732766080,Low-Mass*
UCAC4 595-014506,155162123136347648,Low-Mass*
2MASS J12260370+1818082,3947043922476286080,Low-Mass*
2MASS J12445755+0432075,3704202378455815168,Low-Mass*
2MASS J16090811+1747041,1199712119577425920,Low-Mass*
2MASS J14431537+0157349,3655343380252946176,Low-Mass*
SDSS J204823.51-055442.8,6913355247142903936,Low-Mass*
2MASS J10233831+2024120,624858990710788736,Low-Mass*
2MASS J00375633-0106521,2542485575397433344,Low-Mass*
2MASS J00244477+0103043,2546958521841635200,Low-Mass*
2MASS J21471547+0056278,2693318053668389504,Low-Mass*
2MASS J20483181-0448280,6914338867668847616,Low-Mass*
2MASS J00165018+0032411,2545553659515332224,Low-Mass*
2MASS J15354373+1735546,1209265879188130944,Low-Mass*
2MASS J01394317-0941141,2464778548880713088,Low-Mass*
2MASS J15392950+4455042,1397577552051277184,Low-Mass*
2MASS J23591370+0056451,2738318693770681088,Low-Mass*
2MASS J00365991+0023401,2543260692439005568,Low-Mass*
2MASS J00170434-0012192,2545229677245723008,Low-Mass*
2MASS J03242976+0043289,3267425885447801856,Low-Mass*
2MASS J16121185-2047267,6243867225494117248,Low-Mass*
SDSS J013626.39+005917.3,2510175081888751232,Low-Mass*
2MASS J00524350+0017378,2536918537571209088,Low-Mass*
2MASS J00474305-0019032,2536954344713692672,Low-Mass*
SDSS J104250.43+092308.8,3869507874314041344,Low-Mass*
SDSS J200935.07+781908.0,2291408758004728704,Low-Mass*
2MASS J00505941+0007325,2537077318217290624,Low-Mass*
2MASS J03214899-0009550,3262849030859125760,Low-Mass*
SDSS J021848.38-010838.0,2494628983904788096,Low-Mass*
2MASS J15302145+4551344,1394955968437105408,Low-Mass*
2MASS J07390505+2105407,673127924832225152,Low-Mass*
SDSS J071750.66+305146.7,886745991679442304,Low-Mass*
2MASS J05421439+0038528,3219456907547676672,Low-Mass*
SDSS J214640.23+115625.8,1766333131869312128,Low-Mass*
2MASS J07272951+4428477,973640120744541824,Low-Mass*
2MASS J12090023+2712585,4006709878735003136,Low-Mass*
2MASS J03221360+0002548,3265861486559797504,Low-Mass*
2MASS J09084916+4730077,1012236380493527680,Low-Mass*
2MASS J16042446+2729013,1316429470753776128,Low-Mass*
SDSS J152733.69+511925.6,1595964256117719936,Low-Mass*
2MASS J22115732-0058039,2677036695937520128,Low-Mass*
SDSS J121624.98+045324.8,3894351781924591104,Low-Mass*
[BHR2005] 262-3,820462109293372928,Low-Mass*
SDSS J064525.03+274156.6,3386160810396614912,Low-Mass*
SDSS J235514.62+000037.2,2642156540676925184,Low-Mass*
2MASS J16472308+2441379,1300087940529990272,Low-Mass*
2MASS J00382847+0048452,2543391499962914432,Low-Mass*
SDSS J232539.65-002420.7,2644158515128271744,Low-Mass*
SDSS J090445.53+301153.3,699530153952720768,Low-Mass*
2MASS J16204506+1830359,1200478273023022336,Low-Mass*
2MASS J08284304-0448168,3065625747533971072,Low-Mass*
2MASS J16191065+2108580,1202337237948347648,Low-Mass*
2MASS J10553497+6204160,1054079395000068352,Low-Mass*
SDSS J104021.55+114753.8,3870834293359012992,Low-Mass*
Cl* NGC 2099    HGH  240023,3451179979534555008,Low-Mass*
2MASS J16321696+4731274,1410473792652657792,Low-Mass*
2MASS J01450735+1501285,2588393308296896640,Low-Mass*
2MASS J08454768+2224358,665117712042152704,Low-Mass*
2MASS J12310159+3714592,1519789781306683008,Low-Mass*
2MASS J00492377-0030224,2536750209212980864,Low-Mass*
Cl* Melotte   22  TEIDE       1,66734514652754688,Low-Mass*
2MASS J08501914+2340534,689508311627833344,Low-Mass*
2MASS J23005802+1516364,2816726792092556032,Low-Mass*
2MASS J16035206+4037376,1380200114370992896,Low-Mass*
2MASS J12141901-0035409,3698111943031546624,Low-Mass*
2MASS J00163916-0101461,2545102168256874368,Low-Mass*
2MASS J10422841+3049466,735842113870628992,Low-Mass*
2MASS J10360057+4517403,830369636774190592,Low-Mass*
2MASS J02412785-0854587,5174030420114699904,Low-Mass*
SDSS J170146.09+235426.5,4571664825970031360,Low-Mass*
2MASS J00504210-0047549,2536680669397659264,Low-Mass*
2MASS J09535133+0240412,3846897341105959296,Low-Mass*
2MASS J14320634+5006336,1603726460316405760,Low-Mass*
2MASS J16310015+1230045,4460293785660419968,Low-Mass*
2MASS J16105508+2641172,1315709840393698816,Low-Mass*
SDSS J004400.13+001923.6,2549061062951974144,Low-Mass*
2MASS J00472478+0057105,2549200048093471232,Low-Mass*
LSPM J1311+3755,1522864496853480576,Low-Mass*
2MASS J14164974+3600098,1480967537559861760,Low-Mass*
2MASS J09530800+2953117,744393458181430528,Low-Mass*
2MASS J08131306+4116306,909689603895370112,Low-Mass*
2MASS J01291339+3827526,322561458499176576,Low-Mass*
2MASS J17292775+6509143,1632983674456682496,Low-Mass*
2MASS J08152404+0948555,648528589841533568,Low-Mass*
2MASS J03020807+0111384,223544458173824,Low-Mass*
2MASS J13463239+3218561,1458152392108695552,Low-Mass*
SDSS J170034.35+263113.2,4573262450724587008,Low-Mass*
SDSS J205438.11-005241.9,4227205738706324480,Low-Mass*
SDSS J123635.77+534438.2,1570914490722793088,Low-Mass*
2MASS J16262242+3439370,1326159495823137792,Low-Mass*
2MASS J14252999+4938291,1508332148591831552,Low-Mass*
2MASS J08495279+2520137,690796462511958912,Low-Mass*
SDSS J233730.79+440133.9,1926488854563889792,Low-Mass*
2MASS J22371878-0051585,2653031122992977280,Low-Mass*
SDSS J022929.61+010718.1,2501381634566558464,Low-Mass*
2MASS J08084522+2935159,876637150492959616,Low-Mass*
SDSS J074854.43+284325.2,875755754485363712,Low-Mass*
2MASS J08074320+1738201,656919787705554688,Low-Mass*
SDSS J030806.95-011309.1,3265472980998139008,Low-Mass*
2MASS J16390040+4142343,1356904211758131200,Low-Mass*
SDSS J142137.08+454135.6,1506532484278679168,Low-Mass*
SDSS J014817.48+140357.1,2587949517916179712,Low-Mass*
LSPM J1448+6148,1618660993612812800,Low-Mass*
2MASS J23425925-0033574,2642592978073422976,Low-Mass*
SDSS J124646.07+594802.9,1579725014834545536,Low-Mass*
2MASS J01043723-0039088,2533133571871304448,Low-Mass*
SDSS J031754.50-004122.6,3265714396814700800,Low-Mass*
SDSS J103415.59+175821.5,3890723943310556928,Low-Mass*
2MASS J01204078+3213087,310659829243894784,Low-Mass*
SIPS J0104-0018,2536243957122891264,Low-Mass*
2MASS J18545933+7754292,2293199999884438272,Low-Mass*
2MASS J10364705+4543118,830432034058994560,Low-Mass*
2MASS J08190723+3106250,900897084285573504,Low-Mass*
2MASS J14432349+3639476,1294190984792320896,Low-Mass*
2MASS J22401607+1327304,2731780516596315520,Low-Mass*
2MASS J14032484+4625540,1508890975376403200,Low-Mass*
SDSS J034150.95+000950.4,3263673217902535296,Low-Mass*
2MASS J23263345-0030299,2644143018885654144,Low-Mass*
2MASS J13513418+1923374,1248246173438308992,Low-Mass*
SDSS J105454.56+565500.3,851108277204283392,Low-Mass*
SDSS J083455.85+121738.0,602616278503298688,Low-Mass*
Cl* NGC 2099    HGH  140034,3451180975967440384,Low-Mass*
2MASS J10454209+0032070,3806604809793101824,Low-Mass*
2MASS J05292854+0044164,3221906344575704192,Low-Mass*
2MASS J08411229+0653337,595332082688958592,Low-Mass*
SDSS J202206.24+774541.7,2290570861424733184,Low-Mass*
SDSS J075732.50+243024.2,681495070885625600,Low-Mass*
SDSS J080340.31+121542.1,653029883069479168,Low-Mass*
SDSS J125545.50+500102.7,1555826034389010432,Low-Mass*
2MASS J10145468+2123339,628865130046268032,Low-Mass*
2MASS J10380453+0721504,3862652071421968256,Low-Mass*
2MASS J13320752+1649284,3745666714286539776,Low-Mass*
SDSS J090331.89+602249.8,1039568040536509440,Low-Mass*
SDSS J161927.84+084658.0,4452247525209651200,Low-Mass*
LP  564-52,4437703151037968640,Low-Mass*
2MASS J00373061-0037139,2542935477515231744,Low-Mass*
2MASS J02574484-0043219,5188000432605185920,Low-Mass*
Cl* NGC 2099    HGH  240056,3451181323863321472,Low-Mass*
2MASS J22042525-0003158,2680426967026956160,Low-Mass*
2MASS J14165670+1437351,1228737886518604288,Low-Mass*
2MASS J09075886+3606431,715214549884751232,Low-Mass*
2MASS J23261076-0052089,2644061856888555904,Low-Mass*
2MASS J08450457+2530200,691039759523005696,Low-Mass*
SDSS J091248.73+355401.8,714765541120680064,Low-Mass*
SDSS J022804.44-010500.5,2499737697179640704,Low-Mass*
2MASS J00181047+0101552,2547142522537148928,Low-Mass*
2MASS J02565238+0022266,2498083065323578624,Low-Mass*
2MASS J11373379+2707296,4017768702262282496,Low-Mass*
2MASS J09201657+1247146,594196630773717376,Low-Mass*
SDSS J161524.76+515249.0,1424762904033025536,Low-Mass*
2MASS J03465817-0024124,3257527841255887744,Low-Mass*
2MASS J00563955-0024436,2536058410240288640,Low-Mass*
2MASS J00131846+1529219,2769317087654073856,Low-Mass*
SDSS J095942.25+161907.6,622712739718014848,Low-Mass*
2MASS J23365912+4527457,1938824451613028736,Low-Mass*
GES J07542118-6058130,5290703649094456960,Low-Mass*
SDSS J143942.81+085741.9,1173092835692764416,Low-Mass*
2MASS J14092484+4945564,1511181807852894848,Low-Mass*
2MASS J15125404+4920519,1589334849540400128,Low-Mass*
SDSS J022138.26-002733.5,2500690144831857280,Low-Mass*
[BHR2005] 513-5,1268486949850818688,Low-Mass*
SDSS J022326.45+010350.8,2501501206456240256,Low-Mass*
TKK   872,3017367430571107584,Low-Mass*
2MASS J02411207+0010240,2498720958161673472,Low-Mass*
2MASS J04191958+0714268,3286878994921799296,Low-Mass*
SDSS J150026.26+465918.4,1587393008927416320,Low-Mass*
2MASS J10092597+2553004,738811856122585472,Low-Mass*
2MASS J05373187-0002584,3217821418362166016,Low-Mass*
2MASS J01000427-0004550,2536424513252537216,Low-Mass*
SDSS J011945.48+010311.3,2535180415845687168,Low-Mass*
2MASS J16365560+2153283,1297817620818032128,Low-Mass*
SIMP J0418200+112112,3301079226249265024,Low-Mass*
2MASS J22453116-0004491,2653507280246734464,Low-Mass*
2MASS J10525913+5845138,860546003978639872,Low-Mass*
2MASS J18495259+1931042,4518568692220083072,Low-Mass*
2MASS J23485474-0927131,2435887850068305920,Low-Mass*
SDSS J011238.54+003635.6,2534905812816994560,Low-Mass*
2MASS J02141328-0059518,2494871430513614336,Low-Mass*
2MASS J00420806-0013446,2543013336681949440,Low-Mass*
SDSS J111154.50+082636.0,3818854468838461696,Low-Mass*
SDSS J165805.58+231808.8,4565524053528870144,Low-Mass*
2MASS J09311413+4723542,825367747923271680,Low-Mass*
2MASS J09184219+2340397,639359002165164416,Low-Mass*
2MASS J09125419+2154222,638741287084519552,Low-Mass*
2MASS J23480982-0031565,2641869984753601152,Low-Mass*
2MASS J00254898+0042375,2546928701884988416,Low-Mass*
SDSS J162617.13+141230.9,4463794733760999680,Low-Mass*
2MASS J23294880+5324077,1992557962823139968,Low-Mass*
Cl* NGC 2516    JTH   10434,5290822194490324096,Low-Mass*
SDSS J031213.80-000345.2,3266042905978909056,Low-Mass*
2MASS J03411311+0103415,3269968304224385536,Low-Mass*
2MASS J08325833+2340382,678367544417221760,Low-Mass*
SDSS J234340.90-002803.9,2642595421910373632,Low-Mass*
2MASS J12340475+5738529,1577768227735275520,Low-Mass*
2MASS J08051497+3106429,877850908250756352,Low-Mass*
2MASS J12235342+3232155,4015875510743167616,Low-Mass*
2MASS J14041059+5812079,1658359268954553600,Low-Mass*
2MASS J13295634-0304232,3637113133867140480,Low-Mass*
2MASS J12520632+2426008,3957751168570400256,Low-Mass*
2MASS J08492424+1856564,660260855648229888,Low-Mass*
2MASS J15282097+0325218,4421403475268846208,Low-Mass*
2MASS J00020987+0051594,2738348797197729536,Low-Mass*
2MASS J11442652+3804078,766238486482671488,Low-Mass*
2MASS J10153868+3425063,752493491627365888,Low-Mass*
2MASS J00465246+0014483,2537058690944002944,Low-Mass*
2MASS J10450743+4610537,829767104403187072,Low-Mass*
2MASS J00025915-0039455,2449675485362850560,Low-Mass*
2MASS J00351904+0033283,2544014446315992448,Low-Mass*
2MASS J16514134+3304280,1314507073454725760,Low-Mass*
2MASS J11223200+2717456,3997732950409439616,Low-Mass*
2MASS J09524419+2747576,647295689411838720,Low-Mass*
2MASS J05282356-0036586,3220542022445301120,Low-Mass*
2MASS J08160900+0317323,3091275670183877248,Low-Mass*
SDSS J135012.48+272100.3,1451486293627576064,Low-Mass*
2MASS J15575183+0657068,4451034935681978368,Low-Mass*
2MASS J13040875+6013590,1579209996716729984,Low-Mass*
2MASS J13315595+1945401,1249032569065952384,Low-Mass*
2MASS J23225813-0036520,2644786198828678528,Low-Mass*
2MASS J03103465+0044243,3266909973975771136,Low-Mass*
2MASS J00350793-0005037,2543203900087501568,Low-Mass*
2MASS J05330966+0024146,3221096073226554368,Low-Mass*
2MASS J08533174+0853491,597370199289652480,Low-Mass*
2MASS J13072212+1432199,3936147212488341760,Low-Mass*
SDSS J091723.07+383915.7,812007547773969152,Low-Mass*
2MASS J02442706+0104483,2499293593265620736,Low-Mass*
2MASS J14025547+6147121,1661403404335635072,Low-Mass*
2MASS J03011389+0107520,219215131262208,Low-Mass*
[BHR2005]   1-198,2343821760040554112,Low-Mass*
2MASS J00243692-0109447,2541945642172218112,Low-Mass*
SDSS J165256.14+213539.7,4564930081027908608,Low-Mass*
2MASS J01513133-0048559,2506138126163432448,Low-Mass*
2MASS J12023196+6728252,1681514880756978432,Low-Mass*
2MASS J03271866+0016354,3264428616749971968,Low-Mass*
2MASS J03104964-0048566,3265556926134157056,Low-Mass*
SDSS J080050.19+212942.9,673993755879926016,Low-Mass*
2MASS J22091984+0723586,2721143119554345088,Low-Mass*
2MASS J18064570+2923591,4590356940256629120,Low-Mass*
SDSS J100401.68+042400.9,3849048054569367808,Low-Mass*
2MASS J09443502+2714001,647579676944277120,Low-Mass*
2MASS J00190874-0048302,2542131223414696192,Low-Mass*
2MASS J13411358+0954221,3726192129975019392,Low-Mass*
2MASS J12340811+0921392,3902913683265288576,Low-Mass*
2MASS J09491124+5949480,1050607794410432128,Low-Mass*
2MASS J11395674-0015281,3795711810659074560,Low-Mass*
DENIS J153338.7-201856,6253698607495390080,Low-Mass*
2MASS J00401609+0002469,2543080784848699648,Low-Mass*
2MASS J11030541+3056307,733647827964438400,Low-Mass*
2MASS J16031478+0818031,4451604237889165952,Low-Mass*
2MASS J14380837+3658473,1486322743301926272,Low-Mass*
2MASS J00491413+1420182,2777918326599787264,Low-Mass*
2MASS J12531416+3954264,1527029309462650112,Low-Mass*
2MASS J16255030+2756368,1305389961693687680,Low-Mass*
2MASS J08343526+2449415,678607929441491328,Low-Mass*
2MASS J00233269+0114302,2547018548304677248,Low-Mass*
2MASS J22151758-0032568,2678566696432062336,Low-Mass*
2MASS J22151850-0047109,2677803051247128064,Low-Mass*
SDSS J130634.68+510833.2,1557290991899753472,Low-Mass*
2MASS J12430642+4507398,1541033273667489536,Low-Mass*
LSPM J1030+1624,3889340384018914048,Low-Mass*
SDSS J112601.52+043814.5,3812856495469534464,Low-Mass*
2MASS J12342407+1711244,3947415140793609984,Low-Mass*
2MASS J11391129+3859480,766583977947508480,Low-Mass*
2MASS J03283038+0050442,3264524824017928704,Low-Mass*
2MASS J09061650+4009184,815522686448276480,Low-Mass*
2MASS J00215653-0104131,2542146754017592960,Low-Mass*
SDSS J213355.72-002211.4,2686932502451941504,Low-Mass*
2MASS J12121984-0057110,3697888540308341504,Low-Mass*
2MASS J22433038+0048007,2654467978531394560,Low-Mass*
2MASS J00401220+0013059,2543276807155644160,Low-Mass*
2MASS J10590644+3837057,775413262476454912,Low-Mass*
SDSS J215258.38-005309.3,2680049937618273920,Low-Mass*
2MASS J16204484+4308136,1382176001190523136,Low-Mass*
2MASS J08580000+0809081,585202694378604032,Low-Mass*
2MASS J02292100+0017185,2500462202327683712,Low-Mass*
2MASS J11195602+2023509,3978351790226779776,Low-Mass*
SDSS J094955.87-025542.5,3826457041988571648,Low-Mass*
2MASS J09001430+1759109,612059331039088384,Low-Mass*
2MASS J21320280+0008563,2687730679174081920,Low-Mass*
2MASS J00523160-0000281,2536877447619247360,Low-Mass*
SDSS J154138.69+224447.5,1217571242132272000,Low-Mass*
2MASS J20305985+7735494,2290738128927031040,Low-Mass*
2MASS J11365177+5134482,791902810158798848,Low-Mass*
SDSS J094729.65+230952.3,641373170028897664,Low-Mass*
2MASS J17193650+5412354,1419519955850786304,Low-Mass*
2MASS J04514864+2420375,3413717934751199616,Low-Mass*
2MASS J08365864+1849522,659719178670078464,Low-Mass*
2MASS J00472385+0002072,2537017287459116160,Low-Mass*
2MASS J08480805+1603374,610121338715228672,Low-Mass*
2MASS J00164815+0055443,2545651172452845056,Low-Mass*
2MASS J21094003+0006188,2689978806790373120,Low-Mass*
2MASS J00184356+0111046,2547151451772433536,Low-Mass*
2MASS J01505023-0029320,2506213747652055680,Low-Mass*
SDSS J203648.54+001027.4,4231149545180814848,Low-Mass*
2MASS J16263342+3501585,1329176246491825152,Low-Mass*
2MASS J02335498+0010280,2500324900813124480,Low-Mass*
2MASS J01511058+1332111,2575847781839783040,Low-Mass*
2MASS J16092938-2343121,6242148723175187968,Low-Mass*
2MASS J00512685+0108201,2537585911064575360,Low-Mass*
2MASS J10122509+2746051,739601859522245504,Low-Mass*
2MASS J14590890-0129306,6340633624647425152,Low-Mass*
2MASS J00214652+0035508,2546869873716863744,Low-Mass*
SDSS J234945.14-004654.9,2641823285574544000,Low-Mass*
2MASS J09352809+2659024,647697870149037184,Low-Mass*
SDSS J205202.86+002632.9,4227607678926175872,Low-Mass*
2MASS J15424195+3520034,1374315730002673920,Low-Mass*
2MASS J16184788+0553339,4437873467962574464,Low-Mass*
2MASS J09512620+2802496,647312014582250880,Low-Mass*
SDSS J025508.77+001341.5,2498240879601402496,Low-Mass*
2MASS J00362261-0037202,2542750935657195776,Low-Mass*
SDSS J120207.82+171025.0,3925855092163624448,Low-Mass*
2MASS J13421235+0902503,3724959062044321536,Low-Mass*
2MASS J14011765+5408076,1513191852547009792,Low-Mass*
2MASS J01314816+0100112,2558258104056415616,Low-Mass*
2MASS J01460246+1244122,2575442607509688448,Low-Mass*
2MASS J00522673-0044028,2536690801224863360,Low-Mass*
2MASS J02440244+0049514,2498909421326420480,Low-Mass*
2MASS J13365471+4848281,1552517633965195776,Low-Mass*
2MASS J01125263+0105222,2534961131995877504,Low-Mass*
2MASS J22042514+0048262,2682183024535193472,Low-Mass*
2MASS J14232409+4318224,1492715303906408576,Low-Mass*
2MASS J00500012+0024542,2537100781623371520,Low-Mass*
2MASS J10132098+4814160,822697274697585664,Low-Mass*
2MASS J20220027+7637022,2290215379867264384,Low-Mass*
2MASS J15495950+3030169,1321134968203474560,Low-Mass*
2MASS J07353748+4110459,924471442515086080,Low-Mass*
2MASS J07040594+3038421,888240090541738624,Low-Mass*
2MASS J02500871+0101000,2499148011054284416,Low-Mass*
2MASS J00504495-0024417,2536764816396935808,Low-Mass*
2MASS J00335437+0013280,2543978299871161216,Low-Mass*
2MASS J09044275+1255530,604595708670791424,Low-Mass*
2MASS J12214485+3614440,1531297166923475840,Low-Mass*
SDSS J152548.37+132010.1,1170574576108194816,Low-Mass*
2MASS J14380081+3953274,1487998776980191104,Low-Mass*
2MASS J08274506+2451264,678740347576454016,Low-Mass*
2MASS J12120802+2540165,4003258619109484032,Low-Mass*
2MASS J02203301+0113528,2513571851264227840,Low-Mass*
SDSS J141455.33+210435.0,1252443490357864192,Low-Mass*
2MASS J08320087+1719390,659100669019328896,Low-Mass*
2MASS J01474601+0056232,2509611655194410112,Low-Mass*
SDSS J112450.92+290756.2,4022209213114721280,Low-Mass*
SDSS J122346.37+054755.2,3900330376400897536,Low-Mass*
2MASS J16093023-2623416,6043426457612493312,Low-Mass*
2MASS J07552604+1806486,668395940321016064,Low-Mass*
2MASS J00183079-0042543,2545136115678015232,Low-Mass*
GES J07545954-6104227,5290713686436348800,Low-Mass*
2MASS J02041137+0029546,2507972519579961984,Low-Mass*
2MASS J10050530+2100141,628652404611154304,Low-Mass*
2MASS J15554419+3237285,1321803608710779776,Low-Mass*
2MASS J08285220+3505353,903820724359973376,Low-Mass*
2MASS J00540630-0019021,2536804158297341824,Low-Mass*
2MASS J14573223+5722593,1613611108504210048,Low-Mass*
2MASS J02214706-0831305,5176681995484674560,Low-Mass*
2MASS J02363432-0026105,2497205242727805056,Low-Mass*
2MASS J08104707+1802391,657316604027399040,Low-Mass*
2MASS J14084692+3529597,1482384979846390656,Low-Mass*
2MASS J00283340+0022596,2543846972654236288,Low-Mass*
2MASS J12333889+3923356,1533510582614040192,Low-Mass*
2MASS J23035836-0856353,2607080401763642240,Low-Mass*
2MASS J15163033+5405080,1599694276298898304,Low-Mass*
SDSS J092449.43+195307.2,634293861334304384,Low-Mass*
2MASS J15531217+0257012,4423566352083978880,Low-Mass*
2MASS J11585727+3632417,4033072525436839808,Low-Mass*
SDSS J104108.22+095042.4,3870289073030097152,Low-Mass*
SDSS J104726.31+012035.0,3808922344081605248,Low-Mass*
SDSS J024446.51+003653.2,2498844030448976256,Low-Mass*
2MASS J02345946+2631205,126521524563337728,Low-Mass*
[LES2004] ChaI 619,5201217631820162816,Low-Mass*
2MASS J11203575+1838528,3977832721954712320,Low-Mass*
2MASS J12531161+2728145,3961730541669597056,Low-Mass*
2MASS J11053606+3707312,763021732071500416,Low-Mass*
2MASS J07443997+3133027,880139958316272512,Low-Mass*
[BHR2005] 832-46,3266697909966090240,Low-Mass*
2MASS J09334386+5443174,1021598928163434240,Low-Mass*
2MASS J11583117+2714543,4007262314607951232,Low-Mass*
2MASS J10562667+0940305,3867810709396184064,Low-Mass*
2MASS J13542748+2044456,1249973952882047104,Low-Mass*
2MASS J03035254+0057103,153828548834688,Low-Mass*
2MASS J11333005+3758585,766799997621542784,Low-Mass*
2MASS J00203087-1101037,2424923352613052672,Low-Mass*
SDSS J085153.20+312950.6,706750754188166528,Low-Mass*
SDSS J112355.77+404711.6,770531770151572480,Low-Mass*
2MASS J10123741+3508136,753338294510838016,Low-Mass*
2MASS J09351408+4703432,824562424378335872,Low-Mass*
2MASS J01111471+0015530,2534799061405020544,Low-Mass*
SDSS J204401.22+001934.8,4228188972683556096,Low-Mass*
2MASS J04444186+2159477,3412938896399838592,Low-Mass*
SDSS J102338.44+382752.5,755610710167963904,Low-Mass*
2MASS J08000630+2044386,670839192594649600,Low-Mass*
2MASS J11515427+3430210,4030981155536631552,Low-Mass*
2MASS J10363384+3115181,736133823754050432,Low-Mass*
SDSS J113128.56+403047.0,770696799975940736,Low-Mass*
2MASS J11095269+5253352,842596618390307456,Low-Mass*
2MASS J10230457+3001072,741736526987649920,Low-Mass*
2MASS J11064605+1004451,3867320460354644864,Low-Mass*
SDSS J215434.93+011114.8,2681667903339661056,Low-Mass*
SDSS J081419.63+445018.8,928665387885033600,Low-Mass*
2MASS J03104853-0017554,3265658596599909888,Low-Mass*
2MASS J22390185+2240473,1875842398347190272,Low-Mass*
SDSS J093842.27+623218.3,1063304812953955712,Low-Mass*
2MASS J22045172+0053443,2682189759043935744,Low-Mass*
2MASS J16471661+2205217,4565759318953431296,Low-Mass*
SDSS J003228.75+001928.7,2543994410292094208,Low-Mass*
2MASS J03400514-0658497,3244149056783909888,Low-Mass*
SDSS J014920.86+004514.4,2511044318844803712,Low-Mass*
2MASS J13551320+6204251,1661648045672166656,Low-Mass*
LP  588-1,2485668896146252288,Low-Mass*
SDSS J080259.82+093634.1,3147081623368603136,Low-Mass*
SDSS J234441.61+144120.4,2771084380796829824,Low-Mass*
2MASS J08492109+2213375,689059886974583168,Low-Mass*
2MASS J09114931+3204507,700226939383662464,Low-Mass*
2MASS J16131565-2327441,6050018137200020224,Low-Mass*
2MASS J15432814+3318492,1370858487487780608,Low-Mass*
2MASS J09215340+1013473,592309254640846720,Low-Mass*
2MASS J02434223-0031533,2498432508158061056,Low-Mass*
2MASS J12535039-4211215,6139708182595292416,Low-Mass*
2MASS J14002519+5630128,1657604110629101568,Low-Mass*
SDSS J090003.20+480650.8,1011058017560436224,Low-Mass*
2MASS J23362980+1447474,2819276284680535808,Low-Mass*
2MASS J16050103+3722337,1378492435373948800,Low-Mass*
2MASS J04524881+2445441,153125067390245760,Low-Mass*
SDSS J012212.34+004920.9,2535114445148114304,Low-Mass*
2MASS J16063781+2734453,1316762485337738496,Low-Mass*
SDSS J150622.92+014301.7,1153538128767364480,Low-Mass*
2MASS J08494736+4135040,912898597300477440,Low-Mass*
2MASS J08200257+2854470,708209664382231296,Low-Mass*
2MASS J00431051+1422394,2779466370251797888,Low-Mass*
SDSS J143609.02+183953.1,1236169824913089152,Low-Mass*
SDSS J115933.69+270359.8,4006510695331492864,Low-Mass*
SDSS J142744.79+083755.0,1175685381032892160,Low-Mass*
SDSS J102911.49+573513.1,854904134938840704,Low-Mass*
2MASS J04331507+2912364,158841226480928640,Low-Mass*
LSPM J0835+1918,662762244601381376,Low-Mass*
2MASS J00384452-0059461,2542862772308718080,Low-Mass*
2MASS J02584818+0029455,77515569998080,Low-Mass*
2MASS J23552087-0103539,2449778255340170752,Low-Mass*
2MASS J23001087-0028422,2651546820949477760,Low-Mass*
2MASS J16422605+1305057,4461031764125832320,Low-Mass*
2MASS J13085029+5239162,1557856351329738752,Low-Mass*
2MASS J02351781+0036499,2501842746550007296,Low-Mass*
2MASS J11533855+3740012,4034125273460935168,Low-Mass*
2MASS J03400306-0024173,3263535538430756992,Low-Mass*
SDSS J134318.02+461115.8,1503935300376474496,Low-Mass*
2MASS J16594200+2406565,4572344495953363968,Low-Mass*
2MASS J14134752+1440373,1230255105191198976,Low-Mass*
2MASS J13552656+5718462,1658258564857244800,Low-Mass*
2MASS J12035512+1519459,3922036385200551168,Low-Mass*
2MASS J00184679+0002377,2545324342621445760,Low-Mass*
2MASS J10012313+5750188,1046232047369562880,Low-Mass*
2MASS J03115602+0038528,3266858369944271488,Low-Mass*
2MASS J17464746-0405522,4176621228806568064,Low-Mass*
SDSS J124315.91+272704.5,3962249378013539200,Low-Mass*
2MASS J15435061+3333568,1370868730984340736,Low-Mass*
2MASS J12003874+0529114,3897926809622441344,Low-Mass*
SDSS J104444.36+294850.3,734948726312891008,Low-Mass*
2MASS J14485700+3514055,1293068422075501056,Low-Mass*
2MASS J00252976+0023302,2543822302362757760,Low-Mass*
2MASS J03451550-0106488,3251458983747452032,Low-Mass*
2MASS J02173876+0003358,2501011923781753856,Low-Mass*
2MASS J08082986+3849217,908934892241426304,Low-Mass*
SDSS J145714.71+010409.9,1153235999293205888,Low-Mass*
2MASS J23262661+1345520,2812953753518597632,Low-Mass*
2MASS J16092569+2110357,1204984999386689536,Low-Mass*
2MASS J08041633+4329295,922902160247918464,Low-Mass*
2MASS J09563988+4814142,823376635444527104,Low-Mass*
2MASS J15545911+2422376,1219526379964923136,Low-Mass*
2MASS J11284791+4056182,770396293997795456,Low-Mass*
SDSS J080054.31+490403.9,933337693828700672,Low-Mass*
2MASS J00493435+0039584,2537160430129271040,Low-Mass*
SDSS J160413.09+190746.6,1203185713032034944,Low-Mass*
2MASS J00241777-0042597,2542180490983625856,Low-Mass*
Cl* Melotte   22   PLIZ       5,67379038918019840,Low-Mass*
2MASS J08104892+1049592,648896612701508736,Low-Mass*
SDSS J085859.70+002734.8,576535007993704576,Low-Mass*
2MASS J16013762+0450432,4425773170699566976,Low-Mass*
2MASS J08191100+4749380,931276487482066560,Low-Mass*
SDSS J015036.99+143339.2,2588081807203881216,Low-Mass*
2MASS J14010744+5237583,1512966929403469824,Low-Mass*
LP  439-77,1243151551950879104,Low-Mass*
[BHR2005] 513-54,1268182350769919360,Low-Mass*
2MASS J09291490+1601142,631078786255312896,Low-Mass*
2MASS J01581528-0106237,2507380123331105664,Low-Mass*
2MASS J08010922+1418020,654318308833357824,Low-Mass*
2MASS J10502404+0140197,3808303761416572032,Low-Mass*
2MASS J15215160+4246246,1393963453035033088,Low-Mass*
2MASS J11510657-0055578,3794549115767477504,Low-Mass*
2MASS J00215049-0048544,2542166339068124288,Low-Mass*
2MASS J00512836+0041236,2537135107001759616,Low-Mass*
2MASS J00501762+0028385,2537107241254202880,Low-Mass*
2MASS J07594433+3351387,905528300276753152,Low-Mass*
2MASS J14464462+5325242,1605996814388324224,Low-Mass*
SDSS J082309.73+214612.9,676271394217681920,Low-Mass*
2MASS J13533405+6228189,1664660368230509824,Low-Mass*
2MASS J23295071-0032054,2644271318148593152,Low-Mass*
2MASS J12442011+3525217,1515451933056991872,Low-Mass*
SDSS J074740.34+504141.8,982494320379480960,Low-Mass*
2MASS J20460702-0100319,4227019092312891392,Low-Mass*
SDSS J004805.36-011444.3,2530658227600118784,Low-Mass*
SDSS J020354.14-003338.3,2506781130012326016,Low-Mass*
2MASS J10381030+1500271,3885761228857224064,Low-Mass*
2MASS J01415271-0936073,2464406467273802880,Low-Mass*
2MASS J16031603+0852150,4454664865944267904,Low-Mass*
2MASS J12105534+0101597,3699281003065393024,Low-Mass*
2MASS J08381720+4655474,918431958286598784,Low-Mass*
2MASS J00554105-0022589,2536072600812603904,Low-Mass*
2MASS J11263035-0018327,3797076682545564288,Low-Mass*
SDSS J012440.05-002508.5,2533947420930026880,Low-Mass*
2MASS J11022520+2349451,3995192086411863936,Low-Mass*
LP  323-115,1462178636186664320,Low-Mass*
2MASS J11493161+1516001,3924438508869275520,Low-Mass*
2MASS J10210536+2051001,625688361780306432,Low-Mass*
2MASS J13404259+2350014,1443858298565683712,Low-Mass*
Cl* NGC 2099    HGH  240187,3451179640232557696,Low-Mass*
2MASS J21531489+0024447,2681044926922095744,Low-Mass*
2MASS J09241610+4720487,819598610412746496,Low-Mass*
2MASS J10032793+1936022,626804091204740096,Low-Mass*
SDSS J011202.60+003907.4,2534908600250923264,Low-Mass*
2MASS J09032933+2741460,692269189617159424,Low-Mass*
SDSS J204346.73-052647.9,6914205375789476096,Low-Mass*
2MASS J02514828+0039180,2499076169136792064,Low-Mass*
LP  585-37,2543865904870069760,Low-Mass*
2MASS J08574178+1320246,605513633375999744,Low-Mass*
2MASS J00150916-0000408,2545433636652709760,Low-Mass*
SDSS J161848.93+070010.7,4438290526466529920,Low-Mass*
SDSS J041506.18+163307.0,45758409773445888,Low-Mass*
SDSS J090044.26+452601.0,1010510873088596608,Low-Mass*
G 134-63,143558461530827264,Low-Mass*
2MASS J22152086-0019180,2678677579602824832,Low-Mass*
SDSS J211442.97+005810.1,2690495229363988352,Low-Mass*
DENIS J161007.5-181056,6248967653775484672,Low-Mass*
SIPS J2143-0040,2675075231617478400,Low-Mass*
2MASS J22380676+0039338,2654216641340422912,Low-Mass*
2MASS J10103266+0351551,3836764551182266880,Low-Mass*
2MASS J01354122-0102237,2509634534484978816,Low-Mass*
2MASS J11170192+2843286,3998861358576988928,Low-Mass*
2MASS J01394996+0103510,2510517167443958272,Low-Mass*
2MASS J12471254+5433107,1570460426780007680,Low-Mass*
2MASS J00561735-0029141,2536056215512604416,Low-Mass*
SDSS J025827.24+005350.8,293226007642880,Low-Mass*
2MASS J00470568-0032067,2530933346025055488,Low-Mass*
2MASS J09342681+2408428,644551308388756864,Low-Mass*
SDSS J011028.51+002655.2,2534817718742926592,Low-Mass*
2MASS J08150332+0351426,3091589099715380352,Low-Mass*
2MASS J16283839+2826083,1305799697277234944,Low-Mass*
2MASS J00505104+0104011,2537210393484044800,Low-Mass*
2MASS J01054277+0054518,2538072582399000576,Low-Mass*
2MASS J08354871+1133438,601754746718562048,Low-Mass*
SDSS J235134.37+351005.4,2878651291264128256,Low-Mass*
2MASS J09261198+5149306,1019577819631697920,Low-Mass*
2MASS J08052348+3020478,876923401472969088,Low-Mass*
2MASS J00252241-0052166,2541991757237231360,Low-Mass*
2MASS J00255021+0101003,2546955468121206656,Low-Mass*
2MASS J02292551-0047480,2499772774177018496,Low-Mass*
SDSS J090407.83+111129.4,604117008795116544,Low-Mass*
2MASS J09041798+2105242,685180599497335424,Low-Mass*
2MASS J12461286+5541476,1571373124510441728,Low-Mass*
2MASS J10020854+2852061,743664172734142208,Low-Mass*
2MASS J09144058+5604033,1024351933479340800,Low-Mass*
2MASS J13113005+6254208,1676013680485524736,Low-Mass*
2MASS J15283446+1707452,1207952989290180864,Low-Mass*
2MASS J15572764+4358557,1384789918286609536,Low-Mass*
SDSS J001921.41+002226.3,2545370861411118208,Low-Mass*
2MASS J07581614+4357315,923090417255615104,Low-Mass*
2MASS J02431226-0030439,2498478374113658240,Low-Mass*
2MASS J00345056-0101121,2542525565835968256,Low-Mass*
2MASS J01102911+0020586,2534814656431072128,Low-Mass*
2MASS J00211320+0109196,2547110666762975104,Low-Mass*
SDSS J013955.31-001934.4,2509032448789093248,Low-Mass*
2MASS J15340223+0107268,4417607613238164992,Low-Mass*
2MASS J08571446+3232173,712862660152245888,Low-Mass*
2MASS J16402503+3710532,1328329583884752896,Low-Mass*
2MASS J00480608-0015332,2536949117737866368,Low-Mass*
2MASS J11273294+2924214,4022199592388072704,Low-Mass*
SDSS J205138.58-003432.1,4227472816952495616,Low-Mass*
2MASS J09175944+2109374,638424863958832768,Low-Mass*
2MASS J08225152+2424342,679084361572389760,Low-Mass*
2MASS J11264550+3125012,4023637478719535488,Low-Mass*
2MASS J00585575-0009291,2536402557379672448,Low-Mass*
2MASS J23433828-0043081,2642516733814226304,Low-Mass*
2MASS J14231845+2340083,1254660311957683840,Low-Mass*
2MASS J14114645+2009032,1246278670395480192,Low-Mass*
2MASS J16072395+0731514,4451272052233659520,Low-Mass*
SDSS J112221.75+393107.9,764395808075260160,Low-Mass*
2MASS J23211881+5253081,1992622112453474176,Low-Mass*
2MASS J09231102-0001524,3840816084027078912,Low-Mass*
SDSS J020154.24+010120.4,2508263477844725632,Low-Mass*
2MASS J16063615+3844227,1379419800417406848,Low-Mass*
SDSS J054031.18+004242.5,3222468813492792320,Low-Mass*
SDSS J232927.35+483947.8,1942064605002465408,Low-Mass*
2MASS J02260140-0052546,2499940827657644672,Low-Mass*
2MASS J00163540-0020275,2545222225478225920,Low-Mass*
2MASS J15581878-2054187,6246706714275425280,Low-Mass*
2MASS J00084822+0105418,2546534763188474752,Low-Mass*
2MASS J00232366+0042507,2546852659487557120,Low-Mass*
2MASS J14153884+6009154,1660272217323971200,Low-Mass*
2MASS J02273908+0033470,2501230486077219200,Low-Mass*
2MASS J15250117+3926044,1388844165551371264,Low-Mass*
2MASS J20194542+7716171,2290529737114136576,Low-Mass*
2MASS J13434822+1439567,3741195657626380160,Low-Mass*
2MASS J00315751-0014028,2543561786825750272,Low-Mass*
2MASS J07391814+2135443,865404161746282752,Low-Mass*
SDSS J211357.79+010140.3,2690509935330642432,Low-Mass*
2MASS J11092156+2758013,3998598334779616000,Low-Mass*
SDSS J024843.68-010055.3,2497674910286582272,Low-Mass*
2MASS J08270658+0759421,599093756780829952,Low-Mass*
2MASS J13545220+6223511,1664679433589621888,Low-Mass*
2MASS J09375132+1854555,633416760293045632,Low-Mass*
SDSS J224534.22+003823.0,2653702340481609344,Low-Mass*
2MASS J15270536+5004490,1594710877285074432,Low-Mass*
2MASS J23461310+4317475,1925471329571552768,Low-Mass*
2MASS J01490438-0043432,2506109534565672192,Low-Mass*
2MASS J12040942+0027278,3699078967804079232,Low-Mass*
2MASS J17171168+6401381,1631144436317847040,Low-Mass*
2MASS J13154277+0045418,3688172048678404352,Low-Mass*
SDSS J030051.82+005654.0,121564754915456,Low-Mass*
SDSS J103858.39+084509.5,3868995703758562816,Low-Mass*
2MASS J09322162+2128210,634965216261935616,Low-Mass*
2MASS J21554685-0041339,2680143743999132416,Low-Mass*
2MASS J00341909+0046290,2544085532317801344,Low-Mass*
2MASS J14192583+4617224,1506760534158765824,Low-Mass*
SDSS J113936.96+041622.8,3800949574815288960,Low-Mass*
SDSS J155305.07+445802.0,1397009272042429056,Low-Mass*
2MASS J14515247+4051471,1488716517553616512,Low-Mass*
2MASS J00132414-0042001,2545000188553038976,Low-Mass*
UCAC4 311-009629,2909948099477583488,Low-Mass*
2MASS J00295867+0010142,2543649369799769984,Low-Mass*
2MASS J00480623+0011219,2537043675738304896,Low-Mass*
2MASS J16360905+2758029,1304835395516396800,Low-Mass*
2MASS J09453325+3649006,799508677547204480,Low-Mass*
2MASS J00233496-0012220,2543764165684728704,Low-Mass*
2MASS J00301429+0105453,2544331895938811904,Low-Mass*
2MASS J00154731-0044100,2545170960748538624,Low-Mass*
2MASS J09302830+0635021,586078386670563200,Low-Mass*
2MASS J00484624-0051481,2530719254790832000,Low-Mass*
2MASS J08385493+1814345,659451993047528192,Low-Mass*
2MASS J10040881+3052257,745633127476879616,Low-Mass*
2MASS J13131363+0240218,3691699629873521280,Low-Mass*
2MASS J05264145+0040442,3221823434528120704,Low-Mass*
Mayrit 89175,3216486134504605440,Low-Mass*
2MASS J07444392+1901462,671889874741729024,Low-Mass*
2MASS J07532401+1425596,654518346934706560,Low-Mass*
2MASS J08034004+1806446,668923564168057472,Low-Mass*
2MASS J09200200+1444228,606556687658205952,Low-Mass*
SDSS J152906.71+081049.8,1164536814162636800,Low-Mass*
2MASS J02002542+0008511,2507631086860286592,Low-Mass*
2MASS J00485775+0056309,2549191011482276096,Low-Mass*
SDSS J213936.06+005231.3,2687502221273172224,Low-Mass*
2MASS J08522707+3924058,719962760783770496,Low-Mass*
2MASS J15544752+2646255,1220436642450608896,Low-Mass*
SDSS J003547.48-004522.3,2542742272705908352,Low-Mass*
LSPM J0838+1628,658014970006289280,Low-Mass*
SDSS J132415.97+060849.8,3718852786781839488,Low-Mass*
2MASS J13021564+1812035,3938209273532267392,Low-Mass*
2MASS J00512144-0045057,2536693519939832576,Low-Mass*
2MASS J00370811+0101031,2544140748417521152,Low-Mass*
2MASS J00491704+0055144,2549213448391422720,Low-Mass*
2MASS J12463204+6213454,1580630050345087360,Low-Mass*
SDSS J025625.79-002520.5,2497967341724468992,Low-Mass*
2MASS J08063056+0637503,3097632599737122304,Low-Mass*
SDSS J234425.84+433822.6,1925532485607021056,Low-Mass*
2MASS J16091184+3048111,1321870335323988864,Low-Mass*
2MASS J14250083+3201492,1285714991388147584,Low-Mass*
SDSS J113558.93+373556.8,766104895819381504,Low-Mass*
2MASS J13042650+2546267,1459479365205620736,Low-Mass*
2MASS J10522381+3550445,774624118069797248,Low-Mass*
2MASS J00131294-0059398,2544798806126792704,Low-Mass*
SDSS J113125.69+315918.0,4025172018994486528,Low-Mass*
2MASS J03245023+0030190,3267406098533706240,Low-Mass*
SDSS J082452.31+134600.4,651269775405964416,Low-Mass*
2MASS J12112853+0513201,3895080620696290304,Low-Mass*
2MASS J12271483+5501092,1574041952764440832,Low-Mass*
2MASS J02314004+0022348,2500510752638586112,Low-Mass*
2MASS J02101775+0006358,2507058378741164928,Low-Mass*
2MASS J10182628+1612165,3888750010700234624,Low-Mass*
SDSS J145112.82+621533.4,1620183301821357696,Low-Mass*
2MASS J12252947+2403513,3960072409414998784,Low-Mass*
2MASS J13353390+1807452,3745868066648322176,Low-Mass*
2MASS J09311331+0622100,3852682219672442112,Low-Mass*
2MASS J14145211+3428308,1479299475339080064,Low-Mass*
2MASS J00215812-0018526,2542267803375552000,Low-Mass*
2MASS J00345767+0022473,2544007540008552448,Low-Mass*
SDSS J034037.89-004553.0,3263461046521523072,Low-Mass*
LSPM J1204+2726,4006860580547491200,Low-Mass*
2MASS J00310074-0045302,2542698979435933696,Low-Mass*
2MASS J23485908+4040392,1921222679199292160,Low-Mass*
SDSS J082501.12+282805.3,707385515993423744,Low-Mass*
2MASS J12275285-0003565,3696469410098819840,Low-Mass*
2MASS J00483187+0057356,2549194035139260160,Low-Mass*
SDSS J164308.67+231426.9,1299509803571336192,Low-Mass*
2MASS J17085515+2341197,4571738390169914112,Low-Mass*
2MASS J01121022-0045359,2534474082704328448,Low-Mass*
2MASS J10394757+2805089,734185454789871872,Low-Mass*
2MASS J11161974-0056188,3791713952019705472,Low-Mass*
2MASS J00253090-0047222,2541992783733390976,Low-Mass*
2MASS J14122012+2021564,1252289803543543424,Low-Mass*
2MASS J00205256+0039458,2546883759347026560,Low-Mass*
2MASS J13514043+4039227,1497330602746773376,Low-Mass*
2MASS J22145330-0100516,2677772161842506368,Low-Mass*
2MASS J01125663+0007393,2534827854865190528,Low-Mass*
2MASS J09064191+2825318,698414596327083648,Low-Mass*
2MASS J00190223-0031536,2545148145882359296,Low-Mass*
2MASS J12155217+0019567,3698464302148496000,Low-Mass*
SDSS J093450.19+621457.4,1063247024167645312,Low-Mass*
2MASS J23154711+0054266,2657241805851928448,Low-Mass*
SDSS J083527.48+483412.9,1026832775308784256,Low-Mass*
2MASS J12390820+4007426,1521652933824231296,Low-Mass*
SDSS J133125.21+515956.5,1559840175248347264,Low-Mass*
2MASS J01414049+1343532,2587770572398263680,Low-Mass*
2MASS J00492848-0055427,2536674858310052992,Low-Mass*
2MASS J00325343-0008530,2543586766355589376,Low-Mass*
SDSS J090143.34+454331.7,1010538012985657856,Low-Mass*
2MASS J14232951+2402587,1255520026971439232,Low-Mass*
2MASS J09161504+2139512,638510247908168576,Low-Mass*
2MASS J11105117+6419220,1054923029656094464,Low-Mass*
2MASS J03094364+0016518,3266493499587512448,Low-Mass*
2MASS J08203405+1646375,655970767435946880,Low-Mass*
2MASS J09281262+3257463,701298477887886976,Low-Mass*
2MASS J00181954-0007454,2545314477079960960,Low-Mass*
SDSS J065119.75+280452.4,3385501717602240640,Low-Mass*
SDSS J141421.03+202645.9,1252130477437479424,Low-Mass*
SDSS J005233.23-002638.3,2536717228159359104,Low-Mass*
2MASS J03404992-0035513,3263470701604407424,Low-Mass*
2MASS J09051526+1916025,636269894182919808,Low-Mass*
2MASS J09152481+2210499,638733418704405376,Low-Mass*
2MASS J23440194-0017008,2642605175780992384,Low-Mass*
SDSS J162711.49+301358.6,1318119140951227136,Low-Mass*
SDSS J142232.69+501956.2,1508421827508854016,Low-Mass*
SDSS J090509.40+065143.8,583905584189868800,Low-Mass*
2MASS J11294559+2840454,4021914994969988096,Low-Mass*
2MASS J00230568+0106393,2547015528943789696,Low-Mass*
2MASS J08384246+2723151,703504308668793984,Low-Mass*
2MASS J00214874-0032085,2542227533762502400,Low-Mass*
2MASS J00344934-0102474,2542524775561982336,Low-Mass*
2MASS J23252107+4912175,1942850210360713088,Low-Mass*
2MASS J13314232+4613256,1551784534587009280,Low-Mass*
SDSS J030040.79-010056.3,5188014932415071744,Low-Mass*
SDSS J133701.95+183032.7,1247884090515463552,Low-Mass*
SDSS J124234.62+143306.2,3932406978873633152,Low-Mass*
2MASS J00173445-0019289,2545213154507569408,Low-Mass*
2MASS J00482299-0055448,2530717120191847936,Low-Mass*
HD 142250B,6233740654680537472,Low-Mass*
2MASS J00383199-0114018,2542468704765899648,Low-Mass*
2MASS J15460765+3347265,1370852788066913664,Low-Mass*
2MASS J03154113-0106378,3265312795897554432,Low-Mass*
2MASS J12570056+3210294,1465841212497892736,Low-Mass*
2MASS J11544954+6225143,860063043495684736,Low-Mass*
2MASS J05282085+0114538,3221989563862902528,Low-Mass*
2MASS J01092399-0028082,2533198447353054720,Low-Mass*
2MASS J00474015-0023150,2536941696034322432,Low-Mass*
2MASS J23345408+0112294,2646204976850594944,Low-Mass*
2MASS J00373847+0053150,2544123087511941632,Low-Mass*
2MASS J21365780+0034583,2687475145798678016,Low-Mass*
2MASS J08023091-6048443,5290756292513049984,Low-Mass*
SDSS J082703.18+563312.4,1034079145346674944,Low-Mass*
2MASS J08152255+3918536,909194827958459648,Low-Mass*
2MASS J13240696+0147517,3712174288729288832,Low-Mass*
2MASS J12061912+0422361,3894602539295463424,Low-Mass*
SDSS J091551.11+121035.7,593695390914997376,Low-Mass*
2MASS J01093725+0041371,2537830719904973184,Low-Mass*
2MASS J14590710+5909293,1614417492908775296,Low-Mass*
2MASS J00313305+0024542,2543671604846275456,Low-Mass*
2MASS J14192388+3245373,1478074580731419392,Low-Mass*
2MASS J00185003+0030231,2545564070516126976,Low-Mass*
SDSS J011524.10+003918.0,2534874133137895040,Low-Mass*
2MASS J00401120+0054180,2543385177770696960,Low-Mass*
2MASS J09153561+0539086,579802962709879808,Low-Mass*
2MASS J05391237+0059343,3222538911654881536,Low-Mass*
2MASS J01144232+0035202,2534872483870433536,Low-Mass*
SDSS J081342.32+092245.8,3146504139245603712,Low-Mass*
2MASS J16155511-0114390,4407088448055437056,Low-Mass*
2MASS J00262999-0113270,2541914928862266240,Low-Mass*
SDSS J215228.75+005835.3,2681637774142675456,Low-Mass*
SDSS J145914.35+453122.3,1586981860298030976,Low-Mass*
2MASS J16044737+2429336,1218960513730486016,Low-Mass*
2MASS J00372227+0050271,2544121408180586240,Low-Mass*
SDSS J025855.90-010515.2,5187929170508056448,Low-Mass*
2MASS J00500285+0115021,2549229322590759552,Low-Mass*
2MASS J08200647-0023309,3077208174820259584,Low-Mass*
SDSS J081726.83+010955.9,3089691862337276288,Low-Mass*
2MASS J11523552+3633368,4031808293223414528,Low-Mass*
2MASS J09175834+2148463,638600785818823424,Low-Mass*
2MASS J11380493+4357142,773524331564661376,Low-Mass*
2MASS J11073840+3042342,732911949742195840,Low-Mass*
SDSS J003916.32-005915.4,2542852670546027520,Low-Mass*
2MASS J09411150+3940530,801002608907378944,Low-Mass*
2MASS J00332654+0107272,2544110821085892480,Low-Mass*
2MASS J10122667+1904579,624999247162783744,Low-Mass*
2MASS J18544627+1937153,4518443725854572416,Low-Mass*
2MASS J07512716+3002520,878956054878092288,Low-Mass*
SDSS J090854.54+453802.3,1009648164481124224,Low-Mass*
2MASS J09150567+4958016,1012991474400058624,Low-Mass*
2MASS J13013895+3339089,1467579918339142528,Low-Mass*
SDSS J015352.20+011143.6,2510988411255474688,Low-Mass*
2MASS J12223760+1459188,3945186499443960320,Low-Mass*
2MASS J12475300+4836139,1543308090211737728,Low-Mass*
SDSS J220312.08-003843.3,2680248438121922432,Low-Mass*
SDSS J163012.13+001402.4,4431549592477840000,Low-Mass*
SDSS J032955.77+001940.0,3264253966200450944,Low-Mass*
2MASS J21192823+0958374,1743730097675034112,Low-Mass*
SDSS J084916.06+632842.3,1044038586095148160,Low-Mass*
2MASS J15530491+0239031,4423364278162606720,Low-Mass*
2MASS J00390797+0035191,2543349340563836672,Low-Mass*
2MASS J16043592+2341079,1206815544512044160,Low-Mass*
2MASS J14405060+0051523,3654825578996747392,Low-Mass*
2MASS J09130426+4027139,815392909717073024,Low-Mass*
2MASS J09410241+4516231,821131363981299840,Low-Mass*
2MASS J10293774+1900193,3891080940990259328,Low-Mass*
2MASS J23591350+0039293,2738275576595174272,Low-Mass*
2MASS J00383417-0002276,2543172319191498112,Low-Mass*
2MASS J08221738+1552478,652840771363704960,Low-Mass*
2MASS J11031275+3637009,762908649877301504,Low-Mass*
SDSS J191717.00+372257.3,2051176393734577792,Low-Mass*
2MASS J15271935+1422478,1194906394769602304,Low-Mass*
2MASS J00345382-0053518,2542716026162973440,Low-Mass*
SIPS J0033-0014,2542834769122580992,Low-Mass*
SDSS J044021.98+113803.0,3294366742122911488,Low-Mass*
2MASS J00595671+1503498,2777545592159090944,Low-Mass*
2MASS J01045316+0002061,2536289445121245440,Low-Mass*
2MASS J14221856+3332230,1478216142854089472,Low-Mass*
2MASS J13554414+5816188,1659065640751574144,Low-Mass*
SDSS J094800.82+370428.4,799563416906979712,Low-Mass*
2MASS J00373697+0027461,2543343572423005312,Low-Mass*
2MASS J11483474+1528121,3924457269287833088,Low-Mass*
2MASS J02291262-0909034,5175615739788867584,Low-Mass*
2MASS J21362398-0111426,2686620034990310784,Low-Mass*
2MASS J00225765+0005526,2546787930036759936,Low-Mass*
SDSS J233336.97+471010.6,1938515106590592384,Low-Mass*
2MASS J16284246+3235377,1325363483764301696,Low-Mass*
2MASS J15470271+0728109,4430262893289840896,Low-Mass*
2MASS J05321480+0021431,3221074254792668160,Low-Mass*
SDSS J151701.41+325834.3,1278322214506004480,Low-Mass*
2MASS J00182120-0050197,2545132374762426496,Low-Mass*
2MASS J10310135+3214019,748086137918399232,Low-Mass*
SDSS J221235.81+114501.6,2727619487854638336,Low-Mass*
2MASS J12062536+5044367,1548403020936224000,Low-Mass*
SDSS J133146.61+291653.2,1450067133354177408,Low-Mass*
2MASS J01094012-0022436,2534700650818888064,Low-Mass*
LSPM J1256+1854,3941178268460629760,Low-Mass*
2MASS J09100819+1106300,592105875054240512,Low-Mass*
Cl* NGC 2099    HGH V480,3451181663162210048,Low-Mass*
2MASS J21304185+1053206,1742718615697193472,Low-Mass*
SDSS J234113.29+002351.3,2642890499048371456,Low-Mass*
2MASS J23282182-0020525,2644476755024940672,Low-Mass*
2MASS J16385627+3115494,1312548224770703872,Low-Mass*
2MASS J12051812-0019508,3698706744462690304,Low-Mass*
2MASS J02443526+0027582,2498835921550676096,Low-Mass*
2MASS J23434577+0055043,2643030308823798016,Low-Mass*
2MASS J00260689-0009356,2543730321342463616,Low-Mass*
LAMOST J012325.45+351939.7,320446994559357312,Low-Mass*
2MASS J08082430+3123555,877829025392316800,Low-Mass*
2MASS J15374781+4501460,1397608746398001408,Low-Mass*
2MASS J11194816+3810494,764047370261840128,Low-Mass*
SDSS J212404.88-000103.6,2687889318085223040,Low-Mass*
2MASS J05274029+0104294,3221980394107112320,Low-Mass*
2MASS J16065603+1051438,4456644502271052288,Low-Mass*
2MASS J07481086+1613408,667700804158046720,Low-Mass*
2MASS J12071878+2745354,4006974895397259008,Low-Mass*
2MASS J22051600+0003507,2680406076306358912,Low-Mass*
2MASS J12202325+3936365,1533009347046415360,Low-Mass*
SDSS J081304.60+503925.0,935121410924353664,Low-Mass*
2MASS J12532238+3247298,1513995247653587584,Low-Mass*
SDSS J031006.12-003113.3,3265629489606096640,Low-Mass*
2MASS J09345338+1754552,632873983800663040,Low-Mass*
SDSS J010352.02-005423.0,2533121545963552512,Low-Mass*
2MASS J23384837+4939377,1943633646755224320,Low-Mass*
SDSS J031442.23+001030.3,3266068783156631040,Low-Mass*
2MASS J09021875+2832315,693212055196659200,Low-Mass*
UCAC4 076-005204,4648736987606952064,Low-Mass*
2MASS J03382862+0001296,3263751798624241536,Low-Mass*
2MASS J01522096-0104586,2506114448008654592,Low-Mass*
2MASS J10262175+6407248,1053324137885385344,Low-Mass*
ULAS J132823.25+302144.8,1462239349843657600,Low-Mass*
2MASS J09351359+5707174,1025439041241422848,Low-Mass*
2MASS J00193509-0018468,2545257959606936960,Low-Mass*
CD-26  1122,5073000900844651776,Low-Mass*
2MASS J09203252+2404212,639466002685886080,Low-Mass*
2MASS J15181356+5707285,1602509060425495808,Low-Mass*
SDSS J160958.74+370058.6,1378274762140709376,Low-Mass*
2MASS J07485828+3258228,881820042147975168,Low-Mass*
SDSS J001933.52-004823.8,2542134002257898880,Low-Mass*
2MASS J03391217-0711215,3244045938913757184,Low-Mass*
SDSS J081133.72+341307.1,902772988562534656,Low-Mass*
PSO J063.0534+32.7055,169774800171537536,Low-Mass*
SDSS J103037.29+172242.0,3890564445405112320,Low-Mass*
2MASS J03193919-0101183,3262688673959307648,Low-Mass*
2MASS J01174271+0030250,2535038303968030336,Low-Mass*
2MASS J00040373-0017226,2545953121536912000,Low-Mass*
2MASS J12455255+2246443,3955909761471742464,Low-Mass*
SDSS J084504.02+143216.5,609339551589433088,Low-Mass*
2MASS J00500232+0055596,2537204621047957632,Low-Mass*
2MASS J09152779+0311590,3845474268116725248,Low-Mass*
2MASS J01123289+1522520,2591244414962184448,Low-Mass*
2MASS J10550064+2711203,730461993022166656,Low-Mass*
2MASS J20464568-0640483,6913114007419686784,Low-Mass*
2MASS J08395603+2114192,664559739954992000,Low-Mass*
SDSS J061030.50+224307.4,3425073587764583552,Low-Mass*
2MASS J03002102+0045178,109401407288192,Low-Mass*
SDSS J005226.22+004738.3,2537140368337289984,Low-Mass*
2MASS J05401117+0106117,3222500390092819072,Low-Mass*
SDSS J111741.17+450947.0,785086417884831616,Low-Mass*
SDSS J213827.90+001435.4,2687401512879199232,Low-Mass*
2MASS J03533632-0051140,3256516496716918016,Low-Mass*
2MASS J00252870+0004405,2543795879723778048,Low-Mass*
SDSS J090722.67+084031.8,590381084907724160,Low-Mass*
[BHR2005] 889-102,2683658264197420800,Low-Mass*
2MASS J00420176+0009336,2543096590328465920,Low-Mass*
2MASS J00221079+0009195,2546790880678264320,Low-Mass*
2MASS J10520839+0042414,3807903848421520256,Low-Mass*
2MASS J15161347+0458562,1156176505703199232,Low-Mass*
Cl* NGC 2099    HGH V1018,3451204379247699584,Low-Mass*
SDSS J135648.89+551855.2,1657424958949010304,Low-Mass*
LSPM J0903+3641,718474881034483328,Low-Mass*
2MASS J02432532-0033175,2498431030688554624,Low-Mass*
2MASS J01572625-0104097,2505883619286451328,Low-Mass*
SDSS J234459.80+002749.9,2642947712307965824,Low-Mass*
2MASS J14241192+1511141,1229015989946533504,Low-Mass*
2MASS J00524244+0053470,2537519626833658368,Low-Mass*
[SE2005]  33,3217667143136919808,Low-Mass*
2MASS J10521025+2001062,3987970421026219520,Low-Mass*
2MASS J15454009+3448216,1371258228683403008,Low-Mass*
SDSS J074137.18+443600.7,926744094394419968,Low-Mass*
2MASS J08553776+1154053,604824823701042176,Low-Mass*
2MASS J12101089+0057177,3699273856239780864,Low-Mass*
2MASS J02135355+0024153,2513081469078272384,Low-Mass*
2MASS J08543416+0331317,578148399577319552,Low-Mass*
2MASS J00340661-0106120,2542706401138978944,Low-Mass*
2MASS J13455780+2637247,1451369577891914240,Low-Mass*
SDSS J052857.66+004454.7,3221908474880717952,Low-Mass*
2MASS J16360677+0025318,4383579759878774272,Low-Mass*
2MASS J02584832+0045595,100502235056000,Low-Mass*
2MASS J16115358+3936230,1379186703952302592,Low-Mass*
2MASS J22215313+1158222,2730645996689892736,Low-Mass*
2MASS J14282995+4946131,1603660249099855488,Low-Mass*
2MASS J12381915+5353051,1570755198975605120,Low-Mass*
2MASS J02271407+0100493,2501402525287327616,Low-Mass*
2MASS J14203268+5117191,1604774127395060992,Low-Mass*
2MASS J16312969+1331077,4460498466622076800,Low-Mass*
2MASS J15121728+4314413,1393529940511646720,Low-Mass*
2MASS J00222663+0000230,2545284382244546176,Low-Mass*
2MASS J16411974+2258424,1299408618439087360,Low-Mass*
2MASS J14264785+3725370,1481553474177257088,Low-Mass*
SDSS J205319.27-005951.6,4226834821042006144,Low-Mass*
2MASS J09195936+5755154,1026107097635238656,Low-Mass*
2MASS J09011688+2210477,685493483570757248,Low-Mass*
2MASS J16492290+3153199,1313217556770630272,Low-Mass*
SDSS J211433.38-003526.4,2689305149759291392,Low-Mass*
2MASS J14442427+5815580,1616852567567537920,Low-Mass*
2MASS J02282840+0101021,2501353463876288512,Low-Mass*
2MASS J08594121+3610092,718354961251661568,Low-Mass*
2MASS J00311020-0040586,2542702694583665664,Low-Mass*
2MASS J08521095+3814310,719742235687651456,Low-Mass*
2MASS J00170065-0102111,2545100351486229888,Low-Mass*
SDSS J155938.51+065831.1,4450980746077004160,Low-Mass*
2MASS J23354580+0936304,2761466883868865024,Low-Mass*
2MASS J08430914+1840078,660931802555888512,Low-Mass*
2MASS J23465869-0100134,2641710693007198976,Low-Mass*
2MASS J07393261+6520103,1089569122083830912,Low-Mass*
2MASS J00171931-0050305,2545111827638839552,Low-Mass*
SDSS J014625.59-001827.8,2509194527969968000,Low-Mass*
2MASS J10223318+4511548,809166718965562624,Low-Mass*
SDSS J012125.69+010237.0,2535135919984650624,Low-Mass*
SDSS J030140.42+011014.9,224678329532160,Low-Mass*
2MASS J07152157+2947489,886250043215067008,Low-Mass*
2MASS J01301892+0056348,2558165397187107200,Low-Mass*
LP  614-53,3698374417072703360,Low-Mass*
2MASS J10155219+2115005,625857686571127168,Low-Mass*
2MASS J15053669+0341060,1156300956675127424,Low-Mass*
2MASS J16535234+2405363,4566572815825211776,Low-Mass*
2MASS J00304252+0024121,2543685142583151744,Low-Mass*
SDSS J145318.67+412323.9,1489130685544989568,Low-Mass*
2MASS J15491602-2547146,6234876690713276928,Low-Mass*
2MASS J09594601+6055166,1050316041575487104,Low-Mass*
2MASS J01311009+0049567,2558114235537559040,Low-Mass*
SDSS J000405.26+010736.1,2738372398041974144,Low-Mass*
2MASS J00411685-0019066,2543008285800354432,Low-Mass*
2MASS J08402301+2906230,704524964696050304,Low-Mass*
2MASS J15303786+4952054,1594522998235427328,Low-Mass*
2MASS J22172141-0111043,2677733026099813248,Low-Mass*
2MASS J23372083-0102425,2641225597925242880,Low-Mass*
2MASS J14413548+4608087,1494042444504164096,Low-Mass*
2MASS J00464204-0028191,2530946505804872064,Low-Mass*
2MASS J14505363+0114253,3652083263851336064,Low-Mass*
2MASS J23225616+0029580,2645205662514248192,Low-Mass*
SDSS J095228.25+511019.1,827731457406238464,Low-Mass*
2MASS J13302656-1120294,3611384703511137280,Low-Mass*
2MASS J08475592+0633243,583159561255845632,Low-Mass*
2MASS J11542886+3327081,4027800951297174272,Low-Mass*
2MASS J02590012+0005185,2498013491148686720,Low-Mass*
SDSS J024631.64+005210.6,2499227141531787520,Low-Mass*
2MASS J09240795+3601384,798673190445468032,Low-Mass*
2MASS J10031295+4517512,809917170011414784,Low-Mass*
2MASS J11161097+0908264,3818978576213771520,Low-Mass*
2MASS J09422180+4418504,820841372086805504,Low-Mass*
2MASS J12401534+3912404,1521553672834875520,Low-Mass*
2MASS J22415791+3105125,1888818456622449536,Low-Mass*
SDSS J044143.59-054301.5,3200243113650106240,Low-Mass*
2MASS J16095703+2810526,1316887138172117760,Low-Mass*
SDSS J171315.25+310948.4,1333386650177019008,Low-Mass*
2MASS J01242535+0031300,2534293831516859008,Low-Mass*
2MASS J00090397+0113351,2546563762807440896,Low-Mass*
2MASS J09403659+0947481,588527892418998144,Low-Mass*
2MASS J15555154+3127208,1321573329744958080,Low-Mass*
2MASS J09082197+1841265,635426152151903744,Low-Mass*
2MASS J10340305+2008184,3987325011995976832,Low-Mass*
2MASS J05281533-0038516,3220541850646576640,Low-Mass*
SDSS J083527.23+381801.1,911006200351435264,Low-Mass*
2MASS J00493271-0101580,2530666199059544448,Low-Mass*
2MASS J09242879+2250087,639012724722557824,Low-Mass*
2MASS J09520788+3406181,795244019837266176,Low-Mass*
LP  151-21,398417285391565440,Low-Mass*
2MASS J13234017+0429280,3716162384906314496,Low-Mass*
2MASS J12214296-0112053,3694971084987470336,Low-Mass*
2MASS J09074815+1837251,635420448435326208,Low-Mass*
2MASS J00230374-0030295,2542202176275621632,Low-Mass*
2MASS J15571819+0600587,4426708133541031168,Low-Mass*
SDSS J073311.52+410552.5,924458347159161600,Low-Mass*
SDSS J161802.42+392413.7,1380434409132262656,Low-Mass*
2MASS J08280460+0409234,3092191975686215680,Low-Mass*
2MASS J00321429-0111263,2542619196123271296,Low-Mass*
2MASS J01182925-0022314,2533810527437123200,Low-Mass*
2MASS J01420385-0010120,2509425356692808704,Low-Mass*
2MASS J01170169+0021279,2534660071968197632,Low-Mass*
2MASS J08312299-0531576,3065294588375573632,Low-Mass*
SDSS J113922.84+672851.9,1058071824799322752,Low-Mass*
SDSS J222206.91-010509.8,2677592086747894272,Low-Mass*
2MASS J08181955+2618295,682555897737670912,Low-Mass*
2MASS J01145480+0111468,2535329571470094464,Low-Mass*
2MASS J00452865+0018026,2549051442224798208,Low-Mass*
SDSS J000729.52+001420.3,2545925152710319488,Low-Mass*
2MASS J00513158-0007387,2536869544879391360,Low-Mass*
2MASS J23585174-0033357,2449902985486343424,Low-Mass*
SDSS J022944.35-004259.5,2500148807153784064,Low-Mass*
SDSS J170207.69+224202.1,4571244851185049088,Low-Mass*
SDSS J233344.11+524829.0,1993208628892637568,Low-Mass*
2MASS J03023702-0019158,3266537514411795072,Low-Mass*
2MASS J00340373-0107461,2542517255076108416,Low-Mass*
2MASS J12560850+1629394,3931612444283791232,Low-Mass*
2MASS J11205169-1301419,3565169339281832960,Low-Mass*
2MASS J01004113-0004024,2536413552496007808,Low-Mass*
2MASS J00401201+0012569,2543276777091671680,Low-Mass*
2MASS J15042890+4916327,1592174578837348096,Low-Mass*
2MASS J00515177+0047305,2537143976109792256,Low-Mass*
2MASS J12510650+0436243,3705471352319908608,Low-Mass*
SDSS J220140.81-010443.8,2680209298086055680,Low-Mass*
2MASS J09435740+4550093,821260075560988160,Low-Mass*
2MASS J13200790+2257217,1445725608612545024,Low-Mass*
2MASS J16312908+2854528,1305726820272604672,Low-Mass*
2MASS J11314386+5946596,859124713401255424,Low-Mass*
2MASS J10095604+2011407,628397283553483136,Low-Mass*
LP  588-61,2509333410032899456,Low-Mass*
SDSS J022509.26+000148.1,2500814767602969856,Low-Mass*
2MASS J15222787-0151232,4415251123595601152,Low-Mass*
2MASS J10564027+0131176,3808427112877530240,Low-Mass*
2MASS J09150702+2012142,636093864947998720,Low-Mass*
2MASS J00321295-0008075,2543589210193691264,Low-Mass*
2MASS J12152671-0240424,3694394257996368384,Low-Mass*
2MASS J11541274-0249444,3601864719521508736,Low-Mass*
[BHR2005] 513-10,1267943688027211392,Low-Mass*
2MASS J12061216+0015563,3699014195401008256,Low-Mass*
2MASS J23163059-0032294,2639030839572963328,Low-Mass*
2MASS J00352542-1735094,2364298686639170688,Low-Mass*
SDSS J121636.76+442615.0,1538829882431663360,Low-Mass*
2MASS J13443461+2847152,1454911822104497536,Low-Mass*
SDSS J121503.02+185513.5,3950315107007591680,Low-Mass*
2MASS J02434264+0044542,2498902613803206144,Low-Mass*
2MASS J00324590-0018435,2542832574395449344,Low-Mass*
2MASS J22105715-0031419,2678611673329470080,Low-Mass*
2MASS J00395582+0029344,2543321032434683264,Low-Mass*
2MASS J13522856+6138276,1664256671369201152,Low-Mass*
2MASS J12004958+5008389,1546835293452894976,Low-Mass*
2MASS J00365379-0049105,2542555390089484032,Low-Mass*
SDSS J000109.37-050924.6,2443131643126851200,Low-Mass*
2MASS J00173754-0023490,2545211535303830016,Low-Mass*
SDSS J225849.76-010841.5,2650744826001803008,Low-Mass*
2MASS J21573857-0725266,2620321412275426304,Low-Mass*
SDSS J004721.20+144222.4,2778000446374324736,Low-Mass*
2MASS J03134044-0039261,3265578190516807808,Low-Mass*
SDSS J214109.00+011114.4,2693518130424804608,Low-Mass*
2MASS J01543184+0002410,2507746711674803328,Low-Mass*
2MASS J21594015-0104594,2679843817842578432,Low-Mass*
SDSS J102400.68+400629.9,756039519702811776,Low-Mass*
SDSS J083516.49+400749.1,911751531796150656,Low-Mass*
2MASS J08405513+5312313,1029483766562739584,Low-Mass*
2MASS J00232496-0042042,2542182831742595712,Low-Mass*
2MASS J10475899+2812236,731200869131505664,Low-Mass*
2MASS J16132300+5045206,1424367973200368640,Low-Mass*
2MASS J00521156-0102023,2535908533061329152,Low-Mass*
2MASS J12365651+2709018,3962353689884364416,Low-Mass*
UGCS J084346.46+210829.4,664860559465767168,Low-Mass*
SDSS J102435.73+473743.2,834357767308675968,Low-Mass*
2MASS J01375096-0043426,2508924387411994624,Low-Mass*
SDSS J104855.78-010655.6,3803095443555505408,Low-Mass*
2MASS J00152895-0021004,2545201845858025472,Low-Mass*
UCAC4 518-035055,3353362477325475968,Low-Mass*
2MASS J23483889-0054523,2641803769242775040,Low-Mass*
2MASS J03161399-0058595,3265690718660051968,Low-Mass*
2MASS J16311894+2748506,1305523002600527872,Low-Mass*
2MASS J00071462-0105531,2544913022192557440,Low-Mass*
Cl* Melotte   22    IPL      42,64806765824716928,Low-Mass*
2MASS J00161502-0102527,2545102516149717248,Low-Mass*
2MASS J10212124+2008235,625485403100989824,Low-Mass*
SDSS J013606.77-001315.4,2509753247380788608,Low-Mass*
SDSS J150046.71+545259.0,1612317842312934528,Low-Mass*
2MASS J00233880-0019497,2542258040913259520,Low-Mass*
2MASS J13432751+0441362,3714142307168509824,Low-Mass*
2MASS J18585719+1845092,4517390943480498432,Low-Mass*
SDSS J134516.69+193810.9,1248408454482286720,Low-Mass*
2MASS J22185353-0008051,2677947911904165760,Low-Mass*
SDSS J154030.27+224312.9,1217576881424396544,Low-Mass*
2MASS J00331807-0016116,2542831470587689600,Low-Mass*
2MASS J10434685+3509198,750699848856426240,Low-Mass*
SDSS J082319.42+285732.8,707472647994729216,Low-Mass*
2MASS J00254679-1012440,2426407487151972352,Low-Mass*
2MASS J12440663+6220242,1580645718383741568,Low-Mass*
SDSS J080402.20+331604.2,905252181123610624,Low-Mass*
2MASS J21105610+0016121,2690358035222544128,Low-Mass*
2MASS J11294623+1222065,3917408403320086016,Low-Mass*
2MASS J03263150+0021252,3264477579377159680,Low-Mass*
2MASS J02242675-0919186,5176019466714333184,Low-Mass*
SDSS J074904.53+194319.3,671864104937212928,Low-Mass*
SDSS J105208.65+464632.2,831341532035687296,Low-Mass*
SDSS J215248.73-011012.1,2680009156903608192,Low-Mass*
2MASS J00453661-0027289,2530990692428419328,Low-Mass*
SDSS J212243.85-005440.5,2686270768249880064,Low-Mass*
2MASS J13315690+2210396,1442095918866295424,Low-Mass*
SDSS J073433.24+274130.3,872455845211107712,Low-Mass*
SDSS J150115.50+075128.6,1161428632230077696,Low-Mass*
SDSS J003741.49-001647.7,2543139093324333952,Low-Mass*
2MASS J00160756-0103063,2544739024477627776,Low-Mass*
SDSS J151414.95+343120.7,1290535177349250688,Low-Mass*
2MASS J00294006-0008254,2543622706642050816,Low-Mass*
SDSS J212005.89+093016.4,1743627426481044480,Low-Mass*
2MASS J01385936+2233313,290571236407299968,Low-Mass*
2MASS J00245694-0101011,2541971484991560960,Low-Mass*
2MASS J12544306+1946451,3942033551068453120,Low-Mass*
SDSS J165751.68+622453.7,1630761733255634688,Low-Mass*
2MASS J00544315-0046247,2536021198643788928,Low-Mass*
2MASS J08100389+5700003,1033563367019157248,Low-Mass*
SDSS J020926.15+140722.5,77238084806719232,Low-Mass*
2MASS J22151655+0103430,2679439502506151808,Low-Mass*
2MASS J11200635+6427373,1056383421616738432,Low-Mass*
2MASS J12080862+0047280,3699431906740431744,Low-Mass*
2MASS J20062347+7612230,2288879954276564480,Low-Mass*
2MASS J10254186+2548075,727690059784925824,Low-Mass*
2MASS J22083182-0009594,2678872601182684160,Low-Mass*
2MASS J13412971-0148217,3661484805528587520,Low-Mass*
2MASS J23323177-0004385,2644405905244390912,Low-Mass*
2MASS J16152009-2333545,6050329642587247616,Low-Mass*
2MASS J00372357+0001080,2543182970710541312,Low-Mass*
2MASS J13114467+1149288,3736617256849522176,Low-Mass*
2MASS J08352490+1524097,657819463094796416,Low-Mass*
SDSS J154840.50+134730.4,1192416924350202752,Low-Mass*
2MASS J09402802+0921460,588495254962274304,Low-Mass*
2MASS J22145070-1319590,2600624997198227712,Low-Mass*
2MASS J15254064+2621068,1270276744326949632,Low-Mass*
2MASS J05402332+0101322,3222494755095614592,Low-Mass*
UCAC4 361-204553,6825783681475465472,Low-Mass*
2MASS J12522108+5803304,1577323376498200064,Low-Mass*
SDSS J165828.93+204906.7,4561959471190875648,Low-Mass*
2MASS J16511616+1251220,4449097493113703168,Low-Mass*
SDSS J152824.65+125512.7,1169788498309077760,Low-Mass*
2MASS J00503896+0015044,2537083056293593856,Low-Mass*
2MASS J12305356+3916211,1532066167932623744,Low-Mass*
2MASS J12443851+3200186,1513713051122076416,Low-Mass*
2MASS J21463308-0003198,2681127149775405696,Low-Mass*
SDSS J104735.62+355112.2,750649748062668288,Low-Mass*
SDSS J232729.26-001014.7,2644532722743259648,Low-Mass*
SDSS J034846.63+001510.6,3257626732878395264,Low-Mass*
2MASS J01471520-0055402,2509081342697153536,Low-Mass*
Cl* NGC 2099    HGH  130198,3451205135158161536,Low-Mass*
2MASS J13511814-0120480,3658931911327801984,Low-Mass*
2MASS J10420167+5253363,849164718601262336,Low-Mass*
[IHA2007] N2516-3-5-1300,5290690665411637632,Low-Mass*
Cl* NGC 2547    OJD      34,5514555420417741952,Low-Mass*
2MASS J14303131+5710221,1610907546851440128,Low-Mass*
2MASS J23584984+0043285,2738288667655443456,Low-Mass*
SDSS J125250.68+233754.1,3956820466337904128,Low-Mass*
SDSS J210207.70+762528.9,2278377895947779968,Low-Mass*
SDSS J084916.17+104255.2,598645701497271424,Low-Mass*
2MASS J10523418+0119596,3808219275114703360,Low-Mass*
2MASS J08590539+2438029,689803775310368384,Low-Mass*
SDSS J170208.51+252421.9,4572943798510538880,Low-Mass*
2MASS J08320436+0547462,3092840790625731328,Low-Mass*
SDSS J120312.10+470013.1,1540113940213376000,Low-Mass*
2MASS J23190674-1035152,2413576594477509120,Low-Mass*
2MASS J07420489+2509111,868684726486101248,Low-Mass*
2MASS J01371847-0104048,2508885801425747456,Low-Mass*
2MASS J12115255+3914230,1535756747430721792,Low-Mass*
2MASS J00494781+0107589,2549223653233836416,Low-Mass*
2MASS J03413686-0024067,3263579385752751232,Low-Mass*
SDSS J004004.74+005341.0,2543383665942302464,Low-Mass*
SDSS J210419.24+005712.6,1729558797246259584,Low-Mass*
2MASS J16260574+3215125,1325248447360048384,Low-Mass*
2MASS J09584664+4328501,808069612519700736,Low-Mass*
SDSS J091535.51+094241.6,590879369835620608,Low-Mass*
2MASS J00385330+0055049,2543394046878702464,Low-Mass*
2MASS J08534810+0459192,581967725011598720,Low-Mass*
2MASS J21171616-0056025,2689225327792422272,Low-Mass*
2MASS J10232631-0028308,3830973633892375296,Low-Mass*
2MASS J10504870+4258028,780178129259234432,Low-Mass*
2MASS J02575905+3453543,137308798783622528,Low-Mass*
2MASS J08401096+1524087,657686830208741504,Low-Mass*
2MASS J01153731-0054127,2533682125094729984,Low-Mass*
LSPM J1303+5115,1557351228814790784,Low-Mass*
LP  262-291,749351637147067648,Low-Mass*
2MASS J12371117+2956258,4011354593807341696,Low-Mass*
2MASS J12232686+4056164,1533388712916985600,Low-Mass*
2MASS J17283499+5851021,1434758839119052416,Low-Mass*
2MASS J09565052+3641396,796689774549699456,Low-Mass*
TVLM 832-58985,5188099148133473024,Low-Mass*
2MASS J14345279+2843170,1281099138496317952,Low-Mass*
SDSS J231437.24-011212.8,2638874605842752896,Low-Mass*
2MASS J09220668+1014223,592306677660396928,Low-Mass*
2MASS J11082920+1612133,3971122608648854912,Low-Mass*
2MASS J03345525+0023440,3264583544810267008,Low-Mass*
2MASS J03404509+0016068,3263667037445254528,Low-Mass*
2MASS J02000071+0027226,2507839616112037376,Low-Mass*
2MASS J16041739+0549357,4449869968753394560,Low-Mass*
2MASS J21434143-0104293,2674920166118224128,Low-Mass*
2MASS J14563416+4131090,1489168485551667200,Low-Mass*
2MASS J10283959+0938114,3876112979963924736,Low-Mass*
LP  169-78,786282239859379456,Low-Mass*
SDSS J150439.86+544230.5,1600301726409476992,Low-Mass*
2MASS J11545648+1457537,3923650025888758016,Low-Mass*
2MASS J10000975+2415318,642618573105177600,Low-Mass*
SDSS J112625.18+052222.1,3814044315920640896,Low-Mass*
2MASS J04133000+1555402,45603245490657536,Low-Mass*
SDSS J152905.94+004209.0,4417393792585377024,Low-Mass*
2MASS J09474838+3703173,799563176387026432,Low-Mass*
2MASS J19183096+4617465,2127698009278248704,Low-Mass*
SDSS J073044.05+144932.2,3168297937176526464,Low-Mass*
2MASS J00181047+0030444,2545561974572443264,Low-Mass*
2MASS J05091964+2855332,155945696970055424,Low-Mass*
2MASS J09064689+4659122,1012198245479549440,Low-Mass*
LSPM J0912+0205,3843799746267710976,Low-Mass*
2MASS J14211873-1618201,6297076922485674240,Low-Mass*
SDSS J083652.84+172609.1,659246663546163328,Low-Mass*
SDSS J073433.28+402308.6,900361897000900864,Low-Mass*
2MASS J00331120+0014380,2543989462489754624,Low-Mass*
2MASS J02103970+0050594,2507308453212008064,Low-Mass*
2MASS J12071780+2822212,4013059803197810176,Low-Mass*
2MASS J14295917+0307374,3656321670723757440,Low-Mass*
2MASS J08011584+1855276,670053381082990848,Low-Mass*
2MASS J20364247+7744418,2290754651664657536,Low-Mass*
2MASS J03284412+0022355,3264422779890027520,Low-Mass*
SDSS J090411.10+132211.5,605375472867851392,Low-Mass*
SDSS J022053.21-003845.5,2500681142580661376,Low-Mass*
2MASS J23343843+4712268,1938513422963441280,Low-Mass*
2MASS J02490560+0010568,2498938794607170816,Low-Mass*
2MASS J13201371+6118166,1663439287553272704,Low-Mass*
2MASS J21311031+1214269,1745961281649666816,Low-Mass*
2MASS J15231749+1505234,1207021050106636160,Low-Mass*
2MASS J00501184-0115184,2530645548856654208,Low-Mass*
2MASS J09472682+3528104,796323907757695104,Low-Mass*
SDSS J041458.65+145432.8,3311731462403308800,Low-Mass*
SDSS J102622.17+173007.3,3890451676741733632,Low-Mass*
SDSS J001601.18-003258.3,2545183600836901248,Low-Mass*
SDSS J113543.81+390007.6,766995225360484480,Low-Mass*
2MASS J00223897-0043068,2542171454372434176,Low-Mass*
2MASS J02545655+0037202,2498289326832566656,Low-Mass*
2MASS J10250122+2857359,741418969990446464,Low-Mass*
2MASS J20094325+7555039,2288852840145744512,Low-Mass*
2MASS J09162488+2546371,687921750705006720,Low-Mass*
SDSS J053218.48+005218.8,3221177883764225536,Low-Mass*
2MASS J23313635-1020071,2437042062400659712,Low-Mass*
2MASS J02505072+0105327,2499155157879875712,Low-Mass*
2MASS J15101703+3228139,1276759086927123200,Low-Mass*
2MASS J09110166+5752204,1036662718499221888,Low-Mass*
2MASS J23540740+0010497,2642352532921095040,Low-Mass*
2MASS J09164987+1246014,593879151086564864,Low-Mass*
2MASS J11140559+6055359,861153862109973888,Low-Mass*
SDSS J084829.34+250422.1,690770516612802304,Low-Mass*
SDSS J080139.99+250616.9,681433296367780608,Low-Mass*
2MASS J10210144+0008421,3831267066057787904,Low-Mass*
2MASS J10051572+4554511,810039804213703168,Low-Mass*
SDSS J111434.63+292941.0,3999167022809566336,Low-Mass*
SDSS J161159.02+061637.2,4450142608980752128,Low-Mass*
2MASS J00462615+0051315,2549107414238828160,Low-Mass*
2MASS J10235910+1549556,3889988889720724096,Low-Mass*
2MASS J01184108+0006531,2534965603056830336,Low-Mass*
2MASS J00193953+0019237,2545369521381302528,Low-Mass*
2MASS J07494648+2347523,675393983937903232,Low-Mass*
2MASS J00102481-0035481,2545040320727931520,Low-Mass*
SDSS J104936.98+161421.5,3981602565075340032,Low-Mass*
2MASS J21533012-0749531,2618702033511599360,Low-Mass*
2MASS J12344927+3734378,1519836884212854912,Low-Mass*
SDSS J123425.80+284404.9,4010692481648708992,Low-Mass*
2MASS J08132764+1840480,657460330814007936,Low-Mass*
2MASS J20220228+7612515,2290187754637642880,Low-Mass*
2MASS J10340511+2745165,728391853145549568,Low-Mass*
2MASS J14415907+3753078,1486834772122942336,Low-Mass*
SDSS J131401.84+143432.6,3743853482172661888,Low-Mass*
2MASS J15340658-0058005,4416214841242090240,Low-Mass*
2MASS J10310982+5134489,847675193878273152,Low-Mass*
SDSS J075002.59+155624.5,666924136631737472,Low-Mass*
LP  227-19,1348798131002209152,Low-Mass*
2MASS J01304418-0821377,2477215129197474304,Low-Mass*
2MASS J20491343-0038106,4227107809157278336,Low-Mass*
2MASS J16183448+0756236,4451919144892571776,Low-Mass*
SDSS J220605.81-005838.8,2677177188612154112,Low-Mass*
SDSS J013654.01+004705.8,2510121618135928448,Low-Mass*
2MASS J00473462+0100221,2549209084704687744,Low-Mass*
2MASS J09445560+3137281,793062726205846016,Low-Mass*
2MASS J01012937+0025585,2536543019990416128,Low-Mass*
2MASS J09301989-0000386,3840668062273734144,Low-Mass*
2MASS J20542458+0006423,4227615268132627072,Low-Mass*
2MASS J03061134+0020428,3266674339185573376,Low-Mass*
2MASS J04425489+1113058,3294280048206477440,Low-Mass*
[BHR2005]  22-68,6823530713430697984,Low-Mass*
2MASS J09113614+1038074,591794953781748096,Low-Mass*
2MASS J08505467+3936333,912031391865938944,Low-Mass*
2MASS J13063035+4227311,1529002451798777088,Low-Mass*
2MASS J22441186-0050330,2652893477880836224,Low-Mass*
2MASS J00174818+0038091,2545575920329178496,Low-Mass*
2MASS J10224725+3000341,741742505582128000,Low-Mass*
2MASS J11362989+5001401,790791032105484032,Low-Mass*
2MASS J21565020+0039203,2681391135645758464,Low-Mass*
2MASS J00320713+0030588,2544049218371105920,Low-Mass*
2MASS J21340565+1040077,1742465895525489152,Low-Mass*
2MASS J02255180+0026260,2501218700687199616,Low-Mass*
2MASS J09024877+2453303,688320220590588800,Low-Mass*
2MASS J05365025+0954237,3339443317248825600,Low-Mass*
2MASS J03523336-0054232,3256512206046633216,Low-Mass*
SDSS J150217.31+410200.5,1296943646511591552,Low-Mass*
2MASS J09374585+4149383,813800164044083072,Low-Mass*
2MASS J08312191+2537329,678903766789114880,Low-Mass*
2MASS J14284872+5829433,1611888856683066624,Low-Mass*
2MASS J02430542-0050404,2498398762599725952,Low-Mass*
2MASS J15420274+3853260,1377227271152692736,Low-Mass*
2MASS J10513947+3704449,774945901314733568,Low-Mass*
2MASS J02505901+0030451,2498979648336273536,Low-Mass*
SDSS J082837.08+175156.2,662190051878362496,Low-Mass*
SDSS J100815.77+490427.0,823648249176127104,Low-Mass*
2MASS J03333901-0109245,3263280486092735488,Low-Mass*
2MASS J09524075+5544120,1021936894844175360,Low-Mass*
2MASS J01440690+0011364,2509461773720432512,Low-Mass*
2MASS J23200450+5336267,1995716687929581184,Low-Mass*
2MASS J23582839-0038007,2449896418480465664,Low-Mass*
SDSS J084105.72+060224.8,594676086563838848,Low-Mass*
2MASS J02531279+0019471,2498255070173628416,Low-Mass*
2MASS J08451037+3146209,706913683770713344,Low-Mass*
2MASS J13423779+1249384,3740307973784935296,Low-Mass*
2MASS J10301731+2511090,727365012364168704,Low-Mass*
2MASS J10391617+0548357,3859344156331468032,Low-Mass*
2MASS J23553968+0050044,2642416059781239808,Low-Mass*
2MASS J16061415+3634524,1378201610254154624,Low-Mass*
2MASS J03351881+0008139,3263802513597802112,Low-Mass*
SDSS J204400.12-000822.1,4227971166302222720,Low-Mass*
2MASS J00413638+0007116,2543073328785552000,Low-Mass*
2MASS J09522817+2304457,642070088601639680,Low-Mass*
2MASS J00502611+0042000,2537181874901166208,Low-Mass*
2MASS J03005580+0054426,118094421147264,Low-Mass*
2MASS J09165675+4454535,818856165185308928,Low-Mass*
2MASS J07342650+4522598,975051996753100032,Low-Mass*
2MASS J10500580+3029383,734925018093675008,Low-Mass*
2MASS J10271443+3324058,749003160681174656,Low-Mass*
2MASS J15063068+5223338,1593134108892454784,Low-Mass*
2MASS J00441479-0114198,2530787458872038784,Low-Mass*
SDSS J074650.33+395225.0,920414480831101312,Low-Mass*
2MASS J11403496+5255377,840160371204723456,Low-Mass*
2MASS J01530811+0042107,2510818094327864576,Low-Mass*
2MASS J05311578-0038051,3220717673722841728,Low-Mass*
2MASS J23395115-0054281,2641065550264221696,Low-Mass*
2MASS J00500304+0042015,2537162285555156608,Low-Mass*
2MASS J23222769-0952070,2437737812742602496,Low-Mass*
2MASS J07032658+1310141,3161323288246965632,Low-Mass*
2MASS J02574525-0037035,5188098976334747648,Low-Mass*
2MASS J01213084+0016286,2534233495816345984,Low-Mass*
SDSS J025152.21-004541.0,2497521352320299648,Low-Mass*
2MASS J13360120+4606353,1551649986148443264,Low-Mass*
SDSS J164408.24+292002.0,1311391950855838208,Low-Mass*
SDSS J112501.43+472739.2,788779608723024000,Low-Mass*
2MASS J00240561+0025151,2546824076481579776,Low-Mass*
2MASS J06043016+2435395,3426443647969838720,Low-Mass*
SDSS J095503.46+145607.0,616504072436230528,Low-Mass*
2MASS J14164341+5655254,1611453931114751488,Low-Mass*
2MASS J09362255+5742384,1025537520546484992,Low-Mass*
2MASS J23325551+4930022,1942171979186596096,Low-Mass*
2MASS J21561442+0106485,2681469682007890688,Low-Mass*
LSPM J0957+4359,808330815250795904,Low-Mass*
2MASS J09035843+4756585,1012494800085479040,Low-Mass*
2MASS J20445063+0009556,4227995561717431680,Low-Mass*
2MASS J03443018-0040488,3251538011145800960,Low-Mass*
2MASS J00454354-0044455,2530923278621600768,Low-Mass*
2MASS J20531506-0039013,4227274831845328000,Low-Mass*
2MASS J23263659+5146558,1991602208041008896,Low-Mass*
SDSS J121344.84+003052.4,3698439700576065536,Low-Mass*
SDSS J024936.42+004306.3,2499001913446643712,Low-Mass*
2MASS J07581036+1009048,3147347121066758016,Low-Mass*
2MASS J15062632-0211077,6339811052510793344,Low-Mass*
2MASS J22405195+1316388,2731762580812197632,Low-Mass*
2MASS J16163338+3646525,1330546100540793216,Low-Mass*
SDSS J153802.10+243209.7,1221362530029188864,Low-Mass*
2MASS J09274522+1613186,631099646912919168,Low-Mass*
2MASS J22202659-0015058,2678258420859133568,Low-Mass*
SDSS J082233.27+173803.8,656310585248635904,Low-Mass*
SDSS J013032.60-005547.3,2485857045778377856,Low-Mass*
2MASS J10162511+2027269,625733888433529088,Low-Mass*
2MASS J08301949+1348000,651411608111519616,Low-Mass*
2MASS J15044934+5736511,1613241874461233792,Low-Mass*
2MASS J16272349+0923473,4452539376827877248,Low-Mass*
2MASS J09373421+1455457,618053559195402624,Low-Mass*
2MASS J03152393+0000452,3266009920629641856,Low-Mass*
2MASS J12574941-4111373,6140134041487677312,Low-Mass*
2MASS J03435684+1032432,36158401952710400,Low-Mass*
2MASS J16501864+3059549,1313091589673095168,Low-Mass*
2MASS J01164177+0100469,2535262363821766912,Low-Mass*
2MASS J15180446+4047360,1392215435704989824,Low-Mass*
2MASS J17142979+4224396,1360163297365998336,Low-Mass*
SDSS J094649.88+173818.7,620984273081877504,Low-Mass*
2MASS J14410901+3129008,1285978663724430592,Low-Mass*
SDSS J004344.84-003331.5,2530979186211552256,Low-Mass*
2MASS J21281543+7240148,2273773759725695360,Low-Mass*
2MASS J12532780+2119495,3942760289599496064,Low-Mass*
L  290-28,4978625041828782848,Low-Mass*
SDSS J155306.63+291211.3,1319974601183044864,Low-Mass*
2MASS J08560928+1804500,612282394459860352,Low-Mass*
2MASS J08012520+3213375,881159785417421184,Low-Mass*
LSPM J2334+0911,2761428263522870016,Low-Mass*
2MASS J12273191+3322467,4016023571150265600,Low-Mass*
SDSS J230604.52+011320.8,2652280946824658176,Low-Mass*
2MASS J16524466+3158551,1313255073308980224,Low-Mass*
2MASS J09394975+1722438,620821790172226560,Low-Mass*
2MASS J08543407+4005000,720008386221783552,Low-Mass*
2MASS J00415728-0035440,2542891978086063744,Low-Mass*
2MASS J15410954+2601089,1223094501355318528,Low-Mass*
2MASS J12240750+2856210,4010161146950221440,Low-Mass*
SDSS J215226.44+110251.5,2726775677106387456,Low-Mass*
2MASS J08533829+1643431,611494667394281344,Low-Mass*
SDSS J170427.84+345240.7,1338045731915262080,Low-Mass*
SDSS J095413.66-022758.8,3826565176379991808,Low-Mass*
2MASS J21544918+0013002,2680977100798416000,Low-Mass*
2MASS J00533175+0046140,2537503653850986240,Low-Mass*
SDSS J112254.63+584454.4,857552381708974720,Low-Mass*
2MASS J15323886-0228499,4414270840260455296,Low-Mass*
2MASS J13404778+4041329,1500145666047388288,Low-Mass*
2MASS J03262182-0046213,3264059009044342912,Low-Mass*
SDSS J100726.33+223204.9,629974262400186880,Low-Mass*
2MASS J15201263+0633514,1162443928138772096,Low-Mass*
2MASS J08011085+0934020,3147088529675951232,Low-Mass*
2MASS J17104936+3323251,1334655834487468672,Low-Mass*
2MASS J17041794+2410389,4571690531351019136,Low-Mass*
2MASS J14232400+2844389,1283914644176127488,Low-Mass*
[BHR2005] 829-62,2507568212834216576,Low-Mass*
2MASS J01220726+0032358,2534349464228417664,Low-Mass*
2MASS J09462709+0458221,3849836816723372416,Low-Mass*
2MASS J00400410+0017461,2543281067763218816,Low-Mass*
2MASS J12453837+3302064,1514907503002993152,Low-Mass*
2MASS J09231212+0107003,3844051495775890688,Low-Mass*
2MASS J09085508+2425306,688094339672006656,Low-Mass*
2MASS J22070915+0647268,2720708503223472640,Low-Mass*
2MASS J16121946+1016333,4453443411605172736,Low-Mass*
SDSS J140431.81+492331.0,1511255028455671040,Low-Mass*
2MASS J10054915+4029547,803679129449225472,Low-Mass*
2MASS J00084479-0043565,2544951122848006528,Low-Mass*
2MASS J01351851-0933560,2464924302890420992,Low-Mass*
2MASS J09423103+2821340,648252200103016832,Low-Mass*
SDSS J165513.66+273157.9,1307001807085769600,Low-Mass*
LSPM J1308+3628,1522273711217350400,Low-Mass*
2MASS J00341196-0027140,2542812783186195584,Low-Mass*
APMPM J2354-3316C,2313836153805786624,Low-Mass*
SDSS J232009.23+520545.7,1992365548281207296,Low-Mass*
2MASS J09380090+2150353,640955806581792000,Low-Mass*
SDSS J105418.19+484349.8,832316214734271232,Low-Mass*
2MASS J16050846+1934106,1203225746422505728,Low-Mass*
2MASS J23530390-0041091,2642001921853970304,Low-Mass*
2MASS J00365799+0058255,2544128413271425536,Low-Mass*
2MASS J14014180+4658593,1508964810158396032,Low-Mass*
[BHR2005] 262-9,808389574699686656,Low-Mass*
2MASS J03204919-3313400,5053565830233394304,Low-Mass*
2MASS J10335392+6022431,1048012839598033792,Low-Mass*
2MASS J15185363+4124529,1392338757102009856,Low-Mass*
2MASS J08584256+2028290,684864043227632000,Low-Mass*
2MASS J03291326-0042153,3264025267781965568,Low-Mass*
2MASS J14343950+3342155,1287754615521043840,Low-Mass*
SDSS J100440.45+213806.8,629527036045636480,Low-Mass*
2MASS J23033303-0835516,2607154756237640320,Low-Mass*
2MASS J00471109-0110414,2530683619446815744,Low-Mass*
[BHR2005]  39,2342593261954889984,Low-Mass*
2MASS J07431603+2026445,672890395961330304,Low-Mass*
2MASS J13155520+5052233,1556685062208695680,Low-Mass*
G  19-16B,4364702279101281024,Low-Mass*
2MASS J00093794-0101341,2544882270226791680,Low-Mass*
2MASS J15004955-0249265,6339306239235025152,Low-Mass*
2MASS J00031193-0611346,2442809176982022016,Low-Mass*
2MASS J11510113+3213340,4021626128354677248,Low-Mass*
SDSS J011737.34-000921.6,2534580048137137664,Low-Mass*
2MASS J22125045-0037541,2678597452693038336,Low-Mass*
SDSS J090002.72+444335.3,1009362158313626368,Low-Mass*
2MASS J13585276+5857040,1659204930835523456,Low-Mass*
2MASS J13232157+6306514,1664056938210112640,Low-Mass*
Cl* NGC 2099    HGH V804,3451180258707759872,Low-Mass*
SDSS J172842.12+363346.5,1337151588443106048,Low-Mass*
SDSS J000123.43+001919.2,2738223860893218816,Low-Mass*
2MASS J14394660-0251453,3648765620659746688,Low-Mass*
2MASS J09583166+3524204,795754605549550464,Low-Mass*
2MASS J23220914+0036412,2645211052699020544,Low-Mass*
2MASS J13395226+1548267,3742273071647020800,Low-Mass*
2MASS J16570941+3911463,1352137755836317440,Low-Mass*
2MASS J02122644-0036223,2494947052002492288,Low-Mass*
2MASS J09572731-4612287,5408669461363813504,Low-Mass*
2MASS J11024992+4028188,777218003439230592,Low-Mass*
2MASS J22020018+0041005,2680733524613164800,Low-Mass*
2MASS J16043742+0901028,4454763998087641856,Low-Mass*
2MASS J00243667-0037023,2542187294211859328,Low-Mass*
2MASS J00402416+1519557,2779821207565602304,Low-Mass*
2MASS J09060856+4359155,1009399095033822208,Low-Mass*
2MASS J09005737+5737061,1037525628969649664,Low-Mass*
2MASS J12591408+1526247,3931235071277254272,Low-Mass*
2MASS J00214109+0054351,2546914133354448768,Low-Mass*
2MASS J16374489+3315032,1324893369528791808,Low-Mass*
SDSS J034722.30+004831.7,3269772346340649216,Low-Mass*
SDSS J032949.16-001240.7,3264195730738408704,Low-Mass*
2MASS J23535045+3829379,2881315717177227648,Low-Mass*
SDSS J033402.36-010013.8,3263284300024200832,Low-Mass*
2MASS J03440226-0109368,3251367625498947584,Low-Mass*
RECX 18,5209009149172296960,Low-Mass*
2MASS J23595411-0018147,2449943495616736896,Low-Mass*
[BHR2005] 889-41,2678752994933650176,Low-Mass*
2MASS J08364538+2334168,666410875155935232,Low-Mass*
2MASS J23444291+4259584,1925443528243314944,Low-Mass*
2MASS J01243564-0108580,2485799871173481728,Low-Mass*
2MASS J13065712+0335300,3692717910784119040,Low-Mass*
SDSS J172517.43+643135.7,1632680415405869440,Low-Mass*
SDSS J041539.51+164019.6,45761265927553920,Low-Mass*
2MASS J09532046+3856466,800205905357538432,Low-Mass*
SDSS J154410.41+374232.3,1376345050511327360,Low-Mass*
2MASS J23404424+1405072,2771131320495736192,Low-Mass*
2MASS J09071178+4655535,1012196179599271040,Low-Mass*
2MASS J10142726+4506056,809327213304109440,Low-Mass*
2MASS J12443158+2547208,3961053551744388352,Low-Mass*
2MASS J14193855+2435129,1255708455776639872,Low-Mass*
2MASS J14544637+2006397,1237281332385260672,Low-Mass*
2MASS J01013003-0006201,2536227945484810496,Low-Mass*
2MASS J16345321+3117366,1324244284005706240,Low-Mass*
2MASS J10532789+3521143,738568073778541696,Low-Mass*
2MASS J08453763+1035419,598728096149687296,Low-Mass*
2MASS J14524799+6316003,1620384679951634432,Low-Mass*
2MASS J23385913-0035173,2641270304240611328,Low-Mass*
2MASS J15581827+3625425,1373084036461764480,Low-Mass*
2MASS J10224801+4529055,809221419668905856,Low-Mass*
2MASS J14025278+2522437,1258280419632596864,Low-Mass*
2MASS J09564650+2316193,641993264522182784,Low-Mass*
2MASS J23355852-0013040,2644353158750914944,Low-Mass*
LSPM J0956+3626,796656510024765184,Low-Mass*
2MASS J13230222-0258327,3637867643656576384,Low-Mass*
SDSS J074751.38+272316.3,875066188898657408,Low-Mass*
2MASS J00340483+0002041,2543220732066117760,Low-Mass*
LSPM J1302+3227,1467167257881586816,Low-Mass*
2MASS J07431194+3254435,881948410131037952,Low-Mass*
2MASS J03172156-0056032,3265686045735645696,Low-Mass*
SDSS J083406.46+083605.9,596569445587786880,Low-Mass*
LP  515-3,1802503529669494272,Low-Mass*
2MASS J21141353+1059531,1744834969422063488,Low-Mass*
2MASS J10132169+3623114,753706802704826880,Low-Mass*
2MASS J12192518+6148064,1581886792134517504,Low-Mass*
2MASS J15115701+4311102,1393435726109919232,Low-Mass*
2MASS J17014100+2436343,4572475135976411392,Low-Mass*
2MASS J11021525+3417016,761451766905823104,Low-Mass*
LSPM J0223+0057,2501495743257314048,Low-Mass*
2MASS J12403261+3025501,4011477228009066368,Low-Mass*
2MASS J00043346+0020541,2546105953653561984,Low-Mass*
SDSS J060934.48+234842.2,3425485423585165056,Low-Mass*
2MASS J09454453+1209415,613430628196812160,Low-Mass*
2MASS J01493673+0012472,2509322067024377728,Low-Mass*
2MASS J00383540+0021585,2543292578275984384,Low-Mass*
2MASS J15441492+1247592,1190762365508685184,Low-Mass*
SDSS J173337.81+574641.0,1422412702223062016,Low-Mass*
SDSS J074006.97+410849.9,923759367001442048,Low-Mass*
2MASS J08190919+2022388,663682540131575552,Low-Mass*
2MASS J00150315-0111525,2544730773844880256,Low-Mass*
2MASS J12262600+6412105,1584058499397516288,Low-Mass*
2MASS J13020177+4120053,1527396404611961216,Low-Mass*
SDSS J151041.26+411435.7,1392146029033853312,Low-Mass*
2MASS J17022142+6451148,1632327476470790528,Low-Mass*
2MASS J08480639+2805101,704900963314209408,Low-Mass*
2MASS J20453766+0054057,4228619259686919936,Low-Mass*
2MASS J16264227+1301080,4460558905401411328,Low-Mass*
SDSS J030006.69-003511.4,5188064685316141312,Low-Mass*
2MASS J14045546+1900528,1245734515218727296,Low-Mass*
2MASS J10541171+0143289,3808258273418685568,Low-Mass*
2MASS J01300084+0111027,2558185291475646592,Low-Mass*
2MASS J08401410+0348194,3080153354153578880,Low-Mass*
2MASS J02332877+0052016,2502054157725354240,Low-Mass*
SDSS J085650.93+355456.4,716887834783649152,Low-Mass*
2MASS J00390361+0001013,2543174281993130240,Low-Mass*
2MASS J10271810+4649231,833595122851529728,Low-Mass*
2MASS J00431327-0010112,2543025740547546240,Low-Mass*
SDSS J053044.82+002458.2,3221131846009354368,Low-Mass*
SDSS J223954.30+005231.2,2654414480418866176,Low-Mass*
2MASS J13172134+5031026,1556639599978183936,Low-Mass*
2MASS J20300000+7559237,2290125353056289408,Low-Mass*
SDSS J115724.78+394448.8,4034951144133376128,Low-Mass*
LSPM J1209+3117,4014731194016002816,Low-Mass*
2MASS J00450956+1554259,2781401755530326400,Low-Mass*
2MASS J12574500+2002389,3942381237260688768,Low-Mass*
SDSS J120239.04+553215.6,1573425637841128576,Low-Mass*
2MASS J09414099+5052303,826389473397861248,Low-Mass*
2MASS J00272855-0107430,2541911183650812032,Low-Mass*
2MASS J12280345-0224055,3693842990353696000,Low-Mass*
2MASS J02353726+0002125,2500258449079261056,Low-Mass*
SDSS J123701.43+551850.1,1571480846585310080,Low-Mass*
2MASS J23285581+0050409,2645450716168909824,Low-Mass*
2MASS J00105315-0040343,2544988957214450944,Low-Mass*
SDSS J115403.41+663204.5,1056884317882178432,Low-Mass*
2MASS J15534312+3645012,1373329914749226368,Low-Mass*
2MASS J10073518+2933515,740814376034234368,Low-Mass*
SDSS J164342.62+340343.7,1326483267637166336,Low-Mass*
2MASS J02361264-0003283,2500244292866701184,Low-Mass*
2MASS J00191257+0013068,2545361382419433472,Low-Mass*
SDSS J033746.84-010124.6,3263065673303585024,Low-Mass*
2MASS J14264650+5121385,1604646274808205696,Low-Mass*
2MASS J12505378+3137291,1513776655293681280,Low-Mass*
SDSS J144915.47+064024.3,1159597120735463424,Low-Mass*
2MASS J16244389+1608036,4466473620827192576,Low-Mass*
2MASS J01200604-0002219,2534198139645263872,Low-Mass*
2MASS J14245195+1258597,1227547768260777216,Low-Mass*
PM J16060+0333,4413290007171520768,Low-Mass*
2MASS J12361717+2340270,3958931940979014784,Low-Mass*
2MASS J04254894+1852479,47912529146793472,Low-Mass*
2MASS J13395849+1912558,1248799537024512640,Low-Mass*
2MASS J10403480+1523073,3886168774008645760,Low-Mass*
SDSS J132418.93+661224.0,1678325678560862848,Low-Mass*
2MASS J00301428-0036489,2543454034686183424,Low-Mass*
2MASS J00395556+0042052,2543328140604930304,Low-Mass*
2MASS J12000819+0304223,3892905516113298688,Low-Mass*
2MASS J16203793+1349251,4463537993500583168,Low-Mass*
2MASS J00034627-0043355,2545736006646246272,Low-Mass*
SDSS J000322.41+255656.8,2853229031946961152,Low-Mass*
2MASS J07585519+1735411,667574364616360832,Low-Mass*
2MASS J03285321-0559239,3247468340654724608,Low-Mass*
[BHR2005] 890-61,2679164972491593344,Low-Mass*
2MASS J11520468+3131479,4021400560967959424,Low-Mass*
2MASS J12192680+3830286,1532522229035378048,Low-Mass*
2MASS J21510843-0731287,2666809897769331584,Low-Mass*
2MASS J21301179+1014593,1742240426922096512,Low-Mass*
2MASS J17111155+3059029,1333369096646825728,Low-Mass*
2MASS J00202516+0058187,2547083355067734400,Low-Mass*
SDSS J022428.00-005009.1,2499897946705370112,Low-Mass*
2MASS J22371493+1314103,2731799350027684352,Low-Mass*
SDSS J084916.46+442649.1,914157812991765760,Low-Mass*
2MASS J16254325+1729452,4466910165599421568,Low-Mass*
2MASS J00195426-0027481,2545240814097492352,Low-Mass*
2MASS J23575204-0043109,2449905523811108096,Low-Mass*
2MASS J11550772+3119247,4026589186403986304,Low-Mass*
2MASS J10550874+0124579,3808047678286763648,Low-Mass*
2MASS J08034134+4714501,932838829081290368,Low-Mass*
2MASS J23373076+4828170,1940334665193599104,Low-Mass*
SDSS J022142.92-003148.4,2500680833342595584,Low-Mass*
SDSS J153844.71+340704.9,1373783055273282816,Low-Mass*
2MASS J08545193+5654410,1037113385123940480,Low-Mass*
SDSS J143820.60+363210.3,1486248281458151680,Low-Mass*
SDSS J114717.63+385311.1,766382385066947840,Low-Mass*
2MASS J22465014-0643357,2611415604313592576,Low-Mass*
2MASS J13362827+1612235,3745347241734151552,Low-Mass*
2MASS J00052703+0040529,2546188971077206400,Low-Mass*
2MASS J13464286+1937040,1248487310081664512,Low-Mass*
2MASS J07383481+3043269,879984755376947840,Low-Mass*
2MASS J14105723+6552457,1671542653890305024,Low-Mass*
2MASS J09284983+0646272,586145667333496320,Low-Mass*
SDSS J235526.08+393923.3,2881667698336942464,Low-Mass*
2MASS J08495187+1840438,660240037943025536,Low-Mass*
SDSS J080538.24+324723.0,902211722235329280,Low-Mass*
2MASS J00160124+0035032,2545603167602141184,Low-Mass*
2MASS J08161262+1737104,657019392291616896,Low-Mass*
SDSS J005138.59-001831.7,2536769553745498496,Low-Mass*
2MASS J09122616+1227033,605773908394502784,Low-Mass*
2MASS J15065111+4238120,1393217060734135936,Low-Mass*
SDSS J153727.13+564425.2,1601687965758040576,Low-Mass*
2MASS J01085899+0802350,2577817797439088768,Low-Mass*
2MASS J12464684-0229571,3682611543498837120,Low-Mass*
2MASS J12051335+2836400,4007828116423960192,Low-Mass*
2MASS J00393112-0026265,2542954203572316032,Low-Mass*
LP  587-29,2534590257275013760,Low-Mass*
2MASS J20205736+7717553,2290519738430284928,Low-Mass*
Cl* NGC 2547    OJD     106,5514363383842195328,Low-Mass*
2MASS J21051063+0057237,2690327519480549504,Low-Mass*
2MASS J23223503+5356213,1995774785949166848,Low-Mass*
SIPS J0059-0101,2535781814346704256,Low-Mass*
2MASS J09365290+5237460,1020423137915022848,Low-Mass*
2MASS J16272890+1836357,4467422018325864192,Low-Mass*
2MASS J09424000+2451304,644833951596822144,Low-Mass*
2MASS J16031438+1159182,4457657392997796736,Low-Mass*
SDSS J022236.09-000901.2,2500837754267627520,Low-Mass*
2MASS J23514953-0035487,2642017796053119744,Low-Mass*
SDSS J233425.91+001417.0,2644430300658738816,Low-Mass*
2MASS J12063964+3258321,4027024184986974592,Low-Mass*
2MASS J01470450-0025472,2509177240727074176,Low-Mass*
2MASS J14464767+1841550,1236736661812220160,Low-Mass*
SDSS J204400.86-002921.3,4227814588974607104,Low-Mass*
2MASS J00394629+0013580,2543277425630937472,Low-Mass*
2MASS J15435005+3952421,1377668007812755072,Low-Mass*
2MASS J10505357+5427303,849836245327865344,Low-Mass*
2MASS J10232131+1525366,3887720867815577600,Low-Mass*
LSPM J1123+0154,3810750831918988928,Low-Mass*
SDSS J020747.75-000342.8,2507140910832331392,Low-Mass*
2MASS J15430320+3832353,1377169654167019904,Low-Mass*
SDSS J085136.29+395011.7,912134299281233920,Low-Mass*
2MASS J12073132-0102445,3697836588382859392,Low-Mass*
2MASS J13491655+6052059,1664115663297359744,Low-Mass*
2MASS J00463248+0023225,2549073604256080128,Low-Mass*
2MASS J12190157+3943338,1533212237006275072,Low-Mass*
2MASS J00532712-0040518,2535947123343211904,Low-Mass*
2MASS J14444992+4223550,1490026001543225088,Low-Mass*
SDSS J155152.94+405824.3,1383786510847810688,Low-Mass*
SDSS J125457.94+564913.6,1577109517190048768,Low-Mass*
2MASS J01273747+0012536,2534094201437005440,Low-Mass*
2MASS J03040749-0019467,3266341011068198272,Low-Mass*
2MASS J12034963+0016573,3698979698224463360,Low-Mass*
2MASS J07540075-6106263,5290690802852286080,Low-Mass*
2MASS J07573782-6126532,5290641118669654912,Low-Mass*
2MASS J16420178+3056120,1312351519565090048,Low-Mass*
2MASS J08453805+4251417,913956263062424320,Low-Mass*
SDSS J004129.05+003749.5,2543317836979063808,Low-Mass*
2MASS J08085758+1736001,656904944299227136,Low-Mass*
2MASS J08101785+2029087,669891241774223104,Low-Mass*
2MASS J09151049+2422452,687679995585983104,Low-Mass*
2MASS J07472637+2450237,867937986292907264,Low-Mass*
2MASS J03285295-0600290,3247466661321683968,Low-Mass*
2MASS J03020797+0035517,47622597407872,Low-Mass*
2MASS J00514401+0005173,2536894417034760576,Low-Mass*
SDSS J000022.64-011449.5,2449628378160958848,Low-Mass*
SDSS J083554.67+045401.0,3092491352085568000,Low-Mass*
SDSS J153646.18+061006.6,4428977766058560512,Low-Mass*
SDSS J081428.66+061956.9,3096671695294137344,Low-Mass*
SDSS J111917.07+503419.1,838515368666733952,Low-Mass*
2MASS J00354644+0051274,2544131127690571392,Low-Mass*
2MASS J16114619+1656312,1198845807494428672,Low-Mass*
2MASS J12170676+3307415,4016521508183827840,Low-Mass*
SDSS J151335.41+460232.5,1587588137881352704,Low-Mass*
2MASS J15295790+5535463,1601160749932883712,Low-Mass*
LP  439-54,1244751547528502016,Low-Mass*
SDSS J141152.67+074431.7,3674279994139420416,Low-Mass*
2MASS J08124524+4034531,909561996121311872,Low-Mass*
2MASS J01374213-0050453,2508916690830582144,Low-Mass*
LP  705-35,2426810041551536512,Low-Mass*
[BHR2005] 829-34,2507659884616121216,Low-Mass*
2MASS J00345931-0102086,2542524844281460736,Low-Mass*
2MASS J00504455-0007597,2536788215378795648,Low-Mass*
2MASS J11563807+0413069,3896227381259466496,Low-Mass*
2MASS J00240425+0105366,2547003842336563072,Low-Mass*
Cl* NGC 2516    JTH    9908,5290763439338232192,Low-Mass*
2MASS J20411140+5712575,2187242538216409600,Low-Mass*
2MASS J09155240+4201459,816061378426941696,Low-Mass*
2MASS J13250759+5841178,1566117772462471808,Low-Mass*
2MASS J09182236+2136340,638454241534993280,Low-Mass*
SDSS J013411.88+011421.2,2558247310803289216,Low-Mass*
2MASS J16101229+2955598,1318744801723708544,Low-Mass*
SDSS J084422.52+511944.1,1027586456170508800,Low-Mass*
2MASS J11283407+3749104,761012335917062016,Low-Mass*
[BHR2005] 868-20,1153176423801660928,Low-Mass*
2MASS J08101947+1246214,650133563282452096,Low-Mass*
2MASS J07411075+2108568,673175135112897664,Low-Mass*
2MASS J00525262+0103098,2537529213200852736,Low-Mass*
2MASS J15281302+5642166,1602296923401794560,Low-Mass*
2MASS J06080346+2259117,3425289298197568128,Low-Mass*
2MASS J11330900+6132407,862601236024714880,Low-Mass*
2MASS J01483027+0033201,2509538881268750848,Low-Mass*
2MASS J12354249+2645091,3960839490574110848,Low-Mass*
2MASS J16493120+1927476,4562932130961550976,Low-Mass*
2MASS J18201045+2021263,4528661276939071488,Low-Mass*
SDSS J131008.25+140553.8,3743906774127726208,Low-Mass*
2MASS J00373832-0106594,2542485742899675904,Low-Mass*
2MASS J12033734+6312182,1584497548134058624,Low-Mass*
2MASS J15280734+4521043,1394826157346166912,Low-Mass*
2MASS J08140265+0331324,3091485230227182464,Low-Mass*
2MASS J08045350+1204504,650017775261943936,Low-Mass*
SDSS J120525.00+480414.3,1546190494303533696,Low-Mass*
2MASS J11153044+2412128,3992415888271400448,Low-Mass*
2MASS J23474506-0031298,2641870598934034944,Low-Mass*
2MASS J00401804+0028038,2543308280676056448,Low-Mass*
2MASS J17370318+3338237,4602226099557158528,Low-Mass*
2MASS J15115284+4701514,1587965515183426304,Low-Mass*
2MASS J11230220+2558159,3994494476348515328,Low-Mass*
2MASS J00154671+0115198,2546413885628986752,Low-Mass*
2MASS J00351248-0027293,2542769352476937472,Low-Mass*
SDSS J014241.25+000531.2,2509447858026331904,Low-Mass*
2MASS J19413958+7912304,2291728784606813696,Low-Mass*
SDSS J052803.17+004328.1,3221826801782526208,Low-Mass*
SDSS J133255.24+620841.5,1665223554407949312,Low-Mass*
SDSS J114936.38+350306.4,4031204218958002944,Low-Mass*
2MASS J12162465+3520375,4029159707150467968,Low-Mass*
2MASS J11170164+4049190,765509372834547968,Low-Mass*
2MASS J01272055-0038426,2485845122948864896,Low-Mass*
2MASS J13064075+1450022,3936170645830590464,Low-Mass*
Cl* NGC 2099    HGH  120670,3451205611899941760,Low-Mass*
2MASS J16250130+2033340,1201317543992689664,Low-Mass*
2MASS J09525613+2201171,640297504059078400,Low-Mass*
2MASS J12555917+5721544,1577152913540003968,Low-Mass*
SDSS J112919.77+282520.7,4021884169991288448,Low-Mass*
2MASS J09253775+3535171,798578215832229504,Low-Mass*
2MASS J23292403+0010377,2644566910683591680,Low-Mass*
2MASS J16401350+2310070,1299609004431986816,Low-Mass*
2MASS J16344188+1324237,4460457849114896640,Low-Mass*
SDSS J024528.43+010339.1,2499248650727830144,Low-Mass*
SDSS J005318.01+002729.8,2536930563479693568,Low-Mass*
2MASS J03214466-0043381,3262796426098282624,Low-Mass*
2MASS J03365175-0010049,3263731423298828928,Low-Mass*
2MASS J00533943-0002493,2536827213681784704,Low-Mass*
2MASS J10060167+4757549,822825578255554944,Low-Mass*
2MASS J23321307+0045010,2644707545093069952,Low-Mass*
2MASS J00325102-0022106,2542828760464492032,Low-Mass*
2MASS J03043679+0017557,3266680725801297920,Low-Mass*
2MASS J16283731+2924335,1306001565036792448,Low-Mass*
2MASS J08460494+1158325,601968292492292480,Low-Mass*
2MASS J00314064+0049315,2544262008231031808,Low-Mass*
2MASS J10115883+2218113,629259575547702016,Low-Mass*
2MASS J10553122+6657358,1060063731847522048,Low-Mass*
2MASS J10085714-0509022,3773944813322986240,Low-Mass*
LP  530-22,19693185261940096,Low-Mass*
2MASS J02394436+0043438,2501895896770998912,Low-Mass*
SDSS J202639.48+765126.4,2290306531956905472,Low-Mass*
2MASS J10160412+2010399,625719732221288960,Low-Mass*
LSPM J1551+6457,1641189157936120704,Low-Mass*
SDSS J165726.23+214450.7,4565091326984834816,Low-Mass*
2MASS J22085389+0100509,2682106750211538560,Low-Mass*
SDSS J105421.25+222559.9,3988913119103428096,Low-Mass*
2MASS J02594326+0047053,111810883737728,Low-Mass*
2MASS J01303673-0103185,2485849143038531968,Low-Mass*
2MASS J12250301+6219561,1583460261992441984,Low-Mass*
SDSS J215136.74-001400.6,2680889315961900544,Low-Mass*
2MASS J08035942+3924035,921043641999816576,Low-Mass*
Cl* Melotte   25     LH      39,3313311018233390208,Low-Mass*
SDSS J110057.96+404752.1,777286448037723904,Low-Mass*
2MASS J10262844+2954363,741625506377894912,Low-Mass*
TVLM 890-49148,2678429772875226496,Low-Mass*
2MASS J08271135+1225174,650786540046758016,Low-Mass*
2MASS J10072844+0606235,3873520026602594048,Low-Mass*
2MASS J01583970-0102210,2507382253634896000,Low-Mass*
[KJN2005] 3.01  325,3216490979227548800,Low-Mass*
2MASS J09332376+2057129,634873273897303168,Low-Mass*
[BHR2005] 868-22,6339355893352663552,Low-Mass*
SDSS J122659.84+284510.8,4010097302262813312,Low-Mass*
2MASS J23173563+5224576,1992584625972930432,Low-Mass*
2MASS J00312270+0042556,2544254758326199168,Low-Mass*
SDSS J233431.82+003632.3,2644645285246029312,Low-Mass*
2MASS J12365733+5151431,1569017867524790656,Low-Mass*
2MASS J16460007+2149074,4565655479527517952,Low-Mass*
SDSS J085613.67+112705.3,604658419488098176,Low-Mass*
2MASS J09334773+4043539,813350021408356608,Low-Mass*
2MASS J03154137+4234599,239755043084921600,Low-Mass*
LP  296-25,305180687924547456,Low-Mass*
2MASS J02361886+0046064,2501850095239707648,Low-Mass*
2MASS J08311694+4500303,917840283591677824,Low-Mass*
2MASS J14530655+5652317,1613529087513932800,Low-Mass*
2MASS J12412288+2727300,3962282255988598144,Low-Mass*
2MASS J08304306+0627059,595675542633897216,Low-Mass*
2MASS J09053576+4610471,1009918128945210880,Low-Mass*
SDSS J235442.02+000939.1,2642350196457214592,Low-Mass*
2MASS J00372725+0027198,2543343434984051584,Low-Mass*
2MASS J23435469-0032015,2642547279621840256,Low-Mass*
2MASS J00240722-0004211,2543767086262591360,Low-Mass*
2MASS J23140552+2301202,2839085223604993920,Low-Mass*
LP  643-73,2642297385540571392,Low-Mass*
2MASS J12312330+2705216,4008936561579839232,Low-Mass*
SDSS J005641.90-005751.6,2535959076236502528,Low-Mass*
SDSS J161005.87+252743.8,1315197257519654144,Low-Mass*
2MASS J10254990+1426280,3887388987102959744,Low-Mass*
2MASS J10344975+5442383,850456030584274432,Low-Mass*
2MASS J00501717+0046559,2537186509170738304,Low-Mass*
2MASS J00063559+2728238,2853837134891805440,Low-Mass*
SDSS J054154.68+005529.8,3219499208681531648,Low-Mass*
2MASS J00333634+0002221,2543971187405293824,Low-Mass*
2MASS J21304808+0028566,2687802701480215808,Low-Mass*
2MASS J09502554+1956054,627579899737480960,Low-Mass*
2MASS J13263974+4828045,1552872673141517568,Low-Mass*
SDSS J135344.18+524440.1,1560680854966468352,Low-Mass*
2MASS J10132312+2515060,726685204940531712,Low-Mass*
2MASS J16093566+2211489,1205680474850578816,Low-Mass*
SDSS J234736.99+365231.8,2879806358294167168,Low-Mass*
2MASS J15245106+3449522,1278738452671170944,Low-Mass*
2MASS J00160733+0004085,2545430067535709952,Low-Mass*
SDSS J160615.77+100433.6,4456386013958829952,Low-Mass*
2MASS J05324803+0016411,3221071024977221504,Low-Mass*
2MASS J00155332-0003476,2545423672328570368,Low-Mass*
2MASS J12573119+2542084,3958313538705013760,Low-Mass*
2MASS J01394989-1011559,2463982094440365568,Low-Mass*
SDSS J134743.58+095202.8,3725474148881868416,Low-Mass*
2MASS J09495460+5953240,1049863665555927168,Low-Mass*
2MASS J00251012-0958129,2426603681258122880,Low-Mass*
2MASS J00570001+0018024,2537227878295220608,Low-Mass*
2MASS J08465977+1657519,658285862183920000,Low-Mass*
2MASS J11561947+3452111,4031330113039264768,Low-Mass*
2MASS J08360834+2048528,664624890315428992,Low-Mass*
2MASS J21103857+1021247,1744693338580569984,Low-Mass*
LSPM J0410+1521,45190035277098880,Low-Mass*
2MASS J15483826+4001497,1377720264678726272,Low-Mass*
2MASS J01422790-0055156,2508938754078234112,Low-Mass*
SDSS J145323.80+293749.7,1281964827807746432,Low-Mass*
SDSS J073607.16+390730.8,899469780753535488,Low-Mass*
2MASS J16271262+1747352,4467296399121272576,Low-Mass*
2MASS J00455501-0016303,2531000351810466816,Low-Mass*
2MASS J12273137+3204253,4015604760299898112,Low-Mass*
2MASS J00134223+0002022,2545461330602089472,Low-Mass*
2MASS J13401296+4328062,1501625574338214400,Low-Mass*
2MASS J14082165+3028398,1453468820466862848,Low-Mass*
2MASS J11084686+5414471,843518142277066368,Low-Mass*
2MASS J16181985+1802297,1200346881384043264,Low-Mass*
SDSS J102511.54+003941.2,3831356843759355136,Low-Mass*
2MASS J00331814-0051354,2542725917471175808,Low-Mass*
LP   76-28,2226265515855134848,Low-Mass*
2MASS J15253332+4956133,1594621267087550336,Low-Mass*
2MASS J00454759+0045280,2549104837258416000,Low-Mass*
2MASS J12071152+4121228,1536922607713748480,Low-Mass*
2MASS J00481605+0013245,2537049727347451520,Low-Mass*
2MASS J23185817+0110176,2657319733736805120,Low-Mass*
2MASS J17033411+3921236,1353366185202546048,Low-Mass*
2MASS J15225239+0739587,1163647996450112000,Low-Mass*
2MASS J14083552+0140038,3667135436301825024,Low-Mass*
SDSS J214717.06-075903.3,2666402524416602112,Low-Mass*
2MASS J08273848+4642462,930198141452674176,Low-Mass*
2MASS J02550705+0027097,2498272185618663296,Low-Mass*
2MASS J16161150+1445290,4464452997630450432,Low-Mass*
2MASS J08021550+1155333,3151013790484801792,Low-Mass*
2MASS J08061505+0831221,3146015475048441344,Low-Mass*
2MASS J12101403+0111363,3699474895068852224,Low-Mass*
2MASS J12460361+4109563,1522142319577508864,Low-Mass*
2MASS J09141784+0024093,3842549322376245376,Low-Mass*
SDSS J141050.72+442849.7,1504729048987344640,Low-Mass*
LP  430-13,623958834285282944,Low-Mass*
2MASS J23163599-0018429,2645043548973494272,Low-Mass*
2MASS J07340759+2957213,879653076528328704,Low-Mass*
2MASS J10293114+4500368,830117431996889344,Low-Mass*
SDSS J122200.61+425541.2,1538127638097434368,Low-Mass*
2MASS J00474332+0039013,2549178508832832128,Low-Mass*
SDSS J033200.62+005709.5,3264841350222906624,Low-Mass*
2MASS J16251218-0030560,4407395417959962240,Low-Mass*
2MASS J09310756+2511478,645420579705387008,Low-Mass*
2MASS J15570086+3738354,1373473435376003840,Low-Mass*
2MASS J16215565+2728082,1305308907071163392,Low-Mass*
2MASS J16360823+3016299,1312105916153315072,Low-Mass*
2MASS J00285172-0056240,2543418437997269248,Low-Mass*
SDSS J115020.38+473909.3,786545194937728128,Low-Mass*
2MASS J23011525-0858178,2607115311258247552,Low-Mass*
2MASS J00011488+2437347,2850025261222030592,Low-Mass*
2MASS J13594631+5054240,1512201188274405888,Low-Mass*
SDSS J001227.61-105028.2,2427671268393694208,Low-Mass*
2MASS J09310163+2029544,634753285395605632,Low-Mass*
2MASS J00460922+0033532,2549092605191470464,Low-Mass*
GES J08111669-4922290,5514351667170003584,Low-Mass*
2MASS J00245536-0003159,2543770797114354560,Low-Mass*
2MASS J00190059+0021008,2545367670251550336,Low-Mass*
2MASS J09231496+2742313,695259478991901184,Low-Mass*
2MASS J09011042+4210043,1008817552167694592,Low-Mass*
2MASS J00303634+0022484,2543684970784460160,Low-Mass*
2MASS J00325649+0033119,2544051928494185984,Low-Mass*
2MASS J13172003+1530166,3744498556196466944,Low-Mass*
2MASS J00511741+0004107,2536889061210785280,Low-Mass*
2MASS J00315357+0025121,2544045984259287808,Low-Mass*
2MASS J13142243+1334412,3743629250520219904,Low-Mass*
2MASS J16323404+3744000,1331091625813131904,Low-Mass*
SDSS J053139.53+005928.9,3221192417932367744,Low-Mass*
2MASS J10013683+3533576,795586513412234496,Low-Mass*
2MASS J01410279+2406543,291014958069046400,Low-Mass*
2MASS J10074432+2608144,739016300860834048,Low-Mass*
2MASS J00183369+0052339,2547089535523639040,Low-Mass*
SDSS J115322.45+174459.9,3926535071385013248,Low-Mass*
SDSS J093521.16+121158.5,613997430736271872,Low-Mass*
SDSS J075834.33+105517.2,3150833260121842304,Low-Mass*
TVLM 868-53850,6340981796172195584,Low-Mass*
LSPM J1007+1134,3880382353549940224,Low-Mass*
2MASS J10081251+4931456,823810671955863936,Low-Mass*
SDSS J143941.34+041406.9,3656832982285257728,Low-Mass*
2MASS J14165992+3838062,1484861664147522560,Low-Mass*
2MASS J11205263+5908396,857614224942759296,Low-Mass*
2MASS J21040898-0003576,2690099478191465728,Low-Mass*
2MASS J23412978+0055017,2646017548772709760,Low-Mass*
2MASS J12542426+5900016,1578879730911629952,Low-Mass*
2MASS J02302462+0100054,2501364523416808192,Low-Mass*
2MASS J10384553+1755346,3985982091685886592,Low-Mass*
2MASS J23544330+3749002,2881208617873389568,Low-Mass*
2MASS J16072584+0730039,4451271742999459456,Low-Mass*
2MASS J00490037+0054495,2549190152488806912,Low-Mass*
2MASS J00385120+0003189,2543177576231651968,Low-Mass*
2MASS J23340157+0056397,2646170891989970816,Low-Mass*
2MASS J09330438+2404298,644524404713308544,Low-Mass*
SDSS J080125.05+125401.5,653316786884028416,Low-Mass*
2MASS J19405059+7847310,2291610587107547008,Low-Mass*
2MASS J13552635+4902290,1510455095090068480,Low-Mass*
2MASS J11440267+0037570,3795887771173487232,Low-Mass*
2MASS J21302540+1218424,1745975025545063040,Low-Mass*
SDSS J134308.30+425509.4,1501537952711449856,Low-Mass*
2MASS J21584906+1154068,2728369526584070144,Low-Mass*
SDSS J084943.95+065208.0,583193199440260864,Low-Mass*
2MASS J12080309+1807305,3950018238868133248,Low-Mass*
2MASS J20520762+7520040,2277893939031956096,Low-Mass*
2MASS J02034944+0044101,2508051169021631488,Low-Mass*
2MASS J10081032+4245572,808483784805779712,Low-Mass*
2MASS J00212017-0106580,2542062847535407744,Low-Mass*
2MASS J10490892+4932521,835591011333008768,Low-Mass*
2MASS J08021026+4438406,929172881220322816,Low-Mass*
2MASS J05311845+0011339,3221076664269566336,Low-Mass*
2MASS J14040502+0145228,3661343247701257728,Low-Mass*
2MASS J00404282+0054427,2549389301532097664,Low-Mass*
Cl* NGC 2099    HGH  150173,3451180769807545088,Low-Mass*
2MASS J00340849+0103348,2544106667854091648,Low-Mass*
2MASS J13414975+6244399,1664608171497629312,Low-Mass*
SDSS J110145.20+164617.9,3981903040986118144,Low-Mass*
2MASS J10553315+2529029,729728069010807168,Low-Mass*
2MASS J16164396-2351257,6050119498424114432,Low-Mass*
2MASS J08582875+2819040,693284859187488512,Low-Mass*
2MASS J08194602+1658539,656167618671591424,Low-Mass*
2MASS J02463614-0101045,2497641886283014656,Low-Mass*
2MASS J01031705-0036121,2536133486268518400,Low-Mass*
2MASS J08051994+3707299,907137779141175936,Low-Mass*
2MASS J20395045-0038190,4226534035884895360,Low-Mass*
2MASS J16363536+2448486,1300658209107453312,Low-Mass*
2MASS J10053789+4029411,803725996132331008,Low-Mass*
SDSS J035015.22+005141.9,3257776296524553984,Low-Mass*
SDSS J014014.42-000027.8,2509820901705760000,Low-Mass*
2MASS J00480333+0013144,2537046871193992960,Low-Mass*
2MASS J00314161+0030465,2544059625075426560,Low-Mass*
2MASS J03300393-0106190,3263226678742521600,Low-Mass*
2MASS J12261602+4712113,1542337324523688320,Low-Mass*
2MASS J09442562+0502067,3852848894467984512,Low-Mass*
2MASS J12522157+3426216,1515843457980164736,Low-Mass*
2MASS J00360961-0034046,2542752310047168256,Low-Mass*
SDSS J083217.61+525320.1,1028745513224174848,Low-Mass*
[BHR2005] 513-26,1265139040023271552,Low-Mass*
2MASS J00453211+0009383,2549040550187692416,Low-Mass*
2MASS J01215551+0055567,2535119427310195328,Low-Mass*
2MASS J02202549-0805376,2486570392601855488,Low-Mass*
2MASS J03102747+0022438,3266824113285094400,Low-Mass*
2MASS J12255284+3706334,1531418933540728960,Low-Mass*
2MASS J10274405+5221236,848528449261909248,Low-Mass*
SDSS J204637.28+744505.0,2277759081355195008,Low-Mass*
2MASS J14285509+4014403,1490914574441014784,Low-Mass*
2MASS J23425169-0011219,2642623558240662144,Low-Mass*
2MASS J00224190-0113208,2541953239970453376,Low-Mass*
SDSS J233448.96+485939.1,1943398278249610752,Low-Mass*
Cl* NGC 2632     JS     117,664605270904832768,Low-Mass*
2MASS J01340057+0046424,2510156080953594880,Low-Mass*
SDSS J011503.55-005942.4,2533680510187005568,Low-Mass*
2MASS J12583405-0252283,3685356611717653760,Low-Mass*
2MASS J09003664+0839299,585338041682971648,Low-Mass*
SDSS J222507.77+003558.2,2678431559581370880,Low-Mass*
2MASS J01164554+0049553,2535254843334503168,Low-Mass*
2MASS J07525042+4901137,934031623103015296,Low-Mass*
2MASS J08313186+5354399,1029048673492022784,Low-Mass*
2MASS J03371452-0035531,3263513964811136128,Low-Mass*
2MASS J20520095-0022170,4227482884355855744,Low-Mass*
2MASS J17065303+2219558,4568176629628840320,Low-Mass*
2MASS J12394606+5653218,1577677140067907968,Low-Mass*
2MASS J10050621+2515381,738683148837485056,Low-Mass*
2MASS J16365859+2532202,1300906118916532224,Low-Mass*
2MASS J00250592+0103397,2546958143884517376,Low-Mass*
2MASS J08505206+0004471,3074638581786142720,Low-Mass*
2MASS J08231306+1946519,663421990234903936,Low-Mass*
2MASS J01512881+0010298,2509274139484259712,Low-Mass*
2MASS J00194699-1009080,2428144127113003520,Low-Mass*
SDSS J103520.19+371705.5,754920324239506944,Low-Mass*
2MASS J14381569+5043126,1603945233064709248,Low-Mass*
2MASS J12223754+5450004,1572777411312871296,Low-Mass*
2MASS J00292306-1653249,2367443255534928000,Low-Mass*
SDSS J111948.19+364452.7,760529787752022528,Low-Mass*
2MASS J00343480-0047513,2542720626070719616,Low-Mass*
2MASS J09254420+1527440,630659975404268800,Low-Mass*
SDSS J093046.73+111334.6,589824010470822784,Low-Mass*
SDSS J144458.76-011745.8,3650523430513569280,Low-Mass*
2MASS J23060391+0020089,2651340142828653312,Low-Mass*
2MASS J09242519+2145438,638129133985047808,Low-Mass*
2MASS J09292098+2822138,696159188740500352,Low-Mass*
2MASS J00171029-0015556,2545217449474606208,Low-Mass*
2MASS J17295424+3231001,4601850405881002624,Low-Mass*
2MASS J11585708+3755310,4033480890927442688,Low-Mass*
SDSS J204427.38+000608.9,4227993568852441088,Low-Mass*
SIPS J1213-0034,3697925270868705280,Low-Mass*
2MASS J12024912+1359545,3921793019468247552,Low-Mass*
2MASS J13032992+5127582,1557363697104726912,Low-Mass*
[PS78] 151,2351469138289894528,Low-Mass*
2MASS J11055068+5852432,860383486711730432,Low-Mass*
2MASS J15475471+5248575,1596723297097600256,Low-Mass*
2MASS J14083010+3117186,1454285650232065664,Low-Mass*
2MASS J00464113+0114040,2549263652264495616,Low-Mass*
2MASS J01275660-0007034,2534031460554398976,Low-Mass*
2MASS J00420032-0015362,2543007293663653248,Low-Mass*
2MASS J00165741-0003597,2545236209892005888,Low-Mass*
2MASS J19262623+3736021,2051801161159809408,Low-Mass*
2MASS J00360952-0052052,2542549995610543232,Low-Mass*
2MASS J00460914-0011214,2537008869322936704,Low-Mass*
SDSS J094004.83+621558.2,1063282822720628864,Low-Mass*
2MASS J15265687+4949402,1594697550002514944,Low-Mass*
2MASS J22324882-1000551,2608998259282577152,Low-Mass*
2MASS J12180693+6154111,1582638931102673792,Low-Mass*
SIPS J0340-0100,3251421123610571392,Low-Mass*
SDSS J075705.80+202936.5,670462365050267648,Low-Mass*
2MASS J16342897+1657087,4466213070931102464,Low-Mass*
2MASS J00220805-0059282,2542147784809415040,Low-Mass*
2MASS J08053071+2701525,683775290494604544,Low-Mass*
TVLM 890-60235,2678452729475026304,Low-Mass*
2MASS J23380536-0109155,2641033870585344768,Low-Mass*
SDSS J053253.46+004631.5,3221126825193070720,Low-Mass*
SDSS J085614.78+113741.4,604767747880105472,Low-Mass*
SDSS J081411.13+324310.2,902031883370336512,Low-Mass*
2MASS J22572751+0741031,2712231749609721344,Low-Mass*
2MASS J09361533+3208117,697965239669183488,Low-Mass*
2MASS J23421858-0908207,2435817034647408896,Low-Mass*
2MASS J03465803-0010253,3257583057357693824,Low-Mass*
2MASS J16375219+3254168,1324848774884426496,Low-Mass*
2MASS J01021576+0048208,2536621600711835648,Low-Mass*
2MASS J23345983+0755363,2758176767125011968,Low-Mass*
2MASS J23425574+0005161,2642910805653205504,Low-Mass*
2MASS J10230791+3227037,748852493228402432,Low-Mass*
2MASS J01272205-0023272,2533985727742515456,Low-Mass*
2MASS J12493571+3756096,1520613036342349440,Low-Mass*
SDSS J223839.75+144455.6,2732818902249462272,Low-Mass*
2MASS J00381346+0112597,2544161883952067584,Low-Mass*
2MASS J11205154+6315041,863921985712458496,Low-Mass*
SDSS J052737.15+610052.0,286008130009895168,Low-Mass*
SDSS J005410.04-005605.6,2535924269821911296,Low-Mass*
2MASS J15575840-0056437,4409292389051192064,Low-Mass*
2MASS J13502597+1632181,1244269141096701312,Low-Mass*
2MASS J14575361+4446027,1586574461175671808,Low-Mass*
K2-128,3618386664139093504,Low-Mass*
2MASS J03225285-0030153,3262824979041389312,Low-Mass*
2MASS J09202986+0136067,3844226524283022592,Low-Mass*
2MASS J22471827+2315150,2837075728666519424,Low-Mass*
2MASS J13445198+5130098,1559052134647895680,Low-Mass*
2MASS J02242308-0022527,2500773918169211904,Low-Mass*
2MASS J21140166-0054519,2688903995518478336,Low-Mass*
2MASS J02562919-0033342,2497859727023721216,Low-Mass*
SDSS J232835.02-000916.9,2644489498192398720,Low-Mass*
2MASS J11061163+3727057,763061791231141376,Low-Mass*
2MASS J10352083+1706134,3889848667628266880,Low-Mass*
2MASS J02361298+0012122,2500270268829324032,Low-Mass*
2MASS J08555883+1214095,604852925671967232,Low-Mass*
2MASS J09235221+0202478,3844314622652838400,Low-Mass*
2MASS J01154181-0021322,2534549605408869760,Low-Mass*
2MASS J10173284+1008463,3877114291459123968,Low-Mass*
2MASS J14341661+4739539,1495167970750282880,Low-Mass*
Cl* NGC 2632   HSHJ      65,659524805629742592,Low-Mass*
2MASS J16321732+3216366,1324908625252888704,Low-Mass*
2MASS J14564947+5621503,1612692603979108864,Low-Mass*
2MASS J14273933+3740367,1481580480930715776,Low-Mass*
2MASS J16143531+1527065,4465108169120562304,Low-Mass*
2MASS J16553753+4159096,1354846746328485248,Low-Mass*
2MASS J11431293+3916381,766627163842974464,Low-Mass*
2MASS J00522842+0040313,2537126757585330816,Low-Mass*
2MASS J14422618+3108122,1282953597998484608,Low-Mass*
SDSS J023345.18-000502.4,2500282024154412160,Low-Mass*
2MASS J22064455+4435020,1962560742996247936,Low-Mass*
SDSS J131439.81+320747.8,1466546377407963776,Low-Mass*
2MASS J10383009+4509426,829594549797821056,Low-Mass*
2MASS J03385544+0041195,3263929850788273408,Low-Mass*
SDSS J173812.25+433057.8,1349210722740722304,Low-Mass*
SDSS J212834.81+004127.6,2688006248570153216,Low-Mass*
2MASS J16260546+3032382,1318327154807219968,Low-Mass*
2MASS J00352620+0055211,2544135495672931840,Low-Mass*
2MASS J00500897-0109161,2530648950470817664,Low-Mass*
2MASS J20593902-0052262,6917409833709478400,Low-Mass*
2MASS J22011813-0113177,2679828386024796544,Low-Mass*
2MASS J08432901+1249461,602325526396969728,Low-Mass*
2MASS J01442215-0025361,2509353334385975936,Low-Mass*
SDSS J093654.19+625948.7,1063376727885327488,Low-Mass*
2MASS J09282140+4328569,817595094067949056,Low-Mass*
2MASS J23395411+4307538,1925609936754833024,Low-Mass*
2MASS J15113353+4255330,1393414968532173952,Low-Mass*
2MASS J00271847-0016261,2543537906808302592,Low-Mass*
2MASS J16294258+2848445,1305908480208601600,Low-Mass*
2MASS J20435275-0656484,6907264914797540736,Low-Mass*
2MASS J22140941-0014305,2678634561210559488,Low-Mass*
2MASS J08335103+2249400,665893584998458624,Low-Mass*
2MASS J00224264+0108149,2546925124175842688,Low-Mass*
2MASS J16153442+5305445,1427905720582542464,Low-Mass*
SDSS J081823.23+061834.3,3096486771183382400,Low-Mass*
2MASS J08575229+4752105,1014029997492096384,Low-Mass*
SDSS J010834.85+004621.6,2537846113069091200,Low-Mass*
2MASS J00225243+0007570,2546788234977923968,Low-Mass*
2MASS J12345058+6047349,1583028982852177280,Low-Mass*
2MASS J01384830+0014383,2509890411456660480,Low-Mass*
2MASS J00545203+0059035,2537533783046028288,Low-Mass*
2MASS J22133821-0054248,2678529725353996672,Low-Mass*
LP  240-55,2876595273240771840,Low-Mass*
2MASS J16114028+3948592,1379192137086246016,Low-Mass*
2MASS J16132172+4248030,1382001664173978624,Low-Mass*
SDSS J144941.87+001155.0,3651115105209216256,Low-Mass*
2MASS J21504684-0022468,2680880485509099136,Low-Mass*
2MASS J21323636+1035256,1742647555462719104,Low-Mass*
SDSS J095657.87+000825.2,3833504434781660800,Low-Mass*
2MASS J12210499-0007180,3698200866034344704,Low-Mass*
2MASS J11253986+4127087,770667628556950784,Low-Mass*
2MASS J09123766-0243229,5760033314145140736,Low-Mass*
2MASS J10281431+5857594,1047324579674275456,Low-Mass*
2MASS J21571729-0030488,2680129961448910208,Low-Mass*
2MASS J12525481+5806414,1577328869759830144,Low-Mass*
2MASS J16131082-2313514,6242552931141875968,Low-Mass*
2MASS J01540638-0042229,2506151831403641344,Low-Mass*
2MASS J10401440+2025383,3987502961080600320,Low-Mass*
2MASS J09140148+3246519,701752236889250432,Low-Mass*
2MASS J02285705+0045505,2501332775018279168,Low-Mass*
2MASS J09191669+2106468,637668198095133952,Low-Mass*
2MASS J12405234+1854045,3948030420629294592,Low-Mass*
LSPM J1216+0045,3698551747682770944,Low-Mass*
SDSS J074202.79+151828.1,3165582555774930176,Low-Mass*
2MASS J07382116+2703050,872178527762594688,Low-Mass*
2MASS J00153687-0036428,2545181470533108608,Low-Mass*
2MASS J00502191+0058222,2537208125741271040,Low-Mass*
SDSS J115943.06+480547.5,774618964110017536,Low-Mass*
SDSS J213924.21-005917.2,2686967175721922176,Low-Mass*
2MASS J00474029+0016521,2537059893534866816,Low-Mass*
2MASS J01161559+2450386,294110499913229952,Low-Mass*
2MASS J17032900+2410561,4571687675195360384,Low-Mass*
2MASS J12542803+1929181,3941973004912951936,Low-Mass*
2MASS J23391318+4249492,1925392267812309120,Low-Mass*
SDSS J015143.65+004618.8,2510880216734767232,Low-Mass*
2MASS J04201632+0602039,3285051095497057408,Low-Mass*
2MASS J15474750+3103235,1369261485502553216,Low-Mass*
SDSS J083050.06+081941.4,599167900803513088,Low-Mass*
2MASS J08144950+4243049,927802241191253504,Low-Mass*
2MASS J03283684+0610166,9574169297570304,Low-Mass*
2MASS J11175278+3025459,4023254676874410368,Low-Mass*
2MASS J23402687+1341477,2764923267390666112,Low-Mass*
SDSS J104028.73+513606.5,836950140848874880,Low-Mass*
2MASS J20540095+0031546,4227694776567478784,Low-Mass*
2MASS J03062689+0108169,3267169046403442432,Low-Mass*
2MASS J23254434-0029056,2644145488491855104,Low-Mass*
SDSS J123627.51+322936.6,1514643615916591488,Low-Mass*
SDSS J154352.19+360601.6,1375873639196019712,Low-Mass*
2MASS J08542632+2318079,686235890142065024,Low-Mass*
2MASS J12442447+1755263,3935713004180382464,Low-Mass*
2MASS J00473604+0026256,2537071167824179712,Low-Mass*
2MASS J16175874+2902175,1317749778060217344,Low-Mass*
2MASS J09452801+1806447,621163669568959232,Low-Mass*
2MASS J21022661+0043317,1729527873481539200,Low-Mass*
2MASS J12122519+6359392,1584416875764013440,Low-Mass*
2MASS J21491505+0113587,2693355093465693696,Low-Mass*
SDSS J142517.85+411553.5,1491214466238780544,Low-Mass*
2MASS J00165257+0017505,2545527713616635520,Low-Mass*
2MASS J16273797+1743539,4467292379031846912,Low-Mass*
2MASS J10143117+4738485,810611855201513600,Low-Mass*
CTI 015338.5+280036,298990338675917952,Low-Mass*
2MASS J13522098+4028235,1497313083576200192,Low-Mass*
2MASS J09174464+3934539,812256484078670336,Low-Mass*
2MASS J14263050+6045011,1618327291832637952,Low-Mass*
2MASS J23193463-0008047,2645059393108546176,Low-Mass*
2MASS J16422788-1942350,4130717065019757056,Low-Mass*
2MASS J15073539+3249421,1288817813202644992,Low-Mass*
2MASS J02002879-0045090,2506672248296431616,Low-Mass*
2MASS J08063264+5056530,935412918944644608,Low-Mass*
2MASS J11014912+5909418,860618880983816320,Low-Mass*
2MASS J08382301+2055355,664524456799674624,Low-Mass*
2MASS J00311518-0055443,2542682521121205248,Low-Mass*
SDSS J155730.59+183657.1,1202920009176394368,Low-Mass*
2MASS J02441543+0058214,2499288164426923136,Low-Mass*
2MASS J22042508-0039596,2677248519429101440,Low-Mass*
2MASS J12240287-0247153,3693442699401717632,Low-Mass*
SDSS J132005.21+333050.1,1472732775286736384,Low-Mass*
SDSS J152651.60+024351.1,4421338737225902208,Low-Mass*
[CBH2015] V2058,3451177853527830656,Low-Mass*
2MASS J12513794+4941346,1567449074884438784,Low-Mass*
2MASS J22422106+2307249,1875964955237351680,Low-Mass*
2MASS J09041916+4554559,1009892775754325632,Low-Mass*
2MASS J17045857+3444518,1338031433972393088,Low-Mass*
SDSS J113035.55+600310.8,859187866601693952,Low-Mass*
2MASS J00524815-0114370,2535889016733488896,Low-Mass*
2MASS J09155491+3223267,701563322751712768,Low-Mass*
2MASS J08481376+1631108,610208582386895360,Low-Mass*
2MASS J01352110-0902243,2465098609843658880,Low-Mass*
SDSS J100311.84+111347.0,3881014190483718144,Low-Mass*
2MASS J01054110+0002430,2536287284753004288,Low-Mass*
2MASS J12552732+2307554,3956544046537279104,Low-Mass*
SDSS J024531.61+005729.1,2499241194664569856,Low-Mass*
2MASS J03053735-0003312,3266375817483460224,Low-Mass*
2MASS J10505418+2946140,734827230278020864,Low-Mass*
2MASS J16024956+0838126,4454634251417214720,Low-Mass*
SDSS J025953.69-002513.6,5188118458306925952,Low-Mass*
2MASS J12133156+1825413,3949921378765995264,Low-Mass*
2MASS J14453628+4327415,1490515726598824832,Low-Mass*
SDSS J235539.73+004048.9,2642409256552995200,Low-Mass*
2MASS J03313904+0103344,3264881031425111808,Low-Mass*
2MASS J22044981-0106005,2677215087404156544,Low-Mass*
2MASS J03412089-0052569,3251445995766490496,Low-Mass*
2MASS J16100554+1152177,4457187905830297728,Low-Mass*
2MASS J23384034+1552214,2819496122582113792,Low-Mass*
2MASS J14091708+0308184,3667588950490086528,Low-Mass*
2MASS J13445198+0251094,3665302657792779904,Low-Mass*
2MASS J09572108+1100323,3879532117528796928,Low-Mass*
2MASS J01220955-0108300,2533476035383873792,Low-Mass*
2MASS J01120249+0102479,2537957782217598336,Low-Mass*
2MASS J12131491-0018436,3698322297645336576,Low-Mass*
2MASS J00393313+0058094,2543399746299777280,Low-Mass*
SDSS J084721.18+342909.3,716422500846424448,Low-Mass*
2MASS J00365728-0023423,2543130709548114944,Low-Mass*
2MASS J08505639+1424149,608910467176878976,Low-Mass*
2MASS J00225499+0015375,2546798993872542208,Low-Mass*
2MASS J02144944-0110413,2494759860148102016,Low-Mass*
1RXS J082806.1-304035,5643481856092262016,Low-Mass*
2MASS J22153777-0058384,2677785046744189696,Low-Mass*
2MASS J23143814+1445136,2817021770448276352,Low-Mass*
2MASS J03324049-0111095,3263189432785822848,Low-Mass*
2MASS J09215101+2127353,637768219293495936,Low-Mass*
[BHR2005] 889-65,2683441175075377152,Low-Mass*
2MASS J11053823-1528382,3562612596790554112,Low-Mass*
SDSS J153510.55+071950.1,4430798007559513984,Low-Mass*
2MASS J12583992+4209143,1527683656319428608,Low-Mass*
Cl* NGC 2099    HGH  130840,3451204654125933568,Low-Mass*
2MASS J09123114+1115530,592122951844093312,Low-Mass*
2MASS J05250395+6048384,285999677514393728,Low-Mass*
SDSS J200237.30+000335.4,4236964351086227200,Low-Mass*
2MASS J23451308+0049184,2643350369786390528,Low-Mass*
2MASS J13135593+5249582,1563115723466205568,Low-Mass*
2MASS J21183030+1141134,1746433826832644352,Low-Mass*
2MASS J09021476+3518375,715249115780879616,Low-Mass*
2MASS J00180307-0042326,2545138147198467328,Low-Mass*
SDSS J083645.41+551235.1,1030727486012853760,Low-Mass*
2MASS J03205899+0025499,3267436884859246080,Low-Mass*
2MASS J08065086+3021103,876914639740036864,Low-Mass*
SDSS J204633.28-054418.1,6913422592230481792,Low-Mass*
2MASS J14452030+0057140,3652162630551996672,Low-Mass*
SDSS J233923.55+425741.9,1925581516952456704,Low-Mass*
2MASS J02484539+0026118,2498963396180240256,Low-Mass*
2MASS J02505048-0041420,2497712598624054144,Low-Mass*
SDSS J220336.58+000127.2,2680430780958200960,Low-Mass*
2MASS J08274800+2455112,678764811710304256,Low-Mass*
2MASS J00253818+0001031,2543748257126349056,Low-Mass*
2MASS J16114429+2253294,1205801867806498432,Low-Mass*
2MASS J09205530+4603056,819391833506366080,Low-Mass*
2MASS J15294656+5459010,1601109450842951680,Low-Mass*
2MASS J02385033-0004083,2498731674104438528,Low-Mass*
2MASS J16243296+0703534,4439559092308592640,Low-Mass*
2MASS J08533859+2229335,686121579588162688,Low-Mass*
SDSS J104305.60+091450.0,3869458636808018560,Low-Mass*
GES J08100204-4939564,5514341191750996608,Low-Mass*
2MASS J03083521+0011407,3266489071476198400,Low-Mass*
2MASS J01522401+0010330,2510763668502276480,Low-Mass*
2MASS J13224409+5130410,1562756256180135168,Low-Mass*
2MASS J14545707+0205502,1154166911979566464,Low-Mass*
2MASS J00291735+0106439,2544330658988204800,Low-Mass*
2MASS J09360265+2036379,634617740523070592,Low-Mass*
2MASS J00214633+0023501,2546811530881062400,Low-Mass*
SDSS J093808.83+181511.1,632958611836295552,Low-Mass*
SDSS J234039.88+010614.4,2646036270535513728,Low-Mass*
2MASS J07504972+2900350,875786987486066688,Low-Mass*
2MASS J09325390+1952593,634470332950146304,Low-Mass*
2MASS J09142201+4548242,1011107491289211008,Low-Mass*
2MASS J10073401+0554010,3873235111357287424,Low-Mass*
2MASS J15504196+0808228,4430407784010128768,Low-Mass*
2MASS J09032119+4517154,1009763613202204800,Low-Mass*
2MASS J10060958+4518303,809952320024154112,Low-Mass*
SDSS J160257.87+564818.0,1621817652841355392,Low-Mass*
2MASS J08155364+1927009,663527818229814016,Low-Mass*
2MASS J06022544+2324589,3424675328330445440,Low-Mass*
2MASS J00141083+1610028,2769427077471081600,Low-Mass*
2MASS J08542815+2800134,692956453104839808,Low-Mass*
2MASS J09220315+1043286,592549493635842816,Low-Mass*
2MASS J05280646+0041275,3221814741514323456,Low-Mass*
2MASS J08304817+4208520,915235093871944960,Low-Mass*
2MASS J13543418+6453078,1671165383962898560,Low-Mass*
2MASS J12412524+5848495,1578272628693926528,Low-Mass*
2MASS J08173561+1911040,663457380766286464,Low-Mass*
2MASS J16275154+1731012,4467097490596041728,Low-Mass*
2MASS J11274406+6317022,863890757004663552,Low-Mass*
2MASS J00211736+0041421,2546883415749957376,Low-Mass*
2MASS J09050375+0908226,591208811005107456,Low-Mass*
SDSS J034902.49+004507.7,3257752764401062400,Low-Mass*
2MASS J03452015-0006405,3251594292397381760,Low-Mass*
2MASS J00492003+0053420,2537203654680219136,Low-Mass*
2MASS J05265076-0105434,3220310953204557312,Low-Mass*
2MASS J21012953-0742015,6909006545511630464,Low-Mass*
SDSS J093411.65+621323.5,1063246783651175168,Low-Mass*
2MASS J14124118+3718005,1484278545027555712,Low-Mass*
2MASS J12480219+1536450,3934068581461430016,Low-Mass*
2MASS J00242510-0016176,2543712419918709504,Low-Mass*
SDSS J092023.14+030923.2,3845801505970948224,Low-Mass*
SDSS J002312.66-001609.6,2542262305817770240,Low-Mass*
2MASS J12001466+6141146,1582442870139295488,Low-Mass*
2MASS J17391734+6336558,1440231108489791488,Low-Mass*
SDSS J090927.30+435433.1,817244147995987200,Low-Mass*
2MASS J13501339+6624160,1672150825554701824,Low-Mass*
2MASS J00390891-0050062,2542872496114716032,Low-Mass*
2MASS J10091213+2332315,630182821717493248,Low-Mass*
2MASS J15113055+3157579,1276660371398547456,Low-Mass*
2MASS J18244344+2937133,4588343077334332032,Low-Mass*
2MASS J22581101-0815530,2610400828096001024,Low-Mass*
2MASS J14210618+3055398,1285189523613281664,Low-Mass*
2MASS J23332663+0007333,2644416728561991680,Low-Mass*
2MASS J14214221+0518351,3669784984447122560,Low-Mass*
2MASS J23415368+0035051,2642994059299383808,Low-Mass*
2MASS J22414763-0101176,2653045661457349504,Low-Mass*
SDSS J041008.68-041234.7,3251645664502611840,Low-Mass*
2MASS J23564816+0037485,2642394481865482240,Low-Mass*
2MASS J13022744+6319597,1676260353342470144,Low-Mass*
SDSS J000648.02-010448.9,2544916591309506304,Low-Mass*
2MASS J10574805+3527188,762370782533469824,Low-Mass*
SDSS J094807.50+513119.0,827976854656004096,Low-Mass*
2MASS J23491245-0003337,2642295147861426176,Low-Mass*
SDSS J233139.53-000925.2,2644313129655473152,Low-Mass*
2MASS J14355085+4649125,1495063341050869760,Low-Mass*
2MASS J15074458+1015076,1168031405712733952,Low-Mass*
2MASS J00485234-0017253,2536946613772600960,Low-Mass*
2MASS J01363247+0058380,2510174807010843776,Low-Mass*
SDSS J012832.93-005320.4,2485822789119351296,Low-Mass*
2MASS J14002425+1949313,1246638897891641600,Low-Mass*
2MASS J01080260+0014338,2537788732305475840,Low-Mass*
2MASS J13514358+2848375,1452193971094613248,Low-Mass*
2MASS J00232472-0020088,2542258143992472832,Low-Mass*
SDSS J025655.35+005350.9,302193899063168,Low-Mass*
2MASS J20434183-0457595,6914274271362021504,Low-Mass*
Cl* NGC 2516    JTH    8037,5290671900694357376,Low-Mass*
RX J1124.1+3808B,764072693389251456,Low-Mass*
2MASS J22522675+1302031,2719744888656261504,Low-Mass*
2MASS J08010094+1928332,670109834133706496,Low-Mass*
2MASS J11202102+1301144,3964286219010375680,Low-Mass*
2MASS J16263825+0952565,4452638431656132480,Low-Mass*
SDSS J164936.24+352516.1,1327041510307827456,Low-Mass*
2MASS J21330170-0008068,2687707795587342848,Low-Mass*
2MASS J16415398+2111059,4564274840817004800,Low-Mass*
2MASS J09171308+0011507,3842559905173656704,Low-Mass*
SDSS J101517.68+493105.4,847031734764431360,Low-Mass*
2MASS J00225379-0053471,2542155343951891072,Low-Mass*
2MASS J02274305-0012247,2500414270492354560,Low-Mass*
2MASS J03221097+0030118,3267394411927390464,Low-Mass*
2MASS J21124450+0009353,2689593840281619712,Low-Mass*
SDSS J154848.33+283709.4,1224613098714599808,Low-Mass*
2MASS J15123776+5849256,1614856236703932544,Low-Mass*
2MASS J08284488+1406096,651634362299889280,Low-Mass*
SDSS J114556.49+422219.6,769451813509441920,Low-Mass*
2MASS J10515351+3513137,738573571337866112,Low-Mass*
2MASS J22165339+0021029,2678775191324765312,Low-Mass*
SDSS J142529.12+513624.8,1604843190468655744,Low-Mass*
2MASS J02511261+0022551,2498226757749549568,Low-Mass*
2MASS J08211789+2334172,678928093483270144,Low-Mass*
SDSS J001934.78-103636.6,2425019452507366528,Low-Mass*
2MASS J02223050-0003305,2500845175971175680,Low-Mass*
2MASS J23163463+0009496,2645120824025676416,Low-Mass*
[BHR2005] 513-117,1267769999549825024,Low-Mass*
2MASS J12032402+4545389,1539585693595046656,Low-Mass*
2MASS J00391062+0046043,2543378134024671104,Low-Mass*
2MASS J09521917+5643583,1046243347427264512,Low-Mass*
2MASS J03021825-0700187,5180095566771677824,Low-Mass*
LSPM J0657+4029,950501246430703360,Low-Mass*
2MASS J01354363-1033225,2464603284150180736,Low-Mass*
2MASS J00224032-0000184,2543782930398263680,Low-Mass*
2MASS J11254432+1941035,3978385462770815616,Low-Mass*
2MASS J12285721+1727317,3946191388648485632,Low-Mass*
2MASS J02414699+0050248,2498899143469665408,Low-Mass*
2MASS J00374045-0043387,2542921390022445312,Low-Mass*
2MASS J00453989+0038026,2549097071957494016,Low-Mass*
2MASS J01123602+0003306,2534733399945025920,Low-Mass*
LSPM J0852+0246,578080882687061760,Low-Mass*
SDSS J231921.90+531425.1,1995673184207675136,Low-Mass*
2MASS J03073901-0026377,3266300191699061376,Low-Mass*
2MASS J00505906+0044123,2537182974412794752,Low-Mass*
SDSS J233919.49+432550.7,1925653397526225792,Low-Mass*
SDSS J025814.09+010909.7,336553637610624,Low-Mass*
SDSS J003139.94+004939.7,2544262759849671296,Low-Mass*
2MASS J21571829+0026330,2681370725963246464,Low-Mass*
SDSS J032057.54-011443.0,3262619782683468160,Low-Mass*
SDSS J092838.64+432846.6,817592379648616704,Low-Mass*
2MASS J11273414+3105224,4023614801292021760,Low-Mass*
2MASS J00032612-0039394,2545748990331707776,Low-Mass*
2MASS J00371239-0051164,2542543986952648064,Low-Mass*
2MASS J03240249-0048177,3262753407706278272,Low-Mass*
2MASS J00514424-0007359,2536869682318347136,Low-Mass*
2MASS J09250672+5544149,1024928455529323392,Low-Mass*
2MASS J09250972+2241467,638995446069187712,Low-Mass*
SDSS J110837.47+135234.0,3968320052294155392,Low-Mass*
SDSS J083848.04+074505.8,596207809340597504,Low-Mass*
2MASS J23202576-0046140,2644770217254776576,Low-Mass*
SDSS J092048.01+422215.7,817479198670619008,Low-Mass*
2MASS J10051936+0203557,3836092547714248192,Low-Mass*
2MASS J09025121+0405179,578429324794370688,Low-Mass*
2MASS J13064822+0147434,3691207869002566016,Low-Mass*
2MASS J22455784+3059276,1888121121435562240,Low-Mass*
2MASS J23590043+1502214,2772049172185626752,Low-Mass*
2MASS J10134251+3711225,754164822312490624,Low-Mass*
SDSS J162107.73+115021.2,4460002170263843456,Low-Mass*
SDSS J221714.27+003346.4,2679157787011201536,Low-Mass*
SIPS J1607-0442,4404521333221783680,Low-Mass*
2MASS J14550518+2305436,1262678637944453248,Low-Mass*
Cl* NGC 2682    FBC     368,608013304342452864,Low-Mass*
2MASS J12574339+2302279,3956623619395873280,Low-Mass*
2MASS J13441911+4708483,1504092947149478528,Low-Mass*
2MASS J00553957+0014508,2537234063048556160,Low-Mass*
LSPM J1403+3506,1482194386377434368,Low-Mass*
2MASS J16330257+2906517,1305756953764361344,Low-Mass*
2MASS J15520923+4404595,1396759236226720640,Low-Mass*
2MASS J08484302+4611224,1013427804421258368,Low-Mass*
2MASS J16384725+1236384,4460908202204763520,Low-Mass*
SDSS J094521.04+124935.0,614287903669244160,Low-Mass*
2MASS J09375106+2044343,634641066490410112,Low-Mass*
SDSS J160027.31+002726.9,4410086163429746688,Low-Mass*
2MASS J13371767+5248524,1560133714789193984,Low-Mass*
2MASS J04140131+1547177,3312211364868990080,Low-Mass*
Cl* NGC 2632   HSHJ     491,660965745681034112,Low-Mass*
SDSS J234406.94+001829.5,2642921628971147520,Low-Mass*
SDSS J011354.49+002352.9,2534840086932941056,Low-Mass*
SDSS J120843.93-031623.3,3598214714579478784,Low-Mass*
2MASS J01534184+1433172,78066738616902272,Low-Mass*
2MASS J09300293+1321078,617362005036558976,Low-Mass*
SDSS J141442.01+412630.5,1486174171791853952,Low-Mass*
2MASS J01074379+0056207,2537899130144114816,Low-Mass*
2MASS J13475623+1402389,3740870163529501824,Low-Mass*
2MASS J21553556-0730589,2618827446556465408,Low-Mass*
SDSS J005631.49+003954.1,2537321680382214912,Low-Mass*
2MASS J20513109+0345361,1734138812932437632,Low-Mass*
2MASS J12134800+4641202,1545113904916699264,Low-Mass*
2MASS J00461582-0039417,2530925550660034560,Low-Mass*
2MASS J00385933-0101508,2542851055637930112,Low-Mass*
2MASS J13305001-5257513,6068923105764564864,Low-Mass*
2MASS J15522851+3936472,1376898865068074624,Low-Mass*
2MASS J10155744+6324574,1052911954169585792,Low-Mass*
2MASS J01144907+0023036,2534858877413982208,Low-Mass*
2MASS J02233620+0057085,2501495129077099776,Low-Mass*
2MASS J01123822+2521277,294368605972728320,Low-Mass*
2MASS J08084001+2247374,677175884263863680,Low-Mass*
SDSS J232137.62+002715.7,2645201947367931776,Low-Mass*
2MASS J12024274+0026138,3698999695592090624,Low-Mass*
2MASS J01254014-1044222,2458781915541989120,Low-Mass*
2MASS J04075645+1525522,45156530236556032,Low-Mass*
2MASS J11250905+1218505,3965441943169788160,Low-Mass*
2MASS J12330184+4051519,1533977359659922816,Low-Mass*
2MASS J05305506-0038260,3220720388142191872,Low-Mass*
2MASS J02272342+0114534,2501419430278552064,Low-Mass*
2MASS J08582812+2627324,691800522785930624,Low-Mass*
SDSS J161425.11+450843.7,1385789030759224704,Low-Mass*
2MASS J02003889+1412325,77849481991276800,Low-Mass*
2MASS J14593739+4850321,1592103866496527104,Low-Mass*
2MASS J05351678-0507273,3209529146480534016,Low-Mass*
Cl* NGC 2099    HGH  130157,3451182182853004160,Low-Mass*
SDSS J145407.72+004139.3,3651262749005101824,Low-Mass*
2MASS J00175319-0018047,2545214558960826112,Low-Mass*
2MASS J23532639+0056565,2642477258771379200,Low-Mass*
[IHA2007] N2516-1-7-3741,5289992990923208704,Low-Mass*
2MASS J01031883+0040214,2536574222928114048,Low-Mass*
2MASS J01360185+0105411,2510189341180584192,Low-Mass*
2MASS J11073574+2821408,731988836716223232,Low-Mass*
2MASS J22494005+2327251,2837093973687165312,Low-Mass*
SIPS J1832-4435,6709672406031413504,Low-Mass*
2MASS J09532147+3855514,800205149443434880,Low-Mass*
2MASS J00500583-0000584,2536981347172644096,Low-Mass*
2MASS J00211944+0052479,2546914270794715392,Low-Mass*
2MASS J03280742-0020599,3264097732470033408,Low-Mass*
SDSS J101645.55+324839.5,746105883117464192,Low-Mass*
2MASS J23554247+0115216,2738568046688040320,Low-Mass*
2MASS J08362860+3526274,903712830485346816,Low-Mass*
2MASS J00541525-0054007,2535926022168581888,Low-Mass*
2MASS J16124726-1903531,6245819786343951744,Low-Mass*
2MASS J22131318-0000027,2678750387887938688,Low-Mass*
SDSS J110543.88+473752.7,783589540187616384,Low-Mass*
2MASS J00260711-0041292,2543496468963738368,Low-Mass*
LSPM J1243+3612,1520040023281009792,Low-Mass*
2MASS J23574196-0027464,2642067720752876928,Low-Mass*
2MASS J22391489+0016295,2654003061206451456,Low-Mass*
SDSS J164912.98+243228.5,1300072100689980160,Low-Mass*
2MASS J15385080+4116184,1390047134351464320,Low-Mass*
2MASS J01112293+0002040,2534738996287111680,Low-Mass*
2MASS J15403202+4136480,1390139798270798080,Low-Mass*
2MASS J16173939+1504183,4464840128801946496,Low-Mass*
SDSS J195028.51+763746.7,2289689740292963328,Low-Mass*
2MASS J16281969+0107523,4431866767220126592,Low-Mass*
2MASS J03260465-0106039,3262496779115575552,Low-Mass*
2MASS J10591319+3545380,762467230319083264,Low-Mass*
SDSS J220245.59+005258.3,2680744691530012416,Low-Mass*
2MASS J16054704+2741108,1316436372765020160,Low-Mass*
SDSS J032651.35+003147.0,3264483867209319552,Low-Mass*
SDSS J131509.87+540808.5,1563308142297577344,Low-Mass*
SDSS J074046.41+443535.9,926909364736093952,Low-Mass*
2MASS J14391186+2334291,1242675429056205440,Low-Mass*
2MASS J00580217+0042258,2537279417902914944,Low-Mass*
2MASS J12171660+1914570,3950353997936144640,Low-Mass*
SDSS J163422.38+283410.6,1305664491706923008,Low-Mass*
2MASS J15241145-0058447,4415461263460512256,Low-Mass*
2MASS J14040516+6129197,1661379116294954880,Low-Mass*
2MASS J21525008+0100314,2681638113444932864,Low-Mass*
2MASS J00512081-0011188,2536775291821692416,Low-Mass*
2MASS J10464791+3040141,735107021628332800,Low-Mass*
Cl* Melotte   25     VA      95,45756902240828928,Low-Mass*
SDSS J025959.61-003317.1,5188111998675881984,Low-Mass*
2MASS J14421660+1959292,1237865718519872128,Low-Mass*
2MASS J02380157-0009333,2497240049142371840,Low-Mass*
LSPM J1246+4417,1540935962593491456,Low-Mass*
SDSS J235820.94+001649.0,2642182039898783488,Low-Mass*
SDSS J230634.17+011012.4,2652233014990422016,Low-Mass*
2MASS J02093275-0007547,2506951794832430848,Low-Mass*
2MASS J08514223+2617278,691000658142009472,Low-Mass*
2MASS J08511494+4017035,912202881317937792,Low-Mass*
2MASS J12532638+0300302,3704492275864089600,Low-Mass*
[BHR2005] 213-23,826867589158266496,Low-Mass*
2MASS J09151951+2452559,687713053950267264,Low-Mass*
SDSS J153249.49+064254.7,4429249074847806336,Low-Mass*
UCAC4 448-001035,2536759765515398272,Low-Mass*
2MASS J19312708+5948588,2238821354526097664,Low-Mass*
SDSS J014536.03+000606.3,2509412020819219072,Low-Mass*
2MASS J12441657-0242016,3682240222102156544,Low-Mass*
2MASS J00384206-0014206,2542975128653473152,Low-Mass*
2MASS J00373067-0032456,2542937126782704640,Low-Mass*
2MASS J00560174-0021227,2536062537704461568,Low-Mass*
2MASS J22121960+0527311,2708298590358643072,Low-Mass*
2MASS J00582942+0011024,2536494332241187072,Low-Mass*
2MASS J00334415-0016574,2542836216527754752,Low-Mass*
SDSS J011515.95-004743.1,2533687760091443840,Low-Mass*
2MASS J03163008+0003450,3266002498926172928,Low-Mass*
2MASS J00210135+0028334,2546862834266671360,Low-Mass*
2MASS J15071673-0131436,4418335043257949952,Low-Mass*
2MASS J14012556-4033164,6111119785062164480,Low-Mass*
2MASS J00221635+0107382,2546925605212607616,Low-Mass*
2MASS J03063335+0042262,3266724160806194176,Low-Mass*
2MASS J03202628+0027331,3267449529242928640,Low-Mass*
2MASS J08063759+2957532,876829427588657920,Low-Mass*
SDSS J135942.74+272019.2,1450960078529179520,Low-Mass*
2MASS J14475960-0149147,3650248621326836864,Low-Mass*
2MASS J01573783+0100446,2507937988043539200,Low-Mass*
DENIS J161758.1-265034,6048359828844606208,Low-Mass*
SDSS J041331.59+165545.8,45832287505921664,Low-Mass*
2MASS J16094313+2044288,1204936410421263360,Low-Mass*
2MASS J10355544+4549587,830443162316259840,Low-Mass*
2MASS J05324479-0003534,3220866344015150720,Low-Mass*
UCAC4 549-046418,636574699422681088,Low-Mass*
2MASS J08413821+4656431,1014449461177048576,Low-Mass*
2MASS J03120304-0100094,3265540978920362624,Low-Mass*
2MASS J01242988+0106126,2534399109755337344,Low-Mass*
SDSS J093131.79+012529.7,3841404696410120576,Low-Mass*
SDSS J141303.61+223201.2,1253765932263063808,Low-Mass*
2MASS J02081026+0030318,2507315904980181376,Low-Mass*
SDSS J141101.40+110543.8,1225389250841862016,Low-Mass*
2MASS J20532280+0039513,4227700549003688192,Low-Mass*
2MASS J08190776+2541292,682472502358350336,Low-Mass*
2MASS J15273133+1916013,1210473928935689984,Low-Mass*
LSPM J1031+1739,3890609903337269888,Low-Mass*
2MASS J11243583+3133590,4023751621770019712,Low-Mass*
2MASS J12003026+1541375,3925120794488743168,Low-Mass*
2MASS J11315464-0035175,3797202988943607808,Low-Mass*
SDSS J161545.02+370025.1,1330564032030211072,Low-Mass*
SDSS J232910.74+493343.6,1942913702857544704,Low-Mass*
SDSS J145958.30+443120.9,1585803153767717632,Low-Mass*
2MASS J10250542+5750405,1047122342550126080,Low-Mass*
2MASS J00153072-0052209,2545167142522148352,Low-Mass*
2MASS J10075159+2250460,630050403580573056,Low-Mass*
SDSS J234836.41+422812.9,1922563151377434624,Low-Mass*
2MASS J23380229-0012025,2641343009446990080,Low-Mass*
2MASS J02331606+0030034,2500525218087368960,Low-Mass*
2MASS J11430572+2016387,3976086933713001472,Low-Mass*
2MASS J01323200-1011154,2458871770553017728,Low-Mass*
SDSS J131110.39+122442.8,3736702228482517120,Low-Mass*
2MASS J17025617+2552574,4573169473271444096,Low-Mass*
2MASS J11242452-0713132,3783782624892637056,Low-Mass*
SDSS J170348.24+205512.9,4562012316470778112,Low-Mass*
2MASS J00374782+0027436,2543342880932982784,Low-Mass*
SDSS J154541.32+085942.5,4431460669472434432,Low-Mass*
2MASS J15593338+3651331,1373192239573445760,Low-Mass*
2MASS J16042117+1824594,1200039838464796544,Low-Mass*
2MASS J05265452-0036238,3220550852898071936,Low-Mass*
2MASS J04091689+2359128,53952524476452992,Low-Mass*
2MASS J14042786+3226201,1454638460321180544,Low-Mass*
2MASS J00220856+0052293,2546911350216988800,Low-Mass*
2MASS J08264267+1606394,652898079112246912,Low-Mass*
LSPM J0845+1714,658355131415360128,Low-Mass*
2MASS J14324046+3745540,1487366690943845120,Low-Mass*
SDSS J215903.59+003438.1,2680626807560398208,Low-Mass*
2MASS J15045315+1216353,1180947579258239616,Low-Mass*
2MASS J01471789+0017547,2509504242356624640,Low-Mass*
2MASS J12124607+0041285,3699206751671164800,Low-Mass*
2MASS J07435331+2830404,878376749686524800,Low-Mass*
2MASS J13022522+3221060,1467163237792195456,Low-Mass*
2MASS J11091379+6142259,862194893463239040,Low-Mass*
2MASS J00375779-0019210,2542950355281777792,Low-Mass*
2MASS J16230540+3736471,1332010581310938880,Low-Mass*
2MASS J00342237-0010134,2542827175619680640,Low-Mass*
2MASS J10412809+5310508,849371358067486848,Low-Mass*
2MASS J08164751+2003523,675588528776349440,Low-Mass*
2MASS J15092693+0134239,4420123231416279552,Low-Mass*
2MASS J14042640+0317101,3670553165118143488,Low-Mass*
SDSS J025723.81-001618.1,2497964494161619840,Low-Mass*
2MASS J15221856+0740112,1163650165408624896,Low-Mass*
2MASS J12121802+0016054,3699155551364651904,Low-Mass*
2MASS J09074403+3731167,715916175741752192,Low-Mass*
2MASS J09160879+0854090,590614181372594432,Low-Mass*
2MASS J08073062+5626181,1033432387696628608,Low-Mass*
2MASS J10112393+2551215,738774305223283200,Low-Mass*
2MASS J03163409+0112037,3266986390034134784,Low-Mass*
2MASS J08555916+2628108,692467376589672192,Low-Mass*
2MASS J15023189+4459510,1586194197655500928,Low-Mass*
2MASS J15232721-0142019,4415276648586232320,Low-Mass*
SDSS J134530.91+280510.6,1451805804834841600,Low-Mass*
SDSS J052939.09+005754.0,3221920019752075648,Low-Mass*
SDSS J160514.34+103605.6,4456610249908306560,Low-Mass*
2MASS J00362105-0042078,2542560891943899008,Low-Mass*
2MASS J13261446+4706573,1552644769293823104,Low-Mass*
2MASS J13280239+2001071,1441240494524565632,Low-Mass*
2MASS J23471393+0056196,2643367068619021440,Low-Mass*
2MASS J15124399+1703473,1208470618754872960,Low-Mass*
2MASS J14184401+0347495,3667874617353576704,Low-Mass*
SDSS J214446.82-065921.3,2667826048378537728,Low-Mass*
2MASS J12564222+3353169,1515581056954150016,Low-Mass*
2MASS J09370674+1951179,633722321446207616,Low-Mass*
2MASS J11590028+2020563,3999321057517026304,Low-Mass*
2MASS J09384330+0303377,3847708849406790272,Low-Mass*
2MASS J02435475+0023295,2498811182539034112,Low-Mass*
2MASS J11325735+4716512,785780862556871040,Low-Mass*
SDSS J094446.73+053918.6,3852955444017099392,Low-Mass*
2MASS J15410782-6026051,5833626964602583040,Low-Mass*
2MASS J12361334+4423161,1540755131586923776,Low-Mass*
2MASS J00503776+0058302,2537208293244917632,Low-Mass*
2MASS J16153249+2034224,1202211653104292736,Low-Mass*
2MASS J00180752-0114288,2542079095395779328,Low-Mass*
SDSS J151626.40+265418.9,1271266717108753280,Low-Mass*
2MASS J16330782+2312071,1298896830134119680,Low-Mass*
SDSS J152106.94+162848.5,1207485834287715328,Low-Mass*
2MASS J00185025-0109053,2542086620178541312,Low-Mass*
SDSS J105846.93+440207.6,781838013860158976,Low-Mass*
2MASS J11230200+5814030,856775336225056384,Low-Mass*
2MASS J07335660+4000333,900337742104624640,Low-Mass*
SDSS J165058.22+210700.3,4564891937422154368,Low-Mass*
2MASS J02525561+0021280,2498302005576212352,Low-Mass*
2MASS J14242405+4814286,1507405359072416896,Low-Mass*
2MASS J08190720+2447228,679265849711638016,Low-Mass*
LSPM J0140+2701,295725407616670848,Low-Mass*
2MASS J00353547+0039206,2544022791435495296,Low-Mass*
2MASS J00213595+0110369,2547116061241910400,Low-Mass*
2MASS J00410576-0003003,2543069308695903104,Low-Mass*
2MASS J08450326+1059342,598797296662450688,Low-Mass*
2MASS J10133443+3052593,742498935222111104,Low-Mass*
2MASS J11310009+3104307,4022828238161458304,Low-Mass*
2MASS J16475860+3331566,1314404062959369216,Low-Mass*
Cl* NGC 2099    HGH  220054,3451182041119344128,Low-Mass*
2MASS J09203505+4603038,819392383262179840,Low-Mass*
SDSS J103749.39+545924.5,850551374562685696,Low-Mass*
2MASS J15343889+4453287,1394610313765544832,Low-Mass*
2MASS J00373731-0028075,2542946506991345152,Low-Mass*
2MASS J15060111+5223413,1593135826878628480,Low-Mass*
SDSS J102110.04+544453.8,852142986363458560,Low-Mass*
SDSS J162203.76+140812.0,4463925021593877120,Low-Mass*
2MASS J00555203-0016320,2536075864987768960,Low-Mass*
SDSS J084102.71+560038.4,1031150763631058432,Low-Mass*
SDSS J101952.02+073057.9,3875360334189909248,Low-Mass*
2MASS J14130531+3621003,1484025034581347072,Low-Mass*
2MASS J00205750-0047070,2542213618068092544,Low-Mass*
2MASS J00251541+0019175,2543821374649798272,Low-Mass*
2MASS J13361870+4651416,1551746468293757952,Low-Mass*
2MASS J05451385+0103457,3219871492152140800,Low-Mass*
2MASS J01520816+1403435,2576030266410280192,Low-Mass*
UCAC4 591-036478,3385536837549397120,Low-Mass*
2MASS J00465347+0006502,2537033092938832768,Low-Mass*
2MASS J10474728+2057525,3989072754447630464,Low-Mass*
2MASS J20425014+0009006,4228181654060005120,Low-Mass*
2MASS J14234839+6158032,1666564481851579392,Low-Mass*
2MASS J15381873+2706561,1224173706378656512,Low-Mass*
2MASS J08172721+1419081,652208822762287744,Low-Mass*
2MASS J02202820+0102315,2501183005214157440,Low-Mass*
2MASS J12525728+0321277,3704517113659168128,Low-Mass*
UCAC4 684-060003,2116460656841080704,Low-Mass*
2MASS J15221853+5647359,1602255627291679360,Low-Mass*
2MASS J10030716+3227245,746589152837285376,Low-Mass*
2MASS J00303371-0048109,2542699872788683136,Low-Mass*
2MASS J09341658+1004537,589438253687300864,Low-Mass*
2MASS J00474048+0008069,2537044500371987072,Low-Mass*
2MASS J21505197+0012391,2681197174922457600,Low-Mass*
2MASS J16162986+4427429,1385543225486578560,Low-Mass*
2MASS J10133040+5142574,848216527260953856,Low-Mass*
2MASS J12162444+2643244,4009439794307956480,Low-Mass*
2MASS J00210947+0028453,2546862696827412608,Low-Mass*
SDSS J231326.21-004635.0,2639043964992930432,Low-Mass*
2MASS J01215468+0032366,2534352414870689024,Low-Mass*
SDSS J095848.76+093704.7,3878526854663321088,Low-Mass*
2MASS J11174389+4043592,765323005613481216,Low-Mass*
SDSS J223732.06+132821.8,2731838996870827776,Low-Mass*
2MASS J15582376-2721435,6043066337495355520,Low-Mass*
SDSS J141904.15+240138.2,1255476287024514944,Low-Mass*
2MASS J23190742+5247525,1992645816372686464,Low-Mass*
2MASS J21191027+0926153,1743628736446695040,Low-Mass*
2MASS J16135175+1539114,4465127204415658368,Low-Mass*
SDSS J232847.54+531849.3,1992552151727794304,Low-Mass*
2MASS J14490201+3200431,1283418936235716480,Low-Mass*
2MASS J23205086-1003066,2437682356124301824,Low-Mass*
SDSS J163714.79+253730.2,1301282353754940800,Low-Mass*
2MASS J21355462-0016272,2687265826272349568,Low-Mass*
2MASS J12454634+1556353,3934326180714995712,Low-Mass*
2MASS J12032247+3409052,4028101942605139072,Low-Mass*
2MASS J08450123+1056394,598796849985831168,Low-Mass*
2MASS J09221772+5927536,1038355077347971712,Low-Mass*
2MASS J00305946-0100192,2542675825268238464,Low-Mass*
2MASS J13113790+0328414,3692571641378296320,Low-Mass*
2MASS J00165734-0041135,2545130553696246144,Low-Mass*
SDSS J011822.94-093728.2,2471537629109233024,Low-Mass*
2MASS J23530203+3852567,2881524585730496000,Low-Mass*
2MASS J00503872-0010503,2536786493096799104,Low-Mass*
SDSS J103345.27+315630.2,748236801076484352,Low-Mass*
2MASS J14420040+4138545,1489886363566971136,Low-Mass*
2MASS J14043886+3549183,1482630201002343040,Low-Mass*
SDSS J074645.82+192211.4,671738966770696064,Low-Mass*
2MASS J02434238+0058025,2498916361993566592,Low-Mass*
2MASS J23560078+0021414,2642382219733608320,Low-Mass*
2MASS J09092374+2932233,698583341298305792,Low-Mass*
2MASS J15330927+3040443,1274038487140149376,Low-Mass*
2MASS J00180153+0019588,2545531733705535104,Low-Mass*
2MASS J15321530+3526246,1374901636557185920,Low-Mass*
2MASS J08401171+1158210,602109506722903424,Low-Mass*
2MASS J00471636-0109125,2530686716118557952,Low-Mass*
2MASS J12233131+2336377,3954031147071350528,Low-Mass*
SDSS J135525.84+344601.2,1458879615971105280,Low-Mass*
SDSS J222554.33-000206.3,2678172452794068352,Low-Mass*
2MASS J10443633+2540459,724673923295325952,Low-Mass*
2MASS J12153659+4104256,1536387356004359552,Low-Mass*
2MASS J15441163+0510137,4429315973259476992,Low-Mass*
2MASS J13444101+6136446,1664207232000351872,Low-Mass*
2MASS J15165669+5438517,1599727364727391488,Low-Mass*
2MASS J14422682+3927324,1487258805654201344,Low-Mass*
2MASS J22114406-0032274,2678613086374035072,Low-Mass*
2MASS J11401618+3539151,4032164157033047936,Low-Mass*
2MASS J03464286+0011170,3257610820024416512,Low-Mass*
SDSS J134150.71+283627.5,1454896360222088576,Low-Mass*
SDSS J061015.75+241215.1,3425534248774837888,Low-Mass*
2MASS J10454463+3018417,735094269869587328,Low-Mass*
2MASS J00255246-0957356,2426606116504166528,Low-Mass*
SDSS J083221.80+452206.0,917874986927821568,Low-Mass*
2MASS J14455971+1830056,1236633823115644800,Low-Mass*
2MASS J13535965+1451031,1243029510455639552,Low-Mass*
2MASS J00485956+0052540,2549189740171935360,Low-Mass*
2MASS J03020141+0005500,3266604790779821824,Low-Mass*
LSPM J0712+2928,886183046022332160,Low-Mass*
2MASS J14153178+5148249,1607860971930417152,Low-Mass*
2MASS J11591714+6328562,863190810479458944,Low-Mass*
2MASS J09100249+0255458,578790518658737536,Low-Mass*
2MASS J17000657+2224540,4565232790323533696,Low-Mass*
2MASS J00481662-0043252,2530735949328518528,Low-Mass*
2MASS J12031965+6114446,1582397519580413696,Low-Mass*
2MASS J03442035-0641097,3244359956858619520,Low-Mass*
2MASS J02505806-0009197,2498122579022270848,Low-Mass*
SDSS J143010.57+090341.1,1176100652830206592,Low-Mass*
2MASS J08454854+0538173,582943266702483584,Low-Mass*
2MASS J15025176+5923126,1614249370709824896,Low-Mass*
SDSS J154636.54+281046.5,1224484902528800768,Low-Mass*
SDSS J005217.00+000929.2,2536893523681606144,Low-Mass*
2MASS J00335634-0024355,2542813951417298560,Low-Mass*
2MASS J23075940+2057050,2832410535188877824,Low-Mass*
2MASS J09104097+3511420,714366517181550080,Low-Mass*
2MASS J08504264+3211510,706976527732633472,Low-Mass*
2MASS J08282768+1928426,662956415778080512,Low-Mass*
LSPM J1656+1816,4559534674392253696,Low-Mass*
2MASS J10452438+3739400,775817122545926016,Low-Mass*
SDSS J133941.83+191951.7,1248804313030193280,Low-Mass*
2MASS J08385142+4824210,1014786598929479168,Low-Mass*
[SE2005]  32,3217678722368849024,Low-Mass*
2MASS J12200106+1754505,3947138510540091008,Low-Mass*
CRTS J212923.4+005652,2688439009475179264,Low-Mass*
2MASS J11391242+5100259,791630371793208704,Low-Mass*
SDSS J121011.40+040555.1,3893858827053729536,Low-Mass*
SDSS J004750.20-004622.7,2530734781097407744,Low-Mass*
2MASS J08335626+1828538,659620978537239040,Low-Mass*
2MASS J11554977+4200181,768669953368544128,Low-Mass*
2MASS J23391953-0042210,2641259682786079232,Low-Mass*
2MASS J11020648+4708381,783482440887225216,Low-Mass*
2MASS J20391081-0047477,4226525171072214656,Low-Mass*
2MASS J03244983-0015046,3264290048220748928,Low-Mass*
2MASS J02010277-0033333,2507520006121276672,Low-Mass*
2MASS J03112765+0051423,3266917670559334272,Low-Mass*
SDSS J004240.72+134613.5,2776417561947289216,Low-Mass*
SDSS J165614.46+372553.4,1351335559025593344,Low-Mass*
SDSS J134555.25+022249.4,3665134879190008320,Low-Mass*
SDSS J204137.88-003932.9,4227832456039524224,Low-Mass*
2MASS J08351738+4656453,918607261671716480,Low-Mass*
2MASS J14222704+0027229,3654005721277880448,Low-Mass*
2MASS J23445036-0053235,2641771475384555264,Low-Mass*
2MASS J00174050+0044173,2545586296970198784,Low-Mass*
2MASS J01103282+0030375,2534821395234930816,Low-Mass*
2MASS J02165254+0059053,2513175103660377216,Low-Mass*
2MASS J09352402+2539301,645868317160091648,Low-Mass*
SDSS J014941.81+000510.7,2509315886566357632,Low-Mass*
2MASS J11044779+2710577,3998428975629097600,Low-Mass*
2MASS J21153171+0918553,1743772699455657600,Low-Mass*
2MASS J16054206+4637233,1398567456113836928,Low-Mass*
2MASS J00154695+0000495,2545428315189040128,Low-Mass*
Cl* NGC 2099    HGH V1056,3451176131253892608,Low-Mass*
2MASS J09210258+6016272,1038997703239750272,Low-Mass*
2MASS J16205289+3258459,1325577063899411200,Low-Mass*
2MASS J20263647+0439404,4245200758323877376,Low-Mass*
2MASS J00245533+0052518,2546946603308649216,Low-Mass*
2MASS J00453410-0029147,2530943619586844672,Low-Mass*
2MASS J09555928+6821569,1069866286030837760,Low-Mass*
SDSS J053747.05+011202.1,3222559969879902336,Low-Mass*
2MASS J15550672+3044544,1321329135083264256,Low-Mass*
2MASS J11130905+4752086,789387161926365184,Low-Mass*
2MASS J14442991+0251046,3655698110191934848,Low-Mass*
Cl* NGC 2264    FMS  2-1412,3326686401095186176,Low-Mass*
SDSS J080914.26+333148.4,902350398140478848,Low-Mass*
2MASS J07544354+3317346,881429715519567872,Low-Mass*
SDSS J084220.17+063600.2,595124137551656832,Low-Mass*
SDSS J031509.14+001017.7,3266021809100831872,Low-Mass*
2MASS J09340323+4406092,815088516798421760,Low-Mass*
2MASS J16355500+2800487,1304836563747515776,Low-Mass*
SDSS J125903.57+615654.8,1675711486586578304,Low-Mass*
2MASS J08324426+2010171,663074334105710336,Low-Mass*
2MASS J00171547+0038070,2545577981913479808,Low-Mass*
SDSS J014501.11+002658.2,2509566227326504320,Low-Mass*
2MASS J00564004-0018559,2536068000902891392,Low-Mass*
2MASS J13173735+2646015,1447866740004248192,Low-Mass*
SDSS J001016.71-011520.8,2544860722375085184,Low-Mass*
2MASS J04455982+1147408,3295639972291732096,Low-Mass*
2MASS J12001230+2541432,4006084565855866624,Low-Mass*
2MASS J00173537-0058516,2545106055202809728,Low-Mass*
2MASS J02280081+0103148,2501401597574300288,Low-Mass*
2MASS J21165526+0055148,2689766115715047168,Low-Mass*
2MASS J11483904+3230245,4021706809316054144,Low-Mass*
2MASS J00030394-0020243,2545954633365382912,Low-Mass*
2MASS J01283261+0100470,2558363206200523392,Low-Mass*
SDSS J230649.72+231425.2,2841945877982602880,Low-Mass*
2MASS J02392008+0039133,2501800067460114816,Low-Mass*
2MASS J00312803+0022017,2543670780212556032,Low-Mass*
2MASS J15422677+0315175,4424518731012052352,Low-Mass*
2MASS J10053784+0949107,3878418071731984384,Low-Mass*
2MASS J01345588-1040550,2458595827494338560,Low-Mass*
2MASS J01101579-0031172,2534683436589789312,Low-Mass*
SDSS J024539.88+001654.0,2498638421774910720,Low-Mass*
2MASS J13005509+4929524,1555566098672522112,Low-Mass*
2MASS J01024945-0017494,2536207398361295488,Low-Mass*
2MASS J00244718+0113037,2547009309831500928,Low-Mass*
2MASS J00525758+0033466,2537121225667407360,Low-Mass*
2MASS J15273162+3911027,1388119067696660736,Low-Mass*
2MASS J03121425+0036467,3266855273272673536,Low-Mass*
SDSS J155518.51+264901.6,1220435538642537600,Low-Mass*
SDSS J172031.46+561515.4,1420768382584687744,Low-Mass*
2MASS J15462575+4519484,1397499177488394624,Low-Mass*
2MASS J03224072-0625355,5169678690531018368,Low-Mass*
SDSS J052910.56+005846.4,3221930636911247488,Low-Mass*
2MASS J00491962-0008099,2536972825957427200,Low-Mass*
SDSS J001032.12-010014.7,2544974006432796160,Low-Mass*
SDSS J235210.81+385501.2,2881573960674660224,Low-Mass*
2MASS J14324137+3352394,1287443831687818496,Low-Mass*
2MASS J09325760+1550019,619016082842012800,Low-Mass*
2MASS J10252705+1834293,624324555045191168,Low-Mass*
2MASS J16420472+3408430,1326539647673722368,Low-Mass*
2MASS J23343889+4452214,1937296680206424832,Low-Mass*
SDSS J025810.76-005612.9,5187982153224642176,Low-Mass*
2MASS J00184787+0041507,2545571148622225280,Low-Mass*
SDSS J142337.57+454330.5,1506488125856464768,Low-Mass*
2MASS J09355211+2231561,644058834553627264,Low-Mass*
2MASS J23580258+3558276,2878619160614303488,Low-Mass*
SDSS J142415.98+254322.8,1256239249309635712,Low-Mass*
2MASS J00494682-0005017,2536979152444865280,Low-Mass*
2MASS J16332321+3618466,1327947297435615488,Low-Mass*
2MASS J14531577+4557033,1586926304897964672,Low-Mass*
2MASS J14240511+3340587,1479716873145909760,Low-Mass*
SDSS J234704.73-085500.3,2435982579867371264,Low-Mass*
SDSS J122402.60+323520.6,4015877228730086528,Low-Mass*
2MASS J00461577+2442174,2804996205615744768,Low-Mass*
2MASS J12515460+4025353,1527103659639460096,Low-Mass*
2MASS J12562866+0243103,3704225880517003136,Low-Mass*
2MASS J07432133+2259007,867103422608373632,Low-Mass*
2MASS J12001335+1639175,3925429340644586368,Low-Mass*
2MASS J10020099+0730358,3874658605253235712,Low-Mass*
2MASS J16560963+1737103,4558722719415823232,Low-Mass*
2MASS J23470023+0034337,2643140642239193728,Low-Mass*
2MASS J16181577+1212314,4463073625933222528,Low-Mass*
2MASS J00480450-0029222,2536936438994325376,Low-Mass*
2MASS J08031693+4126277,921535226777768192,Low-Mass*
SDSS J023126.55-074909.7,5178095348963026816,Low-Mass*
2MASS J08165605+4742311,931189419905020032,Low-Mass*
2MASS J08105390+0520333,3095001708930419328,Low-Mass*
2MASS J16111664+4614399,1386842470273267200,Low-Mass*
2MASS J10345724+2245419,721648518267264000,Low-Mass*
2MASS J14040651+6118108,1661372381787160704,Low-Mass*
2MASS J08543736+1734341,611844277732076160,Low-Mass*
2MASS J00182992-0104284,2542099814318117888,Low-Mass*
2MASS J09592234+1310348,614915793529763968,Low-Mass*
2MASS J09301390+0845294,588131484116902016,Low-Mass*
2MASS J06021479+2319150,3424648076761174016,Low-Mass*
2MASS J13384362+3954276,1499995475334986240,Low-Mass*
2MASS J09033571+1915282,636432102212092544,Low-Mass*
SDSS J144350.38+595406.2,1617282373536299264,Low-Mass*
GSC 04771-00961,3216502867697040640,Low-Mass*
SDSS J080847.82+130242.6,650197236175887360,Low-Mass*
2MASS J14351892+3254207,1287105426925306880,Low-Mass*
2MASS J21112357+1046011,1744722269480494464,Low-Mass*
2MASS J10361013+1153150,3882800931238503168,Low-Mass*
2MASS J02222644+0035526,2501095177427597056,Low-Mass*
2MASS J09333050+6049507,1038901289813846528,Low-Mass*
2MASS J13365087+2120551,1441770356049728000,Low-Mass*
2MASS J22071395+1252169,2728732051888481920,Low-Mass*
2MASS J22031593-0028027,2680268435488986496,Low-Mass*
2MASS J00553391-0042506,2536028070591622272,Low-Mass*
2MASS J03125032-0100208,3265354371181395712,Low-Mass*
2MASS J13073512-0019002,3686169803644728832,Low-Mass*
2MASS J08493607+2806299,704880519269873792,Low-Mass*
2MASS J03241642-0653424,5168853056083424512,Low-Mass*
2MASS J14124820+1852069,1233940393289186688,Low-Mass*
2MASS J12274835+0005446,3696756043330917120,Low-Mass*
2MASS J09120985+3608312,715525539875648640,Low-Mass*
2MASS J00474405-0049013,2530734059542896256,Low-Mass*
SDSS J093255.82+304255.6,697579551605471872,Low-Mass*
2MASS J09403437+5625467,1025161040894065152,Low-Mass*
2MASS J08551612+3811058,719564978094038144,Low-Mass*
2MASS J23543166+3733286,2881192567579263360,Low-Mass*
2MASS J15535331+0726364,4430112840016378752,Low-Mass*
2MASS J21570403+0029413,2681383645222701312,Low-Mass*
SDSS J080911.47+244659.1,681033757033054464,Low-Mass*
2MASS J13024007+2205097,3944263498087748096,Low-Mass*
2MASS J22391094+1358449,2731951799892039296,Low-Mass*
2MASS J03231546-0029405,3262778352876427136,Low-Mass*
2MASS J03073799+0047150,3267098029119424896,Low-Mass*
2MASS J18592298+1846537,4517765803906901760,Low-Mass*
2MASS J09084949+2232213,685386723567407872,Low-Mass*
2MASS J14324158+4508156,1494320036833809920,Low-Mass*
2MASS J00051418+0018342,2546103411032916352,Low-Mass*
2MASS J14111126+2352505,1257112673859729280,Low-Mass*
2MASS J11103201+3825315,764701678464405504,Low-Mass*
2MASS J00580010+0028004,2537254541452239872,Low-Mass*
2MASS J08180287+1014442,600621253310360192,Low-Mass*
2MASS J16304733+2702274,1304336178580891776,Low-Mass*
2MASS J09141968+4635133,1011284070280256384,Low-Mass*
SDSS J152052.18+342856.0,1278810161444880768,Low-Mass*
2MASS J14413229+3540098,1293996100651857280,Low-Mass*
2MASS J01571508-0054096,2507401735606588672,Low-Mass*
SDSS J144130.56+420447.7,1489916359617291136,Low-Mass*
2MASS J00064575+0034282,2546137117937900032,Low-Mass*
2MASS J00372755-0041520,2542933454586521088,Low-Mass*
SDSS J080028.79+125909.8,653325243677061632,Low-Mass*
SDSS J235654.20-005714.0,2449802100998642816,Low-Mass*
2MASS J00223019-0022085,2542255055912619520,Low-Mass*
2MASS J08543913+4238456,913023018208850944,Low-Mass*
2MASS J09181225+0156400,3845014942839493120,Low-Mass*
2MASS J05183443+2718462,3421387857281546880,Low-Mass*
2MASS J07540085+2502314,873734439795606656,Low-Mass*
2MASS J15542178+0956052,4455445209962748544,Low-Mass*
2MASS J00594603+0053207,2537367138315008640,Low-Mass*
2MASS J03044345+0109202,189287798896640,Low-Mass*
2MASS J15113825+4112245,1392143142815805824,Low-Mass*
SDSS J093404.82+671746.6,1068424826288157440,Low-Mass*
2MASS J17185228+3051212,4599825002384527232,Low-Mass*
SDSS J131825.29+445139.8,1550503328662937600,Low-Mass*
2MASS J15091615+0942229,1167760139873556608,Low-Mass*
2MASS J02571942-0015342,2497976240896728832,Low-Mass*
2MASS J11140811+2803059,3998720792887263744,Low-Mass*
2MASS J14115902+3809308,1485208933726954624,Low-Mass*
LSPM J0928+5945,1038705065642222848,Low-Mass*
2MASS J16132608+4448549,1385775428598429056,Low-Mass*
Cl* NGC 2632     JS     694,659559783843349120,Low-Mass*
2MASS J07360235+3859022,899463565937687168,Low-Mass*
2MASS J06272263+2714388,3432633279956699136,Low-Mass*
2MASS J05263250-0100585,3220500069204490752,Low-Mass*
2MASS J13312829+1935259,1249003088409296384,Low-Mass*
2MASS J00233025+0016334,2546797065430712576,Low-Mass*
2MASS J00454179-0016002,2531003302452454400,Low-Mass*
2MASS J05351562+0003570,3220838031591517184,Low-Mass*
2MASS J09465819+0356287,3848034549661478528,Low-Mass*
2MASS J21164007-0644493,6898842350786315904,Low-Mass*
2MASS J15285360+3634063,1375207232070510592,Low-Mass*
2MASS J08471504+3431307,716423913891723776,Low-Mass*
2MASS J07383421+3401424,894275760839756544,Low-Mass*
SDSS J075426.18+512749.4,936012977417295616,Low-Mass*
2MASS J21580844+1149437,2728409693118236288,Low-Mass*
2MASS J00455908+2402558,2803410125732650880,Low-Mass*
2MASS J15272415+3347009,1277880077687199872,Low-Mass*
SDSS J223850.30+001535.3,2654005771331458304,Low-Mass*
2MASS J08275026+3151341,709212453347214848,Low-Mass*
2MASS J02342957+0036125,2500530097170243584,Low-Mass*
SDSS J083654.50+473845.0,1014736154540691968,Low-Mass*
SDSS J164553.52+245842.9,1300297436151286784,Low-Mass*
2MASS J08270601+1829233,662461974847778816,Low-Mass*
2MASS J03480111+1049344,36228259598228224,Low-Mass*
2MASS J01162408+0109442,2535302530355980672,Low-Mass*
2MASS J14374639+4538555,1494677206310829184,Low-Mass*
GES J08104554-4931459,5514343901868484992,Low-Mass*
SDSS J075906.06+484234.1,933306220306225024,Low-Mass*
2MASS J09081212+1126072,604092510302388480,Low-Mass*
2MASS J02053587-0018008,2507120436723863808,Low-Mass*
LP  216-79,1536631271876683520,Low-Mass*
2MASS J08383663+0820268,596395035554048768,Low-Mass*
2MASS J16173410+0702494,4450299053165691392,Low-Mass*
2MASS J13193716+0647243,3717695756950976128,Low-Mass*
2MASS J15061118+3148496,1288609043432417024,Low-Mass*
SDSS J084800.18+084149.7,597173421067477376,Low-Mass*
SDSS J094120.12+623918.6,1063315361392447488,Low-Mass*
2MASS J00312965-0013360,2543565330175485440,Low-Mass*
2MASS J16531356+1330111,4449426242793413760,Low-Mass*
2MASS J15290033+3416248,1373971514144049664,Low-Mass*
PM J19428-4406,6684976378430611200,Low-Mass*
SDSS J082648.80+110259.4,601100155046982272,Low-Mass*
2MASS J00102802-0004069,2545845747354610304,Low-Mass*
2MASS J00163476+0020208,2545540598518529536,Low-Mass*
2MASS J23325763+4819070,1941821548512086400,Low-Mass*
2MASS J09492165+0231373,3846983485264812672,Low-Mass*
2MASS J00183103+0005056,2545335028500076160,Low-Mass*
2MASS J15593177+4229047,1383587950215619200,Low-Mass*
2MASS J12584253+4236486,1527790407730327936,Low-Mass*
2MASS J00263315+0010407,2543756400384466688,Low-Mass*
2MASS J01192659-0021354,2533813001337883520,Low-Mass*
2MASS J23252361+0002166,2644930539794662016,Low-Mass*
SDSS J082958.71+583258.8,1035426420752443136,Low-Mass*
2MASS J11420197+5219174,792033961281052928,Low-Mass*
SDSS J210630.30-000346.7,2690004537938971264,Low-Mass*
2MASS J02410147-0052531,2496944727191595520,Low-Mass*
2MASS J14144446+4210130,1504210762397705728,Low-Mass*
SDSS J152508.54+361848.8,1375145006583088896,Low-Mass*
2MASS J17380628+6410559,1440494269726117376,Low-Mass*
2MASS J08421568+2208531,665177944663777280,Low-Mass*
2MASS J10560895+3538376,762570309533823616,Low-Mass*
SDSS J002258.12+002523.0,2546814795055758976,Low-Mass*
2MASS J12344887+4444174,1541537567252796416,Low-Mass*
SDSS J030839.28-011323.8,3265448723022718848,Low-Mass*
2MASS J00452885+0059406,2549159915919079296,Low-Mass*
G 148-48,4015042738059517440,Low-Mass*
2MASS J01401444-0001154,2509820455029036928,Low-Mass*
2MASS J00204446-0036252,2542231927512504960,Low-Mass*
2MASS J01080089+1504442,2783282397154955904,Low-Mass*
SDSS J085652.79+452318.6,1010198985447174656,Low-Mass*
2MASS J00200945+0001483,2545296438217597440,Low-Mass*
2MASS J15161044-0142373,4415163162665310080,Low-Mass*
2MASS J11420027+3706065,765801121372803840,Low-Mass*
2MASS J00180061+1416363,2768240562690720512,Low-Mass*
2MASS J15530936+2919535,1320728458139168384,Low-Mass*
2MASS J16110896+0708233,4450455458694928000,Low-Mass*
SDSS J122042.46+334323.9,4016750829373090176,Low-Mass*
2MASS J10433302+3412121,750072573177636480,Low-Mass*
2MASS J12361713+2138319,3955587673283950208,Low-Mass*
2MASS J14282461+4741474,1507136116162692352,Low-Mass*
SDSS J124728.39+033313.3,3703870261521656576,Low-Mass*
2MASS J00560176+0015326,2537235403078353664,Low-Mass*
2MASS J00034107+2355369,2849741694596460800,Low-Mass*
SDSS J092528.78+282605.3,695413616778604672,Low-Mass*
2MASS J20345127+1545502,1810834628053873792,Low-Mass*
2MASS J09390686+4130269,813596002775150592,Low-Mass*
2MASS J01563518+1412376,78004096518789888,Low-Mass*
2MASS J13472568+1424449,3741032655027192192,Low-Mass*
SDSS J002321.55+004122.1,2546845997994650240,Low-Mass*
2MASS J21164793+0046449,2689746569318590720,Low-Mass*
2MASS J00341654-0044267,2542733755787965952,Low-Mass*
UCAC4 304-065361,5452592275129730816,Low-Mass*
2MASS J00522520-0012322,2536865834027666304,Low-Mass*
2MASS J09263533+1452257,618613180549836544,Low-Mass*
SDSS J154114.32+311538.2,1369450150532555776,Low-Mass*
SDSS J031718.67+010804.2,3267732447327991808,Low-Mass*
2MASS J21142414-0010284,2689522402089833856,Low-Mass*
2MASS J00382829+0006402,2543190362350675712,Low-Mass*
SDSS J011312.25-001053.2,2534534521483903232,Low-Mass*
2MASS J22461706+2342599,1876337208643790080,Low-Mass*
SDSS J234147.10-002714.8,2642587416091284352,Low-Mass*
2MASS J03191525+0519216,3283214735623168,Low-Mass*
2MASS J14035665+1309208,1229621820853286016,Low-Mass*
2MASS J09301831+0734046,586302313379951360,Low-Mass*
SDSS J093549.70+104605.3,589630462062814976,Low-Mass*
2MASS J03020385-0056225,5187849662073537664,Low-Mass*
2MASS J01441878-0035574,2509161611341339520,Low-Mass*
2MASS J13405459+0831344,3724904017743491456,Low-Mass*
2MASS J18591552+1857238,4517957393803764736,Low-Mass*
SDSS J125553.30+173315.5,3940731450126899712,Low-Mass*
2MASS J02301948-0024241,2500164445130032512,Low-Mass*
2MASS J00513752-0039565,2536705988232400768,Low-Mass*
SDSS J004248.57+003139.3,2549126690051742336,Low-Mass*
2MASS J14172441+1749597,1233583945363289856,Low-Mass*
SDSS J083102.41-042742.7,3065707699805215488,Low-Mass*
2MASS J02281047-0055528,2499766245826713344,Low-Mass*
2MASS J23080530+2218066,2838745130914028544,Low-Mass*
2MASS J11265687+0519020,3814040360255149184,Low-Mass*
2MASS J08214094+1847359,663210123791408896,Low-Mass*
SDSS J202343.24+761758.2,2290195068965760896,Low-Mass*
2MASS J16373444+3332481,1325092896529756800,Low-Mass*
2MASS J15071687+5652530,1612975315905250048,Low-Mass*
SDSS J235103.36+004027.3,2643101364762548608,Low-Mass*
2MASS J01465184+0059576,2509623848606652160,Low-Mass*
2MASS J05342736+0111158,3222689231215430656,Low-Mass*
2MASS J13340229+0459310,3714694639964903424,Low-Mass*
SDSS J080655.51+295657.3,876851830138066944,Low-Mass*
2MASS J03312457-0057151,3263255339059555968,Low-Mass*
SDSS J234050.00+480937.3,1940347786314878592,Low-Mass*
2MASS J00181093-0041455,2545138903112722688,Low-Mass*
2MASS J11545807+3249072,4027578059674276864,Low-Mass*
SDSS J021151.72+001039.4,2507068583583501056,Low-Mass*
2MASS J08222850+4607170,930118255061451648,Low-Mass*
2MASS J17062241+2107136,4561857323987211008,Low-Mass*
SDSS J094829.17+565601.4,1022289421465725568,Low-Mass*
2MASS J08035144+4115536,921520658247153280,Low-Mass*
2MASS J03482822+1142004,36884152643290624,Low-Mass*
2MASS J08173015+4221126,915771861701580416,Low-Mass*
2MASS J16225541+1148487,4460007908340605568,Low-Mass*
2MASS J00452622+0003090,2537028213855933312,Low-Mass*
2MASS J09412963+1441172,617820428371151232,Low-Mass*
2MASS J16154313+1228569,4457152721455959168,Low-Mass*
2MASS J01062521+0030446,2537853122454664704,Low-Mass*
2MASS J23545323+0040460,2642407233624635776,Low-Mass*
2MASS J16060336+2415018,1206929275245872640,Low-Mass*
2MASS J23411391-0031572,2642582227770777344,Low-Mass*
2MASS J01321706+0014510,2510036582078854528,Low-Mass*
2MASS J02162475-0014254,2500976052214697472,Low-Mass*
SDSS J123430.87+485323.8,1544250783992673280,Low-Mass*
LSPM J0859+5613,1036258858430434688,Low-Mass*
2MASS J03332397+0005416,3264551281016016384,Low-Mass*
2MASS J10515748+5126408,837109436891221888,Low-Mass*
SDSS J180855.77+244319.0,4579236612798119680,Low-Mass*
2MASS J01560996-0056527,2505946364463686912,Low-Mass*
SDSS J232004.86+133834.8,2813649018528403712,Low-Mass*
2MASS J12451521+2911370,3963057553420855552,Low-Mass*
2MASS J03543917+0037087,3257882605554592896,Low-Mass*
LP  130-319,1549165330387374848,Low-Mass*
2MASS J00221527+0002442,2545285550476939648,Low-Mass*
2MASS J13400283+1341455,3740735473354636672,Low-Mass*
2MASS J15511467+4136273,1383865813123191680,Low-Mass*
2MASS J09444559+0915587,3855066128385548160,Low-Mass*
2MASS J10481584+0034035,3806570690573275136,Low-Mass*
2MASS J07534688-6113499,5290687396937786112,Low-Mass*
SDSS J022427.88-005008.2,2499897946704237824,Low-Mass*
2MASS J10063648+3829079,802945411597128448,Low-Mass*
2MASS J00472559+0105096,2549210871411130880,Low-Mass*
2MASS J00320611-0033095,2542796256151977216,Low-Mass*
SDSS J233904.95+471727.8,1939968867122135808,Low-Mass*
2MASS J21371126+1203440,1766878111679585152,Low-Mass*
SDSS J133522.05+321212.0,1468846517078552960,Low-Mass*
2MASS J00365247-0021114,2543139677439846528,Low-Mass*
2MASS J08454015+1028528,598717307191683840,Low-Mass*
2MASS J12450741+4106417,1522182352968477056,Low-Mass*
2MASS J10303394+5417389,850428435418476544,Low-Mass*
2MASS J10494782+5316369,849506842812092032,Low-Mass*
2MASS J13342867+1724422,3745802057295539328,Low-Mass*
SDSS J081536.10+062753.9,3096700076438160128,Low-Mass*
SDSS J234234.85+002702.3,2642941488899635072,Low-Mass*
2MASS J00042911-0108306,2449586390561100800,Low-Mass*
2MASS J21181916-0748037,6898432610906535936,Low-Mass*
SDSS J000706.36-044953.4,2444548187764416128,Low-Mass*
SDSS J110223.96+310834.4,733842132284041344,Low-Mass*
2MASS J22391018+1419383,2732740836923693952,Low-Mass*
2MASS J03232717+0040464,3267421693559705600,Low-Mass*
SDSS J212525.38-001617.4,2687831078328281856,Low-Mass*
2MASS J12092430-0110489,3697793084659390592,Low-Mass*
2MASS J23492024+3945378,1920901136471928960,Low-Mass*
2MASS J00302086-0018152,2543569792644760064,Low-Mass*
2MASS J02533653-0036142,2497893193409252096,Low-Mass*
2MASS J14100389+6140261,1661445701172895488,Low-Mass*
2MASS J02190805-0040455,2500701895862808320,Low-Mass*
2MASS J12504856+3903448,1520964437682283264,Low-Mass*
2MASS J15245233-0147126,4415264004202485632,Low-Mass*
2MASS J13140912+2218038,3943897940535499904,Low-Mass*
2MASS J21583560-0903235,2618325004101984512,Low-Mass*
2MASS J02344242-0032128,2500201927309014656,Low-Mass*
2MASS J15593764+0833004,4454309521827758976,Low-Mass*
2MASS J00433879+0029312,2549114561064669568,Low-Mass*
2MASS J21125918+1116095,1745043155076695680,Low-Mass*
2MASS J14474829+3613545,1294295335316787968,Low-Mass*
2MASS J03303337-0031585,3264032178383934976,Low-Mass*
2MASS J08160754+2825247,684199938204298496,Low-Mass*
2MASS J08144833+0608200,3096652316402475904,Low-Mass*
2MASS J11413684+5419063,841245657902145152,Low-Mass*
2MASS J00313634+0040254,2544066673118182400,Low-Mass*
2MASS J09360491+0156432,3847487160375537536,Low-Mass*
2MASS J02461925-0056014,2497646426063424128,Low-Mass*
2MASS J00342123+0115104,2544207376245575168,Low-Mass*
2MASS J10390350+2542446,724814798222758400,Low-Mass*
2MASS J08415332+0833307,596370129038876288,Low-Mass*
2MASS J10514881+3027041,736364416253469312,Low-Mass*
2MASS J00542938-0009407,2536833329715236992,Low-Mass*
2MASS J02194557+0043540,2501145514444729984,Low-Mass*
SDSS J094513.91+515147.8,827955963934895488,Low-Mass*
SDSS J103853.57+121505.0,3882922324194612608,Low-Mass*
2MASS J01364274+0030302,2510094787475543168,Low-Mass*
2MASS J21451637+0113540,2693387636433718656,Low-Mass*
2MASS J17001731+2741235,1306878146386452736,Low-Mass*
2MASS J12401770+3611478,1518738162858603648,Low-Mass*
2MASS J13282483+6331119,1665538495768261504,Low-Mass*
2MASS J05370704-0623170,3016960710054083328,Low-Mass*
SDSS J034734.49+095024.3,3302659632480692736,Low-Mass*
2MASS J12095367+1858158,3950177938636494848,Low-Mass*
2MASS J12313891+5135268,1568729967277827456,Low-Mass*
2MASS J10161471+2210272,629064072931333760,Low-Mass*
SDSS J004754.41+155528.8,2781225902389430400,Low-Mass*
2MASS J10575730+5645182,856911018537241728,Low-Mass*
2MASS J00153120+0004133,2545440680399531776,Low-Mass*
2MASS J12074506+4055372,1536899002573299840,Low-Mass*
2MASS J23433730-0051301,2642502096565642752,Low-Mass*
2MASS J01145597-0113157,2533640068774859264,Low-Mass*
2MASS J09242501+4500485,818341799902204288,Low-Mass*
2MASS J09371831+2105030,634706315633502976,Low-Mass*
2MASS J23223144+5338235,1995708643452318848,Low-Mass*
2MASS J01223438+0052006,2535115682099975680,Low-Mass*
[BHR2005] 889-151,2680680614910725888,Low-Mass*
2MASS J08421796+2150576,665163337480798848,Low-Mass*
2MASS J08425059+1600361,658109111392867072,Low-Mass*
2MASS J15275269+1737175,1208033047481265664,Low-Mass*
2MASS J23200037+0111518,2657312174594116736,Low-Mass*
2MASS J00161401-0056060,2545116191325586176,Low-Mass*
2MASS J11360307+4736469,787289770468045568,Low-Mass*
2MASS J05311245-0050190,3220661323752253440,Low-Mass*
2MASS J10450211+6324072,1055284498398967296,Low-Mass*
2MASS J03342854-0050415,3263295952270355328,Low-Mass*
2MASS J20531562+7709216,2278656866959526912,Low-Mass*
2MASS J08592733+5718058,1037139253710742784,Low-Mass*
2MASS J21324094+0050581,2688213678310660096,Low-Mass*
2MASS J01091743+0018301,2534811357896352256,Low-Mass*
2MASS J00174593+0043243,2545586026388925056,Low-Mass*
2MASS J14313478+0843109,1176024103627955456,Low-Mass*
2MASS J09121599+3222515,700285625816740864,Low-Mass*
2MASS J00560806-0108139,2535949936546492032,Low-Mass*
2MASS J00485864-0007231,2536975338513892352,Low-Mass*
2MASS J11042258+1610111,3969811608535991424,Low-Mass*
2MASS J02100035+1404330,77238978159918080,Low-Mass*
2MASS J16562581+1741242,4558729282125853056,Low-Mass*
2MASS J00474771+0113325,2549283782776052096,Low-Mass*
SDSS J094455.48+010751.0,3846213960270973312,Low-Mass*
2MASS J02524146+0006166,2498156526444106240,Low-Mass*
2MASS J16072255+3603108,1378122033099518720,Low-Mass*
2MASS J12264727+0147299,3700355049831364096,Low-Mass*
2MASS J07190022+3719313,898329969448025472,Low-Mass*
2MASS J02295134+0024552,2500465054186140288,Low-Mass*
2MASS J00314018-0058572,2542678260513625088,Low-Mass*
2MASS J23381232-1010133,2434114337813016448,Low-Mass*
2MASS J11505958+1123006,3913533140230837760,Low-Mass*
SDSS J235348.64+001725.9,2642367341966589696,Low-Mass*
2MASS J00303915+0002067,2543631850628956544,Low-Mass*
2MASS J08455410+1025151,598705143843943424,Low-Mass*
SDSS J113525.39+282143.5,4019197032291925376,Low-Mass*
2MASS J01531453+0059048,2510879422165557760,Low-Mass*
2MASS J23194702-0832377,2630281059182603136,Low-Mass*
2MASS J03074394+0046583,3267097749946115968,Low-Mass*
2MASS J14070552+0857324,3722880950708397312,Low-Mass*
2MASS J14045598+2327278,1256746811364913920,Low-Mass*
2MASS J00531247-0057192,2535921800215432192,Low-Mass*
SDSS J114435.20+654137.1,1056715096171542784,Low-Mass*
2MASS J09350596+4419394,815120819243026560,Low-Mass*
2MASS J00534462+0015066,2536912249739070080,Low-Mass*
2MASS J22453326+0110043,2654493443392893568,Low-Mass*
2MASS J13564322-0142093,3658006470429653888,Low-Mass*
2MASS J23391758+4925295,1943435975179768320,Low-Mass*
Cl* NGC 2099    HGH  240855,3451180533585670784,Low-Mass*
2MASS J15342645+1416008,1193998777984969984,Low-Mass*
2MASS J11291831+4026009,770365365938165888,Low-Mass*
2MASS J09595665+3407363,795079501112727168,Low-Mass*
2MASS J00393451+0051042,2543380367407318272,Low-Mass*
2MASS J13333890+3937455,1476016367978155648,Low-Mass*
SDSS J165210.49+275457.4,1307814311816773120,Low-Mass*
2MASS J00254569+0008523,2543797975667871360,Low-Mass*
2MASS J13432840+1750337,1247656457248696448,Low-Mass*
SDSS J131229.76+113516.9,3736422024814339456,Low-Mass*
2MASS J10404199+3327598,749930323864847232,Low-Mass*
2MASS J12040245+0502578,3894886355029969280,Low-Mass*
2MASS J09023104+3305204,712538549036474880,Low-Mass*
2MASS J12391449+5608189,1571624951328660224,Low-Mass*
SDSS J080708.75+501221.3,934935529035735552,Low-Mass*
2MASS J02513676-0047582,2497520355887883392,Low-Mass*
2MASS J01233457-0014032,2533968723967579904,Low-Mass*
2MASS J23290890+5318345,1992556996456156800,Low-Mass*
2MASS J23361114+1457002,2819327411970359552,Low-Mass*
2MASS J13370739+0021207,3663010618430294784,Low-Mass*
2MASS J00374342-0044288,2542920634108195584,Low-Mass*
2MASS J00381940+0008489,2543190705948057856,Low-Mass*
SDSS J153238.85+040931.2,4427544694387115648,Low-Mass*
2MASS J23210064+0027314,2645191330208776832,Low-Mass*
SDSS J205209.76-005950.8,4226883714948990208,Low-Mass*
2MASS J00370152-0028232,2543128854122223744,Low-Mass*
2MASS J09503390+0456210,3849879186576226304,Low-Mass*
2MASS J01192714+0052405,2535080158424573440,Low-Mass*
2MASS J08572808+0236155,577840231374425728,Low-Mass*
SDSS J110925.39+585157.4,857743967315339136,Low-Mass*
2MASS J07501528+2434222,867701007177499392,Low-Mass*
2MASS J13195581+5350152,1563601226568880640,Low-Mass*
2MASS J16343132+2406354,1300513833783692672,Low-Mass*
2MASS J03352226+0101134,3264761219017891712,Low-Mass*
2MASS J00412421+0052020,2549338483479046144,Low-Mass*
[BHR2005] 213-24,826889132714218368,Low-Mass*
2MASS J09102530+3403190,714140155225224448,Low-Mass*
LP  167-45,829912922833608960,Low-Mass*
2MASS J15194177+1635422,1208239686947527552,Low-Mass*
2MASS J13371237+0248390,3711989738279331712,Low-Mass*
LSPM J0958+3004,744025018707068288,Low-Mass*
2MASS J11201166+4014171,765237243706091392,Low-Mass*
2MASS J09421752+0705523,3854129928593893504,Low-Mass*
SDSS J030430.00-000448.9,3266559573364024448,Low-Mass*
2MASS J15283450+1529304,1195124437373315584,Low-Mass*
2MASS J16490124+3200283,1313970069398751360,Low-Mass*
SDSS J105427.32+315029.6,736610530764462848,Low-Mass*
SDSS J033129.25-000002.9,3264182497944442624,Low-Mass*
2MASS J12381949+3944239,1521614111615142528,Low-Mass*
SDSS J091630.28+451528.0,818879254929952128,Low-Mass*
L  327-22,6131349562059299712,Low-Mass*
2MASS J22090475+0007235,2678897408914270720,Low-Mass*
2MASS J22492623+2926383,1887716505453502976,Low-Mass*
2MASS J00170694+0032292,2545552933664165504,Low-Mass*
2MASS J14481088+5241286,1605754410730499072,Low-Mass*
SDSS J075508.90+393630.9,920568859134610176,Low-Mass*
2MASS J14570282+5020438,1592440145256043392,Low-Mass*
2MASS J11213559+2837006,4022087343417950336,Low-Mass*
2MASS J15013610+3956470,1296685815330725376,Low-Mass*
2MASS J10184069+0241461,3859605462140358272,Low-Mass*
2MASS J01240065-0020382,2533963187754703744,Low-Mass*
Cl* Melotte   22  MHOBD       1,68304548536306176,Low-Mass*
2MASS J00311986+0028062,2543684455388423424,Low-Mass*
SDSS J233001.34+522832.8,1991708379630541568,Low-Mass*
2MASS J06025859+2334179,3424678416411501440,Low-Mass*
2MASS J12124606+0051018,3699214100358989696,Low-Mass*
SDSS J004750.16+002503.6,2537067968073548160,Low-Mass*
SDSS J213003.00+004904.8,2688386301635351040,Low-Mass*
SDSS J115228.84+152412.3,3924477167870738048,Low-Mass*
2MASS J09370468+1759199,632913394420572672,Low-Mass*
2MASS J18573221+1827565,4517356068345127808,Low-Mass*
2MASS J06453835+2753451,3386198468671981568,Low-Mass*
SDSS J023137.45-010532.3,2500065278629921024,Low-Mass*
2MASS J15585561+2449486,1219180622214876416,Low-Mass*
2MASS J03260617-0024005,3264274345820348800,Low-Mass*
2MASS J17133387+2847568,4575442442981454720,Low-Mass*
2MASS J08080011+0709401,3097676000384776960,Low-Mass*
SDSS J233923.73-000740.3,2642842154896106880,Low-Mass*
2MASS J13401971+0916369,3725027266124656768,Low-Mass*
SDSS J080332.02+071739.9,3145768909563515520,Low-Mass*
2MASS J23581120+3650562,2880346390301679104,Low-Mass*
SDSS J123235.44+245259.1,3959999674144166784,Low-Mass*
SDSS J234150.22+003249.8,2642987290430910336,Low-Mass*
2MASS J23204384-0003333,2644878454726157184,Low-Mass*
2MASS J10580160+3555367,762663428719714944,Low-Mass*
2MASS J14503033+0048211,3651922284182246528,Low-Mass*
2MASS J00383948-0107038,2542474575984705664,Low-Mass*
SIPS J1826-4652,6708420715110555136,Low-Mass*
LP  651-50,5186329415449750400,Low-Mass*
2MASS J23364838-0035463,2641303250934066176,Low-Mass*
2MASS J12422758+2810577,3962890423357676288,Low-Mass*
2MASS J02194255+0016152,2501068445550915584,Low-Mass*
2MASS J00372800-0026383,2542947404640292864,Low-Mass*
GES J08094675-4931067,5514346002114532352,Low-Mass*
2MASS J23562618-0030237,2641976426928019968,Low-Mass*
2MASS J02432521+0051355,2498913166537904384,Low-Mass*
2MASS J08145597+0404362,3091613774304844928,Low-Mass*
SDSS J100448.95+042431.8,3849037025093680640,Low-Mass*
2MASS J00285624-1040587,2425566326396973568,Low-Mass*
2MASS J16312413+3831375,1331735183712621952,Low-Mass*
2MASS J00245253-0019039,2543709636779884800,Low-Mass*
2MASS J10105823+2832466,740473974106222464,Low-Mass*
SDSS J102952.05+381635.1,754901078491187968,Low-Mass*
2MASS J10300092+3021240,747623930718032256,Low-Mass*
SIPS J2147-2644,6810425909217925760,Low-Mass*
SDSS J115341.23+360134.8,4031726486980810880,Low-Mass*
2MASS J22051628+0029111,2681981882626965632,Low-Mass*
2MASS J11474890+6320252,863328940923996800,Low-Mass*
2MASS J01421768-0911148,2465197531529770112,Low-Mass*
[BHR2005] 889-92,2695434647911526784,Low-Mass*
2MASS J10295107+3505542,749819105682717696,Low-Mass*
2MASS J14204158+1628313,1232406574568999936,Low-Mass*
2MASS J08365846+6034124,1041708244216993152,Low-Mass*
2MASS J11454931+3503230,4031989643921937792,Low-Mass*
SDSS J094552.89+453911.1,821060892157511552,Low-Mass*
SDSS J152746.89+502628.1,1594754209209818240,Low-Mass*
LP  491-55,3967789404789718144,Low-Mass*
2MASS J08584640-4345473,5331828545066923904,Low-Mass*
2MASS J16271221+2952057,1318039774251250816,Low-Mass*
2MASS J21565486-0035310,2680121886910358912,Low-Mass*
2MASS J00455901+0018439,2549049724237883776,Low-Mass*
2MASS J14065387+4609213,1506192327165446656,Low-Mass*
2MASS J13074699+4836470,1554798643853680128,Low-Mass*
2MASS J00033733-0359376,2447856107152175104,Low-Mass*
SDSS J102248.61+170333.2,3890328771957855744,Low-Mass*
2MASS J23302297-0113445,2643797531717079296,Low-Mass*
2MASS J10391446+2120510,3987886587559693952,Low-Mass*
2MASS J08535192+0928256,597427859225041664,Low-Mass*
2MASS J03442194-0046411,3251484276810835072,Low-Mass*
2MASS J00033009+2651521,2853885234229865216,Low-Mass*
2MASS J00185932+0107593,2547147878359614976,Low-Mass*
2MASS J10112898+2456553,726604322116730880,Low-Mass*
SDSS J155830.70+134824.0,1191669329457028480,Low-Mass*
2MASS J08282385+1617343,652927044371693568,Low-Mass*
[BHR2005] 513-56,1266131452346920576,Low-Mass*
2MASS J09381439+5952086,1026744681234639360,Low-Mass*
2MASS J10472091+1039436,3869712241742012544,Low-Mass*
SDSS J004843.90+011430.3,2549238084324037120,Low-Mass*
2MASS J08281533+2603556,679709090335329664,Low-Mass*
2MASS J02511580+0105150,2499108226772627968,Low-Mass*
2MASS J14102644+5448442,1609184955728208256,Low-Mass*
SDSS J154208.46+183717.4,1197809685291273088,Low-Mass*
2MASS J16305965+1306056,4460469329563653376,Low-Mass*
2MASS J10444389+2552422,724711822086809088,Low-Mass*
SDSS J232037.47+514520.8,1992308472464727552,Low-Mass*
LP  347-67,2854932179752915712,Low-Mass*
2MASS J23383477+1359218,2765135821028403072,Low-Mass*
2MASS J14101756+3107557,1453517744439175680,Low-Mass*
2MASS J08025538+1529111,654841848167945344,Low-Mass*
SDSS J084821.53+005154.5,3075521253399486976,Low-Mass*
2MASS J02150531+0113520,2513430976336627968,Low-Mass*
2MASS J13392922+4321405,1501618182698588416,Low-Mass*
2MASS J09303669+3317489,701150181257195520,Low-Mass*
2MASS J02545089-0059350,2497818907654828160,Low-Mass*
2MASS J00473266-0106212,2530707808702672384,Low-Mass*
2MASS J04465270+2234461,3413058335146455040,Low-Mass*
SDSS J084337.16+304924.3,706469377993635072,Low-Mass*
SDSS J115918.61+034843.9,3893240381828169728,Low-Mass*
2MASS J09004385+2055441,684978255001929600,Low-Mass*
SDSS J160436.90+092347.3,4454792035635124864,Low-Mass*
2MASS J12123389+0206280,3699683699198329600,Low-Mass*
2MASS J15410996+3700250,1376205412533455360,Low-Mass*
SDSS J001132.46-002218.8,2545068873670121472,Low-Mass*
2MASS J09213395+5054076,1019060503706501248,Low-Mass*
2MASS J22245370+0044211,2678483545865586176,Low-Mass*
2MASS J12415544+4301076,1540351335940774144,Low-Mass*
2MASS J14291246+4728530,1507078082566246144,Low-Mass*
2MASS J07521249+2504450,873729320194327936,Low-Mass*
2MASS J21064882+0020044,2690209910390526592,Low-Mass*
2MASS J12521988+1232064,3928163555481011840,Low-Mass*
2MASS J09062245+1807118,635377434338381312,Low-Mass*
2MASS J17055722+2336261,4571419394357653504,Low-Mass*
[IHA2007] N2516-3-7-689,5290709181010920832,Low-Mass*
SDSS J092733.86-012158.9,3838189552612649344,Low-Mass*
SDSS J034008.81+005606.2,3263964244888356480,Low-Mass*
2MASS J09102641+3852232,719092355596569600,Low-Mass*
2MASS J01591533+0027429,2507841819430655744,Low-Mass*
LSPM J1319+2245,1445716335778480000,Low-Mass*
2MASS J07481539+2817465,875363714165812096,Low-Mass*
2MASS J16572596+1957415,4561521904220000128,Low-Mass*
SDSS J081519.00+292511.6,684514226731478528,Low-Mass*
SDSS J074250.53+224650.0,867005566073486720,Low-Mass*
SDSS J123353.31+053659.2,3708264524164791168,Low-Mass*
2MASS J09255121+4406380,817870453011171840,Low-Mass*
2MASS J12531527+3619101,1516867653061652736,Low-Mass*
Cl* Melotte   20     AP     372,441390460412786688,Low-Mass*
2MASS J23462135+3956094,1921083552322164352,Low-Mass*
2MASS J00181936+0033014,2545562489968159104,Low-Mass*
2MASS J11545305+1021112,3912470049923182464,Low-Mass*
LP  588-7,2509705869597038464,Low-Mass*
2MASS J20593616+0055206,1729509319224436096,Low-Mass*
2MASS J08101463+2936004,876628491838897920,Low-Mass*
SDSS J113717.62+023321.0,3800480564385983872,Low-Mass*
2MASS J15472219+2724412,1223682052882959616,Low-Mass*
2MASS J15485714+3001584,1321018827991465600,Low-Mass*
2MASS J03291226-0009259,3264199853906916480,Low-Mass*
2MASS J23423228+4405229,1925800255346763520,Low-Mass*
2MASS J12294951+3803064,1531850874107295744,Low-Mass*
2MASS J09024780+2836139,693167181378539264,Low-Mass*
2MASS J07565823+4257225,922653258303072128,Low-Mass*
2MASS J09081368+3201261,700168390389455616,Low-Mass*
2MASS J20594197-0600097,6910538779389710208,Low-Mass*
2MASS J12504949+3202328,1513829942952676096,Low-Mass*
2MASS J14363460+4506580,1493883805592311936,Low-Mass*
2MASS J11404394+3015494,4020985868989875968,Low-Mass*
SDSS J034511.24-010617.3,3251459155546487040,Low-Mass*
SDSS J144520.93+050612.3,1158818670798188288,Low-Mass*
SDSS J085433.15+174556.5,611895228928115584,Low-Mass*
2MASS J07444280+1655060,667994854800599936,Low-Mass*
SDSS J235702.00+010148.9,2738501418859467776,Low-Mass*
2MASS J00454138-0043009,2530935132731350656,Low-Mass*
2MASS J12132318+3900529,1532756253213910528,Low-Mass*
2MASS J03173297-0110154,3262671081773487488,Low-Mass*
2MASS J00542638-0113045,2535863526099777280,Low-Mass*
2MASS J15193556+5134008,1595844443709141888,Low-Mass*
SDSS J145610.92+253733.3,1268068443941340160,Low-Mass*
2MASS J16191953+2154561,1298533162375565312,Low-Mass*
2MASS J00234769+0041477,2546849090371358976,Low-Mass*
SDSS J145724.14+410345.3,1296990311332082560,Low-Mass*
2MASS J03421633-0105028,3251424795807874816,Low-Mass*
LP  545-3,3097021958467075840,Low-Mass*
2MASS J00230526+0051129,2546901935648709248,Low-Mass*
2MASS J03265154+0032005,3264484039008012288,Low-Mass*
SDSS J142347.61+582828.9,1611830685646784896,Low-Mass*
2MASS J00233654-0007553,2543765814952217216,Low-Mass*
2MASS J16505397+1131242,4447825220721533440,Low-Mass*
SDSS J204144.78-005952.7,4226274619861911552,Low-Mass*
2MASS J00384997+0012517,2543285397090638336,Low-Mass*
2MASS J00481054+0038003,2537168916984133504,Low-Mass*
SDSS J013724.34-001245.8,2509844201903487488,Low-Mass*
2MASS J02122721+0002482,2507016081903414912,Low-Mass*
2MASS J05312635-0041365,3220669501369918208,Low-Mass*
2MASS J13463838+5757091,1658912838700050048,Low-Mass*
2MASS J05375065+0043224,3222433702135789056,Low-Mass*
SDSS J150246.19+462745.9,1587131015922358656,Low-Mass*
2MASS J18413959+4016085,2098478934445332736,Low-Mass*
2MASS J09001620+2834158,693224768302397952,Low-Mass*
2MASS J10353501+5649222,853965736123659392,Low-Mass*
SDSS J002656.29+005444.3,2543959191560434560,Low-Mass*
SDSS J004143.78+005344.1,2549339960947934208,Low-Mass*
SDSS J085937.20+324429.2,712881665383046272,Low-Mass*
SDSS J163144.66+314147.1,1324326884818650880,Low-Mass*
2MASS J00405213+0033017,2543310720217510016,Low-Mass*
2MASS J14493056+2127566,1238409427020511488,Low-Mass*
2MASS J09090418+0854142,590482961532221056,Low-Mass*
SDSS J074148.48+262959.7,869107901026691072,Low-Mass*
2MASS J09143518+2608384,688737352110433664,Low-Mass*
2MASS J08405082+5331051,1030244181932821248,Low-Mass*
SDSS J034347.96+001709.6,3269636453575091968,Low-Mass*
2MASS J16403561+2922225,1311055916911104896,Low-Mass*
SDSS J105434.15+471626.1,831389910547247744,Low-Mass*
2MASS J04115827-0531229,3203259142764617472,Low-Mass*
2MASS J05353659+0022389,3220899123206712320,Low-Mass*
2MASS J09391458+3950218,801063150766338048,Low-Mass*
2MASS J09175799+2016477,636060368497974272,Low-Mass*
2MASS J22570825-0810432,2610042589168292352,Low-Mass*
SDSS J063216.46+265754.1,3432481856595930240,Low-Mass*
2MASS J23531015+3724075,2879695518074249344,Low-Mass*
2MASS J12362180+3935261,1533620980454892288,Low-Mass*
2MASS J22593659-0809117,2607406991077148288,Low-Mass*
2MASS J20524964-0048189,4227263115174335232,Low-Mass*
2MASS J08140025+3935088,909263268262204160,Low-Mass*
2MASS J12401270+1546534,3934270960320666752,Low-Mass*
2MASS J12195599+2936448,4013424493167686016,Low-Mass*
SDSS J123625.30+321325.9,1514618842545194624,Low-Mass*
2MASS J14004256+2528289,1258480054008539008,Low-Mass*
2MASS J23465461+0001428,2642684718575054336,Low-Mass*
2MASS J10305072+3431323,749718427354491776,Low-Mass*
2MASS J07373111+2843080,878570572970560256,Low-Mass*
LP  548-40,3850000751329849344,Low-Mass*
2MASS J00233749-0114331,2541950074578417664,Low-Mass*
2MASS J16173424+1651456,1198703558176579584,Low-Mass*
2MASS J16432991+3434497,1326577374666659200,Low-Mass*
SDSS J053101.46+001835.4,3221081848294500608,Low-Mass*
[BHR2005] 890-137,2629748418813710976,Low-Mass*
2MASS J10423183+0931131,3869514776326321408,Low-Mass*
2MASS J08002025+2213233,674115148835514624,Low-Mass*
2MASS J00340241-0027556,2542812439588811776,Low-Mass*
SDSS J142042.78-021530.4,3646650954855494912,Low-Mass*
SDSS J080608.97+151210.8,654856206245517824,Low-Mass*
2MASS J09170750+1802584,632187437573214720,Low-Mass*
2MASS J23485404-0101033,2641787207849217408,Low-Mass*
2MASS J11152274+3816509,763901543238716544,Low-Mass*
Cl* NGC 2099    HGH  130146,3451205474460979328,Low-Mass*
2MASS J12074394+0354316,3893773198290330112,Low-Mass*
2MASS J14390241+4209007,1489974874253072512,Low-Mass*
2MASS J09491765+0248534,3847131502722887680,Low-Mass*
SDSS J090428.42+260528.6,691508185837988224,Low-Mass*
SDSS J210321.48+110136.5,1756660143963827200,Low-Mass*
2MASS J01065769-0050263,2533158860639049472,Low-Mass*
2MASS J16205877+3307483,1325592177888077440,Low-Mass*
2MASS J08451573+0635489,595088712661889408,Low-Mass*
SDSS J014937.37-003745.4,2506112214625275392,Low-Mass*
2MASS J15453884+3349396,1370899444296143744,Low-Mass*
2MASS J11303736+5447128,844450218899932800,Low-Mass*
PSO J076.2495+31.7503,157497210956668160,Low-Mass*
2MASS J00243058+0056083,2546950893979668480,Low-Mass*
2MASS J03333999-0051371,3263306805652374528,Low-Mass*
2MASS J18112215+2420353,4578463346884040704,Low-Mass*
2MASS J08205021+1617012,655870677517827328,Low-Mass*
2MASS J15335065+4229275,1391082285893390464,Low-Mass*
GES J07585090-6111444,5290649811683301888,Low-Mass*
2MASS J15272335+4252526,1391012192027300480,Low-Mass*
2MASS J06450363+2907182,3386594666517927552,Low-Mass*
2MASS J02082153-0049408,2506841774951000320,Low-Mass*
2MASS J16294983+2712236,1304354354882495872,Low-Mass*
SDSS J203521.96-011413.5,4226401304216784896,Low-Mass*
2MASS J02531801+0036197,2498316367946976256,Low-Mass*
2MASS J03263956-0617586,5168971223517940992,Low-Mass*
2MASS J12501988+4940291,1567451716290054016,Low-Mass*
2MASS J00253472+0023552,2543823779831509504,Low-Mass*
SDSS J053148.56+003451.3,3221094015937268352,Low-Mass*
2MASS J12070830-0034425,3698631153037805696,Low-Mass*
2MASS J14493699+2050208,1238163209429509120,Low-Mass*
SDSS J212939.65-074504.4,6897887528017277056,Low-Mass*
2MASS J00085335+0008219,2545909007928657408,Low-Mass*
2MASS J09425733+3034577,792721942024677888,Low-Mass*
2MASS J09355068+2006124,634493701867786368,Low-Mass*
2MASS J05251693+0129420,3222207713841002624,Low-Mass*
SDSS J140415.72+091548.2,3722766601501318272,Low-Mass*
2MASS J09350607+0013517,3840267805681782400,Low-Mass*
2MASS J09013243+2156377,685469397394170880,Low-Mass*
2MASS J09253353+4037031,812597577498460544,Low-Mass*
2MASS J02121133+0101249,2513318521208310656,Low-Mass*
2MASS J14084574+3655218,1482800973198586624,Low-Mass*
2MASS J01351455-0840441,2465144106432115200,Low-Mass*
2MASS J11505548-5032451,5369330447152203136,Low-Mass*
SDSS J083042.81+275147.2,704187307250855040,Low-Mass*
SDSS J215116.25+000836.1,2681192815531236096,Low-Mass*
SDSS J075009.34+491219.2,934233898884226944,Low-Mass*
2MASS J22255739-0004564,2678171284562732032,Low-Mass*
2MASS J06470626+2801064,3386195062760347264,Low-Mass*
2MASS J05433020+0103229,3219505835815858944,Low-Mass*
2MASS J00360218-0111465,2542505297887198848,Low-Mass*
PSO J067.9462+23.5249,146045586897890944,Low-Mass*
2MASS J08442282+4653087,1013705190592871168,Low-Mass*
2MASS J16163343-2327210,6050357680127593472,Low-Mass*
2MASS J00342476-0050499,2542720080612098816,Low-Mass*
2MASS J16183675+3227143,1319540259732875776,Low-Mass*
2MASS J12132758+0105096,3699364291070955264,Low-Mass*
2MASS J13491169+2833590,1452209566120408832,Low-Mass*
2MASS J15380477+1704434,1197176473963753472,Low-Mass*
2MASS J00373855-0053488,2542540173021695360,Low-Mass*
2MASS J12503398+2949570,1464932839799301888,Low-Mass*
SDSS J085511.33+185115.5,660396851495178496,Low-Mass*
2MASS J02013037-0110083,2506592842940538368,Low-Mass*
V* V348 Tau,64933037865353600,Low-Mass*
2MASS J00491083+0049083,2537179327985430272,Low-Mass*
2MASS J00325473+0010258,2543613395153529856,Low-Mass*
2MASS J13432232+0808571,3724642333976180864,Low-Mass*
SDSS J075433.80+195545.5,670323792225959296,Low-Mass*
2MASS J08342405+0838386,596570957414789632,Low-Mass*
2MASS J15303108+5744506,1602413265479763072,Low-Mass*
2MASS J11503124+3258203,4027725295448535424,Low-Mass*
2MASS J00390660-0007196,2542983070048794752,Low-Mass*
2MASS J03235495-0558538,5169789290234361600,Low-Mass*
2MASS J15064565+4004410,1391970313331944704,Low-Mass*
2MASS J22580249-0913552,2606908122036701056,Low-Mass*
2MASS J01340084+2314292,290103153692007040,Low-Mass*
2MASS J10092485+2447409,726586833009570816,Low-Mass*
2MASS J09025061+0351141,578404551422900224,Low-Mass*
2MASS J09513892+3356243,793737375372778368,Low-Mass*
GES J08084064-4853377,5514573601020715136,Low-Mass*
SDSS J012514.49-004145.1,2533891066663335808,Low-Mass*
2MASS J08265469+4035060,914663863218167552,Low-Mass*
2MASS J15525713+4047499,1383024033893647872,Low-Mass*
2MASS J21293507-0033101,2687584860738837120,Low-Mass*
2MASS J10024638+2435532,642557898102192000,Low-Mass*
2MASS J09020308+2604557,691531073717931008,Low-Mass*
2MASS J15445449+2614505,1223158135591382528,Low-Mass*
2MASS J06065256+2224338,3423757197467040384,Low-Mass*
SDSS J215400.24+001831.0,2681028125011553920,Low-Mass*
2MASS J11520588+6322387,863221665524861312,Low-Mass*
2MASS J00455395-0106073,2530696332549585792,Low-Mass*
2MASS J11501116+4002000,768078489127670016,Low-Mass*
SDSS J120634.18+501111.4,1546881674799888768,Low-Mass*
2MASS J10121504+2423159,726336698409464832,Low-Mass*
2MASS J17283357+6106577,1438954545426015232,Low-Mass*
2MASS J09461799+3154175,793096016495950720,Low-Mass*
2MASS J22180066-0803516,2616474908284774784,Low-Mass*
2MASS J16062095+3245242,1323121884498463744,Low-Mass*
2MASS J23425224+0050051,2643022925775191168,Low-Mass*
2MASS J00492977-0034200,2536737977146086528,Low-Mass*
2MASS J18035880+2353127,4579113295694219520,Low-Mass*
2MASS J00462445+0013125,2537037834582801536,Low-Mass*
2MASS J00202401+0011058,2545352032274399872,Low-Mass*
2MASS J08101899+1713365,656833196870844800,Low-Mass*
2MASS J10051506+3036549,745435215383775872,Low-Mass*
2MASS J14380693+4154323,1489942881040133248,Low-Mass*
2MASS J23433610-0029415,2642594975233775360,Low-Mass*
SDSS J081018.52+081434.4,3098271175475446912,Low-Mass*
2MASS J00302479-0030259,2543459429165121536,Low-Mass*
2MASS J09485043+0944533,3879073896058483584,Low-Mass*
2MASS J21294590+0034432,2687994802482451456,Low-Mass*
2MASS J11061713+6225569,1054422202109484032,Low-Mass*
SDSS J214112.90+103712.0,1765765341488076800,Low-Mass*
2MASS J09434883+1832477,621379547509768448,Low-Mass*
2MASS J07575997+3703307,906911314106449024,Low-Mass*
2MASS J21115250+0046273,2690452455783793280,Low-Mass*
2MASS J10402032+3444081,750344294283417088,Low-Mass*
2MASS J07134978-0656011,3052184458407291520,Low-Mass*
2MASS J08482925+4432316,914208841499566720,Low-Mass*
2MASS J07475175+4549471,927235301213882240,Low-Mass*
2MASS J00492922-0115046,2530643349833401088,Low-Mass*
2MASS J00370268+0056295,2544126596500719488,Low-Mass*
2MASS J00203377+0026222,2546861558659556992,Low-Mass*
2MASS J05304544+0009055,3220983201485768320,Low-Mass*
2MASS J00051092-1035325,2428584378440696448,Low-Mass*
2MASS J00260374+0014323,2543805401667242880,Low-Mass*
SDSS J235738.31-000735.3,2642095242903430144,Low-Mass*
2MASS J00343943+0105495,2544200126340784256,Low-Mass*
2MASS J13145567+5237294,1563104075514708736,Low-Mass*
SDSS J222251.05+010534.7,2679261725219502208,Low-Mass*
2MASS J15080854+4417347,1585881116015259392,Low-Mass*
2MASS J11000183+3506575,762298627082446592,Low-Mass*
2MASS J08275742+1911309,662897523188690688,Low-Mass*
2MASS J11171111+3714420,763587465163577344,Low-Mass*
2MASS J00275841-0102524,2543413043518911872,Low-Mass*
SDSS J215025.80-011222.9,2674762802811623680,Low-Mass*
2MASS J11135749+0517375,3816875420923230208,Low-Mass*
2MASS J23434790+0028180,2642962139102732416,Low-Mass*
2MASS J00214298-0043372,2542220485719581312,Low-Mass*
2MASS J03060096+0020461,3266673132299562752,Low-Mass*
2MASS J16081566-2222199,6242527745454719232,Low-Mass*
SDSS J010554.86-004449.5,2533209476828647296,Low-Mass*
2MASS J09071841+1424006,607078478940558976,Low-Mass*
2MASS J02505547+0026365,2498228205153542656,Low-Mass*
2MASS J22585576-0846486,2606995464490582528,Low-Mass*
LP  438-75,1245083050283659008,Low-Mass*
2MASS J00180395+0027027,2545559397591682816,Low-Mass*
2MASS J09472447+2746299,647248547851037824,Low-Mass*
2MASS J03331535+0108411,3264873231765178496,Low-Mass*
SDSS J134849.71+221659.4,1251140225481560192,Low-Mass*
SDSS J131629.17-000556.2,3687516808468036224,Low-Mass*
LP  328-36,1369601749993089152,Low-Mass*
2MASS J16263131+1428214,4463853729433260288,Low-Mass*
2MASS J16115439-2236491,6242649340270424704,Low-Mass*
2MASS J00202593+0105135,2547120051266733056,Low-Mass*
2MASS J00355642+0022066,2543256981587247360,Low-Mass*
2MASS J08361923+2849303,704597188867249664,Low-Mass*
2MASS J22573577-0859484,2606963063257211008,Low-Mass*
2MASS J07592891+2610436,682117703700390528,Low-Mass*
SDSS J143028.25+324105.0,1287227266552583808,Low-Mass*
SDSS J095012.87+481442.1,824924747816360448,Low-Mass*
2MASS J09474954+1858096,627409788967724672,Low-Mass*
2MASS J16535775+1321432,4449232831826206720,Low-Mass*
SDSS J140437.91+482908.6,1509535083031823616,Low-Mass*
2MASS J03533219+1431194,39653032159434240,Low-Mass*
2MASS J23163123-1004415,2413852125219707904,Low-Mass*
2MASS J06450725+3757572,944032063610322816,Low-Mass*
2MASS J00075006-0049120,2544945865806620800,Low-Mass*
SDSS J232635.77+521205.3,1991677833822837248,Low-Mass*
2MASS J20521033+0034005,4227703400861385600,Low-Mass*
2MASS J00350894-0019445,2542774433421252480,Low-Mass*
SDSS J162713.78-003457.9,4407475961481880064,Low-Mass*
2MASS J14425289+2646521,1279696054284609152,Low-Mass*
2MASS J17151719+3207338,1333546800917169152,Low-Mass*
2MASS J16211251+1255376,4463228274818047872,Low-Mass*
2MASS J14180881+1550528,1231983468750739968,Low-Mass*
2MASS J15363222+4725297,1401139076372091904,Low-Mass*
2MASS J02561003+0009333,2498050290428263168,Low-Mass*
2MASS J01064836+0037543,2537864259305139200,Low-Mass*
2MASS J15214260+0614200,1162370432658188928,Low-Mass*
2MASS J15411941+5029510,1402788653050228992,Low-Mass*
2MASS J12192903+4811009,1545532681413721216,Low-Mass*
2MASS J08560535+1135417,604673739636367232,Low-Mass*
SDSS J080518.07+255435.4,681951917962818944,Low-Mass*
2MASS J08502128+0257314,581013829955110912,Low-Mass*
SDSS J085645.46+513117.6,1016941087669197440,Low-Mass*
SDSS J001617.60-003255.3,2545182741843442304,Low-Mass*
2MASS J14273865+4158371,1491634548398862976,Low-Mass*
2MASS J10090988+4315069,808534332275701632,Low-Mass*
2MASS J02525023+0018151,2498207726749509760,Low-Mass*
SDSS J125002.17+592312.9,1579652928103725056,Low-Mass*
2MASS J18534329+1909306,4518391533410573056,Low-Mass*
[BHR2005] 889-63,2676523906906848128,Low-Mass*
SDSS J104512.47+101722.3,3869675476822361344,Low-Mass*
2MASS J12061128+2650197,4006630301582224512,Low-Mass*
2MASS J16263599+6314418,1628935861055411968,Low-Mass*
2MASS J12294076+1930335,3948768643903470464,Low-Mass*
2MASS J10274910+4845398,834569977348253696,Low-Mass*
2MASS J01345453+0048572,2510176765516099200,Low-Mass*
2MASS J09565703+0202401,3834790451068745600,Low-Mass*
2MASS J14110870+3125253,1477547472280162816,Low-Mass*
SDSS J140404.23+494820.9,1511299416941617664,Low-Mass*
2MASS J02434746+0104510,2499304592677349504,Low-Mass*
2MASS J23535817+3746049,2881210576377735296,Low-Mass*
[IHA2007] N2516-2-6-1250,5290761068516409088,Low-Mass*
2MASS J10205740+4158007,804824717490918656,Low-Mass*
SDSS J005530.40+011112.9,2537546015113253120,Low-Mass*
2MASS J17363161+3411020,4602445933163393408,Low-Mass*
2MASS J08330994+1806328,659573970119353216,Low-Mass*
2MASS J09031895+4008373,720208016301294720,Low-Mass*
2MASS J12134694+0105554,3699317763689877504,Low-Mass*
SDSS J084943.97+323513.1,713051265052703488,Low-Mass*
2MASS J02012699-0015239,2507536322701387648,Low-Mass*
2MASS J16372289+3719445,1328379783461874304,Low-Mass*
2MASS J10062839+5338497,852412435431323136,Low-Mass*
2MASS J14285711+4756108,1507233938338044544,Low-Mass*
2MASS J08372814+1500581,657559802255720448,Low-Mass*
SDSS J145136.35+084724.2,1173462065441986560,Low-Mass*
2MASS J23260419+0052241,2645427725208308608,Low-Mass*
2MASS J15581550+0923508,4454930569801034880,Low-Mass*
2MASS J06531840+2821160,887518123720736384,Low-Mass*
2MASS J08443192+2041054,661826392703826560,Low-Mass*
2MASS J16174485+3507185,1329083505263003008,Low-Mass*
2MASS J13061441+5612595,1564835771972471936,Low-Mass*
2MASS J00220536+0043280,2546896025773668224,Low-Mass*
SDSS J031118.44+001835.7,3266813255608000000,Low-Mass*
2MASS J23222246+5312479,1992681859741035648,Low-Mass*
2MASS J12081782+0038046,3699425966801377664,Low-Mass*
2MASS J22013677+0020095,2680648557275197312,Low-Mass*
SDSS J113528.76+501839.8,791540894737485184,Low-Mass*
SDSS J160803.81+000400.7,4408275370857417088,Low-Mass*
SDSS J091420.46+261838.3,688749201924529920,Low-Mass*
SDSS J182916.05+213516.1,4529000235762471296,Low-Mass*
2MASS J01344190-0023399,2509755205886073856,Low-Mass*
2MASS J23142853-0112379,2638875293037786368,Low-Mass*
2MASS J16234620+0751351,4439932170345339136,Low-Mass*
2MASS J12072991+0024269,3699040961637243904,Low-Mass*
2MASS J01421690-0059393,2508748946587860480,Low-Mass*
2MASS J01220429+3046056,309577497484828288,Low-Mass*
2MASS J23351517+0002106,2644376385934126720,Low-Mass*
SDSS J021804.77+003233.3,2501138539419191680,Low-Mass*
2MASS J08240568+1342363,651186483105732480,Low-Mass*
SDSS J222140.26-002637.9,2678238011174459136,Low-Mass*
2MASS J00370127+0004315,2543187201254719488,Low-Mass*
SDSS J093434.82+380401.8,799309395360667776,Low-Mass*
2MASS J15154644+4521028,1395387835989598336,Low-Mass*
2MASS J02141338+2150001,99633173863963648,Low-Mass*
SDSS J224952.70+002540.1,2653459142254889088,Low-Mass*
2MASS J01001176-0050421,2535785765716670592,Low-Mass*
SDSS J132737.53+345103.6,1470373880464903424,Low-Mass*
SDSS J100011.40+013858.1,3836016677117308416,Low-Mass*
SDSS J231559.46+220114.2,2838203621438140032,Low-Mass*
2MASS J00201941-0019364,2545248300223751296,Low-Mass*
SDSS J212755.38+120056.1,1746036112859673984,Low-Mass*
2MASS J23272516+5323231,1992743191873666048,Low-Mass*
2MASS J08205019+4219020,915795574216883584,Low-Mass*
2MASS J14294447+4658590,1507029364751493888,Low-Mass*
2MASS J02295299-0738576,5178115999165063936,Low-Mass*
2MASS J00181851+0038184,2545580734989230592,Low-Mass*
2MASS J17371649+4414531,1350048653680247424,Low-Mass*
2MASS J02401078+0036330,2501796768925215104,Low-Mass*
2MASS J00311045+0041540,2544254792686294144,Low-Mass*
2MASS J08460552+1033285,598724282218590720,Low-Mass*
2MASS J03371871+0030151,3263931500055387520,Low-Mass*
SDSS J210647.31-010320.3,2689032436515820928,Low-Mass*
2MASS J22383439+0058599,2654617924429876480,Low-Mass*
2MASS J08241477+5520579,1033875490882164352,Low-Mass*
SDSS J053630.88-001105.9,3220815010565819520,Low-Mass*
2MASS J01594288+0057205,2508294543343351424,Low-Mass*
2MASS J13014190+2635005,1460374097088236544,Low-Mass*
2MASS J08133955+1512312,655372358232275328,Low-Mass*
2MASS J21591273-0054284,2679902465620592896,Low-Mass*
2MASS J12454087+5652414,1577451430947177728,Low-Mass*
2MASS J01193110+0722346,2578319823282006912,Low-Mass*
2MASS J03034759-0758110,5179777597458582272,Low-Mass*
2MASS J16332271+2830423,1305674803924649216,Low-Mass*
2MASS J12103585-0056148,3697896958444173184,Low-Mass*
2MASS J09575000+0302265,3848388008290132992,Low-Mass*
SDSS J024147.85-005647.6,2496893737339841664,Low-Mass*
2MASS J15404235+3114098,1369452800525849088,Low-Mass*
2MASS J15345680+3059029,1274025529221438720,Low-Mass*
UCAC4 289-089602,6025146733201615616,Low-Mass*
2MASS J08160424+0708071,3097159436077313664,Low-Mass*
2MASS J08303813+1547462,652662268228483456,Low-Mass*
2MASS J02331623-0859437,5175665084668165888,Low-Mass*
2MASS J00240018+0041405,2546848948635805440,Low-Mass*
2MASS J14423727+5429203,1606866085705738496,Low-Mass*
2MASS J00312943-0012004,2543565566396987264,Low-Mass*
2MASS J13410631+1639495,3742476897910356480,Low-Mass*
2MASS J23340176+4641193,1938440649037110784,Low-Mass*
2MASS J09245507+0817329,587330455536325888,Low-Mass*
2MASS J08253864+2018165,663841312185737984,Low-Mass*
2MASS J15515603+2736420,1223724147857733120,Low-Mass*
SDSS J105010.53+240725.2,723534279494839808,Low-Mass*
LP  265-502,4033082494055921280,Low-Mass*
SDSS J073900.56+452334.8,927016571415037056,Low-Mass*
SDSS J094851.34+321952.0,793299769749408512,Low-Mass*
2MASS J09490586+1719076,620300857883576448,Low-Mass*
2MASS J23081098+2248060,2838915937470603904,Low-Mass*
SDSS J220650.07-002840.4,2677336858316527872,Low-Mass*
2MASS J23552215+3514048,2878478251327559552,Low-Mass*
2MASS J22044342+4540056,1962954162002278784,Low-Mass*
2MASS J03202722+0115018,3267702824938727680,Low-Mass*
SDSS J031710.19+000717.7,3266097469243048448,Low-Mass*
2MASS J08290028+1058582,600920560991026688,Low-Mass*
2MASS J00253743+0033290,2543922774533357184,Low-Mass*
2MASS J23225227-0040108,2644783720632689536,Low-Mass*
SDSS J215606.40-001238.0,2680197482629312000,Low-Mass*
SDSS J092639.58+371457.9,810851484313467392,Low-Mass*
2MASS J16482867+2536085,1306348559739241472,Low-Mass*
2MASS J11230410+3909280,764194292503259520,Low-Mass*
2MASS J00142561-0002470,2545435492078465152,Low-Mass*
GES J07555194-6113208,5290661253475851392,Low-Mass*
2MASS J23493038-0014570,2641904786874050432,Low-Mass*
SDSS J080823.12+145751.0,654081364077279488,Low-Mass*
2MASS J13404928+3234566,1456910459365322752,Low-Mass*
2MASS J16224442+2007373,1201285658156125440,Low-Mass*
Cl* Melotte   22   PLIZ       8,68318086273228416,Low-Mass*
SDSS J094402.60+055450.1,3853156414126637952,Low-Mass*
CTI 012657.5+280202,296958917931747200,Low-Mass*
SDSS J214641.53+003022.8,2693192090867208576,Low-Mass*
2MASS J16244716+1558468,4466458335039764096,Low-Mass*
2MASS J14213038+1517173,1228846974393463040,Low-Mass*
2MASS J11211638+3127391,4023779831115666048,Low-Mass*
2MASS J04322548-3903153,4864753467263620224,Low-Mass*
2MASS J14342592+3646067,1486489388032978432,Low-Mass*
2MASS J17143679+5609330,1432714954377757312,Low-Mass*
2MASS J03334647-0000427,3263420845624164608,Low-Mass*
2MASS J00255575+0025294,2543812338038640768,Low-Mass*
SDSS J203826.31-000944.9,4228111525833449600,Low-Mass*
2MASS J03105381+0009030,3266804627017843840,Low-Mass*
2MASS J00264067+0012596,2543758805566175232,Low-Mass*
2MASS J23165603+5250190,1995657687958814080,Low-Mass*
2MASS J23452857+4426519,1925834370268250368,Low-Mass*
SDSS J064740.09+285220.1,3386397995672354304,Low-Mass*
2MASS J00132155+0109031,2546444298293149440,Low-Mass*
2MASS J12002540+3846090,4033913827925560960,Low-Mass*
2MASS J15100428+6035235,1615903689032185344,Low-Mass*
2MASS J11271057+3211214,4023885697764058240,Low-Mass*
SDSS J044558.27+113043.6,3295596369784637696,Low-Mass*
2MASS J12482161+1414090,3930814645518544000,Low-Mass*
SDSS J025607.94+010734.4,365037860559744,Low-Mass*
SDSS J082353.99+485241.3,930978279312824832,Low-Mass*
2MASS J23271788-0109082,2643845940292947200,Low-Mass*
2MASS J07463065+2737046,875267506897235968,Low-Mass*
2MASS J15265683+4126230,1390615478784035840,Low-Mass*
2MASS J09090308+0953357,591357623031553664,Low-Mass*
2MASS J14233834+0027542,3653821626095324800,Low-Mass*
2MASS J12434357+3112248,1513529741917876864,Low-Mass*
2MASS J02295495-0046034,2500136678166382976,Low-Mass*
2MASS J23272692+4937066,1942969949749385216,Low-Mass*
SDSS J091624.96+432611.0,817031289416248320,Low-Mass*
SDSS J005031.95-001234.2,2536785775836667904,Low-Mass*
2MASS J22240460-0111244,2677577788801973504,Low-Mass*
2MASS J00393398+1416557,2779418404057481856,Low-Mass*
2MASS J07385088+3917474,899307744525091840,Low-Mass*
2MASS J00314060-0035428,2542795805179142016,Low-Mass*
2MASS J23504934+0058439,2643216607325379456,Low-Mass*
2MASS J00315041+0044391,2544073304547692928,Low-Mass*
SDSS J172949.33+583110.6,1434689398088984320,Low-Mass*
2MASS J15110126+4442387,1393854601384007424,Low-Mass*
2MASS J00481736-0039450,2536741932811858688,Low-Mass*
SDSS J204337.89-003052.9,4227815039946732160,Low-Mass*
SDSS J234454.32-005011.4,2641772300017377280,Low-Mass*
2MASS J08124713+1836163,657366326863630976,Low-Mass*
SDSS J131015.15+171104.9,3937103890683960448,Low-Mass*
SDSS J233027.49+005937.0,2645479505333860864,Low-Mass*
2MASS J01103555+0038027,2534917224545219584,Low-Mass*
2MASS J00403538-0026512,2542911773591698176,Low-Mass*
SDSS J142001.11+410035.8,1491900119112231168,Low-Mass*
2MASS J13034761+5815247,1578571798936040704,Low-Mass*
2MASS J09072429+1716199,611069877948262656,Low-Mass*
2MASS J09462496+2634196,646732602019422336,Low-Mass*
LP  485-17,599891555546067072,Low-Mass*
[BHR2005] 889-118,2682777589743323904,Low-Mass*
2MASS J00312717+0051043,2544262725488546304,Low-Mass*
2MASS J15160398+5739078,1614546754244897920,Low-Mass*
2MASS J11492778+3353261,4030842647135603200,Low-Mass*
2MASS J00502705+1442336,2778025395839603456,Low-Mass*
2MASS J14443851+1324559,1184828610491676672,Low-Mass*
SDSS J124236.12+171615.5,3935280556807928704,Low-Mass*
2MASS J09075841+2150459,685282750999923456,Low-Mass*
2MASS J09365677+5150410,1018837504708850432,Low-Mass*
SDSS J204936.17-001025.5,4227548545816126976,Low-Mass*
2MASS J21045323+0102434,1729561099349070464,Low-Mass*
2MASS J10255992+3015221,741649936151726336,Low-Mass*
2MASS J16005086+1142280,4457565789936476288,Low-Mass*
SDSS J151307.98+033428.8,1155398429428190464,Low-Mass*
2MASS J12223268+5456305,1572779812198891264,Low-Mass*
2MASS J08432085+1842479,660933825484491648,Low-Mass*
2MASS J00170541-0043427,2545126872908389376,Low-Mass*
2MASS J10304210+2800409,729079975625766528,Low-Mass*
SDSS J090113.92+404223.4,720471589856375296,Low-Mass*
2MASS J01493639+1452174,2588154959086812672,Low-Mass*
2MASS J00485833+0053240,2549189946330368768,Low-Mass*
2MASS J09080457+0836459,590376897314063744,Low-Mass*
BKLT J162847-242814,6049102965562403328,Low-Mass*
SDSS J171821.22+645402.4,1632928870674742528,Low-Mass*
2MASS J08102796+4322285,928104984846878592,Low-Mass*
[BHR2005] 889-11,2678848141344210688,Low-Mass*
2MASS J13312448+5943067,1662333767265736960,Low-Mass*
2MASS J00472567+0032451,2549083637299748096,Low-Mass*
2MASS J07394117+3205500,880404111689208704,Low-Mass*
2MASS J02500950+0039361,2498996931284465280,Low-Mass*
SDSS J010408.49-010431.2,2533104366093943168,Low-Mass*
2MASS J02291497+0003130,2500448359648162688,Low-Mass*
2MASS J07174403+3102309,886774617637614336,Low-Mass*
2MASS J21455384+0029345,2693205903482231808,Low-Mass*
2MASS J14051400+5932149,1660076023217147392,Low-Mass*
2MASS J09262196+4641522,819331399022633216,Low-Mass*
2MASS J12495147+3357268,1514325650897624448,Low-Mass*
2MASS J12592270+1502521,3930468303650160640,Low-Mass*
2MASS J14092880+3601546,1482683802194391552,Low-Mass*
2MASS J00494445-0024128,2536776734931028992,Low-Mass*
SDSS J233725.74+001548.1,2645873336655087104,Low-Mass*
SDSS J122054.86+561358.7,1574449970361170816,Low-Mass*
2MASS J07473745+4043076,923817164376930816,Low-Mass*
SDSS J141046.97+360920.1,1482706277758305408,Low-Mass*
2MASS J08210812+1628041,655945070648397952,Low-Mass*
2MASS J02183737-0007557,2500946331040882816,Low-Mass*
2MASS J08084290+0857367,3146408314232716672,Low-Mass*
2MASS J09235799+5700398,1025821022748528384,Low-Mass*
SDSS J090405.27+111347.4,604117665925499904,Low-Mass*
SDSS J075926.35+121352.9,3151075358837605248,Low-Mass*
SDSS J033514.33+011300.1,3264784411841116160,Low-Mass*
2MASS J10493102-0042016,3803148052609936896,Low-Mass*
UCAC3 158-18727,2989206326445903616,Low-Mass*
SDSS J233319.39+502056.5,1944517340566667520,Low-Mass*
2MASS J22240533-0747522,2622302693573779456,Low-Mass*
2MASS J16292279+3146157,1324504833903285120,Low-Mass*
2MASS J00192591-0053140,2542126786712817024,Low-Mass*
2MASS J16044090+3133535,1322200120092507776,Low-Mass*
2MASS J08024796+2733056,875969304553539456,Low-Mass*
Cl* NGC 2547    NTJ 19-1086,5514371703198446208,Low-Mass*
2MASS J23383801-0024412,2641288270088500608,Low-Mass*
2MASS J10121364+2147275,628946356467755136,Low-Mass*
2MASS J16242960+3417200,1329125080546847360,Low-Mass*
SDSS J005701.77+003442.0,2537270316867245824,Low-Mass*
SDSS J211409.74-002931.6,2689495189176766464,Low-Mass*
Cl* Melotte   22  ROQUE      10,66522381922868864,Low-Mass*
2MASS J00274041-0011445,2543544503878079872,Low-Mass*
2MASS J23381646-0039028,2641274904150197120,Low-Mass*
2MASS J23310163-0109522,2643803162418362112,Low-Mass*
2MASS J16043668+0738060,4450960203252076672,Low-Mass*
2MASS J09121559+2214189,638770007530432896,Low-Mass*
2MASS J01315589-0008447,2509985901464748160,Low-Mass*
2MASS J02171864-0038565,2494898437267987712,Low-Mass*
2MASS J23331887-0016265,2644387076107162624,Low-Mass*
2MASS J09153816+0422075,579379027962863488,Low-Mass*
2MASS J22232042+0010007,2678299858704437760,Low-Mass*
2MASS J09154958+1523494,606847371045092608,Low-Mass*
2MASS J15182153+5418435,1599704107480124544,Low-Mass*
2MASS J02520400+0022319,2498212773335877632,Low-Mass*
2MASS J08104770+3018388,876759230643295360,Low-Mass*
2MASS J00165450+0055137,2545650931934676864,Low-Mass*
2MASS J13430257+0904198,3724951124944491392,Low-Mass*
SDSS J220656.19-002148.7,2677373348358718592,Low-Mass*
SDSS J212112.43-002103.9,2686360825123692160,Low-Mass*
2MASS J22381161-0025038,2653893006965253760,Low-Mass*
2MASS J10070593+2333422,630381528379389440,Low-Mass*
2MASS J02594248-0051203,5188027679878032896,Low-Mass*
2MASS J23353635+4541391,1937390860250135296,Low-Mass*
2MASS J23280430+4941468,1942972045693709184,Low-Mass*
2MASS J16115877+2028491,1201886987936028800,Low-Mass*
2MASS J15273155+1912417,1210472760704024064,Low-Mass*
SDSS J222614.50-002437.5,2678018521165766400,Low-Mass*
SDSS J210413.69+755803.2,2278301376809736704,Low-Mass*
2MASS J09350223+5234554,1018936185877628928,Low-Mass*
[BHR2005] 213-7,822544549955781632,Low-Mass*
Cl* NGC 2547    NTJ  8-1868,5514361189118830080,Low-Mass*
2MASS J02494606+0049453,2499051395764855296,Low-Mass*
2MASS J03293387+3120362,121394536202881664,Low-Mass*
2MASS J11094039+5017356,838836288622995456,Low-Mass*
2MASS J08502332+1047520,598641342105201920,Low-Mass*
2MASS J08394695+5313552,1030233942730656640,Low-Mass*
2MASS J17510301+2435189,4581087713638755840,Low-Mass*
2MASS J00233485+0007159,2543790936217312512,Low-Mass*
2MASS J21465273-0049004,2674847117315178112,Low-Mass*
2MASS J23250409-0115109,2643937234117987584,Low-Mass*
2MASS J23310335+5209060,1991628355803423104,Low-Mass*
SDSS J080525.82+335535.8,905388280047817728,Low-Mass*
2MASS J00103037-0020036,2545081105737426816,Low-Mass*
2MASS J23323554-0038546,2644230460125633536,Low-Mass*
SDSS J141337.21+402658.0,1485974610432635392,Low-Mass*
2MASS J12034476+0820187,3899750315297800704,Low-Mass*
SDSS J220254.31-002329.1,2680272829241249408,Low-Mass*
2MASS J09083537+4114511,816421983882147968,Low-Mass*
2MASS J09562092+2727436,743097619303531776,Low-Mass*
2MASS J15584173+0525236,4426523729120023168,Low-Mass*
2MASS J00534796+0047145,2537501175654263168,Low-Mass*
SDSS J063606.50+263252.7,3384359359378826368,Low-Mass*
LP  588-33,2509818569538728960,Low-Mass*
2MASS J07455831+4300503,924341047306276352,Low-Mass*
2MASS J08591507+2705438,691856632238606976,Low-Mass*
SDSS J074409.88+284447.1,878450004650290688,Low-Mass*
2MASS J23200598-0054167,2644759874973501824,Low-Mass*
2MASS J12120078+5056251,1548280086087408768,Low-Mass*
SDSS J133318.23+503102.9,1559433046707822080,Low-Mass*
SDSS J010603.56+001323.0,2536299718683165696,Low-Mass*
2MASS J20501774-0612246,6913237393241407488,Low-Mass*
Cl* NGC 2632     JS     195,664285175582432128,Low-Mass*
2MASS J00484792-0035367,2536743925675958400,Low-Mass*
LP  590-77,2501711316256432000,Low-Mass*
2MASS J09090474+2221274,685370368331923072,Low-Mass*
2MASS J00325786+0113145,2544303166900778752,Low-Mass*
2MASS J08495710+1246187,608052543163722752,Low-Mass*
2MASS J08083200+4117031,921673352925216000,Low-Mass*
2MASS J10203439+3747010,754251438917577984,Low-Mass*
2MASS J00343452+0005218,2543222007669608704,Low-Mass*
SDSS J100827.80+015449.6,3835303643826618752,Low-Mass*
2MASS J00162452+0016087,2545539125345981824,Low-Mass*
2MASS J14063403+3143392,1454354786320729856,Low-Mass*
2MASS J23440157+4015053,1921158422192694400,Low-Mass*
2MASS J01352028-0046297,2509661919196498048,Low-Mass*
2MASS J16124462+3650221,1330237309573674752,Low-Mass*
2MASS J11152817+0821300,3818722875335577728,Low-Mass*
2MASS J16185929+3505599,1329092232636906624,Low-Mass*
2MASS J12195184+6419357,1584846608716230016,Low-Mass*
2MASS J01300400+3748189,322463022143485056,Low-Mass*
2MASS J15404605+3734069,1377010839160662912,Low-Mass*
2MASS J00405133-0047298,2542881910682625664,Low-Mass*
2MASS J02570646+0042438,283506496414080,Low-Mass*
2MASS J00162148+0054359,2545645812333626368,Low-Mass*
SDSS J090120.25+202602.1,684664486162203904,Low-Mass*
2MASS J00381902+0040480,2543366112411402240,Low-Mass*
SDSS J081458.41+191939.1,657523415294384128,Low-Mass*
2MASS J00245893-0947386,2426626663627786368,Low-Mass*
SDSS J005655.10+001626.6,2537226366466727936,Low-Mass*
UScoCTIO  68,6237046095874802304,Low-Mass*
[HB88] M16,6577368030115301888,Low-Mass*
2MASS J15274026+4119222,1390610320527360256,Low-Mass*
2MASS J09315840-6209258,5250988846733325312,Low-Mass*
GES J07552900-6104407,5290710559700243072,Low-Mass*
2MASS J11153482+2532157,3997060324170771200,Low-Mass*
2MASS J22174046+0110547,2679409201511884032,Low-Mass*
SDSS J074942.10+282033.9,875695457438791424,Low-Mass*
2MASS J23482711-0024478,2641895200506733184,Low-Mass*
2MASS J03074889+0041289,3266710103377848576,Low-Mass*
SDSS J053526.97+001457.1,3220893556929252224,Low-Mass*
2MASS J14400102+6142549,1618612920042988416,Low-Mass*
2MASS J17232861+6406230,1632589121583234304,Low-Mass*
2MASS J03202676-0108325,3262636275357761152,Low-Mass*
2MASS J13483567+2059534,1250157983640857344,Low-Mass*
2MASS J07391266+4004512,923572381304580864,Low-Mass*
SDSS J152345.74+483250.4,1588340650510808064,Low-Mass*
2MASS J08350201+0832125,596554499100066688,Low-Mass*
2MASS J00233924-0110428,2541950864852441216,Low-Mass*
SDSS J132129.63+033919.5,3715717254497323136,Low-Mass*
2MASS J13450439+0254505,3665315091722808064,Low-Mass*
2MASS J00404280-0037058,2542888855646891776,Low-Mass*
2MASS J12574251+3205078,1465830767137428736,Low-Mass*
2MASS J15411813+0753135,4430890542629593344,Low-Mass*
2MASS J08095367+0716395,3097587554120437888,Low-Mass*
SDSS J180603.77+230344.8,4576764708800370176,Low-Mass*
2MASS J00191926-0032020,2545145087865646848,Low-Mass*
SDSS J205313.66+011204.4,4228507556178602880,Low-Mass*
2MASS J07320518+4103149,900629868600261888,Low-Mass*
SDSS J054119.91+005037.2,3222477334707938944,Low-Mass*
2MASS J22111725-0030145,2678617102167975168,Low-Mass*
2MASS J16124226+2544426,1303225122081838848,Low-Mass*
2MASS J09012674+4208502,816664013877955328,Low-Mass*
2MASS J09081236+2027077,636999450213352064,Low-Mass*
2MASS J15330878+5446539,1598063494396512000,Low-Mass*
2MASS J00503199+0105047,2537213619004382464,Low-Mass*
2MASS J14475573+4915058,1591576345728900224,Low-Mass*
2MASS J16352508+1440081,4462369766692612736,Low-Mass*
2MASS J13462890-0153585,3658503754627704064,Low-Mass*
2MASS J09320981+6052165,1038915583465020928,Low-Mass*
2MASS J15085637+3141162,1276604983500015104,Low-Mass*
2MASS J02051575-0002455,2507176370082336000,Low-Mass*
2MASS J00343067+0044480,2544038253317795328,Low-Mass*
SDSS J144156.13+341031.9,1287656007369414272,Low-Mass*
2MASS J00521633+0034590,2537124322339455744,Low-Mass*
2MASS J13422348+0829333,3724718921833140608,Low-Mass*
2MASS J00500117-0104078,2530653245438162048,Low-Mass*
2MASS J13305745+1353501,3740155652770430848,Low-Mass*
2MASS J10074244+4245075,808495192239307136,Low-Mass*
2MASS J09071811+3412101,714185961052596096,Low-Mass*
2MASS J22061872+0034430,2681978279149377792,Low-Mass*
2MASS J00530325-0001425,2536875003782352512,Low-Mass*
2MASS J16321298+3040075,1324105638166736384,Low-Mass*
2MASS J00321732-0003144,2543592130771449600,Low-Mass*
2MASS J23334303+0027063,2644636454793259392,Low-Mass*
2MASS J00310323-0020598,2543556259204519552,Low-Mass*
2MASS J15222533+3238540,1277331524465275008,Low-Mass*
SDSS J144233.85+221757.9,1241746277307070592,Low-Mass*
SDSS J083303.36+092952.7,599760571927241216,Low-Mass*
2MASS J07494361+1558458,666928225440640256,Low-Mass*
SDSS J103835.14+160952.7,3886460312094226048,Low-Mass*
2MASS J02554004-0038374,2497852648917602688,Low-Mass*
2MASS J23223199+0020475,2645010460546274176,Low-Mass*
UCAC4 447-001295,2536135792666553088,Low-Mass*
2MASS J00503551-0025240,2536764713317720576,Low-Mass*
SDSS J232232.52+133313.7,2812907844612290304,Low-Mass*
SDSS J132353.86+265119.5,1449157085618801408,Low-Mass*
2MASS J16070246+2859164,1317183289053478400,Low-Mass*
SDSS J205829.50-010103.7,6917315997264767232,Low-Mass*
2MASS J05280030+0025466,3221800482222463744,Low-Mass*
2MASS J01332965-0841443,2477131497594356096,Low-Mass*
2MASS J02213811+0049020,2501160976326615808,Low-Mass*
SDSS J102009.93+361057.7,753826924350520960,Low-Mass*
2MASS J16051739+4828447,1400069870032300160,Low-Mass*
SDSS J104435.33+273527.3,731109811529920640,Low-Mass*
ISO-ChaI 171,5201162239626560000,Low-Mass*
2MASS J12152763+4006003,1535910404180809216,Low-Mass*
2MASS J08070433+2121061,676758757041291264,Low-Mass*
2MASS J01395776-0106069,2508849070866005376,Low-Mass*
2MASS J00313108-0017459,2543562581396417280,Low-Mass*
SDSS J233600.10-001753.2,2644328419738854784,Low-Mass*
2MASS J11113846+3632090,762145107771273984,Low-Mass*
SDSS J100333.64+434450.1,809541377553595776,Low-Mass*
2MASS J19382890-2237373,6771865937651334016,Low-Mass*
2MASS J01382236+0021005,2509904056567748352,Low-Mass*
2MASS J03243965-0727364,5168749225248440960,Low-Mass*
2MASS J21331123+7408585,2274184947010451328,Low-Mass*
2MASS J09151922+3920290,812274213703821312,Low-Mass*
SDSS J144713.51+010325.0,3652178401672287232,Low-Mass*
PSO J064.1445+31.7255,166471145688223232,Low-Mass*
2MASS J06425666+3807324,944028971233772672,Low-Mass*
2MASS J16531892+1810561,4559562260964487552,Low-Mass*
2MASS J07552475+2014588,673432459491041664,Low-Mass*
2MASS J01005065-0113065,2535716118526831232,Low-Mass*
2MASS J13575957+3203258,1457559377384281984,Low-Mass*
2MASS J07405964+3033067,879923350231927936,Low-Mass*
SDSS J091515.44+421645.9,816114571597362048,Low-Mass*
2MASS J08491771+1319197,608222550854423680,Low-Mass*
2MASS J10394037+2056265,3987723035205107840,Low-Mass*
2MASS J00032499+2838347,2854917916166980864,Low-Mass*
2MASS J00365829-0051372,2542543334117597184,Low-Mass*
2MASS J01240088-0058003,2533857531559066240,Low-Mass*
2MASS J00472267+1348297,2776374891447448192,Low-Mass*
2MASS J01463386+0014357,2509509980433486848,Low-Mass*
LSPM J1038+2942,735368602315911168,Low-Mass*
SDSS J102914.93+193412.6,624504531354991104,Low-Mass*
2MASS J11242481+2840598,4022052945025020288,Low-Mass*
SDSS J233729.21+485957.4,1943409616960690944,Low-Mass*
SDSS J215450.78-072737.9,2666869958591887232,Low-Mass*
SDSS J120447.32+594402.7,1576178196481681024,Low-Mass*
2MASS J23264928-0104355,2643850269620008448,Low-Mass*
2MASS J10474564+2422495,723512602793543808,Low-Mass*
2MASS J15590462-0356280,4399602874108960000,Low-Mass*
[BHR2005] 263-27,805911138053497856,Low-Mass*
2MASS J13245056+2418519,1446338208387485184,Low-Mass*
2MASS J08382771+0912209,596701249542996864,Low-Mass*
2MASS J09572308+3421352,795127364228177920,Low-Mass*
2MASS J09441473+5116456,827903702773378176,Low-Mass*
2MASS J16303888+1224015,4460269149728005248,Low-Mass*
2MASS J03531413+0058271,3258100652454505984,Low-Mass*
SDSS J151653.94+001157.7,4419023406256311552,Low-Mass*
2MASS J10142962+4447442,809272207659414912,Low-Mass*
SDSS J235548.09-000334.1,2642143522630787456,Low-Mass*
2MASS J12072402+1949046,3951052810590512640,Low-Mass*
2MASS J13001253+3222241,1467152410178249472,Low-Mass*
LSPM J1805+2319,4578284199508457344,Low-Mass*
2MASS J13523928+4729580,1509884311116826368,Low-Mass*
2MASS J12570654+0340584,3704447054152665600,Low-Mass*
2MASS J10192233+2807276,740950681116443136,Low-Mass*
SDSS J053618.04+004631.8,3222426108633173376,Low-Mass*
SDSS J005712.04-002628.9,2536016113402348800,Low-Mass*
2MASS J10375678+3212339,748212066359475712,Low-Mass*
2MASS J23471556+0055556,2643366999899544192,Low-Mass*
2MASS J16235841+1755386,4466994450037689600,Low-Mass*
2MASS J14385010+3705514,1486407302617570432,Low-Mass*
2MASS J00374518-0046340,2542919882489868928,Low-Mass*
2MASS J01564601-0020548,2507484130258746752,Low-Mass*
2MASS J08395122+1739335,659265728906509184,Low-Mass*
2MASS J10301000+5042157,847307437305186688,Low-Mass*
2MASS J00071545-0004092,2545878152883552768,Low-Mass*
2MASS J13062372+0004389,3689214076464404096,Low-Mass*
2MASS J09314299+4158353,814227809644946432,Low-Mass*
2MASS J00525378-0007104,2536825628838260992,Low-Mass*
SDSS J160126.71+044137.2,4425675726481629184,Low-Mass*
2MASS J16403624+2339249,1299734932874170496,Low-Mass*
SDSS J075516.58+264437.3,874544814224955008,Low-Mass*
2MASS J00535645-0024045,2536803127505183488,Low-Mass*
2MASS J22385105-0009393,2653916234147828480,Low-Mass*
2MASS J14353921+4628586,1494862267861458432,Low-Mass*
2MASS J11040890+2827328,731969973219546112,Low-Mass*
2MASS J09545626+3725128,796924073604483968,Low-Mass*
2MASS J23331690-0101210,2641183163648861184,Low-Mass*
2MASS J00242771+0003386,2543776264609058944,Low-Mass*
SDSS J091438.24+164324.1,631928021548621312,Low-Mass*
2MASS J00532922+0114297,2537602708681301504,Low-Mass*
SDSS J155616.82+140042.3,1191733509155440512,Low-Mass*
SDSS J120814.39+432741.9,1537640313928650368,Low-Mass*
2MASS J14120344+3427273,1479263500695126016,Low-Mass*
2MASS J03280437+0010091,3264412708191494400,Low-Mass*
SDSS J120518.44+014313.7,3891707460755934976,Low-Mass*
SDSS J013902.67+010221.3,2510504591779709184,Low-Mass*
2MASS J10051107+2810383,740570563625449344,Low-Mass*
2MASS J15444292+4556037,1397728077769943808,Low-Mass*
2MASS J10433244+2601468,724744051521674496,Low-Mass*
2MASS J21523784+1301385,1767969862301260416,Low-Mass*
2MASS J08385566+1715095,658475424859524992,Low-Mass*
LP  323-287,1454870525994598016,Low-Mass*
SDSS J025828.09+004758.7,104487964717440,Low-Mass*
2MASS J00552878+0053371,2537343704973815680,Low-Mass*
2MASS J05321304+0005543,3221061198091988608,Low-Mass*
2MASS J21565244-0728340,2618821987652866688,Low-Mass*
2MASS J13234716-0049129,3686784293206753280,Low-Mass*
2MASS J12475249+3828092,1520837787686588032,Low-Mass*
SDSS J002334.83+004021.9,2546848605039714560,Low-Mass*
SDSS J221903.72+000934.2,2679082745343024384,Low-Mass*
2MASS J05271929+0001405,3221010070801340672,Low-Mass*
2MASS J23475583+1429495,2771029787468966528,Low-Mass*
2MASS J14120193+5839191,1659742729460671872,Low-Mass*
2MASS J23421338-0007039,2642807004883763072,Low-Mass*
2MASS J01274750+4009234,324032020941106816,Low-Mass*
SDSS J103936.40+533954.1,850196030443360896,Low-Mass*
[BHR2005] 889-138,2678878858950363776,Low-Mass*
2MASS J16024832+2321593,1206775382273579904,Low-Mass*
2MASS J16155989+1943598,1201589771902995072,Low-Mass*
Cl* Melotte   22   PLIZ      12,66445274374414464,Low-Mass*
2MASS J10490112+0119106,3808162817770371584,Low-Mass*
2MASS J11062352+5259317,842565209292919424,Low-Mass*
2MASS J23454444-0023530,2642635515429422208,Low-Mass*
SDSS J033424.41-002928.1,3263341474628488832,Low-Mass*
2MASS J23351950+0105520,2646199513652120960,Low-Mass*
2MASS J21564943+0111490,2681564480525657728,Low-Mass*
2MASS J11165489+6347395,1054660044514303104,Low-Mass*
2MASS J00502039-0112587,2530647408577918464,Low-Mass*
SDSS J082609.95+444224.6,917915565779460096,Low-Mass*
2MASS J04152532+1424002,3311492288560315776,Low-Mass*
2MASS J10510231+3149153,736832391594745728,Low-Mass*
2MASS J00235615-0012110,2543761416905661184,Low-Mass*
2MASS J00490836+0013220,2537003406124958720,Low-Mass*
2MASS J14070377+3430020,1481940772852215552,Low-Mass*
LP   98-30,1611366799114232832,Low-Mass*
2MASS J09530049+2732038,647094105121683456,Low-Mass*
2MASS J02441308+0022472,2498830737525596544,Low-Mass*
2MASS J01344610+2812487,296095595146354048,Low-Mass*
2MASS J14363049+3725239,1486535219628411264,Low-Mass*
2MASS J01291764+0013007,2558062700224128256,Low-Mass*
2MASS J12334831+4006122,1533614662557112704,Low-Mass*
2MASS J13281524+3849406,1476261692215487744,Low-Mass*
SDSS J034256.73-004251.3,3251546360561838336,Low-Mass*
SDSS J225040.90+295115.7,1887753236013864064,Low-Mass*
2MASS J00320961+0050144,2544075709729376512,Low-Mass*
2MASS J00405247+0104079,2549395971617268352,Low-Mass*
2MASS J03300333-0026593,3264048254446482048,Low-Mass*
2MASS J02443837+0049382,2498863203183036544,Low-Mass*
2MASS J02000230+0039494,2507853089424852864,Low-Mass*
SDSS J083823.97+490632.4,1014959836435152896,Low-Mass*
2MASS J07511623+6647102,1096083938933133952,Low-Mass*
2MASS J03352147-0009303,3263776125318451072,Low-Mass*
2MASS J10365093+6003534,1047776685111971840,Low-Mass*
SDSS J134644.83+275708.8,1451789312160322944,Low-Mass*
2MASS J21593562-0810070,2618536526946088832,Low-Mass*
SDSS J053226.46+005355.1,3221178399160060160,Low-Mass*
2MASS J00121562+0115050,2546455667070667776,Low-Mass*
SDSS J160134.63+293341.2,1320231169644454016,Low-Mass*
SDSS J090940.33+014459.7,3843760129489193088,Low-Mass*
2MASS J11044044+6734371,1060190411907603072,Low-Mass*
2MASS J20541493+7713279,2278751386303090560,Low-Mass*
SDSS J084951.89+555903.4,1030965156618388480,Low-Mass*
2MASS J03073860+0032223,3266703162710661376,Low-Mass*
2MASS J17143717+2913415,4575596370312121728,Low-Mass*
2MASS J16274125-0049221,4359325319348131584,Low-Mass*
2MASS J07384306+3934324,923521666330598784,Low-Mass*
2MASS J12553259+3720229,1517484345941397888,Low-Mass*
2MASS J00201460-0947427,2428160898960897280,Low-Mass*
2MASS J10295481+3439296,749735469784324480,Low-Mass*
SDSS J220059.81+112821.1,2728142438779442944,Low-Mass*
2MASS J09291854+1636002,631183622113460224,Low-Mass*
SDSS J014430.75-005725.7,2508761556612306176,Low-Mass*
2MASS J00473033-0009121,2536965644772097152,Low-Mass*
2MASS J10062921+1537226,621817702893398656,Low-Mass*
2MASS J01020169-0005266,2536228697103664000,Low-Mass*
2MASS J08111604+2004501,669818708366761600,Low-Mass*
SDSS J031403.30+002018.2,3266086508486577408,Low-Mass*
2MASS J08304486+1056367,600873346414881152,Low-Mass*
2MASS J02314191-0028410,2500171248358265856,Low-Mass*
2MASS J00003358-0034518,2449875630838377472,Low-Mass*
SDSS J003047.21-004746.3,2542697020930834176,Low-Mass*
2MASS J20471287-0038530,4227128974756096384,Low-Mass*
SDSS J234121.48+011004.5,2646060906467030144,Low-Mass*
2MASS J14210598+3741401,1484527790569623552,Low-Mass*
2MASS J02440441-0028106,2498438997853097856,Low-Mass*
2MASS J00364045+0053395,2544126179888397568,Low-Mass*
2MASS J23334290-0920368,2437278770933065216,Low-Mass*
2MASS J22165317-0059524,2677739451370938496,Low-Mass*
2MASS J09133056+3241224,701796904549133440,Low-Mass*
2MASS J16131311+1512016,4464722682918831872,Low-Mass*
2MASS J15465293+3136111,1369335805618720000,Low-Mass*
2MASS J03404105-0049305,3263457301306569856,Low-Mass*
2MASS J02262596-0048271,2499947356007951360,Low-Mass*
2MASS J00131461+0045119,2546287201273312768,Low-Mass*
2MASS J16352306+0109108,4431729126406185344,Low-Mass*
2MASS J03150225-0046474,3265747824544976896,Low-Mass*
SDSS J083705.03+275101.7,704283308359478400,Low-Mass*
SDSS J015020.12-000039.9,2509266541686793600,Low-Mass*
LP  355-15,115687903353944064,Low-Mass*
2MASS J15392675+1809017,1197394039827420672,Low-Mass*
2MASS J00403475-0012060,2543057626384728448,Low-Mass*
2MASS J16362241+1259304,4459670190766583680,Low-Mass*
2MASS J00361788-0107347,2542529654645301504,Low-Mass*
2MASS J03431223+0102219,3269935662472969344,Low-Mass*
2MASS J00393156-0059370,2542852159445585152,Low-Mass*
2MASS J00521415+0051512,2537519253172171648,Low-Mass*
SDSS J140724.53+452426.8,1505598109849702144,Low-Mass*
SDSS J235207.22+011524.9,2643251349317280000,Low-Mass*
2MASS J16415314+1255129,4460931914725262592,Low-Mass*
2MASS J11013847+3113382,733858040842929792,Low-Mass*
2MASS J15234573+3855536,1388057563765553536,Low-Mass*
2MASS J08195555+2055494,676120589324591744,Low-Mass*
2MASS J03252250+0011089,3264377661258446080,Low-Mass*
2MASS J03094695-0036459,3265611042722024704,Low-Mass*
2MASS J15521329+0456438,4426153743461941504,Low-Mass*
2MASS J08440348+0527342,582572593845373056,Low-Mass*
SDSS J161759.54+170248.2,1198713110182594688,Low-Mass*
2MASS J14033170+3227426,1454648321566060160,Low-Mass*
2MASS J00020154+2804293,2854771719775982336,Low-Mass*
2MASS J16042520+3128344,1322194966132190208,Low-Mass*
2MASS J13071561+3501171,1468139466676909184,Low-Mass*
2MASS J10051033+2142331,629532842841412224,Low-Mass*
2MASS J08411729+1726371,658586819131332864,Low-Mass*
2MASS J01033249+0059076,2538131028313885824,Low-Mass*
2MASS J00213165-0036060,2542225639680385792,Low-Mass*
SDSS J021614.03+001606.7,2513020141240007168,Low-Mass*
2MASS J23283363+0010254,2644568972267892864,Low-Mass*
SDSS J152355.80+505717.8,1595568530714155520,Low-Mass*
2MASS J00223544-0850273,2429801129791294208,Low-Mass*
2MASS J08314264+1738337,659180349252581888,Low-Mass*
SDSS J143104.98+491850.9,1603576858015658752,Low-Mass*
SDSS J214801.19-005128.7,2674836710608816768,Low-Mass*
2MASS J00502786-0105448,2536654109319895680,Low-Mass*
2MASS J00494953-0019045,2536780617581481088,Low-Mass*
2MASS J14251658+0845573,1175887381933676032,Low-Mass*
2MASS J05261033+6213274,286364264402311296,Low-Mass*
2MASS J20033145+7729219,2291254727593380352,Low-Mass*
2MASS J06070069+2228421,3423758125180039808,Low-Mass*
2MASS J10382379+2850209,734480677957041280,Low-Mass*
2MASS J14500317+0102336,3652072612333097728,Low-Mass*
SDSS J234329.53+390922.2,1919533962482266240,Low-Mass*
2MASS J14270227+4829484,1507460162854868096,Low-Mass*
2MASS J03165119+0048517,3266207562139742720,Low-Mass*
2MASS J13044278+1857255,3941355221112867328,Low-Mass*
2MASS J23271551+0018476,2645314544230543872,Low-Mass*
2MASS J12125057+0022577,3699180294672341760,Low-Mass*
LP  431-34,3981433313297983744,Low-Mass*
2MASS J00192913-0011445,2545265484389638528,Low-Mass*
2MASS J12554752+4439448,1530219469434032896,Low-Mass*
2MASS J08523931+1755524,659930937736985856,Low-Mass*
SDSS J203603.91+765239.8,2290271661119281536,Low-Mass*
SDSS J165702.65+172539.3,4558701824396548736,Low-Mass*
SDSS J084159.60+231430.3,666153104102369408,Low-Mass*
2MASS J13482059+6703457,1672598906606849664,Low-Mass*
2MASS J08581355+4145063,912737694941380224,Low-Mass*
K2-17,3899064464855774592,Low-Mass*
2MASS J11511447+5951238,858645188892688384,Low-Mass*
2MASS J09584212+3637019,796720973192726400,Low-Mass*
Cl* NGC 2099    HGH  150144,3451177643071338240,Low-Mass*
2MASS J10510019+3319016,738102842920915584,Low-Mass*
2MASS J11541669+3124275,4021339224539467776,Low-Mass*
2MASS J09241298+2209159,638203037487938560,Low-Mass*
SDSS J094007.52+063810.7,3854015201428885760,Low-Mass*
2MASS J00202470-0018390,2545248441959439360,Low-Mass*
2MASS J00364931+0015106,2543245441011248512,Low-Mass*
2MASS J12421031+3441475,1515313394591960576,Low-Mass*
2MASS J00405808-0008105,2543059756688559104,Low-Mass*
2MASS J22412286+0106086,2654448187322762368,Low-Mass*
2MASS J01472754+0031106,2509544237092140288,Low-Mass*
2MASS J09290306+2941269,697050587728176128,Low-Mass*
2MASS J14405490+5728204,1610800615049692544,Low-Mass*
2MASS J00501126+0045106,2537185993774652672,Low-Mass*
2MASS J00342978-0022511,2542819444678495744,Low-Mass*
2MASS J02400953+0107483,2501924827670370816,Low-Mass*
SDSS J074013.38+452640.0,927061715816873344,Low-Mass*
2MASS J07472627+2414437,867621842340254336,Low-Mass*
2MASS J01544881+0024067,2507791379334672256,Low-Mass*
SDSS J154435.14+042321.7,4424757977870193024,Low-Mass*
2MASS J08211681+1524355,652437731635879936,Low-Mass*
2MASS J08343429+2122073,665453711627128192,Low-Mass*
2MASS J00504185+0053059,2537194824227456384,Low-Mass*
2MASS J14594718+6002092,1614525657365651584,Low-Mass*
2MASS J00202897+0039356,2546880971912377856,Low-Mass*
2MASS J15571431+0725036,4454069617836774656,Low-Mass*
2MASS J12243388+3520276,1519144711578276352,Low-Mass*
SDSS J151219.90+425853.5,1393418855476947840,Low-Mass*
2MASS J08111004+2115201,676705082834246400,Low-Mass*
2MASS J00381083+0110479,2544161089382753280,Low-Mass*
2MASS J11454273+3815031,766335591398046848,Low-Mass*
2MASS J10285064+2502405,727402503134167296,Low-Mass*
2MASS J15490581+3254024,1370001834787411328,Low-Mass*
2MASS J12094781-0309202,3598307868125743872,Low-Mass*
2MASS J00332266-0001340,2543595223147924224,Low-Mass*
2MASS J00381617+0009443,2543191908538899584,Low-Mass*
2MASS J00204729-0046094,2542216465630176768,Low-Mass*
CRTS J213217.0-004923,2686891034545237888,Low-Mass*
2MASS J00341700-0046054,2542733339173927936,Low-Mass*
2MASS J00271044-0041387,2543482351405573888,Low-Mass*
2MASS J09474621-3810043,5432319479735396864,Low-Mass*
2MASS J00195452-0115177,2542034496455369216,Low-Mass*
2MASS J17091011+3010219,1309286115504640256,Low-Mass*
2MASS J08575932+3521291,716791558796291456,Low-Mass*
2MASS J11034160+5148471,836244499198425088,Low-Mass*
2MASS J05275315-0039284,3220538723910375168,Low-Mass*
2MASS J15230052+5255014,1596345747998523264,Low-Mass*
2MASS J03464698+0052046,3269776469508981760,Low-Mass*
2MASS J00025701-0030123,2545942199436692224,Low-Mass*
2MASS J11410178+3157561,4024617590256674560,Low-Mass*
2MASS J13355951+1540387,3742302380504043136,Low-Mass*
2MASS J03225977+0039329,3267422071517032704,Low-Mass*
SDSS J025402.23-000327.1,2498136636450343680,Low-Mass*
2MASS J16194899+1329586,4463500545682423040,Low-Mass*
2MASS J21372044+0001295,2687301118019216256,Low-Mass*
SDSS J094826.37+114058.0,613344728851400832,Low-Mass*
2MASS J02055200+0030042,2507986435274001664,Low-Mass*
SDSS J105310.71+412103.0,776846304084506496,Low-Mass*
2MASS J21562634+0006488,2681333170766942464,Low-Mass*
2MASS J16350281+1322001,4460445617048107136,Low-Mass*
LSPM J1250+2407,3957649360665276288,Low-Mass*
2MASS J10423748+5110495,836870632416061056,Low-Mass*
[BNM2013] 54.04   160,3338005087319798912,Low-Mass*
SDSS J164119.56+285442.4,1310978087810311040,Low-Mass*
2MASS J13422460+1733339,1247552690838563456,Low-Mass*
SDSS J081918.79+521932.3,1031393446461625344,Low-Mass*
2MASS J22122320+0014200,2678957405312249984,Low-Mass*
2MASS J11035295+2608003,3996807711374318336,Low-Mass*
2MASS J00264956+0017240,2543853466644650496,Low-Mass*
SDSS J080118.25+104044.5,3147765008500518784,Low-Mass*
2MASS J09531421+1828213,626395592570480384,Low-Mass*
2MASS J23202966+0029553,2645195212858675584,Low-Mass*
2MASS J12285065+3734144,1531802255077495040,Low-Mass*
SDSS J081557.42+151719.6,655341709346046592,Low-Mass*
SDSS J031051.60-005319.0,3265553009123988480,Low-Mass*
2MASS J12501653+2157385,3955051081545373440,Low-Mass*
2MASS J11153459+2605484,3997369664895210880,Low-Mass*
2MASS J00362982+0114540,2544217615447651712,Low-Mass*
2MASS J22583357-1005232,2606566178214272256,Low-Mass*
2MASS J09462277+3541591,796389466138516992,Low-Mass*
2MASS J00032052-0026004,2545944325444198656,Low-Mass*
2MASS J22011708+4519157,1974839023703299712,Low-Mass*
2MASS J10002688+5650155,1046105431732424192,Low-Mass*
2MASS J03331346+0107293,3264873197405437824,Low-Mass*
2MASS J14105186+2012411,1246293823040107648,Low-Mass*
2MASS J16340143+0050100,4383655488741903104,Low-Mass*
2MASS J11243643+6135094,862741522540575232,Low-Mass*
SDSS J214404.65+004054.5,2693239919622728832,Low-Mass*
2MASS J00411778+0022403,2543116931293717376,Low-Mass*
2MASS J11104117+5925106,860778550687913856,Low-Mass*
2MASS J12150941+4629049,1545096244011156352,Low-Mass*
[IHA2007] N2516-2-1-4208,5290757593881558272,Low-Mass*
2MASS J01154245-0045092,2533693463808016384,Low-Mass*
2MASS J16335053+2726054,1304703007444373248,Low-Mass*
2MASS J18412130+4157384,2110750377563927168,Low-Mass*
[BNM2013] 90.02    73,3216488093009650304,Low-Mass*
2MASS J01392703+0006255,2509837914071587328,Low-Mass*
2MASS J01173951-0003478,2534589879317495040,Low-Mass*
2MASS J09254203+0833342,587406978969123584,Low-Mass*
2MASS J01151621+3130061,310554349141346688,Low-Mass*
2MASS J23401912+4812135,1940258141758672512,Low-Mass*
2MASS J00093911-0044289,2545031730793302016,Low-Mass*
2MASS J01255333+4022354,324076276284397696,Low-Mass*
2MASS J20474904-0020596,4227175188604544256,Low-Mass*
2MASS J06030290+2344323,3424698241980887424,Low-Mass*
2MASS J21284832+0017440,2687959205793337088,Low-Mass*
2MASS J15421409+3327579,1370501318007837952,Low-Mass*
LSPM J1433+5953,1618030453758677248,Low-Mass*
SDSS J090951.89+164813.6,610980263455540864,Low-Mass*
2MASS J01130757-0052340,2534427117237157760,Low-Mass*
SDSS J233558.98+445542.2,1925287711128894848,Low-Mass*
LSPM J0935+4326,814823671931555456,Low-Mass*
2MASS J19315821+7841345,2294619538115208064,Low-Mass*
2MASS J02543107+0039031,2498337327387525120,Low-Mass*
2MASS J01060051-0027093,2533235895172608640,Low-Mass*
2MASS J07440851+3736564,895926501453900928,Low-Mass*
2MASS J00180282-0024568,2545164535477550592,Low-Mass*
2MASS J03071977-0032466,3266286138566061440,Low-Mass*
2MASS J08364071+1928507,662782005746641408,Low-Mass*
SDSS J114353.91+035359.9,3896755005105408512,Low-Mass*
2MASS J16071036+1002217,4456343133005304064,Low-Mass*
SDSS J003926.28+144246.3,2779713622929089664,Low-Mass*
2MASS J23250450-0010575,2644917345654521216,Low-Mass*
2MASS J23425120+3925051,1919600212354192256,Low-Mass*
2MASS J02421549-0040542,2498452260712439168,Low-Mass*
2MASS J01562728-0106460,2505894030287157888,Low-Mass*
2MASS J07563220-6121464,5290644790861904896,Low-Mass*
SDSS J132032.88+014206.0,3688346836670155520,Low-Mass*
2MASS J13275561+2944457,1462138053039640064,Low-Mass*
2MASS J03464640-0613172,3244445405232738048,Low-Mass*
2MASS J08031258+2459175,681753799712021120,Low-Mass*
2MASS J02055167+0020252,2507227772251368448,Low-Mass*
2MASS J10050470+2427504,642496114997739904,Low-Mass*
2MASS J08571613+1926183,660515912282357632,Low-Mass*
2MASS J16225699+1256354,4463219689181158528,Low-Mass*
2MASS J14421844+5857496,1617121673038144256,Low-Mass*
2MASS J08405774+2101172,664537990240739840,Low-Mass*
2MASS J22131905+0054269,2679058349928768640,Low-Mass*
2MASS J00185406-0051587,2542130531923955584,Low-Mass*
SDSS J033631.00+010001.1,3264715864163003648,Low-Mass*
2MASS J16235191+3718297,1331944331439410560,Low-Mass*
2MASS J00203055+0057285,2547083080189841408,Low-Mass*
SDSS J133253.12+214150.4,1442010874219707904,Low-Mass*
2MASS J16045890+5210465,1403922794999853440,Low-Mass*
2MASS J00253540-0033335,2543502211335577600,Low-Mass*
2MASS J13392596+6310493,1664633357180499456,Low-Mass*
SIPS J0147-4954,4940805552685869184,Low-Mass*
[BHR2005] 263-14,806108775267842688,Low-Mass*
2MASS J02282748-0927555,5175568048471612032,Low-Mass*
2MASS J11272049+4538417,785358065976295168,Low-Mass*
2MASS J17174519+6253369,1438868749159678080,Low-Mass*
2MASS J14522242-0242190,6340236018050107904,Low-Mass*
2MASS J08061992+1452033,653999725340777088,Low-Mass*
SDSS J225607.07+010158.2,2655053674631826816,Low-Mass*
2MASS J02380621-0023241,2497220738969375744,Low-Mass*
SDSS J093816.39+233011.9,644220973865767424,Low-Mass*
2MASS J09340912+3254451,797139367427593088,Low-Mass*
2MASS J15381887+3104087,1273381352846762240,Low-Mass*
2MASS J00381728+0018322,2543290791569576832,Low-Mass*
2MASS J03431374-0015552,3263574369231169536,Low-Mass*
2MASS J23514032+0047211,2643197610686427520,Low-Mass*
2MASS J21451788-0050173,2675012765614069248,Low-Mass*
2MASS J11574697+5314572,792341614080480000,Low-Mass*
2MASS J14202351+5002174,1508575930935188608,Low-Mass*
2MASS J12152831-0056472,3697665957923744896,Low-Mass*
2MASS J12565748+3323124,1515514463485325824,Low-Mass*
SDSS J030512.80+001211.3,3266664370568108416,Low-Mass*
SDSS J125921.80+435319.4,1529383982334322944,Low-Mass*
2MASS J23532100+0031184,2642426956114380672,Low-Mass*
SDSS J000802.36+011344.8,2546587436667177728,Low-Mass*
2MASS J03053963+0040081,3266764288685489280,Low-Mass*
2MASS J21164917+0934535,1743596674517035136,Low-Mass*
2MASS J07455851+2837018,878391696172317184,Low-Mass*
2MASS J14015213+3102313,1454393505450377856,Low-Mass*
2MASS J15221190+1619596,1207469169814878848,Low-Mass*
2MASS J16081610+0648235,4450093886871145600,Low-Mass*
2MASS J00484698-0002081,2536989318631926272,Low-Mass*
2MASS J16271402+1555337,4465713106674832384,Low-Mass*
2MASS J20451357-0115250,4226990539369903360,Low-Mass*
2MASS J03400255-0524463,3247713016350980736,Low-Mass*
2MASS J00360482+0010085,2543237911932334464,Low-Mass*
2MASS J12465204+3036318,1513254868306943872,Low-Mass*
2MASS J15490356+3433334,1371040976354422272,Low-Mass*
2MASS J13441466+0834427,3724730333561241984,Low-Mass*
2MASS J09205349+4603595,819391902225846272,Low-Mass*
2MASS J09044219+4506197,1009713276187429760,Low-Mass*
2MASS J00322956-0101163,2542628821146202240,Low-Mass*
2MASS J00433579+0006225,2543049006386085376,Low-Mass*
2MASS J14303390+3715205,1481324466521100160,Low-Mass*
SDSS J032928.91+001930.5,3264441295493690112,Low-Mass*
SDSS J003033.96-002606.5,2543554674359831936,Low-Mass*
2MASS J23300275-0108040,2643813779577733248,Low-Mass*
2MASS J00192515+0047103,2547073352086973440,Low-Mass*
2MASS J16163880+5001487,1423543171976208256,Low-Mass*
2MASS J15542838+3851498,1376619863993381504,Low-Mass*
2MASS J15115777+4919451,1589336911124738688,Low-Mass*
2MASS J13431086+2459371,1444376714003741312,Low-Mass*
2MASS J13062799+2927284,1461376714253411584,Low-Mass*
2MASS J04414514+1453582,3309611539560293632,Low-Mass*
2MASS J08572541+0154349,577729970974213632,Low-Mass*
2MASS J00554524-0033470,2536032159400515456,Low-Mass*
2MASS J10094263+2706123,739466928829200128,Low-Mass*
2MASS J07441743+4554465,927274887926627584,Low-Mass*
SDSS J121209.68+090738.2,3905110193966328960,Low-Mass*
2MASS J16243360+1413463,4463762779205713664,Low-Mass*
2MASS J10140811+6246002,1052108417328129152,Low-Mass*
SDSS J140048.24+623232.9,1661766724210125312,Low-Mass*
2MASS J11140660+4322584,784000753231857152,Low-Mass*
2MASS J14401838+5726340,1610798793983536384,Low-Mass*
2MASS J16205702+2610008,1303493265480506880,Low-Mass*
2MASS J00395026+0034111,2543324567192079616,Low-Mass*
2MASS J13353541+2036420,1249183850698215680,Low-Mass*
2MASS J11212919+2558104,3994503169362914816,Low-Mass*
2MASS J00485779-0017172,2536945892218115072,Low-Mass*
2MASS J00022641-0020552,2545961058636455168,Low-Mass*
2MASS J08274707+1743524,662094329944934784,Low-Mass*
UCAC4 647-065208,2100412013326999296,Low-Mass*
2MASS J00251838-0029585,2543691116880869632,Low-Mass*
2MASS J14222141-0111297,3652785611263875328,Low-Mass*
2MASS J05304293-0038225,3220720525580081920,Low-Mass*
SDSS J232825.26-011422.1,2643834674593481216,Low-Mass*
SDSS J031128.07-005820.8,3265539299588379392,Low-Mass*
2MASS J23493635-0042537,2641824591244617728,Low-Mass*
2MASS J16152024-2333588,6050329638287441024,Low-Mass*
2MASS J11164986+3956206,765215360848103808,Low-Mass*
2MASS J12564499+0121190,3690562318238053248,Low-Mass*
2MASS J16414409+3635181,1328107310736458368,Low-Mass*
2MASS J08402188+1600437,657780529214982144,Low-Mass*
SDSS J103159.35+242246.5,724260614297881728,Low-Mass*
SDSS J153129.29+242221.0,1221758732166387072,Low-Mass*
2MASS J10203076+2657152,728762358499274752,Low-Mass*
SDSS J231922.19+001029.0,2645085742734436480,Low-Mass*
2MASS J12004666+3946248,4034778452086363904,Low-Mass*
2MASS J23364773-0039143,2641301262364130688,Low-Mass*
2MASS J08572199+3051539,711853720795155328,Low-Mass*
2MASS J00192923-0043558,2542137884907978240,Low-Mass*
2MASS J08281014+2533435,679640538361955968,Low-Mass*
2MASS J00195407+0019097,2545357774646944384,Low-Mass*
2MASS J21500483-0017105,2680894534346394112,Low-Mass*
2MASS J09580138+4626376,822267984125987840,Low-Mass*
2MASS J10183545+3033375,742564321804491776,Low-Mass*
SDSS J113456.18+681714.2,1060855620737825792,Low-Mass*
2MASS J23450648+4221475,1922362288643426176,Low-Mass*
2MASS J01200891+0006595,2534218033934004864,Low-Mass*
LP  166-56,821962289829635840,Low-Mass*
2MASS J13173623+1858494,3938920283893425152,Low-Mass*
2MASS J23461086-0026484,2642631323541332480,Low-Mass*
2MASS J14590447+4224253,1585340495596193024,Low-Mass*
2MASS J00253225+0008324,2543798426640338816,Low-Mass*
2MASS J00545910-0111150,2535857852448055680,Low-Mass*
2MASS J15034638+5503168,1600325739570334080,Low-Mass*
2MASS J09001208+4559320,1010604434655740544,Low-Mass*
SDSS J155503.08+222458.1,1218294725079646848,Low-Mass*
2MASS J10115306+2616299,739176687824482688,Low-Mass*
2MASS J17072159+2723066,4574873205195384576,Low-Mass*
SDSS J011627.04-000727.1,2534571084541006080,Low-Mass*
2MASS J14220260+3743334,1484536380504208000,Low-Mass*
2MASS J18574956+1857092,4517595280839450496,Low-Mass*
2MASS J00490319+0101326,2549218293114584192,Low-Mass*
2MASS J08452440+1955582,661181524839177600,Low-Mass*
L  321-140,5364934122930119552,Low-Mass*
SDSS J004829.24+000231.7,2536993647960777472,Low-Mass*
2MASS J00370816+0056537,2544128104033767936,Low-Mass*
2MASS J11464339+2230340,4003776317287105920,Low-Mass*
2MASS J09573621-0010327,3833480206870537984,Low-Mass*
2MASS J09430634+4657013,824742847361123200,Low-Mass*
SDSS J082228.69+032210.6,3092028285892661376,Low-Mass*
2MASS J09560821+6204491,1051361436615587328,Low-Mass*
2MASS J10101179+2617314,738857417135567360,Low-Mass*
2MASS J00182725-0026406,2545162022920830336,Low-Mass*
SDSS J151633.11-005701.9,4418614009974155264,Low-Mass*
SDSS J083358.05+422323.3,915071988191334144,Low-Mass*
2MASS J14263975+5818116,1611833812382401408,Low-Mass*
2MASS J12033330+0936152,3906087629736819968,Low-Mass*
SDSS J010326.55-004736.3,2536125789687055104,Low-Mass*
2MASS J10011048+1633342,622746309182657664,Low-Mass*
2MASS J01484928-0001058,2509292826886640640,Low-Mass*
2MASS J15445967+1005543,1188983699293533184,Low-Mass*
2MASS J03081228+0034022,3266704262222291456,Low-Mass*
2MASS J22142792-0057154,2677776525529283456,Low-Mass*
2MASS J14024771+0429370,3670984379834417024,Low-Mass*
LP  270-56,1484391416768416000,Low-Mass*
2MASS J00200923-0037231,2542233855953977984,Low-Mass*
2MASS J09305477+4658168,825306076487672576,Low-Mass*
2MASS J02002360+0038469,2507852432294523392,Low-Mass*
Cl* Melotte   22   KPNO       5,66874599304044160,Low-Mass*
2MASS J01365653-0049244,2509667317970648704,Low-Mass*
2MASS J02504991-0043547,2497712255026802816,Low-Mass*
SDSS J102312.39+413039.5,804772898704715520,Low-Mass*
1RXS J040914.4-400802,4843859619599388928,Low-Mass*
2MASS J00391557-0033124,2542950870678049152,Low-Mass*
TVLM 262-110005,820824054778284544,Low-Mass*
LP  525-33,2748031715066554112,Low-Mass*
SDSS J232941.36+474114.8,1941762793358909952,Low-Mass*
2MASS J13504083+5214149,1560564031855704064,Low-Mass*
Wolf  939,2668056572156599040,Low-Mass*
Cl* Melotte   22    PPL      14,65194274954079104,Low-Mass*
SDSS J024859.15+010908.1,2499168283300547968,Low-Mass*
2MASS J00343851+0114521,2544206723410553728,Low-Mass*
SDSS J124343.55+374958.3,1520464911510982784,Low-Mass*
RX J1943.4-3722,6739809744861879040,Low-Mass*
SDSS J021741.34-001537.7,2500931899950697984,Low-Mass*
2MASS J11025443+5312041,843320298903240320,Low-Mass*
2MASS J10232178+2710253,728778198338640128,Low-Mass*
2MASS J02033710-0007282,2506812745266569984,Low-Mass*
SDSS J174315.38+551258.1,1417993417098896256,Low-Mass*
2MASS J22424356+1459019,2733164045820551936,Low-Mass*
SDSS J152533.41+381255.7,1387960497508841472,Low-Mass*
2MASS J11240864+3926481,770205666169498880,Low-Mass*
2MASS J09435007+3039551,792718231173375104,Low-Mass*
2MASS J09164695+1931556,635993946829603584,Low-Mass*
2MASS J02171311+0036142,2513056253325381376,Low-Mass*
SDSS J033134.75+010651.8,3264882307031035264,Low-Mass*
2MASS J00495554-0019280,2536777701298128256,Low-Mass*
2MASS J00382506-0000242,2543175622022919552,Low-Mass*
SDSS J232623.40+515810.1,1991654950240136064,Low-Mass*
2MASS J07264746+3939003,900444119854512640,Low-Mass*
2MASS J20420215+0054159,4228305555277467136,Low-Mass*
2MASS J09203085+2644582,694078882678038528,Low-Mass*
2MASS J00315785-0051527,2542681769503271424,Low-Mass*
2MASS J01061340-0025190,2533234589502560640,Low-Mass*
SDSS J015931.27-084244.9,2462835544330839168,Low-Mass*
2MASS J23485679-0052132,2641798202965518080,Low-Mass*
2MASS J12153423+0025078,3698512719315297408,Low-Mass*
2MASS J23152748-0011222,2639102956368750080,Low-Mass*
2MASS J12303725+3912351,1532064106348355328,Low-Mass*
LP  383-15,1265113235859697024,Low-Mass*
2MASS J09023798+0655248,584088064465456000,Low-Mass*
2MASS J10501794+5047048,835955941819417088,Low-Mass*
2MASS J08534782-4106556,5524730133516227328,Low-Mass*
2MASS J23393016+1522434,2819413727929533440,Low-Mass*
2MASS J15471559+0927247,4455499773228227200,Low-Mass*
2MASS J01165969-0004594,2534583174873371776,Low-Mass*
SDSS J003943.70+002357.0,2543295842450745216,Low-Mass*
2MASS J11005704+6037070,861553809464728576,Low-Mass*
2MASS J01043288-0030259,2536231828135225728,Low-Mass*
2MASS J23182852-0002159,2645075091213443712,Low-Mass*
2MASS J23270867-0059519,2644044543876121472,Low-Mass*
2MASS J15595377+0551460,4426669169597644800,Low-Mass*
2MASS J12371867+2715514,3962378119658466048,Low-Mass*
2MASS J16405973+2540024,1301104580765497984,Low-Mass*
2MASS J06063402+2226393,3423737273113248896,Low-Mass*
2MASS J21383920-0852394,6893832112521615744,Low-Mass*
2MASS J10061893+4108093,803849549453346688,Low-Mass*
2MASS J17274830+6044337,1435908898216682496,Low-Mass*
Cl* NGC 2516    JTH   12711,5290752577359773184,Low-Mass*
[BHR2005] 829-55,2507913356405906048,Low-Mass*
2MASS J00512739-0006552,2536881360333898496,Low-Mass*
2MASS J07571706+2524099,681679415173366656,Low-Mass*
2MASS J09030429+3114281,711739994357690624,Low-Mass*
2MASS J23515094+3601163,2878763716329778688,Low-Mass*
2MASS J02152000+0046503,2513118302717931520,Low-Mass*
UGCS J083724.09+164812.9,658084853418411008,Low-Mass*
2MASS J21112752+1000101,1744609359085274496,Low-Mass*
2MASS J14330935+0512082,3669204270509551232,Low-Mass*
2MASS J14021640+3148105,1454592791933293568,Low-Mass*
2MASS J09395689+5147306,1020140288548567808,Low-Mass*
SDSS J125350.49+052418.9,3705993585976526976,Low-Mass*
2MASS J15583578+4111375,1383455042450790656,Low-Mass*
SDSS J033102.16+003414.6,3264264995676500864,Low-Mass*
2MASS J23202524+0008290,2645166144519949824,Low-Mass*
SDSS J143637.59+091251.3,1173171313336551424,Low-Mass*
2MASS J13421739+4115027,1500188611423963520,Low-Mass*
2MASS J13174416+2750459,1461492742797182208,Low-Mass*
SDSS J232216.01+001412.1,2644983969187924352,Low-Mass*
SDSS J111427.70+602044.0,860890357278409856,Low-Mass*
2MASS J12081476+2426342,4002746315410614016,Low-Mass*
2MASS J14521378+4409078,1586483442227628416,Low-Mass*
2MASS J01442815+0051388,2510347980092625152,Low-Mass*
2MASS J07421817+2822408,878417431616640640,Low-Mass*
2MASS J12355921+0434264,3707332142600749184,Low-Mass*
2MASS J14470566+4134394,1489746141474080896,Low-Mass*
2MASS J08232840+1412073,652063382285305088,Low-Mass*
Cl* NGC 2547    JND 14-370,5514554600085773568,Low-Mass*
2MASS J16012389+0729303,4451125675454320896,Low-Mass*
2MASS J10140221+1132203,3880481099142609408,Low-Mass*
2MASS J14415746+3613501,1294155010145459712,Low-Mass*
2MASS J16252935+1423057,4463847785198242048,Low-Mass*
SDSS J144703.94+342227.5,1292880779248542592,Low-Mass*
2MASS J02373711+0032010,2501783506066520576,Low-Mass*
2MASS J14570095+3032059,1282115087238640128,Low-Mass*
2MASS J21440217+0031126,2693233116394444288,Low-Mass*
2MASS J23463636+0037077,2643144662328575616,Low-Mass*
2MASS J15434083+1827333,1197745127633546880,Low-Mass*
2MASS J10502087+0144523,3808305616842429056,Low-Mass*
SDSS J025801.45+010654.7,335110529274752,Low-Mass*
SDSS J010920.70-005936.2,2532953428058141312,Low-Mass*
2MASS J14155706-0149557,3647408002971861376,Low-Mass*
2MASS J12340662+4443055,1541525094667658368,Low-Mass*
2MASS J14102512-0220568,3647022654210271872,Low-Mass*
2MASS J09450498+3542470,799389071297969152,Low-Mass*
2MASS J14371432+4424083,1493432765306821504,Low-Mass*
2MASS J01095066+0002281,2534765522005292544,Low-Mass*
2MASS J04191730+0553585,3285042883519211776,Low-Mass*
SDSS J124347.17+414010.3,1534221691759244416,Low-Mass*
LSPM J1123+2945,4023009730594406016,Low-Mass*
SDSS J061032.07+232300.4,3425320084525535488,Low-Mass*
LP  584-98,2542132597804262656,Low-Mass*
SDSS J132542.76+313756.7,1468558788630153856,Low-Mass*
2MASS J23592555+0114032,2738520797751596800,Low-Mass*
SDSS J142755.45+631338.5,1667213365510322432,Low-Mass*
2MASS J10482294+6035017,1053844340029761664,Low-Mass*
2MASS J02242083+0014135,2500879776228072704,Low-Mass*
2MASS J09174539+3736187,811789780048861184,Low-Mass*
2MASS J01385291-1008306,2463987145321895552,Low-Mass*
2MASS J00393346+0043006,2543376008016066048,Low-Mass*
2MASS J08572507-0028113,3074413770312043392,Low-Mass*
2MASS J21212496-0032433,2686342133427668096,Low-Mass*
2MASS J00220866-0047513,2542172145863909632,Low-Mass*
SDSS J031941.18+010049.8,3267671454497766528,Low-Mass*
2MASS J11370235+3110143,4024102950095251840,Low-Mass*
2MASS J10245665+3108184,741949797883185280,Low-Mass*
SDSS J211438.37-000704.4,2689546522626239872,Low-Mass*
2MASS J03073760+0006566,3266464122011171328,Low-Mass*
L  532-12,5641353923129557504,Low-Mass*
SDSS J090010.98+254954.9,691441631024229376,Low-Mass*
2MASS J15480376+4326015,1396341765405489664,Low-Mass*
2MASS J09080447+2602555,688879287893918208,Low-Mass*
SDSS J005953.57-000332.4,2536424822490199040,Low-Mass*
SDSS J024850.94-010517.4,2497669996843997312,Low-Mass*
2MASS J02053627+0022535,2507228837403270272,Low-Mass*
SDSS J234031.95+481936.6,1940271511994677632,Low-Mass*
2MASS J11012119+3653379,763095498134454144,Low-Mass*
2MASS J11555837+0543063,3898170935563306112,Low-Mass*
2MASS J00351485+0009306,2543226848096569728,Low-Mass*
2MASS J02560003-0018246,2497972976721576320,Low-Mass*
SDSS J031314.54+010320.8,3267012679529572352,Low-Mass*
SDSS J052906.97+001439.3,3221031992314682880,Low-Mass*
SDSS J230408.20-000914.4,2650925631240049792,Low-Mass*
2MASS J00340382+0059573,2544105289167437952,Low-Mass*
2MASS J00153974-0102483,2544739608593175808,Low-Mass*
2MASS J01574825-0059429,2507385586529527552,Low-Mass*
2MASS J09322269+4633384,824531019574298496,Low-Mass*
2MASS J14465084+3817561,1486903865260596096,Low-Mass*
SDSS J032654.02-000411.2,3264308048428190592,Low-Mass*
SDSS J010925.53-004014.0,2533179442122016384,Low-Mass*
SDSS J161208.46+090752.7,4453033916539004416,Low-Mass*
2MASS J04505478+2411323,3413692237958649728,Low-Mass*
2MASS J13000649+2224589,3944427565839092608,Low-Mass*
SDSS J103449.70+441822.9,829191059090541824,Low-Mass*
2MASS J08071820+2118584,676755488570146816,Low-Mass*
2MASS J08075941+2011291,669868113374534784,Low-Mass*
2MASS J07485308+1638354,667822059675449856,Low-Mass*
2MASS J11005186+2834065,732151117760274048,Low-Mass*
2MASS J05292202+0026436,3221053570230528768,Low-Mass*
2MASS J00200012+0109057,2547124548097272192,Low-Mass*
SDSS J163605.74+114553.1,4459247149372215040,Low-Mass*
SDSS J060711.56+235454.8,3426156263116146048,Low-Mass*
SDSS J110228.23+500521.0,833037082045125120,Low-Mass*
2MASS J20375345+7731212,2290724964850456832,Low-Mass*
2MASS J08553430+3749243,719493234960402048,Low-Mass*
2MASS J15291482+1652134,1207746727780800384,Low-Mass*
SDSS J083245.72+092420.4,599757548271344768,Low-Mass*
SDSS J223714.24-004908.8,2653782020715123840,Low-Mass*
2MASS J09585013+4510188,820423763825361792,Low-Mass*
2MASS J15202839+4833114,1588516538011910912,Low-Mass*
2MASS J16002274+5022587,1403514154631677184,Low-Mass*
2MASS J02183710+0004513,2500965469415684864,Low-Mass*
2MASS J12114603+0039173,3699204690086515584,Low-Mass*
2MASS J17093589+2130097,4567884017797913216,Low-Mass*
2MASS J03051466-0019180,3266361455112446720,Low-Mass*
2MASS J08455534+5058110,1015554401644650880,Low-Mass*
2MASS J12533229+1123453,3735688684919849856,Low-Mass*
Cl* NGC 2547    JND 17-220,5514555665237649408,Low-Mass*
SDSS J123549.71+545118.7,1571081448987813120,Low-Mass*
2MASS J14052239+4412000,1505419061253207296,Low-Mass*
2MASS J13425408+0953313,3725450097065380864,Low-Mass*
2MASS J11101159+3845546,764722156868573312,Low-Mass*
2MASS J00153527+0026415,2545592928400081536,Low-Mass*
2MASS J13331277+5430033,1562015185342339584,Low-Mass*
2MASS J00545912-0042133,2536025940287745536,Low-Mass*
2MASS J01293417+4000018,323832940619884032,Low-Mass*
2MASS J11344528+3116409,4024281174057794048,Low-Mass*
2MASS J00194537-1048598,2424965473356896256,Low-Mass*
2MASS J00150432+0057342,2546376502233536768,Low-Mass*
2MASS J14052460+4927349,1511276194054891392,Low-Mass*
2MASS J08382618+3036395,709370473787522688,Low-Mass*
2MASS J00551136+0040103,2537301167617667840,Low-Mass*
2MASS J15313951+3723520,1375682667769075328,Low-Mass*
2MASS J23283439+5002116,1943173221961393152,Low-Mass*
2MASS J16353271+4130002,1356842570387922688,Low-Mass*
2MASS J02000650-0101340,2506634620087383296,Low-Mass*
2MASS J13160380+2511112,1447061274722111488,Low-Mass*
2MASS J14083398+3235155,1478438347281288704,Low-Mass*
2MASS J16121583+0706546,4450446349066480640,Low-Mass*
2MASS J03334410+0038281,3264652749619029120,Low-Mass*
2MASS J00321447-0107419,2542626278525545984,Low-Mass*
LSPM J0233+2552,126460948344437760,Low-Mass*
SDSS J084648.62+193211.7,661104013563394304,Low-Mass*
SDSS J102942.82+434121.5,829068192960892160,Low-Mass*
2MASS J14290377+4917403,1603585452246006656,Low-Mass*
SDSS J022628.00+004826.2,2501299377353005056,Low-Mass*
SDSS J224049.96-004930.3,2653067303796686976,Low-Mass*
2MASS J00582222+3901589,370827755510768640,Low-Mass*
2MASS J16542959+1856105,4559806008947637120,Low-Mass*
2MASS J22561178-0112038,2650002350710111616,Low-Mass*
LP  414-2008,45789269114357632,Low-Mass*
Cl* NGC 2547    OJD      91,5514371153432613632,Low-Mass*
2MASS J10023843-0111578,3830121546740362752,Low-Mass*
SDSS J233801.18+010023.6,2645999097593146240,Low-Mass*
2MASS J00205722+0009007,2545304203518568192,Low-Mass*
2MASS J16325926+2639515,1304637066810998656,Low-Mass*
2MASS J04214377+0601420,3285059818574333952,Low-Mass*
2MASS J10080087+1608512,621948098100792576,Low-Mass*
2MASS J10125942+3104169,742516660552214144,Low-Mass*
2MASS J08150774+0757123,3098022926365168000,Low-Mass*
2MASS J00334391-0034292,2542809823952405248,Low-Mass*
2MASS J15310289+1357090,1194721466361342464,Low-Mass*
2MASS J16123850+2039274,1204898378486334080,Low-Mass*
2MASS J16495032+2858160,1308134377076373248,Low-Mass*
2MASS J08550844+1434049,608785127145355264,Low-Mass*
SDSS J142811.99+031013.0,3668340574061041280,Low-Mass*
2MASS J23444126-0109168,2641739585251790720,Low-Mass*
2MASS J01085782-0023097,2533202669305238144,Low-Mass*
SDSS J155135.54+482113.4,1402876472246440192,Low-Mass*
2MASS J21305091-0714598,6898000842140943360,Low-Mass*
SDSS J085106.93+473753.3,1014164271054988928,Low-Mass*
2MASS J20442504-0039301,4227797271666243200,Low-Mass*
2MASS J11104006-7630547,5201351978398443136,Low-Mass*
2MASS J00385421-0104598,2542849685544414080,Low-Mass*
2MASS J09244298+1731174,632237808950020992,Low-Mass*
2MASS J00510078-0055235,2536666100868593664,Low-Mass*
2MASS J11044350+1624362,3969842394861711104,Low-Mass*
2MASS J08131835+4627475,929605470326066048,Low-Mass*
2MASS J02565970-0018064,2497970331021529728,Low-Mass*
2MASS J14305688+0511384,3669239802773650304,Low-Mass*
2MASS J23181283+5209229,1992563146841188224,Low-Mass*
2MASS J15505251+0632296,4429910705974300288,Low-Mass*
2MASS J10424604+4514082,829651690042188928,Low-Mass*
2MASS J13055246+6419460,1676434346762116096,Low-Mass*
SDSS J215109.76-002330.2,2680883161274036736,Low-Mass*
2MASS J08413576+1721461,658582627243253248,Low-Mass*
2MASS J10372311+3745471,754955027575525504,Low-Mass*
2MASS J00263340+0003568,2543752139776827392,Low-Mass*
2MASS J17323054+4304093,1348427522568390144,Low-Mass*
2MASS J09214358+1333410,594357193831249152,Low-Mass*
2MASS J00391246-0054537,2542865314929376768,Low-Mass*
SDSS J072313.35+375844.6,899679615677370240,Low-Mass*
LSPM J1602+3206,1322991248772656000,Low-Mass*
2MASS J00472848+0010258,2537045668603120384,Low-Mass*
2MASS J00475736-0059265,2530713551074240512,Low-Mass*
UCAC4 456-010232,3222083572106136704,Low-Mass*
2MASS J16183348+0724277,4451816237475175808,Low-Mass*
2MASS J00352868-0017172,2543150058377484416,Low-Mass*
SDSS J115756.07+411512.0,768576430455849984,Low-Mass*
SDSS J215336.47-003652.7,2680157517959244288,Low-Mass*
2MASS J00564380+0009177,2537218502382374400,Low-Mass*
2MASS J00483536-0032354,2536747494793635584,Low-Mass*
2MASS J00064346-0027301,2545726111041707648,Low-Mass*
2MASS J15025574+5153141,1593005225512826752,Low-Mass*
2MASS J00255764-0043166,2543495923503461120,Low-Mass*
2MASS J00214057-0009532,2545275444417151360,Low-Mass*
2MASS J21504005+0006376,2681191750379246208,Low-Mass*
SDSS J124557.65-013931.8,3683448752884070016,Low-Mass*
SDSS J122206.62-001620.7,3695189823376841856,Low-Mass*
2MASS J09560243+6115076,1051086799227170688,Low-Mass*
SDSS J223952.77+134358.0,2731932386639783168,Low-Mass*
2MASS J10384085-6511463,5239728988671009920,Low-Mass*
2MASS J00160516-0016471,2545226550509926528,Low-Mass*
TVLM 832-10443,2499091523644792832,Low-Mass*
2MASS J23423288-0016267,2642614006233380992,Low-Mass*
2MASS J22151331+0000239,2678742377774405376,Low-Mass*
2MASS J05302314+0046510,3221162524959867648,Low-Mass*
2MASS J08453453+1541575,610038153789107968,Low-Mass*
2MASS J11365654+3854595,767318550498010240,Low-Mass*
2MASS J08505687+1936578,660733095892705792,Low-Mass*
SDSS J080042.98+104905.9,3147817059208438400,Low-Mass*
SDSS J095850.84+115254.8,3881290206556958208,Low-Mass*
2MASS J09504223+4711444,821796534155907328,Low-Mass*
2MASS J00202288+0100428,2547084523298838144,Low-Mass*
2MASS J22091464+0008214,2678896824798724224,Low-Mass*
2MASS J01291972-0025540,2485969436482717056,Low-Mass*
SDSS J113626.83+501918.9,791560514148095104,Low-Mass*
SDSS J010447.36+004749.2,2538066702588070144,Low-Mass*
2MASS J00352101+0051217,2544133910829379072,Low-Mass*
2MASS J12135702-0023557,3698306698324169472,Low-Mass*
Cl* Melotte   22    BRB      10,66753446866736896,Low-Mass*
SDSS J004119.77+010655.6,2549399334575971584,Low-Mass*
2MASS J08014409+3801164,907430077436106624,Low-Mass*
SDSS J000750.02-000754.5,2545832798029121024,Low-Mass*
SDSS J162318.79+162658.6,4466543989572245632,Low-Mass*
2MASS J12302671+1121546,3907480603595624704,Low-Mass*
2MASS J09324818+0458436,3851909984552406400,Low-Mass*
2MASS J11411525+6313392,863356222556285440,Low-Mass*
2MASS J14051446-0234207,3647143536065315584,Low-Mass*
2MASS J00463152+0038355,2549099202261275776,Low-Mass*
2MASS J15570166+2359288,1218705319656762624,Low-Mass*
[BHR2005]   1-109,5032431464399936512,Low-Mass*
2MASS J08060569+2525012,681877907085647872,Low-Mass*
2MASS J03212386-0028511,3262816457825818752,Low-Mass*
2MASS J09494951+3222392,793321180156449280,Low-Mass*
2MASS J16315504+2850487,1305722460881911424,Low-Mass*
2MASS J07531991+2052260,673531209378739584,Low-Mass*
2MASS J17110874+2909557,1308897713024679680,Low-Mass*
SDSS J013401.22+004645.9,2510156080953937664,Low-Mass*
2MASS J12244270+5603454,1574249210706353664,Low-Mass*
2MASS J09072359+5918204,1039228360162729600,Low-Mass*
2MASS J13004340+2024344,3941763616667435648,Low-Mass*
2MASS J08042048+5141311,936200929480070912,Low-Mass*
2MASS J09515378+0052050,3834228531907780480,Low-Mass*
2MASS J01504368+1310560,2575832487460695040,Low-Mass*
2MASS J13034328+0226517,3692053672616831360,Low-Mass*
LSPM J1721+2907,4599342080557418240,Low-Mass*
2MASS J00494628+0022143,2537100201803021184,Low-Mass*
2MASS J11110050+5413184,843473375834476544,Low-Mass*
SDSS J053805.66+001509.3,3222336257917314560,Low-Mass*
SDSS J214736.53+005957.4,2693321317843542784,Low-Mass*
2MASS J00040227+2506265,2850150296310022656,Low-Mass*
[BHR2005] 889-9,2679758159014885248,Low-Mass*
2MASS J23274406+5300442,1992532089940521728,Low-Mass*
SDSS J013336.74-084033.8,2477133005127235456,Low-Mass*
2MASS J10452295+2554491,724701136208188544,Low-Mass*
2MASS J13344595+5847366,1661967041483826304,Low-Mass*
2MASS J01320730-0104477,2485652399176326784,Low-Mass*
2MASS J11084827+5043477,838919675411983232,Low-Mass*
2MASS J00325743+0107201,2544297634982846080,Low-Mass*
2MASS J00504030-0101118,2536659125841696000,Low-Mass*
2MASS J00234766-0048175,2542177987019828608,Low-Mass*
LP  562-33,1163743142861592960,Low-Mass*
SDSS J102615.23+405254.9,804500632135856256,Low-Mass*
2MASS J00185037-0021310,2545256619577130880,Low-Mass*
2MASS J00541207-0029368,2536045151676801024,Low-Mass*
2MASS J00132886+0034088,2546268513871597824,Low-Mass*
2MASS J21560463-0022497,2680177343528162816,Low-Mass*
2MASS J09260143+2356180,645230669135427072,Low-Mass*
2MASS J17180157+3158217,1333345354067703296,Low-Mass*
2MASS J08035702+3514510,905758884185544448,Low-Mass*
2MASS J15111485+0150514,4420248365289263872,Low-Mass*
2MASS J15421420+4109364,1390066032207590528,Low-Mass*
SDSS J112345.68+284305.1,4022102221184671744,Low-Mass*
2MASS J16310395+2543276,1304007703779262592,Low-Mass*
2MASS J09513961+6303364,1063529697440812544,Low-Mass*
2MASS J01364873+0104126,2510551114865267584,Low-Mass*
SDSS J173144.15+565456.8,1422112703053425024,Low-Mass*
SDSS J094257.03+054931.5,3853151981719984768,Low-Mass*
2MASS J00294298+0100037,2544323748383723648,Low-Mass*
2MASS J00304096+0017246,2543674800301905664,Low-Mass*
2MASS J11091479+2548149,3995815367770956928,Low-Mass*
2MASS J10214504+0640139,3863245017427275904,Low-Mass*
2MASS J00400951-0034351,2542904450671100416,Low-Mass*
2MASS J00532714-0016097,2536819718963175680,Low-Mass*
2MASS J00090225-0942334,2428759960998562560,Low-Mass*
[BHR2005] 513-22,1268340680444353792,Low-Mass*
2MASS J09081861+0503311,580105117953900032,Low-Mass*
2MASS J01274135-0047158,2485839831549448192,Low-Mass*
2MASS J16201449+2005512,1201947907752797696,Low-Mass*
SDSS J110400.86+391119.4,776899802196974976,Low-Mass*
SDSS J170026.65+334244.5,1337856512838286080,Low-Mass*
2MASS J00514088-0052381,2536665134501209344,Low-Mass*
2MASS J12360242+5238582,1569079822429480448,Low-Mass*
2MASS J13501548+2101366,1250146717941884032,Low-Mass*
SDSS J160430.19+455328.8,1398509212060893952,Low-Mass*
2MASS J09000178+4443506,1009362222738674688,Low-Mass*
2MASS J13090295+2226558,3944626543083383296,Low-Mass*
2MASS J15420666+3548128,1374409051052401024,Low-Mass*
2MASS J02123561+0040059,2513104593182084480,Low-Mass*
2MASS J00202949-0109522,2542060030036838656,Low-Mass*
SDSS J153157.20+565720.3,1601577361759927936,Low-Mass*
SDSS J103230.39+093118.9,3870033883252861440,Low-Mass*
2MASS J09390230+1653053,620698503135937792,Low-Mass*
2MASS J02574742+0647021,8031966800798976,Low-Mass*
2MASS J08021604+3524295,906526622475163776,Low-Mass*
2MASS J15562540+0903291,4454588449886560128,Low-Mass*
2MASS J00231019-0040509,2542194544116631040,Low-Mass*
SDSS J031708.46-005846.1,3265679968357231616,Low-Mass*
2MASS J13144730+2700556,1459941026944669568,Low-Mass*
2MASS J02550480+0101249,2498354163659265408,Low-Mass*
2MASS J14001350+1937146,1246599865229522176,Low-Mass*
2MASS J10022703+0044412,3833656953366570496,Low-Mass*
2MASS J07580439+4929464,934115533880047872,Low-Mass*
2MASS J00441258+1359017,2776416221917243776,Low-Mass*
SDSS J143734.36+342221.4,1287890645728712704,Low-Mass*
LP  170-44,1546362366015011328,Low-Mass*
2MASS J23023038-0019210,2650919236033409280,Low-Mass*
2MASS J09355807+3505220,797611749407191424,Low-Mass*
2MASS J00303573+0034521,2543876801203538304,Low-Mass*
2MASS J08164209+1820485,657202770214712832,Low-Mass*
SDSS J053304.44-003600.1,3220692518100262144,Low-Mass*
2MASS J10261660+3513431,752823830443326976,Low-Mass*
2MASS J09061179+0659539,583902040842028800,Low-Mass*
SDSS J031601.19+010933.0,3266985290522481792,Low-Mass*
2MASSW J0428299+235848,146317200629602048,Low-Mass*
SDSS J144625.16+100120.8,1174589103514343552,Low-Mass*
2MASS J14040206+5053184,1511508397164420224,Low-Mass*
2MASS J21031320-0059366,6917216667555500800,Low-Mass*
2MASS J00374822-0020365,2542949912901212416,Low-Mass*
2MASS J15354547+3600133,1374567380726601216,Low-Mass*
2MASS J01331766+0002392,2509971363000117888,Low-Mass*
SDSS J160329.35+423657.6,1383648217195244928,Low-Mass*
2MASS J08575230+1850070,612441892365373184,Low-Mass*
SDSS J115052.69+371712.1,4032638699379937664,Low-Mass*
SDSS J085657.01+422141.4,912819123225702528,Low-Mass*
2MASS J20582948+0050006,1729486951035050752,Low-Mass*
2MASS J23094437-0936114,2606128946249132672,Low-Mass*
SDSS J004202.36+002401.9,2543119237691271552,Low-Mass*
2MASS J10333872+3302380,748556930758507392,Low-Mass*
2MASS J00040491-0114212,2449579759131531008,Low-Mass*
SDSS J080016.02+124846.8,653321051789003520,Low-Mass*
2MASS J00451173+2424229,2803483041393314048,Low-Mass*
2MASS J07341875+3720371,898674009213505920,Low-Mass*
2MASS J02071440+0109246,2508137515043979392,Low-Mass*
2MASS J13305430+2002094,1441205623684645760,Low-Mass*
2MASS J12323119+3358380,1518030695845636480,Low-Mass*
SDSS J154307.73-005721.4,4404354306237541376,Low-Mass*
SDSS J083629.68+430147.2,916609208526162560,Low-Mass*
2MASS J01482550+1325164,2575878052769222784,Low-Mass*
2MASS J10102341+2640096,739435008632281472,Low-Mass*
2MASS J07525948+4136467,920980385721808128,Low-Mass*
2MASS J05355348+0019591,3220895790312260096,Low-Mass*
2MASS J18395805+4204170,2110743844917074816,Low-Mass*
2MASS J09334868+1626452,619211619818973952,Low-Mass*
2MASS J13010683+5208448,1557604936827546112,Low-Mass*
2MASS J00490308+0048229,2537179259265949568,Low-Mass*
2MASS J13445273+1025483,3726316138566089728,Low-Mass*
SDSS J081024.06+183430.0,669360555615552000,Low-Mass*
2MASS J16062665+6837268,1646674557022572800,Low-Mass*
SDSS J135006.93+272904.6,1451535256254824448,Low-Mass*
2MASS J16354115+3759044,1331482433476885888,Low-Mass*
2MASS J23273500+4819577,1941960327496132608,Low-Mass*
Cl* NGC 2099    HGH  130202,3451204684186617472,Low-Mass*
2MASS J12513998+5836122,1577375186687404928,Low-Mass*
2MASS J10291411+1514407,3888957960131061120,Low-Mass*
2MASS J10473108-0051286,3806120337482463104,Low-Mass*
2MASS J03200797-0056300,3262695339748073856,Low-Mass*
2MASS J00211223-0041101,2542218836452155264,Low-Mass*
2MASS J15120310+0714439,1163431461379691392,Low-Mass*
2MASS J21261077-0059377,2686089864226730752,Low-Mass*
2MASS J03403163+0107369,3269973252026713600,Low-Mass*
2MASS J14112853+6248524,1667564311583507584,Low-Mass*
2MASS J01300743+0046008,2558153921034457728,Low-Mass*
2MASS J13185620+2557230,1447578942835569792,Low-Mass*
2MASS J15445920+4027328,1377967452932731776,Low-Mass*
2MASS J15184989+4726285,1588188505590172928,Low-Mass*
2MASS J11161736+3256399,757547950871350784,Low-Mass*
2MASS J00335044-0102306,2542707882904933248,Low-Mass*
2MASS J21303555-0033567,2687571013764238080,Low-Mass*
2MASS J12082020+0017454,3698848031706802304,Low-Mass*
SDSS J072516.82+391616.3,900057336574989184,Low-Mass*
2MASS J15030845+5551262,1612511974834929792,Low-Mass*
2MASS J11044330+3402380,761325078255805824,Low-Mass*
2MASS J09213999-4607414,5422747543820824320,Low-Mass*
2MASS J00573969+0035512,2537265261690663552,Low-Mass*
2MASS J00355167-0100104,2542546289055066752,Low-Mass*
2MASS J10220906+6044180,1048642619237790208,Low-Mass*
SDSS J220049.29-010124.9,2679848039794974080,Low-Mass*
2MASS J02041213-0111458,2506487148091211392,Low-Mass*
2MASS J16222779+1559480,4465014465817631872,Low-Mass*
2MASS J13160647+2525544,1447629211132954368,Low-Mass*
2MASS J01002331-1007595,2473137139353974144,Low-Mass*
2MASS J07080256+1235192,3161018384225412096,Low-Mass*
2MASS J09222846+2303580,639080653925138816,Low-Mass*
2MASS J00313121+0026375,2543683527675488384,Low-Mass*
2MASS J09541766+2351341,642273670051968640,Low-Mass*
2MASS J10335514+3749325,754994300756470144,Low-Mass*
2MASS J01170276+2633428,294935404216647168,Low-Mass*
2MASS J05383222+0034127,3222380921283553536,Low-Mass*
2MASS J08143088-0808585,3062888517632647168,Low-Mass*
SDSS J020515.74+004530.8,2508007295930644352,Low-Mass*
2MASS J23415194-0028069,2642587209932854656,Low-Mass*
2MASS J10500751+3055358,736624102863486592,Low-Mass*
SDSS J021655.24+002906.2,2513047800829748096,Low-Mass*
2MASS J14065515+5822089,1659678545469055360,Low-Mass*
2MASS J23165827-0055073,2638815296638885760,Low-Mass*
2MASS J09445894+3917190,801110872146989312,Low-Mass*
2MASS J01110740+0005405,2534742573995127040,Low-Mass*
SDSS J010739.12+143700.7,2783227936969414784,Low-Mass*
2MASS J16134557+1708273,1198951734270034816,Low-Mass*
SDSS J132145.40+493705.2,1553538702310152576,Low-Mass*
2MASS J15483083+0740045,4430363464247692288,Low-Mass*
2MASS J23532332+3720407,2879694349843156224,Low-Mass*
[BHR2005] 513-31,1264352889209524608,Low-Mass*
2MASS J23173778-0051291,2638814334566225536,Low-Mass*
2MASS J09362449+5222266,1018915058933073408,Low-Mass*
2MASS J05351286-0515487,3209521170725473408,Low-Mass*
SDSS J220901.52+070238.7,2721092748177672064,Low-Mass*
L  763-63,6290519435137636224,Low-Mass*
SDSS J205000.86-002538.0,4227117429888704768,Low-Mass*
SDSS J222139.46+001059.1,2678346691027540608,Low-Mass*
2MASS J10065346+0305469,3836591485474971264,Low-Mass*
2MASS J00222540-0028291,2542248832503820544,Low-Mass*
2MASS J00255377-0101212,2541968530054099200,Low-Mass*
2MASS J00384411+0048449,2543391122005792512,Low-Mass*
2MASS J01564427+0052481,2507906755041329920,Low-Mass*
SDSS J100748.05+345715.3,747515250865664256,Low-Mass*
SDSS J025304.01-082434.2,5174257430611249152,Low-Mass*
2MASS J07590153+2625570,874302066968432128,Low-Mass*
2MASS J12531349+2237316,3955191990832439424,Low-Mass*
SDSS J113200.73+460134.7,784712068535259008,Low-Mass*
2MASS J10202071+2450343,726027873081533952,Low-Mass*
2MASS J15505933+4908073,1402974642315211904,Low-Mass*
2MASS J00353655+0056436,2544135461313193344,Low-Mass*
2MASS J03203947-0027595,3262818828647769856,Low-Mass*
2MASS J09073179+2440192,688150968815147136,Low-Mass*
2MASS J12590435+4450319,1530277713488025984,Low-Mass*
2MASS J07361166+4347555,925326067990851712,Low-Mass*
SDSS J221114.41-004548.3,2678591783336329472,Low-Mass*
2MASS J15184594+3810034,1388300182173874432,Low-Mass*
2MASS J13521484+2033020,1249885476555536384,Low-Mass*
2MASS J13434924+1614353,3742208995030488320,Low-Mass*
2MASS J01351399+0026446,2510085166748769536,Low-Mass*
2MASS J00384865+0039345,2543353536747159680,Low-Mass*
2MASS J08031111+1922556,670095819656605440,Low-Mass*
2MASS J12263049+3251069,4015866164893757952,Low-Mass*
2MASS J02135028-0028234,2494952790079070080,Low-Mass*
2MASS J00365661-0014342,2543141708961094144,Low-Mass*
2MASS J09294105+1528584,619034701524937984,Low-Mass*
2MASS J22581550-0841199,2607000652811110144,Low-Mass*
2MASS J00325438-0027586,2542803746574963200,Low-Mass*
UCAC4 571-024722,3426271814916257152,Low-Mass*
2MASS J03234428+0017232,3267373177608929280,Low-Mass*
2MASS J12074590-0000415,3698803265262927872,Low-Mass*
2MASS J16445800+3731139,1328257364008562688,Low-Mass*
2MASS J00111452+2511265,2850249114917299584,Low-Mass*
2MASS J14362662+4905062,1603427736750144896,Low-Mass*
SDSS J025539.61+005446.5,2498348700460618240,Low-Mass*
SDSS J120029.26+494534.0,1546799937277703168,Low-Mass*
SDSS J074854.68+480442.7,933698952118503040,Low-Mass*
2MASS J23502067+3815303,2881482430627262848,Low-Mass*
2MASS J00165358+0020219,2545545550617081984,Low-Mass*
2MASS J02314181+0057005,2500615996516769664,Low-Mass*
2MASS J16445570-2618333,6046235336156438528,Low-Mass*
2MASS J16324846+1406168,4462231056428705920,Low-Mass*
SDSS J204158.58+011230.0,4231322310239534464,Low-Mass*
2MASS J23000347-0032188,2651546060740625536,Low-Mass*
2MASS J09182425+2010214,636054901004418560,Low-Mass*
2MASS J08551979+4627185,1010854092513492736,Low-Mass*
2MASS J20562652+0107063,1729744168034937344,Low-Mass*
2MASS J15572608+3019252,1321255154271474944,Low-Mass*
LP  882-211,5033923913996350720,Low-Mass*
SDSS J110002.65+254129.9,3996688586162281984,Low-Mass*
PM J17114-2417N,4112619893954067456,Low-Mass*
2MASS J03251322+0001030,3264347459048314112,Low-Mass*
2MASS J16300743+2001125,1297070537025746944,Low-Mass*
2MASS J08494721+3855086,719834629024577920,Low-Mass*
2MASS J08463176+0727128,595295214690911616,Low-Mass*
SDSS J234137.66+005413.4,2646017303958808576,Low-Mass*
2MASS J04401098+2325142,146712303261194624,Low-Mass*
2MASS J14073549+3016306,1453371921709623168,Low-Mass*
LSPM J1020+4524,809393085218895360,Low-Mass*
2MASS J12090859+4047141,1536131955775622784,Low-Mass*
2MASS J00310034+0036012,2544064641597233280,Low-Mass*
2MASS J08550037+3541085,716869113021587584,Low-Mass*
2MASS J13534870-0111345,3658843404936200704,Low-Mass*
2MASS J15541266+3118244,1321578719928519808,Low-Mass*
2MASS J07375364+4114519,924510573962365568,Low-Mass*
2MASS J04081159-0456041,3197538108887872256,Low-Mass*
2MASS J13504797+1812124,1245019690925907328,Low-Mass*
2MASS J03024922-0044414,5187860141793440640,Low-Mass*
SDSS J223846.97+003516.9,2654401904755264128,Low-Mass*
2MASS J00244500-0007123,2543721765767637888,Low-Mass*
2MASS J11545377+4937308,787785654510372480,Low-Mass*
SDSS J092523.85+275056.6,694538130645577216,Low-Mass*
SDSS J093402.87+482102.0,825525802720876288,Low-Mass*
2MASS J22220310+0031151,2678464510569957504,Low-Mass*
2MASS J08311238+1530406,651886807588678144,Low-Mass*
2MASS J01115355+0008362,2534747139545132544,Low-Mass*
2MASS J02321141-0034392,2500119635736394880,Low-Mass*
SDSS J234521.69+005757.7,2643356558834168832,Low-Mass*
2MASS J00504477+0042250,2537182076764114304,Low-Mass*
2MASS J00161696-0004313,2545423058149085952,Low-Mass*
2MASS J13114598+1002095,3732852868336994688,Low-Mass*
2MASS J10163621+2421371,726362051601058816,Low-Mass*
2MASS J03175345-0032145,3265729785682946048,Low-Mass*
SDSS J084927.75+103729.4,598538808352649216,Low-Mass*
2MASS J23460992+0032398,2642767353746037760,Low-Mass*
2MASS J20522390-0038548,4227280191963738880,Low-Mass*
2MASS J11180582+3759045,764017477289096576,Low-Mass*
2MASS J10062962+6214172,1052724491732509056,Low-Mass*
SDSS J220205.65+002911.7,2680657525166099712,Low-Mass*
SDSS J215714.68+005224.7,2681447657415650688,Low-Mass*
2MASS J03191652+0030017,3265951891326617984,Low-Mass*
2MASS J13311316+2850152,1449839092064903936,Low-Mass*
SDSS J001658.16-101108.4,2428061805475597056,Low-Mass*
2MASS J01343450-0001538,2509961162453489152,Low-Mass*
SDSS J012557.98+144912.1,2590402631436936320,Low-Mass*
2MASS J08361438+3843337,911055506574625152,Low-Mass*
2MASS J13560899+4657138,1509151319112560128,Low-Mass*
2MASS J15471647+3840344,1376776681838264832,Low-Mass*
2MASS J02193808-0025496,2500724332771848960,Low-Mass*
SDSS J110646.76-165159.1,3559357634351132928,Low-Mass*
2MASS J00523700-0028105,2536716850202237312,Low-Mass*
2MASS J00515022-0048110,2536689259332293632,Low-Mass*
2MASS J12112327-0024170,3697989832817016064,Low-Mass*
2MASS J03095713+0030176,3266876163993373568,Low-Mass*
2MASS J10151742+2242140,629288094130829312,Low-Mass*
2MASS J02400713-0037132,2497151985132834816,Low-Mass*
SDSS J014450.33-011226.2,2508702079905103232,Low-Mass*
2MASS J23394482-1006261,2434106469432832896,Low-Mass*
2MASS J13202093+1527252,3744391800489499008,Low-Mass*
SDSS J110319.81+031628.1,3814675469953949696,Low-Mass*
2MASS J00382474+0753133,2557439994390231424,Low-Mass*
2MASS J13560524+4938225,1510615658147294976,Low-Mass*
SDSS J203219.17+773154.3,2290734035822374528,Low-Mass*
2MASS J00252740+0037504,2546926498565067264,Low-Mass*
2MASS J13023606+3413262,1467983606608671104,Low-Mass*
2MASS J10142238+5848444,1046707856730587648,Low-Mass*
LP  591-156,2497858563088120448,Low-Mass*
2MASS J10231011+3357059,752277712466830464,Low-Mass*
2MASS J22320219-0008297,2654100917742193664,Low-Mass*
2MASS J09524297+3012245,744483828588308608,Low-Mass*
2MASS J02185464+0013174,2500974785199636352,Low-Mass*
2MASS J00465781+0042073,2549089581534556032,Low-Mass*
2MASS J15495280+3149553,1369682697241160704,Low-Mass*
SDSS J032150.48+011451.2,3267694028846336896,Low-Mass*
2MASS J08571049+3341299,713544185562547456,Low-Mass*
SDSS J032131.85+011033.6,3267692207780227200,Low-Mass*
2MASS J10210278+0521223,3861321009516784896,Low-Mass*
2MASS J22385421+0013409,2654002575875764352,Low-Mass*
2MASS J03223189-0031492,3262823261054610432,Low-Mass*
2MASS J02430338+0018336,2498814687232576128,Low-Mass*
2MASS J07580808+2334205,681177689977645056,Low-Mass*
2MASS J11534608+3540165,4031613645305064064,Low-Mass*
2MASS J09355795+2721277,647760512247183744,Low-Mass*
SDSS J023445.69+005113.5,2502039451757213184,Low-Mass*
2MASS J00060000-0003158,2545892820196184448,Low-Mass*
2MASS J00481926+0039530,2537170463172873472,Low-Mass*
2MASS J09125166+2109217,637154790589101056,Low-Mass*
SDSS J153100.54+313912.4,1274350263108901248,Low-Mass*
2MASS J08121683+1916205,669516407093922432,Low-Mass*
2MASS J00064896-0015416,2545778058670095232,Low-Mass*
SDSS J204120.36+001944.6,4228153925752124544,Low-Mass*
2MASS J16211616+0550333,4437907690262672896,Low-Mass*
2MASS J01135795+2559421,294799408371939072,Low-Mass*
2MASS J10485807+3630346,750885593307130496,Low-Mass*
2MASS J16292657+2558024,1304121331433908480,Low-Mass*
2MASS J01060005+0001352,2536292125180828800,Low-Mass*
2MASS J08543255+3819049,719570299557105920,Low-Mass*
2MASS J00251499-0008062,2543722422899044096,Low-Mass*
2MASS J13202540+1934524,3939341534285862784,Low-Mass*
SDSS J220427.40-001157.7,2680373434554448384,Low-Mass*
2MASS J05382639+0108269,3222555228235870976,Low-Mass*
2MASS J02242517-0018469,2500776662652736128,Low-Mass*
2MASS J12155217-0016532,3698147475297202560,Low-Mass*
SDSS J122339.85+445101.4,1538727254186840320,Low-Mass*
SDSS J015650.55+082222.8,2568930921692899200,Low-Mass*
Cl* Melotte   22   CFHT      19,69922136299760000,Low-Mass*
2MASS J11235477+3521360,760138194108408448,Low-Mass*
2MASS J02440156+0032037,2498847844379910912,Low-Mass*
2MASS J01005347-0046230,2536162352744584576,Low-Mass*
SDSS J120639.42+253026.3,4003064482295509632,Low-Mass*
2MASS J08114383+0608269,3096617514284714880,Low-Mass*
2MASS J15254296+1722270,1207943304139928064,Low-Mass*
SDSS J134516.09+540557.0,1561053421905750144,Low-Mass*
2MASS J17184006+2830370,4575288339554944128,Low-Mass*
SDSS J002226.75-003338.2,2542247114516878080,Low-Mass*
SDSS J003925.79-005654.9,2542853224597465088,Low-Mass*
2MASS J12372518+0311158,3706612649678879744,Low-Mass*
SDSS J234505.59-001808.1,2642650564994859136,Low-Mass*
2MASS J00051108-0400284,2444862785528792704,Low-Mass*
2MASS J01264951+0013244,2534102344695001856,Low-Mass*
Cl* NGC 2632   HSHJ      41,662634430672023680,Low-Mass*
2MASS J10582160+3425187,762237780281072000,Low-Mass*
2MASS J00503897-0030404,2536759696795921920,Low-Mass*
2MASS J00455896-0029358,2530948498669691136,Low-Mass*
2MASS J12254984+5418597,1572541802291569152,Low-Mass*
2MASS J07494567+2511399,867785978810507520,Low-Mass*
2MASS J11080047+4049084,777507896551481216,Low-Mass*
2MASS J09032286+4521271,1009769901034351616,Low-Mass*
2MASS J00321480-0041423,2542781545887665792,Low-Mass*
Cl* NGC 2099    HGH  230065,3451193315412016896,Low-Mass*
SDSS J172935.64+073534.5,4487115164933836288,Low-Mass*
2MASS J00235896-0110362,2541956568569011584,Low-Mass*
2MASS J08364085+1845081,659717014006021120,Low-Mass*
2MASS J19302861+6345168,2242098758172350848,Low-Mass*
2MASS J16200633+4000598,1380566522325408512,Low-Mass*
2MASS J14204003+2941432,1284783941261654400,Low-Mass*
2MASS J02351705+2426472,102063953554800256,Low-Mass*
2MASS J14041571+5020207,1511457098075104640,Low-Mass*
2MASS J08083858+0549123,3095090017756092544,Low-Mass*
2MASS J00343066+0010380,2543979777339921408,Low-Mass*
2MASS J10275481+1845122,3891057816886213120,Low-Mass*
2MASS J16451429+2735019,1307568055573021440,Low-Mass*
2MASS J00142203+1511317,2769293830405602176,Low-Mass*
2MASS J23194445+0044494,2645260912973932672,Low-Mass*
2MASS J12054505+1857458,3950890147293647360,Low-Mass*
2MASS J10431977+6623378,1059702847220037632,Low-Mass*
2MASS J09373812+2044096,634640825971958656,Low-Mass*
2MASS J11550875+4846273,786942805829527936,Low-Mass*
2MASS J00334146-0114402,2542422246103509888,Low-Mass*
2MASS J14571942+0401022,1155027138094574208,Low-Mass*
LSPM J0448+2232,3413066783347333504,Low-Mass*
2MASS J23574251+0109277,2738527399117615616,Low-Mass*
2MASS J23433960-0015322,2642609127150845056,Low-Mass*
2MASS J08560474+2251237,686160745394467456,Low-Mass*
2MASS J09224984+2638124,694035482031737088,Low-Mass*
LSPM J1431+4626,1494946419156822272,Low-Mass*
2MASS J01401634+0042418,2510293038870779136,Low-Mass*
2MASS J08454016+1146364,601956124849895040,Low-Mass*
2MASS J09231103+3332399,702058068625698048,Low-Mass*
2MASS J02124608+0012578,2507072466233956864,Low-Mass*
SDSS J234556.98+434006.3,1925541560876670080,Low-Mass*
2MASS J10290859+3210532,748106822480914944,Low-Mass*
2MASS J16305871+3204384,1324536715444573184,Low-Mass*
SDSS J011438.21-004040.1,2534443296378437504,Low-Mass*
LP  590-295,2503124227352835584,Low-Mass*
2MASS J21562884-0033347,2680123158220695424,Low-Mass*
2MASS J10052573+2135477,629528028183065088,Low-Mass*
2MASS J03100301+0019388,3266822184844327168,Low-Mass*
SDSS J224751.77+003434.9,2653660799558104320,Low-Mass*
2MASS J09171398+0044092,3842663912101917568,Low-Mass*
SDSS J222716.86+011435.0,2702547049328767360,Low-Mass*
2MASS J12400329+5831028,1578250604101474176,Low-Mass*
2MASS J00244097+0024536,2543820996692706048,Low-Mass*
2MASS J12041179+5656321,1573937018122849920,Low-Mass*
2MASS J13370484+0923036,3725815585897544064,Low-Mass*
2MASS J00344135-0043566,2542745335019797376,Low-Mass*
2MASS J00221037+0110254,2547113690419961728,Low-Mass*
2MASS J10554356+3540443,762573779867754496,Low-Mass*
2MASS J12261463+6719450,1680926951273147392,Low-Mass*
2MASS J01071890-0047185,2533162060390065408,Low-Mass*
LP  348-11,2854333530032732928,Low-Mass*
2MASS J02304221+0052248,2500611632829979008,Low-Mass*
2MASS J13570535+3403459,1458783103761271808,Low-Mass*
SDSS J081241.79+511703.4,935292694220684288,Low-Mass*
SDSS J073252.48+423018.6,924864204388362496,Low-Mass*
SDSS J094640.34+522313.8,1020219732559229568,Low-Mass*
SDSS J215441.02-004038.2,2680142159155385088,Low-Mass*
2MASS J11120264+3919005,764766412211686016,Low-Mass*
2MASS J11373419+3519040,4026197519746061696,Low-Mass*
LP  643-76,2643210804825885696,Low-Mass*
2MASS J00163159+0036439,2545601965011303168,Low-Mass*
2MASS J16514360+2951545,1311295434350314368,Low-Mass*
2MASS J16372985+1245001,4459612736989645824,Low-Mass*
2MASS J20103031+7649343,2290420576225411456,Low-Mass*
SDSS J023016.71+004744.0,2500587413509377408,Low-Mass*
2MASS J23340454+4635489,1938427527915481088,Low-Mass*
2MASS J10050209+4417489,809628105828908544,Low-Mass*
2MASS J00175005-0014379,2545218269812578816,Low-Mass*
2MASS J12203606+1418021,3921127879357886848,Low-Mass*
SDSS J102513.70+572504.0,854922414319377408,Low-Mass*
2MASS J12031063+0117254,3891358670757160704,Low-Mass*
2MASS J15345134+1543236,1195374580564257664,Low-Mass*
2MASS J23430177-0029333,2642594558621412096,Low-Mass*
2MASS J12073881-0035269,3698630367059757056,Low-Mass*
2MASS J08214233+4812209,930932134183930624,Low-Mass*
2MASS J13041751+5714476,1577002864562240256,Low-Mass*
SDSS J164746.54+293039.1,1311177958404760832,Low-Mass*
2MASS J13072749+0157157,3691234326001158016,Low-Mass*
2MASS J12294487+3231149,4015733781117567744,Low-Mass*
2MASS J01174679+0050360,2535091321044401664,Low-Mass*
SDSS J031216.44+005832.1,3266920247541377792,Low-Mass*
2MASS J12041051+2008298,3951302051836837888,Low-Mass*
SDSS J074749.81+275222.3,875300006916785024,Low-Mass*
2MASS J00324308-2237272,2348571890789987456,Low-Mass*
2MASS J03122624-0019550,3265648662343518080,Low-Mass*
2MASS J01312043+0111222,2558276207342878720,Low-Mass*
2MASS J17021715+3226435,1313514699787616640,Low-Mass*
2MASS J08555592+3803430,719513434190562176,Low-Mass*
2MASS J10280672+2316153,722601584395161728,Low-Mass*
2MASS J00325473-0023239,2542828485586585856,Low-Mass*
SDSS J083021.32+362511.3,904047807870291712,Low-Mass*
2MASS J01382275+0025315,2509905705834735616,Low-Mass*
2MASS J14162875+4642569,1507581830694985600,Low-Mass*
2MASS J16151519-2252537,6050436123418306304,Low-Mass*
2MASS J00231754-0110565,2541951414607818496,Low-Mass*
2MASS J03051251-0004225,3266561811041942400,Low-Mass*
2MASS J12425832+2954249,4011212756807173760,Low-Mass*
SDSS J204537.58+001127.0,4228006694272720000,Low-Mass*
2MASS J09002552+0642494,583746567320683520,Low-Mass*
2MASS J09373349+5534057,1021744377229927040,Low-Mass*
2MASS J16160070+3545263,1329934527263589248,Low-Mass*
2MASS J02420923-0857113,5174017633997347712,Low-Mass*
2MASS J08023409+1809570,669114746047206784,Low-Mass*
2MASS J00472210-0104503,2530711111532797952,Low-Mass*
2MASS J18282686+2104477,4528947287402598912,Low-Mass*
[IHA2007] N2516-1-6-2526,5289893828717390720,Low-Mass*
2MASS J16135971+0925189,4453150804073893888,Low-Mass*
2MASS J03151778+0010497,3266021194918988288,Low-Mass*
2MASS J12055270-3854513,3459461986447356288,Low-Mass*
2MASS J21490383-0110430,2674771942502023040,Low-Mass*
2MASS J00270507-1106423,2424050198646532480,Low-Mass*
2MASS J00384538-0008170,2542982760811122944,Low-Mass*
2MASS J07261341+3125423,892079555081340032,Low-Mass*
2MASS J12304039+6046264,1581586453660682624,Low-Mass*
SDSS J163335.13+114127.1,4459418741909265152,Low-Mass*
2MASS J23051049+2142374,2838745513166162432,Low-Mass*
2MASS J07524509+4452245,926376380769585024,Low-Mass*
2MASS J13451831+2339337,1443661932661918080,Low-Mass*
2MASS J08234340+0551129,3093721980475792640,Low-Mass*
2MASS J14340647+4512582,1494276915358920064,Low-Mass*
UPM J1354-7121,5845972349875278720,Low-Mass*
2MASS J09125379+3232445,701788280254810880,Low-Mass*
2MASS J02364210-0033062,2497191395753210240,Low-Mass*
2MASS J09552369+2731498,743112836374623872,Low-Mass*
SDSS J233922.90+152453.5,2819417026464414592,Low-Mass*
2MASS J23192219-0002185,2645063958658211584,Low-Mass*
2MASS J10485846+3730547,775025817771129600,Low-Mass*
GES J07555219-6054036,5290717156769863296,Low-Mass*
SDSS J154335.66+182818.6,1197745952267274368,Low-Mass*
2MASS J09244463+4528263,819108949781178880,Low-Mass*
2MASS J07580732+3352236,881570835261103872,Low-Mass*
2MASS J21353463+2352085,1797397943127169152,Low-Mass*
2MASS J09500169+3242356,793522798806754816,Low-Mass*
2MASS J09590641+4620101,822217239089122944,Low-Mass*
2MASS J00390227-0026456,2542955788416511360,Low-Mass*
SDSS J004410.06+001046.6,2549055324875133312,Low-Mass*
SDSS J092242.87+142037.2,594470099933088256,Low-Mass*
2MASS J22153638+0004234,2678763616387300480,Low-Mass*
2MASS J08352705+1705366,658853656860752128,Low-Mass*
2MASS J10484988+3042344,735121280919478144,Low-Mass*
2MASS J00241358-0001594,2543773236655798400,Low-Mass*
2MASS J05285580-0046213,3220351394616882432,Low-Mass*
SDSS J162204.59+002100.0,4407738710399361792,Low-Mass*
2MASS J07384389+2709072,872180765441789184,Low-Mass*
2MASS J00334098+0039278,2544077629578523264,Low-Mass*
2MASS J12483126+3653071,1520121524580482560,Low-Mass*
2MASS J12343978+1651182,3935390198732426880,Low-Mass*
2MASS J23481824-0023313,2641907123335950976,Low-Mass*
SDSS J210048.58-002414.8,6917502879881798400,Low-Mass*
2MASS J08133168+1210087,649851641629434624,Low-Mass*
2MASS J08593221+1139467,604028704268072576,Low-Mass*
SDSS J171920.62+633448.9,1631059288590465280,Low-Mass*
SDSS J153137.28+124614.3,1193550593853463424,Low-Mass*
2MASS J13345892+6627552,1672325884126190080,Low-Mass*
SDSS J081105.46+282528.2,684338545389966720,Low-Mass*
SDSS J090642.79+262459.7,691905521852337792,Low-Mass*
2MASS J01181813+2507004,294454921930590848,Low-Mass*
2MASS J10401317+6505265,1058737682169673856,Low-Mass*
SDSS J095321.60+110914.3,3879701923356094208,Low-Mass*
2MASS J06032046+2341418,3424687349943748992,Low-Mass*
SDSS J091413.21+402341.9,815401194710275200,Low-Mass*
2MASS J17035490+3200377,1310440705795039232,Low-Mass*
2MASS J00562122+0016062,2537223931221034240,Low-Mass*
2MASS J16401929+1416069,4461368966296708736,Low-Mass*
LSPM J0432+5631,277482379410572160,Low-Mass*
2MASS J16255686+1834088,1200807989073308928,Low-Mass*
SDSS J010504.34+010748.5,2538117039604917376,Low-Mass*
2MASS J16444393+2306329,1299446581653708288,Low-Mass*
2MASS J13283141-0222213,3637984977870228352,Low-Mass*
LSPM J1502+3531,1291767974697992576,Low-Mass*
SDSS J090417.56+091740.3,591226441845606400,Low-Mass*
SDSS J153648.25+454440.4,1400677762525095168,Low-Mass*
SDSS J221918.76-003907.9,2677866513683845504,Low-Mass*
2MASS J03060410-0006330,3266371659954884608,Low-Mass*
2MASS J16033039+1130022,4457500098413090560,Low-Mass*
2MASS J00480409-0018176,2536948396183337728,Low-Mass*
SDSS J013435.91-004551.1,2509703906796956800,Low-Mass*
2MASS J12183538+4011557,1533278242063092992,Low-Mass*
2MASS J08112143+3749032,908646515252501504,Low-Mass*
2MASS J10195957+1529115,3888507946342110208,Low-Mass*
2MASS J11590185-0154194,3602391106416952320,Low-Mass*
2MASS J07575226+1211112,3151258427523652608,Low-Mass*
2MASS J22545355-0914576,2606867062149251072,Low-Mass*
2MASS J08010419+3913209,919573324371210624,Low-Mass*
2MASS J00214014-0003165,2545283003559665920,Low-Mass*
2MASS J12393262+2958114,4011252618399499520,Low-Mass*
SDSS J235723.76+010915.5,2738527566620435200,Low-Mass*
2MASS J12591534+2032416,3942508192198172416,Low-Mass*
2MASS J10332164+3206089,748253809146410240,Low-Mass*
2MASS J22090979+6918397,2223309921221754112,Low-Mass*
SDSS J144500.55+102125.6,1174800445970385664,Low-Mass*
2MASS J02172837+0114552,2513232789366056064,Low-Mass*
SDSS J135446.71+521414.1,1512606396965650688,Low-Mass*
2MASS J17004348+3717532,1339646582191026432,Low-Mass*
2MASS J02200450+0111202,2513196917799175424,Low-Mass*
2MASS J10062640+2954261,743837174017048832,Low-Mass*
2MASS J16333606+1529116,4465476093199405568,Low-Mass*
2MASS J00205084+0043017,2546886989162432640,Low-Mass*
2MASS J17053286+2350112,4571614969989446272,Low-Mass*
SDSS J092004.27+380706.8,811917662700108288,Low-Mass*
2MASS J02263901-0006462,2500056001500422400,Low-Mass*
SDSS J023744.96-005848.1,2497112544448909056,Low-Mass*
2MASS J22425680+0720249,2712674646637535872,Low-Mass*
2MASS J08101924+3933374,909083601189421952,Low-Mass*
2MASS J11460582+2942203,4020756242858677376,Low-Mass*
SDSS J090727.57+455602.3,1009858003698267392,Low-Mass*
2MASS J14404686+0128084,3654931200831357184,Low-Mass*
2MASS J13081556+0214587,3691620568114668928,Low-Mass*
SDSS J125010.81+213327.1,3954834718272300672,Low-Mass*
SDSS J002845.52-103848.2,2426317288543121408,Low-Mass*
2MASS J21313932+7219518,2273000360670411520,Low-Mass*
2MASS J08222797+0315017,3092024849917294592,Low-Mass*
2MASS J05440780+0110189,3219882903879976576,Low-Mass*
2MASS J05413072+0041557,3219468418059906816,Low-Mass*
2MASS J16014002+3156499,1322964242018632832,Low-Mass*
2MASS J01120696-0114237,2532901098177117824,Low-Mass*
2MASS J00215754-0104448,2542052917571027072,Low-Mass*
SDSS J123221.77+103355.2,3904375101722558848,Low-Mass*
2MASS J08093884+2124475,676724947058784768,Low-Mass*
2MASS J00452623+0024345,2549066113833122816,Low-Mass*
2MASS J09412914+4321083,820026389154864256,Low-Mass*
SDSS J165605.19+372259.7,1351335009269715328,Low-Mass*
2MASS J12520106+2509011,3958002273833974912,Low-Mass*
2MASS J16191669+1514203,4464864489856648192,Low-Mass*
2MASS J12473016+3108265,1513381032970584448,Low-Mass*
2MASS J12353503+3935532,1533539650952819456,Low-Mass*
SDSS J005553.01+004428.3,2537325906629311872,Low-Mass*
2MASS J07594948-6110267,5290650842475563008,Low-Mass*
2MASS J11320865+3441079,759446665718929408,Low-Mass*
2MASS J21341347+0052319,2688205397613672320,Low-Mass*
2MASS J10474774+3528354,750628930356364544,Low-Mass*
2MASS J15081508+4315097,1393615354525807744,Low-Mass*
2MASS J08220612+1441068,652140382458849536,Low-Mass*
SDSS J141031.52+373327.8,1485073899955604352,Low-Mass*
2MASS J01365419-0943461,2464811396790060672,Low-Mass*
2MASS J00065203+0028098,2546122549406845824,Low-Mass*
2MASS J13492473+0514407,3714058847363698304,Low-Mass*
SDSS J214154.37-000458.9,2687135224907279232,Low-Mass*
2MASS J16190685+3150212,1319442544930162176,Low-Mass*
2MASS J08351940+5325054,1030286483066492672,Low-Mass*
SDSS J120033.22+343945.6,4028345656228760320,Low-Mass*
2MASS J02335939-0101027,2497087766781822848,Low-Mass*
2MASS J09392977+1156427,613754850983269888,Low-Mass*
2MASS J00311603-0044474,2542698876356720128,Low-Mass*
2MASS J23491417+3838038,2881551871658456192,Low-Mass*
2MASS J16242953+1820439,1200775617902553472,Low-Mass*
PM J22078-3704,6574929244606066048,Low-Mass*
SDSS J020714.19-002731.4,2506912865249011584,Low-Mass*
Cl* Melotte   22    BPL     108,66782450780736000,Low-Mass*
2MASS J09582400+2734579,740122714500993920,Low-Mass*
2MASS J01311674-0036380,2485901816517189120,Low-Mass*
PSO J060.2075+31.8384,170083453702245120,Low-Mass*
SDSS J112751.34-001246.8,3797450241621484672,Low-Mass*
2MASS J13252882+6313418,1665518777574516096,Low-Mass*
2MASS J23424705+0102005,2643046152958345984,Low-Mass*
2MASS J00371754+0039289,2543362156746279680,Low-Mass*
2MASS J08475045+4811392,1014249277046226176,Low-Mass*
2MASS J00204044-0029349,2542242686406742528,Low-Mass*
2MASS J08100694+0836513,3146336979123273600,Low-Mass*
2MASS J11111732+1853572,3984048570423601024,Low-Mass*
2MASS J21142422+0016127,2689612566339085440,Low-Mass*
2MASS J03404323+0038427,3263905047352911616,Low-Mass*
SDSS J033120.05+005134.5,3264841655164904064,Low-Mass*
SDSS J213149.53+001744.1,2687781565946605952,Low-Mass*
SDSS J215848.15-004807.0,2679916037717283584,Low-Mass*
SDSS J190032.64+383614.0,2100127514694129664,Low-Mass*
2MASS J19304123+4951065,2129841610276422272,Low-Mass*
2MASS J12442445+3438442,1515344966896132352,Low-Mass*
SDSS J110736.89+424530.5,778623179299342336,Low-Mass*
2MASS J22353682-0048167,2653774117975305600,Low-Mass*
SDSS J133237.34+375038.5,1475209665747504384,Low-Mass*
2MASS J01101093-0021351,2534690312833043328,Low-Mass*
2MASS J12584513+2030442,3942507096981980672,Low-Mass*
2MASS J00390016-0007457,2542982997033575168,Low-Mass*
2MASS J16344486+1132367,4459226086853845760,Low-Mass*
G 165-61,1477446592088319872,Low-Mass*
2MASS J03185905+0042481,3266147531381353472,Low-Mass*
SDSS J121331.64+032710.5,3893534986519447552,Low-Mass*
SDSS J011211.52-001645.2,2534529264444252800,Low-Mass*
SDSS J023503.59+001049.4,2500310985120947712,Low-Mass*
SDSS J162623.13+422735.2,1381380027787131008,Low-Mass*
2MASS J23432393+1519246,2771374720586139904,Low-Mass*
2MASS J14160316+2033070,1252216617300765184,Low-Mass*
2MASS J02543359-0025048,2497918310378024064,Low-Mass*
SDSS J234140.48-010032.0,2641007452242021888,Low-Mass*
2MASS J09483099+3551531,796354251703211008,Low-Mass*
2MASS J16092849+2814173,1316899816915609344,Low-Mass*
2MASS J07510861+2742138,875458443964446208,Low-Mass*
2MASS J21594142-0037058,2680294716393874816,Low-Mass*
2MASS J09055146+0138047,577053526509846528,Low-Mass*
2MASS J00150467+0000118,2545434461286830336,Low-Mass*
LAMOST J100821.55+215344.6,629172958941914880,Low-Mass*
2MASS J15495360+0603022,4429482824149638784,Low-Mass*
2MASS J14080269+2008369,1246327422568577536,Low-Mass*
2MASS J09490525+0232508,3846985443770375168,Low-Mass*
SDSS J154122.86+100006.8,1165015857634993024,Low-Mass*
2MASS J09581525+5942346,1049996324210244352,Low-Mass*
[BLH2002] KPNO-Tau  6,151296579553731456,Low-Mass*
2MASS J09411928+4743341,825011884112551296,Low-Mass*
2MASS J16101327+4354028,1385306791831786496,Low-Mass*
2MASS J08262815+3238133,709311890429353344,Low-Mass*
2MASS J15031027+5040116,1592872154542391936,Low-Mass*
2MASS J16073137+1420150,4458561436369179136,Low-Mass*
2MASS J00234041-0029408,2542207364595806720,Low-Mass*
2MASS J02471671+0104229,2499258378829289088,Low-Mass*
SDSS J211446.59+112746.0,1746365725829850880,Low-Mass*
SDSS J171146.55+595435.7,1437334548186023680,Low-Mass*
SDSS J114220.27+334247.7,4025074849654673920,Low-Mass*
2MASS J23414311-0021529,2642592084720284672,Low-Mass*
2MASS J17324055+6141015,1439112870805632896,Low-Mass*
2MASS J13455989+5444522,1562221378131212288,Low-Mass*
2MASS J09554245+4324598,808172799110640640,Low-Mass*
SDSS J201545.92+760448.4,2290171876141701248,Low-Mass*
2MASS J10504888+0450249,3858099719621443840,Low-Mass*
2MASS J16170673+7734028,1704566318127301120,Low-Mass*
SDSS J082619.90+202341.1,663832039353281792,Low-Mass*
2MASS J11190615+5934573,857874980997305344,Low-Mass*
2MASS J00054260-0034582,2545718341444724864,Low-Mass*
SDSS J020913.02-003351.6,2506898571598150784,Low-Mass*
2MASS J21213852-0100246,2686274376021588736,Low-Mass*
2MASS J08224464+0319285,3092027220744984064,Low-Mass*
2MASS J00371223+0042172,2543363668574788992,Low-Mass*
2MASS J12104930+3829546,4030718608480831104,Low-Mass*
2MASS J03273451+0050330,3264530222791830784,Low-Mass*
SDSS J233115.94-011413.6,2643799485926348416,Low-Mass*
2MASS J21014406+7659573,2278683736274783488,Low-Mass*
2MASS J14150510+5417112,1608347574543077632,Low-Mass*
2MASS J00311140+0046583,2544256510672844032,Low-Mass*
2MASS J02330698+2509365,102358279073960192,Low-Mass*
2MASS J12303162+2309344,3958977605071622144,Low-Mass*
2MASS J02250607+0107214,2501510689744041472,Low-Mass*
2MASS J13480673+2721511,1451523784398319744,Low-Mass*
2MASS J10005672+0333307,3848515616064165248,Low-Mass*
2MASS J00561240+0000121,2536840128648355328,Low-Mass*
2MASS J16083973+2832180,1316959018744326528,Low-Mass*
2MASS J11094399+2904373,732426511063557888,Low-Mass*
SDSS J164039.24+241602.5,1299835740049777792,Low-Mass*
2MASS J20482603+0047112,4228428906737835648,Low-Mass*
2MASS J10314492+6251406,1052206170783464832,Low-Mass*
SDSS J172632.94+245831.0,4570605588250523136,Low-Mass*
SDSS J003059.91-004323.6,2542702037454415360,Low-Mass*
2MASS J00264141-1014504,2426393017406883328,Low-Mass*
2MASS J12342879+5935593,1581372083253101568,Low-Mass*
CTI 093631.3+280237,647909324274213888,Low-Mass*
2MASS J08565821+1256423,605473329402516864,Low-Mass*
2MASS J11111231+6059092,861914281774593408,Low-Mass*
2MASS J08510475+1005210,597709712159225984,Low-Mass*
2MASS J07553492-6058271,5290714682868692608,Low-Mass*
2MASS J01384300-0933516,2464794732317028096,Low-Mass*
2MASS J12475179+0600367,3708960794198952832,Low-Mass*
2MASS J10071331+1952519,628280013766668672,Low-Mass*
2MASS J08441092+5557598,1031184814130087936,Low-Mass*
2MASS J22354636+1259504,2730299096476537728,Low-Mass*
SDSS J115919.49+371108.5,4033305553181984512,Low-Mass*
SDSS J233543.45+500748.7,1944444635359713152,Low-Mass*
2MASS J21284457-0054185,2687536963263547904,Low-Mass*
LSPM J1432+2652,1280263883319928320,Low-Mass*
2MASS J10453021+0041306,3806625292492406656,Low-Mass*
2MASS J16583123+3415502,1337944778708653952,Low-Mass*
2MASS J12515496+3723479,1517535301433331072,Low-Mass*
2MASS J00225926-0005313,2543778493695707392,Low-Mass*
2MASS J23415104-0059039,2641007757183976832,Low-Mass*
2MASS J00531248-0029571,2536794812449320832,Low-Mass*
2MASS J00502683+0036553,2537157097234631936,Low-Mass*
2MASS J22435635+1354451,2732278737097475968,Low-Mass*
2MASS J15202682+5624042,1600741801642806400,Low-Mass*
2MASS J14110751+3335349,1478779333324909696,Low-Mass*
2MASS J03400163-0011515,3263543544249369472,Low-Mass*
LP  374-30,3990812761663064960,Low-Mass*
SDSS J103334.17+003452.0,3807179854375330816,Low-Mass*
2MASS J05371743+0046212,3222436549698798080,Low-Mass*
2MASS J08401223+3141107,709571753131334400,Low-Mass*
2MASS J02163009+0028150,2513050515249087232,Low-Mass*
SDSS J212015.08-000033.2,2689410492422287360,Low-Mass*
2MASS J14420799+5247467,1605873291128900224,Low-Mass*
2MASS J11105123+2634571,3998114240425972736,Low-Mass*
SDSS J075541.24+460515.1,932534161281465344,Low-Mass*
LSPM J0349+1030,3302815595630568448,Low-Mass*
SDSS J204258.61-050411.1,6914277634322463744,Low-Mass*
2MASS J16082130+1102398,4456743801914670208,Low-Mass*
2MASS J00541470+0040512,2537310925783228160,Low-Mass*
2MASS J15073687+2020478,1213457526751688832,Low-Mass*
2MASS J12421099+3321245,1514614753736372480,Low-Mass*
SDSS J085419.87+080751.0,584896514749605376,Low-Mass*
2MASS J09502252+4818112,824926603242276096,Low-Mass*
2MASS J08135377+0341330,3091503750126066944,Low-Mass*
2MASS J00402800+0039239,2543324227890378240,Low-Mass*
2MASS J22231395+0015301,2678397406001129984,Low-Mass*
2MASS J02293084-0918002,5175599968668717440,Low-Mass*
2MASS J13550606+1300514,3728586080321540224,Low-Mass*
2MASS J09283151+4330074,817595506384823168,Low-Mass*
SDSS J081817.09+033011.9,3091353117032961280,Low-Mass*
2MASS J21473695-0053327,2674842169512990080,Low-Mass*
2MASS J02434372+0000256,2498605784318440960,Low-Mass*
2MASS J04193494+0720022,3286885871165790976,Low-Mass*
2MASS J08104609+2302558,677581054300658688,Low-Mass*
SDSS J085217.19+002435.7,3074673972316533504,Low-Mass*
2MASS J12235664+3830512,1532145298410736768,Low-Mass*
2MASS J00361696+0731536,2557327401823264000,Low-Mass*
2MASS J09485640+4746502,824875342808501248,Low-Mass*
2MASS J02383024-0046178,2497145319343554048,Low-Mass*
2MASS J12332766+1445371,3933351356282350336,Low-Mass*
2MASS J12145246+0048377,3699294502146887296,Low-Mass*
2MASS J13550870+6544274,1671316704251724160,Low-Mass*
2MASS J00125756+0107033,2546441064181811328,Low-Mass*
2MASS J13365557+1915124,1248835649109868928,Low-Mass*
SDSS J093732.95+153902.5,618876303130826880,Low-Mass*
SDSS J103722.00+163137.9,3889486958368434432,Low-Mass*
2MASS J11015477+2929177,732359651308060416,Low-Mass*
2MASS J23311245+0009406,2644615770230823296,Low-Mass*
2MASS J12480688+6031426,1579864931984886016,Low-Mass*
2MASS J00343215+0021416,2543987061604484224,Low-Mass*
2MASS J07391121+2850562,878597957682941184,Low-Mass*
2MASS J03304291-0051583,3263266570398512896,Low-Mass*
2MASS J03325514+0050327,3264671471380963328,Low-Mass*
Wolf 1288,65012718099202432,Low-Mass*
SIPS J2208-0211,2676085618379574016,Low-Mass*
SDSS J224113.45+001958.7,2654335727898775680,Low-Mass*
2MASS J23300546+4831038,1942048975620597120,Low-Mass*
2MASS J15514077+0756437,4430343015903672576,Low-Mass*
SDSS J004057.56+011014.1,2549403526464863488,Low-Mass*
2MASS J11594359+3427292,4028335417027122304,Low-Mass*
2MASS J00164625-0941449,2428142065529006080,Low-Mass*
2MASS J02290162+0056461,2501354249854913664,Low-Mass*
2MASS J00305118+0055536,2544278977644823680,Low-Mass*
[SE2005]   6,3217640376901535744,Low-Mass*
2MASS J17104793+5903117,1434216371865480704,Low-Mass*
2MASS J10523327+6706043,1060113038072095360,Low-Mass*
2MASS J15453571+3449478,1371258507856425472,Low-Mass*
2MASS J10595340+4201329,778239690259641088,Low-Mass*
2MASS J16344482+1157342,4459453552618947200,Low-Mass*
SDSS J001545.52+003112.6,2545596639251840128,Low-Mass*
2MASS J16065222+1109596,4456758683975705472,Low-Mass*
2MASS J13565161+4808032,1509641731363843712,Low-Mass*
2MASS J01402639+0032350,2510274553331486592,Low-Mass*
2MASS J23341049-0045365,2641217248509403008,Low-Mass*
2MASS J12084697-0017310,3698736774873457152,Low-Mass*
2MASS J10382276+3629247,751820143830587136,Low-Mass*
2MASS J00550431-0054157,2535972034153563520,Low-Mass*
2MASS J01434004+0010439,2509461327043824768,Low-Mass*
SDSS J005051.80-004703.2,2536681421016277760,Low-Mass*
2MASS J16153318+0719147,4450370590141115136,Low-Mass*
SDSS J215551.09+005957.8,2681467276826166400,Low-Mass*
2MASS J20414370-0525327,6914230046082714240,Low-Mass*
2MASS J00322211+0109484,2544296161811010304,Low-Mass*
2MASS J15220525+1724556,1208685573271765760,Low-Mass*
2MASS J17295186+3332582,4602069827171303168,Low-Mass*
2MASS J16392035+1401419,4461340314570370560,Low-Mass*
2MASS J23303594-0106119,2643816322198163328,Low-Mass*
SDSS J030546.06-001143.4,3266368636299037568,Low-Mass*
2MASS J12255239+3246271,4015861255746984064,Low-Mass*
2MASS J08345720-0410230,3071548644874727680,Low-Mass*
2MASS J13052746+0639536,3729498193935750144,Low-Mass*
2MASS J08191214+4746362,931274155315457664,Low-Mass*
GES J08003236-6113141,5289992750405037952,Low-Mass*
2MASS J08360725+3833051,911035955883131776,Low-Mass*
2MASS J00323109-0005270,2543591061322915328,Low-Mass*
2MASS J10502004+3136482,736734672499241088,Low-Mass*
LP  164-69,1009995885037105152,Low-Mass*
LP  167-17,810434666326580224,Low-Mass*
2MASS J01464844+1505467,2588385238053358208,Low-Mass*
2MASS J09004264+1217264,605181855742496384,Low-Mass*
PM J15557-1020,4346428219751350016,Low-Mass*
2MASS J22151492+0012549,2678780276565981312,Low-Mass*
2MASS J13351491+1834273,1248644849483574144,Low-Mass*
2MASS J12340679+3238424,4012702423264343680,Low-Mass*
2MASS J12525191+4121475,1528006324326435712,Low-Mass*
K2-122,663843343706623232,Low-Mass*
2MASS J02320232-0020015,2500174714396877184,Low-Mass*
SDSS J080335.51+072323.0,3145772074957734784,Low-Mass*
2MASS J08250610+3702223,904981460745251712,Low-Mass*
2MASS J14164910+3125526,1477406833575570048,Low-Mass*
2MASS J15432960+5740204,1601837533699190016,Low-Mass*
2MASS J12080594+6234238,1582916763946913792,Low-Mass*
SDSS J112809.31-024225.8,3793460869838656128,Low-Mass*
2MASS J01451737+1516197,2588405372860005760,Low-Mass*
2MASS J16260243+1220239,4459959151872081920,Low-Mass*
2MASS J07440522+2022469,672874384322632064,Low-Mass*
2MASS J12395458+1422255,3932435222578312192,Low-Mass*
SDSS J052729.60+001711.1,3221774231382338688,Low-Mass*
2MASS J00504365-0102013,2536656166608919424,Low-Mass*
2MASS J09561658+4306212,808150735865644672,Low-Mass*
2MASS J13185311+1901240,3938929423583165696,Low-Mass*
2MASS J00085038+0044447,2546507206677899904,Low-Mass*
2MASS J00551458-0001025,2536842052793348480,Low-Mass*
2MASS J00472507-0028252,2536938848471691904,Low-Mass*
SDSS J231950.98+000907.7,2645084853674182400,Low-Mass*
SDSS J205009.02+764014.3,2278573024901831040,Low-Mass*
2MASS J03282839+3116273,121029704500767488,Low-Mass*
2MASS J15311958+2643543,1270721191840375296,Low-Mass*
2MASS J09121393+3340491,713887752883421568,Low-Mass*
2MASS J00513949+0011368,2536896444259388288,Low-Mass*
2MASS J13230505+5059117,1553731842694237440,Low-Mass*
SDSS J141211.09-001805.7,3659887150709196032,Low-Mass*
2MASS J00240783+0015495,2543817255776925952,Low-Mass*
2MASS J02481171-0015309,2497798120013443584,Low-Mass*
2MASS J03422483-0610480,3244589441255996928,Low-Mass*
2MASS J08272028+4502043,917948826005206656,Low-Mass*
2MASS J10254189+2510391,726106866119684480,Low-Mass*
LSPM J0232+0105,2502119479883408384,Low-Mass*
Cl* NGC 2099    HGH  120283,3451205925434096768,Low-Mass*
2MASS J14131303+4528240,1505926966906356864,Low-Mass*
2MASS J14475352+0103195,3652176172583948288,Low-Mass*
2MASS J00515073+0108544,2537575500063865984,Low-Mass*
2MASS J01274202-0029277,2485942429727861888,Low-Mass*
2MASS J01363056+0029524,2510106431131403776,Low-Mass*
2MASS J09235432+2533398,693624268978626048,Low-Mass*
2MASS J09565055+5946157,1050184546856790784,Low-Mass*
2MASS J15034221+0711365,1160577816390718592,Low-Mass*
2MASS J10564295+0523446,3816193758072957696,Low-Mass*
LP  584-76,2546452093661871232,Low-Mass*
SDSS J074609.68+273049.7,875264547665947520,Low-Mass*
2MASS J01190681+0103099,2535099429942368640,Low-Mass*
2MASS J09344512+4036520,813334215928719616,Low-Mass*
SDSS J034539.64-053733.5,3244718672527150208,Low-Mass*
2MASS J00371449-0040198,2542934171845153408,Low-Mass*
SDSS J021748.47+003034.8,2501044221936127616,Low-Mass*
SDSS J011959.08-002105.7,2533766787489948672,Low-Mass*
2MASS J00303012-0003079,2543630265784413440,Low-Mass*
2MASS J11462337+3018584,4020848296892743424,Low-Mass*
2MASS J23513323+0013342,2642319410132960512,Low-Mass*
2MASS J07583595+3828345,919432032831196544,Low-Mass*
2MASS J00231899-0053001,2542153724747391360,Low-Mass*
2MASS J15484573+2548570,1222909547181939328,Low-Mass*
2MASS J00315957+0009350,2543616251307777280,Low-Mass*
2MASS J00370436-0105187,2542483719971534720,Low-Mass*
2MASS J03343225-0043595,3263321202382789504,Low-Mass*
2MASS J10502477+5227400,837408916370652288,Low-Mass*
2MASS J00593707-0003025,2536425337886281600,Low-Mass*
2MASS J02303895+0029174,2500560471179435264,Low-Mass*
SDSS J084622.18+072529.0,595297624165956736,Low-Mass*
SDSS J084453.06+111328.0,601830986682182016,Low-Mass*
2MASS J10531959+3537570,762605498200900352,Low-Mass*
2MASS J13141743+5327045,1563166786332235648,Low-Mass*
2MASS J13272158+6411195,1665710225740976384,Low-Mass*
2MASS J14143924+5056299,1511686170155799296,Low-Mass*
2MASS J12010023+0225215,3892046621440549120,Low-Mass*
2MASS J19375669+7906131,2291724317840699008,Low-Mass*
2MASS J20443664-0553313,6913404587727264768,Low-Mass*
2MASS J08041462+3916147,921015677468554496,Low-Mass*
2MASS J02233757-0040269,2499918566842258432,Low-Mass*
GES J07562978-6100000,5290712312046913792,Low-Mass*
2MASS J11084692+2620172,3998095376929604096,Low-Mass*
2MASS J10031190+5221183,827520595985859712,Low-Mass*
2MASS J00502285+0008230,2537079925262129792,Low-Mass*
2MASS J13442305+1347174,3740519488041078400,Low-Mass*
LP  164-16,930709865331990784,Low-Mass*
SDSS J101738.16+172159.4,623821189173565824,Low-Mass*
2MASS J14432710+0226406,3655469278628450560,Low-Mass*
2MASS J10495775+0140247,3808211028777857920,Low-Mass*
2MASS J00381273+3850323,368514898441866368,Low-Mass*
2MASS J09531024+5603096,1021960049012118144,Low-Mass*
2MASS J23454662-0031050,2642629330676497536,Low-Mass*
SDSS J101721.05+055323.8,3861597502332024704,Low-Mass*
2MASS J13060381-4815328,6085282185223770880,Low-Mass*
2MASS J12075807+0002103,3698805292487493632,Low-Mass*
2MASS J09352400+3928226,812949661736641664,Low-Mass*
2MASS J09083472+2430279,688098737718331264,Low-Mass*
2MASS J00555747+0008320,2537220662750582400,Low-Mass*
2MASS J13454819+5016266,1558838387012515456,Low-Mass*
2MASS J03433365-0549527,3244628748796200960,Low-Mass*
2MASS J03122848+0056093,3267010785449936896,Low-Mass*
2MASS J00225998-0007194,2542276457733066880,Low-Mass*
2MASS J08040114+5058071,935050183187068800,Low-Mass*
LSPM J2033+1347,1804297108009869952,Low-Mass*
2MASS J10221333+3209242,748818477087340544,Low-Mass*
SDSS J012733.46-010621.3,2485813271471853440,Low-Mass*
2MASS J10375371+2846593,734479337927248896,Low-Mass*
2MASS J13140554+2638423,1459786133244392064,Low-Mass*
2MASS J00435928+0107299,2549364287643925632,Low-Mass*
2MASS J00411186-0029246,2542908848717651968,Low-Mass*
2MASS J09340342+1958540,634475147608991360,Low-Mass*
2MASS J21540310+0110557,2681669964923821440,Low-Mass*
LP   94-146,846442808847296128,Low-Mass*
2MASS J14184986+3219127,1477846848680114304,Low-Mass*
2MASS J13325272+1921197,1248937667468609280,Low-Mass*
2MASS J00502905+0014231,2537082845839900032,Low-Mass*
2MASS J08005622+1540169,655027012798246528,Low-Mass*
2MASS J10491877+4636424,831253845983265408,Low-Mass*
2MASS J08404828+3710316,909925895815473536,Low-Mass*
2MASS J08123764+3245584,902043977993029760,Low-Mass*
LSPM J1806+2442,4579271487927729664,Low-Mass*
2MASS J22122538+0723017,2721177346148661376,Low-Mass*
2MASS J22411731+3340212,1902878491625379584,Low-Mass*
2MASS J11174786+2621591,3997219001737795328,Low-Mass*
2MASS J22025097-0025378,2680272623082702208,Low-Mass*
2MASS J14532087+3317585,1289650590181301504,Low-Mass*
2MASS J01172423+3218450,310711201347317376,Low-Mass*
2MASS J07550956-6057021,5290715610581625472,Low-Mass*
2MASS J22373989-0039502,2653791405218462080,Low-Mass*
2MASS J02521724+0011321,2498205179833657984,Low-Mass*
SDSS J060720.56+235430.9,3426161863761558144,Low-Mass*
2MASS J10064252+2948179,740833170811198336,Low-Mass*
2MASS J22014190-0037070,2680286646150195968,Low-Mass*
2MASS J09260028+2410489,645431330008064512,Low-Mass*
2MASS J09303800+3723049,799219097966596224,Low-Mass*
2MASS J03042068-0040175,3266313454557893632,Low-Mass*
2MASS J20460698-0039146,4227049225802332928,Low-Mass*
2MASS J09105742+0837433,590413589220257280,Low-Mass*
SDSS J163805.16+004230.4,4383977263394993792,Low-Mass*
2MASS J03465718+0039489,3269665113893271296,Low-Mass*
2MASS J00230557+0045018,2546894135988088576,Low-Mass*
SDSS J014126.61-083100.6,2465293532639325056,Low-Mass*
2MASS J13570950-0209366,3657927129498130688,Low-Mass*
2MASS J12183076+5355181,1572295580406535680,Low-Mass*
SDSS J013114.32-003738.2,2485901786453000704,Low-Mass*
2MASS J00563698-0009171,2536083462785154176,Low-Mass*
SDSS J104115.52+163910.6,3886597682329449856,Low-Mass*
[BNM2013] 90.02   109,3216489295600490880,Low-Mass*
2MASS J21564966+0103305,2681465764997700864,Low-Mass*
2MASS J22385733-0110522,2652959792175884928,Low-Mass*
UCAC4 345-006842,2962794236080240128,Low-Mass*
2MASS J10191966+1921511,624682068122992128,Low-Mass*
2MASS J08201477+2601111,682484425187825280,Low-Mass*
SDSS J235056.31+010708.1,2643270826993268480,Low-Mass*
2MASS J23172213-0024389,2645026747061402752,Low-Mass*
LSPM J1432+4925,1603600360076399744,Low-Mass*
2MASS J08091680+0651033,3097464821135584512,Low-Mass*
2MASS J01530275-0110338,2505924335576734848,Low-Mass*
2MASS J16334368+1533299,4465500656115131520,Low-Mass*
2MASS J14232822+5623148,1610449153582314624,Low-Mass*
SDSS J125036.56+055842.0,3708901931671085056,Low-Mass*
2MASS J11490118+5457395,841651377691263488,Low-Mass*
2MASS J08443994+2254095,665334930011987200,Low-Mass*
2MASS J08275787+4419379,917704562625113472,Low-Mass*
2MASS J01171533-0002378,2534585133378481536,Low-Mass*
2MASS J10565078+3718534,774823271408666368,Low-Mass*
2MASS J00491701+0041497,2537173250606789632,Low-Mass*
2MASS J10245475+4955334,846885366574026752,Low-Mass*
2MASS J10081209-1437533,5674529659266616448,Low-Mass*
2MASS J03314042+0010597,3264239122793426432,Low-Mass*
SDSS J142731.07+072925.2,1175451459933211904,Low-Mass*
2MASS J12443349+2047357,3954490154521786752,Low-Mass*
2MASS J11581880+0749095,3899646347025210880,Low-Mass*
2MASS J14450101+1448169,1185841913535036800,Low-Mass*
2MASS J00302709-0030343,2543459463524859776,Low-Mass*
2MASS J02433756+0040153,2498854888126583424,Low-Mass*
2MASS J10413415+3409238,750082503142503680,Low-Mass*
2MASS J03283155-0043116,3264014100866748800,Low-Mass*
2MASS J03120574-0057480,3265541601690876032,Low-Mass*
2MASS J10584987+5024177,833024025344345728,Low-Mass*
2MASS J14321232+0720331,1172487863779304704,Low-Mass*
2MASS J00215953-0046262,2542173142294651520,Low-Mass*
2MASS J01322959+0057142,2558207217283704448,Low-Mass*
2MASS J03262891+0103439,3267542880356474112,Low-Mass*
2MASS J02190396-0038398,2500702273820043136,Low-Mass*
2MASS J00144120-0030163,2545193015405040000,Low-Mass*
SDSS J122703.10+343500.2,1518861479960239744,Low-Mass*
2MASS J00362954-0058499,2542536114276195968,Low-Mass*
2MASS J08101374+2754562,683898053543354752,Low-Mass*
SDSS J130042.96+512934.6,1557559689347192064,Low-Mass*
SDSS J004729.74+010527.6,2549210974490348544,Low-Mass*
2MASS J00180228-0007060,2545314034699920768,Low-Mass*
2MASS J23355165+0001573,2644373465356353920,Low-Mass*
2MASS J15505761+4012548,1382979439247702912,Low-Mass*
2MASS J09292022+1322363,617376328752694400,Low-Mass*
GES J08003869-6106244,5290745086936635392,Low-Mass*
2MASS J12561069+3839430,1517713010001721344,Low-Mass*
2MASS J01545459-0012265,2507691422560327808,Low-Mass*
2MASS J23413693-0037280,2642566074398258048,Low-Mass*
2MASS J16402703+2116121,4564337031943500800,Low-Mass*
2MASS J09391606+0547266,3851696778080701440,Low-Mass*
2MASS J00052786+2813228,2854129192669632896,Low-Mass*
SDSS J222609.79-003317.1,2678003162362694656,Low-Mass*
2MASS J02151821+0007099,2513011100333648768,Low-Mass*
2MASS J22160787+0637450,2720878412129641088,Low-Mass*
SDSS J220541.67-073711.4,2619368268838645632,Low-Mass*
2MASS J00484775+0039091,2537166992839293568,Low-Mass*
2MASS J00422929+0113506,2549377997178530304,Low-Mass*
2MASS J00311146-0025582,2543552170395655680,Low-Mass*
2MASS J08572542+1226484,604883475774292736,Low-Mass*
2MASS J08564793+5529006,1036123442405070464,Low-Mass*
SDSS J044147.97+112505.0,3294300320454125568,Low-Mass*
2MASS J02311890-0042075,2500140084075614464,Low-Mass*
2MASS J07572232+1957015,670405946358619904,Low-Mass*
2MASS J08382286+1730499,659268134087740544,Low-Mass*
2MASS J00531719-0051110,2535940350179499392,Low-Mass*
SDSS J074613.77+365343.9,895080328473725184,Low-Mass*
2MASS J08071920+4600095,929717757950771712,Low-Mass*
2MASS J12401465+2047566,3954537059859521792,Low-Mass*
2MASS J12571262+6112350,1579588022557739520,Low-Mass*
2MASS J12104643-0109214,3697784945697006592,Low-Mass*
SDSS J034339.68+011445.4,3269956823775558272,Low-Mass*
SDSS J143415.36+080314.5,1172926397121602560,Low-Mass*
2MASS J05362495-0003289,3220825868243753856,Low-Mass*
SDSS J004322.53+010358.6,2549359477279430784,Low-Mass*
LP  584-90,2545222191118487680,Low-Mass*
2MASS J23532751+3852298,2881523967255201920,Low-Mass*
2MASS J00535323-0001430,2536850642727849728,Low-Mass*
2MASS J12055483+4835494,1546295673763654272,Low-Mass*
SDSS J124107.72+532201.8,1570658927285038976,Low-Mass*
2MASS J22091518+0542425,2720338655000627072,Low-Mass*
SDSS J160448.64+531732.8,1428792098752914688,Low-Mass*
2MASS J00354517+0004192,2543213482158261248,Low-Mass*
2MASS J14132757+5248321,1608125022223342976,Low-Mass*
SDSS J142559.05+521616.6,1604897371479895936,Low-Mass*
2MASS J09261896+3518129,798555985080840832,Low-Mass*
2MASS J02273242+0048328,2501256049724024704,Low-Mass*
2MASS J04414554-0610398,3199930100728480000,Low-Mass*
2MASS J23582985+0001192,2642126716424028288,Low-Mass*
2MASS J08375437+0622468,594925984940248064,Low-Mass*
2MASS J09522128+0325359,3848680444023697280,Low-Mass*
SDSS J143625.98+190906.1,1236225418970105216,Low-Mass*
2MASS J12155527+3342393,4016607171306437248,Low-Mass*
SDSS J113414.25+294239.8,4022439973117583488,Low-Mass*
2MASS J11372899+3449499,4026110727046609792,Low-Mass*
SDSS J154523.16+214419.6,1216514718832351872,Low-Mass*
2MASS J01472793+0008064,2509492942298548992,Low-Mass*
2MASS J08303251+2845577,707269341422668416,Low-Mass*
2MASS J01594062+0058559,2508294917005061376,Low-Mass*
2MASS J21251051+0030534,2687944396746517120,Low-Mass*
2MASS J17155207+2807212,4575161650902568960,Low-Mass*
2MASS J19175595+7751039,2293058162883895808,Low-Mass*
2MASS J01413309-0910420,2465186742572122880,Low-Mass*
SDSS J023854.40+002745.2,2501791374446393344,Low-Mass*
SDSS J091913.32+584307.6,1038292985005104896,Low-Mass*
2MASS J14260388+0938037,1177129456411203584,Low-Mass*
SDSS J201947.24+774945.0,2290617831187103616,Low-Mass*
2MASS J14253997+0109108,3654435428461399552,Low-Mass*
SDSS J031716.79+001312.7,3266105131464497536,Low-Mass*
2MASS J15521601+4734418,1398295189547067648,Low-Mass*
2MASS J00360134-0010158,2543158304714691968,Low-Mass*
2MASS J08464450+1022411,598706213291188736,Low-Mass*
2MASS J12235743+1734253,3946891876338569728,Low-Mass*
2MASS J01374887+0014328,2509896458770612864,Low-Mass*
SDSS J131336.48+345727.4,1473861011657086976,Low-Mass*
SDSS J222024.27+001514.0,2678362221629528704,Low-Mass*
2MASS J02271252+0048117,2501301576375954176,Low-Mass*
SDSS J211833.16+004653.9,2689699835779604992,Low-Mass*
2MASS J23362551+0955412,2762982113971609984,Low-Mass*
2MASS J02032612-0000287,2507566902870339968,Low-Mass*
2MASS J03445758-0022534,3251570859057491712,Low-Mass*
2MASS J02124139-0113213,2494770442947690368,Low-Mass*
2MASS J07365884+3744379,899071448309362176,Low-Mass*
SDSS J173057.24+531334.7,1417578626338135936,Low-Mass*
2MASS J16061342+2239110,1206486481297416192,Low-Mass*
2MASS J11020261+3453396,761620743804205184,Low-Mass*
2MASS J13292502+0454475,3717727058672724736,Low-Mass*
SDSS J034220.78+004314.3,3269898102983242624,Low-Mass*
2MASS J00373525-0046169,2542920118712110848,Low-Mass*
2MASS J00163793-0040041,2545131133516383872,Low-Mass*
2MASS J16252089+1255343,4460229532949612288,Low-Mass*
[IHA2007] N2516-1-7-3219,5289992471227739264,Low-Mass*
2MASS J23245771+0047505,2645405807990744192,Low-Mass*
2MASS J00260094-0926535,2426657312514584704,Low-Mass*
2MASS J00301292-1844457,2363738348026136064,Low-Mass*
2MASS J03233740+0111355,3267593320452869760,Low-Mass*
2MASS J13331398+4357137,1549838403302520192,Low-Mass*
2MASS J10071266+2047006,628581662204592512,Low-Mass*
SDSS J114120.26+352031.1,4032141754483537664,Low-Mass*
2MASS J08145555+4415155,928214626771756160,Low-Mass*
2MASS J11593849+3832413,4033534079802111488,Low-Mass*
2MASS J10274141+3355438,749584355655601536,Low-Mass*
2MASS J10140809+3838594,802435062104099072,Low-Mass*
SDSS J081252.95+580138.7,1083160794655902592,Low-Mass*
SDSS J132658.25-023447.6,3637954298916841600,Low-Mass*
2MASS J16204236+3130106,1319219790746469248,Low-Mass*
2MASS J16102620+2059170,1204966651286491648,Low-Mass*
2MASS J14355364-0218136,3649245420045751040,Low-Mass*
2MASS J09401184+3248175,793991740515959936,Low-Mass*
SDSS J004248.54+003441.8,2549127480326334848,Low-Mass*
2MASS J23491907+0005484,2642301714867603840,Low-Mass*
SDSS J204602.71+004625.9,4228605309633021312,Low-Mass*
2MASS J12083440+1925323,3950958317014248192,Low-Mass*
SDSS J010751.00-001720.9,2533254449430982016,Low-Mass*
2MASS J12503581+0523533,3705864427720240000,Low-Mass*
2MASS J09230119+2530476,693669898711190400,Low-Mass*
2MASS J17053196+3115338,1310199706590034176,Low-Mass*
2MASS J10244724+3152346,748752265870978560,Low-Mass*
2MASS J00263450+0102516,2546966669395915648,Low-Mass*
2MASS J09184628+3012485,698862411093284096,Low-Mass*
SDSS J135802.19+010524.5,3660861726034487552,Low-Mass*
2MASS J09481295+4504413,821344806675601024,Low-Mass*
2MASS J15293540+1404368,1194648417560524160,Low-Mass*
SDSS J092611.44+345102.8,798351647717503104,Low-Mass*
2MASS J00100651+0032342,2546306477086831616,Low-Mass*
2MASS J14302446+4754167,1507184017934072832,Low-Mass*
2MASS J09203552+1954237,637334457661016448,Low-Mass*
2MASS J18581604+1835270,4517382143070807040,Low-Mass*
2MASS J10490991-0110551,3803091286027123328,Low-Mass*
2MASS J02501887-0100384,2497490256757044992,Low-Mass*
SDSS J131131.75+013657.2,3691338165425774720,Low-Mass*
SDSS J100043.58+065055.4,3874349500752210560,Low-Mass*
SDSS J124555.05+041826.0,3704137060592973056,Low-Mass*
2MASS J22540067-1011032,2605241606005157888,Low-Mass*
2MASS J00325877-0115039,2542609163079636736,Low-Mass*
SDSS J005200.34+005649.3,2537567764828443520,Low-Mass*
2MASS J20533516+7521272,2277892702081396992,Low-Mass*
2MASS J01001608-0031316,2536187705936099072,Low-Mass*
2MASS J16113470-2219442,6242845504314293504,Low-Mass*
2MASS J16403036+2113401,4564330778471110784,Low-Mass*
SDSS J053108.60-003302.0,3220722857747471104,Low-Mass*
2MASS J23511593-0037553,2641829783860564096,Low-Mass*
SDSS J074205.99+234608.7,867382354966218624,Low-Mass*
2MASS J07293546+4032384,900599052211110144,Low-Mass*
2MASS J09462966+0938321,3879103651591517056,Low-Mass*
2MASS J16235772+2350113,1302135952735085952,Low-Mass*
SDSS J024419.32+000457.7,2498610899624365952,Low-Mass*
2MASS J18512862+1752191,4511457910015010688,Low-Mass*
2MASS J13521407+1317334,3728747085760299520,Low-Mass*
2MASS J08481625+2919379,705318464197393024,Low-Mass*
2MASS J01483747+0026490,2509528809569591808,Low-Mass*
2MASS J00423939-0039280,2530971798868471424,Low-Mass*
2MASS J16202649+2731469,1305303546952047872,Low-Mass*
2MASS J03424733-0549406,3244670564597799040,Low-Mass*
2MASS J15445586+3938103,1377649178676090112,Low-Mass*
2MASS J07553594+2900424,875648625115857280,Low-Mass*
UPM J0054+0509,2552677670228493824,Low-Mass*
2MASS J11501396+4719056,786476063143611904,Low-Mass*
2MASS J09521443+2739132,647099774478519936,Low-Mass*
2MASS J10150523+3433124,752510705852671104,Low-Mass*
2MASS J00172873-0056057,2545107532671547136,Low-Mass*
SDSS J031814.47-000159.2,3265892341605304576,Low-Mass*
2MASS J02053685-0853442,2462958204301608576,Low-Mass*
SDSS J025630.50-000016.0,2498032487788363392,Low-Mass*
2MASS J02451742+0112145,2499299159543261696,Low-Mass*
2MASS J12184742+1850102,3950269060662968704,Low-Mass*
2MASS J11023855+3733149,763242729613895936,Low-Mass*
2MASS J02532322+0021242,2498255241972535168,Low-Mass*
2MASS J15194454+4841329,1588533722176680704,Low-Mass*
2MASS J16042274+2403239,1218928829754713472,Low-Mass*
2MASS J16351687+2313351,1298160359206834688,Low-Mass*
2MASS J04214586+2023446,49131681384221952,Low-Mass*
2MASS J12534976+0740006,3709553976426586240,Low-Mass*
[IHA2007] N2516-3-1-2445,5290698980468082816,Low-Mass*
2MASS J00235986+0056366,2546996940325350272,Low-Mass*
2MASS J05303974-0047019,3220709599184386304,Low-Mass*
2MASS J11012653+2607041,3996771912821826816,Low-Mass*
2MASS J12550836+5430574,1570318589780248064,Low-Mass*
SDSS J002153.85-003628.0,2542223994709100544,Low-Mass*
2MASS J15550578+4958570,1403116749897617664,Low-Mass*
SDSS J163219.49+200203.3,1297081433359952256,Low-Mass*
2MASS J00215976+0047535,2546909322992445440,Low-Mass*
2MASS J16381106+1341218,4461233868103327232,Low-Mass*
2MASS J02114510-0854345,2462253726585350784,Low-Mass*
2MASS J06513637+2908213,888375880228494720,Low-Mass*
2MASS J16035634+3155402,1322976444021511296,Low-Mass*
SDSS J110450.47+394355.7,776940548555719040,Low-Mass*
2MASS J16190565+1440318,4464760345489378560,Low-Mass*
2MASS J00510781+0110194,2537589896794224384,Low-Mass*
2MASS J00353400-0107026,2542509932155485952,Low-Mass*
2MASS J15232902+1236356,1170428306701839104,Low-Mass*
2MASS J09504746+3830443,800087536058976512,Low-Mass*
2MASS J16512343+3106010,1312928969328093952,Low-Mass*
2MASS J19311419+7850048,2294624314118869888,Low-Mass*
LSPM J1551+3817,1376532246660989568,Low-Mass*
2MASS J02180319+0019167,2501025461518798848,Low-Mass*
2MASS J10530517+0845213,3866216172722850816,Low-Mass*
2MASS J12401272+3019567,4011452793939541248,Low-Mass*
2MASS J01105454+0106384,2537973141020671104,Low-Mass*
SDSS J154947.11+201851.3,1204133461989838848,Low-Mass*
2MASS J16304206-0232224,4357777967185033856,Low-Mass*
2MASS J12352413+3749504,1519866674105436672,Low-Mass*
2MASS J01083591-0059149,2532955828944683520,Low-Mass*
2MASS J14172361+1752584,1233585113594411904,Low-Mass*
2MASS J11012438+5037187,833124252701232000,Low-Mass*
2MASS J00461608-0046350,2530919434626596480,Low-Mass*
2MASS J16570751+2428582,4572600063687374336,Low-Mass*
2MASS J09222111+1351195,594416430020329984,Low-Mass*
2MASS J15100205+5046070,1592734161537090688,Low-Mass*
2MASS J13473466+6637586,1672210572843980672,Low-Mass*
2MASS J23020322-0827546,2607345938117392256,Low-Mass*
2MASS J07215891+3130360,886894803706190720,Low-Mass*
2MASS J09085769+4533111,1009646927533366016,Low-Mass*
2MASS J15135823+0844352,1166705364625045376,Low-Mass*
2MASS J09222072+0217477,3844384166762697472,Low-Mass*
2MASS J05294502+0056218,3221919126398853376,Low-Mass*
2MASS J00380816+0019241,2543290757209841664,Low-Mass*
2MASS J00411317+1525476,2781278026112522752,Low-Mass*
2MASS J11531000+3825341,4034417095013414272,Low-Mass*
2MASS J14483611+4405580,1490604963134674816,Low-Mass*
2MASS J14050327-0241474,3645640396296039680,Low-Mass*
SDSS J082338.96+031843.0,3092017428214096256,Low-Mass*
2MASS J00330690+0032124,2544051687976009600,Low-Mass*
2MASS J00242157+0016105,2543817148401952512,Low-Mass*
SDSS J233342.84+475910.4,1938797543638996736,Low-Mass*
SDSS J103013.57+422904.1,828742664504971904,Low-Mass*
2MASS J22442118+1427048,2732335155787960320,Low-Mass*
2MASS J23494001+0059025,2643171978320658304,Low-Mass*
SDSS J122039.09+334703.3,4016938983300435200,Low-Mass*
2MASS J00143265-0943473,2428314242177695360,Low-Mass*
2MASS J01320781-0049022,2485695417568801664,Low-Mass*
2MASS J00315890+0033466,2544061416078223744,Low-Mass*
2MASS J00360362+0049144,2544129925099725056,Low-Mass*
2MASS J11192648+3913503,764419005192001920,Low-Mass*
Cl* NGC 2516    JTH    5878,5290670839842788608,Low-Mass*
2MASS J12023238+5712483,1575491865003607296,Low-Mass*
2MASS J10033718+1032096,3880156296535756032,Low-Mass*
2MASS J00220256-0101018,2542147578650985216,Low-Mass*
2MASS J07584665+1557194,667105830927336704,Low-Mass*
2MASS J15251117+1517366,1207112378291514112,Low-Mass*
SDSS J162022.60+220357.6,1298529627612016256,Low-Mass*
SDSS J101009.64+381423.3,802493370579651712,Low-Mass*
2MASS J23444896+1414254,2771051464168116096,Low-Mass*
2MASS J03321256-0049187,3263351816909315328,Low-Mass*
2MASS J11450149+3910138,766446779511133568,Low-Mass*
2MASS J13091067+6435562,1677896662867410304,Low-Mass*
2MASS J14470298+1822145,1236586436741228544,Low-Mass*
SDSS J125138.24+372657.4,1520537341838832768,Low-Mass*
2MASS J14324761+5716584,1610934652389912576,Low-Mass*
SDSS J120555.60-000914.7,3698716605707240448,Low-Mass*
2MASS J12481002+3715584,1520213363865742080,Low-Mass*
2MASS J15555482+0343406,4425213764094146944,Low-Mass*
SDSS J220115.91-002607.8,2680316156870719616,Low-Mass*
2MASS J09255494+4235445,814541410977288192,Low-Mass*
2MASS J03032874+0026110,3266640181310432384,Low-Mass*
2MASS J15074031+4834547,1589079934641815168,Low-Mass*
SDSS J032250.39-003634.9,3262774882543481600,Low-Mass*
2MASS J00342747+0015216,2543981392247655680,Low-Mass*
DENIS J222644.3-750342,6357834388848708224,Low-Mass*
SDSS J080247.60+161455.2,655213547522435200,Low-Mass*
2MASS J00172937-0036293,2545154605513386368,Low-Mass*
2MASS J12501162+1459514,3930971708178440192,Low-Mass*
2MASS J00520882-0002131,2536872014485781248,Low-Mass*
2MASS J23220178-0051246,2644774482157854208,Low-Mass*
2MASS J12071075+2043259,3951711929155885056,Low-Mass*
SDSS J204450.39-064143.0,6907294532893125376,Low-Mass*
2MASS J13053628+6158199,1675668468193691648,Low-Mass*
2MASS J12331956+1912540,3947954764781686016,Low-Mass*
2MASS J10524573+2646405,730114448563691392,Low-Mass*
2MASS J10054869+0302505,3836602063979780224,Low-Mass*
LSPM J0325+0054,3267522990363515392,Low-Mass*
2MASS J13203438+5032005,1556607409200112640,Low-Mass*
2MASS J00401633+0043107,2543334222278628736,Low-Mass*
PM J02490-1029,5172820918669419520,Low-Mass*
SDSS J103934.09+065105.6,3862551603547055744,Low-Mass*
2MASS J15422824+3500237,1371299739542755072,Low-Mass*
2MASS J22085817-0046049,2677286521300193280,Low-Mass*
SDSS J120303.24+612042.8,1582421945058875136,Low-Mass*
2MASS J00363412+0020091,2543258566431303296,Low-Mass*
2MASS J10174738+1905077,624295387922759552,Low-Mass*
2MASS J08161085+2039580,675759060454472320,Low-Mass*
2MASS J21295740+0044493,2688009959421856384,Low-Mass*
2MASS J11080203+2338493,3995279252773169920,Low-Mass*
2MASS J09511476+5423331,1020959974467448448,Low-Mass*
2MASS J14144227-0117111,3647491187897662720,Low-Mass*
2MASS J12191030+1843149,3947261930720767232,Low-Mass*
2MASS J01222535-0113108,2533471602977590656,Low-Mass*
2MASS J13111685-0129065,3685786421979619712,Low-Mass*
SDSS J004600.00-001139.7,2537009011058123264,Low-Mass*
2MASS J00382447+0055594,2543396589499332992,Low-Mass*
2MASS J01184384-0256406,2483700323655945472,Low-Mass*
2MASS J07494551+1300373,3152265481393559808,Low-Mass*
2MASS J08254768+0649250,3093956348251048832,Low-Mass*
SDSS J135515.23+353923.7,1483126767941327872,Low-Mass*
SDSS J010649.69+010837.8,2538105529092571904,Low-Mass*
2MASS J14551441+0904285,1173810988586498176,Low-Mass*
2MASS J00253725-0109456,2541918914591899136,Low-Mass*
2MASS J00530048+0016226,2536918949888061696,Low-Mass*
SDSS J162852.12+100325.5,4458637538894682240,Low-Mass*
2MASS J10461720+0706129,3865540698922177792,Low-Mass*
2MASS J03260628+0036493,3264497679824164736,Low-Mass*
2MASS J10184157+2127358,625966435143503616,Low-Mass*
2MASS J15464408+4032069,1377806821155744256,Low-Mass*
SDSS J064032.41+372348.8,943888542983280768,Low-Mass*
SDSS J154742.09+413521.0,1384043830928497408,Low-Mass*
2MASS J09442748+3107043,792763929624557696,Low-Mass*
2MASS J12013714+2039413,3999414928321817472,Low-Mass*
FASTT 1500,2680617461711806464,Low-Mass*
2MASS J02264704+2504215,103036849547051904,Low-Mass*
Cl* Melotte   20     AP     323,249299143316055680,Low-Mass*
Cl* Melotte   22    SHF      16,65217605216685568,Low-Mass*
2MASS J14230666+1311215,1227593775950952064,Low-Mass*
2MASS J12450093+2945498,3963160559620699520,Low-Mass*
2MASS J08333290+0902188,599592106130650496,Low-Mass*
2MASS J23525058+0113573,2643252689347101952,Low-Mass*
[IHA2008] N2547-2-6-4226,5514345967754802432,Low-Mass*
2MASS J16351472+3729236,1331396534130039680,Low-Mass*
SDSS J081733.66+373131.1,907742231363680000,Low-Mass*
2MASS J16112399-2253326,6242626838939418880,Low-Mass*
SDSS J091440.95+323107.8,701733751350054144,Low-Mass*
2MASS J16095695-2212027,6242864814487487488,Low-Mass*
2MASS J13570816+5327543,1561104892793990912,Low-Mass*
2MASS J23262255+0101539,2645437139777189632,Low-Mass*
SDSS J202035.47+763117.6,2290213593160855040,Low-Mass*
2MASS J12070722+5334552,1549144469730472448,Low-Mass*
2MASS J12133454+0057339,3699309659086946944,Low-Mass*
2MASS J01365097+0006341,2509870001772006144,Low-Mass*
2MASS J09483595+4656421,821789563425162496,Low-Mass*
[BHR2005] 513-57,1263233552012823808,Low-Mass*
2MASS J07541148-6107444,5290689802120752896,Low-Mass*
2MASS J15283318+5847567,1603080256716354560,Low-Mass*
2MASS J03312925+0049560,3264838562788445952,Low-Mass*
2MASS J00260212-0020508,2543699912973919360,Low-Mass*
2MASS J20402839-0108337,4226312140695983232,Low-Mass*
2MASS J15462284+0448389,4426290873174551552,Low-Mass*
2MASS J08470936+1729257,659855518109664384,Low-Mass*
2MASS J13090400+3916096,1523944419135625216,Low-Mass*
2MASS J14320601+0723242,1172491196673940096,Low-Mass*
2MASS J03352372-0034548,3263330067195330560,Low-Mass*
2MASS J00494341+0108454,2549223721953321984,Low-Mass*
2MASS J08333076+1119538,602398923094357760,Low-Mass*
2MASS J02433635+0032228,2498848462855203328,Low-Mass*
2MASS J13204140+6245034,1664024953588772736,Low-Mass*
2MASS J15360239+5623025,1601303347141440128,Low-Mass*
2MASS J01562519+0032540,2507891602396063104,Low-Mass*
2MASS J11134800+3907213,765119909494855168,Low-Mass*
SDSS J053040.70+004721.4,3221159844900644224,Low-Mass*
2MASS J22102672+0032137,2678936922613231872,Low-Mass*
2MASS J00490429+0032556,2537153283303648128,Low-Mass*
2MASS J22184675-0041486,2677845592898349312,Low-Mass*
2MASS J09365027+5510473,1021699125453892096,Low-Mass*
SDSS J033120.23+000025.4,3264182639678614144,Low-Mass*
2MASS J01191461+0043263,2535072015166565248,Low-Mass*
2MASS J09383721+0338390,3850769477464168192,Low-Mass*
2MASS J08130272+1806045,657297401230790016,Low-Mass*
2MASS J10384380+2954353,735387087855377280,Low-Mass*
2MASS J00380030+0054126,2544146765667173888,Low-Mass*
SDSS J090452.82+575356.6,1036794866053250688,Low-Mass*
SDSS J173049.54+320123.9,4601636516510641792,Low-Mass*
[IHA2007] N2516-3-7-2046,5290731824080257024,Low-Mass*
2MASS J13215047+2015458,3940230936112987136,Low-Mass*
2MASS J09171728+2123371,638443349497860992,Low-Mass*
SIPS J0332-2317,5086590967645571584,Low-Mass*
2MASS J00314795+0101272,2544293069434510208,Low-Mass*
SDSS J150408.68+163758.0,1187554609053597056,Low-Mass*
2MASS J00210960-0031288,2542238906835548544,Low-Mass*
2MASS J00192341-0054501,2542126309972112768,Low-Mass*
2MASS J14010467+2210268,1250561538769508864,Low-Mass*
2MASS J08341656+2556551,702925656314377984,Low-Mass*
2MASS J01144908-0109392,2533641791057067904,Low-Mass*
2MASS J09345510+0904273,588205018252169728,Low-Mass*
SDSS J204158.74-005950.7,4226271841019122048,Low-Mass*
2MASS J13000694+3207162,1467139495212945664,Low-Mass*
2MASS J07164560+3052248,886748809177993344,Low-Mass*
2MASS J07593308+3318530,881476238605721728,Low-Mass*
SDSS J152305.09+263120.1,1270491389612075904,Low-Mass*
LP   97-644,1609904826606673152,Low-Mass*
SDSS J125429.13+543002.0,1570307732102912896,Low-Mass*
SDSS J204150.24+004308.6,4228275009469751296,Low-Mass*
SDSS J105404.75+471848.1,831393758837959552,Low-Mass*
2MASS J00244037-0059524,2541983167302605184,Low-Mass*
2MASS J01360539+0045322,2510161784670331904,Low-Mass*
2MASS J08523524+2015310,660864938504861568,Low-Mass*
2MASS J23333038+4647215,1938491849345607296,Low-Mass*
2MASS J07560854+1821497,668429711646652032,Low-Mass*
2MASS J16160651+2817581,1317599076247580672,Low-Mass*
[BHR2005] 890-15,2703126938633547520,Low-Mass*
[DBM2014] 1339,3222242176659559808,Low-Mass*
2MASS J01203488-0056142,2533543212967616000,Low-Mass*
2MASS J22053624+0029190,2681970337754875008,Low-Mass*
2MASS J10513805+3345067,738151633749876736,Low-Mass*
2MASS J14101669+1240346,1226584179463491968,Low-Mass*
2MASS J00352772-0005563,2543201112652205568,Low-Mass*
LSPM J1323+5223,1562909844210208128,Low-Mass*
2MASS J14422396+3706113,1486374317267708288,Low-Mass*
2MASS J00235761-0014107,2543760184251482880,Low-Mass*
2MASS J15321503+1648555,1207708764565751808,Low-Mass*
2MASS J11012447+3827075,775351582450907392,Low-Mass*
2MASS J01232947-0035530,2533921956068595584,Low-Mass*
LSPM J0253+2713,116297651268418304,Low-Mass*
SDSS J212749.82+010606.9,2688083725485014144,Low-Mass*
2MASS J00495695+0004039,2536985058024558464,Low-Mass*
2MASS J00243992+0002341,2543775336896125056,Low-Mass*
2MASS J15062213-0240118,6339500406116857728,Low-Mass*
2MASS J13163938+0047173,3688175828249784064,Low-Mass*
2MASS J12351726+3158155,4012608930416484480,Low-Mass*
2MASS J12325601+2415339,3959211427386800128,Low-Mass*
2MASS J19073774+3847169,2100367139508069120,Low-Mass*
SDSS J015033.03-001156.0,2509225142497377536,Low-Mass*
2MASS J12380627+5602408,1571620553280787840,Low-Mass*
SDSS J095208.10+473800.5,821835738617513088,Low-Mass*
2MASS J10113292+2614409,738848174365702016,Low-Mass*
2MASS J15450452+0532502,4429402418065842048,Low-Mass*
2MASS J14262469-5541035,5892745879453701376,Low-Mass*
SDSS J073402.12+283507.8,873319515889849984,Low-Mass*
SDSS J110014.52+453029.3,783135991634697216,Low-Mass*
2MASS J17111931+2302325,4568645640056578304,Low-Mass*
2MASS J08540601+3814527,719575526533673856,Low-Mass*
2MASS J01500159-0036576,2506205295156403072,Low-Mass*
SDSS J052822.20-011541.2,3220295285163652736,Low-Mass*
SDSS J135450.07+414207.5,1498934171737267328,Low-Mass*
2MASS J16555327+2003085,4561532246501313792,Low-Mass*
2MASS J14394095-0128031,3649769612214428672,Low-Mass*
2MASS J01242217+3731262,323142039293297280,Low-Mass*
DENIS J161103.6-242642,6049856058015342848,Low-Mass*
2MASS J09433932+2120296,640012180792525568,Low-Mass*
2MASS J20504998+0056365,4228482443504484992,Low-Mass*
2MASS J16245866+2003190,1201249168113238912,Low-Mass*
2MASS J08310692+3744004,910926318253363072,Low-Mass*
SDSS J233051.04+001717.4,2644620653609211520,Low-Mass*
2MASS J12411479+2203591,3955512498472832128,Low-Mass*
2MASS J09492925+4727210,821853403817828864,Low-Mass*
2MASS J02451555+0102463,2499248547648611456,Low-Mass*
2MASS J12433017-0249129,3682216857480037376,Low-Mass*
2MASS J10282670+2213237,721911091092841728,Low-Mass*
2MASS J01200155+0025203,2535003806790365952,Low-Mass*
SDSS J090840.37+473412.4,1012342418941948928,Low-Mass*
2MASS J09071792+0807185,590276974900614144,Low-Mass*
2MASS J10115453+0149312,3835463588408858752,Low-Mass*
2MASS J09132074+2138121,638685963610008064,Low-Mass*
2MASS J09234171+4549411,819178150293591168,Low-Mass*
2MASS J06041298+2202238,3423641714385109504,Low-Mass*
2MASS J01030347+0027202,2536552194040217344,Low-Mass*
2MASS J00072949+0003570,2545887563156458368,Low-Mass*
2MASS J00544999+0023187,2537287458081891456,Low-Mass*
2MASS J12384300+4935221,1544354760858943616,Low-Mass*
2MASS J21480829+0032014,2681282249634255232,Low-Mass*
2MASS J09183965+6312457,1040322378528025088,Low-Mass*
SDSS J033908.13+003742.3,3263926243015728384,Low-Mass*
PM J11298-2146,3541351963215841408,Low-Mass*
2MASS J17095997+2217402,4568208854767639552,Low-Mass*
LSPM J0847+0300,581061388127726592,Low-Mass*
2MASS J12190996+6358298,1584741330477773184,Low-Mass*
2MASS J08141976+3215177,901230064510428416,Low-Mass*
UGCS J084956.26+205300.0,661708710598519168,Low-Mass*
2MASSI J0417374-080000,3192982561632526208,Low-Mass*
2MASS J08271358+2507194,679521520525180032,Low-Mass*
[BHR2005] 262-5,820474959835506944,Low-Mass*
2MASS J15124696+4313031,1393517502286354048,Low-Mass*
2MASS J00570456+1524043,2778275981411659904,Low-Mass*
2MASS J01044861+0046443,2538066633868591488,Low-Mass*
2MASS J12120245+5207277,1548737792164615808,Low-Mass*
SDSS J150639.84+010341.9,4420078044066312832,Low-Mass*
SDSS J155342.86+563747.2,1622512578548967552,Low-Mass*
2MASS J13101810+4607593,1553859519187156224,Low-Mass*
2MASS J01185127-0052533,2533711674469730432,Low-Mass*
SDSS J104051.01+163928.0,3886592803244951424,Low-Mass*
2MASS J23370754-0012246,2641356852126033664,Low-Mass*
2MASS J22090362+6845486,2223230795043053056,Low-Mass*
2MASS J09145731+0558081,580598317640437632,Low-Mass*
2MASS J08530505+2232061,686172358985479424,Low-Mass*
2MASS J01063956-0853314,2474815303335767552,Low-Mass*
SDSS J092202.37+130226.8,594042939664435456,Low-Mass*
2MASS J23194696+5136270,1992288376314475392,Low-Mass*
2MASS J00383006+0104552,2544155901062186880,Low-Mass*
2MASS J20405067+5639562,2184199918964460672,Low-Mass*
SDSS J083543.98+234628.2,666467186472334080,Low-Mass*
2MASS J15543357+0415009,4425306977769782016,Low-Mass*
SDSS J170813.29+350908.2,1338232335360186880,Low-Mass*
2MASS J00490069+0111082,2549233754996952448,Low-Mass*
2MASS J07280361+1515112,3168385004755054080,Low-Mass*
2MASS J01280421-0054404,2485823274450804608,Low-Mass*
2MASS J13570979-0159426,3657933829647137664,Low-Mass*
2MASS J21460064+0108026,2693383543329748480,Low-Mass*
2MASS J16381348+2511276,1300694870948548992,Low-Mass*
2MASS J22260336-0003321,2678171422001713152,Low-Mass*
2MASS J15122535+5955541,1615825245750276736,Low-Mass*
2MASS J10283135+4902412,835137978183547264,Low-Mass*
2MASS J00173385+0032165,2545573382005192960,Low-Mass*
2MASS J11300066+6002033,859186874463367808,Low-Mass*
2MASS J03074593+0007273,3266464225090388608,Low-Mass*
2MASS J09460196+3431001,794755591859656320,Low-Mass*
2MASS J23443089-0055432,2641748072107274880,Low-Mass*
2MASS J00511876-0032151,2536712379140645632,Low-Mass*
SDSS J121241.59+403953.4,1536185075929135872,Low-Mass*
2MASS J00324370+0026484,2544044300632232960,Low-Mass*
2MASS J00113803-0006518,2545092002069844352,Low-Mass*
2MASS J03292012-0113296,3263230114716455680,Low-Mass*
2MASS J00505394+0020512,2537089923945688704,Low-Mass*
2MASS J09131439+4024093,815391814501704832,Low-Mass*
2MASS J18070621-0625471,4171383636445972096,Low-Mass*
2MASS J01240486+0047003,2534371759403549184,Low-Mass*
2MASS J00265605-0113119,2541909289568992128,Low-Mass*
SDSS J153059.01+064752.7,1162639881726352640,Low-Mass*
2MASS J16431831+2756292,1310596561568648704,Low-Mass*
2MASS J03045174+0016410,3266677564705366016,Low-Mass*
2MASS J16395224+1256210,4460944417368866432,Low-Mass*
2MASS J06075577+2412190,3426272399032197376,Low-Mass*
2MASS J00071948+0114443,2546589807489137024,Low-Mass*
2MASS J00005383-0003563,2546030087350976128,Low-Mass*
2MASS J09014100+2225390,686271899147279616,Low-Mass*
2MASS J09062875+3335149,712613930006706816,Low-Mass*
2MASS J22422461+2200032,2836514123038551808,Low-Mass*
2MASS J00544229-0110160,2535864041496569984,Low-Mass*
2MASS J00383892-0107188,2542474580281157632,Low-Mass*
SDSS J232916.92+532154.7,1992557443132876288,Low-Mass*
2MASS J01171934+0053379,2535256836199343616,Low-Mass*
SDSS J084736.16+154313.7,610005993073593856,Low-Mass*
2MASS J09262422+5519424,1024856510532262400,Low-Mass*
2MASS J09123427+2535071,688557994274936704,Low-Mass*
2MASS J14264859+4842286,1507471226691096192,Low-Mass*
2MASS J03011446-0028067,5188072588056195968,Low-Mass*
SDSS J201038.13+781240.2,2291389825788814848,Low-Mass*
2MASS J23385778+4328027,1925657177097476864,Low-Mass*
2MASS J10433894+3716438,751765477487220992,Low-Mass*
2MASS J09420984+1928271,633541520502602496,Low-Mass*
2MASSW J0335020+234235,68012529415816832,Low-Mass*
2MASS J12282411+3500238,1518898176160274176,Low-Mass*
2MASS J06003519+2323150,3424661099102152832,Low-Mass*
2MASS J09292272+5405157,1020061024927109888,Low-Mass*
2MASS J16340494+3625338,1327949122796770176,Low-Mass*
SDSS J094121.41+212854.7,640689170719129344,Low-Mass*
Cl* NGC 2099    HGH V583,3451218599881170560,Low-Mass*
2MASS J23044276+0022200,2652073310927487232,Low-Mass*
SDSS J235551.37-010917.4,2449773689789504896,Low-Mass*
SDSS J084044.73+625544.7,1042552321253436672,Low-Mass*
LSPM J1234+0008,3696895200272543488,Low-Mass*
2MASS J20383180+0008076,4228137265574718848,Low-Mass*
2MASS J07353948+2830353,872570434939175936,Low-Mass*
2MASS J00364882-0039122,2542562266333433856,Low-Mass*
2MASS J16311734+3057551,1324127804495062144,Low-Mass*
2MASS J16062597+0858257,4451751576742313600,Low-Mass*
2MASS J08235092+0755437,599263317794110464,Low-Mass*
2MASS J23454566+1512103,2771685714874123392,Low-Mass*
2MASS J13190421+6046474,1663397304248110208,Low-Mass*
2MASS J12195023+2155018,3953208849813384320,Low-Mass*
2MASS J01430101-0026351,2508992625852527744,Low-Mass*
Cl* NGC 2547    OJD      66,5514349403724200192,Low-Mass*
2MASS J00280230+0011351,2543837081345895680,Low-Mass*
2MASS J12533043+2057259,3942732393785897216,Low-Mass*
SDSS J164504.48+302318.1,1311510427528142592,Low-Mass*
2MASS J14104045+4846096,1507999546322455936,Low-Mass*
2MASS J00292778-0112306,2542642565041455104,Low-Mass*
2MASS J23313795-0041326,2644210089095518592,Low-Mass*
SDSS J162720.65+264127.4,1305059588514547840,Low-Mass*
2MASS J07543917-6050581,5290731755360551680,Low-Mass*
2MASS J12264693+4008302,1533096174104831872,Low-Mass*
2MASS J07493614+2346555,675392442045852800,Low-Mass*
2MASS J10042146+2104215,628660616589704192,Low-Mass*
2MASS J00493267+1437435,2777941592437834880,Low-Mass*
SDSS J012347.91-000440.8,2534164054784777472,Low-Mass*
2MASS J11353782+5148080,839961290880364672,Low-Mass*
2MASS J09172200+2207459,638622123216666880,Low-Mass*
2MASS J23411076-0022183,2642778211422882944,Low-Mass*
SDSS J211250.73-005732.0,2688894035489645952,Low-Mass*
2MASS J00345924+0100135,2544183560651340544,Low-Mass*
2MASS J03342736+0008347,3263799077623968896,Low-Mass*
2MASS J16025793+1015165,4455102265413892096,Low-Mass*
2MASS J08320031+3209508,710549017104491776,Low-Mass*
[BHR2005] 832-26,596798591393792,Low-Mass*
2MASS J10012517+3706292,796761380245020032,Low-Mass*
2MASS J03192542-0049233,3262709775133732608,Low-Mass*
2MASS J09324228+1909577,633307152727520640,Low-Mass*
SDSS J141218.96+440902.9,1504706199759933696,Low-Mass*
2MASS J09503920+1830245,627134945420766464,Low-Mass*
SDSS J100834.77+124209.3,3881597069084934400,Low-Mass*
2MASS J14571887+5813391,1614069811012433536,Low-Mass*
2MASS J23493759+0039552,2643110062072114432,Low-Mass*
SDSS J232305.79+535248.7,1995820346964432000,Low-Mass*
2MASS J18045601+7828585,2293839541990174976,Low-Mass*
2MASS J08471452+3038454,706581154518898560,Low-Mass*
SDSS J084947.62+385640.7,719834800823287552,Low-Mass*
2MASS J13162395+2730042,1459979608635341696,Low-Mass*
2MASS J23283384+0104151,2645474974144192000,Low-Mass*
2MASS J10563351+6058364,861810957746903040,Low-Mass*
2MASS J00504399-0058553,2536659911820409216,Low-Mass*
2MASS J15160213+4352428,1395060834358567424,Low-Mass*
2MASS J14493079+5653239,1613517611361611392,Low-Mass*
2MASS J03474631+0009410,3257622124378326272,Low-Mass*
2MASS J08014535+1258497,653318985907345024,Low-Mass*
2MASS J13465129+0505277,3714229447760112128,Low-Mass*
2MASS J10430272+2803363,734150549591144576,Low-Mass*
2MASS J07355510+2808167,872541164736211712,Low-Mass*
2MASS J16321124+1302030,4460418339711964672,Low-Mass*
2MASS J13042135+4923005,1555598469843171200,Low-Mass*
2MASS J00245117-0015259,2543711152904860032,Low-Mass*
2MASS J00191522-0106238,2542087071150900736,Low-Mass*
2MASS J10530934+0156066,3808324171101322240,Low-Mass*
2MASS J21124241+0930105,1743814897509376128,Low-Mass*
2MASS J11003546+3629562,762704797844653568,Low-Mass*
2MASS J10051795+3625097,801733779843895552,Low-Mass*
2MASS J00511196-0009561,2536787218946384640,Low-Mass*
SDSS J161827.68+152140.7,4464881635366110976,Low-Mass*
SDSS J080054.73+170539.9,667344120010227328,Low-Mass*
2MASS J12214223-4012050,6149997622863741568,Low-Mass*
2MASS J12305673+3649318,1519709894914992768,Low-Mass*
2MASS J08325345+2100114,665417913075734016,Low-Mass*
GES J08024318-6053051,5290004875095149184,Low-Mass*
SDSS J205626.37+004733.4,1729681805109485824,Low-Mass*
2MASS J13261625+5640448,1565473389928367872,Low-Mass*
2MASS J10595150+3621384,762704930988512768,Low-Mass*
2MASS J08374716+3057338,709429881771137792,Low-Mass*
2MASS J11173878+3709255,763582891023488896,Low-Mass*
2MASS J01362888+0016547,2510065268164802304,Low-Mass*
SDSS J232439.65+521857.8,1992439417424123648,Low-Mass*
2MASS J01261434+0104352,2558400417797201280,Low-Mass*
2MASS J23462832+0057456,2643348102043711872,Low-Mass*
2MASS J10025396+3507172,795514770278409728,Low-Mass*
2MASS J16335763+0017170,4383527189480249600,Low-Mass*
2MASS J22061798-0028063,2677349335196885504,Low-Mass*
2MASS J02454751-0102166,2497638381589323776,Low-Mass*
SDSS J101751.86+523216.9,848356268317033600,Low-Mass*
2MASS J00300050+0003177,2543635561480657792,Low-Mass*
2MASS J00062966+0114272,2546599222057446528,Low-Mass*
2MASS J00183624-0040142,2545139242414223104,Low-Mass*
2MASS J22095070-0055441,2677093453930341248,Low-Mass*
2MASS J07303320+4129464,900701336856671744,Low-Mass*
SDSS J102503.20+284533.3,729398181162784384,Low-Mass*
2MASS J00065962-0521273,2444390339126541568,Low-Mass*
2MASS J08571003+1402517,608696337286185088,Low-Mass*
2MASS J21123141+0033055,2690381601708172416,Low-Mass*
2MASS J01490295-0047073,2506103315453018880,Low-Mass*
2MASS J15560629+0350220,4425217440586332160,Low-Mass*
2MASS J00495897+0026121,2537106863297069952,Low-Mass*
SDSS J153954.11+193133.0,1210015844902886016,Low-Mass*
2MASS J10101878+3756336,802485158602452352,Low-Mass*
SDSS J171026.09+645155.5,1632213161620735232,Low-Mass*
CRTS J140556.0+014031,3661329881763580928,Low-Mass*
2MASS J09312469+0901559,588236148174917376,Low-Mass*
2MASS J00185334-0001065,2545321628202116480,Low-Mass*
2MASS J00210037-0105522,2542064015766502528,Low-Mass*
SDSS J024811.09+001405.5,2498953466215821696,Low-Mass*
SDSS J223944.84-000631.7,2653928981610822144,Low-Mass*
2MASS J23383923+4648486,1939193028526677504,Low-Mass*
SDSS J201031.94-010752.5,4224193111209251840,Low-Mass*
SDSS J003347.96+002746.4,2544003863516500480,Low-Mass*
2MASS J08543839+1746319,611895538165765632,Low-Mass*
2MASS J09191443+3448107,702418330481074688,Low-Mass*
2MASS J00363158+0100100,2544139923783792768,Low-Mass*
SDSS J234515.65+463701.7,1939000094298592768,Low-Mass*
SDSS J032636.17+002553.9,3264481397603691904,Low-Mass*
SDSS J081540.51+114934.8,649063257435086080,Low-Mass*
2MASS J00552525+0040075,2537302507647463552,Low-Mass*
2MASS J13392046+3614235,1472190200657930368,Low-Mass*
SDSS J130520.33+443917.3,1529852099409249536,Low-Mass*
2MASS J23495849+0024072,2643086834888971904,Low-Mass*
SDSS J103038.85+305205.6,747706016132533760,Low-Mass*
SDSS J223713.44+002955.9,2654210624091540352,Low-Mass*
2MASS J12035255+2756377,4007027706314841728,Low-Mass*
SIPS J1614-1250,4342069725597521920,Low-Mass*
2MASS J23351273+4638146,1939926639002738560,Low-Mass*
2MASS J09150929+0513547,579773374679675776,Low-Mass*
2MASS J00293652-0040335,2543450499929428224,Low-Mass*
2MASS J15041622+0301137,1154003630207492480,Low-Mass*
2MASS J01322618-0903355,2477024497073903872,Low-Mass*
2MASS J01102762+0020156,2534814282769093504,Low-Mass*
2MASS J04394823-0536192,3200301392062704384,Low-Mass*
2MASS J09124286+0825319,590209251855843712,Low-Mass*
2MASS J08244274+1748351,662133804987464320,Low-Mass*
2MASS J01204376-0036336,2533745969783914624,Low-Mass*
2MASS J00515438-0100593,2535911694157260928,Low-Mass*
2MASS J02225688-0940083,5175982534290951168,Low-Mass*
2MASS J00361805+0041258,2544113157547389952,Low-Mass*
SDSS J163810.13+205012.5,4564223782246583040,Low-Mass*
SDSS J211941.73+002257.1,2689486255647762944,Low-Mass*
LP  258-25,710940752482502656,Low-Mass*
2MASS J03212455-0655521,5169591485515770624,Low-Mass*
SDSS J011617.79+155200.0,2591648378110915968,Low-Mass*
2MASS J10281903+4520463,830186087051083904,Low-Mass*
2MASS J15205562+3908137,1388869042001917696,Low-Mass*
SDSS J032804.57-005330.1,3264004342700995072,Low-Mass*
2MASS J03204871-0113226,3262631675448509312,Low-Mass*
SDSS J091910.02+301636.2,698885737059855872,Low-Mass*
2MASS J00184326-0101096,2542101257427158656,Low-Mass*
2MASS J00215853+0020537,2546810328290209536,Low-Mass*
2MASS J23463886+1341592,2770118361048816768,Low-Mass*
SDSS J231632.62-001608.0,2645090896692978176,Low-Mass*
2MASS J01502862+0056075,2511053900916987648,Low-Mass*
SDSS J080603.49-073639.5,3063861065732732288,Low-Mass*
2MASS J14181105+1905452,1239910500914508800,Low-Mass*
SDSS J145731.06+395736.4,1296783878022816128,Low-Mass*
2MASS J00312512+0002012,2543607622717410944,Low-Mass*
2MASS J11192731+2747544,3998003739510394496,Low-Mass*
SDSS J075246.31+382429.0,919289272414517248,Low-Mass*
2MASS J00461925+0015351,2537039247627186816,Low-Mass*
SDSS J163317.33+351452.3,1327727841785254144,Low-Mass*
2MASS J13280500+1558090,3745139910777726080,Low-Mass*
SDSS J073203.71+401406.9,900381997448211584,Low-Mass*
2MASS J00475576-0013559,2536961178006053120,Low-Mass*
2MASS J12575768-0204085,3685481131409842688,Low-Mass*
2MASS J14374300+4620562,1494804822675240064,Low-Mass*
SDSS J081707.81+171808.3,656248020460001408,Low-Mass*
2MASS J00523439+0040425,2537126796240636416,Low-Mass*
SDSS J212940.62+005610.5,2688438043107648384,Low-Mass*
2MASS J15331273+1611327,1195597261732707584,Low-Mass*
2MASS J15560871+1105089,4456179718089722368,Low-Mass*
2MASS J12432834+2412360,3956376194923050368,Low-Mass*
2MASS J10111013+2620324,738852645426733696,Low-Mass*
SDSS J083524.55+452540.4,918192917588042112,Low-Mass*
SDSS J204009.48-010523.3,4226313205847965312,Low-Mass*
2MASS J21580229-0031128,2680116011394780160,Low-Mass*
[BHR2005] 890-19,2682468176004349312,Low-Mass*
SDSS J052820.68+011235.4,3221989151546399616,Low-Mass*
[BHR2005] 513-27,1269073951620799744,Low-Mass*
2MASS J11362429+3805243,766133590496184320,Low-Mass*
SDSS J082102.23+192817.3,663389034949644288,Low-Mass*
2MASS J15350373+1848419,1209682525376407936,Low-Mass*
2MASS J10525105+5311469,837508280440780032,Low-Mass*
2MASS J15182606+3447119,1290883142715443840,Low-Mass*
2MASS J23232145+0029135,2645018535084825856,Low-Mass*
SDSS J114838.52+271109.6,4005950906474997120,Low-Mass*
2MASS J11543765+4635028,774291485738062976,Low-Mass*
2MASS J09311536+4152007,814225576261956352,Low-Mass*
2MASS J03305005-0008227,3264156144024799488,Low-Mass*
2MASS J02532168+3321531,136730425603882368,Low-Mass*
LSPM J0115+1634,2783946643912255744,Low-Mass*
2MASS J11035446+2740028,731861877482755968,Low-Mass*
2MASS J12463355-5314188,6075085730995657216,Low-Mass*
2MASS J00341865-0008304,2542839304607328640,Low-Mass*
2MASS J08340669+2049468,664649040915007872,Low-Mass*
SDSS J085056.22+463755.8,1013509855476108544,Low-Mass*
2MASS J11020678+6219443,1054100560598329216,Low-Mass*
SDSS J085047.56+175137.6,659937633590752512,Low-Mass*
SDSS J100826.73+430422.2,808526356521994880,Low-Mass*
SDSS J144511.72+095744.4,1174584598094144256,Low-Mass*
2MASS J01252223-0046541,2533877632005615872,Low-Mass*
SDSS J154906.56+485612.2,1403152763197590912,Low-Mass*
2MASS J09262859+6648026,1068325526642437376,Low-Mass*
2MASS J00294782-0015430,2543572545720477568,Low-Mass*
2MASS J10133912+4131340,805140895795039488,Low-Mass*
2MASS J11295713+2629379,4018425278208216832,Low-Mass*
SDSS J131711.93+312923.9,1463451522758630528,Low-Mass*
2MASS J00250997-0044428,2541996876838244096,Low-Mass*
2MASS J00211271+0049144,2546889802365185792,Low-Mass*
2MASS J16050196+3632588,1378385263055701248,Low-Mass*
2MASS J00202025+0049430,2547077200377680128,Low-Mass*
2MASS J03052234+0106487,3266797755070608512,Low-Mass*
2MASS J13464155+0922077,3725173299308322176,Low-Mass*
2MASS J09073118+2201272,685335252680087552,Low-Mass*
2MASS J12442202+3909373,1521678811001933952,Low-Mass*
2MASS J16191083+4958062,1423484859204813824,Low-Mass*
2MASS J11210125+4800118,788691102344363264,Low-Mass*
2MASS J14152518+4950196,1508523532334038784,Low-Mass*
2MASS J16515236+1253530,4449118413898094848,Low-Mass*
2MASS J11412051+3952191,767454271465230080,Low-Mass*
SDSS J033221.53-011155.3,3263183351112270976,Low-Mass*
SDSS J031300.76-003618.2,3265580836216704256,Low-Mass*
SDSS J204600.14-003125.7,4227895781035649024,Low-Mass*
* eta Tel B,6643602580510827392,Low-Mass*
SDSS J201946.22+772637.9,2290556778228220416,Low-Mass*
2MASS J12141251+0058050,3699312128692724992,Low-Mass*
2MASS J23263658+0002163,2644551620599962880,Low-Mass*
SDSS J090846.03+264251.0,692008497986776576,Low-Mass*
2MASS J17211316+6552232,1633780481086444032,Low-Mass*
2MASS J12024225-0139291,3602462475890200064,Low-Mass*
2MASS J14593990+4426481,1585801092184408576,Low-Mass*
2MASS J04134101+1433463,3311508433341609472,Low-Mass*
2MASS J14152866+5328522,1608287170124666752,Low-Mass*
[W96] pJ053902-0222,3216499633586770432,Low-Mass*
2MASS J15423263-0221090,4403594200101377024,Low-Mass*
SDSS J003824.46+003249.8,2543350852392308352,Low-Mass*
2MASS J00335204-0055192,2542712688971123072,Low-Mass*
SDSS J080448.10+305921.6,877755628696303104,Low-Mass*
2MASS J09040832+0441456,580162949688238464,Low-Mass*
2MASS J04110081+2717163,163033385145070464,Low-Mass*
SDSS J085403.28+212805.8,685780039494157824,Low-Mass*
SDSS J162858.99+371855.0,1331159142698102656,Low-Mass*
SDSS J135306.43+591338.5,1659258635106838656,Low-Mass*
2MASS J16335523+0100271,4431722563693865856,Low-Mass*
2MASS J14412742+5918058,1617237190478274176,Low-Mass*
2MASS J13023062+2007446,3941694278715225984,Low-Mass*
SDSS J132528.10+661330.3,1678322826702584192,Low-Mass*
2MASS J17025574+2444525,4572472829576557184,Low-Mass*
SDSS J084152.19+070112.7,595358161730381184,Low-Mass*
SDSS J000001.81+271218.4,2853592768433067904,Low-Mass*
2MASS J02540333+0007171,2498235966159149440,Low-Mass*
SDSS J083024.44+062051.1,595672660709884160,Low-Mass*
2MASS J08555855+0610436,583601534865053440,Low-Mass*
2MASS J00252631-0017045,2543704139221758336,Low-Mass*
2MASS J10111579+2506423,726703656120461952,Low-Mass*
SDSS J004613.17-003559.4,2530937885806744576,Low-Mass*
2MASS J10090164+2621169,739048594719647488,Low-Mass*
2MASS J03195564+0006152,3265921448598433280,Low-Mass*
2MASS J10075105+1653058,622433532483997440,Low-Mass*
2MASS J09411508+5932469,1050542678409921920,Low-Mass*
2MASS J17244735+5538366,1420480924717926912,Low-Mass*
2MASS J03155135+0011574,3266020022392805632,Low-Mass*
2MASS J12305511+3440278,1518127006192075136,Low-Mass*
2MASS J14290750+0815361,1175613363020389248,Low-Mass*
2MASS J14281454+0429035,3669049067570376960,Low-Mass*
LP  126-43,827829210865561216,Low-Mass*
2MASS J02423094-0059128,2498390310104032896,Low-Mass*
2MASS J16140679+1709234,1198764306194005120,Low-Mass*
2MASS J02295521+0032298,2500571947331837312,Low-Mass*
2MASSI J1127534+741107,1079194581335896960,Low-Mass*
2MASS J01172265-0051320,2533767577764059008,Low-Mass*
2MASS J00535965+0110269,2537554678062483840,Low-Mass*
2MASS J09332295+1240096,617076265157705856,Low-Mass*
2MASS J05295508+0112455,3221959881343059584,Low-Mass*
2MASS J16414502+2410480,1299820282464545664,Low-Mass*
2MASS J14580698+1825462,1188783759974404096,Low-Mass*
2MASS J15045048+5637284,1612944667019700736,Low-Mass*
SDSS J152958.57+065549.3,1162656271322008832,Low-Mass*
2MASS J02520507+0001377,2498148662359271552,Low-Mass*
SDSS J160546.15+255130.1,1315375790720258688,Low-Mass*
2MASS J09164489+3013255,699050045328467328,Low-Mass*
SDSS J162337.12+324535.1,1325511608596414208,Low-Mass*
SDSS J121247.76+615407.3,1582676864253861632,Low-Mass*
2MASS J08080422+1825561,668994280802814720,Low-Mass*
2MASS J02325300-0011077,2500276560956537984,Low-Mass*
2MASS J22091405-0049556,2677097474019749120,Low-Mass*
2MASS J13450106+4015450,1499896317426126336,Low-Mass*
2MASS J00241423-0028290,2542205440450476800,Low-Mass*
2MASS J00412045+0104091,2549392428268526976,Low-Mass*
2MASS J09310080+2825143,696115865407355136,Low-Mass*
2MASS J15294324+5608565,1601380136862202880,Low-Mass*
2MASS J09192265+3220000,701582877738557440,Low-Mass*
SDSS J095401.99+240147.7,642280851237291008,Low-Mass*
2MASS J05460612+0111521,3219850945027886080,Low-Mass*
2MASS J15390280+3105079,1273379261199072256,Low-Mass*
2MASS J11580171+0903249,3900071956808466048,Low-Mass*
SIPS J1324-3508,6166444736264225280,Low-Mass*
LSPM J0207+0124,2508198507874692992,Low-Mass*
2MASS J12545233+4247550,1528475613927833472,Low-Mass*
SDSS J021448.41-010401.1,2494858472597101184,Low-Mass*
SDSS J101940.35+444301.6,809125555999552128,Low-Mass*
2MASS J11394800+4208277,769376015927341696,Low-Mass*
2MASS J08270619+2600352,679716507743329920,Low-Mass*
2MASS J00440061-0000167,2543034953253096320,Low-Mass*
SDSS J163819.81+321629.8,1324767166211635200,Low-Mass*
SDSS J150437.07+165955.9,1187593160680145792,Low-Mass*
2MASS J07334107+4125129,924657809736739712,Low-Mass*
2MASS J23314305-0001106,2644504174096249216,Low-Mass*
2MASS J12540573+3558417,1516843979201976960,Low-Mass*
2MASS J12021217+3837595,4033898847079648640,Low-Mass*
2MASS J01414450+0032126,2510248199411895808,Low-Mass*
2MASS J00484742-0006416,2536975506017039232,Low-Mass*
SDSS J073411.06+415305.2,924707489621201920,Low-Mass*
2MASS J01064612+1533505,2783544149641883904,Low-Mass*
SDSS J093244.46+011259.8,3841339073604197888,Low-Mass*
2MASS J15462133+3338515,1370846672033475584,Low-Mass*
2MASS J17101250+5808376,1433926405737927552,Low-Mass*
2MASS J09592286+5132211,827367935668320256,Low-Mass*
2MASS J00251424-0055020,2541973958892757888,Low-Mass*
2MASS J10545215+3548035,762602474544471936,Low-Mass*
2MASS J08130502+0619090,3096624764189381504,Low-Mass*
SDSS J090015.04+452746.6,1010522138786389504,Low-Mass*
2MASS J10305401+1244367,3883852171728768640,Low-Mass*
2MASS J00210955-0016391,2545272695638015744,Low-Mass*
2MASS J16141154+0937223,4453166781352371328,Low-Mass*
2MASS J02254345-0034527,2500002881345217664,Low-Mass*
SDSS J161515.19+343727.6,1328973210503568896,Low-Mass*
2MASS J08335200+1138000,602516016786556928,Low-Mass*
SDSS J162140.51+312003.9,1319167250411680640,Low-Mass*
2MASS J10351507+4537413,830427945250140288,Low-Mass*
2MASS J22574327-0824202,2610023382076179200,Low-Mass*
2MASS J14450058+3902218,1487019730594764160,Low-Mass*
2MASS J01115135-0005009,2534724599556436864,Low-Mass*
2MASS J16235847+4952467,1423387208827866240,Low-Mass*
2MASS J15230727+4321442,1394004650361721984,Low-Mass*
SDSS J205225.17-010304.2,4226836161071315200,Low-Mass*
2MASS J09434275+1812120,621265065156817536,Low-Mass*
2MASS J00375200-0042117,2542922287671553280,Low-Mass*
2MASS J01121352+0000350,2534731505864137344,Low-Mass*
2MASS J13504359+1628449,1243517384381160704,Low-Mass*
SDSS J123331.49+032558.7,3706599691763621888,Low-Mass*
2MASS J01283695-0038536,2485924910556853504,Low-Mass*
2MASS J02525286+0100275,2499112792322850816,Low-Mass*
2MASS J22240618-0042366,2677985574472112000,Low-Mass*
2MASS J01310006+0046314,2558112487485061504,Low-Mass*
BPS CS 29520-0077,4677731349742482176,Low-Mass*
SDSS J030213.53+004544.5,146716082852736,Low-Mass*
2MASS J00320950+0054594,2544264379052991488,Low-Mass*
[BHR2005] 513-126,1264368076213946496,Low-Mass*
SDSS J021731.45-083815.7,2486149412792225792,Low-Mass*
2MASS J02340856+0101205,2502063026833300096,Low-Mass*
2MASS J01051373+1342345,2584919607467525888,Low-Mass*
SDSS J081620.92+361347.1,907515594528657664,Low-Mass*
2MASS J10204226+6215251,1051856869683154176,Low-Mass*
2MASS J00212790-0042130,2542215881514650112,Low-Mass*
2MASS J08303037+2911215,707705263423322240,Low-Mass*
2MASS J01145564-0050358,2533685904665567744,Low-Mass*
2MASS J00200578-0054383,2542119712902376320,Low-Mass*
2MASS J00361705+0030234,2543264849967380736,Low-Mass*
CRTS J210726.7-003230,2689825356198626688,Low-Mass*
2MASS J15503930+0612232,4429860678195499136,Low-Mass*
SDSS J165121.56+245555.1,1306066363206458240,Low-Mass*
SDSS J031736.91-001202.9,3265795313998905984,Low-Mass*
2MASS J10163177+3929113,803987370659698816,Low-Mass*
2MASS J09302465+5544476,1024894989144164864,Low-Mass*
SDSS J004318.05+003121.0,2549115798015265024,Low-Mass*
2MASS J12283338+3241449,4015752094858099840,Low-Mass*
SDSS J001053.97-001307.1,2545092341371888512,Low-Mass*
2MASS J16154999+0703361,4450293379511330432,Low-Mass*
2MASS J10015217+3824023,802900228536599680,Low-Mass*
2MASS J00073424+0049032,2546522913374208384,Low-Mass*
SDSS J155017.19+285000.2,1320686741119631232,Low-Mass*
SDSS J232019.54+001414.9,2645180919207460224,Low-Mass*
2MASS J00384523+0058430,2543397822154825600,Low-Mass*
2MASS J21143438+0925021,1743766622076819328,Low-Mass*
2MASS J11202759+6342535,1056112361935612928,Low-Mass*
2MASS J13194446+5623481,1565413943286878080,Low-Mass*
2MASS J01170076+0050364,2535256144709066240,Low-Mass*
2MASS J09553872+4418477,820269626037572224,Low-Mass*
2MASS J01220649+3805156,323417531379775616,Low-Mass*
2MASS J22275404+1422448,2734441884490579456,Low-Mass*
2MASS J00193979+0022082,2545370689612424192,Low-Mass*
2MASS J08000085+1718019,667365801005051392,Low-Mass*
2MASS J22255043-0008235,2678167711149886464,Low-Mass*
[IHA2007] N2516-1-7-2545,5289993437599803904,Low-Mass*
2MASS J00020050-0046500,2449667758717581952,Low-Mass*
LSPM J1304+1241,3737706696781587584,Low-Mass*
2MASS J09523039+3230387,793362579346380672,Low-Mass*
2MASS J12454782+1351335,3929306291659140992,Low-Mass*
SDSS J032138.21+001637.3,3267384104005429632,Low-Mass*
2MASS J21383922+0023551,2687408281747712256,Low-Mass*
SDSS J024656.71+000748.4,2498579082506671744,Low-Mass*
2MASS J10563427+2708559,730469689603739264,Low-Mass*
2MASS J00173990+0010014,2545340113741335680,Low-Mass*
[KJN2005] 1.02  156,3216492800293661312,Low-Mass*
2MASS J10095456+1456111,3888151468351966080,Low-Mass*
2MASS J00372587+0007558,2543193557806317184,Low-Mass*
2MASS J08024089+3515448,905773388291028352,Low-Mass*
2MASS J08201767+2522169,679449807454256128,Low-Mass*
2MASS J00464025+0020100,2537063471243452160,Low-Mass*
2MASS J00332809-0015109,2542831436227955456,Low-Mass*
2MASS J23135710+0027080,2657197997183589504,Low-Mass*
2MASS J12181253+3637041,4029521790073565568,Low-Mass*
2MASS J02112976-0050194,2494842907635330688,Low-Mass*
SDSS J001713.76-000125.7,2545330248199942016,Low-Mass*
SDSS J081503.16+091745.6,3098455996510104064,Low-Mass*
SDSS J002850.17-001636.0,2543528938916021888,Low-Mass*
2MASS J10471593+3001443,734884469307301760,Low-Mass*
2MASS J23233881+0025101,2645014858592804992,Low-Mass*
PSO J067.8671+30.5252,171175646705326976,Low-Mass*
2MASS J09482409+4236114,819701968801542016,Low-Mass*
2MASS J00314177-0023030,2543558252069735168,Low-Mass*
2MASS J07420590+4031441,923669791162579456,Low-Mass*
SDSS J125602.67+223050.8,3956443922259706624,Low-Mass*
2MASS J08545283+0313462,578124798728298240,Low-Mass*
2MASS J10274308+2105496,720977227763922432,Low-Mass*
2MASS J13011919+5216258,1557607552464092544,Low-Mass*
2MASS J16261896+3713526,1331182026283765632,Low-Mass*
2MASS J00183680-0104452,2542099779958377600,Low-Mass*
2MASS J16484286+1903437,4562869080841503488,Low-Mass*
SDSS J113617.79+570724.9,845762863985137280,Low-Mass*
2MASS J22240946-1852387,6821768338025389440,Low-Mass*
2MASS J05335973-0633098,3016758747806326656,Low-Mass*
SDSS J025721.25-003821.8,5188004899371181056,Low-Mass*
2MASS J23531731-0056099,2641946435173007232,Low-Mass*
SDSS J010815.37+000716.6,2534778613065639040,Low-Mass*
2MASS J15335002+4009154,1389500707136107520,Low-Mass*
SDSS J132428.24+151248.6,3743583895665592832,Low-Mass*
2MASS J15165303+1233118,1170265716419798784,Low-Mass*
2MASS J22474947+0028599,2653646918223761024,Low-Mass*
2MASS J22072862-0110075,2677249348358100096,Low-Mass*
2MASS J15295557+4150168,1390712368950476288,Low-Mass*
SDSS J053443.15-002140.3,3220785667349784832,Low-Mass*
2MASS J10494636+2808588,731560203275291520,Low-Mass*
2MASS J00210340-0102441,2542067206926423424,Low-Mass*
2MASS J08151407+1030117,648638403565088768,Low-Mass*
SDSS J023614.59-002814.4,2497205380166748800,Low-Mass*
2MASS J23532185+0006519,2642269588512400128,Low-Mass*
2MASS J00222970-0033403,2542246908358447616,Low-Mass*
2MASS J10164946+6028410,1048600013162212352,Low-Mass*
2MASS J10171734+2241383,725176370044641664,Low-Mass*
2MASS J10485800+5804343,854451071723309440,Low-Mass*
2MASS J21064498-0031445,2689837828783681152,Low-Mass*
2MASS J15301223+5928449,1603137195098468608,Low-Mass*
2MASS J12093697+0029256,3699220736084270592,Low-Mass*
SDSS J142752.30+601248.6,1618231526946969344,Low-Mass*
2MASS J00173638-0041203,2545149962652586112,Low-Mass*
2MASS J12473786+5007556,1567522020611784320,Low-Mass*
2MASS J12540722+3243106,1513967592359703808,Low-Mass*
2MASS J01410662+0029059,2510227171252263296,Low-Mass*
2MASS J13342106+4729483,1552336420704772608,Low-Mass*
2MASS J16334768+1219299,4459525845505675904,Low-Mass*
2MASS J23383386-0102321,2641041773325224832,Low-Mass*
2MASS J15251935+1537110,1207138869649412608,Low-Mass*
2MASS J10205125+4310183,805715356265380352,Low-Mass*
2MASS J10530792+6003253,861606659038317824,Low-Mass*
2MASS J03384364+0045416,3263966272110770304,Low-Mass*
2MASS J00240079-0039272,2542183961317223296,Low-Mass*
SDSS J021933.96+000257.2,2500955608172894848,Low-Mass*
2MASS J08251178+3200106,709259766706893568,Low-Mass*
SDSS J152817.03+484811.6,1594319416785645696,Low-Mass*
2MASS J01051903+1407408,2777183616609399296,Low-Mass*
2MASS J16255196+2034105,1297392114113920384,Low-Mass*
SDSS J145717.34+523214.4,1594009904263245696,Low-Mass*
SDSS J004812.00-003530.0,2536745742446367104,Low-Mass*
SDSS J090244.76+210629.4,684820200202940800,Low-Mass*
2MASS J04185872+0527326,3284919287244392832,Low-Mass*
SDSS J005134.57+004359.9,2537141914525491328,Low-Mass*
2MASS J11053922+4724070,783571462660432000,Low-Mass*
SDSS J113501.45+353252.9,759590774756433664,Low-Mass*
2MASS J02213319+0101582,2501544022985157504,Low-Mass*
2MASS J09371128+0232052,3847589895992885632,Low-Mass*
2MASS J15092934+4050579,1392111020754960384,Low-Mass*
2MASS J10194806+2801180,740899278947844480,Low-Mass*
SDSS J101607.87+232535.1,725467633254035840,Low-Mass*
2MASS J00352066-0114544,2542500689385753216,Low-Mass*
[CBJ2012] bl3800-15178,2314830833871323648,Low-Mass*
2MASS J02572106-0024376,2497956449687207424,Low-Mass*
2MASS J00464126-0026527,2530947296078865152,Low-Mass*
2MASS J03084456-0004037,3266410074142280064,Low-Mass*
2MASS J13263514+3819474,1476219842054448512,Low-Mass*
2MASS J16224204+3252252,1325528616668262784,Low-Mass*
SDSS J034312.93+002627.7,3269688611659381632,Low-Mass*
2MASS J23341448+5222534,1993136404720409856,Low-Mass*
2MASS J11434352+0508426,3897178420161074944,Low-Mass*
2MASS J02495642+3320005,139652034157178496,Low-Mass*
2MASS J00403276-0043481,2542885552814913792,Low-Mass*
SDSS J150519.22+102206.7,1168092050651604480,Low-Mass*
2MASS J00322394+0021361,2544041659228670208,Low-Mass*
LSPM J0819+3810,908139124996384128,Low-Mass*
2MASS J08595696+1346008,605626878778386560,Low-Mass*
SDSS J075048.98+240503.8,675500499126691968,Low-Mass*
SDSS J123252.11+404023.0,1533923174354388608,Low-Mass*
2MASS J22162029+0549442,2708663181542950144,Low-Mass*
2MASS J12524501+0451473,3705564742082375552,Low-Mass*
SDSS J030205.51-001211.0,3266543011970097024,Low-Mass*
2MASS J12562850+4215443,1528444685871211136,Low-Mass*
2MASS J13044000+0206021,3691992920305243136,Low-Mass*
LSPM J0120+3302,316760439445472512,Low-Mass*
2MASS J23310155-0004096,2644502692335305216,Low-Mass*
2MASS J12515477+5328194,1569784605085785088,Low-Mass*
2MASS J23503121+0029340,2643089480588857600,Low-Mass*
SDSS J122745.81+582215.0,1580875138356939904,Low-Mass*
2MASS J00183311+0058124,2547138154553438976,Low-Mass*
2MASS J09493778+2054337,639716583962502528,Low-Mass*
2MASS J08232896+2656128,683013672533521664,Low-Mass*
2MASS J12464755+4836364,1543319020906052224,Low-Mass*
2MASS J13022478+5728547,1577023519060837376,Low-Mass*
2MASS J09331042+3032555,697527363460049152,Low-Mass*
2MASS J00240204-0059064,2541963754050449664,Low-Mass*
2MASS J08412355+2817122,704403017688428800,Low-Mass*
2MASS J08381026+0629406,594950655232476288,Low-Mass*
2MASS J08125549+5410237,1032632222404589056,Low-Mass*
SDSS J142837.08+073322.3,1172473776287089664,Low-Mass*
2MASS J00540506-0008321,2536822605181270528,Low-Mass*
SDSS J150316.85+494128.1,1592245291179283968,Low-Mass*
2MASS J01082937+0033503,2537833674842434176,Low-Mass*
2MASS J00564142+0010033,2537218566809771904,Low-Mass*
2MASS J03430194+3144355,216572214072479104,Low-Mass*
2MASS J02092906+2332508,104153163086838784,Low-Mass*
2MASS J09165636+2402153,687468275173596800,Low-Mass*
2MASS J22452990+1401165,2732096527404874368,Low-Mass*
2MASS J02535250-0834360,5173506017493113856,Low-Mass*
2MASS J22131556+0029396,2678971630243795456,Low-Mass*
SDSS J034442.00+002441.9,3269644321955790464,Low-Mass*
2MASS J23014189-0920509,2606715054665805440,Low-Mass*
SDSS J170749.01+240004.5,4571807796840204544,Low-Mass*
2MASS J15372197+1405082,1194307946912712192,Low-Mass*
2MASS J00312924-0030197,2542800306304626176,Low-Mass*
SDSS J103318.13+154358.4,3889057221120087552,Low-Mass*
2MASS J16114362+2744597,1316108688236743808,Low-Mass*
2MASS J20573635-0037404,6917480889647667968,Low-Mass*
2MASS J12280171-0135588,3694049385005783424,Low-Mass*
2MASS J10411640+2904396,734537027927976192,Low-Mass*
2MASS J23501263+4042150,1921243462544579456,Low-Mass*
2MASS J16291446+3207136,1324566539697012736,Low-Mass*
2MASS J00550881+0047384,2537316530715891840,Low-Mass*
2MASS J01533663-0004191,2507738976438260096,Low-Mass*
2MASS J01333617+2430414,291942572220744192,Low-Mass*
2MASS J00502343+0103054,2537211974031965824,Low-Mass*
SDSS J204128.46+003542.6,4228267385904536576,Low-Mass*
SDSS J204958.43-001349.5,4227544246555061504,Low-Mass*
SDSS J104507.87+622251.2,1054990031145478016,Low-Mass*
2MASS J02351527+0051217,2502041861234491904,Low-Mass*
2MASS J00213288-0910190,2429764807252110720,Low-Mass*
SDSS J112130.36+171233.0,3970917992111313024,Low-Mass*
2MASS J16055945+0040523,4411373936360868864,Low-Mass*
2MASS J10102968+1718534,622473664658813952,Low-Mass*
