Star,Gaia_DR3_ID,otype
ATO J294.9119+22.9272,2019969303107495296,delSctV*
TYC 1889-117-1,3437529886271691904,delSctV*
ZTF J222848.19+491750.6,1988078380656895360,delSctV*
TYC 3565-98-1,2086818132599764224,delSctV*
ATO J070.3066+50.2906,260114626881187200,delSctV*
ATO J312.9592+34.1321,1869168259700908672,delSctV*
OGLE LMC-DSCT-425,4661350340344081280,delSctV*
ZTF J213621.20+281157.9,1848876394640752384,delSctV*
TYC 3565-1155-1,2087178669333622016,delSctV*
ZTF J225129.65+525132.5,1990392749555950720,delSctV*
ATO J100.7747-06.3009,3100459001758272256,delSctV*
2MASS J19521864+4804337,2086514766170791296,delSctV*
ATO J102.0576+12.6188,3351756095131581440,delSctV*
OGLE GD1926.11.17955,5929479463422957952,delSctV*
HD 243112,3446640821876474752,delSctV*
2MASS J19213045+4323337,2126074064965605888,delSctV*
V* FL Cnc,709935107368372480,delSctV*
TYC 3162-1023-1,2082077004104256768,delSctV*
ATO J292.5040+25.0889,2024396486719970304,delSctV*
ATO J083.0418+39.7258,190812138400734848,delSctV*
[EHV2002] 1-5-0502,963334952310196352,delSctV*
ATO J113.5827-07.5173,3054108676771761280,delSctV*
ATO J258.3633+45.0659,1361592391900607744,delSctV*
OGLE GD1540.24.00064,5541410686993755392,delSctV*
OGLE GD-DSCT-4000,5869388064908439680,delSctV*
OGLE GD2013.24.13316,5856276113871784448,delSctV*
V* RV Ari,80637568601414144,delSctV*
SDSS J150918.28+015408.1,4420238680137875456,delSctV*
ZTF J214102.72+522520.8,2173115810978996608,delSctV*
ATO J301.5986-08.4939,4192463129779178240,delSctV*
OGLE LMC-DSCT-805,4652202884501004416,delSctV*
OGLE LMC-DSCT-129,4662360658228539264,delSctV*
OGLE LMC-DSCT-979,4658368670955440640,delSctV*
ATO J252.1041-25.1728,6046708053145457280,delSctV*
ATO J264.7355+27.0575,4594588101517353088,delSctV*
ATO J296.9440+44.1663,2078912472200803968,delSctV*
ATO J073.6512+04.2281,3233494789112492928,delSctV*
2MASS J19582566+4059545,2075091188269475712,delSctV*
CoRoT 110831227,3105813795184175744,delSctV*
ZTF J161702.65+120610.4,4457078538783301888,delSctV*
OGLE LMC-DSCT-1006,4658369186351917312,delSctV*
UCAC4 674-078010,2079108288351818496,delSctV*
UCAC4 639-062552,2099089678797909760,delSctV*
ATO J336.1896+53.4830,2001801660166615296,delSctV*
[DCT2018] F20b 32061,5605473938143768064,delSctV*
ATO J262.6470+34.7662,1335954220282345216,delSctV*
OGLE GD1547.08.00495,5547944500486048256,delSctV*
HD 184449,2125886971888144000,delSctV*
ATO J062.7589+41.8728,228898911951847808,delSctV*
OGLE LMC-DSCT-1010,4652005556522142848,delSctV*
ATO J318.7654+48.4776,2164951730982068096,delSctV*
[DCT2018] F20b 18608,5593374843473014016,delSctV*
* iot Boo,1511727333122255744,delSctV*
V* V344 Gem,3165256176914748032,delSctV*
ATO J281.1957+41.5089,2098670043310234752,delSctV*
ATO J087.4409+25.3772,3428994205708574592,delSctV*
OGLE GD1173.24.14420,5882533104436575232,delSctV*
TYC 3564-392-1,2135187229651643008,delSctV*
OGLE LMC-DSCT-2762,5279390430368547712,delSctV*
ZTF J195134.42+182756.0,1821584488856506112,delSctV*
CRTS J224519.0-464846,6516136575458219648,delSctV*
ZTF J185516.34+230447.9,4533004249102742016,delSctV*
ATO J281.3539-24.1702,4078038260383282944,delSctV*
ATO J300.5332+26.5454,1835154661348113408,delSctV*
2MASS J16263879-5630067,5928372736246604544,delSctV*
CRTS J235659.3+063132,2745365571168607360,delSctV*
TYC 3565-751-1,2087198391823908224,delSctV*
ATO J236.1470+47.4450,1401288678673070592,delSctV*
OGLE LMC-DSCT-206,4661784204930078848,delSctV*
OGLE GD1168.28.26531,5982416756407483648,delSctV*
OGLE GD2013.18.00190,5856408123993804160,delSctV*
OGLE SMC765.25.000963,6388855460158494592,delSctV*
OGLE BLG-DSCT-00463,4059594158960944256,delSctV*
OGLE GD1926.21.18070,5929904910017248640,delSctV*
ZTF J154851.26+011952.5,4422742061957911424,delSctV*
V* BS Scl,2380618737730042752,delSctV*
ATO J087.1825+36.1254,3455976637667253888,delSctV*
BOKS 15893,2128177671228169472,delSctV*
ATO J329.7153+59.9428,2203114061590871552,delSctV*
ATO J099.9575+04.6556,3130700622400802304,delSctV*
2MASS J19473392+4251062,2078710505657287808,delSctV*
HD 246984,3454563657849593600,delSctV*
[SSV2012] 713584,2654982588628218880,delSctV*
[SSV2012] 5252245,4242458022272481920,delSctV*
2MASS J19454817+4326467,2078789739215618816,delSctV*
CoRoT 100576007,4288627275763916672,delSctV*
ATO J064.4583+32.4227,166620614846034816,delSctV*
ATO J338.5538+00.7834,2654271960519160448,delSctV*
UCAC4 643-073852,2052125993820297088,delSctV*
TYC 3949-386-1,2188115863986658304,delSctV*
CoRoT 102751744,3107054319177058944,delSctV*
ATO J057.3508+16.3142,43431843169169664,delSctV*
OGLE GD2349.06.05244,5605511974374920320,delSctV*
ATO J279.5704-04.1606,4256972091162746240,delSctV*
OGLE GD1985.09.22583,5852579830693051264,delSctV*
OGLE SMC829.24.000512,4637587115060502528,delSctV*
SDSS J030643.43+005339.4,3266775283801679744,delSctV*
ATO J337.3102+52.0506,2000677993641422208,delSctV*
OGLE GD1980.11.00346,5849673409138691328,delSctV*
ATO J285.3907+34.3062,2092111044138189952,delSctV*
ATO J318.3444+28.7147,1851206843898048000,delSctV*
SDSS J102238.64+321149.0,748824627480515968,delSctV*
ATO J096.6722+02.2508,3124132552252886784,delSctV*
OGLE BLG-DSCT-00803,4061388592040203008,delSctV*
OGLE BLG505.19 190757,4062346919588836352,delSctV*
ATO J316.5447+39.4069,1872285581323607168,delSctV*
OGLE GD1422.16.06757,5306345889951415168,delSctV*
OGLE GD1342.21.24114,5336161793473314688,delSctV*
ATO J097.4120+11.3854,3331018549922124800,delSctV*
ATO J287.3572+14.7285,4320484143389302784,delSctV*
ATO J056.5229+51.6926,251477726825191808,delSctV*
ATO J096.3440+08.7632,3325618951396092032,delSctV*
BOKS 17127,2128021059541031040,delSctV*
ZTF J164441.72+411924.1,1356438053187767808,delSctV*
OGLE BLG-DSCT-10264,6019824139152565888,delSctV*
ZTF J040152.65+321331.9,170118504932666880,delSctV*
ATO J316.1128+10.8211,1756594521159442944,delSctV*
ATO J270.8841+32.5933,4603540737508160512,delSctV*
ATO J110.4474+28.4614,885127961535348096,delSctV*
Cl* NGC 7654    CKK V5,2015667188981497984,delSctV*
[FCC2013] F19 04663,5928724240722120576,delSctV*
V* V846 Mon,3038044674449987584,delSctV*
ATO J295.5687+17.2255,1823969157791412736,delSctV*
OGLE LMC-DSCT-411,4655141024377424768,delSctV*
ZTF J044855.82+783317.8,553167804628211584,delSctV*
ATO J000.4479+53.3884,396263994953931264,delSctV*
SDSS J092707.02+280934.9,694640320802717696,delSctV*
V* V597 Per,335702993272676608,delSctV*
ZTF J140545.65+171733.0,1233271894515305984,delSctV*
ZTF J000023.64+491228.1,393465905358600832,delSctV*
ATO J088.8671+27.0137,3430735664624605184,delSctV*
BPS BS 16942-0004,3934809450435052800,delSctV*
TYC 3562-1603-1,2086435983591120384,delSctV*
[MTR2015] OW J074617.48-271936.2,5601679317360159872,delSctV*
OGLE GD1275.14.00097,5857760385883778944,delSctV*
ATO J087.7506+32.8532,3451251005412179456,delSctV*
ATO J343.0090+57.0105,2004089400265635072,delSctV*
OGLE LMC-DSCT-79,4656321551953160192,delSctV*
ATO J060.8568+40.1523,227228307110592384,delSctV*
OGLE LMC-DSCT-1328,4658747590015819648,delSctV*
V* IW Vel,5360285765724531200,delSctV*
UCAC4 422-020967,3100376022989207936,delSctV*
UCAC4 682-072129,2080265146378125952,delSctV*
HD  79111,5624546234329998720,delSctV*
UCAC4 697-070293,2087149596693251712,delSctV*
HD 188833,2085506621388391040,delSctV*
KOI-7061,2078390857010395776,delSctV*
BD+41  3248,2102423982167821312,delSctV*
OGLE LMC-DSCT-325,4661508772975990656,delSctV*
NSVS   8653951,1866502974794425088,delSctV*
ATO J005.1321+46.3063,391935183309577600,delSctV*
UCAC4 671-082725,2075876136484763904,delSctV*
ZTF J225413.34+500612.0,1988922938721287168,delSctV*
OGLE GD1365.31.11847,5352985622686480384,delSctV*
OGLE BLG915.32      8,4108996998795228544,delSctV*
BD+42  3446B,2077178744222853632,delSctV*
OGLE BLG880.4  20087,4112153593602319616,delSctV*
V* V1821 Cyg,2059101604826977152,delSctV*
ZTF J125913.78+092513.6,3734358207130598016,delSctV*
ATO J067.7589+50.8784,270943068364961280,delSctV*
V* BD Phe,4940552596292014336,delSctV*
ZTF J195056.71+113649.1,4303716114338817536,delSctV*
OGLE BLG501.14  31142,4056416226837373696,delSctV*
CoRoT 105713206,4286579091758044416,delSctV*
UCAC4 669-079849,2078979301891646976,delSctV*
SDSS J151248.85+394157.5,1391681004334782720,delSctV*
CoRoT 102766169,3125556729049646848,delSctV*
OGLE LMC-DSCT-1248,4652078437796435840,delSctV*
UCAC4 693-072062,2086560949960793856,delSctV*
ZTF J180720.72+122442.6,4495613496464110720,delSctV*
OGLE LMC563.16.002213,4659868885716596352,delSctV*
OGLE LMC-DSCT-2448,4650997235615692032,delSctV*
CRTS J144854.4+045852,1159121100920674176,delSctV*
OGLE BLG562.22  45419,4052029549015607936,delSctV*
OGLE BLG948.32  44398,4038765732225886464,delSctV*
ZTF J174716.76+082615.8,4488180557340866944,delSctV*
UCAC4 682-069953,2128131251221231360,delSctV*
HD 225544,2076320029947185792,delSctV*
OGLE GD-DSCT-1639,5526044152997474944,delSctV*
ATO J280.5993-23.8883,4078291697827026560,delSctV*
2MASS J19142868+4023377,2101309592774320256,delSctV*
UCAC3 284-140552,2133469826847044352,delSctV*
OGLE GD-DSCT-5997,5928077143731909504,delSctV*
ATO J297.1258+48.3997,2086721203776864384,delSctV*
OGLE GD-DSCT-32,5337975334810945664,delSctV*
ZTF J005615.89+370257.9,364367609301259904,delSctV*
ATO J311.9101+51.7592,2182030548170299008,delSctV*
ZTF J185925.97+320506.3,2043601209596735872,delSctV*
V* HN CMa,5609928094106576384,delSctV*
ATO J098.5212-06.5695,3103038971430305280,delSctV*
OGLE BLG870.8    768,6033454647396397184,delSctV*
OGLE LMC-DSCT-243,4655135419438415104,delSctV*
TYC 3141-1131-1,2073476654215055360,delSctV*
Cl* NGC 1817    BJG      17,3393969404538694016,delSctV*
ATO J044.3049+53.1814,441190761616687488,delSctV*
BD+48  2768,2119765376479083264,delSctV*
TYC 3131-1736-1,2105104522795572864,delSctV*
ATO J352.8971+49.3139,1942162843794046976,delSctV*
[LLH2014] NV16,6730890884500468736,delSctV*
OGLE GD2247.25.05914,5343982172957125504,delSctV*
V* V668 CrA,6722157669804511616,delSctV*
UCAC4 686-070837,2128543396282258048,delSctV*
V* KZ UMa,1068408784584612608,delSctV*
OGLE GD2142.19.09312,5538113384754085760,delSctV*
OGLE GD1963.05.00732,5826875104250930176,delSctV*
ATO J328.4946+46.5442,1974461444540706944,delSctV*
ATO J328.5852+50.3869,1979788097351726976,delSctV*
OGLE LMC-DSCT-2745,5279756052338616192,delSctV*
OGLE LMC562.01.009811,5283849744577041152,delSctV*
ZTF J111406.09+020421.7,3810595659044865792,delSctV*
TYC 3124-1306-1,2100280071931248384,delSctV*
V* V544 Lyr,2042073438190050688,delSctV*
ZTF J180234.26+505945.5,2124929503418452992,delSctV*
CoRoT 101010259,4288763851405897088,delSctV*
ZTF J200235.44+130708.0,1806264233094258432,delSctV*
LS  IV -07   31,4204667154792973184,delSctV*
ZTF J153408.17+372144.1,1375712041049833728,delSctV*
ATO J297.2540+12.5415,4304781983473194752,delSctV*
ATO J271.1908+03.0378,4468642888553088896,delSctV*
OGLE LMC-DSCT-2707,5266139601559118848,delSctV*
ATO J136.1946+21.4601,685197165187337472,delSctV*
ZTF J185650.26-121251.9,4102761466514632320,delSctV*
ATO J288.9266+40.8266,2101347972602457472,delSctV*
OGLE GD-DSCT-5788,5835181055626309248,delSctV*
2MASS J19365740+4512533,2079920754417513728,delSctV*
[WDZ2015] V6,3113575625721505280,delSctV*
ATO J058.8707+45.3565,244190919671578880,delSctV*
TYC 2666-384-1,2051721687077542144,delSctV*
ATO J353.0350+53.4065,1994043025075258624,delSctV*
OGLE LMC-DSCT-2065,4651080180064147712,delSctV*
ATO J339.6495+55.5979,2006531037632823424,delSctV*
ZTF J224500.91+455716.7,1982636137393280128,delSctV*
ATO J111.7753-08.7664,3053729860658247296,delSctV*
BD+41  3195,2104150077983745408,delSctV*
[DCT2018] F20d 17574,5612780467787543040,delSctV*
ZTF J172837.82+235524.7,4569370488800254848,delSctV*
[FCC2013] F17 28176,5896236730100540288,delSctV*
TYC 7788-1216-1,6162019300745783936,delSctV*
CoRoT 101540833,4263412381755865472,delSctV*
ATO J296.3789+13.3432,4316904240939221120,delSctV*
OGLE LMC-DSCT-249,4661538425441182848,delSctV*
2MASS J19430419+4416224,2079643063315659264,delSctV*
2MASS J19555043+4507502,2079202296594383232,delSctV*
[NBN2015] 486,3425497488149738240,delSctV*
OGLE GD1949.11.24124,5834858761285987840,delSctV*
OGLE GD1565.18.00058,5698363910273040896,delSctV*
ATO J120.4384-29.2522,5597506567655702528,delSctV*
ATO J094.2252+18.8539,3373864662629094784,delSctV*
TYC 3149-728-1,2078998955662014976,delSctV*
V* V2452 Cyg,1972332785726310528,delSctV*
ATO J105.2041+35.0958,939662844919959808,delSctV*
ATO J288.4331-19.4681,4083872853167415680,delSctV*
OGLE GD1533.09.00095,5644650430795191552,delSctV*
ATO J353.6718+56.3563,1997761126726671872,delSctV*
OGLE LMC563.29.010623,4755883949062266112,delSctV*
UCAC4 671-082747,2075877648313315456,delSctV*
OGLE LMC-DSCT-2201,4657089182962645504,delSctV*
2MASS J19444666+4348582,2079549639186474880,delSctV*
ATO J042.1088+44.8406,337765234705999488,delSctV*
2MASS J19054279+4908475,2132041045846381312,delSctV*
ATO J326.2833+46.2782,1974572598295948544,delSctV*
BOKS 21423,2128112834401234560,delSctV*
OGLE GD1661.22.07074,3031481723905103104,delSctV*
ATO J043.6895+41.1597,336189084788102912,delSctV*
ZTF J225551.54+505112.5,1989028732358611456,delSctV*
ATO J339.6121+43.8803,1982217743155493376,delSctV*
2MASS J06405438+0752197,3133864256653684608,delSctV*
OGLE BLG871.19   3534,6032831258669037312,delSctV*
OGLE GD1273.24.00412,5865189957829076480,delSctV*
TYC 3565-235-1,2135410086914708096,delSctV*
TYC 3126-1470-1,2104854246460993920,delSctV*
ZTF J222539.10+655030.7,2206722349507123456,delSctV*
[FCC2013] F19 97488,5928273612759176448,delSctV*
ATO J334.0939+38.8643,1955374506793395968,delSctV*
OGLE GD2292.11.00128,5410658997597914112,delSctV*
CRTS J102404.7-365306,5445422939623586688,delSctV*
ATO J103.0281+34.1133,939359207912309376,delSctV*
OGLE GD1523.29.08834,5644348305616989952,delSctV*
ZTF J194024.11+414346.2,2077471596571496064,delSctV*
UCAC4 429-022420,3102321746252728704,delSctV*
OGLE GD1355.06.00054,5337705576502791936,delSctV*
OGLE LMC-DSCT-157,4654957882681769216,delSctV*
[KLC2005] 4,2735693029939143424,delSctV*
[DCT2018] F20b 14259,5593179577080541568,delSctV*
LB  3897,4474062037764836736,delSctV*
UCAC4 609-023034,3445082156767070592,delSctV*
ATO J294.9828+08.7778,4301431157386215296,delSctV*
[FCC2013] F17 40870,5897746527048510208,delSctV*
OGLE BLG-DSCT-05230,4043307539897059072,delSctV*
CRTS J020637.9+220835,100593979523374720,delSctV*
ATO J294.9680+34.8637,2047386106594510720,delSctV*
UCAC4 648-074435,2076253921808769792,delSctV*
ATO J321.5098-01.3710,2685992424304315904,delSctV*
OGLE GD1471.30.06203,5620833771981356928,delSctV*
ATO J330.1197+22.5179,1782798735106866560,delSctV*
OGLE BLG-DSCT-08790,4052420287953803264,delSctV*
V* V575 Lyr,4585715351922397952,delSctV*
ATO J334.8750+55.5336,2006002000746618752,delSctV*
TYC 5991-1727-1,5620105105012284160,delSctV*
OGLE GD-DSCT-1736,5526648639574322432,delSctV*
ZTF J172905.31+121631.5,4493861841297673600,delSctV*
ATO J299.7130+28.3968,2027727628971564800,delSctV*
OGLE BLG-DSCT-11968,4058976955021129088,delSctV*
V* LW Mus,5841110476943005184,delSctV*
Cl* NGC 2099     KV       6,3451175615846705536,delSctV*
2MASS J18423147+0603367,4285564276890642560,delSctV*
2MASS J19185206+4019056,2101352297631484288,delSctV*
ZTF J225502.59+560125.2,2003740889435390464,delSctV*
HD 226381,2073467278317933696,delSctV*
UCAC4 107-015007,5280564232036502016,delSctV*
CRTS J171327.2+104955,4539965875678209920,delSctV*
ATO J339.0338+53.1676,2002987517812880896,delSctV*
ATO J086.6020+16.4943,3396420868794445312,delSctV*
UCAC4 659-075677,2077506643505331584,delSctV*
V* UY Col,2891253275068894848,delSctV*
ATO J049.1762+50.8784,442781583144169984,delSctV*
ZTF J183959.68+300019.0,4587713057171231872,delSctV*
OGLE BLG-DSCT-00113,4107325642393805056,delSctV*
HD 249278,3443786932067239680,delSctV*
ATO J302.5567+37.5816,2061535343777270784,delSctV*
UCAC4 685-066790,2127781400363584896,delSctV*
OGLE BLG951.10  21679,6725702357869177216,delSctV*
ATO J266.8688+18.5058,4551332798686658944,delSctV*
ATO J290.5547+13.5560,4319212253259626880,delSctV*
V* V383 Car,5480716850558080128,delSctV*
UCAC4 668-075501,2126066608902579456,delSctV*
ATO J095.0948+19.7985,3374020758920745344,delSctV*
ATO J040.7002+51.0800,451096669888466048,delSctV*
OGLE BLG-DSCT-06797,4049952747713529856,delSctV*
ATO J118.5441-22.1660,5711483042496569216,delSctV*
2MASS J19430804+4609090,2080390250185073920,delSctV*
GD 1249,2434433234839935232,delSctV*
ATO J106.1583+08.9921,3157633194082176640,delSctV*
CRTS J183455.2-580126,6637276506002262656,delSctV*
TYC 3545-69-1,2131964011313052288,delSctV*
TYC 2673-2778-1,2033849847168365056,delSctV*
ATO J276.4737-10.1196,4155792424149327744,delSctV*
ZTF J205427.88+282730.0,1845907674593693056,delSctV*
OGLE BLG-DSCT-04359,4056070220091014656,delSctV*
2MASS J06382385+0956335,3326917371547535744,delSctV*
ATO J008.8937-06.0737,2526734796451582592,delSctV*
OGLE GD2007.26.16561,5857046184337241984,delSctV*
OGLE GD-DSCT-2517,5356045980179678336,delSctV*
ZTF J201025.69+192138.1,1822486569403366784,delSctV*
ATO J274.3883+11.0054,4484468541665639424,delSctV*
ZTF J001015.19+571917.8,422431650141686272,delSctV*
ATO J163.3518+53.6251,849539656362189184,delSctV*
ATO J285.2554+26.5561,2036833715532376576,delSctV*
ATO J116.2370-30.0884,5598872195455302400,delSctV*
HD  73144,5748728242963638016,delSctV*
ZTF J170608.18+025439.2,4391054338705985920,delSctV*
ATO J052.0847+43.1331,238117835912809856,delSctV*
OGLE GD-DSCT-3221,5336592316636525312,delSctV*
ATO J302.8113+49.0309,2084558941150304512,delSctV*
2MASS J16295536-5556533,5928742004708226304,delSctV*
ATO J090.6666+31.0922,3449925544143769856,delSctV*
TYC 3142-717-1,2101741425967410688,delSctV*
TYC 3551-1535-1,2129995713702040192,delSctV*
ATO J291.4933-10.5743,4188170498950296192,delSctV*
OGLE LMC-DSCT-1606,4651855340057635072,delSctV*
ATO J070.5707+45.3179,253206605778150656,delSctV*
ZTF J185419.55+103212.4,4311927782595746176,delSctV*
ATO J309.5985+50.3973,2180388736791826176,delSctV*
OGLE LMC-DSCT-103,4655451670766049280,delSctV*
OGLE GD2254.07.00061,5346032143677069568,delSctV*
V* V5524 Sgr,4065106178403468032,delSctV*
TYC 3556-1514-1,2128295181532405504,delSctV*
ATO J103.8852+23.2253,3380277491179520256,delSctV*
TYC 4452-591-1,2264782988721826432,delSctV*
2MASS J19011044-0235148,4261662642119969280,delSctV*
ATO J285.2236-12.3923,4198605379719785088,delSctV*
OGLE LMC-DSCT-114,4655584436819070592,delSctV*
ZTF J194505.70+335800.2,2047066354877983104,delSctV*
HD  51844,3101686292950954368,delSctV*
CoRoT 110759043,3102018177964979840,delSctV*
ATO J271.6363+25.3094,4579513659663967360,delSctV*
ATO J111.6119-29.6194,5605563479623716736,delSctV*
ATO J276.6251+08.0594,4478419234856808960,delSctV*
UCAC4 656-074239,2077571411609656704,delSctV*
TYC 3556-3291-1,2080071250073023616,delSctV*
ATO J095.3741+18.3139,3370726656444068352,delSctV*
OGLE LMC-DSCT-2321,4651009845740722688,delSctV*
ATO J313.5555+36.9898,1870116309291766784,delSctV*
ATO J174.7837+54.3394,841278784984432640,delSctV*
OGLE LMC-DSCT-2002,4651057227725362560,delSctV*
ATO J029.9626+17.8643,92627674182916992,delSctV*
OGLE BLG-DSCT-07700,4050831287769840000,delSctV*
ATO J103.7483-05.7153,3101079813509862656,delSctV*
HD 357413,4241443894593614720,delSctV*
ATO J354.0676+53.5860,1994018595300600064,delSctV*
SBSS 1600+575,1622621636358705280,delSctV*
OGLE GD1072.02.17249,5965102098288511872,delSctV*
OGLE GD-DSCT-41,5335959586414674560,delSctV*
CoRoT 105604515,4286460413217172736,delSctV*
ATO J285.7013+45.4251,2106398334445367936,delSctV*
ATO J345.6452+46.3606,1936304401023634688,delSctV*
ATO J112.1643+47.3218,975544994576024064,delSctV*
TYC 3549-677-1,2132239091081074176,delSctV*
ATO J016.5522+41.3882,371534947645901184,delSctV*
TYC 3129-2577-1,2102706109980360448,delSctV*
UCAC4 665-080947,2078701812643727744,delSctV*
OGLE BLG-DSCT-14366,4052507768023817984,delSctV*
ATO J063.7980+40.3395,227800740351226880,delSctV*
OGLE BLG-DSCT-07291,4043100380895436800,delSctV*
ATO J091.5316+37.2676,3454075410264264576,delSctV*
ATO J285.2252-10.3149,4202495829815897472,delSctV*
ATO J300.9124-00.0413,4236198128921787904,delSctV*
HD 153747,5970289834676242816,delSctV*
ATO J055.1750+25.0074,68574723455334272,delSctV*
TYC 3149-64-1,2079313171163653120,delSctV*
OGLE LMC-DSCT-182,4655564267649560704,delSctV*
ZTF J231207.30+532512.5,1995547397500750464,delSctV*
UCAC4 685-070277,2128526285132195072,delSctV*
ATO J060.6146+55.3426,468489058356919296,delSctV*
OGLE GD1945.11.18368,5829867008482176384,delSctV*
ATO J081.0374+55.4352,267552586819894272,delSctV*
ATO J141.4121+15.3220,630649053302632320,delSctV*
[SSV2012] 3466895,4227317850238073984,delSctV*
ZTF J222558.60+523829.6,2001425695911067008,delSctV*
ATO J299.6142+58.5270,2235626684835627264,delSctV*
ATO J296.2308+17.7394,1821104930000024960,delSctV*
2MASS J20022711+4414524,2076080469542286208,delSctV*
ATO J316.9760+37.2907,1868799201750196352,delSctV*
OGLE LMC-DSCT-2384,4657174979280692480,delSctV*
[FCC2013] F19 120951,5931455427632780160,delSctV*
ATO J279.3571+21.1792,4525818184694487424,delSctV*
ASAS J042606+0126.5,3279029620067404928,delSctV*
UCAC4 655-078975,2076777529859339648,delSctV*
ZTF J214826.46+000644.7,2681110485302670592,delSctV*
ZTF J172048.71+435923.3,1360540739092254720,delSctV*
ZTF J201119.07+223839.6,1830058493671351296,delSctV*
OGLE GD1924.15.25756,5937016242046552576,delSctV*
OGLE LMC-DSCT-1321,4658313184202462592,delSctV*
UCAC4 701-071039,2087252916428738304,delSctV*
[SSV2012] 2298258,2687710716165345024,delSctV*
GSC 02008-00003,1255602872595957376,delSctV*
V* IU Eri,3191319069258921856,delSctV*
ATO J328.2731+23.8842,1795104434885619584,delSctV*
ATO J084.4265+14.9271,3395743840211694336,delSctV*
OGLE GD2249.14.00171,5342383448702938112,delSctV*
UCAC4 520-115910,4305366756176501504,delSctV*
ZTF J230320.05+762554.2,2281236591819388288,delSctV*
GSC 03197-00817,1961283484139930240,delSctV*
CoRoT 105672352,4286461547088443136,delSctV*
ATO J040.0614+55.2116,454211178315691136,delSctV*
ATO J318.2556+43.8788,1970220422044217600,delSctV*
ATO J064.3949+58.6384,469481367600288768,delSctV*
UCAC4 646-073016,2052219456619549568,delSctV*
OGLE GD-DSCT-586,3106071458860941568,delSctV*
ZTF J203333.55+084017.9,1749495760558379136,delSctV*
Cl* NGC 6811    SAN      75,2128112009767272704,delSctV*
2MASS J19444741+4102108,2076816974839679872,delSctV*
CRTS J152858.7-324421,6206759081714126336,delSctV*
ATO J302.4127+00.5721,4236678168822965120,delSctV*
ATO J310.2579+36.9054,2062806409255000576,delSctV*
ATO J105.8225-11.7296,3045805508557285632,delSctV*
ATO J341.7182+44.6952,1934285770693270912,delSctV*
[NBN2015] 175,3426286937500055552,delSctV*
ATO J045.1904+51.3367,440041187849000576,delSctV*
ZTF J235543.09+533110.8,1945495807139395072,delSctV*
ATO J070.8513+53.4296,272942976937730688,delSctV*
ZTF J231117.30+523644.6,1995308837838767872,delSctV*
Cl* NGC 2682   SAND    1280,604918179110923520,delSctV*
OGLE GD1651.01.06255,2930372726256599552,delSctV*
ZTF J180130.19+552626.1,2149890822550853504,delSctV*
CRTS J025657.7+225726,110076683197649536,delSctV*
OGLE GD1950.09.17195,5832955334830764672,delSctV*
ATO J043.3365+48.2069,437835430085181952,delSctV*
ATO J312.6702+24.9341,1842944873007045888,delSctV*
TYC 4607-844-1,2284997677501116160,delSctV*
ATO J356.2258+14.3323,2771054629559673600,delSctV*
SDSS J014531.34+011211.9,2510384435774733824,delSctV*
ATO J094.9274+32.7986,3439823570607745920,delSctV*
ATO J312.7286+35.6902,1869921081572888832,delSctV*
OGLE GD-DSCT-5881,5832033359920987264,delSctV*
KOI-983,2132642581787012352,delSctV*
OGLE LMC-DSCT-2299,4657794347823204224,delSctV*
OGLE BLG895.15   2104,6029385006931291392,delSctV*
ATO J104.4619-18.9466,2933574542779200128,delSctV*
ZTF J165109.64+304115.9,1312884301668075264,delSctV*
ATO J284.3269-08.9784,4203603931404547200,delSctV*
2MASS J20023068+4429523,2082089442329602944,delSctV*
ZTF J113443.92+094110.2,3914439000370672896,delSctV*
ATO J153.4912+16.2458,622113097859524608,delSctV*
[ABC90] vul 13,2018920334689438464,delSctV*
ATO J267.2948+53.1919,1368941802498782336,delSctV*
ATO J288.6706+04.7342,4293275117592496512,delSctV*
OGLE GD1516.20.00045,5542529268275439488,delSctV*
ATO J279.6506+06.1440,4286318606259345408,delSctV*
ZTF J213115.26+443448.1,1970958056904530688,delSctV*
ZTF J195948.21+394543.0,2072709955327225984,delSctV*
ATO J012.5389+42.0202,375350562232300416,delSctV*
[SS59]  II 180,1518579184644507008,delSctV*
[NBN2015] 178,3426333731165795584,delSctV*
OGLE BLG-DSCT-14577,4053064533159478400,delSctV*
OGLE GD2189.10.00233,5890041909805772160,delSctV*
ATO J177.9031+18.5806,3974699801010618240,delSctV*
ATO J336.3233+48.2480,1987452174423102464,delSctV*
ATO J307.5282+13.9373,1804346929631740160,delSctV*
ATO J234.7474-10.1466,6316944925805091840,delSctV*
BD+49  3106,2135305766449256960,delSctV*
2MASS J20005266+4424262,2076127851618257024,delSctV*
OGLE BW1 V90,4050243224952577024,delSctV*
UCAC4 425-023395,3102001479132069888,delSctV*
OGLE GD-DSCT-60,5253556000244900224,delSctV*
SDSS J024751.89-002434.5,2497768982955268736,delSctV*
ZTF J195031.67+372150.5,2072004683017505024,delSctV*
ATO J287.7952-08.8050,4201257534874657152,delSctV*
ZTF J192753.36+284749.8,2026399899961382656,delSctV*
OGLE GD2011.06.13722,5855664373093332096,delSctV*
ZTF J160817.20+661159.0,1642106979563666816,delSctV*
UCAC4 683-076609,2085502704378269824,delSctV*
ZTF J214348.43+453834.1,1974166225675072256,delSctV*
ATO J059.7438+49.2912,247120121726039296,delSctV*
ZTF J221615.50+505142.9,2000840652644958464,delSctV*
ATO J309.4728+05.5430,1747506091188416768,delSctV*
ATO J081.3090+54.1892,266448711505318144,delSctV*
OGLE LMC-DSCT-799,4661806160766952832,delSctV*
ATO J061.2351+47.4670,245931618377367808,delSctV*
UCAC4 702-063244,2132872444137801600,delSctV*
SDSS J102829.02+093516.8,3876106829570727808,delSctV*
ATO J066.4416+31.8607,172299626762247552,delSctV*
HD 200057,6773560216347572736,delSctV*
ZTF J172856.12+131248.8,4542055944203626496,delSctV*
ATO J096.4248+50.8513,971249885544235136,delSctV*
2MASS J19331859+4308338,2077841410435015936,delSctV*
2MASS J19383109+4152293,2077532172791469952,delSctV*
OGLE GD2318.14.08228,5626339610820602496,delSctV*
UCAC4 675-074312,2126451472331430144,delSctV*
ASTEP V-0313,5922624150181484800,delSctV*
ATO J229.1683+25.3081,1264327252548855040,delSctV*
OGLE BLG894.3   3159,6029919751847940352,delSctV*
2MASS J19362530+4722457,2128598921621121152,delSctV*
OGLE LMC-DSCT-634,4651644641815369984,delSctV*
UCAC4 435-023018,3105811355642301952,delSctV*
ATO J299.1728+01.8793,4240800474132967808,delSctV*
ZTF J201328.39+333024.1,2055421200126966784,delSctV*
ZTF J172557.04+282043.0,4598302453657559936,delSctV*
ATO J270.4746-11.1707,4151915816707885056,delSctV*
ATO J303.1793+01.7846,4242906077558528512,delSctV*
OGLE BLG-DSCT-00660,4061134334227018112,delSctV*
OGLE GD1948.21.15490,5832796283569130880,delSctV*
KOI-6598,2076751102912517888,delSctV*
ATO J121.5324-29.3787,5597457639387131392,delSctV*
ATO J345.3245+45.9213,1936084056319734400,delSctV*
[DCT2018] F20b 07049,5593158617640451584,delSctV*
TYC 3135-663-1,2052198394099249408,delSctV*
V* V435 Car,5549230070081293824,delSctV*
ATO J283.1987-04.4441,4255046433985628928,delSctV*
V* V831 Tau,146066305819289472,delSctV*
ATO J107.2422+24.6408,870698894349619200,delSctV*
OGLE GD-DSCT-3781,6056553045913388544,delSctV*
TYC 3139-28-1,2052408705747573248,delSctV*
OGLE LMC-DSCT-91,4654979013898285312,delSctV*
ATO J106.9911+13.2938,3161198979009701120,delSctV*
ZTF J194937.45+132552.0,4305272198170297344,delSctV*
ATO J221.7897+59.4263,1617066014557399808,delSctV*
OGLE LMC-DSCT-889,4658230063812333952,delSctV*
ATO J277.5699+08.7714,4479241940123051264,delSctV*
OGLE GD-DSCT-37,5337304632709962752,delSctV*
OGLE GD1174.03.25453,5834193488045149568,delSctV*
UCAC3 264-164110,2101731599081877504,delSctV*
ATO J087.2894+48.5242,211120289964126208,delSctV*
OGLE BLG513.27 124850,4050361280634164864,delSctV*
LINEAR 15825812,1321639880262633088,delSctV*
TYC 3561-1074-1,2086421174545753984,delSctV*
V* AI Scl,4988805179472314368,delSctV*
OGLE LMC570.03.001184,5283885199540843264,delSctV*
[FCC2013] F17 32838,5896247617823208704,delSctV*
OGLE BLG-DSCT-00875,4061382205463225472,delSctV*
OGLE GD2252.08.14700,5342733368279547264,delSctV*
ATO J298.3057+52.4594,2137114291280027008,delSctV*
CoRoT 102737570,3125530924886250752,delSctV*
[FCC2013] F17 59770,5897537143122541824,delSctV*
ATO J316.7820+47.2978,2165160054086041728,delSctV*
ATO J071.3371+22.2855,3412953812822252160,delSctV*
OGLE LMC-DSCT-163,4661595187694267520,delSctV*
UCAC4 433-022774,3105425427059092864,delSctV*
TYC 3146-1037-1,2126120484972889344,delSctV*
ATO J106.2184+10.4567,3159564275798807936,delSctV*
ZTF J195851.87+031752.0,4241245192228140672,delSctV*
ATO J015.9329+59.8003,426252178170642688,delSctV*
ZTF J001616.10+431620.9,385382128367954944,delSctV*
V* V589 Mon,3326895273940119680,delSctV*
OGLE LMC-DSCT-466,4661467957905650176,delSctV*
CoRoT 105903851,4285276307922423808,delSctV*
2MASS J19464159+4141203,2076862119231731968,delSctV*
Cl* NGC 6811    SAN     157,2128132552590648320,delSctV*
OGLE GD2011.14.14794,5856527524085206656,delSctV*
ATO J355.1943+54.0318,1994125351008002432,delSctV*
ATO J296.5412+40.1632,2076345902827537792,delSctV*
ATO J303.2274+51.4403,2088223961298708096,delSctV*
UCAC2  45539378,2052414791728138752,delSctV*
V* IO Lup,5997796828135825536,delSctV*
ZTF J193609.26+281706.9,2025472595026133760,delSctV*
2MASS J02300081+5229446,452178490548804096,delSctV*
OGLE BLG607.17    406,5958248498765251456,delSctV*
ATO J301.5256+22.3353,1829995409198354688,delSctV*
ATO J073.5960+43.9997,205332460757787008,delSctV*
TYC 3148-1229-1,2079700237920041088,delSctV*
OGLE GD1194.13.27087,5876802445446762880,delSctV*
OGLE LMC-DSCT-2097,4658456837970496000,delSctV*
OGLE LMC-DSCT-1667,4658109838984951296,delSctV*
OGLE BLG794.23   2149,4134565596259780224,delSctV*
OGLE GD1363.09.00242,5241818090837150464,delSctV*
2MASS J16442563+3709095,1328197371906850816,delSctV*
ATO J304.8357+24.5447,1832163268159613184,delSctV*
CoRoT 105833663,4286494807316385408,delSctV*
ZTF J183132.28+250800.6,4536526397154661504,delSctV*
ATO J300.9415+31.6349,2030989811247242752,delSctV*
SDSS J143307.44+453349.7,1494344500963707008,delSctV*
TYC 4208-659-1,1440618965512607488,delSctV*
SDSS J024132.57+002324.1,2498865986321535744,delSctV*
ATO J110.6930+02.8179,3136128842586460160,delSctV*
ATO J294.9282+38.3663,2052129635953879040,delSctV*
2MASS J20011037+4532174,2085204324410681088,delSctV*
ATO J108.6646+07.5039,3153352554796240768,delSctV*
ATO J184.1261+16.5895,3946404586528658048,delSctV*
ATO J104.9585+04.9474,3128708754004471424,delSctV*
ZTF J115500.00+172038.3,3926451817739053568,delSctV*
ATO J294.5525+14.7596,4318092847380701312,delSctV*
ZTF J070448.41+761110.9,1139517774965989120,delSctV*
UCAC4 680-069234,2127452096627908224,delSctV*
ATO J109.6675+58.3154,990339159749582720,delSctV*
TYC 3557-1946-1,2079814484051644544,delSctV*
OGLE LMC-DSCT-746,4652070633924151936,delSctV*
ATO J347.9509+17.4572,2818406300400352640,delSctV*
[DCT2018] F20a 29196,5593023274629005952,delSctV*
ATO J280.3391-03.5012,4258521994558420992,delSctV*
[DCT2018] F20b 26350,5593399067087875456,delSctV*
ZTF J000612.71+511539.5,395519934819294592,delSctV*
2MASS J19443969+4346448,2079548058638489984,delSctV*
[SSV2012] 3032491,3266790402086573440,delSctV*
CRTS J072419.1+385323,900022908117545856,delSctV*
TYC 3147-12-1,2078093198598318336,delSctV*
ZTF J051200.98+385215.1,188276625932182656,delSctV*
[SSV2012] 2477633,5188004865011442048,delSctV*
OGLE LMC-DSCT-1659,4658641835045877248,delSctV*
ZTF J194302.47+324732.2,2034867067217027712,delSctV*
ATO J286.9595+39.6411,2100475303964991360,delSctV*
[DCT2018] F20c 23552,5611647799013087616,delSctV*
OGLE GD1415.07.00031,5308559206854301184,delSctV*
ATO J296.0541+45.0586,2079763872156266112,delSctV*
OGLE BLG-DSCT-07078,4050364098408072832,delSctV*
ATO J291.1880+29.7009,2038562388343859072,delSctV*
CRTS J170316.9+192352,4561206000786276224,delSctV*
2MASS J19562210+4356351,2078990640605575680,delSctV*
ZTF J215816.30+305153.0,1897768751853135232,delSctV*
2MASS J19260268+4341017,2126139417186912768,delSctV*
[DCT2018] F20b 24486,5593429784695067264,delSctV*
UCAC4 656-080735,2075317344061191680,delSctV*
ZTF J223010.89+520857.1,2000681876292067968,delSctV*
2MASS J18444028+4243126,2116744055965599360,delSctV*
TYC 3556-1050-1,2128198561949166592,delSctV*
TYC 3148-2091-1,2078054028495964800,delSctV*
*  60 Tau,3311000119668435200,delSctV*
ATO J253.5017-06.1407,4341121770477416960,delSctV*
OGLE GD1927.21.22824,5930823758204764032,delSctV*
TYC 3134-2263-1,2051918907681443712,delSctV*
ATO J071.2936+39.7746,202813857574852608,delSctV*
ATO J098.9339+14.5318,3356113047399312896,delSctV*
ZTF J191307.69+264534.0,2036297703623259392,delSctV*
ATO J273.4280-17.1406,4097462434620085760,delSctV*
OGLE GD1159.01.01235,5834948543292784640,delSctV*
ATO J090.9197+42.8444,960880150865578752,delSctV*
ZTF J005858.40+650542.0,524308377480331264,delSctV*
CoRoT 110669357,3102088374909845504,delSctV*
2MASS J19395124+4617155,2080092179455846400,delSctV*
ATO J259.6912-17.2952,4135160260252016512,delSctV*
OGLE LMC-DSCT-60,4655799146494360320,delSctV*
OGLE GD-DSCT-1808,5640381881831528448,delSctV*
ATO J290.4986-03.0544,4214332789717188224,delSctV*
ATO J283.3445+35.1053,2093190695835167104,delSctV*
OGLE GD-DSCT-3094,5339317318765138432,delSctV*
ATO J091.6398+22.1550,3423540941568989696,delSctV*
ZTF J223143.03+521722.3,2000707096340777984,delSctV*
UCAC4 607-023989,3444924411206242176,delSctV*
UCAC4 655-080674,2073819976714393856,delSctV*
TYC 1876-325-1,3431422305337621632,delSctV*
[FCC2013] F17 29533,5895896431268016128,delSctV*
TYC 3135-470-1,2052327616764971520,delSctV*
ATO J112.4269-33.3268,5591751998667122816,delSctV*
[DCT2018] F20b 23340,5593382505693936512,delSctV*
ATO J093.9021+32.1759,3439721835718693760,delSctV*
ATO J087.7116+15.5377,3348030434344698240,delSctV*
OGLE GD1512.24.08395,5523059180782496000,delSctV*
ATO J327.8942-17.5373,6837084187108094976,delSctV*
ZTF J192317.74+385749.7,2052865900729234048,delSctV*
ATO J077.2149+22.9015,3415400432353388928,delSctV*
ATO J279.8066-03.5225,4259280485810013440,delSctV*
ATO J287.5973+34.4096,2044321217915491584,delSctV*
ATO J027.3093+54.4696,408481184042780928,delSctV*
HD 196414,6861293341504606848,delSctV*
OGLE LMC570.32.001149,5284223990856414080,delSctV*
OGLE LMC-DSCT-1307,4651368080302160896,delSctV*
ATO J062.8642+51.2169,271707160231731456,delSctV*
ATO J285.8163+10.7083,4312555500660163840,delSctV*
V* QY CMa,5616537086705980672,delSctV*
TYC 3147-1439-1,2125895871060382464,delSctV*
[DCT2018] F20c 06026,5599498229888472960,delSctV*
HD 179936,2102076261615553664,delSctV*
Cl* NGC 2158    MSS V36,3426177570452476032,delSctV*
ATO J277.4212+06.7015,4477205850747730560,delSctV*
Cl* NGC 6811    SAN      86,2128121493055456512,delSctV*
ATO J038.8203+45.4850,341735502474400000,delSctV*
ATO J172.0050+05.9058,3814207279864304000,delSctV*
ZTF J212010.59+231346.2,1792205362025507328,delSctV*
OGLE BLG787.5     49,4152551166936355200,delSctV*
ATO J343.8977+57.4864,2010108573590867328,delSctV*
2MASS J19011876-0345276,4254772522488739456,delSctV*
TYC 3556-3270-1,2080067577883107712,delSctV*
ATO J110.3300-15.3713,3031190417740671744,delSctV*
ATO J111.6325-03.9087,3060497114207708032,delSctV*
V* AZ Phe,4985824231651870080,delSctV*
ATO J104.8316+07.5467,3154059746931971968,delSctV*
V* V1139 Her,1397868441596771712,delSctV*
ZTF J224346.97+273850.5,1884039150159051776,delSctV*
ZTF J183128.61+192642.9,4525190191753127936,delSctV*
* del Sct,4155413814250528128,delSctV*
OGLE GD1219.05.01498,5877375329752038784,delSctV*
ZTF J105036.95+222248.3,3989322648529489792,delSctV*
ZTF J160930.35+033259.4,4413186614420309632,delSctV*
OGLE BLG948.8    879,4037721814713913216,delSctV*
2MASS J19473099+4242083,2077196581227117312,delSctV*
LINEAR 23846829,3811483175382442624,delSctV*
OGLE GD2007.32.00305,5855716015780516736,delSctV*
ATO J301.2467+09.2102,4299177433409222656,delSctV*
ATO J312.4290+09.0681,1750130835897243520,delSctV*
NGC  1817     7,3394743769962750592,delSctV*
ATO J209.3342+35.8276,1483144261344524288,delSctV*
CRTS J234118.8+004255,2643010762427776000,delSctV*
OGLE LMC-DSCT-2003,4658004835759202560,delSctV*
ATO J042.7303+43.3902,337429643141252992,delSctV*
ATO J290.3934+23.7790,2022390977494716672,delSctV*
OGLE GD2206.21.12657,5896030704800689280,delSctV*
ATO J269.2859+08.7830,4476430218310805248,delSctV*
OGLE LMC-DSCT-1504,4651915740219986176,delSctV*
OGLE GD-DSCT-1,5253525557519971328,delSctV*
TYC 3133-1717-1,2127148420964413568,delSctV*
OGLE GD-DSCT-5456,5884739927292492928,delSctV*
CRTS J021914.2+130059,73923263407504512,delSctV*
ATO J256.6055-18.8093,4129285157299052672,delSctV*
ATO J075.2286+24.8116,3419610977771266688,delSctV*
OGLE LMC-DSCT-179,4661741014732256384,delSctV*
OGLE GD2096.10.09661,5317296407281102848,delSctV*
ATO J067.1608+42.7546,252484673317982720,delSctV*
OGLE LMC-DSCT-716,4661907036672566272,delSctV*
[FCC2013] F19 96792,5931874066686061056,delSctV*
OGLE GD1385.12.00020,5351806263343153152,delSctV*
OGLE GD2007.21.15777,5856963961477892224,delSctV*
TYC 3120-1273-1,2100382322216441216,delSctV*
ZTF J133351.52+082211.6,3719606570720561792,delSctV*
ZTF J065112.76+741000.7,1114886034444678656,delSctV*
ZTF J201119.55+075509.5,4250758789605923200,delSctV*
ATO J123.8256-29.1113,5692659609592088320,delSctV*
OGLE BLG902.3  21149,4112576321455977088,delSctV*
ZTF J214818.19+445639.1,1973513734237593728,delSctV*
UCAC4 671-076909,2079619629973989504,delSctV*
UCAC4 687-066805,2130846082867308032,delSctV*
ATO J189.5720+39.5542,1521610465187458688,delSctV*
[DCT2018] F20c 31911,5611734763514184960,delSctV*
ZTF J122618.43+041756.2,3707689857540192256,delSctV*
ATO J098.2188+56.3171,995141452878479232,delSctV*
V* V693 Pup,5727489973287041664,delSctV*
OGLE GD1987.32.03505,5850908401201834880,delSctV*
ZTF J145022.11+533724.8,1606188236787093504,delSctV*
TYC 3124-2058-1,2103794592131024128,delSctV*
V* XX Scl,5015291860533730688,delSctV*
V* V2251 Cyg,2166144494931358336,delSctV*
OGLE LMC-DSCT-27,4656299046321982720,delSctV*
ZTF J171430.18+201151.1,4566736750433939456,delSctV*
2MASS J19341609+4207499,2077726683266921856,delSctV*
ATO J309.2667+35.0514,1864436064736172288,delSctV*
2MASS J21294452+0102525,2688441380297148544,delSctV*
ATO J298.7431+10.7861,4303411996287925504,delSctV*
2MASS J19000403-0329478,4255545474820873216,delSctV*
OGLE GD1950.15.19091,5833083732823973248,delSctV*
[DCT2018] F20d 17647,5612779913727836160,delSctV*
ZTF J153943.71+355031.8,1374585664403547776,delSctV*
ZTF J210505.34+275119.0,1845289031801139328,delSctV*
PB  5064,2680361339926506880,delSctV*
TYC 3550-1718-1,2132826234588884992,delSctV*
CRTS J091714.3-355712,5623441229447091968,delSctV*
ZTF J181206.36+293843.8,4589707987878636544,delSctV*
CRTS J134405.4-060423,3632327268988255488,delSctV*
TYC 3140-521-1,2076771512601643648,delSctV*
ATO J037.3261+23.0959,101499118111449216,delSctV*
OGLE LMC562.04.013056,4659180561380102784,delSctV*
V* V587 Aur,206042917069233664,delSctV*
OGLE GD2326.06.00042,5639869891675677440,delSctV*
2MASS J19372676+4015458,2076526257092678144,delSctV*
OGLE LMC-DSCT-2510,4659294115997356416,delSctV*
ATO J253.9336-02.1956,4378452908957494272,delSctV*
HD   8457,2457857471077448576,delSctV*
ZTF J191607.96+272944.1,2036443418961217280,delSctV*
BD+44  3115,2127026070235453952,delSctV*
ATO J107.4907+09.6974,3156288972396993792,delSctV*
2MASS J19514556+4826343,2086546896827882496,delSctV*
TYC 3561-842-1,2086595992588652416,delSctV*
ATO J112.3779-08.3675,3053769752315176832,delSctV*
OGLE GD2251.25.02256,5343453582735461504,delSctV*
2MASS J19320692+3819596,2052258351838555136,delSctV*
UCAC4 663-080493,2077218708899102464,delSctV*
ATO J333.6254+55.2834,2005892324464319104,delSctV*
LINEAR 16858119,644271693132894720,delSctV*
ZTF J210558.84+471943.4,2165187335720285440,delSctV*
OGLE BLG710.17   4365,6760491524217992448,delSctV*
[DCT2018] F20a 00416,5591752337961312640,delSctV*
ATO J262.7365-19.9562,4121456394021558144,delSctV*
ZTF J204422.22+070039.6,1748175693768868608,delSctV*
UCAC4 432-021864,3102408160993888000,delSctV*
ZTF J210340.80+332943.4,1865566775001282432,delSctV*
OGLE BLG597.24    372,4039545144286175488,delSctV*
2MASS J19372132+4620022,2128108917391244288,delSctV*
ATO J299.1215+13.3896,4305085826634092160,delSctV*
ATO J046.7238+50.4113,439698685677798272,delSctV*
ATO J029.6167+38.4466,342971078665556480,delSctV*
TYC 3144-2068-1,2077261899091239680,delSctV*
CoRoT 110658805,3101952035469006592,delSctV*
V* MW Cam,1719678555695057280,delSctV*
ZTF J155333.91-191304.0,6247872501537591936,delSctV*
OGLE LMC-DSCT-53,4655805026307646848,delSctV*
ZTF J184237.01+580450.6,2154126588017938176,delSctV*
OGLE GD1287.10.00095,5858628484690739840,delSctV*
OGLE GD1936.30.24696,5928206435141119616,delSctV*
ATO J097.3633+20.5997,3372990202988957824,delSctV*
ATO J084.7102+44.1919,197115088806628736,delSctV*
ZTF J195023.17+075133.0,4298219105953551744,delSctV*
ZTF J191434.33+391921.7,2099704821192306304,delSctV*
ATO J057.5339+51.8689,251550706909854464,delSctV*
ATO J115.7762-14.4604,3029599669237883136,delSctV*
ATO J059.0943+29.9025,167194766074237184,delSctV*
ATO J036.4720+55.7228,457449721096557056,delSctV*
ATO J111.2255+38.9612,900026236717277312,delSctV*
UCAC4 655-076819,2076615867288484096,delSctV*
ASTEP V-1534,5919867090400227968,delSctV*
OGLE LMC570.04.003698,5283888257558047744,delSctV*
HD 225479,2076222650140682112,delSctV*
OGLE BLG602.26    478,4036462461631022720,delSctV*
OGLE GD1118.10.34058,5931214462799925760,delSctV*
ATO J281.3217-04.9969,4253641842249016064,delSctV*
2MASS J19190283+4342472,2102828495067618560,delSctV*
ATO J090.9843-01.7629,3025244263155239680,delSctV*
ATO J277.7033+19.6312,4525243174470483712,delSctV*
ZTF J185816.12+201048.1,4518851094915809280,delSctV*
ATO J280.1802+07.7831,4286778854974019968,delSctV*
HD 177702,4269372937403226752,delSctV*
ZTF J173851.80+231620.6,4557299534753024640,delSctV*
ZTF J203649.32+135716.6,1756350567018563712,delSctV*
2MASS J19453512+5000254,2135287555787069568,delSctV*
OGLE BLG-ELL-18626,4062437319977784192,delSctV*
ZTF J151610.75+464847.4,1587768423427929472,delSctV*
ZTF J005204.12+650259.1,524530135231045632,delSctV*
ATO J101.1116+26.0074,3384787795254186240,delSctV*
ZTF J192442.95+311428.9,2038999886576026752,delSctV*
[FCC2013] F17 13675,5896219202320814208,delSctV*
ATO J264.7345-13.7726,4161389316301294208,delSctV*
TYC 3127-1857-1,2104099844045876864,delSctV*
ATO J308.1804+28.2792,1857148913983241856,delSctV*
ATO J261.5493+24.4333,4569458110430886912,delSctV*
ATO J320.1269+36.1416,1867567538259903232,delSctV*
ZTF J151902.62+465550.4,1588095390698661632,delSctV*
TYC 3129-2485-1,2102910035026102144,delSctV*
OGLE GD-DSCT-42,5334646838251812864,delSctV*
ZTF J170838.02+234044.5,4571741074526322560,delSctV*
ATO J259.7232+07.2872,4394171935208097152,delSctV*
ZTF J211017.06+453436.9,2164054903139590528,delSctV*
ATO J034.0830+43.9577,351556061160417024,delSctV*
OGLE GD1947.32.17822,5834719943567595648,delSctV*
OGLE LMC-DSCT-24,4662652063162354560,delSctV*
OGLE LMC-DSCT-1827,4658434057453744256,delSctV*
OGLE GD1167.06.33255,5834129407134844544,delSctV*
TYC 3541-3314-1,2106239528033623040,delSctV*
ZTF J152952.80+394519.0,1389663950253913472,delSctV*
ATO J242.0246+34.1449,1323725378942122624,delSctV*
TYC 3136-1366-1,2073281529564716288,delSctV*
ATO J290.1834+03.5853,4292155505502910976,delSctV*
ATO J071.1935+30.5988,158699629999725440,delSctV*
ZTF J122454.20+231349.0,3953818146758417792,delSctV*
ATO J223.8324+39.8347,1296450794720411264,delSctV*
OGLE GD2283.26.05964,5407510339896992000,delSctV*
ATO J284.7441-05.4872,4253929501968543744,delSctV*
OGLE LMC-DSCT-2747,5278537316717783296,delSctV*
OGLE LMC-DSCT-283,4661561549506417152,delSctV*
2MASS J06432805+0803262,3134235449205198464,delSctV*
TYC 3546-988-1,2130960981832145280,delSctV*
V* V343 Aps,5796990000204008704,delSctV*
ZTF J193258.83+322643.1,2045493361724945152,delSctV*
ATO J301.9058+12.4562,1803063146738377216,delSctV*
BPS CS 22879-0034,6682814566769437952,delSctV*
OGLE GD2204.26.00209,5894625533260058240,delSctV*
[DCT2018] F20a 19345,5592978984925611264,delSctV*
ATO J032.4123+59.9177,507142905027850880,delSctV*
ATO J077.7638+18.7711,3407578644072099584,delSctV*
ATO J278.5522-05.0108,4256446185315569536,delSctV*
ATO J075.1890+32.5617,160609481697780608,delSctV*
ATO J045.8224+45.5183,433322931283115392,delSctV*
ATO J087.6182+36.9001,3456163073607884288,delSctV*
ATO J300.1955+10.0273,4300089409585220480,delSctV*
ATO J113.3462+09.3696,3149440213249501696,delSctV*
OGLE LMC-DSCT-2695,5279648334555656832,delSctV*
ATO J094.0493+24.0317,3425636679449981184,delSctV*
ATO J072.8037+16.3054,3405222390653158272,delSctV*
ATO J344.3998+51.7477,1989395728719422848,delSctV*
2MASS J19531465+4736026,2086440171175169664,delSctV*
ASASSN-V J093415.00-323455.0,5631755354116196736,delSctV*
OGLE GD2027.05.01308,5234947208295089920,delSctV*
2MASS J19494663+4144154,2076897892021950464,delSctV*
ATO J273.0230+09.4991,4482014637872057344,delSctV*
TYC 8715-2115-1,5931499201944570880,delSctV*
OGLE LMC-DSCT-793,4658222882644683264,delSctV*
ATO J115.6028-32.4908,5597985508042915072,delSctV*
ATO J088.5841+23.7298,3427829930270870784,delSctV*
V* V1119 Cas,509877459173272960,delSctV*
UCAC4 605-025884,3444850129750467072,delSctV*
ATO J285.8849+39.0860,2100072951429550336,delSctV*
ZTF J233409.04+232400.6,2828065716209185920,delSctV*
2MASS J18522468+4751203,2107676692808749696,delSctV*
2MASS J19450965+3939563,2073306783972933120,delSctV*
2MASS J19261563+3852467,2052756087007506944,delSctV*
2MASS J19385993+3900127,2052209286136781312,delSctV*
ATO J297.8763-00.5164,4235581921375302272,delSctV*
[FKC2012] LRa02b2 62025,3102025668387669504,delSctV*
V* V461 Per,441645237877148672,delSctV*
ATO J278.2109+04.9810,4284630860219244928,delSctV*
TYC 3558-2291-1,2082167091036642304,delSctV*
ATO J105.8191-18.7129,2932892158376270208,delSctV*
ZTF J193821.72+302858.6,2032524037965438592,delSctV*
ZTF J204525.86+145606.9,1762311638027412608,delSctV*
OGLE LMC-DSCT-797,4652021361985862784,delSctV*
ATO J082.6018+42.7097,195406069781396352,delSctV*
ATO J093.3217+32.6697,3439985237473929984,delSctV*
OGLE GD1597.20.00043,5718517958408326656,delSctV*
ATO J231.2738+30.0693,1273780990963392768,delSctV*
ATO J079.5875+30.0887,3446721979577353728,delSctV*
V* V382 Vul,1836387935431409792,delSctV*
ZTF J175045.11+174829.5,4551046994383229568,delSctV*
ATO J285.1944+23.5156,4533079496927086720,delSctV*
SDSS J152836.12+311815.0,1274326593545417344,delSctV*
ATO J034.8562+52.7420,455085393135917568,delSctV*
HD 188565,2079104921097398528,delSctV*
ZTF J182203.53+254317.2,4584801039284908288,delSctV*
ZTF J180423.93+250054.1,4579528090753758848,delSctV*
V* NP Lib,6311801685284537984,delSctV*
ATO J287.0112+18.6910,4514747442657826560,delSctV*
OGLE LMC-DSCT-2697,5278502162400388352,delSctV*
ATO J323.4014-07.6716,6894977842293028096,delSctV*
BD+46  2714,2128282915105870720,delSctV*
ZTF J121537.78+174957.5,3946805702114562688,delSctV*
ATO J188.1422+05.3112,3708229069210807040,delSctV*
ATO J253.6910+09.2129,4444226862761172096,delSctV*
UCAC3 274-163500,2086310673624821120,delSctV*
[KER2009] lra2b   629,3101893623914972672,delSctV*
ATO J302.3711+19.0873,1822382081442251520,delSctV*
ATO J100.0267+25.1126,3383229512400191872,delSctV*
ATO J002.1521+53.5716,420052135179387392,delSctV*
CRTS J065345.6+611241,1003789180550713216,delSctV*
OGLE LMC-DSCT-51,4656238985510754816,delSctV*
OGLE BLG880.14  17578,4112927413586416128,delSctV*
V* V2109 Cyg,2087473922569567744,delSctV*
OGLE LMC-DSCT-1711,4658098225382588160,delSctV*
ASAS J173701+2532.2,4593795525433267456,delSctV*
ATO J269.7969+07.3856,4476033805714661376,delSctV*
OGLE GD-DSCT-6645,4156712642340980096,delSctV*
ATO J085.6763+22.3324,3403475713354685568,delSctV*
ATO J118.0613-25.1274,5602447979076046848,delSctV*
ATO J045.8984+51.5466,440058470797655936,delSctV*
V* V342 Aps,5796981444628783744,delSctV*
TYC 3134-1001-1,2052840096564568704,delSctV*
ATO J104.7691-15.5767,2947854346965692288,delSctV*
OGLE BLG945.18    783,6725488498537121536,delSctV*
ATO J067.8337+48.6887,258423719734264960,delSctV*
UCAC4 444-020648,3107257316513068160,delSctV*
ATO J100.3297+35.0081,941866953417807104,delSctV*
HD 311737,5214573949318710400,delSctV*
ATO J073.9485+54.2763,273206069453883520,delSctV*
TYC 3557-1722-1,2079469477918827904,delSctV*
ATO J330.5193+50.5652,1979954879520550656,delSctV*
OGLE GD1946.05.02897,5834687168743452416,delSctV*
[DCT2018] F20d 20443,5612409657491430656,delSctV*
ATO J002.3396+57.9208,422486763162637312,delSctV*
TYC 3120-1088-1,2099851090598874496,delSctV*
[MTR2015] OW J075847.06-264043.8,5601265797907975936,delSctV*
TYC 3120-867-1,2099648368142589568,delSctV*
ATO J262.8069+49.4668,1366458074450384640,delSctV*
OGLE GD1923.30.00169,5936133883957465472,delSctV*
SDSS J134850.84+631133.1,1664961904998860800,delSctV*
OGLE LMC-DSCT-1983,4658030025588843776,delSctV*
ZTF J195508.05+153724.8,1819629179185140224,delSctV*
ATO J263.5694+25.2044,4569931690703787392,delSctV*
OGLE LMC-DSCT-2076,4651090591081685120,delSctV*
ATO J083.1628+26.4093,3441893302464575104,delSctV*
TYC 3541-94-1,2107231180142173824,delSctV*
OGLE LMC-DSCT-132,4655556394960062208,delSctV*
OGLE GD2371.12.00024,2929517619752061440,delSctV*
ATO J090.7300+13.3818,3343609431229785472,delSctV*
2MASS J19562502+4049340,2075109192773202816,delSctV*
ATO J263.3374+55.1000,1420944270085956864,delSctV*
UCAC4 672-015717,432824749436487808,delSctV*
ATO J085.6675+02.1523,3223018917199922432,delSctV*
HD 226009,2073736143262008832,delSctV*
CoRoT 102794767,3107352248167225472,delSctV*
ATO J270.2256+24.3734,4577889990229217280,delSctV*
[DCT2018] F20a 12355,5592912223952224384,delSctV*
OGLE LMC-DSCT-2329,4651018538696572544,delSctV*
HD 173471,4539153336592326144,delSctV*
[DCT2018] F20c 07089,5605551896092009728,delSctV*
OGLE LMC-DSCT-54,4655642637893904256,delSctV*
[DCT2018] F20d 18023,5612405431243883648,delSctV*
CRTS J195339.1-475548,6671212034740462848,delSctV*
ZTF J161332.62-032459.4,4405087272473181312,delSctV*
ATO J287.7067+00.4301,4264199185435963520,delSctV*
CRTS J020538.9+335455,328927325881196160,delSctV*
ZTF J175634.54+131946.3,4496649446872568576,delSctV*
ATO J293.4813+29.3359,2032341179783080832,delSctV*
UCAC4 422-020847,3100423095830801664,delSctV*
2MASS J19011689-0251036,4261642271131535872,delSctV*
2MASS J12112095+2919280,4013188136821478528,delSctV*
ATO J312.8557+47.5880,2166897110654572544,delSctV*
ATO J081.6881+58.8620,281845482067516800,delSctV*
OGLE GD-DSCT-824,3048252677844774656,delSctV*
ATO J096.4505+11.3415,3331064248374065280,delSctV*
2MASS J16301096-0420006,4357262433671237248,delSctV*
OGLE BLG-DSCT-11641,5980218596528036352,delSctV*
OGLE GD1388.13.00202,5254712927004432512,delSctV*
2MASS J19265854+4218104,2101754379588885632,delSctV*
ATO J107.3068-13.4373,3044646966901393280,delSctV*
ATO J098.8888+29.7224,3434863231274330624,delSctV*
ATO J273.6163+03.1647,4469967426409040896,delSctV*
ZTF J222405.58+532414.7,2001707166582637824,delSctV*
TYC 3132-1272-1,2105958946409954176,delSctV*
[FCC2013] F19 90425,5931385776064215552,delSctV*
ROTSE1 J180358.09+311133.1,4602859761853734784,delSctV*
UCAC4 690-070518,2080651964013293696,delSctV*
ATO J301.2637+06.1291,4248825951250311808,delSctV*
[DCT2018] F20a 01063,5591755842654643840,delSctV*
ATO J280.2750-08.1260,4251807380209098752,delSctV*
BOKS 21897,2128112761380161664,delSctV*
CRTS J063948.7+465715,966423033795153408,delSctV*
2MASS J16371460+2107015,1297635415421032448,delSctV*
TYC 3551-24-1,2130155898801940608,delSctV*
OGLE GD2273.09.09518,5357245341210048384,delSctV*
ATO J110.4730+19.9647,3362917405167990784,delSctV*
ATO J105.2204-04.0821,3101812603650472320,delSctV*
OGLE GD-DSCT-3144,5339667100901937408,delSctV*
CoRoT 105237953,4286757345756267776,delSctV*
BD+44  3113,2127022050146041856,delSctV*
OGLE LMC-DSCT-442,4655149850585848320,delSctV*
ZTF J213724.66+442507.7,1967997724921703552,delSctV*
OGLE GD1265.32.00103,5869951152347377152,delSctV*
ATO J335.4816+54.9984,2005165199369106688,delSctV*
SDSS J001544.29+003735.1,2545604438912468608,delSctV*
ZTF J222211.23+233716.9,1878258265911807104,delSctV*
V* V1222 Sco,5969698400492229376,delSctV*
V* V878 Cas,429942998190576384,delSctV*
ATO J070.0169+41.4658,203213736208517376,delSctV*
ZTF J223519.09+444448.9,1982139982771003264,delSctV*
UCAC3 268-152259,2117129847107499648,delSctV*
ATO J281.3498+30.3662,2089685109168943232,delSctV*
TYC 3558-790-1,2085198998650909952,delSctV*
ATO J285.6094-00.9926,4265481731390539008,delSctV*
SDSS J080912.94+181037.6,668972015694255872,delSctV*
OGLE LMC-DSCT-1614,4657963603948361088,delSctV*
2MASS J19401867+4305239,2077966990976081792,delSctV*
V* V3453 Sgr,4045022193956478208,delSctV*
2MASS J19554841+4411008,2079029089153328128,delSctV*
OGLE LMC-DSCT-1409,4658305487541683968,delSctV*
ATO J322.5059+46.2605,1971440261477925120,delSctV*
OGLE BLG505.10 149827,4062332080451872384,delSctV*
2MASS J19215635+4035493,2101189161893059968,delSctV*
ZTF J200421.23+442113.2,2081885478617571200,delSctV*
HD 184333,2128919910295471616,delSctV*
ATO J298.7221+11.1724,4303460615318936320,delSctV*
ASTEP V-0400,5822553263292195584,delSctV*
KOI-5709,2106557591831459200,delSctV*
ASTEP V-0071,5918288668435882880,delSctV*
2MASS J19270034+4344302,2126131651885944448,delSctV*
TYC 9181-842-1,5266903384176544640,delSctV*
OGLE LMC-DSCT-2212,4657664678471809152,delSctV*
OGLE GD2064.21.00010,5256013099481467136,delSctV*
ZTF J174841.76+075519.9,4487947671333379840,delSctV*
[FCC2013] F19 15015,5928327999871849088,delSctV*
CRTS J080501.9+194716,670485145555621632,delSctV*
2MASS J19130035+4241540,2102527886016587776,delSctV*
KOI-6261,2051660389313246080,delSctV*
ATO J221.9968-01.1018,3650501268482714752,delSctV*
ATO J314.6570+31.5874,1864839929096047488,delSctV*
ATO J350.7632+54.0905,1995873226601626752,delSctV*
ATO J129.8420+42.7391,916534132501147904,delSctV*
TYC 3149-453-1,2079311526201070336,delSctV*
ZTF J201957.32+181239.7,1810072464641563008,delSctV*
ZTF J195606.05+140158.4,1807171983023716864,delSctV*
CoRoT 105701563,4285461949258412544,delSctV*
UCAC4 430-022221,3102335833745554176,delSctV*
OGLE GD2323.14.00263,5638520069352374016,delSctV*
[KER2009] lra2a   579,3105417867917082880,delSctV*
OGLE GD-DSCT-6955,4252068548588391296,delSctV*
2MASS J06432361+0923269,3326648781472476672,delSctV*
ATO J093.8115+26.2842,3426934515488014592,delSctV*
OGLE GD2212.01.00636,5871169067613509504,delSctV*
V* V794 Cep,573725412188602112,delSctV*
ASTEP V-1121,5921552981019150464,delSctV*
ATO J289.9379-07.1845,4207860862422287488,delSctV*
ZTF J053921.93+081925.7,3334573958206541696,delSctV*
ATO J288.6701-07.2643,4204891562556672640,delSctV*
ATO J317.7060+39.4851,1968156329474701952,delSctV*
ATO J285.9523+30.7821,2041167882981536256,delSctV*
ZTF J200352.51+103545.9,4300507670681479936,delSctV*
ATO J009.4812+59.7492,425536327381718400,delSctV*
ASAS J192406+4432.8,2126246344693483008,delSctV*
ZTF J072950.47+610309.4,1087098004059983232,delSctV*
ATO J294.6190-05.2677,4209882344601080320,delSctV*
TYC 3561-434-1,2086538925367995520,delSctV*
KOI-2041,2076299826416672384,delSctV*
ATO J100.3893-13.1741,2952477690279324032,delSctV*
ATO J313.0323+39.2751,1872788161220968960,delSctV*
ATO J295.0543+31.7603,2033258172466859776,delSctV*
TYC 3561-622-1,2086733367124597760,delSctV*
ATO J282.4600-08.7915,4203530087971897472,delSctV*
OGLE LMC-DSCT-1858,4651836918995215104,delSctV*
ATO J354.4295+45.2009,1926798714983265408,delSctV*
OGLE BLG623.13  66012,4118243724155220736,delSctV*
TYC 3558-182-1,2085267988700744832,delSctV*
ATO J266.3046+21.2518,4555998060890165760,delSctV*
HD 225184,2444650481001321856,delSctV*
ROTSE1 J144111.82+382750.0,1487072988189453056,delSctV*
OGLE LMC571.29.006173,5476740260607507200,delSctV*
ATO J088.2645+35.9657,3455174440855826048,delSctV*
OGLE GD1534.31.00131,5692552609056504448,delSctV*
ATO J101.9446+18.4886,3359377222543281920,delSctV*
BOKS 24727,2128148770387921408,delSctV*
V* BY Cnc,660990592068154752,delSctV*
2MASS J20023600+4430481,2082089575462744448,delSctV*
ATO J295.7847-13.0501,4183522622775916160,delSctV*
ATO J039.9817+46.0289,341110636273558144,delSctV*
ATO J321.6641+41.7640,1967272356482757120,delSctV*
CFHTLS 1221  80866,5759065816927391360,delSctV*
SDSS J155630.64+025159.0,4424817149638009088,delSctV*
OGLE BLG-DSCT-16208,4098588682424667008,delSctV*
ATO J100.4335+39.9564,945499636756670592,delSctV*
OGLE BLG598.2   1423,4038029948493606144,delSctV*
OGLE LMC-DSCT-1944,4658609158932538624,delSctV*
ZTF J105502.53+614217.0,1054055381838520960,delSctV*
OGLE BLG-DSCT-09521,4049764937403590144,delSctV*
OGLE GD2005.13.00048,5845060820398910464,delSctV*
2MASS J19555237+4340474,2078981397835737856,delSctV*
ZTF J175153.90+233308.7,4580411479628996096,delSctV*
V* UX LMi,731216154919585536,delSctV*
ATO J357.1586+51.9820,1945073800830664064,delSctV*
ATO J067.5767+34.8534,173281559365164032,delSctV*
ATO J002.4373+13.5038,2767813544158054528,delSctV*
ATO J106.3320-08.3210,3051530837401328768,delSctV*
2MASS J19293439+3758478,2051895238122822016,delSctV*
UCAC4 680-075819,2085262800380251904,delSctV*
2MASS J02305964+5254569,452472369394813312,delSctV*
ATO J101.7642+06.9022,3133122223741639168,delSctV*
OGLE GD1533.09.00243,5644654652734898688,delSctV*
TYC 3127-2035-1,2104474983668421504,delSctV*
[FCC2013] F17 67344,5892959395194062464,delSctV*
2MASS J06395028+1023520,3327003133454223616,delSctV*
V* V337 Ori,3422815779290253696,delSctV*
OGLE GD1945.18.00429,5829884708085850368,delSctV*
ATO J054.3139-28.5441,5057180814010228096,delSctV*
2MASS J17051263+6607385,1635581274974672768,delSctV*
UCAC4 664-076767,2077763448188913280,delSctV*
ZTF J204727.41+350148.7,1869513643796950528,delSctV*
TYC 3135-437-1,2052414894807365888,delSctV*
ZTF J005355.62+442312.9,377278280993316864,delSctV*
ZTF J201303.68+180726.7,1810219008933184896,delSctV*
ATO J316.4484+34.1046,1865614500678703488,delSctV*
OGLE BLG-DSCT-11639,4134438392191183616,delSctV*
ATO J107.6601-13.4844,3044589444398356608,delSctV*
2MASS J19004938-0254123,4261630107792612736,delSctV*
OGLE GD1910.08.03139,5925806927088880256,delSctV*
ZTF J194450.15+392021.2,2073292730839605888,delSctV*
ATO J116.8189-19.9936,5715738835384554368,delSctV*
ZTF J035203.11+072512.2,3277177424011361664,delSctV*
ATO J334.6220+46.4188,1963188559835334400,delSctV*
ATO J341.5846+52.2808,1990000601862359296,delSctV*
ATO J281.7657-18.9807,4098319714442908928,delSctV*
ATO J090.0585+05.4640,3321511068576356736,delSctV*
OGLE LMC-DSCT-152,4655429263966318336,delSctV*
OGLE GD1268.28.00020,5864991633357245696,delSctV*
UCAC4 431-022314,3102381188599318400,delSctV*
ATO J261.3997+02.4447,4387260753010460544,delSctV*
ZTF J163822.83+612320.8,1625380311033323392,delSctV*
OGLE GD2082.26.00344,5310665012144679936,delSctV*
ATO J359.9151+55.8382,1993968563221547008,delSctV*
ATO J123.0748+02.0529,3090744404204557312,delSctV*
ZTF J195729.08-100533.0,4191812901790758144,delSctV*
ATO J311.6781+22.5261,1842060247183598976,delSctV*
[WML2017] AST53328,5241839913596190976,delSctV*
CoRoT 102697897,3107244569050109312,delSctV*
OGLE LMC-DSCT-1884,4658659457285454464,delSctV*
V* AZ CMi,3088730511223509376,delSctV*
TYC 3700-1553-1,452979003739320960,delSctV*
[SSV2012] 2303445,2687646635252857344,delSctV*
ATO J121.4487-27.7016,5693976171685607168,delSctV*
HD 209430,6571357828976342784,delSctV*
ATO J003.2714+40.9692,383276804118617088,delSctV*
ATO J108.4791-01.9825,3108486089476705920,delSctV*
ATO J295.5187+03.2868,4289796606367347200,delSctV*
ATO J271.3785+26.5750,4583010587675825280,delSctV*
2MASS J19553693+4430230,2079089493574756864,delSctV*
ATO J008.5970+57.9660,424881327689280256,delSctV*
UCAC4 444-021175,3107059644936488064,delSctV*
ZTF J155149.65+305815.6,1321172557757348224,delSctV*
2MASS J19234500+3908256,2052962760833612672,delSctV*
HD  34296,4818882769866445184,delSctV*
ATO J275.7348+05.6262,4476696914309036928,delSctV*
OGLE GD-DSCT-7,5253658113092481792,delSctV*
[DCT2018] F20b 23853,5593438099753069312,delSctV*
ZTF J111654.96+191717.8,3978158963375268224,delSctV*
OGLE GD1950.30.21579,5833222584890135296,delSctV*
ATO J299.1163+12.8759,4304279442248737536,delSctV*
OGLE LMC-DSCT-467,4655197851232414848,delSctV*
UCAC4 669-076992,2079540121538885504,delSctV*
ATO J062.2623+39.0476,226153122177637760,delSctV*
CRTS J194153.4-330939,6741867343435702016,delSctV*
ATO J291.0450-13.0731,4187227182391026432,delSctV*
[DCT2018] F20a 08897,5592534232468919936,delSctV*
ZTF J191026.86+273921.4,2036603574010244480,delSctV*
CRTS J024048.2-070617,5177792983265315072,delSctV*
ATO J273.1563-19.0772,4095497366822627968,delSctV*
ATO J283.4483+12.4473,4504437867550556288,delSctV*
CoRoT 102776021,3107041709153424512,delSctV*
ZTF J212510.25+315904.8,1853511660787828608,delSctV*
OGLE LMC-DSCT-907,4652200719905081600,delSctV*
ATO J193.5219+10.2953,3735269221233443072,delSctV*
CRTS J055536.2-312424,2891120302881205120,delSctV*
OGLE LMC-DSCT-1479,4651868529971954304,delSctV*
ATO J010.1789+43.1167,387440959595353088,delSctV*
ATO J293.9084+06.0215,4294745611295959680,delSctV*
ZTF J222214.24+450908.6,1962088399672246912,delSctV*
HD  82396,5741114296739143936,delSctV*
BPS BS 16921-0056,1494278431483263360,delSctV*
BD+51  2575,2139245149110889216,delSctV*
CoRoT 105546138,4286761748125629440,delSctV*
V* V3446 Oph,4471101538291386240,delSctV*
ATO J030.5276+48.2871,356771358345172608,delSctV*
ATO J096.1202+26.6931,3432217016023981312,delSctV*
ZTF J220101.05+475938.7,1976128235453555968,delSctV*
CoRoT 100516716,4288630024543117184,delSctV*
ATO J290.7464+05.4905,4293014219757278336,delSctV*
OGLE LMC-DSCT-811,4652216456642516992,delSctV*
ZTF J200412.66+470644.9,2085746933398843904,delSctV*
ATO J036.4261+36.9010,328330531586843136,delSctV*
ATO J234.0830+55.8663,1601226759285787136,delSctV*
ZTF J212011.60+050203.4,1732453708284128128,delSctV*
ATO J036.1857+55.4322,457416735747145856,delSctV*
ATO J282.6465-10.6057,4202991434726316928,delSctV*
OGLE J051156.28-692437.0,4658214434319831936,delSctV*
2MASS J06380305+0919016,3326788075853584128,delSctV*
ATO J271.2016+35.5529,4606382322230705920,delSctV*
ATO J075.9518+43.0745,202408000345529216,delSctV*
ATO J319.6669+46.5036,1972013278831011712,delSctV*
UCAC4 101-017925,5278885067324654336,delSctV*
ZTF J051527.78+703658.8,497775267813584000,delSctV*
ATO J287.4002+32.6584,2043306128165900416,delSctV*
ATO J116.0947-13.5325,3030515253184293760,delSctV*
ZTF J194359.80+444820.7,2079751949326910208,delSctV*
UCAC4 691-071288,2085729233832504320,delSctV*
[FCC2013] F19 119294,5931468106377552000,delSctV*
OGLE BLG860.28  13929,6034572060432000384,delSctV*
ATO J165.9750+39.8917,777003053210700672,delSctV*
OGLE BLG-DSCT-08259,4050752333174654976,delSctV*
ATO J179.1457-04.8753,3599159573024012160,delSctV*
CRTS J072502.6+341446,893777682072340608,delSctV*
ZTF J154754.46+201010.2,1216113465810464640,delSctV*
OGLE LMC-DSCT-261,4662145149651463040,delSctV*
2MASS J19523705+4428584,2079265071834082688,delSctV*
TYC 3549-2273-1,2131988642946874496,delSctV*
TYC 7438-1045-1,6740429010426625664,delSctV*
Cl* NGC 6341    SAW V41,1360404434010244864,delSctV*
ATO J297.3380+06.7819,4297707141539060352,delSctV*
ATO J336.7649+10.0511,2723266761839253504,delSctV*
OGLE BLG886.31  39604,6026833555844795648,delSctV*
NGC  6611   491,4152618099705619712,delSctV*
ATO J276.5756+12.4582,4484393740524613632,delSctV*
OGLE GD-DSCT-2473,5404994244984940928,delSctV*
OGLE GD-DSCT-20,5242024695921157760,delSctV*
ZTF J220341.62+470148.7,1975266596292003584,delSctV*
HD 207658,6572421499100367488,delSctV*
ZTF J164821.09-201439.5,4130405624060023680,delSctV*
OGLE BLG505.19   1833,4062334554315159040,delSctV*
ATO J083.2928+52.4382,263762840820204544,delSctV*
ATO J294.7468+27.8995,2031213012147365632,delSctV*
TYC 3565-1472-1,2135340366704940160,delSctV*
ATO J273.0739+07.7966,4481138258388009984,delSctV*
ATO J323.7609+27.5485,1800700330597315200,delSctV*
ATO J265.5455-14.0345,4149436559769849088,delSctV*
UCAC4 661-083010,2075433995376271744,delSctV*
ZTF J191745.63+044056.2,4293236561622257792,delSctV*
ATO J313.2994+29.9614,1858627997640812800,delSctV*
ATO J075.4457+53.4355,266926479370982400,delSctV*
ZTF J193437.12+434242.4,2078253791714409600,delSctV*
ATO J059.1175+40.3639,230108340380324352,delSctV*
UCAC4 694-064002,2131184178392276992,delSctV*
ATO J296.2637+01.8015,4241356453367771008,delSctV*
ATO J102.1334+08.9461,3158238951971326976,delSctV*
ATO J007.3431+52.8151,416394815905611520,delSctV*
V* V388 Cep,2227360354560214912,delSctV*
ATO J045.9012+05.7055,6911667531254912,delSctV*
[DCT2018] F20b 24278,5593394462883249280,delSctV*
BD+48  2845,2131231319953306624,delSctV*
ZTF J125505.08+632731.8,1676664350850515968,delSctV*
ATO J339.3631+53.7819,2003043558546858624,delSctV*
CoRoT 101392446,4287775257322817152,delSctV*
ATO J282.0607+41.8234,2104646507482783232,delSctV*
ATO J177.5136-01.7622,3794344537885097472,delSctV*
ATO J169.1529+33.9938,758505762938179584,delSctV*
OGLE LMC-DSCT-479,4662111923791371264,delSctV*
TYC 3148-232-1,2079716348337533568,delSctV*
ATO J319.3754-09.0068,6896051103080734080,delSctV*
2MASS J19404832+4002288,2076297112001073408,delSctV*
SDSS J161028.22+125626.3,4458156025817867648,delSctV*
ATO J007.3702+54.3118,419585770451832960,delSctV*
OGLE BLG752.28  28911,4076808108693276032,delSctV*
ATO J255.7257+08.7593,4443248744089710848,delSctV*
ZTF J211120.06+455437.5,2164066933366675584,delSctV*
V* V837 Cen,5372736738472390912,delSctV*
V* BZ Boo,1448693126072144384,delSctV*
ZTF J201115.11+352108.6,2058872498414488704,delSctV*
ATO J290.4020+48.8540,2129580338825004672,delSctV*
ATO J277.6462-05.1835,4257174749201661696,delSctV*
ATO J292.8990+25.7174,2024580139524613376,delSctV*
CRTS J113904.7-410922,5384095685720165504,delSctV*
TYC 3560-1875-1,2128818927023378432,delSctV*
ATO J306.5688-02.3539,4228880260556763904,delSctV*
CRTS J082539.4+080447,599105507811366144,delSctV*
ATO J309.1591+32.2739,1862760580810405120,delSctV*
ZTF J155651.58+181603.3,1202696778251622144,delSctV*
SDSS J135412.74+651814.5,1671277435365140736,delSctV*
[MTR2015] OW J080517.37-310257.5,5595992230909520256,delSctV*
ZTF J165228.26+084330.7,4442686996726334720,delSctV*
ATO J007.2154+58.5357,427959719728129920,delSctV*
ZTF J130044.10+094153.5,3734392562573534720,delSctV*
ATO J057.6718+43.9100,243456995657564800,delSctV*
UCAC4 509-078954,4483964789242104192,delSctV*
ZTF J195608.26+403825.2,2073603549040400896,delSctV*
V* V2443 Cyg,1972334061343020160,delSctV*
ZTF J193705.53+112944.4,4315073863333742976,delSctV*
OGLE GD1941.11.14192,5831360596285468800,delSctV*
ATO J343.0172-00.8690,2650249362869191808,delSctV*
ATO J106.7407+26.9464,883254492504927616,delSctV*
2MASS J19115890+4612341,2130364183237962368,delSctV*
V* V830 Her,4596780940020308480,delSctV*
2MASS J19393394+4612353,2080086437078277376,delSctV*
ATO J127.8612+11.1163,602377585696781440,delSctV*
ZTF J131853.90+541027.3,1563625317041809920,delSctV*
ATO J042.4317+35.9352,140559199969732608,delSctV*
ATO J327.1612+22.8372,1793520377931127808,delSctV*
ZTF J152926.56+603935.9,1615347615322265216,delSctV*
ATO J337.0307+47.9467,1987392869513890176,delSctV*
ASTEP V-0126,5822539351905746560,delSctV*
[DCT2018] F20a 26446,5592959640391685632,delSctV*
ATO J250.6511-04.9824,4353645555811739136,delSctV*
NGC  6811   113,2128108745594158080,delSctV*
ATO J079.5723+31.5460,180393097496900352,delSctV*
ATO J292.2897+46.9678,2128358369091626368,delSctV*
ATO J110.4159+57.3174,989102346608014976,delSctV*
ATO J236.6926+56.1221,1598643594155175168,delSctV*
ATO J299.9134+30.6293,2030462556743954816,delSctV*
ATO J289.4823+44.2998,2126922956661040384,delSctV*
OGLE LMC-DSCT-1112,4651978343597175552,delSctV*
ATO J100.0160+12.1989,3352235104250185984,delSctV*
OGLE BLG814.16    967,4124651982795901440,delSctV*
ATO J102.9345+24.6858,3381310417931584000,delSctV*
OGLE LMC-DSCT-2701,5282799260009678592,delSctV*
ZTF J112629.01+612732.7,862543889621373696,delSctV*
ATO J327.1529+54.4547,2173938383111668736,delSctV*
OGLE LMC571.08.007043,5476425319249201024,delSctV*
GSC 04040-01606,512143690071260800,delSctV*
ATO J204.9748+35.8042,1471755172010285696,delSctV*
OGLE LMC-DSCT-1051,4651992946485181312,delSctV*
OGLE BLG-DSCT-15079,4093157571720529024,delSctV*
OGLE GD2009.08.09607,5843411037546444288,delSctV*
ZTF J011209.63+722505.1,535133997166475264,delSctV*
ATO J064.5132+35.3652,176192546463028992,delSctV*
OGLE LMC562.03.010856,4659177189834271616,delSctV*
ZTF J235426.41+552244.0,1994682356728398848,delSctV*
TYC 3146-1145-1,2126109111899398528,delSctV*
ATO J298.1364+48.4025,2086543117256728576,delSctV*
ATO J338.4226+31.9595,1901170507687816576,delSctV*
ZTF J195138.53-113103.5,4190116771965949696,delSctV*
[DCT2018] F20d 15638,5612034620949962240,delSctV*
ATO J277.3465+46.3495,2118679677465044992,delSctV*
ATO J334.5897+54.5564,2005069443088432896,delSctV*
CRTS J204404.2-083539,6903436488326153216,delSctV*
ZTF J190947.92+135209.8,4314355401212614784,delSctV*
UCAC4 654-079003,2073747825573662336,delSctV*
OGLE LMC-DSCT-2473,4657606400118214272,delSctV*
ZTF J200916.43+642455.0,2244455350891341440,delSctV*
ATO J112.3048-30.4624,5593453522965570432,delSctV*
ZTF J195710.90+065647.8,4297128111234135936,delSctV*
ATO J281.3273+21.2276,4531073300520557824,delSctV*
[DCT2018] F20c 22918,5611614470070027648,delSctV*
OGLE BLG-DSCT-07410,4062819159760769920,delSctV*
V* V417 Car,5290819583152032896,delSctV*
OGLE GD1995.09.10662,5844161591673326848,delSctV*
ATO J111.2786+19.8041,3362937711773833216,delSctV*
2MASS J19412718+5032414,2135176505114572800,delSctV*
ATO J110.6701-21.5114,5619865205322815872,delSctV*
OGLE GD1372.09.00027,5351297017673521280,delSctV*
ZTF J180255.42+112209.0,4494873490777216512,delSctV*
ATO J345.5024+54.8624,2008634369013102464,delSctV*
ATO J339.6426+51.4783,1989849311631150976,delSctV*
TYC 3547-1116-1,2129511241390841344,delSctV*
ATO J358.9630+37.9129,2881227618808149376,delSctV*
OGLE LMC-DSCT-882,4652191996765760512,delSctV*
OGLE LMC571.10.000563,5476419035706024960,delSctV*
TYC 3136-1311-1,2073276684841598720,delSctV*
OGLE GD2131.18.00369,5520751275824842496,delSctV*
OGLE GD-DSCT-6894,4203078944605866112,delSctV*
ATO J067.5924+42.7991,252300505118234624,delSctV*
ZTF J164840.73+031405.5,4386246586675348096,delSctV*
ATO J102.2881-10.3642,3050138301622507904,delSctV*
ZTF J175332.72+244905.8,4581163854817712512,delSctV*
ATO J265.4438+41.0675,1345547356155451136,delSctV*
KIC 9655978,2128128914759077632,delSctV*
OGLE GD1085.31.22806,5970024298293447936,delSctV*
ATO J212.0193+16.5790,1232964679799156864,delSctV*
ATO J081.1092+42.6403,195264503361049216,delSctV*
SDSS J083644.15+150859.7,657611792835599616,delSctV*
HD 205813,6893393205519365120,delSctV*
ATO J298.4068+01.3370,4240381770667820416,delSctV*
OGLE BLG-DSCT-01278,4060925049104376832,delSctV*
V* V5111 Sgr,6751242290670409344,delSctV*
BOKS 19504,2128198321431007104,delSctV*
ATO J042.6248+42.6169,337256263901965824,delSctV*
ATO J344.6169+34.7592,1915184848535275776,delSctV*
V* HZ Vel,5525892587887744640,delSctV*
CRTS J215429.6-065828,2666902703422614912,delSctV*
ATO J084.1058+38.3121,189702593730237568,delSctV*
ATO J027.6558+57.3280,505704468939960320,delSctV*
TYC 3561-371-1,2080659424373788288,delSctV*
OGLE LMC-DSCT-1921,4658574520056919296,delSctV*
[FCC2013] F19 72610,5928266981328936320,delSctV*
ZTF J114253.60+583314.4,846090552809299328,delSctV*
ATO J303.2434+50.5665,2088041957764011520,delSctV*
ATO J002.6994+48.2610,393143065553437440,delSctV*
CRTS J174340.1+361656,4608783655624636416,delSctV*
UCAC4 432-021917,3102413933429925248,delSctV*
ZTF J170423.41+175624.4,4560015882533129984,delSctV*
CRTS J103249.5+390617,755329411284550400,delSctV*
OGLE GD2254.30.00088,5346509056835519744,delSctV*
ZTF J080707.83+711411.8,1098561516587421184,delSctV*
2MASS J19154674+3000159,2039227799026262656,delSctV*
ATO J108.5134-05.0506,3059188523574441088,delSctV*
CoRoT 105669629,4285487379792639616,delSctV*
ATO J084.2690+39.1280,190861852644059776,delSctV*
HD 226262,2076907718907558016,delSctV*
OGLE GD1999.09.03060,5844472203689489152,delSctV*
HD 223676,2310593522216935424,delSctV*
ATO J040.8551+28.3734,127218619230485760,delSctV*
ATO J108.1293-04.3356,3059524424376614400,delSctV*
ATO J094.9100+10.9881,3330805858840895488,delSctV*
ASAS J194803+4146.9,2076953898398418304,delSctV*
ASTEP V-0225,5823907006945765248,delSctV*
OGLE GD1363.13.26074,5241868462236169216,delSctV*
ATO J062.3648+13.1797,3305300594987165824,delSctV*
OGLE GD1343.03.30753,5334407110296260224,delSctV*
TYC 3130-1745-1,2105256358479465600,delSctV*
2MASS J19485385+4417274,2078940200510169856,delSctV*
ATO J319.0633+39.6897,1965240836955290496,delSctV*
ATO J058.4762+13.2436,38620109704743680,delSctV*
[DCT2018] F20c 03061,5605501593425317888,delSctV*
ATO J063.8116+29.6703,165672217348756352,delSctV*
ATO J276.2824-17.7908,4096298154890850432,delSctV*
V* IN Lup,5997984299182053376,delSctV*
ATO J040.5156+54.3213,453936266048350976,delSctV*
OGLE BLG-DSCT-11286,4115588540964465664,delSctV*
ATO J167.8446+50.5511,838845943709443840,delSctV*
UCAC4 661-079477,2077117004074787328,delSctV*
ATO J096.6935+34.9338,942457288082133504,delSctV*
2MASS J19312298+4004109,2053296290815051392,delSctV*
OGLE GD1939.04.24348,5931428730113526656,delSctV*
UCAC4 652-081857,2075034597778558336,delSctV*
ATO J089.5656+32.1346,3450271546707669120,delSctV*
ATO J335.8260+55.3682,2005187984185741568,delSctV*
ATO J276.8823+16.5090,4522288511849961472,delSctV*
[FCC2013] F19 86369,5931397424017217280,delSctV*
UCAC4 104-019137,5280473281808848384,delSctV*
ATO J298.9644+14.0277,1807353990873860352,delSctV*
OGLE LMC-DSCT-2770,5279480865201148032,delSctV*
TYC 3162-191-1,2082105282169340544,delSctV*
V* GW Dra,1657222824904638208,delSctV*
ATO J343.6415+38.8904,1928508283764721152,delSctV*
OGLE GD1934.23.01220,5928750628963432448,delSctV*
OGLE GD2025.05.00008,5234286990236307840,delSctV*
[DCT2018] F20d 24966,5612429311261472896,delSctV*
[MTR2015] OW J075918.25-313721.6,5596075965590355200,delSctV*
2MASS J06413820+0829504,3134311452945972736,delSctV*
ZTF J192902.83+504900.4,2135937092283748608,delSctV*
ATO J102.4815+20.0982,3365818367817814016,delSctV*
OGLE LMC-DSCT-2758,5279694170451004032,delSctV*
ATO J268.9390+07.8920,4475937877619683456,delSctV*
OGLE GD1491.28.00008,5524175498622555904,delSctV*
2MASS J19495316+4304126,2078542074225048064,delSctV*
ZTF J192302.46+274046.5,2025986964623691008,delSctV*
2MASS J19370332+4713165,2128588235741252864,delSctV*
ATO J294.8701+04.9207,4291011772877654400,delSctV*
OGLE BLG901.6  20317,4112911195795553024,delSctV*
ZTF J180502.76+310819.2,4590846807046715008,delSctV*
[FCC2013] F19 08548,5928761555401215872,delSctV*
ATO J251.8027-13.2704,4332837160818921856,delSctV*
ATO J300.5546-09.6047,4191921757740075648,delSctV*
ZTF J002926.50+700124.6,530246285723291392,delSctV*
ATO J304.6932+51.8883,2184298840656538624,delSctV*
ZTF J121447.01+200813.9,3950736700997402752,delSctV*
ATO J091.6578+58.7018,999535135703437312,delSctV*
ATO J118.3825-28.4710,5600468548901199360,delSctV*
ZTF J201534.66-001418.4,4224357793136655872,delSctV*
OGLE BLG-DSCT-00235,4109849159053840128,delSctV*
CoRoT 100640794,4288558590644554752,delSctV*
ATO J348.7213+34.6970,1911665243095288704,delSctV*
HD 248637,3428294920610726656,delSctV*
CRTS J211314.3+033022,1731855264719579008,delSctV*
OGLE LMC-DSCT-2534,4659255426984530048,delSctV*
ATO J292.1690-10.5323,4188136237986699136,delSctV*
OGLE LMC-DSCT-277,4655170638230871296,delSctV*
2MASS J19471798+4102599,2076781343790227840,delSctV*
ZTF J185856.88+183010.5,4517377096505789312,delSctV*
ATO J277.6642+30.2248,4588294698822531328,delSctV*
ATO J279.5637+17.6769,4512002168256602368,delSctV*
ATO J075.4103+32.2064,157581564114162688,delSctV*
ATO J114.7556-25.5680,5614139704681366528,delSctV*
OGLE BLG494.5    498,4128370256235755776,delSctV*
ATO J081.6234+39.3997,193712306478334080,delSctV*
ATO J291.3701+37.1565,2051762094136328960,delSctV*
ATO J318.4509+47.9689,2164900328812642304,delSctV*
ZTF J194507.38-014825.0,4235022437450628736,delSctV*
ZTF J223616.89+512825.8,2000366728769334784,delSctV*
ATO J082.9209+18.7724,3400815170092137344,delSctV*
ATO J099.4044+18.6001,3371203775769792640,delSctV*
ATO J252.7113+13.0431,4449314681020445440,delSctV*
2MASS J19165084+4812113,2132455561730848384,delSctV*
ZTF J215647.61+590546.9,2202509360249093248,delSctV*
TYC 3147-164-1,2078313513238719872,delSctV*
ATO J116.6426-27.3746,5601491953705932288,delSctV*
OGLE GD-DSCT-2047,5426848752258346496,delSctV*
OGLE SMC799.27.001150,4704528230523084544,delSctV*
[FCC2013] F19 31085,5928788768316421248,delSctV*
V* V386 Nor,5941411299209347328,delSctV*
ATO J014.8549+38.1700,370706809231829888,delSctV*
OGLE SMC815.32.000026,4711054420443796096,delSctV*
ATO J109.2455-23.6588,5617970570681341184,delSctV*
OGLE LMC-DSCT-9,4655702806081822080,delSctV*
ATO J108.9148-25.5145,5616403633479542784,delSctV*
ATO J333.2546+50.7145,2000827046187543552,delSctV*
[DCT2018] F20a 22554,5592996130434904320,delSctV*
OGLE LMC-DSCT-2420,4657631727465331968,delSctV*
2MASS J19002694-0357152,4254739635877255808,delSctV*
ATO J120.8402+55.1016,1032965546226754048,delSctV*
OGLE BLG505.9 210449,4062333283003882624,delSctV*
HD 225906,2073696698281651840,delSctV*
ATO J132.5689+23.5025,689292021366751872,delSctV*
ATO J093.7996+24.1126,3425652072613303424,delSctV*
ZTF J193101.34+295011.7,2032607227201833088,delSctV*
OGLE LMC-DSCT-1617,4651711883893095296,delSctV*
ATO J004.3741+58.9894,428219170112454912,delSctV*
OGLE GD1353.13.00104,5340337532456320896,delSctV*
TYC 3149-571-1,2079267580095053184,delSctV*
[GXC2015] 295.43204+40.32597,2076396136765909504,delSctV*
ATO J277.4573+03.7773,4283305639476140672,delSctV*
ZTF J172328.25+111915.4,4492198138467674880,delSctV*
ATO J118.3120-22.1368,5711496923831017856,delSctV*
2MASS J19021110-0355046,4254754071308415744,delSctV*
ATO J106.8396+07.2350,3154209727192292096,delSctV*
ATO J308.6369+34.8767,1864348859719800960,delSctV*
TYC 3560-2645-1,2128594484913978752,delSctV*
ATO J264.6914+49.1180,1366909866354082688,delSctV*
ATO J342.7269+54.7812,2002815787842164224,delSctV*
ATO J108.3323-17.9871,2934665361394218368,delSctV*
NGC  1817   181,3394758716448904448,delSctV*
ATO J068.5642+00.4676,3230706049666818432,delSctV*
OGLE LMC-DSCT-2277,4651067230747351680,delSctV*
ATO J087.7056+15.3770,3348023832975059712,delSctV*
ATO J311.3539+31.5478,1859816329191575296,delSctV*
OGLE GD1524.23.08735,5547281529334282496,delSctV*
CRTS J232750.5-061011,2632566153582702464,delSctV*
ZTF J151322.01+181558.0,1211695215770870016,delSctV*
ATO J334.6678+41.0758,1957342185930018944,delSctV*
CoRoT 105678335,4285476380349444480,delSctV*
ATO J297.2708+29.4501,2031738853574334336,delSctV*
ATO J111.1552-29.0705,5605827740372207360,delSctV*
CRTS J142840.5-301918,6220337019525483648,delSctV*
[FCC2013] F19 84495,5928278010807515520,delSctV*
ASAS J215833+2149.4,1782612161727608320,delSctV*
ATO J101.2824+06.9745,3132808725490373504,delSctV*
ZTF J201951.78+112151.2,1802083688025842432,delSctV*
ZTF J210338.64+363226.7,1868385746709359744,delSctV*
ZTF J174042.66+230012.8,4557234732288131328,delSctV*
CRTS J095211.8-323436,5438903767682530816,delSctV*
ATO J280.9494-06.4920,4253184621622029312,delSctV*
TYC 3120-1729-1,2100314225511379072,delSctV*
TYC 3139-2119-1,2052461280455467264,delSctV*
OGLE GD-DSCT-3453,6053140299243710080,delSctV*
ATO J265.4994+12.4263,4493398431506574336,delSctV*
ATO J082.5232-00.9878,3220282572060206208,delSctV*
ZTF J193407.12+331215.8,2045690139946825728,delSctV*
ATO J301.1992-20.5350,6865981586069401344,delSctV*
ATO J094.8444+05.4478,3323939447384516992,delSctV*
ATO J108.5090-02.8892,3108107067205643136,delSctV*
TYC 3540-3014-1,2107010526201532160,delSctV*
ATO J222.5588+43.2063,1490343103272453888,delSctV*
ATO J075.7148+23.9688,3418738755813962368,delSctV*
OGLE BLG892.28  26675,4112246815906919680,delSctV*
ATO J282.8910+24.5943,4534230204563328256,delSctV*
ZTF J172057.73+222759.1,4567664085411059840,delSctV*
HD 187613A,2078942571332155136,delSctV*
ZTF J184827.22+310625.6,2089826843089410048,delSctV*
ATO J109.5324+06.6345,3141206005028835968,delSctV*
ATO J284.1765-09.1432,4203576748499939712,delSctV*
ATO J286.2132+24.4949,4533606918911499520,delSctV*
ZTF J180816.94+223952.0,4576689220454032256,delSctV*
ATO J276.8205+14.9332,4509724667356488320,delSctV*
V* ER Cha,5202310855617030528,delSctV*
OGLE BLG-DSCT-04166,4056480200329708288,delSctV*
[WB2008] V324,6001454284850259456,delSctV*
ZTF J222659.40+521552.8,2001355361524390144,delSctV*
2MASS J19270008+4211213,2101752283644779520,delSctV*
CRTS J184816.1-555849,6638102548471619840,delSctV*
2MASS J19492170+4321092,2078741291984014336,delSctV*
UCAC4 667-077001,2078077560612211712,delSctV*
CoRoT 105886524,4285468821206094976,delSctV*
2MASS J21085684+0028581,2690051576421794176,delSctV*
GALEX J154012.1+290828,1272870835853944704,delSctV*
OGLE BLG-DSCT-02491,4068839192010972800,delSctV*
ZTF J210808.51+462817.1,2164341708202304384,delSctV*
[DCT2018] F20c 33540,5611729884429720960,delSctV*
[DCT2018] F20b 22092,5593416315677578112,delSctV*
V* DR Sct,4251998965714822400,delSctV*
OGLE LMC571.21.003124,5476479337047635456,delSctV*
CoRoT 101351899,4287775905840307968,delSctV*
[DCT2018] F20d 25850,5613192028733606272,delSctV*
ATO J086.9885+59.0752,270042117367552512,delSctV*
OGLE LMC-DSCT-2182,4657101243230355072,delSctV*
ATO J313.1792+49.4620,2167348150931772928,delSctV*
TYC 3135-396-1,2052072981048917632,delSctV*
ATO J052.4689+42.7052,238049872350499584,delSctV*
ZTF J230600.05+352409.5,1914899319109306240,delSctV*
ZTF J170550.51+013756.8,4381712136300521856,delSctV*
2MASS J19493344+4018016,2073732844727127040,delSctV*
ATO J284.9702-05.1199,4254504890141020160,delSctV*
ATO J067.6629+12.8319,3307445639093535360,delSctV*
ZTF J163303.46+075554.6,4440130529116766848,delSctV*
[DCT2018] F20a 03184,5592497330108901248,delSctV*
TYC 3147-1286-1,2078083302993547904,delSctV*
ATO J291.0196+01.9725,4288664556081420928,delSctV*
CoRoT 102765512,3107040953239255424,delSctV*
ATO J104.2264-02.8044,3102954064218017280,delSctV*
ATO J355.3340+55.2823,1994501517121440640,delSctV*
ZTF J135245.24+463349.7,1509078820065736064,delSctV*
ATO J296.6506+24.0630,2020534417735877248,delSctV*
ATO J016.9913+34.9347,315169033803869440,delSctV*
OGLE GD-DSCT-18,5242027345973570688,delSctV*
V* MP UMa,764378800002838016,delSctV*
OGLE GD1586.19.05889,5715814121876144896,delSctV*
OGLE GD-DSCT-4244,5868800204164955264,delSctV*
2MASS J19511124+4513270,2079364435903682304,delSctV*
ZTF J184715.75+335232.1,2091521117487621888,delSctV*
ATO J303.1495+36.6909,2060688474996944000,delSctV*
OGLE GD1330.22.20051,5335610628895288576,delSctV*
ZTF J041733.32+771420.5,551620997925631104,delSctV*
UCAC4 655-073860,2053580892526193664,delSctV*
TYC 3559-1144-1,2082233267894533504,delSctV*
ATO J282.4835-18.1049,4098468732622491392,delSctV*
ATO J096.4396+15.9425,3368948986659895808,delSctV*
ZTF J215937.82+462026.9,1975150597813079552,delSctV*
HD  36681,3447899797047628032,delSctV*
ATO J011.6556+58.8354,425247980458426240,delSctV*
CRTS J082237.3+030441,3090506634814345088,delSctV*
ATO J093.1114+44.9513,962455686604694912,delSctV*
ATO J268.4617+42.6190,1346060862445470080,delSctV*
ATO J084.1493+18.0044,3397534330475279488,delSctV*
ZTF J212040.61+005427.3,2691194587476819328,delSctV*
UCAC4 683-075016,2080273667593937920,delSctV*
HD 147491,6045503336308078208,delSctV*
ZTF J182636.57+190618.2,4525097003839574272,delSctV*
CRTS J080529.7-531132,5512561322938648576,delSctV*
OGLE GD2002.01.00164,5845230591861493632,delSctV*
ATO J079.7313+06.2059,3240550286508240128,delSctV*
ATO J357.3637+12.4195,2769730817559627136,delSctV*
TYC 1069-3327-1,4317978876122338816,delSctV*
ATO J304.4708+28.2980,1837061111422496128,delSctV*
OGLE LMC562.29.010600,4659602563374658048,delSctV*
2MASS J19441372+4936588,2134901081751184896,delSctV*
CRTS J034112.5+035336,3271712129666026880,delSctV*
OGLE LMC-DSCT-1702,4657882686849735168,delSctV*
2MASS J19253164+4455138,2126621965352779392,delSctV*
OGLE GD1926.03.00355,5929426377622757376,delSctV*
UCAC4 651-077131,2076334392314366592,delSctV*
ATO J349.8933+25.2130,2841151244609465600,delSctV*
ZTF J171222.27+263444.0,4573921092548844416,delSctV*
ATO J339.2462+47.9612,1986867470453756032,delSctV*
UCAC4 648-068555,2101024613104523520,delSctV*
OGLE BLG-DSCT-12073,4138150790118272384,delSctV*
OGLE LMC-DSCT-67,4656188030031987584,delSctV*
CSO  845,1463063708687669760,delSctV*
V* CC And,387336407206270080,delSctV*
[FKC2012] LRa02b2 26591,3101937020263313920,delSctV*
ATO J300.5536-11.1365,4190892511777091456,delSctV*
ZTF J162718.71+554535.8,1430251223697433216,delSctV*
OGLE GD2039.25.10742,5239430020276760064,delSctV*
ATO J182.9341-06.2498,3596244875073944832,delSctV*
OGLE LMC-DSCT-22,4656582479812633472,delSctV*
ZTF J145332.90+070556.7,1161129565066951680,delSctV*
ATO J000.0223+54.5301,420344742711098624,delSctV*
TYC 3132-96-1,2106282061091141120,delSctV*
OGLE GD1258.25.01631,5852181700045775744,delSctV*
UCAC4 432-022393,3102775157361146112,delSctV*
FASTT 1452,4259259148372937856,delSctV*
ATO J296.9721+58.7270,2235785632986426112,delSctV*
ZTF J110905.90+311659.8,732960014721047680,delSctV*
2MASS J04585007-6745102,4661652916353754624,delSctV*
TYC 3149-782-1,2079089218696854016,delSctV*
OGLE LMC-DSCT-1967,4651045584102277888,delSctV*
OGLE LMC-DSCT-2556,4659070060452954240,delSctV*
ATO J145.2449+09.7005,588521260989223936,delSctV*
2MASS J19442638+4556364,2080202336777789696,delSctV*
ATO J248.9621-11.9380,4331196998706707584,delSctV*
OGLE BLG-DSCT-16309,4098621766551745408,delSctV*
OGLE LMC-DSCT-631,4661914149126426240,delSctV*
TYC 3556-3489-1,2079940270748895616,delSctV*
2MASS J18424426+0710194,4286499514600604288,delSctV*
UCAC4 422-021702,3101865105331753088,delSctV*
ATO J304.4847+35.7676,2057407021195080960,delSctV*
V* V352 Aur,953708934165979520,delSctV*
ATO J315.1799+25.7637,1844347162646762112,delSctV*
V* V465 Pup,3033962325217455488,delSctV*
2MASS J15570752+0534104,4426590387016210048,delSctV*
OGLE BLG852.13     81,6031260400132226304,delSctV*
OGLE GD2385.27.00002,2935552353736071424,delSctV*
OGLE GD1273.13.01156,5865125082214312576,delSctV*
HD 252679,3345225339662644608,delSctV*
ZTF J191221.31+253816.7,2023794160462944768,delSctV*
ATO J358.5829+53.6310,1945506527377649664,delSctV*
ZTF J200303.06+153947.8,1807959512539907584,delSctV*
OGLE BLG870.4  19909,6033063766680719872,delSctV*
ZTF J192351.72+282527.9,2026053583828583040,delSctV*
OGLE BLG598.6   2482,4038776143233640704,delSctV*
UCAC4 682-069718,2128120256104866048,delSctV*
TYC 8769-1343-1,6640099227226634368,delSctV*
OGLE BLG-DSCT-09647,4065223486731455744,delSctV*
ATO J082.2210+48.6032,212679118276273024,delSctV*
ZTF J231325.28+710626.1,2227420758980114944,delSctV*
V* LR UMa,4023815397739677312,delSctV*
ATO J111.6682+06.2813,3141668869362595712,delSctV*
2MASS J19003279-0309438,4261603410274796800,delSctV*
HD 225410,2076583534774289792,delSctV*
[MTR2015] OW J080527.94-275144.8,5597895897850067840,delSctV*
KOI-6408,2052453755672476288,delSctV*
ATO J318.1890+35.0525,1867226762679999616,delSctV*
ZTF J185635.70+300301.2,2041069476694138624,delSctV*
ATO J295.1862+31.7203,2033255423687681792,delSctV*
ATO J289.2519-11.5749,4199681934710050816,delSctV*
ATO J267.6120+05.8009,4473976963052689280,delSctV*
ZTF J203404.39+234642.6,1819304406643562240,delSctV*
OGLE GD1922.08.15816,5929741701283878784,delSctV*
OGLE GD-DSCT-6889,4203080215933620480,delSctV*
ZTF J173244.44+370054.6,1342430549928220672,delSctV*
TYC 3560-2433-1,2128588579337898240,delSctV*
ATO J298.3092+25.4246,2026681306209774976,delSctV*
CRTS J192022.9-514714,6645021427251125760,delSctV*
ATO J113.3028-32.9013,5592094049861520768,delSctV*
TYC 3135-539-1,2052210969764001280,delSctV*
GSC 04372-00436,1112127291051695744,delSctV*
OGLE GD1403.24.00106,5308208290854076800,delSctV*
ZTF J195023.83+010346.9,4240473339369808640,delSctV*
[NBN2015] 408,3426288586767458560,delSctV*
OGLE LMC-DSCT-2322,4657784177335485952,delSctV*
ATO J021.3191+45.4570,397291419844645504,delSctV*
2MASS J19200861+4425366,2126892440913220992,delSctV*
ATO J111.5020-07.4736,3054730519319758336,delSctV*
OGLE LMC-DSCT-75,4656214864984189312,delSctV*
CoRoT 105598835,4286460825534100992,delSctV*
CoRoT 105326909,4286727006105887104,delSctV*
ATO J107.0465+14.7888,3359699242010784256,delSctV*
ATO J021.6107+58.7984,413203655211408768,delSctV*
ATO J209.8314+59.2245,1660710681945413888,delSctV*
ATO J277.2426+11.2049,4483912802961725952,delSctV*
[MTR2015] OW J081237.22-270929.9,5693924460282135040,delSctV*
KOI-6539,2076547835008673024,delSctV*
[EHV2002] 1-7-0503,962918679782882816,delSctV*
[DCT2018] F20c 16041,5611536370381859968,delSctV*
ATO J297.8665+10.7957,4303519817148610432,delSctV*
V* QS Gem,3377938902965550720,delSctV*
TYC 3143-1328-1,2077607141435004416,delSctV*
OGLE LMC571.09.001108,5476422501737845376,delSctV*
KOI-6237,2129738565420917248,delSctV*
ATO J359.5827+16.7819,2773272035274968704,delSctV*
ATO J262.9115-15.9275,4124727097526626304,delSctV*
OGLE GD1369.10.22885,5242110221647965440,delSctV*
2MASS J19271290+3759356,2052656718642429440,delSctV*
ATO J297.5028+09.2950,4301655801346563456,delSctV*
ZTF J181704.80+262229.2,4585817709581772288,delSctV*
ATO J073.4504+40.9643,200313220238486528,delSctV*
ATO J091.8456+36.8528,3454003491033324416,delSctV*
ATO J298.1774-05.7885,4197218311413219968,delSctV*
ZTF J151209.89+322327.9,1276746648701280256,delSctV*
OGLE LMC-DSCT-898,4652155364974878592,delSctV*
ZTF J162745.70+102516.9,4458855212135117824,delSctV*
ZTF J184523.50+251959.2,4537435860765630592,delSctV*
ATO J280.9411+31.8574,2090163877762397696,delSctV*
UCAC4 688-065380,2107650270169678464,delSctV*
LINEAR 2653935,3898293020010327040,delSctV*
UCAC4 519-114594,4305341841043997696,delSctV*
OGLE BLG505.9  12246,4062280197183099136,delSctV*
OGLE GD1283.32.00092,6055974775836190464,delSctV*
* bet Cas,423018377034969216,delSctV*
ZTF J175337.41+205857.6,4576801989115847680,delSctV*
OGLE LMC-DSCT-19,4655653461200668288,delSctV*
ZTF J205156.48+020217.4,1730802860293128832,delSctV*
HD 185115,2128174505831171712,delSctV*
ZTF J211008.43+453731.9,2164056316208073984,delSctV*
ZTF J202205.72+061215.3,4246717225377424768,delSctV*
ATO J084.6518+19.8007,3402482201518947712,delSctV*
ATO J271.1592+38.2552,4610124922372980480,delSctV*
OGLE GD-DSCT-6516,5951001720683402496,delSctV*
CRTS J171942.3+150844,4543515271011628928,delSctV*
OGLE BLG871.18    687,6032827582197228416,delSctV*
ATO J303.5618+02.1465,4242943284859759872,delSctV*
Cl* NGC 2158    MSS V71,3426179254079577472,delSctV*
UCAC4 672-076718,2078919069270646016,delSctV*
ATO J274.8156+05.5746,4476865929860492672,delSctV*
ATO J091.3053+19.1607,3374448640742067840,delSctV*
ATO J329.9053+52.5638,1981234367458634240,delSctV*
ATO J115.5773+58.6502,1082543105343266816,delSctV*
ATO J037.1159+49.0580,354583845601501696,delSctV*
ATO J335.5061+53.2564,2004700419494676224,delSctV*
OGLE GD2008.29.18570,5858113432179964928,delSctV*
ZTF J214118.04+303549.7,1849757996808283136,delSctV*
ATO J109.6445-05.7983,3058371826952399616,delSctV*
TYC 3140-2343-1,2076295290935036288,delSctV*
OGLE BLG609.28  14158,4053434419965544192,delSctV*
ZTF J095954.62+794804.1,1132318516424351616,delSctV*
Cl* NGC 6811    SAN      87,2128149290078439552,delSctV*
OGLE LMC-DSCT-1946,4651808881482325760,delSctV*
ATO J026.6004+49.2198,357457036986028288,delSctV*
ATO J339.4661+55.1606,2003495114229350400,delSctV*
ZTF J133626.66+142626.5,3741595914218919552,delSctV*
2MASS J19330216+4612425,2128080669384327552,delSctV*
OGLE BLG-DSCT-01033,4058498461348461184,delSctV*
CoRoT 102681833,3107243606977475968,delSctV*
OGLE BLG598.30   1536,4038883066458443008,delSctV*
OGLE LMC-DSCT-1416,4658741336565887616,delSctV*
ATO J294.5941-07.3908,4207093849973446528,delSctV*
OGLE BLG-DSCT-15137,4092745053038136832,delSctV*
HD 182684,6663767658124055040,delSctV*
CRTS J170255.8+401742,1353664878704259712,delSctV*
OGLE GD2049.14.08915,5251316673001708032,delSctV*
OGLE GD2084.22.08117,5303983623567220224,delSctV*
OGLE GD1142.18.43488,5932326305183787392,delSctV*
BD+18  2569,3925909865881580928,delSctV*
OGLE LMC-DSCT-1700,4658488380176424192,delSctV*
TYC 3550-1782-1,2133048885694094592,delSctV*
ATO J295.4362+27.6214,2031137485077202560,delSctV*
OGLE GD2284.17.05554,5408624213893544576,delSctV*
CRTS J151407.4-243111,6227178150816456960,delSctV*
ATO J319.2292-16.8375,6835762402332982016,delSctV*
ATO J090.7324+59.8103,999768610125886848,delSctV*
ATO J300.4790+23.5785,1833361667126102400,delSctV*
TYC 3129-1329-1,2102903399296526464,delSctV*
[FCC2013] F17 27196,5895894472762892800,delSctV*
HD 189314,2079018364610005120,delSctV*
[FKC2012] LRa02a2 40819,3102716058611679488,delSctV*
ATO J079.4419+37.0915,187074829659732608,delSctV*
OGLE LMC-DSCT-919,4652188281696400512,delSctV*
UCAC4 644-069317,2052762684077573376,delSctV*
OGLE LMC-DSCT-419,4655141707285879040,delSctV*
TYC 3562-2163-1,2085436561884105600,delSctV*
ZTF J143615.11+025534.4,3656437944077862912,delSctV*
OGLE GD-DSCT-2637,5254808378360647168,delSctV*
CoRoT 102762905,3107061225484433536,delSctV*
ATO J274.9629-23.7309,4089557186534187904,delSctV*
[NBN2015] 197,3425502539031407488,delSctV*
2MASS J19023928-0305155,4261584168819635200,delSctV*
ZTF J195137.08+273226.3,2028327790531652352,delSctV*
ATO J006.5440+41.4027,381973741103848448,delSctV*
ATO J087.6048+09.5323,3335837709384819712,delSctV*
TYC 3149-1271-1,2076002614683087232,delSctV*
ATO J255.1599+47.4023,1407996833473824768,delSctV*
ATO J090.2117+43.6314,961337551999741312,delSctV*
[FCC2013] F19 19001,5928327351338818688,delSctV*
ZTF J154600.44+533101.2,1596991882876252544,delSctV*
ATO J121.8971-24.8189,5697937952595759360,delSctV*
[FCC2013] F19 108919,5931413474388325760,delSctV*
ZTF J111803.87+242100.3,3993863670207322240,delSctV*
[SSV2012] 5803584,4237465998963796736,delSctV*
ATO J027.7027+54.2316,408462492345576960,delSctV*
ZTF J174642.46+084503.4,4488240274567408000,delSctV*
ATO J066.2020+38.8245,179442707132357888,delSctV*
ATO J340.1987+20.5947,2834590699243927168,delSctV*
ZTF J233018.23+634052.4,2016926713906670848,delSctV*
ATO J108.7052-06.1127,3058299912020119552,delSctV*
2MASS J19530826+3956219,2073466896049355776,delSctV*
[SSV2012] 1680200,2501144689811003136,delSctV*
V* FZ Vel,5330109153698032640,delSctV*
ZTF J190007.74+292159.9,2040785802693016704,delSctV*
ATO J074.6179+26.6413,153744264236622336,delSctV*
ATO J111.3803+19.3209,3362716508074688896,delSctV*
CoRoT 105566284,4285540568669961088,delSctV*
2MASS J19494835+4347304,2078842206534303744,delSctV*
OGLE BLG598.12  51533,4038858572360702336,delSctV*
ATO J078.8595+22.6627,3415475370943449728,delSctV*
OGLE LMC-DSCT-781,4661808733506493952,delSctV*
ATO J286.5105-23.1666,4080609399579081728,delSctV*
Cl* NGC 6811    SAN     143,2128132621310123904,delSctV*
ATO J089.1251+12.0241,3343020372172672640,delSctV*
ATO J355.4142+42.2099,1922312810621334272,delSctV*
OGLE BLG882.26  31696,6033328341018194944,delSctV*
OGLE LMC-DSCT-475,4654663144840991744,delSctV*
2MASS J19531102+4142159,2075403479618676864,delSctV*
ATO J343.3211+57.4799,2007107868921448320,delSctV*
ATO J039.0024+55.4558,454286391784214144,delSctV*
ZTF J051246.38+460453.7,211960724867112448,delSctV*
ZTF J200512.91+130935.1,1806161982824674176,delSctV*
[DCT2018] F20a 19497,5592616214806231936,delSctV*
ATO J032.0031+56.6762,505107056171074560,delSctV*
ATO J152.2661+23.1323,630155475660657664,delSctV*
ZTF J173651.48+413307.9,1344315284657868672,delSctV*
BD+39  3745,2101111268365466240,delSctV*
TYC 3560-1985-1,2128619640542276096,delSctV*
[FCC2013] F17 02036,5896077129119241728,delSctV*
ZTF J200814.78+093529.7,4299579923385981824,delSctV*
2MASS J19322021+4659364,2128399463337382272,delSctV*
TYC 3140-1514-1,2076318174517062144,delSctV*
ZTF J191616.90+341548.0,2049478236687061760,delSctV*
SDSS J145702.50+044300.3,1158163288853733248,delSctV*
ATO J275.2098+03.0374,4277948750099828736,delSctV*
ZTF J195831.56+163308.2,1820127051806878208,delSctV*
TYC 3148-1801-1,2078820177643049600,delSctV*
LINEAR 7953994,1570365529478624512,delSctV*
OGLE LMC-DSCT-115,4655388650703289216,delSctV*
ATO J276.2100-12.4410,4153169672277200000,delSctV*
OGLE LMC-DSCT-2744,5279685653533208320,delSctV*
V* V2455 Cyg,1972215245359762816,delSctV*
OGLE GD-DSCT-5615,5932611048764889856,delSctV*
OGLE LMC-DSCT-2642,4657493322143856384,delSctV*
OGLE GD-DSCT-5,5253513772100597248,delSctV*
ATO J107.3491-22.3059,2928207998327234176,delSctV*
ATO J282.6329+30.9871,2041792822205359744,delSctV*
ATO J263.7611-13.1467,4161715385886232576,delSctV*
UCAC4 663-081009,2077200390851421184,delSctV*
2MASS J16304140-5622212,5928713962812157568,delSctV*
OGLE BLG936.21  37211,5957595079627390976,delSctV*
ATO J085.4744+17.7474,3396799749333271424,delSctV*
ATO J100.2059-08.3761,3098854775633473920,delSctV*
ATO J296.0217+23.4965,2020117359222547712,delSctV*
ATO J073.3828+37.0875,198389281047165696,delSctV*
OGLE LMC-DSCT-112,4655560071512225792,delSctV*
ATO J210.1201+60.4554,1660925945706315776,delSctV*
OGLE BLG-DSCT-03506,4043203288259361536,delSctV*
ATO J113.4830-31.2778,5593114534093914368,delSctV*
ZTF J175439.71+084133.9,4488414517099813248,delSctV*
OGLE LMC-DSCT-116,4662358905875519488,delSctV*
OGLE BLG-DSCT-05298,4062644921649665920,delSctV*
ATO J293.9693+39.4360,2052433208548142592,delSctV*
UCAC4 667-079015,2078750328595003904,delSctV*
CRTS J112218.7-272328,3531600394589006976,delSctV*
ATO J102.1047+00.4237,3113517695200670336,delSctV*
ASTEP V-0230,5921979767637045248,delSctV*
ZTF J055811.80+524433.5,215793416242780544,delSctV*
OGLE LMC-DSCT-1406,4658703059809081088,delSctV*
ATO J263.5461-12.2979,4162614103513019648,delSctV*
ZTF J172701.83+081554.0,4490317668643512448,delSctV*
OGLE BLG-DSCT-08382,4064612055225438848,delSctV*
ATO J104.4491+01.9124,3114163280324855680,delSctV*
[DCT2018] F20a 04034,5591759519146641536,delSctV*
ATO J106.3870-17.5125,2934612584837962496,delSctV*
ATO J162.5577+47.2510,831334664386567552,delSctV*
ZTF J221228.25+550956.7,2005697985783588480,delSctV*
ATO J302.9072+53.3983,2185415738307181312,delSctV*
[MTR2015] OW J081018.30-273749.1,5693793515319304832,delSctV*
Cl* NGC 7092   PLAT    3553,1978732630594271360,delSctV*
OGLE BLG917.32   2186,5980342016695797632,delSctV*
UCAC4 659-079970,2075392076494412288,delSctV*
ZTF J193212.41+345917.9,2046796012435969280,delSctV*
CRTS J023018.3+373804,334463847964365824,delSctV*
ATO J284.8690+42.1112,2104095068042512768,delSctV*
ATO J057.5773+56.6774,445765623343598336,delSctV*
TYC 2334-225-1,137188715794520064,delSctV*
NGC  1817   176,3394756895382809216,delSctV*
OGLE GD2001.17.14279,5844405545821784576,delSctV*
ATO J307.8584+23.8703,1831356054816241024,delSctV*
ATO J270.4789+09.6180,4482573636452007936,delSctV*
ATO J031.4568+47.0113,353381186038749184,delSctV*
TYC 3564-126-1,2135122903920804608,delSctV*
ATO J299.1925+40.5135,2073554483332148736,delSctV*
OGLE LMC-DSCT-936,4658207523841002240,delSctV*
ZTF J201030.34+203651.5,1828819481501595776,delSctV*
ATO J278.2917-15.0119,4103288093907673728,delSctV*
ATO J069.4234+54.4829,274017886992676480,delSctV*
2MASS J21224275+0046542,2691010526654201088,delSctV*
TYC 3569-134-1,2135592017431495168,delSctV*
OGLE LMC-DSCT-2442,4657188074545606016,delSctV*
[SSV2012] 4173579,4229319751673281280,delSctV*
ATO J067.9528+45.8756,253856073557987072,delSctV*
[FCC2013] F19 86614,5931391484154075136,delSctV*
ATO J038.4768+51.7010,452084173067645696,delSctV*
OGLE BLG-DSCT-08444,4050482398779199104,delSctV*
2MASS J19450299+4125235,2077016192600151808,delSctV*
OGLE LMC-DSCT-385,4662097939392970880,delSctV*
OGLE GD1603.13.09972,5614015803466261632,delSctV*
OGLE BLG808.24   1942,4136592064890828032,delSctV*
OGLE LMC-DSCT-2725,5278603557994941184,delSctV*
ATO J336.0538+59.5073,2200506982078615936,delSctV*
TYC 3561-1054-1,2086585792048805376,delSctV*
TYC 3135-784-1,2076235535038286464,delSctV*
OGLE LMC-DSCT-2754,5278560470880814592,delSctV*
ZTF J224948.22+513929.0,1989723353132378624,delSctV*
2MASS J19313743+4759028,2128871806660697856,delSctV*
OGLE LMC-SC14  38054,4661296124885132928,delSctV*
OGLE BLG598.30  57547,4039449834710647424,delSctV*
Kepler-1648,2075978592919858432,delSctV*
ATO J294.5354+39.1246,2052220551827090560,delSctV*
2MASS J19375919+3836589,2052174960757501440,delSctV*
ATO J265.8822-14.2628,4149367668488914560,delSctV*
ATO J103.9616-09.5250,3050254888519196544,delSctV*
OGLE LMC-DSCT-2307,4657830120592197888,delSctV*
ATO J071.2501+40.9218,203313654329694976,delSctV*
UCAC4 659-071610,2101867182608657280,delSctV*
ATO J123.8964+46.5261,929619660897359744,delSctV*
ATO J107.6413-23.0285,2927599624802629632,delSctV*
HD 226755,2075162828326386304,delSctV*
ATO J297.8790+34.1889,2035394179960594304,delSctV*
ATO J286.8692+49.3366,2131314131222555264,delSctV*
HD 183281,2101660440063120768,delSctV*
OGLE GD1927.24.00153,5930735281862068480,delSctV*
ATO J290.5988+37.9283,2052607103180545792,delSctV*
GSC 02799-00974,370479446546748032,delSctV*
LINEAR 11570517,1508225358524630784,delSctV*
OGLE GD2066.21.00115,5257065538278637056,delSctV*
ZTF J195036.27-032146.5,4233780229830759424,delSctV*
OGLE BLG883.26  37293,6030146384373164672,delSctV*
[FCC2013] F19 52667,5928357828473816704,delSctV*
CoRoT 105309679,4286413787061111680,delSctV*
ATO J258.8012+55.5794,1420629088205324800,delSctV*
HD 222828,2338711195634856576,delSctV*
UCAC4 425-023098,3101922756673534208,delSctV*
ATO J064.2625+26.6281,150821697906882048,delSctV*
ATO J073.1850+43.6834,205296348672829952,delSctV*
ATO J341.8392+39.1561,1929105554799406592,delSctV*
V* V1180 Tau,3394743976121153536,delSctV*
UCAC4 659-073082,2101706550831999616,delSctV*
HD 121517,6089222839201956096,delSctV*
HD 180349,2102124605768293632,delSctV*
TYC 3148-298-1,2078963702571404800,delSctV*
ASTEP V-0770,5924798778017257728,delSctV*
ATO J355.3969+51.8913,1944885440744504064,delSctV*
ATO J042.0672+51.8872,452650971315561600,delSctV*
OGLE GD1922.29.19022,5929829834019341952,delSctV*
OGLE LMC-DSCT-118,4662407142671292032,delSctV*
TYC 3136-826-1,2073196489215481984,delSctV*
ATO J293.1601+09.2020,4302352823018041216,delSctV*
SDSS J235052.30+125323.7,2769873857150466560,delSctV*
ATO J319.3102+57.2372,2178985828673657856,delSctV*
ATO J307.2290-07.7269,6907678537330349824,delSctV*
ASTEP V-0768,5411959651134570240,delSctV*
TYC 3564-1745-1,2135093736803558016,delSctV*
ATO J316.0759+36.6449,1868393653758601984,delSctV*
OGLE SMC725.27.005404,4690658754629073152,delSctV*
ZTF J234244.36+795939.0,2283006015266616320,delSctV*
ZTF J185116.33+235303.5,4534052977031142528,delSctV*
ZTF J222702.09+533102.2,2001790390172896384,delSctV*
ATO J284.2494-14.0661,4102233391702842112,delSctV*
ATO J097.4262+15.5804,3357226229903962496,delSctV*
OGLE LMC-DSCT-2564,4656989883265597952,delSctV*
V* V1235 Tau,3314139053565338880,delSctV*
2MASS J19140086+5008353,2132911996494649984,delSctV*
ZTF J191922.07+255345.9,2024035709441336960,delSctV*
ATO J311.5899+26.0158,1844003320452449024,delSctV*
ZTF J223605.64+492411.8,1987944240236992768,delSctV*
HD  12961,4957135808619144192,delSctV*
ATO J298.0321-03.2512,4233827410051985408,delSctV*
NGC  2168   407,3426264393215021056,delSctV*
ATO J223.4929+37.9491,1295993874623810176,delSctV*
OGLE LMC-DSCT-2060,4658412999162795136,delSctV*
ATO J297.6812+06.0999,4296781906814876416,delSctV*
OGLE BLG-DSCT-02603,4068519960043352448,delSctV*
ZTF J002408.56+501426.4,394659085929778048,delSctV*
ZTF J175731.74+182807.6,4503437007030176640,delSctV*
2MASS J19233485+3738200,2052541029402418816,delSctV*
OGLE GD-DSCT-1624,5526306760177085056,delSctV*
OGLE BLG-DSCT-15110,6734356437770793728,delSctV*
ATO J097.1861+43.8049,959138288225189248,delSctV*
2MASS J06432390+0819399,3134267231963084160,delSctV*
TYC 8630-987-1,5345185347915234048,delSctV*
ZTF J172148.86+055700.1,4390818493462767232,delSctV*
UCAC4 673-083244,2082091091597179904,delSctV*
OGLE LMC-DSCT-2679,4659014462116657792,delSctV*
2MASS J19564827+4013369,2073535173158563328,delSctV*
OGLE LMC562.13.002491,4659223334945141504,delSctV*
ATO J113.0938-28.5398,5611712429682692224,delSctV*
OGLE GD1919.05.18813,5935966895616939776,delSctV*
ZTF J194417.43+415328.1,2077063196722947200,delSctV*
ATO J084.9071+33.0615,3448473978338114560,delSctV*
OGLE GD1558.14.09100,5595862213650436480,delSctV*
[DCT2018] F20a 05921,5592092434953870208,delSctV*
ATO J077.8208+51.6949,262827469960597760,delSctV*
ATO J094.4184+15.3075,3345022857724534272,delSctV*
ATO J340.4332+41.7058,1932978039049938048,delSctV*
ATO J255.5541+06.7172,4393222438196873472,delSctV*
UCAC4 641-070057,2051914170338470912,delSctV*
2MASS J19214808+4839108,2129524160652398208,delSctV*
2MASS J19521247+4027077,2073772972590782336,delSctV*
ATO J274.9133+14.0348,4497554585466499328,delSctV*
ATO J260.2997-04.8461,4363092181762127872,delSctV*
ATO J106.6734-23.4821,2927659376383644672,delSctV*
V* V701 CrA,6718702351425694848,delSctV*
ZTF J221914.77+523217.7,2001268878066680960,delSctV*
ZTF J195447.52+302526.6,2030409406569826944,delSctV*
ATO J087.4613+48.6865,211135373889198336,delSctV*
ZTF J142720.44+754537.5,1713655224839718272,delSctV*
ATO J281.9241+04.4076,4282086723439415808,delSctV*
ATO J075.7635+42.1090,201746266144911104,delSctV*
ATO J088.4644+27.5406,3431057787173735936,delSctV*
TYC 3147-1844-1,2078296745686123392,delSctV*
TYC 3162-974-1,2076063152230925312,delSctV*
OGLE GD2060.28.00151,5256345358170438144,delSctV*
2MASS J17373709+6228216,1439359921619562368,delSctV*
ATO J323.9710+37.0320,1951967601297436544,delSctV*
ZTF J173748.40+172653.1,4550354778794289408,delSctV*
ATO J100.1274+08.4507,3134321997087661312,delSctV*
ATO J312.5587+23.3973,1842210635461927040,delSctV*
[DCT2018] F20c 15929,5599617836136155136,delSctV*
V* V813 Cen,6083699128995462656,delSctV*
2MASS J19390157+5015381,2135156718203918208,delSctV*
[MTR2015] OW J080916.72-292158.0,5596742613230806656,delSctV*
OGLE GD-DSCT-24,5241973607337391488,delSctV*
OGLE BLG-DSCT-14765,4089297220892680064,delSctV*
OGLE LMC-DSCT-1378,4658696016060356736,delSctV*
ZTF J193100.43+094141.5,4302446242825028224,delSctV*
LINEAR 15917033,4426844614720910208,delSctV*
ATO J319.2425+41.6251,1968771605007257728,delSctV*
OGLE LMC-DSCT-181,4661632777308543360,delSctV*
ATO J019.3609+53.7779,410364196487213952,delSctV*
OGLE LMC-DSCT-2546,4659067891492322048,delSctV*
CRTS J205939.4+030031,1731154227273918464,delSctV*
ATO J313.0542-03.2776,6914974488469349504,delSctV*
ATO J088.9872+30.5341,3444025977066116096,delSctV*
ATO J264.4366-01.2856,4370319615289711872,delSctV*
CRTS J152147.5+061621,1162370677472031616,delSctV*
OGLE BLAP-009,4063563189835683968,delSctV*
ZTF J051431.51+460250.9,211781160874599680,delSctV*
ATO J245.9598+45.1228,1409631184493902848,delSctV*
ATO J294.9416+39.2910,2076236668910873600,delSctV*
* omi Ser,4161585441691080448,delSctV*
ATO J109.9573+00.6084,3111481021708385152,delSctV*
ZTF J132606.51+513847.0,1559772490859819648,delSctV*
HD  31382,3412142751198795008,delSctV*
ZTF J231146.93+511359.1,1991951272921104256,delSctV*
OGLE GD1534.26.08432,5644535772351707008,delSctV*
ATO J275.9221+57.1158,2151349775698654592,delSctV*
ATO J084.7554+12.4625,3341146529480285184,delSctV*
TYC 4220-1159-1,2252223263100900992,delSctV*
OGLE BLG598.2  43526,4038037202768591488,delSctV*
[FCC2013] F19 45024,5928808353368949376,delSctV*
TYC 3565-1362-1,2086825275127266688,delSctV*
HD  19762,5156378478190319744,delSctV*
ATO J345.1055+58.3119,2013173217426927744,delSctV*
ZTF J220733.15+475758.4,1975703171127959168,delSctV*
ATO J283.4033+20.7413,4519139132598436608,delSctV*
ATO J062.4430+53.1298,275117329905339264,delSctV*
ATO J230.6940-12.5981,6314528027444653056,delSctV*
[DCT2018] F20a 20161,5592622055961731328,delSctV*
OGLE BLG959.3  16420,6727252634909648000,delSctV*
TYC 3138-1184-1,2053455685641525248,delSctV*
TYC 4608-999-1,2284450571683662976,delSctV*
V* AA LMi,793611760465233536,delSctV*
ATO J139.9734+12.8893,594201273634026752,delSctV*
ATO J084.4750+32.4818,3448048334197090304,delSctV*
V* V357 Nor,5941411745892762496,delSctV*
OGLE GD1444.31.00060,5313351600077899008,delSctV*
ZTF J234223.04+532609.2,1993306691581139200,delSctV*
ATO J281.4696+04.6982,4282167438779166336,delSctV*
[WRA2013] J210223.22+524951.0,2170398161816832512,delSctV*
ZTF J202906.21+784514.8,2291140339727547008,delSctV*
2MASS J19205054+4359406,2126842486153433472,delSctV*
ZTF J205927.27-011348.9,6917293358492251392,delSctV*
OGLE LMC-DSCT-2617,4657359525351160320,delSctV*
ATO J282.5113-16.8233,4099266393937445248,delSctV*
OGLE LMC-DSCT-1641,4658069981660849664,delSctV*
ATO J331.5779+55.7409,2197930757623116160,delSctV*
2MASS J19375856+4639581,2128142108898708992,delSctV*
ATO J297.7118+27.8771,2028387129801408256,delSctV*
ATO J299.2938+10.0625,4300307456485631488,delSctV*
V* V2216 Cyg,2033099052517950976,delSctV*
LS  IV +11    2,4484118587741519488,delSctV*
CRTS J225141.4-123633,2603588838165938560,delSctV*
ZTF J210756.68+362938.2,1868341323875778688,delSctV*
[MTR2015] OW J080146.04-294518.2,5597104146399680512,delSctV*
ATO J324.2271+36.1700,1951037277022562688,delSctV*
ATO J066.0337+44.9601,253702416805223936,delSctV*
ZTF J234802.76+522914.7,1945300575103169920,delSctV*
ATO J158.7977-05.3081,3777480636558908160,delSctV*
ATO J111.5052-08.2348,3053822288356129792,delSctV*
V* VY Crt,3491765947308770944,delSctV*
HD  95562,3556304909035723904,delSctV*
2MASS J19561018+4055377,2075122455632237824,delSctV*
BD+39  3810,2053247431265910528,delSctV*
ATO J291.9037-00.2929,4263374860924987648,delSctV*
ZTF J174046.91+243852.9,4581626401316518656,delSctV*
ATO J090.5390+14.5078,3345416066272576128,delSctV*
ATO J053.5937+49.0742,249309696054763392,delSctV*
OGLE BLG948.1   1528,4037711949109822080,delSctV*
ZTF J193408.45+320728.7,2045294217010648192,delSctV*
ATO J304.8485+56.6929,2187706948741202944,delSctV*
ZTF J213352.25+074834.6,1740746950830010624,delSctV*
OGLE LMC-DSCT-782,4661808737748467328,delSctV*
2MASS J19431071+4543405,2080005111878336640,delSctV*
ZTF J200500.64+165005.6,1809679938999647744,delSctV*
ATO J085.0103+15.4859,3395882726571436928,delSctV*
ATO J073.3362+49.0960,256065198572454400,delSctV*
2MASS J20274367+5021300,2180910382034353536,delSctV*
ATO J100.0283+17.3363,3358997478715873792,delSctV*
OGLE GD-DSCT-3366,5342255493032099456,delSctV*
ZTF J220241.59+443849.0,1962751576982220416,delSctV*
ATO J109.5822-15.5741,3031350400987630208,delSctV*
ATO J099.8176+18.7384,3371541394559301888,delSctV*
2MASS J19224589+3753030,2052606244187118208,delSctV*
ATO J203.8979+36.1511,1472001050297856768,delSctV*
OGLE LMC-DSCT-356,4654644453165057408,delSctV*
OGLE LMC-DSCT-6,4655728094851646336,delSctV*
[DCT2018] F20a 05422,5592092160075965696,delSctV*
ZTF J233347.42+534144.4,1994056219216014848,delSctV*
OGLE GD2276.15.00316,5358487651908578048,delSctV*
ATO J107.6376-04.7947,3059409834650152704,delSctV*
ATO J287.6753+09.5692,4309158039744690944,delSctV*
2MASS J19334130+4319318,2078219058317900288,delSctV*
ATO J279.9086+10.0358,4479844820414821632,delSctV*
BOKS 28753,2128146610024315264,delSctV*
ATO J092.3682+03.8609,3317299634102208512,delSctV*
ATO J112.9370+17.9113,3170135564703991040,delSctV*
ATO J293.0205+07.7826,4295920198969152256,delSctV*
ZTF J191356.21+264918.6,2036304506851926272,delSctV*
ZTF J163844.39+230510.9,1299598627792318592,delSctV*
TYC 3143-270-1,2077530523523726720,delSctV*
OGLE LMC-DSCT-362,4661713557008455040,delSctV*
2MASS J02403838+5148493,451382444131938304,delSctV*
ZTF J150822.74+224846.4,1263543305054311424,delSctV*
ZTF J102216.05+381836.0,755775705630991232,delSctV*
2MASS J19323052+3737444,2051663756567670656,delSctV*
ATO J287.3807+14.3036,4320385638376261760,delSctV*
TYC 2216-1625-1,1893359916384098560,delSctV*
OGLE GD2250.09.00021,5342982613818926208,delSctV*
ATO J072.8043+43.7663,206048169807644672,delSctV*
ZTF J225358.44+473406.0,1984368834577784448,delSctV*
OGLE GD2355.24.04878,5606958416280988928,delSctV*
ATO J296.7857+42.8032,2077209603567954560,delSctV*
OGLE LMC-DSCT-147,4655340620079442816,delSctV*
2MASS J18574033-0340092,4255556920951920768,delSctV*
V* V1036 Cen,5877293686626269952,delSctV*
ATO J115.1879-31.1881,5598402497830360576,delSctV*
ZTF J235407.42+452752.4,1926345510031981696,delSctV*
ATO J045.0377+15.0683,33835275617177856,delSctV*
BD+49  3109,2087227425802598272,delSctV*
V* V1438 Aql,4313417242909092608,delSctV*
OGLE LMC571.12.002095,5476410269692260736,delSctV*
SDSS J153340.79+340434.5,1373736699691883008,delSctV*
2MASS J18382244+0633587,4286384959238685952,delSctV*
2MASS J19562546+4553449,2085262529808166784,delSctV*
ZTF J204442.40+181511.8,1813077636071414272,delSctV*
ATO J224.4604+20.3383,1261299442339323520,delSctV*
OGLE BLG-DSCT-03449,4043418448947406208,delSctV*
ZTF J184351.40+305022.7,2089769565406432512,delSctV*
ATO J282.5316-18.0738,4098844147115327232,delSctV*
ROTSE1 J161043.37+343713.6,1323756513161624576,delSctV*
TYC 3148-2165-1,2078127347878027520,delSctV*
TYC 3564-1672-1,2129795976242672128,delSctV*
OGLE BLG893.6  31508,6030291730441953792,delSctV*
[DCT2018] F20b 16092,5593405251842300544,delSctV*
ATO J277.9305-20.3553,4091923511730586368,delSctV*
OGLE BLG-DSCT-15354,4045334794511442688,delSctV*
[DCT2018] F20d 00854,5611943258403476480,delSctV*
ATO J346.1326+00.4126,2652074517812033152,delSctV*
ATO J301.2679+03.4573,4247112431096818944,delSctV*
OGLE BLG-DSCT-00339,4109989587307529600,delSctV*
[DCT2018] F20c 08063,5611510531857867904,delSctV*
UCAC4 653-085279,2074317750566977024,delSctV*
ATO J293.0183+02.8656,4289159782988675456,delSctV*
ATO J269.0388+43.0150,1346168202268203904,delSctV*
UCAC4 697-070139,2087151005442525824,delSctV*
OGLE GD1981.13.14041,5848430239421757696,delSctV*
ATO J102.2189+18.0189,3359303108588967680,delSctV*
2MASS J19151167+4654583,2127774661554420352,delSctV*
ATO J033.9339+39.9032,332824815428250752,delSctV*
ZTF J210600.41+214428.2,1838152204899720320,delSctV*
ATO J103.1030-14.9845,2948795838154246272,delSctV*
ATO J083.5672+19.2793,3400952574686074496,delSctV*
ATO J297.7263+01.8143,4240652491047834240,delSctV*
2MASS J19211901+3749339,2051107369321426432,delSctV*
ATO J296.9863+31.3379,2033746974119750400,delSctV*
OGLE GD2259.20.00032,5346967759348937344,delSctV*
ZTF J202956.01+643114.9,2243894054502691200,delSctV*
ATO J301.2278+40.3282,2074146535991328256,delSctV*
ATO J283.5938+54.2818,2146747494903607808,delSctV*
ATO J295.2047+27.6036,2031144464462379904,delSctV*
ATO J078.3334+48.5636,213196855112611712,delSctV*
2MASS J19400483+4058319,2076665581527042944,delSctV*
ATO J350.5085+60.5059,2013874778871117568,delSctV*
OGLE LMC-DSCT-1187,4658151001986040704,delSctV*
ATO J094.7363+03.6413,3125302909364371840,delSctV*
OGLE GD2279.30.00498,5407581017875555968,delSctV*
ATO J296.2208+19.2220,1824818496152801024,delSctV*
ZTF J011900.00+573244.4,413412150101949696,delSctV*
[SSV2012] 187850,2536877615122477312,delSctV*
OGLE BLG-DSCT-01922,4041399131393332608,delSctV*
ZTF J020212.78+551649.8,504546026060114560,delSctV*
HD 178120,2105652457543479424,delSctV*
ZTF J211838.42+381245.2,1964858069466505216,delSctV*
ATO J280.1803-10.3589,4155173880183160832,delSctV*
ATO J244.2896+37.9532,1330764181801350272,delSctV*
ZTF J192639.83+305036.8,2044921237724268160,delSctV*
ATO J285.1232+20.5844,4518978844422060800,delSctV*
ATO J299.0639+36.5423,2059788696522135936,delSctV*
NSV 12610,1822852088309981312,delSctV*
ATO J292.0994+26.9209,2025646287820267136,delSctV*
TYC 3125-279-1,2101174524644317568,delSctV*
ZTF J195414.72+051258.8,4296471947612368128,delSctV*
OGLE LMC-DSCT-2490,4657183328593345792,delSctV*
ATO J291.5621+27.7443,2025953704395218432,delSctV*
CoRoT 110843235,3102788935616165120,delSctV*
[DCT2018] F20b 23718,5593396524467326976,delSctV*
ATO J311.5596+08.5083,1750038064603483136,delSctV*
ATO J071.8517+38.1545,199393100803409024,delSctV*
BD+36  3535,2051013567236353920,delSctV*
UCAC4 664-071010,2105517458132049408,delSctV*
2MASS J19423178+4419163,2079623856221846784,delSctV*
ZTF J204926.65+304515.4,1859483486395069824,delSctV*
ATO J062.7250+46.7300,233993327280770688,delSctV*
ZTF J004949.23+570610.0,423893897528794496,delSctV*
OGLE LMC-DSCT-2169,4650933743139042304,delSctV*
TYC 3546-2150-1,2131209334020647552,delSctV*
ATO J309.5244+05.6310,1747512928776461696,delSctV*
ZTF J011226.69+512527.2,404025511952621696,delSctV*
ATO J100.3625-11.8935,2953464089648543232,delSctV*
ATO J276.4418+37.6401,2107947722425021952,delSctV*
ATO J088.9610+47.3106,198098773755508608,delSctV*
V* RX Sex,3857181215094817280,delSctV*
CoRoT 105259979,4286434845261019904,delSctV*
ATO J117.3873+17.1888,667912838103197184,delSctV*
OGLE GD1565.16.00160,5698315875366178816,delSctV*
ATO J308.5357+26.6479,1856659700027744512,delSctV*
CoRoT 110744871,3102184715318727168,delSctV*
NGC  6866     3,2081882699785825024,delSctV*
ATO J293.2916+30.0182,2032589635038822784,delSctV*
[FCC2013] F19 14598,5928333875387147904,delSctV*
ATO J315.9476+44.4527,2162581286996831488,delSctV*
ZTF J170318.24+041429.3,4391518298254375168,delSctV*
CoRoT 105830163,4285517891241915392,delSctV*
ZTF J124232.15+694529.7,1682912329971307776,delSctV*
ATO J056.7612+58.5254,473173115328330880,delSctV*
SDSS J131044.27+234605.3,3944865411984373248,delSctV*
ZTF J112503.28+093545.0,3914944397762043264,delSctV*
2MASS J19535272+4512358,2079400105605767936,delSctV*
ATO J353.3859+54.3202,1994332265354414464,delSctV*
TYC 3148-486-1,2078935729443575936,delSctV*
CRTS J183545.6-484757,6704117054805840384,delSctV*
ATO J111.5219-10.1113,3047311942567428736,delSctV*
OGLE BLG563.29    942,4092453437605393792,delSctV*
OGLE GD2084.21.09439,5303984959291414528,delSctV*
TYC 3120-1064-1,2099203512610499968,delSctV*
OGLE BLG939.14  30761,5956562874356537728,delSctV*
OGLE GD2092.18.00077,5304815575911566848,delSctV*
ATO J292.4548+38.0226,2051918911982891392,delSctV*
ATO J270.5320-03.5230,4177315673477723520,delSctV*
ZTF J192006.95+295452.0,2038801493440601984,delSctV*
[FCC2013] F17 31484,5896232469492949888,delSctV*
TYC 3139-826-1,2053357726028165632,delSctV*
OGLE LMC-DSCT-2785,5278384686472160640,delSctV*
ATO J265.7621-13.8600,4149445454596364928,delSctV*
2MASS J19521094+4142327,2073906876804174464,delSctV*
ZTF J202016.15+201808.2,1816610465717381376,delSctV*
ZTF J191918.49+442638.9,2126937250312375424,delSctV*
[DCT2018] F20c 32065,5611736515860898176,delSctV*
UCAC4 684-116932,1963230208141362944,delSctV*
[SSV2012] 1741727,2680953259435012352,delSctV*
ZTF J073552.14-092738.5,3041481198044792320,delSctV*
ATO J082.9991+24.8549,3416972699621193728,delSctV*
ZTF J205556.99-001814.3,4227355130552656640,delSctV*
HD 213272,1905774300313089920,delSctV*
OGLE GD-DSCT-4343,5866296547446374272,delSctV*
UCAC4 444-021177,3107057853930332160,delSctV*
* tet Tuc,4690231525639747072,delSctV*
OGLE LMC-DSCT-154,4662533075398199040,delSctV*
2MASS J20041288+4412049,2081882562346888320,delSctV*
Cl* NGC 6811    SAN     192,2128134549756169856,delSctV*
ZTF J192414.65+101508.7,4308784897323383936,delSctV*
ATO J336.9976+59.9357,2200542643184815360,delSctV*
ATO J323.3289+58.6799,2179315957042235008,delSctV*
ATO J278.0687-14.7781,4104057687733498880,delSctV*
ATO J050.4065+51.0752,442695649437115264,delSctV*
UCAC4 695-071416,2086936364460774272,delSctV*
ZTF J125627.66+381037.0,1517685071237444736,delSctV*
HD 243010,3416392432359256192,delSctV*
UCAC4 652-066714,2103748721879341312,delSctV*
TYC 3543-578-1,2126603509871707776,delSctV*
ZTF J180509.43+265526.0,4583102048999851648,delSctV*
ATO J321.1193+14.4594,1771406179735847680,delSctV*
ATO J102.3457-06.6513,3099539638238137600,delSctV*
BD+45  1859,829393545336090368,delSctV*
ATO J291.6908+34.8874,2049747032921608448,delSctV*
OGLE LMC-DSCT-530,4661881369948351744,delSctV*
ATO J043.3921+44.3567,433581758896056960,delSctV*
OGLE LMC-DSCT-2284,4657833036849798912,delSctV*
ATO J277.8183+32.5591,4592152202228027008,delSctV*
ZTF J195716.53+110618.1,4303775140059928832,delSctV*
ATO J212.6528+20.3087,1246299732915111808,delSctV*
[NBN2015] 46,3426254398829156608,delSctV*
ATO J283.3273-06.4582,4253933354641562752,delSctV*
ZTF J174532.65+284551.8,4596315155108936320,delSctV*
ZTF J212910.42+192717.2,1787034569293469056,delSctV*
ATO J033.2461+52.1721,359073873134027520,delSctV*
2MASS J19414677+4040526,2076598137663257088,delSctV*
ATO J031.6401+46.7013,353337858408777856,delSctV*
OGLE LMC-DSCT-195,4661776057359056256,delSctV*
OGLE LMC-DSCT-2477,4657155085036448640,delSctV*
ATO J345.1859+52.0390,1989382328426665984,delSctV*
ATO J237.7395+06.0979,4429855799112295936,delSctV*
ZTF J150015.88+202629.3,1261127982950314112,delSctV*
OGLE GD2273.31.06422,5357476032487448576,delSctV*
OGLE BLG594.10   1541,4098634174744127232,delSctV*
ATO J085.0226+19.2737,3399404256157627264,delSctV*
ATO J033.8026+56.1453,456794206008329472,delSctV*
ATO J052.1302+25.0529,69130732740894848,delSctV*
ATO J075.3985+21.6122,3412190438219191424,delSctV*
CRTS J072643.6+413522,948743329201222656,delSctV*
ZTF J231913.16+542818.1,1996046365319084416,delSctV*
OGLE GD1808.16.03229,3369589692701062912,delSctV*
UCAC4 681-069796,2126803724068074752,delSctV*
ZTF J035437.78+790314.5,555693318414707072,delSctV*
ATO J237.8286-18.0857,6248559631884396288,delSctV*
ATO J101.2548+24.6360,3384455124267585920,delSctV*
2MASS J19323513+3748372,2051670078759612544,delSctV*
ATO J267.0541+57.7717,1421858475348230656,delSctV*
OGLE LMC-DSCT-2696,5278522404587633536,delSctV*
ATO J299.3559-05.5445,4221025108974126592,delSctV*
OGLE GD1911.15.00009,5926146019040430848,delSctV*
ZTF J201846.31+090823.4,1753128619993282944,delSctV*
ATO J299.2294+39.4521,2072725863887432960,delSctV*
ATO J091.4938+34.0183,3450877029719794176,delSctV*
ATO J322.4471+21.3979,1790793524671812608,delSctV*
ATO J075.4585+50.7496,256665497561202688,delSctV*
ATO J106.7180-12.1585,3045744004626165760,delSctV*
ATO J025.7429+10.3267,2573308489799736064,delSctV*
V* IK Peg,1787127787263968640,delSctV*
OGLE GD-DSCT-2233,5312615683195258624,delSctV*
ZTF J215448.50+375608.5,1950014662486274304,delSctV*
ATO J076.4279+37.1206,186558334071287936,delSctV*
ATO J351.7842+37.2046,1913699404028579712,delSctV*
ATO J267.9113-01.3026,4370917406021739520,delSctV*
ATO J278.8746-24.1129,4077485618406574720,delSctV*
UCAC4 674-080087,2082141566053858560,delSctV*
ATO J001.4291+58.6165,423084412147169408,delSctV*
ATO J284.8214-11.9237,4198868777149884160,delSctV*
OGLE GD1576.18.04580,5711211909801321344,delSctV*
KIC 3356155,2052133316753327872,delSctV*
ATO J097.1618+11.7903,3331097023265395968,delSctV*
2MASS J19582125+4601008,2085278369648091392,delSctV*
ATO J093.8869+18.6175,3373830371610392704,delSctV*
V* V344 Vel,5358949240626468608,delSctV*
ATO J279.3358+14.5359,4509007476539635072,delSctV*
ZTF J215713.60+341226.4,1948038221616048000,delSctV*
ATO J293.9892-08.5508,4194534025570678784,delSctV*
ATO J267.3881-12.8531,4149942644340786560,delSctV*
CRTS J101004.6-371036,5421993931683983616,delSctV*
OGLE GD2327.19.00061,5639783580011165568,delSctV*
KOI-1755,2073775794399263360,delSctV*
ATO J329.0903+53.4473,1981519965603026560,delSctV*
ATO J118.3004-27.3461,5601160176074397824,delSctV*
TYC 3540-1387-1,2119136485889289856,delSctV*
ATO J253.6410+30.6816,1312848395741511552,delSctV*
2MASS J19080327+4400523,2106027494087446272,delSctV*
BD+45  2961,2080005691694611456,delSctV*
OGLE GD2200.05.02497,5893495510194452224,delSctV*
2MASS J19321264+3748538,2051856652135692800,delSctV*
TYC 3558-2027-1,2085244349200761344,delSctV*
V* V456 Aur,955763337284012160,delSctV*
ATO J313.3182+34.4257,1869200076820006656,delSctV*
HD 234785,2133655506872938752,delSctV*
OGLE GD-DSCT-5779,5935285404532486528,delSctV*
V* V896 Cen,5878604205731478784,delSctV*
ATO J294.3250-04.9374,4209954293894187520,delSctV*
TYC 3148-413-1,2078755443890503936,delSctV*
UCAC4 692-065205,2129268592919156224,delSctV*
ATO J285.0290-03.7573,4255519434475485568,delSctV*
CoRoT 110847040,3102319719028250752,delSctV*
ATO J252.6578+49.4302,1412055886806358144,delSctV*
OGLE LMC-DSCT-2753,5266154165785024640,delSctV*
ATO J259.1448+36.9490,1340035293910212608,delSctV*
ZTF J180829.81+353853.4,4606232135814338432,delSctV*
ATO J180.6481+14.5052,3921873245162434176,delSctV*
OGLE LMC-DSCT-2061,4650945043214278912,delSctV*
ZTF J182840.37+310036.5,4588583634161680256,delSctV*
OGLE LMC-DSCT-668,4652075272489328000,delSctV*
ATO J326.7203+36.8857,1952476778259317504,delSctV*
ATO J090.5941+10.5103,3341832792236782720,delSctV*
LINEAR 3279505,3895154429708593408,delSctV*
ATO J100.5052-05.2783,3103685449909564928,delSctV*
ATO J288.4222+39.3634,2099716675302419840,delSctV*
ATO J298.1427+07.8478,4298229276436540032,delSctV*
ATO J088.8314+30.1744,3443808063310423424,delSctV*
UCAC4 672-080770,2082071781423981952,delSctV*
OGLE GD2207.31.00063,5895463292412125184,delSctV*
ATO J075.1666+48.2804,255363950672979968,delSctV*
2MASS J19521507+4715473,2086335962393237888,delSctV*
OGLE BLG949.5   2384,4036038805992983552,delSctV*
TYC 3142-175-1,2101846669844365312,delSctV*
ZTF J054630.27+712513.9,486323029576982656,delSctV*
ATO J115.7596-28.3900,5599905044885155584,delSctV*
OGLE GD2344.09.00086,5593088111455413504,delSctV*
ZTF J135616.90+425100.2,1499106558839780864,delSctV*
ATO J288.3846-05.1262,4212110440512029440,delSctV*
ATO J087.1043+41.4190,191952194519878656,delSctV*
2MASS J19161571+4032546,2101329521422870272,delSctV*
OGLE BLG-DSCT-11650,5971912129722639616,delSctV*
OGLE GD1363.12.00907,5241854447766831744,delSctV*
ATO J314.6982+05.7611,1736455282069215488,delSctV*
ATO J333.2654+49.4373,1975946571208136960,delSctV*
BD+49  3110,2087212101358672640,delSctV*
[MTR2015] OW J074216.77-241327.5,5615438949466234240,delSctV*
ZTF J201323.24+334344.8,2055433260395755776,delSctV*
ATO J069.1475+48.4490,257708723642098688,delSctV*
ATO J118.5449-21.5357,5712291905097176448,delSctV*
CoRoT 102703484,3107420800146423296,delSctV*
2MASS J19471546+4419344,2078931782373987328,delSctV*
[DCT2018] F20a 10147,5592155034095764352,delSctV*
OGLE LMC-DSCT-964,4661931363372927488,delSctV*
ATO J338.5211+51.9044,2000627862782451968,delSctV*
ATO J082.2973+36.3147,183379371078689152,delSctV*
SDSS J025235.71+001743.9,2498208237850398336,delSctV*
NSVS   6989376,3444671665268322560,delSctV*
BD+41  3185,2103715186774326272,delSctV*
OGLE LMC-DSCT-510,4655208025894569216,delSctV*
ATO J084.9289+38.7167,190081512921233792,delSctV*
CoRoT 110756095,3105803860917522176,delSctV*
ATO J299.8200+35.6404,2059501998858765312,delSctV*
SDSS J171235.91+304204.9,1333158776392228992,delSctV*
ZTF J235041.92+610151.0,2011836868425923072,delSctV*
ZTF J211527.20+323223.8,1854675459491936384,delSctV*
UCAC4 446-021747,3107363075786641920,delSctV*
ZTF J131906.15+110723.9,3733358197009190912,delSctV*
OGLE GD1546.24.08285,5596369019798031360,delSctV*
V* BZ Gru,6586581804413375232,delSctV*
2MASS J20291725+4943570,2180106643340036608,delSctV*
TYC  148-1622-1,3113590262969233024,delSctV*
ZTF J161708.94+030317.2,4436143596876370432,delSctV*
CRTS J152404.4-090659,6320841079614146176,delSctV*
CoRoT 105824533,4285514352189036544,delSctV*
ATO J323.0656+24.6559,1798264736246725248,delSctV*
ZTF J133709.24+025503.1,3711993895807758464,delSctV*
ZTF J173142.21+223042.0,4556970888155359488,delSctV*
ATO J104.2217+04.1302,3128226858676740480,delSctV*
TYC 3581-190-1,2180138460458031232,delSctV*
ZTF J223410.17+432842.8,1981816833728538752,delSctV*
ZTF J163550.49+661932.9,1636244761522048128,delSctV*
HD 187234,2076780381719963008,delSctV*
ATO J253.2182+01.6172,4384705453628222208,delSctV*
ATO J299.9226+12.5131,4304213608987449344,delSctV*
2MASS J19532329+4511434,2079401681853657088,delSctV*
ATO J319.0678+32.3309,1854480914657059328,delSctV*
OGLE BLG-DSCT-05412,4043769639845249152,delSctV*
ATO J281.1425+56.5160,2153879958112897920,delSctV*
ATO J290.3537+40.5508,2101183664334854016,delSctV*
ATO J263.9422-01.0923,4370528037166540416,delSctV*
ZTF J134813.46+230107.2,1251789663191692672,delSctV*
ATO J108.8378-03.1002,3108090849409494528,delSctV*
ATO J358.8108+00.0561,2642160045370228224,delSctV*
UCAC4 647-074068,2073283213191925120,delSctV*
OGLE BLG517.12  48502,4039127707822077312,delSctV*
ATO J037.6277+47.1069,354133213335783552,delSctV*
[DCT2018] F20b 28679,5593459054883440128,delSctV*
ZTF J194524.07+360228.4,2047847695322134400,delSctV*
ATO J290.9753+23.8901,2022759103415391104,delSctV*
TYC 3149-1848-1,2078642198500495488,delSctV*
ATO J045.3767+53.1786,441223850044992896,delSctV*
TYC 3562-914-1,2086541571068497920,delSctV*
CRTS J210150.4+081941,1738050845239673984,delSctV*
LINEAR 13700475,1167722584680086912,delSctV*
UCAC4 429-022017,3102304978700120064,delSctV*
ATO J050.2470+53.6963,446506625458173824,delSctV*
ATO J102.3365-12.2960,2952989341144118656,delSctV*
ATO J102.9159+35.3724,940245032030815360,delSctV*
ATO J111.2345-22.7074,5619421208779840256,delSctV*
ATO J294.2490-05.0536,4209950926639458816,delSctV*
TYC 3565-292-1,2134776184102905600,delSctV*
ROTSE1 J162523.42+255018.3,1304150468492602112,delSctV*
ATO J302.4462+14.5619,1806743177795147264,delSctV*
OGLE LMC-DSCT-167,4661595737450215424,delSctV*
ATO J301.2319+12.2711,1802952164786900864,delSctV*
TYC 3545-2523-1,2131511837156649984,delSctV*
2MASS J18445937+0532269,4285287199960827392,delSctV*
ATO J320.6220+57.3247,2178941264092473728,delSctV*
[FCC2013] F17 32068,5896232881809814656,delSctV*
ATO J283.9649+23.5979,4533315342169629568,delSctV*
SDSS J154910.88+402457.0,1377745965763210368,delSctV*
ATO J296.7938+30.0656,2031921613017338880,delSctV*
TYC 3556-2285-1,2126735489928466176,delSctV*
ATO J322.9246+50.1461,2170994200214220928,delSctV*
ATO J281.0531-13.0769,4105377101639657984,delSctV*
OGLE LMC-DSCT-364,4654672044007335040,delSctV*
ATO J084.8553+13.1864,3341329392007385984,delSctV*
GSC 03031-00307,1549485322630838656,delSctV*
ZTF J171855.55+110102.5,4539837232817696256,delSctV*
ATO J285.0757-08.8383,4202945525743509504,delSctV*
TYC 2411-1663-1,183011996757000960,delSctV*
ATO J322.9375+29.7896,1850011502958150144,delSctV*
ZTF J153552.52+191321.3,1210085633827265152,delSctV*
ZTF J222940.81+474927.8,1986630529999167744,delSctV*
SDSS J173840.43+645337.5,1440588522785399168,delSctV*
ZTF J021515.42+632502.0,514711874355789056,delSctV*
ZTF J190319.99+131822.8,4314264176077010944,delSctV*
CRTS J132610.4-110819,3611627867380017536,delSctV*
OGLE BLG-DSCT-12735,5960851145811863680,delSctV*
2MASS J16184486+1532099,4464890087861694080,delSctV*
ATO J286.6441+00.8208,4267285200992851456,delSctV*
ATO J099.7373+29.5741,3434681605697379840,delSctV*
ATO J257.2921-00.9050,4380334035913872512,delSctV*
ATO J277.9899+29.7357,4588198976890462208,delSctV*
ATO J274.3870-11.8987,4153682113422142720,delSctV*
ZTF J044246.07+645809.6,482223294315181440,delSctV*
ZTF J195848.80+364205.1,2059808766938140288,delSctV*
HD 295554,3105412709657896320,delSctV*
OGLE BLG883.20   1235,6029685074844273152,delSctV*
BOKS 55937,2080460825088053120,delSctV*
[MTR2015] OW J075527.6-314825.2,5595307956710856448,delSctV*
OGLE LMC-DSCT-2054,4657108463036744576,delSctV*
ATO J291.6352-08.5119,4206722730444183168,delSctV*
ATO J121.0369+46.6531,932808897452867200,delSctV*
OGLE LMC-DSCT-708,4662001285454988800,delSctV*
OGLE BLG-DSCT-11787,4108134951672900352,delSctV*
ATO J286.4046+13.8005,4314396667266294656,delSctV*
ATO J113.2515-08.7780,3053588470334021248,delSctV*
TYC 3543-1058-1,2128339604373318528,delSctV*
ATO J074.5820+39.1159,199158737326874240,delSctV*
ATO J089.4514+17.2275,3349809233701235072,delSctV*
CRTS J224030.9+174330,2832852062122671488,delSctV*
KIC 3350736,2052270205948802304,delSctV*
CRTS J200756.6-290005,6749734619710496384,delSctV*
UCAC4 658-070344,2103862383894670464,delSctV*
V* HU Psc,2573306191992660224,delSctV*
LINEAR 23842791,3805148373498644480,delSctV*
OGLE GD-DSCT-22,5241968315936735744,delSctV*
ATO J188.0213+48.1571,1544030989045478912,delSctV*
CoRoT 110655613,3101926540543336064,delSctV*
OGLE LMC-DSCT-2505,4659262440613887616,delSctV*
ATO J095.4293+09.3780,3325898674028011136,delSctV*
ATO J103.5704+18.5083,3364588117384329728,delSctV*
ZTF J201125.63+521939.3,2088518729188643840,delSctV*
OGLE BLG942.16  27718,5956998491410155520,delSctV*
2MASS J20274915+4935599,2180112415775728768,delSctV*
OGLE LMC563.12.000569,4659759621733746304,delSctV*
ATO J340.6208+47.9839,1983833544216643072,delSctV*
ZTF J194244.90+155000.2,4318628481345114240,delSctV*
TYC 3125-5-1,2101382366700306816,delSctV*
ZTF J180029.80+594446.2,2152675576266320384,delSctV*
OGLE BLG982.10  37357,5958632262646150912,delSctV*
ATO J274.4774+11.2962,4484500668021848192,delSctV*
ATO J295.3273+37.0107,2048713457639567104,delSctV*
ATO J278.8473+17.7198,4523930735544768256,delSctV*
OGLE LMC563.10.004257,4659739074634086272,delSctV*
ZTF J161809.86+142435.5,4464378780595472256,delSctV*
V* CY Cnc,664322421538783104,delSctV*
HD 225363,2076664486319541888,delSctV*
OGLE LMC-DSCT-2662,4657481644105989376,delSctV*
ASTEP V-1540,5912065780521419392,delSctV*
ZTF J193947.29+155645.0,4318740013057694336,delSctV*
ZTF J174945.01+151643.6,4500852776746173696,delSctV*
TYC 3564-1358-1,2135187985566674304,delSctV*
UCAC4 571-025553,3425508719488767744,delSctV*
ATO J089.7062+28.6719,3431511816756472704,delSctV*
ZTF J234635.58+562323.7,1997937392182157696,delSctV*
ATO J332.4840+40.6827,1956519235837434624,delSctV*
[DCT2018] F20a 27108,5592819555737895552,delSctV*
ZTF J143607.83+343455.2,1287912193578069120,delSctV*
ATO J153.9521+19.3636,625049305006576256,delSctV*
ATO J262.8134+04.4109,4389444864141387008,delSctV*
ZTF J193305.50+322553.2,2045493091163719680,delSctV*
ZTF J200305.82+163235.9,1808178109196319232,delSctV*
OGLE BLG870.29    896,6033547865376093440,delSctV*
UCAC2  46577044,2078696933560801792,delSctV*
ZTF J063550.26+655017.0,1104032583368215168,delSctV*
ATO J293.2061-10.4001,4188059139035357824,delSctV*
OGLE LMC-DSCT-1026,4658357469681439744,delSctV*
OGLE BLG-DSCT-11828,4059386931133667072,delSctV*
ATO J081.0705+56.2155,267647179179346816,delSctV*
OGLE GD-DSCT-938,3031100498305953152,delSctV*
ZTF J173806.05+064212.0,4486068842179941376,delSctV*
2MASS J19412506+1522553,4318508939464901760,delSctV*
ATO J008.9217+47.4605,390750322093784320,delSctV*
* omi01 Eri,3196359642878570368,delSctV*
ZTF J113942.02+454327.2,785933247996619136,delSctV*
ATO J091.4467+08.2254,3322525234911742080,delSctV*
ATO J095.4479+01.3538,3123686150531883264,delSctV*
SDSS J170114.95+234239.7,4571555974317994240,delSctV*
OGLE LMC-DSCT-2066,4651090797241959936,delSctV*
OGLE LMC-DSCT-848,4652203915366471936,delSctV*
ATO J339.4685+56.0687,2006605971915727488,delSctV*
[DCT2018] F20a 16197,5592916312764644864,delSctV*
OGLE LMC571.16.003561,4755844705945515392,delSctV*
OGLE BLG-DSCT-11686,4134427122196952576,delSctV*
V* V845 Mon,3038045052407110656,delSctV*
CoRoT 102742901,3107363110146369024,delSctV*
ASTEP V-1246,5941603060909905920,delSctV*
[DCT2018] F20a 21577,5592983898368224384,delSctV*
ZTF J222155.04+570327.5,2006334121976301312,delSctV*
2MASS J19213824+4001577,2101099998371101312,delSctV*
ATO J284.6071-17.1399,4088450120089271936,delSctV*
ATO J187.1443+40.0263,1532344005072443264,delSctV*
CoRoT 110750789,3102285634167970304,delSctV*
HD 226016,2076969016682126080,delSctV*
* h Tau,3310634944368705664,delSctV*
OGLE BLG-DSCT-00353,4059538839826390016,delSctV*
OGLE BLG875.19   3518,6026678421625526784,delSctV*
ATO J115.4445-23.5170,5615560479863775872,delSctV*
ZTF J194124.11+192020.4,1824515821242126976,delSctV*
V* BS Cam,485493658511197184,delSctV*
ATO J342.8802+58.0169,2007382987345878016,delSctV*
CRTS J171154.8+092546,4443536335100019200,delSctV*
UCAC4 699-070235,2087191897832879616,delSctV*
ZTF J141233.02+093640.6,3722987641990955520,delSctV*
2MASS J19250578+3827444,2052638542342129792,delSctV*
ATO J079.8428+25.6843,3420660495980006912,delSctV*
ATO J198.5079+59.6633,1567194537943343360,delSctV*
ATO J327.8558+48.0931,1974828097310279296,delSctV*
ATO J297.8346+21.5335,1826732058710124544,delSctV*
OGLE GD-DSCT-44,5859055885484873600,delSctV*
OGLE LMC-DSCT-2743,5279457088267208960,delSctV*
2MASS J19494779+4002109,2073656153789013760,delSctV*
V* QS Dra,1616392048289708672,delSctV*
ATO J120.0503-05.3062,3068129094993354240,delSctV*
2MASS J06384353+0933543,3326798619996452224,delSctV*
CoRoT 105054735,4286746389321378816,delSctV*
ATO J112.8488+37.5210,898714351842118144,delSctV*
V* CF Ind,6465634013529266176,delSctV*
ATO J032.7624+47.2288,353434752871195136,delSctV*
ZTF J225251.85+464646.0,1984260807559783936,delSctV*
OGLE LMC-DSCT-414,4661323917699806592,delSctV*
OGLE BLG686.3  22683,4038225803349862272,delSctV*
ZTF J182152.35+165009.6,4522924781182182528,delSctV*
ATO J256.8174+56.2224,1432580676520538240,delSctV*
CRTS J162624.1+132336,4460633603472911104,delSctV*
CoRoT 101226606,4263388982773331456,delSctV*
CoRoT 110744022,3101873282949785600,delSctV*
ATO J356.9925+41.0941,1921294456692668672,delSctV*
OGLE GD1127.09.33131,5930615847430810112,delSctV*
CoRoT 110750724,3102084286101003520,delSctV*
ATO J262.8852-03.2189,4369639498628281216,delSctV*
ATO J270.2620+04.2938,4469748172612501760,delSctV*
ATO J034.7087+40.9622,338986345447810816,delSctV*
OGLE GD2363.09.05406,2930971586439387008,delSctV*
HD 126685,6220400554978238464,delSctV*
ZTF J193655.97+315659.1,2045239241403189504,delSctV*
OGLE GD2283.27.07323,5407133791527008256,delSctV*
ATO J104.5763-02.3189,3108978155287991424,delSctV*
HD 190242,6687547964327989120,delSctV*
Cl* NGC 6811    SAN     127,2128144337980908160,delSctV*
ATO J002.7007+56.3242,420785853033237888,delSctV*
BD+47  2769,2130856425148211712,delSctV*
BD+42  3328,2126013213868459776,delSctV*
OGLE GD1900.29.00011,5951839685985116928,delSctV*
OGLE GD2077.28.09844,5300350149957969536,delSctV*
HD 225927,2073269744173936512,delSctV*
2MASS J19240732+4534332,2127428113533247232,delSctV*
TYC  459-131-1,4286439969181574656,delSctV*
ATO J092.6464+33.4968,3452090379457857920,delSctV*
[FCC2013] F19 122252,5931297991316840064,delSctV*
*  73 Vir,3602932207872630656,delSctV*
ATO J022.6006+55.9405,412279378242838784,delSctV*
OGLE LMC-DSCT-1714,4658630461956239616,delSctV*
[FKC2012] LRa02b2 7981,3101949733366629120,delSctV*
TYC 3147-1918-1,2077830003001982976,delSctV*
[SPV2018] V27,4661814677742092288,delSctV*
ATO J205.6572-12.2951,3613364954016519936,delSctV*
OGLE GD2005.24.18898,5857147545564447488,delSctV*
ATO J025.0186+58.6773,509064885712988800,delSctV*
TYC 3560-936-1,2128920769288996352,delSctV*
LINEAR 2634740,774232971104573824,delSctV*
ATO J102.1481-13.0872,2952317745698029824,delSctV*
ATO J113.0225-29.3577,5611531078982284288,delSctV*
CoRoT 101163611,4288700049686196352,delSctV*
ATO J102.5471-07.7456,3099122820253461248,delSctV*
Kepler-1233,2080300949226451200,delSctV*
TYC 3556-3581-1,2080038234665694080,delSctV*
ATO J095.3386+03.8639,3125380532311316864,delSctV*
2MASS J19430893+4243112,2077240630412374656,delSctV*
HD 225842,2076775983673454080,delSctV*
ATO J325.8415+13.9710,1767623443123155072,delSctV*
