Star,Gaia_DR3_ID,otype
2MASS J19385827-0512504,4209883650271256448,HorBranch*
2MASS J01232814+1614124,2593027822822471936,HorBranch*
UCAC4 186-010575,5503619201025944704,HorBranch*
SDSS J101553.39+194919.9,625147436419195136,HorBranch*
TYC  217-107-1,578524466909294592,HorBranch*
SDSS J074116.52+413143.5,923793765394698624,HorBranch*
SDSS J031148.76+412905.0,239235072868070400,HorBranch*
SDSS J231032.81+221810.7,2838827048827582080,HorBranch*
BD+44  3191,2079893889404395648,HorBranch*
2MASS J07192706-0442047,3058884783484674304,HorBranch*
2MASS J02171444+5618595,456814478254653312,HorBranch*
EC 20500-4017,6678479845256836224,HorBranch*
BPS CS 22964-0096,6685564823308766976,HorBranch*
2MASS J05025491+2226221,3418257856916012928,HorBranch*
2MASS J04150602-5659006,4682324971883933184,HorBranch*
HE 2255-5214,6512854189652674048,HorBranch*
BPS BS 16547-0023,6335170361823534080,HorBranch*
HE 0039+0137,2550305645691239168,HorBranch*
UCAC4 640-068244,2052569341827415936,HorBranch*
HE 1310-0358,3635987925450022912,HorBranch*
TYC 3556-3559-1,2079869081674009472,HorBranch*
SDSS J082912.03+113032.4,602638960226429184,HorBranch*
CPD-86   129,5189705229681502208,HorBranch*
HE 1322-2631,6189534785389378560,HorBranch*
2MASS J17223980+2632460,4574014074298055936,HorBranch*
TYC 3134-242-1,2052740380307503872,HorBranch*
SDSS J082640.96+180831.0,662259321111247616,HorBranch*
HE 0201-0546,2490944181137641600,HorBranch*
2MASS J00022314+5933161,423274494525398272,HorBranch*
2MASS J18051952-0845338,4158484166045954944,HorBranch*
2MASS J13284156+7538022,1712923534211313280,HorBranch*
SDSS J155258.76+394804.9,1382906734041965440,HorBranch*
HE 1355-1025,3615269690408619136,HorBranch*
2MASS J00302872+5020298,391705213582152448,HorBranch*
SDSS J125655.19+203332.2,3942461600392838912,HorBranch*
2MASS J16351701-0101589,4383134388951356800,HorBranch*
TYC 3562-1082-1,2086860120203064960,HorBranch*
HE 1316-2953,6181748353278150016,HorBranch*
2MASS J20285364+4611404,2071079173415557504,HorBranch*
2MASS J09425785+5507103,1021847319006167168,HorBranch*
TYC 3498-525-1,1424330559740536704,HorBranch*
HD 190511,2082090778053585280,HorBranch*
TYC 3561-943-1,2134725155592660352,HorBranch*
2MASS J18164070+0131148,4277314606762369408,HorBranch*
TYC 1178-1494-1,2772011273395159040,HorBranch*
SDSS J025907.39+052523.2,6842260860029056,HorBranch*
NGC  6705   411,4252504298789882752,HorBranch*
2MASS J18121739+7418195,2267448685943760640,HorBranch*
2MASS J06304684+0759381,3326197603750091136,HorBranch*
UCAC4 669-072685,2126096398796028800,HorBranch*
HE 0926-0517,3824723838001593216,HorBranch*
2MASS J22364730+6200070,2201930059359677312,HorBranch*
SDSS J124609.53+293729.2,3963143727644692096,HorBranch*
CoRoT 110854096,3101918702224420864,HorBranch*
2MASS J07164061+0708297,3153278062883751936,HorBranch*
SB 662,5012321396728591488,HorBranch*
HE 1529-0706,6321548649706398592,HorBranch*
TYC 3140-546-1,2073652889613770624,HorBranch*
HE 1126-0632,3593155590996456576,HorBranch*
2MASS J14522667+1551248,1186343466931269760,HorBranch*
2MASS J17224783+5507027,1419710686758472064,HorBranch*
HE 1413-1005,6304940870165581824,HorBranch*
SDSS J025732.52+061612.9,7156137070183552,HorBranch*
SDSS J201011.99-102449.6,4191178831477831936,HorBranch*
PSO J245.5221-06.2672,4355135737665282432,HorBranch*
TYC 1287-1589-1,3394470124709744512,HorBranch*
2MASS J06100595+2831457,3436570463596466688,HorBranch*
2MASS J16435537+4514559,1405930473168009088,HorBranch*
2MASS J13575543+4748479,1509620913658615040,HorBranch*
TYC 3556-3029-1,2126529159700273152,HorBranch*
2MASS J21314055+1224087,1745970382682715520,HorBranch*
2MASS J03001602+6509079,468237407629826304,HorBranch*
SDSS J082502.41+164319.4,656013377808162944,HorBranch*
2MASS J16383635+4148485,1356908712883877760,HorBranch*
SDSS J141509.27+304439.6,1477286780649679744,HorBranch*
UCAC4 315-073147,6188759423532409472,HorBranch*
2MASS J19404346-0454516,4209173915517254912,HorBranch*
TYC  152-1993-1,3127408890747789952,HorBranch*
SDSS J081913.67+204922.2,675743151895651200,HorBranch*
2MASS J20254501+4508008,2070910467095796480,HorBranch*
2MASS J03402264+4940065,249620342447362176,HorBranch*
SDSS J105626.01+031501.2,3809634277860504704,HorBranch*
2MASS J07172144+1346233,3166530236013907328,HorBranch*
2MASS J06364800+1338295,3355455195848587392,HorBranch*
UCAC4 650-073547,2052494265804820096,HorBranch*
[MDL2014] 127,2342907825359284608,HorBranch*
TYC 5228-121-1,2675883033361957632,HorBranch*
2MASS J18010522+7434589,2267514519202507136,HorBranch*
2MASS J06105165+1807087,3373334590648147456,HorBranch*
HE 0228-3823,4953327890613781888,HorBranch*
SDSS J042117.17+072912.1,3286909579385232768,HorBranch*
2MASS J20094692+5516117,2186221130573464576,HorBranch*
CRTS J215525.9+020945,2681883892948604544,HorBranch*
2MASS J20095792+2051306,1828839478869797376,HorBranch*
SDSS J160353.06+082730.4,4451613828554553088,HorBranch*
2MASS J03362541-5910093,4728992334175303936,HorBranch*
HE 1451-0052,3650735056437859328,HorBranch*
2MASS J23090730+5436114,1996652647205172096,HorBranch*
UCAC4 676-072528,2127952030825368576,HorBranch*
HE 1153-0424,3599178097218784640,HorBranch*
2MASS J08293059+3403404,903141982087505152,HorBranch*
SDSS J032701.89+040715.9,3275326460608702080,HorBranch*
2MASS J08054798+3922580,921031826545662848,HorBranch*
2MASS J06214678+3355233,3440317324343747968,HorBranch*
2MASS J22482272+6242046,2207946140309263104,HorBranch*
2MASS J17290052+5455359,1419473054808230528,HorBranch*
2MASS J06133396+3240128,3439938473869995520,HorBranch*
2MASS J05003754+4116313,201683284745633920,HorBranch*
Cl* NGC 2243    AAT     239,2893936323960106752,HorBranch*
2MASS J00260492+6339353,431005160780003712,HorBranch*
SDSS J010812.85-104708.2,2469896775507818496,HorBranch*
TYC 3139-1716-1,2076528662274438784,HorBranch*
HE 1250-0743,3627500997058563328,HorBranch*
2MASS J00251422+7045558,531044638544320128,HorBranch*
SDSS J151921.36+061514.6,1162335935480914560,HorBranch*
BD-22  3903,6228279032530622080,HorBranch*
2MASS J16504413+4637108,1407706592467909632,HorBranch*
EC 13221-1723,3604059860125985280,HorBranch*
SDSS J085326.40+550555.2,1030114031539822208,HorBranch*
2MASS J23572906+6242052,2013023997393006080,HorBranch*
SDSS J031336.16+061103.1,4205116580626432,HorBranch*
UCAC4 683-073019,2128138776004160512,HorBranch*
TYC 3123-687-1,2103293833303100800,HorBranch*
SDSS J085433.35+062751.4,584372258157021824,HorBranch*
SDSS J124742.83+080101.3,3710551821883900544,HorBranch*
2MASS J05495530+2916277,3443479279267871744,HorBranch*
HE 0927-0335,3825597430054525440,HorBranch*
SDSS J180521.29+780333.8,2269807791220414720,HorBranch*
HE 0411-1450,3176285412412405888,HorBranch*
HE 1304-0848,3627729905930589056,HorBranch*
2MASS J01264726+6116489,510682095522037504,HorBranch*
TYC 8351-607-1,5947407966903218432,HorBranch*
2MASS J07050534-1605524,2936075721273297920,HorBranch*
SDSS J123206.92+331158.9,4015781124541807104,HorBranch*
SDSS J173319.13+320533.3,4601602745183742336,HorBranch*
SDSS J131510.13+160504.6,3744591842886074368,HorBranch*
2MASS J05351807+5532371,268096673276397312,HorBranch*
2MASS J03320723+3140582,121432404929813760,HorBranch*
2MASS J19422472+5019555,2134983098447427072,HorBranch*
2MASS J07441926+5254375,984424478682348288,HorBranch*
HE 1257-1143,3622360956292601088,HorBranch*
2MASS J04110277+5227415,274846712606639744,HorBranch*
2MASS J11084775+0756126,3818460160776094080,HorBranch*
2MASS J20085180+1933081,1822601811968764800,HorBranch*
2MASS J01140233+2412381,293974985105076608,HorBranch*
HE 1356-0433,3644769381223497600,HorBranch*
HE 1430-1846,6283547500625380096,HorBranch*
HE 1011-1617,5673308750388595328,HorBranch*
2MASS J19113447+4905595,2132738067499796736,HorBranch*
HE 0928-0331,3825555515468794496,HorBranch*
TYC 3134-2085-1,2052539925591036288,HorBranch*
2MASS J06332806+0647463,3132226332224447872,HorBranch*
2MASS J18572459+2942072,2040671217266512384,HorBranch*
2MASS J06151510+0803527,3328312480007196672,HorBranch*
SDSS J170409.47+291110.0,1308748351241640448,HorBranch*
BD+23  2911,1205829939712891776,HorBranch*
2MASS J22133892+5226101,2004265493926064384,HorBranch*
2MASS J18492715-0703110,4252307383132501376,HorBranch*
NGC  1817   185,3394759266204683904,HorBranch*
SDSS J164759.71+304844.5,1311598766416826880,HorBranch*
HE 1121-0444,3786558135838518656,HorBranch*
SDSS J151924.57+020646.7,4421571253875619968,HorBranch*
SDSS J030417.40-003506.8,3266320670102967040,HorBranch*
HE 1417-1710,6296706215268380928,HorBranch*
BPS CS 22950-0152,6874935428947709696,HorBranch*
2MASS J12474544+1147487,3928010963884240256,HorBranch*
TYC 1198-1228-1,2593218347571748864,HorBranch*
TYC 3512-289-1,1365977038113484672,HorBranch*
HE 1210-2754,3474422594488674816,HorBranch*
TYC 2851-862-1,142972524913351424,HorBranch*
2MASS J16103810+2324186,1206648766637987712,HorBranch*
SDSS J200623.17+775058.0,2291354675775482624,HorBranch*
NGC  6341 12024,1360405950138148096,HorBranch*
2MASS J19432192+4931535,2134878782280875904,HorBranch*
2MASS J07354535-1942220,5716326631736290176,HorBranch*
HE 2225-4206,6569259136157820928,HorBranch*
UCAC4 696-068825,2134807103568675712,HorBranch*
2MASS J23555594+2213195,2847645132081314176,HorBranch*
2MASS J11230398+2206317,3990979440753964800,HorBranch*
2MASS J19092928+2852310,2037581005482733184,HorBranch*
2MASS J07135129+3044010,886565023233177472,HorBranch*
SDSS J170535.56+245802.9,4572126522071080960,HorBranch*
2MASS J00223297+6409495,431169469047614848,HorBranch*
2MASS J08463240+1135002,601937231288774400,HorBranch*
Cl* NGC 6205    KAD      38,1327684930768681472,HorBranch*
2MASS J07160982+1331590,3166431898442056832,HorBranch*
2MASS J21065733+0919597,1744230439890182784,HorBranch*
2MASS J03453895-5532069,4731473107286134528,HorBranch*
HE 0355-0912,3194783527318910464,HorBranch*
UCAC4 704-066038,2135380086563364224,HorBranch*
2MASS J19130068-0734302,4204786490479583872,HorBranch*
2MASS J03270171+0903147,12470596458603648,HorBranch*
2MASS J06140896+1143398,3331833970932353920,HorBranch*
2MASS J18243721+1523349,4521774524522711040,HorBranch*
2MASS J07224887-0905001,3047748410021421184,HorBranch*
TYC 3545-2968-1,2130599483022239232,HorBranch*
2MASS J19025143-0508207,4254329419303939712,HorBranch*
2MASS J19100585+2828447,2037488440344826112,HorBranch*
2MASS J19443957+4544495,2080189932911336448,HorBranch*
2MASS J06133649+1459335,3344905514919749632,HorBranch*
2MASS J03342841+7149242,543158709762964224,HorBranch*
HE 2307-1807,2406061093199242880,HorBranch*
2MASS J17520635-0143210,4178732531654667264,HorBranch*
SDSS J170606.59+394744.6,1353492598976270848,HorBranch*
BPS CS 22950-0151,6875308816223593856,HorBranch*
2MASS J00100975+1455499,2769223908338684160,HorBranch*
2MASS J06471449+1843224,3359588736793838464,HorBranch*
2MASS J01375745+6231166,511575654876649472,HorBranch*
HE 2217-3949,6570655339828527104,HorBranch*
2MASS J19091812+1939092,4516366641002715264,HorBranch*
SDSS J103453.07+440544.0,829138561710712192,HorBranch*
2MASS J06483194-0653454,3099437418015510400,HorBranch*
2MASS J11041873-1117181,3758362229591778688,HorBranch*
SDSS J145518.26+222439.3,1262571989610124160,HorBranch*
TYC 5976-2444-1,2928713842398052352,HorBranch*
SDSS J070614.26+132049.1,3161308066880997632,HorBranch*
SDSS J083215.80+141324.0,651453943604531840,HorBranch*
2MASS J08462761+1036145,598714287829725312,HorBranch*
2MASS J19433713+4542167,2079817988745055232,HorBranch*
2MASS J06072905+1500012,3345515988689984000,HorBranch*
HE 2143-0106,2675010158568530816,HorBranch*
HE 2151-0841,2618615451265528960,HorBranch*
2MASS J02484222-5610475,4740194639675756288,HorBranch*
2MASS J23464985+1704189,2820023372767705472,HorBranch*
TYC 3130-2018-1,2117316386128215040,HorBranch*
2MASS J00554043+5759521,424353905707058944,HorBranch*
HE 1335-3057,6174827928310437760,HorBranch*
BD+10  4913,2810906291068589824,HorBranch*
2MASS J03414057+5904331,450002076003730688,HorBranch*
SDSS J022852.89+005917.1,2501355349366441600,HorBranch*
2MASS J03213153+5644442,449335222198320768,HorBranch*
2MASS J00205620+6608280,528200923517688704,HorBranch*
SDSS J092246.52+212002.0,637739013515925120,HorBranch*
UCAC4 703-065158,2130152114930931200,HorBranch*
2MASS J19540510+4043268,2073803041673200896,HorBranch*
2MASS J05373771+3116406,3447644675990095616,HorBranch*
2MASS J20393867-0102223,4226317432093942272,HorBranch*
2MASS J07233685-0949148,3047379115857582976,HorBranch*
2MASS J01071311+6620315,525230073163055232,HorBranch*
2MASS J21233636+5703241,2178743661241728000,HorBranch*
UCAC4 694-070936,2086931141780354304,HorBranch*
2MASS J07361742+3733196,899046468776990208,HorBranch*
SDSS J160240.19+235443.0,1218841216718766592,HorBranch*
Feige  13,2458960070785058304,HorBranch*
UCAC4 681-070186,2128250479512437888,HorBranch*
SDSS J092738.89+101932.8,589378953073696768,HorBranch*
2MASS J06124810+1123442,3330320737995204992,HorBranch*
2MASS J04335926+3518511,174807814647059584,HorBranch*
SDSS J032702.15+060540.5,9212017655574912,HorBranch*
2MASS J06392116-0401073,3104077460163000704,HorBranch*
2MASS J05293380+3933495,190795370848294784,HorBranch*
BPS CS 22943-0070,6672989365223655296,HorBranch*
2MASS J05432704+4550051,197551663641349248,HorBranch*
UCAC4 429-064902,4377588177421757440,HorBranch*
2MASS J03335438+6059087,486464355483048960,HorBranch*
SDSS J020353.44+002755.4,2507972210342782976,HorBranch*
SDSS J211016.12+111432.1,1745077136858144000,HorBranch*
SDSS J103440.47+440328.3,829114956570456192,HorBranch*
HE 1415-1649,6296930030308655872,HorBranch*
2MASS J06544322+0455069,3129083137717162880,HorBranch*
UCAC4 645-065303,2100137479017881344,HorBranch*
2MASS J04065872-1102581,3190367785542411392,HorBranch*
SDSS J011123.25-093737.0,2471687162690985600,HorBranch*
SDSS J135432.51+021245.3,3664548942572047872,HorBranch*
2MASS J00301363+5920031,428475390682449152,HorBranch*
2MASS J00051691+0007413,2546086716495775488,HorBranch*
2MASS J23103440+5508331,1996701541113522304,HorBranch*
2MASS J08003109-1708058,5718054686051640960,HorBranch*
2MASS J15333602+3643082,1375400436878860544,HorBranch*
2MASS J02231946-5641099,4739381379028925568,HorBranch*
TYC  186-1968-1,3136686290683085824,HorBranch*
TYC  809-904-1,603454282457852544,HorBranch*
2MASS J23545203+6245325,2013051725703801216,HorBranch*
2MASS J15585793-1054127,4346148501420948480,HorBranch*
2MASS J03472452+5018152,251108703234514176,HorBranch*
2MASS J20145888+1916508,1810440320009932672,HorBranch*
2MASS J18051970+0324220,4468692577035814656,HorBranch*
UCAC4 126-161443,5827884077934666240,HorBranch*
2MASS J08484634-1530392,5733511547494957184,HorBranch*
HE 2322-5445,6499472583386036096,HorBranch*
HE 1216-1953,3517922710456930944,HorBranch*
SDSS J043847.83+105500.4,3294209507664331392,HorBranch*
2MASS J18123132+0742242,4481124720648365312,HorBranch*
2MASS J15003057+2255149,1262812610858128896,HorBranch*
2MASS J17172324+4804111,1365937558773948160,HorBranch*
SDSS J094730.75+043250.1,3849761019140911232,HorBranch*
2MASS J07300529-0849464,3053549781270268032,HorBranch*
2MASS J21420150+4232246,1966852102521483904,HorBranch*
2MASS J00210754+6758493,528801119427564288,HorBranch*
2MASS J13044974-0406474,3684226833455156864,HorBranch*
SDSS J173326.68+333004.4,4602024712834523776,HorBranch*
2MASS J04010100-0650410,3196876585141100800,HorBranch*
HE 1344-2733,6177921026317688192,HorBranch*
2MASS J18324826-0004344,4272976273171279872,HorBranch*
2MASS J13124704+1749297,3937256581066140416,HorBranch*
2MASS J04014065-5927398,4680334615319649664,HorBranch*
TYC 3541-1689-1,2106548314702107264,HorBranch*
2MASS J05491088+3702067,3456085798555508224,HorBranch*
2MASS J19243084+2654321,2025607907993373056,HorBranch*
2MASS J08212670-1417472,5723380376775844736,HorBranch*
2MASS J17520554+6151193,1436304550604890496,HorBranch*
2MASS J15113453+3319448,1290311156151123584,HorBranch*
SDSS J090804.22+201150.8,636982274638881152,HorBranch*
2MASS J02335862+0545002,18320582433672960,HorBranch*
2MASS J00282492+6259473,430948570290361856,HorBranch*
CPD-62   272,4722178901136473216,HorBranch*
2MASS J22364427+5830040,2008344166662107648,HorBranch*
SDSS J151947.24+070639.0,1163229258614376448,HorBranch*
HE 1222-2939,3471537029300550912,HorBranch*
2MASS J18554145+4648282,2107547878149064192,HorBranch*
Cl* NGC 7099    SAN       7,6816574588695720448,HorBranch*
2MASS J21412783+4258013,1966923192821909888,HorBranch*
SDSS J113007.54-074014.3,3592847963963922816,HorBranch*
TYC  979-734-1,4447369400136433280,HorBranch*
UCAC4 588-034602,3386150468117691776,HorBranch*
HE 1251-2251,3499124909912514432,HorBranch*
2MASS J14281033+6216528,1666589461381356928,HorBranch*
2MASS J12594879+5624233,1576849074669578112,HorBranch*
CRTS J032312.8-095748,5163352238064507264,HorBranch*
2MASS J20550147+5019255,2169651043670406272,HorBranch*
2MASS J15290707+3832074,1387889102263617792,HorBranch*
HE 0532-4456,4799352041742710016,HorBranch*
SDSS J083212.62+145448.9,651784308193511936,HorBranch*
2MASS J04001048+4644325,245794763539312128,HorBranch*
HE 1231-2833,3471846812405621120,HorBranch*
2MASS J19025935-0335068,4260777780107172480,HorBranch*
2MASS J03493879+3942592,224014400261701504,HorBranch*
2MASS J05582603+2502530,3429562996818307200,HorBranch*
Ton  436,696351431477128064,HorBranch*
2MASS J18242521-1312107,4152546455342597248,HorBranch*
TYC 3854-66-1,1562254191682281344,HorBranch*
SDSS J021026.82+060453.0,2520146728934944768,HorBranch*
SDSS J013557.20+244254.6,292032491656206080,HorBranch*
2MASS J21362514+5653022,2178341686662659072,HorBranch*
UCAC4 318-090006,6045487084151531008,HorBranch*
TYC 3140-545-1,2073766139314081792,HorBranch*
HE 1419-2101,6276803852214642560,HorBranch*
2MASS J00261329+5338080,419457471189394432,HorBranch*
SDSS J003330.95-181923.1,2363965019220359296,HorBranch*
HE 2217+0015,2679121056451056896,HorBranch*
2MASS J04034907+5121589,250754626130760448,HorBranch*
2MASS J04415778+5713285,277845905442424320,HorBranch*
SDSS J004420.56+243130.4,2806490682435882496,HorBranch*
SDSS J124217.63+305837.5,1513498581930755456,HorBranch*
UCAC4 663-079697,2077887074527470464,HorBranch*
2MASS J16332096+0025571,4383544609866436992,HorBranch*
NGC  5904   595,4421477795383992704,HorBranch*
2MASS J04315428-2801066,4891376973099461120,HorBranch*
TYC 3825-374-1,842752852120456192,HorBranch*
2MASS J03360455+6028468,486388970216023680,HorBranch*
SBSS 1602+601,1626477627933112704,HorBranch*
2MASS J02121080+5600074,456885534193184000,HorBranch*
SDSS J200358.56-121402.9,6879240635449326976,HorBranch*
HE 2111-0401,6912618578647585664,HorBranch*
TYC 3008-23-1,829830291961871104,HorBranch*
2MASS J06501259+0143324,3126141050760775680,HorBranch*
2MASS J07450068+1657177,667996400985884800,HorBranch*
TYC 3560-2745-1,2128588991655416320,HorBranch*
2MASS J06333377+3315047,941280226526239232,HorBranch*
2MASS J06444014-0131393,3107046347718285184,HorBranch*
TYC 3134-1015-1,2052834599006426240,HorBranch*
2MASS J05045779+4641454,207027186132301312,HorBranch*
2MASS J07331341+2143579,865550538528800000,HorBranch*
2MASS J05412488+6145165,283521481385984000,HorBranch*
2MASS J05351088+4523318,207987227285782912,HorBranch*
SDSS J010016.02-093640.4,2473376214413446784,HorBranch*
2MASS J05293547+2707066,3442187039570993408,HorBranch*
2MASS J01460644+5656587,505653753968164352,HorBranch*
UCAC4 300-262713,6788265634612883328,HorBranch*
2MASS J05021810+4124206,201688541785421568,HorBranch*
HE 1355-0700,3619344755379135616,HorBranch*
TYC  105-393-1,3223807090942392576,HorBranch*
2MASS J00383782+5511083,418367541623916800,HorBranch*
BPS CS 22890-0086,4417439598411545728,HorBranch*
2MASS J23531989+6230188,2012999601977123200,HorBranch*
[GLS2013] 47 Tuc  75983,4689626485009050368,HorBranch*
2QZ J144803.7-013209,3650292395633760256,HorBranch*
2MASS J21065209+2841520,1851358885742567808,HorBranch*
2MASS J15001064+3745117,1295237204464961024,HorBranch*
2MASS J05450581+2952463,3444348060956026368,HorBranch*
2MASS J00284798+4948368,391619108079145728,HorBranch*
SDSS J015940.63+144337.5,77932215946078592,HorBranch*
2MASS J01062576+5845317,425772206984309504,HorBranch*
2MASS J07380754+6534343,1089588608351666432,HorBranch*
2MASS J06582445+0546094,3129605401440482688,HorBranch*
SDSS J111136.03-164013.8,3559236859871511040,HorBranch*
SDSS J134837.44+282104.4,1452153460963006080,HorBranch*
SDSS J111215.87+184632.6,3972032862542289280,HorBranch*
SDSS J085943.30+005326.5,576586921263547008,HorBranch*
SDSS J204631.72+010437.6,4228651695280823424,HorBranch*
GALEX J163023.2+214558,1297579752644970496,HorBranch*
2MASS J18174427-3411108,4044608674537581056,HorBranch*
SDSS J124154.05+240910.5,3959373841574182016,HorBranch*
Case A-F  792,1516978566297124096,HorBranch*
2MASS J02153929+5620552,456823652304801920,HorBranch*
Cl* NGC 7099    SAN       2,6817327101323597312,HorBranch*
2MASS J07222792-0529488,3058583860895662848,HorBranch*
NGC  5904   980,4421570978997219968,HorBranch*
TYC 3555-582-1,2136191908400707712,HorBranch*
TYC 1197-1414-1,2591535579385354880,HorBranch*
HE 1125-3146,3481344226345024256,HorBranch*
2MASS J03274929+4608543,242786534083877120,HorBranch*
2MASS J05390511+5248065,263694430580507008,HorBranch*
UCAC4 687-071562,2080605342147649024,HorBranch*
UCAC4 689-072873,2086443267855711104,HorBranch*
2MASS J00400815+5424075,417935815814453760,HorBranch*
SDSS J122349.06+305437.7,4015027615479291904,HorBranch*
2MASS J06262531+0244327,3124209414987130752,HorBranch*
SDSS J161246.05+151233.6,4464725401635629568,HorBranch*
TYC 1372-2235-1,865537378749035904,HorBranch*
2MASS J18202414-0006305,4274672927001598464,HorBranch*
HE 2245-1800,2403836536362681344,HorBranch*
HE 0050-2253,2349241111119998720,HorBranch*
SDSS J001833.51-100138.2,2428068643063581696,HorBranch*
SDSS J023529.03-003759.0,2497195106604667904,HorBranch*
HE 1406-2338,6274606478226767744,HorBranch*
2MASS J06271363+0115224,3123438863493981568,HorBranch*
SDSS J165256.96+414016.4,1353326985037455744,HorBranch*
2MASS J07372623+2230228,865714571919643264,HorBranch*
2MASS J07065448-2120165,2929114545665996800,HorBranch*
SDSS J071809.31+305135.9,886757502191794176,HorBranch*
HE 1018-2055,5667927263741471872,HorBranch*
2MASS J18550344+4153087,2104498142132268544,HorBranch*
2MASS J03400157+0212017,3270862138458041344,HorBranch*
UCAC4 451-052390,3795977793688134912,HorBranch*
2MASS J06193853+2537213,3432044908094573312,HorBranch*
2MASS J16342948-1344460,4327354824043188992,HorBranch*
TYC 5987-1503-1,5716539971348358272,HorBranch*
2MASS J00390819+5409474,417937568161255936,HorBranch*
SDSS J174133.72+255007.3,4593855242658390400,HorBranch*
2MASS J06055563+2233098,3423751429325149056,HorBranch*
2MASS J06294524+0439166,3131342496672578816,HorBranch*
2MASS J05063114+4025047,200661597923523200,HorBranch*
2MASS J20333307+5301314,2181671832502256512,HorBranch*
TYC 1573-1656-1,4522433853543891328,HorBranch*
2MASS J06553126+0447073,3129065682970053632,HorBranch*
2MASS J16564777-2118494,4126380007063484160,HorBranch*
SDSS J110321.69-164113.6,3562367405697537024,HorBranch*
HE 0515-3413,4825830996159126784,HorBranch*
TYC 2514-216-1,749753031905853824,HorBranch*
SDSS J123655.17+011456.0,3697092356451257216,HorBranch*
2MASS J02022808+0900320,2569810947607161216,HorBranch*
UCAC4 659-074412,2077646895654174208,HorBranch*
HE 1406-2342,6274582598208588032,HorBranch*
2MASS J22265907+5647041,2007578734779390720,HorBranch*
2MASS J08190769+3045050,708710388849451904,HorBranch*
2MASS J22445835+5329411,2002320659704399488,HorBranch*
BPS CS 22943-0045,6673890896039281408,HorBranch*
SDSS J120102.70+404706.7,4035124527666680576,HorBranch*
2MASS J04441351+5131599,260513066705011968,HorBranch*
HE 1127-2543,3533269762478668672,HorBranch*
2MASS J23134121+6532222,2208914054141673216,HorBranch*
2MASS J00111137+7325233,537917307771399040,HorBranch*
[TGC2005] 222,4725259900220444160,HorBranch*
CRTS J213306.0-014903,2686478236645555072,HorBranch*
2MASS J18171604-0001088,4274712539473357824,HorBranch*
HE 2158-0912,2617661796727118336,HorBranch*
EC 10343-2222,5474745132326695168,HorBranch*
2MASS J07183965+3032532,886679436865331456,HorBranch*
HE 1306+0022,3687702836386969984,HorBranch*
Cl* Terzan    8    MBF    2187,6741755085870861824,HorBranch*
BD+12  2277,3871441365511075968,HorBranch*
SDSS J160313.08+045318.8,4425589041159463936,HorBranch*
2MASS J03312243+7051567,542903283764616320,HorBranch*
BD+27  2057,4005884802632303232,HorBranch*
SDSS J130925.71-030415.3,3684411890710206720,HorBranch*
2MASS J05542851+1134043,3342905988603275008,HorBranch*
2MASS J05580249+2145334,3424018365835528192,HorBranch*
[AG92] 20276,2537649197407027584,HorBranch*
HE 0946-0405,3822928885269004160,HorBranch*
HE 1503-1022,6319686489325254912,HorBranch*
SDSS J150756.17+322430.1,1288754071590747520,HorBranch*
2MASS J18464828-0855143,4251450068882414208,HorBranch*
SDSS J110657.98-161018.0,3562491135114980864,HorBranch*
2MASS J21305284+4436171,1971005988741928960,HorBranch*
SDSS J125428.75+193416.4,3941982355057643264,HorBranch*
HE 1329-0051,3638573530121653760,HorBranch*
2MASS J18454357-2535041,4073380626047358208,HorBranch*
2MASS J06240114+2046105,3375685552665799552,HorBranch*
HE 1125-1419,3561017037916421632,HorBranch*
2MASS J07043712+0344374,3116320212900388480,HorBranch*
2MASS J07125575-0127033,3108596074997479680,HorBranch*
2MASS J04292993+5526124,277266187937058816,HorBranch*
SDSS J145223.39-001422.2,3651027938847944576,HorBranch*
2MASS J03440752+3135593,216519098212652416,HorBranch*
2MASS J06593814+0441253,3128648280867996416,HorBranch*
2MASS J23145356+1142331,2810794411464646400,HorBranch*
[TGC2005] 283,3779958046710174720,HorBranch*
BD-14  3773,3605573917701443456,HorBranch*
HE 1956-5946,6443997377041618176,HorBranch*
2MASS J04283802-1106092,3179107377725015680,HorBranch*
2MASS J06392455+1428353,3355979216218201344,HorBranch*
2MASS J05050040+4637582,206838310650092672,HorBranch*
HE 1328-3005,6169908713287555072,HorBranch*
SDSS J213404.35+103345.7,1742450987694699904,HorBranch*
2MASS J22592544+4644232,1936367902122575616,HorBranch*
SDSS J025644.92+055315.1,7116726449925760,HorBranch*
2MASS J06343414+1624059,3357352987277917568,HorBranch*
SDSS J021249.42+001646.2,2507073359587187968,HorBranch*
HE 1526-0904,6317859616396484480,HorBranch*
TYC 3126-1685-1,2116702961718399616,HorBranch*
TYC 3144-1745-1,2077039110546091520,HorBranch*
TYC 3657-141-1,421165459422347392,HorBranch*
HE 2347-4750,6524522516283029120,HorBranch*
2MASS J14021701+2950276,1453717894210500736,HorBranch*
HE 0942-0914,3819054923552388608,HorBranch*
PB  3955,1441195178325094528,HorBranch*
SDSS J091529.40+044104.0,579599205165759616,HorBranch*
TYC 3138-1403-1,2101588284613967232,HorBranch*
2MASS J06335025+0041441,3120538935934972288,HorBranch*
2MASS J16225731+4936134,1423312515052652544,HorBranch*
2MASS J16165343+6706391,1642636119534451840,HorBranch*
HE 1424-1512,6298716977222273280,HorBranch*
SDSS J075038.45+284025.9,875725625290925824,HorBranch*
SDSS J172226.38+342838.6,1335699820779499520,HorBranch*
UCAC4 676-070561,2126635571810512256,HorBranch*
Cl* NGC 5466  FSBHB      47,1452625868710078208,HorBranch*
HE 1312-0602,3634709502664491392,HorBranch*
2MASS J20400797+5308347,2182380742623293696,HorBranch*
2MASS J06312044+0008058,3120117582463348992,HorBranch*
2MASS J16595275-2233187,4125924087692801664,HorBranch*
2MASS J08135919-1408257,5726350668782901376,HorBranch*
SDSS J155621.74+080558.0,4454180363571682304,HorBranch*
2MASS J02024375+4822449,356778470810988288,HorBranch*
HE 1235-2522,3499879445471608576,HorBranch*
2MASS J06512563+1613145,3358049424814187136,HorBranch*
SDSS J140307.55+525822.0,1512883920571766144,HorBranch*
2MASS J07105912-2109481,2929178626572389888,HorBranch*
2MASS J22222436+5854444,2200347793411203712,HorBranch*
2MASS J05590619+1612498,3348922168336460160,HorBranch*
SDSS J125746.85+021457.4,3692181319045630464,HorBranch*
HE 1403-0839,3615879850642686208,HorBranch*
2MASS J21451227+5941105,2203442506327244672,HorBranch*
2MASS J16595557-2222446,4126023146821695232,HorBranch*
SDSS J012229.44+005724.6,2535120355023137280,HorBranch*
2MASS J21445160+4143486,1954561589747003008,HorBranch*
SDSS J013218.09-090225.8,2477024844966431104,HorBranch*
SB  62,2308422742666083456,HorBranch*
NGC  6705   660,4252499591505213952,HorBranch*
2MASS J05365381+6106421,283056869003223808,HorBranch*
CHSS 1177,2497093234275684736,HorBranch*
SDSS J013658.32-083926.7,2465509964630731264,HorBranch*
2MASS J00373940-1010015,2425843364672144512,HorBranch*
HE 1952-6418,6428832294196497792,HorBranch*
2MASS J04025486+5150230,250966591357599872,HorBranch*
2MASS J02220336+5435081,455855669754033280,HorBranch*
HE 0036-2207,2350192983247433344,HorBranch*
TYC 3121-995-1,2099534633111083904,HorBranch*
2MASS J07203307+0633040,3141168591571722240,HorBranch*
2MASS J17473585+6029399,1435299974934001280,HorBranch*
TYC 3447-453-1,838021962823858176,HorBranch*
UCAC4 679-068191,2127468619364331136,HorBranch*
2MASS J19245079+4854033,2129545734270392576,HorBranch*
2MASS J04422069+2716417,154620815521053312,HorBranch*
SDSS J162019.03+360335.5,1329535370182719744,HorBranch*
[MDL2011] 120901,6083698068155556352,HorBranch*
2MASS J00203090+5833243,422189998102393728,HorBranch*
2MASS J05135949+2321425,3415749080618772608,HorBranch*
2MASS J06573778+0807017,3157234758556293120,HorBranch*
2MASS J05592118+3416587,3451778461753980800,HorBranch*
BPS CS 22958-0050,4742294535086301696,HorBranch*
TYC  284-453-1,3894310795052079360,HorBranch*
TYC 3140-125-1,2076869442158061952,HorBranch*
2MASS J00481538+5940504,426798154414692480,HorBranch*
UCAC4 693-071784,2086725533104002432,HorBranch*
SDSS J131350.55-010637.4,3686573981542670336,HorBranch*
HD  60778,3086226785806303104,HorBranch*
SDSS J145026.80-013741.5,3650232991940987904,HorBranch*
2MASS J23571105+6629380,2209781981130696704,HorBranch*
2MASS J16360564+3641083,1327973724369416960,HorBranch*
2MASS J06024470+1420137,3345361679104865280,HorBranch*
2MASS J05433061+2819517,3441855884708848000,HorBranch*
SDSS J161729.93+284856.2,1317649649485760768,HorBranch*
SDSS J121947.20+244036.4,4002257754290708608,HorBranch*
HE 2236-0951,2608908756456986368,HorBranch*
2MASS J05012401+3659456,186647428872690432,HorBranch*
2MASS J21121198+2942124,1851520239073779200,HorBranch*
TYC 3125-2310-1,2101303614179683840,HorBranch*
2MASS J15251855+3817492,1387961876189868160,HorBranch*
[RRW93] Pn23l2-22,2812838236077817344,HorBranch*
TYC 3134-1037-1,2052833499494740608,HorBranch*
BD+34  2141,748666572683346560,HorBranch*
2MASS J00272911+6741139,528028300191803776,HorBranch*
UCAC4 703-068607,2135318758731059328,HorBranch*
2MASS J17350166+3629110,1342167109518488064,HorBranch*
SDSS J114239.64+281954.1,4018323367223519616,HorBranch*
2MASS J07361798+6718015,1096010065496614528,HorBranch*
NGC  6656  3090,4077494655025996032,HorBranch*
2MASS J20005277+0925164,4299981004608501376,HorBranch*
2MASS J01420945+6621194,519179121378836992,HorBranch*
SDSS J002827.96-190336.1,2363714708526077440,HorBranch*
SDSS J204011.60+005522.9,4231299250563461760,HorBranch*
2MASS J17062293+5926095,1436922815440749568,HorBranch*
2MASS J04494173+4001356,200157261386406144,HorBranch*
SDSS J031633.78+043534.2,2951295367383680,HorBranch*
2MASS J04452682+3750545,199362971609677824,HorBranch*
2MASS J06080157+2636571,3430101521295245312,HorBranch*
2MASS J19095398+2731531,2036595327673109248,HorBranch*
SDSS J091119.56+191951.8,635568332749348480,HorBranch*
2MASS J18192680-1050561,4154370716934927360,HorBranch*
2MASS J07412993+1616432,3165923786631071232,HorBranch*
2MASS J02562908+6437053,468105878551211904,HorBranch*
2MASS J17132289-2502266,4109498685332355584,HorBranch*
SDSS J115521.82+284229.0,4008017438578215936,HorBranch*
2MASS J03050470+5307388,441047240989233152,HorBranch*
2MASS J22103771-0247417,2675986765412317824,HorBranch*
HE 2120-0351a,2684284779667127168,HorBranch*
ATO J031.0841-18.8167,5138102400209354112,HorBranch*
BPS CS 22173-0036,5096395587706358528,HorBranch*
BPS CS 22945-0063,4899994429841100672,HorBranch*
2MASS J05292382+2630552,3417946214088465920,HorBranch*
2MASS J03462427+3145420,216630286327020672,HorBranch*
UCAC4 242-056070,6148225583777090304,HorBranch*
2MASS J05242004+1557382,3391044355715842688,HorBranch*
SDSS J180542.67+230417.9,4576775154160860800,HorBranch*
SDSS J221631.16+064959.4,2720888586907373184,HorBranch*
HE 0245-1010,5172931183365438208,HorBranch*
UCAC4 274-167917,4044256104881791232,HorBranch*
2MASS J21042838+2833512,1846096210774426496,HorBranch*
TYC 3561-2029-1,2080569814178536704,HorBranch*
2MASS J06442219+1137468,3351224309462984960,HorBranch*
HE 1358-1402,6301914906791259264,HorBranch*
Ton  1250,750986683952392960,HorBranch*
2MASS J01103352-3823133,4988693956999095552,HorBranch*
2MASS J03340822+4531075,241768970432181504,HorBranch*
HE 1150-3103,3479221825305518336,HorBranch*
2MASS J06011656+2332334,3424669792116165888,HorBranch*
HE 2305-1644,2406546115266131200,HorBranch*
UCAC4 176-195605,5922901261461513344,HorBranch*
SDSS J100616.51+120325.9,3881167714090091392,HorBranch*
2MASS J23515356+6718220,2210099087155478528,HorBranch*
UCAC4 315-000956,2342679504898198784,HorBranch*
2MASS J04073305+5704228,469242601777521280,HorBranch*
HE 1504-0819,6320597640867389440,HorBranch*
2MASS J05444598+3010258,3444368818534129792,HorBranch*
SDSS J143245.25+425900.8,1493247909913831680,HorBranch*
HE 2127-0349,2672686787419982848,HorBranch*
SDSS J225258.77-005710.9,2650238019860698624,HorBranch*
UCAC4 672-076305,2079678930582462592,HorBranch*
SDSS J080410.06+414550.8,921923118159037056,HorBranch*
2MASS J16533077+4747491,1407926567808854272,HorBranch*
2MASS J04001369+4703389,245849910918448896,HorBranch*
SB 369,5001279448127979648,HorBranch*
TYC 3550-668-1,2131250874943985408,HorBranch*
2MASS J22215593+5104381,2000158263929235328,HorBranch*
2MASS J18580981-0506126,4254516817314964480,HorBranch*
UCAC4 695-067312,2129686815354536832,HorBranch*
HE 0252-3246,5052339153215073280,HorBranch*
TYC 3148-1985-1,2078048286115139456,HorBranch*
SDSS J144450.98+390754.2,1487021238126726400,HorBranch*
TYC 3561-1444-1,2086422067898972544,HorBranch*
2MASS J21550043+4633419,1974455294147761920,HorBranch*
SDSS J084258.96+342051.5,717199786846995072,HorBranch*
2MASS J00311944+5722498,421839082091941632,HorBranch*
HE 1349-2827,6176826771730142208,HorBranch*
SDSS J031417.51+062639.1,4217073769620992,HorBranch*
2MASS J05245674+4236075,195251996416167936,HorBranch*
UCAC4 645-072596,2052393896700301184,HorBranch*
2MASS J17401134+5612468,1421131599379337728,HorBranch*
SDSS J093110.91+265516.2,694272358067753600,HorBranch*
2MASS J19412386+4021444,2076582710140560000,HorBranch*
2MASS J09121170-6455328,5248755635533168768,HorBranch*
2MASS J00153787+6624429,528269024518968704,HorBranch*
HE 1216-1909,3518098220000706432,HorBranch*
2MASS J18581431+4011190,2103402955535288960,HorBranch*
CoRoT 102706020,3107427770874170112,HorBranch*
2MASS J03504109+4816332,248454172927817472,HorBranch*
GES J06030238+1028101,3341825203033587840,HorBranch*
2MASS J21271941+6842284,2222442337828291072,HorBranch*
2MASS J08194908-1432158,5723276232408985984,HorBranch*
HE 1502-0643,6333066343244551040,HorBranch*
HE 2151-2848,6617815253265239424,HorBranch*
2MASS J14471839+1403363,1184972582090136832,HorBranch*
CHSS 1592,3264554686925747840,HorBranch*
2MASS J20091778+1849397,1822351054595168896,HorBranch*
HE 2317-5403,6499709390702797440,HorBranch*
2MASS J06543316-0835109,3050946996729036672,HorBranch*
TYC 6094-232-1,3567394789472443776,HorBranch*
2MASS J06481259+0800193,3134093371688503936,HorBranch*
2MASS J06591988-0420507,3101708150044072832,HorBranch*
UCAC4 662-073152,2101937104675693568,HorBranch*
UCAC4 649-068116,2100994788852598528,HorBranch*
2MASS J07180250+1536308,3168045255660425344,HorBranch*
2MASS J21052840+4910150,2165628514751800960,HorBranch*
2MASS J04383586+3705398,175392862209982848,HorBranch*
2MASS J03173322+7139441,543865596956796544,HorBranch*
SDSS J024810.43-010311.2,2497673978278443392,HorBranch*
2MASS J04441270+3253552,161391676845593600,HorBranch*
HE 1235-0700,3676386697074003328,HorBranch*
UCAC4 692-061781,2131564579355155328,HorBranch*
2MASS J01433163-0038507,2508972250527608960,HorBranch*
2MASS J19333656+4803151,2128829196285430528,HorBranch*
SDSS J073522.48+440356.8,925437359183467264,HorBranch*
TYC 3498-810-1,1424809362694670976,HorBranch*
2MASS J03150864+4928079,436500622969846912,HorBranch*
2MASS J08584767+0235295,577796143535868416,HorBranch*
2MASS J08150916+2759002,684042987215514368,HorBranch*
2MASS J06560392+0408501,3128254071589113856,HorBranch*
2MASS J07453477+6508441,1095504324508976896,HorBranch*
TYC 3561-1901-1,2086575381047798016,HorBranch*
TYC 3138-562-1,2101138137681166336,HorBranch*
2MASS J06553127+0351124,3128191811743790848,HorBranch*
SDSS J214601.44+000020.2,2681140584433377792,HorBranch*
SDSS J111247.42-152340.1,3559933572285504256,HorBranch*
TYC 3120-1581-1,2100032922333689600,HorBranch*
UCAC4 342-049264,5703082464414878464,HorBranch*
SDSS J173523.66+561631.9,1421288138051957888,HorBranch*
UCAC4 152-189522,5915006974134206080,HorBranch*
UCAC4 708-064186,2133458866090105344,HorBranch*
SDSS J160604.79+182502.5,1199996412053141248,HorBranch*
Ton  624,4010654655872861696,HorBranch*
2MASS J21465910+1224269,1766386531197307776,HorBranch*
HE 2335-1800,2394115689637572608,HorBranch*
2MASS J06593525+3552487,939953661450406656,HorBranch*
2MASS J16422400-0108176,4382241104471808256,HorBranch*
2MASS J05141987+2344415,3415865457052550016,HorBranch*
2MASS J12221914+6118145,1581855529068400384,HorBranch*
HE 1106-0000,3803979214681222912,HorBranch*
2MASS J08393363+1513153,657578150355605248,HorBranch*
2MASS J06055106+1925268,3374555460871358336,HorBranch*
2MASS J00314411+4943061,391581552884284288,HorBranch*
UCAC4 481-076290,4471750215794940032,HorBranch*
UCAC4 697-063423,2132208442194472704,HorBranch*
UCAC4 658-081033,2073897427876032000,HorBranch*
2MASS J06503649-1024018,3050090992566225920,HorBranch*
2MASS J20434036+6317531,2196991637241718912,HorBranch*
2MASS J19244904+4825239,2129321575635902080,HorBranch*
SDSS J164745.70+231545.5,4566457577556668800,HorBranch*
2MASS J18453677-0124551,4259964583850802816,HorBranch*
2MASS J20025458+2927193,2029393389072718208,HorBranch*
2MASS J06512739+1847212,3365368628905442560,HorBranch*
SDSS J183015.28+405426.3,2111106825489500544,HorBranch*
SBSS 1049+541,849606692211719808,HorBranch*
HE 1343-2231,6288230595525894784,HorBranch*
2MASS J07105455+0541188,3152674465360951936,HorBranch*
2MASS J03390353+3205374,217380943530687872,HorBranch*
SDSS J034333.05-050444.1,3247810739743011200,HorBranch*
2MASS J14104324+6155414,1661455669792477952,HorBranch*
2MASS J05450221+6253142,286641242549986688,HorBranch*
HE 1353-0016,3660584275440941952,HorBranch*
2MASS J13395963+1723365,1247570768356532736,HorBranch*
HE 1341-2734,6178097566653400960,HorBranch*
2MASS J12214343-0309583,3693400127685788288,HorBranch*
2MASS J05352162+2607091,3441145943794942720,HorBranch*
2MASS J06282790+0457536,3131554010924550144,HorBranch*
2MASS J02052387+4916276,358141521631400704,HorBranch*
UCAC4 670-080682,2078998302826872704,HorBranch*
UCAC4 651-079709,2073482637121041024,HorBranch*
SDSS J113628.10+120127.4,3917195789554492800,HorBranch*
SDSS J091701.52+313746.5,701442861804661632,HorBranch*
SDSS J022101.04-094347.2,5175897695801656960,HorBranch*
2MASS J01481570+5715294,505746417879103104,HorBranch*
[TGC2005] 391,2434551329260601344,HorBranch*
UCAC4 666-073377,2102923366604789120,HorBranch*
2MASS J03452755+4906574,248794403056787584,HorBranch*
HE 2208-0209,2676199177314808064,HorBranch*
2MASS J16092895+2303556,1206567913877080064,HorBranch*
EC 13503-2343,6287082980264417408,HorBranch*
2MASS J16400596+3622026,1328082782188460544,HorBranch*
TYC 7420-421-1,6731870476338659840,HorBranch*
BPS CS 22948-0062,6585864441796630528,HorBranch*
UCAC4 684-063247,2107501488205482496,HorBranch*
UCAC4 699-065175,2132687112008040960,HorBranch*
2MASS J17325650-1845151,4121844792160158848,HorBranch*
TYC 3940-301-1,2186340805542977664,HorBranch*
HE 1441-1439,6310738556323434112,HorBranch*
2MASS J04011409+5708189,469668387656658944,HorBranch*
HE 1435-1255,6323290993382659840,HorBranch*
2MASS J21213783+0126119,2691342132489094784,HorBranch*
2MASS J14183939+4307576,1492370916248206080,HorBranch*
HE 2149-2636,6811994710447092096,HorBranch*
HE 2241-3517,6596596426900582272,HorBranch*
HE 1208-0500,3596656504739479680,HorBranch*
2MASS J17011130-2304177,4113869695053798400,HorBranch*
2MASS J22235043+5121032,2000538630542023168,HorBranch*
TYC  734-2592-1,3330180447182915584,HorBranch*
HE 2303-5837,6493094797468966912,HorBranch*
2MASS J00262723+7012124,531002754023386496,HorBranch*
2MASS J21063572+4748563,2165238016335886720,HorBranch*
2MASS J06524142-2532083,2920996851309471360,HorBranch*
2MASS J10010855+0002434,3833458701969684352,HorBranch*
TYC 1178-713-1,2772612293938041344,HorBranch*
2MASS J08120697-1303047,5726720929321805696,HorBranch*
2MASS J04553438+5020591,259550616071832576,HorBranch*
UCAC4 147-212744,5910964447827938176,HorBranch*
TYC 4125-332-1,1096156575419980800,HorBranch*
2MASS J20471839+5154582,2182035702131062528,HorBranch*
HE 2201-1056,2614145799059708288,HorBranch*
TYC  571-882-1,2705072176566661120,HorBranch*
SDSS J235802.24+283510.8,2855055290696907136,HorBranch*
2MASS J06491888+1029434,3158700373195824128,HorBranch*
Cl* NGC  104    TUC    2179,4689640052835495680,HorBranch*
HE 1116-0403,3786898885659603328,HorBranch*
2MASS J03463520+3911089,224653212219801856,HorBranch*
HE 1151-1326,3572427529071154048,HorBranch*
CoRoT 110664034,3102183963702264192,HorBranch*
SDSS J170005.43+190316.3,4561179990464006144,HorBranch*
2MASS J04423057+2638420,148539970759702528,HorBranch*
2MASS J06054007+1357314,3345155864271250304,HorBranch*
2MASS J19102434-0602098,4205973855645626752,HorBranch*
2MASS J19405136+4549442,2080018512176095104,HorBranch*
SDSS J192640.99+614642.2,2240113035874724608,HorBranch*
UCAC4 654-081092,2075108368139382528,HorBranch*
2MASS J03475265+5016261,251105095461979904,HorBranch*
SDSS J123834.87-033736.9,3681316391816881664,HorBranch*
2MASS J20453599+6334403,2197020052745745280,HorBranch*
2MASS J07084540+0125530,3114484784395788288,HorBranch*
SDSS J093425.41+071939.6,587722676245371264,HorBranch*
HE 2217-1631,2598628700694432640,HorBranch*
2MASS J06335461+0758022,3326017696159456128,HorBranch*
2MASS J08241032+4704055,930451480099509888,HorBranch*
SDSS J085751.57+173257.5,612016523100018816,HorBranch*
2MASS J16143070+2226337,1205734900676548352,HorBranch*
SDSS J134558.54+275112.5,1451787564109271296,HorBranch*
SDSS J032833.81+003030.6,3264460193349965440,HorBranch*
2MASS J04415284-4323464,4814687995566893824,HorBranch*
2MASS J00154410+7121326,531132977430871680,HorBranch*
2MASS J20443263+3350513,1863293878313692160,HorBranch*
HE 2131-0157,2686456486931143936,HorBranch*
2MASS J05334531+2722056,3442103927660500864,HorBranch*
SDSS J154436.11+124212.7,1190725639244167296,HorBranch*
SDSS J074632.69+190219.0,671711105317056640,HorBranch*
SDSS J150849.35+550015.6,1600379413777916672,HorBranch*
2MASS J16254196+4057371,1380959941330487680,HorBranch*
2MASS J19541193+2119291,1826680312939879040,HorBranch*
2MASS J17345968-1949357,4121510854237001728,HorBranch*
2MASS J04441768+2747081,154665212599256704,HorBranch*
2MASS J23091903+4618051,1935414728617130368,HorBranch*
Cl* NGC 5139   LEID   31065,6083714835719264000,HorBranch*
2MASS J03590650-3828274,4845140958666722816,HorBranch*
TYC 4819-4039-1,3108510931567456640,HorBranch*
2MASS J08215359-0049461,3077120836660338688,HorBranch*
2MASS J05005199-5550044,4764610115708693376,HorBranch*
2MASS J14473249+5245330,1605752864542256000,HorBranch*
2MASS J18222615+0126321,4276598579879126400,HorBranch*
2MASS J07080636-2338405,2927459265269288320,HorBranch*
SDSS J171450.78+610850.4,1437723264202382336,HorBranch*
2MASS J00105313+6937089,530726433007448960,HorBranch*
SDSS J161032.32+163526.9,1198809523610539136,HorBranch*
2MASS J03365102+4550258,247804086676238080,HorBranch*
HE 2205-0409,2675254559387464832,HorBranch*
PG 2209+192,1778123027550000512,HorBranch*
2MASS J07021095-1242295,3045592959215270912,HorBranch*
SDSS J082416.51+061000.2,3093805994331322112,HorBranch*
2MASS J21341591+1249385,1770024231058591104,HorBranch*
2MASS J06521041+1630033,3358061759960686720,HorBranch*
TYC 3560-1310-1,2128887264243259648,HorBranch*
SDSS J085601.50+150301.1,609019769799097216,HorBranch*
2MASS J20401667+2121093,1817483791482606720,HorBranch*
2MASS J03235426-4522205,4846421687850857216,HorBranch*
TYC  176-752-1,3140940752146680064,HorBranch*
2MASS J02351198+6009132,465209283889872512,HorBranch*
2MASS J04312713+3559052,174901002553865216,HorBranch*
SDSS J121632.02+060033.2,3895239397045964928,HorBranch*
2MASS J16480520-0302335,4378668103998523776,HorBranch*
2MASS J15031682+4023411,1296722855128745728,HorBranch*
2MASS J04350592+3652249,175067097529519360,HorBranch*
TYC 3560-2944-1,2128776939424653696,HorBranch*
2MASS J05281142+3518027,183262852906242176,HorBranch*
HE 1448-1456,6309824041823286016,HorBranch*
HE 2255-0034,2651620861890760576,HorBranch*
SDSS J101534.38+425851.3,805557091011651200,HorBranch*
2MASS J14134890+0608115,3673032052737515520,HorBranch*
PB  4388,3706115223746410368,HorBranch*
2MASS J09303947+2745345,694394816175289856,HorBranch*
SDSS J080920.41+184331.5,669380789204829696,HorBranch*
HE 0109-0027,2534719140653598976,HorBranch*
2MASS J06352045+0051106,3120500830985489280,HorBranch*
2MASS J06121382+2425443,3425907086296212480,HorBranch*
SDSS J083027.62+162253.4,658748619139763456,HorBranch*
2MASS J21101889+2820315,1851108884284378368,HorBranch*
2MASS J00185621+6647233,528629492533952256,HorBranch*
HE 1448-1529,6309769684717003904,HorBranch*
2MASS J05271610+2641265,3418151474869982080,HorBranch*
2MASS J17490219-0207263,4370756946044973824,HorBranch*
HE 1143-2841,3481015197489688576,HorBranch*
2MASS J19574198+2301428,1827322079792771200,HorBranch*
HE 1350-2202,6287568723885790592,HorBranch*
2MASS J17211876-2831360,4059809865085703808,HorBranch*
2MASS J04462100+2720070,154580893801517440,HorBranch*
BPS CS 22956-0033,6408929828063818368,HorBranch*
TYC 3135-308-1,2051670628511672576,HorBranch*
2MASS J07084815-2346074,2927408271111762048,HorBranch*
HE 0042-4231,4980956693674695808,HorBranch*
2MASS J05580824+3504308,3451969806841204608,HorBranch*
UCAC4 692-065856,2128903108383114496,HorBranch*
2MASS J05271314+2555480,3417901305910626944,HorBranch*
2MASS J23405472+5720058,1998668189458953088,HorBranch*
[MDL2014] 113,2342906073015046784,HorBranch*
SDSS J125556.02+004500.6,3690247793489124352,HorBranch*
SB 853,2389392634361138048,HorBranch*
2MASS J06420474+1306024,3352680028501515264,HorBranch*
2MASS J05312745+3422269,182963515166349952,HorBranch*
HE 0957-0742,3771477474870267520,HorBranch*
Cl* NGC 2682   SAND     695,598882547468555392,HorBranch*
CRTS J132127.9-261111,6192617957727744384,HorBranch*
2MASS J05395847+3832273,190028255330551040,HorBranch*
2MASS J06501779+1557230,3358016263369953024,HorBranch*
2MASS J06185147+0720069,3325022878654520832,HorBranch*
2MASS J07014606+0308515,3115898000435541504,HorBranch*
CD-27   372,5034474528803302400,HorBranch*
HE 2030-5723,6468160038415206656,HorBranch*
2MASS J08564507+0413059,581575439878590976,HorBranch*
PB  3857,3921690524369475840,HorBranch*
HE 0027-5416,4924708565016275712,HorBranch*
2MASS J22145029-0107001,2677768932026624000,HorBranch*
SDSS J082106.15+190550.3,663270979184484992,HorBranch*
2MASS J03210478+5711197,449544782242517376,HorBranch*
SDSS J091411.74+280454.3,698200500797062656,HorBranch*
Case A-F  753,4017079067953964416,HorBranch*
2MASS J06180805+0557063,3324028709685465728,HorBranch*
2MASS J02023786-5426513,4743777467034668800,HorBranch*
HE 2253+0222,2655835255600144000,HorBranch*
SDSS J152903.90+415624.7,1390722749887261568,HorBranch*
HE 0322-2025,5100041499543899136,HorBranch*
UCAC4 648-068663,2101008223509344000,HorBranch*
2MASS J19262015+4826071,2129330474808265216,HorBranch*
2MASS J00233675+5350118,419521345944644736,HorBranch*
SDSS J012649.34+143355.1,2590383424342827008,HorBranch*
NGC  6791  3026,2051105101578548480,HorBranch*
2MASS J03464196+4918348,248802786832669696,HorBranch*
SDSS J031009.48-004202.2,3265606575956037760,HorBranch*
2MASS J04425192+5746022,277941661737595520,HorBranch*
2MASS J01232205+6239528,511075411442128128,HorBranch*
SDSS J032107.52+011205.1,3267704581580971136,HorBranch*
HE 1422-1352,6300043817174513664,HorBranch*
2MASS J01412064-0431002,2480928935878709248,HorBranch*
KOI-3250,2116760991017472128,HorBranch*
SDSS J025857.60+052010.3,6839065404285056,HorBranch*
HE 0317-4149,4851191025694496000,HorBranch*
UCAC4 059-016716,5786422044189611520,HorBranch*
2MASS J05315821+2545552,3417100994589202816,HorBranch*
2MASS J00350982+6155196,430289928465997824,HorBranch*
HE 2027-6123,6454865980764802944,HorBranch*
UCAC4 678-071147,2127414507076699648,HorBranch*
LINEAR 3046902,3918264068180457472,HorBranch*
2MASS J07195102+1355208,3166509826329106176,HorBranch*
NGC  5904   375,4421573246740330112,HorBranch*
2MASS J02595117-0516113,5181358184077980928,HorBranch*
2MASS J06442599+4246268,963822929313069952,HorBranch*
UCAC4 647-068572,2052976813965722240,HorBranch*
2MASS J05153540+2327214,3415842367308504064,HorBranch*
TYC 3141-3337-1,2073688211425685376,HorBranch*
2MASS J06445111+2026379,3377826065583870336,HorBranch*
2MASS J16170327+2339298,1301940003443302016,HorBranch*
UCAC4 692-069119,2086536829424406400,HorBranch*
2MASS J05595292+3048382,3449864796126798720,HorBranch*
HE 1348-2825,6177012035142815488,HorBranch*
2MASS J19031071-0349188,4260758332494686848,HorBranch*
2MASS J22101002+6333290,2206061474300891136,HorBranch*
2MASS J03500359+4949089,250338529698237696,HorBranch*
TYC 8280-1081-1,5907710473221745152,HorBranch*
2MASS J05170644+2848054,3422413186234866304,HorBranch*
2MASS J16374499+3046014,1312146701164809856,HorBranch*
2MASS J18241468+1521420,4521776860984938112,HorBranch*
Cl* NGC  104    LEE    4718,4689643149494738688,HorBranch*
TYC 3772-2387-1,998031416113041408,HorBranch*
HE 1453-0011,3650889194224289408,HorBranch*
2MASS J05574425+2645528,3430760609796017792,HorBranch*
SDSS J172712.61+280740.4,4598242534570580992,HorBranch*
2MASS J10190092+0100336,3832134851314942592,HorBranch*
SDSS J204242.74+772705.5,2290696862881434240,HorBranch*
2MASS J06353603+1740311,3370996380389511296,HorBranch*
UCAC4 645-065797,2100054087932815104,HorBranch*
2MASS J16335933-1233469,4330872161740290816,HorBranch*
2MASS J20262637+3613447,2057611873951296128,HorBranch*
2MASS J05144619+3327141,181914340552861568,HorBranch*
2MASS J23300316+5642435,1998570264204628992,HorBranch*
2MASS J16253370-1221348,4331453665952333312,HorBranch*
2MASS J19062065+4922497,2131317425457603712,HorBranch*
TYC 3515-1827-1,1362929123162491776,HorBranch*
2MASS J06313106+1805536,3371278920518346880,HorBranch*
2MASS J06200661+0320518,3125233438270344832,HorBranch*
SDSS J151318.09+561450.8,1600866012096647680,HorBranch*
2MASS J21042560+4002423,1873114132052661760,HorBranch*
2MASS J02355241-3418290,5062370650629545856,HorBranch*
SDSS J111404.62+575801.4,857402057853772032,HorBranch*
UCAC4 548-045487,662965040074477184,HorBranch*
2MASS J21131162+4751044,2164524227124510592,HorBranch*
2MASS J06141107+1526559,3345778875047559552,HorBranch*
2MASS J00121504-2304328,2337236986764519040,HorBranch*
Cl* NGC 6656    MPF  2-495,4076742515951855232,HorBranch*
Cl* NGC 5904     SB  4-25,4421620044703995776,HorBranch*
TYC 2570-629-1,1387259769296449152,HorBranch*
2MASS J05165073+3227314,181011332269242752,HorBranch*
NGC  5139  1692,6083509119645106304,HorBranch*
SDSS J153031.62+384500.6,1387895871132135168,HorBranch*
HE 2315-5044,6502685528160573440,HorBranch*
HE 1136+0011,3795768405442378112,HorBranch*
HE 0334-0450,3248000749096271872,HorBranch*
2MASS J07333237-2036589,5620131562012058368,HorBranch*
2MASS J05261684+2547144,3417807709982983040,HorBranch*
SDSS J075904.78+300837.7,877318297945670272,HorBranch*
2MASS J07220981-0413279,3059019198781792640,HorBranch*
2MASS J13463425+2833348,1454849635275241344,HorBranch*
2MASS J21371633+4222516,1966800288037619456,HorBranch*
HE 0202-0801,2463372209084221440,HorBranch*
SDSS J144731.46-020555.5,3650190695102958720,HorBranch*
HE 2332-0222,2640496140679682304,HorBranch*
2MASS J17532819-2832473,4057373038088841088,HorBranch*
UCAC4 640-068238,2052571673991324544,HorBranch*
UCAC4 700-068742,2135091159823979008,HorBranch*
UCAC4 637-069607,2051812740389046272,HorBranch*
2MASS J05582741+1642186,3349729282888241792,HorBranch*
SDSS J155620.93+233607.2,1218654334101831424,HorBranch*
2MASS J04592396+4023594,200793401879895296,HorBranch*
2MASS J16310517-1232291,4330699263537505536,HorBranch*
HE 1520-0118,4415336644984337152,HorBranch*
2MASS J05501749+1303423,3346387454733803008,HorBranch*
HE 1515-0102,4415587745952345344,HorBranch*
2MASS J05444869+4458043,197208233760272000,HorBranch*
TYC 9394-1628-1,5210515308303607680,HorBranch*
2MASS J07110942+0635464,3153174433913206400,HorBranch*
2MASS J08143477-1233535,5726835587768415488,HorBranch*
2MASS J06413633-0242220,3106519539907838592,HorBranch*
2MASS J10193186+5931586,1048265937722223872,HorBranch*
TYC 3148-2138-1,2079537200960953728,HorBranch*
2MASS J02060026+4828377,356604949836124672,HorBranch*
2MASS J16375163+4311002,1357268420689579264,HorBranch*
2MASS J00102994+2431592,2849838657778379264,HorBranch*
HE 0440-0804,3186005851115939968,HorBranch*
HE 1002-0936,3770231869930189312,HorBranch*
SDSS J141612.21+574131.2,1611513854498882304,HorBranch*
SB 189,2363809090432070272,HorBranch*
UCAC4 684-069515,2128517244222116992,HorBranch*
2MASS J03565465+7917178,555697544662457600,HorBranch*
TYC 3497-1098-1,1427672078656948096,HorBranch*
NGC  2420   255,865408319274225280,HorBranch*
2MASS J06491281+1815338,3359325098820529408,HorBranch*
2MASS J04534218+3755240,198636434942068096,HorBranch*
2MASS J03483180-5842445,4681277996296311936,HorBranch*
2MASS J20111811+1926279,1822493853667589376,HorBranch*
TYC 2666-978-1,2050236934071312384,HorBranch*
UCAC4 672-072112,2126548160634083200,HorBranch*
SDSS J155639.05+360920.2,1373051772666873728,HorBranch*
2MASS J19091833+1839157,4514755723355509632,HorBranch*
2MASS J06471592+2020196,3377858707335596544,HorBranch*
2MASS J23402645+5750518,1998743952683642368,HorBranch*
2MASS J07353312+2057194,865261057732259328,HorBranch*
SDSS J220838.64+201705.4,1781241410030265216,HorBranch*
HE 2135-1334,6842839615083871232,HorBranch*
SDSS J161442.53+163103.9,1198585841713879552,HorBranch*
SDSS J161533.37+282709.3,1317615672001250944,HorBranch*
UCAC4 643-073975,2052127127693992320,HorBranch*
2MASS J06173297+2321231,3377513117087820288,HorBranch*
2MASS J02321581+6037474,465424925607599616,HorBranch*
HE 0135-4044,4960506120995723008,HorBranch*
2MASS J05361491+2446589,3416748979069962240,HorBranch*
2MASS J00040700+5611316,420875188352476160,HorBranch*
SDSS J125858.61+160719.1,3931354127770562048,HorBranch*
2MASS J06122891+1612319,3346074437517083392,HorBranch*
2MASS J06412352+0155135,3126676650362531456,HorBranch*
SDSS J164923.07+302704.1,1311387557105382656,HorBranch*
SDSS J172545.39+601322.6,1435876909301006976,HorBranch*
HZ 16,4020220956790448000,HorBranch*
TYC 4900-561-1,5745114835437008000,HorBranch*
2MASS J04381580+2751344,151714020311823872,HorBranch*
2MASS J16314348-1232509,4330697030154767872,HorBranch*
TYC 7698-2388-1,5419784772305548928,HorBranch*
SDSS J211635.46+110447.6,1746290787240824320,HorBranch*
HE 2336-3015,2327607708741880704,HorBranch*
UCAC4 693-071743,2086722028410654592,HorBranch*
2MASS J18173331+0149324,4277353433267242240,HorBranch*
TYC 2469-935-1,901089228238190592,HorBranch*
2MASS J18522282-0559399,4254015405694039936,HorBranch*
TYC 1346-1365-1,3167685307339215360,HorBranch*
UCAC4 658-081720,2075387815886635392,HorBranch*
SDSS J174121.77+644526.6,1440943733760280192,HorBranch*
SDSS J163601.23+525020.5,1425756110925790080,HorBranch*
2MASS J16584638-2214013,4125983079049203712,HorBranch*
SDSS J011927.09-091952.9,2471923798208521088,HorBranch*
SDSS J154138.71+455311.3,1397762952903457024,HorBranch*
2MASS J18540718+1347260,4506363254170287744,HorBranch*
2MASS J06470954-0517229,3100639871420927872,HorBranch*
SDSS J014233.92-082650.7,2465376889364446208,HorBranch*
HE 1312-1241,3609482307876798336,HorBranch*
2MASS J06060716+2240219,3423778912821248512,HorBranch*
SDSS J211544.56+103830.9,1744761267783071872,HorBranch*
2MASS J11493241+0237086,3895623401481686528,HorBranch*
2MASS J19122083+2624111,2036216133601028992,HorBranch*
SDSS J185241.67+185251.7,4518287212938523776,HorBranch*
2MASS J22102012+6311556,2205760483000021248,HorBranch*
2MASS J03415705+4903373,249439197907286912,HorBranch*
2MASS J05424147+4634206,209649143405953280,HorBranch*
2MASS J06494277+2634219,3385101808902984192,HorBranch*
2MASS J13013687+2735570,1460735011779964544,HorBranch*
SDSS J183656.52+413905.5,2110811194300534528,HorBranch*
SDSS J031249.46+051318.1,3979239955726848,HorBranch*
SDSS J091652.27+555230.6,1024238374543857792,HorBranch*
2MASS J06071895+2407435,3426178459510458240,HorBranch*
2MASS J05213150+1529396,3390628740320800256,HorBranch*
2MASS J18054504+0313544,4468669178053765888,HorBranch*
SDSS J200706.01-113029.6,6880885637983875200,HorBranch*
TYC 2968-894-1,922404498093371136,HorBranch*
2MASS J19023424+4126290,2103865025296036224,HorBranch*
2MASS J05213582+3834488,187691724402254720,HorBranch*
2MASS J03121213+3917090,238731908859407232,HorBranch*
2MASS J17561966-0209477,4178479747058842752,HorBranch*
TYC 1338-828-1,3377775208873618688,HorBranch*
2MASS J02085190+5526101,456853339117775488,HorBranch*
2MASS J03512796+3714219,220490087538006528,HorBranch*
2MASS J15403586+5700134,1601712743425049472,HorBranch*
2MASS J19053984+3737500,2099080534806632704,HorBranch*
HE 2323-5507,6499325832942911744,HorBranch*
HE 1232-2455,3499782898902447744,HorBranch*
2MASS J19174683+4705314,2127882070096403712,HorBranch*
UCAC4 643-068782,2052875212217480704,HorBranch*
2MASS J06004556+3040454,3449813668836078336,HorBranch*
2MASS J16303948-1154223,4331151987449661824,HorBranch*
2MASS J08084258+5042057,935348017695120000,HorBranch*
2MASS J22550211+1307344,2719784539794249344,HorBranch*
TYC  730-2532-1,3328221731639449344,HorBranch*
2MASS J03012549+5420133,447354417642923264,HorBranch*
SDSS J013341.58-094846.4,2464892726290757760,HorBranch*
Cl* NGC 5024    SAN      23,3937269916941638400,HorBranch*
SDSS J121558.45+233442.8,4002030391606184192,HorBranch*
UCAC4 646-070912,2053093327839034880,HorBranch*
2MASS J05181965+2933270,3446671092804983296,HorBranch*
SDSS J204801.53+002110.2,4228341774735784576,HorBranch*
TYC 3565-661-1,2135277767562458624,HorBranch*
2MASS J17333281-1655371,4124397587650055552,HorBranch*
2MASS J05534639+1105075,3342816309686397184,HorBranch*
HE 1356-0459,3644604832436388736,HorBranch*
2MASS J04111241-2329348,5089249105723141120,HorBranch*
SDSS J093940.20+033456.3,3848138041193887104,HorBranch*
TYC 4535-1575-1,1138792784487293184,HorBranch*
2MASS J06284200+0129589,3123823245888493184,HorBranch*
2MASS J16370756+4425238,1405985139511925504,HorBranch*
HE 1254-1108,3625455669207886592,HorBranch*
HE 1510+0000,4418901708358313984,HorBranch*
2MASS J05111916+3850020,188265532032352384,HorBranch*
UCAC4 657-071477,2101780179449026176,HorBranch*
SDSS J121754.28-011046.3,3695013901517687936,HorBranch*
SDSS J081614.51+310730.7,900932337376702208,HorBranch*
UCAC4 673-068815,2105421010345163520,HorBranch*
2MASS J07175400+0514379,3140771358637063424,HorBranch*
TYC 1333-137-1,3371049088227901696,HorBranch*
2MASS J04461710+5243243,272651297118092288,HorBranch*
2MASS J06514223+2844125,887591795295229824,HorBranch*
2MASS J06310878+1036027,3327906038660824320,HorBranch*
HE 1427-0352,3642241535271732224,HorBranch*
TYC 2443-804-1,938811921704193664,HorBranch*
2MASS J20024471+3012049,2030203729166627328,HorBranch*
TYC  272-694-1,3796025931681602432,HorBranch*
TYC 3565-915-1,2087220691293409152,HorBranch*
HE 0227-3159,5066701008455515008,HorBranch*
UCAC4 304-011017,2895200315655057920,HorBranch*
2MASS J21113237+4705007,2164427607536356096,HorBranch*
HE 0009-4115,4996237534478089216,HorBranch*
TYC 3148-78-1,2078741012805215744,HorBranch*
2MASS J18340340+1625513,4510322114488553344,HorBranch*
2MASS J05510861+2606316,3429180130548584576,HorBranch*
HE 0320-0823,5168309519382009344,HorBranch*
2MASS J15043478+8529213,1727266491597842176,HorBranch*
GES J05141154-4004221,4819185685322834560,HorBranch*
2MASS J18363217-2353013,4077588521437923584,HorBranch*
[MMP2014] 509,5248759449454203008,HorBranch*
2MASS J19054020+4252257,2105548278817775104,HorBranch*
SDSS J143601.57+202008.1,1240846292679740416,HorBranch*
HE 1412-0755,3639338034300490752,HorBranch*
2MASS J06573281-0454580,3101648329739906688,HorBranch*
SDSS J000540.77+251335.0,2850109545660419328,HorBranch*
SDSS J130151.45+583849.2,1578634127500982784,HorBranch*
SDSS J141730.23+570452.0,1611479872717269248,HorBranch*
2MASS J11532643-1024537,3587705827254578048,HorBranch*
2MASS J03561997+3933405,229790066123121664,HorBranch*
2MASS J16290414-1420513,4328727323792068096,HorBranch*
2MASS J00392995+5833228,425329825354944384,HorBranch*
2MASS J06355578-0233199,3106665607456714240,HorBranch*
SDSS J092401.15+241519.5,639440404680808192,HorBranch*
HE 1156-0043,3602663755237140736,HorBranch*
2MASS J20515900+5023570,2169692687672948608,HorBranch*
UCAC4 385-051192,5735196755222617088,HorBranch*
HE 0102-3305,5027342237392257792,HorBranch*
BD+39  2814,1296077441803303680,HorBranch*
2MASS J23385737+5808455,1998929701426177792,HorBranch*
SDSS J143223.69+450309.3,1494296225531767168,HorBranch*
HE 2235-5221,6507640958347531264,HorBranch*
2MASS J13461577+2819214,1451837076492244352,HorBranch*
UCAC4 684-071141,2080338057744176512,HorBranch*
TYC 3543-1808-1,2127705637139947008,HorBranch*
2MASS J03144674-4339519,4850544993893747840,HorBranch*
2MASS J05325123+2603054,3441133024533197440,HorBranch*
2MASS J17141280+2749553,4575173818547014528,HorBranch*
HD 114922,6136570661742233472,HorBranch*
UCAC4 680-070234,2126750947509958016,HorBranch*
2MASS J23291326+5726288,1998845039031344128,HorBranch*
HE 1416-1659,6296912304978859136,HorBranch*
2MASS J16285197-1315231,4330542132157332352,HorBranch*
2MASS J02223914+5530033,455966617350896384,HorBranch*
SDSS J084645.52+403400.4,912376574091379712,HorBranch*
2MASS J01194043+5838266,413980765106339072,HorBranch*
2MASS J01143468+1655326,2784007082692003584,HorBranch*
HE 2224+0010,2678227741908288128,HorBranch*
2MASS J18045336+7329465,2266978747801874944,HorBranch*
2MASS J17245570+2748504,4598252327095824000,HorBranch*
2MASS J23315089+5652074,1998595827850482304,HorBranch*
SDSS J162443.27+132210.6,4463632796315231616,HorBranch*
2MASS J04204958+4329078,229453306329164672,HorBranch*
2MASS J07514396-1714373,5717871960967431424,HorBranch*
SDSS J074453.50+382605.7,920158913096286080,HorBranch*
HE 0438-0746,3186263274276121216,HorBranch*
2MASS J23541752+1620452,2773173628985186944,HorBranch*
SDSS J121617.91+003149.2,3698520480320773888,HorBranch*
HE 2249-3940,6546487185192203264,HorBranch*
SDSS J100152.29+042015.6,3849000986023154048,HorBranch*
TYC 3284-1920-1,356660307670243584,HorBranch*
2MASS J19201765-1132546,4199645620776229504,HorBranch*
2MASS J05512217+0424454,3320005463496779648,HorBranch*
HE 1523-1056,6315137363045065344,HorBranch*
SDSS J111231.57+632649.2,1054631006239228928,HorBranch*
HE 1421-0412,3642548299015996800,HorBranch*
SDSS J132115.67-021551.0,3638174471824711168,HorBranch*
2MASS J19074964+3847308,2100368475241887744,HorBranch*
SDSS J130945.57+112046.5,3736203045906766976,HorBranch*
[LML2013] 10400383,6816580975310769152,HorBranch*
BPS CS 22964-0018,6690507815271453696,HorBranch*
2MASS J18583715+4823371,2131572958831928192,HorBranch*
2MASS J05090821+4533034,205936023920865664,HorBranch*
2MASS J21591015+4935148,1979517376971363968,HorBranch*
SDSS J093556.59+495434.5,826228807262713600,HorBranch*
SDSS J154256.51-005609.5,4404355169523753600,HorBranch*
UCAC4 673-073265,2126985830680523264,HorBranch*
2MASS J06163730+2347335,3425582081826044672,HorBranch*
2MASS J19031217+4954291,2132141616801232128,HorBranch*
2MASS J08564929+0348081,578543192966729984,HorBranch*
SDSS J132803.02+385442.6,1476263100966864512,HorBranch*
2MASS J14025123+0519033,3672203227128609664,HorBranch*
UCAC4 681-074106,2080256212846358528,HorBranch*
2MASS J18243261-0751192,4159541724430300672,HorBranch*
2MASS J06353385-0021000,3119609195774644352,HorBranch*
HE 1058-1745,3553168002362322944,HorBranch*
2MASS J03322915+5122495,442263232130105088,HorBranch*
2MASS J08042764+4817009,933036358921423232,HorBranch*
SDSS J122519.92+010804.1,3699882504646563584,HorBranch*
2MASS J17482893-2756040,4057684818348335872,HorBranch*
SDSS J020451.16+233247.5,103826784227314176,HorBranch*
2MASS J14365934-0241290,3648464461847344128,HorBranch*
2MASS J06164744+1618223,3369853433753394816,HorBranch*
TYC 3121-1012-1,2099368817308402304,HorBranch*
TYC  335-424-1,4419007295834433920,HorBranch*
SDSS J162315.84+113542.0,4459790411196458496,HorBranch*
HE 1435-1643,6285712331645782784,HorBranch*
2MASS J06154717+0833359,3328366356076723712,HorBranch*
SDSS J220037.31+071349.1,2721643676517998848,HorBranch*
HE 2245-3932,6547172387094701184,HorBranch*
2MASS J11553286+1953264,3975448602788755840,HorBranch*
2MASS J01283547+6717350,531484889873974272,HorBranch*
HE 1415-2017,6277710262112798336,HorBranch*
HE 1445-1028,6325733455384545152,HorBranch*
HE 1412+0110,3666050738016763904,HorBranch*
TYC 9042-784-1,5829972737713228672,HorBranch*
2MASS J00182850-5012241,4973772759577986176,HorBranch*
2MASS J01494999+5757074,505804455782065792,HorBranch*
TYC 6867-1354-1,4072129278725062272,HorBranch*
BPS CS 22891-0184,6445970897334542976,HorBranch*
HE 1238-3221,6160038053807341184,HorBranch*
2MASS J06181333+0007006,3121796949036068096,HorBranch*
SDSS J041919.96+074323.0,3298941049795820544,HorBranch*
2MASS J23123407+6414522,2207835055278609920,HorBranch*
2MASS J05493214+2450536,3428937202903587072,HorBranch*
2MASS J18484315+1342440,4507053403875232000,HorBranch*
SDSS J073754.99+214707.8,865419971522241024,HorBranch*
2MASS J03511143-0629161,3243637818238902400,HorBranch*
Case A-F  170,1515527833719435776,HorBranch*
KOI-4944,2051294423734922112,HorBranch*
2MASS J05513959+1210264,3343187429220021504,HorBranch*
[TGC2005] 292,3554164778372182784,HorBranch*
2MASS J19520705+0517022,4296466965449680256,HorBranch*
2MASS J03581212+4633287,245808988471165696,HorBranch*
HE 1449-1046,6325475486765046016,HorBranch*
2MASS J07575147-1647537,5718310219426357632,HorBranch*
2MASS J06182501+1545197,3369070929370476032,HorBranch*
BPS CS 22885-0161,6679730024336718464,HorBranch*
HE 1224-0335,3681118170486406656,HorBranch*
UCAC4 652-074998,2076491141439245952,HorBranch*
2MASS J17141403+2747071,4575167565074621440,HorBranch*
2MASS J06151680+2435543,3425887471179917440,HorBranch*
TYC 2986-1914-1,816613200120420480,HorBranch*
HE 1516-0455,6335038794089341056,HorBranch*
2MASS J07265601+2458342,870025546556256768,HorBranch*
TYC 3120-555-1,2100131637861896192,HorBranch*
2MASS J22550440+5217357,1990096156291862144,HorBranch*
SDSS J092001.08+313909.5,700704093069929088,HorBranch*
2MASS J16061820-1006413,4343678860868679168,HorBranch*
2MASS J13540886+4216506,1498984616127817344,HorBranch*
2MASS J17594058+6157509,1436273180163678080,HorBranch*
2MASS J06315344+0848091,3326405647669299328,HorBranch*
2MASS J19430010+4528367,2079995211974416000,HorBranch*
TYC 1936-792-1,683305799028748160,HorBranch*
UCAC4 704-062630,2133127152878055808,HorBranch*
HE 1304-3101,6180960523133629952,HorBranch*
2MASS J06304424+0115565,3120820032956271104,HorBranch*
Cl* NGC 5024    SAN       4,3938013594821620736,HorBranch*
TYC 3808-221-1,1030122449675657728,HorBranch*
HE 1423-0500,3641691642019241216,HorBranch*
2MASS J18214904+0122290,4276607758222740608,HorBranch*
2MASS J05460109+4615081,197582175088857600,HorBranch*
TYC 3142-1596-1,2101644359705383296,HorBranch*
HE 1341-0758,3618330829564588800,HorBranch*
2MASS J04214972-5329506,4779364329098804608,HorBranch*
2MASS J18501527-0735258,4252072907864394496,HorBranch*
2MASS J17130588+4153354,1354095268787681792,HorBranch*
2MASS J05061225+4014024,200633938334634624,HorBranch*
2MASS J11593153-1553548,3568676476433133312,HorBranch*
BD+44  3217,2079667046413666688,HorBranch*
2MASS J06164584+3258236,3440051586128287872,HorBranch*
2MASS J16491722-2015318,4127405198565600256,HorBranch*
2MASS J07375667+2042460,673089136983856128,HorBranch*
HE 1410-1401,6301354744271962880,HorBranch*
UCAC4 674-072189,2126556475692592128,HorBranch*
HE 2242-1438,2597232114769062144,HorBranch*
HE 0331-4203,4848687300279142016,HorBranch*
HE 1153-1337,3572383273728283520,HorBranch*
TYC 3138-146-1,2101148063346882304,HorBranch*
2MASS J11563522+1947118,3975257115967227392,HorBranch*
2MASS J19142651+2717014,2036421673559299840,HorBranch*
HE 0250-1032,5173022683348768000,HorBranch*
2MASS J01151627-0800002,2472326116384879616,HorBranch*
EC 14318-0946,6328268894838523776,HorBranch*
2MASS J19175919+2718159,2036381369584950784,HorBranch*
2MASS J00331447+6559326,527589045298982016,HorBranch*
BPS BS 16079-0084,1626411073119960064,HorBranch*
2MASS J06123999+1536238,3345829693100330112,HorBranch*
2MASS J13393040+5318117,1561651143914694016,HorBranch*
2MASS J05264069+4329473,195723068429712640,HorBranch*
2MASS J06311313+0159004,3123954259571256704,HorBranch*
GD 159,1244919124267663488,HorBranch*
TYC 3542-71-1,2130442081063059456,HorBranch*
HE 1219-0313,3693284507166557952,HorBranch*
2MASS J05485007+0412526,3319680832688788992,HorBranch*
2MASS J13212636+4834448,1553062033956370944,HorBranch*
HE 1130-2317,3540182392081839104,HorBranch*
2MASS J23081651+4201283,1930703767967909632,HorBranch*
SDSS J230350.54+061118.0,2663745868100748416,HorBranch*
2MASS J20233317+1732444,1809039301666728960,HorBranch*
2MASS J05053762+4800386,255210981116829824,HorBranch*
2MASS J15195099+0043546,4420567915150895488,HorBranch*
2MASS J16285190-1140011,4331923913331923712,HorBranch*
2MASS J18394690+1919269,4524563848088621568,HorBranch*
UCAC4 709-062984,2133272327071538048,HorBranch*
HE 1357-2144,6287815083209740800,HorBranch*
2MASS J16350453-1312299,4330402532839208448,HorBranch*
SDSS J074420.49+202954.5,672893011597156224,HorBranch*
[TGC2005] 351,2658307752309068544,HorBranch*
2MASS J05341972+4544124,208199334246020736,HorBranch*
SDSS J152136.57+535125.7,1599464718886781824,HorBranch*
2MASS J05393312+3314401,3448480957663632640,HorBranch*
2MASS J04384615-3306233,4871361841384375936,HorBranch*
2MASS J18571803+1724388,4517150528390611968,HorBranch*
2MASS J04185986-4929319,4782687980950752896,HorBranch*
TYC 3565-184-1,2086847372737400704,HorBranch*
2MASS J00280641+7108187,536312982869524480,HorBranch*
2MASS J19172696-1213313,4198095515540788736,HorBranch*
2MASS J05482902+2621184,3429378145720815232,HorBranch*
2MASS J02185129+6426338,515211911629579904,HorBranch*
HE 1306-2110,3505532210844196608,HorBranch*
SDSS J021241.26+065540.0,2521047121583657216,HorBranch*
2MASS J06420095+0042578,3125784568474363136,HorBranch*
SDSS J015833.83-002823.4,2507487085196439040,HorBranch*
2MASS J06495112+2840395,3386335598387675648,HorBranch*
SDSS J231049.44+213430.4,2838462041029873536,HorBranch*
2MASS J15143916+5329385,1599234719094025216,HorBranch*
TYC 3140-2340-1,2076509794471765760,HorBranch*
2MASS J18594313+4555238,2107173872398403072,HorBranch*
HE 1315-2010,3506494146079459840,HorBranch*
BD+49  3119,2087254673075406208,HorBranch*
2MASS J19181205+2738379,2037900241819139072,HorBranch*
2MASS J03410468+3211021,217360980522755584,HorBranch*
2MASS J17140181+4230004,1354174811581993728,HorBranch*
2MASS J01210442+6144546,510908560552567552,HorBranch*
2MASS J19134794+2735583,2036623124698162944,HorBranch*
2MASS J12331717+6126570,1583083924073821824,HorBranch*
2MASS J04461031+5331202,272749050572883584,HorBranch*
TYC 3557-766-1,2080303663645848320,HorBranch*
SDSS J162646.89+541456.9,1428398855842315776,HorBranch*
2MASS J07073388+3755544,946236786286307072,HorBranch*
2MASS J06163488+5802351,999280731903515648,HorBranch*
2MASS J15001221+3052316,1288138761697432064,HorBranch*
2MASS J03180471+0040517,3266157976742088960,HorBranch*
Case A-F   70,4010100227134151552,HorBranch*
TYC 3547-2036-1,2129205027403764224,HorBranch*
2MASS J21534888+6008490,2202815131871124992,HorBranch*
2MASS J03293146+4553350,242014986158164864,HorBranch*
SDSS J034540.32+004054.0,3269674352366771072,HorBranch*
2MASS J12403216+0605201,3709097099280951936,HorBranch*
2MASS J00512978+5853376,424464200466428160,HorBranch*
MGC 39673,3689370997389282816,HorBranch*
HE 2230+0147,2703012756927906048,HorBranch*
SDSS J072537.60+350243.8,896842158418192512,HorBranch*
GES J05143697-4004163,4819278628412307200,HorBranch*
UCAC3 338-9709,555329758022237568,HorBranch*
UCAC4 709-063537,2136218979576286848,HorBranch*
2MASS J19292894+3808438,2051923413108633600,HorBranch*
SDSS J012321.98+004053.1,2534358943221106304,HorBranch*
2MASS J18583643-0425083,4254624706900569600,HorBranch*
CoRoT 102816763,3113465537118315904,HorBranch*
2MASS J02002279+5001250,359172623020770304,HorBranch*
[MVP2011] 53504,5248759380732671872,HorBranch*
TYC 2474-1250-1,901569336862579328,HorBranch*
HE 2136-2147,6817774632620581504,HorBranch*
HE 2347-4752,6524522207045388544,HorBranch*
SDSS J092841.66+082042.7,588091180143710464,HorBranch*
HE 1358-0024,3659595745768094592,HorBranch*
2MASS J04202520+5633593,276887852863772416,HorBranch*
2MASS J03023102+3904445,142834089527499520,HorBranch*
2MASS J02423830+6548542,516135948069763200,HorBranch*
2MASS J00055004-2814201,2333454499262071680,HorBranch*
BPS CS 22943-0150,6675985087733094144,HorBranch*
TYC 6093-984-1,3571800188967854208,HorBranch*
2MASS J06351149+1644587,3358912953759552768,HorBranch*
TYC 9214-2308-1,5242382659974594688,HorBranch*
2MASS J06132324+1515439,3345769907155945472,HorBranch*
HE 0128-0355,2483965164224257024,HorBranch*
2MASS J22523626+6252415,2208032623770582656,HorBranch*
SDSS J170958.95+324439.8,1334422016469442944,HorBranch*
BPS CS 29506-0078,6830989220493696896,HorBranch*
TYC 3565-257-1,2135354905175366144,HorBranch*
2MASS J03011723-6027157,4723523122821145600,HorBranch*
2MASS J06262807-3133498,2893180993831691776,HorBranch*
2MASS J01143469+1045528,2580359932746727296,HorBranch*
HE 2311-1020,2413887309591618176,HorBranch*
2MASS J21324950-0104499,2686742596176492544,HorBranch*
2MASS J06260343+0311435,3125085171699874944,HorBranch*
2MASS J05515819+3456049,3454916674099031680,HorBranch*
2MASS J20283148+5345083,2181955128543226368,HorBranch*
HE 2215-1734,6822926467367279232,HorBranch*
HE 2143-0031,2675114783971971712,HorBranch*
2MASS J06560518-1212281,2949853911938620544,HorBranch*
SDSS J121544.58+004246.5,3698539790493801216,HorBranch*
TYC 2055-1023-1,1317769088233061632,HorBranch*
SDSS J192101.34+364540.0,2050988308523621504,HorBranch*
2MASS J03174581+5326589,446135574642859008,HorBranch*
2MASS J07512538+4438441,926360850167915392,HorBranch*
2MASS J01480316+8547475,573851271910147968,HorBranch*
2MASS J17154601-2516278,4109450379898490368,HorBranch*
2MASS J17305425+3555596,1336227380202261248,HorBranch*
ATO J153.2358+25.9461,738778222233449728,HorBranch*
SDSS J013335.72-091544.6,2464997459068843520,HorBranch*
2MASS J04341989+3642562,175040979832957824,HorBranch*
2MASS J00393233+5037160,415509429866753664,HorBranch*
2MASS J06085581+2252315,3425273015979832704,HorBranch*
TYC 3562-1149-1,2086450616535626880,HorBranch*
TYC 3143-923-1,2125852096756618880,HorBranch*
2MASS J08214002-1333429,5723488502575693184,HorBranch*
2MASS J18134078+0132046,4275872940859174784,HorBranch*
2MASS J06233079+1946364,3375459401166295296,HorBranch*
SDSS J010014.50-085957.7,2473552342432275072,HorBranch*
2MASS J02075579+4802186,356532936120141696,HorBranch*
2MASS J15165034+3258419,1278323730629497856,HorBranch*
2MASS J06145483-0156326,3118115234351865216,HorBranch*
HE 1448-1020,6325571350435201152,HorBranch*
SDSS J093158.33+221715.6,638079655962117504,HorBranch*
TYC 3125-1-1,2101061618543555968,HorBranch*
SDSS J145414.86+314445.4,1289175944758285184,HorBranch*
SDSS J101023.58+031659.7,3836659307303191296,HorBranch*
2MASS J00334543+5332246,416499647470059520,HorBranch*
BD+16  5029,2772895108944470272,HorBranch*
2MASS J03373970+4552512,247758113346240128,HorBranch*
SDSS J150332.69+002758.2,4419667342112421376,HorBranch*
2MASS J06330938-0033429,3119250888126863232,HorBranch*
2MASS J05413108+4615388,209629867592864128,HorBranch*
SDSS J110222.77+251155.2,3996459578505560320,HorBranch*
SDSS J073608.15+292341.7,879388613917270144,HorBranch*
2MASS J18594893-3637164,6731268738539844224,HorBranch*
2MASS J06215005+1454094,3368718570254017408,HorBranch*
2MASS J02441389+0844571,21405193585875584,HorBranch*
HE 1205-1739,3519407119873951232,HorBranch*
HE 1313-1453,3607895025403169920,HorBranch*
2MASS J19524112+1932551,1826210409152385152,HorBranch*
2MASS J19415343+4614449,2080405432886650880,HorBranch*
2MASS J03330460+5730570,449798047874817536,HorBranch*
2MASS J06441434+2739446,3386168472620584576,HorBranch*
SDSS J134540.05+134926.1,3740886346966089216,HorBranch*
HE 2140-0509,2671380047915327616,HorBranch*
SDSS J073920.32+412514.6,924517072247292928,HorBranch*
2MASS J23361341+6701168,2210418117326654080,HorBranch*
BPS BS 16551-0127,6321716634467235968,HorBranch*
2MASS J05542737+2605210,3430619116392376576,HorBranch*
Cl* NGC  288    SAN      13,2342902877559405312,HorBranch*
SDSS J081019.95-084104.6,3038781003639409792,HorBranch*
2MASS J03342165+3014294,121044273029700864,HorBranch*
2MASS J05350033+4529195,207991663987443840,HorBranch*
2MASS J03320442+4611007,242045154008080640,HorBranch*
2MASS J13123819+7057297,1686272849822626304,HorBranch*
2MASS J02593555+0707137,8068289339749888,HorBranch*
2MASS J18462802+0505201,4282207845833310336,HorBranch*
TYC  170-2845-1,3128320420244635264,HorBranch*
2MASS J19305319+4942362,2129836829973276544,HorBranch*
2MASS J06173647-0121358,3118162101034633600,HorBranch*
2MASS J05163148+3910431,188624453860112128,HorBranch*
2MASS J04311338+5440089,276984884758650624,HorBranch*
2MASS J19243058+4752380,2129210932981062784,HorBranch*
2MASS J06580160-0529131,3101190005190651136,HorBranch*
2MASS J07060181-1503280,2936303290122471680,HorBranch*
2MASS J07012681-1602387,2935769099270519424,HorBranch*
2MASS J20054215+5431105,2185718207084164608,HorBranch*
BPS CS 22958-0022,4912147331863553408,HorBranch*
HE 0144-1803,5142012194838124800,HorBranch*
2MASS J07043059+0331369,3116244037361046400,HorBranch*
SDSS J125319.22+104352.6,3735488706946487168,HorBranch*
HE 1349-0146,3658637212146858496,HorBranch*
2MASS J14112691-0143471,3647263073595242624,HorBranch*
2MASS J17521940+4652040,1350914175489765760,HorBranch*
UCAC4 690-065246,2130762004586843136,HorBranch*
2MASS J05500741+2836316,3443221753030106240,HorBranch*
2MASS J17010529-2147041,4126113959613715584,HorBranch*
2MASS J00233424+5941074,428320806218088832,HorBranch*
2MASS J21184700+4757535,2164680632642189952,HorBranch*
UCAC4 241-058151,6146039827677625856,HorBranch*
SDSS J161547.12+315423.4,1319410212416406656,HorBranch*
2MASS J02415795+5945381,464399905892025472,HorBranch*
2MASS J16574807+1151074,4448004368101785472,HorBranch*
UCAC4 272-067104,6164063670818050304,HorBranch*
2MASS J00552748+5833570,425895352286175488,HorBranch*
HE 1316-1051,3623265098448214144,HorBranch*
2MASS J06203664-0138198,3118282257039428096,HorBranch*
UCAC4 704-063005,2133161997951181312,HorBranch*
2MASS J22283847+5243548,2001508571598509952,HorBranch*
2MASS J06273090+0015400,3120310271878082048,HorBranch*
2MASS J01461519+0452396,2561193181627090944,HorBranch*
TYC 3498-1368-1,1424709650733844480,HorBranch*
Case A-F  714,777462919653945344,HorBranch*
2MASS J13243639+2038170,3939522163430402304,HorBranch*
2MASS J19420206+4027597,2076590578520769536,HorBranch*
HE 2253-4839,6515012908933575552,HorBranch*
2MASS J05260712+3040383,3447024517073603456,HorBranch*
2MASS J07103164+3638207,945900408744074624,HorBranch*
2MASS J06151815+1652450,3370142987567413632,HorBranch*
2MASS J07422979+0949510,3148965434681152512,HorBranch*
2MASS J22153464-0300325,2675747724712237312,HorBranch*
2MASS J05021882+4133103,201713967991748736,HorBranch*
SDSS J013432.84-083827.4,2465146713477154176,HorBranch*
HE 1428-1046,6327735807793668224,HorBranch*
2MASS J08384496+1505294,657581281387998464,HorBranch*
NGC  5904   373,4421573246740323456,HorBranch*
SDSS J100047.47+183635.5,626635865925732352,HorBranch*
SDSS J034041.94-072014.9,3243933823087579264,HorBranch*
TYC 1187-496-1,2782240339305027840,HorBranch*
2MASS J03484782-5625000,4731145899497326592,HorBranch*
2MASS J23571176+6503439,2017250794959364736,HorBranch*
HE 1345-2315,6287381738189397888,HorBranch*
HE 0916-0531,5746437032529263872,HorBranch*
MGC 68560,3651451487047076480,HorBranch*
2MASS J14174112+6419480,1668107543342104320,HorBranch*
2MASS J00020505+5855219,423147775808520320,HorBranch*
Cl* NGC 6656    MPF  1-121,4077587976056659328,HorBranch*
2MASS J06073252+1340502,3345086556383305344,HorBranch*
2MASS J01073465-0110204,2533134194642255104,HorBranch*
[CWH2004] CF854-030,3832481678514150144,HorBranch*
2MASS J23372238+3014146,2871052497687606784,HorBranch*
2MASS J03254695+0755470,10839848915812096,HorBranch*
SDSS J063226.86+272803.5,3432511960018942976,HorBranch*
HE 2156-0406,2670238789204544256,HorBranch*
TYC 3558-1092-1,2085287062662000640,HorBranch*
2MASS J07460536+4226418,924253253879749504,HorBranch*
2MASS J07061759+3642505,945860242209670272,HorBranch*
UCAC4 692-069412,2086541399269222272,HorBranch*
HD 277836,207494165037061376,HorBranch*
2MASS J13583895+4731404,1509192310281899904,HorBranch*
SDSS J163506.55+530358.9,1426524463395154432,HorBranch*
2MASS J07012507+0448484,3128642469772855296,HorBranch*
2MASS J05294672+3235504,3448930383043166976,HorBranch*
2MASS J12135123-1828482,3519162512896357760,HorBranch*
HE 0917-0058,3839095279610119296,HorBranch*
UCAC4 693-072872,2086876952169291776,HorBranch*
2MASS J08500790-1449448,5733574670630406272,HorBranch*
HE 2152-2615,6812018590465213696,HorBranch*
2MASS J21012029+2947253,1852459222004637440,HorBranch*
SDSS J170449.10+242420.9,4572072920879004288,HorBranch*
2MASS J17544293-0210107,4178641130447351936,HorBranch*
2MASS J06081479+2226101,3423572861765655168,HorBranch*
2MASS J06124233+3341524,3452074333459873920,HorBranch*
2MASS J07153041-0122538,3110048117542117248,HorBranch*
UCAC4 158-011921,5293680581122445184,HorBranch*
SDSS J120907.95+194741.4,3951044461174135808,HorBranch*
BD+45  2827,2106447404449524736,HorBranch*
2MASS J09024837+0340280,578397542035768064,HorBranch*
SDSS J134133.90+084250.0,3724914016427613696,HorBranch*
TYC 3030-181-1,1500488022184002432,HorBranch*
TYC  775-144-1,3167007320980402560,HorBranch*
2MASS J02113746-0015334,2506981245423600896,HorBranch*
HE 2340+0149,2646548200572050432,HorBranch*
SDSS J100844.53+024814.6,3836544064740811648,HorBranch*
HE 2123-4551,6576104592471654528,HorBranch*
SDSS J133548.76+090812.1,3725711750768341504,HorBranch*
HE 2231-0819,2621681542518793856,HorBranch*
2MASS J20145008+2108400,1828911565596188544,HorBranch*
2MASS J19503921+1920199,1824703047434854144,HorBranch*
2MASS J06215310-0054201,3118623174364318848,HorBranch*
TYC 3547-1145-1,2129428296983372800,HorBranch*
2MASS J05512548+1745553,3398112050818319232,HorBranch*
2MASS J05284215+3535122,183273165127765376,HorBranch*
SDSS J215818.09+004144.5,2681382923668313216,HorBranch*
2MASS J05511761+1637019,3349853733861021312,HorBranch*
2MASS J16283035-0121266,4359243238229338496,HorBranch*
2MASS J19421396+4949408,2134934440757054720,HorBranch*
2MASS J05435660+4532510,197483150323079296,HorBranch*
2MASS J16450080+4749439,1408810025401957760,HorBranch*
HD 132070,1187871856813358336,HorBranch*
2MASS J11524887+1554320,3924533380402909184,HorBranch*
2MASS J06041086+3025009,3437865482135013376,HorBranch*
SDSS J161128.35+175457.2,1199799118434206080,HorBranch*
2MASS J06181878-0013137,3121769495605592448,HorBranch*
2MASS J05051450+4236183,202181638390058880,HorBranch*
2MASS J23581889+6303189,2013087700350915584,HorBranch*
2MASS J07022219-1214150,3045681779138553984,HorBranch*
SDSS J202403.05+135235.4,1804207012480124288,HorBranch*
2MASS J11391801+1300553,3917735100007862784,HorBranch*
TYC 3560-2954-1,2128524086109224192,HorBranch*
SDSS J145502.60-003441.5,3650789894580346880,HorBranch*
2MASS J16324056-1303160,4330464277288755584,HorBranch*
UCAC4 657-080435,2075161518343158272,HorBranch*
2MASS J05574353+2132252,3424005309134736512,HorBranch*
HE 1340-0602,3632313598107983104,HorBranch*
UCAC4 659-078309,2076953314281061888,HorBranch*
2MASS J05583618+2248187,3424523389566790784,HorBranch*
[TGC2005] 386,2646055993024496256,HorBranch*
HE 2141-0357,2673205963066688640,HorBranch*
2MASS J18205159-1541305,4098050192309954432,HorBranch*
2MASS J04201858+5643009,276937021650808576,HorBranch*
UCAC4 684-070173,2080487380862640768,HorBranch*
2MASS J23142842+6528371,2208730160824006784,HorBranch*
SDSS J120539.29+071100.8,3898662967016925824,HorBranch*
TYC 3135-718-1,2052188670292975744,HorBranch*
UCAC4 645-074179,2052157020667863808,HorBranch*
SDSS J201501.53-112745.6,6880972022665037440,HorBranch*
UCAC4 688-073438,2086402826445311744,HorBranch*
2MASS J12434027-0858540,3675022340582584192,HorBranch*
2MASS J21452386+5915573,2202647078391489024,HorBranch*
2MASS J10564913+1423401,3969121256968140544,HorBranch*
2MASS J16562138+4727314,1407848571202652160,HorBranch*
2MASS J14180322+6253137,1666856196030444160,HorBranch*
2MASS J07173562+1318388,3166374277161066496,HorBranch*
2MASS J07082641-2252160,2927801900580023808,HorBranch*
UCAC4 266-048791,5436275453857580544,HorBranch*
2MASS J05030400+4924486,256299768209806080,HorBranch*
SDSS J112650.10+205550.8,3978798604264756224,HorBranch*
2MASS J08531108+1100596,598625296107256320,HorBranch*
2MASS J00324785+6153444,430316179307171712,HorBranch*
2MASS J07134394+0520428,3140611856433183488,HorBranch*
2MASS J20173499+2012290,1828603771059129216,HorBranch*
UCAC4 691-069052,2086665128684880768,HorBranch*
Ton  1381,756877420577208960,HorBranch*
2MASS J05500493+2913076,3443467150280566784,HorBranch*
2MASS J01414584-3814592,5010269604951767168,HorBranch*
2MASS J19541486+2244426,1827949046243912064,HorBranch*
TYC 4124-447-1,1089843282732448768,HorBranch*
TYC 6521-2890-1,2922224318605405440,HorBranch*
HE 1529-0026,4416291708272269952,HorBranch*
2MASS J06543444+1709060,3358205035771179392,HorBranch*
SDSS J160938.96+082412.2,4451471819755123840,HorBranch*
2MASS J02453855+6601401,516517822199656704,HorBranch*
SDSS J105410.06+435407.5,781789364765486592,HorBranch*
HE 1131-0821,3591926818032867712,HorBranch*
2MASS J18174158-3348262,4045374381324853120,HorBranch*
SDSS J130006.02+082515.8,3733681762665601536,HorBranch*
2MASS J02202191+5538294,455986168041963520,HorBranch*
HE 2150-0728,2666869202677724288,HorBranch*
2MASS J02370704+6020142,465171831773439744,HorBranch*
2MASS J00333106-0930321,2426878730963583360,HorBranch*
2MASS J02090862+1538054,77686307593777536,HorBranch*
2MASS J08545409+0402502,581556851259747712,HorBranch*
TYC  163-2964-1,3114294603244972416,HorBranch*
TYC 3142-1031-1,2101657966161915520,HorBranch*
2MASS J08165577+3116447,900941000327006976,HorBranch*
2MASS J04290953+5602564,277352430880100096,HorBranch*
Cl* Trumpler   20    PMF    2585,6056525321934616960,HorBranch*
HE 2213-0118,2677782023087180288,HorBranch*
TYC 8223-1372-1,5370082139452044800,HorBranch*
HE 1442-0601,6336870516037289984,HorBranch*
UCAC4 684-068242,2128282979523450112,HorBranch*
TYC  637-668-1,74194185649330816,HorBranch*
2MASS J02092499+5425273,456227785717527040,HorBranch*
SDSS J014630.00-010009.1,2509074298950774656,HorBranch*
HE 2250-0900,2609955010490607360,HorBranch*
2MASS J06105507+1205168,3342422955105112960,HorBranch*
UCAC4 673-074729,2126367153534397568,HorBranch*
SDSS J111412.15+640403.3,1054880634034438912,HorBranch*
2MASS J05415102+2827505,3442618499101484416,HorBranch*
SDSS J155723.08+305709.5,1321313157806630784,HorBranch*
2MASS J17004641-2231319,4126005996996846976,HorBranch*
2MASS J07330162-2029000,5620183273420164352,HorBranch*
2MASS J00020908+5643507,421033002631187328,HorBranch*
2MASS J05570038+3108543,3450066762668620032,HorBranch*
SDSS J120254.42+112415.8,3918788359132068352,HorBranch*
UCAC4 657-073946,2077574538346116096,HorBranch*
TYC 3349-1964-1,207080718604429184,HorBranch*
2MASS J00411972+1701168,2782326371794297088,HorBranch*
UCAC4 677-071155,2079946219286881792,HorBranch*
2MASS J08224777+7942573,1139046050118401536,HorBranch*
HE 1322-1841,3507090665497238528,HorBranch*
2MASS J04240245+5437111,275714051178490496,HorBranch*
HE 1142-0548,3598732004735514368,HorBranch*
TYC 3494-347-1,1399156725626720000,HorBranch*
HD 225465,2076214644321648512,HorBranch*
SDSS J100159.58+435216.1,808094561986271872,HorBranch*
2MASS J18593256-3635376,6730905556109126016,HorBranch*
2MASS J06073917+2409098,3426271814916387200,HorBranch*
2MASS J00383311+5118217,415658280552398720,HorBranch*
PG 0101+154,2783587996963390720,HorBranch*
2MASS J04074660+5641047,468844578569859712,HorBranch*
2MASS J03490946+4948110,250318321875152384,HorBranch*
BPS CS 30312-0096,4423879025699212800,HorBranch*
2MASS J05353272+6243586,286483217815480832,HorBranch*
SDSS J072055.23+321715.8,893137727649436544,HorBranch*
2MASS J04521338+3800080,198687523575197440,HorBranch*
2MASS J19520545+4640204,2085544069201254272,HorBranch*
2MASS J05123252+3829449,188196262800217216,HorBranch*
TYC 1906-1562-1,887548227147146368,HorBranch*
2MASS J19552555+0536078,4296582242370312704,HorBranch*
SDSS J011638.99-102038.4,2470734573304281472,HorBranch*
TYC 3026-623-1,1496832833216689664,HorBranch*
2MASS J06273053-3158009,2892383676102370816,HorBranch*
SDSS J130538.59+100113.0,3735811039947684992,HorBranch*
PG 1329+144,3741669684577065216,HorBranch*
2MASS J07044266-0449255,3101466772887013632,HorBranch*
2MASS J18073065-0915569,4158217671919155072,HorBranch*
2MASS J05012670+3442554,185051625182716672,HorBranch*
CSO  906,1514764463412020736,HorBranch*
2MASS J00312119+5823491,428000607815758336,HorBranch*
SDSS J031838.21+410242.0,239303861063358976,HorBranch*
HE 2342-3032,2327447072669780864,HorBranch*
2MASS J06435675+0116598,3125843388048502656,HorBranch*
SDSS J134721.08+292407.0,1455286416267138560,HorBranch*
SDSS J232856.00-002624.8,2644462560157441792,HorBranch*
SDSS J121732.90+411648.2,1536405253133020288,HorBranch*
2MASS J04272044-5713242,4775289642084941312,HorBranch*
2MASS J06353997+0518379,3131736083179966592,HorBranch*
2MASS J01250708+6654149,531496430445768064,HorBranch*
2MASS J06352030+5115120,992151674604929664,HorBranch*
SDSS J165529.70+394345.9,1352916729760875776,HorBranch*
2MASS J05184284+2407044,3417208579225415936,HorBranch*
2MASS J21005015+2938453,1846453071019961088,HorBranch*
BD-00  2429,3791659118172624512,HorBranch*
SDSS J121957.31+004302.5,3699991150137953152,HorBranch*
GES J05134784-4005317,4819195718366538752,HorBranch*
HE 2226-3746,6595088481062491264,HorBranch*
2MASS J06564223-0902165,3050683113937851264,HorBranch*
HE 1030-2305,5474323503976970752,HorBranch*
2MASS J07173941+1500172,3167794085973000576,HorBranch*
2MASS J21531312+6159498,2204290298512236160,HorBranch*
2MASS J05272754+3637109,184151571837055872,HorBranch*
2MASS J06070713+2408599,3426178669964089600,HorBranch*
HE 1420-1427,6299576696531110400,HorBranch*
2MASS J05293495+2722500,3442218379948932224,HorBranch*
2MASS J18594156-3638300,6730893354102448128,HorBranch*
SDSS J125124.52+432544.1,1528741249066685056,HorBranch*
2MASS J00185409+6237276,431264675582792064,HorBranch*
TYC 3547-1469-1,2129236810160885248,HorBranch*
TYC 2542-601-1,1475104804119729152,HorBranch*
BD+47  2919,2086616853253059840,HorBranch*
2MASS J07011099+3744310,946960990788568064,HorBranch*
SDSS J121849.10+061251.2,3900523409410715904,HorBranch*
UCAC4 702-067295,2134986809299011712,HorBranch*
2MASS J05354272-4606218,4796182974352963584,HorBranch*
HD 259958,3130491367295623552,HorBranch*
2MASS J03311332+6103440,462648727465265536,HorBranch*
2MASS J16003938+2920404,1320202822860911232,HorBranch*
2MASS J06273619+0139003,3123841589690386944,HorBranch*
SDSS J111323.90+082958.3,3818837151530105856,HorBranch*
TYC  273-451-1,3892590952707997696,HorBranch*
TYC 3067-1539-1,1383673918280836864,HorBranch*
2MASS J22325011+5741150,2007725279063892864,HorBranch*
BD+17    84,2782640905134430336,HorBranch*
2MASS J21340368+5634196,2177956204745470080,HorBranch*
2MASS J04280917-4041442,4864178663200614272,HorBranch*
2QZ J134715.7+011026,3664052577496171648,HorBranch*
2MASS J19533648+1829499,1821576757914515584,HorBranch*
TYC 3562-1800-1,2085579391012347904,HorBranch*
2MASS J16401117+3721541,1328345840335929856,HorBranch*
2MASS J04425537+4635072,254089273097260416,HorBranch*
HE 2229-1647,2595049412389063808,HorBranch*
TYC 3555-391-1,2130125593513066752,HorBranch*
HE 1336-2454,6191466631614494848,HorBranch*
Case A-F 1086,1482532211325217408,HorBranch*
BPS CS 22173-0017,5096756154504213760,HorBranch*
2MASS J06540512+1753076,3364484282255243264,HorBranch*
BPS CS 22896-0110,6645203744317443968,HorBranch*
2MASS J04484979+3728304,198564554369986560,HorBranch*
2MASS J03484708+4846276,248540553309364352,HorBranch*
SDSS J091812.03+303122.8,699083481650128512,HorBranch*
2MASS J12453253+5653321,1577451641401164160,HorBranch*
2MASS J06203846+1544291,3369030900275466880,HorBranch*
2MASS J05451533+1100560,3337009440883786240,HorBranch*
2MASS J06130858+1530546,3345825054535642752,HorBranch*
SB  74,2316331250631646592,HorBranch*
2MASS J19075798+2657443,2036169026397917184,HorBranch*
2MASS J02520489+5444293,453617648192438528,HorBranch*
2MASS J19151983+2819174,2038184637369235712,HorBranch*
2MASS J18543323-2845374,6761914807686307328,HorBranch*
SDSS J013950.26-002650.0,2509029081534718720,HorBranch*
HE 0120+0042,2535141215679612800,HorBranch*
SDSS J140925.62-004533.1,3659766135710683136,HorBranch*
US  782,814743171361152640,HorBranch*
2MASS J19240751+0112171,4264533746185262976,HorBranch*
SDSS J114048.83+134238.5,3917844462759853184,HorBranch*
2MASS J13454567+0000230,3662320644819432192,HorBranch*
2MASS J14544813-0631558,6333668257141085952,HorBranch*
2MASS J08233202-0046504,3076373855947586688,HorBranch*
SDSS J123500.38+302632.7,4012181014234589952,HorBranch*
2MASS J19124318+2748114,2036644702614261120,HorBranch*
2MASS J02335065+6045523,465429529812453760,HorBranch*
BD+43  3628,2070557489495615232,HorBranch*
BPS CS 22878-0012,4446262849060456448,HorBranch*
SDSS J112014.21+093141.6,3915081630557490432,HorBranch*
2MASS J21510108+5449566,2174043867504693760,HorBranch*
2MASS J10182747+0103469,3832138356008255360,HorBranch*
2MASS J18593228-3636091,6730905380010821760,HorBranch*
2MASS J04005328+5903008,473443251591201920,HorBranch*
2MASS J00080694+7412039,538015782781277440,HorBranch*
2MASS J11574404+1642176,3926170243978903808,HorBranch*
HE 1445-2210,6230714352003422336,HorBranch*
SDSS J142518.86+080728.2,1175568867158867840,HorBranch*
SDSS J080958.57+223541.4,677142177362156032,HorBranch*
MGC 68405,3651488355046461696,HorBranch*
2MASS J03214638+0849204,11144585435453568,HorBranch*
BD+46  2666,2127717800487369472,HorBranch*
2MASS J06163728-0030556,3121664526604281856,HorBranch*
2MASS J05381045+4008330,191070381895857792,HorBranch*
2MASS J03291868+4554140,242025495940038528,HorBranch*
SDSS J092324.94+263257.8,694030332367358080,HorBranch*
2MASS J21192054+4817200,2164966746182140288,HorBranch*
2MASS J19301826+4637366,2128291333241594624,HorBranch*
2MASS J19484140+3221463,2034660943145843584,HorBranch*
TYC 3548-81-1,2132243424705042560,HorBranch*
2MASS J05143566+2513260,3420565349568040320,HorBranch*
2MASS J06471988+2714206,3385381256654779776,HorBranch*
2MASS J08371568+1542545,657854063351289984,HorBranch*
BD+44  3128,2126648074452353920,HorBranch*
2MASS J07163090-0512189,3059213984139692288,HorBranch*
[GLS2013] 47 Tuc  85384,4689627584520440960,HorBranch*
2MASS J04100280-0631023,3197134901654688896,HorBranch*
HE 2143-2828,6809900415674053504,HorBranch*
HE 1032-2247,5474706889937787136,HorBranch*
2MASS J06061718+2814541,3430592590674821760,HorBranch*
2MASS J06413347+0236064,3126888753026963200,HorBranch*
2MASS J03292538+5029461,441824286473398656,HorBranch*
BPS CS 29493-0086,6615829565329640576,HorBranch*
2MASS J05555298+1840113,3398567630888288512,HorBranch*
SDSS J233222.90+530422.3,1993976156725602048,HorBranch*
UCAC4 072-027086,5792498078581862400,HorBranch*
2MASS J07064540-1146493,3046141512439721984,HorBranch*
SDSS J163451.47+130845.9,4460437576869153792,HorBranch*
TYC 3041-541-1,1505068660640056064,HorBranch*
2MASS J06422833+1858031,3371650589807823744,HorBranch*
2MASS J11460301-1542194,3571694635851709312,HorBranch*
2MASS J06542531+1809183,3364525651380094720,HorBranch*
2MASS J05391300+4647427,209808194634139776,HorBranch*
2MASS J19592044+1857458,1822898473959309056,HorBranch*
2MASS J05395079+4427301,197144500742546048,HorBranch*
TYC 3547-1246-1,2129419844488288256,HorBranch*
2MASS J18575777+0333246,4280896227225491584,HorBranch*
2MASS J03441096+7100033,495209767886700288,HorBranch*
SDSS J011653.06+000138.9,2534598327518198272,HorBranch*
BPS CS 22951-0043,6564541647158840704,HorBranch*
SDSS J122416.23-023959.7,3693819797530161024,HorBranch*
2MASS J06481554+0254532,3126572746512301056,HorBranch*
2MASS J03573943+4712161,246613659183777024,HorBranch*
HE 1238-0842,3579144411244611968,HorBranch*
2MASS J02060309+6529363,518506873095710848,HorBranch*
HE 1447-1941,6280760685325978752,HorBranch*
2MASS J00031138+1610475,2772241346202727424,HorBranch*
HE 1509-0329,6336219124117611520,HorBranch*
HE 0951+0233,3846832061898286208,HorBranch*
[MDL2014] 242,2342903118077564288,HorBranch*
SDSS J025100.57+002835.5,2498228372657109632,HorBranch*
2MASS J05351639+5409376,264906607791236864,HorBranch*
UCAC4 226-076441,6107670166108506752,HorBranch*
TYC 3130-2201-1,2105404174073410560,HorBranch*
[LML2012] 2200028,5921754122930195456,HorBranch*
2MASS J04353262+3655212,175070563567215360,HorBranch*
SDSS J111640.46+081823.8,3818707928849396352,HorBranch*
GD 601,2322881286211765632,HorBranch*
2MASS J02462414+5635498,454771585647882624,HorBranch*
UCAC2  27497589,4342933117105252864,HorBranch*
SDSS J084324.69+360720.7,717635781865164416,HorBranch*
2MASS J06044650+2948165,3437691862378220672,HorBranch*
2MASS J23491579+7357108,2228957120319641344,HorBranch*
TYC 1929-871-1,873769624167003136,HorBranch*
2MASS J03345534-0610382,3247310977348121088,HorBranch*
HE 1135-0406,3792047829892878464,HorBranch*
HE 1251-0209,3682450224527318016,HorBranch*
2MASS J17211154+2342383,4570044253206865792,HorBranch*
SDSS J223955.77-091825.9,2609296398729989504,HorBranch*
HE 1410-1445,6298241855055000832,HorBranch*
SDSS J030955.79+043951.9,3560356089912320,HorBranch*
2MASS J07100865+3700018,945928407634425984,HorBranch*
TYC 2443-16-1,941939315026643328,HorBranch*
HE 1038-0047,3805967299207689472,HorBranch*
2MASS J06511998+0211102,3126183794275608960,HorBranch*
2MASS J04121018+2218327,52798793181428096,HorBranch*
2MASS J03471932+5928109,473296260632199424,HorBranch*
2MASS J16113117+3940295,1379188838552622592,HorBranch*
SDSS J155658.20+323338.4,1321788451770868864,HorBranch*
2MASS J16314798-1356211,4330256469589804416,HorBranch*
2MASS J04223369-4927395,4782512368328407168,HorBranch*
SDSS J075023.28+262202.2,874102402530634240,HorBranch*
2MASS J00291685+5545497,421269054032983040,HorBranch*
SDSS J164929.39+211254.1,4564816693891007744,HorBranch*
2MASS J05542065-0415383,3022934769044802944,HorBranch*
2MASS J02543291+5220567,440719174209150720,HorBranch*
2MASS J03305434+3051174,121317883921897344,HorBranch*
SDSS J111611.53+185047.9,3972089968427808512,HorBranch*
2MASS J16324691-1212324,4331083817728307968,HorBranch*
2MASS J19355174+4939368,2135068825993143040,HorBranch*
HE 1426-1942,6283369104863737088,HorBranch*
SDSS J130620.00+155540.8,3936496307431037824,HorBranch*
2MASS J16255236-1223446,4331406043355104896,HorBranch*
HE 1327-2737,6188428680987129984,HorBranch*
2MASS J01221235+6154513,510933192185618176,HorBranch*
2MASS J06231036-0053448,3118615924459773184,HorBranch*
2MASS J04572940+2136327,3412163637622616960,HorBranch*
BD+38  2164,755063600053228032,HorBranch*
SDSS J161935.35+223216.4,1301581493933186688,HorBranch*
2MASS J21091678+4814071,2165353258888593280,HorBranch*
2MASS J19444199+1622401,1820675020951669632,HorBranch*
2MASS J04425977+5710372,277855766687309824,HorBranch*
2MASS J12495031-0205387,3682700539517028096,HorBranch*
2MASS J00380406+1650301,2782422102321046272,HorBranch*
HE 1011-0219,3828757327688231040,HorBranch*
HE 2239-0930,2609308596437014400,HorBranch*
2MASS J00504861+6541585,524584900351784192,HorBranch*
2MASS J19444362+1408458,4317555598505692288,HorBranch*
2MASS J07361746+2154385,865483090361661568,HorBranch*
2MASS J05142225+2339054,3415860848551942912,HorBranch*
BD+40  2353,779439399179394944,HorBranch*
2MASS J06162227-0010331,3121694934972613120,HorBranch*
HE 1311-1216,3621520173494619904,HorBranch*
2MASS J04521919+5720204,277718602611926400,HorBranch*
SDSS J203417.10+133202.0,1756248209358566912,HorBranch*
2MASS J05464464+4505288,197236030789343744,HorBranch*
SDSS J081917.73+363932.9,904623436566549632,HorBranch*
2MASS J18504306+0535354,4282332537312396672,HorBranch*
2MASS J19144374+4224369,2102331451393654784,HorBranch*
2MASS J11065919+1217396,3964694004679442688,HorBranch*
BD-21  5344,4082582679347536256,HorBranch*
TYC 1372-2026-1,865552428314402176,HorBranch*
2MASS J07060582+0431152,3128489229639321088,HorBranch*
HE 1006-0053,3829981526511560960,HorBranch*
2MASS J05204724+3730172,187476632440045824,HorBranch*
2MASS J03513205+4807162,246947086084045696,HorBranch*
HE 1435-0320,3648150345119254912,HorBranch*
SDSS J185139.98+200447.5,4518713926536678784,HorBranch*
SDSS J162709.37+533116.9,1425329569133431168,HorBranch*
2MASS J02542395+6647377,516480095205398784,HorBranch*
HE 2130-4651,6563795869036220544,HorBranch*
SDSS J155313.10+435244.6,1396694124522362240,HorBranch*
GPM 220.572064-00.485617,3651381156958155136,HorBranch*
2MASS J06454902+0303277,3127247228179431296,HorBranch*
TYC 3551-1719-1,2129851093564171776,HorBranch*
2MASS J04005151+5114473,250843824011357568,HorBranch*
TYC  434-674-1,4469455638102256896,HorBranch*
SDSS J131841.66+141832.3,3743047578804957440,HorBranch*
SDSS J125712.46+101005.5,3735228294489450752,HorBranch*
2MASS J05421931+2251300,3403578105374592768,HorBranch*
SDSS J161414.96+033139.0,4436417306549477120,HorBranch*
Ton  1256,748302531255743488,HorBranch*
2MASS J03454411+4923148,248813472711308928,HorBranch*
2MASS J00261280+0019354,2543807531971029248,HorBranch*
UCAC4 689-068438,2128487011951417344,HorBranch*
2MASS J05345346+4602443,208219396037955968,HorBranch*
TYC 3807-547-1,1024596819629607808,HorBranch*
2MASS J06474629-2355182,2925229009005057536,HorBranch*
2MASS J00232976-4352433,4992543725164555776,HorBranch*
2MASS J06300371+0340371,3130370528392873600,HorBranch*
2MASS J05000655+4018041,200778558474211456,HorBranch*
2MASS J05034153+2122382,3409166265847005312,HorBranch*
2MASS J01331322+6258092,512399498325428736,HorBranch*
2MASS J00343003+6229510,430688020394410240,HorBranch*
2MASS J23140676+6554261,2208942538364586112,HorBranch*
2MASS J21475156+4131301,1960501288998302080,HorBranch*
EC 13021-3236,6180239067411378560,HorBranch*
2MASS J23344441+3055446,2871333285469712256,HorBranch*
2MASS J20343619+5310051,2181686057434419328,HorBranch*
PB  4084,1248081079190780672,HorBranch*
2MASS J06302119+0205342,3123971233282047744,HorBranch*
2MASS J19542951+0529492,4296486619220940416,HorBranch*
SDSS J075348.50+221255.1,674236198193860864,HorBranch*
PG 1546+036,4424403011709979904,HorBranch*
2MASS J05340484+4132393,194384451679826688,HorBranch*
HE 1429-0425,3642150447605335168,HorBranch*
[CWH2004] CSA94-061,2502428953751945216,HorBranch*
TYC 2884-208-1,203896361130712576,HorBranch*
HE 1249-1036,3625757622588544896,HorBranch*
2MASS J04202451+5419109,275619566195750912,HorBranch*
2MASS J03454439+3828484,223473509260759424,HorBranch*
2MASS J19221391+4507215,2127028990813290112,HorBranch*
HE 2356-1319,2421035067181230592,HorBranch*
UCAC4 668-070828,2105207670730020096,HorBranch*
HE 1352-1017,3613842043279677696,HorBranch*
HE 1227-0338,3681433592884293888,HorBranch*
SDSS J133931.61+412811.1,1500978168148728832,HorBranch*
2MASS J19571222+2035509,1826388804913573888,HorBranch*
SDSS J083245.28+532624.2,1028974112859856768,HorBranch*
2MASS J16413927+3238166,1312794382232548992,HorBranch*
2MASS J04310754+3611086,177931909434784000,HorBranch*
SDSS J164457.17+222110.7,4565923657285166848,HorBranch*
SDSS J022608.31+005114.5,2501300790397270656,HorBranch*
2MASS J05065483+4102150,201067145916108160,HorBranch*
2MASS J06332390-0219266,3117242978033649152,HorBranch*
UCAC4 693-063876,2131711084980910464,HorBranch*
HE 0410-3515,4870013393451865344,HorBranch*
NGC  5904   361,4421478929255526016,HorBranch*
2MASS J07422090+6457146,1089505212970049408,HorBranch*
BPS CS 22878-0001,4439374202551953536,HorBranch*
HE 1147-1748,3544009963856943744,HorBranch*
2MASS J23563766+5722213,1998107885204512640,HorBranch*
2MASS J05201601+4305398,207330475247222912,HorBranch*
2MASS J05374556+4712228,210573626526080000,HorBranch*
BPS CS 30312-0017,4417156783405252480,HorBranch*
2MASS J16570711+1059588,4447511000914352256,HorBranch*
TYC 3560-12-1,2128911217282486272,HorBranch*
TYC 3120-895-1,2099618195994138368,HorBranch*
2MASS J00041873+5609369,420874604236930816,HorBranch*
2MASS J07312357+6614278,1089864998087098496,HorBranch*
2MASS J16290421+4925369,1411627833185671552,HorBranch*
NGC  7789   593,1995063165712971264,HorBranch*
TYC 3512-362-1,1366291979474999296,HorBranch*
2MASS J05234299+4252135,195315287053393920,HorBranch*
TYC 3289-1076-1,358312495689916288,HorBranch*
[LML2012] 74430,5921750652596771968,HorBranch*
XEST 11-OM-131,152293806537731328,HorBranch*
UCAC4 653-084689,2075046756810799488,HorBranch*
2MASS J05360723+3949490,190945557264754432,HorBranch*
HE 0959-1504,5686385212113498752,HorBranch*
HE 0105-0741,2475271570597421440,HorBranch*
2MASS J07275225-1941410,2930312291781813632,HorBranch*
SDSS J023608.97+245328.0,102104532406064768,HorBranch*
SDSS J220121.33-002644.7,2680316191230451968,HorBranch*
2MASS J06165632+4505130,962414042601805824,HorBranch*
2MASS J21271325+4956450,2171161390389161728,HorBranch*
2MASS J05461805+4557250,197521839388324608,HorBranch*
SDSS J021913.02+002232.9,2501117923574171392,HorBranch*
SDSS J163001.40+161835.5,4465776294233332864,HorBranch*
2MASS J20443415+4350043,2067000569381032320,HorBranch*
SDSS J145230.06-004211.7,3650807211888673152,HorBranch*
2MASS J06444398+1834061,3359566269824738816,HorBranch*
NGC  6121   531,6045463375930617728,HorBranch*
TYC 3541-2336-1,2106521106088754048,HorBranch*
2MASS J03355715+6013448,450354538199292672,HorBranch*
2MASS J14304377-0533555,3641796198702824320,HorBranch*
SDSS J031614.71+412253.1,239378765293624448,HorBranch*
UCAC4 652-081366,2073537509621376256,HorBranch*
SDSS J074949.32+174826.1,668510319593769984,HorBranch*
TYC 3550-1382-1,2132740713199620608,HorBranch*
HE 1121-2856,3483066886187281152,HorBranch*
2MASS J07010180+0542260,3128863716426837376,HorBranch*
[KMP2016] 10464,4044841015017140352,HorBranch*
UCAC4 657-078380,2076868269624630400,HorBranch*
2MASS J15222100+3243420,1277332795775123712,HorBranch*
2MASS J06562351+3626343,940748131616844800,HorBranch*
2MASS J21003647+2903551,1846351847228108416,HorBranch*
2MASS J00554007+5901294,425977987459832064,HorBranch*
UCAC4 661-076579,2077680194542729472,HorBranch*
2MASS J21150747+4725512,2164452655786951552,HorBranch*
2MASS J18594347-3638250,6730893457181668096,HorBranch*
2MASS J14192028+0455482,3669654456096161152,HorBranch*
SDSS J201657.39-135028.6,6879297810052623104,HorBranch*
Gilmore F117 1-50,4722794490209558400,HorBranch*
2MASS J14492719+3125155,1283198346715486080,HorBranch*
2MASS J18465985-2954085,6761397517507927680,HorBranch*
2MASS J06363041+3355401,941419830143047424,HorBranch*
2MASS J06040686+1501570,3345549145836798208,HorBranch*
UCAC4 665-078901,2078007986445543552,HorBranch*
SDSS J151427.03+343619.4,1290542461613269632,HorBranch*
2MASS J01583059-5601506,4719426892251740928,HorBranch*
2MASS J07371886+1656209,3169070073513593216,HorBranch*
SDSS J160252.53+464356.2,1398792645544859136,HorBranch*
HE 2243-3923,6547235639078305408,HorBranch*
2MASS J05054967+3235084,181577615116764288,HorBranch*
SDSS J133217.59+535245.4,1560471844678538496,HorBranch*
2MASS J04322497+3515599,174816065280852096,HorBranch*
SDSS J120808.90+194029.0,3951035317188021888,HorBranch*
2MASS J05410633+2310338,3404340273091237888,HorBranch*
TYC 2426-875-1,941363377092782336,HorBranch*
SDSS J165406.23+230140.7,4566251414830202624,HorBranch*
2MASS J05504794-0354345,3023764561021959424,HorBranch*
SDSS J101538.66+351745.3,753388013052286720,HorBranch*
UCAC4 698-071234,2134878232525032192,HorBranch*
2MASS J16295974-1254567,4330659749837923712,HorBranch*
HE 0008-4938,4976743365119896832,HorBranch*
UCAC4 645-069326,2052866587923913088,HorBranch*
SDSS J125644.94+344742.8,1515913105169955840,HorBranch*
[BH2018] J287.686875-59.951222,6632375879594843392,HorBranch*
2MASS J00061380+7348435,537979464537938048,HorBranch*
2MASS J06192179+5626443,998043373302066944,HorBranch*
TYC 1442-662-1,3949945018265686912,HorBranch*
2MASS J00141503+7200035,537347348432921856,HorBranch*
2MASS J05225640+3848382,187689903336001792,HorBranch*
HE 0229-6115,4725501109879352448,HorBranch*
NGC  6705   160,4252500278700386048,HorBranch*
TYC 3545-2433-1,2131504857830540032,HorBranch*
2MASS J19175897-1344283,4185620697129611392,HorBranch*
2MASS J03261757+5550237,448470834261634816,HorBranch*
SDSS J023009.47-010509.3,2499704707535475456,HorBranch*
2MASS J06125090+1526093,3345775920109832064,HorBranch*
NGC  5904   901,4421572623969329536,HorBranch*
BPS CS 22892-0013,6839676702382818304,HorBranch*
SDSS J093034.10+224316.0,638292755059534336,HorBranch*
2MASS J06071982+2140078,3423461703714671232,HorBranch*
2MASS J02421291+5642284,454820135957701888,HorBranch*
2MASS J02221294+5537498,455971462073915392,HorBranch*
HE 1208-2013,3517741531556917376,HorBranch*
HE 1051-2143,3549765563630197120,HorBranch*
SDSS J132453.36+241836.2,1446338143963734144,HorBranch*
SDSS J110131.78+521537.0,836517521680206080,HorBranch*
HE 2111-0512,6911645854454380160,HorBranch*
BD+08  4398,1753307668590290304,HorBranch*
HE 1400-1220,6302732604140125952,HorBranch*
2MASS J11494752-1103226,3587235781737465600,HorBranch*
2MASS J20190672+5948360,2236652670923365376,HorBranch*
SDSS J100744.05+035629.7,3836953117426002432,HorBranch*
SDSS J075427.69+263718.6,874169880759458048,HorBranch*
TYC  782-85-1,3149975606692209664,HorBranch*
HE 1418-0614b,3639959911205424640,HorBranch*
TYC 3139-237-1,2052513129301356416,HorBranch*
TYC 3556-3767-1,2126461539734653184,HorBranch*
UCAC4 671-067431,2117289207575042304,HorBranch*
[LML2013] 30012906,6816582315340193920,HorBranch*
2MASS J06000222+3219417,3450292128190790656,HorBranch*
2MASS J00135903+2148270,2800422860014515968,HorBranch*
SDSS J142108.78+282404.9,1259863823751015424,HorBranch*
2MASS J04170783+5505110,276466052711595136,HorBranch*
2MASS J06483657+2044333,3377896842348320768,HorBranch*
SDSS J083058.86+145133.4,651780704716733440,HorBranch*
2MASS J07505011-1656409,5718642271940658432,HorBranch*
2MASS J12202966-0002290,3698213549074573056,HorBranch*
HE 2355-4959,6523660464808338560,HorBranch*
SDSS J120511.13+131551.7,3920008782679702656,HorBranch*
TYC 3129-2929-1,2102239539093118464,HorBranch*
2MASS J04035512-0316055,3252010221326365440,HorBranch*
2MASS J03501802+5000153,250344680091301376,HorBranch*
SDSS J183134.43+404052.6,2110339228935073280,HorBranch*
2MASS J16204491+3029533,1319029712673876480,HorBranch*
Cl* NGC 6121    ALC     176,6045462585656563456,HorBranch*
SDSS J014249.01+010727.9,2510412507680792320,HorBranch*
HE 2304-5447,6499958052129173632,HorBranch*
BPS BS 16477-0042,1158900275177344896,HorBranch*
2MASS J21025947+3921576,1872229574953713024,HorBranch*
SDSS J080149.69+473445.6,932908059658542464,HorBranch*
SDSS J100038.87+423247.8,807219213291601920,HorBranch*
2MASS J16590942+0939350,4444159998711188224,HorBranch*
UCAC4 675-072228,2126635808025743104,HorBranch*
2MASS J05443756+1132091,3340045540383227776,HorBranch*
TYC 5503-871-1,3758344706125175040,HorBranch*
HE 2321-0443,2633738787029166464,HorBranch*
TYC 4543-525-1,1139056078865318784,HorBranch*
SBSS 1314+589,1566821185026317824,HorBranch*
2MASS J03103702-5013136,4749331581302726656,HorBranch*
2MASS J21531493+5901534,2202502114651259776,HorBranch*
2MASS J06161835-0211014,3118057269473724032,HorBranch*
2MASS J06512458-1032057,3050073537819117568,HorBranch*
2MASS J00580521+6551352,525906380189881344,HorBranch*
2MASS J21412718+5923022,2203457315375003776,HorBranch*
2MASS J06512248-0829160,3050995684479071744,HorBranch*
HE 1946-6410,6440773879530219392,HorBranch*
2MASS J17582306-0059158,4179128321477543040,HorBranch*
SDSS J112354.84-111504.2,3589653607806424192,HorBranch*
SDSS J012446.79-000527.3,2533973981007580928,HorBranch*
CRTS J103459.4-240224,5471249956660265472,HorBranch*
HE 0119-1037,2470499930651271680,HorBranch*
TYC 3129-1649-1,2102593268297519104,HorBranch*
TYC 3562-2234-1,2085642338053660672,HorBranch*
TYC 8285-1235-1,6091506902806438528,HorBranch*
[TGC2005]  35,4904923780986602496,HorBranch*
SDSS J205003.93-060503.9,6913243513569277440,HorBranch*
SDSS J160752.95+072936.7,4451260129408135168,HorBranch*
2MASS J14233696-0535553,3641574677174094336,HorBranch*
2QZ J134958.3+002525,3662264702870419712,HorBranch*
CRTS J093307.7-111048,5739961802394852096,HorBranch*
2MASS J17044584-2157244,4115537924748168576,HorBranch*
2MASS J01285384+1601374,2592267063855161344,HorBranch*
HE 1053-2241,3549095720530952576,HorBranch*
2MASS J16465542+4658485,1408514909609404288,HorBranch*
2MASS J07062515-2134407,2929101488965767168,HorBranch*
2MASS J05363488+4644538,209795515890790144,HorBranch*
2MASS J14525336+3704472,1294405806172176384,HorBranch*
HE 2340-5934,6488548832284443008,HorBranch*
TYC 5523-1193-1,3572760818533179392,HorBranch*
2MASS J04341227+4012223,179765688673122560,HorBranch*
2MASS J19325445+3955253,2053246434833463552,HorBranch*
2MASS J07112871+0519583,3140647354340845824,HorBranch*
2MASS J05351087+5331170,264641080029367808,HorBranch*
2MASS J04292689+5539191,277281306221841408,HorBranch*
SDSS J094050.05+151014.7,618040781668028416,HorBranch*
2MASS J08500782-1516240,5733541857080521216,HorBranch*
2MASS J06164862+1651177,3369957337602204928,HorBranch*
2MASS J04522301+3836271,198720680724626176,HorBranch*
UCAC4 360-071091,6282203175861945472,HorBranch*
2MASS J05283904+3451080,182862669333140096,HorBranch*
HE 0204-3659,4967730943182671744,HorBranch*
* g Boo,1603662211901473408,HorBranch*
HE 2230-6058,6407239054057158656,HorBranch*
HE 1229-0651,3583377187414219520,HorBranch*
2MASS J01045177+1738537,2785195551682539648,HorBranch*
HE 1012-0330,3780563396580677632,HorBranch*
2MASS J12270417+2542495,4008381793539524352,HorBranch*
2MASS J08112592+7906599,1138954584494529152,HorBranch*
2MASS J16562741+0931043,4444251567413363328,HorBranch*
Cl* NGC 5904     SB  4-438,4421572349086910080,HorBranch*
TYC 3542-221-1,2130531931778504320,HorBranch*
2MASS J06004474+1730565,3350169637294099712,HorBranch*
2MASS J05385606+2210144,3403412800673402752,HorBranch*
2MASS J07180138+2915103,885460422068097664,HorBranch*
2MASS J05251471+3811340,184631371224178688,HorBranch*
TYC 1938-1297-1,876051183811044224,HorBranch*
CRTS J024342.0-033611,5185706443328276864,HorBranch*
2MASS J22420908+5218332,2002008883743005696,HorBranch*
SDSS J232822.56+000259.4,2644543580421189120,HorBranch*
BD+36  3577,2051722065040541440,HorBranch*
2MASS J18025601-0839025,4170500556822430080,HorBranch*
SDSS J155222.39+054754.9,4426829943112491776,HorBranch*
2MASS J05483490+1152504,3337163892205862272,HorBranch*
2MASS J06351151+1628582,3357357999500203648,HorBranch*
2MASS J05220064+3730478,184471529721362560,HorBranch*
SDSS J111527.69+131551.1,3965090649204048128,HorBranch*
2MASS J04430975+4606466,253291096374420480,HorBranch*
2MASS J03075682+5330137,447036624424100736,HorBranch*
HE 1108-0342,3790078570207691392,HorBranch*
SDSS J161503.41+385835.0,1378929834844676992,HorBranch*
SDSS J150643.59+010227.0,4420077219431894272,HorBranch*
2MASS J19491292+3221525,2034660255951231872,HorBranch*
2MASS J18072259+0207292,4468298264678034432,HorBranch*
2MASS J16073933+2446066,1315054462743667840,HorBranch*
SDSS J011637.08-010002.5,2533671026899213824,HorBranch*
BPS CS 22880-0050,6857866438638553728,HorBranch*
TYC 5455-1380-1,5734040726121382144,HorBranch*
2MASS J21571974+3828143,1956044830929432192,HorBranch*
2MASS J04573824+2203311,3412369319313020800,HorBranch*
HE 2232-4945,6516972547892107904,HorBranch*
SDSS J014334.67-100552.3,2463942786899739264,HorBranch*
SDSS J160651.67+055154.8,4449882097740947840,HorBranch*
2MASS J22042690+6356134,2206050612327267456,HorBranch*
2MASS J02165638+5448054,455839108360576128,HorBranch*
2MASS J07043028+3810157,947030255724725504,HorBranch*
SDSS J125256.88+612116.4,1580264737604914048,HorBranch*
SDSS J031118.25-002918.4,3265639350851437312,HorBranch*
2MASS J03303409+3015399,120735898673664128,HorBranch*
GES J05140201-4001283,4819197779950725888,HorBranch*
2MASS J18401577-1045423,4107096497332136576,HorBranch*
Cl* Terzan    7    KHG       7,6743705108403176448,HorBranch*
UCAC4 673-068745,2117405442271063040,HorBranch*
2MASS J19412684+2457588,2021567993039711104,HorBranch*
2MASS J06375812+1001244,3326965921857856000,HorBranch*
2MASS J01101968-1835563,2357783393049853568,HorBranch*
2MASS J06493334-0347402,3105410063958043392,HorBranch*
2MASS J00072710+5724418,422541463864432768,HorBranch*
SDSS J200037.80+764114.4,2288952728202501248,HorBranch*
2MASS J15324012+6228426,1639723581951688576,HorBranch*
2MASS J04030390+4541535,245491504488161152,HorBranch*
HE 1308-2108,3504876382222334592,HorBranch*
2MASS J04420759+5157176,260504614208458368,HorBranch*
HE 2157-0314,2676357090377624064,HorBranch*
2MASS J15212798+4014032,1389128281931946752,HorBranch*
2MASS J06133221+1021023,3329995316912127232,HorBranch*
HE 0329-1019,5163893988059771136,HorBranch*
SDSS J125520.42+250619.7,3958174347404005376,HorBranch*
2MASS J16014701+0502183,4425780321823699712,HorBranch*
2MASS J05503828-4428113,4801894421863399552,HorBranch*
2MASS J16581140-2111389,4126394713033073664,HorBranch*
2MASS J16573691-2034156,4128680868267814656,HorBranch*
HE 1146-0108,3794415383369971584,HorBranch*
2MASS J01034275+6657141,526384255432300160,HorBranch*
2MASS J06463516+0209563,3126413901443529728,HorBranch*
TYC 2565-1060-1,1288808261195303296,HorBranch*
2MASS J04421444+2755463,157681443576991104,HorBranch*
[GLS2013] 47 Tuc  57220,4689639129397766016,HorBranch*
SDSS J110010.98+275612.3,730614412821818880,HorBranch*
2MASS J07352732+3721008,899036130792322048,HorBranch*
UCAC4 640-068004,2052548966502102656,HorBranch*
TYC 3627-254-1,1936253312391995136,HorBranch*
2MASS J22191670+5214286,2001213661964444544,HorBranch*
BPS CS 22872-0021,4357150111686436736,HorBranch*
2MASS J05183605+3737361,187161897236424960,HorBranch*
2MASS J10390117+6249354,1049259105959367552,HorBranch*
2MASS J23584877+5520436,1993895827956741504,HorBranch*
2MASS J06282445+1752092,3369796813203302656,HorBranch*
2MASS J05173470+1723464,3394443328410199936,HorBranch*
SDSS J125432.22+190119.6,3941174725111900544,HorBranch*
TYC 3565-961-1,2134895927791971072,HorBranch*
2MASS J19564841+2108175,1826843796561937408,HorBranch*
US 3421,2497952738835460608,HorBranch*
2MASS J04295217+3642446,178005645433220864,HorBranch*
2MASS J18571914-0708213,4205609852935372032,HorBranch*
2MASS J03242904+3052263,123913521637683712,HorBranch*
2MASS J04171811+5602414,276754502718399360,HorBranch*
TYC 3547-2332-1,2129130256315409920,HorBranch*
NGC  5272  1311,1454906466282174976,HorBranch*
TYC 2666-485-1,2052528934774331008,HorBranch*
TYC 3503-768-1,1407901897516712576,HorBranch*
2MASS J07305670-1159092,3034110931087987200,HorBranch*
2MASS J03402525-4319315,4848689155705239296,HorBranch*
2MASS J19435875+2444146,2020816339406262912,HorBranch*
2MASS J06483989+1835136,3359384678606436736,HorBranch*
2MASS J06332570+5057354,992215377559665024,HorBranch*
2MASS J19501861+4916459,2087157155835695616,HorBranch*
2MASS J18522736+2959271,2041481660414415872,HorBranch*
HE 1357-0856,3615542025695013888,HorBranch*
UCAC4 667-077583,2078018637964922624,HorBranch*
2MASS J15062190+0347459,1156308451392702976,HorBranch*
2MASS J03401288+7940456,555967337327409408,HorBranch*
2MASS J17544308+7505104,1652811790412651776,HorBranch*
2MASS J05052834+3235315,181624408782725504,HorBranch*
BPS BS 16557-0036,3783985145486353792,HorBranch*
2MASS J12224040-0252138,3693482762856593280,HorBranch*
2MASS J09033352+0306013,577542328148330240,HorBranch*
TYC 2959-1271-1,896136886131640960,HorBranch*
2MASS J06470560-2558491,2920243376606532352,HorBranch*
SDSS J020817.20+055509.2,2519390226280174592,HorBranch*
SDSS J170300.54+221833.5,4571173176771723904,HorBranch*
2MASS J11261781+0655115,3814540298743876608,HorBranch*
2MASS J07073858+3646192,945875841530936448,HorBranch*
2MASS J05225242+3825530,187628330685380736,HorBranch*
SDSS J143345.37+092856.1,1176217583314743552,HorBranch*
2MASS J06254870+1951301,3372473849140213888,HorBranch*
2MASS J16094256+3113095,1321979496212695168,HorBranch*
SDSS J053131.64-010151.3,3220642735133844864,HorBranch*
2MASS J15160320+0119099,4419925177589421696,HorBranch*
HD 112519,3499199264386338304,HorBranch*
SDSS J134400.16+160637.2,3742202359305628928,HorBranch*
SDSS J083223.22+433459.2,916862852114276096,HorBranch*
2MASS J04382303+4112079,203933710167183360,HorBranch*
UCAC4 653-071027,2100576351658133120,HorBranch*
2MASS J07373548+3643544,895953993541443328,HorBranch*
2MASS J01073804+5817297,413723792929016064,HorBranch*
2MASS J00310650+5204503,415962604754782720,HorBranch*
2MASS J16350484+4134489,1356846826699742080,HorBranch*
SDSS J184821.69+181650.2,4512245194692654080,HorBranch*
2MASS J05471499+4551349,197505754734823168,HorBranch*
2MASS J16465629+3505293,1326980453052491008,HorBranch*
SDSS J151511.97+540911.5,1599335526270342400,HorBranch*
2MASS J04353899+3557198,174944188450068992,HorBranch*
SDSS J112909.60+681052.7,1060839437301093504,HorBranch*
2MASS J04162093+5519134,276519928781975424,HorBranch*
2MASS J06130921+4306123,960374242373771392,HorBranch*
SDSS J111347.25+602212.3,861076965015293568,HorBranch*
2MASS J00364063+4944452,391496684330223488,HorBranch*
2MASS J11501304+2626379,4005849961857604864,HorBranch*
2MASS J03553892+4858563,250090899064654720,HorBranch*
EC 20074-4224,6686319496304956416,HorBranch*
SDSS J124815.87+304008.3,1465310968720081152,HorBranch*
2MASS J09110236-6450356,5296796906316955520,HorBranch*
2MASS J23210628+6214540,2015008512793418880,HorBranch*
2MASS J06060838+0952387,3329722053913585792,HorBranch*
2MASS J05161251+2320271,3415649299938634880,HorBranch*
HE 1408-1928,6290005447811291136,HorBranch*
SDSS J170057.58+231611.9,4571469834453675136,HorBranch*
2MASS J22492850+5258431,1990406218572724096,HorBranch*
2MASS J21053838+3941297,1872343168246591488,HorBranch*
2MASS J22415777+6406214,2211301849797120896,HorBranch*
HE 1200-2631,3486765127906976000,HorBranch*
2MASS J04354687+5255051,272847697382277376,HorBranch*
KOI-1054,2102124051713462656,HorBranch*
HE 0320-5017,4737527976084732032,HorBranch*
SDSS J161022.47+111852.4,4456591558211463168,HorBranch*
SDSS J103539.30+380502.7,755023540893807488,HorBranch*
TYC 3119-579-1,2100207190629268864,HorBranch*
UCAC4 297-057197,5631697187377470208,HorBranch*
TYC 3564-2191-1,2129026833501886080,HorBranch*
2MASS J08384696+1458089,657567606212144256,HorBranch*
2MASS J03401478+3238285,217515771144217344,HorBranch*
2MASS J16140969+2240283,1205754691885751296,HorBranch*
2MASS J00045985+7056357,531229184698716416,HorBranch*
HE 1451-0338,6337677145255515520,HorBranch*
2MASS J05095922+4752131,213102297113110144,HorBranch*
TYC 3564-2376-1,2134802194424928128,HorBranch*
2MASS J04314552+4254593,252315142367034112,HorBranch*
SDSS J134110.09+090001.2,3724981262730545152,HorBranch*
UCAC4 655-082475,2075114449813610752,HorBranch*
2QZ J123552.5+002557,3696179826223847296,HorBranch*
2MASS J04574843+4039313,201557631180414720,HorBranch*
SDSS J073849.91+385538.7,899281420668239616,HorBranch*
SDSS J094421.70+243329.2,644764098248107776,HorBranch*
UCAC4 684-068366,2128373659173668736,HorBranch*
TYC 2498-29-1,718589573840968320,HorBranch*
HE 1252-0051,3688791760920092160,HorBranch*
2MASS J13303209-0142351,3638406438714167936,HorBranch*
2MASS J21563517+4740264,1976078516910945664,HorBranch*
2MASS J03285406+4510315,241852017921111424,HorBranch*
HE 1345+0102,3662526219134079872,HorBranch*
TYC 3564-1163-1,2135099234362120448,HorBranch*
2MASS J05490074+1316477,3346409548045588864,HorBranch*
SDSS J162134.95+320641.9,1325465703987176192,HorBranch*
SDSS J122415.24+154758.8,3945392971408128768,HorBranch*
2MASS J05500897+2847172,3443241578598690560,HorBranch*
2MASS J06304561-0040362,3119163962284854272,HorBranch*
2MASS J15375921+4720259,1401100249867700608,HorBranch*
HE 2140-0141,2674869455439931648,HorBranch*
2QZ J135920.6-010301,3659557980120111488,HorBranch*
UCAC4 648-074128,2052420873402007936,HorBranch*
TYC 3556-3475-1,2079888563645692160,HorBranch*
SDSS J081720.85+152442.5,655435614510316416,HorBranch*
TYC 2430-185-1,942440825471544960,HorBranch*
UCAC4 600-027310,3443759860893260160,HorBranch*
2MASS J09202064+2233578,639036643395426560,HorBranch*
SDSS J124215.58-032951.2,3682080655477368704,HorBranch*
HE 1049-1629,3557287734992397440,HorBranch*
TYC 3329-134-1,232696109716751616,HorBranch*
2MASS J19243319+4744285,2129196849785839872,HorBranch*
Cl* NGC 5904     SB  4-15,4421479101054126208,HorBranch*
TYC 3543-646-1,2127816099398726912,HorBranch*
2MASS J04311936+4702195,256966832467414784,HorBranch*
2MASS J05013056-2923597,4876924717386569216,HorBranch*
2MASS J00223674+6207363,430485916417549568,HorBranch*
LB   427,2768463355529892608,HorBranch*
2MASS J05132060+2344474,3415911533461743744,HorBranch*
TYC 3561-1571-1,2086400077667073152,HorBranch*
TYC 2639-1218-1,2041897207083430784,HorBranch*
SDSS J110906.60+390120.6,764928280938736384,HorBranch*
BPS CS 22941-0018,6551597577799080960,HorBranch*
SDSS J001942.02-095152.4,2428170382248462336,HorBranch*
2MASS J22425069+0626160,2706561533785152256,HorBranch*
SDSS J074515.72+285407.9,878412415095367552,HorBranch*
HE 1312-2246,6194545298531782784,HorBranch*
2MASS J00123603+7354022,537948987450254080,HorBranch*
BPS CS 30494-0002,5093625574318718976,HorBranch*
CoRoT 100614937,4288575323837440640,HorBranch*
TYC 3142-1380-1,2101642023243153024,HorBranch*
TYC 3141-238-1,2073601659254769792,HorBranch*
2MASS J21512597+4251559,1960725795530890624,HorBranch*
2MASS J19291931-0912187,4206387894791801856,HorBranch*
UCAC4 668-075175,2126074820879870080,HorBranch*
TYC 3143-776-1,2077405106172626944,HorBranch*
TYC 3064-532-1,1384871939278116352,HorBranch*
HE 2153-0624,2668514342655963648,HorBranch*
HE 2334-5843,6489386488346270592,HorBranch*
2MASS J07024087-0323240,3108618683708057216,HorBranch*
2MASS J00035195-2502253,2336345630727583616,HorBranch*
2MASS J19430881+4544039,2080005141938797440,HorBranch*
2MASS J07532583-1638043,5719020911957694208,HorBranch*
2MASS J00095272+7119393,531310789077638272,HorBranch*
PSO J247.3233-07.3455,4351031363839243008,HorBranch*
HE 0011-3750,2308248985469130368,HorBranch*
2MASS J23280628+5605451,1996989716238019456,HorBranch*
2MASS J18285944+0436539,4284265852410651904,HorBranch*
UCAC4 646-070525,2052726537633617280,HorBranch*
2MASS J18361781-2355379,4077494586299793408,HorBranch*
2MASS J05302126+2625227,3441951370422231424,HorBranch*
SDSS J161232.41+065319.9,4450246207888105600,HorBranch*
SDSS J145633.98+095810.5,1174021961673382912,HorBranch*
UCAC4 617-046032,793611485587328640,HorBranch*
2MASS J02071501+1133026,73280186544060800,HorBranch*
2MASS J07401077+2112253,673220494263581696,HorBranch*
2MASS J07373707-1959572,5716246333025737216,HorBranch*
TYC 1340-494-1,3376316534901555200,HorBranch*
2MASS J18052434-0723109,4171029731157885312,HorBranch*
2MASS J11563972+3404535,4028220797235329280,HorBranch*
HE 1432-0624,6331588633976140160,HorBranch*
2MASS J14364484+7047424,1698072533733772544,HorBranch*
2MASS J04141450+5519271,276698736862731776,HorBranch*
TYC 1190-749-1,2794627471663329920,HorBranch*
HE 0121-0329,2484885734629667456,HorBranch*
2MASS J06503934+4229043,951847147446336768,HorBranch*
UCAC2  30934031,2627776440414195968,HorBranch*
2QZ J143609.4-010201,3649951272151079424,HorBranch*
2MASS J19461859+3931558,2073290325658417152,HorBranch*
2MASS J01163724-4937529,4928874305336255104,HorBranch*
SDSS J133903.83+084442.5,3724879794128161792,HorBranch*
2MASS J04365599+3524059,174726833041214336,HorBranch*
UCAC4 683-069727,2127711650094478976,HorBranch*
TYC 3140-2997-1,2076281031643396608,HorBranch*
2MASS J11484033-1219443,3573591637007219072,HorBranch*
2MASS J19321045-0817127,4206590239289285120,HorBranch*
HE 1343-0942,3617067078387144832,HorBranch*
2MASS J01320122+6709459,531472073691659776,HorBranch*
2MASS J06002508+1619460,3348906534653421696,HorBranch*
TYC 3446-561-1,831883870442250496,HorBranch*
SDSS J204949.87+153206.3,1762812259414783872,HorBranch*
2MASS J04373130+2747227,151893996621093120,HorBranch*
2MASS J05265089+3536154,183329515098814464,HorBranch*
2MASS J04080844+5120543,250705491705557632,HorBranch*
SDSS J072652.74+311046.0,892025197976850304,HorBranch*
HE 2205+0057b,2682126129104000256,HorBranch*
CRTS J225955.9-541725,6512205267336619776,HorBranch*
TYC 1722-142-1,2773347695418838400,HorBranch*
2MASS J14020551+2819096,1452705140922057088,HorBranch*
2MASS J17115157+4806506,1366056409109159168,HorBranch*
SDSS J231705.47+532126.3,1995731531337359744,HorBranch*
2MASS J07012280+3703394,940874742955957760,HorBranch*
HE 1411-1446,6298242366155734016,HorBranch*
UCAC4 683-066446,2107494135221479168,HorBranch*
2MASS J06564073+0825373,3157258329336092160,HorBranch*
NGC  1817   212,3394739814296219520,HorBranch*
2MASS J20401246+3330268,1863974235487058816,HorBranch*
SDSS J204828.37+155743.6,1763026591165990656,HorBranch*
2MASS J13102096+1414541,3743925951156670080,HorBranch*
2MASS J06282359+1644125,3369388207195728128,HorBranch*
EC 14171-1842,6284149208363746176,HorBranch*
SDSS J114037.32+572248.5,845747921794015872,HorBranch*
UCAC4 641-071288,2052239350902939264,HorBranch*
2MASS J05171363+2317371,3415640636987209088,HorBranch*
UCAC4 051-009692,5199767032386921600,HorBranch*
TYC 3542-1638-1,2130389094048268416,HorBranch*
2MASS J18352767-1307217,4104708284966360704,HorBranch*
EC 15001-1646,6305942250381045888,HorBranch*
2MASS J14073731+2802218,1260405367587425536,HorBranch*
TYC 3556-3318-1,2080475183158818560,HorBranch*
2MASS J04371147-4710463,4789864901366064768,HorBranch*
2MASS J06442347+2044251,3378028753681026816,HorBranch*
TYC 3143-414-1,2077414147091460096,HorBranch*
2MASS J20284601+4359216,2070605215172112768,HorBranch*
2MASS J07591857+8010212,1139340719235197056,HorBranch*
SDSS J145744.18-012545.4,6340803396115035008,HorBranch*
2MASS J12234101+2152036,3952828728027609600,HorBranch*
2QZ J142449.1-015534,3652496332331572992,HorBranch*
2MASS J20412081+5330302,2183166236296416640,HorBranch*
2MASS J19422336+3836119,2073141651071346944,HorBranch*
2MASS J02303812-5450335,4740012670501345664,HorBranch*
2MASS J00221996+5407397,419717162089321344,HorBranch*
2MASS J06204385+2423182,3425730790773599360,HorBranch*
UCAC4 443-066392,4382167059235500160,HorBranch*
SDSS J090850.16+561539.3,1036404784239122304,HorBranch*
SDSS J233038.16+141131.2,2813190079799710592,HorBranch*
2MASS J04362123-3910251,4864565416415998848,HorBranch*
SDSS J105130.53+282055.7,731401422629417856,HorBranch*
2MASS J16134656+4515468,1385805798311648256,HorBranch*
BPS CS 22871-0102,6280423444493880064,HorBranch*
2MASS J06184325+0005558,3121797326993147392,HorBranch*
2MASS J19052564+4513135,2106424658302558976,HorBranch*
2MASS J17021057+3716522,1339602502942799488,HorBranch*
2MASS J06545355+1740319,3364287366594248576,HorBranch*
SDSS J154944.81+371333.0,1376042100696829440,HorBranch*
2MASS J06235809+0416285,3125420664485268736,HorBranch*
SDSS J011334.36+144839.4,2591132878956258176,HorBranch*
Cl* NGC 5904     SB  4-360,4421572074213411840,HorBranch*
SDSS J080744.61+202511.4,670625986123308928,HorBranch*
UCAC4 708-064134,2133364205011587456,HorBranch*
2MASS J16231963+4616164,1409935371256468608,HorBranch*
Ton  163,1448411410577062528,HorBranch*
CoRoT 110685713,3102125376047681920,HorBranch*
HE 1155-2634,3487174451174148352,HorBranch*
UCAC4 654-074876,2076570061452838528,HorBranch*
TYC 6013-1836-1,5733565084263462400,HorBranch*
HE 1524-0352,4401663874295948928,HorBranch*
2MASS J04373929+3709409,175443160570265984,HorBranch*
2MASS J16244063-1244048,4331367663526804352,HorBranch*
2MASS J07171343+0525523,3140795685331365248,HorBranch*
NGC  5904   411,4421477761024255360,HorBranch*
HE 1346-1222,3613062111578583296,HorBranch*
TYC 3128-827-1,2105589196967459456,HorBranch*
PHL  5407,2623405679830333952,HorBranch*
2MASS J16260750+3057107,1318356948996386304,HorBranch*
2MASS J03300792+5719191,449429780197514240,HorBranch*
[CWH2004] CF789-020,3681946996094892288,HorBranch*
TYC 3129-2471-1,2102651477996658944,HorBranch*
2MASS J16440744+3629107,1328140128582515072,HorBranch*
2MASS J05323890+4122390,194333972929013888,HorBranch*
2MASS J04345678+4830115,257667324454480384,HorBranch*
2MASS J06512821+1959414,3365790364630904320,HorBranch*
2MASS J20414978+2046547,1817404935883103488,HorBranch*
SDSS J103358.32+242716.9,724275526424317440,HorBranch*
KOI-5262,2073902955482573952,HorBranch*
2MASS J15145170-0007167,4418928573377679232,HorBranch*
TYC 3132-1876-1,2105694720022468608,HorBranch*
SDSS J022850.00+222436.8,89360681539342336,HorBranch*
SDSS J204649.29-064259.4,6913101710928757888,HorBranch*
SDSS J145438.18-001433.8,3650862973448138112,HorBranch*
2MASS J14202062+5925407,1612143672798570368,HorBranch*
2MASS J03120672-3120131,5057778231078200576,HorBranch*
TYC 3551-2419-1,2129752476815344128,HorBranch*
SDSS J071827.47+320123.8,887149787324627712,HorBranch*
HE 2121-4433,6576986293422404096,HorBranch*
2MASS J20304402+5227449,2181560987988253440,HorBranch*
TYC 5502-1640-1,3757561162356020736,HorBranch*
2MASS J06461010+0253200,3127229940928658176,HorBranch*
2MASS J06132796+2348471,3425266075312099584,HorBranch*
Cl* NGC 6341    CUD      30,1360215459745632128,HorBranch*
2MASS J06434890+0009083,3119511506743497344,HorBranch*
SDSS J114919.31+185044.4,3974906818434282752,HorBranch*
HE 0430-0517,3201219175035017600,HorBranch*
2MASS J16324671-1309076,4330459054608450688,HorBranch*
TYC 3139-983-1,2076254398534673792,HorBranch*
SDSS J033501.51+010017.6,3264759878987854080,HorBranch*
TYC 3556-3625-1,2079881000202111104,HorBranch*
SDSS J122340.86-024922.3,3693440912694488576,HorBranch*
2MASS J05374084+6122292,283133800457148416,HorBranch*
2MASS J14014352+3230592,1457634388992459008,HorBranch*
2MASS J05333531+5448514,268000564791600000,HorBranch*
HE 1437-0305,3648175565167282944,HorBranch*
2MASS J13582371+5826288,1658414558069268736,HorBranch*
TYC 1441-652-1,3974627920437781632,HorBranch*
2MASS J22471916+0508341,2705413510502340736,HorBranch*
2MASS J00035749-5933567,4918018208559308800,HorBranch*
GES J06362589+0930599,3326787040763604608,HorBranch*
SDSS J073816.68+385344.8,899282760698009088,HorBranch*
2MASS J05031448+3547390,185965766022881152,HorBranch*
2MASS J00535275+6532573,524572913105811712,HorBranch*
2MASS J18583439+3037492,2041864462260120448,HorBranch*
2MASS J01472722-2442324,5038069141551702016,HorBranch*
2MASS J07044660+0337037,3116315162018892800,HorBranch*
2MASS J18160783-1441421,4146257867308175872,HorBranch*
2MASS J00472351-3614396,5002660400371383424,HorBranch*
SDSS J120743.02+201610.6,3951644794522790144,HorBranch*
2MASS J11001951-0029164,3804468153758071424,HorBranch*
2MASS J01295668+1903121,2594045283394975744,HorBranch*
[LML2012] 53805,5921749106402114560,HorBranch*
2MASS J04452492+5228279,272643944134152320,HorBranch*
2MASS J03350724+3218352,121524935705612160,HorBranch*
TYC 3540-601-1,2106810689963568384,HorBranch*
2MASS J19300608+4620414,2128263536213104768,HorBranch*
SDSS J131726.62-025632.5,3636612963450412672,HorBranch*
HE 2214-1640,2598654711016434304,HorBranch*
HE 1528+0226,4421039846157502208,HorBranch*
2MASS J21094967+4754447,2165275983833443456,HorBranch*
2MASS J23211857+6217188,2015008822031056640,HorBranch*
BD+26  2832,1303401666713760896,HorBranch*
SDSS J101337.63+325842.1,746333963060694912,HorBranch*
SDSS J134742.89+195312.6,1248498683155170560,HorBranch*
2MASS J19133167-0543357,4212004887391855360,HorBranch*
2MASS J17405599+4801134,1363694623772837248,HorBranch*
2MASS J18325180+1606475,4510239994711944960,HorBranch*
UCAC4 444-064596,4382160526588139008,HorBranch*
2MASS J12222534-0048382,3695090485078397696,HorBranch*
SDSS J163111.55+161631.5,4465784604993290880,HorBranch*
TYC 3141-2548-1,2073801353736188416,HorBranch*
2MASS J06294082+3518119,942542156635933568,HorBranch*
HE 1401-2036,6289505960294640896,HorBranch*
2MASS J04331216+4208370,204183093147445760,HorBranch*
2MASS J05195019+2528239,3417651854210238592,HorBranch*
2MASS J19091776+2738444,2036600687792657408,HorBranch*
BPS CS 22964-0221,6693784772237879808,HorBranch*
BPS BS 16026-0008,4013515928725258240,HorBranch*
2MASS J03233349+0858494,11173756853352448,HorBranch*
2MASS J05300207+5402120,263441478483604096,HorBranch*
2MASS J12505503+1231042,3928154587589267968,HorBranch*
2MASS J16284941-1303116,4330558285530747392,HorBranch*
HE 1333-2431,6191458660155203968,HorBranch*
2MASS J06320726+0541443,3131984096068956032,HorBranch*
2MASS J05212893+4254563,207316460769805056,HorBranch*
2MASS J00321957+6735269,529480858132446848,HorBranch*
2MASS J07321470-2021081,5620200728167346048,HorBranch*
HE 1207-1643,3567603078206222208,HorBranch*
2MASS J23272232+5829517,2011158882064770944,HorBranch*
SDSS J130229.18+205213.4,3943279538260173056,HorBranch*
2MASS J23202696+5953464,2010839680099617152,HorBranch*
2MASS J06373036+0524447,3131079060560091008,HorBranch*
Cl* NGC 6838     AH A3,1821608742500821760,HorBranch*
2MASS J03542265-0624275,3244946237075413376,HorBranch*
SDSS J171402.78+300508.2,1309051365477708800,HorBranch*
UCAC4 663-072457,2105514571914394752,HorBranch*
2MASS J05502763+0235573,3316157791275072384,HorBranch*
UCAC4 182-011844,5492185242170706304,HorBranch*
2MASS J05260950+4325348,195716814955870720,HorBranch*
UCAC4 502-018658,3341815376148707968,HorBranch*
SDSS J201843.23-113552.8,6880309463827590784,HorBranch*
HE 1328-1825,3602946535883482240,HorBranch*
2MASS J08545188+0252168,578039273043801856,HorBranch*
2MASS J23242672+6134126,2015662997093501312,HorBranch*
SDSS J163742.59+140519.0,4462100931802805376,HorBranch*
2MASS J11283106+5104226,838403149761318528,HorBranch*
SDSS J081100.90-083526.0,3062800591062257024,HorBranch*
2MASS J20463694+4319115,2066925729568971008,HorBranch*
2MASS J22021730+3835070,1955918279713238272,HorBranch*
2MASS J08002855+3920365,919764154062899456,HorBranch*
2MASS J03533607+3944588,229972619414357504,HorBranch*
UCAC4 642-067102,2051365617114403456,HorBranch*
TYC 2035-1585-1,1206433571596262144,HorBranch*
HE 1346-0027,3662028582747702144,HorBranch*
HE 1018+0045,3832045451570823552,HorBranch*
2MASS J18485224+4648074,2119513446579934848,HorBranch*
2QZ J141203.1-012835,3647655010835471616,HorBranch*
HE 1217-0334,3693248154563325952,HorBranch*
UCAC4 498-030536,3326784330641780608,HorBranch*
2MASS J22072287+5006336,1976965925878196992,HorBranch*
2MASS J06314752+0203001,3123960650482489216,HorBranch*
2MASS J03270146+1932174,57752883339316352,HorBranch*
2MASS J04371008+3520338,174678798126983552,HorBranch*
2MASS J03362013+3144143,121301185089055744,HorBranch*
*  50 Lib,4347852022889882624,HorBranch*
2MASS J03441107+7038561,495186197106235392,HorBranch*
2MASS J10441652+2502188,723804862432674560,HorBranch*
2MASS J11295211+0254560,3800423290997813248,HorBranch*
2MASS J05545508-0501069,3022600453086096512,HorBranch*
2MASS J03334308+4547430,247791854609075200,HorBranch*
2MASS J20094510+1921528,1822405205545502464,HorBranch*
SDSS J001918.52-093958.2,2428223772986331648,HorBranch*
2MASS J10293504+2857371,729463434601128448,HorBranch*
UCAC4 659-073904,2053641086487433856,HorBranch*
2MASS J06141440-0000434,3121897348191239936,HorBranch*
2MASS J05032585+3550238,186341283604483456,HorBranch*
2MASS J05514079+1122540,3336885475245552128,HorBranch*
TYC 3139-1206-1,2076554500798048640,HorBranch*
UCAC4 701-066083,2132725148238962304,HorBranch*
2MASS J09282537-0626208,5745435476219736320,HorBranch*
2MASS J07094260+3712571,945982597238165504,HorBranch*
HE 2301-5246,6500778150365194496,HorBranch*
HD   8269,2455119103008073600,HorBranch*
2MASS J23485901+0000007,2642299275326180480,HorBranch*
Cl* NGC 5139   LEID   33149,6083708028175073408,HorBranch*
TYC 3825-580-1,839549562430509824,HorBranch*
SDSS J095857.40+544309.9,1044858306373386752,HorBranch*
SDSS J142135.67+541200.0,1608673854620158208,HorBranch*
UCAC4 376-035721,3029955807927323648,HorBranch*
HE 2131-4718,6563722407915526912,HorBranch*
2MASS J15473401+5411253,1597449971204083968,HorBranch*
2MASS J03511914+4959434,250346466797662976,HorBranch*
[SLB2011b] 198.28341+17.88147,3937245555887241728,HorBranch*
2MASS J17191424+5436228,1419590393314484736,HorBranch*
TYC 3846-288-1,1576835330774221184,HorBranch*
2MASS J06224348+0504054,3323670857310862464,HorBranch*
2MASS J05314977+3454117,182993683016067712,HorBranch*
2MASS J02370113+0823198,20032212800466304,HorBranch*
HE 1243+0221,3702826481388294784,HorBranch*
SDSS J200743.67-104431.6,4190803142096775296,HorBranch*
HE 2319-0223,2637689224933489792,HorBranch*
2MASS J16053423+0558028,4449894089289707904,HorBranch*
HE 1504+0236,1153716352730664832,HorBranch*
2MASS J00064033-0446166,2444561248761007488,HorBranch*
2MASS J23244445+6014328,2012340650909927808,HorBranch*
2MASS J03132518+0100437,3266965366169603968,HorBranch*
2MASS J06443410+0250066,3127219053193955968,HorBranch*
2MASS J06161458-0209184,3118057574412182528,HorBranch*
SDSS J091935.43+223310.2,638664905385691904,HorBranch*
SDSS J223334.13-004015.4,2653834934711548160,HorBranch*
2MASS J12432148-0411463,3681783478100198144,HorBranch*
SDSS J091249.74-003217.9,3842054924394007552,HorBranch*
HE 1529-0652,6321572186127250688,HorBranch*
2MASS J05412370+2355015,3428455483667075200,HorBranch*
UCAC4 665-081395,2078535133557560320,HorBranch*
TYC  748-2631-1,3133093228421725696,HorBranch*
BPS BS 16929-0063,1476129205360667904,HorBranch*
HE 1102-2519,3535783142980183424,HorBranch*
2MASS J18280332+1529215,4509784620796298880,HorBranch*
2MASS J06525846+1802208,3364502419900907392,HorBranch*
2MASS J04591597+4848557,256184839182540544,HorBranch*
HE 1437-0232,3648779368849448192,HorBranch*
2MASS J07090097+0640302,3153004555068213248,HorBranch*
TYC 3531-496-1,2119378859484950784,HorBranch*
SDSS J201103.58-114846.2,6880616158853457280,HorBranch*
2MASS J18555036-0331433,4255668482689240064,HorBranch*
2MASS J05024419+3530499,185953259078197120,HorBranch*
UCAC4 674-070340,2126956315665753472,HorBranch*
2MASS J06240588+0257327,3124984673764427520,HorBranch*
TYC 3130-1170-1,2105259034239600896,HorBranch*
2MASS J14522963+0159305,1154338263994786432,HorBranch*
2MASS J19060916+4534148,2106455272829683456,HorBranch*
2MASS J06574132+0830519,3157262933540941696,HorBranch*
2MASS J00334975+8448198,573559763891595136,HorBranch*
2MASS J00265302-2911161,2318747947125091072,HorBranch*
SDSS J143108.83+320325.6,1286984819942761088,HorBranch*
2MASS J00291968+6147570,430232444625856512,HorBranch*
HE 1029-2135,5475070312890634496,HorBranch*
2MASS J17362699-2333242,4116608922162860160,HorBranch*
Ton  1583,1472888978953013248,HorBranch*
2MASS J00401441+5404594,417921900122055040,HorBranch*
2MASS J14474212-0759390,6327489311030451200,HorBranch*
2MASS J00451602+6659255,529211576564056832,HorBranch*
2MASS J17153481+2215461,4568348978075942400,HorBranch*
SDSS J120249.88+052831.2,3898007898605220224,HorBranch*
HE 1012-1428,3752790488777514880,HorBranch*
2MASS J18070155-0841531,4158440907133773568,HorBranch*
UCAC4 665-076922,2077819660720491392,HorBranch*
2MASS J12595431+5811394,1578603757788245376,HorBranch*
2MASS J23202509+6541075,2210222850934520704,HorBranch*
SDSS J235325.97+155536.9,2773110235267786496,HorBranch*
BPS BS 16559-0050,4420625158475066752,HorBranch*
2MASS J23574081+2615481,2853431208943381760,HorBranch*
HE 1040-0836,3762259414196377600,HorBranch*
2MASS J05302669+3125585,3447145188474527232,HorBranch*
2MASS J17162407+2259289,4568409210697839360,HorBranch*
HE 1428-1505,6298918192145292928,HorBranch*
2MASS J18552084+1254255,4505979146670395520,HorBranch*
FBS 0749+395,920457125561971072,HorBranch*
SDSS J151825.41+080844.2,1163970015918652288,HorBranch*
SDSS J090342.44+384921.4,719234879791031424,HorBranch*
Cl* NGC 7089    SAN      13,2686846362587206272,HorBranch*
2MASS J06152339+0651100,3324887806227321216,HorBranch*
2MASS J07350849+3617213,895545417595498624,HorBranch*
SDSS J152604.20+154804.5,1207165743260576128,HorBranch*
2MASS J07054408+3714273,946094502610360576,HorBranch*
2MASS J06424812+1416055,3355902731441359232,HorBranch*
HE 2005-6239,6430536846457730176,HorBranch*
HE 1421-1256,6300314503193156608,HorBranch*
2MASS J06220423+0824301,3325674957771015424,HorBranch*
2MASS J22560484+5256441,1990452604216592256,HorBranch*
2MASS J06474761-0459585,3102163760175945088,HorBranch*
2MASS J18093043+7355189,2267340624566385536,HorBranch*
SDSS J120227.80+395337.0,4034824910748030464,HorBranch*
2MASS J01451711+6633451,519268147456474752,HorBranch*
TYC  489-2575-1,4248051963782283904,HorBranch*
2MASS J06132106+1454237,3344898956507916544,HorBranch*
2MASS J17582105-2127396,4070769492085313920,HorBranch*
SDSS J110247.13+273117.2,731853910318598528,HorBranch*
Case A-F  697,733117794639452800,HorBranch*
2MASS J06175761-0037382,3121612883917438464,HorBranch*
2MASS J21214485+0057014,2691031000762961536,HorBranch*
CoRoT 110751546,3102398673406438528,HorBranch*
2MASS J02292418+6024016,465335865166393472,HorBranch*
2MASS J23535446+1626538,2773201769610820608,HorBranch*
UCAC4 652-081439,2073537956298029824,HorBranch*
SDSS J000235.81-010758.8,2449642710468582400,HorBranch*
UCAC4 643-071333,2051945506420802816,HorBranch*
GPM 338.464836-13.656644,2597976514205057152,HorBranch*
SDSS J170419.53+291853.9,1308775839032352896,HorBranch*
2MASS J07244175-0902193,3047727592324096000,HorBranch*
2MASS J10335000+3036491,735725015882275968,HorBranch*
[BGK2006] HV 9,3830584196322129920,HorBranch*
UCAC4 669-071710,2102874335259398528,HorBranch*
2MASS J00141773-1422564,2417132178859436288,HorBranch*
SDSS J074700.38+272339.8,875247475171157376,HorBranch*
2MASS J18505215+4124346,2104426983114338944,HorBranch*
2MASS J19463097+3905380,2073225484521743744,HorBranch*
2MASS J00180489+0918342,2752379905597434368,HorBranch*
NGC  1817   211,3394741463563658752,HorBranch*
TYC 3561-669-1,2086363759422178176,HorBranch*
2MASS J17122918+4901327,1414193303051287424,HorBranch*
2MASS J00224682+5535581,421404878078771968,HorBranch*
2MASS J03243769-3840448,4853555834687745408,HorBranch*
SDSS J211857.49+111351.1,1745558134539902336,HorBranch*
SDSS J165534.49+402314.4,1353017605657040256,HorBranch*
2MASS J00243862-0111396,2541942588451597440,HorBranch*
HE 1156-1901,3542849910369472000,HorBranch*
TYC 1463-355-1,1244972278782861440,HorBranch*
2MASS J14124348+4716034,1506172054919337984,HorBranch*
2MASS J19104005+3244222,2043284137932162944,HorBranch*
2MASS J06274064-0010212,3120005363557989760,HorBranch*
2MASS J05061658-2237550,2961024056720051072,HorBranch*
SDSS J164613.77+392740.9,1352710841913310336,HorBranch*
HE 1055-0625,3763821992018205440,HorBranch*
SDSS J082709.00+360719.6,904676552426808320,HorBranch*
SDSS J124052.98-015846.2,3683277813185987456,HorBranch*
TYC 3011-2265-1,829361968736945024,HorBranch*
2MASS J06542462+0426204,3129027852898350720,HorBranch*
TYC 2930-2017-1,959868020349648640,HorBranch*
2MASS J05515399+1205204,3343137641959152896,HorBranch*
2MASS J08344374+1544442,657912779847814016,HorBranch*
2MASS J20152034+2734024,1836918999541843968,HorBranch*
2MASS J05320096+2754096,3442333038395800192,HorBranch*
Cl* NGC 1817    MMU     677,3394781836256227328,HorBranch*
2MASS J18500275-2750188,4071904561710376192,HorBranch*
TYC 3542-2341-1,2127347471228414080,HorBranch*
HE 1213-0419,3597115619564459904,HorBranch*
SDSS J144229.52+620427.9,1618717476726597248,HorBranch*
2MASS J16350702-1234052,4330860410709913472,HorBranch*
2MASS J00350602+6347072,430914416712567936,HorBranch*
2MASS J08063301+4804469,933004065062855296,HorBranch*
2MASS J06174533-0213064,3117860353811563520,HorBranch*
2MASS J01065968+6612256,525223308594363264,HorBranch*
TYC 3542-672-1,2127377531697917184,HorBranch*
2MASS J19592289+4408304,2076097271451099648,HorBranch*
UCAC4 661-072496,2102405256110223744,HorBranch*
2MASS J04332834+3621500,175026381239797504,HorBranch*
2MASS J05114791+4807347,213111642961704320,HorBranch*
2MASS J21480063+4551540,1974352386733844096,HorBranch*
TYC 3149-195-1,2076113630995152512,HorBranch*
2MASS J06082200+2441551,3426360948376382848,HorBranch*
Cl* NGC 5904     SB  4-12,4421477451786635136,HorBranch*
BD-16  2209,5718310734822483584,HorBranch*
UCAC4 655-073951,2053534816116445440,HorBranch*
SDSS J101803.88+313241.5,742865137019026176,HorBranch*
2MASS J00104112+5736449,422464807290114176,HorBranch*
TYC 3798-351-1,1030324210059151232,HorBranch*
2MASS J19120182-0522173,4212076385692318720,HorBranch*
SDSS J223517.01+124459.8,2730276698222006400,HorBranch*
SDSS J114739.15+122438.0,3922706370034136960,HorBranch*
2MASS J03470887+7951317,555976854974862848,HorBranch*
TYC 4709-1258-1,3263234001662011648,HorBranch*
SDSS J173317.50+321620.9,4601621093284054784,HorBranch*
UCAC4 671-077993,2078832203551450368,HorBranch*
2MASS J06234198+3251490,3439440669979313152,HorBranch*
2MASS J05510736+0435539,3320028518881195136,HorBranch*
UCAC4 679-071450,2080040051430591104,HorBranch*
2MASS J16203939+4154316,1381295193593376000,HorBranch*
2MASS J00591505+8417589,573311441765045760,HorBranch*
HE 1255-2552,3497211862759586048,HorBranch*
SDSS J133320.84+510604.7,1559544651434811136,HorBranch*
2MASS J05170764+4345408,207572608323191424,HorBranch*
NGC  2420    41,865401378607077888,HorBranch*
2MASS J05380105-0642254,3016878457135656064,HorBranch*
HE 1402-0503,3643900286001318016,HorBranch*
BPS CS 22948-0025,6579680960199602560,HorBranch*
SDSS J212817.96+104728.9,1742705142385133312,HorBranch*
SDSS J162837.24+010134.3,4431860792922535424,HorBranch*
2MASS J06245144+4053468,956918855285523200,HorBranch*
2MASS J13334387+7120264,1687045016222808192,HorBranch*
2MASS J04463232+3750478,199365651669215872,HorBranch*
US 2645,4022533672124351360,HorBranch*
SDSS J153912.73+154024.7,1194579599297745408,HorBranch*
2MASS J14441818+1132130,1178320395007261440,HorBranch*
HD 235819,2004714644426690944,HorBranch*
2MASS J11082276+4838113,837741175042204800,HorBranch*
SDSS J025020.17+011326.3,2499160758517151104,HorBranch*
2MASS J21231742+6841003,2222471444823870720,HorBranch*
2MASS J04112628+4615179,233922271342481024,HorBranch*
SDSS J170726.18+273837.1,4574930959619451008,HorBranch*
2MASS J06363531+1721447,3358974526410400000,HorBranch*
[MDL2011] 69373,6083701160526813568,HorBranch*
BPS CS 22955-0025,6848899646437595520,HorBranch*
2MASS J06522389+1800081,3364543071767718016,HorBranch*
2MASS J05334760+2745301,3442336165132165760,HorBranch*
2MASS J08481219-1511529,5733584252701781248,HorBranch*
TYC 3558-1137-1,2085338739707136512,HorBranch*
TYC 3162-1003-1,2081891594650263424,HorBranch*
2MASS J16242849-1213554,4331469918106916096,HorBranch*
2MASS J09121844-6447220,5248765428059044096,HorBranch*
TYC 1944-2232-1,683122558544282368,HorBranch*
TYC 8265-151-1,6082899921479903360,HorBranch*
TYC 2973-1452-1,919550268986782336,HorBranch*
SDSS J125416.40+000815.2,3689781875436374912,HorBranch*
2MASS J18250757-0334347,4269635514464868608,HorBranch*
2MASS J05123178+4645348,212050992198678272,HorBranch*
2MASS J23143287+6034353,2014005895627749760,HorBranch*
BPS CS 22871-0045,6279717214431211264,HorBranch*
2MASS J17210820+4203208,1348129868450640128,HorBranch*
BPS CS 30493-0045,6550257341844220544,HorBranch*
EC 20279-1520,6875385507160014464,HorBranch*
2MASS J07174093-0211560,3108253160509787264,HorBranch*
HE 1333-1130,3610630850851327616,HorBranch*
TYC 3550-835-1,2132923884964537600,HorBranch*
HE 0215-5313,4744196204869817984,HorBranch*
HE 1322-0634,3631485700212101248,HorBranch*
TYC  175-568-1,3152988444650371072,HorBranch*
2MASS J00163406+7031577,530987807536496512,HorBranch*
UCAC4 678-073253,2127982473553944064,HorBranch*
2MASS J20303137+4345336,2070549895993273216,HorBranch*
2MASS J20222238+1641016,1808922890870845696,HorBranch*
TYC 3547-136-1,2129355351259080576,HorBranch*
2MASS J19082048+4325364,2105623526644050944,HorBranch*
2MASS J06022836+1409128,3345350409110520064,HorBranch*
HE 2350-5119,6522206257601107968,HorBranch*
EC 14043-2311,6275397022791524608,HorBranch*
2MASS J06401646-0028176,3119372766416071168,HorBranch*
2MASS J19331254-0519261,4209834210908225280,HorBranch*
2MASS J06460202+2045179,3377932271535063808,HorBranch*
HE 0015-5818,4918777004725122816,HorBranch*
HE 1311-2340,6194059314392686464,HorBranch*
2MASS J13352900-1608080,3603977362394210304,HorBranch*
HE 1413-0157,3646611509876603776,HorBranch*
SDSS J074449.62+212010.6,674503860555162112,HorBranch*
UCAC4 683-074778,2080318571470835456,HorBranch*
2MASS J07442264+2309502,867113528666587136,HorBranch*
SDSS J100634.69+261102.5,739031552289897984,HorBranch*
EC 10381-1731,3555477217298285312,HorBranch*
SDSS J094340.05+201215.7,639609587737228800,HorBranch*
2MASS J00384533-2205175,2350079493031229056,HorBranch*
TYC 3551-2304-1,2129933900532494336,HorBranch*
2MASS J06343982+0046159,3120499112998628736,HorBranch*
2MASS J04405759+4656393,254323537794703232,HorBranch*
UCAC4 052-022138,6349875677010627968,HorBranch*
HE 1403-0931,3615014397552647808,HorBranch*
TYC 3142-834-1,2125798564283095168,HorBranch*
2MASS J06500273+0221577,3126389918345545728,HorBranch*
2MASS J10435439+3835003,776060806105556736,HorBranch*
2MASS J15272054+3740079,1387697748585206528,HorBranch*
2MASS J03251874+8058556,568148208175787008,HorBranch*
SDSS J100528.71+445324.7,809660541421862784,HorBranch*
2MASS J14185904+4332167,1504769765277433600,HorBranch*
2MASS J05501439+0458376,3320100949209424896,HorBranch*
2MASS J03321332+4448240,241678535601325056,HorBranch*
2MASS J17153422+4347393,1361225292455623168,HorBranch*
2MASS J04350498+5312522,273608559428997888,HorBranch*
TYC  980-1588-1,4444192846621153536,HorBranch*
2MASS J03135426+6101472,463024279405046400,HorBranch*
UCAC4 692-067979,2086673959138565120,HorBranch*
SDSS J023323.14+263821.7,127288399563809664,HorBranch*
BD+43  3473,2075876205204262016,HorBranch*
SDSS J201246.32-112236.6,6881032186566470144,HorBranch*
SDSS J101910.95+312838.6,742767761520357760,HorBranch*
HE 0003-5759,4919184068841564544,HorBranch*
HE 0530-4506,4799367641064006272,HorBranch*
2MASS J07273029+2242463,866474295798072064,HorBranch*
2MASS J06071180+1253142,3342725325098753152,HorBranch*
TYC 1516-540-1,1206439137872187136,HorBranch*
HE 2027-6029,6455128179927343232,HorBranch*
2MASS J00554013-1444325,2371697334742488704,HorBranch*
2MASS J15173426+0120293,4421411859045968896,HorBranch*
HD 190148,2085315233343597696,HorBranch*
SDSS J130309.98+441956.6,1529457542236009600,HorBranch*
2MASS J19245047-0825125,4206736057722636160,HorBranch*
TYC 2999-1156-1,820081540831446784,HorBranch*
UCAC4 682-069484,2128116236015337088,HorBranch*
2MASS J23081032+5655515,2009151689233932800,HorBranch*
SDSS J213852.81-010522.8,2686589557902054912,HorBranch*
UCAC4 224-182544,6673373227923805312,HorBranch*
BPS BS 16555-0054,6333927157769863168,HorBranch*
2MASS J06485339+0239085,3126459325017028224,HorBranch*
EC 13091-3004,6182445447946454528,HorBranch*
TYC 2451-1282-1,885903628332721408,HorBranch*
HE 1414-1320,6302950818543405440,HorBranch*
2MASS J07032532-1209196,3045774138116389888,HorBranch*
2MASS J06302370+0130213,3120839927244276992,HorBranch*
2MASS J01112666+6739145,525785674428534656,HorBranch*
2MASS J05152571+3930384,188647303085646592,HorBranch*
SDSS J112103.93+075926.1,3817901570213994880,HorBranch*
2MASS J19411259+3214018,2033342113303772288,HorBranch*
SDSS J032016.31+005055.4,3267653729168195200,HorBranch*
SDSS J021452.96+063923.1,2520293062765468288,HorBranch*
HE 0322-4101,4852692919922334848,HorBranch*
TYC 3541-1018-1,2107128792421169664,HorBranch*
SDSS J113708.55+143309.7,3966171503494156288,HorBranch*
2MASS J04354203+5305261,272854053933555200,HorBranch*
SDSS J013403.25+233231.9,290129267093397632,HorBranch*
UCAC4 675-072977,2126598669449952896,HorBranch*
TYC  217-656-1,578517255659858176,HorBranch*
SDSS J031827.07+402422.4,236257668395058176,HorBranch*
HE 2023-6213,6430771970147893632,HorBranch*
2MASS J05024640+4228117,201812992756665600,HorBranch*
2MASS J15340434+5555075,1601256514819148800,HorBranch*
GES J09120578-6453065,5248758693538693376,HorBranch*
2MASS J06321852-0023412,3119268793846450560,HorBranch*
2MASS J11020120-1030447,3758652431942009856,HorBranch*
TYC 5048-719-1,4359193073010793216,HorBranch*
2MASS J06285933+0843356,3327049789682917888,HorBranch*
2MASS J19154515+2853405,2038273972692333696,HorBranch*
UCAC4 645-071158,2053080477296712960,HorBranch*
2MASS J07555332-1745018,5717595193275387648,HorBranch*
2MASS J18152917-0001169,4274804353000790144,HorBranch*
2MASS J15015007+2656229,1268630539197158144,HorBranch*
2MASS J11103193+5059314,838928922477572992,HorBranch*
2MASS J06291390+1752074,3369794682899888000,HorBranch*
SDSS J164543.46+211736.7,4565601775255952896,HorBranch*
TYC 3783-1356-1,984259620657387520,HorBranch*
2MASS J06574531+0529250,3129502184789953152,HorBranch*
HE 1259-0038,3689031458750235392,HorBranch*
PSO J245.5338-07.5620,4351894720984828416,HorBranch*
2MASS J16420146+3421244,1326547176751795968,HorBranch*
2MASS J12180047+2951382,4013487513221637376,HorBranch*
HE 1209-2124,3517323098662796160,HorBranch*
UCAC4 687-072630,2086371593442598656,HorBranch*
SDSS J090957.78+631316.1,1043280266669370112,HorBranch*
SDSS J133945.78+411153.5,1500222730644506240,HorBranch*
2MASS J11434517+6904569,1061287694447959808,HorBranch*
HE 2152-1933,6824284463013909248,HorBranch*
2MASS J00173016+7006296,530939841341921664,HorBranch*
HE 1206-0852,3581762966906356224,HorBranch*
HE 2321-0641,2632638446472136832,HorBranch*
2MASS J03315168+2953345,120665392490557952,HorBranch*
TYC  636-149-1,76811817892575232,HorBranch*
UCAC4 674-075286,2079656910290968320,HorBranch*
PHL  4576,2686893710305935616,HorBranch*
SDSS J172102.43+263911.3,4574027401579037184,HorBranch*
2MASS J03393270+4646560,247938639411841152,HorBranch*
2MASS J11003432+1004497,3867745013576854144,HorBranch*
[MDL2011] 95401,6083696418884425088,HorBranch*
SDSS J091616.59+364109.8,714929673293107712,HorBranch*
2MASS J00414893+1557420,2781379662218629504,HorBranch*
2MASS J13442798+1949180,1248462128689150208,HorBranch*
HZ 33,1514302531089401344,HorBranch*
2MASS J19592115+2102429,1826784251138050560,HorBranch*
2MASS J02010708+5757492,505420348265752704,HorBranch*
2MASS J06262384+2231045,3376509503489920768,HorBranch*
2MASS J18563922+1250171,4505961073448770944,HorBranch*
KOI-7031,2078941540540010496,HorBranch*
SDSS J134743.08-012221.3,3658969092859703424,HorBranch*
BPS BS 16551-0153,6318395697034605440,HorBranch*
2MASS J16024080-1114006,4343132644107183872,HorBranch*
2MASS J15581748+5446075,1597348266378336256,HorBranch*
Ton  1203,752583067461415808,HorBranch*
SDSS J172215.76+341608.6,1335684324537467904,HorBranch*
UCAC4 167-015514,5315841130603733120,HorBranch*
2MASS J06443565-0520550,3100670928323157248,HorBranch*
HE 1317-2931,6182135694905013888,HorBranch*
2MASS J06220529-0007350,3118740066193541760,HorBranch*
2MASS J06223251-0124227,3118313421321925760,HorBranch*
2MASS J15230658+0153458,4420766548798481920,HorBranch*
2MASS J05061624+4621253,206774676415095168,HorBranch*
TYC 3148-424-1,2078856534544950016,HorBranch*
SDSS J022858.99-004120.4,2499777550180569728,HorBranch*
SDSS J113400.16-005351.3,3794127998517975808,HorBranch*
TYC 3141-109-1,2073473252597472000,HorBranch*
2MASS J02465322-1049231,5172721756464511104,HorBranch*
2MASS J07013605+0115029,3113865205295536640,HorBranch*
2MASS J11474531+5446264,841625921421137792,HorBranch*
TYC 3123-2105-1,2103304381742986240,HorBranch*
SDSS J142423.43+363957.9,1481224514042620672,HorBranch*
2MASS J09103492+2221529,686823171086176640,HorBranch*
BPS CS 22179-0013,2527088083280697472,HorBranch*
TYC 3562-1583-1,2085584373174408320,HorBranch*
2MASS J16130458+3759200,1378770474378168192,HorBranch*
BD-00  2486,3794592924433614848,HorBranch*
2MASS J03494333+5005166,250357977311093120,HorBranch*
SDSS J015515.94-001224.4,2507688673781401600,HorBranch*
2MASS J15020331+2650594,1268626553467487616,HorBranch*
2MASS J06052645+2308219,3423857875794011008,HorBranch*
Cl* NGC 5139   LEID   28035,6083715660353169792,HorBranch*
2MASS J00462456+6640177,526180399106411648,HorBranch*
TYC 3516-763-1,1414698013247715840,HorBranch*
2MASS J23163414+5649094,2009279026424065152,HorBranch*
2MASS J19165113-0632199,4210957808722015616,HorBranch*
2MASS J06060380+2729370,3430480371770182144,HorBranch*
[TGC2005] 100,4710686702523480576,HorBranch*
HE 1451-0758,6333194024032056576,HorBranch*
SDSS J142908.40+033351.2,3668357719570249600,HorBranch*
GPM 166.180433+27.995894,731891873534419200,HorBranch*
2MASS J05501815+3504595,3454746524674122112,HorBranch*
HE 1250-1654,3522543717310213760,HorBranch*
2MASS J04235211+5449122,275731883882870016,HorBranch*
SDSS J144006.62+030324.9,3656502093709529216,HorBranch*
HE 2136+0046,2687516141261912320,HorBranch*
2MASS J17361692-2106419,4118083328527379712,HorBranch*
HE 1937-6242,6441923045276539520,HorBranch*
TYC 3139-2052-1,2076539996685344128,HorBranch*
2MASS J06570731+0452082,3128689890510815872,HorBranch*
2MASS J06061362+1500363,3345524853501920000,HorBranch*
UCAC4 481-050345,3817149233678198144,HorBranch*
BPS CS 22964-0219,6693776938217445760,HorBranch*
2MASS J05473568+4557463,197519159328992896,HorBranch*
SDSS J152533.33-015705.5,4414507437123170176,HorBranch*
HD 173999,2117303363787384320,HorBranch*
SDSS J101903.31+400849.3,804125698670240128,HorBranch*
HZ 31,1513721748431750272,HorBranch*
2MASS J00012599+7010526,530815699607257088,HorBranch*
2MASS J07052420-2217559,2928622204972530688,HorBranch*
BD+43  2287,1527787697607710848,HorBranch*
2MASS J01270677+1700368,2593194154020360960,HorBranch*
TYC 3143-1899-1,2125710848173274880,HorBranch*
TYC 3565-894-1,2134747665519893632,HorBranch*
2MASS J20482277+5050255,2169913071037937792,HorBranch*
NGC  6121   516,6045464338003527552,HorBranch*
2MASS J17035213-2251242,4113927277650665984,HorBranch*
2MASS J07202195-0604180,3058162438704280320,HorBranch*
TYC 1335-1279-1,3358341821891547008,HorBranch*
2MASS J07592374+4058530,922167583401051392,HorBranch*
2MASS J06423807+1039126,3350989048333854080,HorBranch*
2MASS J05152136+4745303,212912425198292864,HorBranch*
LAMOST J073830.22+220421.4,865500613828120064,HorBranch*
2MASS J06425245+0307062,3127283679562743680,HorBranch*
UCAC4 125-163643,5816569033813658368,HorBranch*
TYC 6122-161-1,3603876168669233152,HorBranch*
2MASS J01332702+6632052,519408506990317184,HorBranch*
SDSS J042036.83+070404.6,3286857691884102272,HorBranch*
2MASS J04545152+5741161,283745128922392704,HorBranch*
2MASS J03245922+3208486,124319443290960512,HorBranch*
2MASS J00005670+0204596,2738728575385953280,HorBranch*
2MASS J04163851-1203531,3189306756821745536,HorBranch*
2MASS J01365664+6128108,510007682580950016,HorBranch*
HE 2004-5852,6444515624975362304,HorBranch*
EC 01200-8024,4631553167045776896,HorBranch*
SDSS J144204.03+460812.2,1494047357946752768,HorBranch*
EC 14334-2136,6279350286785483392,HorBranch*
HE 1318-0402,3636137768268873344,HorBranch*
SDSS J123443.61+142853.8,3932578399607911296,HorBranch*
HE 1441-0700,6330603540277174528,HorBranch*
2MASS J18035686+6016141,2158705194953926400,HorBranch*
2MASS J12595324+2852289,1463925794523111040,HorBranch*
2MASS J19104195+2628135,2035903597422538496,HorBranch*
TYC 3542-2568-1,2127332245563339904,HorBranch*
SDSS J001415.40-103207.2,2427700783409072640,HorBranch*
BPS CS 22871-0049,6279293490137666176,HorBranch*
SDSS J084338.44+052513.4,582572937442730624,HorBranch*
2QZ J233846.7-302853,2326036987662264960,HorBranch*
SDSS J143408.07+574450.6,1611041687270158464,HorBranch*
HE 1042-0618,3764402431078211968,HorBranch*
2MASS J07493861+5211362,984144721692327424,HorBranch*
2MASS J06342943-0015477,3119286111154701952,HorBranch*
TYC 3162-807-1,2076144382961834240,HorBranch*
2MASS J06441940+2015361,3377811119097720192,HorBranch*
2MASS J11073697+4746555,783617680813307264,HorBranch*
BD+18  2778,1244564875364818816,HorBranch*
2MASS J04303186+3639468,178007638298123136,HorBranch*
2MASS J05373065+2431357,3404719638962062464,HorBranch*
HE 1340-0759,3618319868808042368,HorBranch*
SDSS J144755.87+385306.7,1486956126423104640,HorBranch*
2MASS J06472044+4358597,952367426900622848,HorBranch*
2MASS J05490624+2910278,3443454471536867456,HorBranch*
2MASS J03005712+6623316,492392269341545984,HorBranch*
HD 291503,3118163750302233472,HorBranch*
2MASS J06285576+0106064,3120801650495952640,HorBranch*
HE 1153-0746,3595033625577777152,HorBranch*
SDSS J164922.07+203006.6,4564707533002092672,HorBranch*
TYC 3063-494-1,1331594514943125376,HorBranch*
SDSS J144410.35+081149.4,1173544258230786944,HorBranch*
TYC 3147-684-1,2126372204415976064,HorBranch*
HD 161830,5945761070272044288,HorBranch*
2MASS J16110260+5240538,1427967160090164224,HorBranch*
2MASS J20473283+5131242,2169995122094749952,HorBranch*
HE 2120-0331,2684581029331375488,HorBranch*
HE 2352-3627,2311019411173756288,HorBranch*
TYC 3135-303-1,2051852151009770752,HorBranch*
SDSS J022542.78+003419.3,2501269106423416448,HorBranch*
UCAC4 688-067148,2130867793921316224,HorBranch*
UCAC4 693-065498,2131210674049838848,HorBranch*
2MASS J05513992+0253463,3316196068023549312,HorBranch*
2MASS J04351761+3551349,174941615765395712,HorBranch*
SDSS J142826.28+002915.3,3654152368641234432,HorBranch*
SDSS J031312.61+063222.3,4408835469065728,HorBranch*
HE 1435+0208,3655202440900978688,HorBranch*
TYC 3544-1735-1,2131634020385343232,HorBranch*
SDSS J080013.37+341457.2,905590830705369216,HorBranch*
2MASS J05562933+3020331,3443830916831555200,HorBranch*
SDSS J154633.85+022116.6,4423463921404203520,HorBranch*
HE 1320-2917,6182201562523573504,HorBranch*
SDSS J082147.34+445844.7,928500151902011776,HorBranch*
2MASS J12511187+7413447,1691371216521036416,HorBranch*
2MASS J18275466+1556045,4522184745440600320,HorBranch*
SDSS J130333.75+093712.2,3734273265561604096,HorBranch*
2MASS J06160549+3330154,3440130682245605888,HorBranch*
2MASS J20385020+3345562,1863996706756396544,HorBranch*
TYC 3541-3265-1,2106268355853979520,HorBranch*
TYC 9038-735-1,5818638147212530432,HorBranch*
2MASS J04044591-5747273,4682042397395348992,HorBranch*
CD-28 15084,4071877009528259328,HorBranch*
2MASS J06152156+0732448,3325276247366308352,HorBranch*
UCAC4 666-081317,2078541898116509312,HorBranch*
2MASS J01353962+5825054,509019359061804928,HorBranch*
2MASS J17194899-2912315,4059378689136705536,HorBranch*
2MASS J05174128+1551309,3393713695070562688,HorBranch*
SDSS J115054.20+065440.1,3899297247787038464,HorBranch*
2MASS J08162197-1416030,5723334540884831616,HorBranch*
TYC 1109-637-1,1744836343811636224,HorBranch*
SDSS J124402.60-011118.6,3683712326437209984,HorBranch*
SDSS J020700.74+000214.4,2507156613233048320,HorBranch*
HD 189376,2079118493193589248,HorBranch*
2MASS J07055044-1542449,2936121320947319296,HorBranch*
2MASS J06354207+0538343,3131850917723985536,HorBranch*
SDSS J051716.13+162132.3,3393932326085103104,HorBranch*
2MASS J07115915-2322063,2927529152977258496,HorBranch*
HE 1137-2802,3483789162248663296,HorBranch*
HE 1503-0118,6339921248487686656,HorBranch*
TYC 3125-1606-1,2101058762384231296,HorBranch*
2MASS J15585538+0611018,4426729509595939968,HorBranch*
2MASS J01332517-6154290,4715458995304518912,HorBranch*
BD+43  3088,2105182004005398656,HorBranch*
2MASS J00135327+7424290,538079520095842176,HorBranch*
TYC 3515-1402-1,1363226163100190336,HorBranch*
SDSS J232718.94+540944.2,1995838699361641216,HorBranch*
TYC 3561-992-1,2080646505114855552,HorBranch*
2MASS J06152422+3409469,3452193355593793920,HorBranch*
2MASS J03122543+6344074,466930912939084032,HorBranch*
2MASS J07175969-0506065,3058491639358877056,HorBranch*
2MASS J22292704+5831078,2200162800579801472,HorBranch*
SDSS J140255.29+515032.8,1512725689680541056,HorBranch*
HE 2307-4142,6542475788816957568,HorBranch*
TYC 3546-1238-1,2130898618907085440,HorBranch*
2MASS J06151083+1611233,3369894115686027648,HorBranch*
2MASS J03214105+6148184,463523079727539840,HorBranch*
HE 1418-1926,6283781662242203392,HorBranch*
2MASS J17591523+6151335,1435521487871150720,HorBranch*
EC 19485-6208,6442023272633436672,HorBranch*
SDSS J093623.02+285722.4,696072881373126784,HorBranch*
2MASS J20553997+3632425,1870042130930183680,HorBranch*
2MASS J06171199-0154058,3118069604619613824,HorBranch*
CRTS J122415.2-294010,3471558946518109056,HorBranch*
2MASS J19223429+4302569,2102034205297509376,HorBranch*
2MASS J17513506-0124331,4370912217699174400,HorBranch*
SDSS J121218.09+282602.1,4012923188879126784,HorBranch*
CHSS 2711,1614360734917086976,HorBranch*
2MASS J20062143+0940026,4299637235431033216,HorBranch*
2MASS J15154247+3622564,1291350366437655936,HorBranch*
2MASS J21341351-0135353,2686506823947860096,HorBranch*
SDSS J021331.54+121928.4,73441466860455936,HorBranch*
[TGC2005] 290,5458157693751139584,HorBranch*
SDSS J162008.29+172647.5,1200251155152782976,HorBranch*
2MASS J02150578+6421435,515201500627765504,HorBranch*
2MASS J21003625+2910333,1846388165472187776,HorBranch*
TYC 2450-1161-1,945982837756211328,HorBranch*
2MASS J05464208+1209351,3340184280709359104,HorBranch*
SDSS J124130.25-030245.7,3682864229310748288,HorBranch*
2MASS J01181335+5848083,413998086721945600,HorBranch*
TYC 5393-547-1,2936338302696816384,HorBranch*
2MASS J06541237+1534099,3354941311601573632,HorBranch*
UCAC4 686-064346,2119221152583085184,HorBranch*
UCAC4 203-165338,5947385250795223424,HorBranch*
HE 1500+0218,1153780188828425856,HorBranch*
SDSS J152500.58-013948.2,4415362066895947904,HorBranch*
SDSS J100848.08+252811.6,738657310314238720,HorBranch*
UCAC4 654-079895,2073779573970720512,HorBranch*
2MASS J04433790+2717594,154612848359452288,HorBranch*
2MASS J16283515-1214279,4331514517049632896,HorBranch*
HE 1424-1316,6300094703947080832,HorBranch*
2MASS J03041668+6502264,468038773983792512,HorBranch*
TYC 3065-1465-1,1381754170978774528,HorBranch*
HE 1435-1710,6285310017764787712,HorBranch*
2MASS J06305330+4858020,967632114331697024,HorBranch*
SDSS J111242.37+384334.6,764685013991382144,HorBranch*
2MASS J00284470+5606362,421293037130177664,HorBranch*
SDSS J012501.97-004858.5,2533854404822472320,HorBranch*
2MASS J21311928+5640508,2177995993333939456,HorBranch*
2MASS J04322147+5551242,277301715906189184,HorBranch*
SDSS J111747.47+091337.3,3915043697406050176,HorBranch*
2MASS J15400228-0013011,4416464606476457472,HorBranch*
2MASS J05501394+3422553,3454500302789968512,HorBranch*
2MASS J05144686+4549157,211728148098324224,HorBranch*
2MASS J01322690+6702101,519459290684171520,HorBranch*
TYC 3556-2020-1,2128077684389691008,HorBranch*
2MASS J18284486+1500392,4509705357183003520,HorBranch*
2MASS J06440267+1852354,3359629972779193856,HorBranch*
2MASS J06431945+1131209,3351201632035828992,HorBranch*
2MASS J06333809+0824188,3326236980009694208,HorBranch*
HE 1526-0948,6317493032347827200,HorBranch*
2MASS J16340712-1220059,4331067153255056896,HorBranch*
2MASS J06330316+3336484,941339737592799744,HorBranch*
2MASS J06042317+2523387,3426633455463071616,HorBranch*
HE 0059-3406,5027169545348938368,HorBranch*
2MASS J10545572+4814544,832232827944656768,HorBranch*
[TGC2005] 362,6487389569072014080,HorBranch*
TYC 3066-199-1,1357155617667553664,HorBranch*
2MASS J06055958+2150570,3423433326868216832,HorBranch*
BPS BS 15627-0001,1595486518314594176,HorBranch*
2MASS J07060172+0404245,3116427484003075200,HorBranch*
SDSS J154932.30+344818.2,1372546310851927296,HorBranch*
SDSS J130542.11+605635.3,1579349084937378176,HorBranch*
SDSS J112652.76+194218.3,3978377353872564608,HorBranch*
UCAC4 685-073731,2085612518101282944,HorBranch*
UCAC4 651-070261,2101102399254594560,HorBranch*
NGC  5904   216,4421475871238648192,HorBranch*
2MASS J04482743+5700295,277696062623422208,HorBranch*
HE 0118-3250,5016277508284504832,HorBranch*
2MASS J21435311+5212469,2173053310613219200,HorBranch*
TYC 1451-972-1,3937009985518768384,HorBranch*
2MASS J19254615+3918404,2052979936399523456,HorBranch*
SDSS J121830.45+181055.3,3947208295168760832,HorBranch*
HE 2256-0241,2648910088987405184,HorBranch*
2MASS J06202480+0710073,3324978103617798656,HorBranch*
2MASS J07044650+0055090,3114547147323054976,HorBranch*
TYC 1190-1674-1,2794638913456160640,HorBranch*
2MASS J14570845+3100549,1288319700078702976,HorBranch*
2MASS J19350969+5017487,2135124965505106944,HorBranch*
BPS CS 22882-0001,2316836824117311360,HorBranch*
2MASS J05521259+0318228,3319309129039112064,HorBranch*
SDSS J153935.66+023909.7,4424096488483372800,HorBranch*
BPS CS 22183-0017,2526218988057967104,HorBranch*
2MASS J05501151+2145267,3424213911404489088,HorBranch*
SDSS J045116.51-043538.4,3200576991524425728,HorBranch*
TYC 2476-427-1,906469825827512064,HorBranch*
SDSS J015448.97+004028.7,2510808125708398464,HorBranch*
UCAC4 683-068879,2130398581634095360,HorBranch*
HE 2225-1420,2600900046903914624,HorBranch*
2MASS J23525799+6644468,2210011847779422592,HorBranch*
2MASS J04384454+3549234,174763284427569792,HorBranch*
2MASS J04240279+5353002,275442407384474112,HorBranch*
2MASS J19465741+2433126,2020566853328531072,HorBranch*
2MASS J07340622+2145325,865571871628975104,HorBranch*
2MASS J06522469+1945138,3365583312846663680,HorBranch*
2MASS J07303656+3739246,898907071318262912,HorBranch*
[BCF91]  547,1460558986840088320,HorBranch*
2MASS J14442079+8517423,1727447460043466240,HorBranch*
TYC 3132-88-1,2106290857182253952,HorBranch*
2MASS J05573584+1607589,3348842080083503744,HorBranch*
SDSS J030350.50+004209.4,3266759100364579200,HorBranch*
SDSS J042334.16+054601.6,3284240373174004224,HorBranch*
2MASS J04153694-3623578,4869564964506722304,HorBranch*
UCAC4 647-073839,2073282182400086656,HorBranch*
TYC 3541-1261-1,2107316877629132544,HorBranch*
NGC  6341  1002,1360406568613435136,HorBranch*
SDSS J150503.13-021427.9,6339807444739023232,HorBranch*
2MASS J17193333+2211528,4567559872325969664,HorBranch*
SDSS J145304.26+290057.2,1281907584483321600,HorBranch*
2MASS J00501070-2015381,2356540631376994304,HorBranch*
2MASS J05101536+4023537,188971968254105600,HorBranch*
2MASS J14362570+5051370,1604139601809639808,HorBranch*
2MASS J07522017-1704000,5717881581694013824,HorBranch*
2MASS J04335629+4743461,257373651770677376,HorBranch*
2MASS J06591096-1200450,3045899482440479744,HorBranch*
MGC 32694,3696707836619184768,HorBranch*
2MASS J06301993+1815431,3371311802788011264,HorBranch*
PG 1020+058,3860671065001400192,HorBranch*
2MASS J05475805+1204059,3340173770924855936,HorBranch*
2MASS J11590959+6123449,858986247950928640,HorBranch*
2MASS J15563745+2807411,1319664096523644416,HorBranch*
2MASS J22011878+3937193,1956221474344973440,HorBranch*
TYC 3551-2461-1,2129707779095041792,HorBranch*
Cl* NGC 6656    MPF  2-8090,4077493104479703424,HorBranch*
2MASS J03161962-4752136,4750000118732017920,HorBranch*
2MASS J21300723+1206333,1745935649284586240,HorBranch*
2MASS J05373637+4531586,209445385859539328,HorBranch*
TYC 1372-1001-1,864900314838898176,HorBranch*
SDSS J072906.56+412649.6,900707800782853760,HorBranch*
SDSS J075856.26+181444.1,669160753736696448,HorBranch*
UCAC4 690-071425,2086603487314558336,HorBranch*
2MASS J21324071+1224030,1769938812748734464,HorBranch*
TYC 5502-1677-1,3757603463489184000,HorBranch*
TYC 2568-80-1,1295030672374050560,HorBranch*
2MASS J21045684+3855358,1872248610244002816,HorBranch*
2MASS J19350499+4846001,2128969246580384256,HorBranch*
2MASS J22220004+5801398,2200082879832397824,HorBranch*
2MASS J14584747+1643260,1188001079494437376,HorBranch*
2MASS J11591068+4915139,786980193526392704,HorBranch*
* eta Cet,2470140321630664064,HorBranch*
TYC 3541-2874-1,2106265126038420608,HorBranch*
HE 0917-0004,3842288703758156416,HorBranch*
SDSS J010555.37-010436.1,2533059840168406912,HorBranch*
2MASS J00372064+5834581,425004988388246272,HorBranch*
HE 1512-1150,6315503839718824320,HorBranch*
2MASS J19022922+4939352,2132113368797847936,HorBranch*
SDSS J132449.55+530156.7,1563329892011402368,HorBranch*
HE 1134-1950,3542024589453992704,HorBranch*
Case A-F  701,777347539652694528,HorBranch*
SDSS J161327.77+152726.2,4464736156233933824,HorBranch*
SDSS J125030.61+442044.1,1528892466275483776,HorBranch*
SDSS J101334.97+531818.7,851619515749717248,HorBranch*
NGC  5904   554,4421620800618278400,HorBranch*
BD+48  2571,1363279180176687360,HorBranch*
2MASS J06560652+1753168,3364314923104264832,HorBranch*
2MASS J05460963+1932570,3399338869574392832,HorBranch*
2MASS J03281475+3147312,124438568503405568,HorBranch*
HE 0440-0403,3201565418118260096,HorBranch*
2MASS J06553147+0412273,3128258018661233920,HorBranch*
2MASS J05285092+5357272,263439863575928192,HorBranch*
SDSS J121953.81+062133.6,3900531453885187072,HorBranch*
2MASS J07195711+1521493,3167836107934052096,HorBranch*
SDSS J191922.84+381358.9,2051364959979970944,HorBranch*
2MASS J07043643+0452293,3128560904053177984,HorBranch*
Cl* NGC 7099     AL      12,6816581460643687808,HorBranch*
SDSS J155608.03+262226.4,1220362494135114240,HorBranch*
2MASS J05503230+0239571,3316184694950203520,HorBranch*
HE 1218-0933,3581101812524070656,HorBranch*
SDSS J022852.73+005441.2,2501348133821366400,HorBranch*
2MASS J08441715+1037223,598772287068040704,HorBranch*
SDSS J150721.60+313548.3,1276589732073639936,HorBranch*
NGC  5904   822,4421573757836046336,HorBranch*
SDSS J012447.98+305208.5,309590421041541120,HorBranch*
HE 1412-0228,3646200155088877824,HorBranch*
2MASS J23562741+1639097,2773256401593923072,HorBranch*
2MASS J03545110-0526576,3245344363363812736,HorBranch*
2MASS J06450678+2722439,3386145004919582208,HorBranch*
Ton  570,3998565113207758336,HorBranch*
2MASS J19121627-0626549,4205194959048087296,HorBranch*
2MASS J05170660+3944176,188747083765980032,HorBranch*
SDSS J122153.49+402110.1,1533246562384495232,HorBranch*
SDSS J161355.21+315012.4,1322385765759082880,HorBranch*
HE 1304-1832,3510638961318892928,HorBranch*
2MASS J22291231+6238038,2205130050513679488,HorBranch*
SDSS J084620.85+060200.4,582993947316967424,HorBranch*
TYC 3134-1604-1,2052812127737361024,HorBranch*
2MASS J04384340+4808510,257493189301783424,HorBranch*
TYC 1198-1047-1,2592362790086273920,HorBranch*
SDSS J192310.04+361712.3,2050197557810320000,HorBranch*
2MASS J05415227+2357380,3428449986108895360,HorBranch*
2MASS J06442093+1018596,3350765744394814848,HorBranch*
2MASS J21115097+6706338,2221856749104679168,HorBranch*
2MASS J03350784+5049134,442031922371149824,HorBranch*
2MASS J06314979+0613459,3132087480222132992,HorBranch*
UCAC4 664-070935,2105529655839117568,HorBranch*
TYC 6290-2188-1,4082363464228063488,HorBranch*
PB  2206,1491853080632116992,HorBranch*
2MASS J15421013-0212506,4403647530712004352,HorBranch*
HE 0033-5226,4925196782539019136,HorBranch*
2MASS J05214392+1523180,3390623831173775232,HorBranch*
2MASS J18343250-0147488,4271720596532980992,HorBranch*
HE 0347-4308,4836564256870121984,HorBranch*
SBSS 1205+528,1548813314868957568,HorBranch*
2MASS J05433323+2052073,3403034907974315392,HorBranch*
SDSS J211836.64+094330.3,1743696180318908544,HorBranch*
HE 0959+0019,3833549957139488640,HorBranch*
RL 117,3426616859709452288,HorBranch*
PHL  2766,2418041062658379008,HorBranch*
SDSS J125006.36+103611.8,3735163010986225664,HorBranch*
2MASS J06403581-0534143,3103579892494874752,HorBranch*
AG+24  477,3420498932194562560,HorBranch*
2MASS J16142052+5200218,1424779091765210496,HorBranch*
2MASS J00263055+5004096,394639393500985344,HorBranch*
2MASS J00381823+5515283,418555734213057280,HorBranch*
2MASS J21234193+6611274,2220819462964251904,HorBranch*
HE 2003-5749,6447622810475781760,HorBranch*
2MASS J02083443+5456240,456453494840803072,HorBranch*
TYC 3135-240-1,2052121806240614656,HorBranch*
2MASS J16593990+3904246,1351912527751020672,HorBranch*
SDSS J024034.94-011023.7,2496882879662428288,HorBranch*
TYC 3142-1420-1,2125716002132201088,HorBranch*
CRTS J083614.1+340449,711326268747087616,HorBranch*
2MASS J16042017+8455404,1724236856026880384,HorBranch*
2MASS J20583988+5020511,2168980028038082560,HorBranch*
HE 1004+0113,3834946169403330816,HorBranch*
2MASS J16063400+0659596,4450860628730118912,HorBranch*
2MASS J07111295-2306158,2927595394244295424,HorBranch*
2MASS J07282103+2322132,866718322955705472,HorBranch*
BD+41  3275,2102123609335417216,HorBranch*
2MASS J17321347+3611296,1336331146612171520,HorBranch*
SDSS J091912.81+210544.5,637668159440115712,HorBranch*
SDSS J161021.10+173211.1,1198942324000230784,HorBranch*
SDSS J104932.14+652014.0,1058780769281091328,HorBranch*
2MASS J20121445+5423253,2185572075117154688,HorBranch*
UCAC4 654-070859,2101372849052645760,HorBranch*
CHSS 3198,2750557568153254784,HorBranch*
2MASS J03492849-1003176,3194278233007250432,HorBranch*
SDSS J221711.67+394310.1,1956918530355858176,HorBranch*
HE 1421-0417,3642543282494221824,HorBranch*
SDSS J212417.79+101942.7,1745209073957234816,HorBranch*
2MASS J08045734+4858271,934591828572467072,HorBranch*
2MASS J19402919+4043314,2076607105555093376,HorBranch*
2MASS J00132286-2823364,2321306991719235200,HorBranch*
HE 2240-4241,6544260811584935168,HorBranch*
HE 2302-5633,6493755810116807296,HorBranch*
TYC 3134-121-1,2051845244701929472,HorBranch*
SBSS 1359+506,1512132266935896448,HorBranch*
[DBE2012b] 88-TARG100,3265998307037736192,HorBranch*
TYC 3144-25-1,2078699471876674176,HorBranch*
2MASS J00385709+5151218,416052524190116352,HorBranch*
2MASS J18555124+4144292,2104493911585092224,HorBranch*
2MASS J03332631+4702223,248110365086890752,HorBranch*
2MASS J20414058+4251026,2066549249915283584,HorBranch*
2MASS J06153822+1633098,3369922432406104320,HorBranch*
GES J05142016-4001308,4819279659204466304,HorBranch*
2MASS J18103962-1902358,4095486891425643904,HorBranch*
2MASS J06384534-0252379,3106445395892558720,HorBranch*
2MASS J02565998+6630072,516427799684154368,HorBranch*
2MASS J08480398+1032379,598545753313046016,HorBranch*
2MASS J19201248-0616496,4211029826731052800,HorBranch*
2MASS J16215118+6203124,1628252720737324928,HorBranch*
2MASS J10300352+3437048,749735027402964608,HorBranch*
2MASS J13244660-0232573,3637917190399390336,HorBranch*
HE 1059-0113,3803583764156694272,HorBranch*
2MASS J06371172+0538195,3131842087271119744,HorBranch*
HE 1422-0632,3641232625978959488,HorBranch*
HE 0113-3213,5028555204876204672,HorBranch*
2MASS J04293830+4115119,180114955414191360,HorBranch*
SDSS J104826.20+021022.6,3809131457449413632,HorBranch*
2MASS J04434773-5401055,4777764436600530816,HorBranch*
2MASS J00465271+6634271,526175416944377344,HorBranch*
CRTS J152755.7-105350,6315171585344467840,HorBranch*
TYC 3541-232-1,2107263929272834816,HorBranch*
2MASS J00143556-2936368,2320320283112487936,HorBranch*
2MASS J23211274+6223585,2015060258559365376,HorBranch*
SDSS J140449.46-012917.9,3659292143120075264,HorBranch*
SDSS J151627.30+061801.5,1163076117260412160,HorBranch*
2MASS J22285917+5307355,2001532932653282560,HorBranch*
HE 1502-0356,6335947132428644224,HorBranch*
2MASS J06434514-0103075,3107267246476462080,HorBranch*
TYC 2046-577-1,1303098888699219712,HorBranch*
2MASS J08410935+1530526,657683501609507840,HorBranch*
TYC  724-347-1,3343348885631184128,HorBranch*
2MASS J13504657+4357224,1502412446707472768,HorBranch*
BPS CS 22943-0113,6675815694222690304,HorBranch*
2MASS J01213584-3802165,5009549149957775104,HorBranch*
TYC 1334-980-1,3359567914794044672,HorBranch*
2MASS J07404907-1213518,3030918430353110528,HorBranch*
SDSS J125757.64+174151.0,3940713759157655424,HorBranch*
2MASS J05025268+4232286,201816428730486400,HorBranch*
2MASS J04395491-5332444,4777851091860729856,HorBranch*
2MASS J06480564+0713015,3133157098876424704,HorBranch*
2MASS J06403510-0130054,3106897256514746752,HorBranch*
HE 1424-0423,3642106845097355648,HorBranch*
2MASS J14115807+5226514,1608137052428011392,HorBranch*
LB 11236,4012429233280350720,HorBranch*
2MASS J06325881+0903291,3326417536135741568,HorBranch*
NGC  7099    96,6816575855709383936,HorBranch*
2MASS J04375755+5858090,279025062943722240,HorBranch*
UCAC4 644-072622,2052152970523972608,HorBranch*
SDSS J010018.40-003819.2,2536168125180629760,HorBranch*
TYC 3131-621-1,2105294807025746560,HorBranch*
2MASS J07420918+1729354,671089778168212096,HorBranch*
TYC 1332-1782-1,3369703320356097408,HorBranch*
HE 1102-0131,3803333831420300544,HorBranch*
TYC 3149-258-1,2079041007679254912,HorBranch*
2MASS J05331048+6148094,286196593176135424,HorBranch*
TYC 4923-846-1,3797787211870349056,HorBranch*
2MASS J19142417+0953173,4309252838267928064,HorBranch*
SDSS J201336.46-120556.8,6880557747298614656,HorBranch*
2MASS J21191089+4846329,2164997425124401280,HorBranch*
2MASS J00143358+7333410,537911569695257600,HorBranch*
BD-12   133,2376593253862737280,HorBranch*
2MASS J05303739+2547256,3417848804230502912,HorBranch*
SDSS J144345.36+210753.3,1241321281703449344,HorBranch*
ATO J200.7913-13.8877,3608453130633479424,HorBranch*
2MASS J07593456+3929508,919781269507973888,HorBranch*
SDSS J080841.30+842223.3,1149409084649520512,HorBranch*
HE 0224-6223,4701367001448168320,HorBranch*
TYC 3149-1381-1,2078976484392946560,HorBranch*
2MASS J04501391+3939408,200131873836632320,HorBranch*
TYC 2040-1411-1,1319711031926018176,HorBranch*
Ton S 375,5082253531711357824,HorBranch*
TYC 4803-1342-1,3106394401741654784,HorBranch*
2MASS J05354938+4647368,210548677059693312,HorBranch*
EC 21306-7230,6371273135360171776,HorBranch*
2MASS J22123701+4226325,1958439223656710016,HorBranch*
SDSS J103045.95+445942.6,830020576192252288,HorBranch*
Ton  622,3958799419763838336,HorBranch*
SDSS J205432.73+153236.7,1762027959731150336,HorBranch*
2MASS J04153309+4527432,232912919667514112,HorBranch*
2MASS J01011454+2626071,307402839579100800,HorBranch*
2MASS J03393878-0251348,3250581165447845760,HorBranch*
2MASS J02502649+0827011,20504384325098368,HorBranch*
UCAC4 662-077701,2077138169674103552,HorBranch*
2MASS J00475234+4007072,368906771258182656,HorBranch*
UCAC2    990807,6415757348596228096,HorBranch*
2MASS J03331939+5914151,450238436644542464,HorBranch*
2MASS J21410771+6002295,2203678557729713536,HorBranch*
2MASS J04333066+4616537,253871393698483328,HorBranch*
2MASS J02321266+6035574,465423757376504832,HorBranch*
2MASS J03184606+0205462,3268651016278516096,HorBranch*
2MASS J04201439+5512382,276550612027817728,HorBranch*
SDSS J021249.96+062930.5,2520274645945917696,HorBranch*
2MASS J18322909-1307495,4104812979093637760,HorBranch*
2MASS J00153809+7147181,537155792890797952,HorBranch*
SDSS J011334.30+261337.3,306821056193132288,HorBranch*
HE 1247-1127,3529578117826640768,HorBranch*
UCAC4 689-070488,2080647570266724736,HorBranch*
2MASS J01193512+0142279,2535439492568471680,HorBranch*
GSC 03551-00099,2129701555682384640,HorBranch*
UCAC4 671-068933,2106601744095481728,HorBranch*
2MASS J07085285+0554083,3152738718071217024,HorBranch*
[TGC2005] 348,6490102579653154304,HorBranch*
TYC 3146-1324-1,2126084407247057920,HorBranch*
HE 0007-3250,2313371438344517888,HorBranch*
Ton  604,4014496796176813952,HorBranch*
2MASS J13480254+0101087,3664034783447046912,HorBranch*
2MASS J12560496+4211353,1528420019872673024,HorBranch*
TYC 3138-366-1,2101129272868409088,HorBranch*
SDSS J134646.03-024717.6,3658161329770471424,HorBranch*
2MASS J12190295+0036040,3698488083382969984,HorBranch*
2MASS J08180819-1258329,5726586724480695040,HorBranch*
2MASS J16113531+2349597,1302741959737229568,HorBranch*
2MASS J11051133-0703259,3784529884778456960,HorBranch*
SDSS J111756.76-124725.9,3564875396015794944,HorBranch*
SDSS J122437.46+050935.2,3708001264144743424,HorBranch*
TYC 3135-716-1,2052286423745785600,HorBranch*
2MASS J19021073-0330191,4261531868961833600,HorBranch*
SDSS J215429.03+005108.9,2681623201318164224,HorBranch*
UCAC4 638-064662,2099084387398136960,HorBranch*
2MASS J23561342+5848449,1999229318344236672,HorBranch*
SDSS J123806.80+410240.7,1534123770800799232,HorBranch*
SDSS J160553.24+184955.5,1200159380291368320,HorBranch*
2MASS J06260790+2135402,3376301386554924160,HorBranch*
2MASS J05154045+1506299,3393521761571581312,HorBranch*
2MASS J18465735-0212286,4259097893809593472,HorBranch*
HE 2341-5211,6522401936311466752,HorBranch*
2MASS J05501724+3531062,3455179491737814528,HorBranch*
UCAC4 369-064842,3603907710908634496,HorBranch*
2MASS J07172293-0515296,3058465182360464896,HorBranch*
HE 0340-5534,4731443214313664896,HorBranch*
HE 2153-1924,6824655960503209088,HorBranch*
TYC 3560-1775-1,2128812222573488000,HorBranch*
HD 232221,415915016517702912,HorBranch*
TYC 3547-2772-1,2129118505284896896,HorBranch*
HE 0100-0543,2524885520971695616,HorBranch*
EC 14153-1937,6283942117925078656,HorBranch*
HE 1530+0031,4417493611920279808,HorBranch*
UCAC4 677-070427,2126519397232297728,HorBranch*
SDSS J154925.86+221156.7,1216881646480089216,HorBranch*
UCAC4 666-081639,2078534205845530624,HorBranch*
BD+10  4923,2810845336892840960,HorBranch*
2MASS J06275618+0056569,3120423968251561856,HorBranch*
2MASS J17315861-2313186,4117416887036849536,HorBranch*
SDSS J151844.33-013708.0,4415141309871803904,HorBranch*
2MASS J04172793+4407166,232552142413262720,HorBranch*
2MASS J20150068+2708186,1835777706486648320,HorBranch*
2MASS J05212124+4234148,195281928049173248,HorBranch*
2MASS J00073963+7019304,530787524621821056,HorBranch*
HE 1401-1930,6289818904495662976,HorBranch*
HE 0011-0323,2445170996677708672,HorBranch*
SDSS J074827.72+401230.1,920789418591663360,HorBranch*
SDSS J234650.02-104807.7,2434533560980734336,HorBranch*
SDSS J114241.02+463916.0,786114014580530048,HorBranch*
SDSS J151520.62+454530.4,1395411892101720832,HorBranch*
2MASS J07554864-1754235,5717579868831074816,HorBranch*
2MASS J05590942+1305248,3343679391955794816,HorBranch*
2MASS J18313967+1452317,4509492464247038720,HorBranch*
2MASS J15593135+4432402,1384830089116916864,HorBranch*
HE 0002-5933,4918059337166117376,HorBranch*
2MASS J02442015-4359455,4946002188235796352,HorBranch*
2MASS J05471795+6239050,286585304896230656,HorBranch*
2MASS J23591253+5633484,1995000115591393280,HorBranch*
2MASS J05000546+4218431,201974620966404864,HorBranch*
TYC 3121-1495-1,2099536011797399296,HorBranch*
PHL  4293,5177927707799591936,HorBranch*
TYC 3081-836-1,1360370589667300608,HorBranch*
2MASS J13470181+3859024,1496750752097811200,HorBranch*
CHSS  833,4020422167418187264,HorBranch*
HE 0040-0239,2530095934778283520,HorBranch*
TYC 3750-804-1,216012700094707712,HorBranch*
SDSS J030612.49+004659.9,3266772539317778048,HorBranch*
SDSS J113021.84+191621.4,3977560073135261696,HorBranch*
2MASS J07124281-0319470,3108066763231907968,HorBranch*
CD-31 17605,6796153462312192384,HorBranch*
2MASS J07204410-0523460,3058415326381335936,HorBranch*
2MASS J04340480+3622041,175015656706032512,HorBranch*
2MASS J04340378+3625465,175027824348781952,HorBranch*
2MASS J06104471+4409072,962693146757263360,HorBranch*
2MASS J10171454+0545122,3861591699831022848,HorBranch*
2MASS J08151367+3049462,900828025507178240,HorBranch*
HE 1459-1344,6308838668949790208,HorBranch*
TYC 3124-618-1,2100336902938929664,HorBranch*
2MASS J18144523+0132394,4275866996624755968,HorBranch*
GPM 172.461941+16.979736,3973641761587028096,HorBranch*
[TGC2005] 122,4909076258447287040,HorBranch*
UCAC4 654-080715,2073618151929672960,HorBranch*
Cl* NGC 6656    MPF  1-217,4076835493405953152,HorBranch*
2MASS J02280287-5723465,4738724558269885568,HorBranch*
2MASS J06362447+0035463,3120478531516205568,HorBranch*
HE 0516-4121,4806870639692371200,HorBranch*
SDSS J011735.56-102911.5,2470670148794843776,HorBranch*
TYC  245-1414-1,3831910383439352448,HorBranch*
2MASS J02115185+6645186,518686883761538304,HorBranch*
2MASS J00321613+5321229,416515968346693632,HorBranch*
HE 2329-5802,6495618863849396352,HorBranch*
2MASS J04535829+3850389,199101661504257920,HorBranch*
2MASS J05384445+4519482,197419103771630592,HorBranch*
HE 1235-2437,3500177138244702336,HorBranch*
2MASS J02594155-1049054,5160890324155079808,HorBranch*
HE 1500-1407,6308807818201092480,HorBranch*
HD 171203,6735003710852578304,HorBranch*
2MASS J01515929-3921213,4961223724131807616,HorBranch*
TYC 8294-1609-1,5904216779334525184,HorBranch*
UCAC4 680-076480,2085227929551117440,HorBranch*
HE 2356-0306,2448240042868984448,HorBranch*
2MASS J18564036-0516151,4254179950098584192,HorBranch*
2MASS J08120213+5040552,935170790163930880,HorBranch*
HE 2115-4415,6576867000706565888,HorBranch*
HE 1256-2918,6184419277476867456,HorBranch*
SDSS J031357.73+401538.6,238937350029903744,HorBranch*
2MASS J00334054+5450138,418203100220873472,HorBranch*
HE 0209-6153,4713226879325375232,HorBranch*
2MASS J05122766-3752168,4820634841645044352,HorBranch*
SDSS J073857.17+202553.6,673020829824144768,HorBranch*
BD+08  2597,3901068290437153536,HorBranch*
2MASS J07085578-1658089,2935018716945285376,HorBranch*
HE 1312-1659,3511282931535301888,HorBranch*
BPS CS 22871-0108,6280750171245896448,HorBranch*
SDSS J041602.81+161939.6,3312350521809237504,HorBranch*
HD 113020,1527738734980553216,HorBranch*
HE 1256-2125,3505328182717822592,HorBranch*
2MASS J00370806+6300440,430805977375845120,HorBranch*
SDSS J111359.98+082740.1,3818823029678084224,HorBranch*
SDSS J165834.02+224825.1,4565491377416913408,HorBranch*
UCAC4 697-067057,2129065595585549440,HorBranch*
2MASS J18164092-3406022,4045359980193482112,HorBranch*
2MASS J17415456+7334538,1652380506976517504,HorBranch*
SDSS J165105.81+312501.4,1313142446382454400,HorBranch*
UCAC4 688-073917,2086358227503858560,HorBranch*
2MASS J19170845+2722437,2036393876529911936,HorBranch*
UCAC4 271-193237,6779256987952631808,HorBranch*
TYC  734-1431-1,3329456551915921536,HorBranch*
SDSS J014842.37-001211.9,2509281282014430720,HorBranch*
2MASS J06530530+4238384,952033652106745984,HorBranch*
2MASS J05344046+4450303,207913529942553984,HorBranch*
2MASS J03571749+3916310,229724816980216192,HorBranch*
TYC  221-755-1,581643029778724608,HorBranch*
TYC 3544-1705-1,2119609933022506880,HorBranch*
2MASS J04561902+4834100,256163948461399552,HorBranch*
HE 1356-1115,3612925359819623168,HorBranch*
SDSS J151801.06+395003.3,1388774170468883584,HorBranch*
2MASS J11124456+1153384,3964463897511630336,HorBranch*
SDSS J124706.04+253805.7,3961080867736201344,HorBranch*
2MASS J06313924+0552434,3132025259035482880,HorBranch*
[MMP2014] 19229,5248759140226836096,HorBranch*
HE 0504-4441,4810841732094610432,HorBranch*
2MASS J07315476-1927537,5716559831278033024,HorBranch*
2MASS J06194469+3316467,3439898754011067136,HorBranch*
2MASS J03260225-3816108,4853594077076495872,HorBranch*
BPS BS 16033-0099,1442741950666839040,HorBranch*
2MASS J17354208+3450334,4602614983076088960,HorBranch*
2MASS J06425438+1338078,3352771043150230784,HorBranch*
2MASS J04332165+4127387,204085099174111872,HorBranch*
EC 19193-7309,6415883380116977024,HorBranch*
2MASS J08211829-0037260,3077139287839730944,HorBranch*
SDSS J081408.83+212118.5,676046273506927616,HorBranch*
BPS CS 22871-0099,6232266140867397248,HorBranch*
2MASS J05312638+5331135,264676230041568512,HorBranch*
2MASS J05202674+4251053,207312539463443712,HorBranch*
HE 2251-5307,6512532479421131136,HorBranch*
2MASS J05394489+5532077,268120587654439296,HorBranch*
SDSS J112611.10+203149.0,3978501190664366464,HorBranch*
HE 1334+0205,3711579281139888640,HorBranch*
SDSS J153232.72+093838.1,1165509267773777024,HorBranch*
2MASS J11415303+3629239,4032367089943445888,HorBranch*
HE 1255+0100,3690201579640371968,HorBranch*
2MASS J08183412+7826147,1138104902524709760,HorBranch*
SDSS J103731.54+311429.6,736130666953262976,HorBranch*
2MASS J18413837-1021583,4107138897253949952,HorBranch*
TYC 3134-152-1,2051938565753316608,HorBranch*
2MASS J03553048-4307057,4841766664856229632,HorBranch*
UCAC4 674-067243,2106692419444542720,HorBranch*
2MASS J22323686+5823240,2008014175741922944,HorBranch*
2MASS J12204012+1348417,3909074178197298304,HorBranch*
Feige  83,1560388041276152576,HorBranch*
2MASS J14131684+5901386,1659824956609917184,HorBranch*
2MASS J05465392+1108106,3337004325580517120,HorBranch*
SDSS J131245.06+180523.9,3937269538984508928,HorBranch*
2MASS J03011839+5259184,441032981699255424,HorBranch*
SDSS J085144.52+032344.0,581132547145857152,HorBranch*
2MASS J07350362+2240491,865759166562598016,HorBranch*
2MASS J00363660+5334000,416489167749964160,HorBranch*
2MASS J06501356+0803233,3133364429837364096,HorBranch*
HE 1318-0647,3631396330532574720,HorBranch*
SDSS J014906.96+005747.2,2511063315485089024,HorBranch*
2MASS J17232276+5505038,1419709793405173120,HorBranch*
2MASS J02593150+5309129,441232233821219328,HorBranch*
2MASS J02244264+5927443,459257451347202304,HorBranch*
SDSS J172009.78+612502.3,1437742952332380288,HorBranch*
2MASS J04073814+4801009,246321326531551616,HorBranch*
TYC 3540-1328-1,2107210259362068096,HorBranch*
2MASS J16112071+6932028,1646875939449904896,HorBranch*
2MASS J00243034+6619236,527853920226776576,HorBranch*
UCAC4 693-064545,2131596602631568000,HorBranch*
SDSS J174550.58+263623.9,4594281440853191296,HorBranch*
2MASS J01261877+5925050,510069564465788032,HorBranch*
SDSS J122201.69+412326.5,1533461418123917056,HorBranch*
SDSS J011217.70-084020.1,2471901052061953408,HorBranch*
2MASS J06211457-0052270,3118625579546064384,HorBranch*
2MASS J00093873+6921422,530623697388468480,HorBranch*
SDSS J134252.46+093814.1,3725406872514373248,HorBranch*
2MASS J06144469+3201361,3439713898619189632,HorBranch*
2MASS J20490856+5014586,2168192644580379008,HorBranch*
2MASS J19024293+4527023,2106398441823103488,HorBranch*
2MASS J13423420+7636124,1713191299652238848,HorBranch*
UCAC4 647-073060,2076202038602951424,HorBranch*
HE 1246-0136,3682755996134725632,HorBranch*
2MASS J06093542+2710473,3430237963815923840,HorBranch*
SDSS J183617.40+413443.2,2110811881495262208,HorBranch*
HE 1246-3111,6160550460585885568,HorBranch*
Cl* NGC 6656    MPF  3-118,4077498155319332480,HorBranch*
2MASS J05310686+3935558,190787021432080128,HorBranch*
SDSS J124805.82+372108.8,1520214639471834368,HorBranch*
SDSS J074602.03+193420.3,671932897428830336,HorBranch*
2MASS J07125958+3634018,897871984200348160,HorBranch*
2MASS J03265911+3020334,120916729680366464,HorBranch*
2MASS J19252702+4448131,2126619491450995200,HorBranch*
SDSS J020457.06+003210.8,2507985408777310464,HorBranch*
TYC 8930-1962-1,5297763686273730432,HorBranch*
NGC  2175    50,3375205203523100544,HorBranch*
2MASS J06002713+1328298,3343792160616831360,HorBranch*
2MASS J00285829+6322455,430984098260703616,HorBranch*
BD+24  2632,1443992640847611392,HorBranch*
2MASS J18371430-2358534,4076832950785457920,HorBranch*
SDSS J204727.71-052013.8,6913544569301477248,HorBranch*
HE 1418-1139,6303593659184277248,HorBranch*
2MASS J02050118-0756575,2463368429513004288,HorBranch*
2MASS J01274364+5811590,413170394985088128,HorBranch*
2MASS J05380699+4453394,197393883724076160,HorBranch*
[TGC2005] 359,6490307226255054592,HorBranch*
UCAC4 666-074944,2102046677882416640,HorBranch*
2MASS J00542518+6742557,526670884369839872,HorBranch*
SDSS J171327.69+313256.8,1333413523788702720,HorBranch*
SDSS J152706.54+180018.0,1208831773959019904,HorBranch*
2MASS J22104535+6554346,2218873361743733760,HorBranch*
SDSS J112916.35+104825.3,3915516148104024832,HorBranch*
HE 0209-4810,4939715627424850304,HorBranch*
NGC   288    18,2342908615635797376,HorBranch*
NGC  2324    75,3114552679240910080,HorBranch*
2MASS J06261659+2215237,3376407382051517824,HorBranch*
2MASS J06324135-3115208,2893908320773424256,HorBranch*
HE 2339-4858,6524700980766138112,HorBranch*
2MASS J08481926-1345121,5734881401544391424,HorBranch*
HE 0452-1846,2979276946173566848,HorBranch*
2MASS J06580256+0812306,3157237095018389760,HorBranch*
TYC 3144-1707-1,2077013065863839360,HorBranch*
SDSS J162645.26+132909.7,4460657895807829376,HorBranch*
2MASS J06502971+0200232,3126174551505448192,HorBranch*
SDSS J163640.60+240740.1,1300480882794735488,HorBranch*
2MASS J11062172-0446013,3788454041777634432,HorBranch*
SDSS J093822.40+454446.8,824207488277846016,HorBranch*
SDSS J145416.81+091217.2,1173864040020651392,HorBranch*
2MASS J05582713+1646496,3349733131178908288,HorBranch*
2MASS J02521984-4421156,4755174076855262080,HorBranch*
2MASS J20035444+4445495,2082087827422193536,HorBranch*
SDSS J124334.88+301955.9,4011229489999863808,HorBranch*
2MASS J01063461+5910189,426171119247173504,HorBranch*
2MASS J18362163-2355294,4077494517508910592,HorBranch*
SDSS J115731.70+311758.8,4026533248749465856,HorBranch*
HE 2318-1117,2412796460914831360,HorBranch*
2MASS J07033803-1713555,2935385541510628480,HorBranch*
UCAC4 669-072513,2126103683060358656,HorBranch*
SDSS J013127.60+001144.1,2510015961944639616,HorBranch*
HE 0121-3436,5013629781206039936,HorBranch*
2MASS J17352679+7337002,1652556016519539456,HorBranch*
2MASS J18415782-0203012,4259547250476497280,HorBranch*
2MASS J05502307+1037536,3336818817353597056,HorBranch*
2MASS J01343595+5756198,508979158167221888,HorBranch*
2MASS J05583357+2158041,3424045857923516032,HorBranch*
2MASS J23555601+6417146,2016452240283988096,HorBranch*
SDSS J073933.37+375246.9,896165954470740224,HorBranch*
SDSS J161052.60+203004.0,1204870336642961408,HorBranch*
TYC 3256-2535-1,391618897621682432,HorBranch*
UCAC4 679-064776,2107025197809675904,HorBranch*
2MASS J19404899+3127547,2033145025851126784,HorBranch*
2MASS J07154607+0459407,3140388934749174272,HorBranch*
SDSS J162841.07+145921.5,4465396236870419584,HorBranch*
2MASS J05165345+2553373,3420708393454980992,HorBranch*
2MASS J05581330+3155170,3450255947386531456,HorBranch*
2MASS J06273305+2132573,3376122230581080320,HorBranch*
SDSS J021121.78+133419.7,74156462951637632,HorBranch*
SDSS J112617.06-083029.1,3591196398714721664,HorBranch*
2MASS J03222386+1906056,56268336481428480,HorBranch*
2MASS J00424550-4348595,4980572689239763584,HorBranch*
2MASS J01515961-0759506,2466168164074537600,HorBranch*
SDSS J094444.23+064552.5,3853363431549954304,HorBranch*
2MASS J19443127+5024243,2135350056152006016,HorBranch*
HE 1523-0401,4401655524879494784,HorBranch*
2MASS J19003228-0304073,4261608942193689600,HorBranch*
2MASS J16113577+4241508,1384998142597481216,HorBranch*
SDSS J084508.59+141911.3,609325846348707328,HorBranch*
2MASS J06435176+0907260,3134464800458373760,HorBranch*
SDSS J085043.32+045520.7,581908488822377472,HorBranch*
2MASS J05513304+2112085,3399929582196617344,HorBranch*
TYC 3389-1-1,991986026305962112,HorBranch*
2MASS J17181646+2324051,4568540396178221824,HorBranch*
2MASS J22195607-0206151,2677401596358786688,HorBranch*
SDSS J161217.28+350158.0,1329774685763686400,HorBranch*
2MASS J02051338-2719331,5117575372817197568,HorBranch*
2MASS J06395918-0305484,3106410967435208448,HorBranch*
PSO J245.2111-07.2921,4351964093296907264,HorBranch*
2MASS J16555519+4709311,1407653236090231936,HorBranch*
2MASS J05420200+4708538,209913365496654592,HorBranch*
2MASS J05012636+3639329,186621933947196544,HorBranch*
TYC 2766-876-1,2871382385536045696,HorBranch*
SDSS J085612.68+185125.9,660390357502024960,HorBranch*
2MASS J04410165+4628589,254114729366002688,HorBranch*
TYC  774-2034-1,3167435855638759424,HorBranch*
2MASS J18204821+0102201,4276489732521805824,HorBranch*
2MASS J05415866+2747339,3441809189824617472,HorBranch*
HE 0316-4238,4851003318443955456,HorBranch*
2MASS J07533428-1726557,5717808361089713280,HorBranch*
[SDS2012] Pal 12   59,6817943549389803392,HorBranch*
HE 1343-0801,3618272456664278272,HorBranch*
2MASS J07030286-1216149,3045771526777092864,HorBranch*
HE 0159-5735,4718415238474996992,HorBranch*
2MASS J02402635+5453585,454015224726366336,HorBranch*
SDSS J161609.09+301100.6,1318678792370056960,HorBranch*
2MASS J14485304+5322452,1605811104298768128,HorBranch*
2MASS J03453802+6119468,474536372306236288,HorBranch*
TYC 3143-1367-1,2077696240540488320,HorBranch*
2MASS J19072045+3220353,2042918000559850880,HorBranch*
2MASS J00263848+5327128,419428437209752832,HorBranch*
2MASS J19550741+2954078,2030313199295515136,HorBranch*
2MASS J03241898+5025334,441867511024018176,HorBranch*
2MASS J21053743+3915505,1872263797248434176,HorBranch*
2MASS J18163078-3407335,4045362767731900672,HorBranch*
2MASS J07113789-0309206,3108119093115274880,HorBranch*
2MASS J07530163-1742413,5717771596168568960,HorBranch*
2MASS J07023446-0441535,3101528238154682368,HorBranch*
HE 1439-1234,6323690910673543040,HorBranch*
2MASS J04461967+3802110,199371080507835776,HorBranch*
2MASS J19073657+4159079,2105435647594390144,HorBranch*
HE 0053-1659,2371163659286380928,HorBranch*
2MASS J07521823+5158178,984082290047868800,HorBranch*
2MASS J16391466+4108029,1356101293392069120,HorBranch*
UCAC4 680-070219,2126751020530669952,HorBranch*
SDSS J073232.33+363943.4,898615150981000192,HorBranch*
2MASS J18293235-0334198,4257968729725472384,HorBranch*
Ton S 266,5069729475794905344,HorBranch*
HE 1302-2032,3505805508203047552,HorBranch*
2MASS J14521430-0755525,6327270130259780480,HorBranch*
HE 1256-2307,3498908580999710976,HorBranch*
TYC 3146-257-1,2126175701070837760,HorBranch*
HE 1530-1009,6316795044326765312,HorBranch*
SDSS J012151.96+375735.8,323227590745814144,HorBranch*
UCAC4 690-071981,2086423029971741696,HorBranch*
Cl* NGC 5904    ARP    3072,4421571941069946624,HorBranch*
2MASS J05400755+2420026,3428667551972258816,HorBranch*
2MASS J00124094+7555200,539758543071166848,HorBranch*
2MASS J05563327+2547471,3429851790417229568,HorBranch*
2MASS J06384561+0934235,3326798624293240064,HorBranch*
2MASS J07313822-1130017,3034905671836136448,HorBranch*
2MASS J07040099+0443321,3128534481414478592,HorBranch*
2MASS J15000393+1654169,1187261043744405376,HorBranch*
2MASS J19491218+1840552,1821562219406791680,HorBranch*
2MASS J06484268-0620021,3100315927808082944,HorBranch*
TYC 3897-237-1,1422056524880199680,HorBranch*
SDSS J134712.12+265643.9,1451405002782181760,HorBranch*
SDSS J171935.27+262234.8,4574040943613830144,HorBranch*
[MDL2014] 100,2342906137437959808,HorBranch*
2MASS J19482881+2442527,2020665843728691456,HorBranch*
BPS BS 16022-0033,4008568401278438144,HorBranch*
2MASS J16343332+3956151,1332679183163196288,HorBranch*
SDSS J124508.97+300541.5,1513210436869347584,HorBranch*
2MASS J05124632-4714458,4797942570915202048,HorBranch*
2MASS J19531723+4806297,2086488072955286272,HorBranch*
2MASS J04180878+5440084,275691687285938688,HorBranch*
UCAC4 644-071725,2052186608708519936,HorBranch*
CHSS   99,732365148866184832,HorBranch*
2MASS J05183987+2410163,3417396660135796608,HorBranch*
2MASS J21084984+1020082,1744866030625418624,HorBranch*
[PS72]  57,6608073855120958080,HorBranch*
[RPS2021b] UV4,5579127440508777600,HorBranch*
2MASS J07255035-1010152,3047309812263854080,HorBranch*
2MASS J20225326+2830394,1860347839986127232,HorBranch*
BPS CS 22872-0112,4352603459307749632,HorBranch*
PHL  8071,2511029990834569216,HorBranch*
HE 1101-0327,3789351685646713344,HorBranch*
UCAC4 669-072245,2126837022954997376,HorBranch*
2MASS J18495818-0323436,4258734195981685248,HorBranch*
2MASS J12290015+1523428,3933308337889889664,HorBranch*
2MASS J22284211+6308138,2205208012760258560,HorBranch*
2MASS J06541764+1538202,3354953887265781760,HorBranch*
2MASS J12265696-0115515,3694823823444941568,HorBranch*
TYC 3544-1280-1,2143722734117722112,HorBranch*
2MASS J19155529+3929143,2101210808525588736,HorBranch*
SDSS J160922.29+365250.1,1378267791405554432,HorBranch*
HE 2131-3817,6588796633148476416,HorBranch*
2MASS J02111461-5629292,4742378029250594816,HorBranch*
TYC  763-2-1,3155263089390175872,HorBranch*
2MASS J18504140-2753509,4071922811056913920,HorBranch*
TYC 3543-185-1,2127071734327643008,HorBranch*
2MASS J05463535+3636063,3456234163907178368,HorBranch*
2MASS J00533627+5942524,426107042637353088,HorBranch*
2MASS J05461422+1115003,3337020474657561344,HorBranch*
2MASS J21174378+3228486,1854475314019933952,HorBranch*
UCAC4 386-072636,4330479429933190400,HorBranch*
2MASS J23424925+1114186,2763552558644416768,HorBranch*
UCAC4 656-077377,2077006743671926656,HorBranch*
TYC 3547-57-1,2129521824191040256,HorBranch*
SDSS J124231.99-011144.9,3683720710213366912,HorBranch*
SDSS J123052.74+152400.4,3933633312295287040,HorBranch*
SDSS J084641.90+540837.9,1029992359410686976,HorBranch*
SDSS J121935.77+364320.4,1531513285382292608,HorBranch*
2MASS J06145866+0010534,3121906934558078592,HorBranch*
2MASS J02534579-2450093,5076251263374977536,HorBranch*
2MASS J05340534+2644548,3441928482541392256,HorBranch*
2MASS J06460769+0141339,3125961826065359104,HorBranch*
2MASS J06073396+1301240,3344229899384937344,HorBranch*
HE 1410-0446,3644131939357397376,HorBranch*
TYC 3895-1514-1,1432825519719584640,HorBranch*
2MASS J07193148+2917588,885435893510674048,HorBranch*
2MASS J18343318-3001500,4047418540845008768,HorBranch*
2MASS J05403882+2338582,3404419506647659648,HorBranch*
2MASS J16311611-1241484,4330676586110149248,HorBranch*
HE 0303-0540,5182550844956636032,HorBranch*
2MASS J20092899+1944156,1822699595467254656,HorBranch*
2MASS J16030847+5430076,1429136314611357184,HorBranch*
HE 1454-0645,6333451584630987008,HorBranch*
2MASS J16331681-1248208,4330486542399886208,HorBranch*
UCAC4 646-069424,2052958603303885696,HorBranch*
2MASS J05151162+3723388,187325415232264448,HorBranch*
TYC 2920-1915-1,192202642652845824,HorBranch*
SDSS J184420.53+412657.4,2098666641696113280,HorBranch*
2MASS J06265981+0134585,3123881932321323008,HorBranch*
2MASS J05314768+3548487,183382875771949440,HorBranch*
TYC 1939-1249-1,684279515358628096,HorBranch*
SDSS J144909.41+090158.1,1173668945425983232,HorBranch*
SDSS J141056.93+355800.5,1482492285309149056,HorBranch*
SDSS J120614.15+135653.3,3921570089191230464,HorBranch*
2MASS J03373542+4704553,248148302536195584,HorBranch*
2MASS J07030690-1700479,2935440375349798656,HorBranch*
KOI-5681,2080063523433762048,HorBranch*
2MASS J04424834-1548225,3173004263557993728,HorBranch*
2MASS J21223566+4558126,1972115361612563712,HorBranch*
HE 1009-1154,3765893025248438656,HorBranch*
TYC 2976-790-1,921350306960892672,HorBranch*
SDSS J172900.56+080412.6,4490238297648566016,HorBranch*
2MASS J03471748+4800259,248481244101258880,HorBranch*
SDSS J110816.57+190206.6,3984097734914775040,HorBranch*
2MASS J01093816-4819530,4932142397491672832,HorBranch*
HE 0253-3759,5045645979259099904,HorBranch*
SDSS J134754.76+053102.4,3714269541279333376,HorBranch*
2MASS J07264389-0911536,3047519578467251584,HorBranch*
2MASS J13541894+4438420,1502645714970759936,HorBranch*
2MASS J03293087+4540541,242008217289858944,HorBranch*
2MASS J06182949+3332374,3440096425586644096,HorBranch*
2MASS J05581957+1614053,3348925196290045568,HorBranch*
2MASS J19582368+4728385,2085651447685467776,HorBranch*
2MASS J05590851+2258383,3424552694127982208,HorBranch*
2MASS J13173109+1736013,3938482953143846272,HorBranch*
PHL  5297,2621742973435605632,HorBranch*
2MASS J05573698+3027544,3443839884723150720,HorBranch*
2MASS J19130550+4220596,2102517131417868288,HorBranch*
UCAC4 128-154870,5827916577927868288,HorBranch*
2MASS J05280782+4142503,194579786792934784,HorBranch*
HE 1937-6703,6427828371362741760,HorBranch*
2MASS J06350384+1629195,3357359442608811008,HorBranch*
2MASS J03311636+5758436,449871023660437504,HorBranch*
BPS CS 30493-0012,6554460912236445568,HorBranch*
SDSS J002713.00-093258.4,2426647455564854784,HorBranch*
GSC 04708-00800,3265700103163910656,HorBranch*
2MASS J05004478+4236169,202014718780702592,HorBranch*
SDSS J124901.13+120304.7,3928039345028175104,HorBranch*
[TGC2005]  81,4903241459476574848,HorBranch*
2MASS J08201293+2802171,683366993722725504,HorBranch*
2MASS J03202402-4616519,4846258749675561600,HorBranch*
2MASS J05180035+1724163,3394442022740260352,HorBranch*
2MASS J00000211+6327470,431594980053422720,HorBranch*
2MASS J16301035-1417392,4330214859946269440,HorBranch*
2MASS J15572694+4544049,1397147539925357440,HorBranch*
HE 1419-1733,6296631482837333760,HorBranch*
2MASS J07433873+2117403,673192078760125440,HorBranch*
2MASS J19515888+0446175,4290429714594046592,HorBranch*
SDSS J102322.42+320758.9,748808856360147200,HorBranch*
HE 1303-0903,3626171416917723648,HorBranch*
TYC 5460-235-1,5744950767686471808,HorBranch*
SDSS J034933.66+090743.7,3302363898212723200,HorBranch*
HE 1509-0547,6334543743274952960,HorBranch*
SDSS J031402.94+394823.2,238840176394409984,HorBranch*
2MASS J18290822+0437541,4284265925437687424,HorBranch*
HD 154903,5814757008599356928,HorBranch*
SDSS J170904.83+410910.0,1354004730876795008,HorBranch*
2MASS J02593472+6629481,516413849630352128,HorBranch*
2MASS J18361716-1249512,4104745329156995968,HorBranch*
SDSS J094302.18+041956.7,3848287707918960256,HorBranch*
2MASS J01403009-0044145,2509000498528034560,HorBranch*
HE 0931-0458,3824092954549995008,HorBranch*
2MASS J03234961+6955569,542756636401685632,HorBranch*
2MASS J18572113+4155168,2104123861503335936,HorBranch*
Cl* NGC 7099     AL      13,6816581353267520128,HorBranch*
2MASS J03540889+4916251,250066572369996160,HorBranch*
2MASS J04564046+4102427,201632909067563904,HorBranch*
SDSS J093845.46+522108.3,1020366616145202176,HorBranch*
2MASS J19344530-0414587,4210242645120122368,HorBranch*
CRTS J040818.3-395145,4844055779345934976,HorBranch*
2MASS J21270678+4629296,1972235242745514496,HorBranch*
2MASS J18023934+0308005,4469405575962116224,HorBranch*
2MASS J05102587+4533449,205754394045463424,HorBranch*
UCAC4 658-079715,2076842087504272640,HorBranch*
SDSS J012249.76+075344.0,2566446854342956672,HorBranch*
2MASS J05102193+4121433,201089995141675136,HorBranch*
SDSS J083117.12+383345.7,911179098552846080,HorBranch*
2MASS J06552117-0836249,3050757056093414016,HorBranch*
2MASS J07193591+0619550,3141136018539835904,HorBranch*
HE 0005-4848,4977758832826849664,HorBranch*
UCAC4 658-069679,2104051602973188096,HorBranch*
2MASS J18261167-0342111,4269594385861562752,HorBranch*
2MASS J18500187+1310162,4505474058496960640,HorBranch*
HD   6229,2804091414920169344,HorBranch*
2MASS J13290610-0210159,3638364348034636160,HorBranch*
2MASS J06014306+1303469,3343573392161593216,HorBranch*
HE 2223-5037,6511025633096038784,HorBranch*
Ton  38,736221411022290048,HorBranch*
SDSS J065826.04+115428.7,3160761888778719104,HorBranch*
2MASS J04320016+3547305,174883062474887040,HorBranch*
2MASS J03572053+5756093,469948556962668032,HorBranch*
UCAC4 679-068853,2126679273094782208,HorBranch*
2MASS J05085762+4153253,201306014818436352,HorBranch*
BPS CS 29529-0055,4679452875713840384,HorBranch*
UCAC4 658-075476,2077638236999272704,HorBranch*
2MASS J05434121+1125224,3340040214623869696,HorBranch*
2MASS J19223142+4841580,2129528627418429824,HorBranch*
SDSS J193601.52+625859.6,2241815462129593728,HorBranch*
HE 1527-0023,4416967117649196032,HorBranch*
2MASS J20142791+2016526,1828572916018154496,HorBranch*
UCAC4 678-073793,2079950205016633472,HorBranch*
2MASS J00290741+6006406,428525624620432896,HorBranch*
2MASS J00274307+5815557,427929380078469760,HorBranch*
2MASS J23535079+6709150,2210035830876661376,HorBranch*
2MASS J08013704+4058485,921498363073266304,HorBranch*
2MASS J03480900+4943280,250322380621397248,HorBranch*
2MASS J08161575-1330191,5726539131946217728,HorBranch*
2MASS J05511205+3429213,3454513767508001024,HorBranch*
[TGC2005]  88,4710626435542488064,HorBranch*
2MASS J19130753+2841140,2039005143614164608,HorBranch*
2MASS J05363422+3248061,3448821393951494656,HorBranch*
HE 1514-0141,4415109355315001856,HorBranch*
UCAC4 690-071373,2086602078565184768,HorBranch*
2MASS J20193934+2702471,1835911022267845760,HorBranch*
2MASS J06580020-0934271,3049866692191696128,HorBranch*
2MASS J04512282+4916288,256126698206674176,HorBranch*
2MASS J04090930+4647012,246012295043499392,HorBranch*
UCAC4 688-069300,2129128400889521152,HorBranch*
Cl* Berkeley   32    SBR     940,3129904988299732992,HorBranch*
TYC 1127-794-1,1745886063882193280,HorBranch*
2MASS J06342911+0133159,3120869644119277952,HorBranch*
2MASS J15155068+4428424,1395280947138657408,HorBranch*
2MASS J19010271+4837597,2131963324117996800,HorBranch*
HE 2249-6208,6394881196195764480,HorBranch*
2MASS J11004122+3001381,733184731705110528,HorBranch*
SDSS J150059.84-004435.6,6340968391578718464,HorBranch*
2MASS J06082765+2732293,3430308607437511168,HorBranch*
2MASS J05054596+4235339,202157586573787648,HorBranch*
TYC 3562-97-1,2086931554097191936,HorBranch*
HE 1117-0025,3797740139028550912,HorBranch*
LB  2661,1662995329668801152,HorBranch*
SDSS J171711.76+282620.6,4575261087985437696,HorBranch*
2MASS J04095823+5254097,275064072309321984,HorBranch*
2MASS J01004330-1243000,2469176153010672384,HorBranch*
HE 2153-0449,2670078024284345472,HorBranch*
SDSS J233416.28+152438.1,2819555972950332160,HorBranch*
SDSS J081527.77+060146.8,3096459734364611584,HorBranch*
2MASS J10522335+0030297,3807827608457788544,HorBranch*
2MASS J17251296+4806449,1365492875039978752,HorBranch*
CoRoT 110830665,3101927571335381248,HorBranch*
2MASS J05090871+3236264,181407053374243840,HorBranch*
TYC  782-699-1,3149323428795248384,HorBranch*
TYC 3546-949-1,2130459703308760832,HorBranch*
2MASS J07082610-0221296,3108420256216850688,HorBranch*
2MASS J06174950+0621315,3324798612642359168,HorBranch*
2MASS J07372640+3558425,895358745433100160,HorBranch*
2MASS J07335164-0857063,3041569983607886592,HorBranch*
2MASS J08110604-1355359,5725108667319754496,HorBranch*
UCAC4 645-070299,2052780959158493440,HorBranch*
SDSS J022828.67+011419.2,2501413382964868992,HorBranch*
HE 0243-4315,4947599709911698688,HorBranch*
2MASS J20004483+5524000,2233945226618765312,HorBranch*
2MASS J20084320+1935353,1822602911480453888,HorBranch*
2MASS J04381121+3700132,175390731906262656,HorBranch*
2MASS J20352174+5428536,2183464964166127488,HorBranch*
SDSS J123022.97+205221.9,3949486453197618176,HorBranch*
2MASS J20445230+0023380,4228213819070766848,HorBranch*
SDSS J125054.07+291203.2,1464826397625214976,HorBranch*
SDSS J002748.41-090808.7,2426768191390202880,HorBranch*
SDSS J031430.58-004834.8,3265372891079809024,HorBranch*
TYC 3012-1040-1,777791506127316736,HorBranch*
SDSS J210534.18+010730.3,2690336903983669632,HorBranch*
2MASS J23551921+6448339,2017243373255805184,HorBranch*
2MASS J06261418+0435347,3131449046223065600,HorBranch*
SDSS J075214.57+271820.1,875012935597299840,HorBranch*
BD-15  3733,6295306433886847744,HorBranch*
TYC 3545-523-1,2131572477795590400,HorBranch*
2MASS J21051198+2914050,1852185301868991872,HorBranch*
2MASS J19411779+2345556,2020314893370541056,HorBranch*
2MASS J15162988+4347467,1395012868164666240,HorBranch*
SDSS J170913.51+220724.1,4568199685012793600,HorBranch*
CoRoT 110744993,3102349646360059392,HorBranch*
2MASS J05440355-5301292,4768930479147078528,HorBranch*
2MASS J04493237+5835376,278083880989494784,HorBranch*
UCAC4 223-068671,6135154044092541056,HorBranch*
2MASS J07475702+1015227,3149058377773819904,HorBranch*
2MASS J05150790+3214307,180675122228601600,HorBranch*
TYC 3772-2630-1,997995441467033728,HorBranch*
2MASS J17315671+6042190,1435873267168694144,HorBranch*
SDSS J165641.44+211505.2,4565038245484523008,HorBranch*
2MASS J05054275+4100157,200881431531376640,HorBranch*
2MASS J12414000-0825021,3675301238578872320,HorBranch*
2MASS J06361181+0831195,3326159533158616704,HorBranch*
2MASS J05532087+0355386,3319739931438713984,HorBranch*
2MASS J21343288+4559578,1977370546156752896,HorBranch*
2MASS J06152957+1522125,3345013095260695040,HorBranch*
2MASS J05325234-5111131,4793332417443032832,HorBranch*
HE 2311-1908,2405006008713141760,HorBranch*
SDSS J164841.39+222219.3,4565794091008724480,HorBranch*
2MASS J05435703+2918065,3444184169299954176,HorBranch*
2MASS J04535827+3922477,199890702832062720,HorBranch*
2MASS J18080309-1536342,4145954956210268800,HorBranch*
HE 1436-1709,6285264216233591808,HorBranch*
2MASS J05320968+4133517,194352187885227776,HorBranch*
2MASS J00020928+7017209,530819547897910528,HorBranch*
Cl* Terzan    8    MBF    2163,6741757834649941760,HorBranch*
SDSS J095332.56+030509.8,3848609143271546752,HorBranch*
2MASS J00380480-0615355,2523693027596836864,HorBranch*
SDSS J014304.36-082658.4,2465379225826654208,HorBranch*
2MASS J13395263+1900211,1248022667635799296,HorBranch*
UCAC4 705-063524,2133136090709499904,HorBranch*
2MASS J04220800+5627090,276868920648030208,HorBranch*
HE 1506+0229,1153679347292298240,HorBranch*
2MASS J03231424-5258262,4735892285035954176,HorBranch*
2MASS J23360434+6632416,2210346030595425408,HorBranch*
2MASS J08491268-1433572,5734016085892616064,HorBranch*
HE 1207-0336,3597918675368964608,HorBranch*
Cl* NGC 7089    SAN      16,2686834233599494784,HorBranch*
2MASS J09121066-6455554,5248755635532834688,HorBranch*
2MASS J21511073+3951300,1953415348872796544,HorBranch*
2MASS J04461233+3926165,199787829775548672,HorBranch*
HE 1253-2014,3508730655809686272,HorBranch*
HE 1111-1059,3566386880906431232,HorBranch*
2MASS J05523746+1236342,3343309612450481792,HorBranch*
HE 1118-2044,3538684788525051904,HorBranch*
SDSS J112109.98+172122.6,3970925143232639360,HorBranch*
2MASS J06003643+2234402,3424478584468266368,HorBranch*
2MASS J16091928+2339336,1206671718943241600,HorBranch*
2MASS J06005223+3042484,3449813874994481920,HorBranch*
BPS CS 22875-0018,6569265733227610368,HorBranch*
HE 1029-0802,3774254948616363904,HorBranch*
2MASS J05225551+2945453,3446545538022892288,HorBranch*
Cl* NGC 6838     KC      27,1821607956559392896,HorBranch*
BPS CS 30492-0112,6583383531247678208,HorBranch*
HE 2251-5557,6505655618305129856,HorBranch*
2MASS J09181616+2303599,639300560545807744,HorBranch*
Cl* NGC 5139   LEID   57036,6083696655095735040,HorBranch*
2MASS J14244150-0554234,3641504652027309696,HorBranch*
2MASS J23413214+5711585,1998651147028829184,HorBranch*
HE 2348-4412,6531319589790841600,HorBranch*
2MASS J03311290+3155529,121451199706647808,HorBranch*
HE 2253-5356,6512285604702016896,HorBranch*
HE 0940-0342,3825912822387805568,HorBranch*
SDSS J134214.29+090612.0,3724965384235928704,HorBranch*
2MASS J06521832+1541018,3354984192554573568,HorBranch*
SDSS J134829.70-004918.4,3662025387292002816,HorBranch*
2MASS J18474046-0133242,4259991143934190336,HorBranch*
SDSS J092253.14+301200.7,700313629003242368,HorBranch*
2MASS J01272402+1630453,2593091972454103552,HorBranch*
PHL  6027,2388019687935472000,HorBranch*
SDSS J144402.73+205524.9,1238311128103710336,HorBranch*
2MASS J07284416-0826418,3053764838872721792,HorBranch*
2MASS J18311710-1225345,4153026873210827392,HorBranch*
BD-01  2675,3693758396677946752,HorBranch*
HE 2121-0458,2672133148955410688,HorBranch*
2MASS J07050758+0041067,3114335182095664384,HorBranch*
2MASS J05171436+2910106,3422451428623462528,HorBranch*
2MASS J11522984+0430448,3896471094882774016,HorBranch*
HE 1419-0731,3639533335053514368,HorBranch*
2MASS J06131841+0715296,3325150937399096704,HorBranch*
TYC 5520-851-1,3587516539456340096,HorBranch*
2MASS J14264022-0653489,3641173939545248640,HorBranch*
2MASS J06582536+1623020,3355091802957562112,HorBranch*
SDSS J110228.11+041014.1,3815055827963594624,HorBranch*
BPS CS 30494-0010,5095743302433640192,HorBranch*
2MASS J05394876+5533124,268120686436883456,HorBranch*
HE 0930-0915,5741156834095177216,HorBranch*
HE 2130-0613,2670962100352350464,HorBranch*
HE 1509-0503,6334801544392040192,HorBranch*
TYC 2555-605-1,1282315060919614720,HorBranch*
2MASS J07374381+2151133,865421174113080832,HorBranch*
2MASS J18550496+1215264,4504372240449734144,HorBranch*
UCAC4 475-010850,3237165607464496512,HorBranch*
2MASS J22585789+6453189,2208812899069443584,HorBranch*
2MASS J19335518-0519158,4209832007583083520,HorBranch*
SDSS J145009.77-003648.8,3650633660850160768,HorBranch*
2MASS J03344636+4455388,241694719037841536,HorBranch*
HE 1430-1132,6324448371105802368,HorBranch*
2MASS J06144043+1646153,3370117320842928384,HorBranch*
HE 1428-1350,6299342088237548032,HorBranch*
HE 2246-6151,6394947029454576000,HorBranch*
2MASS J06330737+0028431,3120510898388637568,HorBranch*
2MASS J04032603+4704135,245885129652528000,HorBranch*
2MASS J07355213-1852131,5716673596369905024,HorBranch*
2MASS J07102597+0548300,3152690236480854016,HorBranch*
SDSS J111703.88+622134.8,862333985979378560,HorBranch*
TYC 4543-2513-1,1138888579437092096,HorBranch*
2MASS J18572651+4230047,2104164887031130752,HorBranch*
2MASS J21314009-0212028,2684963625018063616,HorBranch*
UCAC4 682-067106,2127523457509595136,HorBranch*
2MASS J06350407+3311238,941287785668611584,HorBranch*
SDSS J030316.76+055128.4,6926515233827456,HorBranch*
2MASS J17230629+5838144,1433261102419208960,HorBranch*
SDSS J085824.48+271022.4,692612134166070016,HorBranch*
SDSS J154948.45+434312.5,1396369807247936128,HorBranch*
UCAC4 704-066000,2135355931667257216,HorBranch*
HE 2133-4357,6577672564773050496,HorBranch*
HE 0202-6052,4714321859763658368,HorBranch*
HE 2222-1539,2599154026734627072,HorBranch*
2MASS J08133588+2520054,682392517183066752,HorBranch*
SDSS J144144.06+134840.5,1185651324361582208,HorBranch*
2MASS J19403284+3847210,2052145548820783104,HorBranch*
SDSS J184101.81+411050.5,2110563529307095936,HorBranch*
2MASS J06123230+2445294,3425930725795849344,HorBranch*
SDSS J111828.82+322011.6,757458439458319232,HorBranch*
HE 1937-6419,6440617065981093376,HorBranch*
BD+42  3261,2102611758138262016,HorBranch*
2MASS J19425474+4855219,2134761959171108480,HorBranch*
2MASS J04062952+5652183,468864953894689280,HorBranch*
SDSS J152521.70+065714.9,1162800410424417792,HorBranch*
2MASS J21431350+5920025,2203412785152996736,HorBranch*
SDSS J160608.13+520440.7,1403907371773044736,HorBranch*
US 3350,2498048018390357248,HorBranch*
2MASS J06540890+1726564,3364276985656060928,HorBranch*
HE 1519+0229,4421594549778301696,HorBranch*
2MASS J05170264+2541305,3420650115042385152,HorBranch*
HE 1225-2134,3513798579780569856,HorBranch*
2MASS J02482580+0837516,20708240652966784,HorBranch*
2MASS J05204141+2926594,3446487062045329664,HorBranch*
2MASS J21185218+4846409,2165044120008842368,HorBranch*
2MASS J11091090-1116051,3566257825730035968,HorBranch*
2MASS J07083402-1448272,2936323218771614848,HorBranch*
2MASS J07000567-0438218,3101639254470400512,HorBranch*
HE 2231-0121,2629743329276947584,HorBranch*
2MASS J06223111-0137005,3118292049564729984,HorBranch*
2MASS J03351864+3045413,121096435407916672,HorBranch*
SDSS J070404.57+133020.3,3161370399743748608,HorBranch*
HE 2139-2220,6817498900015618176,HorBranch*
2MASS J06441586+0229261,3126817112972746880,HorBranch*
2MASS J19132788+0141237,4267754245799748608,HorBranch*
TYC 1372-705-1,865351045887389184,HorBranch*
2MASS J21333824+6621302,2220977758278904960,HorBranch*
2MASS J06021056+2304453,3424590391057300864,HorBranch*
TYC 3121-1613-1,2099658950942122624,HorBranch*
2MASS J23173050+1253263,2812095580396879360,HorBranch*
2MASS J18495807-2943545,6761469638599795968,HorBranch*
SDSS J092153.53+211537.3,637760896374084224,HorBranch*
SDSS J091903.59+093929.7,590761825168269184,HorBranch*
2MASS J22193080+5737201,2198527895512660736,HorBranch*
2MASS J03195561+7824593,555402463228652288,HorBranch*
UCAC4 665-070271,2104974673045626112,HorBranch*
2MASS J03120374+6241115,466741178465615104,HorBranch*
TYC 3065-1962-1,1381752487351597312,HorBranch*
SDSS J090711.09+250111.7,688382892753133696,HorBranch*
2MASS J19395770+1540540,4318714174532498944,HorBranch*
uvby98 620168026,6594948503783934592,HorBranch*
UCAC4 200-070176,6126005145278738304,HorBranch*
TYC 2638-603-1,2041492449372134656,HorBranch*
2MASS J21541585+3945103,1959357040989168000,HorBranch*
2MASS J05304786+3504433,183057798287871616,HorBranch*
2MASS J11021751+4529553,783079568646430464,HorBranch*
HE 2208-2004,6822122445194768256,HorBranch*
2MASS J05450937-4427176,4802598796500493568,HorBranch*
2MASS J07022011-0430510,3101726876103023360,HorBranch*
SDSS J162903.59+142610.4,4463819472773940480,HorBranch*
2MASS J00190138+6700393,528640109693056768,HorBranch*
SDSS J092818.24+314609.7,700887505353651840,HorBranch*
2MASS J05155540+2516080,3420540030737914624,HorBranch*
2MASS J02395538+5521152,454599855676418304,HorBranch*
2MASS J06433700+1037514,3350996847994725760,HorBranch*
2MASS J23230401+6140482,2015714399263430528,HorBranch*
2MASS J18484747-0914231,4203384402680912256,HorBranch*
2MASS J05391206+2259035,3404322337307896960,HorBranch*
2MASS J06513552+1836379,3365331009288515712,HorBranch*
UCAC4 689-072506,2086452441908091520,HorBranch*
2MASS J22495166+5303109,2002422334474964352,HorBranch*
BD-18   299,5142087511384550656,HorBranch*
SDSS J230002.05+062130.6,2663728860029858688,HorBranch*
HE 1940-6356,6441005812060580864,HorBranch*
HE 2355-0357,2448029589471705088,HorBranch*
2MASS J02221743-0024596,2500689393212834688,HorBranch*
2MASS J05151245+1548512,3393885532417633280,HorBranch*
2MASS J07013064+3640499,940097766193369344,HorBranch*
SDSS J014455.91+151638.0,2588405922615819776,HorBranch*
HE 1040-0600,3776479462502485888,HorBranch*
2MASS J19505909+1941381,1824730947544459008,HorBranch*
2MASS J03330455+4504250,241752340319085312,HorBranch*
SDSS J161628.91+152912.6,4465054464849455232,HorBranch*
Cl* NGC 5904     SB  4-358,4421573311163991808,HorBranch*
UCAC4 248-041577,5420436095505648128,HorBranch*
SDSS J075304.60+135201.1,3152436936487754624,HorBranch*
2MASS J07161907+1316581,3166371047345756800,HorBranch*
UCAC4 644-065854,2099567588397312896,HorBranch*
UCAC4 653-084206,2075039167623900928,HorBranch*
2MASS J05524264+3431599,3454518341652315776,HorBranch*
SDSS J162316.47+503108.7,1423621374741035136,HorBranch*
2MASS J19543627+4424312,2079085091224993024,HorBranch*
UCAC4 667-069458,2105100983742211584,HorBranch*
2MASS J05483479+3014591,3444698568943970688,HorBranch*
2MASS J08150735+3057506,900833003373149312,HorBranch*
2MASS J03382390+4630181,247928915606595200,HorBranch*
2MASS J23203707+1125033,2810914674844825600,HorBranch*
2MASS J06281337-3143569,2892416352213489024,HorBranch*
UCAC2  25771004,3605214312975389440,HorBranch*
HE 2142-1405,6843278084000318208,HorBranch*
[GLS2015] 47863,6730905448730367872,HorBranch*
SDSS J143432.95+215614.4,1242042630050476672,HorBranch*
2MASS J23354594+7939086,2282992035149680512,HorBranch*
UCAC4 655-080643,2073821595931161984,HorBranch*
Case A-F  883,1473999726215242112,HorBranch*
2MASS J06004124+2243039,3424484356904261248,HorBranch*
2MASS J17214931+4221402,1348155397736268544,HorBranch*
2MASS J00383172+5454113,417987183623903232,HorBranch*
2MASS J16482285+3243361,1314143822300827008,HorBranch*
BD+20   657,51725429314943488,HorBranch*
HE 2229-1548,2596014435705974400,HorBranch*
SDSS J134529.46+100911.2,3725540772414704000,HorBranch*
Cl* NGC 6656    MPF  2-2804,4077493589800087808,HorBranch*
SDSS J172844.75+093047.1,4490967686174876160,HorBranch*
2MASS J06595933+0335403,3127947204767205760,HorBranch*
2MASS J06293391+1702371,3369494615005603328,HorBranch*
2MASS J02452652+5403005,453166676627489024,HorBranch*
2MASS J00034596+7107075,531254782703714816,HorBranch*
SDSS J174040.31+250214.8,4581702340637418624,HorBranch*
2MASS J06225509+1529102,3368814914960198784,HorBranch*
2MASS J14044686+5309162,1512913710464948352,HorBranch*
2MASS J18364755-2355500,4076837177033155968,HorBranch*
2MASS J05474809+2749037,3443076269598866432,HorBranch*
2MASS J00283451+5607196,421293071489910784,HorBranch*
TYC 3547-2111-1,2129188500369799680,HorBranch*
2MASS J21453583+4135210,1954556229627947392,HorBranch*
2MASS J05301057-0429245,3209776532298287616,HorBranch*
2MASS J06542925-0335268,3102754163561342208,HorBranch*
MGC 28518,3698923077671617664,HorBranch*
2MASS J06012067+1252487,3343429661077505152,HorBranch*
2MASS J06571995-1300055,2949728052217826816,HorBranch*
SDSS J085441.82+413610.8,912677290520949376,HorBranch*
UCAC4 314-010619,2899390245231066880,HorBranch*
HE 2356-4917,6524069654933062784,HorBranch*
2MASS J14024304+2547476,1258513692191789312,HorBranch*
2MASS J06263994+1756423,3370557675250169600,HorBranch*
2MASS J00060411+7345557,537976372161498624,HorBranch*
SDSS J124340.98+123901.5,3928912765280131200,HorBranch*
UCAC4 405-046365,5750247458794939904,HorBranch*
UCAC4 677-070194,2126516927633501568,HorBranch*
2MASS J21221389+6804313,2222308884604390784,HorBranch*
HE 0259-4915,4748958022227316608,HorBranch*
2MASS J16133238+4634167,1386876348975322240,HorBranch*
KUV 00430-2043,2350752080614200320,HorBranch*
2MASS J04432909+5657536,277661977763151872,HorBranch*
KUV 00339-2042,2362404846580059648,HorBranch*
UCAC4 648-075499,2076216057376196608,HorBranch*
2MASS J03521135-1012480,3194227621112685568,HorBranch*
2MASS J18082720+0323249,4470132250072260480,HorBranch*
TYC 2051-627-1,1305278739220748544,HorBranch*
SDSS J233910.84-001636.4,2642792475010323968,HorBranch*
2MASS J13392500+3855567,1475700567624319488,HorBranch*
2MASS J07153115+0657089,3153248341710261888,HorBranch*
2MASS J04571072+3617090,186270090225703040,HorBranch*
2MASS J03141244+6227239,463723225203679360,HorBranch*
EC 13184-2832,6183052137846793472,HorBranch*
2MASS J19084962+0254011,4268892519546722048,HorBranch*
2MASS J04194944+4544424,232978271888932096,HorBranch*
HE 2304-5531,6493904553423596160,HorBranch*
2MASS J14083944+0340584,3670626767972561792,HorBranch*
HE 1054-1744,3555799683442935680,HorBranch*
SDSS J120121.55+321145.9,4026703574268274560,HorBranch*
HE 1134-2442,3485759590163655808,HorBranch*
HE 2143-1508,6838642302459255808,HorBranch*
BD+49  2907,2132211641946992640,HorBranch*
Cl* NGC 5139    BPB  123934,6083700576407475712,HorBranch*
BPS CS 30492-0011,6581402657970123392,HorBranch*
2MASS J06110752+1131147,3330378668513679744,HorBranch*
2MASS J05001509+3723369,186741162238603520,HorBranch*
HD  89655,3856569783550468992,HorBranch*
2MASS J06083108+2737038,3430315032708561024,HorBranch*
BPS BS 17140-0022,765305177204144256,HorBranch*
2MASS J04453078+5643575,277594563956476288,HorBranch*
SDSS J010521.76-090602.8,2474816265408204416,HorBranch*
[BH2018] J279.128333-23.907028,4077587735451706624,HorBranch*
HE 1314-1903,3507386154952358912,HorBranch*
2MASS J05265863+4234430,195422631175018112,HorBranch*
[TGC2005] 385,2432858046994256512,HorBranch*
HE 2314-1750a,2405394132022784384,HorBranch*
Cl* NGC 6656    MPF  1-117,4077588216574938368,HorBranch*
SDSS J121537.25+212615.5,3953131948423410432,HorBranch*
BD+28  2498,1316563954770089344,HorBranch*
2MASS J05413733+2326189,3404362675640573952,HorBranch*
[TGC2005] 108,4913693825031734144,HorBranch*
2MASS J00081292+5800187,422678799739138176,HorBranch*
HS 2229+2628,1880738592345162752,HorBranch*
HE 1440-0352,6338173746553899648,HorBranch*
2MASS J23553858+5615574,1994966546126099328,HorBranch*
TYC 2614-1914-1,4602554544296341248,HorBranch*
TYC 3556-1255-1,2128105034740413312,HorBranch*
PSO J245.6750-05.7973,4355189338857252224,HorBranch*
2MASS J03422323+3127425,216560463041964032,HorBranch*
2MASS J20285669+5441274,2186518582831810688,HorBranch*
2MASS J18480098-2955398,6761416621522412544,HorBranch*
2MASS J19264867+4150368,2101715965401079424,HorBranch*
2MASS J20463693+4210450,2066283305539911168,HorBranch*
2MASS J12265208-0037000,3696414125279525248,HorBranch*
UCAC4 254-080104,6008987627437263360,HorBranch*
[BWE2009] Seg2-  3,87214091244593152,HorBranch*
2MASS J05024156+2141127,3409212239176926336,HorBranch*
UCAC4 693-068585,2128907983167497216,HorBranch*
2MASS J04332812+3613596,174930822510836480,HorBranch*
Case A-F  764,1519791533653342208,HorBranch*
HE 2139-4145,6578325876541286528,HorBranch*
UCAC4 392-126222,6892209198998772608,HorBranch*
ATO J348.8301-15.1949,2407063980947575296,HorBranch*
HE 1001-0254,3828472996557804800,HorBranch*
HE 2232-1619,2595184029548598144,HorBranch*
2MASS J07093931-2231229,2927814648042411776,HorBranch*
SDSS J160543.93+174911.6,1199937347662700672,HorBranch*
SDSS J093200.88+201604.0,634546645929405056,HorBranch*
Cl* NGC 6864    KAM     655,6853744438268394112,HorBranch*
2MASS J05494137+2945583,3443546074599122944,HorBranch*
SDSS J093342.84+244304.1,645705245841693952,HorBranch*
HE 1205-0128,3697736945141704064,HorBranch*
2MASS J06524081+4240529,952045540576218752,HorBranch*
2MASS J06500025+0830052,3134135599806466432,HorBranch*
2MASS J03373485+4728080,248230147432760832,HorBranch*
2MASS J06135747+4052134,959546344478671744,HorBranch*
SDSS J073510.56+315954.7,892355528206173312,HorBranch*
PG 1536+146,1194157111954881152,HorBranch*
TYC 4893-671-1,5745444414047732608,HorBranch*
SDSS J103758.55+223350.4,721605667378825600,HorBranch*
2MASS J06271983+0401432,3131200895892360448,HorBranch*
HE 2248-5003,6514077946092754944,HorBranch*
2MASS J02163688+6626296,517161105222286336,HorBranch*
2MASS J03242908+5742165,449664452913675520,HorBranch*
HE 1248-0909,3626954612794140672,HorBranch*
2MASS J04325618-3913381,4864735806358101120,HorBranch*
SDSS J155504.44+000310.9,4410352833657543680,HorBranch*
BPS CS 22172-0014,5162914254480211840,HorBranch*
2MASS J00415025-0233104,2530069134182317312,HorBranch*
SDSS J032234.08+185629.8,56261498893507328,HorBranch*
SDSS J143116.05+445941.7,1494300937111847552,HorBranch*
2MASS J05280862+2811038,3445413217142100096,HorBranch*
2MASS J17590694+6039571,1435168445856339840,HorBranch*
2MASS J11582321-1834138,3567143551065772672,HorBranch*
HE 1428-1507,6298871806498485376,HorBranch*
HE 1428-1123,6324674698702444160,HorBranch*
2MASS J16232240+3856203,1332286936686475520,HorBranch*
SDSS J121333.57+391712.0,1532769133820019328,HorBranch*
HE 1443-1208,6323771209382217728,HorBranch*
TYC  172-2199-1,3140728954420256000,HorBranch*
2MASS J17001261+3813048,1351802821403096576,HorBranch*
2MASS J06203111-0011326,3121715447737007104,HorBranch*
Case A-F  459,794195051384507520,HorBranch*
2MASS J18575109+4516185,2106768079588474624,HorBranch*
SDSS J154629.10+315844.7,1369558727304680064,HorBranch*
HE 0124-0038,2533996761514047616,HorBranch*
2MASS J06363843+1735416,3359075475322240768,HorBranch*
SDSS J132714.49+240116.2,1446359408346824832,HorBranch*
2MASS J19152471-0617597,4211168017293698688,HorBranch*
SDSS J082736.03+300649.6,708008045733603072,HorBranch*
HE 1504-0438,6335663114831350016,HorBranch*
SDSS J114806.94+142201.3,3923946138113949824,HorBranch*
HE 1438+0222,3655531744633545344,HorBranch*
SDSS J215041.22-075401.6,2666727125159717760,HorBranch*
HE 2305-1419,2410486279608790656,HorBranch*
Cl* Trumpler   20    PMF    3891,6056526966855805568,HorBranch*
Cl* NGC 4590   WALK     112,3496374412858081408,HorBranch*
HE 2216-5022,6511770139906350464,HorBranch*
2MASS J05073700+4108576,201074395820783232,HorBranch*
2MASS J19523827+1834063,1821591876200819328,HorBranch*
HE 0442-3129,4877597549782769920,HorBranch*
UCAC4 685-070012,2128534080493953280,HorBranch*
2MASS J18174337-3355283,4045368226530936832,HorBranch*
2MASS J06210233+0437057,3317642131976404480,HorBranch*
2MASS J07010887-1113564,3046104713156979840,HorBranch*
2MASS J07115729+0525197,3140642612696859136,HorBranch*
SDSS J163105.54+161000.8,4465781276395579264,HorBranch*
PB  2394,756639616828104832,HorBranch*
[TGC2005] 363,6487419526467107072,HorBranch*
HE 1213-1051,3577534004666937984,HorBranch*
2MASS J13383256+2752379,1448750438115386496,HorBranch*
SDSS J112608.10+643514.1,1056226058309749376,HorBranch*
2MASS J18415695-0616040,4253389096372652416,HorBranch*
2MASS J03332605+5646375,448596693982154752,HorBranch*
UCAC4 671-069407,2105936406421081600,HorBranch*
2MASS J17165109+4209538,1360098430476451072,HorBranch*
Cl* NGC  188    SMV   12099,573786675601966592,HorBranch*
2MASS J07140348+0452255,3140371132104837248,HorBranch*
2MASS J02442932-5500533,4740567580276280448,HorBranch*
Gilmore F117 3-28,4680087053404486784,HorBranch*
2MASS J10050795+4753458,822826334171337216,HorBranch*
UCAC4 679-071728,2080017378304744832,HorBranch*
UCAC4 336-089337,4113922162366360192,HorBranch*
2MASS J07080938+0226026,3115178434494545408,HorBranch*
SDSS J010813.59-093236.3,2471726740813399680,HorBranch*
UCAC4 216-181934,6705449899116253312,HorBranch*
2MASS J23065107+5658361,2009883311139885056,HorBranch*
HE 1342-0205,3658392948766839808,HorBranch*
UCAC4 690-070422,2128690181084697216,HorBranch*
2MASS J13554431+3324540,1457988981489990400,HorBranch*
SDSS J160329.15+392431.5,1379698324753124352,HorBranch*
HE 1407-0300,3646802859259496192,HorBranch*
2MASS J22203499+5821471,2200293745542280448,HorBranch*
HE 2218-4048,6570344972608162816,HorBranch*
2QZ J025255.0-294711,5065210684867619456,HorBranch*
HD 119250,6112358006954796416,HorBranch*
2MASS J06083100+0949091,3329539736844107776,HorBranch*
2MASS J05490584+2801252,3443061258691391232,HorBranch*
2MASS J11380012+2728533,4018902985945445248,HorBranch*
2MASS J21552335+3837463,1953059725580606208,HorBranch*
UCAC4 659-074315,2077641054497816960,HorBranch*
HE 2201-3125,6613366453125522304,HorBranch*
UCAC4 647-072764,2076212483963146752,HorBranch*
SDSS J132616.35+554424.8,1565139791230202112,HorBranch*
2MASS J19552644+2100108,1826463567373190912,HorBranch*
2MASS J06564199+4301578,952103303591990528,HorBranch*
SDSS J033157.94+164930.2,54788187673710848,HorBranch*
HE 1157-0441,3596117297365423360,HorBranch*
2MASS J04260643+4416357,253421938263234432,HorBranch*
2MASS J19322325+0711139,4295109377857613568,HorBranch*
HE 2034-6134,6454152981832346496,HorBranch*
SDSS J134941.66-015318.3,3658328485602923136,HorBranch*
2MASS J22115141-0151489,2676201165884933120,HorBranch*
KUV 16104+3830,1378795350828763520,HorBranch*
2MASS J18291210+1513547,4509717761048649216,HorBranch*
2MASS J00225843+7054526,531058829115945216,HorBranch*
SDSS J014054.03-095254.1,2464018202230256896,HorBranch*
FBS 0718+406,948267244962438272,HorBranch*
SDSS J074006.33+415716.9,924568508775467264,HorBranch*
2MASS J23313599+5826002,2010970762500444672,HorBranch*
2MASS J06233103+1623107,3369171843922531456,HorBranch*
TYC 4784-1411-1,3118517552528548480,HorBranch*
HE 1320-0651,3631371625880761088,HorBranch*
SDSS J111114.24+083142.1,3818870789714224768,HorBranch*
CRTS J134144.4-240951,6191915679035212544,HorBranch*
SDSS J115321.10+494247.7,787989201600281856,HorBranch*
Cl* NGC 5904    SAN      33,4421569501528959232,HorBranch*
TYC 3542-510-1,2130383978745272832,HorBranch*
2MASS J19260119-0914170,4200627587736088960,HorBranch*
HE 1113-1426,3561574490310507264,HorBranch*
2MASS J17024211-2157121,4126051493607154176,HorBranch*
HE 2308-1442,2410226661720645760,HorBranch*
2MASS J04425635-4443211,4790385696216733184,HorBranch*
2MASS J21392176+4310477,1967688693431630208,HorBranch*
BSD  47-641,124433109601573504,HorBranch*
2MASS J21084663+1112551,1744997628423675136,HorBranch*
SDSS J033715.71-003712.1,3263510902498003712,HorBranch*
2MASS J16270263-1212265,4331509015194417024,HorBranch*
2MASS J05482975+2743078,3443029780873356416,HorBranch*
SDSS J223942.63+000946.6,2653953785047221632,HorBranch*
HE 2328-5909,6489462182849569536,HorBranch*
SDSS J102754.09+241341.4,725793672809184640,HorBranch*
2MASS J07045579-1621595,2935876748333594240,HorBranch*
TYC    1-664-1,2738795439436379648,HorBranch*
2MASS J14522393-0548173,6336772968740336896,HorBranch*
2MASS J07150044+0701461,3153296857660853504,HorBranch*
2MASS J10464193+2050426,3989064989146980608,HorBranch*
2MASS J06185824+4015141,956819280763662208,HorBranch*
2MASS J10305236+2851109,729451752290076672,HorBranch*
Cl* NGC 5053    SAN       7,3938492951827683456,HorBranch*
RGO  3584,5032388755245223424,HorBranch*
2MASS J05402249+4505198,197374053859051136,HorBranch*
2MASS J15132041-0013353,4418901119946726656,HorBranch*
HE 1506-1417,6308613410801779968,HorBranch*
TYC 8370-2193-1,6702221629897848960,HorBranch*
2MASS J16301191+4049153,1332954649482395648,HorBranch*
2MASS J06284840+0201507,3123925363031390720,HorBranch*
SDSS J032248.00+412906.8,236419124805721600,HorBranch*
SDSS J173007.78+541934.5,1417883019260024576,HorBranch*
CHSS 1189,183274844547456,HorBranch*
2MASS J05010177-2445055,2960164719663092992,HorBranch*
2MASS J00232423-0800393,2430130364804164736,HorBranch*
2MASS J00323451+7031420,530276045556724480,HorBranch*
2MASS J02551368+6700294,516500848487280000,HorBranch*
SDSS J015909.69+003605.2,2507857934148106752,HorBranch*
SDSS J234155.63+461946.5,1939012742975854208,HorBranch*
SDSS J154956.02+054413.1,4426464939612595840,HorBranch*
2MASS J16025798+2823532,1317096221476563712,HorBranch*
2MASS J13500344+3236131,1458210223846334080,HorBranch*
SDSS J003343.03+243900.1,2807431490727207424,HorBranch*
SDSS J125809.09-024522.0,3685370875303809280,HorBranch*
HD 259717,3326017215123136000,HorBranch*
2MASS J06384092+1733129,3359062865297538048,HorBranch*
2MASS J05121351+3414146,182172931943759872,HorBranch*
SDSS J231726.69-003912.7,2639014892359219200,HorBranch*
2MASS J07023130+3632532,940046986795247104,HorBranch*
2MASS J02451202-1405267,5158019228712425472,HorBranch*
TYC 2469-1064-1,901085135133636480,HorBranch*
2MASS J10135002+0058301,3831982190997470848,HorBranch*
2MASS J05375093+4629152,209733187325398016,HorBranch*
2MASS J18020276+0352130,4469528648246786944,HorBranch*
SDSS J131413.25+175157.5,3937247995428715776,HorBranch*
2MASS J03264878+4622091,242845598474073984,HorBranch*
HE 1255-2948,6184366878875790848,HorBranch*
BPS BS 16930-0015,1608881799756358144,HorBranch*
TYC 2342-240-1,121470544239926400,HorBranch*
HE 1207-2459,3488545202871851008,HorBranch*
2MASS J03074286+5242140,446227246426017920,HorBranch*
2MASS J06553707-0908551,3050657962608517632,HorBranch*
2MASS J18180099-3354446,4045369605320915456,HorBranch*
SDSS J011942.55+063129.3,2564713027585225216,HorBranch*
TYC 3120-1185-1,2100045532357805824,HorBranch*
2MASS J07312636-0957002,3035355269009993856,HorBranch*
HE 1145-3124,3479158122350183936,HorBranch*
2MASS J07192643+1429174,3166969525268300544,HorBranch*
SDSS J131534.10+001824.4,3687589925991536000,HorBranch*
2MASS J04383864+3617540,174794315566836992,HorBranch*
UCAC4 284-071589,6122572607408559616,HorBranch*
BD-17  6473,6825994826363241728,HorBranch*
HE 1420-0428,3642534005364820224,HorBranch*
SDSS J100526.51+222337.2,629639937851490176,HorBranch*
HE 0129-1049,2458667639347270272,HorBranch*
Ton  141,1461233674662431232,HorBranch*
2MASS J19121587+2619054,2036214518693295616,HorBranch*
2QZ J010851.6-273939,5033264928574148864,HorBranch*
2MASS J06474284+2059480,3377953952530132736,HorBranch*
2MASS J18223030-1851119,4096059011110753280,HorBranch*
HE 1309-0816,3627828999416089728,HorBranch*
HE 1107-2557,3532490964648083456,HorBranch*
2MASS J07035281+0314071,3116228983496588032,HorBranch*
TYC  176-1431-1,3153337848828436224,HorBranch*
SDSS J084132.91+355500.2,717548233250400640,HorBranch*
HE 2220-5200,6510499104464304000,HorBranch*
SDSS J155923.08+321819.8,1323218027342225920,HorBranch*
HE 2224-5210,6510799198122898048,HorBranch*
2MASS J01175529-1449493,2455009151845039488,HorBranch*
2MASS J05215272+3453066,183565012447774080,HorBranch*
HE 1232-2012,3515327828655665152,HorBranch*
SDSS J011227.40-084803.0,2471895859445871872,HorBranch*
SDSS J165909.20+391016.5,1352104637344708864,HorBranch*
2MASS J00041382-5837231,4918316416728426752,HorBranch*
2MASS J21413013+4234314,1966850075296897024,HorBranch*
2MASS J02205608-0259042,2493363793913692032,HorBranch*
UCAC4 688-066679,2130730561127587200,HorBranch*
CoRoT 102697124,3107245702921469440,HorBranch*
2QZ J140851.8+013804,3667087985503118080,HorBranch*
HD 234861,2139302770392260608,HorBranch*
2MASS J07043034-0441350,3101539100138770176,HorBranch*
2MASS J06272652+4951192,968093844792893184,HorBranch*
TYC 3852-427-1,1609349538875019392,HorBranch*
SDSS J022414.33-082926.5,5176659318057557888,HorBranch*
2MASS J03315103+3213374,121557955414144384,HorBranch*
2MASS J00181456+5915156,428251223444715904,HorBranch*
TYC 8217-447-1,5374167752858612224,HorBranch*
2MASS J05162360+3254106,181086820613951232,HorBranch*
UCAC4 301-001133,5031316593969655808,HorBranch*
2MASS J06503418+4403226,952403775208553088,HorBranch*
2MASS J19120965+2633190,2036273681850478336,HorBranch*
2MASS J07033581+0404086,3128352237362510080,HorBranch*
2MASS J04382670+5213067,272579176026979328,HorBranch*
US 3978,1229209405208650112,HorBranch*
TYC 3120-835-1,2100241069328313344,HorBranch*
SDSS J080908.81+423857.2,922030934722094848,HorBranch*
2MASS J03250433+6948253,542705096794150272,HorBranch*
2MASS J20184847+2012458,1816600196457753344,HorBranch*
2MASS J01594600+5818278,505487452836375936,HorBranch*
HE 2157+0000,2680602309067212928,HorBranch*
SDSS J010901.75-093951.0,2471709599600644096,HorBranch*
2MASS J07043592+3546474,939811102895877120,HorBranch*
2MASS J04253295+5529194,275824762551690752,HorBranch*
2MASS J19000917+3252029,2043846881724765184,HorBranch*
HE 2332-1152,2433344958846626560,HorBranch*
HE 2152-2349,6813512964206329856,HorBranch*
UCAC4 684-068334,2128374758685292416,HorBranch*
2MASS J05360126+4551276,209699480422487296,HorBranch*
SDSS J160111.81+240735.4,1218874580025561984,HorBranch*
SDSS J072659.99+151436.3,3168568863713438464,HorBranch*
TYC 4893-1232-1,5745455404867984896,HorBranch*
TYC 3162-677-1,2081902181758188032,HorBranch*
2MASS J06215453+0514284,3323688793093873024,HorBranch*
TYC 3135-215-1,2052261616013755904,HorBranch*
2MASS J18595660-3637118,6731268566741149440,HorBranch*
SBSS 1142+570,845083267014918656,HorBranch*
HE 1315-0443,3634963455490656000,HorBranch*
TYC 3389-1898-1,992116971269002752,HorBranch*
HE 2254+0203,2655759114420287360,HorBranch*
HE 2145-1344,6843376146693502208,HorBranch*
SDSS J123630.71-030348.8,3681410292686014336,HorBranch*
2MASS J06274089-3203393,2892379415494824448,HorBranch*
2MASS J17275452-2426508,4110479380987383040,HorBranch*
2MASS J04372357-2848140,4879441808739465856,HorBranch*
SDSS J115132.30+623647.1,860136951292960768,HorBranch*
SDSS J013031.12+005813.2,2558166947670368768,HorBranch*
2MASS J23563732+5707153,1998086238569480576,HorBranch*
2MASS J21151453+4752138,2164849923074233728,HorBranch*
2MASS J06140384+1819160,3373444168150146816,HorBranch*
SDSS J080641.18+061249.5,3095915613548978688,HorBranch*
2MASS J03573495+2417319,65841646787579392,HorBranch*
2MASS J01190219-5507412,4914074535228637056,HorBranch*
2MASS J16100051+6417230,1629696791821088000,HorBranch*
TYC 6525-1732-1,2920362020783111168,HorBranch*
2MASS J00564115+6003566,426130372900821248,HorBranch*
SDSS J081038.06+201034.2,669832482325215488,HorBranch*
2MASS J15032347+0222396,1153823795632224896,HorBranch*
2MASS J05273184+4318001,195659507210539648,HorBranch*
SDSS J172957.31+074020.5,4487210100890869888,HorBranch*
2MASS J03220685-4743305,4749875839558381952,HorBranch*
SDSS J131942.06+003618.9,3687941464770102912,HorBranch*
SDSS J121621.34+164825.3,3946417029049646208,HorBranch*
UCAC4 470-116357,4242037738259542784,HorBranch*
2MASS J19413082+2444006,2021555760972303488,HorBranch*
[MMP2014] 19634,5248759140226850688,HorBranch*
HE 2253-3547,6554211421880710016,HorBranch*
2MASS J07581576+2555408,682107395777760512,HorBranch*
2MASS J00445372+1912175,2783216151579385600,HorBranch*
2MASS J11223488+4844233,789897953786678528,HorBranch*
2MASS J05000744+3517300,185936800763412224,HorBranch*
2MASS J21441916+4154209,1966576777937119232,HorBranch*
TYC 3550-748-1,2132766100746703360,HorBranch*
2MASS J06142023+3401028,3452178817128547968,HorBranch*
2MASS J02161476-0346395,2492955119185409792,HorBranch*
2MASS J17180321+4350556,1360489066346258560,HorBranch*
2MASS J19411091+2412358,2020400032477357184,HorBranch*
2MASS J05545508+3450064,3454877744515940608,HorBranch*
2MASS J21332479+6737156,2221389211846582400,HorBranch*
2MASS J05495225+2753478,3443057032443560192,HorBranch*
SDSS J020416.66+224317.3,103643268864592000,HorBranch*
2MASS J02252350-1840454,5131388541691598976,HorBranch*
SDSS J113107.95-014059.8,3793666723325554304,HorBranch*
2MASS J06174499+1445285,3344919984668317312,HorBranch*
2MASS J06054855+1943381,3374751826776747392,HorBranch*
Cl* NGC  288    SAN      28,2342902941981139712,HorBranch*
TYC 3143-1435-1,2077823509011360640,HorBranch*
SDSS J122528.62+173658.1,3946232414175997696,HorBranch*
2MASS J04473262-3615247,4866763855555677184,HorBranch*
2MASS J04015945+5241166,251832594203343232,HorBranch*
TYC 3143-621-1,2077760871207424256,HorBranch*
2MASS J16510361+4721162,1407890318284885120,HorBranch*
2MASS J02583216+6502121,468144705056077824,HorBranch*
2MASS J09234602-0806361,5744775120704083200,HorBranch*
SDSS J200215.70-114644.3,4189120854949547776,HorBranch*
2MASS J06063085+1809293,3373566626256803328,HorBranch*
2MASS J04450006+5833532,278825192345006848,HorBranch*
2MASS J18365085-2358045,4076836459849519744,HorBranch*
2MASS J06422533-0504411,3103698334811299584,HorBranch*
SDSS J080314.39+105300.0,3147786002302312320,HorBranch*
HE 1129-1516,3560663819806331648,HorBranch*
2MASS J12455782-0743376,3675416515501268480,HorBranch*
2MASS J11383156+4315327,772728186361890816,HorBranch*
2MASS J18271838-0232571,4270294942269658368,HorBranch*
2MASS J19564710+1747282,1820543010818043392,HorBranch*
2MASS J17533835-0254045,4178301969771652352,HorBranch*
2MASS J14482685-0612563,6336692120275829888,HorBranch*
UCAC4 687-074685,2085644365278752000,HorBranch*
TYC 4941-84-1,3694982084400075520,HorBranch*
2MASS J23195908+6437100,2209321457559114240,HorBranch*
2MASS J06302627+4938091,968026495408870272,HorBranch*
HE 1208-3131,3472400661324500736,HorBranch*
HE 1449-1931,6281130052513262336,HorBranch*
SDSS J120702.85+045343.4,3894727127706647040,HorBranch*
UCAC4 480-075552,4471836527454740352,HorBranch*
2MASS J06133686-0020543,3121859037083186304,HorBranch*
BD+03   740,3238602707819688064,HorBranch*
2MASS J07020523-0451550,3101430484700978048,HorBranch*
[TGC2005] 138,4715727516660198656,HorBranch*
Cl* NGC 5139   LEID   33173,6083706005274783232,HorBranch*
2MASS J14520604-0702101,6333576860237112704,HorBranch*
UCAC4 699-067012,2129839475673318400,HorBranch*
2MASS J18345067+1556199,4510037615854148480,HorBranch*
2MASS J00163127+6725086,528719515048215424,HorBranch*
2MASS J16500011-2002419,4127502814583553408,HorBranch*
2MASS J05470575+4555441,197518781371881600,HorBranch*
2MASS J05112939+4616509,211976294127730944,HorBranch*
HE 1435-1649,6285706391706790528,HorBranch*
PG 2103+021,1730083921423759232,HorBranch*
2MASS J06564736-0858195,3050683972930908672,HorBranch*
2MASS J09123530-6449379,5248765084451590272,HorBranch*
UCAC4 705-067357,2135434203151424896,HorBranch*
2MASS J06324648-0006339,3120048656828768000,HorBranch*
2MASS J19110187+4914345,2132744041794683520,HorBranch*
HE 1058-0548,3787841678225000704,HorBranch*
2MASS J22463800+5357025,2002717175389942528,HorBranch*
HE 1427-0107a,3652597354257385600,HorBranch*
TYC 3125-2126-1,2101304232654949120,HorBranch*
2MASS J17152211+5313275,1418894432518395392,HorBranch*
2MASS J21271839+5633392,2178661094789033088,HorBranch*
2MASS J02021512-5039027,4937347519897273984,HorBranch*
SDSS J123310.00+203403.0,3949231435219652352,HorBranch*
2MASS J06205314+5716427,998425861613035392,HorBranch*
SDSS J111536.73+103234.5,3963289000617676160,HorBranch*
HE 1156+0149,3891554113243345280,HorBranch*
2MASS J06195270+1504156,3368785984060459392,HorBranch*
2MASS J17525239+6207444,1436328671141646848,HorBranch*
HE 2248-3710,6548021038272874624,HorBranch*
2MASS J05154763+4601462,211783742154863488,HorBranch*
2MASS J16295901+3808152,1331348125555288576,HorBranch*
2MASS J23473251+6518146,2017450493757880064,HorBranch*
2MASS J01020765+5755151,425662943018448000,HorBranch*
SDSS J105111.93-010242.9,3803073595056936448,HorBranch*
2MASS J18403914-0805371,4252535634785354752,HorBranch*
2MASS J06291249-0031162,3119931661919415808,HorBranch*
2QZ J011245.9-320858,5027083817800133888,HorBranch*
[MDL2011] 59786,6083715832149599488,HorBranch*
2MASS J00233050-0000277,2543780800094496896,HorBranch*
BD+44  3120,2127389149589553664,HorBranch*
2MASS J08120568+2701174,683589610467755520,HorBranch*
SDSS J090550.81+202138.4,636668806450038144,HorBranch*
BD-00  2692,3638668809676621568,HorBranch*
HD 273702,4786106019004611584,HorBranch*
2MASS J07311699+2309017,866596238508697088,HorBranch*
HE 1324-0822,3630209785687436416,HorBranch*
Cl* NGC 6121    SAW V58,6045465437514973184,HorBranch*
2MASS J20195128+2823412,1836333475247031552,HorBranch*
HE 1026-1912,5668532987273497088,HorBranch*
2MASS J05243435+1644029,3394202672803514240,HorBranch*
2MASS J19082891+3356592,2044192918652844928,HorBranch*
Ton  1472,4028511308823011712,HorBranch*
HE 2354-3124,2314681746967065344,HorBranch*
HD 234151,1603610809732975744,HorBranch*
2MASS J16434035+3607137,1327281994116675584,HorBranch*
2MASS J07363681-1158460,3033970227956477312,HorBranch*
SDSS J010816.80-104416.4,2469897565781813632,HorBranch*
2MASS J06052447+2119027,3423333236950787456,HorBranch*
2MASS J06452987+1906089,3359660548647033856,HorBranch*
2MASS J05301963+1028561,3339008494759523200,HorBranch*
BPS CS 30312-0045,4416840914330906624,HorBranch*
UCAC4 672-078630,2079080525682937344,HorBranch*
BPS BS 16981-0135,3652013651022008704,HorBranch*
HE 0317-5717,4730291097926345088,HorBranch*
GPM 352.188273+23.476124,2839771151358400512,HorBranch*
2MASS J05383250+4712170,210584621642653184,HorBranch*
TYC 3140-2119-1,2076797973897166976,HorBranch*
2MASS J03400396+4623082,247870297892786816,HorBranch*
2MASS J20250215+5321296,2184848974426714112,HorBranch*
SDSS J154640.67+144202.1,1192713521911074944,HorBranch*
2MASS J08182337+2703177,683156712124270208,HorBranch*
2MASS J04492118+3732123,198565722599809280,HorBranch*
TYC 5438-264-1,5726548305996352128,HorBranch*
SDSS J100304.35+260116.6,738969983933153152,HorBranch*
2MASS J19511211+1814587,1821486323087506816,HorBranch*
NGC  5904   301,4421573109297810816,HorBranch*
2MASS J00320969+5159117,415937556505853696,HorBranch*
2MASS J07044129-1522277,2936197530848361472,HorBranch*
SDSS J101023.72+151201.9,621639277067351424,HorBranch*
2MASS J05500038+2520161,3428990838454065536,HorBranch*
UCAC4 268-054402,5422226650190535680,HorBranch*
2MASS J18090234+0504118,4471208706315083264,HorBranch*
2MASS J06291865-3129569,2893922373906352768,HorBranch*
HE 1048+0054,3807890555498495232,HorBranch*
2MASS J06164357-0025570,3121668443614411904,HorBranch*
2MASS J05403575+4648573,209767306545760896,HorBranch*
2MASS J06352273+0502519,3130974052900655232,HorBranch*
2MASS J03102374-0538027,5181838876817967744,HorBranch*
2MASS J06570390+1724336,3364229676593899904,HorBranch*
2MASS J06454877+0258079,3127243135068339840,HorBranch*
HE 1325-2010,6196835787410813184,HorBranch*
2MASS J17210885+2148251,4567335537595448064,HorBranch*
HE 2352-5604,6496669619008783104,HorBranch*
HE 1217-0655,3583937732186051968,HorBranch*
2MASS J19250624-0844248,4200707852085742464,HorBranch*
NGC  5904   627,4421477795383988096,HorBranch*
SDSS J134403.94+090158.1,3725321729083020288,HorBranch*
HE 0950-1410,5687144699770359040,HorBranch*
HD   2857,2527043140743265664,HorBranch*
2MASS J12335687+5516584,1571161507177729920,HorBranch*
SDSS J161259.00+144025.0,4464622283764478336,HorBranch*
HE 1133+0105,3798891018465389824,HorBranch*
2MASS J06590616+1709192,3361205053246420736,HorBranch*
2MASS J20465404+5007178,2168357399524301184,HorBranch*
SDSS J115012.30+132741.4,3922879813697730432,HorBranch*
BPS BS 16086-0016,1613308811526886656,HorBranch*
UCAC4 687-071985,2080564522778669952,HorBranch*
2MASS J20202058+2803515,1836312103489933312,HorBranch*
2MASS J12395878+0005487,3696003663845077760,HorBranch*
[TGC2005]  52,2360813711519921024,HorBranch*
2MASS J07172117+1522365,3167824807877067136,HorBranch*
2MASS J19254236+2631247,2025536955135413760,HorBranch*
BPS CS 22968-0035,4734292976653844608,HorBranch*
2MASS J07390906+2026269,673022066774720000,HorBranch*
2MASS J06573146-0943318,3049857140184518912,HorBranch*
2MASS J05152289+3859495,188601467195231104,HorBranch*
2MASS J04043452-0351434,3251901197876622720,HorBranch*
2MASS J21433070+5453182,2174751055339523072,HorBranch*
2MASS J02001350+4908032,356881034629697792,HorBranch*
SDSS J204431.34+153909.1,1762956398517587328,HorBranch*
HE 2226-0027,2678131122323904256,HorBranch*
HE 1323-2352,6193290824484283264,HorBranch*
2MASS J16550868+1025480,4447453482712032384,HorBranch*
TYC 3149-473-1,2079298572579460480,HorBranch*
UCAC4 360-132540,4143504179126328192,HorBranch*
2MASS J23551266+5638476,1995036743073379072,HorBranch*
SDSS J070817.71+395327.6,947565958405465728,HorBranch*
2MASS J08005898-1706179,5718053449101002624,HorBranch*
HE 1154-1557,3568822917638977536,HorBranch*
UCAC4 672-076569,2078925528901329792,HorBranch*
2MASS J19475314+4644576,2080351251883837440,HorBranch*
HE 1321-1256,3609260962442346880,HorBranch*
2MASS J04461388+2713357,154575529386967168,HorBranch*
2MASS J17001535-2302498,4113881686604074240,HorBranch*
2MASS J00342737-4250017,4992879071915638016,HorBranch*
SDSS J075036.21+184817.7,668734315025130752,HorBranch*
TYC 3556-397-1,2128040747666554624,HorBranch*
2MASS J06481681+1835296,3359385434520700416,HorBranch*
2MASS J20121822+2830078,1837220334445681408,HorBranch*
SDSS J222951.51+003214.0,2702194312254931584,HorBranch*
HE 2344-2911,2328115889272540032,HorBranch*
2MASS J19505446+4945288,2087196502037851776,HorBranch*
SDSS J122606.69-010059.1,3694895772737064832,HorBranch*
TYC 6524-157-1,5617637904005131392,HorBranch*
2MASS J21331259+0054510,2688212952461039872,HorBranch*
2MASS J17520401-2249325,4068715157776886528,HorBranch*
2MASS J16523135-0150280,4379222429657728768,HorBranch*
2MASS J06220519-0138078,3118291087492087424,HorBranch*
2MASS J04201041+4333509,229465572755375232,HorBranch*
TYC 3123-623-1,2103296925679588992,HorBranch*
2MASS J06135261+2342054,3425261299308470784,HorBranch*
2MASS J00030234-2006038,2365609368923356672,HorBranch*
HE 1008-1440,3752727232499239424,HorBranch*
CHSS 2300,1568680802788144768,HorBranch*
UCAC4 672-068277,2105954548363613184,HorBranch*
HD  22799,5163967139942513408,HorBranch*
BPS CS 30312-0036,4417715266592941952,HorBranch*
SDSS J115333.27+470828.7,774460737514221952,HorBranch*
2MASS J06501282+1923139,3365641002848769408,HorBranch*
2MASS J03281016+0846092,12412180607710336,HorBranch*
2MASS J01222209+6226218,511043731762684800,HorBranch*
HE 1126-0303,3787218293787299200,HorBranch*
SDSS J210401.69-010021.9,6917174606940066944,HorBranch*
2MASS J14511188+4828257,1590731233604026624,HorBranch*
2MASS J15115373-0132151,4418147512101103488,HorBranch*
SDSS J162420.77+175012.7,4466981015379984512,HorBranch*
BPS CS 22172-0028,5163758404532012800,HorBranch*
TYC 3512-436-1,1365898491751374336,HorBranch*
SDSS J111833.01+605808.6,861190150289586304,HorBranch*
2MASS J16440644+3631455,1328141361236750592,HorBranch*
2MASS J04572106+5052092,259639397340608128,HorBranch*
HE 1451-1656,6306299385501651328,HorBranch*
TYC 1428-424-1,3982323604183387904,HorBranch*
2MASS J06504585+1920010,3365450546817589632,HorBranch*
CD-31 15810,4047063815234837504,HorBranch*
UCAC4 667-069073,2105185263881342592,HorBranch*
SDSS J032437.91+045649.9,3275647483643991808,HorBranch*
TYC 3446-1062-1,831784570798418176,HorBranch*
2MASS J00365149+5855274,425393528308552320,HorBranch*
2MASS J06220948+5802523,998586630829492736,HorBranch*
SDSS J015314.34-003056.1,2506172726419990272,HorBranch*
HE 1431-0251,3649086785428631680,HorBranch*
UCAC4 680-071385,2128012847563001088,HorBranch*
TYC 3149-125-1,2078624056558458624,HorBranch*
TYC 3546-1872-1,2130926862611416576,HorBranch*
UCAC4 672-079513,2076114897996879104,HorBranch*
SDSS J133611.08+404959.0,1500854159555993216,HorBranch*
UCAC4 644-068066,2052852496132290944,HorBranch*
TYC  178-1087-1,3134663365386225408,HorBranch*
SDSS J070522.17+382808.6,947040086905035648,HorBranch*
SDSS J155340.47+450607.4,1397011681520341760,HorBranch*
2MASS J06263137+4047002,958216141566481024,HorBranch*
TYC 3656-67-1,420910304007495168,HorBranch*
BPS CS 22955-0083,6847779828203966976,HorBranch*
2MASS J05180877+4303550,207292821269393920,HorBranch*
SDSS J145519.95+503219.0,1593198812574876288,HorBranch*
2MASS J00493162+5947007,426782035395823488,HorBranch*
2MASS J04034221+5732277,469704431022934528,HorBranch*
BPS BS 16472-0055,1153545000714547584,HorBranch*
2MASS J06212373+2134196,3375971017670512128,HorBranch*
2MASS J05551462+3035005,3444040476875717888,HorBranch*
2MASS J06075361+2652333,3430213357943734144,HorBranch*
HE 1124-3119,3481417756184966144,HorBranch*
SDSS J223625.67+123447.8,2730220348251037184,HorBranch*
HE 0255-1505,5157334507846262784,HorBranch*
2MASS J03181695+6234527,463809639946306304,HorBranch*
2QZ J113919.3-023618,3792900977904940416,HorBranch*
2MASS J06195361+0747269,3325439249964226944,HorBranch*
TYC 4651-1232-1,1724289529505908992,HorBranch*
HE 1207-0201,3601383648824185856,HorBranch*
2MASS J04534980-3646214,4818746121186500864,HorBranch*
2MASS J05073327+3235457,181591427731828736,HorBranch*
2MASS J06270731+0020419,3120314738643610752,HorBranch*
HE 1027-2020,5476238578353707648,HorBranch*
2MASS J23563330+1529176,2772272166889338880,HorBranch*
2MASS J06592551+0452122,3128702118280984960,HorBranch*
2MASS J05175439+2348591,3415693727080300544,HorBranch*
HE 2307-1832,2405296107984142464,HorBranch*
2MASS J06135690+4030069,959520742176602368,HorBranch*
2MASS J05105357+4057484,201016740180142336,HorBranch*
Cl* NGC 5024    SAN      27,3937270496760049024,HorBranch*
2MASS J02512400+1554498,33468038733533568,HorBranch*
2MASS J21275623+4431352,1971180398769265536,HorBranch*
HE 1229-2354,3500686285143484544,HorBranch*
HE 0434-3106,4878537048109176192,HorBranch*
2MASS J16572796+3805494,1351730700312411392,HorBranch*
HE 2354-3732,2307847079609757184,HorBranch*
2MASS J19331543+4442526,2126430680388886528,HorBranch*
2MASS J16425527+3550066,1327253853490849024,HorBranch*
SDSS J102926.63+324820.3,748911866855786112,HorBranch*
2MASS J03521502+6010528,473431466200195072,HorBranch*
2MASS J03084742-5425262,4734638601262127360,HorBranch*
2MASS J00452936-3847038,4999929385286793216,HorBranch*
2MASS J16055846+2244567,1206499812876074240,HorBranch*
BPS CS 22955-0050,6849584470383125248,HorBranch*
2MASS J07135869+3125418,887022385710466176,HorBranch*
HE 1943-6430,6440740417441561600,HorBranch*
NGC  5272   227,1454784764091472640,HorBranch*
2MASS J19590111+2048263,1823771589275992960,HorBranch*
UCAC4 679-067383,2127328367212614272,HorBranch*
SDSS J164622.39+405754.8,1356228145250504960,HorBranch*
2MASS J06384413+1440105,3356184687454292224,HorBranch*
2MASS J21284988+1152161,1745830920798153472,HorBranch*
2MASS J06070155+2401470,3426175474508496512,HorBranch*
2MASS J19382011+4859555,2134988389845428864,HorBranch*
SDSS J173120.39+342259.1,1335885737028148992,HorBranch*
[MMP2014] 1416,5248765320681228288,HorBranch*
2MASS J23000026+5614384,2009743570087979392,HorBranch*
2MASS J04364618+5813357,278942286038870656,HorBranch*
2MASS J04351316+3513462,174638356714244992,HorBranch*
SDSS J162827.50+133033.6,4460604122817228032,HorBranch*
2QZ J144530.8+013543,3652274441436332928,HorBranch*
HE 0308-4234,4850902438252169216,HorBranch*
TYC 3561-1809-1,2086610458041800576,HorBranch*
SDSS J232501.99+512653.9,1991499992118096896,HorBranch*
2MASS J07463615+4945234,982347879174642816,HorBranch*
HE 1149-2413,3491240758706893184,HorBranch*
Cl* NGC  104    LEE    4629,4689831475207688832,HorBranch*
SDSS J105904.04+305614.3,733498088223981696,HorBranch*
[LML2012] 72734,5921750996194151552,HorBranch*
HE 1014-1645,5673041951315576960,HorBranch*
UCAC4 687-073396,2086337955258125952,HorBranch*
2MASS J14343189+4947418,1603514533745839104,HorBranch*
2MASS J05424591+2818002,3441862275620237184,HorBranch*
2MASS J04523041+3930252,199953203196486272,HorBranch*
TYC 3541-1586-1,2106816840357141632,HorBranch*
2MASS J02493361-5742415,4727970750434553344,HorBranch*
2MASS J18205246-1431012,4146322296119463552,HorBranch*
2MASS J16122808+2631375,1315694099336868608,HorBranch*
BPS CS 22875-0024,6593465468756624896,HorBranch*
TYC   56-936-1,3266189381542691072,HorBranch*
UCAC4 657-074316,2077389957834166912,HorBranch*
[MDL2014] 228,2342903049355992704,HorBranch*
2MASS J23575426+5737271,1998158943777798272,HorBranch*
2MASS J06403572+1411533,3355862290028749952,HorBranch*
SDSS J130220.85+091704.3,3734166651588909312,HorBranch*
SDSS J124208.69-025246.8,3682961291276556416,HorBranch*
2MASS J05361545-5509396,4766965411350273024,HorBranch*
HE 1305-2226,3504280210697489280,HorBranch*
TYC 3139-172-1,2077382948448694144,HorBranch*
2MASS J17005876-2208326,4126034141938026368,HorBranch*
HE 0105-2040,2353004193961165184,HorBranch*
2MASS J05125549+2427133,3418976834441281280,HorBranch*
2MASS J06365580+0608274,3131940734079214976,HorBranch*
SDSS J031715.75+045216.2,3239195615188736,HorBranch*
Cl* Trumpler   20     MG     791,6056526833763199744,HorBranch*
2MASS J07011080+0353185,3128337084717781504,HorBranch*
TYC 3545-646-1,2131623295849890560,HorBranch*
2MASS J12305882+5422231,1571003589820148864,HorBranch*
TYC 1863-1636-1,3424744387106588416,HorBranch*
2MASS J13461531+1813558,1247688553539686272,HorBranch*
2MASS J18594955-3636393,6731268807259321728,HorBranch*
2MASS J03034556+4459083,433244934677398016,HorBranch*
2MASS J07114248+0152412,3114900502870619520,HorBranch*
2MASS J23303344+4718583,1938740098454989312,HorBranch*
2MASS J18050034-2459439,4065749499991159296,HorBranch*
2MASS J06223714+0504163,3323671097829035136,HorBranch*
2MASS J19290723+4842357,2129669502345986560,HorBranch*
TYC 3541-1093-1,2107279288075312512,HorBranch*
2MASS J00471848+0529066,2555844435515308160,HorBranch*
TYC 3135-650-1,2051928738868317440,HorBranch*
2MASS J00293819+7025161,530281749272928128,HorBranch*
2MASS J18522206-0631230,4252433723877776512,HorBranch*
HE 1416-1404,6299758219029182720,HorBranch*
2MASS J09293203+2816557,694609843714843008,HorBranch*
TYC 3136-979-1,2052155650583761664,HorBranch*
BPS CS 22940-0003,6430835226426322944,HorBranch*
HD 111743,3961714603046318848,HorBranch*
UCAC4 680-071378,2128015905579778560,HorBranch*
BPS CS 22883-0050,1176419446777688448,HorBranch*
SDSS J172558.08+082853.0,4490515477657755008,HorBranch*
2MASS J15351431+4229106,1391091051923003648,HorBranch*
TYC  175-3343-1,3153185497748911488,HorBranch*
2MASS J06171508+2321338,3377512464252806272,HorBranch*
2MASS J15481602+4459093,1397053909638884352,HorBranch*
2MASS J05274666+3351440,182559925679537920,HorBranch*
HE 2159-0738,2620091476906415104,HorBranch*
2MASS J21342198+5723317,2178425833664232960,HorBranch*
2MASS J05302895+2747477,3442375197794573952,HorBranch*
2MASS J05585598+1326575,3343707085904424832,HorBranch*
BD+11  2507,3735585124668011136,HorBranch*
2MASS J23562043+5716076,1998103143560663552,HorBranch*
SDSS J074755.28+213237.8,674481286207297792,HorBranch*
2MASS J06493241+1836532,3365387389320040320,HorBranch*
SDSS J032654.28+052136.8,3275749742521007488,HorBranch*
2MASS J04060405-4929416,4830538142876103168,HorBranch*
UCAC4 666-069702,2116811366693529600,HorBranch*
2MASS J13010964+5138025,1557550549658203904,HorBranch*
2MASS J14333789+5338499,1605443695615996416,HorBranch*
2MASS J06483421+0256136,3126573055749906560,HorBranch*
SDSS J135523.49+005856.1,3663846350346748416,HorBranch*
SDSS J103711.88+062501.8,3862438220705751808,HorBranch*
HE 2248-5857,6491760540109010304,HorBranch*
SDSS J172526.82+074501.1,4490170020551348352,HorBranch*
2MASS J03103632-1700497,5152867329541716096,HorBranch*
2MASS J06152977-0111425,3121185105174992128,HorBranch*
Cl* NGC 5904    SAN      34,4421570497961374592,HorBranch*
NGC  5904   322,4421573143661098752,HorBranch*
2MASS J03370101+4703270,248145244519510528,HorBranch*
2MASS J03283961+7051272,542917062019724544,HorBranch*
HE 2254-1610,2404537509385094400,HorBranch*
TYC 3556-815-1,2128015836860310912,HorBranch*
2MASS J03392292+5851563,449992523996432384,HorBranch*
HE 1247-1101,3529643092091917184,HorBranch*
2MASS J07581436+6533542,1094836371194659456,HorBranch*
2MASS J03575995+5659589,469618050641619328,HorBranch*
2MASS J21220494+5622269,2178687654867285248,HorBranch*
2MASS J06500355+0132253,3126085903381968768,HorBranch*
UCAC4 673-077377,2079639146305969664,HorBranch*
SDSS J170639.02+243507.9,4572032926143489920,HorBranch*
SDSS J170725.25+311632.0,1310178674134018816,HorBranch*
2MASS J21451868+5208142,2173038364127282688,HorBranch*
2MASS J20550213+5201566,2170081055795493760,HorBranch*
2MASS J05304814+6128568,286093720117969280,HorBranch*
2MASS J05114754+3228340,181432170343536000,HorBranch*
2MASS J21343447+5559187,2177717954333700992,HorBranch*
SDSS J064310.85+364212.7,943795114559531648,HorBranch*
SDSS J145653.04+221632.5,1262388165009677056,HorBranch*
HE 2139+0145,2694425639833905024,HorBranch*
2MASS J05525503+1113250,3342869154964028928,HorBranch*
SDSS J101319.48+233556.1,726218977650502016,HorBranch*
HE 1255-0213,3685429252499278720,HorBranch*
2MASS J18304986-0019299,4272939508250759296,HorBranch*
2MASS J19165072+2646269,2024329760077025920,HorBranch*
SDSS J172641.66+333917.7,1335425286470060160,HorBranch*
UCAC4 655-070428,2102144396977189376,HorBranch*
2MASS J01563099-0233034,2504886022937822848,HorBranch*
2MASS J06071579+2349116,3426152350405549952,HorBranch*
HE 2112-0505,6911659456615046784,HorBranch*
2MASS J14415769+1148384,1178571912587732352,HorBranch*
TYC 3560-2712-1,2128545079909313792,HorBranch*
2MASS J03290814+6022536,462401573567888256,HorBranch*
2MASS J19115415+2855418,2039027069429600384,HorBranch*
2MASS J18593664-3633251,6731281657801476864,HorBranch*
2MASS J19511037+3235400,2034678947649747456,HorBranch*
BPS CS 22878-0108,4445663546501907456,HorBranch*
2MASS J00260674+2240458,2800063972547055488,HorBranch*
HE 2333-4641,6525533723383324544,HorBranch*
TYC 3047-1017-1,1296800916158403968,HorBranch*
UCAC4 683-069890,2127526137569114752,HorBranch*
SDSS J025848.86-002221.0,5188110143249733376,HorBranch*
SDSS J161218.18+072521.2,4450560736932475648,HorBranch*
2MASS J19075765+4726283,2130687096057253888,HorBranch*
2MASS J06301268+0004505,3120096794821823616,HorBranch*
HE 0402-0124,3253622895647021440,HorBranch*
SDSS J031647.59+044214.5,2954559542539776,HorBranch*
2MASS J23594559+6327260,2016111666559557760,HorBranch*
2MASS J06410621+0231383,3126864254533575680,HorBranch*
UCAC4 055-009669,5199119591836979456,HorBranch*
2MASS J03405784+4653063,247957537267853824,HorBranch*
TYC 2001-888-1,1445325047078245120,HorBranch*
2MASS J00245087+6211128,430443653937086976,HorBranch*
2MASS J07230865+2319133,869385360207935872,HorBranch*
GSC 02038-01460,1316523444638416256,HorBranch*
SDSS J002911.32+010140.2,2544327596674423936,HorBranch*
2MASS J08135554+7749281,1137705539285220224,HorBranch*
2MASS J01191486-0924394,2471917269858499968,HorBranch*
SDSS J112124.54+391040.2,764361620133522432,HorBranch*
HE 1347-2533,6178766138442542080,HorBranch*
2MASS J16315027-1409172,4327243292333314944,HorBranch*
SDSS J204832.71-002658.7,4227161272910411520,HorBranch*
TYC 2960-93-1,919716123443963392,HorBranch*
2MASS J13111693+1549159,3936353061681823744,HorBranch*
SDSS J134319.16+214129.8,1251175993968991104,HorBranch*
2MASS J06494606+0236029,3126502102890964736,HorBranch*
HE 2140-1614,6838446967346583552,HorBranch*
2MASS J06543111+0734205,3157098139940306176,HorBranch*
2MASS J04354449+4753247,257402067274453632,HorBranch*
HE 1507+0118,4420049942094894976,HorBranch*
2MASS J07140478+0632576,3153138046950505472,HorBranch*
NGC  5904   923,4421568573815520000,HorBranch*
HE 1409-1458,6298141318460739456,HorBranch*
SDSS J134318.42+275836.3,1454713325895833600,HorBranch*
2MASS J13201042+1425155,3743414369012137472,HorBranch*
HE 1408-0316,3646043405962450688,HorBranch*
2MASS J00351751+4948135,391478228852444160,HorBranch*
UCAC4 701-066468,2133038646490620928,HorBranch*
UCAC4 337-086884,4125909759682156416,HorBranch*
UCAC4 427-039092,3056679472394756864,HorBranch*
2MASS J05212425+3802361,187523494825654400,HorBranch*
UCAC4 648-068422,2101211152125138816,HorBranch*
UCAC4 687-070332,2128594283055233152,HorBranch*
2MASS J05162669+2317389,3415637166654053248,HorBranch*
SDSS J120805.80+264107.5,4006563166947494656,HorBranch*
SDSS J100640.65+015619.5,3835337011427214976,HorBranch*
2MASS J04421658+5251463,272700740780874624,HorBranch*
2MASS J21012146+0019012,1729417514297863680,HorBranch*
2MASS J07143052-2208442,2928120724592166912,HorBranch*
2MASS J06345350+0447552,3130937257918406400,HorBranch*
GD 1058,2459967085997036288,HorBranch*
2MASS J17192660+4237347,1360134748720073472,HorBranch*
2MASS J04415719+3924423,202716825672243200,HorBranch*
LAMOST J195042.10+452418.2,2079375744553756928,HorBranch*
HE 2146-1322,6843424211672485888,HorBranch*
NGC  6341  1010,1360406156296581248,HorBranch*
SDSS J105818.63+253054.0,3996353784871111680,HorBranch*
2MASS J19330318+0802586,4296025374118128896,HorBranch*
2MASS J13585519+5332235,1513159382594240000,HorBranch*
2MASS J03383271-3344147,4862787884070604160,HorBranch*
2MASS J06231863-0121449,3118396464512192768,HorBranch*
2MASS J05061966+3359289,184819245975843072,HorBranch*
2MASS J08130092+7822496,1138476846691827712,HorBranch*
2MASS J05455838+5435260,265156407385976832,HorBranch*
SDSS J154320.89+411850.3,1378065511330186240,HorBranch*
2MASS J17081951+5913148,1437230305035780480,HorBranch*
SDSS J122908.71-024601.2,3693629715167164288,HorBranch*
UCAC4 289-070119,6171457512854798208,HorBranch*
SDSS J144541.95+423933.9,1490410109058808704,HorBranch*
2MASS J23572171+5813362,1998391215606570240,HorBranch*
BD-04  3689,3642099148515960832,HorBranch*
2MASS J05440413+5320317,263738209183989248,HorBranch*
HE 1036-0733,3762706640550978560,HorBranch*
2MASS J03172269+6323519,466869993123666816,HorBranch*
2MASS J21553127+5334083,1981536733155279360,HorBranch*
SDSS J160730.62+210932.5,1205163150333365760,HorBranch*
SDSS J220225.66+062545.8,2721329418055556608,HorBranch*
2MASS J08470118-1528459,5733433417745918976,HorBranch*
HE 2252-1743,2403518197682070656,HorBranch*
2MASS J05495898+1218191,3346186072307273984,HorBranch*
2MASS J00243546+5835579,428136500580666496,HorBranch*
SDSS J125051.75+040857.1,3705394115917549952,HorBranch*
Gilmore F867  4-36,3650512370973724416,HorBranch*
2MASS J11513000+0007113,3795234695627092224,HorBranch*
2MASS J06101951+1823404,3373542398345435264,HorBranch*
HE 1444-0337,6338570567172372736,HorBranch*
HE 2223-2427,6625630169598630016,HorBranch*
2MASS J16171591-2258371,6050421967206133248,HorBranch*
2MASS J02332986+6009197,465129466216228352,HorBranch*
SDSS J224058.20+231302.0,1875887684482584960,HorBranch*
2MASS J06280020+0538107,3131664000745018752,HorBranch*
2MASS J16323934-0150412,4358217153362394240,HorBranch*
UCAC4 503-050653,598537438256325888,HorBranch*
HE 0913-0247,3838277586556510848,HorBranch*
2MASS J20031065+2900232,2029318209963421440,HorBranch*
2MASS J04383322+5739097,278666519074015744,HorBranch*
2MASS J18012931+6004456,2152706946707262848,HorBranch*
TYC 2043-927-1,1299094570429890560,HorBranch*
HE 1518-0244,4414047330161971712,HorBranch*
HE 2347-3545,2311291329847839616,HorBranch*
2MASS J21210037+4520593,1971717372763792768,HorBranch*
HE 1345-2933b,6175239656758938624,HorBranch*
2MASS J07352306-1238534,3033819491786825984,HorBranch*
BD+36  2820,1339371296262972160,HorBranch*
2MASS J16274067-1207370,4331531628199444736,HorBranch*
2MASS J07504347+4458276,926415958891830272,HorBranch*
UCAC4 661-081440,2076932114322067200,HorBranch*
TYC  281-930-1,3700007127416268416,HorBranch*
SDSS J100117.58+104617.9,3879474668046024576,HorBranch*
HE 1527-0559,4400329475200589568,HorBranch*
2MASS J15160145+3717046,1292163008609743744,HorBranch*
HE 2321-4214,6536023231814564864,HorBranch*
SDSS J125447.70+102429.5,3735276780375887616,HorBranch*
2MASS J05154056+2402173,3415899473193416448,HorBranch*
HE 0349-2704,5081058122053212672,HorBranch*
2MASS J06470595-0705507,3099408379739114496,HorBranch*
2MASS J23543789+5531588,1994687235811131392,HorBranch*
2MASS J20091371+1918139,1822405995819074176,HorBranch*
Cl* NGC 6864    KAM     251,6853720833129129344,HorBranch*
HE 0359-0030,3256781277157206400,HorBranch*
2MASS J14473265+4509090,1589775380042132736,HorBranch*
2MASS J08225021+2743155,683129804152742528,HorBranch*
2MASS J00231096+6405357,431155862591293056,HorBranch*
2MASS J06011116+3201140,3450222893318469248,HorBranch*
TYC 2602-1377-1,1339298762855168000,HorBranch*
TYC 2038-1484-1,1316313918953624320,HorBranch*
TYC  105-860-1,3235951231231787136,HorBranch*
TYC 3556-3683-1,2080086407019699200,HorBranch*
2MASS J06342176-0004279,3119676437782625408,HorBranch*
2MASS J07170386+0516401,3140774451013107968,HorBranch*
HE 2351-5416,6497271739063873920,HorBranch*
2QZ J025625.7-274301,5072337895333168384,HorBranch*
SDSS J081459.69+344604.6,902859545038584576,HorBranch*
HE 1207-2253,3490060982730012416,HorBranch*
2MASS J07103610-2211412,2928214011281206784,HorBranch*
BPS BS 16079-0152,1625117188452565504,HorBranch*
HE 1138-2851,3483678523891259008,HorBranch*
BPS CS 22190-0007,5108109647150325376,HorBranch*
2MASS J06213658+3402136,3440506680862316800,HorBranch*
HE 2233-0833,2609650617568188544,HorBranch*
2MASS J06234697+0724287,3324605613991347840,HorBranch*
SDSS J135405.88+320153.7,1457379538513513728,HorBranch*
NGC  7078   260,1745948018790486528,HorBranch*
BD+29  2484,1452739431941429760,HorBranch*
TYC 3562-303-1,2086474191620375680,HorBranch*
HE 1239-2448,3500004416135523584,HorBranch*
UCAC4 419-055717,3676730839918065536,HorBranch*
2MASS J20220829+4536488,2082988980284569984,HorBranch*
TYC 3145-323-1,2078541627548979328,HorBranch*
2MASS J18405932-1000267,4155199370741975680,HorBranch*
2MASS J03325556+4718450,248879409049788800,HorBranch*
NGC  5904   977,4421568230218128512,HorBranch*
SDSS J135319.21+511301.7,1512446246225107840,HorBranch*
2MASS J23343691+6058202,2012431601135301504,HorBranch*
TYC 3544-1182-1,2107567665060046336,HorBranch*
2MASS J07115057+0456215,3140481568603724288,HorBranch*
HE 1335-0912,3617764722810412800,HorBranch*
TYC 3555-1444-1,2139239548473457920,HorBranch*
Cl* Melotte  111     AV      69,4003011160273807488,HorBranch*
HE 2346-5615,6496754693721035008,HorBranch*
HE 0417-2202,4899170448955742720,HorBranch*
HE 2234-1503,2597568256089126912,HorBranch*
SDSS J120837.21+224458.3,4001730499810379264,HorBranch*
2MASS J02121134-1115022,5151843100100526720,HorBranch*
2MASS J13203107+4709057,1551390157808321536,HorBranch*
2MASS J20000597+0440042,4248240598747438592,HorBranch*
TYC 4125-1-1,1095970964115532544,HorBranch*
2MASS J17152569+2253356,4568448724396864512,HorBranch*
2MASS J23051909+5508486,2008654881777457536,HorBranch*
2MASS J14034699-0252596,3645630470626653312,HorBranch*
2MASS J06465163+0236268,3126467086020237056,HorBranch*
SDSS J093109.61+290919.8,696223308309091072,HorBranch*
2QZ J130155.4+012553,3691834075234165760,HorBranch*
2MASS J06220009+0331313,3125261643315944576,HorBranch*
TYC 3127-1421-1,2104242814917510400,HorBranch*
2MASS J05402971+3847287,190102128767922560,HorBranch*
SDSS J013649.37-101735.3,2464637850047159808,HorBranch*
HE 1115-1440,3561507969857097472,HorBranch*
UCAC4 662-073384,2101930954284688768,HorBranch*
2MASS J05175812+2340401,3415678471356589696,HorBranch*
HE 1526+0128,4417846142835845760,HorBranch*
SDSS J130943.61+453013.7,1553814477867292928,HorBranch*
2MASS J03402436+6240487,486867154692661248,HorBranch*
SDSS J144714.14-015502.7,3650243261207574272,HorBranch*
BD+39  2512,1532608643777324288,HorBranch*
UCAC4 280-067253,3468016010816239360,HorBranch*
2MASS J23531702+1757206,2773643360968638720,HorBranch*
SDSS J134854.73+482941.6,1510268281192578816,HorBranch*
SDSS J124939.58+084516.8,3734635554642388480,HorBranch*
UCAC4 656-073142,2053596487544960512,HorBranch*
TYC 5048-301-1,4359057764361968896,HorBranch*
2MASS J16111507+2215582,1205672434671949056,HorBranch*
UCAC4 672-071239,2126966108193958656,HorBranch*
2MASS J04433883+5118219,260412427031025792,HorBranch*
SDSS J171712.97+352036.0,1336746036156314624,HorBranch*
2MASS J18171169+0217253,4277430021125795840,HorBranch*
2MASS J19240517+0127217,4288572746856839040,HorBranch*
HE 2344-2047,2389509212658208256,HorBranch*
2MASS J18262193-1242277,4152971970662798976,HorBranch*
2MASS J18400045+1921018,4524657787614877952,HorBranch*
KOI-5991,2073175598494019584,HorBranch*
2MASS J05565549+3203149,3450929634481351296,HorBranch*
Ton S 351,5098656870807177984,HorBranch*
UCAC4 684-068036,2128288889399531264,HorBranch*
TYC 6243-476-1,4123133767796047360,HorBranch*
2MASS J00300143+6636484,527830731696661248,HorBranch*
2MASS J12343287+4437321,1541512587723051648,HorBranch*
HE 1512+0054,4419113089468703360,HorBranch*
HE 1259-0748,3628801792328733952,HorBranch*
SDSS J134919.51+662913.0,1672164015398683392,HorBranch*
TYC 3549-1828-1,2132180065347338880,HorBranch*
TYC 3136-545-1,2049080557087082240,HorBranch*
SDSS J122645.86+174952.0,3946243478011770752,HorBranch*
2MASS J05011172+3501070,185164187686865792,HorBranch*
TYC 3546-1017-1,2130789797315245312,HorBranch*
SDSS J132332.28+182214.7,3938603143508487424,HorBranch*
2MASS J17032393-2256097,4113919374910644864,HorBranch*
2MASS J19443870+2341208,2020126464553195392,HorBranch*
UCAC4 236-153198,6724309276634062080,HorBranch*
BD-01  2651,3694327015988011904,HorBranch*
2MASS J17042717-2219438,4114018468401903744,HorBranch*
2MASS J06465112-2614128,2920185927124767488,HorBranch*
HE 2237-5927,6503495662071668736,HorBranch*
2MASS J19051753+4936070,2132074890188933376,HorBranch*
2MASS J09153268+4252068,816239744124254720,HorBranch*
2MASS J06015600+3114113,3449971689272402432,HorBranch*
CRTS J090709.7+360204,715215894210323840,HorBranch*
2MASS J05330176+2634354,3441931231320229120,HorBranch*
[TGC2005] 389,2640216697223109120,HorBranch*
TYC 6272-1013-1,4095547536371684736,HorBranch*
2MASS J17502065-0048217,4371201801573595136,HorBranch*
SDSS J105052.51+021520.2,3809100735547753728,HorBranch*
HE 1444-0110,3650488800193124608,HorBranch*
TYC 3590-1050-1,1971158545978136960,HorBranch*
PHL  2513,2421113647902655104,HorBranch*
BPS CS 22945-0001,6389505443329296256,HorBranch*
UCAC4 697-065118,2132619835640358656,HorBranch*
2MASS J19104300+3918364,2099657847132220032,HorBranch*
2MASS J04041549+5118357,250750468602851072,HorBranch*
BD+22  1713,865646333479104384,HorBranch*
TYC 3143-1421-1,2077563508873060864,HorBranch*
2MASS J00251201+5459063,421164664844468352,HorBranch*
Cl* NGC 4590   WALK      86,3496374481577569408,HorBranch*
2MASS J06505850+1715306,3358432398457904512,HorBranch*
2MASS J05404788+4603504,209485453612384512,HorBranch*
2MASS J21330272+4512341,1971139270164814464,HorBranch*
2MASS J04585059+4211006,201978675415802752,HorBranch*
2MASS J06263382+0329384,3125118848542620416,HorBranch*
[TGC2005] 374,2639194185769023360,HorBranch*
2MASS J07310992-1241318,3033639927794446976,HorBranch*
2MASS J06491273+1630159,3358099830549901568,HorBranch*
2MASS J06295443+1017372,3327520247520014976,HorBranch*
SDSS J154155.34+022907.8,4423911564371451008,HorBranch*
SDSS J231819.07+533245.3,1995741770539609344,HorBranch*
TYC 2449-130-1,940846434828318080,HorBranch*
HE 1219-3119,3469594535851588096,HorBranch*
UCAC4 642-069244,2051916747319096448,HorBranch*
2MASS J19491569+1834118,1821551950193713408,HorBranch*
2MASS J05015700+3958450,200731554351819648,HorBranch*
SDSS J120835.08+485026.2,1546501415575242496,HorBranch*
2MASS J11545126-1720034,3568092738838697984,HorBranch*
TYC 3564-3167-1,2135033882139552128,HorBranch*
2MASS J06312077+3349494,941547201692527616,HorBranch*
HE 1232-1617,3526334592884726912,HorBranch*
2MASS J05441389+1917071,3399307774011352064,HorBranch*
2MASS J04312882+5453423,277001343073001344,HorBranch*
HE 1329-1401,3606662369789173504,HorBranch*
HD 189367,6686088740598880128,HorBranch*
2MASS J03520979+3713321,220491839884637696,HorBranch*
TYC 3127-2000-1,2104079773659649280,HorBranch*
TYC 3561-1835-1,2086343070554554496,HorBranch*
SDSS J164815.56+313532.6,1313184223528099840,HorBranch*
HE 1426-1646,6286238005578616192,HorBranch*
2MASS J20160196+1916197,1816433105053161600,HorBranch*
2MASS J19414320+1525076,4318508875093936768,HorBranch*
SDSS J104420.78+010007.9,3807400134657214848,HorBranch*
2MASS J06300062+1650226,3369470601847777664,HorBranch*
SDSS J100551.60+433748.2,808778110324905088,HorBranch*
GPM 178.854878+07.141536,3899222588371982976,HorBranch*
HE 1310-0759,3628217986014019840,HorBranch*
HE 1352-1250,3612136799528881408,HorBranch*
SDSS J001458.70-000944.2,2545418930684612864,HorBranch*
2MASS J02052127+6539448,518511923974824192,HorBranch*
2MASS J11331233+2240192,3980534084585542784,HorBranch*
2MASS J03294792+4706508,248896210961631616,HorBranch*
2MASS J21571065+4910543,1976479769940923648,HorBranch*
2MASS J06132111+0704561,3325143477039236224,HorBranch*
2MASS J04552049+3459223,186055066982940160,HorBranch*
SDSS J102940.22+093656.3,3876099034205059584,HorBranch*
SDSS J094216.03+540602.1,1021371848946669696,HorBranch*
2MASS J03522677+4830396,249963596233815168,HorBranch*
2MASS J06571122-1320336,2949524092810648704,HorBranch*
2MASS J06212589+2026076,3375577113332286976,HorBranch*
2MASS J00244325+5400209,419519009482367872,HorBranch*
2MASS J08252840+0104010,3077973129970401536,HorBranch*
TYC 3554-90-1,2133330154510699904,HorBranch*
SDSS J162840.23+455221.6,1409767936251408896,HorBranch*
BPS BS 17449-0015,3581853642255790336,HorBranch*
2MASS J06001476+1332441,3343796421224125184,HorBranch*
SDSS J044948.00-053326.4,3188400896678957056,HorBranch*
SDSS J032052.06-062404.0,5169672364044202880,HorBranch*
TYC 3545-329-1,2131785993508099072,HorBranch*
SDSS J135450.60+213516.1,1250599712436890624,HorBranch*
2MASS J05145275+4357535,208322823147037184,HorBranch*
BD+48  1916,783544803808288512,HorBranch*
2MASS J06125476+3207306,3438407884965041792,HorBranch*
2MASS J05162345+2501136,3420519621053197312,HorBranch*
SDSS J220130.20+072510.0,2721742082808605952,HorBranch*
2MASS J05302163+4053037,194295077703832192,HorBranch*
[TGC2005]  91,4903288463598559232,HorBranch*
BD-15  3721,3605160265107001344,HorBranch*
Cl* NGC 6791    SBG   10088,2051293118064546944,HorBranch*
2MASS J16593686+0934494,4444152611367414656,HorBranch*
2MASS J16284711-1409412,4330234548076410112,HorBranch*
2MASS J07032515-1634087,2935679317273026688,HorBranch*
2MASS J21595241+4857263,1976436064352375552,HorBranch*
2MASS J19553181+2045031,1826408871002414592,HorBranch*
2MASS J05240148+4428511,207656793977607296,HorBranch*
HE 2254-4138,6543050176268838784,HorBranch*
NGC  6705   136,4252499797663980928,HorBranch*
2MASS J03003661+3840404,142800863660666752,HorBranch*
2MASS J17503910+7239293,1651377683652072192,HorBranch*
2MASS J17572045-2126130,4070408474323309440,HorBranch*
2MASS J06214016+0730595,3325369912012737536,HorBranch*
BD+03  2325,3835791728204799872,HorBranch*
2MASS J18495366-2549190,4073136190858405632,HorBranch*
TYC 2570-336-1,1375194381528327040,HorBranch*
SDSS J031359.10+181407.5,58793364934137088,HorBranch*
2MASS J22422876+5221049,2002009399139282048,HorBranch*
SDSS J122055.39+045007.3,3894128271826145536,HorBranch*
HD  56357,3166523192267607424,HorBranch*
2MASS J05053522+2118044,3409129604005349632,HorBranch*
2MASS J04094048+4736157,246121627732198016,HorBranch*
2MASS J01212113-1401155,2455443424578274304,HorBranch*
2MASS J03485017+4919108,250252527273560832,HorBranch*
2MASS J00343403+5337538,416504182955491584,HorBranch*
2MASS J07374161-1255385,3030770889640026752,HorBranch*
2MASS J00483409+0758353,2557631382428513024,HorBranch*
BPS BS 17570-0064,2800802775641609984,HorBranch*
2MASS J18444955-0930379,4251399564466294144,HorBranch*
TYC 3555-744-1,2130163625443203328,HorBranch*
Cl* NGC 1817     EG      33,3394788605124738048,HorBranch*
SDSS J070024.25+644626.4,1100760677282322944,HorBranch*
2MASS J07020592-1458076,2948277040468193920,HorBranch*
2MASS J06154959+0806591,3325333933067592064,HorBranch*
2MASS J18233831+1543037,4521845855340763264,HorBranch*
2MASS J05111230+3147207,180554897503274496,HorBranch*
2MASS J05132317+2325087,3415761999880163328,HorBranch*
SDSS J142056.30+581908.5,1611637583916324608,HorBranch*
HE 2153+0150,2681872966551759616,HorBranch*
SDSS J232620.96+523030.8,1992448320896463360,HorBranch*
TYC 3541-1476-1,2106541202236770176,HorBranch*
2MASS J22462595+5244336,2002039463911992320,HorBranch*
TYC 4405-845-1,1687009625692229632,HorBranch*
SDSS J161353.92+504750.4,1424367732682228096,HorBranch*
HE 2007-5950,6444134815994926080,HorBranch*
HE 1436-1837,6284822487437025280,HorBranch*
2MASS J20204539+5858126,2188551270590322688,HorBranch*
TYC 2048-649-1,1304109301229203072,HorBranch*
SDSS J124947.27+103905.1,3927317756161322624,HorBranch*
2MASS J18552337-0604126,4253976441758062336,HorBranch*
2MASS J18052146-0743274,4171003136720069248,HorBranch*
SDSS J155810.37-000516.3,4409948831852716288,HorBranch*
2MASS J09111078-6452500,5248758384311749504,HorBranch*
SDSS J023904.92+002932.5,2501791924202068736,HorBranch*
2MASS J04091951-1050405,3190461892569305600,HorBranch*
TYC 3129-2435-1,2102692366085140480,HorBranch*
TYC 3546-886-1,2131214934657510528,HorBranch*
[TGC2005] 349,6549697415548209408,HorBranch*
HE 2219-0701,2622625301452729472,HorBranch*
2MASS J06314998+1749406,3371235558528857216,HorBranch*
UCAC4 686-070270,2128218799835369344,HorBranch*
2MASS J05121502+2343020,3415831608412961664,HorBranch*
2MASS J19114612+4211592,2102498332340468224,HorBranch*
HE 2302-0711,2631614835506420736,HorBranch*
2MASS J19202249+4223213,2101907727100824064,HorBranch*
SDSS J150337.72-004505.2,4419233309897312896,HorBranch*
2MASS J01391816+6228536,511562873053992704,HorBranch*
SDSS J180122.88+242923.2,4579393469299032448,HorBranch*
HE 1234-1747,3516998124257025536,HorBranch*
2MASS J19465411+1525586,4317817454070233088,HorBranch*
HE 1443-0933,6326601146153755904,HorBranch*
BPS CS 22938-0038,6393273126080458496,HorBranch*
Gilmore F867  8-4,3651303538309200000,HorBranch*
2MASS J05492994+1953526,3399672017300178944,HorBranch*
2MASS J13374948-1628442,3603721210544582656,HorBranch*
2MASS J09120024-6446364,5248766424491405312,HorBranch*
[MDL2014] 304,2342907791000463232,HorBranch*
UCAC4 662-071768,2102329733406709120,HorBranch*
SDSS J020852.20+073855.2,2521344436400150912,HorBranch*
HE 0122-1622,2451621900117456896,HorBranch*
2MASS J19592769+0727485,4297243220659617152,HorBranch*
2MASS J05294132+2709242,3442210649007848704,HorBranch*
2MASS J02552999+6542282,468326949108855040,HorBranch*
TYC 2041-22-1,1319738897673839104,HorBranch*
2MASS J00445101-3602305,5001232959400615040,HorBranch*
2MASS J01470544+6700522,519678918127560448,HorBranch*
2MASS J10285800+1545425,3889190197602702592,HorBranch*
2MASS J06411588-0531121,3103581339901250048,HorBranch*
2QZ J131408.0+001437,3687755471210496256,HorBranch*
BPS CS 22889-0040,3618550289508691968,HorBranch*
SDSS J161021.46+040429.3,4413244171280982912,HorBranch*
HE 2314-2053,2386584928340358912,HorBranch*
2MASS J06202839+2335124,3377534381467352576,HorBranch*
2MASS J08001424-1613360,5718357223548979328,HorBranch*
2MASS J00221151+6531105,527340246432666752,HorBranch*
2MASS J05063232+4027349,200663178471469952,HorBranch*
UCAC4 673-083232,2082088686415440512,HorBranch*
GES J07382004-1452097,3029945225127830912,HorBranch*
TYC 3146-1185-1,2126241083352200704,HorBranch*
2MASS J00332138+7048460,536290305442478208,HorBranch*
2MASS J06223854+1959572,3375481524539356672,HorBranch*
2MASS J21582894+5932037,2202899794265937152,HorBranch*
SDSS J104031.38+062615.2,3859523308005899264,HorBranch*
BPS CS 30494-0029,5090383320686499328,HorBranch*
2MASS J02022091+5816196,505448626331307520,HorBranch*
2MASS J03175160+6232154,463803661351878016,HorBranch*
SDSS J073818.62+385551.0,899284306886270080,HorBranch*
HE 0925-0656,5745138711160265856,HorBranch*
2MASS J19262248+4832014,2129337106238034944,HorBranch*
2MASS J06451683+2015382,3377808713916256384,HorBranch*
SDSS J100100.12+470618.0,822404083050170752,HorBranch*
2MASS J00030270-0015415,2545956355648927232,HorBranch*
2MASS J17211760+2331249,4570036831503316480,HorBranch*
TYC 2038-1451-1,1316293681067666304,HorBranch*
2MASS J06121639+2346506,3425449796833459328,HorBranch*
2MASS J05163363+2417334,3417411091226067712,HorBranch*
HE 1223-2634,3475584091083969152,HorBranch*
2MASS J07162962-2151449,2928151957595229568,HorBranch*
2MASS J21270034+4615087,1972179064570175232,HorBranch*
2MASS J19585474+0344363,4247278560432902144,HorBranch*
UCAC4 700-066257,2132698102825437184,HorBranch*
GSC 00055-00795,3267135137636874368,HorBranch*
[MDL2011] 51359,6083700920005057280,HorBranch*
2MASS J06491079+0349251,3127397616454436864,HorBranch*
2MASS J06214274+2212368,3377154641937632384,HorBranch*
2MASS J03393577+4706483,248157888903498368,HorBranch*
2MASS J16250793-1302459,4331345982531775104,HorBranch*
2MASS J00241557-4236390,4993456968355308800,HorBranch*
SDSS J092958.98+503746.8,1018288126851941248,HorBranch*
2MASS J05503235+1251134,3346240463772232704,HorBranch*
2MASS J05120427+3320169,181547722143303040,HorBranch*
2MASS J04580777+4029575,201543200090338048,HorBranch*
HE 1030-2352,5471166325057116416,HorBranch*
2MASS J20210196+2903158,1861129386593905024,HorBranch*
2MASS J04283152+3709234,178229327330267264,HorBranch*
SDSS J154350.36+034426.0,4424570270619816704,HorBranch*
SDSS J143549.33+025601.8,3656450244864206720,HorBranch*
2MASS J23041794+5531587,2008726173929041408,HorBranch*
HE 1241-2719,3495344067381950336,HorBranch*
SDSS J092024.01+014028.8,3844332562730795776,HorBranch*
2MASS J19145847+4305450,2102935426872843776,HorBranch*
2MASS J03065313-0101530,3265493360618316800,HorBranch*
2MASS J06352795+1425293,3356109783224216960,HorBranch*
2MASS J18592798-2817036,6761852272956147968,HorBranch*
SDSS J031425.78+411357.0,239539057768936064,HorBranch*
SDSS J002926.42+153323.3,2780766748910160896,HorBranch*
2MASS J02022108+5832444,505505766578312448,HorBranch*
2MASS J20074714+5505467,2185849426924657408,HorBranch*
2MASS J17161067+2811550,4575163854223051136,HorBranch*
2MASS J10562752-0413218,3789165696383068672,HorBranch*
2MASS J04331814+4614319,253870882605030784,HorBranch*
SDSS J110141.42+275800.1,731929536102703360,HorBranch*
TYC 4440-826-1,1652525333274232064,HorBranch*
SDSS J072349.86+383702.2,899920550456999680,HorBranch*
2MASS J05021708+2230154,3418307609817188480,HorBranch*
Case A-F  683,731512511958564096,HorBranch*
2MASS J05141763+2426193,3415971388125699840,HorBranch*
2MASS J16320513-1357257,4330255507517104512,HorBranch*
2MASS J20474617+3207528,1859931331235567232,HorBranch*
2MASS J01421922-2458505,5037815360524325632,HorBranch*
HE 1428-0826,6328671182951296000,HorBranch*
NGC  5904   395,4421572765703848704,HorBranch*
HE 1148-1311,3573209178759462528,HorBranch*
2MASS J04513596+3923168,199928013211808768,HorBranch*
TYC 7698-3025-1,5419632867904137472,HorBranch*
HE 1424-0903,6329281510687982976,HorBranch*
BPS BS 16077-0022,4024431296049943552,HorBranch*
SDSS J180841.69+235758.2,4578424833915336576,HorBranch*
UCAC4 639-067582,2051809991612725120,HorBranch*
HE 0401-3511,4858162547890039808,HorBranch*
2MASS J06440409+0047279,3125598991527331968,HorBranch*
SDSS J104003.12+095110.3,3870303267897523072,HorBranch*
2MASS J21264385+4506560,1971279251739019264,HorBranch*
TYC 3846-851-1,1564950743949639168,HorBranch*
[MDL2011] 130310,6083696968662583296,HorBranch*
TYC 1876-861-1,3431365577409602944,HorBranch*
2MASS J03231606+5157506,442949327386344960,HorBranch*
TYC 2451-2225-1,886611816901008000,HorBranch*
SDSS J013823.22+233926.8,290895665352396160,HorBranch*
2MASS J06335928+1748170,3371057158469653376,HorBranch*
SDSS J082718.24+272506.8,704070488436586112,HorBranch*
SDSS J222658.60+395139.7,1909265593328900992,HorBranch*
HE 1403-0159,3647182122051611136,HorBranch*
2MASS J19130376+1843194,4516017820938577664,HorBranch*
BD+21  1659,673252620618902784,HorBranch*
HE 0137-4106,4960253748717421184,HorBranch*
SDSS J125343.64+392256.1,1526812705671432960,HorBranch*
HE 2251-3337,6602763626275610624,HorBranch*
2MASS J21235603+6713137,2222022397403643264,HorBranch*
GSC 02342-00242,121286371745729920,HorBranch*
2MASS J03345015+3042162,121090864834628864,HorBranch*
HE 1142-3216,3477583656058949760,HorBranch*
2MASS J06064908+2342131,3426149773424875008,HorBranch*
[TGC2005] 126,4716928561314811264,HorBranch*
SDSS J144659.21+004929.3,3652148817937440384,HorBranch*
SDSS J202412.03-123917.4,6876945950381420544,HorBranch*
SDSS J234444.11+381727.7,1919260321525615872,HorBranch*
2MASS J14034463+5253255,1512885398040528512,HorBranch*
2MASS J04393503+5835241,278977199828574976,HorBranch*
TYC 2998-453-1,820838932544970624,HorBranch*
TYC 3128-1656-1,2105457186850259712,HorBranch*
2MASS J06072898+1904387,3374481763529222528,HorBranch*
2MASS J17340627+6022065,1435752080371399168,HorBranch*
TYC 5050-261-1,4379096703077229568,HorBranch*
2MASS J07520709+2653210,874245987579760384,HorBranch*
GES J06363851+0919297,3326779275462092928,HorBranch*
UCAC4 697-066206,2129744028619288448,HorBranch*
2MASS J03211625+6259067,463845133555621760,HorBranch*
2MASS J04393707+6353430,481956220367585792,HorBranch*
2MASS J06292618+0526082,3131612559919063936,HorBranch*
2MASS J00384758+5849261,425342985131582592,HorBranch*
TYC  813-2864-1,598646388691460096,HorBranch*
2MASS J05461497+2747203,3441589218779485440,HorBranch*
2MASS J21203265+0037582,2690995507152560128,HorBranch*
UCAC4 662-075478,2077732696221669888,HorBranch*
TYC 3140-2232-1,2076598756138799488,HorBranch*
2MASS J21002731+5020167,2168935875774229120,HorBranch*
2MASS J08003165-1718179,5718043519136712576,HorBranch*
UCAC4 655-072617,2101570963002659968,HorBranch*
2MASS J21262379+1236429,1746220628950822528,HorBranch*
2MASS J16061106+4210515,1383425806609998976,HorBranch*
2MASS J02554179-2333090,5078161767908929792,HorBranch*
2MASS J06462920-2541083,2920266431990887808,HorBranch*
SDSS J131550.08+664947.1,1678597292292540416,HorBranch*
2MASS J10404161+4428232,829338604114188416,HorBranch*
2MASS J06333603+0034139,3120513505432665600,HorBranch*
SDSS J174427.68+251909.5,4581770785235906304,HorBranch*
2MASS J05440440+4712594,209870244025001728,HorBranch*
2MASS J06182585-0208084,3117862003078984960,HorBranch*
TYC  855-388-1,3817838799267526784,HorBranch*
2MASS J16564188-2029566,4127196287056569216,HorBranch*
HE 1358-2030,6289616907889795200,HorBranch*
SDSS J144638.58+004501.1,3652146618914179712,HorBranch*
SDSS J212026.15-060551.5,6899286136871877376,HorBranch*
SDSS J010241.23-000808.2,2536306521910994688,HorBranch*
2MASS J23161089+1054423,2810488201772024576,HorBranch*
BD+25  2602,1447085914950510464,HorBranch*
HE 2314-0318,2637326042499120000,HorBranch*
TYC 8242-1672-1,6125833243503509120,HorBranch*
2MASS J06300002+0443161,3131349128102051456,HorBranch*
UCAC4 644-067874,2052856108203357568,HorBranch*
2MASS J06505017+2755561,3385498595160924032,HorBranch*
NGC  6705  1837,4252515255134300928,HorBranch*
SDSS J151822.90+463415.2,1587706648914715520,HorBranch*
HE 1416-1027,6304682141335603584,HorBranch*
2MASS J06573685+1738190,3364250975335152256,HorBranch*
2MASS J06502309+0328566,3126621537340503424,HorBranch*
2MASS J22411518+6307315,2208241977657634560,HorBranch*
TYC 2002-498-1,1451311303776086912,HorBranch*
2MASS J05221131+3933257,187947085978503424,HorBranch*
Ton S 401,4885663081751096448,HorBranch*
2MASS J19184668+2801263,2037984899899892736,HorBranch*
SDSS J144903.53-003409.1,3650648607336325504,HorBranch*
SDSS J133930.84+282742.9,1454984634685215232,HorBranch*
BPS CS 22960-0043,6566855294500392832,HorBranch*
2MASS J06423571+1353277,3352883330774412800,HorBranch*
2MASS J03143195+7135266,543844431358020992,HorBranch*
TYC 3564-3022-1,2134790890070501120,HorBranch*
2MASS J15171010+0109022,4420657181751153664,HorBranch*
SDSS J154932.72+033954.9,4424428193101796992,HorBranch*
2MASS J06025526+2216400,3423693223927897984,HorBranch*
2MASS J00232351+5407445,419531825664671616,HorBranch*
UCAC4 671-071662,2126905673712655616,HorBranch*
2MASS J05411563+2805137,3441836815054229760,HorBranch*
2MASS J05223120+3056591,3447243045010063616,HorBranch*
2MASS J09313455+2814057,696098341940824960,HorBranch*
HE 1226-1035,3578469860860879360,HorBranch*
HE 2325-3829,6538513385133367936,HorBranch*
2MASS J00170816+6616320,528219920153238272,HorBranch*
SDSS J100352.35+173437.4,623093926655630848,HorBranch*
2MASS J05381301+3726030,189582712603723520,HorBranch*
TYC 3562-2007-1,2085581422540208768,HorBranch*
TYC 3541-2463-1,2106336319415905024,HorBranch*
SDSS J093016.61+072251.1,586295235274684544,HorBranch*
2MASS J02125930+0556331,2520100068410318208,HorBranch*
TYC 4200-1546-1,1435108518176005760,HorBranch*
2MASS J05360987+2636070,3441257265050495744,HorBranch*
2MASS J04502488+3931588,199942306863645184,HorBranch*
2MASS J01341997+5753324,508981528989192576,HorBranch*
SDSS J083935.80+061329.0,594740755886085248,HorBranch*
2MASS J19253518+4330183,2126042935042559360,HorBranch*
SDSS J161347.19+514911.3,1424678898768591872,HorBranch*
SDSS J134313.24+085003.7,3724937247905721088,HorBranch*
SDSS J155321.55+034547.5,4425180538231684736,HorBranch*
SDSS J003214.83-183211.0,2364120011704760448,HorBranch*
SDSS J112004.12+382354.8,764053688158517632,HorBranch*
HE 0337-4909,4832865568473743616,HorBranch*
2MASS J16274693-1401563,4328797658176643072,HorBranch*
2MASS J16070549+0554255,4449882613137022336,HorBranch*
TYC 3135-391-1,2052137229454741504,HorBranch*
TYC 3139-2264-1,2076541272298378752,HorBranch*
2MASS J01573146-4931189,4940697937985124608,HorBranch*
2MASS J05301554+3127264,3447146047467989248,HorBranch*
TYC 3547-923-1,2129198499053586560,HorBranch*
Cl* NGC 5139   LEID   68042,6083508879124407424,HorBranch*
2MASS J10404611+4355172,829241469134012160,HorBranch*
2MASS J04064342+5747287,470078058815467520,HorBranch*
2MASS J03293943+5632229,448608548092148352,HorBranch*
2MASS J06503149+1805568,3358557605343506944,HorBranch*
2MASS J19151964-0501132,4212157302879190144,HorBranch*
HD   7683,398311766635335040,HorBranch*
2MASS J04084018+5328069,275889977340538240,HorBranch*
2MASS J12550062+5603088,1576684972559480320,HorBranch*
2MASS J05262682+4334075,195721560898707072,HorBranch*
HE 1416-0335,3645820720498005632,HorBranch*
Cl* NGC 1851    PML      26,4819197367630882560,HorBranch*
HE 1417-2203,6276461354342774656,HorBranch*
2MASS J18050367-1002289,4158059720217559168,HorBranch*
2MASS J23262399+6049153,2015375680963358848,HorBranch*
2MASS J03353442+3056341,121193948345703680,HorBranch*
HE 1306-2841,6185857782282939008,HorBranch*
2MASS J14050126+2748060,1452451462973752832,HorBranch*
UCAC4 637-069681,2051814561455312256,HorBranch*
HE 1354-1652a,6294663661965888768,HorBranch*
TYC 2542-671-1,1475323091539053440,HorBranch*
2MASS J23504703+6635268,2210003154765296768,HorBranch*
2MASS J16462544-2019152,4130394873762377856,HorBranch*
SDSS J155512.34+430958.7,1384604306980388224,HorBranch*
SDSS J011754.20-093011.9,2471543156731077376,HorBranch*
Cl* NGC  104    LEE    8730,4689623117764985600,HorBranch*
2MASS J06474962+0221050,3126377411401083008,HorBranch*
SDSS J203705.97+132305.8,1756268000566454016,HorBranch*
HE 0206-5515,4743479018347378560,HorBranch*
UCAC4 681-075949,2085278507087028352,HorBranch*
2MASS J03264330+5249385,443379098993425920,HorBranch*
2MASS J21563063+5345258,1981545460529192192,HorBranch*
TYC 2569-1116-1,1387132535185202688,HorBranch*
2MASS J06573987+0801137,3157093162074068736,HorBranch*
2MASS J00330186+6225232,430728736689098624,HorBranch*
HE 2133-0344,2672550752920138368,HorBranch*
2MASS J06450469+1407311,3352903126282359040,HorBranch*
UCAC4 694-064534,2131225959834102400,HorBranch*
KOI-7418,2134752682041882496,HorBranch*
2MASS J04503264+3829556,199466119544327680,HorBranch*
TYC 3447-427-1,789632937126236288,HorBranch*
2MASS J16322476-1301516,4330463864972091520,HorBranch*
GES J05135593-3958236,4819198913821328896,HorBranch*
HE 2140-4014,6584611032899389440,HorBranch*
2MASS J23563639+1554219,2772370367021633920,HorBranch*
HE 1959-6654,6427320912386332160,HorBranch*
2MASS J05575020+1436105,3346939615730076800,HorBranch*
UCAC4 652-071160,2053444999760661120,HorBranch*
2MASS J05023124-4311111,4812480519815968896,HorBranch*
2MASS J06232224+3310531,3440199779679159168,HorBranch*
ATO J204.7239-29.9641,6175760687831211392,HorBranch*
HE 1154-0002,3794995002092137472,HorBranch*
2MASS J20093521+2040389,1822830750908556416,HorBranch*
2MASS J07361411+3623171,895567446483915264,HorBranch*
2MASS J19311651+4752470,2128495700664832256,HorBranch*
BD+44  3211,2079633476949112960,HorBranch*
2MASS J05293075+3152183,3447217614506112256,HorBranch*
HE 2257-5525,6494140261228839040,HorBranch*
SDSS J191919.74+365228.9,2050948764769861888,HorBranch*
2MASS J00102457+7023407,531149641904843648,HorBranch*
2MASS J16450674+3918596,1352704833254879488,HorBranch*
HE 0957-1226,3766224940321034752,HorBranch*
HE 1302-1739,3510951634938065920,HorBranch*
BPS CS 22950-0008,6874336607429223552,HorBranch*
2MASS J05450367+1932276,3399319520746215552,HorBranch*
SDSS J012107.85+000545.9,2534229445662342528,HorBranch*
NGC  7789   897,1995015057771240064,HorBranch*
UCAC4 651-075752,2076298447723274880,HorBranch*
UCAC4 465-046975,3800329007875766400,HorBranch*
2MASS J06135166+5656407,998832543477449472,HorBranch*
TYC 1373-2418-1,865466181074499072,HorBranch*
2MASS J11131642+1547354,3970267566559472512,HorBranch*
2MASS J06320840+1738373,3371042246344239360,HorBranch*
2MASS J06394789+3510277,941924810920233600,HorBranch*
TYC 3144-2539-1,2077106077677560064,HorBranch*
SDSS J011642.17-002031.5,2534552010590558848,HorBranch*
2MASS J23565728+5715131,1998092251523627136,HorBranch*
HE 2207-1804,6825476333616647168,HorBranch*
HE 1315-1838,3507821802074394880,HorBranch*
SDSS J140423.59+422314.3,1499175892495453824,HorBranch*
2MASS J04305164+3709503,178124289610835456,HorBranch*
NGC  5272  1563,1454812801635692032,HorBranch*
NGC  6397    78,5921751550259444480,HorBranch*
PHL  4543,2688382178467940096,HorBranch*
HE 1242-1205,3529106702216225408,HorBranch*
2MASS J23522413+5850556,1999264979451131008,HorBranch*
2MASS J17124199+3323082,1334843404300571776,HorBranch*
2MASS J06020550+2203346,3423666011015187200,HorBranch*
2MASS J18175839-3409374,4044606200636695424,HorBranch*
2MASS J05463073+2750130,3443090254012472832,HorBranch*
UCAC4 498-030450,3326834251044203008,HorBranch*
2MASS J00585382+0110347,2537438129829872000,HorBranch*
2MASS J10080495+0127309,3835248088424395392,HorBranch*
HD 178687,2106019106013288960,HorBranch*
2MASS J13384054+1752484,1247792904065008512,HorBranch*
TYC  574-1074-1,2706536073219026176,HorBranch*
2MASS J06150062-0118462,3121176790118391296,HorBranch*
BPS CS 22871-0007,6280048167431426048,HorBranch*
2MASS J05360947+4656164,210563692265381248,HorBranch*
2MASS J21011865+5012526,2168945049823965696,HorBranch*
2MASS J21335137+1143240,1742872474309120640,HorBranch*
2MASS J10554555+1453532,3969212928750072064,HorBranch*
2MASS J20225830+1751060,1815252263916812160,HorBranch*
2MASS J18035982+6013406,2158704683854101376,HorBranch*
Cl* NGC 5904     SB  4-85,4421572868779178880,HorBranch*
2MASS J19244733+4447414,2126256274658311552,HorBranch*
2MASS J07334615-0915338,3041455600038483840,HorBranch*
2MASS J16350345-1323481,4327393306950388608,HorBranch*
2MASS J06450137+1908465,3359658903678794368,HorBranch*
HE 1407-0847,3615181351521504768,HorBranch*
2MASS J19141847+2622560,2036226750760782848,HorBranch*
SDSS J014529.09-010108.2,2508714002734391296,HorBranch*
SDSS J121934.96+312136.4,4015275555351144704,HorBranch*
UCAC4 665-075690,2125813098452418432,HorBranch*
2MASS J20183307+5539243,2186115371300303488,HorBranch*
2MASS J05194045+3921064,187965124841515520,HorBranch*
HE 1220-2828,3474663318815626880,HorBranch*
SDSS J072830.23+405401.6,900657390750575488,HorBranch*
Cl* Berkeley   32    DBT     787,3129899284583210240,HorBranch*
2MASS J05013174+2108189,3409065694891874176,HorBranch*
[MDL2014] 240,2342907653560686336,HorBranch*
2MASS J06364687+2256520,3382357599679743232,HorBranch*
HE 1302-0130,3685727941704745600,HorBranch*
2MASS J00315662+6126270,430209217443142656,HorBranch*
TYC 3138-1056-1,2100980220324613504,HorBranch*
2MASS J13374714+3901125,1475757570430216448,HorBranch*
2MASS J05340674+6153546,286203224605597312,HorBranch*
2MASS J06445951+0133431,3125947257538319488,HorBranch*
2MASS J20184407+4429540,2081338853845260032,HorBranch*
SDSS J093558.71+192750.5,633682910826032640,HorBranch*
HE 1001-1238,3765418242383523200,HorBranch*
2MASS J18505848-2819494,4071830623875554176,HorBranch*
2MASS J18291335-1029029,4155709239220284672,HorBranch*
HE 1449-0455,6337419584656579712,HorBranch*
2MASS J18165679-3408370,4045359189919456384,HorBranch*
2MASS J09532811+4227472,807736636591838592,HorBranch*
SDSS J084145.63+533446.7,1029588563764723456,HorBranch*
2MASS J15034977+4046424,1392813368168088448,HorBranch*
2MASS J03462878+3825131,223844663155010176,HorBranch*
2MASS J18550880+4105400,2103688935934133376,HorBranch*
SDSS J091921.51+145012.4,606565243233116288,HorBranch*
NGC  5904   928,4421574204513850368,HorBranch*
SDSS J183756.44+400343.1,2110119017371201920,HorBranch*
SDSS J084701.72+201506.2,661567797017007232,HorBranch*
HE 1259-0507,3677810392833015936,HorBranch*
2MASS J18325393-0812470,4156605749198604672,HorBranch*
2MASS J17231523+5318540,1416223242033886848,HorBranch*
BPS CS 22959-0014,6434890912504601216,HorBranch*
HE 1353+0105,3660827748547014272,HorBranch*
2MASS J06353078+0551490,3131905652786625920,HorBranch*
TYC 5535-101-1,3675207058536049280,HorBranch*
SB 822,6534553257783383168,HorBranch*
2MASS J00372132+6215225,430667438911454208,HorBranch*
2MASS J20335548+5206433,2181481616990893440,HorBranch*
2MASS J04011017+5721399,469676015518466560,HorBranch*
2MASS J21280299+0029366,2687978657700242944,HorBranch*
2MASS J07132418+0636316,3153141787866304384,HorBranch*
2MASS J03255414+5726037,449466579477152768,HorBranch*
TYC 3546-118-1,2131228128797148544,HorBranch*
2MASS J05255397+2554512,3417997234004814464,HorBranch*
2MASS J07053803-1523344,2936183374636407040,HorBranch*
2MASS J14143724+0512462,3672716763482886784,HorBranch*
2MASS J19293614+4147185,2101679574134886144,HorBranch*
2MASS J18523349-0715152,4252182416736310528,HorBranch*
2MASS J09265523-0800154,5744975403618872576,HorBranch*
2MASS J07371480+2103079,673135415255258880,HorBranch*
2MASS J06281549+2051105,3376012691733964544,HorBranch*
TYC 2690-161-1,1863298585598765312,HorBranch*
HE 1415-1248,6303038337092387072,HorBranch*
2MASS J06050832+3001588,3437702067221388800,HorBranch*
TYC 6521-3056-1,2922228716651711872,HorBranch*
Case A-F  801,1517524546835219712,HorBranch*
UCAC4 669-068021,2105267491034807552,HorBranch*
SDSS J230441.81-004856.9,2650806776609889024,HorBranch*
2MASS J19130199+4354219,2103111589251076224,HorBranch*
2MASS J05595414+2957254,3431742714197931520,HorBranch*
2MASS J07110022+0139119,3114890053211389696,HorBranch*
TYC 1940-121-1,708196852496372736,HorBranch*
2MASS J06460902-2436097,2922082928279325440,HorBranch*
2MASS J07391523+1632131,3168995061908575104,HorBranch*
SDSS J022254.01-000322.6,2500844626215362176,HorBranch*
2MASS J20472959+5047389,2168459104352078720,HorBranch*
TYC 1856-1015-1,3445309858750926720,HorBranch*
SDSS J164813.75+294837.3,1311323678054604928,HorBranch*
2MASS J12095679-0105544,3697799376787097600,HorBranch*
2MASS J06035325+2121063,3423389243324115200,HorBranch*
2MASS J22231601+5209401,2001385598095297920,HorBranch*
EC 13121-1524,3607750302185166208,HorBranch*
SDSS J073041.92+351108.5,893938550071746048,HorBranch*
TYC 3131-949-1,2105956644307237760,HorBranch*
SDSS J223831.91+125318.3,2731723032753129344,HorBranch*
UCAC4 652-075387,2076488049062931328,HorBranch*
TYC 3138-97-1,2101571134801351552,HorBranch*
2MASS J06460024-0112593,3107152175712477952,HorBranch*
2MASS J18560251+0332074,4280811603487796864,HorBranch*
SDSS J125500.14+351644.2,1516012134231656576,HorBranch*
2MASS J00122933+7330164,537913390761212288,HorBranch*
2MASS J05280226+2658332,3442181237071927040,HorBranch*
2MASS J02513487+5430123,453508865262068608,HorBranch*
HE 2239-5841,6503636395264238720,HorBranch*
2MASS J06082891+2738457,3430326783739076864,HorBranch*
TYC 9209-3174-1,5244044361339051136,HorBranch*
2MASS J22382261+6233567,2202172810913384192,HorBranch*
2MASS J21111757+2956103,1851541885708906112,HorBranch*
SDSS J115756.80+301501.9,4020281528713448064,HorBranch*
HE 2010-5853,6444295340397186816,HorBranch*
2MASS J07353340-1220070,3033863334813389312,HorBranch*
2MASS J06184213+2321290,3377503663861908736,HorBranch*
SDSS J053437.35+005921.3,3222635118921490176,HorBranch*
2MASS J06275436+0107026,3120430801543564032,HorBranch*
SDSS J223914.73+234253.2,1876152494986084224,HorBranch*
SDSS J130450.19+095506.2,3734308106335995008,HorBranch*
2MASS J00125186+7344344,537941634466281600,HorBranch*
2MASS J16272730-1247554,4330627898360771840,HorBranch*
2MASS J11483222+3536391,4031284002270448256,HorBranch*
TYC 3146-53-1,2126219647176597120,HorBranch*
BD-16  1752,2935875580102336512,HorBranch*
SDSS J120902.11+192317.3,3950977528403788800,HorBranch*
SDSS J122216.68+003450.0,3699789076221082368,HorBranch*
UCAC4 704-065206,2135194445196787584,HorBranch*
2MASS J06105510+1746558,3373307927490844160,HorBranch*
[MVP2011] 10078,5248766183963157760,HorBranch*
HE 2257-1218,2603868973112614272,HorBranch*
SDSS J131444.93+253228.6,1447272758911866240,HorBranch*
2MASS J01350472+5744417,412853250291867136,HorBranch*
2MASS J14514715-0620039,6336713010996690560,HorBranch*
2MASS J04414894+3914555,202691330746694272,HorBranch*
2MASS J06375435-0118584,3118925540062468480,HorBranch*
SDSS J113148.44-025350.6,3793263683594615552,HorBranch*
2MASS J21492720+5854350,2202591449973887488,HorBranch*
2MASS J16562740-2139137,4126260125936251904,HorBranch*
2MASS J07381656-1107314,3040231671799272960,HorBranch*
HE 0102-5947,4903252175418917248,HorBranch*
HE 1327-2042,6196523423029455232,HorBranch*
2MASS J07165764-0144320,3109827768542194432,HorBranch*
GES J07283663-1522113,3028600488049739648,HorBranch*
SDSS J130601.62+013240.1,3691192956876377856,HorBranch*
SDSS J162953.16+220634.6,1298726848213266304,HorBranch*
HE 1100-2759,5453742879688121472,HorBranch*
2MASS J14570204+3622545,1293377316123982208,HorBranch*
2MASS J06294820+2047583,3373000240332204032,HorBranch*
2MASS J13411115+1839572,1247947832125388288,HorBranch*
2MASS J06313106+5029518,968189742822768512,HorBranch*
2MASS J04431797-4230235,4814830863358934656,HorBranch*
2MASS J18482739+0559133,4285373752118123392,HorBranch*
BD+39  3059,1352137721476288512,HorBranch*
HE 1517-0901,6319376427046726272,HorBranch*
2MASS J05442793+3852517,189956817135100288,HorBranch*
TYC 3481-1119-1,1587430327898960896,HorBranch*
2MASS J20005803+4502516,2082162589910924032,HorBranch*
2MASS J11201488+0729351,3817807291387437184,HorBranch*
2MASS J09192172+0024009,3842410616405457280,HorBranch*
2MASS J06291965+2126462,3376073611551964416,HorBranch*
2MASS J08472719+1207438,601997597053299328,HorBranch*
2MASS J18592057-2828187,6761841617121856256,HorBranch*
HE 2245-4219,6544415945803977216,HorBranch*
Cl* Berkeley   32     KM      20,3129900384094841216,HorBranch*
2MASS J03433770+3133577,216519476169717248,HorBranch*
2MASS J22594150+5513077,2008701473583128320,HorBranch*
2MASS J18170544-3359083,4045365550871018368,HorBranch*
TYC 3542-1034-1,2127740134318616320,HorBranch*
HD 108409,3693539215906675968,HorBranch*
HE 2130-3953,6579647390735131136,HorBranch*
SDSS J140545.47+015216.6,3661337677128573568,HorBranch*
2MASS J19495156+3321056,2034777525746568960,HorBranch*
2MASS J05063117+3314040,181684576981943168,HorBranch*
2MASS J02060818+5433144,456335503497192064,HorBranch*
HE 1107-0535,3788092646049774720,HorBranch*
2MASS J16395299+4713258,1407313693155798016,HorBranch*
2MASS J06443714+0209530,3126050822087272832,HorBranch*
2MASS J00313519+5748315,427856189536320128,HorBranch*
2MASS J06204486-0112430,3118516693535081984,HorBranch*
SDSS J065411.24+280156.1,887304582242294784,HorBranch*
2MASS J03174591+6340139,466894560336992256,HorBranch*
2MASS J05051852+2222163,3415265020624204288,HorBranch*
2MASS J06050148+1037146,3329839873455903744,HorBranch*
SDSS J162322.96+074527.8,4439929348547787264,HorBranch*
2MASS J19134086+2800131,2036672671442824576,HorBranch*
2MASS J19075795+4814397,2131107697914218752,HorBranch*
[TGC2005] 345,6493368335346686848,HorBranch*
HE 2256-4452,6540924206112355328,HorBranch*
2MASS J21040494+4827155,2165503032984481280,HorBranch*
2MASS J17550526-2734416,4063493813157751296,HorBranch*
2MASS J01321260+6658264,519453209010497920,HorBranch*
2MASS J04372591-5016246,4787472883756227712,HorBranch*
HE 1435-0752,6330243690737344256,HorBranch*
2MASS J07452716+7755358,1138580338224581504,HorBranch*
2MASS J20445924+6255565,2196919138193561088,HorBranch*
GALEX J010411.0+002149,2536360677154113664,HorBranch*
2MASS J06284554+0351244,3131138468546358144,HorBranch*
2MASS J01383097+2127006,288934892522831104,HorBranch*
HE 2258-5522,6494134351353828608,HorBranch*
BPS CS 22880-0053,6857105782750555904,HorBranch*
2MASS J21363586+4517434,1977093434864713472,HorBranch*
2MASS J05111750+3853461,188266013068665472,HorBranch*
SDSS J163441.83+133940.1,4462014040321480576,HorBranch*
2MASS J04060592+5159562,250980988087710336,HorBranch*
2MASS J01394086+6650142,519482861462443392,HorBranch*
SDSS J231433.09+011156.3,2657452774643560320,HorBranch*
2MASS J15030908-0058434,6340755983971482624,HorBranch*
UCAC4 091-059654,5806677728436441344,HorBranch*
2MASS J07184563+0708122,3141260293415793152,HorBranch*
2MASS J01525176-5113187,4937438057807480192,HorBranch*
HE 1435-0819,6329944279977467520,HorBranch*
UCAC4 675-074709,2078406181453775232,HorBranch*
2MASS J19012355+4611501,2107274202834076544,HorBranch*
SDSS J162556.89+305539.4,1318356777197694720,HorBranch*
2MASS J06562065+0709359,3130001436084404992,HorBranch*
UCAC4 641-070442,2051899425709939328,HorBranch*
2MASS J05575779+2548314,3429825505216469888,HorBranch*
2MASS J07344217+2104333,865277103729899904,HorBranch*
[MDL2014] 145,2342908027225773824,HorBranch*
HE 2220-1610,2598755385049867008,HorBranch*
2MASS J01204288+5937326,510123092633561344,HorBranch*
2MASS J07325664-1058272,3035033696218969984,HorBranch*
2MASS J03321677+5223275,443196648782330112,HorBranch*
2MASS J17533764+4806043,1363136033210625536,HorBranch*
SDSS J210911.00-002944.6,2689167435928474112,HorBranch*
2MASS J06475970+0011011,3113504088744424192,HorBranch*
SDSS J110729.87+275618.7,3998584079783338112,HorBranch*
2MASS J16470667-1858255,4130816158507860608,HorBranch*
2MASS J06433554-0310296,3105726280928150144,HorBranch*
SDSS J025548.87+055957.3,7133665801009792,HorBranch*
SDSS J144650.37-004720.7,3650570984392380672,HorBranch*
HE 1357-1240,6302633476295134592,HorBranch*
UCAC4 258-044551,5432891225786484992,HorBranch*
SDSS J121136.55+222017.5,4001461982750276992,HorBranch*
Cl* NGC 1851    PML      14,4819197328975286272,HorBranch*
TYC 3565-1461-1,2134930012650808576,HorBranch*
2MASS J04005824+5735219,469752259780525184,HorBranch*
HE 2129-0552,2671127301974360960,HorBranch*
2MASS J07100431-1450058,3032349857055305216,HorBranch*
SDSS J125029.39+103615.9,3735165695341762304,HorBranch*
2MASS J03090034-0910076,5167030104459336832,HorBranch*
[MDL2014] 115,2342903049358170112,HorBranch*
SDSS J143114.05+160042.0,1235133363405953664,HorBranch*
AG+09  946,3148551228035611008,HorBranch*
UCAC4 687-067796,2127864099953529984,HorBranch*
2MASS J03500512+5023024,251120591704415872,HorBranch*
UCAC4 392-040433,5727713238566772608,HorBranch*
SDSS J130640.53+023552.7,3692407470548019968,HorBranch*
2MASS J18044922-1655566,4144206938897277056,HorBranch*
2MASS J06531635-0958245,3050211492170006016,HorBranch*
SDSS J094055.06+282345.7,648308270901084288,HorBranch*
2MASS J16343943-0106453,4359114281833204864,HorBranch*
2MASS J21355458+4222326,1967547887224003328,HorBranch*
BD+36  2568,1291803330868875904,HorBranch*
2MASS J20214912+2737266,1836213868994724608,HorBranch*
HE 1433-1747,6285123341306308992,HorBranch*
SDSS J160324.28+275256.1,1316642020094607616,HorBranch*
2MASS J04430652+5739233,277928403173548672,HorBranch*
2MASS J17044522+3401114,1337785078941158144,HorBranch*
2MASS J05425408+6136317,283469666900813568,HorBranch*
2MASS J13491034+0007313,3662241239463970304,HorBranch*
TYC  650-425-1,10130148519827072,HorBranch*
UCAC4 695-066460,2129732582525886976,HorBranch*
2MASS J04065501+5743031,470073557690088192,HorBranch*
2MASS J05514188+3416183,3454507376597215744,HorBranch*
NGC  5904   716,4421571730616032000,HorBranch*
SDSS J140103.53-015201.0,3657765982325976960,HorBranch*
2MASS J11372966+3057428,4024080070804380672,HorBranch*
2MASS J23291623+5807504,2010941350563948928,HorBranch*
2MASS J07174953+0643060,3141219581423195136,HorBranch*
KUV 03065-0242,5186651714090585984,HorBranch*
2MASS J01231779+6135435,510889628336818560,HorBranch*
2MASS J06063126+2740417,3430492260239417344,HorBranch*
BPS CS 30494-0022,5094412618485429376,HorBranch*
TYC 3136-135-1,2052139570228543744,HorBranch*
HE 1331-0839,3618033965720158464,HorBranch*
2MASS J06421656-0601369,3100481644825133696,HorBranch*
2MASS J05115686+2510155,3419074038140731264,HorBranch*
HE 1246-1147,3529458472922335488,HorBranch*
SDSS J072639.32+364047.9,898767811299130496,HorBranch*
2MASS J11074003+4301467,778677849937960960,HorBranch*
TYC 1976-375-1,729476349567183104,HorBranch*
SDSS J152055.76+383618.3,1388418620191763840,HorBranch*
2MASS J23382359+5822173,1998994847491442944,HorBranch*
2MASS J03553685-4644162,4831796774451968128,HorBranch*
2MASS J23531760+2159506,2847731134506472960,HorBranch*
2MASS J06512627+1821119,3364572930379815296,HorBranch*
TYC 1331-155-1,3358118350448548224,HorBranch*
2MASS J10573669+4859317,832686410850643584,HorBranch*
HE 1248+0123,3690136021259606144,HorBranch*
UCAC4 652-079481,2073767788579929472,HorBranch*
2MASS J09295503-0803245,5741937349912204544,HorBranch*
2MASS J17044231+3415131,1337801537255851648,HorBranch*
SDSS J022811.53+232549.9,101559105919306880,HorBranch*
SDSS J201154.36-112230.9,6880844582394120320,HorBranch*
SDSS J015503.73+002602.1,2507797731591497984,HorBranch*
2MASS J16031255+2834401,1317100305988557568,HorBranch*
2MASS J20203257+3651493,2057573665926437504,HorBranch*
HE 2226-0342,2628278199968462592,HorBranch*
2MASS J13110918-0018197,3687616078047641216,HorBranch*
2MASS J03565308-4924265,4829804253224030848,HorBranch*
2MASS J07564836+3918349,919796697030476032,HorBranch*
SDSS J142739.81+080143.6,1175509360387443840,HorBranch*
Cl* NGC 6656    SAN       4,4077491317738740224,HorBranch*
2MASS J23591919+6507458,2017254711969702272,HorBranch*
UCAC4 650-078971,2073477483160090752,HorBranch*
Cl* NGC 5024    SAN      30,3939526179224547968,HorBranch*
HE 1243-1037,3530478239892584832,HorBranch*
UCAC4 353-006509,2976109351955075072,HorBranch*
2MASS J06083220+2206455,3423545885073677824,HorBranch*
2MASS J05232551+4225518,195244128036097792,HorBranch*
2MASS J14334618+5256126,1605198573242509312,HorBranch*
SDSS J212729.71+111725.5,1745787112131620608,HorBranch*
2MASS J03335008-4603475,4834465598410339584,HorBranch*
SDSS J111126.19+090628.7,3866955770386561024,HorBranch*
[GLC2012] 46902,4819291788192046464,HorBranch*
2MASS J10511265+4538214,830956466752661248,HorBranch*
SDSS J224832.90+005151.7,2655175823501672064,HorBranch*
SDSS J173217.81+323952.2,4601688919407703552,HorBranch*
2MASS J05591419+2617116,3429936113514020480,HorBranch*
2MASS J04460322+5740389,277975368639938944,HorBranch*
2MASS J04172197+5507512,276466568107649280,HorBranch*
SDSS J092130.43+241943.4,639499743948949376,HorBranch*
2MASS J06525572+1846592,3365359802749630592,HorBranch*
SDSS J130700.14+222425.7,3944615101290462720,HorBranch*
2MASS J03234563-0700460,5168827153135613696,HorBranch*
BPS CS 22882-0032,2317474540861307392,HorBranch*
2MASS J20125026+1955035,1822532714533089408,HorBranch*
BD+44  2989,2117411734401094528,HorBranch*
SDSS J115011.63+150614.2,3924385697951336192,HorBranch*
UCAC4 150-195781,5914747248872808576,HorBranch*
UCAC4 695-069750,2086807171843064704,HorBranch*
2MASS J16302903-1335373,4330329965070376320,HorBranch*
2MASS J00293942-3252463,2315631725013285760,HorBranch*
UCAC4 707-063135,2136206992325817856,HorBranch*
PHL  5120,2629092628847182080,HorBranch*
2MASS J18535164+1237298,4505944615132528640,HorBranch*
SDSS J161530.72+385113.7,1378916365827228672,HorBranch*
NGC  5272   332,1454785485646020224,HorBranch*
SDSS J144852.28-015845.9,3650195707329257984,HorBranch*
HE 1332-0351,3633787871402219776,HorBranch*
2MASS J03183528+6144115,463444739525431936,HorBranch*
SDSS J035941.48-045535.6,3245717338323696256,HorBranch*
HE 2252-3411,6602531560602473600,HorBranch*
SDSS J072138.02+374508.7,898184486021653888,HorBranch*
SDSS J144232.35+200119.1,1237866238211322368,HorBranch*
2MASS J06441666+1013498,3350763992048207232,HorBranch*
2MASS J19350919+4715276,2128230860103576064,HorBranch*
2MASS J21160654+0941282,1743789780540858880,HorBranch*
HE 1341-0641,3620162620231666432,HorBranch*
SDSS J144759.49+223428.0,1265591145460819584,HorBranch*
2MASS J19225396+0136399,4288625145460159232,HorBranch*
UCAC2  10872542,6094541245659280256,HorBranch*
HE 1446-1558,6309652105692209536,HorBranch*
HE 1113-1801,3558072889374269056,HorBranch*
UCAC4 693-067347,2129321193379587840,HorBranch*
2MASS J05471766+3757470,3456469047078129280,HorBranch*
TYC 2402-121-1,187136917707015808,HorBranch*
SDSS J094011.20+194131.4,633750324632417536,HorBranch*
SDSS J102653.04+093212.5,3876132565014719616,HorBranch*
TYC  574-362-1,2706306584527179392,HorBranch*
UCAC4 652-080328,2073571869360808320,HorBranch*
2MASS J06084373+1336216,3344324972780176000,HorBranch*
[MDL2014] 347,2342902843198600832,HorBranch*
2MASS J22400335+5804386,2008076813542581504,HorBranch*
2MASS J17160610-2500218,4109510509445323008,HorBranch*
NGP 42  82,1536601515958017920,HorBranch*
TYC 3130-1492-1,2116957425642496768,HorBranch*
2MASS J21301484-0156340,2684980976686079616,HorBranch*
2MASS J19261711+3631409,2050175086540665088,HorBranch*
UCAC4 673-073144,2126987759126276864,HorBranch*
2MASS J17401806+3600461,4608704009751384192,HorBranch*
TYC 2976-1704-1,921862370141646080,HorBranch*
SDSS J031752.21+045629.8,3057982355051264,HorBranch*
2MASS J06052164+1236138,3342737694604395264,HorBranch*
2MASS J11012611-1138176,3756828135993300352,HorBranch*
HE 1123-1839,3546055880118085248,HorBranch*
2MASS J22220821+5353123,2004780718205943680,HorBranch*
HE 2142-0626,2667952286055052928,HorBranch*
2MASS J00225178+6700307,528648184231794048,HorBranch*
HE 1356-0743,3619222503429930624,HorBranch*
HE 1353-0703,3619539639519468288,HorBranch*
2MASS J07324912-1325317,3033343540690007424,HorBranch*
2MASS J01392124+6551432,519142219019238656,HorBranch*
2MASS J08022967+7803003,1138451523564796032,HorBranch*
2MASS J04455973+3951357,199835005695928576,HorBranch*
HE 2332-3453,2324149740377279616,HorBranch*
2MASS J00225770+6613545,527480846480258048,HorBranch*
HE 1125-0232,3787451665130529280,HorBranch*
SDSS J160428.61+515802.7,1403910253695129600,HorBranch*
2MASS J00234405+5542455,421224656951196928,HorBranch*
2MASS J18261249-0023053,4273081074681115776,HorBranch*
SDSS J154453.84+034303.2,4424650985941034240,HorBranch*
HE 1226-3116,3470379033101972864,HorBranch*
SDSS J234245.82+420437.3,1922261335434731008,HorBranch*
2MASS J19214119+4643528,2127630320594366592,HorBranch*
2MASS J05110176+2333112,3415802887968727168,HorBranch*
2MASS J01384094+6135119,511463745206364160,HorBranch*
SDSS J131021.73+003241.7,3687743896274354432,HorBranch*
2MASS J14265033+0906025,1175923085997147520,HorBranch*
2MASS J22292796+5138295,2000606662822588928,HorBranch*
HE 1518-1158,6315353962539138688,HorBranch*
2MASS J06510503+4407513,952425112606077824,HorBranch*
SDSS J105032.83+221714.8,3989319491728959360,HorBranch*
SDSS J160714.72+220859.8,1206406393043165184,HorBranch*
2MASS J07003224-0300523,3108688502695918208,HorBranch*
HE 1141-2908,3480632017687563776,HorBranch*
2MASS J05464579+2809517,3443292362291223424,HorBranch*
2MASS J19032589-0518455,4254275027835081088,HorBranch*
2MASS J06052048+1441037,3345477127825411840,HorBranch*
2MASS J05491040+2913570,3443478385914746240,HorBranch*
2MASS J13112662+5208327,1557074392404050688,HorBranch*
TYC 1429-179-1,3981282748924520448,HorBranch*
2MASS J05445184+4523223,197466417130696448,HorBranch*
HE 1400-2548,6273652720609459712,HorBranch*
HE 0115-1845,2354949504908542848,HorBranch*
BPS CS 22890-0001,4418198055276116864,HorBranch*
2MASS J19123811-0609237,4205232857841245312,HorBranch*
HE 0932-0643,3820564007556434176,HorBranch*
UCAC4 148-211018,5914542293029040256,HorBranch*
2MASS J23245336+6035176,2015362727342107904,HorBranch*
2MASS J19254238-0718160,4207705934355229056,HorBranch*
UCAC4 654-078891,2073747997372298368,HorBranch*
2MASS J07501528+4406154,925965468362568064,HorBranch*
SDSS J081744.29+244149.6,679305913166611840,HorBranch*
NGC  6121   357,6045478734734712832,HorBranch*
HE 1311-2133,3504607762083288960,HorBranch*
SDSS J100804.94+041346.2,3836985896616540928,HorBranch*
2MASS J08481819+1055147,598842754596262016,HorBranch*
ATO J021.3966-24.0569,5040556129479065728,HorBranch*
SDSS J122024.12+045603.1,3894179918808702720,HorBranch*
2MASS J21294230+5554075,2177821823820736256,HorBranch*
BPS CS 29512-0082,2621178206711362688,HorBranch*
2MASS J02005004-5824511,4718111876344824704,HorBranch*
HE 1450-1505,6310178703042362240,HorBranch*
2MASS J10254998+3941120,755969425836387328,HorBranch*
2MASS J19515130+4152493,2076914315977385216,HorBranch*
HE 1408-0117,3647656557024323712,HorBranch*
HE 1019-1410,3752402223733905408,HorBranch*
TYC 3561-1856-1,2086680689347005824,HorBranch*
SDSS J130107.29+032302.8,3692379471656872832,HorBranch*
SDSS J120028.84+333522.7,4027967699106936192,HorBranch*
2MASS J04463515+3833218,199422723194294528,HorBranch*
2MASS J03321798+3122328,121359626707940736,HorBranch*
2MASS J18070350-1559223,4145915511227887360,HorBranch*
UCAC4 446-053600,3797107610605035392,HorBranch*
NGC  5904   513,4421572005493889536,HorBranch*
HE 2327-0511,2633227784704774656,HorBranch*
HD 291795,3120433760776581376,HorBranch*
TYC 1164-277-1,2811165054258074752,HorBranch*
2MASS J01133267-0504397,2482728939492748544,HorBranch*
2MASS J05050807+3541185,185582895458620160,HorBranch*
SDSS J152115.85+074407.7,1163695588983678464,HorBranch*
SDSS J204823.39+754900.4,2277967644967021440,HorBranch*
UCAC4 217-074571,6083934119547406848,HorBranch*
2MASS J19024782-0329448,4260782281232987136,HorBranch*
Case A-F  755,1531338914005603200,HorBranch*
TYC 3561-1948-1,2080639113467265152,HorBranch*
2MASS J22373567+5820387,2008326810689017216,HorBranch*
2MASS J06300235+0635397,3324268888556046720,HorBranch*
2MASS J06142312-0117101,3121166001160595200,HorBranch*
2MASS J04481790+3801213,199347505430602368,HorBranch*
SDSS J112835.51+622419.9,862848316903422720,HorBranch*
2MASS J21452855+5448240,2174703299605723392,HorBranch*
2MASS J22261292+5650260,2007581655357097728,HorBranch*
HE 1021+0104,3831410243087495552,HorBranch*
2MASS J03103850+7136264,543888583621601792,HorBranch*
HE 1518+0219,4421585474508623232,HorBranch*
2MASS J20164672+3739159,2060856425389683584,HorBranch*
2MASS J19101379-0636558,4205095247093867264,HorBranch*
2MASS J21485046+4340364,1972841004920134784,HorBranch*
2MASS J17395509-0530162,4170049104209053312,HorBranch*
HE 1104-3056,5451856598771601664,HorBranch*
2MASS J19304877+2537170,2024486058213329664,HorBranch*
TYC 3138-429-1,2053580548928810624,HorBranch*
TYC 6012-478-1,5733577453769372800,HorBranch*
2MASS J19185931-0700234,4210869401112840192,HorBranch*
2MASS J04201402-1445289,3175952672706162048,HorBranch*
GSC 04708-00608,3265582008743186176,HorBranch*
UCAC4 394-050107,3566254939512048128,HorBranch*
2MASS J04432316+3809161,199583561130937728,HorBranch*
SDSS J150356.26+340644.6,1289900763435908736,HorBranch*
BPS CS 22877-0030,3624867224328413184,HorBranch*
Cl* Berkeley   32     KM      18,3129905331897532800,HorBranch*
2MASS J17495242+4703045,1362918609081768960,HorBranch*
2MASS J05373585+3808120,189682733801448320,HorBranch*
SDSS J083446.62+315213.3,709732183045715712,HorBranch*
2MASS J05431379+3629090,3455914820200993152,HorBranch*
TYC 3136-878-1,2073236002914063232,HorBranch*
2MASS J00255173+6951460,530897235266784000,HorBranch*
HE 0350-3332,4862261355439894272,HorBranch*
[TGC2005] 416,2420306846885346048,HorBranch*
2MASS J04280373-1837575,3170824962791801088,HorBranch*
2MASS J07294929+2245382,866487043261003520,HorBranch*
2MASS J06151406+1039056,3330030157686916992,HorBranch*
SDSS J031146.09+413749.1,239248099503886976,HorBranch*
SDSS J034238.23-062906.4,3244376724410898688,HorBranch*
HE 1242-2633,3496510335685964800,HorBranch*
2MASS J06242383+2013039,3375511868486917760,HorBranch*
2MASS J06495824+1858565,3365402679403623424,HorBranch*
2MASS J16245288-1304200,4331340175736422656,HorBranch*
TYC 9277-1590-1,5819507654747538560,HorBranch*
TYC 3554-699-1,2133269367834582656,HorBranch*
2MASS J00035031+6436040,431762861733464320,HorBranch*
2MASS J21243526+4535030,1972043515397578368,HorBranch*
2MASS J06031641+2331346,3424674946077132032,HorBranch*
2MASS J05300038+3531395,183281342745847552,HorBranch*
HE 1458-0224,6339732682243419136,HorBranch*
2MASS J06432619+0143106,3125998625348325120,HorBranch*
TYC 4717-1107-1,3251563304209004160,HorBranch*
UCAC4 645-075278,2073166699321012608,HorBranch*
SDSS J073534.46+312619.3,892275989706715648,HorBranch*
SDSS J120029.64+330240.4,4027916885349410048,HorBranch*
HE 1123-1642,3546584573412543360,HorBranch*
SBSS 0816+505,932159365254510208,HorBranch*
TYC 5454-541-1,5733631982673947648,HorBranch*
TYC 4124-75-1,1095805693774821888,HorBranch*
2MASS J02012673-2849443,5021261250895273600,HorBranch*
2MASS J07150370-0253234,3108098889587724160,HorBranch*
TYC 3025-262-1,1475489839348719104,HorBranch*
2MASS J21192634-0117054,2686149860625564928,HorBranch*
2MASS J04365038+3612065,174976834497172480,HorBranch*
SDSS J160919.35+272706.4,1315995369818995456,HorBranch*
UCAC4 654-073353,2053540893488318976,HorBranch*
SDSS J084135.47+523441.1,1029385257193026176,HorBranch*
2MASS J07033015-1612267,2935708179452966656,HorBranch*
2MASS J05484512+3642213,3456063567805076608,HorBranch*
2MASS J05425523+4522185,197475007065159552,HorBranch*
UCAC4 646-073894,2076173520019322624,HorBranch*
2MASS J06450912+4226355,963809494655480320,HorBranch*
2MASS J04132945+0212237,3259051837389654656,HorBranch*
BPS CS 29513-0058,6538452435252845312,HorBranch*
2MASS J07451884+1041394,3149887856216859264,HorBranch*
2MASS J18333631+1850456,4524370162238477824,HorBranch*
UCAC4 294-016283,5604555433611083648,HorBranch*
SDSS J104837.20+431703.0,780994551002502400,HorBranch*
HE 1119-1905,3545698229601851392,HorBranch*
TYC 3124-22-1,2100283336106825216,HorBranch*
2MASS J07174901+0624294,3141193193144251136,HorBranch*
2MASS J07005241+3742450,946954840395414400,HorBranch*
[TGC2005] 187,4939738923327524224,HorBranch*
2MASS J06375620+0517188,3131064350291555200,HorBranch*
2MASS J05573064+3306405,3451143012752588032,HorBranch*
2MASS J00311908+5739415,427849699843679616,HorBranch*
2MASS J05534526+3314330,3451330509546987776,HorBranch*
2MASS J03570924-5048420,4828834071651455488,HorBranch*
[TGC2005]   8,4995697777348060160,HorBranch*
TYC  897-832-1,3743416396236702464,HorBranch*
BPS CS 22871-0003,6279630490451782016,HorBranch*
2MASS J00072765+5836416,423070019719361792,HorBranch*
TYC 1392-2267-1,609626872016413440,HorBranch*
2MASS J20283356+4440479,2070847726212439552,HorBranch*
HE 0447-0350,3224887812090149888,HorBranch*
HE 2157-0129,2679836842815680384,HorBranch*
[RCF2016] 5085696,6083509673700681472,HorBranch*
2MASS J05130131+3335582,181928256246368512,HorBranch*
2MASS J06051244+1347234,3345128578342213760,HorBranch*
UCAC4 650-069744,2101084669629605504,HorBranch*
2MASS J18533682+1233480,4504442819689108736,HorBranch*
2MASS J18453920-0302267,4258630154689603328,HorBranch*
SDSS J025256.90+003355.6,2498310183194063104,HorBranch*
TYC  729-1697-1,3343823561117669376,HorBranch*
2MASS J14302703-0504002,3642039912327033984,HorBranch*
SDSS J124226.91+291147.2,3963022369048364032,HorBranch*
SDSS J123728.42+010541.8,3697086442280213632,HorBranch*
TYC 3129-794-1,2102367563478277504,HorBranch*
2MASS J05465493+1308037,3346497543334802176,HorBranch*
SDSS J002711.41-182111.4,2366820755859870720,HorBranch*
2MASS J03281169+4642423,242878785681102336,HorBranch*
2MASS J18311591+1650448,4522348263433655424,HorBranch*
[TGC2005] 412,2447338065376666624,HorBranch*
SDSS J120931.88+321919.9,4014921546967127680,HorBranch*
2MASS J22525455+5324118,1990447617756361600,HorBranch*
TYC 3549-495-1,2132165050142756480,HorBranch*
2MASS J04343397+4119077,203915430785166464,HorBranch*
BD-13  2656,5734710466142089088,HorBranch*
HE 2021-6102,6431116112989789696,HorBranch*
HE 1523-0509,4401234721163961472,HorBranch*
2MASS J04405803+5821359,278770972678057088,HorBranch*
2MASS J07231285-0612584,3058120760342714112,HorBranch*
GES J05141341-4003177,4819185788402301568,HorBranch*
TYC 3549-572-1,2131948652509822080,HorBranch*
2MASS J17150088+4245002,1360370868845258240,HorBranch*
2MASS J04233163+5411371,275499990010406912,HorBranch*
UCAC4 663-077663,2077781933726730240,HorBranch*
2MASS J18212537-0256482,4269920180603056640,HorBranch*
SDSS J020406.54-005145.5,2506690355878554496,HorBranch*
2MASS J03381044+4506485,244689062858692992,HorBranch*
TYC 3321-1342-1,249616150559308800,HorBranch*
2MASS J00464406+6639070,526180124228508928,HorBranch*
2MASS J20012172+2125171,1823911330327546880,HorBranch*
BD+49  1700,934779226585532416,HorBranch*
2MASS J04581269+2110460,3412067846969387008,HorBranch*
UCAC4 397-050314,3758444589884548480,HorBranch*
UCAC4 330-097326,4114116054398035456,HorBranch*
2MASS J16333173-1316088,4330406656008165632,HorBranch*
SDSS J132609.16+004242.4,3687245435254258304,HorBranch*
2MASS J07270112+2216203,866071432162737152,HorBranch*
2MASS J06350421-0020434,3119235052583465216,HorBranch*
2MASS J05061406+3239395,181584006028028160,HorBranch*
2MASS J01321987+5856373,509238196236417408,HorBranch*
2MASS J21125428+4741595,2164515808988755328,HorBranch*
HE 2256-4051,6543519427214837760,HorBranch*
BPS BS 16478-0075,764746041181773824,HorBranch*
2MASS J21101316+4855391,2165762483367577088,HorBranch*
SDSS J223645.53+134330.7,2732599584039311104,HorBranch*
HE 0017-4343,4991899750653172864,HorBranch*
TYC 3162-1018-1,2081878851486523136,HorBranch*
SDSS J015827.15-005901.5,2507383421866014464,HorBranch*
2MASS J19570850+4550466,2085264488313357568,HorBranch*
2MASS J20484869+5134338,2170014775865498240,HorBranch*
2MASS J03585716+3759277,226588494421957376,HorBranch*
2MASS J16083925+4855583,1400103508217841536,HorBranch*
2MASS J19193247-0529140,4211340885443966464,HorBranch*
SDSS J064824.33+291708.5,888425018951254912,HorBranch*
SDSS J085832.15+261121.2,691653463105796224,HorBranch*
2MASS J00330466+5125195,415791252739579136,HorBranch*
2MASS J17131191+4348325,1361283360413454080,HorBranch*
2MASS J03254572+5638560,449290004782814336,HorBranch*
BPS CS 22960-0058,6569678565483619456,HorBranch*
2MASS J19090507+1920337,4516340188328609280,HorBranch*
HE 1401-1603,6300594874362733184,HorBranch*
SDSS J133853.59+100027.7,3725877841448610688,HorBranch*
2MASS J21405000+4340584,1973709619106272256,HorBranch*
2MASS J16493879-2017491,4127401483410878720,HorBranch*
TYC 3125-174-1,2101354702813165056,HorBranch*
NGC  5904   208,4421526551852843648,HorBranch*
2MASS J21371339+4211094,1966784860515168896,HorBranch*
GSC 04518-00291,554926374694575488,HorBranch*
SDSS J154351.36+052032.5,4429374178656301312,HorBranch*
SDSS J122331.00-005031.9,3695075886485694592,HorBranch*
UCAC2  30626715,2504621586095542400,HorBranch*
TYC 5504-1067-1,3566105818246833024,HorBranch*
2MASS J05580020+2127450,3423253346261527040,HorBranch*
2MASS J00204247+6132145,428952922328606592,HorBranch*
TYC 3429-1334-1,825816696560698624,HorBranch*
2MASS J19102102+5001412,2132852519788953984,HorBranch*
2MASS J18484259+4829083,2119717444644079104,HorBranch*
HE 1506-1015,6318953523090709888,HorBranch*
2MASS J06543299-0321313,3102768285413634944,HorBranch*
2MASS J06375792+0603389,3131894554591353984,HorBranch*
2MASS J06192439+5740013,998504549709927040,HorBranch*
TYC 2588-383-1,1327182655816490752,HorBranch*
SDSS J024351.44-002214.5,2498487135846579200,HorBranch*
2MASS J20340445+5417376,2183458916852325376,HorBranch*
2MASS J06012003+2354219,3424890278556784256,HorBranch*
2MASS J21505372+4311210,1972755243012076544,HorBranch*
SDSS J230115.08+073830.7,2712006452805151488,HorBranch*
2MASS J07162867+1533314,3168030210392615936,HorBranch*
SDSS J111927.05+101903.4,3915275488200788992,HorBranch*
2MASS J07123356+0128522,3114823056020578944,HorBranch*
SDSS J085302.46+325932.8,713041365151933952,HorBranch*
2MASS J11044128-0551287,3787769557133823360,HorBranch*
UCAC4 690-071194,2086600291859877120,HorBranch*
2MASS J00490110+6628191,526162566402290432,HorBranch*
SDSS J075807.79+311617.8,877637190678324352,HorBranch*
2MASS J18291190+1713387,4522610393876289024,HorBranch*
SDSS J154208.25+453155.1,1397694993637020416,HorBranch*
GES J06365402+0927545,3326783093691085952,HorBranch*
PB  1647,1485532022643006336,HorBranch*
SDSS J110949.85+400140.2,765043214263985664,HorBranch*
2MASS J03203371-2824512,5060190559590972800,HorBranch*
2MASS J21381887+5355594,2174230406533634560,HorBranch*
2MASS J04412873+3815309,175618738834089728,HorBranch*
2MASS J18470580+1418336,4507285160303881984,HorBranch*
2MASS J01421097+6748216,519917649591716096,HorBranch*
HE 1248-0831,3627055458626225664,HorBranch*
HE 0353-3356,4859265186254076160,HorBranch*
2MASS J17330340-2635029,4061599182823700224,HorBranch*
TYC 3888-237-1,1419384922079148160,HorBranch*
2MASS J03100644+6223532,466712591161377536,HorBranch*
TYC 8369-396-1,6702531009288403712,HorBranch*
2MASS J05593666+2141305,3423283793285539584,HorBranch*
SDSS J155814.06+025621.7,4424832538502873088,HorBranch*
HE 1502-1501,6308496450252254720,HorBranch*
SDSS J163655.65+221532.6,1297844971169160320,HorBranch*
SDSS J234936.72+430917.0,1922781683608605696,HorBranch*
SDSS J142632.14+083714.6,1175869106848109696,HorBranch*
2MASS J20491077+4337224,2066832653333114112,HorBranch*
2MASS J06541367+1730565,3364277814587083392,HorBranch*
HE 2216-3932,6570719356317606784,HorBranch*
2MASS J17043173+5933526,1437113516284704256,HorBranch*
BPS CS 22964-0079,6690417139921620736,HorBranch*
NGC  6397    45,5921754844479204608,HorBranch*
2MASS J07354475+4305364,925233060475788288,HorBranch*
2MASS J05533480+2516556,3428308797646225664,HorBranch*
2MASS J17160953+2802143,4575157257153062016,HorBranch*
HE 0159-4102,4958190549507805312,HorBranch*
HE 1205-0818,3582357768337203584,HorBranch*
HE 0302-0917,5167209565372745728,HorBranch*
2MASS J15140510+0234413,4421802765493096320,HorBranch*
SDSS J144727.16+204141.4,1238251990699139072,HorBranch*
HE 1414-1557,6297773875418621696,HorBranch*
2MASS J06445398+0158479,3126032851944164736,HorBranch*
TYC 3551-551-1,2129587034673659392,HorBranch*
2MASS J05564248+3114151,3450071126355379712,HorBranch*
HE 1415-0906,6329083740329870720,HorBranch*
HE 2111-0540,6911053526924757120,HorBranch*
PG 2134+049,2698633337690372608,HorBranch*
HE 2149-2957,6617179185788740992,HorBranch*
2MASS J03291145+4519253,241949874454328832,HorBranch*
HE 1414-1639,6296963157391722112,HorBranch*
2MASS J22580994+5216068,1990177829388783232,HorBranch*
SDSS J193053.01+621510.1,2240235189041304832,HorBranch*
2MASS J05474085+0459359,3320485499105841792,HorBranch*
2MASS J05495822-4152023,4804023694850841984,HorBranch*
SDSS J163233.65+271308.1,1304671082950933760,HorBranch*
2MASS J02450080-2006257,5128523317468860672,HorBranch*
2MASS J13155665+1223177,3736571970713540480,HorBranch*
2MASS J11504836+5353323,840603306888050432,HorBranch*
UCAC4 672-070786,2126932989704818304,HorBranch*
2MASS J05425126+4548030,197546578400097408,HorBranch*
2MASS J17263041+5440368,1419462712526948992,HorBranch*
UCAC4 272-066454,6164532204507108480,HorBranch*
TYC 3141-474-1,2075122691838798848,HorBranch*
2MASS J00163662+6229291,431248874405837440,HorBranch*
2MASS J11421597+5536004,841600117257638272,HorBranch*
2MASS J00284672+5548567,421281870215344256,HorBranch*
BSD  56-759,4013962536604610816,HorBranch*
UCAC4 689-070345,2080651448617218560,HorBranch*
2MASS J05473610-0528581,3022412161719795200,HorBranch*
2MASS J03560865+4909547,250097289975968768,HorBranch*
2MASS J00101483+7350139,537953484276787968,HorBranch*
UCAC4 668-074915,2102808463340193152,HorBranch*
2MASS J23141764+6118568,2014940549229871488,HorBranch*
2MASS J18533672+1204518,4504409422022531968,HorBranch*
SDSS J083220.60+143930.3,651759298599839104,HorBranch*
2MASS J14163722+5340055,1608267928670808960,HorBranch*
UCAC4 658-076944,2077449812496895360,HorBranch*
HE 0326-1654,5105824793267028096,HorBranch*
HD 213781,2601713788588027776,HorBranch*
2MASS J19462733+3926137,2073286546086595840,HorBranch*
2MASS J02100160+5003582,358296106094776960,HorBranch*
2MASS J04351596+4158397,204122035892691072,HorBranch*
2MASS J19242968+3711000,2051764945994896000,HorBranch*
BD+43  3071,2117257940213005696,HorBranch*
UCAC4 658-079184,2077040106978572672,HorBranch*
2MASS J04070199+4800209,246323285034969984,HorBranch*
HD 234839,2133362280866224768,HorBranch*
2MASS J19172130-0531333,4211364829872871168,HorBranch*
2MASS J17132406+5811532,1433916823666668544,HorBranch*
UCAC4 218-169217,6719709224902437888,HorBranch*
Cl Berkeley   17  4548,3446835401074010240,HorBranch*
SDSS J170527.64+285653.9,1308564453628220544,HorBranch*
2MASS J23050471+5645268,2009123789125474304,HorBranch*
2MASS J22441025+0521570,2705490472021556992,HorBranch*
2MASS J18484000+1302132,4505445642992537344,HorBranch*
2MASS J03300696+4541067,241962175240412288,HorBranch*
SDSS J020208.32-000331.7,2507563192016902016,HorBranch*
2MASS J07531559-1533517,5719251912475689344,HorBranch*
2MASS J05311248+3520403,183088511596861312,HorBranch*
HE 1506-0518,6334730243639301376,HorBranch*
2MASS J04265313+3637265,178179741931599232,HorBranch*
Cl* NGC 7099     AL      58,6816576203603462656,HorBranch*
ATO J218.2378+49.1952,1603405235417939584,HorBranch*
2MASS J23403599+0734450,2757181610314668160,HorBranch*
2MASS J22592957+6515284,2211840198177650176,HorBranch*
2MASS J06510955+2828420,3385575389175642496,HorBranch*
SDSS J204308.13+152604.4,1762587611149350144,HorBranch*
BPS BS 16559-0005,4420172915598540672,HorBranch*
BD+01  2548,3798172517680548608,HorBranch*
2MASS J05521340+1303005,3346332616592052736,HorBranch*
2MASS J04243723-3108515,4884723931318865792,HorBranch*
HE 1306-0542,3629570003064012928,HorBranch*
2MASS J18573123+3946293,2103250741892080256,HorBranch*
2MASS J17311113-1737020,4124252589552869376,HorBranch*
2MASS J15314938+5714328,1601589838640984320,HorBranch*
GSC 04707-01024,5186877217053389440,HorBranch*
HE 2240-3445,6597376839638616320,HorBranch*
HE 1100+0059,3805089068590261888,HorBranch*
HE 2210-2140,6819469942111344000,HorBranch*
2MASS J19312076+3810229,2051880394715133952,HorBranch*
SDSS J070922.67+644509.7,1101443027326067200,HorBranch*
2MASS J04170078+4354509,232515377493319040,HorBranch*
2MASS J02072363+4948205,358273119429930496,HorBranch*
SDSS J105228.48+470640.1,831361602418695936,HorBranch*
2MASS J06161720+1933085,3374091986657328512,HorBranch*
HE 2234-1632,2595120365249001984,HorBranch*
HE 1346-2902,6175468153315391872,HorBranch*
PB  9190,5174484617201833472,HorBranch*
2MASS J05004200+2056126,3409055219468677248,HorBranch*
2MASS J19515315+4747405,2086457114830046336,HorBranch*
2MASS J02160045+6413164,515190368072771456,HorBranch*
UCAC4 657-073289,2053609926505384960,HorBranch*
FBS 0107+392,370376337268072960,HorBranch*
SDSS J200218.78-114553.6,4189121262967397248,HorBranch*
SDSS J080542.73+463337.0,929790978552982272,HorBranch*
HE 2153-1004,2617145953975145088,HorBranch*
SDSS J140800.16+034914.1,3670644291439137536,HorBranch*
2MASS J21475089+4207404,1960586840448540928,HorBranch*
* sig Pav,6376446990405132416,HorBranch*
2MASS J04415447+2811567,157741611774790272,HorBranch*
HE 0327-4840,4833784897633565440,HorBranch*
2MASS J07340002+3822343,899348903193763840,HorBranch*
Ton  132,3934907410049367424,HorBranch*
2MASS J21122765+4701171,2164428603968945408,HorBranch*
2MASS J06452024+2705261,3385011958186320512,HorBranch*
2MASS J06063798+1452025,3345486954710507520,HorBranch*
2MASS J06384929+3405443,941437216170529152,HorBranch*
2MASS J19095127+3307002,2043352582532809984,HorBranch*
HE 0041-4716,4976077782625780096,HorBranch*
HE 2110-0542,6911234259148338432,HorBranch*
TYC 3547-1541-1,2129397098340132992,HorBranch*
2MASS J00494675+5949315,426779600154831616,HorBranch*
2MASS J16405765+4018326,1356007078989200768,HorBranch*
HE 1437-0515,6331964941830873088,HorBranch*
2MASS J17112934+3442271,1335167313554456448,HorBranch*
SDSS J053139.70-003031.5,3220743821483683456,HorBranch*
2MASS J20100411+1932324,1822504814424596096,HorBranch*
2MASS J06480672+2835295,3386342191159850880,HorBranch*
2MASS J08143418+2652589,682842973352977792,HorBranch*
HE 1234-2035,3515241448273486464,HorBranch*
2MASS J18344853-3004002,4047418854429931008,HorBranch*
UCAC4 679-064867,2106839650923464832,HorBranch*
HD 119246,3661861323836860800,HorBranch*
2MASS J21440767+4306480,1972874363922896384,HorBranch*
HE 1224-3029,3471229921958887296,HorBranch*
SDSS J111401.31+103241.6,3963297105220608640,HorBranch*
SDSS J130319.72+515618.6,1557586489944462592,HorBranch*
UCAC4 684-071421,2080347506671777536,HorBranch*
2MASS J06193770+1510475,3368975336282470400,HorBranch*
2MASS J05515781+1154323,3343108745419863552,HorBranch*
2MASS J14484043+0231319,1157430189475933824,HorBranch*
2MASS J16354266+6201025,1625473189701242624,HorBranch*
HE 1336-2238,6192380635014748288,HorBranch*
UCAC4 699-067010,2129814255624801280,HorBranch*
HE 2242-1005,2608464313241248000,HorBranch*
2MASS J12061814+1916180,3950905682190777728,HorBranch*
2MASS J05391841+3241593,3448430551927613696,HorBranch*
TYC 1570-640-1,4510267173267756672,HorBranch*
2MASS J19332446+2620326,2024630854501946240,HorBranch*
HE 1144-1120,3587191874288219008,HorBranch*
Cl* NGC 6791    MJP       3,2051105616974704256,HorBranch*
[RCF2016] 5317711,6083714079802458880,HorBranch*
2MASS J21300509+1213389,1745972792162733568,HorBranch*
2MASS J20135598+1832422,1810330020934668032,HorBranch*
HE 1449-1200,6313231016040423936,HorBranch*
2MASS J15001628+5642391,1612817020591890304,HorBranch*
2MASS J06311995+0756031,3326192896465901952,HorBranch*
2MASS J05102798+2451066,3419039059927233280,HorBranch*
CHSS 2510,1678303039788471552,HorBranch*
2MASS J06131280+4107467,959741026756230144,HorBranch*
2MASS J04214905+5445289,275728349126067584,HorBranch*
2MASS J05394475+5506128,265092944948789248,HorBranch*
UCAC4 691-069484,2086628707362614400,HorBranch*
2MASS J09491936+3715276,799592072928796032,HorBranch*
2MASS J11334514+2259144,3980923449140966528,HorBranch*
2MASS J06542603+1553428,3354968146557094272,HorBranch*
CoRoT 102708811,3106534761271697792,HorBranch*
SDSS J143138.51+580531.1,1611111536321933952,HorBranch*
Cl* NGC 6656    MPF  2-1111,4077494826750286848,HorBranch*
SDSS J144504.72-010407.7,3650548483058715648,HorBranch*
NGC  5904   437,4421572761408118144,HorBranch*
2MASS J03314625+7227270,543623974979973248,HorBranch*
2MASS J21512005+3857589,1953304916673158144,HorBranch*
2MASS J09035795+0107066,576644679983107200,HorBranch*
TYC 3141-2914-1,2073597158130704000,HorBranch*
2MASS J06203524+4122430,959982506997595264,HorBranch*
SDSS J115440.94+123941.6,3919738685071598080,HorBranch*
UCAC4 706-066081,2135485953218237696,HorBranch*
SDSS J170538.36+292015.1,1308767313521074432,HorBranch*
2MASS J06310233+2142572,3376166279766984832,HorBranch*
2MASS J17181760+6136198,1438513194587133952,HorBranch*
2MASS J14450884-0651596,6330641301629748992,HorBranch*
2MASS J15035677+3052132,1276168893999115520,HorBranch*
2MASS J03113994+6117507,463229578842370816,HorBranch*
2MASS J19410525+0808191,4301070719410289536,HorBranch*
SDSS J152635.05+073032.0,1162890673457504512,HorBranch*
SDSS J073611.83+382340.8,899153331860196736,HorBranch*
TYC 7089-788-1,5607160692052582400,HorBranch*
TYC 1905-840-1,888360457003103744,HorBranch*
2MASS J16073621+2252268,1206514076463360384,HorBranch*
2MASS J19243576-1300366,4187229110837566464,HorBranch*
2MASS J17165300+2719061,4574335230475022464,HorBranch*
SDSS J163539.15+345456.7,1327471041397043712,HorBranch*
HE 0313-1117,5162803027710986240,HorBranch*
2MASS J06161385+5717308,998858622518536448,HorBranch*
CRTS J134901.9-004947,3659023793563262592,HorBranch*
2MASS J05321565+3513422,183074527183062272,HorBranch*
2MASS J19350350+4143017,2077611642560727424,HorBranch*
2MASS J05401646+5357011,264741066868723712,HorBranch*
SDSS J210731.96+004431.2,2690261720581329920,HorBranch*
2MASS J18270471+1547057,4521805310848912640,HorBranch*
SDSS J072020.88+383611.5,899953432726584960,HorBranch*
TYC 2000-704-1,1447965730410405248,HorBranch*
2MASS J06132403+4150574,960194128625783808,HorBranch*
TYC 3545-2746-1,2130695724650850304,HorBranch*
HE 2147-1715,6837354877422180224,HorBranch*
2MASS J00273560+5947249,428503153350668032,HorBranch*
2MASS J16392465+3751067,1328511381258900992,HorBranch*
2MASS J20241832+1658578,1808955528320154752,HorBranch*
HE 0038-5227,4925146857839041152,HorBranch*
2MASS J03302341+6100188,462643156889317376,HorBranch*
HE 0337-3515,4860402321796428288,HorBranch*
TYC 1516-86-1,1205725039431419648,HorBranch*
HE 1311-0812,3625194359101681408,HorBranch*
2MASS J23563282+6218061,2012813337837616256,HorBranch*
2MASS J06455059+2023520,3377817441290200704,HorBranch*
2MASS J00323935-1936570,2363443747629312512,HorBranch*
EC 20450-5036,6480730136381108224,HorBranch*
SDSS J015535.82-003812.7,2507471765048414080,HorBranch*
UCAC4 665-077121,2077823882666180352,HorBranch*
2MASS J03472574+5045168,251187795052666880,HorBranch*
SDSS J234459.69-001956.3,2642649980879298560,HorBranch*
SDSS J141959.64+025749.0,3666996524175134976,HorBranch*
UCAC4 661-077854,2077550142934720512,HorBranch*
TYC 3690-1213-1,457427833934158592,HorBranch*
SDSS J110400.02+222947.5,3994722693730812928,HorBranch*
SDSS J140550.51+004605.1,3661021949788277760,HorBranch*
HE 1349-2431,6178933642166919296,HorBranch*
HE 0048-3158,5006868368809974144,HorBranch*
HE 1108-2541,3532876446552549248,HorBranch*
SDSS J153709.90+355029.1,1374503716427252352,HorBranch*
HE 1451-1234,6312950949813186304,HorBranch*
SBSS 1629+590,1623747574920859136,HorBranch*
2MASS J05114521-2256353,2961525605821044480,HorBranch*
UCAC4 498-030822,3326782372136562176,HorBranch*
2MASS J18190449+0114334,4276535327893796224,HorBranch*
2MASS J19563299+1737524,1820537272741416704,HorBranch*
2MASS J15043574+2624329,1268399225142518400,HorBranch*
NGC  5272   241,1454785657444707328,HorBranch*
HE 1400+0157,3661365684610909696,HorBranch*
BPS CS 22898-0043,6831980086629213696,HorBranch*
BSD  47-534,121357294541762944,HorBranch*
2MASS J13375191+2229423,1441993080168324224,HorBranch*
2MASS J16450272+3726014,1328254714013915008,HorBranch*
2MASS J05042551+3645518,186452849674427648,HorBranch*
2MASS J03262492+0903476,12483103403279488,HorBranch*
UCAC4 684-071558,2080349362097795712,HorBranch*
2MASS J21232020+4446108,1970884527063720320,HorBranch*
BD+43  3096,2105309753512006272,HorBranch*
PB  4299,3705379719187229568,HorBranch*
2MASS J02182526+5609198,456762629408201984,HorBranch*
2MASS J22575360+5222076,1990182330514552192,HorBranch*
HE 2234-2101,2400784811776070528,HorBranch*
TYC  542-1120-1,2688227903242092032,HorBranch*
2MASS J06430441-0610382,3100463331085264896,HorBranch*
UCAC4 313-257747,6799055348376245120,HorBranch*
BPS CS 22183-0012,2526391095987579520,HorBranch*
HE 2252-1412,2410971679632678400,HorBranch*
2MASS J22401857+6159453,2201897039651648256,HorBranch*
2MASS J21523079+6007044,2202812417451595008,HorBranch*
TYC  980-2320-1,4444851351006194304,HorBranch*
2MASS J03542427+3922019,229772336498253184,HorBranch*
2MASS J05470944+3018475,3444385654805721344,HorBranch*
SDSS J074804.86+274123.2,875282827044894080,HorBranch*
2MASS J23363810+3017287,2871063973840120960,HorBranch*
2MASS J19152252-0727497,4204835311349470208,HorBranch*
SDSS J130942.24+004538.7,3690846511929434752,HorBranch*
2MASS J18364193-0750293,4156539817168515712,HorBranch*
2MASS J04071740+5702187,469242429978870144,HorBranch*
2MASS J16162046+2244576,1301636297716521728,HorBranch*
SDSS J180141.22+242308.4,4579387559423983232,HorBranch*
UCAC4 691-070992,2086482025641485568,HorBranch*
HE 2319-0537,2633536648688245504,HorBranch*
SDSS J142839.40+592006.1,1611996338240710272,HorBranch*
2MASS J19344422+4449124,2126444566023966080,HorBranch*
2MASS J00293368+6139119,430227118866522240,HorBranch*
UCAC4 276-055058,5446447516960638720,HorBranch*
2MASS J18311428+1604255,4510194330621072256,HorBranch*
UCAC4 318-001168,2342905145302249088,HorBranch*
TYC 3067-23-1,1386296975067575936,HorBranch*
2MASS J05190937+2850327,3422381987592328448,HorBranch*
SDSS J115057.42+490015.1,787626259688036096,HorBranch*
2MASS J06171956+3132222,3439627032903951616,HorBranch*
2MASS J06191432+0808442,3325651726287029248,HorBranch*
UCAC4 652-080771,2073545687238856832,HorBranch*
2MASS J05423682+2815590,3441861721567611392,HorBranch*
2MASS J23213006+4138106,1924380059980819840,HorBranch*
2MASS J05360707+2433225,3416727439808735616,HorBranch*
2MASS J07264555+2415378,869918588987309952,HorBranch*
2MASS J00165571+7059098,531100129521101312,HorBranch*
SDSS J144744.60+395147.4,1488568908118685184,HorBranch*
HE 1048+0125,3808123445804817536,HorBranch*
US 3519,462142776700160,HorBranch*
SDSS J100007.35+642004.3,1065200375294666624,HorBranch*
2MASS J11274593+4427141,784312984470062848,HorBranch*
HE 1512-0917,6319460952002872320,HorBranch*
2MASS J05133744+3151560,180638426028297984,HorBranch*
HE 2143-1452,6840198798607272704,HorBranch*
2MASS J06314597+1647432,3369437204182468992,HorBranch*
UCAC4 685-066076,2130462971784126208,HorBranch*
BPS CS 22897-0116,6401969094825652608,HorBranch*
2MASS J05091991-3945077,4820005165079855360,HorBranch*
HE 1458-1111,6313545368991191808,HorBranch*
2MASS J06560112+0637400,3129944261481636736,HorBranch*
2MASS J20031040+0739407,4298765146601891328,HorBranch*
TYC 3139-475-1,2052437396129089664,HorBranch*
TYC 2666-29-1,2051784840284088064,HorBranch*
2MASS J06515008+4319000,952274758686479360,HorBranch*
TYC 3474-135-1,1590339017190192512,HorBranch*
2MASS J12555450+0534485,3706011560415756928,HorBranch*
2MASS J15482363+8625149,1727788622181660672,HorBranch*
SDSS J204741.92-055831.7,6913356930769908736,HorBranch*
SDSS J095155.52+272101.3,647068227943331456,HorBranch*
2MASS J20094902+5513354,2186217694599618816,HorBranch*
2MASS J05160103+2353550,3415894559751044224,HorBranch*
HE 2237-1034,2608085973866662144,HorBranch*
2MASS J18363112-2351454,4077588972489399296,HorBranch*
2MASS J04275651+3721036,178241078360775168,HorBranch*
TYC 3134-66-1,2052630021126719744,HorBranch*
2MASS J03113847+5316238,446259991256776192,HorBranch*
2MASS J00372410+5135545,415716790890216576,HorBranch*
2MASS J19494972+1808334,1821458526056266240,HorBranch*
2MASS J19485164+1516474,1819753595830368256,HorBranch*
SDSS J174923.78+245305.1,4581860189275084800,HorBranch*
HE 1230-0744,3580248733235834624,HorBranch*
KOI-3670,2051656094340873856,HorBranch*
2MASS J13033402-0339548,3684303623174883584,HorBranch*
Cl* NGC 6656    MPF  2-476,4076742584671327744,HorBranch*
TYC 3561-1612-1,2086513632299426432,HorBranch*
UCAC4 652-068289,2100570544862356096,HorBranch*
EC 20103-5516,6472153258488710784,HorBranch*
2MASS J04281768+3519275,176355965675295744,HorBranch*
SDSS J212842.65+101043.3,1742247131367073024,HorBranch*
BPS BS 16551-0119,6315995428791280128,HorBranch*
2MASS J04383680+2841527,158013672182969344,HorBranch*
2MASS J02292497+6042050,465392936690975488,HorBranch*
2MASS J00361005+6226189,430673692383693952,HorBranch*
2MASS J20001312+2239144,1827240956451460224,HorBranch*
2MASS J07200067-0413505,3059676397497529984,HorBranch*
2MASS J03500619+4824268,248470322004823296,HorBranch*
2MASS J15212863+4054088,1389294484282836736,HorBranch*
HE 0259-4749,4753565594422938112,HorBranch*
HE 2120-0417,2684211455985387776,HorBranch*
2MASS J04174008+5405398,275595067702079744,HorBranch*
BD+43  2272,1528516841318925184,HorBranch*
2MASS J05523748+0245558,3316272209203905536,HorBranch*
ATO J343.5164-20.4869,2397848978290386560,HorBranch*
2MASS J23142832+6526506,2208729885946113920,HorBranch*
SDSS J172938.71+081516.0,4490259149712847104,HorBranch*
2MASS J05531522+2027534,3399080587421794944,HorBranch*
UCAC4 678-073014,2128021540576232320,HorBranch*
2MASS J04531066+5729430,277737397388763392,HorBranch*
2MASS J16591650+0953017,4444360968820573056,HorBranch*
Cl* NGC 1817    MMU    1117,3394761804528747008,HorBranch*
2MASS J04162844+4443354,232817227795597824,HorBranch*
SDSS J131258.07+162020.7,3936791144050198528,HorBranch*
TYC 3081-8-1,1354174674143010816,HorBranch*
UCAC4 530-051653,3889100415606759808,HorBranch*
SDSS J182727.17+651319.7,2256653577704092672,HorBranch*
HE 1439-0905,6326876367657831936,HorBranch*
HE 0344-1258,5114109819542431488,HorBranch*
2MASS J06224845+3302341,3440191494685400832,HorBranch*
HE 1350-0752,3619077986370506240,HorBranch*
2MASS J06550096+1636558,3355169627763980928,HorBranch*
SDSS J110458.03+040550.8,3815014080881044224,HorBranch*
SDSS J021755.70+003502.5,2501139432770412160,HorBranch*
SDSS J074947.27+280702.9,875672230257493376,HorBranch*
HE 2327-0700,2440323387349860864,HorBranch*
HE 1038-1933,3553888148118182528,HorBranch*
2MASS J00062650-6008538,4905940279486385792,HorBranch*
HE 2204-3829,6574719448338990592,HorBranch*
2MASS J07241315+2318198,869382302191450624,HorBranch*
2MASS J06131490+1517050,3345770250753332096,HorBranch*
2MASS J06084212+2626354,3427093257481152768,HorBranch*
HE 1053-1854,3552615252955191552,HorBranch*
2MASS J04175824-2840118,4886170132706897024,HorBranch*
HE 0211-3511,4969807164733097344,HorBranch*
2MASS J19491657+4941157,2087219694861046272,HorBranch*
2MASS J20123151+1947183,1822529759595577344,HorBranch*
UCAC4 661-075085,2101734794537578112,HorBranch*
2MASS J23552690+5755046,1998348918768141184,HorBranch*
2MASS J04462487+3830451,199422173438491264,HorBranch*
2MASS J04361643+5857462,279032931323887360,HorBranch*
2MASS J05343800+4456071,207917958052561536,HorBranch*
SDSS J175111.67+251508.5,4581896267000915200,HorBranch*
SDSS J041634.94+060038.7,3285154140350814848,HorBranch*
HE 1033-0312,3781337384047240704,HorBranch*
HE 1511-0729,6322211930095410432,HorBranch*
2MASS J03592291+5247023,251858501446468480,HorBranch*
TYC 3134-1836-1,2052805049633748480,HorBranch*
TYC 3142-1152-1,2101944217141665024,HorBranch*
TYC 3138-347-1,2053595113155426560,HorBranch*
UCAC4 214-073972,6086649947626571520,HorBranch*
SDSS J033019.25+171510.7,54873605983164544,HorBranch*
2MASS J22142331+5141387,2001126766188935936,HorBranch*
2MASS J00371334+1421021,2779618244590989952,HorBranch*
TYC 2512-809-1,735865169255119232,HorBranch*
SDSS J125638.81+203312.8,3942473115201038464,HorBranch*
HE 0410-0804,3195893175069371392,HorBranch*
HE 2305-0455,2635513845472973824,HorBranch*
2MASS J03393647+3100288,120449682053044480,HorBranch*
2MASS J07170924+0536309,3140802660358213760,HorBranch*
2MASS J19225700+4448375,2127004522385000064,HorBranch*
UCAC4 664-075822,2125840831061204608,HorBranch*
2MASS J07174348-0246086,3060156334322214784,HorBranch*
2MASS J05000863+3448010,185817744267789696,HorBranch*
TYC 3555-344-1,2133198831590785280,HorBranch*
PB  5477,2758453191216581888,HorBranch*
SDSS J085430.43+242725.6,689749242109205760,HorBranch*
SDSS J230957.24+214931.4,2838516604294505600,HorBranch*
2MASS J04062739-4937004,4830534054067237504,HorBranch*
2MASS J06564474+0328578,3127979743439294336,HorBranch*
UCAC4 685-072219,2080357604130851072,HorBranch*
UCAC4 690-068846,2128819751657137280,HorBranch*
2MASS J04561260+4844154,256215728587056384,HorBranch*
SDSS J203240.19+153840.7,1810817418121557888,HorBranch*
2MASS J18094079+0513562,4471587213193554176,HorBranch*
[TGC2005] 301,5458018639890692224,HorBranch*
SDSS J143157.12+400418.6,1487874669604666368,HorBranch*
SDSS J080449.23+393503.5,921052197575035008,HorBranch*
SDSS J165025.28+352615.9,1327030858788916608,HorBranch*
2MASS J03253202+3212001,124694411116277504,HorBranch*
UCAC4 663-074332,2102652508788774144,HorBranch*
2MASS J18305218+0401335,4283341747250440448,HorBranch*
TYC 1940-352-1,684407818918026240,HorBranch*
2MASS J04204299+4449158,232672092259837056,HorBranch*
HE 1346-2529,6178769127739710208,HorBranch*
EC 04375-1312,3174821412680658944,HorBranch*
2MASS J07272778-0804245,3053842113926068224,HorBranch*
2MASS J08404729+1435327,609501252813081088,HorBranch*
UCAC4 399-060891,4346565834804538112,HorBranch*
2MASS J02070293+4834233,358059230058456320,HorBranch*
2MASS J18152073+0023550,4274973123729584768,HorBranch*
2MASS J06195584+4217112,961542645277968640,HorBranch*
2MASS J19495106+4010119,2073660203930830208,HorBranch*
2MASS J19165770-0501322,4212145418721523072,HorBranch*
2MASS J00405939+5420452,417931933164077056,HorBranch*
2MASS J08290303+7954582,1139052711610959360,HorBranch*
2MASS J13005403+4604274,1530811766902555008,HorBranch*
2MASS J19552378+2220542,1827174302888962816,HorBranch*
TYC 3128-1760-1,2105453617737730688,HorBranch*
2MASS J18585843+4432026,2106709947211609472,HorBranch*
UCAC4 661-082934,2075427290913673216,HorBranch*
SDSS J142500.90+344937.1,1479932205626265216,HorBranch*
2MASS J19544774+4106066,2073818121288491776,HorBranch*
2MASS J06464704-2415182,2922121136308270336,HorBranch*
TYC 3288-1718-1,356824925178056832,HorBranch*
UCAC4 698-070277,2135016839709102976,HorBranch*
SDSS J081313.40+160432.4,655673834873545728,HorBranch*
SDSS J100102.47+161036.3,622695972165837952,HorBranch*
SDSS J163803.16+115916.9,4459348995937973376,HorBranch*
HE 0218-2441,5119894315854528896,HorBranch*
2MASS J17281541+5417139,1419386227749707136,HorBranch*
SDSS J120947.30+264247.9,4003657806254328832,HorBranch*
2MASS J15224329+0134182,4420732395218514944,HorBranch*
UCAC4 318-001165,2342908130302823296,HorBranch*
2MASS J20590489+3905429,1872957520366553856,HorBranch*
HE 1232-0804,3580024913900075904,HorBranch*
HE 1505-1452,6308465316032707840,HorBranch*
2MASS J22173282-0051058,2677883113732310656,HorBranch*
MGC 38504,3689709685625958272,HorBranch*
SDSS J124806.38+092237.4,3734918648823222272,HorBranch*
SDSS J031749.82-075727.7,5169046432690474752,HorBranch*
HE 2149-0604,2668763833011141120,HorBranch*
2MASS J07294656-0804306,3053883483047319040,HorBranch*
2MASS J03435185+3224109,216722920181548288,HorBranch*
HE 2243-1906,2401488155620095744,HorBranch*
2MASS J21411875+4126333,1966547984475443200,HorBranch*
2MASS J04361081+5710580,278276020648451072,HorBranch*
HE 1206-2139,3493351713657157632,HorBranch*
SDSS J021708.16-004454.2,2494709763649141248,HorBranch*
2MASS J21425821+4339430,1972981639330197760,HorBranch*
2MASS J06292352+1741153,3369740806830218880,HorBranch*
2MASS J23332438+5625167,1998510100301986048,HorBranch*
SDSS J132737.20+162806.9,3746012171391376768,HorBranch*
2MASS J02181584+5434439,455820485382475392,HorBranch*
UCAC4 673-077790,2079657013370135296,HorBranch*
HE 1404-0658,3640373258857850752,HorBranch*
HE 2234-1655,2594882527140251776,HorBranch*
HE 1419-0313,3643230202383480576,HorBranch*
2MASS J01082830+5844092,413765127695199872,HorBranch*
UCAC4 661-081301,2076930426391403392,HorBranch*
EC 21039-5212,6476798111000441088,HorBranch*
UCAC4 460-127681,2679552786563683328,HorBranch*
2MASS J15345977+4333268,1391473407091477632,HorBranch*
[MZM2020] NGC 6752 vEHB-3,6632372443620538880,HorBranch*
SDSS J204404.94-002551.1,4227821671376221312,HorBranch*
SDSS J162418.60+265816.3,1305050212601096192,HorBranch*
2MASS J07251895+2449371,870001563459731072,HorBranch*
TYC 3564-3088-1,2135129745809026688,HorBranch*
2MASS J07024783-0423009,3101729899759878016,HorBranch*
2MASS J18451564+0557157,4285408524172734848,HorBranch*
2MASS J07141581+0639280,3153145739236208896,HorBranch*
SDSS J081809.17+232351.6,677475810421346688,HorBranch*
2MASS J04384747+3615091,174791017031957504,HorBranch*
2MASS J04364870+5752511,278359720970274560,HorBranch*
2MASS J03212107+6305261,463848122852792448,HorBranch*
2MASS J03581926-3518305,4858106369717911040,HorBranch*
2MASS J12092308-0112404,3697792882796542080,HorBranch*
2MASS J19505926+1759007,1821461103037380352,HorBranch*
SDSS J132256.86+422525.2,1525485350321964928,HorBranch*
2MASS J03505817+5022007,250370415535207168,HorBranch*
PG 2237+178,2833082989628661888,HorBranch*
2MASS J06522875+0903087,3158201194919392640,HorBranch*
2MASS J21300433+1059425,1742735074011932544,HorBranch*
2MASS J21044908+4806413,2165430843172360320,HorBranch*
2MASS J04175157+5510358,276468423533496320,HorBranch*
2MASS J12464214-0335553,3681917476783791488,HorBranch*
SDSS J160444.23+354918.3,1372157186814429824,HorBranch*
Case A-F  189,908727294998626432,HorBranch*
BD+36  2602,1387145007769818368,HorBranch*
2MASS J15150546+0103011,4419902057781164928,HorBranch*
SDSS J163658.37+354944.6,1327675447480946432,HorBranch*
HE 1213+0155,3700865055723481216,HorBranch*
[MDL2011] 40846,6083712430533483776,HorBranch*
2MASS J04422369-3555076,4867058730830426752,HorBranch*
BPS CS 22892-0063,2600685715151705472,HorBranch*
2MASS J00432333+1725103,2782737043682868992,HorBranch*
SDSS J204957.29+144449.1,1762607471077107712,HorBranch*
SDSS J160328.92+063047.8,4450725079561195776,HorBranch*
2MASS J07380593-1133493,3034016029487976960,HorBranch*
2MASS J06101954+2029344,3375015881369158784,HorBranch*
2MASS J05065021+3236422,181581188529828864,HorBranch*
SDSS J090441.59+261059.1,691884463626955264,HorBranch*
HE 2124-0226,2685054540886002432,HorBranch*
UCAC4 646-072263,2052401318407082496,HorBranch*
TYC 4517-1961-1,555763996396305536,HorBranch*
NGC  6705  1184,4252502786927698816,HorBranch*
SDSS J101935.94+191852.3,624669148861008512,HorBranch*
2MASS J03470684+4902105,248749185641036544,HorBranch*
SDSS J165937.58+234300.0,4572315534991360640,HorBranch*
SDSS J173041.95+550520.9,1420976362081557504,HorBranch*
2MASS J16291475-1250349,4330659165722458880,HorBranch*
ATO J032.5412-20.0106,5136978626310544896,HorBranch*
SDSS J171538.00+274427.9,4575111627420469248,HorBranch*
2MASS J23573983+5750219,1998177498036286080,HorBranch*
2MASS J16272453-1201432,4331536163684964864,HorBranch*
SDSS J075628.00+084046.5,3145459500120107776,HorBranch*
2MASS J02095395-1840118,5137449255942999552,HorBranch*
HE 2246-0311,2649292993911541376,HorBranch*
2MASS J19593352+4408516,2076097619357162112,HorBranch*
2MASS J07123733+0651208,3153209137248795264,HorBranch*
2MASS J06281202+1646260,3369389302408747008,HorBranch*
2MASS J00020665+1428539,2768955112105652736,HorBranch*
2MASS J10404848-1052079,3760831938865960064,HorBranch*
TYC  267-292-1,3812495722512344448,HorBranch*
SDSS J160254.18+394051.6,1379717325688480640,HorBranch*
SDSS J081308.81-080842.3,3062844361073404032,HorBranch*
2MASS J23034661+5700295,2009895337047924224,HorBranch*
2MASS J05290013+3415219,182642148532771456,HorBranch*
2MASS J15152007+4132356,1392493444644392704,HorBranch*
2MASS J00410757+4033236,369141345192983680,HorBranch*
SDSS J161900.98+322151.2,1319526898088059392,HorBranch*
SDSS J114055.57+335358.1,4025811526740371072,HorBranch*
2MASS J05465666+2009403,3399747063266358400,HorBranch*
SDSS J143228.48+391340.5,1487753414087840768,HorBranch*
SDSS J093053.11+192430.1,634057088376781824,HorBranch*
2MASS J06224289+1509319,3368798662804037504,HorBranch*
TYC 1293-1601-1,3412297812402228096,HorBranch*
2MASS J00494021-0243027,2529461928884726144,HorBranch*
2MASS J05301161+3444095,183033746471192448,HorBranch*
2MASS J00594539+3912384,370825453408278656,HorBranch*
HE 1130-0655,3592977985508770048,HorBranch*
HE 2358-5352,4972064771342827904,HorBranch*
2MASS J18362488-2356427,4077493692945930240,HorBranch*
TYC 5619-1047-1,4343457962111855616,HorBranch*
2MASS J04274735+3634030,177988774801646976,HorBranch*
TYC 1517-173-1,1205524859595906688,HorBranch*
EC 12328-1655,3523293339426240512,HorBranch*
SDSS J003603.97+153122.5,2780581687359239424,HorBranch*
HE 1230-2747,3472167255621726976,HorBranch*
Case A-F  909,1463302474510178048,HorBranch*
HE 1424+0123,3654341488936709760,HorBranch*
2MASS J09120929-6446324,5248766252692752768,HorBranch*
2MASS J03254585+5756450,449685451011352832,HorBranch*
SDSS J022250.63+003313.3,2501091672734271616,HorBranch*
2MASS J05251625+3613300,184158027173057024,HorBranch*
HE 1407-1709,6297225768872275328,HorBranch*
2MASS J22261785+5115235,2000524886647167872,HorBranch*
2MASS J00382589+5545074,418598409008786304,HorBranch*
2MASS J06081553+1837170,3373611053398438656,HorBranch*
2MASS J18202674-1739352,4096534932219801984,HorBranch*
Cl* NGC 1817    MMU    1412,3393987855718188032,HorBranch*
2MASS J11502894+1759572,3974640049425395712,HorBranch*
UCAC4 667-078435,2078781458518562304,HorBranch*
2MASS J16285411-1400239,4330284885093142784,HorBranch*
TYC 3551-2446-1,2129928231175526144,HorBranch*
2MASS J03395145+4631286,247920394390870144,HorBranch*
BPS CS 30494-0036,5096148060150979072,HorBranch*
2MASS J02533876+6620009,516398765704963968,HorBranch*
2MASS J07102214-1543530,2935959830177349760,HorBranch*
CoRoT 110746661,3102277559629536128,HorBranch*
TYC 6268-1180-1,4097473056088230656,HorBranch*
SDSS J081340.29+304148.2,900804965827041536,HorBranch*
2MASS J06021145+1348540,3343827757305672192,HorBranch*
SDSS J004443.74+250624.5,2808025982920466816,HorBranch*
2MASS J05403111+4500352,197375604343105920,HorBranch*
2MASS J06554882+1616294,3355120944312897920,HorBranch*
2MASS J06110968+1026460,3329962469001950208,HorBranch*
2MASS J06325106+0503084,3131713135171938560,HorBranch*
2MASS J19311498+1643500,4322120152285937024,HorBranch*
2MASS J13384909-1731230,6293734200978565120,HorBranch*
2MASS J20133325+2040224,1828786358712391680,HorBranch*
2MASS J00585935+6013450,426465998823368704,HorBranch*
HE 1337-0109,3661744466366747392,HorBranch*
2MASS J07121763-1556070,2935211608212953472,HorBranch*
2MASS J20442206+5050547,2180457559347324928,HorBranch*
2MASS J13051742+7258128,1688140576480641152,HorBranch*
2MASS J18311841-0040149,4272175867365339392,HorBranch*
US 1298,918231129911003648,HorBranch*
SDSS J165005.42+632510.5,1631663229711965312,HorBranch*
2MASS J21222155+5640240,2178701811079665664,HorBranch*
SDSS J111958.23+191209.1,3977934319405691520,HorBranch*
2MASS J09260803+2754265,694629291326709888,HorBranch*
2MASS J06194774-0131190,3118469758132749440,HorBranch*
SDSS J085411.32+054910.2,582086510922151296,HorBranch*
2MASS J19504147+4057026,2073857119591557632,HorBranch*
NGC  5904   838,4421573448603044480,HorBranch*
EC 09290-1650,5682048566455014400,HorBranch*
2MASS J18333330+0019499,4273373952786032256,HorBranch*
HE 1450-1347,6310605313553964800,HorBranch*
HE 1439-0547,6331682745299652608,HorBranch*
2MASS J11564897+5206229,791472969831921920,HorBranch*
SDSS J161018.49+053818.9,4449705523045206656,HorBranch*
SDSS J101134.44+194644.8,625273124341958016,HorBranch*
Cl* NGC 5904     SB  4-93,4421620628819576064,HorBranch*
EC 13118-2936,6182555673987078784,HorBranch*
2MASS J18420153+4308144,2116814699588095488,HorBranch*
HE 2348-4538,6531086806859131264,HorBranch*
SDSS J011722.44-092231.1,2471559718124989440,HorBranch*
CD-50 11790,6703068017635031296,HorBranch*
BD+23  2914,1205750530061706240,HorBranch*
2MASS J15423101+5653264,1601661409975976448,HorBranch*
SDSS J102324.35+084943.4,3875983826002509440,HorBranch*
2MASS J06372885+0441480,3130899595347148032,HorBranch*
Cl* NGC  104    LEE    8643,4689575357726672896,HorBranch*
PB  7280,2610163127425929600,HorBranch*
SDSS J085206.80-000008.7,3074609101129816960,HorBranch*
2MASS J03451870-2717502,5080997648913739776,HorBranch*
UCAC2   9142673,6701539932689353600,HorBranch*
TYC 3142-1188-1,2125756576682815488,HorBranch*
2MASS J06222933+4009244,956592231611596544,HorBranch*
UCAC4 653-071098,2100571957910410240,HorBranch*
2MASS J19355858+4144575,2077518531974902784,HorBranch*
SDSS J125813.84+524627.2,1558056801747571584,HorBranch*
TYC 3514-1101-1,1362824424742842752,HorBranch*
CRTS J022609.7-313911,5066682763434016896,HorBranch*
2MASS J17192144+5445128,1419608153004349568,HorBranch*
SDSS J230819.81+211640.5,2838468294502704128,HorBranch*
BD+44  3061,2106135314947001984,HorBranch*
2MASS J07021619-1609238,2935752709675292288,HorBranch*
HE 2201-2335,6818815423455490688,HorBranch*
2MASS J05141605+2446208,3418988512456169600,HorBranch*
SDSS J172545.62+082852.2,4490421877435039104,HorBranch*
2MASS J19362916-0310035,4213721087597591808,HorBranch*
HE 2133-1835,6831568521386974208,HorBranch*
2MASS J16141147+4123374,1381596253620991104,HorBranch*
2MASS J02232773+5544127,457471470811501824,HorBranch*
TYC 3558-1493-1,2085525965914081408,HorBranch*
2MASS J07420456+5227182,982890419443380992,HorBranch*
2MASS J00313601-0454588,2527838877923948416,HorBranch*
2MASS J09301450+3710074,799190270147924736,HorBranch*
2MASS J06164200+1530226,3345041442046852864,HorBranch*
2MASS J17214181+5555305,1420557723028759040,HorBranch*
HE 1405-2446,6274181585702271232,HorBranch*
TYC 4960-253-1,3684383926178908416,HorBranch*
2MASS J06153183+0756152,3325305036529040896,HorBranch*
2MASS J20010576+2934070,2030145729925193600,HorBranch*
UCAC4 661-079525,2077122845230346880,HorBranch*
2MASS J03364001-3023438,5056143394726657280,HorBranch*
HE 1411-0847,3638989484818791680,HorBranch*
2MASS J11501184-1517493,3571813761064651520,HorBranch*
2MASS J02555309-6159269,4721800119380590080,HorBranch*
BD+45  2845,2130310861222452224,HorBranch*
HE 1501-1658,6305733755488879744,HorBranch*
2MASS J06485947+2758166,3385531473133046272,HorBranch*
2MASS J06332371+0033483,3120513372289724544,HorBranch*
2MASS J18325066-1233138,4104977497895270912,HorBranch*
2MASS J16304376-1246337,4330686035037776896,HorBranch*
2MASS J19184980+4633506,2127725222191129600,HorBranch*
2MASS J04243798-0925124,3191789625876361344,HorBranch*
2MASS J06290613+0119469,3120815463110697600,HorBranch*
SDSS J131332.54+603631.0,1663337479647834496,HorBranch*
2MASS J19091460+3835559,2099605418468855168,HorBranch*
UCAC4 208-186445,6670560509678222080,HorBranch*
2MASS J00193068+6137536,428957286015025664,HorBranch*
SDSS J152233.64+055522.1,1162068930249848064,HorBranch*
SDSS J081303.61+422217.5,927813957863154048,HorBranch*
2MASS J16162886+5007225,1423548974476161152,HorBranch*
SDSS J084944.83+230236.2,689169318445106560,HorBranch*
2MASS J19494727+1849068,1821658843336914944,HorBranch*
2MASS J08061405+4127585,921852199659151232,HorBranch*
SDSS J225914.21+070407.6,2711947285335969280,HorBranch*
2MASS J23585222+6316186,2013106838724931200,HorBranch*
2MASS J13280242+2613184,1448304169537792128,HorBranch*
2MASS J18453909-0331471,4258389228511363072,HorBranch*
2MASS J17231712+5935064,1434300999900919296,HorBranch*
2MASS J05072079-3619532,4824013606517536384,HorBranch*
2MASS J21183721+5549326,2177149227632987392,HorBranch*
SDSS J165639.20+175601.4,4559507908156193408,HorBranch*
2MASS J19101596-0713502,4204989384735911808,HorBranch*
EC 20036-6224,6442555058303974016,HorBranch*
2MASS J03154769+5406079,446401484658198656,HorBranch*
2MASS J19023140-0435370,4254644120140475136,HorBranch*
2MASS J07241130-0757304,3054597787647861504,HorBranch*
HE 1234-1435,3527170290441214976,HorBranch*
2MASS J02122216+6653385,520191153107244672,HorBranch*
2MASS J05495473+1133060,3337093175566143872,HorBranch*
SDSS J161328.75+184211.0,1201365544547450112,HorBranch*
SDSS J073345.12+363914.6,895615790635666432,HorBranch*
Cl* NGC 5466  FSBHB       4,1452577494494987392,HorBranch*
NGC   188  1105,573941290129221888,HorBranch*
2MASS J00153558+6319225,431393769421508480,HorBranch*
2MASS J16460698+3650191,1327425308585372288,HorBranch*
UCAC4 647-070017,2053116520662974080,HorBranch*
2MASS J20162911+1954197,1828498492822486016,HorBranch*
SDSS J153541.08+302712.2,1273242612519937280,HorBranch*
SDSS J172400.25+355755.6,1336699586086801152,HorBranch*
2MASS J04124739+4620372,233944227215190144,HorBranch*
BPS BS 16941-0007,767455684509492096,HorBranch*
2MASS J14225579+8551417,1727535665787882752,HorBranch*
2MASS J15071117+7539526,1701078323646805888,HorBranch*
SDSS J105823.43+273529.4,730581878444547968,HorBranch*
TYC 3146-660-1,2125913123950996736,HorBranch*
SDSS J004538.85+141223.7,2776449692597833600,HorBranch*
2MASS J19445035+5006019,2135292095573536128,HorBranch*
UCAC4 641-070062,2052665239857802368,HorBranch*
2MASS J06212966-0034487,3118687250978763520,HorBranch*
2MASS J06173875+3210108,3439684417963765120,HorBranch*
2MASS J06315660+0005197,3120075418768609408,HorBranch*
2MASS J00561172+5756005,424340952082221184,HorBranch*
2MASS J19455131+1435454,4317608645605133312,HorBranch*
NGC  6254  2037,4365635214724678784,HorBranch*
2MASS J06263811+1744431,3369779629037297408,HorBranch*
SDSS J102900.00+173303.3,3890630897136996864,HorBranch*
2MASS J23210805+0051179,2645280016988506624,HorBranch*
TYC 2989-229-1,1008868305795315200,HorBranch*
2MASS J20270300+5829356,2188302815324221056,HorBranch*
2MASS J17412486+7338391,1652392120568084096,HorBranch*
SDSS J234635.16-101935.9,2434705845004156928,HorBranch*
HE 2142-1604,6838289015629407872,HorBranch*
HE 0344-0126,3251251386504699904,HorBranch*
SDSS J133630.39+085918.4,3725658969914819840,HorBranch*
HE 1047-2205,3550117647869224448,HorBranch*
SDSS J154746.00+023220.4,4423489931726242304,HorBranch*
SDSS J113558.79+124754.3,3917670671202789888,HorBranch*
2MASS J23102790+5544448,2008788334998531712,HorBranch*
MGC 33711,3696560983097295616,HorBranch*
HE 0129-6124,4715739160315430656,HorBranch*
2MASS J19401388+2249182,2019963904320920704,HorBranch*
SDSS J133848.22-013414.8,3661712335716494848,HorBranch*
TYC 3135-983-1,2052299991540573312,HorBranch*
HD 107033,3920989276469351552,HorBranch*
TYC 1441-295-1,3975010138167464448,HorBranch*
HE 0042-0231,2530462484466295424,HorBranch*
TYC 3541-2145-1,2107238846663638912,HorBranch*
HE 2138-0431,2671663928072846720,HorBranch*
[GLC2012] 31469,4819185784103278720,HorBranch*
2MASS J16062047+0558353,4449887595299126400,HorBranch*
2MASS J04133795+5257312,274961886447290240,HorBranch*
2MASS J18594829-3636560,6731268807259409280,HorBranch*
TYC 3558-1254-1,2082282922017766144,HorBranch*
2MASS J00115578+1447070,2769164740869279488,HorBranch*
2MASS J04472584+5249042,272656244920378240,HorBranch*
KUV 03092-0635,5181500914431278208,HorBranch*
2MASS J05440365+2011146,3399574165062430976,HorBranch*
TYC 3465-1088-1,1505583300802510848,HorBranch*
2MASS J07002549-1313573,2949497189135800320,HorBranch*
2MASS J00195273-4307286,4991922157497583360,HorBranch*
TYC 3497-1490-1,1427747219108815104,HorBranch*
ATO J059.4831-24.3085,5083285389014003456,HorBranch*
SDSS J125310.89+104042.6,3735486988959551488,HorBranch*
SDSS J141717.39+090023.0,3674844249762833664,HorBranch*
SDSS J113456.27-025309.8,3793299997542332672,HorBranch*
SDSS J161226.88+073821.9,4450620759097921024,HorBranch*
HE 2154-0500,2669321766442632960,HorBranch*
UCAC4 664-070904,2105530686631267200,HorBranch*
BPS CS 22877-0004,3621900020402260736,HorBranch*
2MASS J02035403+4816360,356587288929880064,HorBranch*
SDSS J003420.52-172654.6,2364357407432014592,HorBranch*
TYC 3143-431-1,2077790042625096832,HorBranch*
UCAC4 678-074206,2079937148316220416,HorBranch*
TYC 7834-730-1,6003509551266050688,HorBranch*
SDSS J223356.10-005502.3,2629796964828501248,HorBranch*
SDSS J144801.14+102158.4,1174999771107923072,HorBranch*
TYC 3557-1848-1,2079468034809717120,HorBranch*
2MASS J19312880+3738391,2051847954818023040,HorBranch*
2MASS J00005243+5708135,421082240136920576,HorBranch*
2MASS J13221058+5805315,1566732502541484928,HorBranch*
TYC  571-1491-1,2704950336934179840,HorBranch*
2MASS J05114602+2543030,3420796247010667904,HorBranch*
HE 1436+0107,3654788676636142848,HorBranch*
HE 1417-1146,6303679863471755520,HorBranch*
HE 2247-3729,6548007088219001088,HorBranch*
2MASS J21391072+4344413,1967767514673028096,HorBranch*
2MASS J17162663-2827389,4107523996812583680,HorBranch*
UCAC4 273-054674,5446401096954011264,HorBranch*
2MASS J16324002-1235577,4331055814541396352,HorBranch*
2MASS J21414299+4217583,1966655874055943680,HorBranch*
CRTS J140529.5-212904,6289316397618000384,HorBranch*
2MASS J07074855-1601301,2935904029966333696,HorBranch*
TYC 3543-1140-1,2127711753173705984,HorBranch*
2MASS J05371285+5410547,264722546968902656,HorBranch*
2MASS J05181106+2953010,3446691743007661056,HorBranch*
SDSS J210833.84-010131.5,2689039785204760192,HorBranch*
2MASS J16323024-1257541,4330477574507733632,HorBranch*
2MASS J06181873+1552016,3369074399704032256,HorBranch*
2MASS J10170749-4630278,5413550919341825920,HorBranch*
2MASS J19344966+4010038,2053265122229971328,HorBranch*
2MASS J06103879+2813032,3436370592997723904,HorBranch*
SDSS J172838.91+353612.9,1336241673853452288,HorBranch*
TYC 3549-2716-1,2131321140609184768,HorBranch*
2MASS J21432462+4342223,1972981982927737984,HorBranch*
TYC 3149-1348-1,2078844577356466176,HorBranch*
SDSS J085650.35+370243.7,718638467748924160,HorBranch*
2MASS J18453393-0210555,4259852227504402944,HorBranch*
2MASS J13111741+6907401,1685637778778140160,HorBranch*
2MASS J01294162+1331422,2587197490617397248,HorBranch*
TYC 3810-1217-1,1024902999259513216,HorBranch*
2MASS J02463868+5358285,453151455263960320,HorBranch*
2MASS J08003617+3939541,921273684744442880,HorBranch*
[MDL2011] 45734,6083699373818050816,HorBranch*
2MASS J07174912+0628138,3141194395735069568,HorBranch*
2MASS J16264269+3005028,1318093100565744896,HorBranch*
2MASS J00171546+7159593,537180733761960960,HorBranch*
2MASS J23014834+6410540,2208536818572562048,HorBranch*
2MASS J06303045+1624515,3369306774616158720,HorBranch*
2MASS J17165082+2155277,4567574990610479744,HorBranch*
SDSS J220929.40+070320.2,2721092168357240320,HorBranch*
2MASS J16172360+5116100,1424495623923837184,HorBranch*
2MASS J06530036+4300385,952074647570246912,HorBranch*
SDSS J165142.24+372944.6,1351521621304063744,HorBranch*
2MASS J17235517+4811290,1365521187464390144,HorBranch*
SDSS J135504.16-020849.7,3657881053089312512,HorBranch*
2MASS J14011981+0114366,3661204296919988480,HorBranch*
TYC 1984-1952-1,4017854288075504768,HorBranch*
HE 2137-0710,2667689369632463104,HorBranch*
2MASS J06073564+2137174,3423458302100573568,HorBranch*
2MASS J04160472+4400528,232530770656111104,HorBranch*
ATO J019.7396+32.4346,310727590942683264,HorBranch*
2MASS J06152437+1822516,3373403623658761856,HorBranch*
SDSS J183650.53+642538.3,2256371170717393280,HorBranch*
2MASS J05582488+3325195,3451524646365725568,HorBranch*
2QZ J134747.1+005724,3662533189865568640,HorBranch*
SDSS J073941.85+663221.1,1095833593882167424,HorBranch*
2MASS J22142832-0327047,2627667799216559488,HorBranch*
BD+44  3104,2126948004910921472,HorBranch*
2MASS J19002980-0326476,4255543172719241216,HorBranch*
HE 2200-0038,2680273452011181568,HorBranch*
2MASS J07002633-0254020,3108708053386135680,HorBranch*
2MASS J19130289+1809359,4513732455992786304,HorBranch*
HE 2006-6303,6430465034604325248,HorBranch*
HE 2351-3114,2326697622352237696,HorBranch*
2MASS J03171531+6237392,463808025037986048,HorBranch*
HE 1250-1452,3524488478501946624,HorBranch*
HE 2156-3907,6574440309824738560,HorBranch*
Cl* NGC  104    LEE    4315,4689848792515645824,HorBranch*
TYC 3542-2339-1,2130308765278083328,HorBranch*
2MASS J03480450+3725599,223181760721887744,HorBranch*
2MASS J21034543+4853561,2165620543292680704,HorBranch*
2MASS J22402525+6151567,2201892431147378304,HorBranch*
2MASS J16431771-0133568,4382162042713654144,HorBranch*
2MASS J06480297+0129529,3125758970469166336,HorBranch*
UCAC4 652-073555,2077289970993761408,HorBranch*
2MASS J17121889+4301388,1354443229857824256,HorBranch*
2MASS J05520640+0245196,3316178853794809728,HorBranch*
[I81] M 125,422133235812880256,HorBranch*
SDSS J111929.85+343228.6,760004736589299328,HorBranch*
TYC 9260-3216-1,5819631109290990976,HorBranch*
2MASS J07153939-0553586,3058332656850488704,HorBranch*
HE 1459-0615,6333813942431860736,HorBranch*
BPS CS 29506-0040,6829279892229510656,HorBranch*
TYC 2805-2155-1,381300462031481472,HorBranch*
HE 0942-1102,5692097449897478144,HorBranch*
SDSS J112030.17+262539.9,3997538993981318912,HorBranch*
BPS CS 22894-0001,2640691136490492160,HorBranch*
TYC 7693-1094-1,5431861567506547072,HorBranch*
TYC 3147-1014-1,2078287262398072832,HorBranch*
2MASS J05085366+4047487,201005057869340544,HorBranch*
SDSS J200549.44-120731.4,6880735455865179392,HorBranch*
2MASS J06462709+2751480,3386186644625511680,HorBranch*
2MASS J18355646-2354034,4077497919194150272,HorBranch*
BPS BS 16472-0078,4418566803988543104,HorBranch*
2MASS J05074082+4646349,206854081769862912,HorBranch*
HE 1056-1433,3563589547231357056,HorBranch*
2MASS J06472229+1709577,3358389929820983680,HorBranch*
TYC 3542-1578-1,2127756352113968384,HorBranch*
SDSS J002719.36-095343.8,2426442602804615552,HorBranch*
2MASS J12113193+1830194,3950092765141263872,HorBranch*
2MASS J19123733+2724276,2036616939945462656,HorBranch*
TYC 3134-11-1,2052950730621922688,HorBranch*
2MASS J18060019+0313215,4468674744331321728,HorBranch*
2MASS J07190446+0703545,3141256105824848256,HorBranch*
HE 1523-0541,6322697811156374400,HorBranch*
2MASS J05312139+3554409,183386964580810368,HorBranch*
2MASS J03371089+4532277,247715438551390336,HorBranch*
2MASS J18243920-0312313,4269683824258875904,HorBranch*
TYC 3486-245-1,1402474673761993216,HorBranch*
2MASS J21264727+1053406,1745348097754541440,HorBranch*
2MASS J00030161+7419300,538031897498526848,HorBranch*
HE 2353-3152,2314644054334040192,HorBranch*
2MASS J05303080+2549457,3417851896606954112,HorBranch*
2MASS J16333034-1219149,4331070864106839808,HorBranch*
UCAC4 707-061916,2133386057805291776,HorBranch*
2MASS J01344774+6513004,513276869938201984,HorBranch*
TYC 2069-472-1,4575136259055935872,HorBranch*
2MASS J14235071+5724117,1611361542074257792,HorBranch*
2MASS J04510243+5837271,278078864467656576,HorBranch*
2MASS J02505546+6720336,516713844505336192,HorBranch*
2MASS J22123502+6305273,2205801645960829184,HorBranch*
SDSS J134105.92+571837.7,1658812680062325632,HorBranch*
2MASS J21184673+0028104,2689672558442112000,HorBranch*
2MASS J21563435+5825213,2199409463318897920,HorBranch*
2MASS J08003083+3924482,919766048143872000,HorBranch*
SDSS J130137.10+585219.2,1578742910432685440,HorBranch*
2MASS J02151091+5515345,456618765184315008,HorBranch*
2MASS J13360580+2716087,1448704155547778304,HorBranch*
2MASS J19322842-0403302,4213263003561053440,HorBranch*
UCAC4 347-055666,5676420200792553600,HorBranch*
TYC 1365-2471-1,671058132849258112,HorBranch*
SDSS J175016.15+245410.4,4581110391067414144,HorBranch*
SDSS J092554.69+000233.8,3840785808802523904,HorBranch*
NGC  6205   526,1328057042443279616,HorBranch*
2MASS J21571661+5024465,1979800462542544256,HorBranch*
SDSS J152618.50+404338.3,1389060013428290176,HorBranch*
2MASS J01241061+6604068,525395794478985216,HorBranch*
HE 1150-0526,3598633529725656192,HorBranch*
2MASS J07251672-0632349,3055045632477895680,HorBranch*
UCAC4 640-070670,2052042946336958976,HorBranch*
TYC 3360-936-1,209650723953557248,HorBranch*
HE 1100-2534,3535659241763876480,HorBranch*
2MASS J03580442-3731091,4857296613763834368,HorBranch*
UCAC4 148-231648,6454923636405184640,HorBranch*
HE 1436-1217,6323528801428255488,HorBranch*
2MASS J14151971+0550483,3672821358821947008,HorBranch*
HE 1518+0024,4418804573378145664,HorBranch*
Cl* NGC 5139   LEID   23054,6083709372529379584,HorBranch*
2MASS J12255933-0227230,3693850549496076672,HorBranch*
2MASS J08002641+3946127,921286191689206400,HorBranch*
TYC 3685-1477-1,456057945529823104,HorBranch*
2MASS J21545584+6147318,2204269717029269120,HorBranch*
2MASS J01231350+5710042,412636272852009728,HorBranch*
2MASS J19004254+0313430,4268813109837360896,HorBranch*
UCAC4 457-056170,4422722717425299840,HorBranch*
2MASS J18282707+0314360,4277272069418379008,HorBranch*
BD+47  2818,2129406753427034112,HorBranch*
TYC 3129-1507-1,2102585094980802176,HorBranch*
UCAC4 638-070527,2051819062581067776,HorBranch*
SDSS J013822.85-093720.4,2464770646140401920,HorBranch*
2MASS J01515441+2247255,98603829117376128,HorBranch*
2MASS J22402858+6353162,2211292057271735936,HorBranch*
2MASS J03254778+5143558,442741073011273600,HorBranch*
2MASS J02191004-5427357,4743165515797721856,HorBranch*
UCAC4 645-071467,2053087521043240064,HorBranch*
TYC   63-226-1,9931652311150080,HorBranch*
2MASS J03241041-1004324,5163300389219339520,HorBranch*
2MASS J06031858+3017127,3437769824624083072,HorBranch*
UCAC4 647-071909,2076251825864672384,HorBranch*
SDSS J121247.89+245308.5,4002397078734712832,HorBranch*
Ton  487,630422725705846400,HorBranch*
2MASS J06304215+0822454,3326271988285885824,HorBranch*
TYC 3120-827-1,2100230559548035456,HorBranch*
2MASS J00162464+7122582,531136035447584896,HorBranch*
SDSS J122527.97+382419.4,1532095652883811840,HorBranch*
TYC 1933-197-1,874777811906791040,HorBranch*
2MASS J16140593+2229438,1205738886406094848,HorBranch*
HE 1204-2404,3489429278939999872,HorBranch*
2MASS J19105398+1038346,4312366659522418304,HorBranch*
SDSS J165037.96+372925.3,1351478190594751360,HorBranch*
2MASS J04434583+5758154,277953004746158976,HorBranch*
2MASS J06093921+1758300,3373514189002470528,HorBranch*
2MASS J04505324+5915323,284875048918246016,HorBranch*
BD+07   505,10868092620704128,HorBranch*
2MASS J06590812+0803160,3157172567429680896,HorBranch*
SDSS J121452.33+000641.8,3698360913695836928,HorBranch*
2MASS J19130288-0508379,4212105046033140480,HorBranch*
TYC 3129-2735-1,2102248747502818432,HorBranch*
HE 1040-2504,5470087360552831360,HorBranch*
2MASS J06374751+0504213,3130963371319178112,HorBranch*
SDSS J072743.71+153235.5,3168593057266638976,HorBranch*
HE 2020-6151,6430821959269959808,HorBranch*
HE 1314-1838,3507830155786341376,HorBranch*
SDSS J154358.56+375625.6,1376357149433949824,HorBranch*
TYC 6236-1350-1,4128633731029982848,HorBranch*
HE 1330-2715,6188817667585133952,HorBranch*
UCAC4 382-051936,5734931811576600192,HorBranch*
2MASS J08155594+3049277,900786244065395200,HorBranch*
SDSS J170108.23+241825.6,4572434969441560320,HorBranch*
HE 1405-1755,6291157289320663168,HorBranch*
SDSS J021302.90+005258.0,2513302264756908672,HorBranch*
HD 187104,2079688693048216832,HorBranch*
2MASS J17323723-1640259,4124604463273152512,HorBranch*
SDSS J235710.69+004122.0,2738471770701174528,HorBranch*
HE 2327-4757,6526538230338812288,HorBranch*
2MASS J05214316-4341142,4800486291066464000,HorBranch*
2MASS J07051672+0412112,3116443564360640640,HorBranch*
2MASS J01130791-6041125,4716748103968961664,HorBranch*
UCAC2  29273886,5745071915828505216,HorBranch*
SDSS J082820.84+364720.8,904821069486083328,HorBranch*
HE 0354-4300,4841864143434160512,HorBranch*
HE 1046-1945,3553955282751784064,HorBranch*
HE 1505-0654,6332871179930692992,HorBranch*
2MASS J14534874+4900483,1590862109847699328,HorBranch*
2MASS J14342547-0023028,3653130956698588928,HorBranch*
2MASS J06452559+0916012,3134483595235543936,HorBranch*
2MASS J02181707-2112204,5124677397593938688,HorBranch*
HE 0052-0932,2474189513716345088,HorBranch*
UCAC4 651-078569,2073701714803525504,HorBranch*
2MASS J16232730-1257283,4331359554628547840,HorBranch*
UCAC4 663-078423,2077752040754192512,HorBranch*
2MASS J19112286+1759400,4514476035084307968,HorBranch*
2MASS J13155093+5623137,1566152750677060864,HorBranch*
2MASS J19125052-0459548,4212124974681474688,HorBranch*
2MASS J06304975-3151541,2893851180528798336,HorBranch*
SDSS J082748.20+132005.2,651008607035749504,HorBranch*
[TGC2005]  29,2337103056800246016,HorBranch*
HE 2139-1525,6838573686061761536,HorBranch*
LAMOST J065027.19+070342.6,3132953899683066112,HorBranch*
SDSS J191504.78+775435.0,2293012228210143488,HorBranch*
HE 1526-0401,4401622814408650496,HorBranch*
2MASS J20302860+5328072,2181887474219896704,HorBranch*
2MASS J05185095+2525104,3417629997119427584,HorBranch*
2MASS J00200578+5838298,422193399716435968,HorBranch*
SDSS J223915.14+220521.0,1874261124532295040,HorBranch*
TYC 3121-1063-1,2099667777095229184,HorBranch*
2MASS J21154024+4753328,2164854973955795456,HorBranch*
UCAC4 679-067040,2130247600646405760,HorBranch*
2MASS J23171442+6428579,2207818596963221504,HorBranch*
SDSS J122947.49+210135.9,3949503323829138432,HorBranch*
UCAC4 704-062932,2133163441060148736,HorBranch*
2MASS J05164608+2545117,3420697638856896384,HorBranch*
2MASS J21325579+4549445,1971360718681544576,HorBranch*
SDSS J095323.43+315719.7,745203111055922944,HorBranch*
2MASS J18103435-2915089,4050511123455737216,HorBranch*
2MASS J06205572+3147461,3438992000516017024,HorBranch*
SDSS J144004.96+592332.7,1617286256184701952,HorBranch*
HE 2330-3231,2325447301537176192,HorBranch*
2MASS J20112535+2049202,1828829961221447168,HorBranch*
TYC  176-2874-1,3141102650935942656,HorBranch*
2MASS J04562518+4957458,256547231341526656,HorBranch*
SDSS J203505.66+774430.4,2290743282887830784,HorBranch*
SDSS J114022.44+035031.3,3800729882943424128,HorBranch*
2MASS J02060144-5910545,4715024207175750656,HorBranch*
TYC 1998-1120-1,1441990743707089536,HorBranch*
2MASS J06285318+5031185,968230111218335744,HorBranch*
SDSS J021638.90+062152.7,2520222178625055616,HorBranch*
TYC 3783-841-1,984258005749691392,HorBranch*
UCAC4 690-068060,2129248011436621696,HorBranch*
HE 2302-4941,6515027649261128704,HorBranch*
HD 190190,2082155752322990208,HorBranch*
2MASS J05510558+2852358,3443266489409268480,HorBranch*
SDSS J031946.94+411513.9,239401202201221632,HorBranch*
CRTS J143627.7+504637,1604139090710144640,HorBranch*
2MASS J05395531+4452587,197356942707698176,HorBranch*
2MASS J05212577+3730007,187472955948221824,HorBranch*
2MASS J06475412+1941529,3365709271350134784,HorBranch*
HE 2311-5003,6502865195233088768,HorBranch*
BD+01   563,3268787699318093952,HorBranch*
SDSS J015713.88+005234.8,2507929471123199872,HorBranch*
2MASS J19554441+2946570,2030307804816441216,HorBranch*
2MASS J03544352+4916272,250112889296913792,HorBranch*
TYC 1429-651-1,3981513302768830080,HorBranch*
HE 1452-1559,6306651332301658624,HorBranch*
SDSS J011224.84+060855.8,2576639602010447872,HorBranch*
2MASS J07043834-2153252,2928714082916236544,HorBranch*
2MASS J05182151+2406328,3417390479680696832,HorBranch*
2MASS J14253974+5336574,1608398220798859136,HorBranch*
2MASS J14542924+4628524,1587326698927602176,HorBranch*
2MASS J08444890-1309336,5735150202073524224,HorBranch*
2MASS J07431890+6544342,1095606510370768000,HorBranch*
MGC 31303,3698157126087770368,HorBranch*
SBSS 1224+607,1581560825591466752,HorBranch*
2MASS J00034689+0038092,2546174093310427904,HorBranch*
2MASS J06201583+1600123,3369093331919738112,HorBranch*
HE 1459-1544,6306896970071200384,HorBranch*
2MASS J13011686-0318049,3685091358832151680,HorBranch*
HE 2151-1323,6840747278815373952,HorBranch*
SDSS J101402.80+360105.5,753660593152321024,HorBranch*
SDSS J092937.05+074936.3,586514927146755712,HorBranch*
SDSS J165034.24+322706.3,1314078440015425408,HorBranch*
2MASS J05421662+4434194,197196349586757120,HorBranch*
TYC 3556-670-1,2128174097814836736,HorBranch*
2MASS J20325290+1716461,1812007502022708224,HorBranch*
UCAC4 675-075144,2079899558762155648,HorBranch*
HE 1209-1411,3570040420606756352,HorBranch*
BPS CS 29517-0032,2417678876656380416,HorBranch*
TYC 7993-312-1,6566057220857377664,HorBranch*
HE 0315-1252,5162305399915532544,HorBranch*
SDSS J104421.17+302537.3,735063827141688576,HorBranch*
2MASS J23361824+6637073,2210347263245604480,HorBranch*
2MASS J19052620+4921373,2132045164717799808,HorBranch*
HE 0254-1824,5152481568463262976,HorBranch*
2MASS J19031299+4131521,2103956800156615936,HorBranch*
2MASS J04380257+3555508,174767308812751744,HorBranch*
2MASS J02312925+1234417,26399342902438144,HorBranch*
2MASS J18573038+4011144,2103412477479445248,HorBranch*
2MASS J02381484+5507047,454216366636310144,HorBranch*
SDSS J161414.04+170658.6,1198763241042105600,HorBranch*
HD 102842,3796185154709476608,HorBranch*
2MASS J00262137+6328387,430994749779437056,HorBranch*
TYC 5304-1216-1,3194469685468355840,HorBranch*
HE 1417-1008,6328756532541294592,HorBranch*
SDSS J093310.50+493221.8,825845485725142272,HorBranch*
2MASS J20344308+5430267,2183468537578836480,HorBranch*
TYC  267-1152-1,3812440914433938944,HorBranch*
Cl* NGC 5904     SB  4-133,4421573208084846080,HorBranch*
2MASS J01232319+5738388,413027698989728384,HorBranch*
2MASS J06325806+0005250,3120061301212400128,HorBranch*
2MASS J14535316-0722488,6333317719090322816,HorBranch*
2MASS J23003801+5542052,2008919967158473984,HorBranch*
SDSS J200858.18-123624.2,6880457618722543488,HorBranch*
2MASS J21374403+4153392,1966722738106429568,HorBranch*
HE 1502-1529,6308417354134498560,HorBranch*
2MASS J06300461+0917107,3327197609576291328,HorBranch*
2MASS J06285061+2136102,3376125670852629632,HorBranch*
2MASS J06542568+1650232,3358178750571310080,HorBranch*
2MASS J21453226+4204319,1972580970417588608,HorBranch*
2MASS J20374252+5303420,2183126348944156160,HorBranch*
Cl* NGC 2539    LCM     406,5727497154472278784,HorBranch*
2MASS J05470559+2906165,3443499134899963008,HorBranch*
2MASS J10350466+4025482,780254545316969216,HorBranch*
2MASS J05421584+4719487,209930377864496768,HorBranch*
SDSS J090834.65+123944.0,605828089406919424,HorBranch*
HE 0250-0400,5184759523298533120,HorBranch*
UCAC4 660-070752,2102399376297599488,HorBranch*
2MASS J03335902+3213522,121564586843711488,HorBranch*
2MASS J02180177+6516319,515534790085680896,HorBranch*
SDSS J124439.17-015834.2,3683412743878527232,HorBranch*
Cl* NGC 5139    BPB  228757,6083713530045712512,HorBranch*
2MASS J22452115+5240322,2002032488884786304,HorBranch*
TYC 3544-18-1,2107582856362815872,HorBranch*
2MASS J00140615+6731501,528735732844645760,HorBranch*
SDSS J065036.68+291906.3,888440579615297408,HorBranch*
2MASS J04312056+3519592,173365190968284544,HorBranch*
2MASS J09315004+3803344,799349699333724032,HorBranch*
SDSS J143656.09+583857.4,1617145076315478912,HorBranch*
2MASS J00271210+7033316,530287143751700864,HorBranch*
2MASS J06501069-2440456,2922038191900993408,HorBranch*
2MASS J02084112+1441516,77564467961559936,HorBranch*
BPS CS 22941-0035,6539220753362552192,HorBranch*
2MASS J07142110+0512205,3140597184823614976,HorBranch*
SDSS J130847.83+402601.7,1524148206743822592,HorBranch*
UCAC4 706-062052,2133008439981451520,HorBranch*
2MASS J21143463+4810479,2164920944655560704,HorBranch*
2MASS J05382029+4501160,197399827958763520,HorBranch*
UCAC4 677-075392,2079240435904514816,HorBranch*
2MASS J03471187+7931141,555763206122325504,HorBranch*
2MASS J03252925+5229176,443338382703661440,HorBranch*
2MASS J04270715+3555257,176456605348758400,HorBranch*
HE 1425-0321,3643074174811630976,HorBranch*
2MASS J21093345+4825506,2165359718519107328,HorBranch*
Cl* NGC  288    SAN       4,2342896246129907840,HorBranch*
2MASS J06150094+3245577,3439961048217996416,HorBranch*
2MASS J07070567-2128599,2929061528587370624,HorBranch*
2MASS J14594446+2202035,1262321644556142976,HorBranch*
SDSS J091322.72+254803.0,688707734015992064,HorBranch*
ATO J329.2396-16.9497,6826707172459134208,HorBranch*
HE 2135-0359,2672501313552166272,HorBranch*
TYC 3143-775-1,2077800694139302144,HorBranch*
2MASS J06385116+1452383,3356192036138000128,HorBranch*
HE 0438-4717,4789688777643734912,HorBranch*
2MASS J17101623+4251309,1354419968314920832,HorBranch*
NGC  6397   215,5921750725625698432,HorBranch*
2MASS J19123940+1105018,4312779762331880704,HorBranch*
2MASS J17180315+4348362,1360488241712535296,HorBranch*
2MASS J19310082-0444225,4210113349423219328,HorBranch*
2MASS J06064975+2749312,3430517686445727360,HorBranch*
2MASS J01292258+6208033,510847022265984000,HorBranch*
BPS BS 16081-0013,4020039537371617536,HorBranch*
2MASS J05394256+3117099,3447726246009939712,HorBranch*
2MASS J05291266+1411557,3389817953575060096,HorBranch*
SDSS J204636.66-044853.0,6914346800473848320,HorBranch*
2MASS J10594810+6019342,861534572306854912,HorBranch*
TYC 3547-74-1,2129099508646327296,HorBranch*
SDSS J130734.49+680842.1,1679487419970083200,HorBranch*
SDSS J033553.06-010946.2,3263084532504798592,HorBranch*
2MASS J05585621+2325191,3424769920690228992,HorBranch*
2MASS J06471395-2451389,2922016854503061632,HorBranch*
2MASS J05220710+1643262,3394237273059979008,HorBranch*
2MASS J19191650-0620313,4210981516941928576,HorBranch*
2MASS J04460307+2751180,154750802707725184,HorBranch*
2MASS J14504133+5330571,1606175111366633216,HorBranch*
TYC 3139-659-1,2076474476965490048,HorBranch*
HE 0928-0214,3837824759564539264,HorBranch*
2MASS J06182451-0216459,3117856161923798272,HorBranch*
SDSS J004232.18+001200.1,2543095490816876032,HorBranch*
2MASS J00213236-0031377,2542228392755608960,HorBranch*
2MASS J04550899+4818424,255784410790648448,HorBranch*
NGC  6838  1087,1821608403236183168,HorBranch*
SDSS J123641.29+285046.6,4010708527646611968,HorBranch*
2MASS J04340061+4133305,204109112336197888,HorBranch*
HE 1516-1051,6316041711358873856,HorBranch*
2MASS J07534293-1729339,5717805028195087232,HorBranch*
2MASS J01225614-3740262,5009654668714688384,HorBranch*
EC 19388-5429,6641879817587768704,HorBranch*
2MASS J19134763+4626327,2130388441213242112,HorBranch*
2MASS J00310587+4931353,391561967832603008,HorBranch*
HE 1505-1644,6305802097008403328,HorBranch*
SDSS J121550.94+043134.2,3894054437044131200,HorBranch*
BD+46  2639,2130478364946940288,HorBranch*
BD+28  2398,1268755398190580736,HorBranch*
BPS CS 29506-0045,6829164752746099968,HorBranch*
SDSS J235018.12-010654.0,2641599539254371456,HorBranch*
2MASS J05360858+4514064,209435116596088576,HorBranch*
2MASS J04173843+4320373,229483061862376704,HorBranch*
2MASS J00211272+6740565,528767859201233408,HorBranch*
SDSS J143123.29+310100.6,1284637538712396032,HorBranch*
SDSS J145510.15-014344.5,6340424786158380544,HorBranch*
HD 191466,6471713453837662080,HorBranch*
SDSS J121559.62+231557.9,4001634606075753216,HorBranch*
SDSS J141052.27+461509.2,1506023689569278848,HorBranch*
HE 1233-0412,3680411940423814272,HorBranch*
2MASS J07170759+2947309,886263722688170240,HorBranch*
SDSS J102125.11+024726.6,3856622212215810944,HorBranch*
SDSS J153949.59+355937.2,1374596384641922688,HorBranch*
HE 0111-2451,5040886365220014720,HorBranch*
2MASS J02183731+6516463,515532110026082176,HorBranch*
SDSS J013403.47-011347.2,2485608556150518656,HorBranch*
2MASS J08403881+1129066,601888028143373568,HorBranch*
2MASS J17165161+5636016,1432762473895832320,HorBranch*
HE 1214-0636,3584175570295964416,HorBranch*
2MASS J20165154+2045120,1828686676799022208,HorBranch*
2MASS J06275113+1740368,3369784718575476864,HorBranch*
2MASS J11565410-1719161,3568137475217858176,HorBranch*
2MASS J15173472-0209336,4415086196851319424,HorBranch*
2MASS J01094720-5720352,4910436732288791680,HorBranch*
HE 1229-1037,3578433611337086592,HorBranch*
2MASS J17291493+5629538,1422088896049801600,HorBranch*
HE 1133-2502,3485729319234048768,HorBranch*
SDSS J233237.68+532044.6,1994000689579428992,HorBranch*
2MASS J19194495+5135581,2133274354296178560,HorBranch*
2MASS J20245151+4354279,2069290577224085248,HorBranch*
BPS CS 22874-0048,6223648374887808384,HorBranch*
UCAC2  28309095,3194283558766692864,HorBranch*
HE 2247-1845,2402966822665119232,HorBranch*
2MASS J06441502+0955336,3350702625555643008,HorBranch*
BD+00   568,3267699152742275584,HorBranch*
SDSS J014505.56-095454.3,2464324897254958976,HorBranch*
2MASS J21115894+0926175,1743813694918800512,HorBranch*
2MASS J16114283+3843494,1379007797090606848,HorBranch*
2MASS J04165134-0607318,3202381698125904896,HorBranch*
SDSS J162704.64+163544.6,4466594189149212160,HorBranch*
2MASS J17305832-1724524,4124271281252148992,HorBranch*
SDSS J132125.27+380322.4,1476338250009347840,HorBranch*
HE 2225-5049,6510992682106887808,HorBranch*
UCAC4 668-075255,2126076126549995520,HorBranch*
2MASS J19205168-1303142,4185797203102998400,HorBranch*
2MASS J04485218+3923033,199752022629901824,HorBranch*
2MASS J00243656+5519528,421186590661288832,HorBranch*
2MASS J19165677+2740128,2036449401869788800,HorBranch*
2MASS J22385765+6222501,2202155218727486080,HorBranch*
TYC 4461-1973-1,2222116165129521664,HorBranch*
SDSS J125314.28+463649.2,1531000638085813632,HorBranch*
HE 1341-0905,3617348626378771328,HorBranch*
2MASS J00183263+5921186,428250815432259200,HorBranch*
SDSS J154315.80+385803.4,1377185940683073664,HorBranch*
2MASS J07142788-2252582,2927939820571143296,HorBranch*
SDSS J145008.92+401711.8,1488677587970561536,HorBranch*
SDSS J234007.05+075924.9,2758040328896385408,HorBranch*
2MASS J23073300+4603108,1935385144882081664,HorBranch*
2MASS J02072510+1336203,76823427188641024,HorBranch*
2MASS J06351507+0530422,3131755535089189888,HorBranch*
SDSS J091024.60+060743.1,580747404542786048,HorBranch*
2MASS J19463818+2510440,2020883748882465024,HorBranch*
2MASS J03070895+6520590,468070247504658304,HorBranch*
HE 1323-2214,6195891891038401920,HorBranch*
Case A-F  133,1513227822896979584,HorBranch*
2MASS J07370185+3732446,899066264282818816,HorBranch*
SDSS J160816.70+454820.5,1386461695653119616,HorBranch*
2MASS J04291200-0515159,3199754586890312704,HorBranch*
SDSS J234230.35+470553.3,1939247797950280448,HorBranch*
HE 1238-2551,3496836654416448128,HorBranch*
2MASS J16064785+2909381,1317241318354736000,HorBranch*
Cl* NGC 6656    MPF  3-113,4077604949769757568,HorBranch*
HE 2328-0945,2437437306765345024,HorBranch*
SDSS J040743.33+160126.1,45472712844913536,HorBranch*
2MASS J16115777+2329181,1206607603671473280,HorBranch*
2MASS J19305969+2455301,2024379405579002368,HorBranch*
2MASS J07523466+6522242,1094867604196916224,HorBranch*
2MASS J20045856+0845497,4299144757297743104,HorBranch*
SDSS J153147.96+411653.6,1390636472584086912,HorBranch*
2MASS J03472476-1344517,5113982825949519872,HorBranch*
2MASS J04562095+4839051,256168105989709568,HorBranch*
2MASS J07370414+1728591,3169309732689819392,HorBranch*
2MASS J09500809+3851594,800379804290817152,HorBranch*
2MASS J04552695+4851327,256231190469317248,HorBranch*
2MASS J05395992+3140436,3447771630928332288,HorBranch*
2MASS J03394029+4710078,248159228933278336,HorBranch*
2MASS J21161112+6734025,2222267657215161984,HorBranch*
UCAC4 689-071031,2080591151576038144,HorBranch*
SDSS J145015.78+040743.1,1157890128933824128,HorBranch*
2MASS J05275242+2657327,3442181030913504896,HorBranch*
SDSS J134914.18+011248.4,3664042686186897152,HorBranch*
[GLC2012] 35868,4819197672572685952,HorBranch*
2MASS J06373272+1709349,3358908899310982912,HorBranch*
UCAC4 690-069434,2128651973056374656,HorBranch*
2MASS J20150832+1936035,1828464751558154624,HorBranch*
SDSS J160926.83+073322.2,4450531909112960000,HorBranch*
[AG92] 13892,2537857589220635776,HorBranch*
SDSS J145533.26+390314.8,1296344829287186432,HorBranch*
TYC 3144-1579-1,2077018151105094144,HorBranch*
TYC 2666-297-1,2051714437178350464,HorBranch*
TYC 2570-423-1,1387266808746094336,HorBranch*
SDSS J072815.42+154016.6,3168618895789863296,HorBranch*
2MASS J06510716-0538526,3101869258557736064,HorBranch*
2MASS J04321052+3513397,174814450373089920,HorBranch*
TYC 3560-2382-1,2128841157774523008,HorBranch*
2MASS J23104676+5455409,1996683845848160768,HorBranch*
SDSS J123530.49+010107.2,3697106065986825088,HorBranch*
TYC 3129-1967-1,2102511496421074688,HorBranch*
2MASS J06091402+1832556,3373598683892747904,HorBranch*
2MASS J23170481+6405011,2207793411275144704,HorBranch*
UCAC4 671-076762,2079614785250730496,HorBranch*
2MASS J23294116+6007470,2012112811481633024,HorBranch*
HE 1400-0419,3644747631509221760,HorBranch*
SDSS J025404.74+010317.2,2498368422950694400,HorBranch*
2MASS J14044997+0320333,3670552340483552128,HorBranch*
2MASS J16480959+3701038,1351438608176046336,HorBranch*
2MASS J05062619+4015542,200656753200884480,HorBranch*
2MASS J00312090+6129488,430212550337690240,HorBranch*
UCAC4 688-073468,2086402719060357376,HorBranch*
2MASS J19503339+1939049,1824729092118662144,HorBranch*
2MASS J03153595+3906525,235805837835290880,HorBranch*
2MASS J13062910+6500571,1677958033655453184,HorBranch*
2MASS J17194651+4245083,1360139456004235648,HorBranch*
SDSS J002616.11-084619.5,2429842224038282752,HorBranch*
2MASS J07092469-1653043,2935026757125909888,HorBranch*
2MASS J04411115+3900193,202670508745319424,HorBranch*
2MASS J03123800+5708056,460099509754343168,HorBranch*
SDSS J092650.19-004409.8,3840518631772006528,HorBranch*
2MASS J06124012+1526002,3345822786793290880,HorBranch*
2MASS J15163603-0046328,4418625215543685760,HorBranch*
2MASS J05013831+4941030,256362101071763840,HorBranch*
SDSS J122755.10+363955.1,1519374436493545984,HorBranch*
Cl* NGC  104    TUC     735,4689641637666756736,HorBranch*
SDSS J105552.14+474850.6,831457844047925504,HorBranch*
2MASS J06410154+1450467,3356202657597286400,HorBranch*
2MASS J00000887-4003454,2306268593228962560,HorBranch*
[SS59]  II 190,1521577655932783744,HorBranch*
2MASS J03094257+5207529,440138357190370688,HorBranch*
HE 2259-1403,2411210106152172672,HorBranch*
TYC 3895-34-1,1420733331355696512,HorBranch*
2MASS J15273464+3555066,1375163767001396608,HorBranch*
2MASS J06382536-0133552,3106904613796525056,HorBranch*
2MASS J09232150-0749142,5744818139096427776,HorBranch*
2MASS J12492812+1322503,3929033372258380160,HorBranch*
2MASS J00385853+5903259,425370026246596096,HorBranch*
2MASS J07185766+0623374,3141148937801144448,HorBranch*
2MASS J09024828+0349049,578404139105529600,HorBranch*
HE 2202-1034,2614193833973993344,HorBranch*
2MASS J07285716-0731264,3053990410555781120,HorBranch*
2MASS J20222658+1727551,1809219651633613312,HorBranch*
2MASS J13535704+2456147,1258017125252763008,HorBranch*
2MASS J07302945-0941488,3041426188103829248,HorBranch*
2MASS J14160747+4605466,1505311923293117952,HorBranch*
SDSS J123815.45-002331.4,3695867530561859968,HorBranch*
2MASS J06174162+1649096,3370035506009753216,HorBranch*
2MASS J21300185+5715283,2178798598154155392,HorBranch*
GSC 03547-00902,2127818715038616832,HorBranch*
2MASS J08155882+3031194,900760852218762112,HorBranch*
2MASS J04545647+3453502,162035135962436864,HorBranch*
2MASS J19211756+4546244,2127472334516756608,HorBranch*
2MASS J07183268-0255555,3060161934960407808,HorBranch*
2MASS J16490534-1920136,4130592201737909632,HorBranch*
2MASS J23261673+5807303,2009449691240478336,HorBranch*
HE 2358-4325,4995621945405432448,HorBranch*
HE 2216-1319,2600509209175243904,HorBranch*
2MASS J19184233+2707332,2024365906523326464,HorBranch*
KUV 12568+3043,1464647211589997440,HorBranch*
HE 1325-0031,3638842841751034368,HorBranch*
SDSS J224657.66+004947.2,2653718420839475712,HorBranch*
2MASS J04400348+4051038,203158313950757632,HorBranch*
UCAC4 302-057283,5633145995807169664,HorBranch*
2MASS J16323886-0115453,4359096728304184576,HorBranch*
2MASS J10551463+2506014,3996234320355668992,HorBranch*
TYC 3011-969-1,780969129091389312,HorBranch*
NGC  1817   127,3394744663316152192,HorBranch*
2MASS J05584629+3217160,3450280033562968320,HorBranch*
2MASS J06132606+0816002,3328380168691371392,HorBranch*
2MASS J20342087+5251356,2181655236749666304,HorBranch*
2MASS J21523407+5310503,2173561521193747584,HorBranch*
2MASS J04230687+5614348,276669290563414784,HorBranch*
2MASS J07492676+0949508,3148833458927252736,HorBranch*
SDSS J224515.53-091815.7,2608545775885547776,HorBranch*
HE 1257-2655,6187164483133463552,HorBranch*
SDSS J072652.49+402518.6,900549295014076672,HorBranch*
HE 2314-5116,6502641375896734464,HorBranch*
TYC 2954-979-1,952198853728183040,HorBranch*
SDSS J115147.78+363354.8,4032553796466924544,HorBranch*
2MASS J17132628+6042577,1437560845718813696,HorBranch*
TYC 1444-1892-1,3950215876083686912,HorBranch*
2MASS J06572957-0828179,3050844707786851712,HorBranch*
SDSS J143712.11+534221.6,1606745998419774976,HorBranch*
2MASS J04045917+5130050,250754316893435648,HorBranch*
SDSS J065457.60+275708.0,887294102522076544,HorBranch*
SDSS J083751.82+122520.0,602947987416819072,HorBranch*
2MASS J06013812+3152296,3450217258321395712,HorBranch*
*  75 Cet,2500064286492779264,HorBranch*
SDSS J234203.01+075737.1,2757288847058740992,HorBranch*
HE 1154-2012,3494635947534251904,HorBranch*
2MASS J01174759+5910352,414012139854609024,HorBranch*
2MASS J08045780+7923125,1138976609086745088,HorBranch*
2MASS J05570701+2429150,3427976268397396096,HorBranch*
SDSS J124000.03+230259.4,3955829909439873536,HorBranch*
TYC 3554-560-1,2132984083225980800,HorBranch*
ATO J356.0783-00.4476,2642553911051255680,HorBranch*
2MASS J13082193+5148161,1557711662471484288,HorBranch*
2MASS J05444465+1918429,3399306433981513984,HorBranch*
UCAC4 660-071988,2102620726029944832,HorBranch*
2MASS J06420499+0100502,3125808036175146496,HorBranch*
2MASS J13152324+4856533,1556052430705851904,HorBranch*
SDSS J032221.69+410948.9,236405793227317632,HorBranch*
BD+18  2890,1235563517265388928,HorBranch*
HE 1501-1433,6308546576815225728,HorBranch*
TYC 8907-1489-1,5283728420344473856,HorBranch*
BPS CS 22874-0135,6222825252995408640,HorBranch*
HE 0438-0821,3186161019694849280,HorBranch*
2MASS J05511585+0248322,3316193284884759552,HorBranch*
SDSS J113608.22+282527.2,4019218236545130880,HorBranch*
2MASS J05582772+1758333,3350433137830915072,HorBranch*
HE 1112-2432,3533067177460429440,HorBranch*
UCAC4 278-014177,5579550546328507392,HorBranch*
2MASS J07324521-1310520,3033421880896971136,HorBranch*
2MASS J11174791+4706117,788583040967458048,HorBranch*
2MASS J05250016+1605280,3391140807797818880,HorBranch*
2MASS J18515873+4518234,2107003001418494976,HorBranch*
SDSS J112700.95+422912.3,771881940365781888,HorBranch*
2MASS J17130680+4239328,1354378599189809280,HorBranch*
SDSS J160718.26+174138.3,1199753523062035200,HorBranch*
2MASS J02225557+6000432,459354178314251136,HorBranch*
TYC  910-949-1,1175703699067689344,HorBranch*
2MASS J07133025-2233036,2928010670354136192,HorBranch*
TYC 3143-1732-1,2053615900797187968,HorBranch*
SDSS J213500.59+001136.2,2687346056262236416,HorBranch*
HE 2124-0544,2671833806914678400,HorBranch*
2MASS J05583424+1811558,3350440593893615232,HorBranch*
TYC 4808-2769-1,3100441061676246016,HorBranch*
2MASS J06114691+1147538,3330393649359388544,HorBranch*
TYC 3555-271-1,2136133359406139904,HorBranch*
SDSS J023946.23+002915.0,2501793745268200320,HorBranch*
2MASS J01584909-5132401,4937283507704206976,HorBranch*
2MASS J00341782+6612563,527620828057407360,HorBranch*
HE 1528-0402,4401798667549696512,HorBranch*
2MASS J19513885+1847380,1821646095872895232,HorBranch*
2MASS J05352221+5330337,264641561066622976,HorBranch*
SDSS J165413.67+410052.3,1353240604655150720,HorBranch*
UCAC4 240-178291,6679718818766952192,HorBranch*
SDSS J160030.55+070458.2,4451006039142150656,HorBranch*
2MASS J17563632+7303113,1651599986862851712,HorBranch*
2MASS J03302343-6111308,4722636847729325696,HorBranch*
2MASS J02003093+5704126,505263530418886144,HorBranch*
2MASS J17245725+5356058,1419351902370635776,HorBranch*
SDSS J102016.37+035152.9,3859854329725008384,HorBranch*
2MASS J02300944-5559000,4739694739842138112,HorBranch*
TYC 3568-910-1,2135577178322518912,HorBranch*
HE 1357-0805,3616192489902092032,HorBranch*
TYC 3544-1480-1,2131640170778613888,HorBranch*
2MASS J00143617+7332138,537911427958624000,HorBranch*
Cl* NGC 2808    PKD   37456,5248755498093776640,HorBranch*
SDSS J080907.19+073347.5,3097800721937809024,HorBranch*
2MASS J07244548+2439108,869992526848545280,HorBranch*
2MASS J04502914+3951254,200141185325703424,HorBranch*
2MASS J02185293-5536569,4742500487358316032,HorBranch*
HE 1301-1902,3509118474176616192,HorBranch*
2MASS J06272659+0018222,3120315047881703424,HorBranch*
2MASS J07192404+0641030,3141181304674535296,HorBranch*
SDSS J092520.97+222838.4,638237779478524416,HorBranch*
TYC 2469-1109-1,900798510491953920,HorBranch*
2MASS J06390337+4937099,967900085931216384,HorBranch*
2MASS J05234351+3427538,182787039249321344,HorBranch*
TYC  221-776-1,581651276117182976,HorBranch*
NGC  6656  3072,4077493551112440320,HorBranch*
2MASS J17125696+4304261,1354437629220465792,HorBranch*
2MASS J07042735+0328520,3116242147575740416,HorBranch*
HE 2214-0518,2626149957774136320,HorBranch*
SDSS J121004.63+293156.2,4013230433659375744,HorBranch*
SDSS J100501.73+312119.2,745684800228276480,HorBranch*
BPS BS 16551-0143,6316679187584770304,HorBranch*
HE 2326-3639,6551330259034605568,HorBranch*
2MASS J19522655+1754206,1821269238258982144,HorBranch*
2MASS J18171476-1102586,4153987880730028416,HorBranch*
HE 1011-0043,3831446904928502528,HorBranch*
UCAC4 653-071567,2101312543410032768,HorBranch*
2MASS J22131104+6334185,2205876477169584512,HorBranch*
HE 2353-1852,2390214210065438208,HorBranch*
2MASS J01103772-0940133,2471665481696049920,HorBranch*
SDSS J141817.34+084914.7,3674649842363258624,HorBranch*
UCAC2  26441954,5733944926874474624,HorBranch*
Cl* NGC 7089    SAN      14,2686834615855414912,HorBranch*
SDSS J101556.36+390905.2,802476877905836800,HorBranch*
2MASS J01144794-5732464,4910266857742720256,HorBranch*
2MASS J19172669+2640181,2024324674835572608,HorBranch*
SDSS J095312.23+532847.4,1020670944644002048,HorBranch*
TYC 3162-1075-1,2082075973312191232,HorBranch*
2MASS J02065480+5432223,456416936078582912,HorBranch*
SDSS J122658.28+271128.0,4009090566222424192,HorBranch*
TYC 2027-13-1,1268430153203141504,HorBranch*
2MASS J06525457+1706408,3358248367698351232,HorBranch*
SDSS J020139.93+054247.4,2519498120153853312,HorBranch*
Cl* Terzan    8    MBF    1263,6741751173155461120,HorBranch*
2MASS J06172722+3142047,3439635008660204928,HorBranch*
TYC 3143-2167-1,2077772106842155648,HorBranch*
SDSS J010338.06-091818.7,2473307945909287424,HorBranch*
2MASS J16273655+2510535,1302380220411793024,HorBranch*
HE 0206-1051,2461787018259092352,HorBranch*
KUV 01080-2641,5034608978459305600,HorBranch*
SDSS J222621.20-011332.6,2629901865110264320,HorBranch*
2MASS J06354737+0632584,3132158815339558912,HorBranch*
SDSS J133934.07+472647.9,1552115354444717824,HorBranch*
2MASS J17312355+3522570,1336010570253455488,HorBranch*
HE 1418-2142,6276565116456824704,HorBranch*
2MASS J04490198+5308497,273039184205412864,HorBranch*
2MASS J05521356+1140589,3343089057289853184,HorBranch*
SDSS J125608.98+200733.7,3942420888399138944,HorBranch*
Cl* NGC 1851    PML      11,4819197092752882944,HorBranch*
SDSS J161520.99+192015.5,1201508309260020480,HorBranch*
UCAC4 640-068634,2052566520030565760,HorBranch*
SDSS J113310.23+010002.6,3799140057849178368,HorBranch*
2MASS J23404317+5643350,1997874960540080384,HorBranch*
2MASS J15162233+0148097,4421491814157164544,HorBranch*
UCAC4 655-078719,2076751858826757888,HorBranch*
2MASS J11382101-2514223,3485704923819976832,HorBranch*
2MASS J06481790+2042508,3377898255394281216,HorBranch*
TYC 3627-1346-1,1942288291198692096,HorBranch*
2MASS J20172267+1959576,1816496395692742784,HorBranch*
2MASS J17480466+4711237,1362977639112523648,HorBranch*
2MASS J02141536+6542312,515606636299751040,HorBranch*
HE 1302-1231,3621310476011541888,HorBranch*
UCAC4 499-029501,3326834908176506880,HorBranch*
2MASS J16030873+2826556,1317096771232489728,HorBranch*
UCAC4 445-053295,3791661317195883392,HorBranch*
2MASS J19142455-0632173,4205157335133496960,HorBranch*
BD+03  2843,3670725002464527104,HorBranch*
SBSS 1434+592A,1617171876911359104,HorBranch*
ATO J048.7630+41.1384,239354958290516736,HorBranch*
2MASS J06192439+3345588,3440476616091374336,HorBranch*
2MASS J05053499+3534472,185572553177384832,HorBranch*
2MASS J03511989+3940299,224027800559621376,HorBranch*
2MASS J05133255+2420578,3418971474322092672,HorBranch*
2MASS J21041194+4123595,1969304460131144192,HorBranch*
2MASS J05234445+4502130,208480156388643584,HorBranch*
HE 1500-0926,6320012494522954624,HorBranch*
2MASS J03331511+4611337,248000761819566336,HorBranch*
2MASS J22010383+3826273,1955819877724533760,HorBranch*
2MASS J03375202-0524407,3247737278622190336,HorBranch*
UCAC4 694-065805,2129526978151776384,HorBranch*
2MASS J16342205+3908159,1331869843822210944,HorBranch*
UCAC4 270-058532,5398253585851636992,HorBranch*
HE 1513-0504,6334975262932953600,HorBranch*
2MASS J07381753-1212008,3033909411220478592,HorBranch*
SDSS J155021.31+084936.5,4455217542336182400,HorBranch*
TYC 3543-1293-1,2127683509469757952,HorBranch*
2MASS J05340001+5320479,264615688182779648,HorBranch*
2MASS J23365216+6624351,2210328983864617728,HorBranch*
2MASS J06581556+0740044,3157067667148346624,HorBranch*
SDSS J143154.04+021929.5,3655937189546295936,HorBranch*
SDSS J155224.54-002222.3,4410309712185615104,HorBranch*
2MASS J11532011+2504377,4004758005077476096,HorBranch*
GPM 241.090943+20.977474,1205107972890091392,HorBranch*
2MASS J18500757-2836033,4071442599357656576,HorBranch*
2MASS J11573866-1653078,3568178294587058048,HorBranch*
SDSS J101813.53+401304.9,804221394843537792,HorBranch*
UCAC4 661-083279,2075431620240704000,HorBranch*
HE 2353-5542,6497075952978381568,HorBranch*
2MASS J06464388+0258297,3127235889464784512,HorBranch*
2MASS J05332077+2344325,3416580139610452608,HorBranch*
2MASS J06215750+1545352,3369025123541582208,HorBranch*
2MASS J07015652-1654156,2935643514425017600,HorBranch*
HE 2241-1134,2607725991183166720,HorBranch*
NGC  6838  1062,1821620532225054976,HorBranch*
2MASS J23344727+5728597,1998804906856509440,HorBranch*
PB  3830,3950026897522157056,HorBranch*
[MDL2011] 71099,6083696590712688768,HorBranch*
2MASS J21032787+3009094,1852448325664532096,HorBranch*
2MASS J21163114+4902445,2165810239097425408,HorBranch*
2MASS J01531667-5913517,4717732304314761216,HorBranch*
2MASS J15053082+4831440,1589089731463046016,HorBranch*
UCAC4 688-069435,2129221412701321344,HorBranch*
2MASS J05592390+1402076,3343893517548096640,HorBranch*
2MASS J05435197+4702128,209855434977185408,HorBranch*
2MASS J16374351+0027584,4383594603285520128,HorBranch*
2MASS J14332538+5232136,1605182424165511424,HorBranch*
SDSS J145950.24+003438.5,1153003452583299840,HorBranch*
HE 1324-1926,3506772872277017600,HorBranch*
UCAC4 684-063195,2107499396559132160,HorBranch*
2MASS J19595091+2249104,1827259102718847488,HorBranch*
2MASS J06543315-0848256,3050728743669034752,HorBranch*
TYC 1846-1076-1,3415909437517463296,HorBranch*
TYC 3126-897-1,2104657326502290688,HorBranch*
2MASS J13080412+0327146,3692523885637221248,HorBranch*
HE 0316-3305,5054385756670082048,HorBranch*
HE 2255-4924,6514908798926212736,HorBranch*
2MASS J07122857+0551070,3152704495772522112,HorBranch*
2MASS J05222735+1544478,3391014394024941824,HorBranch*
2MASS J15161004+8535584,1727356136155051648,HorBranch*
2MASS J07335726-1903306,5716687890022097408,HorBranch*
HE 1511-1013,6318825159404289920,HorBranch*
BD+02  2766,3664417546637318016,HorBranch*
2MASS J07152568+3013265,886347659231740416,HorBranch*
2MASS J16252855-1315299,4330583127621344384,HorBranch*
SDSS J142058.59-014339.9,3646708404338808320,HorBranch*
NGC  1817    22,3394745522309372672,HorBranch*
2MASS J06280123+1815181,3372070598953277184,HorBranch*
NGC  5904   540,4421478100328622464,HorBranch*
TYC 3162-230-1,2076124969709455232,HorBranch*
TYC 3143-98-1,2077511110271322240,HorBranch*
HE 1425-0719,6331235205411871872,HorBranch*
SDSS J130351.84+603452.5,1579317615712277760,HorBranch*
HE 1253-1349,3525780404664414848,HorBranch*
2MASS J17201704+4422488,1360610940333801472,HorBranch*
2MASS J05402035+4624329,209555650557638912,HorBranch*
SDSS J004201.34+244150.1,2806553011001385088,HorBranch*
2MASS J06491825-0319215,3105442641288016000,HorBranch*
TYC 5502-1745-1,3757551992601128448,HorBranch*
TYC 3138-358-1,2101157757092017920,HorBranch*
2MASS J00114140+7432324,538093985545625216,HorBranch*
2QZ J010619.5-291140,5032871818807108736,HorBranch*
SDSS J132035.90+261111.5,1447609591722204928,HorBranch*
SDSS J140526.87+644900.7,1671015438064229760,HorBranch*
SDSS J131309.17+161315.7,3936742215782701696,HorBranch*
TYC 4441-280-1,2267375018664402816,HorBranch*
ATO J331.7111-19.5174,6823702958799841536,HorBranch*
SDSS J083451.44+225410.2,666258519778966272,HorBranch*
2MASS J04141968-1143371,3189545350845220352,HorBranch*
2MASS J19065686+4214084,2105447703562471296,HorBranch*
Ton S 203,5030482923637041920,HorBranch*
BD+45  2800,2107205380278232320,HorBranch*
SDSS J105432.13+461812.2,831083563422261760,HorBranch*
SDSS J142133.21+550413.2,1608852147302188928,HorBranch*
2MASS J19414001+3912281,2076188225987482112,HorBranch*
2MASS J18040165-2623164,4063336479916221568,HorBranch*
SDSS J174524.68+250053.3,4581557789218155776,HorBranch*
HE 1334-0149,3637653823004745728,HorBranch*
2MASS J18161753+0630542,4477784026371383808,HorBranch*
2MASS J18184830-3358397,4044638292628180480,HorBranch*
2MASS J05425366+4443132,197245861969717120,HorBranch*
2MASS J05290264+3409565,182571225734530560,HorBranch*
HE 1306-1655,3511471360340549248,HorBranch*
TYC 8728-2561-1,5921614759823693440,HorBranch*
2MASS J05561427+2230207,3424322075860316160,HorBranch*
HE 0418+0005,3254807241468289664,HorBranch*
SDSS J173256.81+074729.7,4487189970379711232,HorBranch*
2MASS J05282463+3527524,183266258820855680,HorBranch*
UCAC4 659-073111,2101712151469369088,HorBranch*
SDSS J113638.40+260042.6,4017544122717346048,HorBranch*
HE 1001-0658,3773112899632491392,HorBranch*
SDSS J124254.09-022645.1,3683013792956075008,HorBranch*
2MASS J00012497+6229535,429947808553894784,HorBranch*
2MASS J05205952+2455519,3417542074846732160,HorBranch*
[TGC2005] 309,3796726904704149504,HorBranch*
2MASS J00094915+5831449,422901966240941952,HorBranch*
HE 1252-1006,3625892244043441024,HorBranch*
TYC 8243-2837-1,6078845682818532608,HorBranch*
2MASS J13431236-0027022,3661913241401554304,HorBranch*
NGC  5272   191,1454797752072622720,HorBranch*
BPS CS 22879-0037,6682195404285621248,HorBranch*
2MASS J06495274+2703465,3385149775097233152,HorBranch*
2MASS J09294655-0644077,5745365111771398528,HorBranch*
2MASS J07304347-1840087,3026533303108492288,HorBranch*
HE 0919-0543,5746361853421645952,HorBranch*
BPS CS 22943-0034,6673416388052229248,HorBranch*
2MASS J02155775+6505498,515433218402014592,HorBranch*
SDSS J152518.22-002411.6,4417193818906996992,HorBranch*
2MASS J18561953-0433534,4255346123973143680,HorBranch*
SDSS J084751.81+113152.2,598937518754380800,HorBranch*
2MASS J21285554+1313184,1770285983545516928,HorBranch*
HE 0303-1520,5155552886692550144,HorBranch*
UCAC4 115-019725,5272091326715412480,HorBranch*
2MASS J17334141-2108398,4118279419552665600,HorBranch*
BPS CS 22959-0010,6433297376558066432,HorBranch*
SDSS J080617.37+210051.9,670739613778477312,HorBranch*
2MASS J07021375+0016588,3112986218768348032,HorBranch*
UCAC4 666-077571,2078201775369554304,HorBranch*
HE 1453-0617,6333660693703196544,HorBranch*
2MASS J16145281+6603246,1642253936164888448,HorBranch*
2MASS J18165140-3410128,4045358777602578176,HorBranch*
2MASS J07093096-1539128,2936011747743825792,HorBranch*
SDSS J075104.86+363654.1,918837682373309952,HorBranch*
SDSS J173050.28+075341.7,4487232507736195200,HorBranch*
HE 2148+0025,2681295890450760960,HorBranch*
2MASS J06144238+1523290,3345766196304085888,HorBranch*
SDSS J144648.13+031226.4,1157716234297643776,HorBranch*
HE 1148+0154,3796431960709947520,HorBranch*
SDSS J164906.31+202035.0,4564698152793383552,HorBranch*
SDSS J093213.16+435105.6,815002102051985536,HorBranch*
SDSS J120828.61+394319.7,1536015991656434688,HorBranch*
2MASS J18231000-0752209,4159549730249464192,HorBranch*
TYC 5225-585-1,2676043557764508160,HorBranch*
2MASS J06173095+0721076,3325213506484397440,HorBranch*
2MASS J15013360+2102510,1261277383387903104,HorBranch*
2MASS J21540851+3911057,1953136725754356480,HorBranch*
2MASS J00371535+8353474,573404144338086400,HorBranch*
2MASS J14522938-0751256,6333275697130371072,HorBranch*
SDSS J202310.84+130257.0,1804004049504695552,HorBranch*
NGC  6838  1050,1821609159150417152,HorBranch*
2MASS J06303172+1632315,3369402741365181312,HorBranch*
SDSS J130218.25+060414.2,3729358001908633216,HorBranch*
2MASS J19482825+2349026,2020466278055452928,HorBranch*
SDSS J141906.98+073700.4,3673746116820219776,HorBranch*
HE 2148-0141,2673992148240332160,HorBranch*
TYC 1373-1510-1,865454292604141824,HorBranch*
BPS CS 22880-0064,6855206994889038336,HorBranch*
SDSS J124721.33+384157.9,1520892003058282240,HorBranch*
SDSS J134529.45+514008.1,1559077698293325056,HorBranch*
HE 0153-3413,5017263460977296000,HorBranch*
SDSS J025049.02-010547.9,2497474215054819200,HorBranch*
2MASS J05410784+2455381,3428764412074407040,HorBranch*
SDSS J161138.27+053701.2,4437698439454929536,HorBranch*
TYC 3783-460-1,984687914796199936,HorBranch*
UCAC2  22860405,2928213560298085376,HorBranch*
SDSS J124157.33+280233.1,3962887610154508416,HorBranch*
HE 1422-1905,6284216136839036672,HorBranch*
SDSS J143036.60+545356.0,1610077823593268608,HorBranch*
2MASS J06034418+2950096,3437694778657865344,HorBranch*
2MASS J19394853+4850333,2134784735379008512,HorBranch*
2MASS J19100669+4154193,2102442669564269184,HorBranch*
UCAC4 287-064787,3466318059921221376,HorBranch*
2MASS J04122281-0933075,3192258601945131648,HorBranch*
TYC 3120-1371-1,2100234510918046592,HorBranch*
2MASS J02334033+6113116,465475434423843712,HorBranch*
SDSS J030429.63-005408.3,3266258856933600128,HorBranch*
2MASS J10430599+3201521,736246321832589824,HorBranch*
2MASS J21545725+3950487,1959194863024105216,HorBranch*
BD+36  1900,715461772496224640,HorBranch*
UCAC4 654-071923,2101513930141130112,HorBranch*
HE 0400-1832,5094679181335540992,HorBranch*
2MASS J05221286+1602434,3391058202690750464,HorBranch*
2MASS J16165455+5211176,1424785134783633664,HorBranch*
2MASS J01113703-0037492,2534479687636824192,HorBranch*
2MASS J09575525+4614439,822213218999463936,HorBranch*
TYC 3547-1275-1,2129321197678748032,HorBranch*
2MASS J00364652+5201209,416111004466644864,HorBranch*
2MASS J19311617-0638463,4208094199398656000,HorBranch*
2MASS J05031565+3550084,186341932140609920,HorBranch*
SDSS J080053.63+091415.4,3147039296468608128,HorBranch*
2MASS J01221860-1711483,2451381862985170560,HorBranch*
2MASS J03003875+6654595,540459069416883712,HorBranch*
ATO J187.4838-25.5838,3499707715499662720,HorBranch*
2MASS J05585822+2947129,3443743196420621568,HorBranch*
2MASS J06511201+0243071,3126499040577887232,HorBranch*
2MASS J06360346+0435365,3130877300174939392,HorBranch*
2MASS J16502999-1915018,4130619517730768896,HorBranch*
2MASS J06280711+1802500,3369811789754263040,HorBranch*
CD-32  3060,2892316537173997184,HorBranch*
SDSS J172847.12+315732.9,4600143006059047296,HorBranch*
TYC 3565-25-1,2135361399168075776,HorBranch*
2MASS J19161300+2638340,2024321578144853120,HorBranch*
TYC 3474-1120-1,1590033078080798592,HorBranch*
HE 1121-0647,3783788813941165184,HorBranch*
SDSS J132644.36-015821.7,3638060058191504128,HorBranch*
2MASS J20412519+4231275,2066527225322761344,HorBranch*
2MASS J00384396+5810491,424945889636437888,HorBranch*
2MASS J06404555+0200462,3126693482335751168,HorBranch*
2MASS J06312615+0823198,3326247837687299584,HorBranch*
SDSS J153455.88+492909.1,1402663755402322048,HorBranch*
2MASS J10232344+1552248,3888500769452080896,HorBranch*
2MASS J04382921+3700494,175391934497082496,HorBranch*
HE 0223-2701,5118372351243440896,HorBranch*
2MASS J03405846+0034008,3263892574767886336,HorBranch*
2MASS J18150835+0133004,4275864277901159168,HorBranch*
TYC 2507-299-1,799420682256524800,HorBranch*
TYC 3556-3340-1,2080473503831416192,HorBranch*
2MASS J02075641+6418243,515065607864849152,HorBranch*
SDSS J075328.20+200924.6,673345151395981184,HorBranch*
HE 1520+0028,4420297126052850304,HorBranch*
2MASS J03085641+5858588,462745450128366208,HorBranch*
UCAC4 658-076941,2077449808192234496,HorBranch*
SDSS J161709.77+051421.9,4437810215982044544,HorBranch*
HE 2146-0539,2669598431056171136,HorBranch*
UCAC4 665-076321,2125845224808949248,HorBranch*
2MASS J18550169+1355553,4506371049513846400,HorBranch*
2MASS J04393063+2813099,157918461347917696,HorBranch*
2MASS J05433151+2824065,3441869456805486080,HorBranch*
SDSS J125038.56+091808.9,3734741936688435968,HorBranch*
HE 0120-0921,2471286734299245952,HorBranch*
2MASS J05423876+2437023,3428694180769586048,HorBranch*
HE 2317-1849,2393087680625468032,HorBranch*
2MASS J04023331+5251080,251836305055146752,HorBranch*
SDSS J164148.45+133201.8,4461251425929246848,HorBranch*
HE 1451-0112,6340495983831258496,HorBranch*
HE 1345-0622,3620233263853768064,HorBranch*
2MASS J00284241+5549411,421281904575072896,HorBranch*
TYC  493-332-1,4296556438211946112,HorBranch*
TYC 2562-855-1,1276727136666822400,HorBranch*
2MASS J20112770+5557059,2186266691587189504,HorBranch*
2MASS J17244431+2724545,4574172713210224384,HorBranch*
TYC 3129-2446-1,2102124743207232128,HorBranch*
TYC 3141-2223-1,2073506620214631808,HorBranch*
SDSS J025043.41+005405.6,2499098331167991936,HorBranch*
2MASS J19055085+4543347,2106461560661825664,HorBranch*
CRTS J012959.4-143656,2452207802376100480,HorBranch*
2MASS J14112868+6607270,1671554958971701632,HorBranch*
HE 2309-4452,6541490695118330752,HorBranch*
HE 2243-1344,2597441365575853184,HorBranch*
[TGC2005] 311,3545439225893258880,HorBranch*
TYC 3131-1339-1,2105983444903428480,HorBranch*
2MASS J22354696+6151510,2201926898263428352,HorBranch*
SDSS J160826.41+065542.2,4450097219764462848,HorBranch*
2MASS J23394237+5733243,1998723508639140224,HorBranch*
UCAC4 654-082052,2075048131204021760,HorBranch*
2MASS J05175748+3911136,187876785952766848,HorBranch*
2MASS J04362998+5136240,272490184304840320,HorBranch*
HE 1454-0755,6332468208918819968,HorBranch*
2MASS J06011797+1723515,3350152384407207296,HorBranch*
2MASS J05510124+1635127,3349852320814084480,HorBranch*
2MASS J16040681+0633168,4450729683766124288,HorBranch*
2MASS J02075721+6430214,515072376733361792,HorBranch*
HE 1202-0546,3595747586581060736,HorBranch*
SDSS J191532.97+371439.9,2051191653757150976,HorBranch*
TYC 6296-582-1,4088107725285590272,HorBranch*
2MASS J19390288+4619264,2080090942505160832,HorBranch*
2MASS J03073194+7946217,567679403905835776,HorBranch*
2MASS J08234879-0041248,3076376256833398912,HorBranch*
2MASS J15181634-0032472,4418656169372632064,HorBranch*
SDSS J021541.88-001739.2,2494974406649622144,HorBranch*
SDSS J014104.49-083139.4,2465295151842171392,HorBranch*
HE 1322-0021,3686815358704738560,HorBranch*
SDSS J115507.06+145454.3,3923637931260851840,HorBranch*
TYC 3546-785-1,2127886197564960000,HorBranch*
2MASS J20170607+2046092,1828688055499861760,HorBranch*
2MASS J17285499-2449237,4110407466051909760,HorBranch*
TYC 2449-1539-1,940051964662128256,HorBranch*
TYC 3565-1220-1,2086842661151252736,HorBranch*
2MASS J18210042+0204168,4277446165894710912,HorBranch*
2MASS J05443884+2831394,3443360974392713600,HorBranch*
TYC 3135-973-1,2051927944293639296,HorBranch*
2MASS J08023957+3957398,921305055185516544,HorBranch*
TYC 7074-357-1,2893972058087868672,HorBranch*
HE 2329-1851,2392510299581294592,HorBranch*
SDSS J200722.30-120218.5,6880712159962411136,HorBranch*
UCAC4 700-069331,2135053325453055104,HorBranch*
2MASS J00263990+5425405,419599067670347008,HorBranch*
2MASS J23255555+5628331,1997244871655305216,HorBranch*
SDSS J101758.85+213159.3,625959253958006016,HorBranch*
2MASS J17182209-2458480,4110955817462680064,HorBranch*
BPS CS 22956-0110,6398059953031316736,HorBranch*
2MASS J21081740+0952568,1744285621628709376,HorBranch*
SDSS J154706.46+042617.2,4426213357604734848,HorBranch*
2MASS J04351141+3557320,174954977407917312,HorBranch*
SDSS J121154.88+200524.1,3951400634221980416,HorBranch*
2MASS J07071973+3608531,945783826151772800,HorBranch*
2MASS J14552114+3005301,1282073133999591040,HorBranch*
SDSS J124757.16+103231.9,3927306176929423616,HorBranch*
2MASS J04411185+4142073,203224009770154752,HorBranch*
BPS CS 22888-0047,6555583028276838528,HorBranch*
2MASS J04593167+5024222,256654090128332288,HorBranch*
HE 1336-0327,3634164625933402880,HorBranch*
HE 1304-2549,6187520312583584000,HorBranch*
TYC 3140-124-1,2073632166384337536,HorBranch*
2MASS J21292282+4627046,1972196691117595776,HorBranch*
TYC 1364-2333-1,3169270184631147776,HorBranch*
2MASS J00154056+0152400,2548009246937202560,HorBranch*
HE 0237-4008,4951972948691607168,HorBranch*
SDSS J103700.19+453704.6,830383758626587136,HorBranch*
HE 2304-1919,2399133757627446272,HorBranch*
2MASS J19160130+4253059,2102741844109153536,HorBranch*
BPS CS 29529-0009,4680476417960022656,HorBranch*
2MASS J20281672+4358030,2069116510788670848,HorBranch*
2MASS J19113717+0232186,4268071802830124800,HorBranch*
TYC 6097-666-1,3567330914718799744,HorBranch*
2MASS J20443144+4128228,2066237851904771328,HorBranch*
2MASS J06162777+3408010,3452194558185016064,HorBranch*
2MASS J05104317+4051399,201015228351712896,HorBranch*
2MASS J04570743-4346304,4811653583992896640,HorBranch*
2MASS J18165593-3402014,4045365001114890496,HorBranch*
TYC 3558-825-1,2085562554740505472,HorBranch*
2MASS J18174356+0218550,4277523307816196608,HorBranch*
2MASS J18534284+4338150,2105110565809611008,HorBranch*
SDSS J164714.74+242748.5,1299986476222028416,HorBranch*
TYC 3545-1021-1,2131572958831929344,HorBranch*
UCAC4 232-159434,6709794073864127872,HorBranch*
SDSS J200921.85-104629.6,4191162510600992640,HorBranch*
TYC 3542-2022-1,2130271141364987776,HorBranch*
[MDL2014] 118,2342904698625663360,HorBranch*
TYC  574-152-1,2705361348124098432,HorBranch*
UCAC4 697-064216,2131301860496163968,HorBranch*
SDSS J172317.18+583347.2,1433256768796960256,HorBranch*
2MASS J18374648-2913044,4047567696462629632,HorBranch*
BD+01  2849,3664049833012460672,HorBranch*
2MASS J04454253+4005542,202842135639436800,HorBranch*
UCAC4 685-064378,2107564439542942976,HorBranch*
HE 0903-0050,3842699891042868992,HorBranch*
TYC 3557-13-1,2080340153688255232,HorBranch*
2MASS J08215300-1325115,5723869006614951168,HorBranch*
2MASS J03533644+3808565,223635687225517568,HorBranch*
TYC 1392-2334-1,657983668283514368,HorBranch*
Case A-F  544,805359904770557312,HorBranch*
2MASS J15171911+0106496,4420653848856530048,HorBranch*
SDSS J140801.97+524613.2,1512836740355341312,HorBranch*
EC 13232-2651,6189312791415145984,HorBranch*
2MASS J14535637-0717293,6333325346952247040,HorBranch*
2MASS J19243478+0042577,4263751065702479232,HorBranch*
TYC 3142-1466-1,2101793652768037504,HorBranch*
2MASS J05292840+2645016,3442160140192617216,HorBranch*
2MASS J04343252+5144170,271052882088338944,HorBranch*
2MASS J03502184-2637334,5081127734883086592,HorBranch*
2MASS J05292620+3549453,183348378594878848,HorBranch*
UCAC4 255-053763,5385335561176434432,HorBranch*
2MASS J08165743+3256475,901663860502652288,HorBranch*
2MASS J04254046+5403047,275450550642332800,HorBranch*
SDSS J021227.19+054554.2,2520072645043691904,HorBranch*
2MASS J08093980+5100433,935381243562067328,HorBranch*
SDSS J144437.59-002557.8,3651358647034148864,HorBranch*
Cl* NGC 6864    KAM     442,6853720764408162560,HorBranch*
2MASS J12532622+4137544,1528019900719210880,HorBranch*
2MASS J18173669-3348227,4045374205126570240,HorBranch*
2MASS J21462473+5853266,2202623438891334272,HorBranch*
2MASS J03511863+6032107,474204697752855936,HorBranch*
2MASS J16503109-1958100,4127510644299964416,HorBranch*
2MASS J20404335+3344180,1864072092024608384,HorBranch*
2MASS J05362026+2723452,3442080799260726144,HorBranch*
TYC 2450-901-1,940104333198372608,HorBranch*
SDSS J142635.18+584255.0,1611860685993682304,HorBranch*
2MASS J02200855-3946474,4963551527686390912,HorBranch*
SDSS J231830.41-102006.7,2437661259244685824,HorBranch*
2MASS J05170471+2845468,3422401229045925120,HorBranch*
TYC 2666-342-1,2051695019623263360,HorBranch*
2MASS J22003721+5128186,1980243466963977728,HorBranch*
2MASS J19275829+2718188,2025694185301981184,HorBranch*
2MASS J07334212-1319491,3033368515915566848,HorBranch*
CRTS J123837.2-071746,3676388964816758912,HorBranch*
2MASS J03271624+4629151,242852298622986240,HorBranch*
HE 1240-2846a,3495084857515783168,HorBranch*
SDSS J165915.91+270841.7,1306824137173456000,HorBranch*
2MASS J17534312-2749009,4063460385503394560,HorBranch*
TYC  171-584-1,3140613059022716544,HorBranch*
SDSS J113645.24+434051.5,773511966354092416,HorBranch*
Cl* NGC 1851    PML       6,4819185715383804928,HorBranch*
SDSS J124027.38-021828.9,3683057537198810624,HorBranch*
2MASS J05582633+1336202,3343853454092172032,HorBranch*
SDSS J101736.40+301315.8,742174579292371200,HorBranch*
2MASS J10302618+1738232,3890606196780405376,HorBranch*
BD-04  3669,3642315443069153792,HorBranch*
2MASS J02141803+6517406,515450986686388736,HorBranch*
2MASS J20525561+3455205,1869635895740646784,HorBranch*
SDSS J011130.72+073801.3,2577119779354400512,HorBranch*
SDSS J140956.99+474437.2,1506431264785656320,HorBranch*
2MASS J03142820+6308218,466853809686621312,HorBranch*
SDSS J103920.94+391929.5,779211284876171648,HorBranch*
TYC 3120-701-1,2100391908583444992,HorBranch*
SDSS J035049.06+100209.7,3302716429127751424,HorBranch*
TYC 3144-778-1,2077915971067698560,HorBranch*
2MASS J00232397+6222466,430587449443241984,HorBranch*
2MASS J05341584+2417009,3416705032962929024,HorBranch*
2MASS J18172465-3346556,4045374961040897664,HorBranch*
2MASS J00242676+6231477,430548313698742656,HorBranch*
2MASS J00182855+5905449,428223774317359616,HorBranch*
2MASS J19424870+3220363,2033303321166160768,HorBranch*
2MASS J05454402+0421341,3320425025966349184,HorBranch*
2MASS J12180303+0043526,3698507045662624128,HorBranch*
SDSS J164910.00+215148.3,4565696956028206976,HorBranch*
2MASS J05221618+4336588,207417684558659584,HorBranch*
2MASS J03230044-4647469,4846194673059308416,HorBranch*
2MASS J19145400+4722309,2130816224254248064,HorBranch*
2MASS J18585888-2749593,6763564139530908160,HorBranch*
TYC 3134-222-1,2052683897195725952,HorBranch*
SDSS J172046.42+545849.5,1419616747233863168,HorBranch*
2MASS J00412523+5430066,417957943486890880,HorBranch*
2MASS J18254677-1726130,4096871314019322368,HorBranch*
2MASS J09255361-0625456,5746173866997196032,HorBranch*
2MASS J19133848+4055180,2102109414464860416,HorBranch*
2MASS J18203692-0542309,4161161476867507968,HorBranch*
HE 2353-3628,2311068167642371200,HorBranch*
SDSS J124838.47+095154.6,3735007640545610368,HorBranch*
TYC 3149-806-1,2079054309202161536,HorBranch*
HE 1245-0808,3675113153371115648,HorBranch*
SDSS J124052.69-020216.3,3683276232638007168,HorBranch*
2MASS J23172581+6341299,2207582270681759232,HorBranch*
2MASS J03061712+4007060,239060735850715520,HorBranch*
2MASS J19473328+5038372,2135321812447094272,HorBranch*
TYC 3560-2626-1,2128161384712508416,HorBranch*
2MASS J12434584-0139318,3683481708168955136,HorBranch*
HE 1115-1819,3557991903471064448,HorBranch*
GES J07381552-1453146,3029945087688906368,HorBranch*
BD+04  1760,3137948018934622464,HorBranch*
2MASS J06385872-0334143,3104857628084308096,HorBranch*
2MASS J04501925+5821586,278065258011340544,HorBranch*
HD   5744,2524548898616493184,HorBranch*
2MASS J20145122+5617114,2186204878419450368,HorBranch*
TYC 1639-36-1,1810164102065838080,HorBranch*
2MASS J05333104+3149325,3448667354946976384,HorBranch*
UCAC4 668-083445,2075969629333525376,HorBranch*
SDSS J111705.75+340840.3,758515138851578112,HorBranch*
TYC 3558-907-1,2085522186350524672,HorBranch*
2MASS J04572934+5044181,259587960809415040,HorBranch*
2MASS J21545665+5048182,1979867468351528576,HorBranch*
2MASS J06482182+0147117,3126154210540761728,HorBranch*
2MASS J21355165-0120369,2686564269134658816,HorBranch*
2MASS J14044127+5216371,1512714320903313024,HorBranch*
2MASS J23023155+5600438,2008947901626172672,HorBranch*
SDSS J083036.84+191358.1,662909617816630400,HorBranch*
TYC 3191-40-1,1966703702811544448,HorBranch*
2MASS J23170123+1108588,2810517029592558720,HorBranch*
HE 1216-0622,3584019886320461056,HorBranch*
[TGC2005] 413,6488237082082635648,HorBranch*
SDSS J031303.43+041351.3,2724491030059520,HorBranch*
HE 1440-0814,6327365409814054656,HorBranch*
2MASS J21523845+6320436,2216552327061427840,HorBranch*
2MASS J05224315+3938234,187937293452980608,HorBranch*
2MASS J03100414-0744326,5167825390668011264,HorBranch*
2MASS J09500847+3721386,799957591825567104,HorBranch*
SDSS J113906.28+553501.0,844593327209874688,HorBranch*
2MASS J19322581+3929326,2053126622426428288,HorBranch*
2MASS J07582870-1521559,5725216080161268736,HorBranch*
2MASS J21041206+4754190,2165427682076097664,HorBranch*
HE 1331-2715,6188827146578159616,HorBranch*
2MASS J04572159+2245366,3412548986385395840,HorBranch*
2MASS J06525741+1546119,3354986597736125312,HorBranch*
2MASS J07113175+1504413,3167669433139817728,HorBranch*
SDSS J122215.74-005338.3,3695083406972333184,HorBranch*
BD+54  1772,1597476428202663936,HorBranch*
Case A-F  102,1513593547952145536,HorBranch*
HE 0107-3035,5029702781481970432,HorBranch*
BD+86   233,1727601155449246976,HorBranch*
HE 1109-3007,5452319561886356992,HorBranch*
SDSS J133835.94+005041.8,3663404484110893312,HorBranch*
SDSS J103202.80+152837.1,3889024480585035264,HorBranch*
2MASS J01244369+5802076,413059825345944320,HorBranch*
2MASS J00335002+2648317,2807965922097842176,HorBranch*
SDSS J083746.13+262232.3,703010932888005248,HorBranch*
2MASS J07020516-0408121,3101772673335376256,HorBranch*
TYC 3138-819-1,2053586768041507328,HorBranch*
2MASS J23573180+6357372,2016201208039170176,HorBranch*
HE 1225-0310,3693517294393649408,HorBranch*
2MASS J21133336+4928415,2165802993500317440,HorBranch*
2MASS J13462343-1545425,3605318766580132352,HorBranch*
UCAC4 648-069308,2100985060745468800,HorBranch*
HE 2156-0852,2618437742698692224,HorBranch*
2MASS J19592880+0815073,4299044358143042560,HorBranch*
2MASS J12170418+1619239,3946337554974817152,HorBranch*
2MASS J06280076+0035508,3120372978399954560,HorBranch*
2MASS J17412008-0526230,4176052987453874944,HorBranch*
2MASS J17521496+7235340,1651372907648447232,HorBranch*
2MASS J17393204-2804137,4060461634962606848,HorBranch*
BPS CS 22887-0032,2608042616172233728,HorBranch*
SDSS J130808.39+001856.5,3690715356512447616,HorBranch*
2MASS J07135209+1334288,3167171869769923584,HorBranch*
2MASS J00185557-5943287,4906199317553874688,HorBranch*
2MASS J07004363-1624238,2935721029995877120,HorBranch*
2MASS J06425690+1008167,3350767771619049600,HorBranch*
2MASS J05465394+2802015,3443097160320041472,HorBranch*
SDSS J035957.34-054513.9,3245099378429253120,HorBranch*
HE 2127-3903,6582793849416942720,HorBranch*
NGC  5139  2038,6083675871781942656,HorBranch*
2MASS J06224027-0106184,3118602970838456832,HorBranch*
2MASS J05582016+2206455,3424065408614327936,HorBranch*
2MASS J06003531+1801517,3350249901642776960,HorBranch*
TYC 3005-1196-1,779430568726662528,HorBranch*
SDSS J090112.14+381058.5,718815695279446144,HorBranch*
UCAC4 696-067645,2129032713315805440,HorBranch*
2MASS J12312098+3856082,1532037206968703232,HorBranch*
2MASS J06174986-0115001,3118550224340480768,HorBranch*
SDSS J233442.69+464600.4,1938442092146202752,HorBranch*
HE 1246-2201,3502241338182362880,HorBranch*
TYC 3331-2510-1,245933405084990976,HorBranch*
NGP 47 106,1545047826843889024,HorBranch*
SDSS J094410.09+255204.0,646593311935138304,HorBranch*
2MASS J04090941+5701205,469233324648092416,HorBranch*
BD+47  2843,2129254024389983872,HorBranch*
2MASS J07032459+3744513,946920785599008512,HorBranch*
2MASS J00110057+7517037,539644846696568576,HorBranch*
[TGC2005] 329,6813808973352333568,HorBranch*
2MASS J06014502+1717260,3349400013513558400,HorBranch*
2MASS J12525123+1254381,3929691636125424896,HorBranch*
HE 1317-3119,6181403759463452544,HorBranch*
2MASS J06465110+2059194,3377965085085155456,HorBranch*
2MASS J13592728+6621599,1671734209430956672,HorBranch*
UCAC4 695-064371,2131273444993686272,HorBranch*
2MASS J22050663+5139354,1980164920603261568,HorBranch*
2MASS J18285500-0547418,4257036485635790208,HorBranch*
2MASS J06372878-0250048,3106460308018729856,HorBranch*
TYC 6265-1738-1,4097419798494715008,HorBranch*
2MASS J22514628+5210467,1990126667740309504,HorBranch*
Case A-F  128,3963156681266016128,HorBranch*
SDSS J113704.26+271551.5,4018524925744116736,HorBranch*
2MASS J05494866+3723256,3456193413257549952,HorBranch*
TYC 3133-266-1,2126923399035885824,HorBranch*
TYC 3413-1219-1,936161553219685248,HorBranch*
HE 2244-4713,6516124583909514496,HorBranch*
2MASS J00273023+5352197,419557011349954560,HorBranch*
UCAC2  31103198,3253963778612870912,HorBranch*
2MASS J06145386+5550014,997171147048153728,HorBranch*
2MASS J03130958+4046449,239150930164166528,HorBranch*
2MASS J16120576+2218597,1205720469586240000,HorBranch*
2MASS J07483355+7940353,1139207678327955584,HorBranch*
HE 2148+0203,2693854619637824512,HorBranch*
2MASS J20122346+2102534,1828862804818318848,HorBranch*
2MASS J15084988+4503350,1586077413200278016,HorBranch*
SDSS J120409.22+341740.6,4028109707905609472,HorBranch*
HE 0939-0924,5740576017077763840,HorBranch*
2MASS J21512497+5907483,2202687863397028864,HorBranch*
NGP 44 122,1541430197365990144,HorBranch*
2MASS J19111483+2808473,2036714899562263296,HorBranch*
2MASS J00534004+6637323,526141263363889664,HorBranch*
TYC 2848-340-1,238696556984082176,HorBranch*
HE 1431+0207,3655943236860083200,HorBranch*
HE 1008-0736,3772416530815050368,HorBranch*
2MASS J18131746+0122500,4275869092567812224,HorBranch*
BPS BS 16551-0004,6320513081551449856,HorBranch*
2MASS J17292878+5402017,1416363494189746432,HorBranch*
SDSS J201556.41-122324.3,6879785993215042048,HorBranch*
TYC 3384-271-1,968158471164054016,HorBranch*
2MASS J19430337+4923149,2134871635455219968,HorBranch*
TYC 3543-1278-1,2127619256758083968,HorBranch*
2MASS J05593135+1314427,3343688737804607104,HorBranch*
2MASS J10241339+4551015,833263242139806208,HorBranch*
2MASS J13221174-0210132,3638179660145436416,HorBranch*
TYC 3007-1206-1,809108242988075008,HorBranch*
MGC 12089,3806528020073142272,HorBranch*
2MASS J11281859+2259384,3992604518939646080,HorBranch*
[TGC2005] 146,4715458479908448640,HorBranch*
2MASS J06145561+1526490,3345768257888363904,HorBranch*
2MASS J07145209-0308597,3108084595937135360,HorBranch*
UCAC2  26230475,3605569691453623168,HorBranch*
SDSS J221510.38+682036.2,2220146493128607616,HorBranch*
HE 0134-0606,2479611927107037184,HorBranch*
2MASS J03100281+6251452,466794436057844608,HorBranch*
SDSS J164633.69+205628.0,4565530380016360192,HorBranch*
2MASS J08185347+2808596,683383417677577088,HorBranch*
UCAC4 649-067073,2101219329742912384,HorBranch*
2MASS J06582295-0526379,3101196189943381888,HorBranch*
BPS CS 29499-0043,2338699444604315392,HorBranch*
2MASS J06210230-0145432,3118276828200774016,HorBranch*
HE 0443-4543,4790204547379901184,HorBranch*
SDSS J211808.44-071828.7,6898605229936978304,HorBranch*
UCAC4 644-069759,2052701863035276928,HorBranch*
SDSS J180918.92+232758.0,4578257673790885760,HorBranch*
SDSS J144841.95+002841.6,3651889642431143936,HorBranch*
[MVP2011] 39433,5248758590470301056,HorBranch*
NGC  2175     6,3375023406147691392,HorBranch*
SDSS J212816.99-004557.6,2687552833167685760,HorBranch*
2MASS J20441935+4230153,2066490838359507072,HorBranch*
TYC 7077-1268-1,2892393709142897792,HorBranch*
2MASS J17470937+4644578,1362544225373023744,HorBranch*
2MASS J05451788+1105011,3337010883992795136,HorBranch*
HE 0315-3428,5053412654519536128,HorBranch*
TYC 1310-1978-1,3404175758664725760,HorBranch*
2MASS J06205555+1649532,3369999810537742208,HorBranch*
2MASS J19112868+0132546,4267795133862644224,HorBranch*
2MASS J19035788+3857041,2100067728748984704,HorBranch*
2MASS J21095088+4848416,2165385247804322944,HorBranch*
SDSS J170544.52+292417.5,1308769791718626816,HorBranch*
TYC  175-2373-1,3153223014287751296,HorBranch*
2MASS J03154576-2305108,5075203428793673088,HorBranch*
TYC 8268-1310-1,6092672896223565696,HorBranch*
SDSS J001857.24+153234.0,2792539563506112896,HorBranch*
HE 1423-1401,6299980247362580608,HorBranch*
BD-11  3043,3565846092985047296,HorBranch*
2MASS J17153563+5433234,1420328126960915072,HorBranch*
2MASS J03172454+6319509,466868515654945792,HorBranch*
TYC 3129-2141-1,2102708171564689536,HorBranch*
BPS CS 30493-0066,6555055709372162048,HorBranch*
2MASS J21240739+5629506,2178649481196831360,HorBranch*
2MASS J19584888+0815505,4299055387619148416,HorBranch*
2MASS J19382354+0852406,4301357971150408448,HorBranch*
TYC 1645-483-1,1817724270990615040,HorBranch*
HD 283272,66171397196450688,HorBranch*
2MASS J19241025+2656566,2025620140061008768,HorBranch*
2MASS J02184495-2239134,5123499236524830080,HorBranch*
HE 1414-0006,3653846571265218432,HorBranch*
UCAC4 649-074366,2076320163077837952,HorBranch*
2MASS J18581445+4901055,2132174395990454784,HorBranch*
Cl* Stock    1      S      49,2021485048642730496,HorBranch*
2MASS J05532760+1122243,3342880562397052160,HorBranch*
2MASS J07562479-1523301,5719267550458712320,HorBranch*
UCAC4 658-072613,2101480291955531520,HorBranch*
HE 1159-1244,3573870912960133504,HorBranch*
SDSS J141621.12+320502.5,1477658591674194816,HorBranch*
BPS BS 16986-0031,3918472769231533952,HorBranch*
2MASS J01585317-3546235,4968825884965194496,HorBranch*
TYC 4034-1082-1,511075789399383552,HorBranch*
2MASS J17332475+5830004,1434512685952728960,HorBranch*
2MASS J06263089+1730002,3369756058255116928,HorBranch*
2MASS J00004181-0213381,2449404047725561344,HorBranch*
TYC 4513-1712-1,555640095180144000,HorBranch*
SDSS J172759.01+260615.3,4570830885056732288,HorBranch*
2MASS J06470396+1000234,3158562414550388480,HorBranch*
SDSS J022009.61-085904.8,5176266758046640640,HorBranch*
TYC 4200-1811-1,1435133124045399424,HorBranch*
2MASS J17263793+6104302,1438932967510908800,HorBranch*
2MASS J23525574+6402421,2016378401204134656,HorBranch*
2MASS J05140755+2313315,3415744029737243520,HorBranch*
SDSS J224531.39+313843.2,1888906898588846848,HorBranch*
HE 0051-4730,4981067950508772096,HorBranch*
HE 0310-5525,4733703668485974912,HorBranch*
2MASS J06463812+1947386,3365725149847376768,HorBranch*
2MASS J12434246-0855568,3675034675728683904,HorBranch*
2MASS J01423737+8431141,572928403697387008,HorBranch*
2MASS J06321115+0642502,3132214546834349568,HorBranch*
2MASS J07350086-1318098,3033360857999292544,HorBranch*
2MASS J06303510+1804001,3371258231659014272,HorBranch*
2MASS J06230389+3320341,3440216719030166528,HorBranch*
2MASS J00285669+5944380,428491844694664320,HorBranch*
2MASS J15060706+3054599,1276176384422130816,HorBranch*
2MASS J04430689+3811382,199584729362042368,HorBranch*
2MASS J19264237+1653210,4322550439279315072,HorBranch*
TYC 3135-546-1,2052446196529927808,HorBranch*
2MASS J18210809-0007015,4274661721419177216,HorBranch*
2MASS J19553640+2045075,1826408905362127744,HorBranch*
2MASS J05150394+2343059,3415866797082318848,HorBranch*
2MASS J06362945+0020412,3119719486239246336,HorBranch*
2MASS J19250661+4817085,2129316760975044480,HorBranch*
HE 1208-2809,3474391842522820992,HorBranch*
2MASS J11485721+0215370,3796529439287657600,HorBranch*
2MASS J06475033+1919416,3365629320537506560,HorBranch*
2MASS J08163652+2701359,683210897431601792,HorBranch*
HE 1142+0132,3796350493770288256,HorBranch*
2MASS J22203771-0132400,2677549892989609472,HorBranch*
2MASS J19161957+1950056,4516245870850030336,HorBranch*
2MASS J15493066+4324483,1396315209623655296,HorBranch*
2MASS J22410809+5218494,2001919514064870528,HorBranch*
TYC 3135-38-1,2052173105333675392,HorBranch*
2MASS J06093304+2619082,3427076249410900992,HorBranch*
2MASS J06543630+1734533,3364279944890811648,HorBranch*
2MASS J20252221+4414405,2069322806658987520,HorBranch*
2MASS J07203725+2350587,869656145009505152,HorBranch*
