Star,Gaia_DR3_ID,otype
ATO J337.6891+54.7081,2006374116707859328,RSCVnV*
ATO J309.7694+30.8534,1862303424492944512,RSCVnV*
ZTF J195909.22+335948.8,2058501378883567488,RSCVnV*
Cl* NGC 2682   SAND    1113,604972089540120832,RSCVnV*
CRTS J091935.1+494736,1012939007078705920,RSCVnV*
ZTF J193358.50+061827.8,4294441321460446720,RSCVnV*
ATO J033.7856+56.5423,457019502813153408,RSCVnV*
CRTS J113142.1+031131,3800447755131576320,RSCVnV*
Cl* NGC 7092   PLAT    2030,1978607153149474688,RSCVnV*
ZTF J184259.72+030834.4,4280211132706418560,RSCVnV*
ATO J094.9010+25.4246,3432026418257973248,RSCVnV*
ZTF J194033.42+330611.3,2046905375181568640,RSCVnV*
ATO J054.5603+57.4175,449008907763899264,RSCVnV*
ATO J276.9094+03.3133,4277280350115061120,RSCVnV*
ZTF J214328.15+463247.6,1974265387882993408,RSCVnV*
ATO J310.1905+13.0756,1756010852285648256,RSCVnV*
ATO J096.5328+32.2214,3439157648814850944,RSCVnV*
ZTF J040729.20+554334.0,468556674019298944,RSCVnV*
ATO J334.6159+47.5497,1963493197578912256,RSCVnV*
1SWASP J155510.85+074146.8,4454134768198751488,RSCVnV*
ATO J063.5443+14.9848,3311735486788417408,RSCVnV*
ATO J296.8284+33.8165,2035042233170697600,RSCVnV*
ATO J083.5902+54.1549,264909189067715968,RSCVnV*
ZTF J035906.91+523858.8,251856646020665728,RSCVnV*
2MASS J16550833+6218579,1630745790337411968,RSCVnV*
ZTF J191038.24+140930.8,4320373127075051008,RSCVnV*
ZTF J010114.63+622514.5,522820768306074112,RSCVnV*
ZTF J235902.18+621802.9,2012804507385384064,RSCVnV*
ZTF J192509.87+084048.3,4308268367385210240,RSCVnV*
[DPM2010] 25516-5,5935960195466993408,RSCVnV*
ZTF J190721.69-014815.4,4262176049671621376,RSCVnV*
ATO J002.1175+28.2988,2860081879902062208,RSCVnV*
ZTF J184616.74+121830.4,4505300060780142976,RSCVnV*
CRTS J171741.9+240537,4570311194014149760,RSCVnV*
ATO J340.1084+58.6023,2008171921301411456,RSCVnV*
ATO J087.6202+31.8030,3444961180424282880,RSCVnV*
ZTF J194725.42+122735.2,4304766732068586112,RSCVnV*
ZTF J195852.23+175056.2,1820555620838435712,RSCVnV*
ZTF J190018.58+201209.6,4518193896204644480,RSCVnV*
ZTF J002029.80+685134.4,530364070907504512,RSCVnV*
ATO J048.3546+58.8093,461931124329024640,RSCVnV*
ATO J081.9910+28.2029,3445322610511006976,RSCVnV*
ATO J286.6246+14.0861,4314432298321302144,RSCVnV*
LAMOST J155657.82+464704.9,1399502418954171136,RSCVnV*
ATO J294.4124+36.6492,2048874226849272832,RSCVnV*
ATO J057.3224+51.0863,251292768352107648,RSCVnV*
ZTF J191358.58-065518.0,4205106036042537216,RSCVnV*
ZTF J204616.83+435804.5,2067087392137105024,RSCVnV*
ZTF J185923.99+373449.9,2093872118166732160,RSCVnV*
2MASS J02240479+5701577,458396842983239424,RSCVnV*
ZTF J194820.41+192807.9,1824746546867469056,RSCVnV*
ZTF J205918.70+503446.1,2168992053947343616,RSCVnV*
ZTF J195857.64+251428.0,1834567762661475328,RSCVnV*
ATO J113.8221+08.1622,3142379291312631808,RSCVnV*
ZTF J190353.82+002145.5,4265743518254843008,RSCVnV*
CRTS J150440.8-021744,6339713062832916736,RSCVnV*
CRTS J222215.7+255431,1879885474401418368,RSCVnV*
ATO J234.3944+15.5842,1195324793303390336,RSCVnV*
CRTS J213302.7+123006,1769993891409336704,RSCVnV*
ZTF J050417.48+632212.1,478260482608984064,RSCVnV*
ATO J103.8988+00.8276,3113800235330943744,RSCVnV*
CRTS J092508.9+314751,700583524748054400,RSCVnV*
ZTF J220152.54+523241.4,1981178086205237632,RSCVnV*
ZTF J021856.55+591826.2,459214712138794624,RSCVnV*
ATO J257.0152+04.2124,4391669485400633216,RSCVnV*
ZTF J185451.91-054801.3,4253999595834105984,RSCVnV*
ATO J201.4589+12.5453,3739578035504365312,RSCVnV*
ZTF J204716.78+514754.5,2182034014197913600,RSCVnV*
ZTF J210141.28+542915.9,2176744749094056320,RSCVnV*
ZTF J050219.49+420916.5,201793162887310464,RSCVnV*
ZTF J191241.72+244854.8,2023670671566246528,RSCVnV*
ATO J303.1026-01.3314,4224125113287218432,RSCVnV*
ZTF J185134.05+154334.9,4507913256320090624,RSCVnV*
ATO J072.2663+36.6495,198457588206160384,RSCVnV*
CRTS J221833.9+043853,2707222963044171776,RSCVnV*
ZTF J051346.01+420432.6,201228774124823168,RSCVnV*
ZTF J202650.69+640635.9,2243855670376447104,RSCVnV*
2MASS J22550760+6244452,2207271658645398144,RSCVnV*
2MASS J05333797+5102318,215401410285130496,RSCVnV*
ZTF J213232.47+484035.6,1978656493730169472,RSCVnV*
ZTF J171533.65+071252.3,4394200767326546816,RSCVnV*
ZTF J222918.11+393805.7,1909051218625565824,RSCVnV*
ATO J340.9790+53.0104,2002090522484795520,RSCVnV*
CRTS J034407.0+381052,223474711851510272,RSCVnV*
ATO J274.6075-11.0828,4154312790727674880,RSCVnV*
ZTF J181815.54+153145.3,4521967935491665664,RSCVnV*
ATO J111.4425+28.7539,873515366399154048,RSCVnV*
ZTF J200529.68+353604.1,2059073021851085824,RSCVnV*
ZTF J192221.94+195219.9,4515824925366980992,RSCVnV*
ZTF J192550.82+071824.2,4295547533256601984,RSCVnV*
ZTF J200417.91+314027.2,2030993036743321088,RSCVnV*
ZTF J062410.79+194845.3,3372481163465627648,RSCVnV*
ZTF J235255.93+642142.0,2016447773517392896,RSCVnV*
ZTF J213914.86+434950.5,1967769060861343872,RSCVnV*
CRTS J010857.9-132314,2468190337757082752,RSCVnV*
BASV 191,1433153586501586176,RSCVnV*
ATO J301.9223+06.0196,4248780871272841088,RSCVnV*
2MASS J02231913+5708138,458409938346581632,RSCVnV*
ZTF J054907.00+311539.1,3444826765127127424,RSCVnV*
ATO J334.7599+58.2041,2198789922876753408,RSCVnV*
CRTS J054143.3+010255,3222508052313915776,RSCVnV*
ATO J295.9938+16.1384,4318663695732502144,RSCVnV*
ATO J167.5742+51.5912,839193801701167872,RSCVnV*
ZTF J220405.67+595112.1,2202886840643927552,RSCVnV*
ZTF J194310.64+273433.6,2028155304645159296,RSCVnV*
ZTF J194124.07+161724.1,4318845360013666432,RSCVnV*
ZTF J183059.45+385626.4,2108500914213549696,RSCVnV*
ATO J083.9218+45.3898,207986574450750848,RSCVnV*
ZTF J200413.85+211758.2,1823871301229871488,RSCVnV*
ZTF J201148.36+483555.5,2084442843891193344,RSCVnV*
ZTF J200429.67+400423.7,2074136537307323648,RSCVnV*
ATO J044.1142+41.6617,336301338052714368,RSCVnV*
2MASS J22550645+6241517,2207270456054603008,RSCVnV*
ZTF J203222.41+595938.8,2194503850445652864,RSCVnV*
Cl* NGC 2244     PS     236,3131325213723915904,RSCVnV*
ZTF J035446.20+484032.8,246990237617832832,RSCVnV*
CRTS J152911.6+063627,1162548386039137152,RSCVnV*
ZTF J200853.64+202126.1,1822815357745152512,RSCVnV*
ZTF J200645.06+194043.9,1822663174147621248,RSCVnV*
ATO J065.6147+32.0661,172353979573309824,RSCVnV*
ATO J085.3912+42.8882,196021414039278336,RSCVnV*
ZTF J193214.12+232637.1,2019529803386588544,RSCVnV*
V* V1274 Tau,71505918375609728,RSCVnV*
2MASS J06320788+0446061,3131323976773739136,RSCVnV*
2MASS J03013163+6034028,463127766639048832,RSCVnV*
CVSO 172,3217309977952022144,RSCVnV*
ZTF J192345.19+003354.5,4263723268674580608,RSCVnV*
ZTF J193228.34+213055.4,2018461868359906944,RSCVnV*
ZTF J053051.07+081358.1,3337346338120110208,RSCVnV*
ZTF J191409.39+162847.8,4513236266985895040,RSCVnV*
ATO J291.5311+51.6171,2136232757831370368,RSCVnV*
OGLE BLG653.5  39870,4060290974528840320,RSCVnV*
ZTF J210143.65+304711.9,1864554021715005184,RSCVnV*
ZTF J202029.69+371853.2,2060961776645763840,RSCVnV*
2MASS J22533438+6235529,2207264408740618112,RSCVnV*
ATO J200.0064+47.7854,1552921227748372096,RSCVnV*
ATO J081.1402+36.4941,184176894964110976,RSCVnV*
ZTF J224248.06+462822.5,1983467509920553728,RSCVnV*
CRTS J230725.1-040942,2635682689227300992,RSCVnV*
2MASS J19435810+2307504,2020033590177240192,RSCVnV*
RX J1112.4+3950,765345000140899584,RSCVnV*
ZTF J194034.88+284550.7,2031457339892940544,RSCVnV*
ZTF J194939.80+165206.4,1820754391934058240,RSCVnV*
ZTF J195040.32+213009.0,1826733330020711296,RSCVnV*
ZTF J205607.55+102358.3,1750699455207401216,RSCVnV*
ATO J109.4727+22.1937,3367209142648326272,RSCVnV*
ATO J076.2600+67.2068,482967118229406848,RSCVnV*
ZTF J193501.38+282225.7,2025483800652001152,RSCVnV*
ZTF J200301.43+334654.8,2058269450660079360,RSCVnV*
ATO J326.8180+32.5216,1946424310346640768,RSCVnV*
ZTF J192933.14+113822.7,4314994492344038016,RSCVnV*
CRTS J172524.9+400209,1346895907166768128,RSCVnV*
CRTS J051457.3+014341,3234041452550481152,RSCVnV*
ZTF J192113.60+024630.5,4288970559591764352,RSCVnV*
ZTF J212447.16+645645.8,2220499779959368320,RSCVnV*
ZTF J230043.93+580655.6,2013155423388902912,RSCVnV*
ZTF J213926.86+575303.9,2178547604573541120,RSCVnV*
ZTF J191451.06+323958.1,2043160649032990336,RSCVnV*
ZTF J230922.94+521010.5,1995157998586364544,RSCVnV*
ZTF J185925.47-093042.6,4202810629410686080,RSCVnV*
ZTF J203525.38+183904.5,1812540387204425472,RSCVnV*
ATO J113.6853+18.1024,3170157009477543808,RSCVnV*
KOI-1729,2101918412977930112,RSCVnV*
ZTF J220614.25+543415.1,2005574595651113472,RSCVnV*
ZTF J210302.68+354212.2,1868208145530221952,RSCVnV*
ZTF J213344.98+671115.0,2221342345165543168,RSCVnV*
ZTF J204649.31+000124.0,4227951482468233216,RSCVnV*
ZTF J021415.86+600120.1,507346005442841472,RSCVnV*
OGLE BLG675.18  76442,4060887734463758208,RSCVnV*
CRTS J211155.9+075145,1742954082984276480,RSCVnV*
ZTF J184625.77-105336.1,4106938133288481792,RSCVnV*
ZTF J234741.72+621723.6,2012941740180090496,RSCVnV*
ZTF J044918.23+614727.7,477692692227823104,RSCVnV*
ZTF J190212.94-010615.5,4265473996109656704,RSCVnV*
ZTF J194706.07+151412.4,4317794295604868224,RSCVnV*
ATO J305.7729+12.0074,1802225421945888128,RSCVnV*
ZTF J204532.45+404610.2,2065318552806843520,RSCVnV*
ATO J278.0171+27.3215,4585424939114144384,RSCVnV*
ZTF J000101.40+634823.0,431629305433342080,RSCVnV*
ZTF J224618.79+522210.5,1990013005727874048,RSCVnV*
ZTF J223612.76+521054.3,2002133953191444736,RSCVnV*
2MASS J20344865+5946173,2194439116699241344,RSCVnV*
ZTF J035113.86+515209.4,251536825576006912,RSCVnV*
ZTF J193619.11+281705.2,2025469713137634432,RSCVnV*
ATO J277.9237+27.0917,4585385597213006208,RSCVnV*
ZTF J204629.94+480821.7,2167545650705104896,RSCVnV*
ATO J273.3342+22.7238,4577960011078367744,RSCVnV*
ZTF J182217.64-054537.1,4161193324031151616,RSCVnV*
ATO J068.6377+41.0551,203873202666818816,RSCVnV*
ZTF J180824.15+310109.5,4591147076800304896,RSCVnV*
ATO J315.2805+44.8228,2162648769526207104,RSCVnV*
ZTF J015141.89+583915.7,506225534375112448,RSCVnV*
ATO J303.2824+19.1625,1822422076171757312,RSCVnV*
ZTF J190311.31-044124.0,4254451632551346944,RSCVnV*
ATO J264.7512+49.1382,1366909801931403520,RSCVnV*
ZTF J202130.57+315555.6,2054245474292023168,RSCVnV*
ATO J091.1518+13.0914,3343538791905464320,RSCVnV*
ZTF J001049.37+534709.9,420069413827626112,RSCVnV*
ZTF J205017.81+274846.9,1857773814539059584,RSCVnV*
ZTF J191112.38+015906.2,4268014422061766528,RSCVnV*
V* FX Psc,312456263739535616,RSCVnV*
ZTF J190723.10+295123.3,2037876911547552512,RSCVnV*
ZTF J172904.31+165140.0,4550076430554975104,RSCVnV*
ZTF J060920.05+194844.7,3374580925734357504,RSCVnV*
ZTF J174630.23+011258.5,4372771934240331392,RSCVnV*
CRTS J121923.8-035250,3693253858279848576,RSCVnV*
CRTS J034036.3+030957,3271228481988627200,RSCVnV*
CRTS J153829.1+112618,1190160833864454912,RSCVnV*
IRAS 01241+6123,510717451693518976,RSCVnV*
ZTF J195250.37+204241.2,1826443157686689152,RSCVnV*
ZTF J203359.76+495834.2,2180173743603921280,RSCVnV*
ZTF J201627.08+363011.8,2060458853166970624,RSCVnV*
ZTF J210530.11+472727.2,2165192554082992512,RSCVnV*
[DCO2008] T-And0-17177,402675281610556032,RSCVnV*
ZTF J212512.30+440839.4,1970790656256379008,RSCVnV*
ATO J044.2760+45.0723,433718583670021760,RSCVnV*
2MASS J19435140+4558509,2080384649547728384,RSCVnV*
ATO J305.8281+35.6370,2057194849806844160,RSCVnV*
ZTF J002211.84+611028.5,428909869575496192,RSCVnV*
UCAC4 771-005169,524058719625176448,RSCVnV*
ZTF J193916.83+412400.8,2077438263321520256,RSCVnV*
CRTS J222156.2+205732,1778609492725593344,RSCVnV*
2MASS J08121938+2551226,682610667162023552,RSCVnV*
ATO J052.5339+44.9665,241739799014231808,RSCVnV*
ZTF J190434.61+214306.8,4520649651103553152,RSCVnV*
ZTF J232334.52+612652.2,2015660488832291456,RSCVnV*
ZTF J064230.14-012850.9,3107217180039744256,RSCVnV*
ATO J326.8187+54.6626,2173936355886622592,RSCVnV*
ZTF J191017.30+132945.0,4314140103106830336,RSCVnV*
ATO J296.6045+04.8598,4290574442124626048,RSCVnV*
ZTF J182459.50+480824.3,2121946734531168896,RSCVnV*
ATO J296.2698-13.6004,4183433150016558464,RSCVnV*
ZTF J004340.18+724607.1,536927506789249792,RSCVnV*
ZTF J190706.15+041639.6,4269381733480985088,RSCVnV*
ZTF J190103.68+145830.6,4506916098038464896,RSCVnV*
ZTF J005842.69+583314.9,425884284148266880,RSCVnV*
CRTS J104848.2+431501,780991630424726400,RSCVnV*
ZTF J182203.36+564107.9,2150941405911318656,RSCVnV*
ZTF J192841.68+704955.9,2263421140491963776,RSCVnV*
2MASS J20321563+4120096,2067833960534438144,RSCVnV*
ZTF J220542.04+541150.9,2005548589637323520,RSCVnV*
ZTF J185224.14-012113.1,4265263405287693184,RSCVnV*
ZTF J202718.88+222747.0,1830752934025163136,RSCVnV*
ZTF J191630.16-042336.6,4212254785772174336,RSCVnV*
CRTS J225004.4-075247,2610253699696297728,RSCVnV*
ZTF J185517.34-090559.0,4203621759752815616,RSCVnV*
ZTF J192507.39+240721.6,2022746527737862144,RSCVnV*
CRTS J072308.7+355617,897129508910198144,RSCVnV*
ATO J036.1208+54.2611,455645869192641792,RSCVnV*
CRTS J165757.6+152315,4545806137846837760,RSCVnV*
ZTF J185030.63+165120.9,4511057653418436608,RSCVnV*
ZTF J184723.76-081346.9,4251650081316230656,RSCVnV*
ZTF J005403.82+630202.6,523660558978226816,RSCVnV*
ZTF J185921.46+180306.6,4517281026673641216,RSCVnV*
ZTF J223729.11+653523.1,2212427509184591872,RSCVnV*
ZTF J192756.38+253619.3,2024661950044064768,RSCVnV*
CRTS J210544.0+132507,1759785338263140736,RSCVnV*
ATO J305.2374+17.5015,1809214124014265856,RSCVnV*
Cl* NGC 6341    HAC       9,1360405430444893568,RSCVnV*
ATO J302.8643+38.4279,2061689408520158208,RSCVnV*
ATO J082.7502-00.4476,3220736399780217856,RSCVnV*
ATO J345.1796+36.0753,1915422858443115392,RSCVnV*
ZTF J041050.93+515210.2,274749951281385984,RSCVnV*
ZTF J194528.14+180841.4,1824142021637022208,RSCVnV*
ZTF J063123.32+135017.7,3355696538650616320,RSCVnV*
ZTF J211353.16+431622.4,1969982412133540480,RSCVnV*
ZTF J000306.12+574159.4,422609771026040320,RSCVnV*
ZTF J185659.16+113611.0,4312170465440000768,RSCVnV*
CRTS J172230.1+213524,4567278637868713728,RSCVnV*
ZTF J000935.30+681247.7,529040121470190848,RSCVnV*
ZTF J212840.03+310312.5,1850395468738532992,RSCVnV*
ZTF J000036.36+672658.4,528573761038121344,RSCVnV*
ZTF J045216.24+552759.9,274306062117824000,RSCVnV*
ZTF J194013.21+194620.2,1825669135859736704,RSCVnV*
ATO J275.7456+24.8353,4584668445053824000,RSCVnV*
CRTS J031210.0+333537,137419922473275264,RSCVnV*
ZTF J044806.15+361535.9,174414292564470912,RSCVnV*
CRTS J100143.0-011053,3832751161941925632,RSCVnV*
ZTF J192709.72+255555.0,2024684661832432128,RSCVnV*
2MASS J19350643+3854176,2052380805642665216,RSCVnV*
ZTF J010911.23+714643.7,533588324336935808,RSCVnV*
ATO J303.7149+51.0967,2088154692064758912,RSCVnV*
ZTF J193845.87+340748.1,2047198261902917376,RSCVnV*
ZTF J211617.85+335328.2,1854906288215580544,RSCVnV*
ZTF J195143.74+305109.9,2033474879350439808,RSCVnV*
ATO J297.3755+19.2675,1824689544056734080,RSCVnV*
ZTF J193424.38+310604.5,2044810706770870272,RSCVnV*
ZTF J192752.14+040418.2,4289626182079647616,RSCVnV*
ATO J311.9704+35.0196,1869502953603369216,RSCVnV*
ZTF J220017.63+490436.7,1976442833220806784,RSCVnV*
ATO J121.0099-02.9977,3069120824420836736,RSCVnV*
ATO J329.5854+48.9889,1976462933669253248,RSCVnV*
ATO J099.1433+26.9676,3385888921789639808,RSCVnV*
ATO J333.0950+46.0991,1963110808049426176,RSCVnV*
ZTF J190851.14-051223.2,4206289557222284160,RSCVnV*
UCAC4 732-084463,2007515856456529920,RSCVnV*
ZTF J194843.19+172326.9,1821039990100503808,RSCVnV*
ZTF J200653.72+254108.0,1834809998804655232,RSCVnV*
CRTS J070520.8+532947,981689684027304832,RSCVnV*
ATO J089.1984+34.9427,3454870563330199424,RSCVnV*
ZTF J194904.37+233827.0,1828306692454861312,RSCVnV*
ATO J284.8806-05.6825,4253910196155890944,RSCVnV*
ATO J308.7025+25.8042,1855794693612570880,RSCVnV*
ATO J289.1916+28.9415,2038278027140936832,RSCVnV*
CRTS J050910.9-005715,3227400264879176064,RSCVnV*
ZTF J191409.36+473352.8,2130830998942201984,RSCVnV*
ZTF J200546.08+354703.6,2059076560903645440,RSCVnV*
ZTF J051150.96+335626.7,182136265805998592,RSCVnV*
ZTF J193832.77+341123.0,2047202385076860032,RSCVnV*
ATO J269.1626+59.2650,1422840309168389248,RSCVnV*
ATO J301.1398+07.2967,4250650006682365056,RSCVnV*
ZTF J205209.93+473235.4,2166894701159153024,RSCVnV*
ZTF J210738.53+543948.1,2176795120470229376,RSCVnV*
ZTF J005539.04+703917.1,533103641569945472,RSCVnV*
ATO J291.8364+23.6210,2019702877739713024,RSCVnV*
ATO J319.4637+36.7766,1867844997453078144,RSCVnV*
CRTS J112028.3+395447,764478378819846016,RSCVnV*
ATO J289.1067+16.8744,4513364699374420096,RSCVnV*
2MASS J22543639+6230390,2207259353559552000,RSCVnV*
IC 5146   31,1974545900779586688,RSCVnV*
KOI-5985,2052309032453962880,RSCVnV*
ZTF J023150.03+701942.4,545046678604105088,RSCVnV*
ZTF J192024.18+224508.1,2022178565587997952,RSCVnV*
ATO J035.3949+58.9448,459144446472650752,RSCVnV*
ZTF J185447.74-021029.7,4258925790200176896,RSCVnV*
2MASS J05235267+3410403,182734576228064256,RSCVnV*
ZTF J194353.57+282326.1,2031292073849009536,RSCVnV*
ZTF J185343.79+361723.8,2093324767535333888,RSCVnV*
ZTF J201740.96+453855.8,2081678804791032576,RSCVnV*
ATO J321.6721+40.0688,1965440913707239936,RSCVnV*
ATO J019.1188+46.7802,398398524974589440,RSCVnV*
ATO J064.9068+53.4988,275363036389360384,RSCVnV*
ATO J285.9018-01.4365,4262399692877068928,RSCVnV*
2MASS J02571233+6025143,464629940040646528,RSCVnV*
ZTF J222056.74+495442.4,2000023578061841536,RSCVnV*
ZTF J225341.01+274350.7,1884230263318844928,RSCVnV*
ZTF J181200.94+000602.5,4274856820322446336,RSCVnV*
ZTF J192008.17+275038.3,2037921098181681536,RSCVnV*
ZTF J213202.41+392353.1,1965911607762535424,RSCVnV*
CRTS J142245.4+443437,1492908027678122880,RSCVnV*
ZTF J191603.77+181904.5,4515247445549588736,RSCVnV*
V* V1157 Cas,511219511894152448,RSCVnV*
ZTF J202410.67+472453.8,2083387244009134336,RSCVnV*
ZTF J000420.12+634955.9,431619341109466496,RSCVnV*
ZTF J200121.71+210023.1,1823795258811112448,RSCVnV*
ZTF J192511.63+084306.0,4308271528481207296,RSCVnV*
ZTF J165646.41+582244.2,1436748233610600320,RSCVnV*
ATO J321.4833+20.6671,1790375710252786560,RSCVnV*
ATO J109.0691+36.0637,897603364062251392,RSCVnV*
CRTS J085202.5+284637,705062454084270464,RSCVnV*
CRTS J140315.9+211354,1247388691807229056,RSCVnV*
ATO J112.4645+32.7025,892274787116160768,RSCVnV*
ZTF J195557.07+183225.5,1821404851809164672,RSCVnV*
ATO J296.9528+15.5789,1819812037417371008,RSCVnV*
2MASS J22170963+6123091,2204577064890121984,RSCVnV*
ZTF J183604.72+221216.6,4532140097373440384,RSCVnV*
[SHB2004] Trumpler 37 13-236,2178400888493119360,RSCVnV*
ZTF J202247.58+485508.5,2084652953690980096,RSCVnV*
ATO J058.5176+21.0863,51631146192669952,RSCVnV*
ZTF J055308.53+101304.4,3335985761200648832,RSCVnV*
CRTS J013233.7+082449,2566712729998492928,RSCVnV*
ATO J260.0101+28.3890,4574521258396224384,RSCVnV*
ZTF J220812.30+635147.9,2206037010171578880,RSCVnV*
ATO J088.3554+46.2208,197713601088114944,RSCVnV*
ZTF J153422.00+222429.9,1220492133431522176,RSCVnV*
ATO J251.9809+23.2376,4566457233959274496,RSCVnV*
Cl* NGC 7243    JFA    1213,2000007566428089216,RSCVnV*
ZTF J194755.18+203828.6,1826568025320601216,RSCVnV*
ZTF J205622.53+583840.0,2190736618672183296,RSCVnV*
ZTF J202927.29+341646.0,2056093001721556608,RSCVnV*
V* V978 Mon,3326693346053390848,RSCVnV*
ZTF J191139.56+003051.8,4264283362452162816,RSCVnV*
ZTF J051818.72+293319.4,3446671054147922688,RSCVnV*
CRTS J172624.7+430152,1348567920754915840,RSCVnV*
ZTF J222010.79+512051.6,2000971150931663744,RSCVnV*
ATO J352.4550+54.1159,1992836792100873984,RSCVnV*
ATO J049.1683+73.5829,544364569076733952,RSCVnV*
ZTF J211346.28+741045.1,2277154689260806912,RSCVnV*
ATO J201.3992+46.3999,1551108442312634368,RSCVnV*
ATO J023.1315+48.5692,399533358413214720,RSCVnV*
ZTF J223918.72+565250.0,2006841507921099648,RSCVnV*
ZTF J033355.00+552839.0,448268592840627456,RSCVnV*
ZTF J051343.34+631221.6,478113599025781376,RSCVnV*
ATO J279.9623-10.0668,4155241976823322880,RSCVnV*
ZTF J214554.86+500422.5,1980480755312818048,RSCVnV*
ZTF J193431.25+282134.4,2025482872922209408,RSCVnV*
ATO J281.8766+51.2248,2144606780123737600,RSCVnV*
ZTF J210515.72+171644.0,1764165861307373952,RSCVnV*
ZTF J184800.30-060741.7,4253257528564067456,RSCVnV*
CRTS J105045.6+540358,849622875648498432,RSCVnV*
ATO J135.7223-02.1389,5763314085043112576,RSCVnV*
ATO J211.8105+28.7946,1452613159903577984,RSCVnV*
ZTF J190141.95-015447.6,4261985215701111424,RSCVnV*
ATO J352.0012+54.1205,1995836294180017536,RSCVnV*
ZTF J192407.32+113605.5,4315686080810375552,RSCVnV*
ZTF J195907.59+035238.0,4248032614949209600,RSCVnV*
ATO J097.6412+15.8446,3357262415008285312,RSCVnV*
V* V1154 Sco,6243172643388011008,RSCVnV*
ZTF J012602.62+661217.9,525401738713626240,RSCVnV*
ATO J098.4144+25.5273,3384005561450500736,RSCVnV*
V* FF Oct,5765465416982539520,RSCVnV*
ZTF J194036.20+334313.1,2047009317715976064,RSCVnV*
ZTF J013213.35+675706.1,531622118369641984,RSCVnV*
CRTS J031408.9+044949,3202022673835904,RSCVnV*
2MASS J20510310+4424028,2163140315626344064,RSCVnV*
V* BI Cet,2534358706998049792,RSCVnV*
HAT 259-08980,68350010766119936,RSCVnV*
ZTF J060009.45+363737.6,3456621977975545600,RSCVnV*
ZTF J190921.35+143900.7,4320459408742785536,RSCVnV*
ZTF J194936.07+161956.1,1820627020359012224,RSCVnV*
ZTF J203057.56+481835.6,2083726134114139392,RSCVnV*
CRTS J083751.6+141938,603477406561609856,RSCVnV*
ATO J321.8696+24.4132,1798193753322873216,RSCVnV*
ATO J038.3401+44.6282,341303188246781824,RSCVnV*
ZTF J185257.93+334826.6,2092222094810759040,RSCVnV*
ATO J321.7605+34.0507,1855099493020771968,RSCVnV*
CRTS J075240.7+150554,666591435582634368,RSCVnV*
ATO J310.2718+44.9150,2070293950306913280,RSCVnV*
ZTF J200644.10+354428.5,2059095561840323584,RSCVnV*
ZTF J224602.48+604819.1,2200830032339938816,RSCVnV*
ATO J294.2256+34.9287,2048067494557602944,RSCVnV*
ZTF J012717.26+690820.2,532282340743308672,RSCVnV*
ATO J315.9822+55.3700,2188897204438678400,RSCVnV*
ZTF J014111.80+541315.7,408876561551327744,RSCVnV*
ZTF J185029.54+100147.5,4311524330549046784,RSCVnV*
2MASS J15222463+3545409,1387109926476905600,RSCVnV*
CRTS J174141.0+312635,4600629746113363200,RSCVnV*
ZTF J210400.44+384356.3,1872146871060901376,RSCVnV*
ZTF J190212.60+220245.5,4520722944738080512,RSCVnV*
ATO J074.5151+24.4349,3419492093076418816,RSCVnV*
ZTF J014750.53+563350.5,505563628371644672,RSCVnV*
ZTF J055723.00+162625.4,3349694029796892288,RSCVnV*
ZTF J221437.94+612633.9,2204624412610851200,RSCVnV*
ZTF J062557.09+063924.0,3324315304266020352,RSCVnV*
ZTF J205740.53+360224.8,1869816902842616448,RSCVnV*
*  10 LMi,798883781282661248,RSCVnV*
ATO J168.6518+61.2477,861267081743807488,RSCVnV*
ZTF J002925.83+622619.5,430365932209798144,RSCVnV*
2MASS J19491426+2613573,2027026926498577152,RSCVnV*
CRTS J214027.0+015042,2694335552895571584,RSCVnV*
ZTF J200838.99+353548.5,2059034710740462208,RSCVnV*
ZTF J234928.81+604641.1,2011818142368358016,RSCVnV*
ZTF J185152.61-044443.3,4255013590409526144,RSCVnV*
ATO J292.3598+31.2961,2044960549577782016,RSCVnV*
ZTF J014617.50+565849.9,505654269364215040,RSCVnV*
2MASS J21180245+4815126,2164886408808832896,RSCVnV*
ZTF J194019.74+305536.8,2032936595346722816,RSCVnV*
V* V699 Ori,3016736860655462784,RSCVnV*
ZTF J223700.41+610844.8,2200993206739342080,RSCVnV*
2MASS J18275383-0002335,4273117977040507648,RSCVnV*
ATO J281.0780+22.9704,4532435320551045888,RSCVnV*
ATO J302.0892+13.0030,1803117606925384448,RSCVnV*
ZTF J025921.70+630911.4,466672287190760192,RSCVnV*
ATO J083.7189+18.0273,3397714134985387648,RSCVnV*
ZTF J230430.08+581945.1,2010253636098225536,RSCVnV*
2MASS J06301680+0504518,3131395170151320448,RSCVnV*
ZTF J210021.06+281340.6,1846031717546868224,RSCVnV*
ZTF J205101.78+482210.7,2167190469784394496,RSCVnV*
ATO J319.9983+38.0445,1964838346976695296,RSCVnV*
ZTF J192029.82+021526.3,4288908510206258432,RSCVnV*
2MASS J02361926+6119515,465845690661130368,RSCVnV*
ATO J336.7401+52.7165,2001517127172872320,RSCVnV*
CRTS J155951.4+282343,1319711753480529024,RSCVnV*
ATO J281.1398+37.6389,2096872822835719936,RSCVnV*
ZTF J063910.70-022404.7,3106686150281304448,RSCVnV*
ZTF J192333.78+074655.8,4295814680194582784,RSCVnV*
2MASS J20144250+4120304,2062633274843713152,RSCVnV*
ZTF J200637.85+553606.3,2185916527196360704,RSCVnV*
ATO J315.5321+36.7400,1871405731501862784,RSCVnV*
ZTF J185414.90+133331.8,4506250859153207808,RSCVnV*
2MASS J22553651+6243475,2207271860504720000,RSCVnV*
ZTF J201736.64+072208.1,4250102449883563392,RSCVnV*
ZTF J193540.49+290017.2,2032275861915593088,RSCVnV*
ZTF J191437.77+242743.9,2023456846603137664,RSCVnV*
Cl* NGC 2244     PS     220,3131325522961541376,RSCVnV*
ATO J094.3323+15.5243,3345042270976679296,RSCVnV*
CRTS J024628.3+403548,335918982884117888,RSCVnV*
ATO J070.7718+43.9434,204766551567191424,RSCVnV*
ATO J093.9660+03.7525,3317107318351067648,RSCVnV*
ZTF J215853.27+560104.1,2198145609068388352,RSCVnV*
ATO J197.3218+17.9472,3937999717784809216,RSCVnV*
CRTS J000633.3+320602,2873915832123376000,RSCVnV*
2MASS J19161944+0705072,4306175614454473856,RSCVnV*
CRTS J052400.7-034735,3210802002986690560,RSCVnV*
2MASS J03040949+6035027,463136459652860160,RSCVnV*
CRTS J044920.6+035534,3233430467681713024,RSCVnV*
ZTF J202156.67+303524.5,1861577781185484288,RSCVnV*
ATO J160.6450+64.7015,1058663641228841600,RSCVnV*
ATO J087.2218+29.4548,3443533052258430976,RSCVnV*
ATO J304.5643+39.5343,2061477928638150144,RSCVnV*
V* V3022 Cyg,2180682375118042752,RSCVnV*
ZTF J191542.75+132930.9,4319347248372732544,RSCVnV*
ZTF J203811.11+361209.4,2062666084085297536,RSCVnV*
CRTS J045210.2-013106,3226391943996836864,RSCVnV*
ATO J184.0217+21.8467,3953354118491504512,RSCVnV*
ATO J107.1115+28.4671,884611225431070336,RSCVnV*
ATO J305.2039+39.4839,2061440785759976832,RSCVnV*
ZTF J154620.31+741545.9,1703557069532260736,RSCVnV*
ZTF J183801.32-085951.6,4155640760287489536,RSCVnV*
ATO J077.3086+37.0882,185772801732796032,RSCVnV*
ZTF J194654.68+175242.6,1821116607964465408,RSCVnV*
ATO J084.1573+13.0922,3341427484764691584,RSCVnV*
ATO J077.8302+50.2622,261627078140660864,RSCVnV*
ZTF J192823.77+343745.2,2046722173358194560,RSCVnV*
ZTF J063924.37-015356.5,3106813251253778816,RSCVnV*
ZTF J194800.54+200223.8,1824986274722759808,RSCVnV*
ZTF J002309.93+710505.2,531067522129667712,RSCVnV*
ZTF J185400.75+234553.3,4533277443381320448,RSCVnV*
Cl* NGC 6996    VBC     201,2163020885485568000,RSCVnV*
CRTS J150640.5-130750,6309363174652455168,RSCVnV*
ZTF J190923.71-003214.3,4262568055588836864,RSCVnV*
TYC 2733-1027-1,1895154216280792192,RSCVnV*
ZTF J185049.47-100431.0,4203093208263558400,RSCVnV*
ATO J196.1281+41.0342,1527330369489265920,RSCVnV*
ATO J080.9412+51.2278,262102685638527616,RSCVnV*
ATO J104.6587+07.0959,3154006970374838912,RSCVnV*
ATO J070.0220+45.0571,253105931744687232,RSCVnV*
ATO J282.8533+38.2196,2097103857717597568,RSCVnV*
CRTS J040116.9+320050,170090982782316928,RSCVnV*
ATO J103.2435+11.2236,3159130350962055936,RSCVnV*
ZTF J022205.71+484209.0,355261488361476224,RSCVnV*
ATO J317.2181+34.8977,1867256758732689280,RSCVnV*
ZTF J212629.77+473543.2,1972503798456712832,RSCVnV*
ZTF J212257.41+511706.2,2172086977326036224,RSCVnV*
ZTF J041455.76+532629.7,275183949134134528,RSCVnV*
2MASS J13271276+6730356,1684462572646668928,RSCVnV*
ZTF J001901.55+715247.9,537166032092825984,RSCVnV*
ATO J072.3126+39.9765,200159769648796032,RSCVnV*
ZTF J225414.50+572610.1,2007105291941281536,RSCVnV*
ZTF J212037.59+481103.9,2164775259365090944,RSCVnV*
ATO J302.4931+42.1869,2074905027200296832,RSCVnV*
ZTF J203033.00+380454.1,2063873180352610304,RSCVnV*
ZTF J024248.66+560939.2,454741864473948672,RSCVnV*
ZTF J160436.90+702802.6,1647155215403722368,RSCVnV*
ATO J104.3778+18.2477,3364426764052734464,RSCVnV*
ATO J288.4789+37.8827,2099295046952927360,RSCVnV*
ATO J081.1562+37.0091,184406722957533440,RSCVnV*
ZTF J042144.35+570120.8,276950147070768384,RSCVnV*
ZTF J194239.43+182712.4,1824203589942712832,RSCVnV*
ZTF J234307.99+371408.6,1919096803530311808,RSCVnV*
ZTF J194854.62+273525.5,2028011646580591488,RSCVnV*
ATO J275.7509+40.3715,2109798063054786432,RSCVnV*
ZTF J201525.95+261613.5,1835653083711278336,RSCVnV*
ZTF J201319.68+344525.1,2055828088143703552,RSCVnV*
V* FR Boo,1257818251087117312,RSCVnV*
ZTF J213205.44+602828.2,2191763833110580736,RSCVnV*
ZTF J023827.12+593540.9,464291569637075840,RSCVnV*
ATO J090.1842+20.1781,3422795988081341056,RSCVnV*
ATO J297.8741+15.5169,1819773318321542528,RSCVnV*
ATO J297.1704+15.5750,1819809980165874176,RSCVnV*
ZTF J192309.48+034839.7,4292140318474468736,RSCVnV*
ZTF J023717.25+541258.3,453877369155724544,RSCVnV*
ATO J333.2166+47.3910,1963522678234777984,RSCVnV*
ATO J032.8874+30.8947,324558382068274560,RSCVnV*
ZTF J211748.48+652320.8,2220677656025332096,RSCVnV*
ZTF J200105.02+340802.0,2058460353354049792,RSCVnV*
V* V5741 Sgr,4062938529822853760,RSCVnV*
ZTF J190026.49-063543.3,4205737464964670080,RSCVnV*
CRTS J215532.5+140301,1768208318885575552,RSCVnV*
ZTF J235121.00+575458.9,1998313768758333568,RSCVnV*
ZTF J183637.77+175415.9,4524021234793066880,RSCVnV*
ATO J331.0208+47.5278,1975358989631640704,RSCVnV*
ATO J089.7298+37.8706,3457018802891745664,RSCVnV*
ZTF J195451.19+203834.5,1826430135345362688,RSCVnV*
ATO J328.9445+48.0671,1976290825734325760,RSCVnV*
ATO J284.0718+34.6877,2092371525313477504,RSCVnV*
EM* LkHA  349C,2178442322028512512,RSCVnV*
ATO J010.4787+41.5589,381288852742127744,RSCVnV*
ZTF J070150.51-101623.4,3049534154343598208,RSCVnV*
ZTF J025846.77+603811.5,464639015313871616,RSCVnV*
ZTF J040934.85+561411.7,468960542686432512,RSCVnV*
ZTF J220054.67+624542.6,2204433338101920128,RSCVnV*
CRTS J012743.2+130530,2587065751085355392,RSCVnV*
ATO J295.1560+44.2352,2079631243566096768,RSCVnV*
ZTF J215104.22+655950.6,2219440636724734720,RSCVnV*
ATO J253.7322+52.6220,1413702989584405504,RSCVnV*
ZTF J211637.92+442751.9,1971551724464571392,RSCVnV*
2MASS J22550959+6244210,2207271452486978304,RSCVnV*
CRTS J165948.5+240542,4572343606897959424,RSCVnV*
ATO J322.9333+46.0434,1971378001629569536,RSCVnV*
CRTS J104451.8+202958,3987531479663906432,RSCVnV*
ZTF J194556.35+103102.6,4302051385019971712,RSCVnV*
ATO J319.9329+43.9055,1970737325634024192,RSCVnV*
CRTS J011312.7+374220,369886401758693120,RSCVnV*
ZTF J210348.07+481700.1,2165494924086136320,RSCVnV*
ZTF J215252.33+571947.0,2199198524582232320,RSCVnV*
ZTF J195505.84+173503.2,1821190142134612224,RSCVnV*
ATO J302.8669+07.7479,4250740304066630784,RSCVnV*
SDSS J121521.29+244748.2,4002359459116052864,RSCVnV*
ATO J270.8347+03.4665,4469430074456185344,RSCVnV*
ATO J213.3138+42.6980,1504289416134836480,RSCVnV*
ZTF J190631.03-015219.0,4262174636586257664,RSCVnV*
ATO J041.9828+32.1893,130550757938894976,RSCVnV*
ATO J295.4889-08.1979,4194971218880170496,RSCVnV*
ZTF J193808.40+244647.7,2021241850422028160,RSCVnV*
ZTF J191918.10+041914.4,4292461066647855232,RSCVnV*
V* RZ Cnc,709587249372597760,RSCVnV*
ZTF J194536.04+153214.8,4318568381814625152,RSCVnV*
ZTF J042346.27+465745.7,257113445471560832,RSCVnV*
ATO J284.2235-12.9314,4102652511791272320,RSCVnV*
ZTF J190933.83+125706.9,4314050488538317696,RSCVnV*
ZTF J191100.67-100443.2,4200829176330218880,RSCVnV*
ZTF J202429.72+263011.5,1832901143542680320,RSCVnV*
ZTF J184841.39+091337.4,4311361980781145728,RSCVnV*
ZTF J050950.32+445615.6,205672789667731456,RSCVnV*
ZTF J053807.85+482503.4,210936804665298560,RSCVnV*
RX J0920.3+0213,3845106481477763584,RSCVnV*
ZTF J195545.34+215315.5,1827084447839904384,RSCVnV*
ZTF J040903.34+524821.4,275059085845987200,RSCVnV*
V* YY LMi,733603611275474944,RSCVnV*
ZTF J230647.45+585038.9,2013295233162081024,RSCVnV*
V* EO Psc,288781167053300480,RSCVnV*
ATO J107.6193-11.1750,3046270498895535360,RSCVnV*
ZTF J175249.71+295036.3,4596808427811036032,RSCVnV*
ZTF J195223.62+323119.1,2033930626918688256,RSCVnV*
ZTF J214947.74+504341.0,1980523700683401600,RSCVnV*
ATO J310.5289+35.8547,1870465442902316672,RSCVnV*
ZTF J190837.32-045405.9,4212349579977071360,RSCVnV*
ZTF J184923.42-060638.4,4253266603932016640,RSCVnV*
ATO J090.0747+07.9727,3323203289988940800,RSCVnV*
ZTF J004501.29+622604.5,427729337680847104,RSCVnV*
ZTF J202829.32+500809.4,2180153097706625024,RSCVnV*
ZTF J210252.66-022251.7,6916180309127333120,RSCVnV*
ATO J342.6239+46.3110,1983966447680511872,RSCVnV*
ZTF J201901.23+253544.3,1835369203550808192,RSCVnV*
ZTF J194428.96+521529.1,2137257369527674624,RSCVnV*
ATO J307.8410+17.6719,1812081890855616512,RSCVnV*
V* V601 Aur,156371066236087680,RSCVnV*
ATO J102.9443+07.0780,3133033889154146432,RSCVnV*
ZTF J191853.65+005317.1,4264465851349145856,RSCVnV*
ZTF J200458.97+354713.9,2059087727818839936,RSCVnV*
ZTF J192010.63+645815.2,2254250560684232832,RSCVnV*
ZTF J041809.56+500441.5,270613966493943424,RSCVnV*
UCAC4 621-066629,2092143136134567424,RSCVnV*
ZTF J052858.86+344649.6,182673656412682624,RSCVnV*
CRTS J210012.3-071640,6909083167728332544,RSCVnV*
ATO J082.4358+39.0290,190674974325136384,RSCVnV*
ZTF J181559.95+030518.0,4277803335382880256,RSCVnV*
ATO J096.8501+36.9841,954941963440877952,RSCVnV*
ATO J291.9897+35.6105,2049895226473977344,RSCVnV*
ZTF J190612.75+050606.6,4305464818857022208,RSCVnV*
ZTF J194142.24+323435.6,2033368806496742528,RSCVnV*
ZTF J202446.05+443511.7,2069382867482739968,RSCVnV*
ATO J288.7206+02.1997,4267937009573345920,RSCVnV*
ZTF J205928.14+684726.4,2270343562622265088,RSCVnV*
ZTF J013836.70+624046.1,511670831350349440,RSCVnV*
LAMOST J152804.27+022902.8,4421269914669574016,RSCVnV*
ZTF J193956.98+314727.3,2033305107873059328,RSCVnV*
ZTF J201544.10+602836.2,2236835086773291648,RSCVnV*
ZTF J015051.96+574704.3,505787756949345152,RSCVnV*
ZTF J171957.87+232124.8,4568530397494555776,RSCVnV*
ATO J080.8771+28.3386,3445561823009772416,RSCVnV*
ZTF J201034.57+161741.6,1809376301989309952,RSCVnV*
ZTF J184541.62+101954.1,4503661135613372032,RSCVnV*
ZTF J050037.91+390612.3,198989275096521984,RSCVnV*
ZTF J192532.47+063823.0,4295370885493556864,RSCVnV*
ZTF J042354.35+414617.4,228322767857779200,RSCVnV*
ZTF J195249.06+031225.3,4241940775080080384,RSCVnV*
ZTF J021710.71+602356.1,507437642862763264,RSCVnV*
ZTF J204100.26+355218.2,1870509698247066752,RSCVnV*
ATO J064.2611+46.2848,233792632048827776,RSCVnV*
ATO J085.5468+33.9032,3448620011525400448,RSCVnV*
ZTF J031441.85+604359.8,463001670697323776,RSCVnV*
ATO J091.0198+35.4935,3453456827596434432,RSCVnV*
ZTF J025104.64+602448.3,464574350286516480,RSCVnV*
ZTF J214001.99+573355.2,2178387556914944896,RSCVnV*
ZTF J210438.54+492448.8,2168660624215406976,RSCVnV*
ATO J042.3277+57.1063,460790655894929280,RSCVnV*
ATO J029.9275+58.4207,505512604165803392,RSCVnV*
ATO J079.8996+30.7059,3446887043760480384,RSCVnV*
ZTF J191655.48+192420.7,4516178830680382848,RSCVnV*
ATO J346.9962+48.4294,1984608352014635392,RSCVnV*
ATO J040.8108+45.9559,341070607178095744,RSCVnV*
ZTF J191634.10+300909.5,2039206977012192640,RSCVnV*
ATO J286.3200+34.0060,2044370146181052544,RSCVnV*
ATO J208.1377+31.6871,1457345148712185472,RSCVnV*
ZTF J202648.77+453031.8,2070944311438705792,RSCVnV*
BOKS 14623,2128177224551557504,RSCVnV*
ATO J275.5028+05.3671,4476660527342520960,RSCVnV*
ATO J332.8507+52.5566,2004235772757074688,RSCVnV*
ATO J320.2472+55.3136,2176325903893129984,RSCVnV*
ZTF J235946.97+643327.7,2016416295695735680,RSCVnV*
ZTF J221150.68+502910.5,2000817425460465920,RSCVnV*
ZTF J185830.75+283005.8,2040350705324172288,RSCVnV*
2MASS J22570209+6244070,2207291724733316992,RSCVnV*
2MASS J05231259+3330402,181176185997346816,RSCVnV*
2MASS J17595766+0208175,4468125469552351616,RSCVnV*
RX J1732.2+4847,1365621002504688640,RSCVnV*
ZTF J194540.13+240123.1,2020524693927744640,RSCVnV*
V* V5717 Sgr,4050250818459220224,RSCVnV*
ZTF J001323.43+573521.9,422418417338055168,RSCVnV*
ATO J042.1030+51.9919,452657774543674496,RSCVnV*
ZTF J222528.00+482116.1,1987456022713911680,RSCVnV*
ZTF J234221.97+682701.5,2214122298982900352,RSCVnV*
ZTF J194013.36+123816.0,4316784703416081920,RSCVnV*
CRTS J232551.2+274456,2868824062495148800,RSCVnV*
ZTF J224724.80+612558.1,2207049488576264448,RSCVnV*
ATO J071.4002+41.1607,203323515574422912,RSCVnV*
2MASS J17153004+6326297,1631065202761120256,RSCVnV*
ZTF J190028.93-021924.0,4261874714771210624,RSCVnV*
ZTF J185226.52+132024.1,4506231896894792192,RSCVnV*
ZTF J202258.41+215715.4,1829245091274240896,RSCVnV*
ZTF J195843.85+215115.5,1826907430805278720,RSCVnV*
CRTS J211038.0+131012,1758981938860820608,RSCVnV*
ZTF J195807.06+142511.2,1807209611250742912,RSCVnV*
ATO J077.3254+17.3432,3395038061122050432,RSCVnV*
ATO J196.6031+32.8393,1467238653121197952,RSCVnV*
CRTS J105323.3+175715,3982992455145799296,RSCVnV*
ZTF J205842.72+392306.1,1873012495940815744,RSCVnV*
2MASS J19272856+4101139,2053594327183666048,RSCVnV*
TYC 2654-2505-1,2038979137604124160,RSCVnV*
Cl* NGC  381     CT     181,522538541723459328,RSCVnV*
ATO J179.4635+45.6676,773395486841219840,RSCVnV*
ZTF J195043.26+181842.4,1821490618054845568,RSCVnV*
ZTF J010848.39+571914.3,413567559199011072,RSCVnV*
ZTF J192950.51+294324.4,2026612170099174912,RSCVnV*
V* BC Phe,4910693055937045888,RSCVnV*
CRTS J084048.6+190445,661194929434048512,RSCVnV*
ATO J101.2804+03.7999,3127616629726436608,RSCVnV*
ZTF J052942.43+235315.6,3416632503851452800,RSCVnV*
ATO J093.0536+21.2793,3375348792869495680,RSCVnV*
ATO J288.0862+22.1945,4520271217269530624,RSCVnV*
ATO J110.1292-01.4699,3109900027071119360,RSCVnV*
ZTF J211635.38+470339.3,2164242163715060480,RSCVnV*
RX J2346.7+1033,2760440940737560192,RSCVnV*
ZTF J211347.20+451750.3,1971836532339180416,RSCVnV*
Cl* NGC 6939    KGH V6,2194809686476312064,RSCVnV*
CRTS J090207.0+092647,591458090906310784,RSCVnV*
UCAC4 789-000063,528605646875259776,RSCVnV*
CRTS J113707.5+310635,4024093745980236672,RSCVnV*
ZTF J193355.55+243811.0,2021327711064071424,RSCVnV*
ATO J035.3146+55.1396,455931776575652992,RSCVnV*
ZTF J195124.52+173533.5,1821228311475295616,RSCVnV*
ZTF J184541.10+212126.2,4531098275743742208,RSCVnV*
ZTF J174749.51+165505.0,4549387861399426688,RSCVnV*
ZTF J203523.11+451950.2,2071112944728092032,RSCVnV*
ZTF J013806.57+703758.9,533810146507771776,RSCVnV*
ATO J303.2234+51.8022,2088442106972996864,RSCVnV*
ZTF J175553.66+354945.7,4607984688629411968,RSCVnV*
ATO J300.9802+57.3908,2234580641260443648,RSCVnV*
ZTF J212911.96+570015.4,2178770942859549056,RSCVnV*
ATO J303.3874-05.6295,4217551163325450624,RSCVnV*
ATO J229.4051+08.9980,1167051676428563712,RSCVnV*
ATO J087.0878+30.2675,3444709078728524416,RSCVnV*
ATO J067.4408+51.0539,270914274904434560,RSCVnV*
ZTF J195015.38+375158.5,2072167999178723584,RSCVnV*
ZTF J193058.58+294318.1,2026597773368784512,RSCVnV*
ZTF J121656.52+661334.9,1681135553540806656,RSCVnV*
ZTF J185527.04+140740.9,4506398713421097088,RSCVnV*
ZTF J052501.83+413711.2,194960320895536896,RSCVnV*
CRTS J045535.3+213800,3412328534303769216,RSCVnV*
ZTF J193256.55+165523.5,4322083078125844096,RSCVnV*
ZTF J195722.54+080245.1,4297544315048668032,RSCVnV*
ATO J263.3045-01.4736,4370532400851242880,RSCVnV*
ZTF J172052.62+065536.8,4393945160935147904,RSCVnV*
ZTF J221934.72+630628.9,2205054733971154944,RSCVnV*
ATO J095.2733+14.4863,3344687987715073920,RSCVnV*
ATO J256.3998+24.1336,4571640469212337920,RSCVnV*
OGLE BLG-T2CEP-1066,4104988011975295360,RSCVnV*
ZTF J201554.33+265517.9,1835756747045627520,RSCVnV*
ATO J322.7949+52.3569,2172583956581335168,RSCVnV*
IRAS 21551+5200,1981130223094121216,RSCVnV*
ATO J300.0618+05.9786,4248947584724949248,RSCVnV*
V* YZ Men,4624796839892452864,RSCVnV*
ZTF J194255.25+165233.8,1820939281706184832,RSCVnV*
ZTF J210323.04+394826.7,1873089015083357184,RSCVnV*
ATO J313.7459+32.0001,1865670163456117504,RSCVnV*
ATO J310.1291+20.7358,1817401564330319360,RSCVnV*
ZTF J233901.57+503850.0,1944493361769706624,RSCVnV*
ZTF J191457.08+265739.8,2036354392882224512,RSCVnV*
ATO J019.7761+54.0384,410693951192808576,RSCVnV*
ZTF J195722.65+283232.6,2028494675774288768,RSCVnV*
ZTF J194318.06+153908.4,4318610717359064704,RSCVnV*
2MASS J02221223+5721086,458463127217653760,RSCVnV*
ATO J331.2652+58.1539,2199530443957983744,RSCVnV*
ZTF J220243.68+532121.1,1981296386787757824,RSCVnV*
CRTS J205913.8+031426,1731196176219653120,RSCVnV*
ATO J300.1669+11.3966,4303799024380788224,RSCVnV*
ZTF J190208.26-002519.2,4265581477697187328,RSCVnV*
ZTF J215910.17+533912.0,1981549308820692608,RSCVnV*
CRTS J070311.8+323319,890799856690432768,RSCVnV*
ZTF J192148.70-054253.7,4211125484244895744,RSCVnV*
2MASS J20323360+4121025,2067831280474848896,RSCVnV*
ATO J084.0645+34.9450,3449701346850714368,RSCVnV*
NSVS   8227869,2094353837398616960,RSCVnV*
ZTF J170003.67+450323.2,1359524519766192640,RSCVnV*
ZTF J212753.41+184511.9,1786837516193796480,RSCVnV*
ATO J310.5319+27.0520,1856364893470789248,RSCVnV*
ZTF J040919.38+541235.4,276063734536817408,RSCVnV*
UCAC4 621-023809,182532884564476032,RSCVnV*
ZTF J232417.12+642202.4,2209126083788600704,RSCVnV*
2MASS J18582912-0259279,4255808502961489408,RSCVnV*
CRTS J023913.2+292238,128262365003071488,RSCVnV*
ZTF J191111.81-011346.8,4262290154041110784,RSCVnV*
ATO J036.8299+56.4718,457569945820479872,RSCVnV*
ZTF J194531.97+182033.7,1824162259525248896,RSCVnV*
ZTF J172939.00+234628.0,4569165537258918400,RSCVnV*
ZTF J184856.20-105941.1,4106900436282189440,RSCVnV*
ZTF J193116.74+112329.3,4314926215192512768,RSCVnV*
ZTF J025349.51+604143.3,464675501056852096,RSCVnV*
UCAC4 741-055444,1433769867065340800,RSCVnV*
ZTF J192100.47+005501.4,4264508010745493248,RSCVnV*
ATO J085.8596+41.1514,192636743587256832,RSCVnV*
ATO J296.4412+28.9523,2031708857520626944,RSCVnV*
ZTF J200400.70+211248.2,1823846935851893120,RSCVnV*
CRTS J073831.7+354241,895336858279850880,RSCVnV*
ZTF J220512.35+661532.0,2219327700565267072,RSCVnV*
ZTF J054515.52+174100.1,3396751546916775680,RSCVnV*
ZTF J045206.18+373120.6,198600868317306496,RSCVnV*
ZTF J002342.15+522829.3,418956089582455296,RSCVnV*
ZTF J044019.74+364055.0,175201753344927744,RSCVnV*
ATO J297.2309+48.2238,2086715946736867840,RSCVnV*
V* XY UMa,1023682919309621632,RSCVnV*
ATO J098.3186+44.6473,965061460443075072,RSCVnV*
ZTF J194030.28+315300.0,2033260818166980352,RSCVnV*
ZTF J195049.18-115739.9,4189677242194407808,RSCVnV*
ZTF J063722.90+060219.9,3131891320475898112,RSCVnV*
ZTF J201003.05+352902.8,2058831060564054400,RSCVnV*
ZTF J000609.78+674020.4,528917186623435904,RSCVnV*
ZTF J193807.71+175056.2,1824259321429944320,RSCVnV*
V* V2393 Cyg,2076299792060826496,RSCVnV*
ZTF J020558.66+611247.2,508400368376707328,RSCVnV*
ZTF J190507.63+191715.6,4517842945838982016,RSCVnV*
ATO J092.0385+42.2507,960651731620944640,RSCVnV*
V* V344 Pup,5531921695480803072,RSCVnV*
ZTF J192534.33+294518.3,2038654403723722240,RSCVnV*
ATO J265.2855+39.9155,1343918292239945728,RSCVnV*
ZTF J195550.37+154625.7,1819655567486399616,RSCVnV*
ATO J086.8309+30.8887,3444794192095460736,RSCVnV*
ATO J316.2263+34.2146,1866365982516034560,RSCVnV*
ZTF J233050.01+724640.4,2228741886620383360,RSCVnV*
CRTS J093753.1-064722,3820672309451756288,RSCVnV*
CRTS J163944.3+273319,1304565499772194560,RSCVnV*
ZTF J042340.04+450407.1,232687382343646976,RSCVnV*
ZTF J195512.66+030227.5,4241969770395469952,RSCVnV*
2MASS J20510146+4415344,2163135573981345280,RSCVnV*
CRTS J123235.8+240252,3959183733437671296,RSCVnV*
CRTS J052323.2-033243,3210890925989343104,RSCVnV*
ZTF J220759.60+610112.8,2203101760808391808,RSCVnV*
ATO J283.6708+11.0477,4311984854123672832,RSCVnV*
NSVS   1091608,1651905311794208896,RSCVnV*
ZTF J202023.37+244406.6,1832265900696991104,RSCVnV*
2MASS J19433207+2326346,2020116225351548416,RSCVnV*
ZTF J191655.83-105023.7,4199943412328438016,RSCVnV*
ZTF J190346.30-024705.4,4261690649602718976,RSCVnV*
ATO J313.8511+50.2470,2169646714343388288,RSCVnV*
ZTF J232632.18+520913.7,1991677387145822336,RSCVnV*
ATO J328.0544+35.0211,1948994899811877504,RSCVnV*
ZTF J192759.32+101334.6,4314543138467906304,RSCVnV*
ZTF J044835.35+423507.9,203682226944650880,RSCVnV*
ZTF J193608.84+345852.4,2048070174617463552,RSCVnV*
ATO J089.2194+34.4694,3451839690807581568,RSCVnV*
ATO J308.8394+57.2562,2187199455405922176,RSCVnV*
ATO J278.1097+10.9136,4480863513615877504,RSCVnV*
V* IS Vir,3677941161701409792,RSCVnV*
ATO J358.5024+55.6260,1994698402725988480,RSCVnV*
ATO J304.4117+51.9182,2184280045879219584,RSCVnV*
ZTF J012644.93+641811.2,512813735025473792,RSCVnV*
ZTF J073021.69+215222.1,865249134903405696,RSCVnV*
ATO J085.0865-02.5083,3216447651597551872,RSCVnV*
ZTF J015307.68+612228.9,508303297810171520,RSCVnV*
ZTF J171121.45+054459.3,4393568406402550528,RSCVnV*
ATO J331.3402+17.8630,1776399336915051392,RSCVnV*
ZTF J182724.97+064936.4,4477265881524891008,RSCVnV*
SDSS J234322.65+394202.1,1919628387339830912,RSCVnV*
ZTF J213346.64+465516.7,1977486682075563648,RSCVnV*
ATO J302.5103+36.1609,2059147307602965120,RSCVnV*
ZTF J051436.35+611825.9,285557398962210944,RSCVnV*
ATO J342.6096+43.4323,1935421978520748288,RSCVnV*
UCAC4 756-014455,510313686101276416,RSCVnV*
ZTF J192425.14+221404.5,2019167552966792704,RSCVnV*
ATO J060.5546+29.6054,167314990798932864,RSCVnV*
ATO J287.6402+39.9284,2100534093478016000,RSCVnV*
ATO J318.8068+27.7131,1848095810106379776,RSCVnV*
ATO J026.7902+53.3305,408026192386428672,RSCVnV*
[DCO2008] T-UMa0-02602,1020361363401404928,RSCVnV*
ZTF J195304.28+224331.2,1827959010599453312,RSCVnV*
ZTF J190508.01+250800.9,4533711784836621184,RSCVnV*
ZTF J194623.69+264000.2,2027832082568988160,RSCVnV*
ZTF J195955.14+161148.1,1820056266436685440,RSCVnV*
2MASS J02592523+6032518,466126963780633472,RSCVnV*
ATO J312.1120+51.8447,2182032197429720832,RSCVnV*
ZTF J002416.20+452747.8,388846620788093440,RSCVnV*
ZTF J184440.82+135008.8,4505792500238291968,RSCVnV*
ZTF J190001.83+282702.0,2040312192359998848,RSCVnV*
ATO J314.2895+22.0419,1838840911496243968,RSCVnV*
ATO J314.5368+33.6819,1866281491920070400,RSCVnV*
ZTF J183831.21+074930.6,4286809263321699584,RSCVnV*
ZTF J191600.48+143843.0,4320327914014882432,RSCVnV*
ZTF J211531.53+585138.6,2191331175287616256,RSCVnV*
ATO J121.7539+50.8420,935364510369518080,RSCVnV*
ZTF J200241.66+135154.6,1806450879505098240,RSCVnV*
ATO J096.8537+41.6432,958466383541731200,RSCVnV*
ZTF J190435.20+171443.2,4513987645763372160,RSCVnV*
CRTS J160519.9+282820,1317050797902492672,RSCVnV*
ATO J308.6807+51.4089,2180674438018682112,RSCVnV*
ATO J088.1056+38.3916,3457936345345376640,RSCVnV*
ATO J109.2375-06.8342,3052010946025888000,RSCVnV*
ZTF J185231.22+101128.3,4311541991455670912,RSCVnV*
ZTF J001954.13+032310.4,2548783371842610944,RSCVnV*
ZTF J000040.23+625404.5,430055114018613120,RSCVnV*
ZTF J211016.30+452714.8,2162550157070769152,RSCVnV*
ZTF J071303.68-122647.0,3045108757481354624,RSCVnV*
ZTF J185450.07+011106.4,4266923122360974208,RSCVnV*
ZTF J193419.92+193442.8,1825428587631191552,RSCVnV*
ZTF J193854.46+233840.1,2020265514123079168,RSCVnV*
ZTF J191024.26+011940.8,4267410515311435008,RSCVnV*
ZTF J055101.86+300208.3,3443929318825424128,RSCVnV*
ZTF J054337.71+105927.8,3339985342122045184,RSCVnV*
ATO J351.2405+54.4755,1995896939118837760,RSCVnV*
ZTF J195842.41+071010.1,4297230778124862336,RSCVnV*
ZTF J194548.50+293940.3,2031815578877743104,RSCVnV*
ZTF J185956.94+160050.0,4507798769682717952,RSCVnV*
ZTF J192010.22+152203.5,4320710922007125248,RSCVnV*
ZTF J200233.87+430600.9,2075729106859656192,RSCVnV*
V* BI CrB,1224168144397133824,RSCVnV*
ATO J095.8267+29.8191,3435478231934494848,RSCVnV*
ZTF J053326.21+345222.4,183001478377426816,RSCVnV*
ZTF J013356.67+614710.1,510780398731754240,RSCVnV*
ZTF J153834.65+692626.9,1647613780471933568,RSCVnV*
2MASS J22532187+6234490,2207262892615552000,RSCVnV*
ZTF J232906.27+642405.2,2209173981259554816,RSCVnV*
ZTF J184004.75+093722.2,4479628182271340672,RSCVnV*
ZTF J213407.28+610309.9,2215847608829201280,RSCVnV*
ZTF J234951.16+573447.0,1998258243419455232,RSCVnV*
ATO J263.0508+50.3295,1366559126441091072,RSCVnV*
2MASS J18551663+4737329,2131628076150418432,RSCVnV*
ZTF J193904.08+163651.3,4321918357569841664,RSCVnV*
ZTF J204729.75+502308.6,2168396226028930176,RSCVnV*
ATO J267.6114+12.4580,4499133896473674112,RSCVnV*
ATO J091.8111+25.5224,3426604558922579712,RSCVnV*
ATO J303.3285+51.9840,2088449429900012672,RSCVnV*
ZTF J192152.95+064012.9,4295591891660489600,RSCVnV*
2MASS J22185542+5332141,2004743811536042240,RSCVnV*
ZTF J185243.68+175626.4,4517416502803017600,RSCVnV*
ATO J107.6904-02.8422,3108331195776198016,RSCVnV*
ZTF J185828.72+555946.2,2152967947577901568,RSCVnV*
V* EP CVn,1544750550683288832,RSCVnV*
2MASS J23042906+6320398,2207641743087026432,RSCVnV*
CRTS J074519.4+351002,894629700504951808,RSCVnV*
ZTF J231351.48+524200.8,1995288977908887296,RSCVnV*
ZTF J183257.52-132919.6,4104599089729459328,RSCVnV*
FHK 133,2163144271295324544,RSCVnV*
ZTF J001404.37+665058.7,528319842571885696,RSCVnV*
ZTF J000720.94+632016.2,431554499976072192,RSCVnV*
ZTF J193124.60+164536.1,4322120392804078336,RSCVnV*
ZTF J223610.50+643807.8,2205615824197020544,RSCVnV*
ZTF J193646.71+462946.8,2128148770387905664,RSCVnV*
CRTS J144452.2+160349,1186546532984976128,RSCVnV*
ZTF J200931.77+345002.8,2058741519081076096,RSCVnV*
ZTF J195510.15+183146.5,1821409937069136384,RSCVnV*
ZTF J194936.97+153942.4,1819770633931503744,RSCVnV*
ZTF J194026.77+382726.7,2049128866877841152,RSCVnV*
V* UX CVn,4030308460578827264,RSCVnV*
ZTF J175229.73-040345.0,4175923519960496640,RSCVnV*
ZTF J194906.83+342509.1,2035456920844581888,RSCVnV*
ZTF J184520.50+161328.9,4510807892461652608,RSCVnV*
CRTS J132453.8+100952,3732275182351126400,RSCVnV*
ZTF J193337.29+234403.7,2019564098757208832,RSCVnV*
ATO J339.6756+57.5472,2008044343589733632,RSCVnV*
ATO J064.2315+47.9425,234181996602357376,RSCVnV*
ZTF J201053.48+491955.7,2087574042543561472,RSCVnV*
2MASS J04534402-0258122,3225055487613457152,RSCVnV*
ZTF J200314.55+304915.0,2030670781078792704,RSCVnV*
ATO J301.6102+43.0594,2075750036243026304,RSCVnV*
ZTF J053114.19+543215.3,267967648163493632,RSCVnV*
ZTF J033927.90+431943.3,238317019316945024,RSCVnV*
2MASS J18514886+1904455,4518305908943064832,RSCVnV*
ZTF J190736.41+132558.7,4314314444337899264,RSCVnV*
ZTF J192430.67+021945.5,4288692314425779456,RSCVnV*
ZTF J195309.92+013406.5,4240577930413718912,RSCVnV*
ZTF J195047.81+322129.7,2033902245748777728,RSCVnV*
ZTF J212247.75+485334.2,2164823878395901696,RSCVnV*
ZTF J050812.18+364615.8,185761424361602304,RSCVnV*
ATO J293.5199+56.3913,2142064262564361984,RSCVnV*
Cl* NGC 2682   SAND     999,604917491916095872,RSCVnV*
ZTF J163831.61+534611.9,1426579920012940032,RSCVnV*
ATO J029.2242+34.7618,329962447359239680,RSCVnV*
ZTF J194207.40+155343.9,4318632604513862528,RSCVnV*
ZTF J055709.41+363916.0,3456801095294042496,RSCVnV*
V* CK Tri,326760119744747392,RSCVnV*
ATO J093.7180+14.7622,3344883387250131712,RSCVnV*
2MASS J22223545+3440227,1905282097061132928,RSCVnV*
ZTF J201211.98+220000.2,1829763137357341952,RSCVnV*
UCAC4 718-020243,455328660084847360,RSCVnV*
ZTF J221308.70+575731.6,2198815589601723776,RSCVnV*
ZTF J014238.31+580924.2,506036280934752512,RSCVnV*
ZTF J192621.19+304821.0,2038916117535200768,RSCVnV*
FHK 226,2162951513159200128,RSCVnV*
ATO J200.9145+16.6355,3745994304327085696,RSCVnV*
ZTF J202453.41+460602.1,2082983998122039680,RSCVnV*
GSC 03522-00690,1368539278163416832,RSCVnV*
ZTF J211404.58+395413.5,1968240575248551936,RSCVnV*
CRTS J073441.3+494324,982157388785240704,RSCVnV*
ZTF J193407.29+305124.7,2032773390915425536,RSCVnV*
ATO J297.4892+36.8976,2071964482129686656,RSCVnV*
V* SZ Psc,2658507622907361536,RSCVnV*
ZTF J235427.29+564221.2,1995051105443889536,RSCVnV*
ZTF J020911.17+513243.7,358950178075102976,RSCVnV*
ZTF J053245.74+345818.3,183015226572345600,RSCVnV*
ZTF J193029.64+263629.9,2024848278569436160,RSCVnV*
ZTF J044104.47+663936.8,483439289755029376,RSCVnV*
ATO J019.6147+54.4770,410779335142449536,RSCVnV*
ZTF J190250.12+142831.1,4506646515883690624,RSCVnV*
CRTS J022012.7+143700,75862389602034816,RSCVnV*
ZTF J191820.46+295331.5,2038439517912510336,RSCVnV*
ZTF J215218.05+584512.7,2202488950562941312,RSCVnV*
ZTF J225547.45+553902.7,2002966833249916800,RSCVnV*
ZTF J191149.68+030327.6,4268243429734785792,RSCVnV*
ZTF J200339.61+385234.2,2073912821050558848,RSCVnV*
ZTF J215939.93+433855.6,1960999127246500096,RSCVnV*
ATO J276.0989+10.0308,4483371435223578752,RSCVnV*
ATO J347.1746+55.1733,1996740127100552064,RSCVnV*
Cl* NGC 2264    RMS     453,3326895170860918912,RSCVnV*
ATO J232.4190+49.0058,1594415662708930432,RSCVnV*
[HJS91] 4872,152009028728671744,RSCVnV*
ZTF J192407.88+102325.2,4308789978231591552,RSCVnV*
ZTF J192419.14+080449.5,4295856427295534080,RSCVnV*
ZTF J190134.79-060516.4,4205796563744377344,RSCVnV*
CRTS J014209.2+130413,2587534628370269184,RSCVnV*
2MASS J00013632+6436563,431769179619236480,RSCVnV*
ZTF J201306.22+133035.2,1803527071921062656,RSCVnV*
ZTF J195648.42+044856.0,4248363537882844544,RSCVnV*
ZTF J190324.32-015400.5,4261995317424911744,RSCVnV*
ATO J078.7766+31.7127,180580564228829952,RSCVnV*
ZTF J195257.66+010838.9,4240372287378299520,RSCVnV*
ZTF J005601.34+584548.6,425903491241712128,RSCVnV*
ZTF J190144.55-020805.5,4261961954157560192,RSCVnV*
CRTS J150651.7+050303,1156732961665462528,RSCVnV*
Cl* Melotte  111     AV     999,4002055684669356416,RSCVnV*
ZTF J192221.41+242558.2,2022977940569568000,RSCVnV*
ZTF J002241.93+602424.2,428721470826306560,RSCVnV*
ZTF J190628.69+140907.3,4314435695561409536,RSCVnV*
ZTF J183357.69+223517.5,4535158566027487616,RSCVnV*
ZTF J185717.70-083635.0,4203762810831068672,RSCVnV*
ATO J305.9772+49.9479,2084859077762227712,RSCVnV*
ZTF J200216.01+250848.4,1834731138892882304,RSCVnV*
ATO J279.6692+53.8769,2147215062222728704,RSCVnV*
ATO J103.1025+01.4975,3114086104055949824,RSCVnV*
ZTF J222711.04+582913.7,2200171253074970112,RSCVnV*
ASAS J195155+0933.2,4301687137428731392,RSCVnV*
2MASS J02170111+5700156,458534247574331776,RSCVnV*
ZTF J195244.81+102926.9,4303309432469934464,RSCVnV*
ZTF J194947.06+194032.3,1824773931561658240,RSCVnV*
ZTF J192346.88+242725.4,2022816935184139520,RSCVnV*
ATO J005.2034+15.4424,2792526098784603008,RSCVnV*
ZTF J181910.29-022538.7,4270760795897739008,RSCVnV*
2MASS J22542545+6234245,2207260663529224064,RSCVnV*
ZTF J062826.58+183644.8,3372098812595283968,RSCVnV*
ZTF J194113.38+171613.3,1823978361853342464,RSCVnV*
ATO J150.6103+58.8458,1046889074285772800,RSCVnV*
ZTF J181607.92+015019.4,4277379989042128896,RSCVnV*
ATO J329.5288+29.1820,1896476864346872960,RSCVnV*
ATO J271.7172+46.7323,2116371012283996288,RSCVnV*
ZTF J220018.14+641239.2,2218107169641527552,RSCVnV*
ATO J088.9386+38.8190,3457878071227769728,RSCVnV*
ATO J283.5489-11.1072,4202152369898820992,RSCVnV*
ATO J309.0815+51.1384,2180617332131937920,RSCVnV*
HD 222259A,6387058411482257536,RSCVnV*
ATO J300.7988-02.3549,4234138090804864768,RSCVnV*
ZTF J231736.66+684933.3,2214752525303442944,RSCVnV*
ATO J096.9176+25.5177,3383875269322288256,RSCVnV*
ATO J086.3441+36.0248,3455654068443078144,RSCVnV*
ZTF J202331.50+382957.4,2061130581737910784,RSCVnV*
ZTF J195426.76+201409.4,1826273974673218048,RSCVnV*
ATO J297.2913+15.6834,1819818192144283392,RSCVnV*
ZTF J210206.36+445153.8,2162652549097251456,RSCVnV*
ZTF J055438.77+420110.1,192393888956491648,RSCVnV*
ZTF J192202.21+293351.0,2038733465471093504,RSCVnV*
ZTF J200854.45+360544.8,2059151980527085696,RSCVnV*
ZTF J200021.50+353602.1,2059491695262815104,RSCVnV*
ATO J212.5223+54.3383,1609135924381593600,RSCVnV*
ATO J301.9561+11.1372,4300633049372431232,RSCVnV*
2MASS J06422344+0056313,3125806558706851072,RSCVnV*
ZTF J034712.18+482441.6,248505712534879744,RSCVnV*
ATO J079.7189+37.0813,187095101901417344,RSCVnV*
ZTF J194222.55+103109.9,4302744730182123904,RSCVnV*
ZTF J191641.01+244813.6,2023497257978191360,RSCVnV*
ATO J075.5830+32.8843,160644322472353664,RSCVnV*
ATO J096.2039+06.8799,3324522051108371712,RSCVnV*
ZTF J194033.05+203306.4,1825778502911523200,RSCVnV*
ATO J058.3445+15.4320,40277589124440704,RSCVnV*
ATO J028.1592+48.5585,357172027253376512,RSCVnV*
V* V1084 Tau,68310359628169088,RSCVnV*
CRTS J013045.5+201234,288291437702344448,RSCVnV*
ZTF J193725.15+093729.3,4302289704157019392,RSCVnV*
ATO J220.2675+44.5789,1493634220748463104,RSCVnV*
ZTF J185625.40+092126.5,4310499650096646912,RSCVnV*
2MASS J19524863+4005198,2073480781695123328,RSCVnV*
ZTF J192221.74+001552.9,4263617715563297280,RSCVnV*
V* V498 And,387742126997049728,RSCVnV*
ZTF J182343.02-010615.6,4271340302947882112,RSCVnV*
ZTF J191515.22+233736.1,2022522953237203712,RSCVnV*
ATO J287.1798+16.6799,4513146656825578752,RSCVnV*
ZTF J185415.37+091704.3,4311223854590595584,RSCVnV*
ZTF J223429.24+691012.2,2226075747021338368,RSCVnV*
CRTS J091002.1+472746,1011576299855229056,RSCVnV*
TYC 1866-988-1,3428191394717823104,RSCVnV*
OGLE BLG500.7   1605,4057243811104373248,RSCVnV*
ATO J275.1776+21.0818,4528769170823524096,RSCVnV*
ZTF J180641.10+004736.0,4275532191031752448,RSCVnV*
ZTF J194148.23+285653.4,2031559422672691456,RSCVnV*
ATO J276.8157+50.9033,2124186199198419328,RSCVnV*
ZTF J185705.48-034034.1,4255568014807500928,RSCVnV*
ZTF J202015.72+132307.5,1804822468410746624,RSCVnV*
ZTF J190030.05+124235.6,4313842405961121408,RSCVnV*
ZTF J185909.03-024855.5,4261819356889627648,RSCVnV*
ATO J293.9011+50.3902,2135127031390720512,RSCVnV*
ATO J318.0453+39.7302,1968188077874003584,RSCVnV*
ZTF J201651.69+171318.2,1809167360413644288,RSCVnV*
ZTF J014835.96+632634.4,512052052647553280,RSCVnV*
ATO J035.9821+45.4740,353559650519899520,RSCVnV*
ZTF J195351.79+230911.5,1828114728934262656,RSCVnV*
ZTF J190202.05-013707.1,4262062731278088576,RSCVnV*
ZTF J200415.05+133104.4,1806379033289294336,RSCVnV*
ZTF J224147.51+652427.6,2211676405306572544,RSCVnV*
ZTF J214014.66+591023.7,2179434910455802624,RSCVnV*
ZTF J222811.94+553055.9,2006659336896533632,RSCVnV*
ZTF J195811.44+163609.6,1820131209346445696,RSCVnV*
ZTF J073824.89+452239.1,927017224250076928,RSCVnV*
ATO J289.0667-12.2717,4198073868904904960,RSCVnV*
ZTF J235937.73+550602.4,1993875005955549824,RSCVnV*
ATO J299.1380+38.8024,2072563376682417152,RSCVnV*
ATO J103.2434+19.6654,3365567503069879936,RSCVnV*
V* V1110 Tau,147940663906992512,RSCVnV*
V* V829 Cen,5384525839580589440,RSCVnV*
ZTF J193819.97+002338.1,4239287378646204928,RSCVnV*
V* XX Tri,329324421377469696,RSCVnV*
ATO J022.6280+58.8448,509222218956896768,RSCVnV*
ZTF J033635.09+514805.6,442378058076783488,RSCVnV*
ATO J283.9848-06.1043,4253787871125889280,RSCVnV*
ZTF J191454.14+214042.2,4520088354746896000,RSCVnV*
CRTS J001946.6+223036,2800389427989059072,RSCVnV*
ATO J319.0494+49.1055,2165814263486644992,RSCVnV*
ATO J277.8765+15.2853,4510082695829075968,RSCVnV*
CRTS J165025.1+220555,4565725131013928704,RSCVnV*
ZTF J192930.48+392600.3,2053160982165244928,RSCVnV*
OGLE BLG504.31  26678,4063586932405385088,RSCVnV*
ZTF J191250.46+061800.9,4306025672855484416,RSCVnV*
ZTF J190900.59+011120.2,4267386321704819200,RSCVnV*
SDSS J164509.48+223115.9,4566022789427214592,RSCVnV*
ATO J282.2830+31.9592,2090310525126522240,RSCVnV*
CRTS J053758.2+003155,3222379787411670272,RSCVnV*
ZTF J191904.94+011700.8,4264770381713407232,RSCVnV*
ZTF J190835.19+145805.3,4512648165701312640,RSCVnV*
ZTF J233637.99+732915.4,2228847645898362240,RSCVnV*
ATO J298.9496+42.8868,2075580264780694144,RSCVnV*
ZTF J013944.18+561438.1,409709510331620992,RSCVnV*
ZTF J194402.51+290937.7,2031402780994186752,RSCVnV*
ATO J091.3028+12.1589,3342660969309088640,RSCVnV*
CRTS J025658.5-030918,5186313408106447744,RSCVnV*
ZTF J200245.13+212938.3,1823916209410783744,RSCVnV*
ZTF J195023.58+211151.5,1826614136093526528,RSCVnV*
ZTF J063748.18-014629.4,3106871177470087296,RSCVnV*
ZTF J225543.90+560923.1,2003794726843327104,RSCVnV*
ATO J326.5224+55.9721,2175008998199747328,RSCVnV*
ZTF J194907.83+375723.5,2072829522896002432,RSCVnV*
ZTF J193851.48+273405.5,2025190609000596480,RSCVnV*
ZTF J204732.53+481429.4,2167171846810171136,RSCVnV*
CRTS J083108.3+310838,708181768570906240,RSCVnV*
ZTF J193743.83+165437.2,4321988447093003008,RSCVnV*
ZTF J214856.63+594600.3,2203527581039189248,RSCVnV*
2MASS J05311754+3411211,182582328224353536,RSCVnV*
ZTF J214002.37+573102.6,2178387110238365312,RSCVnV*
2MASS J22532653+6240134,2207276572087912832,RSCVnV*
ZTF J182413.60-012458.7,4271313128701573504,RSCVnV*
ZTF J200036.99+251657.8,1834560237878304640,RSCVnV*
ZTF J210805.80+573950.1,2189742316565758464,RSCVnV*
2MASS J18171710-0157341,4270989597403284992,RSCVnV*
ATO J301.6702+07.3910,4250666396277928320,RSCVnV*
ZTF J050641.76+485737.3,255487985028982656,RSCVnV*
ZTF J000543.50+641946.5,431703041426927104,RSCVnV*
ZTF J193602.15+482822.2,2128943648575095424,RSCVnV*
ZTF J194540.30+161553.2,1820658081598399872,RSCVnV*
ZTF J043119.25+625846.5,475761640575429120,RSCVnV*
ZTF J193422.02+091133.9,4302167516624494976,RSCVnV*
ZTF J195049.23+190925.4,1824673429337608064,RSCVnV*
ZTF J191034.82+693334.4,2262181681650063616,RSCVnV*
V* V3188 Oph,4474704534814144128,RSCVnV*
ATO J015.3279+56.6037,423957463047300608,RSCVnV*
2MASS J19363283+4644333,2128199901979087616,RSCVnV*
ZTF J002046.22+592156.0,428242118117002880,RSCVnV*
ATO J288.6240+37.5662,2099275633700649984,RSCVnV*
ZTF J210110.12+212428.4,1837946871103732096,RSCVnV*
ATO J076.9799+49.9575,262338771402441728,RSCVnV*
ATO J308.9362+14.8969,1810521924370819200,RSCVnV*
CRTS J083247.3+105306,601607343441086208,RSCVnV*
2MASS J02550028+6042094,464687973642095360,RSCVnV*
ZTF J014913.44+540544.8,408448336133426048,RSCVnV*
ZTF J144609.22+013604.7,3652272306837720448,RSCVnV*
ZTF J224739.77+580600.5,2007419752266820096,RSCVnV*
ATO J090.4395+43.7387,961350883578322560,RSCVnV*
ZTF J015336.81+562721.6,504901653655988608,RSCVnV*
ZTF J191203.76+151828.4,4320601241378910464,RSCVnV*
ATO J087.8964+12.3012,3343192514461209984,RSCVnV*
ZTF J200551.39+352912.8,2059015812883474048,RSCVnV*
ZTF J015529.95+705812.1,522222225957932160,RSCVnV*
ZTF J195455.78+300031.5,2030362024487678976,RSCVnV*
ZTF J183500.04+080636.2,4478947447127745664,RSCVnV*
ZTF J210136.29+092329.7,1744371864572321536,RSCVnV*
2MASS J02521161+6029516,464669453739924480,RSCVnV*
ZTF J001112.69+574452.5,422472572590872960,RSCVnV*
CRTS J162320.5+134239,4463703646095789056,RSCVnV*
ZTF J194217.85+161719.8,4318866388175516928,RSCVnV*
ATO J076.2491+54.2045,267161882237778048,RSCVnV*
ZTF J194345.03+153540.2,4318562471936650624,RSCVnV*
ZTF J222358.35+521552.4,2001387831478454912,RSCVnV*
ATO J079.1356+33.7630,181901623151346304,RSCVnV*
ZTF J193352.00+180442.0,4323074764576870912,RSCVnV*
ZTF J192241.39-031313.4,4214315098756260608,RSCVnV*
ZTF J195542.68+394252.7,2073489710907006592,RSCVnV*
ATO J282.7082+12.5582,4504618535375360000,RSCVnV*
ATO J289.3739-08.2668,4201641852861941632,RSCVnV*
ATO J290.0559-00.9013,4262926706857373312,RSCVnV*
OGLE BLG500.17 144211,4063373386565829888,RSCVnV*
ZTF J193027.92+035652.2,4289554679460965504,RSCVnV*
ZTF J191426.82-094243.9,4200950530613783040,RSCVnV*
Cl* NGC 7092   PLAT    4685,1978735933449043584,RSCVnV*
ATO J111.1247-07.5671,3054679426389970304,RSCVnV*
ROTSE1 J171203.71+525354.6,1418872137343835648,RSCVnV*
ZTF J192807.54+271339.8,2025689924694203648,RSCVnV*
USNO-B1.0 1350-00403688,2163044937303653888,RSCVnV*
ZTF J041651.50+523211.6,274897221419448832,RSCVnV*
ZTF J043537.93+452401.7,253913763554307712,RSCVnV*
ZTF J205053.19+371506.4,1870909714325500032,RSCVnV*
ZTF J194156.48+121312.0,4316709455582394240,RSCVnV*
ATO J102.6311+27.5587,3385448807900259072,RSCVnV*
ZTF J045511.68+322445.7,160730840293304960,RSCVnV*
ATO J312.0621+25.2635,1843743595188952192,RSCVnV*
ZTF J035138.37+563208.5,445573999082631808,RSCVnV*
2MASS J02173696+5701106,458370252851465472,RSCVnV*
ZTF J200426.89+263649.8,1835135484299304320,RSCVnV*
ZTF J024801.17+581127.0,461009316969413888,RSCVnV*
ZTF J221415.14+612655.2,2204625305964032896,RSCVnV*
[FKC2012] LRa02a2 38363,3102324529391406080,RSCVnV*
ZTF J201039.23+334442.5,2055258094440520960,RSCVnV*
ZTF J231730.18+562732.7,2009207278985353600,RSCVnV*
ZTF J205535.10+294914.1,1858513957668252800,RSCVnV*
CRTS J013050.5+434858,396903189160969984,RSCVnV*
ATO J110.5065+19.2847,3362810378880153344,RSCVnV*
ZTF J190824.47+441504.4,2106055462915762176,RSCVnV*
ATO J100.8802+46.5730,966256663942284800,RSCVnV*
CRTS J081728.6+111321,648795633727815552,RSCVnV*
ZTF J202814.54+501541.8,2180905983989221632,RSCVnV*
ZTF J193012.14+245008.0,2024372228742477952,RSCVnV*
Cl* NGC 2244     PS     258,3131335384206371072,RSCVnV*
ZTF J175240.23+074357.4,4475964536481027072,RSCVnV*
ATO J303.2206+05.7464,4249443631960529024,RSCVnV*
ZTF J211241.58+361422.5,1868469721910963584,RSCVnV*
ATO J319.3747+28.2549,1848140340327789184,RSCVnV*
ZTF J213623.83+533228.4,2174194702453753728,RSCVnV*
ZTF J154135.38+451105.8,1397669601790342912,RSCVnV*
ZTF J193430.09+112412.5,4315096192810577920,RSCVnV*
ATO J025.3999+54.3792,408901330625398912,RSCVnV*
ATO J276.8963+11.5172,4483983210367707008,RSCVnV*
ZTF J193123.56+130452.8,4316350568136656256,RSCVnV*
ZTF J183816.95+031334.1,4280095370450350848,RSCVnV*
ZTF J051319.86+372640.8,187250403625496832,RSCVnV*
ZTF J193055.48+232024.5,2019533930904566912,RSCVnV*
ZTF J195248.01+131330.1,4305111875633838080,RSCVnV*
ATO J331.4088+46.6645,1975075453068242560,RSCVnV*
ZTF J193433.78+263156.5,2025014549702035072,RSCVnV*
V* IL Hya,5674681804189819648,RSCVnV*
ATO J075.3284+37.0274,186648356585621760,RSCVnV*
ATO J096.4184+37.5529,955024259310789120,RSCVnV*
ZTF J050640.86+402055.3,200657504816086016,RSCVnV*
ZTF J224802.85+581820.1,2007426555494837760,RSCVnV*
ATO J288.9623+25.0565,2023516739950814080,RSCVnV*
ZTF J194804.29+201635.3,1825009948622024704,RSCVnV*
ZTF J201128.66+355346.0,2058971965539725056,RSCVnV*
ZTF J062543.33+190320.4,3372355990939284992,RSCVnV*
ATO J280.1425+39.2643,2098014184624364672,RSCVnV*
ATO J294.1557-01.7098,4214162713315132800,RSCVnV*
ATO J334.9572+29.6346,1894302854980808064,RSCVnV*
ATO J346.6709+52.2323,1995194385549954048,RSCVnV*
ZTF J224211.66+654937.8,2212457195999056256,RSCVnV*
ZTF J221018.06+442730.7,1961864099299672192,RSCVnV*
ATO J105.2297+13.1059,3353108971174335744,RSCVnV*
ATO J022.5013+57.1193,412773024607016960,RSCVnV*
ATO J275.6545+17.6871,4523409463951530880,RSCVnV*
ZTF J195522.12+171310.0,1820412611286290048,RSCVnV*
ATO J288.0650+27.0540,2036321343124024192,RSCVnV*
ZTF J193909.73+182509.9,1824354089926361856,RSCVnV*
ZTF J235000.44+562520.8,1994944998268486656,RSCVnV*
ZTF J191751.80+044448.3,4293246010550704768,RSCVnV*
CRTS J072249.0+343435,896474268699337856,RSCVnV*
ZTF J231254.25+554217.5,1996778571350925184,RSCVnV*
ZTF J192432.38+223300.8,2019193906920177920,RSCVnV*
ATO J301.5997+51.4066,2088362156165970432,RSCVnV*
HAT 259-08401,111249003112946048,RSCVnV*
CRTS J225957.5+154444,2816805445829305600,RSCVnV*
ZTF J190411.59+000302.3,4265698880594126720,RSCVnV*
CD-46  5148,5422432808625873280,RSCVnV*
ATO J259.9934+14.2320,4543136317456597888,RSCVnV*
ZTF J192617.34+240801.8,2022743813319284480,RSCVnV*
[MO2001]   3,2206856593005905920,RSCVnV*
ZTF J200551.67+354704.9,2059076865815234304,RSCVnV*
ATO J101.6401+34.6314,938895145287060480,RSCVnV*
ATO J106.5876+00.7590,3114339442703081472,RSCVnV*
ZTF J181802.62+140321.8,4497474973952128512,RSCVnV*
2MASS J20175682+4042514,2062359221566554624,RSCVnV*
US 3920,54185655299614848,RSCVnV*
ZTF J193850.32+020829.8,4288145827094851712,RSCVnV*
ATO J288.3095+45.5149,2127237176467509248,RSCVnV*
ATO J339.6855+53.1836,2002251085542479104,RSCVnV*
Cl* NGC 2682   SAND    1070,604921374566324992,RSCVnV*
ZTF J185441.03-061212.2,4253967817462988416,RSCVnV*
ATO J104.4461+65.4665,1102330986044769792,RSCVnV*
ATO J161.4059+59.7820,855650089153962368,RSCVnV*
ZTF J012156.08+654321.4,525291065997499008,RSCVnV*
ATO J278.7732+52.2857,2145692925812504576,RSCVnV*
CRTS J012603.8-120737,2458054833414243584,RSCVnV*
ATO J102.3440+03.8624,3128899003879791744,RSCVnV*
NGC   869  1585,458470067890694528,RSCVnV*
ATO J295.8063+31.5720,2033052735604614784,RSCVnV*
ZTF J194152.99+151354.3,4318450600975699328,RSCVnV*
ATO J027.3740+58.3080,506188528936121728,RSCVnV*
ZTF J000812.00+631520.2,431541619379139584,RSCVnV*
ATO J299.8832+06.0992,4248963596363132288,RSCVnV*
ATO J318.2588+05.8784,1733538277720294272,RSCVnV*
ATO J007.2579+53.3631,419435721475258368,RSCVnV*
ASAS J155307+2028.6,1204453316795383552,RSCVnV*
ZTF J193409.53+355618.9,2048362060589745408,RSCVnV*
ZTF J201257.42+355238.9,2058916169643761280,RSCVnV*
ATO J062.9455+57.9170,469341523466167424,RSCVnV*
ZTF J210640.34+414840.5,1969431110120411520,RSCVnV*
V* TY Col,2884080885842578176,RSCVnV*
ZTF J065844.51-041446.1,3102463377095223936,RSCVnV*
ATO J303.2637+53.8066,2185521428862356736,RSCVnV*
ZTF J041926.15+393707.9,227493285114987392,RSCVnV*
V* CE Tri,132377527788307200,RSCVnV*
ATO J355.1919-06.1034,2440559163874103168,RSCVnV*
ATO J051.0369+40.2782,236102328018327936,RSCVnV*
ZTF J214501.99+291428.5,1801333786733586816,RSCVnV*
ATO J115.1703-18.1363,5717089692802973568,RSCVnV*
ATO J089.1590+29.6893,3443727012983690112,RSCVnV*
ATO J288.9348+07.9658,4307979986082140928,RSCVnV*
ATO J106.7266-10.0875,3046631993401602176,RSCVnV*
ZTF J213002.29+483327.3,1978608596258755072,RSCVnV*
ZTF J212846.40+563151.4,2178001830184540544,RSCVnV*
ZTF J234806.37+173426.8,2821587909094759424,RSCVnV*
ATO J197.2909+17.1992,3937094647915266176,RSCVnV*
ZTF J192140.63+072249.4,4295702014610888064,RSCVnV*
ATO J130.0157+53.3597,1030236970683510784,RSCVnV*
ATO J340.5037+59.0477,2008376464817405440,RSCVnV*
OGLE BLG500.9 128146,4056614306370653056,RSCVnV*
ZTF J234340.22+623649.8,2016004601613453952,RSCVnV*
ZTF J195110.74+213417.2,1826735357245129600,RSCVnV*
ZTF J201802.33+392030.4,2061380484434531072,RSCVnV*
CRTS J055606.8-193021,2966408021564213504,RSCVnV*
2MASS J20511252+4418093,2163136093677664000,RSCVnV*
ZTF J044401.69+441410.5,204867878435566848,RSCVnV*
ATO J286.8264+51.5952,2134162897129236096,RSCVnV*
ZTF J195216.33+303935.3,2033456840486450048,RSCVnV*
2MASS J20173069+4052076,2062364616045690368,RSCVnV*
ZTF J010956.87+674657.0,526540867119865856,RSCVnV*
ZTF J022038.17+630944.4,513965374681839488,RSCVnV*
ZTF J042420.60+514045.8,271919773991836032,RSCVnV*
ZTF J190500.82+193803.9,4517923141472375424,RSCVnV*
ZTF J233019.34+682906.1,2213981668871629056,RSCVnV*
ZTF J191018.71+144756.8,4320491363302787072,RSCVnV*
ZTF J222642.25+544641.2,2004932893176567296,RSCVnV*
ZTF J210653.29+433542.2,1970145032468743936,RSCVnV*
ATO J087.5413+28.6432,3443239413935611008,RSCVnV*
2MASS J15191162-0714171,6322148879975662720,RSCVnV*
ZTF J195231.95+342025.7,2035487982049784832,RSCVnV*
ATO J282.5074+53.6094,2146437604422826368,RSCVnV*
ZTF J193817.24+102204.9,4302913367789882624,RSCVnV*
ZTF J212954.06+182340.6,1786059435623873024,RSCVnV*
ZTF J203131.17+470434.7,2071507811146975360,RSCVnV*
ZTF J205730.25+393956.0,1873219891327248512,RSCVnV*
ZTF J185454.17+381816.8,2094162079998239360,RSCVnV*
[MPD2009] 50575,5935995963958178432,RSCVnV*
ZTF J195822.52+300138.4,2030232556989297792,RSCVnV*
2MASS J20512208+4419356,2163136196756883456,RSCVnV*
ATO J302.8213+11.9183,1802786752696497408,RSCVnV*
ATO J277.7434+29.4699,4588184958116764800,RSCVnV*
2MASS J21382834+5731072,2178400888493120640,RSCVnV*
CRTS J092944.4-184308,5678399562240535040,RSCVnV*
ZTF J064347.73+033734.3,3127518841909581056,RSCVnV*
ZTF J191509.79+214507.6,4520090480728754048,RSCVnV*
ZTF J225017.89+232705.0,2837047691119579392,RSCVnV*
ZTF J031334.55+580355.6,461707816089378304,RSCVnV*
ATO J267.2616+09.0274,4488318378549690496,RSCVnV*
ZTF J061814.07+514000.6,971535144388696576,RSCVnV*
ZTF J230747.69+340537.5,1914212708457143168,RSCVnV*
ZTF J222155.80+603001.0,2201370785902714880,RSCVnV*
ZTF J214442.42+442258.2,1973846710159982592,RSCVnV*
ZTF J043501.89+410815.4,203874680135513856,RSCVnV*
ZTF J192718.55+245419.5,2022933891388293376,RSCVnV*
ZTF J193759.57+135433.0,4317874353809753984,RSCVnV*
ATO J284.2484+20.2211,4518860509484462208,RSCVnV*
ZTF J190921.83+032632.4,4269063734058273536,RSCVnV*
ATO J035.7291+33.0764,325086972283480704,RSCVnV*
KOI-3722,2126173673846414336,RSCVnV*
ZTF J194942.29+372852.4,2072051210425649920,RSCVnV*
ZTF J060923.01+133246.4,3344321987780400640,RSCVnV*
ATO J075.5997+42.9231,202027427587981312,RSCVnV*
ATO J293.6376+48.9206,2129018247866069376,RSCVnV*
2MASS J19464772+4115487,2076834841904369664,RSCVnV*
ZTF J194549.70+250731.6,2020923816637928320,RSCVnV*
ZTF J185700.13-051334.0,4254139478648978432,RSCVnV*
ZTF J203750.77+340216.9,1864061951597217536,RSCVnV*
ZTF J063643.87+061133.5,3131944131394230144,RSCVnV*
ATO J106.2127-00.9740,3109566875045011584,RSCVnV*
ZTF J193841.09+372238.6,2048965658116277632,RSCVnV*
ZTF J031648.84+482302.9,435556486078866688,RSCVnV*
ZTF J063456.97+622548.5,1007145336715644800,RSCVnV*
ZTF J015623.25+564035.5,504884301987106432,RSCVnV*
ZTF J231509.43+751146.3,2232830626767149184,RSCVnV*
ATO J082.3548+26.9066,3442171096651576192,RSCVnV*
ZTF J222128.58+611109.6,2201640922165105664,RSCVnV*
ZTF J230042.72+612857.7,2014770777761932288,RSCVnV*
ZTF J064833.86-064856.5,3099442365817771008,RSCVnV*
ZTF J194932.86+341159.6,2035427504576055680,RSCVnV*
ZTF J215547.13+604136.3,2203958486519262464,RSCVnV*
SDSS J020342.55-065658.4,2490498466611611136,RSCVnV*
CRTS J173035.6+384146,1343530022900705664,RSCVnV*
ZTF J000904.86+581648.0,422870973755916800,RSCVnV*
ZTF J183936.23+163917.7,4511601014007910528,RSCVnV*
CRTS J010750.1+282628,308068250271945088,RSCVnV*
ZTF J221430.54+612911.0,2204625512122461568,RSCVnV*
ATO J067.7006+48.6333,258421829948685440,RSCVnV*
ZTF J003438.70+580539.8,424975984472423680,RSCVnV*
ZTF J192958.37+100705.9,4314482704020944768,RSCVnV*
ZTF J185116.85+163112.8,4511032605168753792,RSCVnV*
2MASS J19333950+4211298,2077730909515131776,RSCVnV*
ZTF J210837.90+100958.2,1744675364141286528,RSCVnV*
ATO J079.8173+44.0001,207663455470576640,RSCVnV*
ZTF J193741.24+150902.4,4318299418114768640,RSCVnV*
2MASS J22083216+5617501,2198018478039430784,RSCVnV*
ZTF J203309.46+113222.2,1755341554647068032,RSCVnV*
ATO J033.3511+51.6750,358868470616947456,RSCVnV*
ZTF J194922.93+354642.5,2047696718638421760,RSCVnV*
ATO J270.5191+18.7025,4503502943368006144,RSCVnV*
V* V787 Lyr,2102812934406854400,RSCVnV*
ZTF J210818.31+382513.7,1871977271389494016,RSCVnV*
ATO J109.7977+14.5207,3166969216030659712,RSCVnV*
ATO J015.9268+51.2941,404430033450110208,RSCVnV*
CRTS J160103.8+145814,1192266707871033344,RSCVnV*
ZTF J195358.54+192539.0,1823192176682893952,RSCVnV*
ATO J263.0081+12.5855,4493922795473301888,RSCVnV*
ATO J353.4238+57.7682,1998873385816357888,RSCVnV*
2MASS J19504893+3945213,2073449514332045824,RSCVnV*
2MASS J02593742+6033105,466124141983540608,RSCVnV*
ZTF J193830.43+160404.0,4318802753942201600,RSCVnV*
ZTF J194617.39+344303.0,2047474960884471168,RSCVnV*
UCAC4 795-037363,2226023142260998528,RSCVnV*
ATO J080.1836+47.8660,212224302718226944,RSCVnV*
ZTF J193618.94+321046.5,2045257825719828736,RSCVnV*
ZTF J005647.15+582156.9,425889236252871552,RSCVnV*
ZTF J184456.64-101331.0,4107177242714545536,RSCVnV*
ZTF J230634.69+535537.3,1996339728768038400,RSCVnV*
ZTF J192509.46+073643.0,4295747850531913600,RSCVnV*
ZTF J190640.75+165446.4,4513919441690905600,RSCVnV*
ZTF J062142.91+051456.7,3323735762856242688,RSCVnV*
ZTF J042450.61+540508.4,275449244972525952,RSCVnV*
ZTF J051057.82+522741.4,265877648359588352,RSCVnV*
ZTF J202738.43+314553.8,1862133000195691136,RSCVnV*
ATO J180.3155+10.4559,3918201464737206784,RSCVnV*
ATO J124.2445+26.2348,682561223498419968,RSCVnV*
ATO J276.5140+26.5996,4585317500512141952,RSCVnV*
ZTF J190652.77+034431.1,4269277589072732672,RSCVnV*
ATO J046.6766+39.6758,142916209302356096,RSCVnV*
ZTF J042953.67+560236.9,277363284260848384,RSCVnV*
ZTF J194443.44+265526.1,2028038133602843776,RSCVnV*
2MASS J21405602+5801353,2178555301147867776,RSCVnV*
2MASS J21555124+6246022,2204469175309749632,RSCVnV*
ZTF J043557.09+502655.3,258870907429364992,RSCVnV*
ZTF J214543.05+562617.0,2175170415939337472,RSCVnV*
ZTF J200608.53+360645.0,2059116830519657728,RSCVnV*
ZTF J184421.57-050348.7,4253638887306009216,RSCVnV*
ROTSE1 J151327.50+255622.8,1265172025372058880,RSCVnV*
ATO J097.2019+36.5176,942861083727847552,RSCVnV*
ATO J000.3769+52.6800,396123704141332480,RSCVnV*
ZTF J193905.56+133243.0,4317101152266412416,RSCVnV*
CRTS J105319.8+061113,3864520107317266560,RSCVnV*
ZTF J190138.41+365706.9,2093044151551479040,RSCVnV*
ZTF J000041.86+631059.3,430083701322198016,RSCVnV*
CRTS J132611.3-052711,3635013277111372800,RSCVnV*
CRTS J172402.9+381455,1340535301119470976,RSCVnV*
ATO J337.2244+48.3348,1987419257793154560,RSCVnV*
ATO J320.5287+38.2866,1964117509724606208,RSCVnV*
ATO J300.6721+30.0464,2030188713959973632,RSCVnV*
ZTF J204711.10+435038.2,2067035234054799232,RSCVnV*
ATO J087.0081+31.1675,3444822470159794944,RSCVnV*
ZTF J200149.72+130223.1,1806241319459083008,RSCVnV*
ATO J338.4512+57.4462,2007703494992654592,RSCVnV*
ZTF J214830.14+563427.4,2175155194577354240,RSCVnV*
2MASS J20060610+3549469,2059099788088304256,RSCVnV*
ZTF J062729.03+155147.0,3369261243662704640,RSCVnV*
ATO J300.4440+19.5176,1823032236417878656,RSCVnV*
ZTF J210949.53+490157.5,2165951595059534848,RSCVnV*
ZTF J201701.29+162931.7,1808682024807625344,RSCVnV*
2MASS J00412139+6504130,527485721264160000,RSCVnV*
[SVS76] NGC 7129 15,2218012822097060608,RSCVnV*
ZTF J201024.63-130018.2,6880385325831839232,RSCVnV*
ATO J298.6826+52.0000,2089045571357801984,RSCVnV*
UCAC4 702-081852,2168746935879060352,RSCVnV*
ZTF J182255.39+060016.4,4476812912782112896,RSCVnV*
ZTF J213254.96+443403.2,1971042856736323968,RSCVnV*
ZTF J192700.98+281511.9,2026358702633095296,RSCVnV*
ZTF J194805.42+172719.1,1821043013745136256,RSCVnV*
ZTF J062119.19+095851.9,3330483083460604800,RSCVnV*
ZTF J203659.99+344518.2,1864381432750035200,RSCVnV*
ATO J302.3454+23.1186,1830143568387272704,RSCVnV*
2MASS J21392960+5732343,2178398929988322048,RSCVnV*
ATO J359.0783+56.2747,1994801550662908672,RSCVnV*
ATO J220.0303-06.2762,6331659518116502784,RSCVnV*
ATO J285.5211+42.9437,2105722654488912000,RSCVnV*
ZTF J022621.26+794235.9,562583133152951296,RSCVnV*
ZTF J031959.84+514841.8,442974032039182208,RSCVnV*
ZTF J225056.41+581148.1,2007400643946451328,RSCVnV*
OGLE GD-RRLYR-9509,4255492389026297984,RSCVnV*
ZTF J001523.68+640918.8,431864532196285312,RSCVnV*
ZTF J020058.41+692816.2,521515755379928704,RSCVnV*
UCAC4 686-099149,2164247321992141312,RSCVnV*
ZTF J070004.14+072101.7,3153994807027144448,RSCVnV*
Cl* NGC 7510     BH       6,2014064272824625664,RSCVnV*
ZTF J011215.96+695513.0,533186311098403072,RSCVnV*
2MASS J20493219+4417031,2067074305377614720,RSCVnV*
ZTF J063750.87+060451.0,3131894825169347712,RSCVnV*
ZTF J194304.94+231833.8,2020089562193410304,RSCVnV*
ZTF J195322.81+242809.3,1834448701843369344,RSCVnV*
ZTF J194200.53+164530.7,4318934111224483968,RSCVnV*
ZTF J194745.74+324928.1,2034733648357187968,RSCVnV*
ATO J300.4018+00.3763,4237024308831002368,RSCVnV*
ZTF J190635.12+011411.8,4267492325806556288,RSCVnV*
2MASS J22541609+6240461,2207265164654840832,RSCVnV*
ZTF J190317.94+145302.9,4506873461905840896,RSCVnV*
ZTF J200616.95+194206.9,1822664003088112640,RSCVnV*
ATO J012.1269+58.9593,425224886410686464,RSCVnV*
ZTF J222709.80+471412.2,1986589985506983296,RSCVnV*
ZTF J195244.40+193712.2,1826213089212108032,RSCVnV*
ZTF J201440.92+074435.4,4250916668306528256,RSCVnV*
ZTF J190952.89+255853.9,2035851061381854592,RSCVnV*
ZTF J224740.26+552659.5,2003664606509817344,RSCVnV*
ATO J284.4952+30.2108,2041075974984270336,RSCVnV*
UCAC4 759-075590,2012864946162681600,RSCVnV*
ATO J338.2460+30.1243,1888522241318992384,RSCVnV*
ZTF J190731.70+140013.6,4314415427653199488,RSCVnV*
V* V495 And,387816996867409408,RSCVnV*
2MASS J22570309+6239200,2207243582446785152,RSCVnV*
ZTF J194737.80+284215.1,2028685544153113216,RSCVnV*
ATO J041.0342+47.1984,437269456471679232,RSCVnV*
OGLE GD-T2CEP-168,4265737569670452736,RSCVnV*
ATO J282.9701+21.9089,4531402226299819136,RSCVnV*
2MASS J17291089+2909360,4598451682297980288,RSCVnV*
ATO J317.7706+34.2972,1867165396186578944,RSCVnV*
ZTF J192745.40+345005.4,2046834387959566336,RSCVnV*
NSVS    678086,1108341500719134720,RSCVnV*
ZTF J055054.12+444243.9,196767368253816192,RSCVnV*
CRTS J021728.8+334220,326094812129773952,RSCVnV*
ZTF J200854.92+115815.1,1802892202734676608,RSCVnV*
ZTF J195644.59+065113.7,4297102414450705536,RSCVnV*
ZTF J201428.93+491840.7,2084582378788141440,RSCVnV*
ZTF J021729.88+580702.9,458745182010720384,RSCVnV*
ATO J087.1125+31.6950,3445132979117807616,RSCVnV*
CRTS J084704.9+445925,917235350333711232,RSCVnV*
ZTF J193715.30+382127.9,2052117300807720192,RSCVnV*
ZTF J210040.31+451309.3,2163425535814868352,RSCVnV*
ATO J058.4428+50.6889,250495141386041216,RSCVnV*
ZTF J221243.71+522954.7,2004220517033582592,RSCVnV*
ZTF J052839.52+344133.0,182667059342963840,RSCVnV*
ZTF J191540.73+061116.6,4294014298644044672,RSCVnV*
ZTF J191636.58+222538.1,4520188135434699008,RSCVnV*
ZTF J051003.86+475846.4,213150881783093760,RSCVnV*
ATO J286.0174-05.7242,4206205513336916992,RSCVnV*
ATO J013.2826+46.8746,378090510850887936,RSCVnV*
ZTF J192347.80+091227.5,4308379963475535744,RSCVnV*
ATO J110.1155-03.8290,3059797859172316544,RSCVnV*
ZTF J193824.48+100822.9,4302344542319750784,RSCVnV*
Haro 4-469,3016997547989392896,RSCVnV*
ZTF J194928.48+334047.6,2035350817968011648,RSCVnV*
ZTF J191208.17+512359.0,2133406394472688896,RSCVnV*
ATO J326.7757+48.5735,1978100690593586304,RSCVnV*
ZTF J025928.78+603508.2,466127376097471488,RSCVnV*
CRTS J085125.5-050404,5760969140275047936,RSCVnV*
ATO J088.0067+31.7587,3444951280521654528,RSCVnV*
ZTF J195118.03+392638.8,2073429551312825344,RSCVnV*
ZTF J195127.28+615635.2,2240731378024887168,RSCVnV*
ZTF J194656.95+163523.9,1820693987529524864,RSCVnV*
ZTF J185045.37+150545.9,4507458127226518272,RSCVnV*
ATO J331.8102+44.1710,1962490889646907392,RSCVnV*
ATO J335.4625+36.6401,1906856357193555840,RSCVnV*
ZTF J222842.59+615738.4,2202063095967578112,RSCVnV*
ZTF J011630.98+642603.5,524781682879212800,RSCVnV*
ATO J297.1383-08.5737,4195457409181396096,RSCVnV*
ATO J292.0779+47.0410,2128362492260402304,RSCVnV*
ZTF J174205.01+271152.9,4594561472720330496,RSCVnV*
ZTF J193106.79+255035.3,2024585632733984128,RSCVnV*
ATO J304.9539+54.5935,2185158246429913216,RSCVnV*
KOI-1714,2128121046379779968,RSCVnV*
ATO J083.8065+42.9907,194765909197608192,RSCVnV*
ZTF J192827.58+001207.3,4263430042661807744,RSCVnV*
ZTF J194640.07-013445.0,4235045080519253248,RSCVnV*
ATO J106.6460-06.4447,3052977176229959168,RSCVnV*
ZTF J181435.62-100405.6,4157669629774118784,RSCVnV*
ATO J235.9053+50.7191,1404296461450254464,RSCVnV*
SSTCOB4 J00131517+6823204,528881315056482176,RSCVnV*
ZTF J225346.56+550347.9,2002916320129881344,RSCVnV*
2MASS J20522831+4421145,2162952475231874688,RSCVnV*
ZTF J032432.17+661804.9,491813410829244288,RSCVnV*
ATO J040.1808+48.8937,438454936166427008,RSCVnV*
ZTF J210658.08+344519.1,1867905264435050496,RSCVnV*
ZTF J045322.44+182500.3,3406841730763466368,RSCVnV*
ZTF J201808.27+262038.3,1835478467522491904,RSCVnV*
ZTF J205209.22+375309.9,1872461537546433024,RSCVnV*
ATO J312.7309+31.7932,1859694420840884864,RSCVnV*
ZTF J005104.64+645030.0,524430281530793984,RSCVnV*
ZTF J182512.77+254529.3,4584836528593932416,RSCVnV*
ZTF J193545.85+252749.3,2021521877943084928,RSCVnV*
ATO J085.3212+41.5754,192850323720779392,RSCVnV*
CRTS J210749.5+082429,1743260430115051520,RSCVnV*
ZTF J235758.69+611146.9,2011892187608675968,RSCVnV*
ATO J299.4015+03.3227,4241251553086120704,RSCVnV*
ZTF J193037.32+055702.5,4294412970345470720,RSCVnV*
ZTF J194926.40+162640.8,1820725426672299264,RSCVnV*
ZTF J204539.52+245016.8,1843350730237835776,RSCVnV*
ATO J296.5198+11.2633,4304388671863477376,RSCVnV*
ZTF J192707.93+300358.1,2038688557294786176,RSCVnV*
ATO J284.7700+19.3702,4517988287524693760,RSCVnV*
ZTF J003218.91+630851.4,430777561875683712,RSCVnV*
ZTF J195932.36+300223.9,2030235133970172672,RSCVnV*
ZTF J180927.67+145516.6,4498608329920152192,RSCVnV*
ZTF J190202.31+121822.4,4313759049233083392,RSCVnV*
ATO J281.2058+11.3693,4504056444418596096,RSCVnV*
V* V627 Per,243108622271431424,RSCVnV*
ZTF J193417.04+320723.5,2045294079571645568,RSCVnV*
ATO J269.2874+42.8035,1345421049757659776,RSCVnV*
ZTF J055224.82+203833.6,3399848905531457536,RSCVnV*
ZTF J195230.47+224857.2,1828006216544197120,RSCVnV*
CRTS J164633.5+051427,4434811469815279616,RSCVnV*
ATO J061.1298+34.1648,170889915419809024,RSCVnV*
ATO J271.5436+60.3892,2158687675783661056,RSCVnV*
ATO J085.6362+43.4066,196234964108048768,RSCVnV*
ZTF J195519.87+021104.4,4241011550311216384,RSCVnV*
ZTF J194033.95+203112.4,1825778124954403200,RSCVnV*
ZTF J205038.73+550805.7,2183064363973387904,RSCVnV*
ATO J058.6107+55.7282,444728543360315904,RSCVnV*
CRTS J052655.1+040151,3236287857884884608,RSCVnV*
CRTS J091729.9+032218,3845492684936888064,RSCVnV*
ATO J063.1899+49.1665,246541057055547520,RSCVnV*
V* IL Com,4008364338792386304,RSCVnV*
ZTF J220805.42+610733.5,2203291151682935808,RSCVnV*
ZTF J194804.71-032859.0,4233763500941244288,RSCVnV*
2MASS J22573766+6251406,2207294954548657280,RSCVnV*
ATO J080.9632+34.1106,182707943131604224,RSCVnV*
ZTF J184605.01-120501.7,4105965679599922688,RSCVnV*
ZTF J190900.72+210116.2,4519608138718088832,RSCVnV*
ATO J315.3033+28.7591,1846154965927710208,RSCVnV*
UCAC4 583-067131,4537791900678308224,RSCVnV*
CRTS J012826.6+374142,322504906664737024,RSCVnV*
ZTF J205038.96+375352.6,1871153908981967616,RSCVnV*
ZTF J004510.79+611148.2,427185865398170240,RSCVnV*
ATO J323.7793+44.4528,1968044248008862208,RSCVnV*
ZTF J053348.89+433440.3,195595495018675840,RSCVnV*
ZTF J023735.18+741953.5,546886883110670464,RSCVnV*
ZTF J043845.93+432803.8,252764907045680256,RSCVnV*
CRTS J132927.4+510809,1559697277392615936,RSCVnV*
ZTF J220511.80+573717.2,2199451416557921280,RSCVnV*
ZTF J212940.57+542233.5,2175990277962662272,RSCVnV*
2MASS J02221970+5709533,458408151640186112,RSCVnV*
2MASS J15380102+1221482,1190568993196706688,RSCVnV*
ZTF J185934.91+274933.0,2037170372247152384,RSCVnV*
ATO J079.0062+39.9151,188706912936052992,RSCVnV*
V* CG Ari,112231240655972736,RSCVnV*
ZTF J201918.24+490711.8,2084703909183697280,RSCVnV*
ZTF J213213.19+471601.8,1978260257209985408,RSCVnV*
CRTS J162513.6+300247,1318101312542742784,RSCVnV*
ATO J293.3874+23.7834,2019565266988423168,RSCVnV*
ZTF J062030.37+060006.4,3323994560404601216,RSCVnV*
ZTF J183456.81+024725.6,4282960044914982656,RSCVnV*
ZTF J184447.56+371635.7,2096849355134318976,RSCVnV*
ATO J269.9491+25.4245,4582523194787321984,RSCVnV*
ATO J349.0204+57.6933,2009563353256871808,RSCVnV*
ATO J292.3190+19.5996,4515614957339315328,RSCVnV*
ATO J277.6105+33.0815,4592247653581627392,RSCVnV*
ZTF J193452.54+285352.2,2032268646369333504,RSCVnV*
ATO J284.2874+37.0809,2093840541566330752,RSCVnV*
2MASS J02230237+5709544,458413026417386112,RSCVnV*
ZTF J200833.99+090117.4,4299334835366132992,RSCVnV*
CRTS J162407.5+202606,1201320739447348736,RSCVnV*
ATO J266.0099+02.8410,4376273092797224832,RSCVnV*
ZTF J222743.91+370716.7,1907610690889856000,RSCVnV*
ZTF J185741.67+270949.2,2037111788892263296,RSCVnV*
ZTF J183845.57+253916.0,4536239940015411456,RSCVnV*
ZTF J200421.55+405515.7,2074383961773797120,RSCVnV*
ZTF J045610.43+454136.0,206516149446363392,RSCVnV*
ZTF J211520.96+540836.3,2175796248516389888,RSCVnV*
ZTF J195416.54+152408.9,1819617874829171968,RSCVnV*
ATO J351.7900+57.9901,2010933550903169280,RSCVnV*
ZTF J222451.54+480338.1,1987432585068756608,RSCVnV*
ZTF J201004.20+381012.5,2061637490955634816,RSCVnV*
ZTF J224537.81+704904.0,2226802077529909120,RSCVnV*
ATO J287.9038-08.9882,4201245685083573760,RSCVnV*
ZTF J185423.37+150333.0,4507630784913638016,RSCVnV*
ATO J293.0248+12.3344,4315422610333548416,RSCVnV*
ATO J317.9830+24.9295,1841420224038246528,RSCVnV*
ZTF J191105.84-013802.9,4261493046781874432,RSCVnV*
ZTF J205241.52+464620.4,2166436857641794432,RSCVnV*
ATO J089.2213+17.8803,3350416889971853952,RSCVnV*
ATO J113.1535+10.1565,3149563672085824000,RSCVnV*
ZTF J020921.08+704912.9,522075986616488576,RSCVnV*
ZTF J225446.37+542719.6,2002652166765948800,RSCVnV*
ZTF J004750.03+644325.2,524419771753034112,RSCVnV*
ZTF J191405.85-071932.4,4204890050728252416,RSCVnV*
2MASS J06154648+1416385,3344804845185198848,RSCVnV*
2MASS J18443996-1232103,4105563331406809472,RSCVnV*
ZTF J175009.82-005802.6,4370989183515560448,RSCVnV*
NSVS   2247366,1007931277073977088,RSCVnV*
CRTS J180926.5+343403,4605329127530460416,RSCVnV*
ATO J120.6000+60.3771,1084436743540210816,RSCVnV*
ZTF J185415.97-002308.7,4266184903436253312,RSCVnV*
ATO J331.4255+42.0919,1959884359894188672,RSCVnV*
ZTF J193913.32+142721.5,4318021550920203776,RSCVnV*
ZTF J200156.53+234814.7,1833463303211527168,RSCVnV*
ZTF J220830.76+605611.4,2203097775078485760,RSCVnV*
ATO J267.0987+05.6934,4473890273432246912,RSCVnV*
ATO J026.1953+40.0193,346935470918816896,RSCVnV*
2MASS J18423028+4403122,2117342946206037632,RSCVnV*
CRTS J044101.0-140231,3174505818483798272,RSCVnV*
ZTF J200926.24+344835.7,2058741106764219392,RSCVnV*
ATO J294.9794+45.6514,2080039609055284096,RSCVnV*
ATO J085.5727+49.0704,211066826210531456,RSCVnV*
CRTS J103908.6+112751,3870798116849320576,RSCVnV*
ZTF J060517.75+132615.7,3345054881001003520,RSCVnV*
ZTF J204831.38+791428.1,2297121103163287296,RSCVnV*
ATO J070.6788+20.0516,3410957237145378688,RSCVnV*
ZTF J205158.47+272927.3,1845741034162213632,RSCVnV*
ZTF J222455.55+514756.6,2001304470446067072,RSCVnV*
ZTF J185557.00-010640.7,4265332541442891264,RSCVnV*
2MASS J21384544+5728230,2178397551292322304,RSCVnV*
ZTF J201139.87+390204.4,2061789915080786176,RSCVnV*
ZTF J202159.93+262401.2,1835816940985150080,RSCVnV*
ZTF J210142.83+512306.0,2169426159178909184,RSCVnV*
ZTF J023555.73+560326.8,457683229878949248,RSCVnV*
ZTF J231331.48+625125.9,2015322423364125952,RSCVnV*
CRTS J012918.6-023233,2484289318291088640,RSCVnV*
ZTF J193112.85+115247.2,4315368601186273152,RSCVnV*
ATO J100.9903+15.4491,3357563131437054464,RSCVnV*
ATO J101.9302+44.4174,952473392333856896,RSCVnV*
ZTF J193608.56+123217.3,4315487550252195968,RSCVnV*
ZTF J192320.64+022132.9,4288883010973239040,RSCVnV*
2MASS J10005793+7237343,1125906714367243648,RSCVnV*
ZTF J051411.54+543414.9,267044401994337280,RSCVnV*
ATO J308.8790+30.5813,1862327029634025472,RSCVnV*
ZTF J220202.87+522103.0,1980422171964818048,RSCVnV*
CRTS J044133.0+074229,3292165038808084864,RSCVnV*
ATO J348.7260+56.5714,2009248583695526784,RSCVnV*
ATO J247.7731+13.4976,4460685727195868416,RSCVnV*
ZTF J065137.00+172546.5,3358459538354841216,RSCVnV*
* del CrB,1222932018450870144,RSCVnV*
ZTF J020553.74+650654.9,518482546398825728,RSCVnV*
ATO J094.8776+11.9041,3331710417612625664,RSCVnV*
ZTF J071032.16-132133.6,3044604670060863488,RSCVnV*
ZTF J152208.36+652205.3,1644251233395774080,RSCVnV*
ZTF J222942.72+644624.8,2206371708376968192,RSCVnV*
ATO J104.6281+32.1614,889371389225135616,RSCVnV*
ZTF J181526.21+631002.9,2160768123582341248,RSCVnV*
ZTF J203914.07+365823.9,2062862454292816256,RSCVnV*
ZTF J200917.91-093339.2,4191584894866732288,RSCVnV*
ZTF J200737.21+413146.2,2074791640065907456,RSCVnV*
ZTF J193851.01+264501.5,2025074369995157504,RSCVnV*
ATO J076.6741+05.2111,3239067869957233152,RSCVnV*
V* NP Com,3930914980250061824,RSCVnV*
ATO J341.4680+55.3786,2003643445219870464,RSCVnV*
ZTF J204626.00+532352.4,2182457399198332160,RSCVnV*
ATO J276.0188+04.2962,4278343779699956736,RSCVnV*
ZTF J182755.27-132201.9,4104465537754745600,RSCVnV*
ZTF J211328.36+444509.0,1971804436031545856,RSCVnV*
ZTF J194916.31+500043.2,2087250614326853760,RSCVnV*
ZTF J224400.22+635239.6,2211302979371235328,RSCVnV*
ZTF J193811.65+155438.7,4318782344256032640,RSCVnV*
ZTF J035858.43+581159.5,469981267434313472,RSCVnV*
ATO J106.4419-20.4214,2929427528523046400,RSCVnV*
CRTS J040246.1-084403,3194152716882214912,RSCVnV*
ATO J062.6052+32.8603,169835586848872704,RSCVnV*
ZTF J184914.80+110653.0,4504186010672146432,RSCVnV*
ZTF J211618.73+514243.5,2172271832718263296,RSCVnV*
ZTF J033304.25+540509.9,445042827586091648,RSCVnV*
ATO J304.6222+49.3161,2084897010911117440,RSCVnV*
ZTF J193228.40+253619.1,2024529080948847232,RSCVnV*
ZTF J195602.45+462456.1,2085489299777346944,RSCVnV*
2MASS J21015374+4021159,1873162579284721536,RSCVnV*
ZTF J195030.94+325256.6,2034702106114770304,RSCVnV*
ZTF J004731.36+700206.1,535961757624558208,RSCVnV*
OGLE BLG648.16  31001,4060995830194723328,RSCVnV*
ATO J270.7132+19.0493,4527532048441718016,RSCVnV*
ZTF J193206.12+270426.5,2025238712615231232,RSCVnV*
ZTF J054951.33+314706.1,3445125832292131840,RSCVnV*
ZTF J212520.78+333658.3,1855062521941478528,RSCVnV*
ATO J284.5226-03.0547,4255806372657760000,RSCVnV*
ATO J094.1183+07.9140,3325315073870376704,RSCVnV*
ZTF J230138.88+553410.2,2008900038510355072,RSCVnV*
ZTF J193823.09+293243.4,2032397147445992320,RSCVnV*
CRTS J165208.5+190631,4559879332630034944,RSCVnV*
ZTF J190529.52+675614.0,2255963427999331712,RSCVnV*
ZTF J221708.02+464924.0,1963270752633060480,RSCVnV*
ATO J103.1293-12.5765,2952724251463256192,RSCVnV*
ATO J081.1211+27.8564,3445330650689757696,RSCVnV*
ZTF J195730.77+082136.1,4298309506422576896,RSCVnV*
ZTF J113208.27+783520.7,1129112065639608960,RSCVnV*
ZTF J053129.85+420405.1,194565007809037056,RSCVnV*
ZTF J231113.64+613547.1,2014918211102274048,RSCVnV*
UCAC4 392-066119,4331930853998666240,RSCVnV*
ZTF J210152.35+292225.8,1846386859802361344,RSCVnV*
ZTF J185647.07+125006.0,4505966880244533376,RSCVnV*
ATO J055.4111+58.0152,449126624229862784,RSCVnV*
ATO J001.9093+48.9262,393593483065131776,RSCVnV*
ATO J316.7941+28.2655,1851284084590798080,RSCVnV*
ZTF J195731.13+420235.9,2075461826759712000,RSCVnV*
CRTS J162027.2+353823,1329490187126328320,RSCVnV*
2MASS J22544224+6235548,2207266573404222080,RSCVnV*
ZTF J190855.43+131337.7,4314105296639785344,RSCVnV*
CRTS J052836.2+102606,3339015297987738368,RSCVnV*
2MASS J06272564+1632247,3369379033145726976,RSCVnV*
2MASS J05375386+3200343,3447981946884813568,RSCVnV*
ATO J038.3744+52.6023,452263359105067392,RSCVnV*
ZTF J191050.82+270321.7,2036488464578989952,RSCVnV*
ZTF J220841.06+680126.9,2220056092658711168,RSCVnV*
ZTF J192622.51+263659.6,2025543105529167232,RSCVnV*
ZTF J190215.17-015411.6,4261983802603402752,RSCVnV*
ATO J273.6833+18.6772,4526393229270586112,RSCVnV*
ATO J314.1540+40.0727,1873295306650180480,RSCVnV*
ZTF J203611.87+621939.4,2195343499374100224,RSCVnV*
V* V948 Per,247475916817637632,RSCVnV*
ATO J118.7798-02.2226,3081417556305472256,RSCVnV*
ZTF J192655.09+221909.2,2019004859641866112,RSCVnV*
ZTF J183339.28+065144.0,4285160236403945984,RSCVnV*
ZTF J184534.59-100943.0,4107201839907003648,RSCVnV*
ATO J110.8668+14.4205,3166920528281763456,RSCVnV*
ATO J084.6797+60.4501,282800992031586304,RSCVnV*
ZTF J194122.42+235950.7,2020345404819622144,RSCVnV*
CRTS J212617.1-051342,2671862909613112704,RSCVnV*
ATO J286.1115+03.4385,4269162617094826496,RSCVnV*
ATO J325.7188+47.5345,1977742043640732800,RSCVnV*
ZTF J190141.24+641808.9,2253630195605627520,RSCVnV*
ZTF J183539.34+440153.7,2117110674374189568,RSCVnV*
CRTS J004746.5+202941,2801406609387953920,RSCVnV*
ZTF J213338.62+562853.4,2177953279871852928,RSCVnV*
UCAC4 750-053481,2152680150407953024,RSCVnV*
2MASS J06322034+0458417,3131336964754280448,RSCVnV*
ATO J104.4916-11.3644,3048987460846082176,RSCVnV*
ATO J318.1270+39.5320,1968135816710350208,RSCVnV*
ATO J196.4080-01.7720,3685725055486732544,RSCVnV*
ZTF J223135.31+563436.3,2006775266656896768,RSCVnV*
V* CH Ari,119212147356354944,RSCVnV*
ZTF J193428.06+145443.8,4318321305269326592,RSCVnV*
ZTF J064054.39+055955.0,3132620159246096128,RSCVnV*
ATO J084.4548+39.3421,190870786176562304,RSCVnV*
ZTF J024558.08+623525.4,465839578934137088,RSCVnV*
ATO J059.7752+31.9192,168598361387360896,RSCVnV*
ATO J299.3694+40.3791,2073537853218846720,RSCVnV*
CRTS J173841.4+440643,1350035352164774016,RSCVnV*
ATO J104.2861+26.6419,3382119177454151936,RSCVnV*
ZTF J221154.95+613624.4,2204806450502520320,RSCVnV*
ZTF J193856.92+213823.6,2018326697145609344,RSCVnV*
ZTF J001132.38+634514.6,431485097609190144,RSCVnV*
ATO J097.9086+44.4702,965008782668232064,RSCVnV*
ATO J076.0375+36.9812,186471468357705088,RSCVnV*
ZTF J234222.80+602616.2,2011795327492845056,RSCVnV*
ZTF J194349.67+390750.0,2073196313108271616,RSCVnV*
ATO J081.4212+29.8922,3446564955573378688,RSCVnV*
ZTF J185241.00+103158.9,4311939636662868096,RSCVnV*
ATO J282.9648-11.5809,4106056462377011712,RSCVnV*
ZTF J055853.00+421652.0,192239059677058944,RSCVnV*
ZTF J032530.74+760252.0,548221484069008896,RSCVnV*
ZTF J195259.37+180030.6,1821277411565217536,RSCVnV*
ATO J297.4678+39.3965,2073062069616445824,RSCVnV*
ZTF J203035.88+452000.2,2070962796979008128,RSCVnV*
ZTF J194504.86+180911.5,1824153635229997184,RSCVnV*
ATO J286.0121+33.6632,2043983221170079872,RSCVnV*
ZTF J195325.58+230551.7,1828020445816091264,RSCVnV*
ZTF J183456.75+074336.2,4478873195729643648,RSCVnV*
ATO J054.8250+42.1556,237444041444204160,RSCVnV*
ZTF J195912.40+332904.4,2034415816435121024,RSCVnV*
ZTF J191253.20+075310.6,4306536499110524288,RSCVnV*
ZTF J210856.54+441930.9,2162433196518051328,RSCVnV*
ZTF J214934.53+491138.9,1979620731063791872,RSCVnV*
ATO J076.3189+39.2756,200449151660784128,RSCVnV*
ATO J057.8880+46.4727,245104579473987712,RSCVnV*
ZTF J174928.00+541817.3,1417281350176992896,RSCVnV*
ZTF J205133.52+250336.5,1842950370564702592,RSCVnV*
ZTF J025351.54+572445.8,460730560711465728,RSCVnV*
ZTF J001553.89+580038.7,422814550766403456,RSCVnV*
ZTF J190519.01+223015.3,4520763695388841600,RSCVnV*
ATO J090.9981+12.6234,3342746868654624896,RSCVnV*
CVSO 324,3214721555780915584,RSCVnV*
ATO J060.3331+50.1504,250528470332454912,RSCVnV*
ZTF J193336.16+082122.3,4296066502728506368,RSCVnV*
ZTF J202033.14+292944.2,1861223287452992384,RSCVnV*
ZTF J193152.01+142247.8,4318187950788961408,RSCVnV*
ZTF J191125.88+173144.9,4513682187693819904,RSCVnV*
ZTF J202058.76+261950.8,1835795058147420416,RSCVnV*
ZTF J194258.80+370334.0,2048790350419805440,RSCVnV*
ZTF J062024.39+155325.5,3369088379820756864,RSCVnV*
ATO J044.0552+48.9027,437881747012220160,RSCVnV*
ATO J092.0281+49.3043,970088771202454016,RSCVnV*
ZTF J012244.09+713623.2,534846234358448896,RSCVnV*
CRTS J151343.5-073444,6322215915825076096,RSCVnV*
ZTF J184525.14-050109.8,4253629958164497920,RSCVnV*
ZTF J181353.19+171106.1,4523134757841871104,RSCVnV*
ATO J058.9046+47.2829,246655681143272960,RSCVnV*
ZTF J202039.70+303335.9,1861567954299552384,RSCVnV*
2MASS J06380164+1009004,3326972244049661184,RSCVnV*
ATO J256.6512+04.3473,4391860697344226688,RSCVnV*
ZTF J050051.53+431804.1,205099742250040960,RSCVnV*
ZTF J225818.95+533815.5,1990509366505097600,RSCVnV*
2MASS J19074314+4443242,2106211353047355776,RSCVnV*
ZTF J184305.47+234121.4,4532710095377006976,RSCVnV*
ZTF J210429.99+472547.6,2165203446119761920,RSCVnV*
ATO J100.8774-06.6791,3100242737264648960,RSCVnV*
2MASS J06312235+0502007,3131387263112963584,RSCVnV*
ATO J331.3364+41.3733,1959780284246160768,RSCVnV*
ZTF J202717.35+255726.7,1832634649407482752,RSCVnV*
ATO J108.0624+14.3886,3167483100278815104,RSCVnV*
ZTF J191200.44+051754.9,4293556210264726272,RSCVnV*
V* BH CVn,1475118788534734592,RSCVnV*
ZTF J194734.99+153218.8,4317808447479603072,RSCVnV*
ATO J290.7733-09.2196,4200663042681249792,RSCVnV*
ZTF J190142.42+144051.6,4506844286187237248,RSCVnV*
ZTF J185547.51-050518.3,4254198641796589056,RSCVnV*
ZTF J191639.97+232501.7,2022458764924048384,RSCVnV*
ZTF J205337.86+291759.1,1858379095692991360,RSCVnV*
ZTF J190845.50-001609.8,4262633923206009472,RSCVnV*
ZTF J195837.96+315355.2,2033967421849707008,RSCVnV*
ATO J076.0748+55.1419,279279221929107328,RSCVnV*
ATO J329.0388+46.8267,1975961350200055040,RSCVnV*
SDSS J234455.56+340442.5,2878155888262251392,RSCVnV*
ZTF J200059.93+431854.6,2075923381124767744,RSCVnV*
2MASS J06105573+2336302,3425429726448603904,RSCVnV*
ZTF J010438.18+683121.8,532638754305764992,RSCVnV*
CRTS J123327.7-114808,3578117879701251584,RSCVnV*
ZTF J213750.40+295936.3,1849627803463031296,RSCVnV*
ZTF J194030.09+123250.2,4316779893052528768,RSCVnV*
ZTF J224308.74+550138.1,2003256859499765632,RSCVnV*
ZTF J192217.67+272033.8,2025835232014248064,RSCVnV*
ATO J097.3981+06.2705,3132100987898260608,RSCVnV*
ZTF J021246.48+594143.8,507312470337437824,RSCVnV*
ATO J320.5608+58.7375,2191171338084149504,RSCVnV*
ATO J055.4168+50.0837,249820934600670848,RSCVnV*
ZTF J190951.66+293932.1,2039307337513816448,RSCVnV*
CRTS J230135.4+285413,1885153990524365440,RSCVnV*
CRTS J065717.6+611058,1003127068392662528,RSCVnV*
ZTF J014017.86+601733.3,509698754170945664,RSCVnV*
2MASS J19461205+6229511,2241001097678933120,RSCVnV*
BPS BS 17435-0014,3926106850261141888,RSCVnV*
ZTF J200340.41+311417.8,2030699299662931840,RSCVnV*
ZTF J190821.38+233216.6,4521482702965828864,RSCVnV*
ZTF J033455.89+465525.9,248098373537996800,RSCVnV*
ATO J293.8474+23.1432,2018734963881277440,RSCVnV*
ZTF J200529.37+325646.3,2055148173332702464,RSCVnV*
ATO J307.4674+14.3362,1804577139878090368,RSCVnV*
ZTF J191845.94+235635.1,2022573496410157952,RSCVnV*
ZTF J034447.66+513446.6,251482773408482816,RSCVnV*
ATO J081.5265+42.0492,195361500904798208,RSCVnV*
ATO J244.1864+29.5411,1318578569308988416,RSCVnV*
ZTF J224227.89+763405.3,2281426674189678080,RSCVnV*
ZTF J201603.41+395951.7,2062301600284363520,RSCVnV*
ATO J097.0376+10.3297,3327564090546348672,RSCVnV*
ATO J302.6698+56.4967,2186431412172995072,RSCVnV*
ATO J069.7795+78.1333,553130150651322624,RSCVnV*
ZTF J022309.78+570314.1,458403577492010112,RSCVnV*
ATO J097.6068+02.0795,3123971027123616256,RSCVnV*
ZTF J200702.32+151857.2,1807783212717493248,RSCVnV*
ATO J099.0423+27.7439,3385999147829531008,RSCVnV*
[DM99] 263,3335429034655086720,RSCVnV*
V* GN Psc,2581324273163442944,RSCVnV*
ZTF J191125.79+030404.3,4268244048169292416,RSCVnV*
ATO J338.5081+54.0626,2003273700074711296,RSCVnV*
ZTF J213935.73+575724.6,2178549528718978560,RSCVnV*
ATO J098.5465+54.1411,994482707974391424,RSCVnV*
ZTF J202750.84+450907.3,2070878478178603264,RSCVnV*
NSVS   4914505,780333675795064960,RSCVnV*
ATO J074.6661+44.7655,205467803765798912,RSCVnV*
ZTF J181657.72+025737.7,4277750833699820544,RSCVnV*
CRTS J034429.7+295913,120096463943217408,RSCVnV*
ZTF J200915.78+510816.2,2088316247252180992,RSCVnV*
ATO J072.4479+30.4976,158464987345877632,RSCVnV*
2MASS J19504037+4301505,2078537538739662976,RSCVnV*
ATO J284.0627+02.0329,4267133713196722560,RSCVnV*
ATO J334.1614+45.0407,1962223845760826880,RSCVnV*
CRTS J162647.4+301009,1318117805217129088,RSCVnV*
ZTF J221159.45+610607.9,2204592629852046208,RSCVnV*
ZTF J203525.44+220640.9,1818529358322840320,RSCVnV*
ZTF J200303.95+605032.4,2237796472252584576,RSCVnV*
ATO J343.4418+55.6997,2003709003597565696,RSCVnV*
ATO J089.9161+27.2859,3430805586693136000,RSCVnV*
ZTF J184014.13-054927.4,4253471044356738688,RSCVnV*
ZTF J062129.84+054346.0,3323786164293277184,RSCVnV*
CRTS J210842.8+143543,1760030357557579264,RSCVnV*
ZTF J193922.48+451805.6,2079933914201521408,RSCVnV*
ZTF J001033.49+584250.9,422910139556344320,RSCVnV*
ZTF J200237.31+295229.3,2030177684483543424,RSCVnV*
ZTF J193729.41+392041.3,2052420151847453568,RSCVnV*
ATO J285.6487+43.4725,2105764740869724544,RSCVnV*
ZTF J200451.32+310401.1,2030678718178724352,RSCVnV*
CRTS J040005.7+123542,3305028912536776576,RSCVnV*
ATO J046.5715+40.9738,239871419518155776,RSCVnV*
MASTER OT J174045.80+115828.5,4493242365276236544,RSCVnV*
ZTF J011728.69+594039.4,414239700098143104,RSCVnV*
ATO J288.2265-03.0810,4261002351029650304,RSCVnV*
ATO J115.7270-17.8844,5717026402167365504,RSCVnV*
2MASS J20185046+4052572,2068354961544353792,RSCVnV*
ATO J099.3706+18.4013,3371153026436290816,RSCVnV*
ZTF J184330.39+092607.1,4479573790803479424,RSCVnV*
V* BG CrB,1222703457470672128,RSCVnV*
CRTS J154652.4+090212,4431451568437787008,RSCVnV*
ZTF J053827.83+244421.2,3428748121262914560,RSCVnV*
ATO J297.0185+43.5299,2078753111734171776,RSCVnV*
2MASS J17530106+2303320,4580337193874424576,RSCVnV*
ATO J278.8843-05.2259,4256388529671202688,RSCVnV*
ZTF J224344.32+434811.8,1934131873425604096,RSCVnV*
ZTF J190827.48-091900.5,4204121625225992576,RSCVnV*
ATO J101.1804+15.7415,3357762967676078720,RSCVnV*
ZTF J222119.36+495736.0,2000029655431300224,RSCVnV*
ZTF J222231.71+602722.7,2201366761512331776,RSCVnV*
ATO J097.2215-05.6219,3104121887304295808,RSCVnV*
ATO J076.8816+46.2313,206756225235575936,RSCVnV*
ZTF J194807.96+350729.9,2047515608457600640,RSCVnV*
ZTF J003043.21+630056.0,430784399463723264,RSCVnV*
ZTF J191612.13+154206.2,4320980779046578432,RSCVnV*
ZTF J191633.56+184811.6,4515370831381631104,RSCVnV*
ATO J083.5065+44.0482,195807391525184128,RSCVnV*
ZTF J195658.49+365506.9,2071834224360968064,RSCVnV*
ZTF J195315.39+192153.5,1823201836074868096,RSCVnV*
ZTF J190739.70+363145.2,2098783945846798080,RSCVnV*
ZTF J230026.30+575613.7,2010146781620780544,RSCVnV*
ATO J278.5826+24.0377,4535607549030291200,RSCVnV*
ZTF J204113.29+461100.9,2070515428876418560,RSCVnV*
CRTS J053857.0-090322,3015202629616985216,RSCVnV*
NGC   663   138,511193471505348224,RSCVnV*
ZTF J190049.29-040228.7,4254734486235894912,RSCVnV*
ATO J317.3384+46.0839,2164268556315828736,RSCVnV*
ZTF J193547.19+315211.3,2045225394451978880,RSCVnV*
ZTF J000950.24+580915.1,422866816227675136,RSCVnV*
ATO J286.6606-08.3862,4204440861556213120,RSCVnV*
CRTS J090346.8+150516,607373663452712320,RSCVnV*
ZTF J195610.97+363103.8,2059788559082947840,RSCVnV*
ATO J086.7405+21.0942,3400054544267595776,RSCVnV*
2MASS J05120539+4720239,212877683206105600,RSCVnV*
ZTF J192843.69+253504.1,2024496748429350272,RSCVnV*
ATO J053.9767+29.4209,119819868048806016,RSCVnV*
ZTF J215356.59+531359.0,1981429702573892096,RSCVnV*
CRTS J104027.5-000901,3806846397408789760,RSCVnV*
ZTF J195330.23+464930.3,2085572347267779200,RSCVnV*
CRTS J073131.2+362706,898518089016747392,RSCVnV*
ZTF J063919.99+005616.5,3119860159304361728,RSCVnV*
ATO J268.5463+03.3221,4469246108116860544,RSCVnV*
ZTF J191322.63+165109.4,4513305944232059264,RSCVnV*
CRTS J032931.6+101744,12870406374070400,RSCVnV*
V* V1265 Cen,6084991196899106176,RSCVnV*
ATO J097.8379+40.3727,957404358387662848,RSCVnV*
CRTS J210748.1+032646,1731947799791161472,RSCVnV*
ZTF J210535.23+374357.1,1871840107313599488,RSCVnV*
ZTF J195106.43+164600.8,1820758137146222336,RSCVnV*
V* V2667 Cyg,2125757199458618112,RSCVnV*
ATO J058.1262+53.8948,444283447305622016,RSCVnV*
ZTF J152722.37+703512.9,1695737411554695936,RSCVnV*
ZTF J214215.79+455509.8,1974211580531396992,RSCVnV*
ZTF J060900.85+122014.4,3342494118419360768,RSCVnV*
V* V834 Her,4597154602175212672,RSCVnV*
ZTF J193844.74+334921.8,2047181013313531264,RSCVnV*
ATO J047.0491+58.3857,460463345025238272,RSCVnV*
ZTF J050412.83+462151.2,206737464817644160,RSCVnV*
ATO J065.7455+53.5328,275331219271975808,RSCVnV*
ZTF J190647.30+223301.4,4521130657395256192,RSCVnV*
ZTF J225032.62+505214.8,1988880921065763584,RSCVnV*
ZTF J055654.26+293051.9,3443711791619654400,RSCVnV*
ZTF J203639.35+464410.0,2071332439040149120,RSCVnV*
ZTF J201759.59+242525.7,1832150314537352192,RSCVnV*
ZTF J203159.59+605822.6,2194832368203576576,RSCVnV*
2MASS J18145083-0535013,4172848525242209792,RSCVnV*
2MASS J20585978+5222182,2170297247264606464,RSCVnV*
ZTF J003248.14+623728.9,430737464060324096,RSCVnV*
ATO J288.3009+03.1455,4268255043327480320,RSCVnV*
ZTF J214503.33+592723.5,2203426082372152320,RSCVnV*
ZTF J205653.22+484044.3,2167068874982949632,RSCVnV*
ZTF J221250.45+744440.7,2279309766411371392,RSCVnV*
ATO J103.1043+12.4559,3351701080895232896,RSCVnV*
ZTF J035647.05+135718.9,38763699051262080,RSCVnV*
V* V1330 Tau,3231011782618742656,RSCVnV*
ZTF J003539.33+590555.5,425407615801211136,RSCVnV*
ATO J075.7183+29.9506,156686419913187968,RSCVnV*
ZTF J074441.16+625257.3,1088105813841471488,RSCVnV*
ZTF J191322.61+253134.9,2023777186758463872,RSCVnV*
ZTF J184347.66+121535.2,4504935396567823872,RSCVnV*
ZTF J192447.62+085502.8,4308310213203395840,RSCVnV*
ATO J041.6451+53.9271,453150939868727424,RSCVnV*
ZTF J183658.97+162929.2,4511765498375910528,RSCVnV*
ATO J278.9521+21.4754,4526029187845042944,RSCVnV*
ATO J268.0428+09.2413,4488692178143385984,RSCVnV*
ZTF J190815.47+021237.8,4267705699799061632,RSCVnV*
ZTF J220654.77+510900.1,1980077470759145856,RSCVnV*
ZTF J174828.96+101928.0,4489636070216257664,RSCVnV*
ZTF J184003.55+042413.0,4283601820427465472,RSCVnV*
ZTF J195536.06+333248.0,2034454681645928704,RSCVnV*
ZTF J200231.38+262757.2,1835150297649523712,RSCVnV*
ATO J273.0715+28.9737,4589602503481527296,RSCVnV*
ZTF J192327.47+082806.5,4307885771704032896,RSCVnV*
ZTF J204236.43+325040.1,1863133998144188032,RSCVnV*
CRTS J133019.7+290541,1450047243360903168,RSCVnV*
ATO J287.2356+44.7116,2106162356060523904,RSCVnV*
ZTF J213544.17+515738.9,2171777396084745600,RSCVnV*
ZTF J044433.57+412406.8,203520255137390208,RSCVnV*
ZTF J194045.01+095858.5,4302651645331985024,RSCVnV*
ATO J351.7266+49.1005,1942804649347713152,RSCVnV*
ZTF J181409.83+014300.1,4275885031182837888,RSCVnV*
2MASS J02572570+6036199,464641072597721216,RSCVnV*
ZTF J001329.18+634345.2,431473415298357248,RSCVnV*
2MASS J08450716-0022037,3074992285227916928,RSCVnV*
ZTF J101104.09+301542.1,742364756148960768,RSCVnV*
ZTF J193133.32+501922.6,2135864872411150720,RSCVnV*
ZTF J014006.38+562218.9,409717619229827456,RSCVnV*
ZTF J192218.54+253651.2,2023958262594070784,RSCVnV*
ZTF J185537.86-005441.4,4265352229574428672,RSCVnV*
SDSS J235600.86+180533.3,2774010460411931776,RSCVnV*
V* UX Com,1463857693521711872,RSCVnV*
ATO J229.4404+44.7133,1395123476458157824,RSCVnV*
ZTF J062533.55+121553.3,3331369294129619712,RSCVnV*
CRTS J141914.0-003819,3653623915865634176,RSCVnV*
V* V595 Aur,205153824477691776,RSCVnV*
ATO J291.8780+25.9599,2024708404413369856,RSCVnV*
ZTF J023358.34+584259.4,458237383737713792,RSCVnV*
ZTF J200501.26+240104.2,1833449181369539840,RSCVnV*
ZTF J195322.20+373459.8,2072090655403670400,RSCVnV*
ZTF J200610.00+360353.8,2059116448231608704,RSCVnV*
ATO J104.5899-01.4033,3112153922826678656,RSCVnV*
ZTF J200057.84+464034.7,2085413815737170688,RSCVnV*
ZTF J195037.67+335339.3,2035358102232966016,RSCVnV*
CRTS J040056.1+210958,52943069723535488,RSCVnV*
ZTF J190648.21+040616.0,4269351393823616640,RSCVnV*
ATO J300.0608-04.3986,4221270884182516480,RSCVnV*
CXOGSG J035510.5+310900,168640967462954880,RSCVnV*
ZTF J024939.88+435759.6,337666450458642432,RSCVnV*
ZTF J192644.20+060656.8,4294574907795521664,RSCVnV*
ZTF J030934.03+643642.3,467235065343892992,RSCVnV*
ATO J305.1525+26.6986,1835887004811107456,RSCVnV*
ZTF J201721.69+472519.5,2084102751201338240,RSCVnV*
ZTF J192726.27+194959.9,4515683092707036416,RSCVnV*
ATO J345.1767+54.3229,1996594957207430656,RSCVnV*
ZTF J221409.00+574728.8,2198762503804400384,RSCVnV*
2MASS J06390438+0829094,3326475711471031680,RSCVnV*
ZTF J201657.27+505913.6,2088159021392268160,RSCVnV*
ZTF J193106.24+235848.9,2019779603036730368,RSCVnV*
ZTF J195112.76+195357.1,1826281804352923776,RSCVnV*
ZTF J210735.69+430636.4,1970068998674347520,RSCVnV*
ZTF J191330.81+353715.2,2050496865490413568,RSCVnV*
ZTF J184546.50+664722.7,2255564477078170752,RSCVnV*
ZTF J195356.57+165045.1,1820375850671531008,RSCVnV*
ATO J092.3353+19.5989,3374529832802893312,RSCVnV*
2MASS J22565153+6241092,2207244583166673024,RSCVnV*
ATO J097.4570+23.8094,3383367879067278976,RSCVnV*
ATO J269.2462+19.0794,4551599121018799232,RSCVnV*
ATO J028.4498+56.0682,504793244378293504,RSCVnV*
ZTF J061603.43+131825.0,3344115172220601984,RSCVnV*
ATO J036.1584+53.5225,455481801438631936,RSCVnV*
ATO J034.9616+57.1988,458375922208025600,RSCVnV*
CRTS J085708.6+225116,686524133986654720,RSCVnV*
ZTF J002843.18+625032.0,430941492184452224,RSCVnV*
CRTS J094230.8+163600,620524883377469952,RSCVnV*
ZTF J000141.96+644227.7,431775574836556160,RSCVnV*
2MASS J06312533+0451515,3131329263876420224,RSCVnV*
ATO J290.0605+25.9217,2024024679964732928,RSCVnV*
ZTF J035522.80+551629.7,444656143090979200,RSCVnV*
ASAS J053058-0345.4,3210682259298824576,RSCVnV*
ZTF J204958.30+570220.1,2190192016818093696,RSCVnV*
ATO J325.9429+05.6169,2700012292774297856,RSCVnV*
ATO J210.3563-09.3418,3615521268117369088,RSCVnV*
ZTF J023524.04+573104.4,458102208225492736,RSCVnV*
ZTF J194653.79+201431.4,1825050664915002240,RSCVnV*
ZTF J211053.71+462330.5,2164299956799451136,RSCVnV*
CRTS J113201.0+060749,3910253988532864256,RSCVnV*
ATO J101.0763+23.4029,3379722272168458624,RSCVnV*
ZTF J192301.55+304303.4,2038960789502515712,RSCVnV*
ZTF J051206.89+505749.5,262547090199059456,RSCVnV*
ZTF J211059.02+510410.0,2169216461696522624,RSCVnV*
ZTF J195751.15+224713.3,1827304904245264256,RSCVnV*
ATO J291.5553+30.2111,2038683261585444608,RSCVnV*
ZTF J215014.11+560051.4,2174903994835470208,RSCVnV*
2MASS J19214410+0747591,4295824232238490112,RSCVnV*
ZTF J201938.44+034826.9,4245787588297698304,RSCVnV*
ATO J031.9571+43.3255,345650725942737024,RSCVnV*
UCAC4 697-019132,438834954873394944,RSCVnV*
ATO J104.8779-20.5454,2932093638061388288,RSCVnV*
EM* LkHA  146,2163135578281583744,RSCVnV*
ZTF J200050.10+375244.0,2060255924575411968,RSCVnV*
V* V340 UMa,847500680768187776,RSCVnV*
ZTF J002815.22+631328.4,430978016587099136,RSCVnV*
ATO J038.4501+57.6814,458119564196862592,RSCVnV*
Cl* NGC 2264    FMS     130,3326588583212103936,RSCVnV*
ZTF J195552.66+220701.3,1827114997985537792,RSCVnV*
ZTF J220140.09+493230.1,1976872948426478592,RSCVnV*
V* V5682 Sgr,4056480273356761728,RSCVnV*
ATO J301.1272+38.2094,2060371338933343232,RSCVnV*
2MASS J15583917+7147416,1648284826162135040,RSCVnV*
ZTF J225424.85+551147.9,2002921821992385280,RSCVnV*
ZTF J213401.70+263912.4,1799106446757324800,RSCVnV*
ATO J297.4288+48.2047,2086527517935223936,RSCVnV*
CRTS J055956.1-100333,2999367256995597824,RSCVnV*
ZTF J200055.13+171838.9,1820290191853246464,RSCVnV*
ATO J018.5661+50.1192,403342375930088704,RSCVnV*
ZTF J002949.27+615359.3,430324528723335680,RSCVnV*
ATO J094.1643+44.5794,962377277681997696,RSCVnV*
[MO2001]  64,2207362918108385280,RSCVnV*
2MASS J20320836+4022180,2067717657117151232,RSCVnV*
ATO J098.3024+41.6540,957575091927344000,RSCVnV*
ZTF J215228.79+650701.4,2219154355684868608,RSCVnV*
ZTF J193333.31+263733.0,2025025579149815936,RSCVnV*
Cl* NGC 6996     ZS       1b,2163019030059777664,RSCVnV*
V* ER Lyn,918831669419099008,RSCVnV*
CRTS J232418.7+315215,2870886059113887744,RSCVnV*
KOI-1003,2051104586182512128,RSCVnV*
ZTF J190814.51-020516.6,4262106539916642432,RSCVnV*
ZTF J222353.75+501715.1,1999876621462457472,RSCVnV*
ZTF J190109.78+105339.9,4311826661887511680,RSCVnV*
ZTF J200628.98+390551.8,2061936425011223552,RSCVnV*
ATO J110.2258+34.2127,896438328413086336,RSCVnV*
ZTF J191057.24+222340.4,4520327975238862976,RSCVnV*
ATO J305.7373+51.7973,2181365652873246976,RSCVnV*
ZTF J205111.77+324752.7,1865980260096598784,RSCVnV*
ZTF J211044.47+453813.6,2164056831603447168,RSCVnV*
ATO J288.9817+07.7849,4307974522883649536,RSCVnV*
ATO J084.4279+39.0729,190854538318252672,RSCVnV*
ZTF J052418.97+253021.8,3417959992343747200,RSCVnV*
ZTF J000402.98+512029.7,395532540540774144,RSCVnV*
ZTF J195940.68+460228.7,2085234629700165632,RSCVnV*
ATO J325.7985-02.9394,2673400782783269504,RSCVnV*
ATO J091.7672+30.2547,3437617400527319552,RSCVnV*
ZTF J190058.53-115710.3,4198814218183124096,RSCVnV*
ATO J291.2326+56.0865,2141889955611143296,RSCVnV*
Cl* Trumpler   37    MVA     498,2178398895628585984,RSCVnV*
IRAS 22282+5759,2007999779010578560,RSCVnV*
ATO J073.5298+43.3417,205250306624049408,RSCVnV*
ATO J350.5001+59.1153,2010545938692600576,RSCVnV*
ZTF J184652.04-090953.8,4251435672151356928,RSCVnV*
ATO J307.8940+23.8523,1831308844534171520,RSCVnV*
ATO J120.1784+04.8746,3095346719361199488,RSCVnV*
ZTF J193436.34+492701.7,2129058861077158784,RSCVnV*
ATO J031.9705+53.2893,456014961497430144,RSCVnV*
ZTF J051440.39+392007.9,188621116666895616,RSCVnV*
CRTS J231204.9+271640,2845371926151102848,RSCVnV*
ATO J081.0618+43.7570,207423216476347136,RSCVnV*
2MASS J22480112+6020212,2008603990700196480,RSCVnV*
CRTS J131116.6+191650,3939845213690728320,RSCVnV*
ZTF J021523.76+694057.3,521120034273341312,RSCVnV*
ATO J098.0105+36.5215,943039376409483136,RSCVnV*
ZTF J192020.21+143259.5,4319893881749464448,RSCVnV*
ZTF J234558.88+453715.8,1926876264913198976,RSCVnV*
ZTF J215556.23+405513.0,1959522483129618560,RSCVnV*
OGLE GD-CEP-1286,3318591594625903104,RSCVnV*
ZTF J200102.68+225834.0,1833260885706013952,RSCVnV*
ZTF J194643.25+154308.2,4318576971748659328,RSCVnV*
ATO J334.5566+50.5380,2000865288574362496,RSCVnV*
CRTS J035120.7+294211,167880242855338240,RSCVnV*
ATO J340.1203+34.1587,1903098020290820608,RSCVnV*
ZTF J193947.00+395327.7,2076476396805092352,RSCVnV*
ZTF J193637.67+150404.1,4318303816161578112,RSCVnV*
ZTF J184424.06+213410.1,4531166724653680640,RSCVnV*
ZTF J190810.45+164823.7,4513163905415217920,RSCVnV*
CRTS J135839.8+090506,3723411916040282112,RSCVnV*
ZTF J201939.18+372325.8,2060603129692779008,RSCVnV*
ATO J296.1130+42.1505,2077119271817594368,RSCVnV*
ZTF J190217.94-021138.2,4261957448683300096,RSCVnV*
ZTF J022144.79+632609.7,514346183660187392,RSCVnV*
ZTF J193615.54+313135.1,2033190346341841408,RSCVnV*
ZTF J184931.45+251636.4,4534505971517084800,RSCVnV*
ATO J302.6446+12.0843,1802804417901397888,RSCVnV*
ATO J107.0663+08.3248,3154438975366057088,RSCVnV*
ZTF J191027.40+203402.4,4519532719089296768,RSCVnV*
ZTF J203608.20+495054.4,2179993221843580928,RSCVnV*
ZTF J193511.78+272710.6,2025358937351145856,RSCVnV*
ATO J090.4793+58.7245,999230227384428544,RSCVnV*
ATO J032.6587+37.1723,331386963456182400,RSCVnV*
ZTF J192947.80+084847.2,4296324647404502144,RSCVnV*
ZTF J011542.91+515045.8,404098423316359168,RSCVnV*
ZTF J055012.22+244327.8,3428182186308023296,RSCVnV*
ZTF J202118.42+021642.6,4243182806593305728,RSCVnV*
ATO J066.6218+13.1798,3307693269727907072,RSCVnV*
ATO J306.5825+15.2882,1805492861267290240,RSCVnV*
ZTF J191738.61+001811.7,4264369158716406144,RSCVnV*
ZTF J203203.18-012043.3,4226059905856411648,RSCVnV*
2MASS J20511824+4413082,2162947596149035648,RSCVnV*
ATO J304.4618+13.2920,1803375201873842048,RSCVnV*
ZTF J195413.47+231127.4,1828113766853803520,RSCVnV*
ATO J294.9012-03.1337,4210800544193653888,RSCVnV*
ATO J356.6480+57.7053,1999046348437491200,RSCVnV*
ATO J295.2229+44.2298,2079630487651023232,RSCVnV*
2MASS J02540746+6041339,464698728240164864,RSCVnV*
ATO J326.0334+45.1425,1973942406339646720,RSCVnV*
ZTF J170514.62+322618.1,1334496233503992448,RSCVnV*
ZTF J202734.94+423511.0,2068889904012412544,RSCVnV*
ATO J307.4370+22.0975,1818669717855496576,RSCVnV*
CRTS J223810.8+134351,2731852775126249088,RSCVnV*
ZTF J215530.44+452613.5,1973574787192811392,RSCVnV*
ATO J286.4893+28.6707,2037659276964864768,RSCVnV*
ATO J269.5004+22.8385,4577448708112346880,RSCVnV*
ZTF J192652.64+011526.0,4287791780042753152,RSCVnV*
ZTF J041840.06+450845.9,232922952710417536,RSCVnV*
ZTF J190257.59+174634.9,4514222769428716544,RSCVnV*
ZTF J193901.72+141201.7,4317982552570115456,RSCVnV*
ATO J065.4174+05.6418,3284962138134190848,RSCVnV*
ZTF J191058.97+160257.8,4512868583474052224,RSCVnV*
ZTF J201432.47+294859.5,1837465491178421760,RSCVnV*
ZTF J194836.42+425603.9,2078703083954038016,RSCVnV*
ATO J110.5969-05.7776,3058199856459647488,RSCVnV*
ATO J296.0826+46.4734,2080424094528182400,RSCVnV*
ZTF J191230.47+214234.4,4520051997818828416,RSCVnV*
2MASS J21410550+5741032,2178483489300161280,RSCVnV*
ZTF J194535.43+283205.5,2031306779875124736,RSCVnV*
CRTS J221954.2+201037,1778421854194475648,RSCVnV*
ATO J298.3332+06.2757,4296868665152024192,RSCVnV*
ATO J307.8576+42.5439,2068172099016196864,RSCVnV*
ZTF J184837.09-041908.1,4255274204683723776,RSCVnV*
CRTS J130430.8+291736,1464279665469129088,RSCVnV*
ZTF J232609.69+502804.0,1943256067589408512,RSCVnV*
ATO J094.8061+32.0447,3439670742788068480,RSCVnV*
ZTF J190459.26-064625.1,4205511339204565504,RSCVnV*
ZTF J052558.61+415603.0,194973686833587712,RSCVnV*
ATO J325.2962+44.1774,1973784488978333824,RSCVnV*
ZTF J195007.29+344245.6,2035479834454861568,RSCVnV*
CRTS J091354.0+381804,812075859230541312,RSCVnV*
ZTF J193736.30+234228.9,2020276784097902720,RSCVnV*
ZTF J041417.32+473045.3,234148152259980416,RSCVnV*
ATO J045.5342+39.7213,143711018770460928,RSCVnV*
CRTS J173838.9+360136,1342083928888073856,RSCVnV*
ATO J284.2093+44.2565,2106618653386144128,RSCVnV*
ZTF J193601.38+141441.9,4317948532136265856,RSCVnV*
ATO J048.0852+52.6650,446180723341275008,RSCVnV*
ZTF J195513.19+295911.6,2030361062414925696,RSCVnV*
ZTF J230200.35+601658.0,2014428554769534592,RSCVnV*
CRTS J174512.7+141604,4500388576681361792,RSCVnV*
ZTF J195216.35+272505.1,2028313703037984000,RSCVnV*
ZTF J173335.54+163421.6,4549830419125182976,RSCVnV*
ATO J313.7133+44.5433,2162969925680937344,RSCVnV*
Cl* Trumpler   37    MVA     431,2178384464538037376,RSCVnV*
ATO J007.6709+27.3457,2856092782996175232,RSCVnV*
* d UMa,1071133340038904320,RSCVnV*
ZTF J191711.26-044655.4,4212188020487891584,RSCVnV*
ATO J281.0916+51.8036,2144773734092113536,RSCVnV*
ZTF J191944.83+324202.2,2046130253836436480,RSCVnV*
ZTF J190335.35+105939.1,4312579032739752960,RSCVnV*
ATO J339.0353+52.3575,2002139966145773952,RSCVnV*
ZTF J191803.41+261749.8,2024251518631188864,RSCVnV*
ZTF J071242.58+082552.8,3154397537521657344,RSCVnV*
ZTF J194808.41+220455.7,1827574181528209664,RSCVnV*
ATO J066.9300+18.1377,3314422143451193344,RSCVnV*
ZTF J214537.18+481035.8,1977877347991491840,RSCVnV*
ATO J318.1871+44.5862,1970302026425593216,RSCVnV*
ATO J108.4746+13.3064,3166407021991620864,RSCVnV*
ZTF J172209.63+103028.8,4492082556605784448,RSCVnV*
ZTF J064033.38+141915.4,3355961035621083392,RSCVnV*
ZTF J052734.55+344502.3,182855316348707328,RSCVnV*
ZTF J195509.76+301032.2,2030389718438792960,RSCVnV*
ZTF J190641.05+223232.0,4521130519956311680,RSCVnV*
CRTS J031014.7-082115,5167649335664145792,RSCVnV*
ATO J328.0431+42.1707,1960625121495620736,RSCVnV*
ZTF J193136.22+035934.2,4289575638902352896,RSCVnV*
ATO J102.7902+06.2246,3132826833072720768,RSCVnV*
ZTF J194643.05+334155.1,2035034261710904192,RSCVnV*
ZTF J005405.54+654600.7,526077216811207296,RSCVnV*
ATO J320.8597+54.4237,2176037385164269312,RSCVnV*
ZTF J185821.41-012357.6,4265075423144967296,RSCVnV*
ZTF J063543.09+310824.5,3435850038663815936,RSCVnV*
ATO J036.6095+54.6308,455680125852474112,RSCVnV*
ZTF J202327.93+315640.1,1862095616807786112,RSCVnV*
ATO J089.3751+31.7805,3450159499601665536,RSCVnV*
ATO J216.0994+57.7557,1611420503385271424,RSCVnV*
ATO J055.9097+39.7031,224720595965339648,RSCVnV*
ZTF J023709.42+512737.6,451271324736158720,RSCVnV*
[DM99]  78,3339390609409059072,RSCVnV*
ZTF J202600.74+274327.5,1860014619242629888,RSCVnV*
ZTF J061653.05+124915.8,3332072294378100736,RSCVnV*
ATO J108.6581-00.5365,3110923844192996096,RSCVnV*
ZTF J223520.73+521137.6,2002136152214488960,RSCVnV*
ZTF J063517.69+054709.1,3131903518182193920,RSCVnV*
ATO J244.5339+38.8531,1380359062521467264,RSCVnV*
ATO J198.7632+24.0317,1446833126059104000,RSCVnV*
ATO J308.4017+32.6528,1863579407739587968,RSCVnV*
ZTF J194513.01+120017.7,4304652412899811968,RSCVnV*
ZTF J205526.34+400324.5,1873292420432030976,RSCVnV*
2MASS J20570079+5225550,2170467671569358848,RSCVnV*
ZTF J044821.50+195032.0,3410245505228712960,RSCVnV*
ATO J336.1659+56.7252,2007761734741265920,RSCVnV*
ATO J343.1690+39.3024,1929259696882990208,RSCVnV*
ZTF J184957.27+253448.9,4534546344211328896,RSCVnV*
CRTS J045009.3-071213,3187621171136215936,RSCVnV*
CRTS J163150.5+293735,1311977101496169728,RSCVnV*
ZTF J192929.54+250012.9,2024392771515792512,RSCVnV*
ATO J297.6899+16.4826,1819978136724197632,RSCVnV*
NSVS    154567,2225956003332364288,RSCVnV*
Cl* NGC 7092   PLAT    6228,1978697003863163648,RSCVnV*
2MASS J06410343+1015439,3326955751374965504,RSCVnV*
ATO J101.1712+11.2927,3351132878199311616,RSCVnV*
ZTF J182105.55+034756.9,4278206860453965056,RSCVnV*
ZTF J191103.87+184907.3,4516074583226935168,RSCVnV*
ZTF J190613.04-001146.6,4265649510002604032,RSCVnV*
CRTS J090704.1+365731,715863334759918976,RSCVnV*
ATO J310.0512+16.7955,1811322952948777472,RSCVnV*
ATO J311.4256+01.6163,4228735155086295552,RSCVnV*
ZTF J200225.29+144352.7,1807280048712004608,RSCVnV*
ZTF J000519.95+612315.0,429456979690218368,RSCVnV*
ATO J062.8493+56.4266,468968685943986304,RSCVnV*
1RXS J071225.6-535636,5491286524555172096,RSCVnV*
ATO J239.7983+41.1414,1383450545621332736,RSCVnV*
ATO J096.1930-01.8891,3118224326520780032,RSCVnV*
ATO J013.5757+48.2327,402334536084218624,RSCVnV*
CRTS J151406.1+172935,1208511064456872576,RSCVnV*
ZTF J191807.21+030241.8,4292017035764721280,RSCVnV*
ATO J315.7289+27.1701,1845101702506670336,RSCVnV*
ZTF J205420.24+363539.9,1870086695513033984,RSCVnV*
ZTF J235423.31+625245.9,2013068527615769600,RSCVnV*
ZTF J010237.68+603004.0,426575812546852480,RSCVnV*
ATO J308.4205-04.0778,4218670126861495040,RSCVnV*
OGLE GD1740.01.02877,3125738526425018240,RSCVnV*
ZTF J004802.23+595015.5,426824199097410560,RSCVnV*
ZTF J170857.74+020604.7,4387758625619295104,RSCVnV*
CRTS J052905.3-193419,2968750015689980416,RSCVnV*
ZTF J004834.37+602425.0,426938067270866304,RSCVnV*
ATO J289.6266+15.4744,4320774212653481984,RSCVnV*
ZTF J204829.29+224204.8,1842055398165751168,RSCVnV*
CRTS J031916.4+323423,125146727008144128,RSCVnV*
ZTF J211531.22+553605.3,2177061060557013888,RSCVnV*
ZTF J213909.02+574837.2,2178452393743411584,RSCVnV*
ATO J077.9241+34.5830,182240964225643392,RSCVnV*
ZTF J193125.13+245820.8,2024403255548138240,RSCVnV*
ATO J262.9865+29.8772,4598876952779768064,RSCVnV*
ZTF J041000.68+411342.7,228845237739815168,RSCVnV*
ZTF J003138.58+631725.5,430792645801252608,RSCVnV*
ZTF J004443.24+621148.5,427719923112659328,RSCVnV*
ZTF J204730.77+504729.0,2168459100049055744,RSCVnV*
ZTF J010723.78+604923.9,426411916596608000,RSCVnV*
ZTF J194453.90+344008.4,2047148332893032704,RSCVnV*
ZTF J201742.67+392153.7,2061381137269590016,RSCVnV*
ATO J105.2710+06.8788,3153773873909548416,RSCVnV*
ZTF J204629.46+464224.3,2166576809167042688,RSCVnV*
ATO J063.8058+55.6930,276731000657649152,RSCVnV*
ZTF J181101.88+060223.8,4471934865026510080,RSCVnV*
V* HK Lac,1975290167073179904,RSCVnV*
ATO J088.5260+31.5416,3450888063495033472,RSCVnV*
ATO J302.0575+02.2521,4243836947295399552,RSCVnV*
ZTF J192202.13+341510.0,2049336773348999680,RSCVnV*
ATO J087.1139+33.4913,3454342729030227072,RSCVnV*
ATO J335.6440+22.2687,1875019890634506624,RSCVnV*
V* V863 Car,5337282848633264640,RSCVnV*
ATO J281.5966-06.0126,4253306564312737024,RSCVnV*
ZTF J000044.43+673709.8,528599359043154304,RSCVnV*
CRTS J053247.2+032541,3224371934977660288,RSCVnV*
2MASS J05255688+3451442,182852430130803200,RSCVnV*
ZTF J034451.43+680155.9,493488516794155776,RSCVnV*
ATO J282.0675-08.3643,4251596995514569600,RSCVnV*
ZTF J193219.42+061635.1,4294449632190287616,RSCVnV*
CRTS J171542.1+220315,4567589112463084544,RSCVnV*
ZTF J191909.47+053540.4,4293735018345799168,RSCVnV*
ATO J082.8010+31.5290,3447135945704871424,RSCVnV*
ZTF J070922.01-132016.7,3044654624822671104,RSCVnV*
ATO J321.5787+43.1998,1970495403024968320,RSCVnV*
ATO J078.5934+29.2670,3422675930857330176,RSCVnV*
ZTF J184204.82+140305.8,4508813859414277888,RSCVnV*
ATO J090.2953+38.9741,3457461906077353856,RSCVnV*
ZTF J200025.74+363120.2,2059744681690298368,RSCVnV*
ATO J318.0629+57.0887,2189479945605538048,RSCVnV*
CRTS J155836.5+354720,1372277067942146176,RSCVnV*
ZTF J191201.61+211653.3,4519999878419865984,RSCVnV*
2MASS J19340002+2345191,2021062320796982912,RSCVnV*
ZTF J193132.37+370347.9,2051607990711164800,RSCVnV*
ZTF J070127.52+122923.4,3160855381626402048,RSCVnV*
ATO J158.2061+30.8554,747740444590733184,RSCVnV*
ATO J293.9375+39.6585,2052484125375461120,RSCVnV*
ZTF J040127.22+462837.4,245772429709408256,RSCVnV*
ZTF J194508.38+273746.5,2028145404708333056,RSCVnV*
ATO J283.7284+38.1554,2094136653791550464,RSCVnV*
ATO J025.7032+51.8599,406339296734523008,RSCVnV*
ATO J051.2230+35.7649,222170210023667456,RSCVnV*
ATO J299.0410+37.4936,2071912740689881856,RSCVnV*
ATO J260.6277+34.3704,1335697896634130432,RSCVnV*
ZTF J195320.77+154502.8,1819689721070689536,RSCVnV*
ZTF J223742.73+591344.3,2008428313663020928,RSCVnV*
ZTF J193832.55+262708.6,2021970375610546432,RSCVnV*
2MASS J20120769+4240343,2080758036826431488,RSCVnV*
ZTF J184324.96-110845.7,4107012934439002368,RSCVnV*
ZTF J193804.56-030827.2,4210721035760817152,RSCVnV*
ATO J053.4040+43.8984,238621652757295488,RSCVnV*
ZTF J184746.47+135402.3,4507259115621989248,RSCVnV*
ZTF J193958.08+100923.2,4302705285213133440,RSCVnV*
ZTF J000830.55+542621.9,420199607176767360,RSCVnV*
ZTF J043347.18+470223.2,257295685224536064,RSCVnV*
ATO J306.5292+33.8405,2056019162647793664,RSCVnV*
ZTF J180122.45+225039.9,4577414314012929280,RSCVnV*
ZTF J195021.59+463054.0,2080284383528921088,RSCVnV*
ZTF J211218.99+460658.6,2164093527806134784,RSCVnV*
2MASS J22594022+6246271,2207248431463110656,RSCVnV*
ATO J088.1846-05.3460,3022570285235734144,RSCVnV*
ZTF J190421.36-030759.9,4260823955268318336,RSCVnV*
ZTF J232949.23+623310.8,2015781194595712768,RSCVnV*
ZTF J192402.81+305927.2,2038989544292625792,RSCVnV*
ATO J272.2294+18.5801,4526521214998009728,RSCVnV*
ATO J107.7985-13.1449,3044634524378944896,RSCVnV*
ZTF J035451.10+605856.2,474598284257655040,RSCVnV*
ZTF J202329.06+323630.7,2054375079215224448,RSCVnV*
V* VV Mon,3053264114407619840,RSCVnV*
ZTF J213744.17+612149.3,2215879288508608256,RSCVnV*
ZTF J183250.02+021318.5,4276909539815926144,RSCVnV*
ATO J080.2245+34.9008,183579138596055680,RSCVnV*
ZTF J214221.96+614643.8,2215944812527937408,RSCVnV*
ATO J336.5674+51.9658,2001330588152708480,RSCVnV*
ZTF J194320.45+324341.9,2034863489473383680,RSCVnV*
2MASS J19274279+4405455,2126166595740258560,RSCVnV*
CRTS J081544.0+122421,650223487015018624,RSCVnV*
ZTF J204332.07+252001.3,1843579428657942272,RSCVnV*
ZTF J212137.21+221659.9,1791888805754757120,RSCVnV*
CRTS J201636.0-084455,4215438383014771200,RSCVnV*
SDSS J203923.71+421331.8,2066437615128893568,RSCVnV*
ZTF J194354.12+314322.9,2033079020806258816,RSCVnV*
SDSS J211057.87+010329.4,2690475098851455104,RSCVnV*
ZTF J184902.50+460912.8,2119095980055745664,RSCVnV*
