Star,Gaia_DR3_ID,otype
Gaia DR2 208563508816270464,208563508816270464,BlueStraggler
SDSS J083741.47+064108.3,595003981546573056,BlueStraggler
OGLE BLG-ECL-215242,4062349397730462720,BlueStraggler
SDSS J111006.56+395623.3,765030088843916288,BlueStraggler
Gaia DR2 2169661179787385856,2169661179787385856,BlueStraggler
SDSS J110145.29+251534.5,3996473051817940608,BlueStraggler
SDSS J142027.04+052027.6,3669764609122013568,BlueStraggler
SDSS J004055.09+255659.7,2808360814275552768,BlueStraggler
SDSS J081745.23+210614.5,675812936524818816,BlueStraggler
SDSS J082838.74+064439.3,595888641729925376,BlueStraggler
Gaia DR2 2932568695798849152,2932568695798849152,BlueStraggler
Gaia DR2 2932577865546921344,2932577865546921344,BlueStraggler
SDSS J090640.06+194648.9,636567170343807360,BlueStraggler
SDSS J120918.78+264314.4,4003654954396631168,BlueStraggler
SDSS J105121.77+004947.0,3807897633604535296,BlueStraggler
Gaia DR2 3326781616222424576,3326781616222424576,BlueStraggler
2MASS J03375586-0716457,3244041369068508416,BlueStraggler
SDSS J230355.85-005140.8,2650805402220338944,BlueStraggler
SDSS J012128.52+383218.5,323448008468241280,BlueStraggler
SDSS J095459.67+291835.4,743601122614344704,BlueStraggler
SDSS J165126.75+184133.0,4559828102259640960,BlueStraggler
SDSS J004222.42+142307.5,2779458295713282944,BlueStraggler
SDSS J125758.19+333945.3,1515525527321246336,BlueStraggler
SDSS J101258.80+061155.6,3873666536527340288,BlueStraggler
SDSS J084541.32+394957.3,912281019659628928,BlueStraggler
SDSS J160746.09+081400.9,4451380663370278016,BlueStraggler
SDSS J161001.35+070940.1,4450482667309997312,BlueStraggler
CHSS 1597,3263863850026638592,BlueStraggler
[CWH2004] CSA94-035,2498981435042452608,BlueStraggler
SDSS J160931.44+290851.0,1317200327187182592,BlueStraggler
Gaia DR2 5528101373614007680,5528101373614007680,BlueStraggler
SDSS J100938.24+345930.2,747507481269468160,BlueStraggler
SDSS J161524.37+203749.8,1202259340124604800,BlueStraggler
Gaia DR2 2165194070228492032,2165194070228492032,BlueStraggler
SDSS J130011.04+150903.2,3930468093196879488,BlueStraggler
NGC  2420   159,865401520342930560,BlueStraggler
Gaia DR3 4252790034359048832,4252790034359048832,BlueStraggler
NGC   188  2031,573941844181066368,BlueStraggler
Gaia DR2 3326770960410485376,3326770960410485376,BlueStraggler
SBSS 1405+560,1609834492222259840,BlueStraggler
SDSS J061619.38+640757.8,1008300820356910208,BlueStraggler
SDSS J031548.97+412420.3,239381793246101760,BlueStraggler
SDSS J080024.26+243214.3,681389998800802688,BlueStraggler
SDSS J094456.62+023740.1,3847771246691424512,BlueStraggler
SDSS J061557.52+635255.0,1008267938087134336,BlueStraggler
Cl* Berkeley   32     KM      85,3129899215863743360,BlueStraggler
SDSS J123758.54+480403.0,1543795208222208256,BlueStraggler
SDSS J085145.54+064507.6,584627271839564544,BlueStraggler
Gaia DR2 3038046598595270656,3038046598595270656,BlueStraggler
UCAC4 505-029030,3327801791214032256,BlueStraggler
SDSS J074819.88+220623.6,674652436361039616,BlueStraggler
SDSS J163423.56+172813.6,4466381708526240384,BlueStraggler
SDSS J144735.75+034011.2,1157768942136538880,BlueStraggler
SDSS J075647.49+454314.2,932334840438813568,BlueStraggler
SDSS J085829.33+025015.4,578225124868836352,BlueStraggler
SDSS J160945.76+264027.5,1315524503964561152,BlueStraggler
SDSS J031331.91+402958.7,238955315876878464,BlueStraggler
Gaia DR2 2051105372159550336,2051105372159550336,BlueStraggler
SDSS J165752.32+365502.7,1339253678583047936,BlueStraggler
UCAC4 208-120415,5941674937155595008,BlueStraggler
UCAC4 183-177473,5930065404395350912,BlueStraggler
SDSS J100920.26+090539.7,3875270650977856640,BlueStraggler
SDSS J101940.74+212725.5,625919740258681472,BlueStraggler
V* V708 Mon,3056678750840279296,BlueStraggler
2MASS J10392011+4543424,830399838984128000,BlueStraggler
2MASS J00202103-0012271,2545254592352603008,BlueStraggler
SDSS J160758.97+075533.1,4451353892835924224,BlueStraggler
SDSS J114852.89+615529.3,859955055133694208,BlueStraggler
SDSS J104414.85+101338.7,3869671216214761472,BlueStraggler
UCAC4 160-091854,6071478611338375040,BlueStraggler
SDSS J061701.89+640944.2,1008298037218072064,BlueStraggler
Gaia DR2 3029957762128513280,3029957762128513280,BlueStraggler
SDSS J095814.03+311907.2,745004236890730752,BlueStraggler
Gaia DR2 5857912393356819328,5857912393356819328,BlueStraggler
SDSS J003930.59+083254.8,2750014302034343552,BlueStraggler
SDSS J134234.15+551348.2,1562296144922798848,BlueStraggler
V* V773 Cep,573941294425258496,BlueStraggler
SDSS J120143.06+404525.0,4035122221268981632,BlueStraggler
SDSS J210803.74-003924.4,2689821125655526400,BlueStraggler
SDSS J104305.47+054951.6,3859236163671905920,BlueStraggler
SDSS J073928.88+231650.4,867279795441121280,BlueStraggler
SDSS J012914.90+383908.1,323320121521218688,BlueStraggler
SDSS J204621.46-054752.7,6913416441837205376,BlueStraggler
SDSS J232226.77+535518.5,1995774377932037504,BlueStraggler
SDSS J075717.13+351758.9,906477556768618880,BlueStraggler
SDSS J113440.69-021255.7,3793409781202412928,BlueStraggler
SDSS J152911.64+492549.6,1594440156906608640,BlueStraggler
NGC  2420   172,865401825283678848,BlueStraggler
SDSS J145704.51+030400.3,1154893169473670784,BlueStraggler
SDSS J025639.26+352251.2,140340019198295936,BlueStraggler
SDSS J081159.25+271218.4,683596482415416832,BlueStraggler
SDSS J172459.18+271100.5,4574151543313937024,BlueStraggler
V* IP Mus,5856515601255190272,BlueStraggler
SDSS J230300.08+071226.9,2711921309373920384,BlueStraggler
SDSS J091609.12+254826.4,688672614067144576,BlueStraggler
TYC 5416-3149-1,3038043776795821312,BlueStraggler
SDSS J092404.87+283458.2,695461965226493440,BlueStraggler
SDSS J160451.43+362141.6,1372189377594020096,BlueStraggler
2MASS J16585012-5234340,5935993799294265984,BlueStraggler
SDSS J105357.04+665336.2,1060056718165456000,BlueStraggler
SDSS J150850.84+324014.2,1288763623598183168,BlueStraggler
SDSS J161815.27+132039.7,4463400283966452864,BlueStraggler
SDSS J104626.84+080501.6,3865763208292470656,BlueStraggler
SDSS J160925.85+400530.9,1380011337673148032,BlueStraggler
SDSS J082807.12+243703.9,678720560662520448,BlueStraggler
SDSS J114835.72+354000.1,4032035071791483904,BlueStraggler
SDSS J075128.09+461420.3,926605044828429312,BlueStraggler
CHSS 1156,2506138087508711552,BlueStraggler
Gaia DR2 2074534659270489984,2074534659270489984,BlueStraggler
PB  4496,3692089166227355648,BlueStraggler
SDSS J084637.40+304849.8,706598506187246080,BlueStraggler
SDSS J161334.00+224615.9,1205759021212796416,BlueStraggler
SDSS J084642.28+184900.3,660289614749137152,BlueStraggler
Gaia DR2 5856529276431950080,5856529276431950080,BlueStraggler
SDSS J094012.27+533227.7,1021237983406387072,BlueStraggler
2MASS J11020466+4206071,778253296715547904,BlueStraggler
Gaia DR2 2929388392780217088,2929388392780217088,BlueStraggler
Cl* Berkeley   32     KM      91,3129899349002690560,BlueStraggler
SDSS J094947.97+583351.7,1049468558629164544,BlueStraggler
Gaia DR2 513008284166633600,513008284166633600,BlueStraggler
SDSS J094638.45+594527.3,1050526872930760960,BlueStraggler
SDSS J234346.23+434130.6,1925718337430580736,BlueStraggler
SDSS J075742.23+355520.6,906778062744794880,BlueStraggler
SDSS J212923.07+121302.3,1745952240738673152,BlueStraggler
SDSS J072610.18+352254.8,896944099465335680,BlueStraggler
SDSS J021442.76+004556.4,2513120226863275776,BlueStraggler
SDSS J080945.36+053258.4,3095067546487431040,BlueStraggler
SDSS J112751.61+521622.1,838755504581854208,BlueStraggler
SDSS J174500.36+241348.6,4581446631166427264,BlueStraggler
Gaia DR2 212922660102562688,212922660102562688,BlueStraggler
SDSS J012852.21-005118.1,2485870274277664256,BlueStraggler
SDSS J163722.28+334346.3,1325108976887455872,BlueStraggler
SDSS J075129.73+160553.4,666980589680845824,BlueStraggler
SDSS J154045.07+031829.8,4424575600675083264,BlueStraggler
Gaia DR2 5406951337010955264,5406951337010955264,BlueStraggler
SDSS J161529.11+164348.7,1198686172148858496,BlueStraggler
Gaia DR2 5856527558444950656,5856527558444950656,BlueStraggler
SDSS J113131.05+600215.3,859180861509149056,BlueStraggler
SDSS J095503.88+183024.2,626445684773562368,BlueStraggler
Cl* NGC 2682   SAND    1440,604905534727086336,BlueStraggler
SDSS J160435.72+064721.2,4450830903257727104,BlueStraggler
V* V771 Cep,573941328784984320,BlueStraggler
Gaia DR2 156450304087516928,156450304087516928,BlueStraggler
SDSS J145634.19+492257.0,1592331465402914176,BlueStraggler
SDSS J233845.25+003329.4,2645908555387310080,BlueStraggler
[MLF2014] 15822,6083702569274545792,BlueStraggler
SDSS J191250.23+383127.1,2099378502460952576,BlueStraggler
SDSS J115011.41-025751.8,3600548775902377344,BlueStraggler
SDSS J103843.16+230926.6,723139073782537728,BlueStraggler
SDSS J145430.64+364800.1,1293638411478931712,BlueStraggler
SDSS J142951.05+392825.4,1487827631122772992,BlueStraggler
SDSS J082144.55+310210.1,708730695455238016,BlueStraggler
SDSS J154512.38+034240.0,4424649233594239744,BlueStraggler
SDSS J081701.32+324137.1,901644752192167808,BlueStraggler
SDSS J093003.42+054815.5,3852621128057745024,BlueStraggler
SDSS J080118.23+103855.9,3147763771551687936,BlueStraggler
Gaia DR2 1827373623735824256,1827373623735824256,BlueStraggler
TYC 6528-2158-1,5616399132353957888,BlueStraggler
SDSS J000335.67-085245.8,2429084656231298560,BlueStraggler
SDSS J151730.39+552300.2,1600535711931980032,BlueStraggler
SDSS J161657.69+164144.0,1198674249319602560,BlueStraggler
SDSS J174625.79+255653.1,4582189179472310912,BlueStraggler
Gaia DR2 194985781458004864,194985781458004864,BlueStraggler
SDSS J094258.09+540832.0,1021370779499574912,BlueStraggler
Gaia DR2 3334922400312888960,3334922400312888960,BlueStraggler
SDSS J072645.56+355335.4,897031686734858752,BlueStraggler
SDSS J073737.49+284449.7,878571092663438080,BlueStraggler
Gaia DR2 424418364574772736,424418364574772736,BlueStraggler
SDSS J134516.39+653518.2,1672014653615648512,BlueStraggler
SDSS J132440.50-020647.1,3638218486649771904,BlueStraggler
SDSS J005241.57+143047.6,2777821878814144768,BlueStraggler
SDSS J133748.24+134520.9,3741409611421720064,BlueStraggler
SDSS J103950.51+072935.0,3868662452950945408,BlueStraggler
SDSS J152805.75+342616.3,1374730452044105728,BlueStraggler
SDSS J234025.26+424145.1,1925395046653149440,BlueStraggler
2MASS J03524829-0635375,3243624452300740992,BlueStraggler
SDSS J112056.38+044355.4,3813656184020295552,BlueStraggler
SDSS J150712.93-012445.2,4418384040244565504,BlueStraggler
SDSS J074932.63+251236.2,867786666004858624,BlueStraggler
SDSS J002208.18-092305.7,2429698527316709120,BlueStraggler
SDSS J075835.47+262725.6,874290796976037504,BlueStraggler
SDSS J030419.89-000250.8,3266560672875550080,BlueStraggler
SDSS J100021.59+040654.7,3848967137385687936,BlueStraggler
SDSS J082419.98+173605.0,662120855662921088,BlueStraggler
SDSS J125656.94+453201.8,1530733284962155520,BlueStraggler
SDSS J080732.88+061227.8,3095917602117061760,BlueStraggler
SDSS J074610.44+330652.9,882021493293250432,BlueStraggler
Cl* Collinder  110     DI    4223,3126753238218712320,BlueStraggler
PHL  5500,2651071282171159808,BlueStraggler
SDSS J145703.53+010456.7,1153236308530269184,BlueStraggler
SDSS J161928.31+060633.5,4437971874253041792,BlueStraggler
SDSS J111606.98+063416.5,3817278701172278400,BlueStraggler
SDSS J025030.11+335352.3,139776068516501504,BlueStraggler
Gaia DR2 2030532998553864960,2030532998553864960,BlueStraggler
Gaia DR2 513007425173196288,513007425173196288,BlueStraggler
Gaia DR2 5529623922338859520,5529623922338859520,BlueStraggler
Gaia DR2 3109989190591589504,3109989190591589504,BlueStraggler
SDSS J145307.87+021607.6,1154367882089591680,BlueStraggler
SDSS J003817.49+071651.8,2557264042465777536,BlueStraggler
SDSS J003107.51+074826.0,2749541546394839552,BlueStraggler
Gaia DR2 5528101167455577600,5528101167455577600,BlueStraggler
2MASS J12115375-0219220,3694454868574704256,BlueStraggler
SDSS J151427.19+590852.3,1614889836232295552,BlueStraggler
SDSS J092201.14+153119.6,630640630871550464,BlueStraggler
SDSS J091703.08+041237.6,579334295878769024,BlueStraggler
SDSS J074032.89+180455.8,671361907297077760,BlueStraggler
SDSS J011752.88+251521.5,294506942574462720,BlueStraggler
SDSS J235149.58+360953.1,2878777318490383104,BlueStraggler
SDSS J202557.19+140822.9,1804239452369695872,BlueStraggler
SDSS J161853.96+350254.7,1329090514649554688,BlueStraggler
SDSS J092406.26+022020.7,3844744737857427968,BlueStraggler
SDSS J224912.29+234303.9,2837116792849248768,BlueStraggler
SDSS J113319.28+314549.0,4025127385694428160,BlueStraggler
SDSS J163827.35+363924.9,1328287218326068096,BlueStraggler
SDSS J133830.13+142939.1,3741611715402886912,BlueStraggler
NGC  2682    90,604911268507711232,BlueStraggler
2MASS J12383704-6830123,5856512680677308160,BlueStraggler
SDSS J161044.49+080524.0,4451400141043294976,BlueStraggler
SDSS J213511.65+105459.8,1742569455778300416,BlueStraggler
Gaia DR2 3326775637628214912,3326775637628214912,BlueStraggler
Gaia DR2 2051286967671325184,2051286967671325184,BlueStraggler
Gaia DR2 3029945328207035648,3029945328207035648,BlueStraggler
SDSS J154947.43+023316.8,4423444031412315648,BlueStraggler
Gaia DR2 203634643004775680,203634643004775680,BlueStraggler
Gaia DR2 2932568382258841728,2932568382258841728,BlueStraggler
SDSS J134459.14-011038.2,3661623756310516096,BlueStraggler
SDSS J111152.45+080206.3,3818790834602697344,BlueStraggler
SDSS J113803.05+471021.7,787056811441599744,BlueStraggler
ATO J104.4006+08.2904,3157241527424009216,BlueStraggler
SDSS J131644.10+614503.8,1663511928335386240,BlueStraggler
SDSS J152124.17+535017.5,1599464585743747200,BlueStraggler
[AG92] 16191,2532979026063676160,BlueStraggler
SDSS J122334.98+280006.6,4009949349227697408,BlueStraggler
Gaia DR2 425168162784475008,425168162784475008,BlueStraggler
SDSS J083242.99+074932.2,596082808611498624,BlueStraggler
SDSS J162549.44+331203.9,1325641793349539712,BlueStraggler
SDSS J100241.37+433938.2,808042399606632832,BlueStraggler
Cl* NGC 6388    BSS     101,5955270608933146240,BlueStraggler
SDSS J103634.18+192634.3,3987042845528873856,BlueStraggler
SDSS J061259.34+642551.6,1008354932649166592,BlueStraggler
Gaia DR2 5623386322584851584,5623386322584851584,BlueStraggler
SDSS J130910.24+015039.3,3691172512831519104,BlueStraggler
SDSS J141336.96-012430.2,3647671056833331200,BlueStraggler
UCAC4 571-024162,3426176539660380288,BlueStraggler
UCAC4 183-139187,5980836659441706240,BlueStraggler
SDSS J131038.13+013423.4,3690974772537244032,BlueStraggler
SDSS J015005.64+010449.3,2511068714259507072,BlueStraggler
SDSS J233714.31+471142.5,1939958804015518848,BlueStraggler
US 1699,1013326000812835072,BlueStraggler
Gaia DR2 2056379424497206272,2056379424497206272,BlueStraggler
Gaia DR2 2082984101201119104,2082984101201119104,BlueStraggler
SDSS J131104.02+025306.6,3691773464655437568,BlueStraggler
SDSS J032008.12-074206.6,5168398820342172544,BlueStraggler
SDSS J104939.69+003042.2,3806384426431760128,BlueStraggler
SDSS J152638.75+602222.3,1615243569738939520,BlueStraggler
Gaia DR2 3326786082988414592,3326786082988414592,BlueStraggler
Gaia DR2 2005040649614859648,2005040649614859648,BlueStraggler
SDSS J080226.66+060535.2,3096006666855808256,BlueStraggler
SDSS J140207.87-031833.6,3645499594383298432,BlueStraggler
Gaia DR2 3326394691208502912,3326394691208502912,BlueStraggler
SDSS J094721.45+264708.0,647116709534143872,BlueStraggler
NGC   188  2046,573942153418684288,BlueStraggler
NGC  2204  2103,2941936259984685312,BlueStraggler
SDSS J083657.34+142433.3,651518776135621760,BlueStraggler
SDSS J142021.64+045809.6,3669736296697350528,BlueStraggler
SDSS J011746.72+001752.6,2534986523842268672,BlueStraggler
SDSS J015003.66+002106.7,2509329523087657088,BlueStraggler
SDSS J104110.54+073946.9,3868625340138269696,BlueStraggler
Case A-F  201,902634729270453248,BlueStraggler
SDSS J053551.82+614315.1,286148145944979712,BlueStraggler
Gaia DR2 3046144364298013952,3046144364298013952,BlueStraggler
Gaia DR2 212900468009189248,212900468010918656,BlueStraggler
Cl* NGC 6397    DSZ       3,5921745296766567936,BlueStraggler
SDSS J034134.83+002757.4,3263699537462098432,BlueStraggler
SDSS J121215.56+003638.7,3699200837499915136,BlueStraggler
SDSS J074808.24+164251.5,667870957878110592,BlueStraggler
Gaia DR2 5856528348719366528,5856528348719366528,BlueStraggler
Gaia DR2 3032947025009347968,3032947025009347968,BlueStraggler
Gaia DR2 424416887106023168,424416887106023168,BlueStraggler
SDSS J125336.57+151408.9,3931364401331964416,BlueStraggler
Cl* NGC  188    DGV    1468,573968576057423360,BlueStraggler
SDSS J090710.76+084634.3,591133666256955264,BlueStraggler
Gaia DR2 208547737695033728,208547737695033728,BlueStraggler
SDSS J080713.38+064231.0,3097447336325449216,BlueStraggler
SDSS J023559.78+003425.3,2501828586043269632,BlueStraggler
UCAC4 571-024782,3426271883635875456,BlueStraggler
SDSS J214703.96+122905.2,1767138008740747008,BlueStraggler
SDSS J092044.04+321059.8,700833109591081216,BlueStraggler
SDSS J080811.98+273537.8,683866584319817984,BlueStraggler
SDSS J011650.54+005926.5,2535261504828299904,BlueStraggler
Gaia DR2 3035401998255957760,3035401998255957760,BlueStraggler
SDSS J155001.24+320749.3,1369743136020765696,BlueStraggler
SDSS J152230.03-012439.9,4415350079642049152,BlueStraggler
SDSS J163908.75+361546.1,1328086935411171840,BlueStraggler
SDSS J152807.24+423940.1,1390991954141082496,BlueStraggler
SDSS J160039.96+243731.3,1219117808316094208,BlueStraggler
SDSS J085156.75+303714.7,705890901735173248,BlueStraggler
UCAC4 163-066535,5339942051858583168,BlueStraggler
SDSS J080530.10+411615.0,921474169521137536,BlueStraggler
SDSS J013011.12+151640.4,2591930952599450624,BlueStraggler
SDSS J172241.98+281717.7,4598479410606409984,BlueStraggler
SDSS J222646.42+693947.9,2226253593026614144,BlueStraggler
SDSS J232314.64+520443.9,1992341633909420928,BlueStraggler
SDSS J013821.40-090312.5,2464875512062140672,BlueStraggler
SDSS J090607.84+020721.7,577144274874459648,BlueStraggler
SDSS J215734.29+003233.4,2681374333733626368,BlueStraggler
SDSS J025723.50+055617.9,7094392620014080,BlueStraggler
SDSS J130723.21+012252.3,3691129052058265600,BlueStraggler
Gaia DR2 2929387220244270848,2929387220244270848,BlueStraggler
SDSS J031920.11+421912.8,239525176435026432,BlueStraggler
CHSS 1167,2494961929769027968,BlueStraggler
SDSS J130231.48-012202.5,3685615688439561088,BlueStraggler
SDSS J113725.95+650945.5,1056303088547765248,BlueStraggler
SDSS J143312.11+034624.1,3656745154499103744,BlueStraggler
SDSS J131322.86+024515.5,3691712132523001984,BlueStraggler
SDSS J032940.26-005710.7,3263243789892383872,BlueStraggler
SDSS J152453.61+333101.3,1278506868034848512,BlueStraggler
SDSS J100816.47+072121.7,3874793467226411264,BlueStraggler
[TGM2014] 21005,2051293221143723264,BlueStraggler
SDSS J081217.73+321026.8,901987421863771008,BlueStraggler
SDSS J230155.67-090645.4,2607097925230621184,BlueStraggler
SDSS J124941.78+320826.4,1513857808699976448,BlueStraggler
Gaia DR2 5856533326555127168,5856533326555127168,BlueStraggler
SDSS J031814.78+405626.4,239297233930331008,BlueStraggler
[CBB98]  29,1334579968187075072,BlueStraggler
Gaia DR2 559354245458755712,559354245458755712,BlueStraggler
US 2960,4020766933032328064,BlueStraggler
SDSS J105726.41+013248.6,3808381070828121344,BlueStraggler
UCAC4 370-137150,4103072520908233600,BlueStraggler
[MLF2014] 104716,6083514857722754944,BlueStraggler
Gaia DR2 6056570642433872512,6056570642433872512,BlueStraggler
SDSS J095210.07+230123.9,642068027017846400,BlueStraggler
SDSS J074950.30+431228.3,925809303351454976,BlueStraggler
SDSS J085647.29+001735.9,3074537048758967552,BlueStraggler
UCAC4 355-034029,5716778737170678912,BlueStraggler
SDSS J023502.45-010044.1,2497074022887131008,BlueStraggler
Gaia DR2 511341802494744960,511341802494744960,BlueStraggler
SDSS J163218.13+384203.1,1331740990507728640,BlueStraggler
UCAC4 687-021104,435064729506486784,BlueStraggler
SDSS J025802.62+060959.4,7151395426227328,BlueStraggler
SDSS J131707.95+582030.0,1566789883304669312,BlueStraggler
US   30,1465417621347801856,BlueStraggler
SDSS J133536.93-024946.8,3637331799241850880,BlueStraggler
SDSS J154510.99+003507.8,4422593211274108928,BlueStraggler
Gaia DR2 5538866722016153088,5538866722016153088,BlueStraggler
SDSS J165055.67+344457.9,1314985708906964352,BlueStraggler
SDSS J104830.56+093234.7,3869373729600094976,BlueStraggler
SDSS J083143.64+060221.8,595602184592500224,BlueStraggler
UCAC4 446-035272,3109989362390296064,BlueStraggler
SDSS J161852.88+200411.4,1201932956970455936,BlueStraggler
SDSS J144129.27+443350.6,1493631261515144320,BlueStraggler
SDSS J090515.86+074700.4,584283953629447040,BlueStraggler
SDSS J004214.96+004329.4,2549320960012573568,BlueStraggler
SDSS J162403.44+420937.9,1381360610238900992,BlueStraggler
SDSS J161409.34+460803.3,1386664894849567488,BlueStraggler
SDSS J125823.56+152602.5,3931244558860472704,BlueStraggler
Gaia DR2 250924088359721472,250924088359721472,BlueStraggler
SDSS J094404.91+044448.5,3851329919154434816,BlueStraggler
[SP2014] NGC5139 BSS29,6083698343030828288,BlueStraggler
PB  1794,1504229316656496768,BlueStraggler
NGC  2682   156,604921202767814528,BlueStraggler
SDSS J231351.68-091733.3,2630125413863015296,BlueStraggler
UCAC4 163-066862,5339940952346951424,BlueStraggler
Cl* NGC 5466    SAW V30,1452626285323484160,BlueStraggler
SDSS J120812.45+070328.2,3898601737963171584,BlueStraggler
SDSS J031058.75-074451.4,5167822989781781248,BlueStraggler
MGC 39288,3689009567301488128,BlueStraggler
Gaia DR2 3326766974675728896,3326766974675728896,BlueStraggler
Gaia DR2 208730703302869120,208730703302869120,BlueStraggler
SDSS J121825.45+350414.2,4029095420080069376,BlueStraggler
Gaia DR2 5630098944150788352,5630098944150788352,BlueStraggler
SDSS J095612.46+020507.9,3834800411097947520,BlueStraggler
SDSS J004014.84+252619.5,2806794907854576128,BlueStraggler
Gaia DR2 3356590883983514880,3356590883983514880,BlueStraggler
ATO J295.2388+40.0821,2076297627397174528,BlueStraggler
SDSS J014230.60+241952.3,291397317532636032,BlueStraggler
SDSS J121238.16+575555.8,1575723174762590592,BlueStraggler
SDSS J224327.30+240533.3,1876223855866895232,BlueStraggler
[SP2014] NGC5139 BSS35,6083701538482120704,BlueStraggler
SDSS J165009.04+344552.9,1314904581269185920,BlueStraggler
[SP2014] NGC6218 BSS3,4379075988450756608,BlueStraggler
SDSS J135100.28+612918.6,1664231142083517696,BlueStraggler
SDSS J034029.14-004355.7,3263462150325782912,BlueStraggler
SDSS J231256.49-010024.4,2638942462030801152,BlueStraggler
SDSS J052219.52+613838.6,284830621775832576,BlueStraggler
Gaia DR2 3326448361119809792,3326448361119809792,BlueStraggler
SDSS J075409.54+200636.0,673337867131429504,BlueStraggler
SDSS J120106.04+385445.3,4033920901736545024,BlueStraggler
SDSS J155527.50+043718.8,4426091346177152000,BlueStraggler
Gaia DR3 5882618209122881536,5882618209122881536,BlueStraggler
NGC   188  2119,573939954395446016,BlueStraggler
SDSS J124857.15+033220.0,3703843594068062464,BlueStraggler
SDSS J172527.49+563348.3,1420788276873145600,BlueStraggler
SDSS J204217.27-003618.6,4227838473288379136,BlueStraggler
HE 1126-0255,3787241413595453056,BlueStraggler
SDSS J085831.51+152855.7,610555684463883264,BlueStraggler
Gaia DR2 5507236216326238336,5507236216326238336,BlueStraggler
GES J16004917-5333257,5980830199810406656,BlueStraggler
SDSS J125801.14+150127.1,3931127907548644736,BlueStraggler
SDSS J012716.29+065143.6,2566081193712426496,BlueStraggler
SDSS J163004.95+353032.8,1326304970660590976,BlueStraggler
SDSS J105326.50+252333.7,729649385210106624,BlueStraggler
SDSS J161155.55+412115.9,1381607076938556800,BlueStraggler
SDSS J075429.04+160423.6,666803606967105280,BlueStraggler
SDSS J125102.81+023927.4,3702957490775480064,BlueStraggler
SDSS J084038.91+121133.8,602184376591355392,BlueStraggler
SDSS J090437.70+305400.5,699706797367704960,BlueStraggler
SDSS J120956.73+615622.4,1582686656779010304,BlueStraggler
[SP2014] NGC5139 BSS22,6083702500555263232,BlueStraggler
SDSS J115253.12+373732.7,4034170971912469248,BlueStraggler
SDSS J124043.05+401118.3,1522014192113302272,BlueStraggler
SDSS J234245.40+471005.8,1939301016885847168,BlueStraggler
SDSS J120709.46+264248.9,4006577426238915712,BlueStraggler
SDSS J081801.56+395838.7,909333843163654144,BlueStraggler
Gaia DR2 3341820117792344832,3341820117792344832,BlueStraggler
SDSS J013637.75-085111.6,2465083560277821056,BlueStraggler
Gaia DR2 3334922469032368896,3334922469032368896,BlueStraggler
Gaia DR2 3454321907028614912,3454321907028614912,BlueStraggler
CD-49 11414,5949553835654195968,BlueStraggler
SDSS J030828.03-080309.8,5167731141905791744,BlueStraggler
SDSS J141759.62+602253.1,1660363850450831744,BlueStraggler
TYC 4009-1608-1,1995050929341057536,BlueStraggler
SDSS J024835.15-002837.6,2497778711056175744,BlueStraggler
Gaia DR2 3372764188927847808,3372764188927847808,BlueStraggler
Case A-F  745,4017169296626867712,BlueStraggler
SDSS J073445.70+384428.2,899364231933767808,BlueStraggler
SDSS J081308.57+002658.7,3089545421133652864,BlueStraggler
SDSS J081217.35+184119.7,657379692804020992,BlueStraggler
SDSS J152401.53+505112.6,1595549667217738880,BlueStraggler
SDSS J095038.87+630931.5,1063534679602337664,BlueStraggler
UCAC4 264-025530,5541107565380391296,BlueStraggler
CPD-48  8477,5941411299209346688,BlueStraggler
SDSS J082708.25+192528.6,662962600533057152,BlueStraggler
UCAC4 311-042123,5693063199077161984,BlueStraggler
SDSS J165058.64+214505.3,4565700422064813568,BlueStraggler
Gaia DR2 2169719934946259968,2169719934946259968,BlueStraggler
SDSS J145939.68+035037.2,1155052564300085248,BlueStraggler
SDSS J083552.62+530617.0,1028765441872535552,BlueStraggler
2QZ J133113.4-010937,3638577515851299712,BlueStraggler
SDSS J085420.07+241640.1,689727977727338624,BlueStraggler
Gaia DR2 3341820044773741184,3341820044773741184,BlueStraggler
SDSS J152621.48-022543.6,4414427138414051072,BlueStraggler
Gaia DR2 2922223249150559104,2922223253455323904,BlueStraggler
SDSS J025926.17+043614.8,2248574294170240,BlueStraggler
Gaia DR2 2058930669454387712,2058930669454387712,BlueStraggler
Case A-F  431,696211591638334464,BlueStraggler
SDSS J092219.52+225653.5,639061966522551168,BlueStraggler
SDSS J234010.16+494126.1,1943537542567103232,BlueStraggler
SDSS J022858.04-075321.5,5176604479915085440,BlueStraggler
Gaia DR2 5718367084793950208,5718367084793950208,BlueStraggler
SDSS J031021.68+400454.4,239011459690351360,BlueStraggler
SDSS J125928.78-013343.3,3688599105866775808,BlueStraggler
SDSS J222938.25-000257.8,2678139948481380736,BlueStraggler
Gaia DR2 3221067898239929600,3221067898239929600,BlueStraggler
Gaia DR2 3426165407105724544,3426165407105724544,BlueStraggler
Case A-F  814,1516541892678410624,BlueStraggler
2MASS J19414634+4016320,2076393594145246080,BlueStraggler
SDSS J174137.62+533946.5,1416911291499055488,BlueStraggler
SDSS J074843.55+310709.8,880760770069613824,BlueStraggler
GES J06365798+0922413,3326769624673711744,BlueStraggler
SDSS J234323.43+455342.3,1926935226220296192,BlueStraggler
2MASS J12402177+3849192,1521332975940425856,BlueStraggler
SDSS J080506.81+213735.5,670965048022025984,BlueStraggler
Gaia DR2 5621583260956229120,5621583260956229120,BlueStraggler
Gaia DR3 5229215110576234240,5229215110576234240,BlueStraggler
SDSS J085720.02+061420.3,583611602269212160,BlueStraggler
SDSS J091054.14+270444.4,689046761554728576,BlueStraggler
SDSS J140511.07-020509.8,3647200259698124160,BlueStraggler
SDSS J145406.31-013321.1,6340478215551018624,BlueStraggler
SDSS J115932.26+582907.4,845480190712676864,BlueStraggler
SDSS J115139.63+461611.3,774187135213570688,BlueStraggler
Gaia DR2 2929385747080526080,2929385747080526080,BlueStraggler
SDSS J024111.30+000602.7,2498713807040806528,BlueStraggler
SDSS J094225.31+291904.4,648471273500106624,BlueStraggler
SDSS J152325.23+414358.5,1390856817290153344,BlueStraggler
SDSS J171355.75+423306.4,1354175528840858752,BlueStraggler
SDSS J012805.77+010556.9,2558379423997064704,BlueStraggler
SDSS J074004.87+401217.8,923568910970734592,BlueStraggler
SDSS J081642.98-001910.2,3077388391646700800,BlueStraggler
Gaia DR2 3326783059331363200,3326783059331363200,BlueStraggler
SDSS J170535.39+390212.5,1341356047894573568,BlueStraggler
GPM 137.827013+44.960232,1009555878519695872,BlueStraggler
SDSS J123829.28+373702.7,1521116165991545344,BlueStraggler
Gaia DR2 2893946563162115712,2893946563162115712,BlueStraggler
Gaia DR3 4155269331543591168,4155269331543591168,BlueStraggler
SDSS J212354.72-002353.2,2686325022276539136,BlueStraggler
SDSS J233428.34-004232.7,2641217871279805440,BlueStraggler
SDSS J211614.91+110152.1,1746289172333082752,BlueStraggler
Gaia DR3 4155848769797121152,4155848769797121152,BlueStraggler
SDSS J150415.45+425314.8,1393264232359319296,BlueStraggler
COSMOS 888020,3836041175610417920,BlueStraggler
SDSS J091157.21+053716.8,580517400454419968,BlueStraggler
SDSS J215806.34-082409.4,2618505156505383424,BlueStraggler
SDSS J223450.72+001938.1,2654192761322198144,BlueStraggler
HE 2237-0920,2609353371471480320,BlueStraggler
SDSS J013456.04+005859.3,2510184500752209664,BlueStraggler
SDSS J144819.70+472844.0,1590253220923804288,BlueStraggler
SDSS J094138.43+540754.6,1021361163068040704,BlueStraggler
SDSS J120655.60+103609.3,3906663494657238912,BlueStraggler
SDSS J234407.98+453427.5,1926866919064324480,BlueStraggler
Gaia DR2 2169764941901991808,2169764941901991808,BlueStraggler
[SP2014] NGC6218 BSS32,4379080176044323712,BlueStraggler
SDSS J235523.70+362553.2,2878841571200842112,BlueStraggler
SDSS J091932.06+322445.9,701596724713112448,BlueStraggler
SDSS J165141.08+311054.8,1312931060976435328,BlueStraggler
SDSS J074659.08+235010.5,867539001010174592,BlueStraggler
Gaia DR2 5856527730243676800,5856527730243676800,BlueStraggler
SDSS J231635.71-000913.1,2645094126508430592,BlueStraggler
Gaia DR2 208490391292590592,208490395592195328,BlueStraggler
Gaia DR2 1835315671076707712,1835315671076707712,BlueStraggler
SDSS J073912.77+313047.5,880233412509167360,BlueStraggler
SDSS J153803.32+575619.6,1602008477693623680,BlueStraggler
SDSS J202716.16+774626.1,2290931711693043584,BlueStraggler
SDSS J120509.11+160839.5,3925481155129908864,BlueStraggler
SDSS J130610.83+031134.8,3692492923217691008,BlueStraggler
SDSS J090835.66+014254.6,3843680204442914560,BlueStraggler
SDSS J114924.64+355922.0,4032421034732669056,BlueStraggler
SDSS J155413.23+073228.7,4430115691873799680,BlueStraggler
SDSS J125943.17+335329.0,1515617478277842816,BlueStraggler
TYC 4816-2827-1,3109986166934620928,BlueStraggler
SDSS J093052.77+581900.7,1026359298114190848,BlueStraggler
V* HN Mus,5856528383078700288,BlueStraggler
SDSS J133232.20+482229.6,1552445512874409984,BlueStraggler
Gaia DR3 4103965942825420160,4103965942825420160,BlueStraggler
SDSS J031830.38+420552.9,239498650717043072,BlueStraggler
SDSS J020816.50+003509.9,2507322403265943168,BlueStraggler
SDSS J145817.67+590527.4,1614323248442606720,BlueStraggler
SDSS J075257.25+153550.0,666668710633893888,BlueStraggler
SDSS J154848.63+032131.7,4424380536144547840,BlueStraggler
SDSS J114216.00+350833.2,4031947484522823424,BlueStraggler
SDSS J075105.66+175154.6,668327014686504960,BlueStraggler
SDSS J105627.97+040025.2,3815749791598732544,BlueStraggler
SDSS J123809.08+043609.7,3707345401163363712,BlueStraggler
SDSS J031200.00+404547.4,239130241305030784,BlueStraggler
Gaia DR2 2929388392780211712,2929388392780211712,BlueStraggler
Cl* Palomar   12    SVB    1236,6817951001157440512,BlueStraggler
SDSS J100945.31+225931.7,630102935325664896,BlueStraggler
Gaia DR2 3046144604816446208,3046144604816446208,BlueStraggler
SDSS J161524.99+223757.4,1205745341741288448,BlueStraggler
Gaia DR2 5259583385528323200,5259583385528323200,BlueStraggler
SDSS J161045.09+222711.0,1205691603109941376,BlueStraggler
2MASS J17524354-2935055,4056548370026803968,BlueStraggler
SDSS J012628.01+383915.8,323355310189087616,BlueStraggler
Gaia DR2 3129908355554017792,3129908355554017792,BlueStraggler
SDSS J085555.62+171502.8,611633098483878784,BlueStraggler
SDSS J082507.02+272249.2,683061393913929984,BlueStraggler
SDSS J230647.76-093057.6,2606283118394547456,BlueStraggler
SDSS J112301.64+273330.7,3997773769778751488,BlueStraggler
SDSS J101103.85+382151.0,802501002741916672,BlueStraggler
SDSS J074616.60+372646.7,919878679366498816,BlueStraggler
SDSS J062048.13+641719.0,1007635684541903104,BlueStraggler
SDSS J110628.53+370205.0,762971287680392576,BlueStraggler
SDSS J082427.93+200315.9,663808262413795200,BlueStraggler
SDSS J140522.68+050925.9,3672158486453602304,BlueStraggler
SDSS J123147.52+492158.0,1544469694183844096,BlueStraggler
SDSS J115124.12+395139.4,768025265892283264,BlueStraggler
Gaia DR2 5339941089785932544,5339941089785932544,BlueStraggler
SDSS J123211.31+573217.9,1580765328928870912,BlueStraggler
SDSS J233337.67-003918.7,2644224309732463488,BlueStraggler
2QZ J130019.1-003301,3689108901305404032,BlueStraggler
Gaia DR2 2932572234851891840,2932572234851891840,BlueStraggler
SDSS J075719.98+423926.5,922593407934464000,BlueStraggler
SDSS J091844.08+090151.9,590584769436222080,BlueStraggler
SDSS J161855.70+060835.3,4438160410435720064,BlueStraggler
USNO-A2.0 0825-19889240,2639041108839085696,BlueStraggler
SDSS J100636.13+272341.4,739909168726760832,BlueStraggler
Gaia DR2 2051099329142403456,2051099329142403456,BlueStraggler
SDSS J142151.67+584923.5,1612040932885571328,BlueStraggler
Cl* NGC 2419    BSS      26,899282627554785664,BlueStraggler
SDSS J080517.55+105512.9,3147692509453781504,BlueStraggler
SDSS J224407.48+223722.9,2836563665485826688,BlueStraggler
SDSS J110206.36+262201.9,3996875778016294528,BlueStraggler
UCAC4 376-022908,2936304664511959936,BlueStraggler
SDSS J124701.80+005026.5,3702118941359890048,BlueStraggler
SDSS J171006.47+294303.1,1308980034661229056,BlueStraggler
Gaia DR2 5527431564870344448,5527431564870344448,BlueStraggler
SDSS J155850.04+420725.4,1383573583548913280,BlueStraggler
SDSS J134605.82+044457.6,3714108325387574784,BlueStraggler
[CBB98]  21,1458468918315342592,BlueStraggler
SDSS J155321.71+435257.9,1396695361472946432,BlueStraggler
SDSS J233205.64+523134.8,1993195645207861888,BlueStraggler
SDSS J011956.73+385641.0,323519270566061696,BlueStraggler
SDSS J163148.53+330620.4,1325030469180991232,BlueStraggler
UCAC4 284-123068,4054103335365365888,BlueStraggler
Case A-F  600,752938656393631616,BlueStraggler
SDSS J131709.40+025940.5,3715560818902573696,BlueStraggler
SDSS J105950.51+002209.3,3804873903613198080,BlueStraggler
SDSS J204811.14+165453.6,1811196539178732800,BlueStraggler
SDSS J124048.60-033708.3,3682052995888510592,BlueStraggler
SDSS J084207.23+171713.2,658534386170583680,BlueStraggler
SDSS J080926.49+204454.2,675915259824351104,BlueStraggler
SDSS J145908.67+462303.1,1587275571636846976,BlueStraggler
SDSS J151720.57+581116.4,1614599328940339712,BlueStraggler
Gaia DR2 195344531490606848,195344531490606848,BlueStraggler
Gaia DR2 3323172568086750208,3323172568086750208,BlueStraggler
SDSS J160636.12+213526.2,1205259357601240320,BlueStraggler
UCAC4 482-030637,3153682580085301376,BlueStraggler
SDSS J122822.71+273817.5,4009203575402266368,BlueStraggler
SDSS J133152.15+482618.1,1552458535215270144,BlueStraggler
MGC 55831,3660131375434588160,BlueStraggler
SDSS J145836.61+011343.4,1153264758393727744,BlueStraggler
SDSS J223517.64-010826.6,2629728245351858560,BlueStraggler
SDSS J104617.89+433103.1,781050007620342400,BlueStraggler
SDSS J114009.42-032556.2,3792282330811887872,BlueStraggler
SDSS J085916.06+053634.6,583340568357541760,BlueStraggler
SDSS J233255.71+520431.3,1992937530552522240,BlueStraggler
Gaia DR2 5856530272864404224,5856530272864404224,BlueStraggler
SDSS J131115.32+504548.5,1556531542898150528,BlueStraggler
CRTS J091653.1+083302,590541098209117184,BlueStraggler
HD 148429,6016890642152299264,BlueStraggler
SDSS J093356.45+191601.4,633310966658411648,BlueStraggler
SDSS J163743.27+154350.9,4462871590671709440,BlueStraggler
Gaia DR2 4313102267194346496,4313102267194346496,BlueStraggler
SDSS J114023.58+273457.7,4018169332516336128,BlueStraggler
Gaia DR2 3341825404894121472,3341825404894121472,BlueStraggler
SDSS J150119.21+320138.8,1288495415777926656,BlueStraggler
SDSS J202631.36+145832.7,1805411016370286592,BlueStraggler
[DBE2012b] 85-TARG17,3709286726381567744,BlueStraggler
SDSS J174316.74+255654.3,4582224917897451776,BlueStraggler
UCAC4 571-024225,3426176780178517376,BlueStraggler
Gaia DR2 5252334408455520256,5252334408455520256,BlueStraggler
SDSS J032048.62+420530.2,239462572991972352,BlueStraggler
Gaia DR2 5868996604426612992,5868996604426612992,BlueStraggler
SDSS J215309.65+122010.1,1766241013409805824,BlueStraggler
SDSS J120033.05+645418.5,1584703745219713152,BlueStraggler
SDSS J234750.88-002225.8,2641907947969675776,BlueStraggler
Gaia DR2 445982364570425344,445982364570425344,BlueStraggler
SDSS J082556.44+082228.4,599306851582903424,BlueStraggler
SDSS J072444.48+350155.7,896838619365181952,BlueStraggler
SDSS J120714.12+343152.4,4028855760905063424,BlueStraggler
UCAC4 268-046099,5623386322584850688,BlueStraggler
SDSS J155235.06+323932.7,1369877482597187712,BlueStraggler
SDSS J164415.98+361242.6,1327289789481465472,BlueStraggler
SDSS J021538.16+004913.2,2513124216887894016,BlueStraggler
Gaia DR2 2169772952021474944,2169772952021474944,BlueStraggler
SDSS J085702.91+245908.2,689886719718677888,BlueStraggler
SDSS J163647.21+213556.3,1297668984885521920,BlueStraggler
SDSS J011234.34-011205.6,2532899960010365696,BlueStraggler
SDSS J150625.32-015824.4,6339818920890948992,BlueStraggler
SDSS J155825.94-003216.4,4409497271872868992,BlueStraggler
SDSS J220447.61+214419.6,1782466850098349568,BlueStraggler
Gaia DR3 2068669628031894272,2068669628031894272,BlueStraggler
SDSS J093453.28+050508.1,3852278454091635328,BlueStraggler
SDSS J144204.53+472349.5,1590953536815616768,BlueStraggler
Case A-F  720,761893323904173824,BlueStraggler
[TGM2014] 25005,2051105372157197568,BlueStraggler
SDSS J172515.24+281358.6,4598302797255556480,BlueStraggler
SDSS J145203.21+552434.7,1606632091591133568,BlueStraggler
SDSS J145624.30+015528.3,1154111863383825408,BlueStraggler
SDSS J215345.15+002025.4,2681029121442411392,BlueStraggler
SDSS J101813.69+424207.9,805676697260226048,BlueStraggler
Gaia DR2 5621673970665243904,5621673970665243904,BlueStraggler
SDSS J080523.28+302519.6,877674848951183360,BlueStraggler
SDSS J013207.11+400335.8,323916164198727168,BlueStraggler
SDSS J162130.30+220526.7,1298550101719260416,BlueStraggler
Gaia DR2 2214223011673276416,2214223011673276416,BlueStraggler
SDSS J161940.77+422754.9,1382075503251852032,BlueStraggler
Gaia DR2 6054247305635390720,6054247305635390720,BlueStraggler
SDSS J143335.40+534659.8,1606946762370870400,BlueStraggler
Gaia DR3 5884457696386877312,5884457696386877312,BlueStraggler
V* HU Mus,5856528761035882496,BlueStraggler
Gaia DR2 2929400556127639552,2929400556127639552,BlueStraggler
GES J06363413+0932377,3326787487440281088,BlueStraggler
SDSS J143734.80+023100.1,3656361837257084544,BlueStraggler
SDSS J153457.13+343518.3,1374031957219431680,BlueStraggler
SDSS J125717.75+490814.1,1555354751922286208,BlueStraggler
SDSS J030453.16+004757.7,3266781468554273664,BlueStraggler
SDSS J161250.62+240707.0,1302776968014151296,BlueStraggler
SDSS J155106.52-001144.8,4410272500590414848,BlueStraggler
SDSS J202938.01+135845.5,1804351155879603328,BlueStraggler
SDSS J100247.68+090758.4,3878229505487550464,BlueStraggler
SDSS J081342.65+204306.6,675870970121721600,BlueStraggler
NGC  6791  2746,2051288067182949760,BlueStraggler
Gaia DR2 5529231774649162624,5529231774649162624,BlueStraggler
SDSS J163747.93+125551.9,4461118075784782336,BlueStraggler
Gaia DR3 4152966816702312064,4152966816702312064,BlueStraggler
Gaia DR2 2051293461661941632,2051293461661941632,BlueStraggler
SDSS J150938.03+390024.5,1295558369235719552,BlueStraggler
SDSS J102705.31+004955.2,3855370693105456768,BlueStraggler
Cl* NGC 2243    AAT    1871,2893941821518204544,BlueStraggler
SDSS J202107.51+131733.3,1804068787549382656,BlueStraggler
Gaia DR2 4313108310157593856,4313108310157593856,BlueStraggler
SDSS J143127.42+460658.3,1494933121938089472,BlueStraggler
SDSS J160659.17+455321.3,1386512032669854848,BlueStraggler
SDSS J104112.90+375440.1,751995550295374848,BlueStraggler
SDSS J074000.99+225226.5,867046832118596096,BlueStraggler
SDSS J164817.48+302830.5,1311569698078118656,BlueStraggler
UCAC4 772-003273,431179295932634880,BlueStraggler
NGC  6819   265,2076393834663321344,BlueStraggler
SDSS J154122.51+251415.0,1221506634766270720,BlueStraggler
SDSS J080959.34+463842.3,929853753794773760,BlueStraggler
SDSS J094717.44+620230.3,1063413767683114368,BlueStraggler
RL 133,3115210973168622848,BlueStraggler
Gaia DR2 3139206852371608832,3139206852371608832,BlueStraggler
SDSS J001111.70-004842.3,2544983730238784768,BlueStraggler
SDSS J083142.51+061234.4,595609163914526848,BlueStraggler
SDSS J020205.81-010116.9,2506602425013041024,BlueStraggler
SDSS J144644.01+514534.5,1605550004646593152,BlueStraggler
SDSS J075920.78+144621.2,654581706291959680,BlueStraggler
Case A-F  444,813365655089277440,BlueStraggler
SDSS J033454.17+003506.0,3264602580105766144,BlueStraggler
SDSS J140345.39+454145.9,1505828285737355392,BlueStraggler
Cl* NGC 5139    SAW V192,6083708612286865664,BlueStraggler
SDSS J144559.57+494948.0,1591792640282004736,BlueStraggler
[MPD2009] 45433,5935952327086360960,BlueStraggler
SDSS J090150.11+204154.0,684771581171714560,BlueStraggler
Gaia DR2 204406878123533184,204406878123533184,BlueStraggler
MGC 32442,3696702128606431744,BlueStraggler
SDSS J085740.70+145721.7,608824808347857152,BlueStraggler
SDSS J093608.61+040920.7,3851046455607817472,BlueStraggler
SDSS J122739.79-032108.8,3693533026857691520,BlueStraggler
SDSS J012353.74+404844.2,372142011207940480,BlueStraggler
SDSS J074341.38+294146.8,879068101982832000,BlueStraggler
SDSS J103555.76+053844.3,3859000249708478464,BlueStraggler
HE 2232+0012,2654200659766686592,BlueStraggler
SDSS J084352.16+205018.1,661843911874481024,BlueStraggler
SDSS J144016.17-011136.4,3649827370934390016,BlueStraggler
SDSS J002800.55+140449.1,2779960257131364224,BlueStraggler
SDSS J115137.27+065945.6,3899301100373619584,BlueStraggler
SDSS J093714.97+565556.5,1025423407560343808,BlueStraggler
SDSS J094527.47+023157.0,3847765955291695616,BlueStraggler
SDSS J091506.93+004619.2,3842658556277747456,BlueStraggler
SDSS J110359.34+250559.7,3996411440512040320,BlueStraggler
Gaia DR2 5856529276431965696,5856529276431965696,BlueStraggler
SDSS J154848.34+483520.8,1401455353468205952,BlueStraggler
SDSS J180909.77+242143.1,4579191502757285760,BlueStraggler
Gaia DR2 2051104826700745216,2051104826700745216,BlueStraggler
SDSS J133638.47+005418.8,3663092806924434560,BlueStraggler
SDSS J140630.35+625033.7,1667742539841446272,BlueStraggler
SDSS J164502.55+331719.9,1314422479779885184,BlueStraggler
[MLF2014] 516544,6083702878537162880,BlueStraggler
Gaia DR2 2893941890237671936,2893941890237671936,BlueStraggler
SDSS J133152.00+483153.4,1552461150851750784,BlueStraggler
Gaia DR2 1827373726815051008,1827373726815051008,BlueStraggler
SDSS J135930.23+543429.8,1657331539116424064,BlueStraggler
SDSS J232902.07+512807.1,1991406224391385216,BlueStraggler
Gaia DR3 5974103696905174272,5974103696905174272,BlueStraggler
Gaia DR2 2010084349975248768,2010084349975248768,BlueStraggler
Gaia DR2 3326774430739014144,3326774430739014144,BlueStraggler
SDSS J161718.48+070922.3,4450304031030360064,BlueStraggler
SDSS J204931.31+164925.1,1764654624290083456,BlueStraggler
SDSS J113950.19+392700.9,767348275967734016,BlueStraggler
Gaia DR2 5538883317769763072,5538883317769763072,BlueStraggler
Gaia DR2 3326761412696403200,3326761412696403200,BlueStraggler
NGC  6791  2015,2051293049345064832,BlueStraggler
SDSS J103452.70+061733.2,3862423892694673280,BlueStraggler
SDSS J012824.78+150401.0,2591912295261915136,BlueStraggler
SDSS J075342.70+453304.8,926503717960093440,BlueStraggler
SDSS J023342.03-010819.0,2497050177228020864,BlueStraggler
Case A-F  506,806182854864063360,BlueStraggler
Gaia DR2 3446833786166388480,3446833786166388480,BlueStraggler
SDSS J073701.31+371007.0,896025732378896384,BlueStraggler
UCAC4 163-066652,5339941330304093952,BlueStraggler
SDSS J085129.23+085255.0,597006604537663872,BlueStraggler
Gaia DR2 3446532519980491520,3446532519980491520,BlueStraggler
SDSS J020414.54+213932.3,94553778036456960,BlueStraggler
V* V940 Mon,3056584845675946112,BlueStraggler
SDSS J162637.47+130641.5,4460566327104904832,BlueStraggler
CRTS J083527.8+115653,602550861857161856,BlueStraggler
SDSS J081348.82+183534.3,657455765265397376,BlueStraggler
Gaia DR2 2052609783240410112,2052609783240410112,BlueStraggler
SDSS J124153.15+623628.0,1580700590886200960,BlueStraggler
SDSS J085102.23+250002.1,690025460046460160,BlueStraggler
[DHM99] LA1697,5935944389986050176,BlueStraggler
SDSS J032151.16+044709.6,3003109853310208,BlueStraggler
UCAC4 337-025394,5618184013376947584,BlueStraggler
2MASS J03303238-0045377,3263276229780437632,BlueStraggler
SDSS J105407.22+041453.6,3809966875833030144,BlueStraggler
Gilmore F867  1-54,3650407161454642176,BlueStraggler
SDSS J031222.29+421814.8,240395744828540800,BlueStraggler
2QZ J143839.3+014447,3655148423096849536,BlueStraggler
SDSS J220025.62+120305.2,2728398590627659648,BlueStraggler
SDSS J083854.02+042739.4,3080391707658331136,BlueStraggler
SDSS J031438.62+052544.6,3332654104050688,BlueStraggler
CRTS J073624.6+325017,892511113396045952,BlueStraggler
SDSS J073816.18+385503.1,899282833715771520,BlueStraggler
SDSS J210833.09+000224.0,2690021344146499072,BlueStraggler
SDSS J080836.66+150337.2,654088231730123264,BlueStraggler
SDSS J091009.91+255855.0,688819605028084864,BlueStraggler
NGC  1245     7,435058957070113792,BlueStraggler
SDSS J162103.95+130322.6,4463239102433093248,BlueStraggler
SDSS J160440.67+361131.2,1372183678172743424,BlueStraggler
Gaia DR2 3221067726441159808,3221067726441159808,BlueStraggler
Gaia DR2 3341813039686362496,3341813039686362496,BlueStraggler
SDSS J022807.62-071557.2,5178375690068316032,BlueStraggler
SDSS J130242.25+500417.0,1555690721443518464,BlueStraggler
SDSS J090405.19+054847.7,583397060062739328,BlueStraggler
SDSS J082845.08+074713.9,599025823283223808,BlueStraggler
SDSS J075757.69+230655.3,674407240971521024,BlueStraggler
SDSS J041037.47-060316.5,3197167234168374656,BlueStraggler
SDSS J160853.93+480711.7,1399267668926318336,BlueStraggler
SDSS J025431.10+340936.2,136795670450752512,BlueStraggler
Gaia DR2 2005792883069287424,2005792883069287424,BlueStraggler
SDSS J052435.78+623647.6,287184607452144768,BlueStraggler
SDSS J083508.27+192733.2,662790836200541184,BlueStraggler
SDSS J020401.49+214447.5,94555633462324992,BlueStraggler
SDSS J012426.79+060230.4,2565926712328301312,BlueStraggler
SDSS J091342.11+010152.9,3843431371217817728,BlueStraggler
BPS CS 22955-0110,6848394523924059008,BlueStraggler
SDSS J111115.65+412146.4,777596785194582784,BlueStraggler
Gaia DR2 511346750296935552,511346750296935552,BlueStraggler
SDSS J162941.04+312345.3,1324386838265666944,BlueStraggler
SDSS J224135.16+231542.0,1875982448640523392,BlueStraggler
SDSS J081645.71+070638.8,3097152735927706368,BlueStraggler
SDSS J232010.24+525707.3,1992649011830389248,BlueStraggler
SDSS J154103.26+371221.3,1376216652463667200,BlueStraggler
NGC  6134     7,5941411402288564224,BlueStraggler
SDSS J160805.45+254840.9,1315280068785938816,BlueStraggler
SDSS J032544.82+052425.5,3275759187153541888,BlueStraggler
SDSS J234905.61+362712.7,2879547942997909376,BlueStraggler
SDSS J015731.88-002953.6,2507466641152506112,BlueStraggler
SDSS J091844.23+391548.6,812234360703592192,BlueStraggler
[WAM2017] V47,6204560303274786816,BlueStraggler
SDSS J160350.44+264107.2,1316228771224877952,BlueStraggler
SDSS J012307.52+305717.0,309585954275545728,BlueStraggler
Gaia DR2 2932568592719639936,2932568592719639936,BlueStraggler
Gaia DR2 469411136294168320,469411136294168320,BlueStraggler
ZTF J234724.46+683341.3,2211122217085752704,BlueStraggler
NGC   559    14,512422794227736704,BlueStraggler
SDSS J080537.20+221958.3,677075691268269696,BlueStraggler
SDSS J075816.17+341643.0,906349601103115776,BlueStraggler
SDSS J160633.17+234636.9,1206896770932747904,BlueStraggler
SDSS J140858.94+342756.6,1482253691286144384,BlueStraggler
SDSS J234131.03+440615.7,1926459511351861504,BlueStraggler
SDSS J092840.01+083415.2,588848915454095744,BlueStraggler
[LMD2013] BSS1,6638377666894150144,BlueStraggler
UCAC4 372-026074,3031253334726488576,BlueStraggler
SDSS J231443.11+005253.9,2657249949108154880,BlueStraggler
SDSS J172749.58+280224.9,4598237758566894720,BlueStraggler
SDSS J031130.03+413401.9,239247511093436928,BlueStraggler
HD 298692,5405450782830745856,BlueStraggler
Gaia DR3 4152972692217586176,4152972692217586176,BlueStraggler
Gaia DR2 424416887106024704,424416887106024704,BlueStraggler
SDSS J102106.75+204822.9,625664589136386432,BlueStraggler
Gaia DR2 3372772912003460992,3372772912003460992,BlueStraggler
Gaia DR2 2214223179172287744,2214223179172287744,BlueStraggler
SDSS J081659.79+181343.8,657187892447573888,BlueStraggler
Gaia DR2 5507046653648577664,5507046653648577664,BlueStraggler
SDSS J084529.89+271533.0,703347830123055104,BlueStraggler
SDSS J074548.77+291305.3,878839614018889856,BlueStraggler
SDSS J091152.22+305002.4,699808192955798912,BlueStraggler
Gaia DR2 4094875764798335232,4094875764798335232,BlueStraggler
[TGB2011] J165823.0132-524105.883,5935992321825776256,BlueStraggler
UCAC4 388-099027,4153029763743943424,BlueStraggler
SDSS J091210.60+413500.5,816071862441537280,BlueStraggler
SDSS J091110.97+404748.7,815602263602112128,BlueStraggler
SDSS J012637.13+065147.7,2566087584623763072,BlueStraggler
Cl* NGC 6218    VMC V8,4379076155956672512,BlueStraggler
SDSS J233215.63+525320.8,1993220074981899648,BlueStraggler
SDSS J025914.23+345331.4,137299933971121920,BlueStraggler
Gaia DR2 3110001250859064192,3110001250859064192,BlueStraggler
CRTS J140113.0+022504,3664441087353381376,BlueStraggler
Gaia DR2 512006216755891328,512006216755891328,BlueStraggler
SDSS J013107.32+400230.3,323912659505418752,BlueStraggler
SDSS J110718.47+391524.8,764984459111227648,BlueStraggler
SDSS J125633.12+120838.6,3929393187437764352,BlueStraggler
Gaia DR2 3446832480496242432,3446832480496242432,BlueStraggler
SDSS J012243.09+393134.9,323653410983300096,BlueStraggler
SDSS J085823.94+273511.8,692686282482139520,BlueStraggler
SDSS J031250.73+403020.9,238935528963605120,BlueStraggler
SDSS J090631.75-002758.0,3842763486623765632,BlueStraggler
SDSS J013149.84+395847.2,323909665912519552,BlueStraggler
[MLF2014] 121380,6083703771877589120,BlueStraggler
SDSS J040700.80-044447.2,3245595395612160000,BlueStraggler
NGC  6134    42,5940661153075041536,BlueStraggler
SDSS J073011.79+390527.2,900171720143700352,BlueStraggler
CRTS J075519.8+134708,3152236958512977408,BlueStraggler
SDSS J122228.59-002901.0,3695170268391072896,BlueStraggler
SDSS J004016.12+242108.3,2806427013840376320,BlueStraggler
SDSS J081317.30+243647.9,680802657729333248,BlueStraggler
SDSS J025846.54+352757.4,140353763093743104,BlueStraggler
Gaia DR2 1835316976746498560,1835316976746498560,BlueStraggler
SDSS J100909.03+572329.9,1045761726974771712,BlueStraggler
Gaia DR3 4053278014492647552,4053278014492647552,BlueStraggler
SDSS J130638.55+153911.0,3936473075952209024,BlueStraggler
SDSS J152016.03+501357.4,1595428308621878272,BlueStraggler
SDSS J081630.00+435047.7,928002798984991232,BlueStraggler
Gaia DR2 2932052440734067968,2932052440734067968,BlueStraggler
Gaia DR3 4152985194846448256,4152985194846448256,BlueStraggler
SDSS J170600.39+242740.1,4572030241786320256,BlueStraggler
SDSS J124908.49+025837.0,3703034903265336064,BlueStraggler
SDSS J121827.61+262517.6,4009368051174107904,BlueStraggler
SDSS J015944.68+000612.9,2507617652202550528,BlueStraggler
SDSS J020120.76-000703.8,2507550277050369408,BlueStraggler
Case A-F  664,780112227280642560,BlueStraggler
Cl* NGC 2627    PCA  1-79,5645267840929582720,BlueStraggler
SDSS J161036.27+270619.0,1315925374735265408,BlueStraggler
SDSS J065809.56+652144.1,1100826407461476864,BlueStraggler
SDSS J234106.03+152417.5,2819406581103998464,BlueStraggler
Gaia DR2 2929387430707604480,2929387430707604480,BlueStraggler
SDSS J094611.12+600740.6,1050583291620823424,BlueStraggler
SDSS J150353.97+613030.3,1619204873911527296,BlueStraggler
SDSS J162707.09+154756.5,4465707402959350528,BlueStraggler
Gaia DR2 2227553559367960960,2227553559367960960,BlueStraggler
SDSS J011416.84+004354.8,2534889698099396096,BlueStraggler
SDSS J021508.65+060409.5,2520187234771015552,BlueStraggler
SDSS J142608.17+380341.8,1481651090194022528,BlueStraggler
[DBE2012b] 88-TARG110,3265756964235422592,BlueStraggler
Gaia DR2 213088720718412032,213088720718412032,BlueStraggler
SDSS J022939.15-092713.7,5175588840408835584,BlueStraggler
Gaia DR2 1969807830300531584,1969807830300531584,BlueStraggler
SDSS J171659.58+410622.5,1341983834673548928,BlueStraggler
SDSS J025754.05+064802.2,8031348325511552,BlueStraggler
SDSS J204914.19+750034.1,2277860575725812992,BlueStraggler
SDSS J092428.62+390944.4,811623405899283584,BlueStraggler
SDSS J233654.01+005134.5,2645989747448875776,BlueStraggler
SDSS J053720.67+612712.1,283147059019876096,BlueStraggler
SDSS J145803.93+600840.7,1617531795171263872,BlueStraggler
Gaia DR2 5259607643504584192,5259607643504584192,BlueStraggler
SDSS J080908.26+234315.4,680634290714928896,BlueStraggler
SDSS J145952.36+422300.5,1585298439275819008,BlueStraggler
Gaia DR2 3326787246922051584,3326787246922051584,BlueStraggler
Gaia DR2 5856517284882496128,5856517284882496128,BlueStraggler
SDSS J053739.34+622706.4,286250675404044288,BlueStraggler
Gaia DR2 5868681353836708096,5868681353836708096,BlueStraggler
SDSS J164609.21+242726.2,1300171026673669760,BlueStraggler
SDSS J200604.99+783421.5,2291462359196361728,BlueStraggler
SDSS J025611.78+344611.5,140212819445910272,BlueStraggler
SDSS J115526.50+640325.9,863477443712621440,BlueStraggler
UCAC4 544-108032,1821639219580243072,BlueStraggler
2MASS J06155241-1845201,2941922928406484864,BlueStraggler
SDSS J121550.48+010548.9,3699324360759642624,BlueStraggler
CRTS J032154.5-003937,3262797289387310720,BlueStraggler
SDSS J160855.13+363138.3,1378164707895468416,BlueStraggler
SDSS J082714.01+192427.4,662962325655149952,BlueStraggler
SDSS J174828.18+254541.9,4581986461314352256,BlueStraggler
SDSS J130813.01+640736.0,1676378546546904832,BlueStraggler
SDSS J232650.07+482120.8,1941962831459275392,BlueStraggler
Cl* NGC 2158    MSS V66,3426177359998549376,BlueStraggler
SDSS J120512.00+532109.4,1549126568306462336,BlueStraggler
SDSS J093345.46+532023.0,1019766110997797248,BlueStraggler
SDSS J075306.02+145907.3,666585899366873088,BlueStraggler
[TGM2014] 58008,2051105891852606464,BlueStraggler
SDSS J143947.70+510941.7,1604074558825319040,BlueStraggler
SDSS J104340.20+492247.9,835712228195154816,BlueStraggler
2MASS J21153954+0927307,1743776380242454912,BlueStraggler
SDSS J165450.34+364451.8,1351240760506771840,BlueStraggler
Gaia DR2 3032953729457867392,3032953729457867392,BlueStraggler
SDSS J083850.27+205718.2,664525414575747072,BlueStraggler
V* HR Mus,5856528550550957184,BlueStraggler
SDSS J125723.49+010402.6,3690354239957901952,BlueStraggler
SDSS J100533.51+243212.0,642520068030687744,BlueStraggler
SDSS J030821.22-003202.2,3266377604189400704,BlueStraggler
USNO-A2.0 0900-07221025,3704092289854193792,BlueStraggler
SDSS J091844.95+222151.8,638654558809747584,BlueStraggler
SDSS J115819.47-010411.1,3602664438136130048,BlueStraggler
SDSS J220825.44+214814.6,1781717812097709952,BlueStraggler
SDSS J215418.98+112907.5,2726884047719663616,BlueStraggler
NGC   188  3135,573944283722429952,BlueStraggler
SDSS J034759.71-050216.6,3246277844438957696,BlueStraggler
SDSS J013830.91+245053.5,291861410223853440,BlueStraggler
SDSS J134706.83+011132.3,3664053440784971648,BlueStraggler
Gaia DR2 5544116585108642560,5544116585108642560,BlueStraggler
MGC 22684,3795794995584672512,BlueStraggler
SDSS J093844.66+261308.7,647411825327105664,BlueStraggler
SDSS J234704.93+394542.8,1920890072636178944,BlueStraggler
[CWH2004] CSA94-042,2497489638281845504,BlueStraggler
Gaia DR2 5598471973223240192,5598471973223240192,BlueStraggler
SDSS J161904.11+201101.2,1202004425225526144,BlueStraggler
SDSS J094700.45+034725.9,3848027948296914048,BlueStraggler
Gaia DR2 3446835641592184576,3446835641592184576,BlueStraggler
GES J07384969-1451402,3029947630309724160,BlueStraggler
SDSS J094020.24+614236.2,1063063160912828544,BlueStraggler
SDSS J084659.80+090029.2,597241006672554240,BlueStraggler
SDSS J142039.46+623511.3,1666787029877049856,BlueStraggler
SDSS J233018.80-011517.0,2643797012025391232,BlueStraggler
SDSS J033555.49+001556.7,3263827355688706304,BlueStraggler
SDSS J091847.61+093111.5,590755812213975424,BlueStraggler
SDSS J074912.20+384222.8,920083871428070016,BlueStraggler
SDSS J031351.29+421454.5,239662306150026880,BlueStraggler
SDSS J100941.04+195933.4,628296369001794560,BlueStraggler
SDSS J102101.93+602629.2,1048635030031879680,BlueStraggler
SDSS J154508.97+034005.9,4424646858476763776,BlueStraggler
Gaia DR2 2211214644780528640,2211214644780528640,BlueStraggler
HE 2349+0000,2642325560526150912,BlueStraggler
SDSS J230056.55-093425.7,2606704678024754944,BlueStraggler
SDSS J105023.59+334841.6,738319416647223040,BlueStraggler
Gaia DR2 3056681190381627008,3056681190381627008,BlueStraggler
SDSS J155725.30+362635.9,1373090942768765696,BlueStraggler
Gaia DR3 3099549843081340544,3099549843081340544,BlueStraggler
Gaia DR2 3341820010414002944,3341820010414002944,BlueStraggler
SDSS J031955.48+402250.7,236265601197558784,BlueStraggler
SDSS J093905.95+213210.4,640747822790458368,BlueStraggler
UCAC4 712-025967,445961611289720448,BlueStraggler
Gaia DR2 208498367050003072,208498367050003072,BlueStraggler
SDSS J134332.97+591110.4,1662400661381214720,BlueStraggler
SDSS J171306.12+405918.3,1342023245297923456,BlueStraggler
Gaia DR2 3326784257630416256,3326784257630416256,BlueStraggler
SDSS J140835.55+030232.0,3667564456290484480,BlueStraggler
SDSS J172019.28+532719.3,1419250266264334592,BlueStraggler
SDSS J204240.28-000042.3,4228083041610825984,BlueStraggler
SDSS J130134.75+030358.4,3692355007523171328,BlueStraggler
Gaia DR2 2893941099963718528,2893941099963718528,BlueStraggler
Gaia DR2 2932568691500392192,2932568691500392192,BlueStraggler
Gaia DR2 213087866022945664,213087866022945664,BlueStraggler
Gaia DR2 5869053602890859264,5869053602890859264,BlueStraggler
SDSS J144328.72+005543.4,3651836109958977280,BlueStraggler
SDSS J091432.02+045241.3,579617935518705152,BlueStraggler
SDSS J171158.48+281707.6,4575396396634558208,BlueStraggler
SDSS J204812.35+150943.5,1762682723201481088,BlueStraggler
SDSS J080526.06+080001.8,3145833200932115968,BlueStraggler
SDSS J092550.32+100905.6,589357439581985152,BlueStraggler
SDSS J092527.28+214506.1,638130714533383680,BlueStraggler
SDSS J130315.12-002147.9,3689080868054028288,BlueStraggler
SDSS J004919.58+002148.7,2537145900255864960,BlueStraggler
SDSS J085142.04+023027.1,577975505665039616,BlueStraggler
Gaia DR3 2068973711716315392,2068973711716315392,BlueStraggler
UCAC4 147-085559,5335947697943813120,BlueStraggler
UCAC4 451-012863,3218629323185062144,BlueStraggler
SDSS J162939.81+241748.6,1299273996984530816,BlueStraggler
SDSS J031958.36+415027.1,239453570740693504,BlueStraggler
SDSS J151128.70+401446.0,1391846927511547392,BlueStraggler
SDSS J231543.04-094520.2,2413911773725234304,BlueStraggler
SDSS J092034.24+483710.2,1012059432136591616,BlueStraggler
SDSS J140624.72+342217.5,1481935520108776192,BlueStraggler
SDSS J032017.24+405235.0,236386586133697280,BlueStraggler
SDSS J204303.14-055305.6,6914153045907533312,BlueStraggler
SDSS J060534.66+635132.4,1008126410325572992,BlueStraggler
Gaia DR2 2005790928853990016,2005790928853990016,BlueStraggler
Gaia DR2 1828273329162179712,1828273329162179712,BlueStraggler
Gaia DR2 3426293019174012160,3426293019174012160,BlueStraggler
NGC   188  1003,573941397504457344,BlueStraggler
SDSS J091855.27+573630.1,1026076586187395968,BlueStraggler
SDSS J024107.13+003348.6,2498883956464754688,BlueStraggler
SDSS J124834.48+412938.8,1528143870655503488,BlueStraggler
Gaia DR2 3139203107160016256,3139203107160016256,BlueStraggler
SDSS J131117.31+652243.9,1678037812672266368,BlueStraggler
SDSS J101753.03+255136.8,727095150979057280,BlueStraggler
SDSS J124742.25+440440.9,1528829759752638592,BlueStraggler
[SP2014] NGC3201 BSS29,5413578475852573056,BlueStraggler
Gaia DR2 3326770307572118144,3326770307572118144,BlueStraggler
Gaia DR2 3038042784664224000,3038042784664224000,BlueStraggler
Ton  1220,748859747427838720,BlueStraggler
Gaia DR2 461230078286956800,461230078286956800,BlueStraggler
Gaia DR2 6056525425013827200,6056525425013827200,BlueStraggler
SDSS J094517.13+310026.0,792752659630252416,BlueStraggler
Gaia DR2 208560729974633344,208560729974633344,BlueStraggler
SDSS J011512.51+312905.8,310554310486547712,BlueStraggler
SDSS J061525.07+641514.7,1008349473746555008,BlueStraggler
SDSS J080616.27+444854.1,929005995970234368,BlueStraggler
SDSS J233419.65+491229.9,1943602997867831936,BlueStraggler
SDSS J163708.49+313641.1,1312621346590013184,BlueStraggler
SDSS J162227.47+132744.3,4463322905835151744,BlueStraggler
2MASS J12363419-6836432,5856419531427900672,BlueStraggler
SDSS J150925.67+023225.7,1153692438352569856,BlueStraggler
SDSS J140612.33+490135.9,1511055153560675072,BlueStraggler
SDSS J202739.33+765440.9,2290307773204190976,BlueStraggler
SDSS J211514.13+094516.3,1743804383429569152,BlueStraggler
Gaia DR2 3139184488479538048,3139184488479538048,BlueStraggler
SDSS J085449.12+164453.6,611497931569485312,BlueStraggler
Gaia DR2 5406952097223150208,5406952097223150208,BlueStraggler
SDSS J133530.81+521731.8,1560049048097096448,BlueStraggler
SDSS J091830.90+303700.3,699085676377390592,BlueStraggler
SDSS J081445.59-003555.5,3071396435529024256,BlueStraggler
SDSS J080501.80+442239.9,928969231050052224,BlueStraggler
Gaia DR2 5327908275023592576,5327908275023592576,BlueStraggler
SDSS J151535.09+335317.2,1278447730629039232,BlueStraggler
SDSS J154245.14+313041.0,1369437128190321536,BlueStraggler
Gaia DR2 433016167539735552,433016167539735552,BlueStraggler
CRTS J224125.1+132944,2731863014327215360,BlueStraggler
SDSS J100103.02+053822.9,3849436182174419968,BlueStraggler
SDSS J230253.29-102231.6,2605827718717629696,BlueStraggler
Gaia DR2 5857909816393022464,5857909816393022464,BlueStraggler
SDSS J145619.03+013335.8,1153333924547467264,BlueStraggler
Gaia DR2 2211126301593476864,2211126301593476864,BlueStraggler
SDSS J125611.20+004648.4,3690249404101009664,BlueStraggler
SDSS J133445.49+145641.4,3741861132743256576,BlueStraggler
SDSS J232536.49+490923.1,1942854741546524288,BlueStraggler
Gaia DR2 3326830819367294464,3326830819367294464,BlueStraggler
Gaia DR3 5586462797978782848,5586462797978782848,BlueStraggler
SDSS J014336.76+144927.8,2588289748045441792,BlueStraggler
SDSS J103014.55+362750.7,754412036335137408,BlueStraggler
SDSS J082848.16+342324.5,903223238573330304,BlueStraggler
SDSS J133058.63+484018.0,1553216515340137600,BlueStraggler
SDSS J031300.01+415443.1,239632688055769216,BlueStraggler
Gaia DR2 2051094828016652288,2051094828016652288,BlueStraggler
SDSS J110137.29+410208.3,777387774906205824,BlueStraggler
Gaia DR2 5507235151174063744,5507235151174063744,BlueStraggler
SDSS J143318.69+391539.2,1487774820204830976,BlueStraggler
SDSS J115556.68+654622.7,864611138984437888,BlueStraggler
SDSS J094602.55+400808.9,801308685457098752,BlueStraggler
SDSS J104551.30+064855.3,3865341927835650688,BlueStraggler
UCAC4 472-040109,582378701841744256,BlueStraggler
SDSS J130029.90+031719.7,3692376993460391936,BlueStraggler
SDSS J090913.20+034110.9,579055187428387712,BlueStraggler
SDSS J090642.80+073236.1,584214405223757568,BlueStraggler
SDSS J233215.73+530500.2,1993976607699766400,BlueStraggler
SDSS J025758.87+052336.2,6847041158901888,BlueStraggler
SDSS J202232.10+770706.9,2290513897274605568,BlueStraggler
HD 196095,1857459766532229248,BlueStraggler
HD 276573,178951225434386944,BlueStraggler
Gaia DR2 5258903784260810112,5258903784260810112,BlueStraggler
SDSS J084926.47+560440.4,1030969589025257472,BlueStraggler
SDSS J032734.56+051318.4,3275697030387028352,BlueStraggler
SDSS J090402.18+482642.9,1012581489705295872,BlueStraggler
Gaia DR2 5856529379511194240,5856529379511194240,BlueStraggler
SDSS J070652.16+663159.1,1102820264422976128,BlueStraggler
UCAC4 495-030200,3326563912919005824,BlueStraggler
SDSS J103505.90+460136.7,830639459501427456,BlueStraggler
Gaia DR3 5935493418379666304,5935493418379666304,BlueStraggler
SDSS J012054.64+325412.3,316746794334558720,BlueStraggler
SDSS J235159.94+393618.6,1920928418105164160,BlueStraggler
SDSS J160723.72+224456.2,1206508613264877184,BlueStraggler
SDSS J012012.76-003011.6,2533760259139446144,BlueStraggler
SDSS J074819.25+344332.9,894564520081427072,BlueStraggler
SDSS J054021.27+611828.8,283086929476455680,BlueStraggler
SDSS J153825.87-015539.7,4403890247903563776,BlueStraggler
SDSS J075209.84+353323.8,882703190503536256,BlueStraggler
SDSS J140525.69+021803.0,3667415124572031488,BlueStraggler
SDSS J233439.17+451418.2,1937366052518033536,BlueStraggler
SDSS J095337.60+101701.5,3879570570371315072,BlueStraggler
Gaia DR2 3341839187447096192,3341839187447096192,BlueStraggler
SDSS J152135.86+503930.0,1595467272565814528,BlueStraggler
PB  5824,2545589462362688128,BlueStraggler
[SP2014] NGC3201 BSS23,5413553973050618624,BlueStraggler
SDSS J074834.13+160639.9,667694623700509568,BlueStraggler
Gaia DR2 5869184483469167616,5869184483469167616,BlueStraggler
UCAC4 571-024472,3426177329931740416,BlueStraggler
SDSS J151707.89+475057.8,1588379408295652736,BlueStraggler
SDSS J012411.20+320404.8,316459860454315648,BlueStraggler
SDSS J230036.51-005841.3,2650761971511093376,BlueStraggler
SDSS J074544.22+353358.2,894848361583664768,BlueStraggler
Gaia DR2 5437943275558643968,5437943275558643968,BlueStraggler
Gaia DR2 2016893900361260032,2016893900361260032,BlueStraggler
SDSS J235303.01+360834.8,2878856517686432512,BlueStraggler
SDSS J152814.26+472055.5,1396021983616609152,BlueStraggler
SDSS J011332.01+242956.3,293995875825991936,BlueStraggler
SDSS J224030.57+132152.3,2731767189312523136,BlueStraggler
Gaia DR2 512011847449677056,512011847449677056,BlueStraggler
SDSS J143058.41-020412.7,3649486831570654464,BlueStraggler
[MLF2014] 105432,6083515652290459264,BlueStraggler
SDSS J152333.22-015103.2,4415271460265454720,BlueStraggler
SDSS J081928.50+394819.9,908588408640448000,BlueStraggler
SDSS J124502.61+352547.8,1515454162144398336,BlueStraggler
Ton  1481,4016585730830204544,BlueStraggler
SDSS J131430.85+571206.6,1566262117724344192,BlueStraggler
SDSS J122558.94+361833.7,1519349628762774144,BlueStraggler
SDSS J143029.46+585552.2,1611925282301822592,BlueStraggler
SDSS J011802.22+264955.5,294968600019178624,BlueStraggler
Gaia DR2 2051098298350146816,2051098298350146816,BlueStraggler
SDSS J085444.99+395538.3,719993169153569408,BlueStraggler
Gaia DR2 3032950980678835968,3032950980678835968,BlueStraggler
SDSS J131454.58+254313.7,1447698407350411392,BlueStraggler
SDSS J153419.34+305804.9,1274071639990326144,BlueStraggler
SDSS J074448.10+214907.7,674712772060802176,BlueStraggler
SDSS J162933.60+155913.9,4465761412170363520,BlueStraggler
SDSS J223059.46-001437.5,2630080127728060800,BlueStraggler
SDSS J161640.48+075052.0,4451903305053073280,BlueStraggler
SDSS J094600.27+264913.1,646756692490787328,BlueStraggler
SDSS J124542.84+052940.7,3708775728352418560,BlueStraggler
SDSS J231052.45-004051.1,2650973936737055104,BlueStraggler
Gaia DR2 3426272678208766336,3426272678208766336,BlueStraggler
LB  1889,661338102165536768,BlueStraggler
SDSS J163000.92+311033.3,1324192293427340928,BlueStraggler
Gaia DR2 2169859366762911232,2169859366762911232,BlueStraggler
SDSS J205223.83+150512.4,1761984189719995392,BlueStraggler
SDSS J154822.63+420333.8,1384122175427742464,BlueStraggler
Gaia DR2 2893942062036322688,2893942062036322688,BlueStraggler
SDSS J141342.99-025726.2,3646183009579327104,BlueStraggler
Gaia DR2 2169830538942507520,2169830538942507520,BlueStraggler
SDSS J160451.77+071923.2,4450932028266559488,BlueStraggler
SDSS J104824.00+030352.9,3809404028958470400,BlueStraggler
Gaia DR2 3038043987255167104,3038043987255167104,BlueStraggler
SDSS J074336.04+324042.1,881893915585347072,BlueStraggler
2MASS J00354960+1554101,2780674016271788928,BlueStraggler
Gaia DR2 5718366638117357184,5718366638117357184,BlueStraggler
SDSS J165841.40+174134.1,4558689351810591104,BlueStraggler
Gaia DR2 3326811096877800448,3326811096877800448,BlueStraggler
SDSS J023755.87+004147.8,2501857482583277056,BlueStraggler
ATO J160.3202+53.8407,849454066253842688,BlueStraggler
SDSS J075241.45+174459.1,668330858680260992,BlueStraggler
NGC  2682   153,604910310730777472,BlueStraggler
SDSS J171705.09+263351.8,4573873577327550336,BlueStraggler
SDSS J025232.64+344720.6,140250649518928128,BlueStraggler
[WMO2009] Car-0107,5502857819286630912,BlueStraggler
SDSS J145131.67+520012.1,1593654624567504000,BlueStraggler
SDSS J214650.22-002402.5,2675063102630225920,BlueStraggler
Gaia DR2 3372759924021981568,3372759924021981568,BlueStraggler
SDSS J075858.90+423400.3,922583026998427392,BlueStraggler
Gaia DR2 3221068005615576064,3221068005615576064,BlueStraggler
SDSS J005018.74+144231.5,2778025327120126592,BlueStraggler
SDSS J104357.75+101305.1,3870328109988335360,BlueStraggler
SDSS J080004.83+460430.6,932314568193134848,BlueStraggler
SDSS J163003.35+162856.8,4465850369532771328,BlueStraggler
SDSS J170946.26+235313.3,4571770791401773568,BlueStraggler
SDSS J083152.27+082446.0,599541803473281920,BlueStraggler
SDSS J080731.65+225124.9,677191139989355648,BlueStraggler
SDSS J161815.36+331035.4,1328583227472285568,BlueStraggler
SDSS J131452.88+023624.0,3691504702782144256,BlueStraggler
NGC  6791  2017,2051105376456445824,BlueStraggler
SDSS J012805.01+390133.9,323391658497580672,BlueStraggler
SDSS J065826.31+655645.2,1102369262793068800,BlueStraggler
SDSS J092026.12+190542.9,635721718916885760,BlueStraggler
SDSS J081104.64+071713.4,3097590646497607296,BlueStraggler
SDSS J232739.70-004022.6,2644077494865475968,BlueStraggler
SDSS J234354.73+160357.3,2819831954665004544,BlueStraggler
2MASS J11290376+3216437,4025380243304236032,BlueStraggler
Gaia DR2 5339941158505415680,5339941158505415680,BlueStraggler
SDSS J113926.51+532942.8,840422226770609664,BlueStraggler
SDSS J075102.92+235135.8,675476653467900032,BlueStraggler
SDSS J023726.24+010446.7,2501888440707671168,BlueStraggler
NGC  7142    19,2217942281554373760,BlueStraggler
SDSS J170606.76+242954.2,4572030757182431104,BlueStraggler
SDSS J075759.09+262110.2,874288971612515840,BlueStraggler
SDSS J153057.82+554247.8,1601167003405353088,BlueStraggler
TYC 9219-2277-1,5230015043948156928,BlueStraggler
Gaia DR2 3056679128794892160,3056679128794892160,BlueStraggler
SDSS J081839.29+060620.0,3096432624531223680,BlueStraggler
SDSS J085735.62+084628.5,585320651360192128,BlueStraggler
[CWH2004] CSA94-019,2497926694153833344,BlueStraggler
Gaia DR2 3140081174572670592,3140081174572670592,BlueStraggler
SDSS J083410.33+182158.2,659607127266328576,BlueStraggler
SDSS J153725.80+374156.5,1377051452371891072,BlueStraggler
SDSS J153930.48-012814.1,4403937080227002496,BlueStraggler
SDSS J215823.25+003342.4,2681376464037212672,BlueStraggler
SDSS J122103.90+424644.8,1538044148228489472,BlueStraggler
SDSS J022026.04-083331.3,5176320973418561024,BlueStraggler
SDSS J234014.76+420102.9,1922315761260247936,BlueStraggler
SDSS J144048.21-015301.7,3648989989750045568,BlueStraggler
[MLF2014] 711338,6083699030218445056,BlueStraggler
SDSS J173540.35+571945.8,1422244717463722624,BlueStraggler
SDSS J082226.88+323245.6,901449279640529792,BlueStraggler
Gaia DR2 2051292911906085120,2051292911906085120,BlueStraggler
SDSS J123832.20+010926.4,3697079059232571264,BlueStraggler
CRTS J120445.6+334529,4027327508461902848,BlueStraggler
SDSS J105157.04+492738.9,832593841420083200,BlueStraggler
SDSS J141756.29+393945.4,1485769448435324032,BlueStraggler
SDSS J100727.39+421556.5,808420532824544896,BlueStraggler
TYC 7646-3216-1,5538494885233812864,BlueStraggler
SDSS J082055.79+040214.3,3092876907006178048,BlueStraggler
SDSS J104602.01+014359.8,3809000095874670336,BlueStraggler
SDSS J154555.65+321320.5,1369582817777214464,BlueStraggler
SDSS J004852.05-004832.8,2536727256907643776,BlueStraggler
SDSS J103321.73+232935.9,722514241940404352,BlueStraggler
SDSS J093028.59+174102.6,631540684217685376,BlueStraggler
SDSS J003803.97+071929.0,2557265309480357888,BlueStraggler
Gaia DR2 5856527455365735680,5856527455365735680,BlueStraggler
2MASS J20440486-0521069,6914208227647895808,BlueStraggler
SDSS J084233.36+384401.9,910622298992560768,BlueStraggler
UCAC4 370-137140,4102883851584801024,BlueStraggler
2QZ J133019.2+010934,3711199498656907392,BlueStraggler
SDSS J012232.45+304011.8,309572382178851712,BlueStraggler
SDSS J131318.50+151355.9,3744148357447330432,BlueStraggler
SDSS J155505.26+311359.4,1321563945240487808,BlueStraggler
SDSS J083625.73+340029.6,711325061860358656,BlueStraggler
Gaia DR3 2067708066450808960,2067708066450808960,BlueStraggler
SDSS J013345.23+144948.3,2588843906200851712,BlueStraggler
HD  62775,5614702792078807296,BlueStraggler
SDSS J020929.13-002330.5,2506928911247184768,BlueStraggler
CRTS J090050.2+022729,577400594228024960,BlueStraggler
SDSS J210754.58-001601.8,2689937021052653312,BlueStraggler
SDSS J235111.21+380416.6,2881464151246626560,BlueStraggler
Cl* Berkeley   32     KM     129,3129899353302669696,BlueStraggler
SDSS J013351.79-094315.5,2464917705820576512,BlueStraggler
SDSS J171905.96+263308.4,4574046883551865216,BlueStraggler
HE 1411-0232,3646209775815864320,BlueStraggler
SDSS J054221.50+620519.6,286544038850558336,BlueStraggler
SDSS J123329.07+302204.8,4012165895949693184,BlueStraggler
SDSS J130757.16+014036.5,3691152515463724032,BlueStraggler
SDSS J144047.21+363311.7,1486330950983185920,BlueStraggler
SDSS J084753.98+215831.1,665030227852019328,BlueStraggler
SDSS J083851.20+035347.2,3080356665020344960,BlueStraggler
SDSS J141315.69-030416.8,3646163042276381696,BlueStraggler
Cl* Berkeley   32     KM      55,3129899005405264640,BlueStraggler
SDSS J032042.12+405651.3,236388475919276928,BlueStraggler
TYC 3660-1899-1,422582214514873728,BlueStraggler
SDSS J222623.74+003024.8,2678420358305978624,BlueStraggler
SDSS J101132.73+481932.8,822895122367741952,BlueStraggler
SDSS J105758.09+243234.6,3995958613519925248,BlueStraggler
SDSS J031507.39-060235.7,5181587084359706880,BlueStraggler
SDSS J131219.09-013507.3,3685053936781319552,BlueStraggler
SDSS J144129.35+474300.3,1591015865380390656,BlueStraggler
SDSS J091547.68-001713.2,3842262624717143296,BlueStraggler
Gaia DR2 425168094064999808,425168094064999808,BlueStraggler
SDSS J204528.72+161641.6,1811054977054389248,BlueStraggler
Gaia DR2 2217942384633581056,2217942384633581056,BlueStraggler
Gaia DR2 3056684214038601344,3056684214038601344,BlueStraggler
2MASS J12485401+0109285,3702154817222684800,BlueStraggler
SDSS J231959.94+515452.8,1992359874629809024,BlueStraggler
NGC  2682   207,604896566835438464,BlueStraggler
Gaia DR2 5507046344410918528,5507046344410918528,BlueStraggler
SDSS J203922.04+772758.8,2290677273533525632,BlueStraggler
SDSS J124033.78+264341.4,3962107918971203072,BlueStraggler
SDSS J125928.78+032135.8,3704368267272484352,BlueStraggler
SDSS J132736.18+612418.0,1663626616846274304,BlueStraggler
SDSS J123051.62-004437.1,3695622103246782080,BlueStraggler
SDSS J110316.04+580451.9,857310691014125824,BlueStraggler
Gaia DR2 204412616199822976,204412616199822976,BlueStraggler
SDSS J160858.76+065741.9,4450472157527663488,BlueStraggler
SDSS J073323.22+321433.6,892559938585325440,BlueStraggler
MGC 12044,3806317390581655808,BlueStraggler
Gaia DR2 2929388358414324096,2929388358421934848,BlueStraggler
SDSS J105805.47+052713.3,3816203821181644544,BlueStraggler
SDSS J082039.88+314512.8,901309298066991104,BlueStraggler
SDSS J144018.91+502527.5,1603898813059662080,BlueStraggler
SDSS J013026.03+382025.8,322550119785201152,BlueStraggler
SDSS J054201.75+615424.2,283535324063288448,BlueStraggler
Gaia DR2 5335935843831236608,5335935843831236608,BlueStraggler
Gaia DR2 3326866686638968192,3326866686638968192,BlueStraggler
Gaia DR2 4313102095395645312,4313102095395645312,BlueStraggler
SDSS J094404.36+410553.6,801586930617974016,BlueStraggler
Gaia DR2 3056679231876595584,3056679231876595584,BlueStraggler
SDSS J225527.52-102905.2,2605030499772757888,BlueStraggler
SDSS J095521.91+322833.4,745333613637583360,BlueStraggler
SDSS J091207.42+301525.0,699756241030813440,BlueStraggler
SDSS J093650.83+513550.2,1018622378386980480,BlueStraggler
NGC   188  2105,573940091834388224,BlueStraggler
Gaia DR2 3157241660565158528,3157241660565158528,BlueStraggler
SDSS J145747.84+011230.0,1153260948757973632,BlueStraggler
SDSS J101651.56+202910.8,625734850506491520,BlueStraggler
[MLF2014] 161635,6083708066840957440,BlueStraggler
SDSS J154729.38+030745.9,4424369712826202240,BlueStraggler
SDSS J154430.50+374659.3,1376304677818030080,BlueStraggler
SDSS J101720.98+265455.2,727296018009417856,BlueStraggler
SDSS J121944.83+003431.7,3698299620219127424,BlueStraggler
SDSS J163319.08+305051.5,1324201849730587776,BlueStraggler
SDSS J081910.73+361619.8,904596906553145344,BlueStraggler
SDSS J095621.60+022225.8,3836315984797556992,BlueStraggler
SDSS J052852.29+611839.2,286086431557699200,BlueStraggler
SDSS J105026.85+022753.0,3809120389318147712,BlueStraggler
SDSS J074550.68+191523.2,671918187164100096,BlueStraggler
PHL  5547,2639045060209003392,BlueStraggler
SDSS J092215.01+075954.7,587270330289001984,BlueStraggler
SDSS J165812.98+230751.4,4565517215940882816,BlueStraggler
SDSS J100315.92+320605.3,746533210888377472,BlueStraggler
SDSS J120620.83+394105.5,4034073081017335552,BlueStraggler
SDSS J081145.37+182755.1,657369483665395840,BlueStraggler
Gaia DR2 3032953420220235392,3032953420220235392,BlueStraggler
SDSS J104358.85+094327.9,3869544085182761472,BlueStraggler
SDSS J074814.98+173123.2,668124356652794496,BlueStraggler
Gaia DR2 3446530419737571712,3446530419737571712,BlueStraggler
SDSS J163949.29+000412.9,4383331918789391104,BlueStraggler
UCAC4 211-036135,5410200054579673216,BlueStraggler
Gaia DR2 3326782303417071104,3326782303417071104,BlueStraggler
Gaia DR2 3326784605519674624,3326784605519674624,BlueStraggler
Gaia DR2 3139205825877011072,3139205825877011072,BlueStraggler
SDSS J180545.56+245605.1,4579471500264505216,BlueStraggler
SDSS J021824.48-010116.0,2494686605185837824,BlueStraggler
SDSS J075212.00+460332.5,926588410419189888,BlueStraggler
Gaia DR2 6056338920345773184,6056338920345773184,BlueStraggler
Gaia DR2 2178333440323194240,2178333440323194240,BlueStraggler
SDSS J130622.42-011818.7,3685954161926755840,BlueStraggler
SDSS J215450.05-002731.4,2680162912437460864,BlueStraggler
SDSS J101420.43+212144.0,628870692028521344,BlueStraggler
SDSS J082509.70+081707.5,599299739117032064,BlueStraggler
SDSS J082245.57+070717.2,3097009279724153344,BlueStraggler
SDSS J122549.06+551100.4,1574094415788794112,BlueStraggler
SDSS J095218.93+022139.8,3846861710057334528,BlueStraggler
SDSS J234706.11+362434.8,2879579996337418240,BlueStraggler
SDSS J001334.82-010005.1,2544786470980716544,BlueStraggler
Gaia DR2 559352974148468608,559352974148468608,BlueStraggler
SDSS J085825.39+045014.0,581730745895410944,BlueStraggler
SDSS J074332.37+183505.1,671307481470305920,BlueStraggler
SDSS J032205.55+412421.3,236424862882061952,BlueStraggler
SDSS J231852.03-001017.8,2645060355181498368,BlueStraggler
SDSS J025140.37+353748.6,140490785434317568,BlueStraggler
SDSS J004708.57+154404.8,2781199303656583040,BlueStraggler
SDSS J095535.12+383142.6,800136709142310400,BlueStraggler
SDSS J095019.78+032519.3,3847196412563889536,BlueStraggler
SDSS J080218.47+360605.4,906983057239822080,BlueStraggler
CD-31   306,5031668227235858944,BlueStraggler
Gaia DR3 4314278607168352000,4314278607168352000,BlueStraggler
SDSS J012801.17+373514.4,322409970707418496,BlueStraggler
SDSS J074026.64+301808.7,879910362248577536,BlueStraggler
SDSS J224158.59+215253.6,2836511335603272576,BlueStraggler
SDSS J085501.15+201955.5,660878093988717696,BlueStraggler
Gaia DR2 5528107176106671488,5528107176106671488,BlueStraggler
CRTS J075409.1+424431,925632144540198528,BlueStraggler
Gaia DR2 522946632333150592,522946632333150592,BlueStraggler
SDSS J210710.64+010728.3,2690697127185521152,BlueStraggler
SDSS J113248.62+570921.3,845869795786071168,BlueStraggler
SDSS J115604.63+285023.2,4008023107935152128,BlueStraggler
SDSS J090503.31+021204.5,577155269990752256,BlueStraggler
SDSS J003630.01+251430.8,2806727494047876608,BlueStraggler
SDSS J165501.79+210742.7,4564672279910902016,BlueStraggler
NGC  6819   609,2076299822113010560,BlueStraggler
Cl* NGC 6397    DSZ       2,5921745296786382208,BlueStraggler
UCAC4 714-025585,446182544407368064,BlueStraggler
SDSS J151900.32-012025.1,4415530189095255296,BlueStraggler
Gaia DR2 251684366291806976,251684366291806976,BlueStraggler
[DBE2012b] 88-TARG9,2543085423413692416,BlueStraggler
Gaia DR2 5718366500678416640,5718366500678416640,BlueStraggler
SDSS J170432.45+394800.9,1353447927020978688,BlueStraggler
Gaia DR2 2929388564572665216,2929388564572665216,BlueStraggler
SDSS J021043.29+234102.8,104181234993150976,BlueStraggler
2MASS J13425220+5929318,1662432104837474176,BlueStraggler
SDSS J215320.40+004644.5,2681618979365911936,BlueStraggler
2MASS J03411317+0048372,3269913775319609088,BlueStraggler
SDSS J110048.58+522739.5,836530200423638912,BlueStraggler
Gaia DR2 5338549657842611456,5338549657842611456,BlueStraggler
SDSS J172430.84+255156.4,4570915375653209728,BlueStraggler
SDSS J083818.94+063803.1,594957359677050752,BlueStraggler
NGC  2682   238,604918591427681024,BlueStraggler
SDSS J061100.54+642553.5,1008346342714310016,BlueStraggler
SDSS J205406.59+002722.5,4227645126745463296,BlueStraggler
Case A-F  127,1513332693114295424,BlueStraggler
SDSS J085800.21+373404.6,718723744323502080,BlueStraggler
SDSS J095219.91+573446.0,1046342135970648320,BlueStraggler
SDSS J141203.58+314417.3,1477588252994081536,BlueStraggler
SDSS J204143.99+143127.7,1762376818451643520,BlueStraggler
SDSS J205117.56+160044.0,1762863214907422848,BlueStraggler
SDSS J162048.80+135932.8,4463542151028508032,BlueStraggler
SDSS J021426.86+053423.6,2519887686572503808,BlueStraggler
SDSS J083049.88+082921.4,599183366979104000,BlueStraggler
[LML2012] 62594,5921743647518759168,BlueStraggler
ZTF J233033.83+622428.1,2015764152165548288,BlueStraggler
SDSS J095656.78+373806.7,797012305115331712,BlueStraggler
SDSS J153332.99+434412.1,1391400697588658048,BlueStraggler
SDSS J235215.66+351458.1,2878655105196718464,BlueStraggler
SDSS J012345.30-082951.6,2472098169584898176,BlueStraggler
SDSS J081415.60+265647.1,682845820915322240,BlueStraggler
SDSS J202954.67+762204.3,2290240977872686976,BlueStraggler
SDSS J021413.03+214952.0,99633173863963264,BlueStraggler
SDSS J102428.22+443238.3,806120315842442624,BlueStraggler
Gaia DR2 5527432252065800960,5527432252065800960,BlueStraggler
SDSS J100219.77+200010.4,627039455412429440,BlueStraggler
SDSS J025541.95-003231.6,2497870997017908224,BlueStraggler
Gaia DR2 5258880522716935936,5258880522716935936,BlueStraggler
Gaia DR2 5618184155124122880,5618184155124122880,BlueStraggler
SDSS J235125.53+371552.1,2879736612321244416,BlueStraggler
2MASS J11562093+0731126,3899262205150337280,BlueStraggler
SDSS J143550.84-013201.2,3649897155563391488,BlueStraggler
CHSS  935,2642745470887836416,BlueStraggler
[SP2014] NGC6218 BSS16,4379073991291120384,BlueStraggler
SDSS J160307.14+202625.0,1203563777528704896,BlueStraggler
SDSS J031538.44+421134.7,239605470849311488,BlueStraggler
SDSS J143049.28+603735.9,1618264825829365248,BlueStraggler
SDSS J092156.32+213346.1,637793091449165184,BlueStraggler
SDSS J130300.86+052403.9,3705252618219040128,BlueStraggler
SDSS J232216.39+512857.5,1991547163740279680,BlueStraggler
UCAC4 187-103847,5900843786912400000,BlueStraggler
SDSS J170445.32+240433.2,4571641877961467008,BlueStraggler
SDSS J112709.33+010716.0,3798452790066753024,BlueStraggler
Gaia DR2 3326788659969131904,3326788659969131904,BlueStraggler
SDSS J105406.34+520013.1,837162037355562240,BlueStraggler
SDSS J084132.12+041655.2,582188628063610368,BlueStraggler
SDSS J161509.64+200949.1,1201808475933906688,BlueStraggler
SDSS J001842.69-093037.4,2428231125970659840,BlueStraggler
SDSS J004744.90-001653.3,2536960422091779072,BlueStraggler
SDSS J232259.19+525105.9,1992611564013987072,BlueStraggler
Gaia DR2 2929388702017833216,2929388702017833216,BlueStraggler
NGC   188  2151,573938305128033920,BlueStraggler
SDSS J002358.41-005359.2,2541988694923974272,BlueStraggler
CHSS  974,2536044876798893952,BlueStraggler
SDSS J074407.03+235409.7,867223887850113792,BlueStraggler
SDSS J023152.09-081624.0,5178015634370057984,BlueStraggler
Gaia DR2 3126697060047032832,3126697060047032832,BlueStraggler
SDSS J073445.04+362747.1,895597270736748288,BlueStraggler
[BH2018] J265.177500-53.646139,5921751309734629504,BlueStraggler
SDSS J105157.89+263623.7,730087918550529024,BlueStraggler
SDSS J082051.77+403623.9,915371055353282048,BlueStraggler
SDSS J094538.00+362124.2,799443432700149888,BlueStraggler
SDSS J100446.81+372154.8,802031442555599104,BlueStraggler
SDSS J083810.48+165522.6,658459889962244480,BlueStraggler
Gaia DR2 2051104929779791232,2051104929779791232,BlueStraggler
SDSS J134102.20+145138.6,3741956137420308608,BlueStraggler
SDSS J142125.04+491705.1,1508260572960131968,BlueStraggler
Case A-F  290,717860047876200448,BlueStraggler
SDSS J150902.39+605447.5,1616116311389132160,BlueStraggler
TYC 3314-2108-1,436028657602103168,BlueStraggler
SDSS J164142.38+220148.2,4565898883914562048,BlueStraggler
SDSS J115435.10+345119.2,4031318357713472128,BlueStraggler
SDSS J074207.05+173714.7,671095889905157632,BlueStraggler
SDSS J162811.12+301352.1,1318074679449276416,BlueStraggler
SDSS J020230.92+003212.1,2508019970379132032,BlueStraggler
SDSS J082804.99+234731.6,678252164413432704,BlueStraggler
SDSS J085822.25+182752.5,612277828911035008,BlueStraggler
Gaia DR2 3032952595586520192,3032952595586520192,BlueStraggler
Gaia DR2 5856527386646253440,5856527386646253440,BlueStraggler
SDSS J082614.04+082829.2,599402616469290368,BlueStraggler
SDSS J143521.78-021747.7,3649243431475888512,BlueStraggler
SDSS J113353.49+324241.4,4025313413613039616,BlueStraggler
NGC  7789  1095,1995020211733162112,BlueStraggler
US 3149,2499026102702664704,BlueStraggler
Gaia DR2 208558320495187200,208558320495187200,BlueStraggler
NGC  2506  3241,3038044674450004736,BlueStraggler
SDSS J010942.14+001938.6,2534812045091122688,BlueStraggler
Gaia DR2 1969801405029468416,1969801405029468416,BlueStraggler
ATO J090.7660+10.4543,3341825134314117248,BlueStraggler
SDSS J095056.46+631818.0,1063641473965099136,BlueStraggler
SDSS J095343.50+300109.8,744419468503049344,BlueStraggler
Gaia DR2 3430742502212416384,3430742502212416384,BlueStraggler
SDSS J172619.30+265502.5,4571126924265771648,BlueStraggler
SDSS J171952.55+645735.7,1632927431861391360,BlueStraggler
SDSS J201019.79+781647.9,2291396732096279424,BlueStraggler
SDSS J212551.30+105019.7,1745343832851923584,BlueStraggler
SDSS J135116.67+485456.6,1510113215693312640,BlueStraggler
HE 2316-0113,2638802312952992384,BlueStraggler
SDSS J100334.92+011409.4,3835182079071895808,BlueStraggler
SDSS J093402.54+574314.4,1026268313527209216,BlueStraggler
SDSS J150153.69-010235.6,6340745877913233024,BlueStraggler
SDSS J233416.45+473458.0,1938724391756415360,BlueStraggler
SDSS J033956.81-052826.2,3247712191717224960,BlueStraggler
TYC 6266-1023-1,4103982061922379520,BlueStraggler
Gaia DR2 431900438123649920,431900438123649920,BlueStraggler
SDSS J202515.69+132305.3,1804037344093152640,BlueStraggler
SDSS J075104.97+460226.7,926578480454792320,BlueStraggler
SDSS J133736.67-023338.6,3637433542722073472,BlueStraggler
SDSS J221832.21-004741.8,2677840159764461056,BlueStraggler
SDSS J073630.74+221110.9,865497276637921920,BlueStraggler
SDSS J072458.62+355113.3,897204378780094464,BlueStraggler
SDSS J151851.08+341719.7,1278827714975293184,BlueStraggler
SDSS J172704.52+621553.4,1439306698385297152,BlueStraggler
SDSS J230358.19-004033.6,2650824334436251904,BlueStraggler
SDSS J123647.21+453547.4,1541213490498018176,BlueStraggler
SDSS J161340.99+380138.9,1378725321386395008,BlueStraggler
SDSS J231136.67+005316.2,2657426455084242560,BlueStraggler
CRTS J090226.5+302023,699591181145081088,BlueStraggler
SDSS J125453.02+512412.1,1569506432940397824,BlueStraggler
SDSS J125601.28-002754.6,3688980876920334592,BlueStraggler
Gaia DR2 5516397141058439424,5516397141058439424,BlueStraggler
Gaia DR2 2051107060083754752,2051107060083754752,BlueStraggler
SDSS J011941.09+401249.3,371779107946510848,BlueStraggler
Gaia DR2 3129419691355646464,3129419691355646464,BlueStraggler
SDSS J155338.95+412615.8,1383886467621883392,BlueStraggler
NGC  2682   168,604921202767811712,BlueStraggler
SDSS J233349.47+003949.0,2644649923811796224,BlueStraggler
[DBE2012b] 85-TARG38,3899042161089828992,BlueStraggler
SDSS J123942.44+142548.4,3932438624192534784,BlueStraggler
Gaia DR2 512006148036419712,512006148036419712,BlueStraggler
SDSS J194207.93+785559.8,2291706833030146688,BlueStraggler
Gaia DR2 3326859956425708672,3326859956425708672,BlueStraggler
SDSS J141115.13+044751.6,3671221981720521728,BlueStraggler
HD 309352,6057347103796772736,BlueStraggler
SDSS J165939.41+180953.2,4560254888869295104,BlueStraggler
SDSS J235651.60+354336.0,2878587072914239488,BlueStraggler
2QZ J144652.6-004452,3650665782910336256,BlueStraggler
SDSS J093423.76+253238.4,645819663770931712,BlueStraggler
SDSS J083527.59+132724.7,603315670977475712,BlueStraggler
Cl* NGC 2419    BSS      29,899283039871722240,BlueStraggler
Gaia DR2 208562516680976896,208562516680976896,BlueStraggler
US 3308,2498136808249568128,BlueStraggler
SDSS J154650.91+313255.7,1369334809186304128,BlueStraggler
SDSS J180710.60+243958.8,4579272591740157184,BlueStraggler
SDSS J081340.59+433140.0,928164736431737472,BlueStraggler
Gaia DR2 2169775078025059584,2169775078025059584,BlueStraggler
SDSS J232129.28+515221.2,1992332764798426624,BlueStraggler
SDSS J121521.23+054833.9,3895231631744645632,BlueStraggler
UCAC4 687-021174,435063939232107392,BlueStraggler
SDSS J211114.31+102345.5,1744694468156085632,BlueStraggler
Gaia DR2 1827373726815044608,1827373726815044608,BlueStraggler
Gaia DR2 251684778608660736,251684778608660736,BlueStraggler
SDSS J082838.69+074438.1,599025243462761216,BlueStraggler
SDSS J114014.29+382344.1,766484021172937216,BlueStraggler
[DBE2012b] 85-TARG36,3714883034408443136,BlueStraggler
TYC 5704-977-1,4100513858628936960,BlueStraggler
SDSS J031355.30+414335.1,239569736719612800,BlueStraggler
SDSS J152047.73-002358.2,4415741742003964800,BlueStraggler
SDSS J211244.58+111715.4,1745046036999409024,BlueStraggler
2QZ J142414.6-022710,3646421290069811328,BlueStraggler
SDSS J232201.09+531508.7,1992693786869000320,BlueStraggler
SDSS J021728.60-003557.0,2494900528916526464,BlueStraggler
SDSS J023034.87+003015.0,2500560544194017408,BlueStraggler
Gaia DR2 433016236258396288,433016236258396288,BlueStraggler
Gaia DR2 5856527386646253312,5856527386646253312,BlueStraggler
Case A-F  433,799139894478650752,BlueStraggler
SDSS J104910.23+425420.5,780221319450340352,BlueStraggler
SDSS J202842.10+133635.6,1803959798458812288,BlueStraggler
TYC 3162-484-1,2076065699159591296,BlueStraggler
SDSS J160142.94+075716.1,4451215496107859968,BlueStraggler
SDSS J081305.62+284052.3,684325591768020864,BlueStraggler
UCAC4 141-106517,6055417254699795200,BlueStraggler
GPM  49.836499+41.456821,239416015546884352,BlueStraggler
Gaia DR2 1969807314904461440,1969807314904461440,BlueStraggler
Gaia DR2 3341722428757461120,3341722428757461120,BlueStraggler
SDSS J171328.05+291147.9,4575593831988353152,BlueStraggler
SDSS J074502.57+234948.5,867582573454946944,BlueStraggler
SDSS J101343.03+070330.7,3873887602788542848,BlueStraggler
NGC  2099   180,3451182079777549568,BlueStraggler
SDSS J031715.46+394749.1,235854250706419968,BlueStraggler
SDSS J060137.84+634750.3,1008088408454782336,BlueStraggler
SDSS J202242.45+763110.4,2290202563684868224,BlueStraggler
SDSS J115358.55+483117.9,786886116562866432,BlueStraggler
SDSS J113513.69+504627.4,791612436009821696,BlueStraggler
Cl* NGC 6388    BSS     134,5955269371959344384,BlueStraggler
Gaia DR2 2211121014494927232,2211121014494927232,BlueStraggler
SDSS J232353.21+521506.4,1992345241682314624,BlueStraggler
SDSS J115512.70+452909.7,773377546762480512,BlueStraggler
Gaia DR2 3446835018818580480,3446835023117691136,BlueStraggler
Gaia DR2 5856528589237173120,5856528589237173120,BlueStraggler
Gaia DR2 2178333096725805696,2178333096725805696,BlueStraggler
2MASS J22104925+2229529,1782152875105000960,BlueStraggler
SDSS J203149.16+765054.6,2290279392060525568,BlueStraggler
SDSS J080115.21+224907.6,680327698770420736,BlueStraggler
SDSS J155425.97+064631.4,4427000882809388800,BlueStraggler
SDSS J144404.55+593607.2,1617269522992413696,BlueStraggler
SDSS J023201.57+243302.9,102033446402865792,BlueStraggler
Gaia DR3 1825905810067740416,1825905810067740416,BlueStraggler
SDSS J230249.17+005548.0,2652186594983101696,BlueStraggler
SDSS J150519.45+021342.4,1153621618636898816,BlueStraggler
SDSS J025948.70+341200.7,137125047199348352,BlueStraggler
SDSS J081402.52+421801.4,927766365329890944,BlueStraggler
SDSS J062256.77+635907.5,1007533670479077504,BlueStraggler
Gaia DR2 3139180429732705792,3139180429732705792,BlueStraggler
SDSS J032817.12-000406.2,3264123330475144192,BlueStraggler
Gaia DR2 512012401508768256,512012401508768256,BlueStraggler
SDSS J101102.17+045536.0,3861059673642107392,BlueStraggler
HD 166444,4093831164368229248,BlueStraggler
SDSS J165256.02+345124.2,1314964504651703552,BlueStraggler
Gaia DR2 2051105170297975680,2051105170297975680,BlueStraggler
SDSS J140237.79+014929.5,3661371280953221376,BlueStraggler
SDSS J081334.54+311939.2,901044938535552768,BlueStraggler
SDSS J164217.81+390509.3,1355596136518460416,BlueStraggler
SDSS J155615.42+403532.0,1383035956722329856,BlueStraggler
SDSS J120858.81+390919.9,4033799302622752128,BlueStraggler
HD 248890,3444120809944692864,BlueStraggler
SDSS J121330.28+340556.7,4028689945102754048,BlueStraggler
Cl* Berkeley   32     RS    1700,3129899250223469568,BlueStraggler
SDSS J073912.84+213024.4,673243854589536640,BlueStraggler
SDSS J003612.86+063155.4,2555698333612079872,BlueStraggler
SDSS J233706.64+455146.0,1938897775294879360,BlueStraggler
SDSS J155523.01+062155.7,4426923397301750144,BlueStraggler
SDSS J074907.61+152436.1,666835424084097152,BlueStraggler
SDSS J081254.26+073923.2,3098001661983876224,BlueStraggler
SDSS J232814.25+523628.7,1992461102719670272,BlueStraggler
Gaia DR2 424416921465758976,424416921465758976,BlueStraggler
Gaia DR2 213087861724880512,213087861724880512,BlueStraggler
SDSS J232448.95+524424.5,1992510374584826240,BlueStraggler
SDSS J144915.91+021236.6,3652413250483977984,BlueStraggler
SDSS J125103.62+141340.9,3930637422283939072,BlueStraggler
SDSS J164601.62+355408.2,1327219352017606784,BlueStraggler
SDSS J085304.69+275957.3,692947588292353152,BlueStraggler
SDSS J121531.76+410550.3,1536388004544574592,BlueStraggler
SDSS J090241.80+572826.2,1036759475522528512,BlueStraggler
SDSS J142644.33+343958.3,1479871251450341376,BlueStraggler
SDSS J075655.39+124722.2,3151353367777632640,BlueStraggler
Gaia DR3 3026731971114422784,3026731971114422784,BlueStraggler
SDSS J113725.09+334255.8,4025767541980129152,BlueStraggler
SDSS J104315.17+515353.6,837042637264483456,BlueStraggler
SDSS J235706.15+364617.2,2880342164053802112,BlueStraggler
SDSS J102450.80+291747.3,741462881736232320,BlueStraggler
[LML2012] 81828,5921753336965879808,BlueStraggler
SDSS J155737.90-003035.7,4409509473878821504,BlueStraggler
SDSS J163007.14+250954.9,1303825249271840896,BlueStraggler
HE 2258-0012,2651741262709449344,BlueStraggler
SDSS J123209.15-020318.3,3693773755481113472,BlueStraggler
2MASS J07545383+2817199,875548981874844800,BlueStraggler
SDSS J034000.58-072713.7,3243838852770955136,BlueStraggler
Gaia DR2 5856528962867671936,5856528962867671936,BlueStraggler
Gaia DR2 2922223249154669440,2922223249154669440,BlueStraggler
SDSS J144641.14+005743.1,3652154109337200768,BlueStraggler
Case A-F  183,1467281538370913280,BlueStraggler
SDSS J161156.03+061500.0,4450141719923859968,BlueStraggler
SDSS J150449.27+310950.9,1276198477733937536,BlueStraggler
SDSS J123632.09-015121.6,3683240257991655552,BlueStraggler
SDSS J160926.54+210314.7,1204981838291763072,BlueStraggler
SDSS J231009.54-005538.4,2650942016540021504,BlueStraggler
SDSS J210843.73-010154.6,2689039548982166656,BlueStraggler
SDSS J155059.64+054956.2,4426469784335854720,BlueStraggler
SDSS J022733.93+002615.2,2501226912664403584,BlueStraggler
SDSS J094736.70+614206.5,1051021176421243776,BlueStraggler
Gaia DR3 5933115243515331840,5933115243515331840,BlueStraggler
PB   964,1498977121408880128,BlueStraggler
SDSS J075132.01+262337.8,874193245382206720,BlueStraggler
SDSS J012111.57+374419.4,321723149601729280,BlueStraggler
Gaia DR3 5548179349295654912,5548179349295654912,BlueStraggler
SDSS J075908.00+431812.5,922990709589259776,BlueStraggler
SDSS J162221.59+273841.5,1305320555022481920,BlueStraggler
[WAM2017] V58,6204592803297016448,BlueStraggler
SDSS J034209.17-054729.5,3244674515967738368,BlueStraggler
SDSS J132627.22-020715.3,3638048444599929600,BlueStraggler
SDSS J080340.55+213534.6,671008135133725952,BlueStraggler
SDSS J225349.25-084649.5,2609905390733357184,BlueStraggler
SDSS J090732.68+040727.1,579884013037108352,BlueStraggler
SDSS J003759.39+160439.0,2782169450871919488,BlueStraggler
SDSS J170016.91+364711.3,1339560652779502720,BlueStraggler
SDSS J061803.31+634552.5,1008251720290792704,BlueStraggler
SDSS J231908.19-002348.0,2644842613223618688,BlueStraggler
SDSS J141520.43+571012.6,1611472691531983360,BlueStraggler
HD  41940,3426270719703886848,BlueStraggler
SDSS J032532.14-004631.2,3262570201580949760,BlueStraggler
Gaia DR2 2170031612132223360,2170031612132223360,BlueStraggler
SDSS J084235.80+060013.5,594663686992975488,BlueStraggler
SDSS J163015.28+134243.6,4460704625052002816,BlueStraggler
SDSS J131623.34+264428.1,1459872406251247872,BlueStraggler
SDSS J085015.68+015447.2,3075881270442950272,BlueStraggler
SDSS J152434.32+501015.1,1594677513979336832,BlueStraggler
Gaia DR2 3341818498585402368,3341818498585402368,BlueStraggler
Gaia DR2 2893942680508317696,2893942680508317696,BlueStraggler
[CWH2004] CSA94-023,2498138659380137216,BlueStraggler
SDSS J233925.72+435807.2,1926432027855236608,BlueStraggler
SDSS J160311.66+361915.3,1372374267345652096,BlueStraggler
SDSS J231849.31+531323.1,1995672531372059520,BlueStraggler
Gaia DR2 213087969102151680,213087969102151680,BlueStraggler
SDSS J082619.13+042017.9,3092252586264262400,BlueStraggler
SDSS J143053.28+603502.1,1618264512296228352,BlueStraggler
UCAC4 389-032351,3033949474675682432,BlueStraggler
SDSS J152146.67-015828.9,4415242632444649856,BlueStraggler
SDSS J154527.50+284837.3,1224841487892758400,BlueStraggler
Gaia DR2 213087694224250624,213087694224250624,BlueStraggler
SDSS J162311.67+150649.4,4464137502215297664,BlueStraggler
*  40 Cnc,661322060465742336,BlueStraggler
SDSS J142948.73+455514.1,1494599244064037760,BlueStraggler
Gaia DR2 5339941708261338112,5339941708261338112,BlueStraggler
SDSS J031607.35+414809.2,239584309544417408,BlueStraggler
SDSS J114724.46+143302.7,3923964378839607168,BlueStraggler
SDSS J080452.72+452903.9,929314477701821568,BlueStraggler
SDSS J153354.78+421318.4,1391069920684003072,BlueStraggler
SDSS J162345.87+134802.8,4463710273228401792,BlueStraggler
SDSS J210530.07+001244.0,2690204820854164096,BlueStraggler
SDSS J161057.89+212633.9,1205370889311796992,BlueStraggler
Gaia DR2 3326860300023095424,3326860300023095424,BlueStraggler
SDSS J031141.33+404734.6,239142408949085952,BlueStraggler
SDSS J081121.52+072709.1,3097616553740569344,BlueStraggler
Gaia DR2 3038049862770680832,3038049862770680832,BlueStraggler
SDSS J075050.27+263727.2,874211627842324480,BlueStraggler
SDSS J090044.99+264435.4,691785984320559104,BlueStraggler
PB  7360,2606857681940040960,BlueStraggler
SDSS J091208.82+054606.3,580523314624488832,BlueStraggler
SDSS J104356.76+092027.3,3869463271077892608,BlueStraggler
SDSS J020209.32-011040.8,2506590605262966912,BlueStraggler
SDSS J032328.49+003532.3,3267417742189768576,BlueStraggler
CHSS  902,2650888900679809024,BlueStraggler
SDSS J153110.49+534313.9,1596448895930667392,BlueStraggler
SDSS J153025.08+434113.7,1391435332205687680,BlueStraggler
Cl* Berkeley   32     RS    2269,3129711199374866176,BlueStraggler
KIC 2437079,2051293255503480320,BlueStraggler
SDSS J093340.63+242022.9,644569214107492096,BlueStraggler
SDSS J144100.32+363724.1,1486337414909648512,BlueStraggler
Gaia DR2 2893948212429455360,2893948212429455360,BlueStraggler
SDSS J013943.19-095100.8,2464771195896679936,BlueStraggler
SDSS J155937.09+030012.6,4412917307088404992,BlueStraggler
SDSS J233905.28+420246.2,1922295390233682432,BlueStraggler
SDSS J203925.42+150336.2,1810495978471923840,BlueStraggler
SDSS J203903.75-064549.6,6907995888166114304,BlueStraggler
SDSS J003906.74+240905.6,2806416396681731072,BlueStraggler
SDSS J093623.25+515347.2,1018840287847432960,BlueStraggler
Gaia DR3 5339060965112182784,5339060965112182784,BlueStraggler
UCAC4 370-136719,4103071730634235136,BlueStraggler
SDSS J234810.78+144947.8,2771426981747716352,BlueStraggler
SDSS J031821.35+052852.8,3300321590168192,BlueStraggler
SDSS J100837.18+281001.7,740347014872863488,BlueStraggler
SDSS J090603.11+190107.7,636242883132909312,BlueStraggler
Cl* NGC 6397    DLO       4,5921745296786367744,BlueStraggler
SDSS J032133.37+410346.0,236383626900587008,BlueStraggler
SDSS J224333.64+011104.3,2654532338616709248,BlueStraggler
[TGB2011] J165908.3345-524233.929,5935945833095048448,BlueStraggler
SDSS J204800.48+003337.6,4228398223491152640,BlueStraggler
Gaia DR2 3157254923424787200,3157254923424787200,BlueStraggler
SDSS J145634.84+015103.8,1154098806683436032,BlueStraggler
SDSS J163718.60+143447.2,4462181303529225600,BlueStraggler
Gaia DR2 2227550948027851648,2227550948027851648,BlueStraggler
SDSS J150107.11+232821.5,1262939467012054528,BlueStraggler
Gaia DR2 3157241561783738496,3157241561783738496,BlueStraggler
[WAM2017] V59,6204589268531781376,BlueStraggler
SDSS J150941.75+484429.2,1588922635759911552,BlueStraggler
SDSS J082239.19+060517.9,3093779159375570816,BlueStraggler
SDSS J081709.28+181626.6,657189541715049856,BlueStraggler
TYC 5416-1823-1,3038043746737021440,BlueStraggler
SDSS J081126.06+053440.6,3096524296314689024,BlueStraggler
GSC 00733-02756,3326777286895609344,BlueStraggler
SDSS J101907.11+040420.1,3860037535849978880,BlueStraggler
Gaia DR2 3157241115107807872,3157241115107807872,BlueStraggler
Gaia DR2 424416096832121088,424416096832121088,BlueStraggler
SDSS J094507.03+043217.2,3848317703970776448,BlueStraggler
SDSS J102904.24+282950.4,729340869119101696,BlueStraggler
SDSS J101402.92+203601.7,625795186206927104,BlueStraggler
Gaia DR2 469411789129209088,469411789129209088,BlueStraggler
2MASS J07552498+2815221,875536406210589568,BlueStraggler
SDSS J094729.64+060117.3,3853053437990407040,BlueStraggler
SDSS J210741.04-001500.2,2689940285232129408,BlueStraggler
SDSS J161701.05+202712.9,1202192377290916736,BlueStraggler
SDSS J085829.47+023246.1,577794150670705664,BlueStraggler
SDSS J083134.04+192226.9,662730530563671040,BlueStraggler
SDSS J082802.35+183037.1,662297872738109440,BlueStraggler
SDSS J140310.32+013727.7,3661317714121286272,BlueStraggler
SDSS J125431.83+152646.8,3931373850260086144,BlueStraggler
PB  1020,1498865422195501184,BlueStraggler
SDSS J133627.50-003453.9,3662608953088669056,BlueStraggler
SDSS J233736.48-002525.3,2641332731589946368,BlueStraggler
SDSS J010750.52+002044.6,2537793645747168512,BlueStraggler
SDSS J085726.99+043855.8,581697966704909440,BlueStraggler
SDSS J103409.29+483911.0,834143847872900864,BlueStraggler
US 2740,4024882950515798400,BlueStraggler
Gaia DR2 5856517078723954944,5856517078723954944,BlueStraggler
SDSS J113830.15+330000.0,4024913569337610624,BlueStraggler
SDSS J113124.56+403137.1,770696838629557632,BlueStraggler
SDSS J080555.04+461330.8,929782560416862848,BlueStraggler
SDSS J142133.72+453558.7,1506530186472692352,BlueStraggler
SDSS J234859.50+424029.2,1922756119963197568,BlueStraggler
V* IQ Mus,5856515665648722688,BlueStraggler
SDSS J031604.31+421011.2,239698108998598272,BlueStraggler
Gaia DR2 5856528486157941376,5856528486157941376,BlueStraggler
SDSS J083107.01+272702.3,704033414279003520,BlueStraggler
Gaia DR2 3326400841601610752,3326400841601610752,BlueStraggler
GES J06365710+0926134,3326782234697640448,BlueStraggler
SDSS J153521.36+521039.6,1595366942129270784,BlueStraggler
Cl* NGC 6218    VMC V12,4379076465194292864,BlueStraggler
SDSS J085505.42+253100.3,690150774308086400,BlueStraggler
Cl* NGC 6397  ABCPO     251,5921751825137377536,BlueStraggler
SDSS J074805.88+213734.1,674483725748797952,BlueStraggler
SDSS J091905.59+244218.2,687589251516703744,BlueStraggler
SDSS J141354.50+315448.6,1477676733616025216,BlueStraggler
SDSS J010508.69+000500.6,2536291128748472832,BlueStraggler
SDSS J140413.47+545821.4,1609410012014473600,BlueStraggler
UCAC4 391-032621,3033962664515580672,BlueStraggler
SDSS J083434.58+200241.2,662872917319214976,BlueStraggler
Gilmore F867  8-21,3649007483152551040,BlueStraggler
SDSS J145316.32+563342.8,1613468305136486784,BlueStraggler
SDSS J031555.75+043549.6,3133779937870848,BlueStraggler
Gaia DR2 2227550673150689152,2227550673150689152,BlueStraggler
Gaia DR2 205115028042602752,205115028042602752,BlueStraggler
SDSS J144126.08+465842.3,1590911278632992128,BlueStraggler
SDSS J161121.90+305014.5,1318952570764403840,BlueStraggler
SDSS J224103.63-080030.0,2609723047896567808,BlueStraggler
Gaia DR2 5868996776225373184,5868996776225373184,BlueStraggler
SDSS J234122.23-000306.2,2642823634997178880,BlueStraggler
Gaia DR2 3341722467415039872,3341722467415039872,BlueStraggler
SDSS J123051.55+384758.0,1532034831851512320,BlueStraggler
SDSS J133114.82+151413.6,3744809717987369856,BlueStraggler
SDSS J150255.22-023053.6,6339691068304678656,BlueStraggler
SDSS J012128.61+071320.6,2566313293744865792,BlueStraggler
Gaia DR2 3446536162112745216,3446536162112745216,BlueStraggler
Gaia DR3 5884477831193458176,5884477831193458176,BlueStraggler
Gaia DR2 3221067795161776128,3221067795161776128,BlueStraggler
SDSS J130720.98+022951.2,3692390737355415808,BlueStraggler
SDSS J164006.96+365637.5,1328318176450539648,BlueStraggler
SDSS J204229.74-052350.9,6914232588702332544,BlueStraggler
SDSS J172854.44+580613.4,1434480151576528384,BlueStraggler
Cl* NGC 5139    BPB  258539,6083714526483631872,BlueStraggler
SDSS J091901.30+172133.7,631902011226407424,BlueStraggler
NGC  2682    81,604911478961895424,BlueStraggler
SDSS J095616.61+212658.1,628217479042626432,BlueStraggler
SDSS J124327.56+383807.2,1521275285939836800,BlueStraggler
SDSS J075647.73+164110.5,667412564608949760,BlueStraggler
SDSS J074253.69+243016.2,867861918128410496,BlueStraggler
[TGM2014] 12002,2051292980625565440,BlueStraggler
Gaia DR2 5693817601492594176,5693817601492594176,BlueStraggler
SDSS J142705.12+454740.5,1494584538096286592,BlueStraggler
SDSS J034631.82-060947.3,3244493508866368768,BlueStraggler
SDSS J133334.65-020553.5,3637619046654185728,BlueStraggler
2MASS J13384901+6714202,1672489303337280256,BlueStraggler
SDSS J155046.56+372021.1,1376416003370087040,BlueStraggler
Gaia DR2 3326783570429587072,3326783570429587072,BlueStraggler
SDSS J200021.36+775641.9,2291370618694193280,BlueStraggler
[CWH2004] CSA94-034,2498229270305428992,BlueStraggler
HE 0852+0112,576818093582795264,BlueStraggler
SDSS J092727.66+511558.1,1019127294742227584,BlueStraggler
SDSS J103922.94+195349.0,3987449566047534080,BlueStraggler
SDSS J105623.51+261642.7,729841318708294016,BlueStraggler
[TGM2014] 33025,2051290575444027136,BlueStraggler
SDSS J131940.58+553705.9,1563856759943403904,BlueStraggler
SDSS J112727.28-012447.1,3796747005150983680,BlueStraggler
SDSS J012302.92+072650.2,2566277422177599104,BlueStraggler
2MASS J03293597+0419064,3275307979364807808,BlueStraggler
Gaia DR2 194984750669390080,194984750669390080,BlueStraggler
SDSS J234204.82+454815.8,1926931034335751296,BlueStraggler
SDSS J125928.71+152356.0,3931234281002787968,BlueStraggler
NGC  6940   153,1857460762964528384,BlueStraggler
SDSS J074615.59+422427.6,924252983298243968,BlueStraggler
SDSS J091813.80+225826.0,638877759670060672,BlueStraggler
MGC 37621,3689889107884089600,BlueStraggler
SDSS J101622.24+365730.9,754100500882291200,BlueStraggler
SDSS J123055.94+271659.6,4009012908918161920,BlueStraggler
Gaia DR2 5507234429619604224,5507234429619604224,BlueStraggler
SDSS J162440.67+293820.4,1317985073548066048,BlueStraggler
[SP2014] NGC3201 BSS17,5413575623988813312,BlueStraggler
SDSS J031414.33+050155.0,3209444377372672,BlueStraggler
SDSS J224209.55+221145.7,2836526011508013696,BlueStraggler
UCAC4 553-028687,3372769927004129536,BlueStraggler
Gaia DR3 5836058117937040128,5836058117937040128,BlueStraggler
SDSS J151502.16+473044.6,1587993724528672512,BlueStraggler
SDSS J224425.71+223636.7,2836656475434449152,BlueStraggler
SDSS J221416.81+203924.6,1778718718039008384,BlueStraggler
MGC 13373,3804769175130430208,BlueStraggler
SDSS J231807.41-103557.7,2413617074544324224,BlueStraggler
CHSS 1637,2534754359385331968,BlueStraggler
SDSS J233634.52+463540.4,1939172305305722880,BlueStraggler
SDSS J150647.38-014517.1,6339858434590204416,BlueStraggler
Gaia DR2 3326864526270481408,3326864526270481408,BlueStraggler
SDSS J161632.54+210509.7,1202300850985156096,BlueStraggler
SDSS J223042.48-001112.6,2630084250896665984,BlueStraggler
SDSS J082100.00+275954.7,683339540291750784,BlueStraggler
SDSS J030911.66-061241.9,5181689068358625792,BlueStraggler
SDSS J164155.68+354836.9,1327250829833840768,BlueStraggler
SDSS J135116.71-014335.2,3658709161439042304,BlueStraggler
SDSS J232020.34+515235.2,1992312496850643584,BlueStraggler
Pul -3  470258,712803359540167552,BlueStraggler
Gaia DR2 3446835332354541312,3446835332354541312,BlueStraggler
Gaia DR2 1968860635392981248,1968860635392981248,BlueStraggler
[DBE2012b] 85-TARG20,4418445475456509696,BlueStraggler
SDSS J013543.37+005619.5,2510185286731415168,BlueStraggler
SDSS J102144.26+320407.8,748816999618577792,BlueStraggler
SDSS J172021.23+280112.5,4574497515816851072,BlueStraggler
Gaia DR2 3056679060077913088,3056679060077913088,BlueStraggler
FASTT  576,3663052232368721152,BlueStraggler
NGC  4815     3,5861657703566356864,BlueStraggler
Gaia DR2 3129901414887073152,3129901414887073152,BlueStraggler
SDSS J083008.43+232905.2,677999349760724096,BlueStraggler
SDSS J095512.29+333118.5,794970546382450176,BlueStraggler
NGC  2354   154,5617123916672085888,BlueStraggler
Gaia DR2 2217943037468573184,2217943037468573184,BlueStraggler
Gaia DR2 5507211404296051712,5507211404296051712,BlueStraggler
SDSS J092359.01+081603.2,587374642159854848,BlueStraggler
SDSS J090641.30+271030.7,692083097274339072,BlueStraggler
UCAC4 182-171307,5930052691290916096,BlueStraggler
SDSS J143047.79+380457.8,1487413214022077056,BlueStraggler
SDSS J140133.84+463458.0,1508904749335512960,BlueStraggler
Gaia DR2 2051293118064541824,2051293118064541824,BlueStraggler
Cl* NGC 6819      P      21,2076299688981549312,BlueStraggler
SDSS J083338.70+233505.1,666378851879355136,BlueStraggler
SDSS J160120.42+382816.5,1379364927915170304,BlueStraggler
BD+12  1930,604903713660959488,BlueStraggler
Cl* NGC 6819      P      36,2076393662864627840,BlueStraggler
SDSS J091416.41+004146.8,3843401070223740160,BlueStraggler
SDSS J192937.13+785048.2,2294624936890387968,BlueStraggler
SDSS J152133.71+333037.4,1278543766097520384,BlueStraggler
Gaia DR2 3032953450278234496,3032953450278234496,BlueStraggler
Gaia DR2 3326785773750739328,3326785773750739328,BlueStraggler
SDSS J130702.14+383050.0,1522776772146635520,BlueStraggler
SDSS J161717.68+441904.7,1385527587510116480,BlueStraggler
SDSS J121443.96+331830.2,4016489523563277184,BlueStraggler
SDSS J031117.90+421048.1,240388361782292224,BlueStraggler
Gaia DR2 5405854887714949888,5405854887714949888,BlueStraggler
SDSS J110400.67+323522.1,734080520149399040,BlueStraggler
SDSS J085759.10+351635.9,716786714072878336,BlueStraggler
SDSS J135847.66-011822.5,3659544442383334400,BlueStraggler
SDSS J100907.54+102036.4,3879916156324633600,BlueStraggler
HE 2230-0045,2653842154552030208,BlueStraggler
Gaia DR2 3326832606074193792,3326832606074193792,BlueStraggler
Case A-F   14,4026845926664267776,BlueStraggler
SDSS J105126.60+472858.7,831432452201307776,BlueStraggler
CRTS J170518.5+242412,4572069450545401088,BlueStraggler
SDSS J013352.96+233751.7,290177027129786240,BlueStraggler
Gaia DR2 4096382581158775552,4096382581158775552,BlueStraggler
SDSS J080924.56+142253.4,653723885362047104,BlueStraggler
Gaia DR2 208544649617113472,208544649617113472,BlueStraggler
SDSS J012658.26+372008.8,322399422267953152,BlueStraggler
CRTS J011609.5+262204,294837002221176192,BlueStraggler
UCAC4 640-067380,2052604010803984896,BlueStraggler
CRTS J124237.4+380108,1520483126466951808,BlueStraggler
Gaia DR2 5258883748226393600,5258883748226393600,BlueStraggler
SDSS J015450.18+004336.5,2510903061665291776,BlueStraggler
HD  61954,3029206452090564480,BlueStraggler
SDSS J151456.73+613106.5,1616521580208077824,BlueStraggler
[CWH2004] CF789-004,3682292586343512064,BlueStraggler
MGC 40130,3689323550886103680,BlueStraggler
SDSS J140823.63+581313.6,1659663328400946560,BlueStraggler
2MASS J19190510+1542272,4320874508688009856,BlueStraggler
SDSS J161207.97+291425.0,1318509433219483520,BlueStraggler
SDSS J082346.51+432907.0,916263244615721472,BlueStraggler
Gaia DR3 4279506723703037312,4279506723703037312,BlueStraggler
SDSS J105423.44+265718.3,730450516869402368,BlueStraggler
SDSS J140104.73+580001.2,1658342333899265664,BlueStraggler
Gaia DR2 3454321872668885888,3454321872668885888,BlueStraggler
Gaia DR3 5883987861393786368,5883987861393786368,BlueStraggler
SDSS J204328.81-063249.6,6907314117943571200,BlueStraggler
SDSS J103339.34+352438.5,751272964997076736,BlueStraggler
[CWH2004] CSA94-046,2498563380106171520,BlueStraggler
SDSS J211513.90+104533.4,1744777760457538688,BlueStraggler
2MASS J19405490+4001078,2076296283062879616,BlueStraggler
Gaia DR2 213086143737900672,213086143737900672,BlueStraggler
SDSS J095910.54+201657.2,627833715124383744,BlueStraggler
SDSS J204303.05-050711.4,6914265436612683904,BlueStraggler
SDSS J170505.96+312057.9,1310204203419712384,BlueStraggler
SDSS J072717.36+364726.0,898764169166930560,BlueStraggler
PB  3094,1464091988281719936,BlueStraggler
Cl* NGC  188    DGV    1793,573973111543073024,BlueStraggler
Gaia DR2 3112868055628542080,3112868055628542080,BlueStraggler
SDSS J215028.88+002314.8,2681217825125255552,BlueStraggler
SDSS J011843.63+071751.9,2578312749470252032,BlueStraggler
US 3090,4020120278460902400,BlueStraggler
[TGB2011] J165836.3003-524032.585,5935991634631006976,BlueStraggler
SDSS J075555.49+245804.1,681570460443190400,BlueStraggler
SDSS J093451.43+463003.5,824494739986464768,BlueStraggler
SDSS J103020.28+205754.1,721002516531697792,BlueStraggler
SDSS J111053.93+374930.9,764528677181630208,BlueStraggler
SDSS J113832.81+402325.4,767543091388378368,BlueStraggler
SDSS J031707.46+413310.0,239388149797645696,BlueStraggler
SDSS J013107.56+002302.2,2558081254483110144,BlueStraggler
SDSS J204139.94+000541.5,4228098915810429056,BlueStraggler
SDSS J110032.56+042315.3,3815822050128505344,BlueStraggler
SDSS J204605.94-061716.4,6913321304016838912,BlueStraggler
SDSS J073038.31+361702.5,898521215752973568,BlueStraggler
Gaia DR2 3446882641416180864,3446882641416180864,BlueStraggler
2MASS J20381089+7734475,2290725793781058560,BlueStraggler
SDSS J151938.76-012817.6,4415524420954498432,BlueStraggler
SDSS J082407.36+261538.7,679878582629451904,BlueStraggler
SDSS J114059.16+644432.9,864483050175338624,BlueStraggler
UCAC4 340-130393,4090715281517983744,BlueStraggler
SDSS J073739.06+275359.6,872477599222515712,BlueStraggler
SDSS J085444.21+025744.4,578066455892573056,BlueStraggler
SDSS J115622.25+064218.1,3899043982155724288,BlueStraggler
Cl* NGC 6397    DLO       5,5921745296786360192,BlueStraggler
SDSS J113006.21+455522.7,785456991959186048,BlueStraggler
SDSS J074137.10+224548.9,867050680409190912,BlueStraggler
SDSS J091453.39+371900.4,715711322981294848,BlueStraggler
SDSS J013318.71-095912.1,2464886335379377024,BlueStraggler
SDSS J021418.03+011441.0,2513341056901628032,BlueStraggler
SDSS J160250.34+280541.4,1316665552219849856,BlueStraggler
SDSS J104646.82+360144.9,750854875700575232,BlueStraggler
Gaia DR2 5598785952510339072,5598785952510339072,BlueStraggler
SDSS J091902.60+181201.6,632557010919432576,BlueStraggler
SDSS J053517.68+615053.5,286153742284283776,BlueStraggler
SDSS J074933.64+262653.1,874116898042905984,BlueStraggler
SDSS J103825.10+245309.0,724208177041868160,BlueStraggler
SDSS J111745.28+303420.5,4023260758548108800,BlueStraggler
Gaia DR2 2169726154059091328,2169726154059091328,BlueStraggler
SDSS J030756.51+002107.3,3266506693726910720,BlueStraggler
SDSS J145721.02+394521.7,1296762781145333632,BlueStraggler
SDSS J012514.04+371628.1,322384372702277504,BlueStraggler
SDSS J232319.05+002251.7,2645012900087710208,BlueStraggler
SDSS J010324.02+001937.7,2536547074439168640,BlueStraggler
SDSS J074042.96+170704.5,671042258650163584,BlueStraggler
SDSS J170550.11+214812.3,4568083308578981888,BlueStraggler
SDSS J232749.59+531404.3,1992550128802788352,BlueStraggler
SDSS J143419.93+064026.0,1172207007277569664,BlueStraggler
SDSS J015838.60-002644.6,2507487703671736704,BlueStraggler
SDSS J074703.19+241835.6,867626141603099264,BlueStraggler
TYC 2404-645-1,3447740127344020608,BlueStraggler
SDSS J025215.24+331851.5,136638478943840128,BlueStraggler
SDSS J111646.39+575637.5,856665144544976000,BlueStraggler
SDSS J145227.46+622159.5,1620182782129491584,BlueStraggler
Gaia DR2 2051096717802110976,2051096717802110976,BlueStraggler
SDSS J133352.48-004722.2,3662627266829463040,BlueStraggler
SDSS J133516.97+641720.9,1665866429407047936,BlueStraggler
SDSS J124746.04+620454.7,1580437738887899520,BlueStraggler
Gaia DR2 424417265062966656,424417265062966656,BlueStraggler
SDSS J114649.29+402416.6,768212389027481472,BlueStraggler
SDSS J232917.21+514415.3,1991612103645474048,BlueStraggler
TYC 7646-3459-1,5538493682642912256,BlueStraggler
SDSS J153010.06+575410.6,1602418939127665024,BlueStraggler
SDSS J031801.54+414840.3,239485486639737088,BlueStraggler
SDSS J102839.38+574856.4,854957843505207040,BlueStraggler
Gaia DR3 5547966383328607872,5547966383328607872,BlueStraggler
SDSS J163635.21+221259.4,1297843459340624384,BlueStraggler
Gaia DR3 5339229808859986816,5339229808859986816,BlueStraggler
SDSS J100205.96+373227.6,802781137687773312,BlueStraggler
SDSS J010912.33-085343.9,2474791835634318208,BlueStraggler
SDSS J083414.14+115231.5,602529314005189504,BlueStraggler
Gaia DR2 3423118557304637696,3423118557304637696,BlueStraggler
SDSS J113110.42+465604.3,785749530774260096,BlueStraggler
2MASS J14401092+4122352,1489867431351092224,BlueStraggler
2MASS J11282641+4628391,785455136533121408,BlueStraggler
SDSS J204713.94+001707.4,4228012127406467968,BlueStraggler
SDSS J125538.89+352338.8,1516014054081106048,BlueStraggler
SDSS J170720.60+313616.0,1310239834468716672,BlueStraggler
Gaia DR2 208542828551017728,208542828551017728,BlueStraggler
SDSS J032925.14-011018.4,3263230561393070080,BlueStraggler
SDSS J130833.31+013806.6,3691162209205842304,BlueStraggler
Gaia DR2 3446883328611035392,3446883328611035392,BlueStraggler
BD+05  3847,4284010151560112768,BlueStraggler
SDSS J152401.24-002455.3,4415707038668517120,BlueStraggler
SDSS J100253.28+090731.9,3878228680853825152,BlueStraggler
Gaia DR2 4265578488422545792,4265578488422545792,BlueStraggler
SDSS J093234.39+071701.3,586235689848043264,BlueStraggler
TYC 8655-1003-1,6060115051254128256,BlueStraggler
UCAC4 247-022091,5534656215262032128,BlueStraggler
Cl* NGC 5139    SAW V254,6083704282958835968,BlueStraggler
SDSS J124445.57+480533.7,1543373687250310528,BlueStraggler
Case A-F  767,1518275066600388992,BlueStraggler
Gaia DR2 2211219180265952768,2211219180265952768,BlueStraggler
SDSS J081011.00+145504.2,654047863334576384,BlueStraggler
Gilmore F867  2-41,3651909300496618496,BlueStraggler
SDSS J080524.74+072432.3,3097736267365686016,BlueStraggler
Gaia DR2 5621583737690605696,5621583737690605696,BlueStraggler
[NMM2020] WOCS  27010,1995010973268848512,BlueStraggler
SDSS J083700.01+054350.3,594605481596184448,BlueStraggler
Gaia DR2 3326776565341115904,3326776565341115904,BlueStraggler
SDSS J100839.62+041726.2,3836992287527913856,BlueStraggler
SDSS J092653.97+212649.5,637919711379975936,BlueStraggler
SDSS J171849.12+283333.2,4575290057541864960,BlueStraggler
SDSS J164423.01+390858.8,1352608175015057664,BlueStraggler
SDSS J125243.95+422502.7,1528485372095682048,BlueStraggler
Gaia DR2 430998563710298880,430998563710298880,BlueStraggler
SDSS J031934.53-055639.1,5169956793958541952,BlueStraggler
SDSS J101154.59+271432.4,739484241842309504,BlueStraggler
UCAC4 571-024703,3426166128660156032,BlueStraggler
SDSS J114644.49+383509.5,766369263942154240,BlueStraggler
SDSS J105853.08+543207.1,849697401921320192,BlueStraggler
SDSS J100202.55+280320.4,740244966450064000,BlueStraggler
SDSS J210506.93-004744.5,2689800131855906688,BlueStraggler
[SP2014] NGC5139 BSS30,6083698274308822528,BlueStraggler
Gaia DR2 208562585400453120,208562585400453120,BlueStraggler
SDSS J012325.15-001732.6,2533966211411687296,BlueStraggler
SDSS J132227.61+510600.3,1556741618337959680,BlueStraggler
SDSS J021200.46+065813.8,2521058529016814464,BlueStraggler
SDSS J112737.88-012226.7,3796747657986013952,BlueStraggler
[SP2014] NGC3201 BSS4,5413575654049955968,BlueStraggler
SDSS J113524.70+563137.6,844846180525157760,BlueStraggler
SDSS J082033.11+211749.7,676137116358989184,BlueStraggler
SDSS J222933.15-004833.5,2629986424426328064,BlueStraggler
SDSS J092354.62+020502.7,3844314828811095168,BlueStraggler
SDSS J163724.13+363919.0,1327923834029409152,BlueStraggler
SDSS J093507.97+532124.7,1021264264310410496,BlueStraggler
Gaia DR2 3157241351327999104,3157241351327999104,BlueStraggler
SDSS J160011.26+294127.4,1320411897573588224,BlueStraggler
SDSS J224108.20+241253.5,1876284917417581184,BlueStraggler
SDSS J113537.70+281814.7,4019193527597687936,BlueStraggler
SDSS J080228.20+411153.6,921508460539999488,BlueStraggler
SDSS J145458.24-010940.2,6340881633239175424,BlueStraggler
Gaia DR3 5229985425853282048,5229985425853282048,BlueStraggler
SDSS J232324.42-104341.5,2436835697811139840,BlueStraggler
SDSS J210554.74-001633.0,2689895342691414656,BlueStraggler
SDSS J155118.69+451028.0,1397069440240587264,BlueStraggler
SDSS J030927.87+411645.7,239216282386245376,BlueStraggler
Gaia DR2 5429398695822190464,5429398695822190464,BlueStraggler
SDSS J000142.89+000255.6,2546026857535848576,BlueStraggler
SDSS J080129.80+124231.0,653117809640098944,BlueStraggler
SDSS J090038.75-001155.0,5764589655970562304,BlueStraggler
SDSS J140632.75+471659.8,1506312173932798592,BlueStraggler
SDSS J094608.77+291638.4,648432824952857344,BlueStraggler
SDSS J100056.68+202857.7,627116425521721984,BlueStraggler
SDSS J151258.37+381322.1,1388538119065754752,BlueStraggler
SDSS J025249.02+354330.9,140517929628255104,BlueStraggler
SDSS J214935.94+004843.8,2681291011367631488,BlueStraggler
SDSS J025849.99+340954.4,137121091532987520,BlueStraggler
SDSS J012859.14+401050.6,324026282864828672,BlueStraggler
Gaia DR2 2211126374614057344,2211126374614057344,BlueStraggler
Gaia DR2 204412886779919616,204412886779919616,BlueStraggler
Gaia DR2 5259585996868267264,5259585996868267264,BlueStraggler
Gaia DR3 4065130303140939520,4065130303140939520,BlueStraggler
US  801,820869753230303104,BlueStraggler
SDSS J163504.68+001243.2,4383568794824531712,BlueStraggler
SDSS J093233.71+245824.2,645727132995096576,BlueStraggler
SDSS J101127.70+640354.6,1053171992965158144,BlueStraggler
SDSS J224222.14+124723.5,2731500038051870592,BlueStraggler
SDSS J012015.12+004416.1,2535028786320243200,BlueStraggler
Cl* NGC 6819      P      20,2076392769511459712,BlueStraggler
SDSS J155245.15+425002.5,1384220852300539008,BlueStraggler
SDSS J061105.62+652349.3,1008515220828141824,BlueStraggler
UCAC4 389-032410,3033950608547035392,BlueStraggler
SDSS J233411.63+445943.2,1937307400444727552,BlueStraggler
SDSS J091535.08+371208.6,715711842673660544,BlueStraggler
SDSS J082103.17+160919.7,655865523556613376,BlueStraggler
SDSS J131121.77+575027.4,1566573412657175936,BlueStraggler
SDSS J020803.18+071702.8,2521234725755068672,BlueStraggler
SDSS J124625.84+503834.1,1568102631469887744,BlueStraggler
SDSS J111355.53+253254.7,3997072281360225664,BlueStraggler
SDSS J110833.43+384548.6,764819326208683904,BlueStraggler
SDSS J022415.85-000601.2,2500817825619412096,BlueStraggler
SDSS J233205.32+530055.7,1993975370749218944,BlueStraggler
SDSS J080851.91+231645.6,680230804307372032,BlueStraggler
SDSS J121720.58+553358.2,1572873957881868032,BlueStraggler
SDSS J120539.22+405353.2,1536886804866161280,BlueStraggler
SDSS J113526.09+593304.4,858435530064535040,BlueStraggler
Gaia DR2 3426296931887763200,3426296931887763200,BlueStraggler
SDSS J174336.14+254004.6,4581831052217116928,BlueStraggler
Gaia DR2 2169675744021319040,2169675744021319040,BlueStraggler
SDSS J155755.94+285437.6,1319823044673217536,BlueStraggler
SDSS J143500.89+402645.2,1488267676292522240,BlueStraggler
SDSS J144204.84+360808.3,1294105360323466112,BlueStraggler
SDSS J090536.84+030702.5,577553598142553472,BlueStraggler
SDSS J145904.04+555151.0,1612616291000620416,BlueStraggler
Gaia DR2 3446860621121929472,3446860621121929472,BlueStraggler
SDSS J100309.40+223536.0,629843347502164992,BlueStraggler
[CWH2004] CF854-051,3835409265661625600,BlueStraggler
SDSS J162618.19+264339.6,1304970184473863424,BlueStraggler
SDSS J100924.59+361945.6,801686122886539008,BlueStraggler
SDSS J104043.06+064419.3,3859555610454884992,BlueStraggler
SDSS J233222.85+533035.9,1994046770286697856,BlueStraggler
Gaia DR3 5586250626593219456,5586250626593219456,BlueStraggler
SDSS J204749.64+165425.7,1811196298660556032,BlueStraggler
Gaia DR2 3326852328563416320,3326852328563416320,BlueStraggler
TYC 5987-2205-1,5620436470331177216,BlueStraggler
Gaia DR2 5405856292151358592,5405856292151358592,BlueStraggler
SDSS J154725.39+002512.8,4410568161839151360,BlueStraggler
CHSS 1199,3267463479296696320,BlueStraggler
SDSS J155705.34+330508.2,1371355917715735936,BlueStraggler
Gaia DR2 2929388358414360064,2929388358414360064,BlueStraggler
Gaia DR2 2929387052744567552,2929387052744567552,BlueStraggler
SDSS J112759.84+311505.3,4023618374704834304,BlueStraggler
NGC  7789   371,1995061344646874368,BlueStraggler
SDSS J031014.64+412037.2,239240574721747328,BlueStraggler
2MASS J12344852-6825486,5856436367700747392,BlueStraggler
SDSS J165309.91+371256.4,1351315492938088576,BlueStraggler
SDSS J182638.29+214227.3,4529225639943940480,BlueStraggler
SDSS J125456.88+605901.1,1580238589843873536,BlueStraggler
Gaia DR2 3426162413509362816,3426162413509362816,BlueStraggler
NGC  6939   164,2194724856583515776,BlueStraggler
SDSS J104513.86+255531.6,724712921598453376,BlueStraggler
SDSS J143302.48+592647.6,1617950051970571008,BlueStraggler
SDSS J074825.76+173422.9,668130442622031232,BlueStraggler
SDSS J021622.11+003819.2,2513070473961638144,BlueStraggler
Gaia DR2 5625908636619839488,5625908636619839488,BlueStraggler
SDSS J224701.74+223829.3,2836622356214449792,BlueStraggler
SDSS J172036.55+264449.6,4574075986249874304,BlueStraggler
SDSS J073403.20+323938.9,892597798720640512,BlueStraggler
Gaia DR2 2941936191265206016,2941936191265206016,BlueStraggler
SDSS J155229.62+023315.0,4423338508359596544,BlueStraggler
SDSS J081219.91+193410.1,669594820311407744,BlueStraggler
Gaia DR2 3341817261634726272,3341817261634726272,BlueStraggler
Gaia DR2 212899334137828224,212899334137828224,BlueStraggler
SDSS J013309.40-010900.6,2485624018032809856,BlueStraggler
SDSS J234035.78-102526.9,2433906049079129344,BlueStraggler
[DBE2012b] 85-TARG24,3714758033680171648,BlueStraggler
SDSS J084645.09+173819.1,659872521885127040,BlueStraggler
SDSS J100614.56+581207.9,1046609897116441472,BlueStraggler
UCAC4 384-021787,2949520725556164864,BlueStraggler
SDSS J164607.53+240900.6,1299974660769111424,BlueStraggler
SDSS J001123.02+011520.6,2546645470265356160,BlueStraggler
V* IY Mus,5856517010004497792,BlueStraggler
Gaia DR2 2051293766598643968,2051293766598643968,BlueStraggler
SDSS J162704.57+135353.5,4463771266059148544,BlueStraggler
SDSS J075958.97+361334.8,906809849799188992,BlueStraggler
SDSS J090458.20+005523.8,3843248474330875648,BlueStraggler
SDSS J160338.16+222420.9,1206109142650643200,BlueStraggler
SDSS J074851.86+245333.3,867771311498775424,BlueStraggler
SDSS J160837.60+211505.4,1205176481911936384,BlueStraggler
SDSS J161130.34+160520.9,1198591992106912384,BlueStraggler
SDSS J125301.08+333304.9,1514242775208480640,BlueStraggler
SDSS J115822.97+330958.6,4027602218865319936,BlueStraggler
SDSS J152607.45+444400.4,1394734451204096512,BlueStraggler
UCAC4 483-030834,3129906259610022272,BlueStraggler
SDSS J140609.56+002619.0,3660156702856781952,BlueStraggler
Gaia DR2 3129900384094847104,3129900384094847104,BlueStraggler
SDSS J133912.41+522015.2,1560084786521851008,BlueStraggler
SDSS J124844.26+390934.4,1520931005656770432,BlueStraggler
SDSS J223436.96+005512.8,2654297519869288320,BlueStraggler
UCAC4 516-022552,3344094869911610752,BlueStraggler
SDSS J084138.52+171739.9,658581355932937600,BlueStraggler
Gaia DR2 5313310982556522368,5313310982556522368,BlueStraggler
SDSS J171445.38+271637.3,4574719097472804608,BlueStraggler
2MASS J18302093-1029131,4154979060418337280,BlueStraggler
SDSS J140519.06+602148.7,1660888076978898048,BlueStraggler
SDSS J122106.86+565914.6,1574875034685215360,BlueStraggler
SDSS J093838.82+530740.2,1020474471364312704,BlueStraggler
SDSS J083359.68+234115.5,666381428859799552,BlueStraggler
SDSS J013957.29+150108.8,2589084660592612864,BlueStraggler
SDSS J222146.49-000723.4,2678264536892641152,BlueStraggler
SDSS J032048.90+404459.0,236373147178319744,BlueStraggler
SDSS J001401.70-104638.1,2427686592836800128,BlueStraggler
SDSS J144209.43+584655.6,1616930598533640832,BlueStraggler
SDSS J150554.90+391021.4,1295797238136762240,BlueStraggler
SDSS J020316.66+003113.6,2508021963243953408,BlueStraggler
[CWH2004] ISA94-048,2499003876247205120,BlueStraggler
SDSS J031347.96+411911.7,239543279721596032,BlueStraggler
SDSS J104355.03+083141.8,3868843421397780224,BlueStraggler
SDSS J080038.73+415656.0,922360311469910912,BlueStraggler
SDSS J165843.79+194007.5,4561451879073113344,BlueStraggler
SDSS J100535.80+345726.3,747548266278885376,BlueStraggler
Gaia DR2 3326786594087018240,3326786594087018240,BlueStraggler
SDSS J094659.54+184056.3,621394150398442112,BlueStraggler
SDSS J090807.73+583953.5,1036949557890584576,BlueStraggler
SDSS J084806.78+285532.8,705255001760808960,BlueStraggler
SDSS J092326.13+302909.3,700349702432318720,BlueStraggler
Gaia DR3 4104252468676864256,4104252468676864256,BlueStraggler
Cl* NGC 7142     CT     155,2217943209267285248,BlueStraggler
SDSS J082820.45+424520.9,916062304569877632,BlueStraggler
SDSS J161215.18+160646.5,1198546156215907712,BlueStraggler
SDSS J131235.22-031049.2,3684532703846115840,BlueStraggler
Gaia DR2 5718359697450099840,5718359697450099840,BlueStraggler
SDSS J011906.15-100743.2,2470705947346096768,BlueStraggler
Gaia DR2 3326824321079197056,3326824321079197056,BlueStraggler
UCAC4 731-104792,1994740699564939008,BlueStraggler
Gaia DR2 250927455614029056,250927455614029056,BlueStraggler
Gaia DR2 5313308478605700096,5313308478605700096,BlueStraggler
SDSS J014400.15-010402.2,2508753413354283136,BlueStraggler
SDSS J153826.06+261309.0,1223872371472007168,BlueStraggler
SDSS J165843.59+173900.7,4558688595896320512,BlueStraggler
Gaia DR3 5933342258290834560,5933342258290834560,BlueStraggler
PB   428,780791141351734912,BlueStraggler
SDSS J084545.63+042203.9,582236452524959872,BlueStraggler
SDSS J131121.95-012324.1,3685813772331365376,BlueStraggler
SDSS J165514.86+210614.6,4564671214759012864,BlueStraggler
SDSS J233216.61+494805.2,1942943359611348480,BlueStraggler
SDSS J025530.66+343637.2,140186465528149632,BlueStraggler
SDSS J125253.89-020231.7,3682526679240922496,BlueStraggler
LINEAR 23159004,3809137431748826240,BlueStraggler
SDSS J031643.64+403050.3,239261534162366208,BlueStraggler
SDSS J234949.30+010304.8,2643267184860099456,BlueStraggler
SDSS J021925.57-001845.6,2500752370317702272,BlueStraggler
SDSS J145333.96+384609.6,1296244086535396992,BlueStraggler
Gaia DR2 3139207097187354752,3139207097187354752,BlueStraggler
NGC   188  3151,573942290857628288,BlueStraggler
Cl* NGC 2419    BSS     107,899282627557256960,BlueStraggler
SDSS J100145.28+304945.4,744186646916193536,BlueStraggler
SDSS J080424.84+133856.3,653461269584434176,BlueStraggler
CRTS J230146.1+074129,2713507354896254336,BlueStraggler
SDSS J171435.20+290314.8,4575541394730567040,BlueStraggler
CHSS 2380,1568047003053328256,BlueStraggler
SDSS J224206.58+225626.7,1875864659161071616,BlueStraggler
Gaia DR2 3326825459248778112,3326825459248778112,BlueStraggler
Gaia DR3 4506555153349245312,4506555153349245312,BlueStraggler
SDSS J094024.16-004047.8,3839923379369492352,BlueStraggler
SDSS J163111.31+373836.1,1331272495474660864,BlueStraggler
SDSS J031758.54+402125.1,236258699187006976,BlueStraggler
SDSS J233708.14+432944.7,1926415569540380928,BlueStraggler
UCAC4 187-103980,5900093400260995456,BlueStraggler
Gaia DR2 3129899868699136000,3129899868699136000,BlueStraggler
SDSS J082833.34-003519.4,3076428449276355328,BlueStraggler
SDSS J093550.88+194902.0,633730018027584128,BlueStraggler
SDSS J135318.25+562149.5,1657728600252786432,BlueStraggler
SDSS J162853.36+163637.6,4465869095589490688,BlueStraggler
SDSS J234214.39+424402.7,1925352651034345728,BlueStraggler
Gaia DR2 431112638038850688,431112638038850688,BlueStraggler
SDSS J031535.51+042809.3,2943461347444864,BlueStraggler
SDSS J030554.30+052806.9,3906255576038016,BlueStraggler
SDSS J232148.63+521502.2,1992390837054574976,BlueStraggler
SDSS J094822.86+495830.9,826796533219448192,BlueStraggler
SDSS J100801.65+345629.6,747514628095018880,BlueStraggler
V* V957 Sco,4040810720855068288,BlueStraggler
Cl* NGC 2419    BSS      18,899282627555532288,BlueStraggler
SDSS J112334.39+404656.9,770532319907298048,BlueStraggler
SDSS J083001.28+233122.6,678000444970441984,BlueStraggler
SDSS J142939.22+471910.9,1507072417503629824,BlueStraggler
SDSS J105408.81+331838.1,738065906202471552,BlueStraggler
SDSS J154903.10+001929.7,4410549023464814848,BlueStraggler
SDSS J075951.12+243151.3,681384913559519872,BlueStraggler
SDSS J233626.94+465519.5,1939934030644258176,BlueStraggler
Gaia DR2 3326837141559093120,3326837141559093120,BlueStraggler
SDSS J155434.59+053757.1,4426768091283825152,BlueStraggler
SDSS J013409.82+242137.4,291925216257431680,BlueStraggler
SDSS J031911.50+414943.2,239477382039421184,BlueStraggler
Gaia DR2 3446829422479617408,3446829422479617408,BlueStraggler
SDSS J162142.58+340810.9,1328736471905564416,BlueStraggler
Gaia DR2 3426177188200262400,3426177188200262400,BlueStraggler
2MASS J12360930-6830172,5856432656849042688,BlueStraggler
SDSS J123316.26+494825.6,1544594724973712128,BlueStraggler
[TGB2011] J165919.2665-524358.607,5935945558217090304,BlueStraggler
2QZ J105133.5-002628,3803249035881017472,BlueStraggler
SDSS J082949.42+250344.0,678758798756304896,BlueStraggler
ATO J114.9180-30.9382,5598468434170215168,BlueStraggler
SDSS J031955.43+405613.6,236297044655071616,BlueStraggler
SDSS J052437.09+622839.7,287132891749352320,BlueStraggler
SDSS J202433.09+760325.3,2290135356036473344,BlueStraggler
SDSS J032056.61+405317.8,236376346931645184,BlueStraggler
SDSS J141446.83-030439.6,3646120264402231552,BlueStraggler
SDSS J075818.81+203311.5,670467896967317504,BlueStraggler
TYC 5122-347-1,4253552163315263488,BlueStraggler
SDSS J084301.49+205649.3,664850870017905664,BlueStraggler
SDSS J160608.00+393510.6,1379888952580968320,BlueStraggler
SDSS J081213.39+284048.2,684371427659002112,BlueStraggler
SDSS J020707.38+231259.7,103777443643091072,BlueStraggler
Gaia DR2 2211219283345159168,2211219283345159168,BlueStraggler
Gaia DR2 2074532911247401216,2074532911247401216,BlueStraggler
SDSS J104950.14+054005.1,3864384351991065856,BlueStraggler
Gaia DR2 5405856880579831808,5405856880579831808,BlueStraggler
SDSS J075556.41+201507.5,673431767998348928,BlueStraggler
NGC  2682   185,604917835513456512,BlueStraggler
SDSS J025442.34+334943.3,136775161982712064,BlueStraggler
SDSS J232237.50+525228.4,1992623555562637056,BlueStraggler
SDSS J095404.38+385516.2,800207279747532160,BlueStraggler
SDSS J152951.46+570551.8,1602309430345739264,BlueStraggler
SDSS J094543.30+044430.8,3849823072827986560,BlueStraggler
Gaia DR2 213087689926185216,213087689926185216,BlueStraggler
SDSS J000627.13-090101.8,2429042977868452736,BlueStraggler
Gaia DR2 3326810306603807104,3326810306603807104,BlueStraggler
Gaia DR2 2169748831486561152,2169748831486561152,BlueStraggler
SDSS J025736.29+001000.2,2498059120880743936,BlueStraggler
Gaia DR2 5258903715541327104,5258903715541327104,BlueStraggler
Gaia DR2 2893942714871393280,2893942714871393280,BlueStraggler
SDSS J101126.10+621459.8,1051985722998057856,BlueStraggler
SDSS J234353.54+422610.3,1922407501762813824,BlueStraggler
SDSS J204555.97-055345.3,6913414105374778112,BlueStraggler
CRTS J075835.6+411007,922219951938829824,BlueStraggler
2MASS J16392824+3718575,1328346802408608640,BlueStraggler
SDSS J103522.21+070039.7,3862536588341457024,BlueStraggler
SDSS J101657.68+270220.0,739333608749151616,BlueStraggler
[CWH2004] CSA94-051,2498541669046699392,BlueStraggler
SDSS J225915.65-001954.6,2651611069365685760,BlueStraggler
SDSS J084051.14+082251.4,596362569897172736,BlueStraggler
SDSS J080304.33+070025.4,3096215848942966400,BlueStraggler
SDSS J150354.91+015741.7,1153587293258155264,BlueStraggler
SDSS J104704.82+042724.7,3858015916218918400,BlueStraggler
SDSS J155141.90+064448.7,4429920837798097152,BlueStraggler
SDSS J025619.33+050856.5,5338232032166656,BlueStraggler
SDSS J171029.12+414828.9,1354126428773575040,BlueStraggler
SDSS J214927.52+000044.2,2681098871711004416,BlueStraggler
SDSS J142054.20+044736.5,3669542232895157376,BlueStraggler
SDSS J235029.21+363912.5,2879554746226184576,BlueStraggler
UCAC4 736-106407,1998076029425996160,BlueStraggler
SDSS J233125.80+534841.9,1994257150663997440,BlueStraggler
SDSS J060638.67+643737.3,1008546659989029888,BlueStraggler
SDSS J160230.96+405728.0,1383222770620124160,BlueStraggler
SDSS J093549.59+611100.5,1062932319029121152,BlueStraggler
SDSS J101620.01+283150.1,741154296925793152,BlueStraggler
SDSS J005200.82+150931.7,2778079370693287552,BlueStraggler
Gaia DR2 3326807553534263936,3326807553534263936,BlueStraggler
SDSS J163015.50+160931.9,4465770968473877376,BlueStraggler
SDSS J075007.96+422348.9,925565143050379904,BlueStraggler
SDSS J155352.40+003012.1,4410426913253504256,BlueStraggler
SDSS J161118.60+255426.8,1315247113499660800,BlueStraggler
SDSS J021438.68+073804.8,2521485276967517312,BlueStraggler
NGC  6819   522,2076299963859447936,BlueStraggler
[TGM2014] 22004,2051293427302195968,BlueStraggler
NGC  2682   188,604918179110923392,BlueStraggler
SDSS J013227.21-085700.2,2477027933047339904,BlueStraggler
SDSS J130058.32+011343.1,3690327886038655232,BlueStraggler
SDSS J090634.01+375509.4,718943376067402880,BlueStraggler
Gaia DR2 431110164137730688,431110164137730688,BlueStraggler
Gaia DR2 5527430602797708416,5527430602797708416,BlueStraggler
Gaia DR2 204412886779902336,204412886779902336,BlueStraggler
SDSS J075110.62+350838.9,882665227288083968,BlueStraggler
[TGB2011] J165916.4306-524305.095,5935945558217111552,BlueStraggler
SDSS J055949.14+650313.1,287859707591763456,BlueStraggler
SDSS J092002.88+293031.1,698765581054176128,BlueStraggler
[MLF2014] 195451,6083697793269570176,BlueStraggler
SDSS J135840.99-032017.6,3657496189659785984,BlueStraggler
SDSS J101124.82+213438.6,628918108467558784,BlueStraggler
[MLF2014] 307749,6083700645126789120,BlueStraggler
SDSS J081320.43+224005.9,677319812913179904,BlueStraggler
Gaia DR2 2211125275102450816,2211125275102450816,BlueStraggler
NGC   188  1043,573943149851092736,BlueStraggler
SDSS J144335.34+031134.9,3655771777470181504,BlueStraggler
SDSS J080728.82+342207.5,905430576885262592,BlueStraggler
SDSS J082526.51+145837.8,652538504450639488,BlueStraggler
SDSS J142351.33+490715.2,1508287304836374400,BlueStraggler
SDSS J074548.09+195554.8,672094594357369472,BlueStraggler
SDSS J233926.97+140851.7,2771143720064575872,BlueStraggler
SDSS J081809.26+250619.5,679333774618420096,BlueStraggler
SDSS J080902.16+253209.1,681154050477726080,BlueStraggler
SDSS J125302.81+502311.5,1567858329433550720,BlueStraggler
2MASS J12360145+6126361,1583163187694440704,BlueStraggler
SDSS J080224.99+184103.0,669280772303020160,BlueStraggler
SDSS J135001.27+005924.4,3663988432160034176,BlueStraggler
SDSS J114641.61+402334.5,768206681015673984,BlueStraggler
SDSS J163237.50+230504.1,1298894184436275584,BlueStraggler
SDSS J120443.14+034832.6,3894506778704181760,BlueStraggler
SDSS J174306.90+252203.3,4581816135792667008,BlueStraggler
SDSS J203320.50+773605.4,2290740529812056960,BlueStraggler
2MASS J03535850-0644143,3243430216699510656,BlueStraggler
SDSS J145953.14+441156.9,1585771405370444672,BlueStraggler
Gaia DR2 2178334264956888704,2178334264956888704,BlueStraggler
NGC   188  3132,573944077564006528,BlueStraggler
SDSS J021123.15+232647.8,101137310066201088,BlueStraggler
SDSS J150858.06+392351.4,1391701860695768064,BlueStraggler
SDSS J161546.10+361755.2,1329968169742972288,BlueStraggler
SDSS J031649.83+403019.4,239260812607860608,BlueStraggler
SDSS J105249.16+371810.7,775043860929257600,BlueStraggler
SDSS J094839.39+191840.6,627448714256014080,BlueStraggler
SDSS J104908.34+605718.0,1053873442727918080,BlueStraggler
SDSS J094547.92+405159.7,801552948836775168,BlueStraggler
SDSS J133605.71+535610.7,1561916091857417728,BlueStraggler
SDSS J010738.10-004359.3,2533164220758449664,BlueStraggler
SDSS J234637.05-102029.1,2434705776284680448,BlueStraggler
CRTS J234827.2+392032,1920819605108095232,BlueStraggler
Cl* NGC 6397    DLO       6,5921745296786368640,BlueStraggler
SDSS J151615.21+461544.2,1587675823933602816,BlueStraggler
SDSS J100022.00+332106.9,746969613924956160,BlueStraggler
SDSS J084311.50+353107.2,717333862843215104,BlueStraggler
SDSS J090655.86-001419.6,3842908725237168000,BlueStraggler
SDSS J001831.02-093139.1,2428241330812949632,BlueStraggler
SDSS J094019.61+031559.2,3847739876250362368,BlueStraggler
SDSS J140204.16+501842.1,1511377241748070272,BlueStraggler
SDSS J145746.68+011124.3,1153260914398234496,BlueStraggler
Gaia DR2 513594010322209280,513594010322209280,BlueStraggler
SDSS J025353.91+350159.1,140260991800131200,BlueStraggler
SDSS J110601.60+002003.3,3804264228711160320,BlueStraggler
SDSS J232406.12-005437.7,2644010935756935680,BlueStraggler
SDSS J074328.20+283207.6,878422658593061248,BlueStraggler
Gaia DR2 461225134785863808,461225134785863808,BlueStraggler
Gaia DR2 3221061850927028736,3221061850927028736,BlueStraggler
SDSS J152527.77+481420.8,1594275715494244608,BlueStraggler
SDSS J025907.12+344947.6,137299315495738240,BlueStraggler
SDSS J102532.65+195954.2,624775183014148608,BlueStraggler
TYC 2390-1578-1,3446807088649763200,BlueStraggler
SDSS J025844.26+060249.3,7099099904254592,BlueStraggler
SDSS J101556.54+035358.3,3859998297029012352,BlueStraggler
SDSS J202452.18+144807.1,1805450903729790976,BlueStraggler
SDSS J023317.94+242349.3,102106731429524224,BlueStraggler
SDSS J123452.88+520000.5,1568847443221993088,BlueStraggler
SDSS J223308.13-003903.9,2653838508124343424,BlueStraggler
SDSS J222557.41-005702.5,2629925126653288448,BlueStraggler
SDSS J232645.98+484535.4,1942034441451560704,BlueStraggler
SDSS J083906.83+171935.4,659250163944929920,BlueStraggler
SDSS J101226.86+035957.9,3860736829540128512,BlueStraggler
HD  58720,3031534775343697920,BlueStraggler
SDSS J172308.18+552049.1,1420467524419506688,BlueStraggler
Case A-F  393,701987704176769408,BlueStraggler
SDSS J030604.92-005601.7,3266248995688986112,BlueStraggler
SDSS J095551.69+341719.7,795215119000229888,BlueStraggler
SDSS J031143.36+402851.6,239117012805472512,BlueStraggler
SDSS J162329.14+124249.0,4460198918422599808,BlueStraggler
SDSS J163725.93+390422.7,1331645814032315392,BlueStraggler
SDSS J160432.36+404603.1,1380205745073327872,BlueStraggler
Gaia DR2 508343709165332608,508343709165332608,BlueStraggler
SDSS J125659.53+450905.1,1530346875344225024,BlueStraggler
SDSS J151932.23-023658.2,4414821970463467008,BlueStraggler
Gaia DR2 208559561743484544,208559561743484544,BlueStraggler
SDSS J234454.32+462048.0,1938980410466934784,BlueStraggler
Gaia DR2 5856514879700797696,5856514879700797696,BlueStraggler
SDSS J013807.12-093145.6,2464819162091025024,BlueStraggler
Gaia DR2 2211220142338605056,2211220142338605056,BlueStraggler
SDSS J170948.44+303414.5,1309311331258304256,BlueStraggler
SDSS J095454.73+025642.9,3848404702828462848,BlueStraggler
SDSS J083026.95+241010.3,678458357203676928,BlueStraggler
SDSS J100319.99+063821.9,3874283603068651520,BlueStraggler
SDSS J100600.40+525354.1,851557225839159552,BlueStraggler
UCAC4 503-019160,3341832143700766592,BlueStraggler
Gaia DR2 513594530018137344,513594530018137344,BlueStraggler
SDSS J155327.99+385825.8,1376666417142840576,BlueStraggler
Gaia DR2 3326781341344510976,3326781341344510976,BlueStraggler
SDSS J094330.78+231659.7,641525280590294912,BlueStraggler
SDSS J074737.48+402558.2,920807246999737984,BlueStraggler
SDSS J085041.88+343711.7,716341686741030784,BlueStraggler
Gaia DR2 2929395092929076736,2929395092929076736,BlueStraggler
SDSS J023446.50+263816.0,127367564400923136,BlueStraggler
SDSS J074620.80+424126.5,924282910630113536,BlueStraggler
SDSS J012846.90+071351.4,2566128747589737472,BlueStraggler
Gaia DR2 2171680776498603136,2171680776498603136,BlueStraggler
SDSS J081235.99+000349.9,3083478384691450496,BlueStraggler
SDSS J145335.42+000247.7,3651062878406707584,BlueStraggler
SDSS J082655.69+413544.2,914776047764116992,BlueStraggler
SDSS J052647.38+620847.9,286371484243104768,BlueStraggler
SDSS J142255.20+024542.7,3666764282408542592,BlueStraggler
SDSS J165622.00+253856.0,1306197381185992064,BlueStraggler
SDSS J215306.20+122555.9,1766251183892384256,BlueStraggler
2MASS J12374682-6820205,5856528726676132096,BlueStraggler
SDSS J143313.98-001306.8,3653194629589369856,BlueStraggler
Gaia DR2 3326783368568993664,3326783368568993664,BlueStraggler
SDSS J083748.37+111943.2,601683484622106880,BlueStraggler
Gaia DR2 2929389114334652288,2929389114334652288,BlueStraggler
SDSS J164234.59+245434.2,1300238199962176768,BlueStraggler
SDSS J094840.23+002818.1,3834187776962685440,BlueStraggler
SDSS J022734.34-081932.7,5176563553171454208,BlueStraggler
Gaia DR2 3112868089988271488,3112868089988271488,BlueStraggler
CRTS J165910.4+231128,4571511620192837376,BlueStraggler
SDSS J104035.34+590848.7,855470039829293568,BlueStraggler
SDSS J142823.53+484109.6,1507456520722657280,BlueStraggler
[RFD2012] BSS58,6853744438268397312,BlueStraggler
Gaia DR2 3326392801422925696,3326392801422925696,BlueStraggler
SDSS J202202.08+135927.9,1804881184908938368,BlueStraggler
Gaia DR2 3426177810971222784,3426177810971222784,BlueStraggler
Gaia DR2 5507238449709052544,5507238449709052544,BlueStraggler
SDSS J125739.98+051531.5,3705941427894090496,BlueStraggler
2MASS J00451685-0044148,2530912180426111872,BlueStraggler
Gaia DR2 5408858925275183360,5408858925275183360,BlueStraggler
SDSS J081124.83+202952.1,675846849585348096,BlueStraggler
CHSS  989,2535160285334402432,BlueStraggler
Gaia DR2 3129708862912681472,3129708862912681472,BlueStraggler
SDSS J091830.90+224502.6,638869788210669952,BlueStraggler
SDSS J031745.88+422957.8,239729960476224256,BlueStraggler
Cl* NGC 2194    PCA    1324,3344069546784560512,BlueStraggler
SDSS J015435.27-004414.2,2506156435608575744,BlueStraggler
SDSS J024349.90-003848.9,2498426422188793600,BlueStraggler
SDSS J133610.93+125936.5,3739094933286753024,BlueStraggler
SDSS J204636.05+164511.4,1811167887451972480,BlueStraggler
SDSS J130303.65+601326.5,1579212092660763776,BlueStraggler
SDSS J162613.25+302206.4,1318135908503222528,BlueStraggler
SDSS J155718.68+082237.6,4454291444308104192,BlueStraggler
HE 2153-0031,2680190984343758720,BlueStraggler
SDSS J134216.51-010734.0,3661659559157625984,BlueStraggler
Gaia DR2 205115028036560896,205115028036560896,BlueStraggler
SDSS J031241.21+404855.6,239151823517364224,BlueStraggler
SDSS J100309.66+040506.3,3848931746854885248,BlueStraggler
SDSS J152736.24-012606.0,4414643123729784704,BlueStraggler
SDSS J083501.17+132211.7,603309039547917824,BlueStraggler
SDSS J203922.95+771028.6,2290652126501839744,BlueStraggler
SDSS J093757.37+045706.7,3851490383427479168,BlueStraggler
SDSS J195020.79+771957.4,2291282176728098432,BlueStraggler
Gaia DR3 4079363064479389824,4079363064479389824,BlueStraggler
SDSS J183139.71+205324.6,4525897693128654592,BlueStraggler
SDSS J023416.43-081731.0,5177279270816948224,BlueStraggler
Gaia DR2 5246556509205399552,5246556509205399552,BlueStraggler
SDSS J162933.23+222824.8,1298756706826161408,BlueStraggler
SDSS J090236.73+094344.5,591489500002556160,BlueStraggler
SDSS J080317.32+392029.9,921065980125627776,BlueStraggler
SDSS J140744.33-014910.1,3647302411200093312,BlueStraggler
Cl* NGC  188    DGV    1666,573998091072694912,BlueStraggler
Gaia DR2 3323172155769861504,3323172155769861504,BlueStraggler
SDSS J161749.93+212303.5,1202404784897502080,BlueStraggler
SDSS J124540.47+040420.2,3704123041819777152,BlueStraggler
SDSS J225014.26+132108.3,2719953688491815808,BlueStraggler
SDSS J235107.83+002908.0,2642343908626412032,BlueStraggler
SDSS J122550.46+563739.3,1574661836803813632,BlueStraggler
Gaia DR2 2028271165701526528,2028271165701526528,BlueStraggler
SDSS J112506.60-032743.5,3787309961273535104,BlueStraggler
SDSS J124218.38+294220.1,4011185715693018752,BlueStraggler
Gaia DR2 3038046358077125248,3038046358077125248,BlueStraggler
SDSS J025607.61+354114.9,140400488041701760,BlueStraggler
SDSS J020502.47+000546.4,2507195920773794432,BlueStraggler
UCAC4 313-125757,4063692519832018432,BlueStraggler
SDSS J084613.72+032922.9,581276544513880192,BlueStraggler
NGC   188  2127,573939679517550848,BlueStraggler
SDSS J143521.07+495415.8,1603522054232604416,BlueStraggler
Gaia DR2 5339894188749187200,5339894188749187200,BlueStraggler
SDSS J204042.66+005312.8,4231286679193054336,BlueStraggler
SDSS J224512.69+234408.4,1876384040966564480,BlueStraggler
SDSS J135608.72+022340.6,3664579106127078272,BlueStraggler
SDSS J144018.90+394624.0,1488025818094343040,BlueStraggler
TYC  117-339-1,3218833106497814144,BlueStraggler
SDSS J032626.65+044437.9,3275579485722146816,BlueStraggler
SDSS J074122.69+214626.0,673280211488752000,BlueStraggler
SDSS J161949.08+134216.4,4463529545301750528,BlueStraggler
SDSS J104120.50+092342.4,3869148024773746944,BlueStraggler
SDSS J005515.39+150539.4,2778242476371276800,BlueStraggler
SDSS J095527.97+102340.3,3879411652286273536,BlueStraggler
SDSS J085711.08+013544.5,576875921023162368,BlueStraggler
SDSS J233006.78+532533.1,1992559371572739584,BlueStraggler
SDSS J233645.18-004425.3,2641293733286486784,BlueStraggler
UCAC4 163-156009,5835869281220347648,BlueStraggler
Gaia DR2 3446836496287587840,3446836496287587840,BlueStraggler
SDSS J115237.80+560553.0,842038715022349952,BlueStraggler
SDSS J025025.30+341358.6,139837233146651392,BlueStraggler
SDSS J132230.82+255633.1,1447541348986120192,BlueStraggler
SDSS J161616.45+391257.6,1378939730449383296,BlueStraggler
SDSS J091624.64+571233.9,1024563726906695680,BlueStraggler
SDSS J134902.49+505143.7,1558961566674217088,BlueStraggler
Gaia DR2 3115210874387682944,3115210874387682944,BlueStraggler
SDSS J134447.47+410903.3,1500357940511304448,BlueStraggler
SDSS J121606.67+553411.5,1572871694435020032,BlueStraggler
Cl* NGC 2682   SAND    2226,604997206508853632,BlueStraggler
SDSS J100256.41+011739.9,3835197815832091008,BlueStraggler
SDSS J095630.09+541935.0,1020827380236909952,BlueStraggler
SDSS J114517.32+353110.8,4032067507384522880,BlueStraggler
SDSS J212909.44+002408.0,2687984975597164800,BlueStraggler
SDSS J084544.46+122123.5,602060651468848128,BlueStraggler
SDSS J053717.93+614741.2,286160652889685504,BlueStraggler
SDSS J112855.95-033313.9,3787210970868080640,BlueStraggler
SDSS J025159.29+343039.8,139868152616064384,BlueStraggler
Gaia DR2 208558599670803456,208558599670803456,BlueStraggler
HD 180229,4087842738668571008,BlueStraggler
Gaia DR2 2005040580906872064,2005040580906872064,BlueStraggler
SDSS J010743.75-011446.0,2532851375340311424,BlueStraggler
SDSS J031306.16+403804.7,238959988801445248,BlueStraggler
SDSS J074304.24+250213.2,867918542977052544,BlueStraggler
SDSS J161315.65+064128.2,4450226755978725504,BlueStraggler
SDSS J000420.71+002841.6,2546159039449370752,BlueStraggler
Cl Berkeley   21   144,3424171266672521216,BlueStraggler
SDSS J074918.35+344713.2,882562109416901504,BlueStraggler
LAMOST J074636.91+282412.6,875382921259457024,BlueStraggler
SDSS J012023.44+314104.4,310453980051032192,BlueStraggler
Gaia DR2 3341825237393323008,3341825237393323008,BlueStraggler
Gaia DR2 3129710610961526912,3129710610961526912,BlueStraggler
Gaia DR2 5856420729693697408,5856420729693697408,BlueStraggler
SDSS J160907.23+195536.6,1204751417588762112,BlueStraggler
V* HO Mus,5856527558444963200,BlueStraggler
SDSS J234508.46-002519.2,2642645685911974400,BlueStraggler
Gaia DR3 2069070056421403136,2069070056421403136,BlueStraggler
[MLF2014] 25256,6083701675921555200,BlueStraggler
Gaia DR2 2002011460723840256,2002011460723840256,BlueStraggler
SDSS J030332.78+055026.9,6948913487726464,BlueStraggler
SDSS J221751.60-002358.6,2677936435751027328,BlueStraggler
HE 2300-0854,2607151354623464064,BlueStraggler
Case A-F  807,1515954856547802752,BlueStraggler
SDSS J091706.42+023652.3,3845377747317067392,BlueStraggler
SDSS J092033.38+300656.8,698822068464525568,BlueStraggler
SDSS J163813.20+121436.8,4459380675615776640,BlueStraggler
SDSS J074614.72+195647.5,672053740628437376,BlueStraggler
SDSS J085836.01+185843.5,612447664801363712,BlueStraggler
Gaia DR2 2211126580772484224,2211126580772484224,BlueStraggler
SDSS J204139.26-060253.8,6908142737393837568,BlueStraggler
SDSS J080912.04+251012.8,681062795308382208,BlueStraggler
Gaia DR2 2082982658092077952,2082982658092077952,BlueStraggler
SDSS J230452.31-001712.9,2650908069118105344,BlueStraggler
Gaia DR2 3032953488939698432,3032953488939698432,BlueStraggler
Gaia DR2 3056682083734884736,3056682083734884736,BlueStraggler
SDSS J165101.40+334409.1,1314591804570595200,BlueStraggler
SDSS J085704.23+033238.1,578466055354344192,BlueStraggler
CRTS J073157.8+370437,898689337952707840,BlueStraggler
Gaia DR2 2169668842015378432,2169668842015378432,BlueStraggler
SDSS J172459.93+612551.3,1439185644730499968,BlueStraggler
Gaia DR2 208724724707978880,208724724707978880,BlueStraggler
SDSS J061207.98+645235.6,1008473611184774272,BlueStraggler
SDSS J212703.95+113958.2,1745835451988837888,BlueStraggler
SDSS J163144.53+240603.8,1299211939000422400,BlueStraggler
SDSS J111251.36+293013.8,732547491702064000,BlueStraggler
SDSS J000505.60-000359.3,2545986111182407808,BlueStraggler
SDSS J075528.80+154628.0,666779692588571520,BlueStraggler
SDSS J231953.20+533854.8,1995763653395130112,BlueStraggler
SDSS J073834.79+225424.8,867231859308912256,BlueStraggler
SDSS J143713.46+492945.8,1603451307531032704,BlueStraggler
Gaia DR2 3426273159245146240,3426273159245146240,BlueStraggler
[TGM2014] 70011,2051295076569652608,BlueStraggler
Gaia DR2 513600061936134784,513600061936134784,BlueStraggler
SDSS J120714.44+270853.3,4006730116620865664,BlueStraggler
Gaia DR2 3056682702210133632,3056682702210133632,BlueStraggler
SDSS J091708.82+232819.2,687365329101932288,BlueStraggler
SDSS J100723.54+553255.7,1044988907739014784,BlueStraggler
SDSS J161129.95+075050.4,4450639519515283072,BlueStraggler
UCAC4 344-037889,5712164361748668928,BlueStraggler
Gaia DR3 4104702619996910464,4104702619996910464,BlueStraggler
SDSS J122244.04+332606.2,4016681693284152832,BlueStraggler
SDSS J220555.59-005655.7,2677178288123794944,BlueStraggler
SDSS J080534.06+121938.4,650054162224840704,BlueStraggler
SDSS J081140.05+335044.1,902711179688482176,BlueStraggler
[BH2018] J265.210042-53.692417,5921745228061335296,BlueStraggler
[MLF2014] 201398,6083697136132213248,BlueStraggler
Gaia DR3 4252718492989260160,4252718492989260160,BlueStraggler
SDSS J172540.53+260203.2,4570923587630654464,BlueStraggler
SDSS J090256.71-000021.8,3843036440384977536,BlueStraggler
SDSS J150143.19+441149.9,1585738965481797504,BlueStraggler
SDSS J115651.49-023043.3,3601927082446499456,BlueStraggler
Gaia DR2 212898956180709376,212898956180709376,BlueStraggler
Gaia DR2 5623333305507291392,5623333305507291392,BlueStraggler
SDSS J082711.13+173812.3,662089107264725504,BlueStraggler
SDSS J132424.36+033330.1,3712654839735305472,BlueStraggler
SDSS J020325.39-002841.2,2506785768577034496,BlueStraggler
SDSS J150913.30+550351.1,1600381200484313728,BlueStraggler
SDSS J083446.87+330847.4,710703704647455744,BlueStraggler
SDSS J161733.87+072456.1,4450329044920263424,BlueStraggler
[MLF2014] 102431,6083514823362905984,BlueStraggler
SDSS J150517.46-004719.7,4419188028057889792,BlueStraggler
SDSS J030451.06+010644.9,185954904271872,BlueStraggler
SDSS J001441.74-090702.1,2428513597379611008,BlueStraggler
2MASS J07381867+3746593,896073737229428352,BlueStraggler
SDSS J224540.70+003459.6,2653690039695037568,BlueStraggler
SDSS J141604.20+495157.4,1508534767968487808,BlueStraggler
SDSS J033021.36-002823.3,3264130133702762624,BlueStraggler
Gaia DR2 3446530763334996224,3446530763334996224,BlueStraggler
SDSS J030920.07+412850.8,239973399222029824,BlueStraggler
SDSS J031310.77+422000.5,240417052163758720,BlueStraggler
SDSS J101426.72+040657.0,3860753902035415168,BlueStraggler
Gaia DR2 3056681121662156672,3056681121662156672,BlueStraggler
Gaia DR2 3423119858678903552,3423119858678903552,BlueStraggler
SDSS J122539.33+341842.4,4016847994417746304,BlueStraggler
SDSS J103644.07+365543.0,751894635743350272,BlueStraggler
Gaia DR2 5313308135008302592,5313308135008302592,BlueStraggler
Gaia DR2 424322603984441216,424322603984441216,BlueStraggler
Gaia DR3 5959757127429501440,5959757127429501440,BlueStraggler
SDSS J155529.98+323142.7,1321796766827545472,BlueStraggler
SDSS J152917.78+375842.7,1387728504847036672,BlueStraggler
Cl* NGC 2682   SAND    1284,604918213472162432,BlueStraggler
SDSS J023622.18+005253.6,2501878373304278272,BlueStraggler
Gaia DR2 5527384968766172032,5527384968766172032,BlueStraggler
SDSS J101441.81+255311.0,727127895809749120,BlueStraggler
SDSS J012044.31+400354.0,371761270947131392,BlueStraggler
SDSS J160533.31+315751.5,1322317213784554880,BlueStraggler
[TGB2011] J165828.3062-524459.495,5935990947436179840,BlueStraggler
Gaia DR2 3035402101335155840,3035402101335155840,BlueStraggler
PHL  4260,5177525801939886464,BlueStraggler
TYC 3160-1680-1,2068469551270545664,BlueStraggler
SDSS J080829.40+460908.0,929722705753152000,BlueStraggler
SDSS J030644.91-073127.5,5179819207101448576,BlueStraggler
SDSS J154904.87+491735.1,1403173035444668544,BlueStraggler
SDSS J152745.84+421547.6,1390933027190675328,BlueStraggler
SDSS J004858.14-004340.4,2536728287699816192,BlueStraggler
NGC   188  3074,573939404639640704,BlueStraggler
SDSS J070440.45+650013.5,1101506352324413952,BlueStraggler
SDSS J133521.09+131836.5,3741366769123684608,BlueStraggler
SDSS J143759.85+003850.2,3654731639470790016,BlueStraggler
Gaia DR2 5252334477175040384,5252334477175040384,BlueStraggler
SDSS J171223.37+293148.6,1309003575377692544,BlueStraggler
SDSS J092317.48+390817.7,812353000583697664,BlueStraggler
SDSS J221006.45+221824.2,1782143597975636096,BlueStraggler
SDSS J204904.80-062642.9,6913133661190552704,BlueStraggler
Gaia DR2 5507234395259864448,5507234395259864448,BlueStraggler
SDSS J085804.88+142752.0,608745815309644672,BlueStraggler
SDSS J120306.55+270520.9,4006825361815022592,BlueStraggler
SDSS J103239.49+494631.6,835187314471949952,BlueStraggler
SDSS J021350.93+074338.8,2521530807915942656,BlueStraggler
SDSS J234047.18+005402.3,2646019571701646208,BlueStraggler
NGC  6939   168,2194724959662728064,BlueStraggler
SDSS J163753.48+232815.3,1299681121226866304,BlueStraggler
SDSS J143834.22+023753.9,3656370976947533824,BlueStraggler
SDSS J074323.80+272244.6,875193152423987968,BlueStraggler
Gaia DR2 3157249155285881472,3157249155285881472,BlueStraggler
SDSS J143333.45+041000.8,3668794461909577728,BlueStraggler
PB  1289,1498380640647435264,BlueStraggler
SDSS J151225.28+370604.7,1292189426952209280,BlueStraggler
UCAC4 652-075191,2076492550188673024,BlueStraggler
SDSS J091550.79+301255.9,698967998569332096,BlueStraggler
SDSS J075754.37+112016.1,3150865287695378944,BlueStraggler
SDSS J150313.76+382429.2,1295646188431569920,BlueStraggler
Gaia DR2 3032947338546947072,3032947338546947072,BlueStraggler
SDSS J172056.15+583210.8,1433986642654305152,BlueStraggler
Gaia DR2 2051095373473016192,2051095373473016192,BlueStraggler
SDSS J021135.42+003005.3,2507282958286324480,BlueStraggler
Gaia DR2 433019259915364992,433019259915364992,BlueStraggler
SDSS J162108.85+361051.0,1329542933620854016,BlueStraggler
TYC 1872-575-1,3430152678646403968,BlueStraggler
Gaia DR2 208531902154236160,208531902154236160,BlueStraggler
SDSS J163835.76+302142.0,1311934392341200512,BlueStraggler
SDSS J133725.71-001114.5,3662765908373465216,BlueStraggler
SDSS J160540.37+362429.3,1378192882880357504,BlueStraggler
SDSS J172132.54+632255.7,1440397718862069504,BlueStraggler
SDSS J031234.80+410134.5,239168762868298880,BlueStraggler
UCAC4 163-156044,5835869934054953088,BlueStraggler
SDSS J121137.23+004321.5,3699252312683895808,BlueStraggler
SDSS J022043.72+005304.5,2501166027208583680,BlueStraggler
SDSS J161948.28+210420.7,1202333007403623040,BlueStraggler
Gaia DR2 2929387568146487040,2929387568146487040,BlueStraggler
[LMD2013] BSS16,6638377353363007232,BlueStraggler
SDSS J160347.73+374431.6,1379265735646718464,BlueStraggler
SDSS J095032.27+191912.4,627263377827736960,BlueStraggler
SDSS J232015.95+524000.4,1992591978962428544,BlueStraggler
2QZ J131157.3-015315,3685007211832805120,BlueStraggler
SDSS J123316.17+150622.2,3933414234603775616,BlueStraggler
SDSS J143411.75+002517.4,3653260458553179904,BlueStraggler
SDSS J111735.13+303822.7,756651088685810688,BlueStraggler
SDSS J023239.65+254144.2,102437997962364800,BlueStraggler
SDSS J011855.48+391558.5,371577072685222144,BlueStraggler
SDSS J080604.86+112845.8,3147926567991987456,BlueStraggler
Gaia DR2 3038041960030564864,3038041960030564864,BlueStraggler
Gaia DR2 2227550668851040896,2227550668851040896,BlueStraggler
[CWH2004] CSA94-031,2498205390287307520,BlueStraggler
SDSS J092332.90+435345.6,817852757745636352,BlueStraggler
MGC 54999,3660501708989756800,BlueStraggler
Gaia DR2 2922222806776944640,2922222806776944640,BlueStraggler
TYC 9012-1581-1,5864259285524302464,BlueStraggler
SDSS J153550.10+305208.1,1274020237822350464,BlueStraggler
SDSS J100404.96+412153.6,806867507010280832,BlueStraggler
SDSS J125559.12+110247.9,3735603227954139008,BlueStraggler
SDSS J113337.18+274612.9,4018796878778253184,BlueStraggler
SDSS J204133.86-061043.5,6908136419497200896,BlueStraggler
SDSS J015712.78+000222.8,2507710767093589504,BlueStraggler
SDSS J021236.66+055656.7,2520102881613559680,BlueStraggler
SDSS J090114.43+010223.5,576676909417969536,BlueStraggler
NGC   188  2082,573943218570566528,BlueStraggler
SDSS J163630.11+352828.7,1327652598254739584,BlueStraggler
NGC  7789   316,1995012897413751936,BlueStraggler
SDSS J145230.99+003816.2,3651244851876119808,BlueStraggler
SDSS J164213.22+245455.7,1300988719727368192,BlueStraggler
Gaia DR2 424323291174262400,424323291174262400,BlueStraggler
SDSS J052801.28+615151.8,286313622443939968,BlueStraggler
SDSS J095041.92+443141.6,820507219333796992,BlueStraggler
ATO J110.4839+03.5771,3139207372065261440,BlueStraggler
SDSS J113044.43+612111.8,862503035892423680,BlueStraggler
SDSS J013509.52-002439.1,2509742836380398720,BlueStraggler
SDSS J090941.08+432726.2,817178830133422464,BlueStraggler
SDSS J132735.08+483741.2,1553250050444733696,BlueStraggler
SDSS J232247.93+522341.2,1992399770587024768,BlueStraggler
IC 4651   34,5949553522087135616,BlueStraggler
Gaia DR2 205112420993527168,205112420993527168,BlueStraggler
SDSS J234135.15-002601.0,2642589232861980544,BlueStraggler
UCAC4 262-024894,5541089457798533760,BlueStraggler
Gaia DR2 511081733634045824,511081733634045824,BlueStraggler
SDSS J125209.52+141713.2,3930729506382320640,BlueStraggler
SDSS J073757.69+264850.6,872156606249366272,BlueStraggler
SDSS J165552.69+265202.3,1306898418630703616,BlueStraggler
SDSS J031636.83+405214.1,239286410612821632,BlueStraggler
CRTS J235227.0+395515,1920942024560908928,BlueStraggler
2MASS J19412121+4009227,2076299001786810624,BlueStraggler
SDSS J084048.66+060917.6,594724705592755968,BlueStraggler
SDSS J093217.12+035720.4,3851071533921680768,BlueStraggler
SDSS J104907.72+074830.1,3865684387052203392,BlueStraggler
SDSS J122222.12+371233.9,1531646433664660480,BlueStraggler
SDSS J112912.21+635239.9,863965317637777152,BlueStraggler
Gaia DR2 157204805285086464,157204805285086464,BlueStraggler
Gaia DR2 3032999221753164672,3032999221753164672,BlueStraggler
SDSS J092540.96+265751.8,694413645312365568,BlueStraggler
SDSS J090423.59+100103.2,591593330837072384,BlueStraggler
Gaia DR2 433019191193439360,433019191193439360,BlueStraggler
Gaia DR2 205115307211502720,205115307211502720,BlueStraggler
SDSS J171651.22+412349.9,1348006478333716096,BlueStraggler
Gaia DR2 2056377912668560128,2056377912668560128,BlueStraggler
UCAC4 337-025387,5618180478632174080,BlueStraggler
SDSS J121825.42-011258.8,3695006754692128512,BlueStraggler
SDSS J124931.86-025121.5,3682355082412379648,BlueStraggler
SDSS J124133.95+334532.7,1515198216453791360,BlueStraggler
Gaia DR3 5965110550783490560,5965110550783490560,BlueStraggler
UCAC4 452-012653,3218831770763610240,BlueStraggler
[MLF2014] 55728,6083698721009312640,BlueStraggler
SDSS J153910.43+310804.3,1273385514671455872,BlueStraggler
SDSS J163056.36+262501.6,1304255020879874432,BlueStraggler
UCAC4 571-024585,3426177364294644608,BlueStraggler
Gaia DR2 3032953145342302464,3032953145342302464,BlueStraggler
SDSS J081728.21+423036.2,915777393619478144,BlueStraggler
SDSS J232702.20+541108.4,1995839661434280448,BlueStraggler
SDSS J031841.15+004348.6,3266159110613581184,BlueStraggler
MGC 28142,3698977980237351936,BlueStraggler
Gaia DR2 194986880973088640,194986880973088640,BlueStraggler
Gaia DR2 2217942590791993984,2217942590791993984,BlueStraggler
Gaia DR2 2893942783590846080,2893942783590846080,BlueStraggler
SDSS J082512.88+065128.3,3093960196541761920,BlueStraggler
SDSS J020345.87+230041.8,103714771480070784,BlueStraggler
Gaia DR2 2217942586493241728,2217942586493241728,BlueStraggler
SDSS J124805.11+010113.5,3702128600742272384,BlueStraggler
SDSS J032223.64+052114.0,9042211828472576,BlueStraggler
SDSS J090149.51+235310.7,686703633556333184,BlueStraggler
SDSS J143550.07-003135.9,3650124891908622848,BlueStraggler
SDSS J160713.45+514009.2,1403696192525046656,BlueStraggler
SDSS J151755.19-015726.1,4415115814945867520,BlueStraggler
SDSS J081132.93+062714.4,3097394765926050560,BlueStraggler
SDSS J035258.39-054228.5,3245250728780094336,BlueStraggler
SDSS J094610.32+183049.2,621367830838815104,BlueStraggler
NGC  2682   130,604917285757665920,BlueStraggler
SDSS J162408.85+125802.4,4460238118586951680,BlueStraggler
Gaia DR3 5933307967270351616,5933307967270351616,BlueStraggler
Cl Berkeley   21   183,3424170171457743616,BlueStraggler
SDSS J083754.86+391940.0,911446662131128448,BlueStraggler
SDSS J090424.78+284745.3,693197108711672448,BlueStraggler
SDSS J025439.48+340611.9,136792273132382208,BlueStraggler
SDSS J172504.11+533950.9,1416339545452452608,BlueStraggler
SDSS J025806.21+350839.3,137321511887216640,BlueStraggler
Gaia DR2 5246556440485936384,5246556440485936384,BlueStraggler
SDSS J021506.37-090047.4,2486021869443009792,BlueStraggler
Gaia DR2 3326838206710971136,3326838206710971136,BlueStraggler
SDSS J081124.78+282426.3,684291786081591808,BlueStraggler
Gaia DR2 5693817257895191424,5693817257895191424,BlueStraggler
SDSS J105745.53+041443.6,3815758312814271360,BlueStraggler
SDSS J141428.92+584417.7,1659758294422389504,BlueStraggler
Gaia DR2 3326766665438019968,3326766665438019968,BlueStraggler
PHL  5858,2645528433601705984,BlueStraggler
SDSS J224118.81+134042.1,2731883664530054272,BlueStraggler
SDSS J080002.56+191858.7,670124613117314048,BlueStraggler
SDSS J162030.61+063157.4,4438205181175800448,BlueStraggler
Gaia DR2 424413107529170944,424413107529170944,BlueStraggler
SDSS J134601.72-023414.1,3658180536864239488,BlueStraggler
SDSS J020338.94+003051.7,2507976264791922560,BlueStraggler
SDSS J130128.88-010646.8,3688640131394802432,BlueStraggler
COSMOS J095833.48+021811.2,3836302275262303744,BlueStraggler
PB  3007,4022473306359035776,BlueStraggler
SDSS J122505.50+300923.3,4011973412695418496,BlueStraggler
SDSS J105401.05+071044.7,3865017876847366528,BlueStraggler
SDSS J083605.85+214710.4,665584416072062976,BlueStraggler
SDSS J083826.78+144855.5,657538469154030464,BlueStraggler
SDSS J115947.15+475243.0,774601028326553984,BlueStraggler
SDSS J081711.79+070707.4,3097149261297809536,BlueStraggler
SDSS J150040.34-004741.7,6340944683359205120,BlueStraggler
SDSS J102022.82+201402.2,625501547883034624,BlueStraggler
SDSS J125743.22+140802.7,3929882916788682368,BlueStraggler
SDSS J102939.46+205656.4,721004612475735296,BlueStraggler
SDSS J073802.96+423733.6,925018483909546880,BlueStraggler
HD 145304,5932576208005295872,BlueStraggler
Gaia DR2 2051104139505809536,2051104139505809536,BlueStraggler
PB  9268,5174102300687980800,BlueStraggler
Gaia DR2 3035402097036254080,3035402097036254080,BlueStraggler
SDSS J074623.09+205546.6,674419988434480512,BlueStraggler
SDSS J025256.42+335453.2,139787823843113216,BlueStraggler
SDSS J171101.44+221112.5,4568016921266012672,BlueStraggler
SDSS J164136.51+244427.3,1300979648756433408,BlueStraggler
SDSS J074305.87+222631.0,674826743312660608,BlueStraggler
MGC 51462,3662237803490132608,BlueStraggler
Gaia DR2 5406951994152688256,5406951994152688256,BlueStraggler
SDSS J204213.14-011158.4,4226255069170435200,BlueStraggler
SDSS J101157.90+433919.2,808637647714357632,BlueStraggler
2QZ J134526.8-001755,3662282638653222784,BlueStraggler
Gaia DR2 2929385781434416256,2929385781434416256,BlueStraggler
SDSS J081406.07+265919.2,682846920426970752,BlueStraggler
SDSS J161015.60+271912.6,1316001378476740864,BlueStraggler
SDSS J013425.66-001824.4,2509759638291900032,BlueStraggler
HD  55388,3108184204820078592,BlueStraggler
SDSS J145532.26+415542.9,1489241701859408640,BlueStraggler
SDSS J080050.69+210534.3,670887085775448576,BlueStraggler
SDSS J020611.26+214459.3,100508419479726592,BlueStraggler
SDSS J144611.87+435613.7,1490531978754506752,BlueStraggler
Gaia DR2 424418398934484480,424418398934484480,BlueStraggler
Gaia DR2 3129420687787399936,3129420687787399936,BlueStraggler
ATO J121.1452+25.2176,681786205240074112,BlueStraggler
SDSS J092019.20+014344.5,3844333795385829888,BlueStraggler
SDSS J161219.12+162338.9,1198607346613442304,BlueStraggler
SDSS J203235.57+145118.1,1804692721742307072,BlueStraggler
Gaia DR2 2932568764518342272,2932568764518342272,BlueStraggler
SDSS J085722.69+430144.0,1009102329973502208,BlueStraggler
SDSS J153802.20+350626.7,1374259483110450048,BlueStraggler
Cl* NGC 5139    BPB   99931,6083698171253395328,BlueStraggler
SDSS J120310.36-014858.4,3601705840090653824,BlueStraggler
[TGM2014] 8002,2051292980625565824,BlueStraggler
LAMOST J065746.29+063138.7,3129903820068656384,BlueStraggler
SDSS J073751.69+383009.4,899204076896840064,BlueStraggler
Gaia DR3 2033483709807677568,2033483709807677568,BlueStraggler
SDSS J095129.43+020005.4,3846752038067615744,BlueStraggler
SDSS J093801.60+030006.5,3847718985529902720,BlueStraggler
SDSS J025653.69+344311.2,137214863554957696,BlueStraggler
SDSS J025221.97+343208.4,139868466148891648,BlueStraggler
SDSS J130809.44+575531.9,1566542763771322880,BlueStraggler
SDSS J102833.48+074305.2,3863604145412172416,BlueStraggler
SDSS J161930.82+154942.2,4464993231498720000,BlueStraggler
SDSS J173402.49+574719.8,1422412594849020928,BlueStraggler
SDSS J191849.43+780249.1,2293067027696615808,BlueStraggler
SDSS J145944.58+603013.7,1619045204207238144,BlueStraggler
SDSS J012921.22+393033.4,323782225643360768,BlueStraggler
SDSS J025050.53+350202.5,140084898141614976,BlueStraggler
SDSS J052423.13+622830.7,287135503089462912,BlueStraggler
HD 174269,4098463162008291968,BlueStraggler
SDSS J093957.05+425611.1,814010273844611840,BlueStraggler
Gaia DR2 2217992721650549504,2217992721650549504,BlueStraggler
SDSS J025148.96+352836.2,140485738849686016,BlueStraggler
SDSS J125154.51+131416.9,3929763001301961216,BlueStraggler
SDSS J091256.21+301844.8,699030292774950912,BlueStraggler
SDSS J163254.42+222147.3,1298001342337761920,BlueStraggler
SDSS J074212.19+231113.4,867160356694341888,BlueStraggler
SDSS J162144.23+321458.3,1325469071241599104,BlueStraggler
SDSS J084746.39+540545.7,1029943057482100352,BlueStraggler
SDSS J144048.87+421011.4,1489963428164244352,BlueStraggler
Gaia DR2 2217942865669886592,2217942865669886592,BlueStraggler
Gaia DR2 508777603940339072,508777603940339072,BlueStraggler
SDSS J163025.91+234944.5,1299178133314353536,BlueStraggler
SDSS J033732.75+001011.7,3263770043645065600,BlueStraggler
SDSS J150749.47+323646.2,1288765345882094464,BlueStraggler
TYC 7646-2570-1,5538871193090201088,BlueStraggler
SDSS J012514.16+393751.7,323622659018323584,BlueStraggler
SDSS J001317.15-011501.3,2544755409777156608,BlueStraggler
SDSS J163102.86+154558.9,4465551993861218304,BlueStraggler
SDSS J080514.72+274458.5,875987205978376704,BlueStraggler
SDSS J134808.54-012623.8,3658964724877650048,BlueStraggler
Gaia DR2 5338549756575013504,5338549756575013504,BlueStraggler
SDSS J113938.32+004558.3,3798944649721262592,BlueStraggler
SDSS J103446.77+362419.7,751481597328693120,BlueStraggler
SDSS J134238.41+662351.1,1672192022881064960,BlueStraggler
SDSS J141137.24+585928.2,1659803447413675264,BlueStraggler
2QZ J115535.5-013235,3602245803379751552,BlueStraggler
SDSS J083434.85+035048.3,3080294817491217280,BlueStraggler
SDSS J093449.98+532248.5,1021265230678960128,BlueStraggler
UCAC4 571-024189,3426181659261344000,BlueStraggler
SDSS J145717.25+434405.8,1585661694725883648,BlueStraggler
SDSS J145537.59+412122.5,1489072789385245696,BlueStraggler
SDSS J013956.51-082042.5,2465501134178386048,BlueStraggler
SDSS J085450.99+275856.9,692908860570527616,BlueStraggler
CRTS J074449.4+290709,878465711345150336,BlueStraggler
SDSS J124130.31+042554.2,3707185525300652288,BlueStraggler
Gaia DR2 3032949915527170816,3032949915527170816,BlueStraggler
Case A-F  257,909999528735392256,BlueStraggler
SDSS J160355.69+374231.3,1378514833628253312,BlueStraggler
Gaia DR2 204413165956022656,204413165956022656,BlueStraggler
Gaia DR2 559354035002944384,559354035002944384,BlueStraggler
SDSS J141818.01-021716.1,3646569277462617216,BlueStraggler
SDSS J031124.88+405937.9,239171374208464384,BlueStraggler
2QZ J144230.6+013347,3655259061454488832,BlueStraggler
SDSS J032942.87+052250.1,3275714725651960832,BlueStraggler
Gaia DR2 250925909425813504,250925909425813504,BlueStraggler
SDSS J120310.72+652057.7,1585106093460279424,BlueStraggler
SDSS J170757.83+331930.1,1334686139778295680,BlueStraggler
Gaia DR3 5884458104393355264,5884458104393355264,BlueStraggler
SDSS J161545.03+325746.1,1322620782074016896,BlueStraggler
SDSS J144507.91+030653.6,3655720620115373440,BlueStraggler
SDSS J143421.78+032339.6,3656672414932790912,BlueStraggler
SDSS J002330.69+142209.4,2780205074563148928,BlueStraggler
SDSS J171353.38+312137.0,1333395824227264896,BlueStraggler
SBSS 1531+525,1596117912866710912,BlueStraggler
SDSS J095056.48+083655.4,3878732501992736384,BlueStraggler
SDSS J160151.62+062453.4,4450710884692227072,BlueStraggler
SDSS J074155.28+421013.0,924938322640077184,BlueStraggler
Gaia DR2 6054058533241402368,6054058533241402368,BlueStraggler
SDSS J231730.87+523606.0,1992637024580542336,BlueStraggler
Gaia DR2 1969808380056279168,1969808380056279168,BlueStraggler
SDSS J233838.41+430643.2,1925598048285325568,BlueStraggler
Case A-F  550,753657943156737408,BlueStraggler
SDSS J152839.56+475051.2,1402054522881689344,BlueStraggler
SDSS J191250.97+384548.0,2099663963168690944,BlueStraggler
SDSS J081854.67+053934.7,3096376927395384960,BlueStraggler
SDSS J021819.17-005510.9,2494691278110277888,BlueStraggler
SDSS J094254.22+363234.9,799485179782208000,BlueStraggler
Gaia DR2 511345307182245120,511345307182245120,BlueStraggler
SDSS J101147.56+050726.8,3861203606586334464,BlueStraggler
SDSS J093626.25+022856.0,3847588555963076608,BlueStraggler
SDSS J093000.31+531458.9,1019940383591136128,BlueStraggler
SDSS J100412.20+184105.1,623604718526182400,BlueStraggler
SDSS J103549.75+562051.0,853871113701081600,BlueStraggler
SDSS J030421.23+004405.4,3266757966493218432,BlueStraggler
PB  1622,1485333560794222848,BlueStraggler
[SP2014] NGC3201 BSS26,5413575074238460032,BlueStraggler
SDSS J144025.45-012404.0,3649772704590468480,BlueStraggler
SDSS J130117.04+143203.1,3930286295821080832,BlueStraggler
SDSS J100520.63+342649.6,747430721613857152,BlueStraggler
SDSS J095649.00+613435.4,1051147242302729600,BlueStraggler
SDSS J235452.71-004519.8,2641953375840236672,BlueStraggler
SDSS J084926.98+085414.6,597202459341731968,BlueStraggler
SDSS J090719.07+373914.8,718923069462064768,BlueStraggler
Gaia DR2 6056516044804319104,6056516044804319104,BlueStraggler
Gaia DR2 5856437742090215680,5856437742090215680,BlueStraggler
SDSS J112511.34+303405.7,4023477946454154240,BlueStraggler
TYC 8635-731-1,5343855106334040704,BlueStraggler
SDSS J204028.45+003950.5,4231273244535210624,BlueStraggler
Gaia DR2 1969806421551169664,1969806421551169664,BlueStraggler
Gaia DR2 3446835946531570304,3446835946531570304,BlueStraggler
SDSS J123723.04+010404.1,3697074244573074176,BlueStraggler
SDSS J082612.53+322417.2,709290316809728512,BlueStraggler
Gaia DR2 3056682874008981888,3056682874008981888,BlueStraggler
SDSS J100317.75+505048.4,827090717003414784,BlueStraggler
SDSS J221034.27+001234.3,2678910195031647232,BlueStraggler
SDSS J021210.50-005412.3,2494827037731633920,BlueStraggler
LS III +64    4,2206443451510865408,BlueStraggler
SDSS J162340.14+280205.2,1305426486095520000,BlueStraggler
Ton  447,793031080886714880,BlueStraggler
SDSS J012124.62+403959.8,371819991739762048,BlueStraggler
SDSS J125602.62+010547.0,3690276651373602176,BlueStraggler
SDSS J022833.87-083342.3,5176497445034765952,BlueStraggler
CRTS J083343.6+243915,678580785248130816,BlueStraggler
UCAC4 263-026147,5541112066506088064,BlueStraggler
SDSS J121037.08-021143.9,3697473131071473280,BlueStraggler
Gaia DR2 5329369903942514176,5329369903942514176,BlueStraggler
2MASS J02172779-0101084,2494683684607674880,BlueStraggler
Cl* Berkeley   32     KM     102,3129899422022149760,BlueStraggler
SDSS J100256.78+200239.4,627040520564347392,BlueStraggler
SDSS J093242.11+434912.3,814989835625376640,BlueStraggler
SDSS J163745.09+322626.4,1324783212207881216,BlueStraggler
SDSS J135402.32-013059.5,3658775647532847744,BlueStraggler
SDSS J123244.50+005557.0,3697021742893130368,BlueStraggler
SDSS J104958.19+020336.5,3809073694433628416,BlueStraggler
SDSS J014727.71+010036.4,2509613094008545024,BlueStraggler
SDSS J091503.24+360425.4,714783236385116800,BlueStraggler
Gaia DR2 4313107764753246720,4313107764753246720,BlueStraggler
SDSS J145344.84+022759.1,1154380384739348608,BlueStraggler
Gaia DR2 205116578521776256,205116578521776256,BlueStraggler
Gaia DR2 5856527455365740032,5856527455365740032,BlueStraggler
SDSS J100703.60+260413.7,739017327358199808,BlueStraggler
SDSS J091520.41+451220.6,818919799421201664,BlueStraggler
2MASS J10434758+6156293,1048963543490186240,BlueStraggler
[MLF2014] 178463,6083704837024984320,BlueStraggler
SDSS J085112.12+264727.5,692715964999522944,BlueStraggler
SDSS J113841.70+334930.3,4025771836947188352,BlueStraggler
Gaia DR2 2893941924597399936,2893941924597399936,BlueStraggler
SDSS J124209.92+540553.5,1570799252456444800,BlueStraggler
Gaia DR2 5405855540550016768,5405855540550016768,BlueStraggler
SDSS J080212.47+123457.2,653100462269915136,BlueStraggler
Gaia DR2 6056526112167919232,6056526112167919232,BlueStraggler
SDSS J155850.57+054634.5,4426644190067401344,BlueStraggler
Gaia DR2 5507045829014857344,5507045829014857344,BlueStraggler
Gaia DR2 3326865449688289920,3326865449688289920,BlueStraggler
SDSS J074623.25+325659.9,882007371441650176,BlueStraggler
SDSS J121646.48+044945.6,3894347418237601536,BlueStraggler
PB   886,1497317619061689344,BlueStraggler
SDSS J073243.83+355630.1,895485288053827072,BlueStraggler
ATO J115.3594-09.6376,3040491568858281088,BlueStraggler
SDSS J133544.25+054058.0,3714886161144641920,BlueStraggler
SDSS J075915.14+115111.5,3151046840255184896,BlueStraggler
SDSS J084519.00+331452.3,710151303134604544,BlueStraggler
SDSS J165901.73+371354.0,1339634521922369792,BlueStraggler
SDSS J161032.41+145421.9,4464609089624615552,BlueStraggler
SDSS J144555.04-024259.8,3648628048561612800,BlueStraggler
Gaia DR2 3341820049072865152,3341820049072865152,BlueStraggler
Cl* NGC 6218    VMC V22,4379076503852864000,BlueStraggler
Gaia DR2 194972548663089536,194972548663089536,BlueStraggler
SDSS J092611.91+074348.6,586542140058847232,BlueStraggler
Gaia DR2 194985369144632064,194985369144632064,BlueStraggler
PB  2519,756781277734781568,BlueStraggler
SDSS J134053.74-014237.9,3661536448215647872,BlueStraggler
SDSS J164559.27+351443.2,1326997701641163648,BlueStraggler
Gaia DR3 5835963736149955200,5835963736149955200,BlueStraggler
SDSS J092833.55+521333.8,1019611530831056256,BlueStraggler
SDSS J165550.15+345635.3,1338788001048523264,BlueStraggler
SDSS J135615.48+030503.1,3664764893527943808,BlueStraggler
Gaia DR2 3140075299057456128,3140075299057456128,BlueStraggler
SDSS J131404.01+141307.0,3743735765708998528,BlueStraggler
SDSS J172834.90+264424.1,4595083740743330176,BlueStraggler
SDSS J160154.49+291642.3,1320152485844169344,BlueStraggler
SDSS J113649.04-010515.0,3794053545260263680,BlueStraggler
Gaia DR3 446882143038966912,446882143038966912,BlueStraggler
SDSS J155437.64+292127.9,1320068884308474112,BlueStraggler
CRTS J080030.8+292412,877127399535874432,BlueStraggler
SDSS J164213.03+231609.8,1299519669114034432,BlueStraggler
SDSS J202822.28+133413.0,1803962130625856512,BlueStraggler
SDSS J075414.28+222514.3,674262281531274752,BlueStraggler
SDSS J115033.27+632101.5,863232248324265088,BlueStraggler
Gaia DR2 5507234086022206208,5507234086022206208,BlueStraggler
[KSK94] RR  7  57,911573552644885248,BlueStraggler
Gaia DR2 213087659864521856,213087659864521856,BlueStraggler
SDSS J164323.31+362054.0,1328044608517690624,BlueStraggler
SDSS J224850.23+222724.5,2836413960105133568,BlueStraggler
2MASS J16592079-5236436,5935952224007140608,BlueStraggler
Gaia DR2 194972621681726848,194972621681726848,BlueStraggler
Gaia DR2 5856515669974676480,5856515669974676480,BlueStraggler
PB  5216,2652391623837118208,BlueStraggler
SDSS J100356.06+220948.0,629606681919438464,BlueStraggler
SDSS J163144.70+334806.8,1325909941044239232,BlueStraggler
Gaia DR2 5339600069388793216,5339600069388793216,BlueStraggler
SDSS J161944.67+081630.8,4452025694440681856,BlueStraggler
SDSS J161951.41+060950.1,4437978235104107008,BlueStraggler
SDSS J012531.20+371320.5,322380902368708736,BlueStraggler
SDSS J020134.56+010823.7,2508278016308993152,BlueStraggler
SDSS J112643.77+311743.6,4023633424270246400,BlueStraggler
SDSS J154157.91+345446.6,1374207187588914816,BlueStraggler
SDSS J155237.18+363322.6,1372946773603572096,BlueStraggler
SDSS J092747.71+301208.3,697360405193859072,BlueStraggler
SDSS J013543.44+005349.6,2510173265117934336,BlueStraggler
SDSS J075644.21+120626.1,3151175586195048960,BlueStraggler
SDSS J074304.58+193318.7,671968013081222528,BlueStraggler
SDSS J143017.68+451519.8,1494495477654766080,BlueStraggler
Gaia DR2 2005042195814581888,2005042195814581888,BlueStraggler
Gaia DR2 208749807317373568,208749807317373568,BlueStraggler
Gaia DR2 5258883512014168064,5258883512014168064,BlueStraggler
Gaia DR2 2002010533010605440,2002010533010605440,BlueStraggler
SDSS J052723.92+610301.4,286009160802044416,BlueStraggler
Gaia DR2 5539812993507196672,5539812993507196672,BlueStraggler
Gaia DR2 3426177673531665408,3426177673531665408,BlueStraggler
[TGB2011] J165921.5927-524333.800,5935945656950228224,BlueStraggler
[SP2014] NGC5139 BSS5,6083701435407510656,BlueStraggler
[LML2012] 18705,5921767561897740672,BlueStraggler
Gaia DR2 3326775740707383936,3326775740707383936,BlueStraggler
Gaia DR2 5259607364318351616,5259607364318351616,BlueStraggler
SDSS J031036.19+002228.7,3266823666608494208,BlueStraggler
Gaia DR3 1827407777308669184,1827407777308669184,BlueStraggler
SDSS J113234.54+525052.9,840294958300009984,BlueStraggler
Gaia DR2 3341820323951021056,3341820323951021056,BlueStraggler
SDSS J082850.09+043806.8,3092597214439716224,BlueStraggler
SDSS J082900.96+084645.4,599253147311882752,BlueStraggler
SDSS J233445.78+001711.4,2644436794649473280,BlueStraggler
SDSS J083836.23+223254.0,666011237039675648,BlueStraggler
SDSS J145441.89+000630.2,3651155168663191424,BlueStraggler
SDSS J102340.41+422138.9,804952638795389952,BlueStraggler
SDSS J082428.16+175213.3,662322027633878400,BlueStraggler
SDSS J083925.80+202152.1,664440855259707648,BlueStraggler
Gaia DR3 5935346594905367552,5935346594905367552,BlueStraggler
Gaia DR2 3446881305684200448,3446881305684200448,BlueStraggler
Gaia DR2 212894901731941248,212894901733448576,BlueStraggler
SDSS J025016.88+351402.0,140102829628829696,BlueStraggler
SDSS J075127.55+150919.9,666618407977056768,BlueStraggler
SDSS J165209.05+294231.3,1308282360173938688,BlueStraggler
SDSS J124939.51+160128.5,3934480142407798912,BlueStraggler
2MASS J01174662+0046003,2535064387304613632,BlueStraggler
SDSS J074246.65+295342.2,879123940852161664,BlueStraggler
SDSS J094226.30+045000.2,3851340570673358976,BlueStraggler
SDSS J121601.13+040929.5,3894008974814960256,BlueStraggler
SDSS J145314.98-003545.5,3650815282132051584,BlueStraggler
SDSS J104351.78+350524.6,750698337027937920,BlueStraggler
SDSS J223840.74+233520.8,1876149741911579136,BlueStraggler
Gaia DR2 3326859750267337728,3326859750267337728,BlueStraggler
SDSS J100451.15+354746.9,795695536861856640,BlueStraggler
SDSS J091611.55+223123.2,638886628777794816,BlueStraggler
Cl* NGC 6939    KGH       5,2194818899185893760,BlueStraggler
SDSS J104328.98+361249.5,750831270560535680,BlueStraggler
Gaia DR3 5229956598032578816,5229956598032578816,BlueStraggler
TYC 8926-1990-1,5301898365391577088,BlueStraggler
SDSS J080927.70+264918.8,683533638453995136,BlueStraggler
2MASS J13032366+5256123,1558016502070243456,BlueStraggler
HBQS 0243-0059,2497661436973719808,BlueStraggler
2MASS J04004812-0632282,3196937573676688384,BlueStraggler
SDSS J145708.40+013204.4,1153335234512359936,BlueStraggler
SDSS J101223.88+232411.4,630133584212201088,BlueStraggler
SDSS J132420.82-025037.8,3637890316788366848,BlueStraggler
SDSS J091218.59+110012.5,591904355188489344,BlueStraggler
SDSS J144047.57-024007.2,3648774352327743360,BlueStraggler
SDSS J162145.87-001421.2,4407643632706983680,BlueStraggler
Gaia DR3 4314292454142968576,4314292454142968576,BlueStraggler
SDSS J090727.26+222618.9,685382054939508224,BlueStraggler
Gaia DR2 2082984169920588032,2082984169920588032,BlueStraggler
SDSS J094649.42+485031.6,825197671514401536,BlueStraggler
SDSS J133119.41+530557.9,1560284927701486976,BlueStraggler
SDSS J141842.87-020413.0,3646626417707651456,BlueStraggler
Gaia DR2 2051102936915162112,2051102936915162112,BlueStraggler
SDSS J230917.02-004022.2,2650965552960897920,BlueStraggler
SDSS J163617.56+240321.9,1300475037342529920,BlueStraggler
SDSS J090836.95+354624.7,715193384285196160,BlueStraggler
SDSS J012607.20+321240.8,316441748576531456,BlueStraggler
SDSS J135212.80+611956.6,1661225936286627200,BlueStraggler
US 2776,4024245993981214080,BlueStraggler
GES J06293236-3114287,2893943058468739584,BlueStraggler
SDSS J075234.38+211004.0,673738531742808192,BlueStraggler
SDSS J155934.41+412328.2,1383463357507537664,BlueStraggler
SDSS J124316.48+301624.4,4011275742503469440,BlueStraggler
Gaia DR2 213086938310079616,213086938310079616,BlueStraggler
SDSS J001146.72+152147.5,2769266784996616448,BlueStraggler
SDSS J021744.40+065431.2,2520635083896696320,BlueStraggler
SDSS J091408.85+312710.1,699993323225729792,BlueStraggler
UCAC4 623-092876,2058573568680361216,BlueStraggler
SDSS J073246.31+315800.4,891992311411493248,BlueStraggler
[NBN2015] 417,3426178188928317312,BlueStraggler
SDSS J135042.42-002004.5,3662141493143517952,BlueStraggler
Gaia DR2 208565059301539328,208565059301539328,BlueStraggler
SDSS J010804.13+000440.6,2534778033245053184,BlueStraggler
Gaia DR2 3341834892476893184,3341834892476893184,BlueStraggler
SDSS J084614.27+121759.8,602053367204312832,BlueStraggler
SDSS J160602.47+363516.1,1378200377598896512,BlueStraggler
SDSS J172123.43+282859.2,4598544689812038528,BlueStraggler
SDSS J152358.97-012347.9,4415429274543546880,BlueStraggler
Gaia DR2 208548665408081920,208548665408081920,BlueStraggler
[TGB2011] J165905.3051-523845.276,5935946447216151040,BlueStraggler
SDSS J150825.27+403346.7,1392007662368881280,BlueStraggler
Gaia DR2 3334922606471312000,3334922606471312000,BlueStraggler
Gaia DR2 3326810478402457088,3326810478402457088,BlueStraggler
Gaia DR2 2073153470821350016,2073153470821350016,BlueStraggler
SDSS J164951.99+214614.1,4565691900849714944,BlueStraggler
SDSS J095031.63+614753.5,1051388477729493376,BlueStraggler
HE 2341-0008,2642729802847073024,BlueStraggler
SDSS J152814.44+501945.3,1594737991414612096,BlueStraggler
SDSS J162318.99+122328.9,4460135902662345216,BlueStraggler
Gaia DR2 513009074440594688,513009074440594688,BlueStraggler
SDSS J074559.89+272707.6,875170440636829568,BlueStraggler
GES J00241442-7204215,4689639301196679424,BlueStraggler
Gaia DR2 2061049634498093184,2061049634498093184,BlueStraggler
SDSS J031941.39-001239.3,3265841454831999744,BlueStraggler
SDSS J075144.33+350654.3,882652685983074688,BlueStraggler
SDSS J081129.46+064901.1,3097510626964150272,BlueStraggler
SDSS J100532.74+221025.3,629585958702464128,BlueStraggler
SDSS J074145.36+222541.9,866959734477711360,BlueStraggler
SDSS J084234.71+083437.2,597870614518581248,BlueStraggler
UCAC4 452-012598,3218879702598644352,BlueStraggler
SDSS J060254.12+633416.0,1008049375791998080,BlueStraggler
SDSS J085233.42+154333.1,609871852655741696,BlueStraggler
Gilmore F867  7-14,3650552498852347904,BlueStraggler
Gaia DR2 2056366299076871296,2056366299076871296,BlueStraggler
SDSS J084759.47+004246.9,3075483315953671552,BlueStraggler
[WAM2017] V55,6204396196868193664,BlueStraggler
SDSS J011445.32+323528.5,313777567478646400,BlueStraggler
BD+35  1122,183326972477963136,BlueStraggler
SDSS J092357.93+221625.9,638208058304379008,BlueStraggler
Gaia DR2 3326806316578038272,3326806316578038272,BlueStraggler
SDSS J094152.94+524041.2,1020391939272612992,BlueStraggler
NGC  6705  1619,4252518450589945856,BlueStraggler
SDSS J231919.95+523037.2,1992589024024958208,BlueStraggler
Gaia DR2 424416887106018688,424416887106018688,BlueStraggler
SDSS J163809.71+303006.0,1311951293036528128,BlueStraggler
Gaia DR2 205161413682675328,205161413682675328,BlueStraggler
Gaia DR2 3446833648727396608,3446833648728161024,BlueStraggler
SDSS J093319.71+284908.8,696234470927276544,BlueStraggler
SDSS J162346.07+270557.0,1305055705863360512,BlueStraggler
SDSS J031024.43+412620.8,239241532498826880,BlueStraggler
[TGB2011] J165906.6455-524325.999,5935945798735297792,BlueStraggler
CD-24   266,2347402354016302208,BlueStraggler
SDSS J100635.82+330919.7,747057441711420544,BlueStraggler
SDSS J083634.32+170623.7,658856813659713792,BlueStraggler
Gaia DR2 2941939283641661056,2941939283641661056,BlueStraggler
Gaia DR2 3326792680058027776,3326792680058027776,BlueStraggler
Gaia DR2 2211220142333927680,2211220142333927680,BlueStraggler
SDSS J090311.92+221739.8,685510422922248832,BlueStraggler
SDSS J031319.74+010801.7,3267020200016764800,BlueStraggler
SDSS J104304.01+271256.1,731074111761190144,BlueStraggler
NGC  2420   190,865401619125252608,BlueStraggler
TYC 5405-1776-1,3033959198481332736,BlueStraggler
Gaia DR2 3032946994949205760,3032946994949205760,BlueStraggler
SDSS J121335.71+480617.7,1545672010154145792,BlueStraggler
SDSS J075611.53+322032.8,881307601009590016,BlueStraggler
SDSS J164302.80+214921.0,4565878371149480064,BlueStraggler
SDSS J094424.02+184945.0,621438749339208320,BlueStraggler
SDSS J060700.28+635248.5,1008129365263124480,BlueStraggler
TYC 6582-151-1,5643762094116420864,BlueStraggler
SDSS J154907.45-004403.8,4410225492167415808,BlueStraggler
SDSS J073250.05+352927.3,895400458155753856,BlueStraggler
SDSS J013448.88+144646.1,2588888775723710464,BlueStraggler
Gaia DR2 3126655583543581952,3126655583543581952,BlueStraggler
SDSS J100743.87+041057.1,3836984625306194944,BlueStraggler
SDSS J104647.28+090902.6,3869265771301816448,BlueStraggler
SDSS J165508.56+263802.3,1306513353340014208,BlueStraggler
SDSS J084135.22+204408.4,664477414021594368,BlueStraggler
SDSS J082447.14+205720.3,664068120818452608,BlueStraggler
SDSS J223241.80+001854.5,2654153900458424320,BlueStraggler
SDSS J163221.91+143015.4,4462306093800494976,BlueStraggler
Gaia DR3 5963798867792936320,5963798867792936320,BlueStraggler
SDSS J162216.94+323526.1,1325483124374755328,BlueStraggler
SDSS J083541.89+315039.5,709813993584858752,BlueStraggler
SDSS J091728.03+240811.2,687470401181597440,BlueStraggler
SDSS J211101.75+001018.7,2690343260535033856,BlueStraggler
Gaia DR2 433017438849650176,433017438849650176,BlueStraggler
SDSS J013655.91+242546.0,291821209329550464,BlueStraggler
SDSS J142045.61+445647.4,1504987567362401664,BlueStraggler
[DBE2012b] 85-TARG10,3713534968728100608,BlueStraggler
Gaia DR2 3446836461932130304,3446836461932130304,BlueStraggler
Cl* NGC 1904    SAW V30,2957937555785818240,BlueStraggler
UCAC4 356-012597,2941920110907962624,BlueStraggler
SDSS J085028.50+313328.2,706743156389364352,BlueStraggler
SDSS J074702.44+240528.0,867613256701232000,BlueStraggler
SDSS J092710.46+374819.0,811291215948909824,BlueStraggler
Gaia DR2 208541071906761984,208541071906761984,BlueStraggler
SDSS J144253.53+470702.1,1590933578103220864,BlueStraggler
SDSS J085213.47+201344.0,660859028629864320,BlueStraggler
2MASS J07441051+2719208,875211431804782848,BlueStraggler
SDSS J223322.12+000531.0,2654088475221592576,BlueStraggler
SDSS J235120.92+004858.5,2643198778917459072,BlueStraggler
SDSS J031352.38+420616.5,239648729756612992,BlueStraggler
SDSS J031808.76+414840.5,239485387858090112,BlueStraggler
Gaia DR2 3326757800625214208,3326757800625214208,BlueStraggler
SDSS J003821.97+144657.6,2779729016091899392,BlueStraggler
SDSS J030129.56+005417.4,164205189947520,BlueStraggler
SDSS J145447.22+001538.6,3651166060700272512,BlueStraggler
SDSS J113253.32+464835.0,785568175776988288,BlueStraggler
SDSS J020917.34-000754.7,2506953272301720576,BlueStraggler
SDSS J085922.49+014332.2,576963061614666368,BlueStraggler
Gaia DR2 5339941021066425728,5339941021066425728,BlueStraggler
SDSS J031022.48+415823.4,240021739077987200,BlueStraggler
NGC  7789   282,1995011832262285568,BlueStraggler
SDSS J164608.25+391231.5,1352654152640753024,BlueStraggler
HD 248903,3444121565857570560,BlueStraggler
SDSS J220606.71+215245.4,1782482105821933696,BlueStraggler
Gaia DR2 2893946150845192192,2893946150845192192,BlueStraggler
HD  16098,135040991628484224,BlueStraggler
Cl* NGC 5139    SAW V209,6083714766999579776,BlueStraggler
Gaia DR2 6056577136424997376,6056577136424997376,BlueStraggler
SDSS J231821.22+534342.3,1995756407788060800,BlueStraggler
SDSS J145522.18+020937.2,1154169072348259840,BlueStraggler
SDSS J100853.95+220456.0,629193742288471040,BlueStraggler
[MLF2014] 85555,6083701779002509184,BlueStraggler
SDSS J105212.84+052546.8,3864171738225385344,BlueStraggler
Gilmore F867 13-2,3649712888581111424,BlueStraggler
SDSS J100132.48+515657.1,827473999884993280,BlueStraggler
SDSS J165305.32+364925.5,1351199636195900544,BlueStraggler
SDSS J080445.10+344259.9,905685594863913344,BlueStraggler
SDSS J224532.72+142448.7,2732320308085387392,BlueStraggler
[SSS2019] UV-BSS1,1452629132885287680,BlueStraggler
SDSS J024446.58+001530.2,2498640517718943616,BlueStraggler
V* V395 Mon,3126963244940108672,BlueStraggler
Gaia DR2 1827373692455303296,1827373692455303296,BlueStraggler
SDSS J162513.84+272431.4,1305155108586150400,BlueStraggler
SDSS J095839.79+202300.4,627850036000137728,BlueStraggler
SDSS J144151.92+503302.5,1603896163063693696,BlueStraggler
SDSS J162333.32+141352.1,4463761056921310848,BlueStraggler
Gaia DR2 3038066183645981056,3038066183645981056,BlueStraggler
SDSS J162049.97+332658.5,1328607588527028224,BlueStraggler
SDSS J090545.45+030206.5,577552086313936640,BlueStraggler
SDSS J164316.96+134427.5,4461281898718786432,BlueStraggler
SDSS J085503.04+305350.4,705912956390859136,BlueStraggler
SDSS J124918.43+050324.3,3705688132198638336,BlueStraggler
SDSS J204638.75-070140.9,6907088065225201536,BlueStraggler
SDSS J012000.20+373402.1,321878631713583616,BlueStraggler
SDSS J080157.42+054837.2,3095983332295781376,BlueStraggler
SDSS J091152.13+030510.8,578773854186253184,BlueStraggler
Gaia DR2 2058922285678002944,2058922285678002944,BlueStraggler
SDSS J083706.82+124913.1,603031314078730880,BlueStraggler
SDSS J211941.47+100749.1,1743736930968753920,BlueStraggler
SDSS J025629.44+341123.6,137159544376264448,BlueStraggler
2MASS J00414637-0032028,2542896208630236160,BlueStraggler
SDSS J081648.85+184255.7,657424046929271680,BlueStraggler
CRTS J124438.2+393618,1521764087577849344,BlueStraggler
SDSS J124935.50+045457.8,3705682355467017984,BlueStraggler
SDSS J135439.37-030607.0,3657389300809186048,BlueStraggler
Gaia DR2 5516044335264571904,5516044335264571904,BlueStraggler
2MASS J14130605+4909181,1508125440405327616,BlueStraggler
SDSS J165100.60+191145.0,4562885672298351104,BlueStraggler
MGC 50751,3662309095651875840,BlueStraggler
SDSS J112134.83+363155.2,760464813486235776,BlueStraggler
NGC   188  2074,573944111923749760,BlueStraggler
SDSS J083550.46+063305.0,594987763750553088,BlueStraggler
SDSS J083714.92+062405.6,594928390121949952,BlueStraggler
UCAC4 462-020219,3126949844641169280,BlueStraggler
Cl* Trumpler   20    PMF    4912,6056530235377647872,BlueStraggler
SDSS J120307.11+540103.8,1549215976641735808,BlueStraggler
SDSS J164129.26+234054.6,1299725896262952448,BlueStraggler
SDSS J130136.44-024558.1,3685183919674456960,BlueStraggler
SDSS J123130.26+352205.2,1518995448579293056,BlueStraggler
SDSS J085931.73+192830.0,660528518010566912,BlueStraggler
SDSS J030033.87+062047.5,7194310739275008,BlueStraggler
Gaia DR2 3056679369315528832,3056679369315528832,BlueStraggler
Gaia DR3 4280387810477048064,4280387810477048064,BlueStraggler
SDSS J170119.16+185350.2,4560411290098758912,BlueStraggler
SDSS J155013.99+294355.2,1320808099716534016,BlueStraggler
SDSS J110021.05+305832.2,733823887263366144,BlueStraggler
HD 169959A,4477214749926383104,BlueStraggler
SDSS J010524.29+010835.9,2538114393905071360,BlueStraggler
SDSS J121604.03+570938.4,1575312296715726720,BlueStraggler
TYC  750-1040-1,3327788455336883072,BlueStraggler
SDSS J132210.44+450106.3,1550560919882284800,BlueStraggler
SDSS J074329.95+352321.8,894833758694704384,BlueStraggler
Gaia DR2 3356400604049405440,3356400604049405440,BlueStraggler
SDSS J101943.48+202858.3,625556076787472000,BlueStraggler
SDSS J172227.93+533002.1,1419243080783680384,BlueStraggler
SDSS J093604.50+453454.0,824190037826706304,BlueStraggler
SDSS J023412.39+002221.1,2500331978919267328,BlueStraggler
SDSS J132647.96+622516.7,1663789073984910848,BlueStraggler
SDSS J035651.63-063141.4,3244903287402357504,BlueStraggler
UCAC4 571-024525,3426177398654385152,BlueStraggler
Cl* NGC 6218    VMC V24,4379077603359886976,BlueStraggler
LBQS 0007-0008,2545864890024625920,BlueStraggler
SDSS J004311.29+141225.6,2779437615446421632,BlueStraggler
SDSS J214745.92+115324.9,1766288532928463360,BlueStraggler
SDSS J031740.29+404712.8,239271017450032256,BlueStraggler
Gaia DR2 5338550856088644480,5338550856088644480,BlueStraggler
Gaia DR2 3032953695098138496,3032953695098138496,BlueStraggler
SDSS J103151.89+245047.5,724359428610108544,BlueStraggler
SDSS J135602.69+431631.1,1499133217700392704,BlueStraggler
SDSS J100804.76+493857.9,823815478022728576,BlueStraggler
SDSS J151926.73-021051.8,4414907590635659264,BlueStraggler
SDSS J132625.77+040816.6,3716078581504445440,BlueStraggler
SDSS J114502.14+405115.7,769028084921330560,BlueStraggler
SDSS J075542.70+154227.3,666731554595120512,BlueStraggler
Gaia DR2 3426177639171911680,3426177639171911680,BlueStraggler
Gaia DR2 3426177295575192064,3426177295575192064,BlueStraggler
Gaia DR2 2169669632289362304,2169669632289362304,BlueStraggler
Gaia DR2 2941939283641661568,2941939283641661568,BlueStraggler
SDSS J181142.46+232621.3,4578333608809311232,BlueStraggler
SDSS J101545.96+052240.3,3861179825352215168,BlueStraggler
Gaia DR2 2217941800518022144,2217941800518022144,BlueStraggler
SDSS J030102.17+044255.2,3749334650932608,BlueStraggler
SDSS J153812.84+331752.3,1370715349113731456,BlueStraggler
SDSS J222602.44+001539.7,2678221552860509056,BlueStraggler
SDSS J125411.58+365029.1,1517447203064209920,BlueStraggler
SDSS J161212.73+070509.8,4450446005469054592,BlueStraggler
Gaia DR2 511345169749009024,511345169749009024,BlueStraggler
NGC   188  2034,573941809821331456,BlueStraggler
SDSS J030200.17+065028.7,7619409422234624,BlueStraggler
SDSS J025809.89+332036.2,136872949798833024,BlueStraggler
NGC  7789   342,1995012897413744384,BlueStraggler
SDSS J075901.95+261609.2,874273475371459328,BlueStraggler
Gaia DR2 424323291179201024,424323291179201024,BlueStraggler
SDSS J210801.36-001104.9,2689946714794645376,BlueStraggler
SDSS J075555.81+250703.2,681585784886477824,BlueStraggler
SDSS J124206.78+390930.0,1521364724339001728,BlueStraggler
Gaia DR2 5856529001554008064,5856529001554008064,BlueStraggler
Gaia DR2 3221067898244811904,3221067898244811904,BlueStraggler
SDSS J162600.64+202729.9,1297342150756835584,BlueStraggler
SDSS J152639.05+355144.3,1375071923420302336,BlueStraggler
GES J06582220+0624028,3129711336813810048,BlueStraggler
SDSS J152440.69+385840.5,1388077187471890304,BlueStraggler
SDSS J153349.07+581756.1,1602825895868763904,BlueStraggler
SDSS J090009.54+371506.6,718747005865748224,BlueStraggler
SDSS J165213.65+315055.8,1313252324529804672,BlueStraggler
SDSS J010044.60+002249.2,2536582915942237696,BlueStraggler
ZTF J045945.80+432859.5,205115096755243904,BlueStraggler
SDSS J141930.82+472919.7,1506972769966310016,BlueStraggler
SDSS J113544.22+275202.5,4018976648929218432,BlueStraggler
[SP2014] NGC3201 BSS1,5413575555269344512,BlueStraggler
Gaia DR2 3157241282608500096,3157241282608500096,BlueStraggler
SDSS J204409.80+010430.7,4228675094261960576,BlueStraggler
[SP2014] NGC6218 BSS19,4379074407908979072,BlueStraggler
Gaia DR2 2932568146043068672,2932568146043068672,BlueStraggler
Gaia DR2 3326781959819724032,3326781959819724032,BlueStraggler
SDSS J031942.62+405740.5,236297899352222336,BlueStraggler
SDSS J094126.21+062454.8,3853242828868801024,BlueStraggler
SDSS J172958.90+265638.0,4595091295588134912,BlueStraggler
[SP2014] NGC5139 BSS15,6083701675923043200,BlueStraggler
HD  23675B,443789457348785152,BlueStraggler
SDSS J053812.29+630424.4,286520841729392128,BlueStraggler
SDSS J183438.64+214034.7,4526094540068805760,BlueStraggler
SDSS J124239.60+364901.2,1520260578442097792,BlueStraggler
SDSS J134350.61+003128.5,3662410869197496576,BlueStraggler
CRTS J133950.9+051949,3714985465083415680,BlueStraggler
SDSS J160833.68+384919.7,1379047169055226240,BlueStraggler
SDSS J172741.97+600929.4,1435832443504528896,BlueStraggler
Cl* NGC 2168    MMS      49,3426258861294954496,BlueStraggler
SDSS J013342.75-090759.1,2465093387163368064,BlueStraggler
[LMD2013] BSS10,6638377392015889024,BlueStraggler
SDSS J232338.80+512733.7,1991502912695803904,BlueStraggler
Gaia DR2 3157241355625967744,3157241355625967744,BlueStraggler
SDSS J052249.07+624300.2,287196182387783168,BlueStraggler
Gaia DR2 3109986166928876416,3109986166928876416,BlueStraggler
Gaia DR2 2005791272470366976,2005791272470366976,BlueStraggler
Gaia DR2 5856529242072194816,5856529242072194816,BlueStraggler
SDSS J080747.44+455033.6,929337709180198400,BlueStraggler
SDSS J090709.02+222620.1,685568422160552064,BlueStraggler
[BCL2000]  4,2947050363452653696,BlueStraggler
Gaia DR2 5339941467743105152,5339941467743105152,BlueStraggler
SDSS J134456.97+002147.0,3662392521097160320,BlueStraggler
SDSS J161315.56+073153.9,4450568601015935232,BlueStraggler
SDSS J082355.60+055852.1,3093749502625917440,BlueStraggler
UCAC4 571-024316,3426177673531666944,BlueStraggler
SDSS J145300.39+044940.7,1158331514132927104,BlueStraggler
SDSS J130109.34+023303.3,3692265599188153344,BlueStraggler
UCAC4 162-064668,5339888141434846720,BlueStraggler
SDSS J032051.32+412739.4,239407288173498752,BlueStraggler
SDSS J090346.72+001118.9,3843045854953614208,BlueStraggler
SDSS J163800.91+204823.1,4564203196465932416,BlueStraggler
SDSS J101125.35+292603.9,742069399837529088,BlueStraggler
SDSS J114546.17+480934.2,787194731431502208,BlueStraggler
SDSS J010646.45-000146.6,2536276319701038464,BlueStraggler
SDSS J203944.70+001909.1,4228162554340875520,BlueStraggler
Gaia DR2 433016201898665600,433016201898665600,BlueStraggler
UCAC4 792-003312,526797259487721984,BlueStraggler
2MASS J07322920+2851465,873388162352640384,BlueStraggler
SDSS J165147.25+184432.3,4559833535395773184,BlueStraggler
SDSS J145921.97+573909.2,1613983941730438144,BlueStraggler
CSO  477,1493180156805748608,BlueStraggler
SDSS J012041.12+395124.0,371710663347709184,BlueStraggler
SDSS J110707.05+262224.3,3996644914934372736,BlueStraggler
Gaia DR2 433016236258804480,433016236258804480,BlueStraggler
SDSS J232140.79-001813.0,2644855944802821376,BlueStraggler
UCAC4 459-020743,3126656545615431040,BlueStraggler
SDSS J025010.82+330939.0,139646772820939648,BlueStraggler
SDSS J232710.61+514356.4,1991603483649012224,BlueStraggler
SDSS J164141.22+132529.9,4461241629105695360,BlueStraggler
SDSS J012829.49+384922.4,323337580564172160,BlueStraggler
[SP2014] NGC6218 BSS17,4379074098673016832,BlueStraggler
Gaia DR2 3426310027244052736,3426310027244052736,BlueStraggler
SDSS J093734.47+522657.7,1020417301055476736,BlueStraggler
SDSS J080958.04+174717.3,656936585321336832,BlueStraggler
SDSS J224209.51+140526.6,2731970495884552576,BlueStraggler
Gaia DR2 508612230522080640,508612230522080640,BlueStraggler
SDSS J115945.62+281009.8,4007752490635901696,BlueStraggler
SDSS J112639.82-031401.4,3787401843509674496,BlueStraggler
SDSS J075943.06+060222.3,3096040678699454208,BlueStraggler
SDSS J084918.74+064849.7,583191275293980544,BlueStraggler
SDSS J162908.48+140331.9,4460798938236201472,BlueStraggler
SDSS J232537.82+533409.7,1992786558162726144,BlueStraggler
SDSS J082554.09+425504.7,916035366535325568,BlueStraggler
SDSS J074706.49+280451.9,875354540115718272,BlueStraggler
Gaia DR2 204414707852675328,204414707852675328,BlueStraggler
SDSS J122335.72+312537.5,4015191820668803584,BlueStraggler
SDSS J075533.85+120615.3,3151218707667517824,BlueStraggler
SDSS J104509.41+093648.5,3869493168345860096,BlueStraggler
SDSS J110648.48+271740.8,3998410558809529728,BlueStraggler
SDSS J162614.88+363952.6,1329612713952897792,BlueStraggler
TYC 4005-999-1,1994778907595519616,BlueStraggler
Gaia DR3 4287138640096969088,4287138640096969088,BlueStraggler
2QZ J133933.2-003917,3661938903831082624,BlueStraggler
SDSS J010715.47-004531.7,2533165663867276288,BlueStraggler
SDSS J075621.51+342941.5,882351449861786752,BlueStraggler
SDSS J221030.76+003607.5,2679031961649040128,BlueStraggler
SDSS J202630.83+130032.5,1803824279353857408,BlueStraggler
Gaia DR2 5339885667533482240,5339885667533482240,BlueStraggler
SDSS J170804.92+234434.2,4571787971272214528,BlueStraggler
V* V659 Mon,3326796661491656064,BlueStraggler
Gaia DR2 2082982864250510848,2082982864250510848,BlueStraggler
US 1599,917202498128136064,BlueStraggler
SDSS J085910.25+134603.6,605673711101783424,BlueStraggler
2MASS J13074253+6338520,1676248052556086656,BlueStraggler
Gaia DR2 2929387190189411328,2929387190189411328,BlueStraggler
SDSS J084320.52+060821.6,595041845978578816,BlueStraggler
SDSS J024827.03+343104.6,140053630779442688,BlueStraggler
SDSS J160208.58+321530.1,1323041379630992896,BlueStraggler
SDSS J164443.87+131449.6,4461014068860733824,BlueStraggler
SDSS J081337.84+155911.1,655625245907151744,BlueStraggler
[DBE2012b] 88-TARG16,3254317817058562560,BlueStraggler
SDSS J140201.77+545610.2,1609330366141377152,BlueStraggler
SDSS J154516.67+424333.5,1396202608465347968,BlueStraggler
SDSS J102626.93+023902.1,3856473026527162752,BlueStraggler
SDSS J223603.41-000458.3,2653976153236497664,BlueStraggler
SDSS J103537.37+270630.8,728028400128212992,BlueStraggler
Gaia DR2 2051265973870804224,2051265973870804224,BlueStraggler
ATO J099.3009+09.4868,3326805908557292416,BlueStraggler
SDSS J081425.90+300511.6,876705251494166016,BlueStraggler
SDSS J092253.88+204841.2,637494539682103168,BlueStraggler
SDSS J073544.59+275349.7,872465706456153088,BlueStraggler
SDSS J161720.99+454338.4,1385932418243637888,BlueStraggler
SDSS J012157.90+395300.3,371702756311950208,BlueStraggler
CHSS  689,648408914870116480,BlueStraggler
SDSS J112927.02+043258.9,3813158345771492992,BlueStraggler
Gaia DR2 208557873819068672,208557873819068672,BlueStraggler
SDSS J031011.50+412602.9,239242185333848960,BlueStraggler
SDSS J020352.50+231502.0,103722360686895872,BlueStraggler
US 2797,4024122947462523008,BlueStraggler
SDSS J030341.68+044815.9,3715765186586624,BlueStraggler
UCAC4 765-014191,512572568323467648,BlueStraggler
[CWH2004] CSA94-025,2498341519275483008,BlueStraggler
SDSS J032259.31+045805.0,9011223639702144,BlueStraggler
SDSS J013940.28-003346.1,2509018430016384384,BlueStraggler
[SP2014] NGC3201 BSS28,5413575207369263872,BlueStraggler
SDSS J020000.19-010137.2,2506634658742872576,BlueStraggler
SDSS J090557.00+012958.4,577038545664425984,BlueStraggler
Gaia DR2 1968869946882337664,1968869946882337664,BlueStraggler
SDSS J171059.15+413624.5,1354109248904277120,BlueStraggler
SDSS J004407.08+001806.8,2549060341397463168,BlueStraggler
SDSS J230242.87-092947.8,2606662827863270400,BlueStraggler
2MASS J19403556+4005348,2076485094125243136,BlueStraggler
SDSS J102422.24+312746.3,748723953446758144,BlueStraggler
HD 134464,5887526016720381312,BlueStraggler
SDSS J133959.22-003554.1,3661933681150878208,BlueStraggler
SDSS J113007.21+302608.2,4022774396451499904,BlueStraggler
2MASS J03203456-0015486,3265826031605033088,BlueStraggler
SDSS J155625.44+084602.0,4454509598584398976,BlueStraggler
SDSS J164536.20+312606.1,1312438823363667456,BlueStraggler
2QZ J140033.2-012635,3659478025009149312,BlueStraggler
Gaia DR2 3334935628812158336,3334935628812158336,BlueStraggler
Gaia DR2 3157237885292374912,3157237885292374912,BlueStraggler
Cl* Collinder  110     DI    3116,3126748427855720832,BlueStraggler
SDSS J111251.30+371428.2,763701466480467712,BlueStraggler
SDSS J222842.32+001425.1,2678162870722270848,BlueStraggler
SDSS J165307.89+251649.8,1306101792393786624,BlueStraggler
UCAC4 571-024823,3426161593174713216,BlueStraggler
Gaia DR2 3341819980353411840,3341819980353411840,BlueStraggler
SDSS J014109.00+140851.1,2587854380095677440,BlueStraggler
Gaia DR2 2227553559367959168,2227553559367959168,BlueStraggler
SDSS J162716.21+155008.2,4465707948417483520,BlueStraggler
SDSS J131436.55-025807.9,3684569052153429376,BlueStraggler
SDSS J235519.22-010916.7,2449768875131552640,BlueStraggler
Gaia DR2 3129710306021660160,3129710306021660160,BlueStraggler
Gaia DR2 3426177634881839616,3426177634881839616,BlueStraggler
SDSS J163526.17+320455.2,1324703257096406784,BlueStraggler
SDSS J021715.84-090316.6,2486031941141989376,BlueStraggler
SDSS J081802.59+464815.2,930375368983320320,BlueStraggler
SDSS J165400.16+351412.4,1314979451138188672,BlueStraggler
Gaia DR2 203617566214916224,203617566214916224,BlueStraggler
Gaia DR2 2214223011673276288,2214223011673276288,BlueStraggler
SDSS J214131.21-001643.8,2687125093079418752,BlueStraggler
2MASS J23241489+5212400,1992344313969400576,BlueStraggler
Gaia DR2 433016236258400128,433016236258400128,BlueStraggler
Gaia DR2 473449401984293248,473449401984293248,BlueStraggler
SDSS J143804.25+440758.0,1493408339828824832,BlueStraggler
SDSS J052055.63+613318.3,284831510833529472,BlueStraggler
SDSS J103015.73+294952.9,729577882594414592,BlueStraggler
SDSS J222912.48-010540.1,2629873209087939328,BlueStraggler
SDSS J080631.13+180811.8,668959543109176320,BlueStraggler
SDSS J095622.43+192458.6,626562129927504896,BlueStraggler
SDSS J171743.69+274522.5,4574383819443146752,BlueStraggler
HD  88674,5253433507787935744,BlueStraggler
SDSS J135550.05+141320.9,1230906565830412416,BlueStraggler
SDSS J084118.27+274627.1,703622712326347904,BlueStraggler
SDSS J083302.25+075056.3,596086210225604992,BlueStraggler
SDSS J093700.78+340147.5,797307287765823872,BlueStraggler
SDSS J083952.91+214954.7,665156538546820224,BlueStraggler
SDSS J161458.54+050306.9,4437440058521132032,BlueStraggler
Gaia DR2 3426177806675467136,3426177806675467136,BlueStraggler
SDSS J083033.06+532834.5,1028966072681047296,BlueStraggler
SDSS J144417.01+503548.3,1591982920216643200,BlueStraggler
Gaia DR2 3056678441602599296,3056678441602599296,BlueStraggler
SDSS J021152.02-002047.8,2506976778657615616,BlueStraggler
Gaia DR2 3430727933683366528,3430727933683366528,BlueStraggler
Gaia DR2 3341845097322010496,3341845097322010496,BlueStraggler
SDSS J143501.45+423327.4,1493032989750407936,BlueStraggler
UCAC4 268-046243,5623389311882047488,BlueStraggler
SDSS J133036.33+053935.0,3717840823766001152,BlueStraggler
Gaia DR2 5258907048435848192,5258907048435848192,BlueStraggler
Gaia DR2 3056684248398335616,3056684248398335616,BlueStraggler
SDSS J060310.23+640259.0,1008179221243306880,BlueStraggler
SDSS J093240.89+534518.9,1021478329775996416,BlueStraggler
SDSS J143055.71+043719.3,3669064529453248256,BlueStraggler
SDSS J073206.92+353004.9,895404130351453312,BlueStraggler
SDSS J165933.77+345200.6,1338737664031337984,BlueStraggler
ZTF J005056.65+581057.1,424416887106023040,BlueStraggler
Gaia DR2 5339940986706697472,5339940986706697472,BlueStraggler
SDSS J150148.43+502215.3,1592487291112436480,BlueStraggler
SDSS J025909.72+001952.4,24532853388032,BlueStraggler
Gaia DR2 3056679369315529728,3056679369315529728,BlueStraggler
SDSS J125124.37+625116.3,1676552750420989568,BlueStraggler
SDSS J162255.17+161312.9,4466522209793455104,BlueStraggler
SDSS J115423.53+084628.8,3911967263871650944,BlueStraggler
SDSS J074114.80+174927.5,671150148228329216,BlueStraggler
SDSS J095142.61+405251.5,807311877209606784,BlueStraggler
Gaia DR2 5856527524085202048,5856527524085202048,BlueStraggler
SDSS J200921.91+782836.3,2291412335713079552,BlueStraggler
SDSS J152445.16+481427.6,1588274542374107776,BlueStraggler
US 1001,820141739092964352,BlueStraggler
Gaia DR2 6071466173112156800,6071466173112156800,BlueStraggler
Cl* NGC 2158    MSS V81,3426165956861470848,BlueStraggler
Gaia DR2 6056603146749394304,6056603146749394304,BlueStraggler
SDSS J161001.18+253827.1,1315213406596785920,BlueStraggler
SDSS J085514.80+364731.5,717175253993820288,BlueStraggler
Gaia DR2 431006981846115456,431006981846115456,BlueStraggler
SDSS J082419.67+194844.1,663413945759774208,BlueStraggler
SDSS J025910.17+350006.5,137305156651532672,BlueStraggler
NGC  7789   746,1995014924638265472,BlueStraggler
SDSS J084548.16+314052.9,706897362894953472,BlueStraggler
SDSS J120034.66+073359.8,3899571064838236160,BlueStraggler
SDSS J115945.01+545222.0,840747922730517376,BlueStraggler
SDSS J084737.84+032739.5,581285134448454784,BlueStraggler
UCAC4 376-139499,4100486783153437824,BlueStraggler
SDSS J093835.43+184954.8,633402951972783232,BlueStraggler
Gaia DR2 3326793813929388800,3326793813929388800,BlueStraggler
SDSS J095255.87+623427.3,1051448749006695424,BlueStraggler
SDSS J101209.71+285926.0,741990960850450432,BlueStraggler
Gaia DR2 3326779726436867456,3326779726436867456,BlueStraggler
SDSS J221013.51+212415.6,1782018352433393152,BlueStraggler
SDSS J154543.51+022723.1,4423474332404393856,BlueStraggler
SDSS J023123.74-004148.4,2500140492097368576,BlueStraggler
Gaia DR3 5229960618121954944,5229960618121954944,BlueStraggler
SDSS J085713.71+215705.5,685847663753932288,BlueStraggler
Gaia DR3 5960433778103588736,5960433778103588736,BlueStraggler
SDSS J094630.35+593340.0,1050504092424093056,BlueStraggler
SDSS J161412.40+054651.3,4438090827668413440,BlueStraggler
NGC  2682    55,604911135364519808,BlueStraggler
SDSS J145308.18-012516.0,3650344076975041408,BlueStraggler
SDSS J084058.29+265542.2,703416893196803584,BlueStraggler
SDSS J120826.46+322112.1,4026928866776919296,BlueStraggler
SDSS J234725.50+440956.4,1925756927717227136,BlueStraggler
NGC  7789  1168,1995021178110590464,BlueStraggler
PB  1569,1485185023645296768,BlueStraggler
SDSS J060721.53+643418.4,1008545461694925312,BlueStraggler
Gaia DR2 433016236255955968,433016236255955968,BlueStraggler
MGC 46726,3710986399559083776,BlueStraggler
MGC  7312,3831135090302697984,BlueStraggler
UCAC4 181-177565,5929998574698451328,BlueStraggler
SDSS J102812.80+652436.1,1053717690033965568,BlueStraggler
2MASS J13462273+6420551,1665152846360477568,BlueStraggler
Gaia DR2 5856528348719355648,5856528348719355648,BlueStraggler
SDSS J232218.14+513053.8,1991547442916099968,BlueStraggler
NGC  1817    97,3394756586145168896,BlueStraggler
SDSS J103214.86+304859.9,747649936744811392,BlueStraggler
SDSS J025601.26+341610.2,137163869407374464,BlueStraggler
SDSS J080859.90+063849.0,3097434176546078464,BlueStraggler
SDSS J095534.53+084116.8,3878042725949639424,BlueStraggler
Gaia DR3 5884396398611552256,5884396398611552256,BlueStraggler
SDSS J024952.21+345755.8,140089704208384000,BlueStraggler
Gaia DR2 213086830932653952,213086830932653952,BlueStraggler
SDSS J060841.09+633310.5,1008107031433187712,BlueStraggler
SDSS J031759.47+403221.5,239264759680302848,BlueStraggler
Gaia DR2 2051105960572133888,2051105960572133888,BlueStraggler
Gaia DR2 3119001853040681472,3119001853040681472,BlueStraggler
NGC  6791  1221,2051292941964791296,BlueStraggler
SDSS J225318.47+001542.5,2654882597494579584,BlueStraggler
SDSS J112714.04-023102.7,3793514750202932992,BlueStraggler
CRTS J092938.2-335007,5630097810279432448,BlueStraggler
SDSS J081559.29+192530.0,663526959236355712,BlueStraggler
SDSS J114743.51+144755.0,3924347799160254848,BlueStraggler
SDSS J162030.64+065427.3,4439728554535644800,BlueStraggler
Gaia DR2 5351272450458775936,5351272450458775936,BlueStraggler
SDSS J074905.04+374814.1,919904827127334272,BlueStraggler
SDSS J085635.39+054553.3,583522743690075392,BlueStraggler
SDSS J161457.89+385145.3,1378904954098461568,BlueStraggler
[CWH2004] CSA94-068,2498505312148599680,BlueStraggler
Gaia DR2 2002015034136317824,2002015034136317824,BlueStraggler
Gaia DR2 5625908567900361600,5625908567900361600,BlueStraggler
SDSS J082745.64+151441.2,652524142079640576,BlueStraggler
SDSS J101515.20+070456.9,3873878944134664960,BlueStraggler
SDSS J102132.78+623151.8,1051869312204106368,BlueStraggler
MGC 21611,3797331429940829440,BlueStraggler
SDSS J093918.87+315348.8,793787957204387328,BlueStraggler
Gaia DR2 2941936741021002240,2941936741021002240,BlueStraggler
SDSS J061934.57+644416.1,1008424274896918400,BlueStraggler
SDSS J011547.65-093744.6,2471526011221956864,BlueStraggler
CRTS J084259.2+124842,602326664563824000,BlueStraggler
SDSS J123726.84-015032.4,3683329838125187840,BlueStraggler
SDSS J084113.46+144353.0,609508674516553728,BlueStraggler
SDSS J033239.49+005253.5,3264674804275589376,BlueStraggler
Gaia DR2 3326835384915663616,3326835384915663616,BlueStraggler
Gaia DR3 4152974272765328512,4152974272765328512,BlueStraggler
Gaia DR2 5339941257254708864,5339941257254708864,BlueStraggler
SDSS J122403.02+004826.0,3699775882081307520,BlueStraggler
Gaia DR2 5329851867995640960,5329851867995640960,BlueStraggler
SDSS J090714.28+390441.0,719156883184710528,BlueStraggler
Cl* NGC 1904    SAW V29,2957935902217239296,BlueStraggler
SDSS J161336.44+392019.1,1379140593183922816,BlueStraggler
SDSS J121612.75+052200.9,3894428301061833088,BlueStraggler
Gaia DR2 1821639395722981888,1821639395722981888,BlueStraggler
SDSS J142438.46-012242.7,3652740526991911296,BlueStraggler
SDSS J093057.34+065109.6,586180301949859456,BlueStraggler
Gaia DR2 3426177845327662336,3426177845327662336,BlueStraggler
SDSS J060634.71+631459.1,1007991685791413248,BlueStraggler
SDSS J124517.64+323944.2,1513767786185602816,BlueStraggler
SDSS J101253.63+402100.2,805020018239771392,BlueStraggler
Gaia DR2 5329842041110619008,5329842041110619008,BlueStraggler
SDSS J073545.19+385027.4,899456659630291328,BlueStraggler
SDSS J111013.14+061958.6,3817942595741864704,BlueStraggler
[SP2014] NGC5139 BSS6,6083701744645244416,BlueStraggler
Gaia DR2 3326786426585687040,3326786426585687040,BlueStraggler
SDSS J140719.40-015515.8,3647300006018354048,BlueStraggler
SDSS J233215.34+532530.2,1994043261291298176,BlueStraggler
SDSS J105242.88+413116.4,776862895543110400,BlueStraggler
SDSS J233604.99+473352.0,1940210179861163008,BlueStraggler
SDSS J161402.69+200827.7,1201814381512640000,BlueStraggler
SDSS J144617.73+512459.7,1605536565692498944,BlueStraggler
SDSS J084337.50+125237.5,602331578006500096,BlueStraggler
SDSS J095830.33+280638.3,743240276642616320,BlueStraggler
SDSS J202527.05+141557.0,1804245156086403072,BlueStraggler
SDSS J082915.22+424811.5,915318420529761408,BlueStraggler
SDSS J160424.88+410734.1,1383310254809700992,BlueStraggler
SDSS J170520.23+215725.1,4568135329222937984,BlueStraggler
SDSS J103658.82+365001.6,751890340776036608,BlueStraggler
SDSS J130521.58+154640.4,3936487403963154304,BlueStraggler
SDSS J124257.39+565557.6,1577498847385615488,BlueStraggler
SDSS J163928.47+140908.3,4462093544459108224,BlueStraggler
SDSS J084035.48+065331.4,595334109912856064,BlueStraggler
BPS BS 16090-0069,1604355110385124608,BlueStraggler
SDSS J142109.25+512510.4,1604799931559004288,BlueStraggler
SDSS J141929.57+475343.7,1507760643064076032,BlueStraggler
SDSS J080613.65+142522.3,653947769119708544,BlueStraggler
Cl* NGC 6791     KU B1,2051297889767475712,BlueStraggler
Gaia DR2 2946939862525500288,2946939862525500288,BlueStraggler
SDSS J233127.31+535221.0,1994258288836310656,BlueStraggler
SDSS J085638.18+421345.5,912809472435423872,BlueStraggler
SDSS J105405.11+050842.7,3864124317491401216,BlueStraggler
CRTS J133837.3-004020,3661847270703980928,BlueStraggler
[NMM2020] WOCS  20009,1995014237443527680,BlueStraggler
SDSS J152844.32+464248.9,1395755008449637632,BlueStraggler
SDSS J234815.98+440853.7,1925944497525342080,BlueStraggler
TYC 3986-453-1,2005038240133301632,BlueStraggler
NGC  2168   705,3426294354907151488,BlueStraggler
Gaia DR2 6054246343562704640,6054246343562704640,BlueStraggler
HD 148305,6016938642708734464,BlueStraggler
PB  7843,2435831568816869632,BlueStraggler
SDSS J085338.49+181930.9,659970623234770048,BlueStraggler
SDSS J021618.14+001602.2,2501010553687412480,BlueStraggler
Gaia DR2 2211221070051520384,2211221070051520384,BlueStraggler
SDSS J092103.78+210548.7,637752237719923584,BlueStraggler
SDSS J073059.97+380418.7,898956618061604352,BlueStraggler
SDSS J203533.28+755645.7,2278194346224905344,BlueStraggler
SDSS J015838.63-004750.4,2507396100609529472,BlueStraggler
SDSS J091310.90+221739.1,638791482366940160,BlueStraggler
SDSS J094947.58+100148.7,3879220543421082624,BlueStraggler
SDSS J020017.48-003548.8,2507426715136090112,BlueStraggler
SDSS J101003.91+045652.6,3861103241790371840,BlueStraggler
SDSS J081606.31+385336.0,908422592838377216,BlueStraggler
SDSS J012923.12+135256.7,2587263147782335616,BlueStraggler
SBSS 0937+529,1020389985063425792,BlueStraggler
SDSS J155346.11+031042.6,4425072369476379392,BlueStraggler
SDSS J162339.77+370045.2,1330435560967971456,BlueStraggler
MGC 33302,3696663095943854080,BlueStraggler
SDSS J025952.11+043825.6,2248398199595264,BlueStraggler
SDSS J170527.23+232811.7,4571394552266606080,BlueStraggler
SDSS J163535.01+290829.8,1311704899351915136,BlueStraggler
SDSS J085042.30+031306.5,581124193433685760,BlueStraggler
Cl* NGC 6218    VMC V13,4379076057178706304,BlueStraggler
SDSS J162913.17+232552.4,1299059523496790912,BlueStraggler
SDSS J093651.69+182312.1,633005955260509312,BlueStraggler
SDSS J221908.12+003235.8,2679136037296998784,BlueStraggler
SDSS J112900.54+373556.9,760818375193866112,BlueStraggler
SDSS J090846.03-000526.4,3842867837148665728,BlueStraggler
SDSS J092552.90+103220.6,592379825247823232,BlueStraggler
SDSS J021542.06-000128.5,2500995190588904192,BlueStraggler
UCAC4 458-021552,3126651808271566592,BlueStraggler
Gaia DR2 1994967783076664960,1994967783076664960,BlueStraggler
SDSS J115307.10+572237.3,845219258563841280,BlueStraggler
SDSS J163557.82+135419.2,4462000571304168448,BlueStraggler
Gaia DR2 461227471247991424,461227471247991424,BlueStraggler
SDSS J114211.57+322532.3,4024657383128498816,BlueStraggler
SDSS J152105.45+355814.7,1291054799672617728,BlueStraggler
Gaia DR2 5621536222472833920,5621536222472833920,BlueStraggler
Gaia DR2 3446530728975261056,3446530728975261056,BlueStraggler
SDSS J031305.97+045500.3,3196005424499712,BlueStraggler
SDSS J235817.11+353746.2,2878559031071753728,BlueStraggler
US 2898,4024694968387305472,BlueStraggler
SDSS J144313.52+375107.9,1486784847423128192,BlueStraggler
PB  1471,1504576423029481344,BlueStraggler
SDSS J205215.80+155401.8,1762851498236374784,BlueStraggler
SDSS J164328.51+373853.3,1328270351991127552,BlueStraggler
SDSS J161742.04+130424.5,4463386505711352448,BlueStraggler
GES J06411609-1628070,2946940682860067712,BlueStraggler
SDSS J124907.90+042603.6,3705441871657494144,BlueStraggler
SDSS J011639.36+320317.4,310697659315356288,BlueStraggler
SDSS J105352.70+335231.7,738144658722857472,BlueStraggler
2MASS J12380835-6821104,5856528520517692032,BlueStraggler
US 3403,5187997615106624256,BlueStraggler
SDSS J074657.51+344608.8,894557441975261696,BlueStraggler
SDSS J155246.41+310550.8,1321549655885167360,BlueStraggler
Gaia DR2 213087999163918080,213087999163918080,BlueStraggler
SDSS J022026.57-005203.7,2500644549459228672,BlueStraggler
SDSS J153029.22+471254.6,1401825648368116480,BlueStraggler
SDSS J155218.68+064457.7,4429918673134581632,BlueStraggler
Gaia DR3 4053279182724038528,4053279182724038528,BlueStraggler
SDSS J171800.74+263350.8,4574061078420920448,BlueStraggler
MGC 68256,3651557280681995776,BlueStraggler
SDSS J234305.16+430139.4,1925453290709150336,BlueStraggler
SDSS J161256.05+205423.3,1205281210395088256,BlueStraggler
SDSS J122705.76-022934.9,3693835564354001152,BlueStraggler
SDSS J135036.46-021932.9,3658249496859235200,BlueStraggler
SDSS J124357.97+385646.1,1521297383547002240,BlueStraggler
SDSS J161012.21+292844.8,1318715355427375616,BlueStraggler
SDSS J124410.84+154016.9,3934221722814827520,BlueStraggler
Gaia DR2 3035355058551185408,3035355058551185408,BlueStraggler
SDSS J130002.45+143559.4,3930301452761703424,BlueStraggler
SDSS J232811.59+491010.9,1942887829973657088,BlueStraggler
SDSS J081249.83+291157.6,684494749055920128,BlueStraggler
SDSS J143557.03+383943.5,1487510074125123968,BlueStraggler
Gaia DR2 3056679609833686400,3056679609833686400,BlueStraggler
SDSS J124954.04+344053.9,1516612635083397888,BlueStraggler
SDSS J140955.84+491827.3,1511119444927805184,BlueStraggler
SDSS J012655.25+070737.0,2566148126482836864,BlueStraggler
SDSS J134145.74+540118.0,1561791434726290304,BlueStraggler
SDSS J090012.22+374555.1,718776559537536896,BlueStraggler
SDSS J134319.77+125017.3,3740398236818183552,BlueStraggler
SDSS J150053.54+552652.0,1612404974313659264,BlueStraggler
SDSS J210457.91+003419.6,2690278350693669632,BlueStraggler
2QZ J140059.7-022041,3657732348437018880,BlueStraggler
Gaia DR2 3140076948324859008,3140076948324859008,BlueStraggler
SDSS J142421.30-021425.4,3646434862166568192,BlueStraggler
Gaia DR2 3035402101335162496,3035402101335162496,BlueStraggler
SDSS J085127.54+145103.1,608963552971678976,BlueStraggler
Gaia DR2 3129922580485778048,3129922580485778048,BlueStraggler
Gaia DR2 213090580442308352,213090580442308352,BlueStraggler
NGC  7789   696,1995062100562319360,BlueStraggler
CD-53  6479,5932570744805867776,BlueStraggler
SDSS J031252.16+404322.1,239148937299368576,BlueStraggler
SDSS J101411.29+035417.6,3860723528026312192,BlueStraggler
SDSS J151933.24+350936.8,1290990379458783488,BlueStraggler
Gaia DR2 3423118793528219008,3423118793528219008,BlueStraggler
SDSS J103704.44+284436.9,734466654888616320,BlueStraggler
SDSS J082242.22+255814.6,679847903679138944,BlueStraggler
SDSS J233115.55+520502.9,1991626947054070656,BlueStraggler
UCAC4 248-034459,5429398695822186880,BlueStraggler
SDSS J163702.31+385543.3,1331621148036025472,BlueStraggler
Gaia DR2 5625906128358912128,5625906128358912128,BlueStraggler
SDSS J031840.67+053303.4,3302417534214272,BlueStraggler
SDSS J143930.71+020259.9,3655535038872781056,BlueStraggler
SDSS J003811.86+010531.6,2544150991915332992,BlueStraggler
SDSS J005037.52+142437.5,2777735262208836096,BlueStraggler
SDSS J094710.09+533222.5,1020534089806160768,BlueStraggler
SDSS J134417.37+622920.4,1664542995364273792,BlueStraggler
SDSS J141159.97+044051.5,3671171472904848384,BlueStraggler
SDSS J091916.70+165353.8,631852022102422784,BlueStraggler
Gaia DR2 433017434556249216,433017434556249216,BlueStraggler
SDSS J115915.68+073827.9,3899633492187080192,BlueStraggler
SDSS J160526.61+264920.9,1316326735136598912,BlueStraggler
SDSS J092934.71+595923.2,1038802574284763264,BlueStraggler
Gaia DR2 511824213222183168,511824213222183168,BlueStraggler
SDSS J101015.88+360601.0,753640763287478784,BlueStraggler
CRTS J072516.2+365244,897323087379979264,BlueStraggler
SDSS J135521.90+352949.6,1483121682699992704,BlueStraggler
SDSS J124339.41+593223.8,1578415084169441792,BlueStraggler
SDSS J031022.69-010509.8,3265443397263504768,BlueStraggler
2MASS J12345207-6826466,5856436298981175168,BlueStraggler
Cl* NGC 6397  ABCPO     711,5921751064913592064,BlueStraggler
SDSS J154522.17-005414.2,4404393407616274176,BlueStraggler
2QZ J134053.1-020520,3661447559572046592,BlueStraggler
SDSS J213435.08+122141.6,1769930222814245504,BlueStraggler
SDSS J102933.63+053015.5,3861947013885651584,BlueStraggler
Gaia DR2 445986453379278336,445986453379278336,BlueStraggler
Gaia DR2 431008012638255232,431008012638255232,BlueStraggler
SDSS J160845.80+254839.5,1315267664920379648,BlueStraggler
UCAC4 337-025446,5618185632592842752,BlueStraggler
SDSS J155633.87+353040.7,1371903715024521856,BlueStraggler
SDSS J161617.37+361713.5,1329964729472616832,BlueStraggler
SDSS J012034.01+144801.0,2590543437644725504,BlueStraggler
CRTS J075531.3+201917,673436067263551744,BlueStraggler
SDSS J001226.89-104754.5,2427672062963406976,BlueStraggler
SDSS J083352.73+082157.4,596529626945416192,BlueStraggler
SDSS J083930.32+222335.8,665255490297035136,BlueStraggler
UCAC4 397-030674,3040318533217545472,BlueStraggler
HD  65032,5602116682473193984,BlueStraggler
SDSS J003437.23+134720.7,2779196921183690112,BlueStraggler
SDSS J002226.29-095514.7,2425161946636106624,BlueStraggler
Gaia DR2 5856528623597294720,5856528623597294720,BlueStraggler
SDSS J001335.10-101758.1,2427906976198955392,BlueStraggler
SDSS J030439.33-062814.7,5180223827380248320,BlueStraggler
Gaia DR2 3426276148542677888,3426276148542677888,BlueStraggler
Cl* NGC  188    DGV     702,573938408207239296,BlueStraggler
SDSS J084043.51+312800.5,709518431113912832,BlueStraggler
KIC 2437338,2051293289863230720,BlueStraggler
SDSS J234114.38+414856.8,1922248901507799680,BlueStraggler
Gaia DR2 5527430705876933504,5527430705876933504,BlueStraggler
SDSS J092910.23+333830.9,701360982548238720,BlueStraggler
SDSS J080734.54+074241.8,3097861538675148800,BlueStraggler
HD 328430,5943011943295115392,BlueStraggler
Gaia DR2 250926149944003072,250926149944003072,BlueStraggler
SDSS J104339.48+010434.5,3807404017307705472,BlueStraggler
SDSS J164158.15+212345.1,4564316858480378368,BlueStraggler
SDSS J030816.08+404549.2,239105811531119488,BlueStraggler
SDSS J201240.63+765042.5,2290421400859151104,BlueStraggler
Gaia DR2 2932568558359918592,2932568558359918592,BlueStraggler
SDSS J211120.49-010254.8,2689074763423607936,BlueStraggler
SDSS J205001.51+761138.4,2278541486957863424,BlueStraggler
SDSS J112056.11+072533.9,3817799113769725440,BlueStraggler
UCAC4 445-034769,3109976821085220736,BlueStraggler
SDSS J041025.36-045751.4,3203494919289267968,BlueStraggler
SDSS J031905.39+400629.4,236237293070557696,BlueStraggler
SDSS J112352.10+003428.5,3798315935228642432,BlueStraggler
SDSS J162923.67+360729.1,1330838501915441408,BlueStraggler
SDSS J032608.10+054058.2,9160344904369536,BlueStraggler
SDSS J092358.85+303408.8,700351768312787456,BlueStraggler
SDSS J082515.16+291122.9,707561781451762432,BlueStraggler
SDSS J105504.18+291207.0,731552433679125504,BlueStraggler
SDSS J162949.04+311011.1,1324194805984857344,BlueStraggler
SDSS J075243.76+330438.6,882149964355938688,BlueStraggler
SDSS J090150.99+252008.5,691352815395376640,BlueStraggler
SDSS J121758.19+284048.4,4010266008576756352,BlueStraggler
SDSS J091912.19+321431.9,701581911369339392,BlueStraggler
SDSS J161943.22+054422.1,4437856116295276544,BlueStraggler
UCAC4 771-003838,431108961546890880,BlueStraggler
SDSS J234351.02+464259.7,1939039543576461440,BlueStraggler
SDSS J232023.01+531339.1,1992690522693764992,BlueStraggler
[DBE2012b] 85-TARG23,3845360842325856896,BlueStraggler
SDSS J023141.56-071912.2,5178150973083966080,BlueStraggler
SDSS J003203.72+003227.3,2544061038121494016,BlueStraggler
[TGB2011] J165917.8014-524422.425,5935945523857348992,BlueStraggler
SDSS J060519.37+630643.9,1007985638477509376,BlueStraggler
SDSS J213539.59+000650.8,2687340730502693888,BlueStraggler
SDSS J075131.77+153541.3,666853394227110784,BlueStraggler
SDSS J030922.87+410011.1,239204389620832128,BlueStraggler
SDSS J204549.32+154710.0,1762984642222414592,BlueStraggler
SDSS J125636.76+004238.8,3690244902974899456,BlueStraggler
SDSS J225601.28-085510.4,2606975574497572608,BlueStraggler
SDSS J150636.51+450149.4,1586064180405821696,BlueStraggler
SDSS J013747.01+140736.2,2588604070931739776,BlueStraggler
Gaia DR2 5329370178820387712,5329370178820387712,BlueStraggler
Gaia DR2 3446832343054167808,3446832343054167808,BlueStraggler
SDSS J103649.05+283014.0,734444802094985728,BlueStraggler
SDSS J004431.24+142307.0,2779469222110084352,BlueStraggler
SDSS J171541.01+302314.2,1333081192102186368,BlueStraggler
SDSS J100728.18+204220.4,628392644988494208,BlueStraggler
SDSS J124800.31+614658.6,1580339126438989184,BlueStraggler
SDSS J101230.14+060609.5,3873288884347521408,BlueStraggler
SDSS J121705.18+582029.9,1575095796003672448,BlueStraggler
SDSS J115813.67+135654.8,3920343893208064768,BlueStraggler
Gaia DR2 3341819155719698816,3341819155719698816,BlueStraggler
US 2737,4024211702962345472,BlueStraggler
Gaia DR3 4104868508809790720,4104868508809790720,BlueStraggler
SDSS J164133.34+135206.4,4461296089291182336,BlueStraggler
SDSS J101140.06+352407.6,753544968336982528,BlueStraggler
SDSS J171047.31+235628.6,4571760414760877440,BlueStraggler
SDSS J100600.21+340848.2,747359184638495616,BlueStraggler
SDSS J031156.34+413650.3,239247858985718912,BlueStraggler
SDSS J140740.21-022125.8,3647128108542930432,BlueStraggler
Gaia DR2 431003339713897472,431003339713897472,BlueStraggler
SDSS J125041.39-021951.0,3682678308766349952,BlueStraggler
SDSS J081957.32+321900.2,901406231184634880,BlueStraggler
2QZ J134453.3-013150,3661577851700026880,BlueStraggler
NGC  6791  2025,2051105342096677632,BlueStraggler
SDSS J180249.38+234757.8,4577620919118277376,BlueStraggler
SDSS J162332.04+233143.2,1302121182344113152,BlueStraggler
Cl* NGC 2354      D      I,5617125084907083136,BlueStraggler
Gaia DR2 2002012972551855872,2002012972551855872,BlueStraggler
SDSS J014000.05+222527.9,290553403703060352,BlueStraggler
[SP2014] NGC3201 BSS2,5413575619690182656,BlueStraggler
Gaia DR2 2051266386187680640,2051266386187680640,BlueStraggler
SDSS J111007.50+403325.7,777444365395158528,BlueStraggler
MGC 35755,3696192092649835520,BlueStraggler
SDSS J122225.35+411808.0,1533448327063630976,BlueStraggler
SDSS J110303.82+041047.1,3815053903817857408,BlueStraggler
SDSS J131436.73+644347.1,1677727823408575744,BlueStraggler
GES J07381909+2134457,865401760861112960,BlueStraggler
SDSS J220938.82+694451.9,2223357822996387200,BlueStraggler
SDSS J075710.49+210903.1,673876765267431680,BlueStraggler
NGC  2243  1121,2893942749231117568,BlueStraggler
SDSS J160540.94+310322.5,1322100678713335680,BlueStraggler
SDSS J080702.64+300616.9,876855510926215680,BlueStraggler
Gaia DR3 4053277773974366848,4053277773974366848,BlueStraggler
Gaia DR2 3426271746196892928,3426271746196892928,BlueStraggler
Cl* NGC 6397  ABCPO     599,5921751412820480128,BlueStraggler
SDSS J080535.11+103018.2,3147616810653788032,BlueStraggler
SDSS J085119.70+403137.4,912233225262567552,BlueStraggler
SDSS J080307.00+100836.9,3147534042341053952,BlueStraggler
SDSS J232949.30+533422.7,1992749685863509504,BlueStraggler
SDSS J014236.79-005825.8,2508750355337137280,BlueStraggler
SDSS J162136.99+323655.1,1325495695742272640,BlueStraggler
SDSS J085639.87+241426.3,689773087767436928,BlueStraggler
SDSS J085942.88+195020.1,684568824355326848,BlueStraggler
SDSS J153707.07+513936.4,1595107221162782976,BlueStraggler
SDSS J154954.66+060336.4,4429483202106761088,BlueStraggler
UCAC3 303-305,429388260214525696,BlueStraggler
Gaia DR2 3326766596718502400,3326766596718502400,BlueStraggler
V* HQ Mus,5856527661524172800,BlueStraggler
LAMOST J061519.93+394856.9,959419037352088960,BlueStraggler
SDSS J131011.60-014233.1,3685775422567625344,BlueStraggler
SDSS J122826.63+621900.4,1583449335596271104,BlueStraggler
SDSS J150029.17+455159.7,1587016671008845696,BlueStraggler
UCAC4 571-024411,3426177398654401408,BlueStraggler
Gaia DR2 3326781989881775744,3326781989881775744,BlueStraggler
Gaia DR2 5718367359671689344,5718367359671689344,BlueStraggler
SDSS J025950.39+344449.1,137250425883984512,BlueStraggler
Case A-F  425,799195527187911808,BlueStraggler
SDSS J081155.78+324344.4,902021025687181312,BlueStraggler
SDSS J080535.32+364210.1,907072147745234816,BlueStraggler
Gaia DR2 190160398586969984,190160398586969984,BlueStraggler
Gaia DR2 2929388461499747072,2929388461499747072,BlueStraggler
Gaia DR2 2005040787065289088,2005040787065289088,BlueStraggler
SDSS J094726.54+055332.6,3853003169693100288,BlueStraggler
SDSS J172013.58+274118.4,4574412509824337280,BlueStraggler
Gilmore F867 14-21,3650100157192252288,BlueStraggler
Gaia DR2 2169727631527861888,2169727631527861888,BlueStraggler
SDSS J101227.17+222923.2,629263599932019200,BlueStraggler
Cl* NGC 6819      P      35,2076393834663324032,BlueStraggler
SDSS J030024.25+345703.8,137277123400641536,BlueStraggler
SDSS J021549.27-004025.0,2494907091626537088,BlueStraggler
SDSS J074220.05+283656.3,878433271455833728,BlueStraggler
V* V660 Pup,5507234429619602944,BlueStraggler
SDSS J134644.00+653846.2,1672004964169442048,BlueStraggler
Gaia DR2 508719364185703552,508719364185703552,BlueStraggler
SDSS J103709.14+421802.4,780687478020563584,BlueStraggler
SDSS J162842.10+362155.2,1330892442408553344,BlueStraggler
CRTS J122354.3+154419,3945390871167902336,BlueStraggler
SDSS J081325.29+474525.1,931413346615689472,BlueStraggler
Gaia DR2 213088961236638848,213088961236638848,BlueStraggler
SDSS J013036.69+402453.8,324121326196645632,BlueStraggler
SDSS J131009.25+653707.7,1678093273585798016,BlueStraggler
SDSS J211405.46+105358.7,1744829884180772480,BlueStraggler
HE 0105-0045,2533200332842998400,BlueStraggler
SDSS J101517.23+245522.5,726471212490356224,BlueStraggler
SDSS J013946.16+000318.8,2509833683528517632,BlueStraggler
SDSS J080244.78+074248.5,3145844951962564736,BlueStraggler
SDSS J123201.96+275554.2,4010546074803532800,BlueStraggler
Gaia DR2 3326787079420759936,3326787079420759936,BlueStraggler
SDSS J155039.17+445829.2,1397042119953044992,BlueStraggler
UCAC4 780-039559,2217989766712690432,BlueStraggler
[DBE2012b] 88-TARG15,5183668219352772992,BlueStraggler
Gaia DR2 2211126580772483968,2211126580772483968,BlueStraggler
SDSS J062040.53+635844.7,1007530749901352448,BlueStraggler
SDSS J110123.00+470139.8,783474980515578496,BlueStraggler
SDSS J093555.42+370315.4,799046337204456832,BlueStraggler
2MASS J02104572+2140503,100275396029243136,BlueStraggler
SDSS J002235.26-011344.8,2541859467947940096,BlueStraggler
SDSS J140514.35+454847.9,1505809177426239744,BlueStraggler
[TGB2011] J165905.0282-524237.260,5935945794380138368,BlueStraggler
SDSS J093754.38+310653.2,697672155397694592,BlueStraggler
SDSS J120130.02+063630.8,3898349404341007616,BlueStraggler
SDSS J232350.33+532315.2,1992778208746067968,BlueStraggler
[RFD2012] BSS62,6853741204154730496,BlueStraggler
SDSS J094141.77+620409.5,1063077695082345344,BlueStraggler
SDSS J140742.81+040248.5,3671072340764137728,BlueStraggler
SDSS J092047.96+353936.6,714579654934674816,BlueStraggler
SDSS J074810.27+190702.7,671669457018460544,BlueStraggler
SDSS J095833.11+084445.9,3877870343142753408,BlueStraggler
SDSS J081331.96+270709.5,683602357930737920,BlueStraggler
Gaia DR2 473448302472679296,473448302472679296,BlueStraggler
SDSS J135636.13+031628.7,3665519566525661184,BlueStraggler
PB  1367,1498377376472318208,BlueStraggler
SDSS J084335.11+203442.5,661460457194470272,BlueStraggler
SDSS J125052.16+412040.5,1527965195719634304,BlueStraggler
SDSS J120224.06+402522.1,4034914276132438272,BlueStraggler
SDSS J105050.78+024006.2,3809177289045227008,BlueStraggler
Gaia DR2 6056527825849449344,6056527825849449344,BlueStraggler
Gaia DR2 5410176311999406976,5410176311999406976,BlueStraggler
Gaia DR2 5856528486157936384,5856528486157936384,BlueStraggler
SDSS J162108.76+212733.8,1202371662109811840,BlueStraggler
SDSS J233118.95+531704.1,1994040001418313984,BlueStraggler
SDSS J080135.15+420831.1,922369382440816768,BlueStraggler
Gaia DR2 5258904127858098048,5258904127858098048,BlueStraggler
SDSS J151509.80+455719.6,1587664592594935424,BlueStraggler
Cl* NGC 6752    DSZ      18,6632372855943660416,BlueStraggler
Gaia DR2 5856437089255328384,5856437089255328384,BlueStraggler
NGC  4337    15,6071465932593988992,BlueStraggler
SDSS J172106.73+524843.9,1416158744509534976,BlueStraggler
SDSS J110541.74+271005.6,3998432308523880192,BlueStraggler
[LMD2013] BSS15,6638376498662312576,BlueStraggler
UCAC4 169-028356,5306893618537953280,BlueStraggler
UCAC4 771-063341,2016993200000701952,BlueStraggler
SDSS J154751.98+075732.8,4431126456594320640,BlueStraggler
SDSS J155302.08+364816.7,1373337473891691008,BlueStraggler
Gaia DR2 5856519037229366144,5856519037229366144,BlueStraggler
SDSS J164304.68+234410.1,1299560454123759488,BlueStraggler
SDSS J000225.36+005656.3,2738351236739442304,BlueStraggler
Gaia DR2 6054059323515463040,6054059323515463040,BlueStraggler
Gaia DR2 3032947579064751872,3032947579064751872,BlueStraggler
Gaia DR3 4308142232767212288,4308142232767212288,BlueStraggler
Gaia DR2 5856432828647768960,5856432828647768960,BlueStraggler
HD 180730,4183862715472995840,BlueStraggler
SDSS J162303.48+145111.3,4464123586520793984,BlueStraggler
Gaia DR2 3326758079801884288,3326758079801884288,BlueStraggler
SDSS J102100.16+322207.2,749023540301085824,BlueStraggler
KIC 2437238,2051293186784004096,BlueStraggler
SDSS J092819.82+051044.5,3852153178485590144,BlueStraggler
SDSS J084918.63+265111.6,691277464489593984,BlueStraggler
SDSS J160159.30+224433.6,1206367394740930816,BlueStraggler
Gaia DR2 3157241523126689536,3157241523126689536,BlueStraggler
TYC 6528-1196-1,5616373431268523264,BlueStraggler
SDSS J130154.10+512735.4,1557545494480386688,BlueStraggler
[MPD2009] 45396,5935993868013753216,BlueStraggler
TYC 3363-381-1,212461827292287744,BlueStraggler
SDSS J164002.29+221355.1,1297809103898379008,BlueStraggler
SDSS J100217.47+324929.6,746706418328974464,BlueStraggler
SDSS J130103.80+133344.8,3929976405340803328,BlueStraggler
Gaia DR2 5507040911275275904,5507040911275275904,BlueStraggler
SDSS J075819.00+205224.2,673854392780481024,BlueStraggler
Gaia DR3 251397325037882496,251397325037882496,BlueStraggler
[MLF2014] 111763,6083701744641104384,BlueStraggler
SDSS J085430.59+374722.6,719483197620251008,BlueStraggler
SDSS J123712.80-005120.7,3695465487263152896,BlueStraggler
SDSS J095123.64+591815.1,1049782061177383936,BlueStraggler
SDSS J094320.13+385826.2,800725218443409280,BlueStraggler
SDSS J103425.44+423256.7,780763481762477824,BlueStraggler
Gaia DR2 3140078425793639040,3140078425793639040,BlueStraggler
SDSS J024104.29+002311.4,2498775998167441280,BlueStraggler
SDSS J125245.56+014418.8,3702567507744958976,BlueStraggler
Gaia DR2 3326784399361287808,3326784399361287808,BlueStraggler
SDSS J173406.60+550621.3,1420943582891198976,BlueStraggler
SDSS J140105.95+553358.2,1657490242451597952,BlueStraggler
SDSS J025300.21-065038.9,5180758258751114496,BlueStraggler
SDSS J222837.53-004835.2,2630033462907733632,BlueStraggler
SDSS J011926.11+314847.5,310623549654868480,BlueStraggler
SDSS J135107.23-020737.7,3658259564262648192,BlueStraggler
[TGB2011] J165908.7117-524207.656,5935945833095055744,BlueStraggler
SDSS J115548.74+292336.5,4020088083386444800,BlueStraggler
SDSS J232734.18+515457.4,1991610389956324992,BlueStraggler
Gaia DR2 5529721156094954624,5529721156094954624,BlueStraggler
SDSS J073729.24+392522.0,899502289362758016,BlueStraggler
SDSS J224552.86+004434.1,2653705192339880704,BlueStraggler
SDSS J032419.08-003622.6,3262766395687213440,BlueStraggler
SDSS J135335.32+525648.1,1560702089284901632,BlueStraggler
Gaia DR2 2929387293268584448,2929387293268584448,BlueStraggler
CRTS J083134.9+251209,678811339092998144,BlueStraggler
SDSS J100731.67+030613.3,3836611547267342464,BlueStraggler
SDSS J082518.99+283929.4,707396025777904128,BlueStraggler
SDSS J095530.77+203033.2,627820211747810560,BlueStraggler
SDSS J074546.95+274430.2,875319317087220096,BlueStraggler
SDSS J093705.86+171152.5,620768184685002368,BlueStraggler
SDSS J102229.22+064013.6,3863058134809652224,BlueStraggler
Gaia DR2 513587898588690560,513587898588690560,BlueStraggler
NGC  6819   543,2076299826420527232,BlueStraggler
[DBE2012b] 85-TARG21,3712834266288556544,BlueStraggler
Gaia DR2 204407943275415040,204407943275415040,BlueStraggler
SDSS J113652.19+333422.9,4025741119341288192,BlueStraggler
SDSS J080203.64+241358.3,681321210604237696,BlueStraggler
SDSS J090407.49+070206.4,584100949367399552,BlueStraggler
SDSS J130626.95+394028.3,1524006232304675328,BlueStraggler
SDSS J071640.74+655259.4,1101977493056388992,BlueStraggler
SDSS J005250.00+000008.3,2536876068934416000,BlueStraggler
Gaia DR2 1826622588589889280,1826622588589889280,BlueStraggler
SDSS J073745.71+385006.8,899259636594030848,BlueStraggler
SDSS J142312.59+480403.1,1507376496892095360,BlueStraggler
SDSS J092455.21+235644.0,639417070123393280,BlueStraggler
SDSS J012403.19+321909.0,316489886570739584,BlueStraggler
SDSS J031742.95+395459.6,235856862046498816,BlueStraggler
SDSS J085428.48+341154.1,713257286043805696,BlueStraggler
SDSS J003329.47+154607.7,2780739368494491136,BlueStraggler
SDSS J154930.24+354651.4,1372815755624047488,BlueStraggler
SDSS J080824.68+063707.1,3097436096394592256,BlueStraggler
Gaia DR2 459198185104700544,459198185104700544,BlueStraggler
TYC 5405-1566-1,3033962183479250432,BlueStraggler
SDSS J022432.45-074854.2,5176837400286057216,BlueStraggler
SDSS J203238.01+151304.8,1804738076597734656,BlueStraggler
SDSS J091808.93+240844.6,687428864553716736,BlueStraggler
SDSS J053318.23+632611.7,287329429452671360,BlueStraggler
UCAC4 677-035304,208543824983422848,BlueStraggler
SDSS J123506.96+304604.2,4012206410376504064,BlueStraggler
[CWH2004] ISA94-007,113082194756224,BlueStraggler
SDSS J074446.99+282849.8,878395480040115584,BlueStraggler
SDSS J155755.67+023749.5,4412810826260102656,BlueStraggler
SDSS J130122.46+124330.4,3737370727255611136,BlueStraggler
SDSS J091555.36+311732.7,699932888742232832,BlueStraggler
IC 1805    7,513587451912217216,BlueStraggler
SDSS J123448.15+450507.5,1541549494377790976,BlueStraggler
SDSS J095507.84+394238.7,806245419650183040,BlueStraggler
Gaia DR3 4155084063769708544,4155084063769708544,BlueStraggler
Gaia DR2 2002011666882010368,2002011666882010368,BlueStraggler
HD 308418,5240688243858069376,BlueStraggler
Case A-F  695,737114691205118720,BlueStraggler
Gaia DR2 5856527558444960128,5856527558444960128,BlueStraggler
SDSS J080738.24+245506.1,681004929213354496,BlueStraggler
SDSS J104921.00+301652.5,734915805388857600,BlueStraggler
2MASS J01353215+0057292,2510186287458774016,BlueStraggler
Pul -3  270542,239403989638625664,BlueStraggler
SDSS J161331.53+285744.0,1318442882702081664,BlueStraggler
SDSS J130110.91+043251.9,3704903901234072704,BlueStraggler
SDSS J031324.75+410439.7,239163810770017792,BlueStraggler
SDSS J163318.68+163909.1,4466177611681281664,BlueStraggler
SDSS J134908.78+472815.6,1509930731122931968,BlueStraggler
SDSS J130538.92+032826.9,3692711829110553600,BlueStraggler
SDSS J075926.69+061351.5,3096048551376739072,BlueStraggler
Gaia DR2 3326834736377867264,3326834736377867264,BlueStraggler
Gaia DR2 3446883676506095104,3446883676506095104,BlueStraggler
Gaia DR2 433016231962219008,433016231962219008,BlueStraggler
SDSS J074541.73+284006.2,878393040498651520,BlueStraggler
[SP2014] NGC5139 BSS47,6083701744665771392,BlueStraggler
Gaia DR2 2169758486571780224,2169758486571780224,BlueStraggler
SDSS J085745.55+203850.3,684882528766947456,BlueStraggler
2MASS J03254360+0003515,3264326057226540032,BlueStraggler
TYC 6528-910-1,5616347932036779264,BlueStraggler
Gaia DR2 3221067795160638976,3221067795160638976,BlueStraggler
SDSS J084314.40+074552.8,595518660362854656,BlueStraggler
Gaia DR2 5856511271928032256,5856511271928032256,BlueStraggler
Gaia DR2 5856527764603421184,5856527764603421184,BlueStraggler
SDSS J091919.64+214156.3,638546291273547776,BlueStraggler
SDSS J010651.39-002632.3,2533245451475095680,BlueStraggler
SDSS J153112.69+361018.8,1374998943336384000,BlueStraggler
Cl* NGC 6791    SBG    8481,2051099260422925440,BlueStraggler
SDSS J150331.47+475029.7,1588953353365400960,BlueStraggler
Gaia DR2 513587383192742272,513587383192742272,BlueStraggler
SDSS J094014.56+530901.7,1020465881430157184,BlueStraggler
SDSS J080742.72+245409.7,681004654335438208,BlueStraggler
SDSS J141632.85-011732.9,3647571069994292864,BlueStraggler
SDSS J202102.92+761335.8,2290190911437371648,BlueStraggler
SDSS J073011.73+384223.3,899406455755786624,BlueStraggler
SDSS J233141.75+524358.5,1993213821509596032,BlueStraggler
SDSS J080327.78+470328.2,932835732408696576,BlueStraggler
SDSS J082318.00+164805.9,656008979761585280,BlueStraggler
SDSS J202050.62+763825.6,2290216032702273920,BlueStraggler
SDSS J111421.31+582531.4,857496508478737280,BlueStraggler
SDSS J204532.58-050658.3,6914312165857280640,BlueStraggler
Gaia DR2 3119329129548845824,3119329129548845824,BlueStraggler
Gaia DR2 2051293083698339328,2051293083698339328,BlueStraggler
2MASS J08551804+1939084,660583738405818368,BlueStraggler
SDSS J234106.59+422237.1,1925326468913559552,BlueStraggler
Gaia DR2 2058928539150641024,2058928539150641024,BlueStraggler
SDSS J090306.20+075743.4,585049862262240512,BlueStraggler
SDSS J103654.37+273919.2,728352030208396288,BlueStraggler
SDSS J162245.66+344121.5,1329196617521405824,BlueStraggler
TYC 5704-467-1,4100516637406302720,BlueStraggler
SDSS J011325.10+264341.2,306915751632320512,BlueStraggler
SDSS J141935.72+531823.6,1608059326403703936,BlueStraggler
Gaia DR2 2034230931025687424,2034230931025687424,BlueStraggler
SDSS J113611.06+291713.6,4019400785539525248,BlueStraggler
SDSS J023646.38+000915.9,2501767185190624768,BlueStraggler
Gaia DR2 5529718583418421120,5529718583418421120,BlueStraggler
Gaia DR2 3426177604812829056,3426177604812829056,BlueStraggler
Gaia DR2 1969804252578650112,1969804252578650112,BlueStraggler
Gaia DR2 3326786353568812416,3326786353568812416,BlueStraggler
SDSS J085525.88+580148.3,1037232780918808576,BlueStraggler
SDSS J133726.58-022100.1,3637445804853580160,BlueStraggler
SDSS J093546.89+513744.1,1018809638961000832,BlueStraggler
SDSS J073042.12+353108.2,895459861847099520,BlueStraggler
SDSS J172544.49+265216.0,4571136995966978944,BlueStraggler
SDSS J145125.71+005711.6,3652024611778560896,BlueStraggler
SDSS J085004.31+061139.6,582898530323734528,BlueStraggler
SDSS J073922.57+225627.4,867235673240624256,BlueStraggler
Gaia DR2 2074535728745996288,2074535728745996288,BlueStraggler
Gaia DR3 4308138831152837760,4308138831152837760,BlueStraggler
Gaia DR2 208562340585147136,208562340585147136,BlueStraggler
SDSS J141122.74+313501.7,1477562109528709760,BlueStraggler
Gaia DR2 212898956180709504,212898956180709504,BlueStraggler
SDSS J121127.43+091128.3,3905155827993378560,BlueStraggler
SDSS J091532.49+302849.0,699115363191021184,BlueStraggler
SDSS J112114.99+054701.7,3813968067366146560,BlueStraggler
SDSS J224204.16+132028.6,2731669504576374272,BlueStraggler
Gaia DR2 5588811767135281536,5588811767135281536,BlueStraggler
PHL  8404,2501782303475663488,BlueStraggler
SDSS J033514.48-073159.5,5165557995829199488,BlueStraggler
SDSS J004320.50+010126.9,2549359064962534912,BlueStraggler
SDSS J112552.51+514233.2,838680050596787200,BlueStraggler
SDSS J125141.87+025425.8,3702987280668116864,BlueStraggler
SDSS J021112.12+001745.8,2507085321071056640,BlueStraggler
SDSS J083922.90+130156.8,603085907406475648,BlueStraggler
SDSS J082231.03+280720.1,683345140929056384,BlueStraggler
SDSS J074651.05+265858.4,874956478249843456,BlueStraggler
SDSS J201715.54+774318.9,2290611749512979200,BlueStraggler
PB  7424,2606520376683586944,BlueStraggler
SDSS J220646.17-000630.4,2680389755430251520,BlueStraggler
[MLF2014] 258947,6083714904438879232,BlueStraggler
SDSS J073532.32+295619.7,879468289854766208,BlueStraggler
SDSS J053507.89+622539.3,286417698092403584,BlueStraggler
SDSS J002612.95+000811.4,2543756542119284224,BlueStraggler
Gaia DR2 3326765840806069504,3326765840806069504,BlueStraggler
SDSS J224613.07+234809.1,1876344424188880896,BlueStraggler
SDSS J172456.70+524228.9,1416048557124192128,BlueStraggler
SDSS J163057.94+292445.3,1305963318351347200,BlueStraggler
SDSS J035814.90-045054.1,3245768461317998208,BlueStraggler
SDSS J023103.18+010820.6,2501372907193026944,BlueStraggler
SDSS J083855.75+064621.1,594965945315789440,BlueStraggler
SDSS J092345.83+414728.2,814397855989500160,BlueStraggler
2MASS J12082251+6714415,1681452556486642688,BlueStraggler
SDSS J164638.74+220359.9,4565853597779336192,BlueStraggler
Cl* NGC 1904    SAW V17,2957939991028929536,BlueStraggler
PB   854,1496993125693080448,BlueStraggler
SDSS J114142.84+143356.3,3924105876537672576,BlueStraggler
NGC  2682   124,604917285757663872,BlueStraggler
Gaia DR2 3426177364294636160,3426177364294636160,BlueStraggler
SDSS J031719.17+421823.0,239703052503610112,BlueStraggler
SDSS J085034.79+005901.3,3075562004049428864,BlueStraggler
SDSS J115808.75+464235.3,774258225512270848,BlueStraggler
UCAC4 148-120876,6056602906231196032,BlueStraggler
SDSS J081402.47+381947.9,908026867435815552,BlueStraggler
SDSS J122954.78+405018.4,1534640640049415040,BlueStraggler
NGC   188  1032,573942943692668416,BlueStraggler
SDSS J005350.08-011152.6,2535866133144426880,BlueStraggler
SDSS J223548.83+001944.8,2654183101941040256,BlueStraggler
SDSS J003003.07+150559.2,2780318423043903360,BlueStraggler
SDSS J080303.58+451712.1,929264690440885376,BlueStraggler
PB  2925,4018550382014942336,BlueStraggler
SDSS J083725.38+053342.8,594587575877761664,BlueStraggler
Gaia DR2 2929385918879160704,2929385918879160704,BlueStraggler
SDSS J075234.64+173431.8,668280143706188416,BlueStraggler
SDSS J020440.66+003049.0,2507995506244934400,BlueStraggler
SDSS J095601.88+024403.4,3848353438098665344,BlueStraggler
Gaia DR2 3426177433010871168,3426177433010871168,BlueStraggler
SDSS J030951.06+051114.8,4012770765311872,BlueStraggler
SDSS J021223.65+053140.6,2520048975479393152,BlueStraggler
Gaia DR2 5355669741053816192,5355669741053816192,BlueStraggler
NGC  6819   600,2076299757701067264,BlueStraggler
SDSS J141624.16-025735.1,3646147786552079744,BlueStraggler
Cl* NGC 6397  ABCPO    1687,5921747564529043968,BlueStraggler
SDSS J002615.19-101526.1,2426403256608913152,BlueStraggler
[MLF2014] 332149,6083713255168345600,BlueStraggler
Gaia DR2 2947056616924962304,2947056616924962304,BlueStraggler
2MASS J12050324+4804259,1546185550802795008,BlueStraggler
SDSS J100049.66+641511.5,1065187623536512640,BlueStraggler
SDSS J154843.93+305455.9,1321205951126870656,BlueStraggler
Gaia DR3 5933117442538754816,5933117442538754816,BlueStraggler
Gaia DR2 1969804394326716416,1969804394326716416,BlueStraggler
SDSS J161145.26+454232.3,1386623736178877568,BlueStraggler
Gaia DR3 4279542663989580800,4279542663989580800,BlueStraggler
SDSS J012337.05+405432.2,372190359655169792,BlueStraggler
SDSS J122753.27-020603.2,3693957472705497216,BlueStraggler
SDSS J123706.75+305954.5,4012295848775795456,BlueStraggler
SDSS J074313.08+174403.2,671100876363635840,BlueStraggler
SDSS J110101.87+530952.7,837365038986585984,BlueStraggler
Gaia DR2 3038058590143955968,3038058590143955968,BlueStraggler
Cl* NGC 6397    DSZ       1,5921745296786382336,BlueStraggler
SDSS J101701.89+070806.8,3873854548720443392,BlueStraggler
SDSS J164213.35+131145.3,4461046607532814848,BlueStraggler
SDSS J204753.78+142650.3,1762223024262022784,BlueStraggler
SDSS J223316.43+010843.5,2702357825954603008,BlueStraggler
SDSS J140802.85+485116.8,1511014918307604608,BlueStraggler
SDSS J085251.27+361216.6,717129899139632128,BlueStraggler
SDSS J031740.52+413456.7,239376566270571392,BlueStraggler
SDSS J031537.43+403106.6,238900546453537024,BlueStraggler
Gaia DR2 5252334442815274240,5252334442815274240,BlueStraggler
Gaia DR3 5229987384358403584,5229987384358403584,BlueStraggler
SDSS J122751.54+391256.8,1532240062568743936,BlueStraggler
Gaia DR2 2179039567301811584,2179039567301811584,BlueStraggler
Gaia DR2 5507234086022210688,5507234086022210688,BlueStraggler
SDSS J152327.02+354239.0,1375096971669512576,BlueStraggler
Gaia DR3 4252698633060348672,4252698633060348672,BlueStraggler
Gaia DR2 5856516597687652352,5856516597687652352,BlueStraggler
[TGM2014] 11003,2051293045054342400,BlueStraggler
Gaia DR2 2074532739448654080,2074532739448654080,BlueStraggler
SDSS J103236.68+210311.5,720842675028594048,BlueStraggler
SDSS J105356.74+492019.3,832954893550495744,BlueStraggler
Gaia DR2 3446881855439992704,3446881855439992704,BlueStraggler
Gaia DR2 2169751442825215488,2169751442825215488,BlueStraggler
SDSS J053324.47+632845.6,287330567620732672,BlueStraggler
SDSS J155349.82+381907.9,1376568251370686208,BlueStraggler
Gaia DR2 5339932499850678784,5339932499850678784,BlueStraggler
Gaia DR2 5588806677593789824,5588806677593789824,BlueStraggler
Cl* NGC 2627    PCA  1-1641,5643761956677482496,BlueStraggler
SDSS J113512.64+533528.5,841106677055334656,BlueStraggler
SDSS J032214.84+044435.2,3001838542978944,BlueStraggler
Gaia DR2 2169725363781229568,2169725363781229568,BlueStraggler
SDSS J190926.75+775755.8,2293022394396820608,BlueStraggler
CHSS  962,2543698645960108672,BlueStraggler
SDSS J081919.13+244205.3,679261520384607232,BlueStraggler
SDSS J110110.59+042459.4,3815822909121974144,BlueStraggler
Gaia DR2 3426177845330949120,3426177845330949120,BlueStraggler
SDSS J165452.13+270254.8,1306913502556023680,BlueStraggler
Gaia DR2 424323359898676864,424323359898676864,BlueStraggler
Gaia DR2 3129420756506883072,3129420756506883072,BlueStraggler
Gaia DR2 424418364574755328,424418364574755328,BlueStraggler
SDSS J080422.66+322303.5,878177467500361728,BlueStraggler
Gaia DR3 5933114625040005632,5933114625040005632,BlueStraggler
SDSS J101401.96+194842.3,625309202067298176,BlueStraggler
SDSS J153827.31+402348.5,1389565616978702976,BlueStraggler
SDSS J161935.73+432828.2,1382380652088266752,BlueStraggler
SDSS J115508.33+291201.6,4020078840616695040,BlueStraggler
SDSS J130034.03+505002.0,1557414652596478208,BlueStraggler
SDSS J125159.93+154455.1,3931458070274956032,BlueStraggler
SDSS J145626.26+381317.1,1296070840438016896,BlueStraggler
SDSS J093114.80+264829.4,694261981427389312,BlueStraggler
SDSS J115039.01+151732.0,3924389722336294272,BlueStraggler
SDSS J015149.34+000719.3,2509261323301870464,BlueStraggler
Gaia DR2 2051293255503782912,2051293255503782912,BlueStraggler
SDSS J174340.80+535439.0,1416923283048195840,BlueStraggler
SDSS J025051.29+333316.4,139662479517611648,BlueStraggler
SDSS J112216.80+420736.0,771673376753644032,BlueStraggler
SDSS J031320.56+044900.8,3182295888875392,BlueStraggler
SDSS J080021.86+454724.0,932300854362105344,BlueStraggler
SDSS J145915.41+324628.4,1289342241592454144,BlueStraggler
SDSS J022155.68+011259.4,2501565149928874880,BlueStraggler
SDSS J090251.04+261442.5,691557492060441472,BlueStraggler
SDSS J232343.49+513539.7,1991554379285923200,BlueStraggler
SDSS J203503.69+154341.4,1810787353350980096,BlueStraggler
Gaia DR2 5856527455365743488,5856527455365743488,BlueStraggler
Gaia DR2 3446529736841701888,3446529736841701888,BlueStraggler
SDSS J100005.80+331923.4,746969132888609152,BlueStraggler
SDSS J124020.07+452541.6,1541237782833308032,BlueStraggler
SDSS J032125.72-063147.8,5169655051031523840,BlueStraggler
Gaia DR2 208729397632584960,208729397632584960,BlueStraggler
Gaia DR2 3446836466225901440,3446836466225901440,BlueStraggler
SDSS J075504.27+264503.4,874547391204737280,BlueStraggler
SDSS J080501.28+332955.8,905279157814298368,BlueStraggler
SDSS J105244.13+354745.7,774620132340142208,BlueStraggler
SDSS J204540.33+143456.1,1762284184596098048,BlueStraggler
CHSS 1197,3265881934899338240,BlueStraggler
SDSS J035532.40-054231.6,3245285397756036224,BlueStraggler
SDSS J145307.81-004219.7,3650807963507709184,BlueStraggler
SDSS J115506.99+623200.3,860076379370343424,BlueStraggler
UCAC4 165-053236,5351273618689915136,BlueStraggler
SDSS J120726.91+643707.8,1585012295669542272,BlueStraggler
SDSS J073654.98+422831.4,924642931968643584,BlueStraggler
SDSS J120240.95+263804.0,4006421261228209664,BlueStraggler
SDSS J083156.47+253753.3,678908882093333376,BlueStraggler
SDSS J100956.24+235932.0,630411107818985088,BlueStraggler
Gaia DR2 2893942921029820544,2893942921029820544,BlueStraggler
SDSS J094805.33+342227.9,794571256160820608,BlueStraggler
SDSS J002658.97-090226.3,2426820349473077632,BlueStraggler
SDSS J031306.32+420306.4,239636020950323584,BlueStraggler
SDSS J144023.98+043507.6,1158860654103809280,BlueStraggler
SDSS J082714.35+233218.1,678035766781603456,BlueStraggler
Gaia DR2 2929386949671313920,2929386949671313920,BlueStraggler
SDSS J032125.79+415017.4,239444564192232576,BlueStraggler
SDSS J145738.88+463009.9,1587291892512594304,BlueStraggler
Gaia DR2 3326809447610239232,3326809447610239232,BlueStraggler
Gaia DR2 3129684776736116992,3129684776736116992,BlueStraggler
SDSS J010330.38+005426.5,2538083401420802560,BlueStraggler
SDSS J100843.14+482328.9,822866122748298496,BlueStraggler
Gaia DR3 5885221788242902272,5885221788242902272,BlueStraggler
SDSS J001739.32+001108.7,2545527954134293888,BlueStraggler
SDSS J073811.11+270137.4,872178016662749568,BlueStraggler
SDSS J134016.90+582736.2,1661982194127660544,BlueStraggler
MGC 49408,3662705680047543936,BlueStraggler
LS  IV -06   40,4252502786960993408,BlueStraggler
SDSS J211535.60+111911.6,1746348339802856960,BlueStraggler
Gaia DR2 184098241227893248,184098241227893248,BlueStraggler
SDSS J023532.70-071217.3,5178210484150907136,BlueStraggler
2MASS J02145084+0713292,2521453940886308864,BlueStraggler
SDSS J170226.91+330827.1,1337592453951333760,BlueStraggler
SDSS J160414.66+223148.2,1206117805601098368,BlueStraggler
SDSS J132748.81+044340.4,3716228080726281216,BlueStraggler
SDSS J091330.57+212020.8,637164411315885184,BlueStraggler
SDSS J104433.65+095454.6,3869556287185180800,BlueStraggler
Gaia DR2 1873187971132411648,1873187971132411648,BlueStraggler
SDSS J232343.55+531738.3,1992773948138559232,BlueStraggler
SDSS J061142.77+650213.1,1008479417980619136,BlueStraggler
SDSS J232404.21+540402.1,1995824062112181248,BlueStraggler
SDSS J012605.23+321356.0,316441954734967424,BlueStraggler
Gaia DR3 4065129959544270464,4065129959544270464,BlueStraggler
SDSS J075236.39+152136.8,666646686041648640,BlueStraggler
SDSS J130544.05+020205.5,3691977595861086976,BlueStraggler
SDSS J102111.89+614635.7,1051784095757454720,BlueStraggler
SDSS J030844.59+004526.7,3267083971690778624,BlueStraggler
SDSS J155021.57+400902.5,1376974868810621184,BlueStraggler
SDSS J134238.27+594642.5,1662454296933135488,BlueStraggler
SDSS J032752.60+045203.7,3275666518939293568,BlueStraggler
SDSS J074410.25+192208.9,671914377529772928,BlueStraggler
[CWH2004] CF854-001,3855150554557220096,BlueStraggler
SDSS J122718.73+284645.2,4010097611498487168,BlueStraggler
SDSS J181038.45+234841.2,4578363501781993344,BlueStraggler
Gaia DR3 5963809003916696320,5963809003916696320,BlueStraggler
SDSS J153312.14+353513.8,1374909161340047744,BlueStraggler
SDSS J143450.21-010504.4,3649993401485275904,BlueStraggler
SDSS J114114.42+383121.3,766497490190425984,BlueStraggler
SDSS J011713.76+302209.7,309880756535997312,BlueStraggler
SDSS J230938.59-001858.7,2651050558953739520,BlueStraggler
Gaia DR2 5437944237631155072,5437944237631155072,BlueStraggler
SDSS J210740.06+004812.5,2690637375600259072,BlueStraggler
SDSS J025751.24+343325.8,137194724452775040,BlueStraggler
SDSS J105435.91+275522.8,731318031543903104,BlueStraggler
SDSS J134636.19-030309.7,3658083260150086272,BlueStraggler
SDSS J232541.41+492759.5,1942874227817741184,BlueStraggler
SDSS J054248.72+615510.2,283535912476061696,BlueStraggler
Gaia DR2 508342540934241536,508342540934241536,BlueStraggler
Gaia DR2 208546535104330752,208546535104330752,BlueStraggler
SDSS J235324.24+384306.1,2881509501805285248,BlueStraggler
SDSS J140354.84+591115.5,1659970912482924544,BlueStraggler
SDSS J023414.13+252440.7,126387040546741120,BlueStraggler
Gaia DR2 3426177604812830976,3426177604812830976,BlueStraggler
SDSS J224156.53+240608.7,1876232892478097024,BlueStraggler
SDSS J082037.11+253840.9,679471905062370432,BlueStraggler
SDSS J215807.82+005321.3,2681494219155747072,BlueStraggler
SDSS J204654.37+011039.3,4228654787657446528,BlueStraggler
Cl* NGC 5139    SAW V236,6083714217253337344,BlueStraggler
Gaia DR2 3038043746737012096,3038043746737012096,BlueStraggler
SDSS J150318.98+461412.6,1587111847483929216,BlueStraggler
SDSS J161151.23+253534.7,1303217116262493824,BlueStraggler
SDSS J215458.57-003217.2,2680161366249199104,BlueStraggler
SDSS J030958.14+414244.1,240000058082560896,BlueStraggler
SDSS J012024.00+133757.6,2590027942785307008,BlueStraggler
SDSS J100046.36+332847.2,746977894621953792,BlueStraggler
UCAC4 774-002350,431939711300755328,BlueStraggler
