Star,Gaia_DR3_ID,otype
2MASS J06420370+0743015,3133660061026800640,OrionV*
2MASS J21395861+5728404,2178385942007270784,OrionV*
V* V2043 Ori,3016453152294702848,OrionV*
V* V1251 Ori,3215633836898528000,OrionV*
NGC  2264    27,3326606755216664448,OrionV*
V* V1490 Ori,3017245831459893760,OrionV*
Cl* NGC 2244     PS     366,3131337067834576256,OrionV*
V* V565 Ori,3209574810572628352,OrionV*
2MASS J06390451+0857397,3326552883443206656,OrionV*
V* V884 Ori,3016099521866628352,OrionV*
V* V385 Vel,5528461493728727808,OrionV*
Gaia DR3 120463116710737920,120463116710737920,OrionV*
V* V1615 Ori,3017351659465491072,OrionV*
V* V966 Ori,3209087486401994496,OrionV*
V* V2481 Ori,3017366395486078976,OrionV*
V* V2355 Ori,3209521411243711744,OrionV*
V* V855 Ori,3016931542931355520,OrionV*
V* V1542 Ori,3017359802723316352,OrionV*
V* EY Mus,5861013016154016640,OrionV*
V* V1789 Sgr,4066069045479281664,OrionV*
V* VY Tau,146469246765971200,OrionV*
2MASS J21424687+6606574,2218012169262022016,OrionV*
V* HR Cha,5201152760634067712,OrionV*
2MASS J06315760+0502290,3131385240186699648,OrionV*
V* BY Ari,84137726429370240,OrionV*
V* V2272 Ori,3017191199475908096,OrionV*
V* V943 Ori,3016493971663668864,OrionV*
[PSP2017] J038.129189+61.460609,465531711374699008,OrionV*
V* V1811 Cyg,1964571681047703936,OrionV*
V* DP Tau,148099749495579648,OrionV*
V* PR Ori,3016976829066516096,OrionV*
2MASS J20530906+4430106,2162978176315967360,OrionV*
2MASS J06394532+0735508,3133830450970076672,OrionV*
EM* LkHA  229,2068912517022692864,OrionV*
V* HV Tau,148450085683504896,OrionV*
V* V2372 Ori,3017365643880749824,OrionV*
V* V552 Mon,3131385961741153920,OrionV*
V* V1937 Ori,3215869922660573568,OrionV*
V* V696 Ori,3209513100480622976,OrionV*
2MASS J06403597+0740181,3133844538462705280,OrionV*
Haro 6-63,3340984042275960960,OrionV*
V* V2748 Ori,3216538086428775040,OrionV*
V* V574 Ori,3017374268171636352,OrionV*
V* V692 Mon,3327002996015281024,OrionV*
V* V1755 Sgr,4066022384988820992,OrionV*
V* CZ Tau,164507594015344896,OrionV*
V* V2709 Ori,3017297263691811584,OrionV*
V* DU Sgr,4143458583752376448,OrionV*
Cl* IC  348    LRL      38,216681688495526016,OrionV*
2MASS J06322611+1019184,3327695825780222720,OrionV*
V* V1462 Ori,3017269470959731456,OrionV*
V* V820 Ori,3215593571581767552,OrionV*
V* V382 Mon,3051058459720723456,OrionV*
Cl* IC  348    LRL      44,216694710836359296,OrionV*
2MASS J21442225+6542522,2217940907164333952,OrionV*
CD-24 12689,6049153921054413440,OrionV*
V* V747 Ori,3209632053896754048,OrionV*
Cl* NGC 2244     PS     128,3131383797077715328,OrionV*
V* V995 Cep,2218012680361769216,OrionV*
V* V2389 Ori,3017360726129090176,OrionV*
V* KS Ori,3017363685373806848,OrionV*
V* V588 Ori,3017272838225693440,OrionV*
V* V2707 Ori,3216072030937556224,OrionV*
V* V1083 Ori,3016896942674845824,OrionV*
V* V1777 Ori,3017291942240221056,OrionV*
2MASS J00012564+6443517,431775948491385216,OrionV*
1RXS J033026.7+310221,121336816137727360,OrionV*
HD  37061,3017367396223983616,OrionV*
2MASS J21532120+4714025,1974545900779587328,OrionV*
V* V1289 Ori,3017367361864255744,OrionV*
2MASS J00015650+6437027,431769042184219392,OrionV*
V* V363 Ori,3209527943889688320,OrionV*
V* V2001 Ori,3017136876729625984,OrionV*
V* V2328 Ori,3209572542829921408,OrionV*
V* V867 Ori,3215992758725409152,OrionV*
BD+73  1031,2231801002846066304,OrionV*
V* V1157 Ori,3209303196839477120,OrionV*
2MASS J03255275+3054490,123998871227590144,OrionV*
V* PQ Ori,3216905529471375872,OrionV*
V* GH Tau,147778284078308096,OrionV*
Ve 2-48,4066020289044822656,OrionV*
2MASS J20515289+4415574,2162948695660669824,OrionV*
Haro 1-12,6045854286665108480,OrionV*
V* V605 Mon,3326695957393340928,OrionV*
V* V416 Ori,3017246759172818560,OrionV*
2MASS J21522283+4710550,1974726010222441728,OrionV*
V* GQ Lup,6011522757643074304,OrionV*
V* GX Ori,3340894500797788288,OrionV*
2MASS J02323922+6124104,465528344120295296,OrionV*
EM* LkHA  159,2163145989282263936,OrionV*
V* V2281 Ori,3209637860692473728,OrionV*
V* V2163 Ori,3209521445603447296,OrionV*
V* V750 Ori,3017242051888552704,OrionV*
V* V2459 Ori,3017367430583730432,OrionV*
2MASS J20583974+4401328,2162224186230287360,OrionV*
2MASS J20050603+3629135,2059895933266183936,OrionV*
V* V636 Ori,3335262458644041088,OrionV*
V* HS Ori,3209608723634530944,OrionV*
V* V2128 Ori,3017365540799887104,OrionV*
V* V1805 Sgr,4066064887981379968,OrionV*
2MASS J06320510+0447387,3131324286010986240,OrionV*
2MASS J20483286+4411596,2067069941690420992,OrionV*
V* IP Tau,152226491513195648,OrionV*
V* V1140 Ori,3016857085377607552,OrionV*
V* V1968 Ori,3215886007314681856,OrionV*
2MASS J06320932+0452413,3131331570272263168,OrionV*
V* V1532 Ori,3017191401338765312,OrionV*
V* V1911 Ori,3209423382907755392,OrionV*
2MASS J06402199+0804194,3133919442691724544,OrionV*
V* V2716 Ori,3017402580596024064,OrionV*
V* V1041 Ori,3209541722144732032,OrionV*
V* V716 Per,216678321241170304,OrionV*
V* V2588 Ori,3016492665993609472,OrionV*
V* V935 Sco,6050218523189626624,OrionV*
V* V1269 Ori,3016506925285303296,OrionV*
2MASS J20502771+4423290,2163140972760521472,OrionV*
2MASS J20512441+4413043,2162947424350344448,OrionV*
V* V2090 Ori,3017266447303733888,OrionV*
V* V2028 Ori,3209552442383007744,OrionV*
2MASS J03285105+3116324,121404126865126784,OrionV*
2MASS J03295403+3120529,121399488300436608,OrionV*
V* V2370 Ori,3017364097690174976,OrionV*
Cl* IC  348     CB      10,216684162396621952,OrionV*
V* EK Cha,5209037736474704512,OrionV*
V* V918 Ori,3209357588303415936,OrionV*
V* V701 Per,216677530967198976,OrionV*
SZ  40,5201303874764724352,OrionV*
V* DI Tau,151374198202645376,OrionV*
NGC  2244   265,3131331604635171584,OrionV*
V* V1782 Ori,3017279538374665472,OrionV*
V* V2205 Ori,3017159893458630400,OrionV*
EM* SR   20,6049107428032112384,OrionV*
2MASS J02321717+6120391,465526316894588544,OrionV*
V* V1527 Ori,3017361108392943488,OrionV*
Cl* IC  348    LRL     185,216706324427926912,OrionV*
2MASS J20533271+4449117,2162991610973734016,OrionV*
V* V995 Ori,3016086740044033280,OrionV*
2MASS J02320958+6129244,465531951892662272,OrionV*
V* V2583 Ori,3209529417061717120,OrionV*
2MASS J06421379+1006129,3326751001693743744,OrionV*
2MASS J06313432+0441002,3131321640311265664,OrionV*
CXOU J063203.1+050134,3131384961011045248,OrionV*
V* V2440 Ori,3017146115203265536,OrionV*
V* V1684 Ori,3017256208100753280,OrionV*
2MASS J06432152+0949287,3326681595022434048,OrionV*
2MASS J06313833+0502565,3131384789212362624,OrionV*
V* V1759 Ori,3209581476361838592,OrionV*
2MASS J06391893+0807201,3133933903843056640,OrionV*
UCAC4 686-111383,1976027797629584256,OrionV*
V* V1514 Ori,3017359046809133824,OrionV*
2MASS J03290386+3121487,121407013083143936,OrionV*
2MASS J20513089+4406594,2162946084320007552,OrionV*
V* V915 Per,216681447977358464,OrionV*
V* V891 Ori,3023452845179341952,OrionV*
V* V1213 Tau,3314311981834278912,OrionV*
V* V1103 Ori,3209445343076698752,OrionV*
V* V2566 Ori,3209559279971069440,OrionV*
V* V2060 Ori,3209576696060945536,OrionV*
UCAC4 774-000116,431778667212989184,OrionV*
V* EX Ser,4146400155287184000,OrionV*
2MASS J06315692+0453019,3131334662651933952,OrionV*
V* V2644 Ori,3215915036996542976,OrionV*
V* V2051 Ori,3209552270584319360,OrionV*
V* V700 Per,216681791574735744,OrionV*
V* V2245 Ori,3017252767829053056,OrionV*
V* HR Tau,146749209915478784,OrionV*
Cl* IC  348    LRL     294,216681581120776704,OrionV*
V* V550 Mon,3131335212407693184,OrionV*
V* V614 Ori,3336143270537048448,OrionV*
V* V2379 Ori,3017360249399927296,OrionV*
V* V1695 Ori,3209545020679571968,OrionV*
V* V2118 Ori,3017365124175648768,OrionV*
V* HQ Cha,5201152245237987072,OrionV*
IRAS 07203-2425,5616893564685632768,OrionV*
IRAS 06068-0643,3019739695630709504,OrionV*
V* V2670 Ori,3016949783657177472,OrionV*
V* V1903 Ori,3209426823177713792,OrionV*
V* V919 Per,216705048821756544,OrionV*
V* V2489 Ori,3017366193633159936,OrionV*
V* V1705 Ori,3017188553776076800,OrionV*
2MASS J02330093+6124026,465527626868803328,OrionV*
Haro 6-56,3341000706749064832,OrionV*
2MASS J20521514+4330074,2066790150340632960,OrionV*
V* V996 Cep,2218012478499680896,OrionV*
V* V903 Per,216680790845911040,OrionV*
Hen 3-545,5201226389256838528,OrionV*
V* V1510 Ori,3017364063333454336,OrionV*
ESO-HA  429,3326961794392311424,OrionV*
V* V545 Mon,3131329057717968640,OrionV*
EM* LkHA  106,4066021044958984320,OrionV*
V* MP Ori,3017191641854553856,OrionV*
EM* LkHA   94,216678286881434240,OrionV*
KHA  60,3326705303241826688,OrionV*
V* V1774 Sgr,4065976269892593280,OrionV*
V* V1996 Ori,3209538904646153344,OrionV*
Cl* IC  348     CB      35,216695844707719424,OrionV*
EM* LkHA  321,2168724013630822784,OrionV*
2MASS J06411962+0744437,3133847630835449088,OrionV*
V* EI Cha,5209019521517870080,OrionV*
2MASS J06324358+0454177,3131332596769064064,OrionV*
V* HN Ori,3209383976584134784,OrionV*
Cl* IC  348     CB      44,216726012557980416,OrionV*
V* V1600 Cyg,2163146951354919168,OrionV*
2MASS J20504576+4455118,2163169766221180672,OrionV*
V* V2603 Ori,3209559791071547392,OrionV*
V* V2488 Ori,3017359596564774528,OrionV*
V* V1590 Ori,3017247824324677632,OrionV*
V* V936 Ori,3220781101799875712,OrionV*
V* V942 Ori,3016549256482687232,OrionV*
2MASS J03452174+3232065,216729139294155520,OrionV*
HD 285845,3314324321276386816,OrionV*
V* V2675 Ori,3016949027743025920,OrionV*
Haro 5-96,3218188041064374656,OrionV*
V* V437 Cyg,2068642140241091584,OrionV*
V* V1681 Ori,3209539179524063488,OrionV*
V* V1087 Ori,3209764407607588096,OrionV*
V* TW Ori,3016924739703181184,OrionV*
V* V414 Mon,3326703104218560768,OrionV*
V* V1175 Ori,3017265794467742592,OrionV*
Cl* IC  348    LRL     132,216706049550020224,OrionV*
2MASS J06315502+0453208,3131334628292196992,OrionV*
ASR   2,121392478913818880,OrionV*
V* V2166 Ori,3017265347791129088,OrionV*
RX J1612.0-3840,5997436978598747648,OrionV*
V* V374 Ori,3017131134355299200,OrionV*
2MASS J03292815+3116285,121393166108583808,OrionV*
V* V1746 Ori,3209559623568295552,OrionV*
V* V679 Ori,3210665079429696256,OrionV*
V* GT Tau,149623573830473856,OrionV*
V* V2179 Ori,3017238959512228096,OrionV*
V* V1924 Ori,3017136258254349568,OrionV*
2MASS J06314852+0504072,3131386129242172032,OrionV*
2MASS J06315256+0458172,3131336341980636160,OrionV*
V* V2849 Ori,3209533029130883328,OrionV*
V* V1748 Sgr,4066032177514324480,OrionV*
V* V2423 Ori,3017361035366738688,OrionV*
V* V2266 Ori,3017365918755613696,OrionV*
V* V710 Ori,3209590306814785280,OrionV*
UCAC4 611-011056,216829401012198912,OrionV*
V* V392 Cep,2218008866430078080,OrionV*
2MASS J06313750+0457034,3131382800645391360,OrionV*
V* V1791 Sgr,4065974899811938432,OrionV*
2MASS J02331619+6120483,465480313506382336,OrionV*
V* V2081 Ori,3209545501715880192,OrionV*
V* V2152 Ori,3017363822815780992,OrionV*
2MASS J20470481+4349114,2067034821737908224,OrionV*
Haro 6-70,3340612888382794752,OrionV*
V* V2093 Ori,3017243147103899904,OrionV*
V* V1152 Ori,3016265685562497536,OrionV*
2MASS J06313677+0453099,3131329504396138752,OrionV*
V* V810 Ori,3016952090054853760,OrionV*
Cl* NGC 2244     PS     254,3131334490853217920,OrionV*
V* V2461 Ori,3016549389625896192,OrionV*
V* HM Lup,6011573266459331072,OrionV*
V* V2394 Ori,3209573264384416768,OrionV*
2MASS J06315891+0457431,3131336101463037440,OrionV*
EM* LkHA  162,2163150937084600320,OrionV*
V* V2624 Ori,3017342927784381056,OrionV*
2MASS J06312839+0450350,3131328958932556672,OrionV*
Hen 3-1258,4326511906643771904,OrionV*
V* V843 Ori,3017195013406806528,OrionV*
V* V1180 Ori,3017200339166252288,OrionV*
V* IQ Tau,151297958238753664,OrionV*
V* V925 Per,216678252521690624,OrionV*
V* V1234 Ori,3209636829900288256,OrionV*
2MASS J06320365+0459520,3131337922529527040,OrionV*
V* V1596 Ori,3017368255217428864,OrionV*
V* V492 Ori,3209528940322943360,OrionV*
2MASS J20554250+4414126,2162903680105026176,OrionV*
DoAr 61,6045698426589461376,OrionV*
V* V1711 Ori,3209627484051543424,OrionV*
Cl* IC  348     CB      52,216725187924260480,OrionV*
2MASS J02323298+6126191,465528657659940480,OrionV*
V* V1794 Sgr,4066069079868792064,OrionV*
2MASS J20581790+4353441,2162221815408328960,OrionV*
2MASS J02321872+6131180,465537964847983744,OrionV*
ATO J097.5555+04.9348,3131391528019127040,OrionV*
V* V1499 Cyg,1969601637510553088,OrionV*
V* V1515 Ori,3017253184443745536,OrionV*
V* V2207 Ori,3017363547934810112,OrionV*
V* V1608 Ori,3017356740397255424,OrionV*
2MASS J06321286+0458379,3131337686308803328,OrionV*
V* V812 Ori,3017193295419929472,OrionV*
V* DD Tau,164507353496637952,OrionV*
2MASS J06315911+0455259,3131334868810332032,OrionV*
V* V2627 Ori,3016920715317884544,OrionV*
V* V512 Per,121392513273556992,OrionV*
V* V911 Per,216677908924315776,OrionV*
HD 190065,2075922006735245440,OrionV*
V* DZ Cep,2202565611449542656,OrionV*
2MASS J06413523+0739405,3133845775413218432,OrionV*
V* V1441 Ori,3209518838559891712,OrionV*
2MASS J02333263+6125149,465486459599240448,OrionV*
2MASS J06402216+0821342,3134314407883626240,OrionV*
V* V1872 Ori,3339031820725164928,OrionV*
V* V2260 Ori,3017264969834132608,OrionV*
SZ  65,6013399894569703040,OrionV*
Cl* IC  348    LRL     129,216682444409768320,OrionV*
2MASS J06384537+0806264,3133931537319752576,OrionV*
V* LY Ori,3017250092067308928,OrionV*
2MASS J06401190+0830224,3134320317758584192,OrionV*
V* V1073 Ori,3017359905802385152,OrionV*
2MASS J10335529-3521241,5444124278952038016,OrionV*
2MASS J02314964+6131270,465533051405947392,OrionV*
V* V541 Ori,3209427647811446272,OrionV*
V* V495 Ori,3017360726129086848,OrionV*
V* V487 Mon,3327225337884017792,OrionV*
V* V1613 Ori,3017356469827161856,OrionV*
V* V1538 Ori,3017359184248068608,OrionV*
2MASS J20540877+4430115,2162966803242501376,OrionV*
V* V1671 Ori,3017266928339118336,OrionV*
V* DH Tau,151374202498079872,OrionV*
Cl* NGC 2244     PS     469,3131333352684721408,OrionV*
V* V2139 Ori,3017250882341293056,OrionV*
V* V534 Ori,3209948335287188608,OrionV*
V* V2414 Ori,3017366090553947648,OrionV*
V* V356 Ori,3017266206784582144,OrionV*
V* V2201 Ori,3017364406930491136,OrionV*
V* V704 Per,216677977643791232,OrionV*
V* V1781 Ori,3017382033474172800,OrionV*
2MASS J20512369+4435226,2163149665774282368,OrionV*
Cl* IC  348    LRL      39,216702647935913344,OrionV*
2MASS J20523531+4433193,2162959141020961664,OrionV*
2MASS J03274148+3020166,120914534953167616,OrionV*
2MASS J20525373+4414571,2162939208074527616,OrionV*
2MASS J03344987+3115498,121251603986631424,OrionV*
2MASS J06423610+0757072,3134227752623942912,OrionV*
V* V1019 Ori,3016923262234416384,OrionV*
2MASS J20532772+4410345,2162936253136938752,OrionV*
2MASS J20591484+4412286,2162235799825148800,OrionV*
NGC  2244   186,3131335139390711424,OrionV*
Haro 1-9,6049064963691851264,OrionV*
NGC  2264   208,3326685370298017408,OrionV*
V* UW Sco,6242270287935357824,OrionV*
V* IM Cha,5201157193040414464,OrionV*
V* V2483 Ori,3017346952181228416,OrionV*
V* HW Lup,6014696635395955200,OrionV*
V* SX Ori,3209625044510130304,OrionV*
Haro 6-43,3339385764686544512,OrionV*
V* AI Ori,3209527462853356544,OrionV*
V* V2429 Ori,3017367327507745024,OrionV*
UCAC4 611-010999,216643480466527744,OrionV*
V* V491 Ori,3017365850036800896,OrionV*
2MASS J03285101+3118184,121404573541723392,OrionV*
V* V994 Ori,3016107523389331712,OrionV*
2MASS J21410478+6554591,2217985707964182912,OrionV*
V* VV Car,5350582919218435456,OrionV*
V* V2518 Ori,3209530585292826368,OrionV*
Gaia 18cjb,3119733161416676096,OrionV*
V* V400 Mon,3326584391322827776,OrionV*
V* V2395 Ori,3017361138446083456,OrionV*
V* V1164 Ori,3016826814450125184,OrionV*
V* V2713 Ori,3016881068475698944,OrionV*
V* V1243 Ori,3017370969636743168,OrionV*
V* V1748 Cyg,2068665779741265408,OrionV*
V* V703 Per,216677977643790848,OrionV*
V* V2676 Ori,3016949891031638656,OrionV*
V* GM Tau,148449845165337600,OrionV*
V* V1595 Ori,3017247515087033984,OrionV*
EM* LkHA  120,2168958901098918528,OrionV*
2MASS J20580138+4345201,2162126192245146624,OrionV*
V* V1669 Ori,3209537358457955712,OrionV*
V* V927 Per,216708248573262208,OrionV*
V* V888 Sco,6049061214183490560,OrionV*
2MASS J06320507+0455468,3131335212407693568,OrionV*
V* KW Ori,3017251088499723776,OrionV*
V* V1543 Ori,3209527424197940864,OrionV*
V* IO Ori,3209651742026812544,OrionV*
Haro 5-85,3215636589973631104,OrionV*
V* V1158 Ori,3210566844938005760,OrionV*
Haro 5-58,3216627142574550784,OrionV*
2MASS J02331006+6123439,465533291921638784,OrionV*
V* V1312 Ori,3209812030204886656,OrionV*
V* V1757 Ori,3017166907140903040,OrionV*
V* FG Aql,4254229604258183168,OrionV*
V* V2552 Ori,3215658683285563392,OrionV*
V* HH Tau,147901223222956032,OrionV*
V* V2406 Ori,3209573161305203200,OrionV*
V* V928 Tau,147799312239072000,OrionV*
V* V479 Mon,3327285879742581888,OrionV*
ATO J052.7946+30.8278,121318291942707072,OrionV*
2MASS J06330402+0447540,3131318994611613184,OrionV*
Cl* NGC 2244     PS     264,3131335384206368256,OrionV*
V* V599 Ori,3016081586083297024,OrionV*
V* V1424 Ori,3017242223687246976,OrionV*
V* V562 Ori,3017361039673489408,OrionV*
V* V1065 Ori,3209807116762318208,OrionV*
V* V1731 Ori,3017252462889247744,OrionV*
V* V403 Mon,3326701588095143168,OrionV*
V* V1507 Ori,3017249611031103872,OrionV*
V* V2007 Ori,3209626040942550272,OrionV*
HD 283572,164536250037820160,OrionV*
2MASS J06431876+0849213,3134439820928698368,OrionV*
V* V365 Ori,3017361864306116480,OrionV*
V* V2168 Ori,3017264866751735936,OrionV*
V* PU Ori,3217755722540548224,OrionV*
V* NO Cep,2210037377065003008,OrionV*
2MASS J03433494+3231372,217475123573808000,OrionV*
V* V569 Ori,3209527943889687936,OrionV*
V* V1495 Ori,3017360077604365312,OrionV*
V* V1980 Ori,3017243941674305920,OrionV*
V* V1947 Ori,3209426028608274304,OrionV*
V* V682 Ori,3208983719992428416,OrionV*
V* V1112 Ori,3016773075820260352,OrionV*
HD 285778,3314376204481063680,OrionV*
V* V346 Mon,3326708979733809408,OrionV*
V* FS Tau,152292187332155008,OrionV*
2MASS J06382236+0823398,3326098372824684672,OrionV*
V* V1124 Ori,3017373065580796672,OrionV*
V* V421 Ori,3017359184248230272,OrionV*
2MASS J06403458+0819256,3134302416334931456,OrionV*
Cl* IC  348     CB      22,217474672600630912,OrionV*
IRAS 05244-6832,4658512672474609152,OrionV*
V* HW Ori,3209538011292983168,OrionV*
V* V2142 Ori,3017363582297635456,OrionV*
EM* LkHA   97,216676981211381632,OrionV*
V* V2557 Ori,3209637001698987008,OrionV*
V* V391 Cep,2221086300691946112,OrionV*
V* V450 Cas,427490812377307904,OrionV*
V* V2507 Ori,3017252252432974464,OrionV*
V* V1598 Cyg,2067058362458963200,OrionV*
V* T Cha,5199981334076455680,OrionV*
2MASS J06404341+0732015,3133837322917686016,OrionV*
V* V2635 Ori,3016925839214801024,OrionV*
NGC  6823    64,2020089459114203136,OrionV*
Gaia DR3 120460024334304128,120460024334304128,OrionV*
V* V1665 Ori,3209591887362724224,OrionV*
V* V655 Ori,3017375642561166336,OrionV*
V* V2176 Ori,3017365162841655168,OrionV*
V* V1538 Cyg,2162127429195729920,OrionV*
2MASS J06321757+0453082,3131331913872807936,OrionV*
V* LX Ori,3017250087773385344,OrionV*
V* V1172 Ori,3209651845106023424,OrionV*
2MASS J06314335+0457248,3131382865066364800,OrionV*
V* V2186 Ori,3017360558637610880,OrionV*
V* V1489 Ori,3017249645387742208,OrionV*
V* V740 Ori,3215961972399157248,OrionV*
2MASS J20565934+4347530,2162135331935563008,OrionV*
V* V2144 Ori,3209520625265431296,OrionV*
V* V1670 Ori,3209549487445567488,OrionV*
2MASS J06313642+0453137,3131329714849655936,OrionV*
L 1551-51,3314251749212034816,OrionV*
2MASS J20511455+4413379,2162947660570153088,OrionV*
V* DI Cep,2013406902311155328,OrionV*
2MASS J06323191+0451089,3131330706984828160,OrionV*
V* V1278 Ori,3017364132040203520,OrionV*
V* V737 Ori,3209645278098087680,OrionV*
V* V549 Ori,3339740391546811136,OrionV*
2MASS J20504810+4433367,2163155232051910144,OrionV*
V* V439 Mon,3326693960232712960,OrionV*
2MASS J00021032+6437089,431774131727597568,OrionV*
UCAC4 475-020366,3131379158513276800,OrionV*
V* SV Sgr,4065973796000361856,OrionV*
V* V1186 Ori,3016901890477220864,OrionV*
2MASS J02330707+6131270,465535186002784768,OrionV*
V* V914 Per,216678385665110912,OrionV*
V* V496 Ori,3017365609521331968,OrionV*
2MASS J06415917+0808409,3134251426483653504,OrionV*
V* V728 Ori,3016551146268238720,OrionV*
V* V1150 Ori,3016171161922575616,OrionV*
2MASS J06414369+1007525,3326938262268528128,OrionV*
V* V2486 Ori,3017373546617140096,OrionV*
V* V709 Per,216678012003529984,OrionV*
V* V708 Per,216678389960645888,OrionV*
V* VV CrA,6719168132036642432,OrionV*
2MASS J21392770+6551535,2220981159892366720,OrionV*
V* KK Ori,3017244319631273984,OrionV*
CRTS J032619.8+310637,124002856957227648,OrionV*
V* V2760 Ori,3011892137543646080,OrionV*
V* VY Cha,5201308101012353664,OrionV*
V* V2420 Ori,3017359081168861952,OrionV*
V* V1995 Ori,3217672473191613312,OrionV*
V* V2411 Ori,3017360627356915328,OrionV*
Cl* IC  348    LRL     104,216718693932112000,OrionV*
2MASS J06315653+0454283,3131334834450610944,OrionV*
V* V410 Ori,3017364368261465728,OrionV*
2MASS J06313961+0459450,3131383243023535872,OrionV*
V* V2070 Ori,3216837531549482880,OrionV*
V* V2607 Ori,3209584534378541952,OrionV*
V* V2613 Ori,3209573573622040320,OrionV*
Haro 5-71,3217774723475861376,OrionV*
2MASS J20514855+4405196,2162942923224076288,OrionV*
V* V2437 Ori,3017361069726478976,OrionV*
V* V902 Ori,3016033100196424192,OrionV*
V* V2589 Ori,3215645420426559744,OrionV*
V* V1039 Ori,3016762664818918528,OrionV*
V* V1076 Tau,3314258591096887552,OrionV*
2MASS J02323558+6125075,465528584637540480,OrionV*
Gaia DR3 1974522841105947008,1974522841105947008,OrionV*
2MASS J06413553+0756423,3134229741190308736,OrionV*
V* AY Ori,3016920066778758528,OrionV*
2MASS J20512360+4415425,2162948107246789120,OrionV*
V* V381 Ori,3017295962329600640,OrionV*
V* V601 Ori,3216438821144847232,OrionV*
V* BE Cas,423041020101545600,OrionV*
V* V2675 Oph,6049164499558341504,OrionV*
V* V2510 Ori,3209585560872622720,OrionV*
2MASS J20521845+4405151,2162930656797988224,OrionV*
V* V2343 Ori,3017365850035788800,OrionV*
EM* LkHA    4,3326951696925952768,OrionV*
2MASS J20515226+4418213,2162949928312976512,OrionV*
V* AA Tau,147818450613367424,OrionV*
V* V2699 Ori,3215593090545012480,OrionV*
V* V2181 Ori,3017363616654297088,OrionV*
HD  37411,3017325649146578304,OrionV*
V* V2173 Ori,3017365261614613504,OrionV*
V* V1049 Ori,3215889958684732544,OrionV*
V* V913 Per,216678389960646912,OrionV*
V* V785 Ori,3016561110592428672,OrionV*
V* VY Ori,3209542546779304064,OrionV*
V* V1066 Ori,3016725556301517568,OrionV*
EM* LkHA  328,121170308845331584,OrionV*
Haro 6-73,3339809622123322240,OrionV*
V* V1498 Cyg,2162658905649457280,OrionV*
2MASS J20483546+4353133,2067026820218564736,OrionV*
V* V2558 Ori,3209585633890383872,OrionV*
2MASS J06395146+0833043,3326474508880094592,OrionV*
V* V2710 Ori,3016928175677000704,OrionV*
2MASS J06315044+0456382,3131335899602490112,OrionV*
V* PT Ori,3215595736244855808,OrionV*
V* HR Cep,528528681061569024,OrionV*
V* V1399 Ori,3017361108393637120,OrionV*
V* V1949 Ori,3209538629768259584,OrionV*
V* FI Tau,146777110022719744,OrionV*
2MASS J21431141+6612555,2218013887248931840,OrionV*
V* V443 Mon,3350771241952623488,OrionV*
2MASS J06313955+0453385,3131329607471813888,OrionV*
V* V953 Ori,3216102748543605120,OrionV*
UCAC4 738-076529,2179182057139836160,OrionV*
HD  87643,5258349561694308096,OrionV*
V* V1962 Sgr,4098015252761323008,OrionV*
2MASS J06314491+0456001,3131335762163559168,OrionV*
Cl* IC  348    LRL     155,216694848275314688,OrionV*
2MASS J02325795+6128430,465534528873263744,OrionV*
V* V898 Ori,3016110860580352128,OrionV*
Brun 960,3017198896057254400,OrionV*
Haro 6-51,3340889106319040896,OrionV*
XMMU J023335.0+612811,465533983410258176,OrionV*
V* V776 Ori,3017250126427057024,OrionV*
V* V863 Ori,3016880003323892608,OrionV*
V* V1942 Ori,3017268268368911104,OrionV*
V* FG Tau,147553399591860352,OrionV*
NGC  2244   277,3131317856445594240,OrionV*
Haro 6-68,3340979816028134144,OrionV*
V* V1606 Cyg,2162032184000519424,OrionV*
V* V1119 Ori,3016433292365950848,OrionV*
V* V1761 Sgr,4065974143914344448,OrionV*
V* V719 Per,216701926381419264,OrionV*
V* V2236 Ori,3017364441287016320,OrionV*
2MASS J06391810+0826211,3326471760101118080,OrionV*
V* V688 Ori,3016632235251711360,OrionV*
V* V2725 Ori,3216505066720270208,OrionV*
V* V923 Ori,3016628558759545728,OrionV*
2MASS J06314758+0450529,3131328409179596288,OrionV*
V* V978 Ori,3209601576808874880,OrionV*
V* V1895 Ori,3209619203354653440,OrionV*
V* V1951 Ori,3209523236603038464,OrionV*
V* V2421 Ori,3017360726129092864,OrionV*
2MASS J06381702+0910201,3326572189319846656,OrionV*
2MASS J06440385+0946487,3326677609292718080,OrionV*
ATO J313.1168+44.0586,2162931790669348608,OrionV*
V* V983 Ori,3209641227946802304,OrionV*
V* HP Tau,145213187879627776,OrionV*
V* V402 Mon,3326701553735401344,OrionV*
V* V752 Cyg,2162227209887272576,OrionV*
V* V600 Mon,3326717157351517696,OrionV*
V* V736 Ori,3209604222508743424,OrionV*
V* QV Mon,3326903387134124288,OrionV*
2MASS J20530817+4405143,2162934260272009856,OrionV*
EM* LkHA   86,216691927697575680,OrionV*
2MASS J02322142+6133006,465538755122021760,OrionV*
V* V522 Cas,2017234439724036096,OrionV*
V* V763 Ori,3209546704307621888,OrionV*
V* V1930 Cyg,2162268819531275904,OrionV*
V* V1916 Ori,3209429949912193408,OrionV*
2MASS J03292204+3124153,121406841284447232,OrionV*
V* V2536 Ori,3017184013993618816,OrionV*
V* V2620 Ori,3209555225521941760,OrionV*
V* V1969 Ori,3209539282603274752,OrionV*
Ass Cha T 1-16,5201128880615881472,OrionV*
2MASS J20570162+4341387,2162122687552115968,OrionV*
V* V2724 Ori,3216517328851325056,OrionV*
V* V2722 Ori,3216517092628676736,OrionV*
V* V1097 Ori,3017263595444498048,OrionV*
EM* LkHA  181,2162988106280343424,OrionV*
2MASS J02322187+6123118,465528137960860032,OrionV*
V* V895 Ori,3023355061660249728,OrionV*
V* GY Tau,147904143800719488,OrionV*
V* V2119 Ori,3215662973956082560,OrionV*
2MASS J02330994+6124594,465533498080120064,OrionV*
V* V2031 Ori,3016460402199345536,OrionV*
V* V1747 Sgr,4066032177514654336,OrionV*
V* V1700 Cyg,2066716070748124672,OrionV*
DoAr  4,6050464573277879040,OrionV*
V* V2546 Ori,3017186767069660032,OrionV*
2MASS J20545116+4411349,2162908666566371968,OrionV*
2MASS J21425997+6601010,2218007011002127360,OrionV*
V* V2034 Ori,3017263148767891456,OrionV*
V* BS Tau,155744074024631296,OrionV*
EM* LkHA  114,4065971463854669056,OrionV*
V* V540 Ori,3016721536212199168,OrionV*
V* V1249 Ori,3016904192579682176,OrionV*
V* V1540 Ori,3017359424766205568,OrionV*
2MASS J03430679+3148204,216575791780899200,OrionV*
V* V960 Mon,3101809648711790080,OrionV*
V* V1100 Ori,3209612915522694400,OrionV*
2MASS J03423291+3142205,216573420958954112,OrionV*
V* V1974 Ori,3216743214068212992,OrionV*
V* V2199 Ori,3017365197201799168,OrionV*
V* V796 Ori,3016542659412930432,OrionV*
V* V727 Ori,3017204737212714368,OrionV*
Parenago  1914,3017360897927766016,OrionV*
V* V2714 Ori,3016929756224963072,OrionV*
V* V2503 Ori,3017366605950010880,OrionV*
V* V989 Cep,2218012203621758464,OrionV*
V* HQ Tau,145209618758377856,OrionV*
V* V2385 Ori,3017191405634329088,OrionV*
V* V1042 Ori,3209591921722461440,OrionV*
2MASS J20513312+4436596,2163149322176897792,OrionV*
V* V2116 Ori,3217675011515104384,OrionV*
V* V2711 Ori,3016928175677001088,OrionV*
Haro 1-16,6047590243721186688,OrionV*
V* V1765 Sgr,4065975621383085824,OrionV*
2MASS J05252525-6729234,4658682585697950464,OrionV*
ATO J055.9729+31.6276,216520163364482560,OrionV*
V* V2112 Ori,3215909303217454848,OrionV*
V* V2415 Ori,3017361138446089216,OrionV*
ATO J314.5451+43.8856,2162128013311282304,OrionV*
V* HN Tau,3314237734735803392,OrionV*
2MASS J02325080+6132165,465538175307382528,OrionV*
2MASS J20583041+4353592,2162221677969365120,OrionV*
V* V1892 Ori,3017204634133502080,OrionV*
V* V1955 Ori,3016552761176027136,OrionV*
V* V839 Ori,3016488955142025984,OrionV*
V* V466 Ori,3209420947662499712,OrionV*
V* V2086 Ori,3017265657025737088,OrionV*
2MASS J03423219+3143382,216573524038168704,OrionV*
EM* LkHA   99,216653513510060032,OrionV*
Cl* NGC 2244     PS     149,3131335968321954816,OrionV*
Cl* NGC 2244     PS     355,3131337033473753728,OrionV*
V* V611 Mon,3326696472789406592,OrionV*
V* V489 Mon,3327684418347545344,OrionV*
V* V2177 Ori,3017238955216664832,OrionV*
V* V2651 Ori,3016952330573066624,OrionV*
FHK 290,2162965287117378944,OrionV*
V* V2601 Ori,3215674935441607936,OrionV*
V* V1788 Sgr,4066069041189749632,OrionV*
V* V2492 Cyg,2066869246454772224,OrionV*
V* V447 Ori,3341051967182318208,OrionV*
V* V1611 Ori,3209557458904977664,OrionV*
V* V2609 Ori,3209581167124200960,OrionV*
V* V697 Per,216681654135789696,OrionV*
V* V1465 Ori,3209545398636670592,OrionV*
V* ER Ser,4146604595727511296,OrionV*
V* V2300 Ori,3017188244538418560,OrionV*
V* V2721 Ori,3217267887272621696,OrionV*
2MASS J02332313+6131481,465536521739662336,OrionV*
2MASS J02333236+6128408,465533979117448448,OrionV*
2MASS J03282578+3054000,121003217437840896,OrionV*
Cl* IC  348    LRL     113,216678493039858560,OrionV*
V* AH Ori,3209527733432372736,OrionV*
V* V2202 Ori,3017363990304197376,OrionV*
V* V2301 Ori,3209579341762702464,OrionV*
V* V552 Ori,3017240020367621504,OrionV*
[BZR99] S Ori 29,3216505028065618944,OrionV*
2MASS J02333261+6130346,465535770125704320,OrionV*
V* V440 Mon,3326724166738421888,OrionV*
V* V554 Mon,3131331497257409920,OrionV*
V* V1418 Ori,3017209891173634304,OrionV*
V* GW Ori,3340856533286969600,OrionV*
V* V2567 Ori,3209586355444660992,OrionV*
V* V971 Ori,3209821857089947904,OrionV*
EM* LkHA  190,2162235662383047040,OrionV*
V* V411 Ori,3017246656093604736,OrionV*
V* V577 Ori,3016924567904482560,OrionV*
CD-57  5422,5868026835184175744,OrionV*
2MASS J20525249+4414252,2162939208074518912,OrionV*
2MASS J20475581+4329019,2066919063788276864,OrionV*
V* V2303 Ori,3209579827095337216,OrionV*
V* V2646 Ori,3017345062395740032,OrionV*
V* PY Ori,3016986071836118528,OrionV*
CoKu Haro 1-14 c,6050627747672189312,OrionV*
V* V2753 Ori,3216540938285437696,OrionV*
2MASS J06322392+0454210,3131332047013874304,OrionV*
V* WY Ari,84349141899597184,OrionV*
EM* LkHA  356,121394403059162752,OrionV*
2MASS J02332163+6130147,465535014211469440,OrionV*
2MASS J06431461+1005533,3350754955437201280,OrionV*
V* V547 Mon,3131335482987102464,OrionV*
V* V1240 Ori,3017193948254943744,OrionV*
2MASS J06315757+0453390,3131334658357686784,OrionV*
V* V2125 Ori,3017365025403440896,OrionV*
SZ  51,5788090759241383680,OrionV*
V* V2656 Ori,3017356194952348544,OrionV*
V* BU Ori,3209539557481190656,OrionV*
2MASS J06420876+1018599,3350961560543556096,OrionV*
V* HM Cha,5201209552985440256,OrionV*
V* V2401 Ori,3209521342524236288,OrionV*
2MASS J06314537+0459024,3131383350401160064,OrionV*
2MASS J20535854+4425358,2162966150407460480,OrionV*
V* V871 Ori,3016981948667520128,OrionV*
V* V2184 Ori,3017363513575095680,OrionV*
EM* LkHA  212,3327694520110167936,OrionV*
V* V425 Mon,3326739869138572032,OrionV*
V* V1770 Ori,3017370041926905216,OrionV*
EM* LkHA  227,2068537514833439104,OrionV*
V* V2051 Cyg,2162130349773573760,OrionV*
2MASS J21540879+4713574,1976043435616831872,OrionV*
V* V771 Ori,3017137701363336576,OrionV*
V* PS Ori,3017293419708992384,OrionV*
2MASS J20584739+4401347,2162224147560188672,OrionV*
2MASS J03480048+3207463,216830088206963968,OrionV*
V* V1922 Ori,3209425276989699456,OrionV*
V* QW Mon,3326606205461577216,OrionV*
V* V991 Ori,3016980711716911488,OrionV*
V* V1772 Sgr,4065974728030032256,OrionV*
V* V773 Ori,3209630748226684928,OrionV*
Cl* NGC 2264    SBL     533,3326646754247952512,OrionV*
V* V2120 Ori,3017365536492509440,OrionV*
V* V1725 Ori,3209572611549411200,OrionV*
V* V2351 Ori,3017360249402966656,OrionV*
V* QQ Ori,3023396362065776128,OrionV*
V* V2189 Ori,3215666100692388608,OrionV*
2MASS J02313747+6128139,465532432928366080,OrionV*
V* V2188 Ori,3017366743390012672,OrionV*
V* V357 Mon,3326713102902390656,OrionV*
V* V2424 Ori,3017367258785045632,OrionV*
V* V1762 Sgr,4066021113678775552,OrionV*
V* V1790 Sgr,4065971738715952512,OrionV*
2MASS J06322270+0458082,3131336754297492736,OrionV*
V* V940 Ori,3217353305581865344,OrionV*
V* V2409 Ori,3017367632436696192,OrionV*
V* V1488 Ori,3017252806486631552,OrionV*
V* CF Dra,2134419598735022848,OrionV*
V* V2602 Ori,3017187110667027200,OrionV*
V* V952 Ori,3016929343908106752,OrionV*
V* V1583 Ori,3017346677303137792,OrionV*
2MASS J20573729+4406439,2162239506362783488,OrionV*
V* PP Mon,3326750520657418496,OrionV*
Cl* IC  348    LRL     128,216681207459196160,OrionV*
Brun 864,3017374268171636096,OrionV*
V* V634 Ori,3336319192397511424,OrionV*
EM* LkHA  155,2066866188438051328,OrionV*
V* MZ Ser,4146594768842190592,OrionV*
V* V2157 Ori,3209522476395551232,OrionV*
V* SS Ori,3017152647849614592,OrionV*
V* V2654 Ori,3216066121062587648,OrionV*
SZ  13,5201207736215474688,OrionV*
V* V1417 Ori,3017253871638555264,OrionV*
V* V2578 Ori,3017363303109640704,OrionV*
HD 112245,6055724499479516544,OrionV*
V* V1228 Ori,3017363990304314496,OrionV*
2MASS J20532968+4423566,2162965080958924672,OrionV*
2MASS J20541771+4448401,2162989205791995776,OrionV*
V* V1874 Ori,3340935388886477696,OrionV*
ATO J328.0817+47.2309,1974727217116357760,OrionV*
V* V412 Mon,3326930114715164160,OrionV*
UCAC4 476-021041,3131390772105236352,OrionV*
V* V2265 Ori,3017253214505652608,OrionV*
V* LW Cas,464643791317333248,OrionV*
2MASS J20522880+4418297,2162951783738847104,OrionV*
V* V1304 Ori,3015414629201592576,OrionV*
V* V1254 Ori,3016132129258334720,OrionV*
V* V857 Ori,3016931714730044032,OrionV*
V* V2288 Ori,3017360970954313216,OrionV*
LZK 21,121162921501719808,OrionV*
V* V1000 Tau,148116177746232192,OrionV*
2MASS J20584965+5219465,2170296628789233152,OrionV*
V* V2099 Ori,3017363852865232384,OrionV*
DoAr 50,6045791953801392128,OrionV*
V* V1998 Ori,3209625937863339264,OrionV*
V* V2326 Ori,3017366910881808512,OrionV*
HD  37386,3444482617987241088,OrionV*
2MASS J03291465+3133009,121417698961765504,OrionV*
V* V2472 Ori,3017365609517616384,OrionV*
V* V1193 Sco,5997082390415552768,OrionV*
2MASS J02320790+6124513,465531131561124736,OrionV*
V* V2246 Ori,3209579002460710144,OrionV*
2MASS J20535475+4419420,2162960820350057856,OrionV*
V* V616 Ori,3216455038941401856,OrionV*
V* V1445 Ori,3017269024283141376,OrionV*
V* V846 Ori,3016933157837743104,OrionV*
V* V1944 Ori,3017257754288977152,OrionV*
V* FF Tau,145213875069914496,OrionV*
V* V923 Per,216704950038394240,OrionV*
ZTF J023316.14+612607.0,465533639821991168,OrionV*
V* V677 Ori,3210732252717993856,OrionV*
V* FK Tau,148420020912450176,OrionV*
V* V1561 Ori,3017347398857790848,OrionV*
V* NP Ori,3209528905962364544,OrionV*
V* V814 Ori,3016953601883341312,OrionV*
V* FZ Tau,147796013704188928,OrionV*
V* V2700 Ori,3209556565551727232,OrionV*
V* V1203 Ori,3210511079082698752,OrionV*
2MASS J02324209+6131053,465537831710019200,OrionV*
2MASS J20545433+4443430,2162975702414757376,OrionV*
V* V2056 Ori,3209519074780594432,OrionV*
V* V582 Aur,182899365533415680,OrionV*
2MASS J20571249+4340564,2162122064777006080,OrionV*
V* V1498 Ori,3017265004193744512,OrionV*
V* V2672 Ori,3016949680577624704,OrionV*
V* V599 Mon,3326716401437823488,OrionV*
2MASS J06432693+0957400,3350749694099838336,OrionV*
V* V2542 Ori,3017346123240051712,OrionV*
2MASS J06420870+0755557,3134228989574583936,OrionV*
2MASS J02321815+6124553,465531195978590592,OrionV*
ATO J054.6502+31.6534,217317549813446656,OrionV*
V* V778 Ori,3216085980991384320,OrionV*
V* V811 Ori,3016950853104273152,OrionV*
V* V1137 Ori,3016973736690184832,OrionV*
V* V1775 Sgr,4065976304252384256,OrionV*
V* V2400 Ori,3017253390602169088,OrionV*
V* V1744 Ori,3017245178624857600,OrionV*
2MASS J20531564+4344227,2162872932436979200,OrionV*
V* V1776 Ori,3215588761217977984,OrionV*
V* V652 Ori,3209546120191200512,OrionV*
V* UY Cha,5201209351123255296,OrionV*
V* V2416 Ori,3209528871602627200,OrionV*
V* V2324 Ori,3215967199376366976,OrionV*
V* V1570 Ori,3017196628314550912,OrionV*
V* V1751 Cyg,2067317331804872960,OrionV*
2MASS J21523280+4711386,1974726083245000704,OrionV*
V* V1652 Ori,3209503445394174080,OrionV*
2MASS J06321667+0449382,3131330329026914688,OrionV*
Haro 6-65,3341024964724305152,OrionV*
V* OY Ori,3016927763360145536,OrionV*
2MASS J02331726+6126589,465533669879776640,OrionV*
V* V1587 Ori,3017373134300272000,OrionV*
V* V2354 Ori,3017361108392966912,OrionV*
V* V1189 Ori,3016239537801576832,OrionV*
V* V734 Ori,3016526510336488320,OrionV*
V* V2158 Ori,3017249061275166592,OrionV*
V* V968 Ori,3209400228740397696,OrionV*
V* V2658 Ori,3017195352706882048,OrionV*
V* V2182 Ori,3017360352479190656,OrionV*
Cl* IC  348    LRL   10120,216702819734605696,OrionV*
V* V781 Mon,3326696816386428800,OrionV*
V* V1690 Ori,3017158832602408704,OrionV*
Cl* IC  348     CB      28,217475291075944576,OrionV*
V* V1123 Ori,3209527634652049408,OrionV*
2MASS J03411921+3202037,217344281689920000,OrionV*
V* V2230 Ori,3017366777742026624,OrionV*
V* AP Ori,3017347948613138176,OrionV*
V* V819 Ori,3016926045373231744,OrionV*
V* V2203 Ori,3209579204322684416,OrionV*
V* V2063 Ori,3017262766512812288,OrionV*
V* V761 Ori,3017137976241252096,OrionV*
2MASS J02332916+6127268,465533880340137216,OrionV*
2MASS J06312765+0454027,3131376680315399936,OrionV*
V* V986 Ori,3016483182705990656,OrionV*
V* LW Ori,3017265450870337792,OrionV*
V* V2744 Ori,3216512037452434816,OrionV*
EM* LkCa   21,164550882989640192,OrionV*
V* V1464 Ori,3017269402240255360,OrionV*
V* UV Cha,5201369845462148224,OrionV*
V* V2356 Ori,3017361001006988416,OrionV*
V* V1235 Ori,3016544033802454656,OrionV*
2MASS J02331555+6131443,465535117290664832,OrionV*
2MASS J06320781+0452284,3131331535915720832,OrionV*
EM* LkHA  165,2163144644952565120,OrionV*
Cl* IC  348     CB     135,216727627465671552,OrionV*
V* V349 Ori,3215627725161190016,OrionV*
V* V1938 Cyg,1965921911381577088,OrionV*
2MASS J02324093+6135030,465538548963661056,OrionV*
V* V2053 Ori,3017236687472000256,OrionV*
Cl* IC  348     CB      14,216690308493482624,OrionV*
V* V1730 Ori,3209579724015206272,OrionV*
V* V1036 Ori,3209730254027888896,OrionV*
V* V2436 Ori,3017360730430635520,OrionV*
V* V2282 Sgr,4069267112510330112,OrionV*
V* V629 Ori,3336107772631258624,OrionV*
V* V1563 Ori,3017366434151323264,OrionV*
Haro 5-74,3217605093744826880,OrionV*
2MASS J00013979+6436208,431768943407100032,OrionV*
ATO J100.6994+07.5727,3133642468842518528,OrionV*
V* V1253 Ori,3215733072118639872,OrionV*
V* BE Ori,3016931714730044672,OrionV*
V* V807 Tau,147778490237623808,OrionV*
V* V522 Cyg,2166981120209304576,OrionV*
V* V1786 Sgr,4066069045509054336,OrionV*
V* V2248 Ori,3017364338195196544,OrionV*
V* V2320 Ori,3017360318119414784,OrionV*
2MASS J06382799+0927344,3326791168230026752,OrionV*
V* LL Ori,3017363582294583936,OrionV*
ATO J097.9882+04.8366,3131325488601821440,OrionV*
EM* LkHA  242,1974545866419852160,OrionV*
2MASS J20492606+4435298,2067128799922803968,OrionV*
V* V996 Ori,3016224900553133184,OrionV*
V* V2101 Ori,3217650345520107776,OrionV*
V* SS Mon,3350981656693549696,OrionV*
V* V1768 Ori,3215640506983982720,OrionV*
V* IK Cha,5201157944658575360,OrionV*
V* V2058 Ori,3209576696059883904,OrionV*
V* V1505 Ori,3017265416510598016,OrionV*
V* V1733 Ori,3209535777909902976,OrionV*
V* V621 Ori,3216578905797137920,OrionV*
Cl* IC  348     CB      30,216724603808667136,OrionV*
V* V1339 Ori,3017360696076379392,OrionV*
V* V1771 Ori,3209584362579795968,OrionV*
V* V2304 Ori,3017365953118751232,OrionV*
EM* LkHA   93,216681516696833408,OrionV*
2MASS J02333452+6132447,465536663479935360,OrionV*
V* V1904 Ori,3209602573241323520,OrionV*
V* V1191 Ori,3017105781165126272,OrionV*
V* V2847 Ori,3209641880781965952,OrionV*
Haro 6-59,3341075026863082880,OrionV*
2MASS J00012884+6430244,431766568278869248,OrionV*
V* V2307 Ori,3017366709029245440,OrionV*
V* V639 Ori,3335243693929136000,OrionV*
V* V2687 Ori,3016923056074690432,OrionV*
V* V1230 Ori,3017365643879095040,OrionV*
V* NQ Ori,3017367671101895936,OrionV*
V* V449 Ori,3340627869228903424,OrionV*
V* V1767 Ori,3017368289572353024,OrionV*
V* V347 Per,173304236792463488,OrionV*
V* V355 Ori,3209531792180390272,OrionV*
NGC  2244   257,3131331982592274048,OrionV*
V* ET Cha,5209024366240981632,OrionV*
2MASS J21004676+4255265,2161843102366071552,OrionV*
2MASS J20564668+4346020,2162134885258964992,OrionV*
V* EL Cha,5209038423669475712,OrionV*
2MASS J20522717+4404391,2162931859388891648,OrionV*
V* V637 Ori,3335261805809010304,OrionV*
2MASS J20502359+4451264,2163214601378003456,OrionV*
V* V2728 Ori,3216110028512983040,OrionV*
Cl* NGC 2244     PS     356,3131330470763824896,OrionV*
V* V1907 Ori,3016324028398182144,OrionV*
V* V1585 Ori,3017247858684418304,OrionV*
2MASS J21540487+4706537,1974529197646508416,OrionV*
V* V1043 Ori,3209543165253717376,OrionV*
2MASS J02333420+6127360,465533876037351552,OrionV*
V* V1321 Ori,3209531650444835840,OrionV*
V* V530 Cyg,2164525567154425728,OrionV*
EM* LkHA  354,121406738205233152,OrionV*
2MASS J06320755+0456151,3131335212407682048,OrionV*
V* V993 Ori,3217495859839297152,OrionV*
2MASS J20525728+4440463,2162983364636524160,OrionV*
V* CD Ori,3209579071180411648,OrionV*
2MASS J06322882+0452559,3131331016222488064,OrionV*
Cl* IC  348     CB     143,216716082593576960,OrionV*
V* NX Ori,3017347398857791104,OrionV*
V* PW Cep,2270245259410695808,OrionV*
V* V2037 Ori,3017268955560617088,OrionV*
V* V1349 Ori,3209528253127334272,OrionV*
V* V2648 Ori,3017167353817489152,OrionV*
2MASS J05275597-6725344,4658674472482530304,OrionV*
2MASS J03311471+3049554,121318227519279488,OrionV*
Haro 6-48,3340894500797788800,OrionV*
V* KZ Mon,3326715336285398016,OrionV*
V* V1111 Ori,3016773763014340992,OrionV*
2MASS J20540385+4401478,2162886779411722368,OrionV*
V* V1983 Ori,3017130618961359360,OrionV*
V* V566 Ori,3017373718415827840,OrionV*
2MASS J02323870+6135223,465539309169478400,OrionV*
V* HI Ori,3340972772281842944,OrionV*
2MASS J03414251+3118567,216534422655935104,OrionV*
V* V1654 Ori,3209435172594208384,OrionV*
V* V1151 Ori,3023369217872522752,OrionV*
V* V1466 Ori,3017265760107995648,OrionV*
V* V831 Ori,3016495655290832256,OrionV*
2MASS J06403437+0752580,3133864810708275712,OrionV*
V* V869 Ori,3016853443246145792,OrionV*
THA 15-35,5997410491550194816,OrionV*
ATO J313.5670+44.4029,2162962989311499520,OrionV*
V* V1075 Ori,3017399866179800064,OrionV*
V* SY Cha,5201388292344009984,OrionV*
V* V1180 Cas,545885365456484096,OrionV*
V* V1954 Ori,3209551102353232128,OrionV*
2MASS J20472236+4350114,2067034551159844608,OrionV*
V* V444 Mon,3326673279965844992,OrionV*
2MASS J20491176+4412329,2067067811386540928,OrionV*
V* V2127 Ori,3209576013163656064,OrionV*
V* V840 Ori,3015666245565716096,OrionV*
V* V2477 Ori,3017253111428917120,OrionV*
V* V838 Ori,3016921887844885632,OrionV*
Hn  5,5201347064956072448,OrionV*
2MASS J05075645-7034537,4652061910800254848,OrionV*
V* V478 Ori,3017266412943302400,OrionV*
2MASS J20542441+4448176,2162989515029633280,OrionV*
2MASS J20520267+4427287,2163144546173223040,OrionV*
[KW97]  3-17,430854252809011200,OrionV*
Cl* NGC 2244     PS     200,3131334834450603520,OrionV*
V* V977 Cep,2221036238553180416,OrionV*
V* V2274 Ori,3017360902234947328,OrionV*
V* V573 Ori,3016940235945174400,OrionV*
CoKu HP Tau G2,145213192171159552,OrionV*
V* V397 Aur,156902512603777408,OrionV*
2MASS J06401601+0753551,3133868723418800896,OrionV*
V* V842 Ori,3017296409006209920,OrionV*
WRAY 15-180,5541666151648967424,OrionV*
V* V2273 Ori,3209535365593047424,OrionV*
V* V2172 Ori,3017250813621815424,OrionV*
V* V1932 Ori,3015565331014807296,OrionV*
V* V1279 Sco,5997082867132347136,OrionV*
V* V1120 Ori,3016562450622220288,OrionV*
V* V2496 Ori,3017373576671439104,OrionV*
2MASS J20550302+4410521,2162909834796150272,OrionV*
EM* LkHA  184,2162147735802481664,OrionV*
2MASS J21392488+5745272,2178498951182201472,OrionV*
V* DE Tau,152511475478780416,OrionV*
V* V2580 Ori,3016952124414592000,OrionV*
V* V1192 Sco,5997035416337166976,OrionV*
V* LR Ori,3017360554330360320,OrionV*
Haro 1-6,6049142032584969088,OrionV*
EM* LkHA  189,2162221712329109504,OrionV*
V* V1777 Sgr,4065976063734165504,OrionV*
UCAC4 781-037975,2218012925176261376,OrionV*
V* KN Ori,3209522618130302720,OrionV*
2MASS J00013727+6438014,431769317058193536,OrionV*
EM* LkHA  187,2162221609249896576,OrionV*
V* V336 Mon,3326905547502149760,OrionV*
Cl* IC  348     CB       2,217446776789683200,OrionV*
V* V2425 Ori,3017360833518067072,OrionV*
V* V908 Ori,3023046923526168192,OrionV*
V* V1739 Ori,3209559486129352576,OrionV*
V* V389 Ori,3215641881373518720,OrionV*
2MASS J00011243+6441338,431778250593897600,OrionV*
V* V2403 Ori,3017359081168862208,OrionV*
UCAC4 476-021333,3131716090109367424,OrionV*
V* GW Lup,6014722194741392512,OrionV*
2MASS J00011312+6444170,431778804651945216,OrionV*
V* V1190 Ori,3017124674725004032,OrionV*
2MASS J06321474+0450236,3131331188020387328,OrionV*
V* V1977 Ori,3220683825084374784,OrionV*
EM* LkHA  175,2162951753677142784,OrionV*
V* V1412 Ori,3209591681204289536,OrionV*
V* V1094 Ori,3209698539989429632,OrionV*
2MASS J03253790+3108207,124018318839496064,OrionV*
2MASS J20583048+4354095,2162221673657766272,OrionV*
V* V2312 Ori,3209637860692471936,OrionV*
V* V758 Ori,3209544917600361344,OrionV*
V* V556 Mon,3131315936594899584,OrionV*
EM* LkHA   92,216677530967198208,OrionV*
2MASS J06421177+0847060,3134357563714728832,OrionV*
V* V2521 Ori,3209572233592263808,OrionV*
2MASS J20520672+4427553,2162956907637974528,OrionV*
2MASS J21532176+4713329,1974545866419850752,OrionV*
Gaia DR3 124009935063344128,124009935063344128,OrionV*
V* V1565 Ori,3017360008881320064,OrionV*
2MASS J06430683+0940089,3326672146094481152,OrionV*
V* V1540 Cyg,2162167694508896128,OrionV*
V* V1080 Ori,3016858769005583360,OrionV*
EM* LkHA  248,1974545591541945600,OrionV*
V* V701 Ori,3209914628383403648,OrionV*
V* V2011 Ori,3017264312701150336,OrionV*
V* OV Ori,3017373203019748864,OrionV*
V* V697 Ori,3016815888053365888,OrionV*
[HL2013] 052.44167+31.07750,121339702355689728,OrionV*
V* V2474 Ori,3209578040384913536,OrionV*
V* V815 Ori,3209530280351892096,OrionV*
V* V991 Cep,2218012031823079040,OrionV*
V* V1529 Ori,3017246278136485248,OrionV*
2MASS J06420574+0748162,3134224144851532160,OrionV*
V* V1682 Ori,3209549762323451776,OrionV*
V* LT Ori,3017367151399567872,OrionV*
V* V1273 Ori,3017364681806206848,OrionV*
V* V543 Mon,3131378054704983168,OrionV*
V* V1784 Ori,3017377635427662848,OrionV*
V* V2196 Ori,3017367151399978496,OrionV*
V* V1651 Ori,3209489770218312960,OrionV*
Haro 6-47,3339136927164194176,OrionV*
V* V1217 Ori,3215934695063940352,OrionV*
V* V2422 Ori,3017365570852340352,OrionV*
V* V2022 Ori,3217672537615851264,OrionV*
V* V1568 Ori,3017251810054336000,OrionV*
V* AE Aur,182071570715713024,OrionV*
Gaia DR2 217072186920843264,217072186920843264,OrionV*
ATO J099.5100+10.1374,3326971385056205824,OrionV*
V* V700 Ori,3209497501159535616,OrionV*
V* V2628 Ori,3017165807629355776,OrionV*
V* V2255 Ori,3017365918746030208,OrionV*
UCAC4 475-020391,3131375477726665344,OrionV*
2MASS J06393342+0904474,3326577794253434112,OrionV*
V* V2524 Ori,3017366120608178048,OrionV*
2MASS J20521841+4416305,2162945976943020416,OrionV*
Cl* NGC 2264    SBL     393,3326743614350025728,OrionV*
2MASS J21394643+5705072,2178183666228254720,OrionV*
V* V1751 Sgr,4066020289044819712,OrionV*
ATO J055.3102+32.3628,217458493460476928,OrionV*
V* DG CrA,6718800753416250112,OrionV*
V* V2362 Ori,3017359287330361216,OrionV*
V* XX Cha,5225374074083637376,OrionV*
V* V575 Ori,3209529593157126272,OrionV*
2MASS J20555710+4415358,2162904165439288320,OrionV*
V* V2242 Ori,3017252767831531776,OrionV*
V* V2367 Ori,3017367293144787328,OrionV*
UCAC4 672-086850,2163136128037403264,OrionV*
V* V2020 Ori,3209526913097461504,OrionV*
V* V1801 Sgr,4066069835783767168,OrionV*
V* V398 Mon,3326604491769749760,OrionV*
V* V2616 Ori,3017362031799324416,OrionV*
UCAC4 688-107192,1974796482047513344,OrionV*
V* V2180 Ori,3017238856433017728,OrionV*
V* V1088 Ori,3209250145403556864,OrionV*
V* V2490 Ori,3017197727826175872,OrionV*
2MASS J20510222+4413521,2163135475202366976,OrionV*
V* V2078 Ori,3017262976969197952,OrionV*
Gaia DR3 216590016712558080,216590016712558080,OrionV*
V* V1232 Ori,3017359871442791168,OrionV*
V* V1523 Ori,3017360627357038592,OrionV*
[SSP2020] V63,431771692181043328,OrionV*
V* V1521 Ori,3017365884399265280,OrionV*
2MASS J21532368+4719052,1974734054704421632,OrionV*
V* GS Cha,5225394208889916160,OrionV*
V* V1752 Ori,3017197521667742464,OrionV*
2MASS J06441948+0843168,3134389002876279424,OrionV*
V* V484 Ori,3017360146320761984,OrionV*
V* V2068 Ori,3209627690209973248,OrionV*
V* V2041 Cyg,2166287843766098816,OrionV*
2MASS J06314889+0456092,3131335860944251392,OrionV*
V* V2299 Ori,3017364059023817600,OrionV*
V* MV Ori,3017365880089958912,OrionV*
V* V1105 Ori A,3017228273633491840,OrionV*
V* V2140 Ori,3017363822812730112,OrionV*
EM* LkHA   67,3326698981049929856,OrionV*
V* V1501 Ori,3017360966647238272,OrionV*
2MASS J06313024+0451483,3131329057717981440,OrionV*
GSC 02342-00571,121412854238885120,OrionV*
V* V879 Ori,3016909514042742400,OrionV*
V* V2092 Ori,3017250981122642560,OrionV*
V* V592 Ori,3016859043883489792,OrionV*
V* V1188 Ori,3016991122718336128,OrionV*
V* EP Cha,5209023133585929984,OrionV*
V* V2693 Ori,3017168277232599424,OrionV*
V* V2417 Ori,3017365609518085248,OrionV*
Cl* NGC 2264    RMS    5543,3326718016345534080,OrionV*
V* FY Tau,147796013704189440,OrionV*
V* V418 Ori,3209573092585717504,OrionV*
V* V2547 Ori,3017248442799982976,OrionV*
Cl* IC  348    LRL   54916,216720446280376320,OrionV*
V* V1672 Ori,3209630542068274688,OrionV*
Haro 6-49,3340894500797789824,OrionV*
V* GI Tau,147790202612482560,OrionV*
V* V1301 Ori,3017393200389094912,OrionV*
V* V539 Mon,3131379192873011456,OrionV*
2MASS J03285741+3119505,121404710980675200,OrionV*
2MASS J03440646+3143250,216617641943232000,OrionV*
V* V2606 Ori,3017369251637026560,OrionV*
2MASS J02330566+6129141,465534563233010816,OrionV*
EM* LkHA   90,216681585416314368,OrionV*
V* V1764 Sgr,4066023518860481664,OrionV*
2MASS J06320115+0455274,3131335246767446400,OrionV*
2MASS J21532525+4714576,1974546003858801024,OrionV*
2MASS J03334692+3053500,121146497546656896,OrionV*
2MASS J06321998+0457483,3131336655517721088,OrionV*
2MASS J21425625+6606021,2218011928743863168,OrionV*
V* GL Cep,2178453802492511488,OrionV*
V* V2844 Ori,3209778323301715840,OrionV*
V* MP Mon,3326643936749450240,OrionV*
V* V1497 Cyg,2162150999985661824,OrionV*
2MASS J06313158+0509404,3131390664728374400,OrionV*
V* SZ Cha,5201199348142249216,OrionV*
V* V1890 Ori,3216741461721371520,OrionV*
V* GO Tau,148106316500918272,OrionV*
V* V2206 Ori,3209626345883192320,OrionV*
V* V1161 Ori,3016844922032781824,OrionV*
2MASS J20533137+4413345,2162936669752224128,OrionV*
V* QR Ori,3336109116957457792,OrionV*
V* V2478 Ori,3209577933013419904,OrionV*
V* V1778 Ori,3017354545683780864,OrionV*
V* V683 Ori,3016679651690508672,OrionV*
V* V1800 Sgr,4066069694025564160,OrionV*
2MASS J03323300+3102216,121163093300288256,OrionV*
V* V1893 Ori,3017153953519602560,OrionV*
V* V631 Ori,3336085030780878080,OrionV*
V* V1113 Ori,3016556300228986624,OrionV*
V* V2091 Ori,3017249507951764480,OrionV*
V* V375 Ori,3017363582294583808,OrionV*
V* V945 Ori,3016937418446633472,OrionV*
V* V2418 Ori,3209572950851335808,OrionV*
V* V1126 Ori,3016923983788934016,OrionV*
V* V1775 Ori,3017351212788884864,OrionV*
V* V1917 Ori,3017151548337906176,OrionV*
V* V498 Ori,3017197830905390592,OrionV*
2MASS J21531963+4716029,1974546175657488256,OrionV*
V* UY Aur,159965197946584320,OrionV*
EM* LkHA   89,216694401598720768,OrionV*
V* LU Ori,3017360554330362752,OrionV*
IRAS 21419+6543,2218005812710467840,OrionV*
2MASS J03343079+3113243,121251226029512192,OrionV*
2MASS J00014038+6436433,431768973460743936,OrionV*
V* V1223 Ori,3215853399923193728,OrionV*
V* V2035 Ori,3017137701363335936,OrionV*
V* V2377 Ori,3209528493645507200,OrionV*
V* V2359 Ori,3017367701155797376,OrionV*
V* V1224 Ori,3209651398429389696,OrionV*
IRAS 06291+0456,3131335487285654272,OrionV*
V* V689 Ori,3016731397456906496,OrionV*
V* V2065 Ori,3209548525370038144,OrionV*
V* GM Aur,156907907082740480,OrionV*
2MASS J06320183+0453386,3131334555274138752,OrionV*
V* V1658 Ori,3209444381004016256,OrionV*
V* FV Tau,151262911306653056,OrionV*
2MASS J02323720+6134311,465538553255266560,OrionV*
V* V2391 Ori,3017246273840668032,OrionV*
V* V881 Ori,3016963634927306624,OrionV*
2MASS J06314900+0455470,3131335551707559936,OrionV*
2MASS J06322025+0457557,3131336655517720448,OrionV*
V* V2639 Ori,3017374783567708672,OrionV*
V* V2611 Ori,3017143164561692800,OrionV*
2MASS J06432510+0957137,3350749698397287552,OrionV*
V* V1242 Ori,3215890027404209920,OrionV*
V* V2448 Ori,3017362620221402240,OrionV*
V* V970 Ori,3209504270027894784,OrionV*
V* V560 Ori,3017249817189402496,OrionV*
V* V692 Ori,3016619865746516608,OrionV*
2MASS J06320292+0458540,3131336449358243840,OrionV*
2MASS J06320447+0458261,3131336238901423872,OrionV*
2MASS J02331141+6131150,465535082930936064,OrionV*
Cl* IC  348     CB      73,216725802102929408,OrionV*
V* V844 Ori,3016923262234415872,OrionV*
V* V1264 Ori,3016806434827822976,OrionV*
V* V1605 Ori,3017294519220620928,OrionV*
V* V988 Cep,2218012134902286208,OrionV*
2MASS J03281101+3117292,121032869892031360,OrionV*
2MASS J06314805+0450483,3131328404880930944,OrionV*
V* V937 Ori,3017161753180173184,OrionV*
V* MS Ori,3017367494996951424,OrionV*
V* V2049 Cyg,2162100594241230208,OrionV*
V* V1792 Sgr,4066069079868792832,OrionV*
2MASS J20531456+4429061,2162978107596481280,OrionV*
Haro 5-42,3217452983182529664,OrionV*
V* HQ Ori,3016723838314625536,OrionV*
EM* SR   12,6049072007438134272,OrionV*
V* V744 Ori,3209538526689909504,OrionV*
V* V2449 Ori,3017360764788305408,OrionV*
V* V902 Per,216682513129243264,OrionV*
V* HV Ori,3209602195281558272,OrionV*
V* V1676 Ori,3209523064806795904,OrionV*
V* V2155 Ori,3017360352479193472,OrionV*
HD 283817,146921111686142464,OrionV*
V* V1191 Sco,5997082356055814016,OrionV*
V* V2736 Ori,3216512449769267840,OrionV*
V* CV Cha,5201295319189803392,OrionV*
Cl* NGC 2244     PS     245,3131334387774015488,OrionV*
V* V1244 Ori,3215681635590686848,OrionV*
HJM E  1-7,5201303050130979840,OrionV*
V* V907 Per,216681615480515200,OrionV*
V* V1741 Sgr,4069046862272703616,OrionV*
2MASS J21532159+4714137,1974545900779676160,OrionV*
2MASS J00013448+6437138,431769179623167360,OrionV*
V* V2514 Ori,3209574806276162816,OrionV*
V* V1525 Ori,3017359459125967360,OrionV*
V* V2204 Ori,3016942125730730496,OrionV*
V* V2396 Ori,3017147322090043264,OrionV*
V* HL Cha,5201129292932746880,OrionV*
V* V557 Mon,3131692175731934080,OrionV*
V* V1556 Ori,3017246449935171200,OrionV*
EM* LkHA  369,3326722208233372288,OrionV*
2MASS J06321036+0452058,3131331462902020864,OrionV*
V* V757 Ori,3016563893731153024,OrionV*
V* V1747 Ori,3209633428286224640,OrionV*
2MASS J20512969+4432197,2163148600622382592,OrionV*
2MASS J06314779+0452238,3131328782838716288,OrionV*
V* V1479 Ori,3017266550381965952,OrionV*
V* V1421 Ori,3209424967752054784,OrionV*
Haro 6-52,3341045855445091072,OrionV*
V* V2480 Ori,3017366498565334400,OrionV*
2MASS J02325076+6131056,465537793048445952,OrionV*
V* V2650 Ori,3017294411833902976,OrionV*
DoAr  9,6050258238750324608,OrionV*
2MASS J18202544-1636087,4097411655234412544,OrionV*
FHK 517,2162965394493239936,OrionV*
2MASS J20520017+4419590,2162949314135760640,OrionV*
V* V899 Ori,3017004316857828480,OrionV*
EM* SR    4,6049142410542091648,OrionV*
EM* SR   22,6049139455604590720,OrionV*
V* V1814 Ori,3016986896469838848,OrionV*
V* V684 Ori,3209090475699207552,OrionV*
V* V2673 Ori,3017355847043970048,OrionV*
V* V2563 Ori,3017362512835656192,OrionV*
V* V2211 Ori,3016456210311395456,OrionV*
2MASS J06314385+0502574,3131384621711437440,OrionV*
EM* LkHA   57,3326521714864002048,OrionV*
Cl* NGC 2264    SBL    2382,3326741415326788480,OrionV*
ESO-HA   29,5528460948272696832,OrionV*
V* V2074 Ori,3017269569741152640,OrionV*
V* CX Tau,162758236656524416,OrionV*
V* V1314 Ori,3017265828827478016,OrionV*
EM* LkHA  107,4066069212983012480,OrionV*
2MASS J20544566+4443418,2162976423969272576,OrionV*
GSC 02342-00145,124034399197072896,OrionV*
V* V1204 Ori,3209080373936177792,OrionV*
2MASS J06312086+0504085,3131387954606107904,OrionV*
EM* LkHA  188,2162221540530536448,OrionV*
V* V2493 Ori,3209534747115577344,OrionV*
V* EH Cep,2270052256462948736,OrionV*
EM* LkHA  271,121393784583875456,OrionV*
V* DN Tau,147606657186323712,OrionV*
V* V2021 Ori,3017250500087159424,OrionV*
V* KM Ori,3017364613086735360,OrionV*
V* V1914 Ori,3016329933976014464,OrionV*
V* V2630 Ori,3017346363758090496,OrionV*
V* V1483 Ori,3017363410495899136,OrionV*
V* V1539 Ori,3017252909565837952,OrionV*
V* V1531 Ori,3017366090553946880,OrionV*
2MASS J02330587+6134431,465539820274435840,OrionV*
V* V2147 Ori,3017365231561828480,OrionV*
V* V1699 Ori,3209551544732356224,OrionV*
FHK 489,2162982196405393920,OrionV*
V* V1114 Ori,3209536190226851968,OrionV*
ATO J324.9200+57.6152,2178400304377839744,OrionV*
2MASS J20535690+4451319,2162992637468186240,OrionV*
V* V434 Mon,3326735436732323712,OrionV*
*  11 Sgr,4066278846098710016,OrionV*
V* DD Ser,4259739188288066432,OrionV*
2MASS J05262962-6741447,4658652383467265024,OrionV*
V* V1599 Ori,3017399934896187264,OrionV*
V* V1965 Ori,3216838390542947584,OrionV*
2MASS J06320766+0454336,3131334967591015808,OrionV*
V* V2223 Ori,3017360176373060224,OrionV*
V* V442 Ori,3389113514514547840,OrionV*
V* V2669 Ori,3016921750406034432,OrionV*
V* V1937 Cyg,1965913394469138688,OrionV*
V* V2596 Ori,3215908680444876544,OrionV*
V* V1184 Tau,3400052933657222272,OrionV*
NGC  2244   187,3131335384206371584,OrionV*
V* V358 Ori,3017358978089804672,OrionV*
V* V1786 Ori,3017379319054828288,OrionV*
Cl* IC  348     CB      20,217480037016442496,OrionV*
Cl* NGC 2244     PS     203,3131334834450600832,OrionV*
V* V1910 Ori,3217665528229153920,OrionV*
2MASS J06421893+0936249,3326670771705042560,OrionV*
V* V681 Ori,3210677964331559808,OrionV*
V* V1452 Ori,3209548181775468032,OrionV*
V* V1491 Ori,3209572405390981760,OrionV*
EM* LkHA  160,2162949382855434496,OrionV*
2MASS J06370371+0813402,3326078306737692544,OrionV*
V* V755 Cen,5863256707026042240,OrionV*
V* KU Mon,3326897030582531456,OrionV*
2MASS J02334834+6128377,465535426528340864,OrionV*
V* V2111 Ori,3017161031625647488,OrionV*
V* V654 Ori,3017173401131432704,OrionV*
V* V2638 Ori,3016925839214800768,OrionV*
ESO-HA  562,5201128124699517568,OrionV*
V* V721 Ori,3209542409339494656,OrionV*
2MASS J02331002+6132086,465535284789085824,OrionV*
V* V1059 Ori,3016678376082796032,OrionV*
2MASS J21550794+4726463,1976052506587903232,OrionV*
2MASS J06320102+0457317,3131336105760882176,OrionV*
V* V1300 Ori,3016879556647282816,OrionV*
V* AT Pyx,5543639397065153536,OrionV*
V* V1687 Ori,3209629064599526784,OrionV*
V* KZ Ori,3017266168126793984,OrionV*
V* V1458 Ori,3017364887967710976,OrionV*
V* V933 Ori,3017150483186015104,OrionV*
V* V2494 Cyg,2170489352564486912,OrionV*
V* V2342 Ori,3017365850036801024,OrionV*
V* V2117 Ori,3217773971858519296,OrionV*
V* V976 Mon,3326711969031021824,OrionV*
2MASS J20581145+4352571,2162127940292305920,OrionV*
V* V1337 Ori,3017361108392968064,OrionV*
V* V2257 Ori,3017366674659583616,OrionV*
V* V2640 Ori,3015680981597816320,OrionV*
V* V1268 Ori,3209609410829056896,OrionV*
V* V1616 Ori,3017178829970070016,OrionV*
V* V802 Ori,3017142374287725824,OrionV*
V* EH Cha,5209019731971781248,OrionV*
V* V1727 Ori,3209578899381500928,OrionV*
V* LS Ori,3017250847981552896,OrionV*
V* V1516 Ori,3017360902234822016,OrionV*
HD 282630,156900622818205312,OrionV*
V* V1779 Sgr,4066070213740982272,OrionV*
V* V1267 Ori,3017207004955474304,OrionV*
V* V478 Mon,3327262446401085312,OrionV*
BD-18  4244,6245821126373768832,OrionV*
V* NT Ori,3016548431848965888,OrionV*
V* V706 Per,216678389960647552,OrionV*
V* V921 Per,216678458680119296,OrionV*
V* V824 Ori,3017369595247218176,OrionV*
V* V2441 Ori,3017362620221405824,OrionV*
Wa Oph 1,6245770063505264256,OrionV*
V* V1762 Ori,3209573951579158144,OrionV*
V* V2447 Ori,3017246312496221568,OrionV*
V* AE Ori,3017364368261463936,OrionV*
V* V1650 Ori,3208985468042433792,OrionV*
2MASS J02330227+6130403,465535147348586112,OrionV*
V* V2562 Ori,3016467411586094976,OrionV*
V* V1656 Ori,3209497260641375616,OrionV*
WRAY 15-54,5506463598950113280,OrionV*
2MASS J20472521+4348322,2067034237622346240,OrionV*
V* V2004 Ori,3209526977520510464,OrionV*
V* V1714 Cyg,2162038059515934464,OrionV*
V* V1270 Ori,3209650230198212608,OrionV*
MSX LMC  612,4658496596448015104,OrionV*
2MASS J00021184+6436183,431774093061753984,OrionV*
V* V437 Mon,3326722002074952448,OrionV*
V* V1284 Ori,3017360627356912384,OrionV*
JW  286,3017364303848915072,OrionV*
V* V2392 Ori,3017367327504521600,OrionV*
V* V1419 Ori,3017241673931436544,OrionV*
V* V984 Ori,3017186663990448512,OrionV*
2MASS J06413308+1023210,3350977400382675072,OrionV*
V* V2247 Ori,3017252840846368384,OrionV*
V* V1292 Ori,3017359596564784128,OrionV*
V* V1779 Ori,3017381376329682944,OrionV*
V* GM Cep,2178395219136276352,OrionV*
V* V2174 Ori,3209522515051036288,OrionV*
V* V2663 Ori,3017195593225089152,OrionV*
V* V2084 Ori,3209576940876434048,OrionV*
V* V1610 Ori,3017180513597244672,OrionV*
V* V2094 Ori,3017365094122921728,OrionV*
V* V698 Per,216677840204841728,OrionV*
ATO J055.3280+31.2375,216527894305651840,OrionV*
V* V1948 Ori,3016554101205722624,OrionV*
V* V1291 Ori,3209528081328643456,OrionV*
V* V965 Ori,3210559045277230080,OrionV*
V* V713 Per,216704945742764928,OrionV*
V* V2017 Ori,3209546910465148928,OrionV*
V* V934 Sco,6048380620786348672,OrionV*
V* EO Cha,5209135352491538432,OrionV*
Cl* NGC 2244     PS     569,3131320403360890496,OrionV*
V* V1945 Ori,3216743969982459648,OrionV*
V* V2561 Ori,3215646829175828480,OrionV*
V* V2599 Ori,3017186182954096256,OrionV*
2MASS J20580764+4352528,2162127978951544192,OrionV*
V* V755 Ori,3016566642510304896,OrionV*
V* V2531 Ori,3016480330847713536,OrionV*
V* V876 Ori,3016968720168248064,OrionV*
2MASS J06411828+1017458,3326945683971600768,OrionV*
V* KP Ori,3017250263866008960,OrionV*
V* V1146 Ori,3215809071563617536,OrionV*
V* CE Ori,3209531517302471808,OrionV*
V* V1224 Tau,68897842434107392,OrionV*
IRAS 20490+4351,2066868108290453248,OrionV*
Haro 5-44,3216431463865168000,OrionV*
V* V2487 Ori,3017373580976877696,OrionV*
2MASS J06313247+0506055,3131389599575763584,OrionV*
2MASS J20533630+4416263,2162940067068027264,OrionV*
V* V977 Ori,3209544505280881536,OrionV*
Haro 6-54,3340973562555820800,OrionV*
2MASS J00013898+6437303,431769076543954560,OrionV*
V* V405 Mon,3326902730003434112,OrionV*
V* IY Ori,3017237993141611776,OrionV*
V* V2002 Ori,3017243701153080832,OrionV*
2MASS J06314745+0458328,3131383281681683584,OrionV*
2MASS J06393194+0749346,3133907760380844032,OrionV*
V* V2277 Ori,3017359356046772864,OrionV*
V* V2337 Ori,3215666723464141568,OrionV*
V* V2295 Ori,3016455969793224192,OrionV*
V* V2682 Ori,3017294686711352576,OrionV*
V* V2560 Ori,3017372447105514496,OrionV*
V* V900 Mon,3050857592681422080,OrionV*
V* V2374 Ori,3017365643866530688,OrionV*
2MASS J03283692+3117353,121405088937801472,OrionV*
V* V1209 Ori,3215941463932481280,OrionV*
2MASS J03432774+3208314,216692099496268288,OrionV*
V* V1926 Cyg,2162870699054109312,OrionV*
V* V549 Mon,3131334353414291456,OrionV*
Haro 5-55,3216467167929031936,OrionV*
V* BS Cep,2206469152595168896,OrionV*
[DCT2018] F20a 03246,5591760760400305536,OrionV*
Cl* IC  348     CB      15,217479487260579456,OrionV*
V* V1294 Ori,3017367391918532992,OrionV*
2MASS J20513164+4413013,2162947729289614848,OrionV*
2MASS J02330537+6122506,465527386350637312,OrionV*
V* V2349 Ori,3017139350630769664,OrionV*
V* V889 Ori,3016134053403681792,OrionV*
V* V2289 Ori,3017360970943283968,OrionV*
IC  348   18,216628838921440128,OrionV*
V* V1973 Ori,3209651570228115200,OrionV*
V* V1560 Ori,3017248236641560576,OrionV*
V* MU Ori,3017367499303215872,OrionV*
2MASS J06322311+0449431,3131330402044785792,OrionV*
V* V1578 Ori,3209529799313272320,OrionV*
V* V1496 Ori,3017364338208357120,OrionV*
2MASS J20482150+4441150,2067144120067330944,OrionV*
2MASS J06425708+0811301,3134241118562021760,OrionV*
V* V2683 Ori,3016932367565082880,OrionV*
V* V2734 Ori,3216506612906976384,OrionV*
EM* LkHA  243,1974545896478048640,OrionV*
V* V2550 Ori,3017363165670319360,OrionV*
V* ES Cha,5209039110864333312,OrionV*
2MASS J06424489+0941179,3326672936368490880,OrionV*
2MASS J06402178+0750147,3133858759094526464,OrionV*
V* V918 Per,216678076426514304,OrionV*
NGC  2244   185,3131336071401161600,OrionV*
V* V588 Tau,147879091255647232,OrionV*
NGC  6530    29,4065974517554929152,OrionV*
EM* LkHA   91,216682444409767936,OrionV*
2MASS J20524982+4419022,2162951478799226112,OrionV*
EM* LkHA  164,2162956460961372928,OrionV*
V* V2696 Ori,3016922398945472128,OrionV*
V* V587 Ori,3016855092513584256,OrionV*
V* EG Cha,5209082129256747008,OrionV*
DoAr 49,6045791575844270208,OrionV*
V* V2167 Ori,3017363582294575744,OrionV*
V* V2009 Ori,3017243318902558208,OrionV*
HD  36958,3209577692491953024,OrionV*
[DCT2018] F20a 12950,5592173558299030656,OrionV*
[SSP2020] V70,431775231235140096,OrionV*
V* HT Tau,148468876164740224,OrionV*
V* V733 Ori,3017209513216519168,OrionV*
V* V699 Tau,154710361295622016,OrionV*
V* V1950 Ori,3215977369858946304,OrionV*
V* V2361 Ori,3209527286758972800,OrionV*
V* GU Tau,151275757551824768,OrionV*
V* V1511 Ori,3017252561670619648,OrionV*
V* V948 Ori,3017141721452689664,OrionV*
V* V1262 Ori,3209249595648141184,OrionV*
2MASS J06442088+0849356,3134390892661829632,OrionV*
HJM C  1-2,5201350226049653248,OrionV*
2MASS J02325968+6126020,465534322714795776,OrionV*
2MASS J20580604+4349328,2162127566634682496,OrionV*
2MASS J06315678+0453510,3131334658353358336,OrionV*
2MASS J06402152+0828214,3134319218246955136,OrionV*
V* LM Ori,3017265279072422784,OrionV*
V* V2618 Ori,3017362993871998848,OrionV*
V* V2532 Ori,3017346879154296704,OrionV*
V* V1053 Ori,3023176391020196992,OrionV*
V* AF Ori,3017364059023825280,OrionV*
2MASS J06323012+0455221,3131333352684720512,OrionV*
V* V1499 Ori,3017189996885073408,OrionV*
V* V1603 Ori,3209557287106237056,OrionV*
V* V548 Ori,3339713590951114880,OrionV*
V* V1929 Cyg,2162143818790948352,OrionV*
V* DS Tau,158249306976130176,OrionV*
2MASS J06314447+0503422,3131386099180177920,OrionV*
V* V882 Ori,3017388939781540096,OrionV*
EM* LkHA   46,3326943897265235840,OrionV*
V* V2677 Ori,3016872066224258816,OrionV*
V* V1989 Ori,3217672675055294720,OrionV*
V* V1923 Ori,3017209577638157440,OrionV*
V* AZ Ori,3017371588112037248,OrionV*
V* V555 Ori,3209576459840251776,OrionV*
V* V1573 Ori,3209527905231064320,OrionV*
V* V864 Ori,3016955800906636928,OrionV*
V* V732 Ori,3017214392299187584,OrionV*
V* V772 Ori,3017364750525700608,OrionV*
ATO J099.7857+09.7550,3326898812993224064,OrionV*
V* V2290 Ori,3017366709030057600,OrionV*
V* V486 Vul,2020089390394713344,OrionV*
Cl* IC  348    LRL     162,216695256295900672,OrionV*
V* V1683 Ori,3017212605592939392,OrionV*
2MASS J06321932+0457341,3131336651218268672,OrionV*
V* V2476 Ori,3017189859446112640,OrionV*
V* V1424 Cyg,1969616893235237376,OrionV*
V* V1720 Ori,3209575807002165248,OrionV*
V* V2046 Ori,3209533029130884864,OrionV*
2MASS J02335453+6125326,465486700116482816,OrionV*
V* V2537 Ori,3209573745420744448,OrionV*
2MASS J06395326+0814075,3133936656921584768,OrionV*
V* V2219 Ori,3209572817707830272,OrionV*
Cl* IC  348     CB      88,216627709346568704,OrionV*
V* V2845 Ori,3016738269404733312,OrionV*
Cl* NGC 2244     PS     308,3131334903170052608,OrionV*
V* V2637 Ori,3016920921476314624,OrionV*
Cl* NGC 7129    MEG       3,2218011928743861760,OrionV*
V* V1715 Ori,3209575703925864576,OrionV*
V* V1928 Ori,3015571721926130688,OrionV*
V* V2382 Ori,3017141034257936384,OrionV*
V* V1771 Sgr,4065976274218117504,OrionV*
V* V699 Per,216677943284368384,OrionV*
V* EM Cha,5209024576694905472,OrionV*
2MASS J20533544+4427481,2162965699433784192,OrionV*
2MASS J03335108+3112278,121169759089519232,OrionV*
2MASS J20515869+4430273,2163144855413650432,OrionV*
2MASS J06383292+0812220,3133933427105067904,OrionV*
V* V1562 Ori,3017359149888300928,OrionV*
V* V967 Ori,3016635465066928512,OrionV*
2MASS J20544561+4431372,2162969792539700480,OrionV*
V* V1108 Ori,3016526991372177664,OrionV*
2MASS J06414629+0828481,3134333889855123456,OrionV*
V* V2330 Ori,3017246656093604864,OrionV*
V* V2571 Ori,3017362517141154688,OrionV*
V* V347 Ori,3209829691110274688,OrionV*
V* V741 Ori,3016557331021129728,OrionV*
V* V1037 Ori,3209084290946356864,OrionV*
V* NR Ori,3017245144265120384,OrionV*
V* V2594 Ori,3017361207165451136,OrionV*
V* V1584 Ori,3209555053723252736,OrionV*
V* V2322 Ori,3209634699596549248,OrionV*
V* V711 Per,216705053117608960,OrionV*
V* V2296 Ori,3017360279452474240,OrionV*
2MASS J06323804+0440520,3131307896416177792,OrionV*
2MASS J02330360+6129488,465534941189906048,OrionV*
V* CS Cha,5201179389431267584,OrionV*
V* V378 Ori,3017247721245474432,OrionV*
2MASS J00013488+6437396,431769282700523392,OrionV*
V* V2263 Ori,3017144538951245184,OrionV*
V* V2705 Ori,3216016952277174016,OrionV*
V* V409 Mon,3326715091472459520,OrionV*
V* V1077 Tau,3314297172786614272,OrionV*
2MASS J21531684+4715300,1974546175657488640,OrionV*
V* V2054 Ori,3017145054347335168,OrionV*
2MASS J02335271+6126178,465486906274944640,OrionV*
2MASS J20510591+4423472,2163137360688842752,OrionV*
Cl* NGC 2244     PS     201,3131335620426680448,OrionV*
V* V2227 Ori,3217774208080123904,OrionV*
V* RY Ori,3216805130316380672,OrionV*
2MASS J06321234+0457217,3131335349846609792,OrionV*
2MASS J02321420+6133367,465538828142406144,OrionV*
V* OX Mon,3326939293060678272,OrionV*
V* DQ Tau,3406269842981827712,OrionV*
V* V828 Ori,3017371072715966976,OrionV*
V* V702 Ori,3209859790240994432,OrionV*
2MASS J06391678+0736510,3133833027950495616,OrionV*
V* V710 Per,216678493039859328,OrionV*
V* V2363 Ori,3017365880089965824,OrionV*
V* V875 Ori,3015714967674577024,OrionV*
V* FN Ser,4146599613565335936,OrionV*
V* V1084 Ori,3023472194007195904,OrionV*
V* V707 Per,216681344898144896,OrionV*
DoAr 57,6045790996028094976,OrionV*
V* V912 Mon,3326696885103937280,OrionV*
V* KM Cas,465523778576137600,OrionV*
V* V2049 Ori,3209627758929451136,OrionV*
V* V1248 Ori,3016882374145831680,OrionV*
V* V1935 Cyg,1964451318883673088,OrionV*
V* V396 Ori,3017260881025171200,OrionV*
V* HL Ori,3209003889158737024,OrionV*
2MASS J06313386+0446272,3131326240219335552,OrionV*
V* V1282 Ori,3017360627357037696,OrionV*
V* GX Tau,147903284807405312,OrionV*
V* V2615 Ori,3017373203021508736,OrionV*
V* OR Ori,3017251947493281536,OrionV*
V* V827 Ori,3017342004379040000,OrionV*
2MASS J06312545+0449309,3131327374092928640,OrionV*
V* V1078 Ori,3017169621560199424,OrionV*
V* V783 Ori,3209626693777558912,OrionV*
V* V2131 Ori,3209520724048940928,OrionV*
2MASS J06320669+0455305,3131335212407692928,OrionV*
EM* LkHA  237,1974732852113453952,OrionV*
V* V1987 Ori,3209552545462236160,OrionV*
V* V482 Ori,3017246071978064512,OrionV*
V* V2096 Ori,3017262938311602944,OrionV*
V* V1943 Ori,3215884358047256960,OrionV*
V* V1139 Ori,3016988648816488576,OrionV*
V* V404 Ori,3017364269489305472,OrionV*
V* V717 Ori,3017207692150223232,OrionV*
V* V619 Ori,3216456546483835008,OrionV*
2MASS J06321064+0451326,3131331467196247040,OrionV*
V* V2334 Ori,3209571477678049408,OrionV*
V* V1913 Ori,3017253871638555520,OrionV*
V* V2491 Ori,3017191474353799296,OrionV*
2MASS J20565218+4405516,2162149041471231104,OrionV*
2MASS J06322750+0452513,3131331737776992896,OrionV*
V* QT Mon,3326908231857269376,OrionV*
V* V733 Cep,2207263274868960256,OrionV*
2MASS J02324851+6124272,465528412838820480,OrionV*
V* V2041 Ori,3215987329886376704,OrionV*
2MASS J06315220+0452400,3131328748478979584,OrionV*
V* V1343 Ori,3209527669011786240,OrionV*
V* TT Ori,3209576597279031680,OrionV*
2MASS J03292889+3058418,120963394501060096,OrionV*
UCAC4 774-000221,431768977766839168,OrionV*
V* V922 Per,216678527399594880,OrionV*
V* V1668 Ori,3017155637146774272,OrionV*
2MASS J06315307+0501293,3131383728358234368,OrionV*
2MASS J20565157+4322497,2162091278451209472,OrionV*
V* V2636 Ori,3017348051692978816,OrionV*
2MASS J03452338+3224369,216714158448241792,OrionV*
V* SW Ori,3016754723421760256,OrionV*
V* V412 Ori,3017251603895790720,OrionV*
V* V2717 Ori,3016936383358843136,OrionV*
V* V1256 Ori,3215724138586645120,OrionV*
V* V1231 Ori,3017361039673476224,OrionV*
V* V1297 Ori,3215660951028266752,OrionV*
V* V1712 Ori,3017243151397223808,OrionV*
V* V526 Ori,3335782905601559808,OrionV*
2MASS J20525430+4352165,2162924673904534272,OrionV*
V* V2597 Ori,3016467067988707840,OrionV*
V* V738 Ori,3016759469363177600,OrionV*
V* V1878 Ori,3209724958330998144,OrionV*
V* V888 Ori,3023420139004712448,OrionV*
V* V2095 Ori,3016484041699320192,OrionV*
2MASS J03435084+3154210,216668803593749888,OrionV*
V* V1574 Ori,3017251913133545984,OrionV*
2MASS J06331688+0447598,3131316108391329536,OrionV*
V* V1171 Ori,3016552348859421824,OrionV*
V* V990 Cep,2218008866428263424,OrionV*
V* V414 Ori,3209571301580843776,OrionV*
V* V1090 Ori,3016681713274789760,OrionV*
2MASS J00020069+6432185,431767599075185024,OrionV*
V* FT Tau,149623711269425408,OrionV*
V* HL Tau,3314312226646863488,OrionV*
EM* LkHA  239,1974732817753715712,OrionV*
2MASS J00014594+6437264,431769115200651008,OrionV*
V* V2284 Ori,3017364372558952576,OrionV*
2MASS J06324066+0441251,3131307896416173184,OrionV*
V* V752 Ori,3017164635100429696,OrionV*
2MASS J06432368+0954374,3326729522560111360,OrionV*
V* HS Cha,5201351085045200640,OrionV*
2MASS J03404040+3137379,216558749350653568,OrionV*
V* V2668 Ori,3016948894597904128,OrionV*
V* V1933 Ori,3016759636865208576,OrionV*
V* V1930 Ori,3217677902030274432,OrionV*
HD 314027,4066312960971696384,OrionV*
V* V2445 Ori,3017365781316303104,OrionV*
2MASS J02320270+6129520,465532707807151488,OrionV*
V* V2540 Ori,3209640334593600896,OrionV*
V* V3899 Sgr,4069225090548887936,OrionV*
HD 244604,3340578150687480192,OrionV*
Cl* NGC 7129    EGM       8,2218010588714057216,OrionV*
V* V1098 Ori,3209939023797594112,OrionV*
EM* LkHA  332,148116280825446784,OrionV*
2MASS J20541372+4424322,2162962985013655168,OrionV*
V* V1896 Ori,3209415686326258688,OrionV*
V* V2383 Ori,3017361108392946048,OrionV*
[SSP2020] V67,431767358554812160,OrionV*
2MASS J02332276+6127402,465534052139851136,OrionV*
V* V2016 Ori,3209577039659060736,OrionV*
V* V2467 Ori,3209528046968972672,OrionV*
V* V1181 Ori,3017167250738276096,OrionV*
2MASS J21532583+4715514,1974546072578275584,OrionV*
Cl* IC  348    LRL      42B,216678458680118912,OrionV*
V* V1901 Ori,3017149074436762752,OrionV*
2MASS J03253315+3055443,123996908426476032,OrionV*
V* V927 Ori,3209593742788617216,OrionV*
V* V1536 Ori,3209573058225987712,OrionV*
V* V2388 Ori,3017365575158623360,OrionV*
V* V930 Ori,3215882708779999104,OrionV*
V* V595 Mon,3326904521005483136,OrionV*
ATO J324.6658+57.1464,2178371820154126464,OrionV*
V* V1141 Ori,3016863407570261120,OrionV*
V* V2517 Ori,3209574570051402496,OrionV*
V* V2183 Ori,3017365162841148800,OrionV*
V* V2264 Ori,3017238615915568512,OrionV*
V* AA Ori,3017245792802220544,OrionV*
V* V410 Tau,164518589131083136,OrionV*
V* V1966 Ori,3017161684460700032,OrionV*
HD  37058,3209572233592263424,OrionV*
V* V1206 Ori,3209402565202552960,OrionV*
Cl* NGC 2264    RMS     213,3326611462500819328,OrionV*
V* V628 Ori,3336159144736238720,OrionV*
V* V708 Ori,3209869445327417344,OrionV*
V* V1534 Ori,3017191336914852480,OrionV*
2MASS J20523985+4405481,2162931580213813632,OrionV*
V* V1784 Sgr,4066069870142777600,OrionV*
V* V2124 Ori,3017264935474273408,OrionV*
V* V713 Ori,3209590341174520320,OrionV*
V* V719 Tau,147401426468526080,OrionV*
V* V2541 Ori,3017171060371410176,OrionV*
V* V1109 Ori,3016348389452425728,OrionV*
V* V2232 Ori,3017364441289875712,OrionV*
V* V983 Cep,2218009661001128576,OrionV*
2MASS J06383793+0825132,3326099953372611968,OrionV*
2MASS J06412286+0831506,3134323513214149248,OrionV*
V* FU Ori,3336092864798790144,OrionV*
V* V1216 Ori,3215989086529712256,OrionV*
V* V2410 Ori,3017366090553947392,OrionV*
V* V2508 Ori,3017347192699387520,OrionV*
V* V2013 Ori,3016533996462888192,OrionV*
V* V1422 Ori,3017256753560684672,OrionV*
V* V1741 Ori,3209572061793579264,OrionV*
2MASS J03415816+3214179,217444440327486848,OrionV*
V* V1760 Ori,3017375951801904256,OrionV*
V* V2220 Ori,3017364441286745728,OrionV*
V* V1023 Tau,164513538249595136,OrionV*
2MASS J20512845+4426011,2163139151692568576,OrionV*
V* V691 Mon,3326966261160000256,OrionV*
2MASS J06315889+0458110,3131336414998524544,OrionV*
V* V593 Mon,3326900874577470976,OrionV*
V* UZ Cha,5201348782942996224,OrionV*
V* V502 Ori,3017368014699258240,OrionV*
2MASS J06405258+1021350,3326958740672187648,OrionV*
V* BT Tau,3430718965791698176,OrionV*
V* V711 Ori,3016503111354212352,OrionV*
V* LN Mon,3326928946483977088,OrionV*
V* V1059 Tau,148105453212148480,OrionV*
2MASS J06313095+0448483,3131328099942022784,OrionV*
V* V388 Ori,3209529421358437248,OrionV*
V* V2756 Ori,3217428690847512576,OrionV*
2MASS J06382363+0831263,3326113662908201344,OrionV*
V* V961 Ori,3023148181675201920,OrionV*
V* V612 Mon,3326699152848624256,OrionV*
[K72c] 615,3134267197603334272,OrionV*
V* V596 Ori,3336422061157035648,OrionV*
V* V1062 Ori,3209000487544608896,OrionV*
V* V2297 Ori,3017360902223932544,OrionV*
* iot Ori B,3017190477921606400,OrionV*
V* V849 Ori,3209564090334424192,OrionV*
V* V922 Ori,3016802178517641344,OrionV*
HD 285898,3410356491482081920,OrionV*
V* V1991 Ori,3209552648541450624,OrionV*
V* V1946 Ori,3217652471529466496,OrionV*
V* V1600 Ori,3017348807607216256,OrionV*
V* V2305 Oph,6050886339064974592,OrionV*
V* V1517 Ori,3017365643877358464,OrionV*
V* V2292 Ori,3017365918755876992,OrionV*
Gaia DR2 123994679339516800,123994679339516800,OrionV*
V* V1305 Ori,3015794128216616576,OrionV*
V* HZ Ori,3209544333484822144,OrionV*
EM* LkHA  180,2162886573253316224,OrionV*
V* V2123 Ori,3017365437719986304,OrionV*
V* V899 Mon,3019739936147841280,OrionV*
V* V587 Tau,147868645895185024,OrionV*
V* V739 Ori,3016755655432227968,OrionV*
2MASS J02333549+6129419,465534223937488000,OrionV*
V* V720 Ori,3209439845518557696,OrionV*
V* V714 Per,216705053117726464,OrionV*
2MASS J03292349+3123309,121406635126017408,OrionV*
V* BD Car,5254291431755680256,OrionV*
Cl* IC  348    LRL     126,216695569829819520,OrionV*
V* V2149 Ori,3209521071942874752,OrionV*
EM* LkHA  113,4065974964232462720,OrionV*
V* V2737 Ori,3216505406022778368,OrionV*
2MASS J03314240+3106249,121331559097739520,OrionV*
V* V1737 Ori,3209633222127808512,OrionV*
V* V1208 Ori,3016714767344331392,OrionV*
EM* LkHA  163,2162948455142499968,OrionV*
Wa Oph 4,4326516579568189568,OrionV*
V* PY Mon,3326615929266446080,OrionV*
V* V695 Per,216680863861815680,OrionV*
V* WW Cha,5201350015597394944,OrionV*
V* FO Tau,163183644576299264,OrionV*
V* V1081 Ori,3016970438155148800,OrionV*
Cl* IC  348    LRL     179,216706186988968832,OrionV*
2MASS J06423331+0732345,3133641094451601152,OrionV*
IRAS 20467+4340,2067026678480142464,OrionV*
V* V346 Per,173367694934528512,OrionV*
V* HO Tau,145132927822383616,OrionV*
V* V1581 Ori,3017373855854778240,OrionV*
2MASS J06383593+0942457,3326805358801242368,OrionV*
V* HY Cha,5201350634070547584,OrionV*
2MASS J21553580+4704445,1975979870098925312,OrionV*
V* V2851 Ori,3017171094733061504,OrionV*
V* V2131 Oph,6047587769820678656,OrionV*
V* V2590 Ori,3017369212984205952,OrionV*
V* V2368 Ori,3017141206056626688,OrionV*
V* V1769 Sgr,4065974521871430144,OrionV*
V* V2419 Ori,3209634630877065856,OrionV*
2MASS J06385766+0956072,3326915241243864832,OrionV*
V* V1503 Ori,3209532616814947840,OrionV*
V* V2502 Ori,3209530585292826624,OrionV*
V* IX Oph,4108642685519012608,OrionV*
V* V1926 Ori,3209430087352834816,OrionV*
V* V483 Mon,3327309794120348672,OrionV*
Haro 1-14,6050627782031927296,OrionV*
V* V478 Vul,2020089287315479424,OrionV*
V* V2197 Ori,3017366743382334720,OrionV*
2MASS J02332254+6127181,465534052138834688,OrionV*
2MASS J06322220+0438336,3131310164158930432,OrionV*
V* V715 Per,216678115082741632,OrionV*
2MASS J20505974+4440491,2163162825554094464,OrionV*
V* V2619 Ori,3017369354729056384,OrionV*
V* V551 Mon,3131324384791279744,OrionV*
IC 5146    4,1974732783393977856,OrionV*
NGC  2244    35,3131377612325001344,OrionV*
UCAC4 774-000223,431775540476825728,OrionV*
V* DR Tau,3406081865148861440,OrionV*
V* V1205 Ori,3016413776034423552,OrionV*
V* QU Mon,3326907785181126016,OrionV*
2MASS J06314123+0446018,3131323250922090752,OrionV*
V* V2162 Ori,3017360421198666624,OrionV*
V* V2405 Ori,3017365570852334336,OrionV*
V* V718 Ori,3016771460911882752,OrionV*
V* V630 Ori,3336109288756140416,OrionV*
V* V391 Ori,3017356057510309376,OrionV*
Haro 6-67,3340984488953071616,OrionV*
V* V1398 Ori,3017364024664059264,OrionV*
V* V1713 Cyg,2162088740130069120,OrionV*
2MASS J02315515+6131229,465532986986924032,OrionV*
V* V1732 Ori,3017245865819628160,OrionV*
V* V2850 Ori,3215973315409763712,OrionV*
V* V1310 Ori,3016696144364801536,OrionV*
V* V2151 Ori,3017360421198667264,OrionV*
V* V924 Per,216677290449022592,OrionV*
V* V395 Ori,3209422700009322880,OrionV*
V* V841 Ori,3215643290122862592,OrionV*
2MASS J02330124+6130337,465535151650425600,OrionV*
2MASS J03441586+3218396,216718453415564416,OrionV*
V* V712 Ori,3209447198502552448,OrionV*
V* V1549 Ori,3017197659106702848,OrionV*
V* V1755 Ori,3209558420977611008,OrionV*
V* V1705 Cyg,2065866899870750080,OrionV*
V* V2432 Ori,3017190065604542976,OrionV*
V* V5098 Sgr,4066038018669844224,OrionV*
Cl* NGC 2244     PS     324,3131331879513083392,OrionV*
Haro 6-42,3339313403076972800,OrionV*
EM* LkHA   87,216695634253464576,OrionV*
V* V431 Mon,3326686675968627840,OrionV*
[BZR99] S Ori 25,3216438095295855232,OrionV*
2MASS J20530329+4439488,2162984635946831360,OrionV*
V* V2107 Ori,3017363891532205312,OrionV*
V* V2698 Ori,3016948310483675136,OrionV*
V* V2302 Ori,3017365918755884672,OrionV*
ROX  3,6049110039371711232,OrionV*
V* V2010 Ori,3209544814521148416,OrionV*
2MASS J06322401+0456592,3131336582506427008,OrionV*
2MASS J06315733+0453421,3131334658353357312,OrionV*
2MASS J06315873+0453468,3131334761433200896,OrionV*
V* V1058 Ori,3210569078320771456,OrionV*
V* V2666 Ori,3216070072432682624,OrionV*
Cl* NGC 2244     PS     309,3131331089239135872,OrionV*
2MASS J06415668+0730468,3133647313563908608,OrionV*
V* V989 Ori,3016925461257680256,OrionV*
HD  36917,3017264007761349504,OrionV*
2MASS J03434792+3218461,216695947786940288,OrionV*
ATO J099.5943+08.3156,3326094490174282624,OrionV*
V* V1252 Ori,3023427968728701696,OrionV*
Haro 6-57,3340994384557219072,OrionV*
V* V929 Ori,3209616214057449088,OrionV*
V* V833 Ori,3017398869744295424,OrionV*
V* V2114 Ori,3017363376136168448,OrionV*
V* ZZ Tau,147869784062378624,OrionV*
V* V1961 Ori,3209424108758593408,OrionV*
DoAr 51,6047570826172040960,OrionV*
V* V1303 Ori,3017126500087266560,OrionV*
2MASS J00013385+6438019,431769282702382208,OrionV*
V* V906 Per,216677530967199232,OrionV*
2MASS J06434163+0813117,3134262627758159872,OrionV*
Cl* IC  348    LRL     181,216706221348706432,OrionV*
V* V480 Vul,2020085954420845824,OrionV*
V* V1532 Cyg,2163139770169674752,OrionV*
V* V2087 Ori,3017143851756494720,OrionV*
WL 10,6049144021153793024,OrionV*
V* QX Vul,2028245391551696640,OrionV*
2MASS J20534014+4410455,2162935565942174208,OrionV*
V* V2052 Cyg,2161845610627645440,OrionV*
V* FU Tau,149629483705467008,OrionV*
* tet02 Ori C,3017360799155290368,OrionV*
Ass Cha T 1-23,5201350088612791168,OrionV*
V* GR Cha,5201206361825924992,OrionV*
V* V1906 Ori,3016550111180266368,OrionV*
EM* LkHA  158,2163139186054055680,OrionV*
V* GY Ori,3340892714091577856,OrionV*
2MASS J20533522+4416527,2162940071366020224,OrionV*
V* V628 Mon,3326715263271172096,OrionV*
V* V2278 Ori,3017249782829665408,OrionV*
V* V1653 Ori,3209436065947407744,OrionV*
V* V1537 Cyg,2162113513501970688,OrionV*
V* V1512 Ori,3017359252967559424,OrionV*
2MASS J20513370+4410145,2162946526698717056,OrionV*
V* V423 Ori,3209574707493411712,OrionV*
V* V960 Ori,3216654084904645120,OrionV*
V* KW Mon,3326688776205758080,OrionV*
Cl* IC  348    LRL      79,216701445345078144,OrionV*
V* V1772 Ori,3215592231551573888,OrionV*
V* V1774 Ori,3017289124741693056,OrionV*
V* V2617 Ori,3017349559214146304,OrionV*
V* V345 Per,173360513748411392,OrionV*
V* V1067 Ori,3216731978433785856,OrionV*
Cl* IC  348    LRL      26,216678660542082560,OrionV*
V* V2719 Ori,3215680432999856640,OrionV*
V* BU Ari,84350241411227008,OrionV*
V* V997 Cep,2218012512859422976,OrionV*
EM* LkHA  104,4066019975479764608,OrionV*
2MASS J02332513+6127199,465533841678473216,OrionV*
V* V2146 Ori,3017249061272214400,OrionV*
V* KV Mon,3326897438603700992,OrionV*
V* V1283 Ori,3017360627356913280,OrionV*
2MASS J20505844+4432543,2163143790261747328,OrionV*
Cl* NGC 2244     PS     124,3131329577410670976,OrionV*
V* V1096 Ori,3016396871043323264,OrionV*
EM* LkHA   95,216678321241170432,OrionV*
V* V2357 Ori,3209573230025608832,OrionV*
V* V2570 Ori,3017362895085696768,OrionV*
V* V589 Ori,3016863991685811840,OrionV*
2MASS J02331036+6127580,465533738599266944,OrionV*
V* V943 Sco,6047317045145604352,OrionV*
V* V561 Ori,3215658511486884864,OrionV*
V* V638 Ori,3336625642608647936,OrionV*
V* V702 CrA,6719183147242324480,OrionV*
V* V2193 Ori,3016484385296692480,OrionV*
V* V476 Vul,2020088973767551744,OrionV*
V* V2138 Ori,3209521037582289536,OrionV*
V* GG Tau,3314132593936905600,OrionV*
V* V483 Vul,2020089390394715392,OrionV*
EM* LkHA  116,4066064613103465472,OrionV*
2MASS J20512281+4433426,2163148772421081728,OrionV*
2MASS J06320853+0441245,3131311328092544640,OrionV*
V* V2040 Ori,3209552442380155264,OrionV*
Haro 6-55,3340999023121894912,OrionV*
V* V1666 Ori,3017204668493237120,OrionV*
EM* LkHA  349,2178442115878750464,OrionV*
V* V2082 Ori,3209522652489991424,OrionV*
V* UU Cha,5201359503181355264,OrionV*
2MASS J20535751+4420325,2162961271324584832,OrionV*
V* V1934 Ori,3017266958403468032,OrionV*
V* V916 Per,216681443681826688,OrionV*
2MASS J20513340+4434543,2163149219097677568,OrionV*
2MASS J20563617+4321325,2162091003573281920,OrionV*
V* V2276 Ori,3017147661389568256,OrionV*
V* V1221 Ori,3017161237784105600,OrionV*
2MASS J21523513+4710098,1974725877086573952,OrionV*
V* V930 Sco,6242134322151060608,OrionV*
V* V886 Ori,3017283833342005504,OrionV*
V* V917 Per,216678080723006464,OrionV*
2MASS J06320801+0450335,3131331119307527808,OrionV*
V* V969 Ori,3209887587269410048,OrionV*
V* V692 Per,216679352033331840,OrionV*
V* V2311 Ori,3017265107272954880,OrionV*
V* V941 Ori,3215911021204363648,OrionV*
V* V900 Ori,3215819894881870208,OrionV*
V* V585 Ori,3016933432717079296,OrionV*
V* V1317 Ori,3017266443004954112,OrionV*
V* V883 Ori,3016106909210376704,OrionV*
V* BT Ori,3209598587511656576,OrionV*
V* V1215 Ori,3209542752936863232,OrionV*
2MASS J20585321+4358329,2162223086718636160,OrionV*
V* V2430 Ori,3017360833518069888,OrionV*
V* AV Ori,3016926045373231616,OrionV*
V* V1255 Ori,3215717988193485440,OrionV*
V* V1782 Sgr,4066070282460372736,OrionV*
V* V779 Ori,3209628136886561152,OrionV*
V* V2169 Ori,3209522407676130432,OrionV*
2MASS J02314063+6130087,465532604727108736,OrionV*
V* NX Aur,181175743617347328,OrionV*
V* V1617 Ori,3017293866385583872,OrionV*
V* V2249 Ori,3209633870665968384,OrionV*
V* V348 Cyg,2162882789383754368,OrionV*
V* V837 Ori,3017169415401884032,OrionV*
2MASS J20524748+4415420,2162951027824541312,OrionV*
V* V690 Ori,3209403321116832896,OrionV*
2MASS J20580885+4346598,2162126329684099968,OrionV*
V* V2746 Ori,3216543098655057920,OrionV*
V* BP Tau,164832740220756608,OrionV*
V* V2674 Ori,3016949719232947456,OrionV*
2MASS J06322226+0447140,3131329951070561536,OrionV*
V* V403 Ori,3209521037582290304,OrionV*
V* V1070 Ori,3215885698077635200,OrionV*
2MASS J03291243+3114565,121392238395650688,OrionV*
V* V1723 Ori,3209627965087866880,OrionV*
V* V1915 Ori,3217664501732345472,OrionV*
Gaia DR2 217347232331662976,217347232331662976,OrionV*
V* IV Ori,3017263939041875712,OrionV*
2MASS J20570757+4341597,2162122343954454144,OrionV*
V* V2195 Ori,3017160683732338944,OrionV*
2MASS J20521294+4420534,2162955189651014656,OrionV*
[HL2013] 052.44117+31.07813,121339702355689600,OrionV*
2MASS J06313917+0449594,3131328168661460992,OrionV*
V* V2622 Ori,3017197208132765824,OrionV*
2MASS J00013652+6437206,431769282700523136,OrionV*
UCAC4 476-021357,3131708702766085248,OrionV*
V* V1609 Cyg,2161831591853034624,OrionV*
V* V2225 Ori,3017366674670235264,OrionV*
V* V800 Ori,3017146531816058624,OrionV*
ASR  46,121404122569297536,OrionV*
V* V1789 Ori,3017340664349130368,OrionV*
V* BD Ori,3016976485469132800,OrionV*
V* V1602 Cyg,2065808114656347648,OrionV*
V* DL Ori,3015417682922382336,OrionV*
V* V1679 Ori,3017151097363350144,OrionV*
2MASS J21425321+6607207,2218012130605230464,OrionV*
2MASS J02324412+6130397,465537762990547968,OrionV*
EM* LkHA  185,2162130899525324416,OrionV*
V* V1659 Ori,3209590066296686720,OrionV*
V* V980 Ori,3017256345539703680,OrionV*
V* V591 Ori,3016861998821016192,OrionV*
MBO  53,121412922958135936,OrionV*
V* V2407 Ori,3017365678237816960,OrionV*
V* V1908 Ori,3015521831586082048,OrionV*
V* CY Tau,164698634160139264,OrionV*
V* V1522 Ori,3017359454818765184,OrionV*
2MASS J20512654+4436287,2163150043731405824,OrionV*
V* V2348 Ori,3209547730803346944,OrionV*
EM* LkCa    4,164666022471759232,OrionV*
V* V789 Ori,3017131001214365312,OrionV*
EM* LkHA  353,121406978723405952,OrionV*
V* V2462 Ori,3209559486126473216,OrionV*
2MASS J21392969+5745281,2178498740717634176,OrionV*
2MASS J06314830+0452387,3131328817202162432,OrionV*
V* V468 Ori,3209428644243836928,OrionV*
V* V1899 Ori,3217668556181473536,OrionV*
V* V2579 Ori,3017373924574255488,OrionV*
V* V873 Ori,3215604085661205760,OrionV*
V* V2083 Ori,3209653803611060096,OrionV*
Cl* NGC 2244     PS     235,3131336037041410176,OrionV*
V* V1745 Ori,3209559211251444992,OrionV*
UCAC4 613-011043,217510376665297152,OrionV*
V* V2375 Ori,3017364093383575296,OrionV*
2MASS J20502457+4455154,2163215395954750208,OrionV*
V* V2191 Ori,3017360558637481856,OrionV*
V* V894 Ori,3215741936931120640,OrionV*
V* V2108 Ori,3017249542311500928,OrionV*
2MASS J20521839+4425020,2162955803828359040,OrionV*
[KW97] 50-20,2163167051801848192,OrionV*
V* V2662 Ori,3015653532462547200,OrionV*
V* V1068 Ori,3017227891378972672,OrionV*
SZ  44,5201301125985675648,OrionV*
V* V1336 Ori,3017361001006985216,OrionV*
V* V779 Tau,146060434600128896,OrionV*
V* V480 Ori,3017363612347068544,OrionV*
V* GK Tau,147790206908395776,OrionV*
V* V1469 Ori,3017364716165925632,OrionV*
2MASS J21425234+6605350,2218011890087053696,OrionV*
Haro 6-61,3340969886063796992,OrionV*
V* V878 Ori,3016093474552676864,OrionV*
V* V2632 Ori,3016919551382685824,OrionV*
V* V2235 Ori,3017363925891922688,OrionV*
V* V2625 Ori,3016947073533103232,OrionV*
V* V481 Mon,3327886213092164608,OrionV*
V* V825 Ori,3016954048559939328,OrionV*
Haro 5-57,3216375324347662848,OrionV*
V* V1266 Ori,3016766925427128832,OrionV*
V* V1509 Ori,3017366915187668352,OrionV*
V* CC Ori,3209571512037783808,OrionV*
V* V1982 Ori,3017241227254832128,OrionV*
V* V1160 Ori,3016804137022724992,OrionV*
V* V1354 Ori,3023472675044563456,OrionV*
V* V1714 Ori,3209575703925862912,OrionV*
V* V725 Sco,6044906748164969856,OrionV*
V* V1064 Ori,3209386411830477952,OrionV*
V* V872 Ori,3017304071227841664,OrionV*
2MASS J06375403+1005510,3326970835300418816,OrionV*
V* V2221 Ori,3017365197201793280,OrionV*
V* V2523 Ori,3017373374818447104,OrionV*
V* V1909 Ori,3017254696272276224,OrionV*
V* V1002 Ori,3016864953758477568,OrionV*
V* V676 Ori,3208850094969716096,OrionV*
2MASS J05273691-6727284,4658685746777972992,OrionV*
EM* LkCa   15,144936836795636864,OrionV*
V* V2444 Ori,3017362620221401856,OrionV*
V* V2446 Ori,3017245517925000576,OrionV*
2MASS J02324581+6128360,465534704974880896,OrionV*
UCAC4 774-000213,431775540476822400,OrionV*
V* V829 Ori,3215643839878572416,OrionV*
V* HK Cha,5201152966792834560,OrionV*
V* V1552 Ori,3017347261418863744,OrionV*
2MASS J06320592+0457276,3131336140120606976,OrionV*
V* V2708 Ori,3017288712424837888,OrionV*
V* V1693 Ori,3017243701155990272,OrionV*
V* CI Tau,145203159127518336,OrionV*
V* V1604 Ori,3209557317168350848,OrionV*
V* V2727 Ori,3216506230659531136,OrionV*
V* V1888 Ori,3017214254860408960,OrionV*
2MASS J20515568+4433526,2163145881903176320,OrionV*
V* V1702 Ori,3017144642030479744,OrionV*
V* V1938 Ori,3016756205188032256,OrionV*
Gaia DR3 216418321101566464,216418321101566464,OrionV*
V* BM And,1940330572087671424,OrionV*
EM* LkHA  161,2162949382855436928,OrionV*
HD 149437,6047266781152347776,OrionV*
V* V511 Cas,528135395197660544,OrionV*
2MASS J20561170+4410550,2162902687970509056,OrionV*
V* V1667 Ori,3209415239649017856,OrionV*
V* V958 Ori,3016241118349541376,OrionV*
V* V1225 Ori,3209653700531850112,OrionV*
V* V578 Ori,3017369114210885632,OrionV*
V* V721 Tau,154083261711881216,OrionV*
V* V2513 Ori,3017359149888300800,OrionV*
V* V1661 Ori,3209541893943427200,OrionV*
V* V851 Ori,3016875124240963072,OrionV*
V* V2360 Ori,3017265206054356736,OrionV*
2MASS J06425017+0951438,3326728324266653952,OrionV*
V* V1285 Ori,3017360657409619328,OrionV*
V* V1397 Ori,3017360146320763136,OrionV*
EM* LkHA  166,2163147741628918400,OrionV*
2MASS J03303548+3115586,121348562872352640,OrionV*
V* V387 Vel,5528461218850817152,OrionV*
V* V725 Ori,3209426582659553408,OrionV*
V* V1342 Ori,3017360730436108800,OrionV*
V* V2366 Ori,3017245109906103424,OrionV*
V* V904 Per,216680795142439936,OrionV*
EM* LkHA  274,3327886041293399424,OrionV*
V* V1132 Ori,3016469060853517824,OrionV*
V* V2371 Ori,3016542899931097216,OrionV*
2MASS J03301614+3147595,121445908306951168,OrionV*
2MASS J06313073+0452149,3131329298236161280,OrionV*
V* V1553 Ori,3017191543073275008,OrionV*
V* V2160 Ori,3017250878045905792,OrionV*
V* V1662 Ori,3209427441653024896,OrionV*
V* V1044 Ori,3017260709226477056,OrionV*
2MASS J02325884+6125537,465534327016767360,OrionV*
V* DG Tau,151262700852297728,OrionV*
V* HH Ori,3016799154860928128,OrionV*
V* V804 Ori,3017251775694602624,OrionV*
V* V999 Ori,3017229304425632896,OrionV*
V* V2565 Ori,3016486756118614400,OrionV*
V* V1795 Sgr,4066069663985074560,OrionV*
V* V1647 Ori,3219119189974545024,OrionV*
V* PZ Ori,3215585153445532288,OrionV*
V* V2329 Ori,3209571580757261952,OrionV*
V* V635 Ori,3335318190139449600,OrionV*
V* V858 Ori,3209565842681076608,OrionV*
V* V1791 Ori,3015421157551880064,OrionV*
V* V1493 Ori,3017265382150860800,OrionV*
V* V2194 Ori,3209521239444955904,OrionV*
V* V810 Mon,3326739869138571904,OrionV*
V* V2032 Ori,3217676076670277504,OrionV*
EM* LkHA  236,1974732779091093888,OrionV*
V* V2641 Ori,3216069316518257408,OrionV*
V* V1257 Ori,3016249944504796416,OrionV*
V* V1963 Ori,3017267478094926720,OrionV*
V* EZ Ori,3209539488761714432,OrionV*
EM* LkHA  179,2162964879097162752,OrionV*
V* FR Tau,164598303725828608,OrionV*
V* V1174 Ori,3017256242460492800,OrionV*
V* V1526 Ori,3017252875206872320,OrionV*
V* WY Cha,5201352253276350720,OrionV*
2MASS J02315707+6132448,465533158776465152,OrionV*
2MASS J00015620+6432081,431768320627530752,OrionV*
V* V399 Cep,529001333622762112,OrionV*
V* V2442 Ori,3209528901666688512,OrionV*
2MASS J06433025+0847423,3134436900350935296,OrionV*
V* SZ Ori,3017252600328207104,OrionV*
V* V553 Mon,3131766152248216320,OrionV*
V* V667 CrA,6731210326984584192,OrionV*
V* V2522 Ori,3017373782829871232,OrionV*
2MASS J06315809+0454149,3131334761436938368,OrionV*
V* V376 Ori,3209532238856987520,OrionV*
2MASS J06313877+0455248,3131329916709495808,OrionV*
V* V2473 Ori,3017367460638008192,OrionV*
V* ES Car,5337719389118815488,OrionV*
V* V1768 Sgr,4065976166813371648,OrionV*
Cl* NGC 2244     PS     292,3131331123598886272,OrionV*
V* V2738 Ori,3216542450115553280,OrionV*
V* V1701 Cyg,2163143717240796032,OrionV*
V* V615 Ori,3216471222378023936,OrionV*
2MASS J20511367+4432225,2163143618460327680,OrionV*
V* V386 Ori,3209415999860342528,OrionV*
V* V1753 Ori,3017248099202599424,OrionV*
V* V905 Ori,3023124920132229376,OrionV*
2MASS J06311917+0504227,3131387645368464512,OrionV*
2MASS J06320468+0447455,3131324281712244864,OrionV*
HBC 392,3313342354314713344,OrionV*
V* V860 Ori,3017292938672625280,OrionV*
2MASS J06414298+0801070,3134242252434193280,OrionV*
2MASS J16271273-2504017,6049045000683707392,OrionV*
V* V950 Ori,3215647172773197440,OrionV*
V* V2133 Ori,3017144367152562816,OrionV*
V* V2346 Ori,3017265206054356864,OrionV*
V* EV Ser,4146405481046772224,OrionV*
V* V1949 Sgr,4069273572134258048,OrionV*
V* V721 CrA,6719035052475592576,OrionV*
Haro 5-47,3216657314719233920,OrionV*
V* NY Ori,3017373714110400128,OrionV*
V* V1226 Ori,3016559186447083136,OrionV*
V* V1780 Ori,3017279229137022720,OrionV*
V* V2279 Ori,3017363955944598016,OrionV*
V* FP Tau,162757545164429696,OrionV*
V* V350 Cep,2218013543651547904,OrionV*
V* V697 Mon,3019875313517493504,OrionV*
2MASS J06321616+0459199,3131337033473760000,OrionV*
V* V1430 Ori,3017256242460493952,OrionV*
2MASS J02331360+6127031,465533738599257216,OrionV*
2MASS J06321088+0457061,3131335418566093056,OrionV*
V* V2335 Ori,3017249714110317696,OrionV*
V* V753 Ori,3017138044960728704,OrionV*
2MASS J06320783+0453180,3131334525209752448,OrionV*
V* V2495 Ori,3017366434138736512,OrionV*
V* V399 Mon,3326610745242087040,OrionV*
2MASS J06314925+0457008,3131335968321965952,OrionV*
V* V1541 Ori,3017366468511063936,OrionV*
V* V1063 Ori,3209881677394923264,OrionV*
V* V2497 Ori,3209535704894920448,OrionV*
V* V409 Tau,150393571269837184,OrionV*
2MASS J06314104+0454197,3131329852288588928,OrionV*
V* V1750 Sgr,4066026233279899776,OrionV*
V* V2758 Ori,3215778530052417152,OrionV*
EM* LkHA  174,2162952406512185856,OrionV*
V* V2190 Ori,3337990381349488640,OrionV*
V* V1742 Ori,3017145844621294208,OrionV*
2MASS J00013329+6441578,431775742332925056,OrionV*
2MASS J06321091+0455024,3131335006249256704,OrionV*
V* V1894 Ori,3016773625575661952,OrionV*
ASR   8,121404367383293056,OrionV*
V* V2047 Cyg,2066001903583865728,OrionV*
V* V2100 Ori,3209548280556080512,OrionV*
V* MR Ori,3017364372568073472,OrionV*
2MASS J06323150+0454533,3131333352684716416,OrionV*
V* V1604 Cyg,2162111039597798784,OrionV*
V* V2529 Ori,3209530933184633856,OrionV*
V* V1614 Ori,3017354713172994560,OrionV*
2MASS J06385274+0753380,3133911947968746112,OrionV*
2MASS J21510464+4709511,1974717012273463296,OrionV*
V* V1551 Ori,3017245453502763520,OrionV*
2MASS J21424790+6606530,2218012169262022656,OrionV*
2MASS J21424608+6605562,2218012100542548352,OrionV*
V* V2352 Ori,3017360210733005568,OrionV*
2MASS J20570334+4341444,2162121965997332736,OrionV*
2MASS J06425506+0847431,3134346671677625088,OrionV*
V* HW Cha,5201350049957132160,OrionV*
V* V1069 Tau,47316005432912256,OrionV*
V* V1074 Ori,3016940648262031488,OrionV*
V* V2443 Ori,3216068560604039040,OrionV*
Parsamian 21,4308446999329032064,OrionV*
V* V2527 Ori,3017373271739234176,OrionV*
Cl* NGC 2244     PS     194,3131334834450613376,OrionV*
HD  36982,3017360348171372672,OrionV*
2MASS J20560484+4434562,2163017105914194176,OrionV*
EM* LkHA  195,2161955630510182528,OrionV*
2MASS J02323972+6121549,465527141529181824,OrionV*
2MASS J03262821+3112078,124030138589484672,OrionV*
V* V2739 Ori,3216515512079141248,OrionV*
V* V2387 Ori,3209579444841918976,OrionV*
V* TW Cha,5201196599363180928,OrionV*
V* V1530 Ori,3017359493485696000,OrionV*
2MASS J02322095+6127192,465531681316909056,OrionV*
EM* LkHA  157,2163138292700849920,OrionV*
V* V756 Cen,5865076570640495744,OrionV*
2MASS J05294243-6828244,4658478553328615424,OrionV*
V* V2036 Ori,3209551583390462848,OrionV*
V* DG Aur,160598795819116416,OrionV*
EM* LkHA  357,121412510641276928,OrionV*
V* EN Cha,5209025366968905856,OrionV*
2MASS J20485169+4351014,2067027228235955584,OrionV*
2MASS J06403294+0840098,3326482892656136960,OrionV*
V* V2319 Ori,3209653253855231232,OrionV*
V* V1047 Ori,3215864532478374656,OrionV*
2MASS J02320801+6122036,465526596075681536,OrionV*
V* V1940 Ori,3209656518030329984,OrionV*
V* V934 Ori,3017212502513726208,OrionV*
CD-22 11523,6051735162041951616,OrionV*
V* V904 Ori,3017039913546684800,OrionV*
Cl* IC  348    LRL   22232,216718178537782400,OrionV*
V* V1263 Ori,3016595985727863936,OrionV*
V* V2185 Ori,3017363616641707136,OrionV*
V* HY Ori,3017258407124018048,OrionV*
2MASS J02324314+6130587,465537762990544128,OrionV*
2MASS J06410043+0748187,3133851582208996864,OrionV*
2MASS J03442789+3227189,216721855029643264,OrionV*
V* V791 Ori,3209532616814106112,OrionV*
2MASS J06314102+0454478,3131329852288582784,OrionV*
V* V907 Ori,3016053716039606144,OrionV*
NGC  2244   269,3131330505124160640,OrionV*
V* V2228 Ori,3017364436980916096,OrionV*
V* V576 Ori,3016926904366689408,OrionV*
HD  36827,3216841448559554176,OrionV*
V* MQ Mon,3326719287655601536,OrionV*
2MASS J06321198+0500309,3131337853809730816,OrionV*
V* V2706 Ori,3017355301597749504,OrionV*
Cl* IC  348    LRL      47,216680692063125504,OrionV*
V* V2695 Ori,3017179688963523456,OrionV*
V* V2241 Ori,3017364441286758016,OrionV*
UCAC4 773-000291,431765919750411904,OrionV*
V* V2251 Ori,3017366777750455808,OrionV*
V* V1176 Ori,3017235832776070016,OrionV*
2MASS J00015830+6437130,431774161783369088,OrionV*
V* V1589 Ori,3017199755050720384,OrionV*
ASR  51,121391997877483776,OrionV*
Cl* NGC 2244     PS     388,3131330470764422912,OrionV*
2MASS J06315888+0455047,3131334868810336128,OrionV*
2MASS J02335552+6126549,465486940634712832,OrionV*
2MASS J20474099+4343186,2067030015674258304,OrionV*
V* V1586 Ori,3209529971114247808,OrionV*
V* V1095 Ori,3016424736790884736,OrionV*
2MASS J20512307+4426461,2163139323493015808,OrionV*
V* V441 Mon,3326719420797555712,OrionV*
EM* LkHA  252,1974545625901682432,OrionV*
V* V2464 Ori,3017140858161282944,OrionV*
2MASS J06323266+0457009,3131333696282115328,OrionV*
V* V1953 Ori,3217665837466797056,OrionV*
V* V2726 Ori,3216509670925197952,OrionV*
EM* SR   13,6049102961266075392,OrionV*
2MASS J20492323+4434373,2067128662483849728,OrionV*
2MASS J20581850+4353460,2162221815408447232,OrionV*
2MASS J06315962+0452168,3131334353414290688,OrionV*
2MASS J20482880+4424115,2067120519225769216,OrionV*
V* V2631 Ori,3215918580346776832,OrionV*
2MASS J20505446+4346238,2066855811800892544,OrionV*
2MASS J06323020+0454012,3131333249605491968,OrionV*
V* V1415 Ori,3017261293342035200,OrionV*
V* V807 Ori,3017146463096579072,OrionV*
V* V2313 Ori,3016455866714010880,OrionV*
V* V868 Ori,3016473390181017856,OrionV*
V* VZ Cha,5201353936903777152,OrionV*
V* V2280 Ori,3017365914449685888,OrionV*
V* V2564 Ori,3215970188673573632,OrionV*
2MASS J00013277+6437582,431769287004462336,OrionV*
V* V693 Per,216681276178672000,OrionV*
V* FV Cep,2270252539378661376,OrionV*
V* V979 Ori,3209655555957652736,OrionV*
V* V909 Ori,3015860275008838272,OrionV*
V* V1927 Ori,3220687437153177088,OrionV*
EM* LkHA  238,1974732886473191168,OrionV*
EM* LkHA   96,216676775052953216,OrionV*
V* V890 Ori,3215729979742186368,OrionV*
V* V415 Ori,3209529180840270720,OrionV*
V* V2075 Ori,3209575875724566144,OrionV*
V* V724 Ori,3209848692045675648,OrionV*
Cl* IC  348     CB       1,216688766601562368,OrionV*
V* V865 Ori,3016930683937893248,OrionV*
V* V2187 Ori,3017265347791899392,OrionV*
V* PX Vul,2022724129525165952,OrionV*
2MASS J20564675+4346089,2162134885258965504,OrionV*
2MASS J20514886+4411027,2162946771515314048,OrionV*
V* V541 Mon,3327892947600567168,OrionV*
NGC  2264   154,3326689768344207488,OrionV*
2MASS J06385708+0748548,3133884945514633216,OrionV*
Gaia DR3 121147871936317184,121147871936317184,OrionV*
V* V1766 Ori,3017200614044160640,OrionV*
2MASS J06321218+0501397,3131338098625634944,OrionV*
V* V646 Pup,5594750362570794368,OrionV*
V* V1429 Ori,3209538350593899136,OrionV*
2MASS J06313286+0459494,3131383968876475264,OrionV*
V* V2519 Ori,3017245483566681856,OrionV*
2MASS J06424163+1010035,3350771035794784896,OrionV*
2MASS J03425467+3143452,216570775259098752,OrionV*
V* V2267 Ori,3209528768523413248,OrionV*
V* V1783 Ori,3017378631860077824,OrionV*
V* V2291 Ori,3017367117040239616,OrionV*
V* V817 Ori,3017185873716452864,OrionV*
2MASS J03415745+3148365,216587371012705792,OrionV*
V* V1279 Ori,3017363955944478976,OrionV*
V* V473 Ori,3209525126391156864,OrionV*
V* V438 Mon,3326745328039758848,OrionV*
V* HS Tau,146749278634741248,OrionV*
V* V1454 Ori,3017364544367271936,OrionV*
V* V625 Ori,3336149519712868736,OrionV*
V* V2304 Oph,6050952515921144192,OrionV*
V* V2582 Ori,3209531173705090048,OrionV*
V* V2238 Ori,3017366674670532608,OrionV*
V* V2316 Ori,3017265416510596736,OrionV*
V* V1131 Ori,3209554366528479104,OrionV*
V* V420 Ori,3017360833515036032,OrionV*
V* V1127 Ori,3017376295396193280,OrionV*
Cl* IC  348    LRL      56,216681929013704192,OrionV*
2MASS J02325074+6134207,465538583323377536,OrionV*
V* V777 Ori,3209638719685943936,OrionV*
V* V1143 Ori,3215624048669350016,OrionV*
V* V2145 Ori,3017364269489201024,OrionV*
[PSP2017] J038.048309+61.542511,465538793782685952,OrionV*
V* V1781 Sgr,4065974831113215360,OrionV*
2MASS J06413389+0756322,3134229741190304512,OrionV*
V* V2643 Ori,3017173740431147904,OrionV*
V* V999 Tau,148116246465275520,OrionV*
HD  36884,3017256208100752384,OrionV*
V* V982 Cep,2221021670024157312,OrionV*
2MASS J06324080+0446222,3131317276624725760,OrionV*
V* V2270 Ori,3017364372567255296,OrionV*
ATO J312.9458+44.4275,2163144060836980864,OrionV*
V* HU Ori,3209426067263492864,OrionV*
V* V809 Mon,3326696812091450752,OrionV*
2MASS J20534261+4353536,2162878636154068992,OrionV*
V* V1686 Ori,3209650638216501888,OrionV*
V* V821 Ori,3017199377093585280,OrionV*
V* V992 Ori,3017279572734402432,OrionV*
EM* LkHA  200,427642441904502016,OrionV*
V* V366 Ori,3017354614402990592,OrionV*
V* V1678 Ori,3209550896194807424,OrionV*
V* V1952 Ori,3217678589222784896,OrionV*
HD  37024,3017364132048869248,OrionV*
EM* LkHA   81,3350964412401846400,OrionV*
HD 143006,6237190612936085120,OrionV*
Haro 5-17,3217423674325646208,OrionV*
V* V2178 Ori,3017365162841787008,OrionV*
2MASS J02331737+6129167,465534150916151424,OrionV*
V* V2694 Ori,3209556733051746048,OrionV*
V* V1787 Sgr,4065975209066202112,OrionV*
2MASS J06314197+0454178,3131329641831565184,OrionV*
2MASS J06321746+0519585,3131769485142769792,OrionV*
V* RY Tau,164551162164119424,OrionV*
V* V1306 Ori,3023121552877868800,OrionV*
V* V1145 Ori,3015697478567830144,OrionV*
HD 294264,3209572405390979840,OrionV*
V* V1166 Ori,3016400719333973632,OrionV*
Cl* IC  348    LRL      52,216678145146947712,OrionV*
V* V2154 Ori,3017364265182194816,OrionV*
V* V722 Ori,3017234286587690624,OrionV*
V* V2315 Ori,3209571546394647680,OrionV*
2MASS J06322658+0452383,3131331737776990848,OrionV*
V* BM Cha,5788133399676686208,OrionV*
HD 259012B,3131328989000850176,OrionV*
V* V1295 Ori,3215674901081869184,OrionV*
V* V804 Mon,3326715679880757888,OrionV*
V* V1545 Ori,3017366399791588480,OrionV*
Cl* IC  348    LRL   10284,216649802658400128,OrionV*
V* V2310 Ori,3209572435455257344,OrionV*
Haro 5-4,3216845945389072896,OrionV*
V* V1726 Ori,3209576459840091008,OrionV*
V* V823 Ori,3016945974021475840,OrionV*
V* IL Ori,3017162199856784128,OrionV*
V* V2088 Ori,3017266344220482560,OrionV*
V* V594 Ori,3016860173458220544,OrionV*
CHXR 76,5201129705249611008,OrionV*
ATO J324.1750+57.1802,2178363122828919296,OrionV*
V* OZ Ori,3209567904265387520,OrionV*
2MASS J21532136+4716018,1974546278736703872,OrionV*
Cl* NGC 2244     PS     256,3131325248083645824,OrionV*
V* V2048 Ori,3215960945904007552,OrionV*
V* V2015 Ori,3215858416445470080,OrionV*
2MASS J06313988+0456390,3131382761987134208,OrionV*
V* V1919 Ori,3016758885247627776,OrionV*
V* V406 Mon,3326700110626375808,OrionV*
V* V704 Ori,3209614667869027072,OrionV*
V* V371 Mon,3326636996082308224,OrionV*
2MASS J06321482+0448553,3131330230245686272,OrionV*
V* V1611 Cyg,2162585822482558720,OrionV*
V* V1728 Ori,3209534163002212096,OrionV*
V* V2577 Ori,3017361172805710080,OrionV*
2MASS J00013701+6438429,431769317058194816,OrionV*
EM* LkHA  186,2162221815408328320,OrionV*
2MASS J19310560+1827525,4323325934269103488,OrionV*
V* V2325 Ori,3017364063330467072,OrionV*
Gaia DR2 123998252752298752,123998252752298752,OrionV*
V* V1576 Ori,3209528012609165440,OrionV*
V* V1935 Ori,3017260812305691264,OrionV*
Gaia DR3 216613999810965760,216613999810965760,OrionV*
[DCT2018] F20c 27479,5611846948058245376,OrionV*
V* V1246 Ori,3016974282149673472,OrionV*
2MASS J06313658+0505152,3131389324697850880,OrionV*
2MASS J02334145+6125016,465486768836881280,OrionV*
V* V702 Per,216681615480430976,OrionV*
V* V2132 Ori,3209520827128088832,OrionV*
2MASS J06400967+0803006,3133917896503524352,OrionV*
V* V2156 Ori,3017363822812719872,OrionV*
HD 294263,3209579724015207424,OrionV*
Cl* IC  348    LRL     208,216707011622683392,OrionV*
V* V1601 Ori,3017341523342707968,OrionV*
V* V2621 Ori,3209581613800774144,OrionV*
V* V2733 Ori,3216516194980850432,OrionV*
2MASS J03254686+3057204,123999936379477504,OrionV*
EM* LkHA   71,3326691555050951808,OrionV*
V* V1104 Ori,3209856663504985216,OrionV*
V* DL Tau,148010281032823552,OrionV*
2MASS J02324622+6127296,465534601894659712,OrionV*
EM* LkHA  251,1974546553614612352,OrionV*
V* V659 Ori,3017352724617370240,OrionV*
2MASS J20524866+4419507,2162951474501233536,OrionV*
V* V1753 Sgr,4066040526931089920,OrionV*
V* V1776 Sgr,4065976063734178816,OrionV*
Haro 1-1,6048501945023784704,OrionV*
HD 325367,5996902860784332800,OrionV*
V* WZ Cha,5201303325008889856,OrionV*
V* V1606 Ori,3209554366528478848,OrionV*
V* V2039 Ori,3215909956052300672,OrionV*
V* V709 Ori,3209432904851447552,OrionV*
V* V939 Ori,3209630713866951936,OrionV*
2MASS J21523546+4711286,1974731958760262656,OrionV*
V* AK Ori,3017360661716621696,OrionV*
V* V1071 Ori,3017164222783340672,OrionV*
Haro 5-70,3217572074036404736,OrionV*
V* V2702 Ori,3016980471198743296,OrionV*
2MASS J06323567+0447458,3131318101256311680,OrionV*
2MASS J02334032+6131579,465535838835955200,OrionV*
V* V624 Ori,3023536790316254720,OrionV*
V* V2218 Ori,3017360558637552512,OrionV*
Haro 6-72,3339508772550861312,OrionV*
EM* LkHA  235,1974732852113453312,OrionV*
Cl* IC  348    LRL     204,216705843391582976,OrionV*
2MASS J20514742+4432082,2163145744464215168,OrionV*
2MASS J06320506+0452267,3131331531617786240,OrionV*
V* V2006 Ori,3017270570471362304,OrionV*
NGC  2264    21,3326606823936141312,OrionV*
2MASS J06303720+0454026,3131378746196431104,OrionV*
2MASS J20584910+4416162,2162235726791704960,OrionV*
2MASS J03440459+3228062,216723568719908992,OrionV*
V* MT Ori,3017364127743299328,OrionV*
V* V2380 Ori,3017365643878369536,OrionV*
V* KO Ori,3017265760107995904,OrionV*
2MASS J20582702+4353201,2162221639298015872,OrionV*
[SSP2020] V58,431769115202089984,OrionV*
V* V993 Cep,2218012650298363136,OrionV*
V* DO Tau,148449913884294528,OrionV*
2MASS J20530594+4415388,2162939173714801152,OrionV*
2MASS J06322340+0452392,3131331638995350912,OrionV*
V* V416 Mon,3326687397527480704,OrionV*
V* V2671 Ori,3016948241764201472,OrionV*
V* V1485 Ori,3017252600328984448,OrionV*
V* V1079 Ori,3215604944654662656,OrionV*
V* V3791 Sgr,4069268727418410752,OrionV*
V* V2509 Ori,3017367391918533760,OrionV*
V* FH Aql,4254229398099736960,OrionV*
V* V1035 Ori,3208929259806705920,OrionV*
EM* LkHA  139,2163155060253217024,OrionV*
V* V2252 Ori,3017366670363916928,OrionV*
IRAS 05311-6836,4658473949049455232,OrionV*
V* V2050 Ori,3015573542992247552,OrionV*
V* V1288 Ori,3017360829208313728,OrionV*
THA 15-12,6010135758090335232,OrionV*
Haro 6-45,3339322336609053696,OrionV*
V* V685 Ori,3210661368577928960,OrionV*
V* V1929 Ori,3220681213745778048,OrionV*
V* FM Tau,163184366130809472,OrionV*
SZ  23,5201126441074447872,OrionV*
V* V1802 Sgr,4066065987493040128,OrionV*
V* FU Cep,2270057689598399360,OrionV*
V* V488 Mon,3327682867862996224,OrionV*
V* V1513 Ori,3017265210349071488,OrionV*
V* V1709 Ori,3209638685326214912,OrionV*
V* V1655 Ori,3209496745245312896,OrionV*
2MASS J06402084+0857432,3326526628306783488,OrionV*
2MASS J02331400+6128189,465534116556398720,OrionV*
V* SU Aur,157010573981545344,OrionV*
2MASS J06320047+0459468,3131336518078191616,OrionV*
V* V2747 Ori,3215736675594414592,OrionV*
[DCT2018] F20a 24273,5592962595329499392,OrionV*
[PSP2017] J038.132958+61.585312,465539270518999936,OrionV*
V* V1685 Ori,3209624318657350912,OrionV*
V* V386 Vel,5528461906045455872,OrionV*
V* V2626 Ori,3209561509056541056,OrionV*
V* V1735 Cyg,1977788979043015808,OrionV*
V* V1494 Ori,3017363925892196480,OrionV*
V* V610 Ori,3216522212229775360,OrionV*
V* V2466 Ori,3209573058225984896,OrionV*
2MASS J21430378+6554522,2217993580643613056,OrionV*
V* DI Cha,5201129121134048768,OrionV*
2MASS J20550398+4444265,2163069500202546688,OrionV*
V* V710 Cas,430854115370063360,OrionV*
V* BV Ori,3209600855254363520,OrionV*
V* V762 Ori,3209553473175156608,OrionV*
EM* LkHA   88,216693954922130432,OrionV*
2MASS J03284782+3116552,121404161224865024,OrionV*
V* V2612 Ori,3215662119259364736,OrionV*
V* GZ Tau,147899608315257344,OrionV*
V* V1734 Ori,3017189962525332224,OrionV*
V* PV Cep,2246924068029363840,OrionV*
2MASS J21534455+4735438,1976242034904564224,OrionV*
V* V377 Ori,3017360936594539136,OrionV*
V* V2569 Ori,3017373885907286144,OrionV*
ATO J052.3580+31.4444,121412854238659712,OrionV*
V* V1548 Ori,3017252256730807040,OrionV*
2MASS J02325186+6124150,465527661227620096,OrionV*
V* EW Ser,4152412314925961856,OrionV*
V* V897 Ori,3016994107719407744,OrionV*
V* V497 Ori,3017367361864254592,OrionV*
V* V1807 Sgr,4065957509483490048,OrionV*
V* V627 Ori,3336102897844569600,OrionV*
V* V1444 Ori,3017270669252519680,OrionV*
V* V394 Ori,3209447748258357760,OrionV*
Cl* IC  348     CB     136,216704881318894720,OrionV*
V* V1758 Sgr,4066022213190430464,OrionV*
V* V542 Mon,3327892157326823680,OrionV*
2MASS J20510950+4433296,2163143687182537856,OrionV*
2MASS J21381740+5745541,2178451362951099264,OrionV*
V* V880 Ori,3017387462312794368,OrionV*
V* V1773 Sgr,4066118794092489216,OrionV*
2MASS J21523731+4712345,1974731954457266048,OrionV*
V* HR Ori,3209434107442302848,OrionV*
V* V482 Mon,3327307904334792320,OrionV*
V* V2323 Ori,3017360111953873152,OrionV*
V* V717 Per,216678424320382848,OrionV*
EM* LkHA  216,3327684551490257664,OrionV*
UCAC4 783-037326,2221036410351861248,OrionV*
V* V2376 Ori,3017365673931541376,OrionV*
V* V707 Ori,3016761634026768896,OrionV*
V* V1219 Cyg,2065600341322602112,OrionV*
ATO J100.5474+08.4947,3134331175435757568,OrionV*
V* V2715 Ori,3216079899317606272,OrionV*
EM* AS  353,4309623755950962560,OrionV*
V* V1554 Ori,3017360004574594816,OrionV*
Cl* NGC 2264    RMS    5059,3326640019739268608,OrionV*
V* LQ Ori,3017363994611283840,OrionV*
V* V565 Mon,3051085844432140160,OrionV*
EM* SR   10,6049152374866183936,OrionV*
2MASS J20513865+4403409,2066866051003142528,OrionV*
V* V2336 Ori,3017364063333443328,OrionV*
V* V510 Cas,432059450687995648,OrionV*
Cl* IC  348    LRL   10373,216652276559566592,OrionV*
Haro 5-72,3217769470732793856,OrionV*
V* V2642 Ori,3017371412005591424,OrionV*
HD 283447,163184366130809984,OrionV*
V* V542 Ori,3016776683592103552,OrionV*
V* V556 Ori,3209547627721019904,OrionV*
2MASS J06320716+0455144,3131335173750853120,OrionV*
V* V2224 Ori,3017363925892203136,OrionV*
V* V2680 Ori,3017356744705067776,OrionV*
2MASS J03302409+3114043,121348086131842304,OrionV*
Cl* NGC 2244     PS     379,3131330470764260992,OrionV*
V* V1535 Ori,3209527669011786880,OrionV*
ZTF J034948.82+325002.2,217068063754243584,OrionV*
V* DM Tau,3314282402395528192,OrionV*
V* V2043 Cyg,2065181083800595840,OrionV*
V* V1785 Sgr,4066117801982146176,OrionV*
2MASS J06314336+0454229,3131329641832966528,OrionV*
2MASS J20514876+4423410,2163138120902147584,OrionV*
V* V921 Ori,3209766228673864192,OrionV*
V* V694 Per,216681271882290560,OrionV*
V* V806 Ori,3016479918530948992,OrionV*
V* V1082 Ori,3023401034990208512,OrionV*
V* V709 CrA,6731197235924261504,OrionV*
EM* LkHA  351,121404161224865408,OrionV*
V* V2647 Ori,3017294484863936128,OrionV*
V* V1400 Ori,3017361035366739328,OrionV*
V* V2500 Ori,3017365746956561664,OrionV*
V* TU Ori,3017365884396345600,OrionV*
2MASS J06313208+0457387,3131383006803828608,OrionV*
V* V2545 Ori,3209528184405582464,OrionV*
V* V1508 Ori,3209528459285770496,OrionV*
V* V2402 Ori,3017360730438900736,OrionV*
V* V906 Ori,3023066577296496896,OrionV*
V* V2404 Ori,3215658511486885376,OrionV*
2MASS J06390860+0813249,3133938817285831552,OrionV*
V* IK Ori,3016551558585196416,OrionV*
V* KW Her,4504954161296525952,OrionV*
V* V555 Mon,3131335040608975744,OrionV*
2MASS J06322083+0504164,3131338717100881024,OrionV*
V* V373 Mon,3326718428662417792,OrionV*
V* V2135 Ori,3017191092103956736,OrionV*
V* V348 Ori,3017364127743288320,OrionV*
V* ST Ori,3016753215890834944,OrionV*
V* V2019 Ori,3209526874441202304,OrionV*
2MASS J06371927+0918178,3326768181564694016,OrionV*
V* V2024 Ori,3209650608155686400,OrionV*
V* V1286 Ori,3017359905802399744,OrionV*
V* V1060 Ori,3016682125591644160,OrionV*
V* V2575 Ori,3209575562189789184,OrionV*
V* V2341 Ori,3016945385610297600,OrionV*
V* V718 Per,216678115082741248,OrionV*
V* V610 Mon,3326740453254679808,OrionV*
V* V795 Ori,3016943637559217792,OrionV*
V* V406 Ori,3017266275504060672,OrionV*
V* V1798 Sgr,4066065540785942528,OrionV*
V* V1038 Ori,3016614402547478784,OrionV*
V* V2471 Ori,3017362551501920640,OrionV*
V* V1239 Ori,3215887622222541952,OrionV*
2MASS J21424613+6613460,2221016305606616576,OrionV*
V* V1964 Ori,3016460986314908160,OrionV*
V* V975 Ori,3017152957087187328,OrionV*
V* V877 Ori,3016964768798331392,OrionV*
V* V698 Ori,3016710644175726976,OrionV*
VSSG  22,6049158044223688832,OrionV*
V* V2506 Ori,3016940064146486016,OrionV*
V* V816 Ori,3017193467218614400,OrionV*
2MASS J20514599+4428353,2163144477453762176,OrionV*
V* V1494 Cyg,2066796232014334976,OrionV*
ATO J328.1781+47.1703,1974544010993825536,OrionV*
V* V2069 Ori,3017250538743914496,OrionV*
V* V932 Ori,3209630232830634496,OrionV*
V* V1710 Cyg,2065793477407761152,OrionV*
V* V976 Ori,3209424035744296192,OrionV*
V* V2516 Ori,3017373340461920384,OrionV*
EM* GGA  395,3131376718971741952,OrionV*
V* V572 Ori,3334861824094249216,OrionV*
V* SV Ori,3016754109244010496,OrionV*
V* V2723 Ori,3216506200591631872,OrionV*
V* V1277 Ori,3209521175021242112,OrionV*
V* V387 Ori,3017264626236631936,OrionV*
Cl* IC  348     CB       3,217454748248970752,OrionV*
V* V2229 Ori,3017245831459893120,OrionV*
V* V488 Ori,3017265377852811776,OrionV*
V* V2210 Ori,3016430612306342656,OrionV*
V* V2754 Ori,3216446135473200896,OrionV*
2MASS J20531707+4438343,2162983570794918912,OrionV*
V* V1986 Ori,3015554713855643136,OrionV*
Cl* NGC 2264    VAS     207,3326738249933657600,OrionV*
V* V2364 Ori,3209521415539406848,OrionV*
V* V603 Ori,3216440848369388800,OrionV*
ATO J323.5355+57.4053,2178426349060294144,OrionV*
V* V1001 Cep,2218008179231484416,OrionV*
V* ZZ Ori,3017243013961219456,OrionV*
EM* LkHA  253,1974546622334087936,OrionV*
V* V410 Mon,3326715130126970240,OrionV*
Cl* NGC 2244     PS      21,3131329268173089792,OrionV*
V* V2458 Ori,3017244663228788480,OrionV*
V* V1050 Ori,3017301597326671232,OrionV*
V* V2345 Ori,3337990553150462080,OrionV*
V* V1608 Cyg,2163023325027234944,OrionV*
CXOU J063155.6+045517,3131335590364846720,OrionV*
CD-33 10685,6014696841553696768,OrionV*
2MASS J20532381+4506477,2163186808651891968,OrionV*
Gaia DR2 124034399197073024,124034399197073024,OrionV*
V* CT Cha,5201360671411974912,OrionV*
V* V1706 Cyg,2163144065136889472,OrionV*
V* V2482 Ori,3017359111221161216,OrionV*
V* V2030 Ori,3017269741539846528,OrionV*
Wa Oph 2,6245812948756034816,OrionV*
V* V2494 Ori,3017362753353814272,OrionV*
V* V2439 Ori,3209559447474131072,OrionV*
2MASS J02320805+6132089,465532918258307328,OrionV*
2MASS J20503232+4426174,2163141213278695552,OrionV*
V* V2048 Cyg,2066006988825177472,OrionV*
V* V792 Ori,3016456244671130496,OrionV*
V* V1518 Ori,3017265107272953600,OrionV*
EM* LkHA  355,121394677937069184,OrionV*
V* PP Ori,3017172851375602048,OrionV*
2MASS J20542691+4447531,2162988759115384960,OrionV*
HD 244314,3340623299383790848,OrionV*
2MASS J20473802+4349281,2067032764453394816,OrionV*
V* V1448 Ori,3209553198297250048,OrionV*
Haro 5-83,3216743214068212352,OrionV*
V* IR Ori,3209549831042932224,OrionV*
V* V1475 Ori,3017266550381966848,OrionV*
V* V2057 Cyg,1969660014705456000,OrionV*
2MASS J06321803+0449020,3131330264605840000,OrionV*
V* FN Cha,5201349985533568896,OrionV*
V* V362 Ori,3209529799315558784,OrionV*
2MASS J02323585+6134244,465538518904745472,OrionV*
V* V1758 Ori,3017187351185194240,OrionV*
V* V1173 Ori,3209545982753124352,OrionV*
2MASS J06315969+0455359,3131334864512435328,OrionV*
V* DM Ori,3023160963497689856,OrionV*
V* V546 Mon,3131329027654912000,OrionV*
V* V479 Ori,3017365231561559040,OrionV*
2MASS J00005589+6436390,431771894040454784,OrionV*
V* V1754 Ori,3017187007587815424,OrionV*
V* V1918 Ori,3015460911770186752,OrionV*
2MASS J02320698+6132429,465538999941115776,OrionV*
V* V2338 Ori,3017366915187666560,OrionV*
2MASS J06394293+1009150,3326950769213053056,OrionV*
V* V2463 Ori,3017361074033180928,OrionV*
V* V1947 Sgr,4069267971503817728,OrionV*
V* V2479 Ori,3017197659106702720,OrionV*
V* CW Cha,5201295319189804160,OrionV*
V* V2298 Ori,3017359356039672448,OrionV*
V* V1346 Ori,3209529009039304704,OrionV*
V* V1280 Ori,3215658610269014784,OrionV*
V* HI Tau,147901669899548416,OrionV*
2MASS J21425719+6606346,2218011928743860736,OrionV*
V* V2192 Ori,3017366743391104768,OrionV*
V* V2572 Ori,3209586527243350400,OrionV*
Haro 1-8,6050951072812273664,OrionV*
V* V1992 Ori,3017267409375446656,OrionV*
V* V2077 Ori,3215855805104865792,OrionV*
V* V2633 Ori,3017193089261495552,OrionV*
V* UX Cha,5201201139145691648,OrionV*
V* V1411 Ori,3017217347236678912,OrionV*
V* V1778 Sgr,4065974448835469696,OrionV*
V* V1580 Ori,3209573436183095296,OrionV*
V* MX Ori,3209528493645506560,OrionV*
V* V512 Cas,528135743094128512,OrionV*
V* V1265 Ori,3208994779531622784,OrionV*
V* V413 Tau,146139565079530496,OrionV*
Haro 6-50,3340894432078311040,OrionV*
2MASS J20582555+4353287,2162221639298018176,OrionV*
V* V2655 Ori,3015682635160793344,OrionV*
V* V494 Ori,3017361108392950016,OrionV*
V* V835 Ori,3215593915178734080,OrionV*
V* V1486 Ori,3017265347791125760,OrionV*
V* V2703 Ori,3016980093241655936,OrionV*
V* V1697 Ori,3209625834784119168,OrionV*
2MASS J03284242+3029530,120922678211135616,OrionV*
V* NZ Ori,3017359768363768832,OrionV*
Haro 5-94,3218175740278049664,OrionV*
V* FW Cep,2270056968043900928,OrionV*
DoAr  2,6242563926258185472,OrionV*
2MASS J02331111+6130192,465534979851733248,OrionV*
2MASS J02332823+6130384,465534292656955520,OrionV*
V* V1698 Ori,3209548456653372672,OrionV*
IC 5146   45,1974545247944562048,OrionV*
V* V544 Mon,3131328855856259968,OrionV*
V* GZ Ori,3209072024519881344,OrionV*
Gaia DR2 216585721745264896,216585721745264896,OrionV*
V* IS Tau,151125919028356352,OrionV*
2MASS J03303697+3031276,120749264611835776,OrionV*
V* RY Lup,5996151172781298304,OrionV*
V* V1222 Ori,3209652429221541632,OrionV*
V* V1227 Ori,3017364402621165440,OrionV*
V* V2038 Ori,3017244319631273856,OrionV*
2MASS J06315547+0500540,3131383522200278912,OrionV*
V* V2688 Ori,3215592158535103616,OrionV*
2MASS J02330887+6125221,465533536742787840,OrionV*
V* V2635 Cyg,1951602907037021696,OrionV*
2MASS J21384849+5730141,2178397757451582336,OrionV*
2MASS J03311830+3049395,121318330598494464,OrionV*
V* V1229 Ori,3017364162103039104,OrionV*
V* V1287 Ori,3017359871442672000,OrionV*
V* V1738 Ori,3209577937308816896,OrionV*
IRAS 17353-1833,4123160740160534912,OrionV*
V* V1921 Ori,3217664639171293440,OrionV*
V* V2493 Cyg,2162221781048591360,OrionV*
V* V2047 Ori,3209552064423055872,OrionV*
V* BP Ori,3017306167171870976,OrionV*
V* HV Cha,5201344930353916288,OrionV*
V* V845 Ori,3016871585188001536,OrionV*
V* V1564 Ori,3017245659661189888,OrionV*
V* V997 Ori,3023057300167091712,OrionV*
2MASS J06385403+1005247,3326926266423111680,OrionV*
EM* LkHA  178,2162879563867919104,OrionV*
V* V611 Ori,3216524200801110272,OrionV*
V* V2256 Ori,3017360077604362752,OrionV*
V* V1663 Ori,3209426342141399040,OrionV*
2MASS J06322277+0500318,3131337445790595456,OrionV*
V* V2408 Ori,3209579552216508544,OrionV*
WRAY 16-203,5997083008890845184,OrionV*
2MASS J20515722+4402161,2162941716335179008,OrionV*
V* V859 Ori,3215575051682473728,OrionV*
V* V942 Sco,6044710279177385728,OrionV*
2MASS J21524123+4712520,1974731993119999616,OrionV*
2MASS J20510545+4413593,2163135269043937280,OrionV*
2MASS J20580952+4411027,2162240713264484992,OrionV*
Haro 6-28,145213226530896896,OrionV*
V* V1956 Ori,3017270291298102528,OrionV*
V* V817 Mon,3326740075296996608,OrionV*
2MASS J06415708+0806538,3134245447889848064,OrionV*
V* V1985 Ori,3209625216308848512,OrionV*
2MASS J20513925+4424281,2163138361420323840,OrionV*
V* V1925 Ori,3016758816528150656,OrionV*
2MASS J00013478+6437345,431769282702382592,OrionV*
V* V2106 Ori,3017266069345637376,OrionV*
V* V548 Mon,3131767320479332480,OrionV*
V* V1482 Ori,3017363376136165120,OrionV*
Haro 6-13,147806733942555008,OrionV*
Hen 3-854,5788199164215950720,OrionV*
Cl* IC  348    LRL     140,216676671973739392,OrionV*
V* V1144 Ori,3016862686015752192,OrionV*
V* V928 Ori,3209440395274387840,OrionV*
2MASS J03285216+3122453,121407322320789504,OrionV*
V* V2684 Ori,3216077597213852288,OrionV*
V* V874 Ori,3016852171935822720,OrionV*
V* V2243 Ori,3017367086986363776,OrionV*
2MASS J22560882+5831040,2013402091947897472,OrionV*
V* BH Ori,3017010295452313984,OrionV*
2MASS J20500991+4415212,2067061691055800448,OrionV*
V* V1515 Cyg,2068538335168568192,OrionV*
V* HO Ori,3209826426935275520,OrionV*
Ass Cha T 1-27,5201160525934988288,OrionV*
V* V1785 Ori,3017273800298404096,OrionV*
Ass Cha T 1-15,5201128743176925184,OrionV*
V* V1619 Ori,3017296409006210048,OrionV*
Ass Cha T 1-20,5201164202426983040,OrionV*
V* V2629 Ori,3016953292645695872,OrionV*
V* V1593 Ori,3209530211632414208,OrionV*
EM* LkHA  156,2162947798009095808,OrionV*
