Star,Gaia_DR3_ID,otype
2MASS J18213093-2041164,4091289059115376768,Mira
OGLE BLG-LPV-205821,4062915646226317568,Mira
2MASS J18443426-0607548,4253224508874399872,Mira
2MASS J17165204-3115020,5980457293597433216,Mira
2MASS J17333624-3558245,5974752752394117888,Mira
V* LY Sco,5958547905156532992,Mira
V* V605 Ser,4161788748245537280,Mira
OGLE LMC-LPV-81321,4659313396127398656,Mira
IRAS 18218-1956,4092933649303999616,Mira
2MASS J18001760-2632127,4064041958426897792,Mira
IRAS 16408-3746,6019201815590025728,Mira
IRAS 12564-6438,5861635133598260736,Mira
V* V3136 Sgr,4045545046132194816,Mira
2MASS J18515040+0640124,4285801079877096704,Mira
IRAS 15555-5422,5836662200888819968,Mira
2MASS J18492331-0651348,4252406820107991040,Mira
2MASS J17311914-2929196,4058760626158248192,Mira
2MASS J18272669-0920093,4156138117451380352,Mira
2MASS J16574040-4519289,5964060070505544576,Mira
2MASS J18011939-2438543,4065985035952119552,Mira
Mis V0381,4151378159841976704,Mira
2MASS J17405928-3927042,5961170137313948416,Mira
2MASS J17093877-3621500,5976898861634383232,Mira
2MASS J18092926-1802555,4095810006083629952,Mira
2MASS J17510172-1810284,4120454429757008128,Mira
OGLE LMC-LPV-2384,4656303173786126208,Mira
2MASS J17364188-2919400,4060079314161138944,Mira
2MASS J17320163-2407228,4110549921526269568,Mira
V* V335 Her,4506216366292764672,Mira
2MASS J19444700+2229416,1827740139047866752,Mira
ATO J264.7178-16.1164,4124802959482209536,Mira
2MASS J17342972-2359268,4110566624751780480,Mira
[T66b] 277,4059456204687403776,Mira
2MASS J07494396-4823301,5518158249441082240,Mira
2MASS J17530782-2301426,4070151257288199936,Mira
IRAS 18025-1935,4095036843253511808,Mira
2MASS J17563202-2256331,4069413725523700224,Mira
2MASS J17530223-2301116,4068650114775831040,Mira
V* NX Lac,2003282461807603456,Mira
2MASS J17574182-2642075,4064024881635553280,Mira
OGLE BLG-LPV-230383,4053055908762116864,Mira
2MASS J18414544+0354039,4280517037480610944,Mira
2MASS J17330928-2319401,4116662385871988864,Mira
ATO J294.6199+27.8063,2025210297132152448,Mira
V* V487 Cen,6183494588198324480,Mira
2MASS J18542872-0417139,4255415530649575168,Mira
2MASS J16105848-4946479,5983227272594648704,Mira
2MASS J14135079-6245155,5854019400626231680,Mira
IRAS 17164-3439,5975697267193681664,Mira
2MASS J17190670-3249565,5979416743275875584,Mira
2MASS J12483300-6337161,5862698807996431872,Mira
SHV 0508430-683557,4661371132168241664,Mira
OGLE BLG-LPV-165503,4043674467575199104,Mira
ATO J280.1638-02.2772,4259518839308607872,Mira
2MASS J17430914-3216235,4054253384299123584,Mira
2MASS J18474072-0507482,4255065370553903104,Mira
2MASS J10180958-5537114,5355206434334201216,Mira
2MASS J17434505-3221019,4054241564559011968,Mira
2MASS J18421299-0716326,4252698122047037952,Mira
2MASS J18304910-0630267,4256184432845160960,Mira
2MASS J17542391-2011231,4119138692269140224,Mira
OGLE BLG-LPV-38495,4041065665744900224,Mira
2MASS J19112349+0359040,4293131218996817152,Mira
V* V1732 Oph,4115939456987017472,Mira
2MASS J17482701-2927031,4057212891669527552,Mira
2MASS J17424861-2755214,4060641134587011328,Mira
2MASS J15562370-4939581,5982692325844232704,Mira
2MASS J18185642-0709017,4160426968739932800,Mira
2MASS J17434277-2700580,4060990366995928320,Mira
OGLE GD-LPV-23751,4268830122221052288,Mira
2MASS J17573467-2755329,4062763123281124480,Mira
ATO J300.5724+26.9664,2027358777168730368,Mira
WBP 140,4658010543611552640,Mira
2MASS J17305052-3904123,5961768447794150144,Mira
2MASS J17213846-3212200,5979555384830185088,Mira
V* V650 Cen,6147567702165526144,Mira
2MASS J17361251-2915405,4060092065963207040,Mira
V* V371 Hya,5734498191679684864,Mira
V* V2427 Oph,4107867186286661632,Mira
2MASS J12304109-6448286,5861217422264694144,Mira
IRAS 17238-1309,4138480059498838144,Mira
OGLE BLG-LPV-74483,4056474500965995136,Mira
V* AF Ser,4148338010229522944,Mira
2MASS J12274223-6348292,6053527159907163008,Mira
V* V6141 Sgr,4039513365877341952,Mira
IRAS 17249-0904,4167560325279707008,Mira
2MASS J15085049-5713364,5880437297744344064,Mira
2MASS J17410120-2700387,4060955491873233536,Mira
2MASS J17583878-3518075,4042051073053502080,Mira
2MASS J17450902-2752490,4060609832862151808,Mira
V* FP Lyr,2101826122721282176,Mira
OGLE BLG-LPV-175277,4044148249670121600,Mira
V* V657 Car,5351215275857826432,Mira
2MASS J15083386-5400385,5887763446852734336,Mira
OGLE BLG-LPV-227985,4065153392894654720,Mira
2MASS J19011058+0343057,4280864929800521344,Mira
2MASS J16501218-4755536,5939364867555483648,Mira
IRAS 17004-3729,5976396831519207424,Mira
IRAS 17482-2954,4056442752512946048,Mira
2MASS J17315562-2650138,4061571252684054528,Mira
2MASS J16455605-4723353,5939623076665804416,Mira
IRAS 17290-2926,4058758289695454720,Mira
IRAS 17251-2333,4111388127342910976,Mira
2MASS J17505192-2451543,4067620726975753472,Mira
2MASS J14480571-5545043,5893207953564257280,Mira
OGLE BLG-LPV-72749,4043525002762724480,Mira
OGLE BLG-LPV-120204,4043172884083630848,Mira
Terz V 4363,4058093806648121728,Mira
OGLE BLG-LPV-30602,4068142587077261952,Mira
OGLE BLG-LPV-203799,4063359402203947392,Mira
2MASS J14443054-6055290,5877685632520656128,Mira
IRAS 17099-4619,5951286970888105600,Mira
IRAS 19282+2124,2018143014317808000,Mira
2MASS J18333809-1157161,4154571897537500416,Mira
2MASS J18164451-2026423,4094355390882112768,Mira
Terz V 4318,5979364172847711872,Mira
ATO J281.5812-09.5385,4203363069672423296,Mira
IRAS 17309-2729,4061286754089829248,Mira
2MASS J17402553-2737179,4060854091906266112,Mira
2MASS J17160681-3435319,5978645951254167552,Mira
2MASS J19283398+1312415,4316462512124074752,Mira
2MASS J18190140-1754413,4096430581720407424,Mira
2MASS J18164826-1536574,4146128129251675904,Mira
2MASS J19235316+2347027,2022711107183503360,Mira
2MASS J16273645-5108286,5934402909047337088,Mira
2MASS J18100713-2422594,4065834158023917568,Mira
2MASS J16284392-5206151,5933772579678682368,Mira
OGLE BLG-LPV-169132,4062789133670028928,Mira
IRAS 10148-5126,5358271426078255488,Mira
2MASS J16505696-4746530,5939389258649762560,Mira
2MASS J18431963+0028012,4278496203803718912,Mira
2MASS J13414816-5808104,5871659759036562560,Mira
Terz V 3724,5980625759426975616,Mira
ATO J286.2303-21.1361,4082238940220710528,Mira
2MASS J14220571-5912500,5891006456377706240,Mira
IRAS 20401+0856,1750885410111839872,Mira
OGLE BLG-LPV-35453,4040070612082302848,Mira
2MASS J19142696+0311188,4268214361393333888,Mira
2MASS J18205299-1935444,4094517156552224512,Mira
IRAS 18006-2525,4065701327615986560,Mira
V* RR Sco,6029292686708214016,Mira
TLE NGC 6522 435,4050176322165416960,Mira
2MASS J17315526-2824276,4061127805867435136,Mira
2MASS J17281639-2910040,4059484723278036992,Mira
Terz V 1433,4110044524141449088,Mira
2MASS J17113912-3709119,5973826310734258816,Mira
OGLE BLG-LPV-147217,4063553362946449664,Mira
IRAS 17407-1712,4123728977175452032,Mira
2MASS J17543741-2310155,4070131599218865664,Mira
2MASS J14115218-6416479,5853599077984456320,Mira
2MASS J17510256-1722239,4144737178385607680,Mira
2MASS J16480343-4238550,5967913515152237056,Mira
IRAS 17544-2711,4063574322393239680,Mira
2MASS J13271216-6650423,5845656618273313280,Mira
2MASS J17085585-4212409,5965873852361388672,Mira
2MASS J17330008-2639509,4061598289474620032,Mira
2MASS J18453706-2659322,4072953637575421056,Mira
V* V886 Aql,4265079756838928512,Mira
V* AB Tau,3441831935968581120,Mira
2MASS J17152855-4001484,5972198380718906752,Mira
2MASS J18483234-0627238,4252479834652130048,Mira
IRAS 19551+2421,1834410876082466560,Mira
2MASS J13543751-5959294,5867467282499820288,Mira
2MASS J17290035-3003003,4058622633060463360,Mira
2MASS J17312320-2917294,4058811341139294336,Mira
2MASS J17101395-4018295,5972143508207868672,Mira
2MASS J15230027-5839318,5876844643555106176,Mira
2MASS J11261933-6417589,5237599097214316032,Mira
2MASS J16440055-4923041,5937784418341033856,Mira
V* AO Leo,3980934444257231232,Mira
2MASS J17481402-3803288,4039808584708846720,Mira
2MASS J17470893-3057056,4055985454417088896,Mira
2MASS J15595356-6126477,5832438667437818880,Mira
V* V1694 Sgr,4091556373551700352,Mira
OGLE BLG-LPV-55655,4057193439735423360,Mira
2MASS J18453764-0617177,4253206336979399808,Mira
M33SSS J013329.05+304254.3,303383918422400256,Mira
IRAS 06489+0546,3129416525962509440,Mira
2MASS J18260821-2449463,4077182251887852800,Mira
IRAS 13079-6517,5858727715627217280,Mira
2MASS J18563976-0011462,4265465341841924736,Mira
2MASS J17555116-2710085,4063612049374850432,Mira
2MASS J20125693+3451564,2055841351002820224,Mira
2MASS J15472891-5602254,5884088604157205376,Mira
IRAS 08507-5726,5304249705375004160,Mira
2MASS J17475701-3052569,4055986936221198080,Mira
2MASS J18245710-3147098,4046081951403104768,Mira
IRAS 18348-1509,4103433199458985856,Mira
2MASS J17325507-3034540,4058372253636551552,Mira
2MASS J12030943-6440143,6053973870839428224,Mira
2MASS J18472761+0536139,4285322349948505088,Mira
IRAS 17027-3613,5977125872094770432,Mira
IRAS 17559-2704,4063579094053109632,Mira
2MASS J17181124-3907337,5972630832379379072,Mira
IRAS 18102-2334,4066353716004430592,Mira
OGLE BLG-LPV-148607,4062583524985405696,Mira
2MASS J17512422-2323030,4068614552441012864,Mira
2MASS J13084061-6501093,5858935557683884160,Mira
2MASS J17513746-2349497,4068582146819116928,Mira
V* CN Cha,5199012973569013120,Mira
2MASS J15281723-6045342,5875629992475334016,Mira
IRAS 19032+0427,4281388262984503040,Mira
IRAS 18319-1544,4103011875965354624,Mira
2MASS J17505134-2845086,4057400633323096576,Mira
IRAS 18032-1826,4095442429916766848,Mira
IRAS 14403-5740,5879424303990137344,Mira
2MASS J17374252-2910339,4060103920113419904,Mira
2MASS J17482009-3252336,4053988127168322944,Mira
2MASS J17374242-3315219,4053774680125075200,Mira
2MASS J17090874-4232507,5965675626723167744,Mira
IRAS 17394-2133,4117301270823347456,Mira
2MASS J16573787-2830003,6033139396805798144,Mira
IRAS 15543-5200,5981245402878378624,Mira
2MASS J18542516+1456517,4507616383871216256,Mira
IRAS 18360+0405,4283566975336164608,Mira
IRAS 18500+0804,4310250202701481984,Mira
IRAS 16390-4354,5967556242597608192,Mira
IRAS 17052-4111,5966028917849797632,Mira
2MASS J17483384-3015531,4056046825248252800,Mira
V* DI Sge,1809626406524963840,Mira
2MASS J18035716-2112273,4070089512834667264,Mira
2MASS J17065452-3719514,5976447782660664832,Mira
IRAS 17406-2339,4068417872926464256,Mira
IRAS 22339+6429,2205632011933088000,Mira
OGLE BLG-LPV-186069,4042857392955263872,Mira
2MASS J15472473-5647487,5883985280042473088,Mira
2MASS J11500913-6043492,5335394574859543680,Mira
2MASS J18324136-1450538,4103329016351650944,Mira
IRAS 15453-5454,5884423164848692352,Mira
[T66b] 188,4058672184148202880,Mira
2MASS J18135258-2839500,4050647565972801408,Mira
2MASS J16420678-4949438,5937792218015334016,Mira
2MASS J17282957-3138334,4057909054350880128,Mira
2MASS J17361511-3003059,4058489802693846400,Mira
2MASS J19042749+0658500,4306735854284894848,Mira
IRAS 15595-5328,5932878814144619264,Mira
ATO J262.6251-22.8318,4117489974563089024,Mira
2MASS J17434552-3337188,4053855876570136576,Mira
IRAS 17171-2158,4114930174038881792,Mira
IRAS 17352-2456,4062224053368817792,Mira
V* V427 Cam,1107618979843202944,Mira
IRAS 19162+0823,4308116806560117376,Mira
IRAS 18594+0921,4310641903720299264,Mira
2MASS J18183175-4420523,6720433120177950464,Mira
2MASS J18160160-2041018,4093964510180126336,Mira
2MASS J17195472-4135454,5959828015910374912,Mira
IRAS 18178-0945,4157567139010592896,Mira
2MASS J17482900-2401113,4068520814688028928,Mira
2MASS J18094411-2308172,4066535960013040896,Mira
2MASS J17245065-3901528,5972512085114798976,Mira
IRAS 12081-6158,6057507598128252288,Mira
2MASS J18223261-1937204,4091515111896233728,Mira
2MASS J17132329-3951080,5972171786251983360,Mira
IRAS 14310-5942,5878762088702265984,Mira
2MASS J17054931-3735033,5976436993704403584,Mira
IRAS 17047-2707,4108753152045565952,Mira
IRC +10390,4311781272671255552,Mira
2MASS J17192207-3804087,5972835405925373184,Mira
IRAS 16207-5650,5928276842544568960,Mira
2MASS J17413964-2534318,4067947045789464576,Mira
2MASS J17405138-2712406,4060900069611175936,Mira
2MASS J17441297-3210585,4054268055918048640,Mira
2MASS J18425368+0503174,4283743348199305728,Mira
V* V1358 Cen,6217193451359115648,Mira
2MASS J13284855-6506539,5864000664149298688,Mira
2MASS J18333732-3612252,6733414602982627712,Mira
V* BY Vul,4533112482276962944,Mira
2MASS J16495751-3457205,6025909936052790144,Mira
2MASS J16145159-4353348,5990876952947662720,Mira
2MASS J18094633-2354110,4066285511887635328,Mira
2MASS J13371942-5840243,5870123810028066048,Mira
2MASS J18104990-2232273,4066720059520019072,Mira
2MASS J19404241+2214344,2019882647844684928,Mira
V* V639 Ara,5921753573179938304,Mira
IRAS 18007-3210,4043044309998331904,Mira
2MASS J13453327-5855192,5870808049848171392,Mira
2MASS J19204650+2011089,4516599398191632000,Mira
2MASS J19395305+1623578,4318908513217750400,Mira
IRAS 19195+1853,4515706457303955584,Mira
2MASS J17383479-2331086,4116505774276124160,Mira
2MASS J13295429-6426484,5864850139989385856,Mira
2MASS J18524119-0026560,4266099244579516800,Mira
2MASS J14315997-6100098,5878434262478818432,Mira
2MASS J17282501-3722072,5974197803912378752,Mira
2MASS J17123783-3726227,5973760301363886080,Mira
2MASS J10302179-6332570,5251899173658016512,Mira
2MASS J16471212-4844076,5939408710548424448,Mira
2MASS J17100849-3704363,5973838882085466496,Mira
IRAS 17192-4732,5950234776961957760,Mira
IRAS 17191-5007,5925540158104329600,Mira
2MASS J18500675+0553556,4285360420539427840,Mira
IRAS 17251-2522,4110001132166959360,Mira
IRAS 17339-3645,5962645926814566656,Mira
OGLE BLG-LPV-195398,4063146578007288960,Mira
ATO J291.4258+23.3486,2019679994152558336,Mira
IRAS 13082-6329,5862209594055394944,Mira
IRAS 11055-6649,5238355694342259712,Mira
V* CF Aps,5806055714088428416,Mira
2MASS J19051372+0328343,4269184852192954496,Mira
V* V CMa,5584005801803852928,Mira
V* V973 Ara,5924615327060295680,Mira
2MASS J17425999-3334586,4053837150497890688,Mira
2MASS J16163930-4632512,5990012805534020608,Mira
2MASS J18423716+0339136,4280450723182355456,Mira
2MASS J18020407-2620323,4064095765772250880,Mira
2MASS J17531779-2810143,4063445438991498880,Mira
IRAS 17121-3032,5980700388723471488,Mira
OGLE GD1148.06.30594,5932900563860387968,Mira
2MASS J16564997-3718304,5971392851031745280,Mira
IRAS 01217+5455,412175057778390144,Mira
ATO J283.5965+09.7690,4311279379974181120,Mira
2MASS J18075693-1209405,4150803080890750976,Mira
2MASS J17353657-2056395,4118300310294698880,Mira
IRAS 05304+1259,3341461539558550656,Mira
2MASS J15510451-5650091,5883990953743262592,Mira
2MASS J14260949-6209041,5854288918402904320,Mira
2MASS J17275671-3844467,5962005323816116480,Mira
2MASS J17534090-2400107,4067816856687686912,Mira
2MASS J17252356-2805072,4059927963905073920,Mira
OGLE BLG-LPV-102505,4056127703736227200,Mira
OGLE BLG-LPV-153459,4063556313527659648,Mira
2MASS J15163664-5308464,5888058287766875648,Mira
2MASS J16261515-4426128,5944041605929644544,Mira
2MASS J18212476-1524230,4098158189270411008,Mira
V* V2049 Sgr,4086436879947236352,Mira
2MASS J11004517-6158229,5241811566807819008,Mira
V* TY Cas,430824394195476736,Mira
2MASS J17390721-2743117,4060486030390609920,Mira
2MASS J18002889-2622215,4064051235557020160,Mira
IRAS 18280-0927,4155948245551328896,Mira
IRAS 20107+4825,2084440747946965504,Mira
2MASS J14551409-6108110,5877901583450410880,Mira
V* V1634 Sgr,6736606072955260800,Mira
2MASS J16562004-4729079,5939729420056385152,Mira
SHV 0528253-684519,4658492576358896384,Mira
V* IM Cyg,2047126514457017600,Mira
IRAS 17536-2111,4070978532401645440,Mira
IRAS 17545-0028,4371449191689727488,Mira
2MASS J12384969-5958037,6059610139240479744,Mira
2MASS J17443879-2831439,4057559581404128512,Mira
IRAS 17486-2527,4067026445250480384,Mira
V* BB Cas,2012974038332680832,Mira
ATO J268.4663-12.3025,4151319920097879168,Mira
2MASS J19484710+2127098,1827387333271967488,Mira
2MASS J15564361-5707177,5835969302428269312,Mira
OGLE BLG-LPV-131034,4062607508093113600,Mira
IRAS 19020+0045,4267450063326757760,Mira
OGLE LMC-LPV-84620,4656958998122524416,Mira
Terz V 2068,4041932257074180224,Mira
2MASS J18463860-0756316,4251858885457588992,Mira
2MASS J17274737-2624358,4109603001495906816,Mira
V* WY Ser,4371480660911802624,Mira
V* V364 Sct,4253702212293357440,Mira
IRAS 17333-1349,4161411065998422656,Mira
IRAS 18511-0101,4265303193844071296,Mira
2MASS J18152228-0127597,4274092247415688576,Mira
2MASS J17283458-3841095,5962004155584921728,Mira
2MASS J17223233-3613254,5975215543657252736,Mira
2MASS J18443362-0506132,4253634837248109312,Mira
2MASS J17431261-3109276,4056624206237588480,Mira
2MASS J15343112-5534236,5883644332660380928,Mira
2MASS J17103213-4155120,5965810012007523712,Mira
ATO J278.5868-14.9373,4103309981061582464,Mira
2MASS J17474339-1953143,4119065123694448512,Mira
IRAS 17505-2110,4070650396909265792,Mira
2MASS J17321960-2947183,4058732416707560576,Mira
2MASS J19393785+1938108,1825291320511634304,Mira
Terz V 2094,4041547599815753856,Mira
OGLE LMC-LPV-40507,4658139697506665216,Mira
2MASS J17452472-2621171,4067050497168059648,Mira
2MASS J18180326-1431184,4146357480492607104,Mira
2MASS J18441647-0105385,4260176102405467648,Mira
IRAS 17046-3816,5973250540294265472,Mira
IRAS 18289-1517,4103277442386561664,Mira
2MASS J17173175-4003230,5972024245545082368,Mira
IRAS 15171-6353,5825326373394001408,Mira
IRAS 18599+0859,4310568580036779648,Mira
V* V1213 Sgr,4074914616558703104,Mira
IRAS 14416-5432,5893501557527677952,Mira
2MASS J17413709-2729020,4060876700636382848,Mira
OGLE BLG-LPV-195544,4049938007380386944,Mira
2MASS J16331420-5108536,5934303403264676480,Mira
2MASS J16354557-4826558,5941128209322746880,Mira
2MASS J18120392-2347578,4066254966044129152,Mira
IRAS 18289-1559,4103076888951289856,Mira
2MASS J17450959-2656267,4060827089464142848,Mira
IRAS 12554-6811,5857045703300879104,Mira
OGLE SMC-LPV-1042,4685427274012488320,Mira
2MASS J17315868-2658321,4061551667633095168,Mira
2MASS J17413640-3436379,4053391985743006080,Mira
OGLE BLG-LPV-36478,4068540743330545792,Mira
2MASS J15080188-6143084,5876089480875748224,Mira
2MASS J18022692-2020532,4070959363992825088,Mira
2MASS J17241456-3211180,4057832054147277440,Mira
2MASS J16324379-4912300,5940686957246373760,Mira
2MASS J16484273-3857489,5970813614502238848,Mira
2MASS J18032077-2520043,4065714143818248192,Mira
2MASS J16475492-3934599,5970688854349805440,Mira
IRAS 18091-3557,4038393581980994560,Mira
IRAS 17576-3721,4037130891574311680,Mira
Terz V 1659,4059576463802585984,Mira
2MASS J16324878-5157209,5934112569286923136,Mira
2MASS J18455518-0017041,4260382608734534912,Mira
OGLE BLG-LPV-7889,4058701763528442112,Mira
V* V4036 Sgr,4050223326283549184,Mira
2MASS J18323311-0600244,4256232605201235456,Mira
2MASS J18224331-1009521,4154489090545550208,Mira
IRAS 17078-4145,5965805648319213184,Mira
V* DX Aql,4193021200649869056,Mira
2MASS J16420919-4830400,5940986818982179328,Mira
IRAS 17000-5227,5924328187053037312,Mira
IRAS 19148+0325,4292254594664291840,Mira
2MASS J18175179-2200556,4090626599054749312,Mira
2MASS J14261675-5952412,5890748414740133504,Mira
2MASS J17061028-4245261,5965473149095642752,Mira
IRAS 14589-2508,6226131312661393792,Mira
V* V2002 Cyg,2030129615205806592,Mira
V* V1693 Cyg,2068502158662430208,Mira
ATO J282.4508+18.8223,4518320473160733568,Mira
2MASS J17484986-3227031,4055506037299010432,Mira
CRTS J153645.8-311222,6208462092087524608,Mira
2MASS J15114313-5451343,5887475546602828416,Mira
IRAS 18117-2449,4065360582111750272,Mira
V* V337 Hya,3462123663578977408,Mira
2MASS J17195412-3254459,5979417396111335168,Mira
2MASS J17345954-1711303,4124339206098038656,Mira
2MASS J14161076-5739032,5892155377313389184,Mira
2MASS J16382944-4056124,5969240282117430912,Mira
ATO J292.3605+24.8929,2024386659833985408,Mira
2MASS J19591393+1530443,1807988683958903680,Mira
2MASS J18142850-1607253,4145708493785495680,Mira
2MASS J17385141-3506491,4053281519186303488,Mira
2MASS J16094499-4607085,5990199825592006400,Mira
2MASS J17423080-2653349,4061004660648523136,Mira
2MASS J17364853-4143235,5959017087385762560,Mira
OGLE BLG897.18  56641,6028212072939501440,Mira
OGLE BLG-LPV-228635,4065411984295771136,Mira
ATO J280.0350-00.8920,4272239634739862528,Mira
V* V1155 Cyg,2077190946232167168,Mira
2MASS J17352387-3001112,4058501897323041536,Mira
IRAS 17398-2356,4068380974925053184,Mira
IRAS 20458+5025,2168402921874353792,Mira
IRAS 18098-1625,4145606170469841664,Mira
IRAS 18006-1653,4144215975454157568,Mira
2MASS J14420603-6107563,5877678966730652544,Mira
2MASS J18381129-0544399,4256111555811893760,Mira
2MASS J17384947-3913040,5961004768253110528,Mira
2MASS J14330225-6119105,5878377294006831360,Mira
V* BI Dra,2265083116739655168,Mira
2MASS J13493738-5937205,5870548771261682560,Mira
IRAS 18031-3036,4049922236207699200,Mira
SHV 0519095-701108,4652125407611314688,Mira
OGLE BLG-LPV-200200,4049961165852620928,Mira
IRAS 19318+1805,4323089165628260352,Mira
2MASS J18252860-1035029,4154261246813574144,Mira
2MASS J17501706-2502389,4067241709029064960,Mira
V* V420 Oph,4475236556706239616,Mira
IRAS 21464+5545,2174912722208780672,Mira
2MASS J13294879-6126208,5868650017752492416,Mira
IRAS 17156-2658,4108242360228842368,Mira
V* V594 CrA,6726278089635851136,Mira
OGLE LMC-LPV-90701,5278247526680524672,Mira
ATO J267.6642-16.8714,4144806310187574912,Mira
2MASS J17394489-3326239,4053713073110812160,Mira
2MASS J16280433-4750582,5941583471545191552,Mira
2MASS J17031763-3818133,5976297802403731200,Mira
IRAS 18263-0703,4159880442738891264,Mira
[WWV2004] J2158307+163525,1775844255341971200,Mira
OGLE LMC-LPV-90199,5282825034113050880,Mira
2MASS J18323102-1710551,4096763695011466496,Mira
OGLE BLG-LPV-54417,4056424919799002240,Mira
IRAS 14145-6202,5854413571208084480,Mira
IRAS 18278+0345,4283328690548731648,Mira
IRAS 20334+3102,1862560950733601664,Mira
Terz V 1247,4059341713656276352,Mira
ASAS J102906-4941.3,5364154397389918848,Mira
OGLE BLG-LPV-94087,4055695943608926592,Mira
OGLE BLG-LPV-3086,4059522995641500288,Mira
V* HX Ser,4146104214910097024,Mira
IRAS 18416-0632,4253174309285760640,Mira
IRAS 19263+2305,2019625087286383744,Mira
IRAS 08106-4952,5513521265312401792,Mira
IRAS 17221-1706,4135044399234113152,Mira
OH 021.514-00.095,4155743702038681856,Mira
2MASS J17264386-3128352,4057973375788088832,Mira
2MASS J18583501-0747581,4204016828022029568,Mira
IRAS 18009-3141,4043845853910330880,Mira
2MASS J17162596-3154272,5980282569985444224,Mira
2MASS J19063915+1307242,4314205420923290624,Mira
2MASS J19003698-0318144,4261554310205183104,Mira
2MASS J16211892-5414588,5932136987435807744,Mira
OGLE BLG-LPV-209084,4064869340885783936,Mira
OGLE BLG-LPV-207825,4062945985920226304,Mira
2MASS J17143281-4200308,5965759674978766208,Mira
2MASS J18482326-0544169,4253343530988214912,Mira
2MASS J17332124-2600333,4062044042681373312,Mira
2MASS J16571733-4640381,5939870986474188800,Mira
2MASS J17213075-3103549,4058881263175671680,Mira
ASAS J073114-0140.1,3061951321412024192,Mira
IRAS 18111-2018,4094046806091844224,Mira
2MASS J17574267-1841556,4143595988378462848,Mira
V* BP Sgr,6685102753547209088,Mira
V* GU Ara,5909661767063289216,Mira
IRAS 19324+1757,4323071848319199744,Mira
OGLE BLG-LPV-54190,4056438629339918464,Mira
2MASS J19011984+0248516,4268740713863926656,Mira
IRAS 18498-0045,4266074196354969472,Mira
IRAS 13418-6003,5868954376304902272,Mira
V* VZ Car,5338259936527218176,Mira
2MASS J18424979-0154238,4259930572018774400,Mira
2MASS J14050674-6500395,5852054023632775424,Mira
IRAS 17094-4359,5953151540782162560,Mira
IRAS 14563-5534,5881561273567460864,Mira
OGLE BLG-LPV-227218,4064746230003242496,Mira
2MASS J18595616+0714018,4306908546333844480,Mira
2MASS J18170790-2236277,4090500503168642560,Mira
2MASS J17390961-3257439,4054158001720712448,Mira
2MASS J17315547-2954507,4058729324432266880,Mira
2MASS J18194301-1825231,4096333412365963648,Mira
V* KK Cyg,2059674587831652096,Mira
2MASS J17310015-4034028,5959378315682645504,Mira
IRAS 19403+1837,1824422981219268608,Mira
IRAS 14503-6027,5877927456338913920,Mira
2MASS J10084919-6207035,5253243223549515776,Mira
Terz V 1955,4041409847276688640,Mira
OGLE BLG-LPV-5583,5960433778103618816,Mira
2MASS J18195513-1838465,4096309532254392832,Mira
2MASS J18110955-1555203,4145697326858279680,Mira
2MASS J17033792-3003379,6028630402723676288,Mira
2MASS J17003685-3916573,5970229838250820224,Mira
2MASS J18580042+0328324,4280886816953574272,Mira
2MASS J17232603-3324487,5979233846357127168,Mira
2MASS J13573584-6139534,5866344444924676352,Mira
2MASS J12524767-6228130,5863083843190407296,Mira
2MASS J17540696-2743449,4063484604759585792,Mira
StM 438,4510697803867267072,Mira
ATO J287.2418+14.9422,4512645657483960064,Mira
IRAS 16452-4600,5940178952811950720,Mira
2MASS J14474025-5709068,5880969220913144832,Mira
2MASS J17353188-3047162,4055439345024495872,Mira
2MASS J17090611-4508071,5963502270197621760,Mira
IRAS 18201-2011,4091434224688786304,Mira
2MASS J18375219-1211482,4106478606134685184,Mira
2MASS J13001338-6448191,5861637092103525376,Mira
2MASS J16572553-3333330,6026460172951114880,Mira
IRAS 15284-6059,5827611089846557568,Mira
IRAS 16369-5339,5930753866115740672,Mira
ATO J269.6888-20.8362,4071015026838423808,Mira
2MASS J18365994-0515324,4256748512338691584,Mira
IRAS 17309-1850,4121824760434048384,Mira
2MASS J19150600+0005329,4264010997130545152,Mira
2MASS J17214410-3335086,5979134714205144576,Mira
2MASS J14541685-5448221,5893592881362359040,Mira
2MASS J13175211-4828164,6083589422650360320,Mira
2MASS J17520651-2120174,4070645281700209792,Mira
2MASS J17542379-2805280,4063405852250172544,Mira
V* DQ Ori,3343624858750705792,Mira
IRAS 16591-3059,6028419846287438208,Mira
2MASS J17445762-3240119,4054042449919595520,Mira
IRAS 15520-5647,5835989196720033792,Mira
2MASS J12584996-6847475,5856973685284496512,Mira
V* V817 Aql,4307871065734567424,Mira
2MASS J17301739-3137305,4057920805383373952,Mira
V* V350 Lup,5900315776490782592,Mira
OGLE BLG-LPV-66540,4057226218932934272,Mira
2MASS J17222908-3359136,5976096076386076032,Mira
2MASS J18102862-3008539,4050046751590040320,Mira
2MASS J18231143-2833562,4051223641351900160,Mira
2MASS J19294865+1320009,4316561021502919296,Mira
OGLE BLG-LPV-177475,4063948534304968192,Mira
V* DS Vul,1835840138125155968,Mira
IRAS 19531+4110,2075333286979965056,Mira
2MASS J15080770-5611299,5880566971422431744,Mira
2MASS J17311429-2703581,4061560979121766912,Mira
IRAS 18054-2524,4064919295633457664,Mira
OGLE BLG-LPV-4534,5960485214639379840,Mira
IRAS 17388-6647,5812762528859099008,Mira
IRAS 18218-1011,4154480908618233728,Mira
ATO J264.7077-23.5380,4116503094216294400,Mira
IRAS 12546-6702,5857351882939215616,Mira
IRAS 17061-4528,5963487392428570880,Mira
ATO J277.8406+00.7694,4273638561425341696,Mira
V* PP TrA,5827029860507036544,Mira
SHV 0528309-702014,4657881071760023552,Mira
IRAS 16544-4441,5964097934942460032,Mira
IRAS 18427-1831,4098397023857858816,Mira
2MASS J15532683-4940346,5982703836356870912,Mira
2MASS J18052421-1745226,4143906016263794176,Mira
2MASS J17425146-3230191,4054244760014116480,Mira
2MASS J17384301-2954265,4056997112497057664,Mira
IRAS 19072-1019,4199512300681485568,Mira
2MASS J18415055-0659569,4252776393505835264,Mira
2MASS J18004965-3127147,4043899244803325952,Mira
2MASS J15225282-5921179,5876785957117374464,Mira
2MASS J14523945-5901562,5879819372223012096,Mira
OGLE J010323.93-723726.6,4687475496695138176,Mira
2MASS J16435792-4319001,5967599329711885568,Mira
[MM63] 5-66,4048224517225197440,Mira
IRAS 14461-5300,5894803516701001344,Mira
2MASS J17335572-3722438,5962510755583192960,Mira
2MASS J18003150-2530029,4064374934290977280,Mira
2MASS J14482925-5706474,5880972450729170688,Mira
IRAS 17070-3501,5977303447587285632,Mira
2MASS J18244995-1000431,4155984426378202240,Mira
2MASS J16452147-4941390,5937764287870152960,Mira
IRAS 15185-5715,5883152301219025152,Mira
V* V1704 Sgr,4080069947377691136,Mira
IRAS 20109+3100,2053940054869278720,Mira
2MASS J18402047-1226194,4106224962547600768,Mira
IRAS 18231-2426,4077279936623248256,Mira
IRAS 18101-0713,4160559661727181440,Mira
OGLE BLG-LPV-44644,4068973130657345280,Mira
2MASS J18573418-0251305,4255824514600426496,Mira
2MASS J17362556-2338307,4116418878491912448,Mira
2MASS J19413870+2618335,2021990549111872256,Mira
2MASS J17261426-2509527,4110064177933983616,Mira
IRAS 17365-3449,4053291036768747520,Mira
IRAS 15012-6156,5874553364411689088,Mira
IRAS 15275-6048,5875654834555843328,Mira
IRAS 19128+0255,4268193608109808000,Mira
OGLE BLG-LPV-213358,4050789987089412352,Mira
2MASS J17594967-2638528,4064017627374739200,Mira
2MASS J19503457+2019588,1826500577148511744,Mira
2MASS J17510028-2432248,4067681513690073088,Mira
V* CO Sco,6028414623607512832,Mira
IRAS 13311-6355,5864200770907721344,Mira
IRAS 18141-0727,4160332479457557888,Mira
2MASS J12010291-6204405,6057699630368726528,Mira
2MASS J18462125-0817337,4251637265132942208,Mira
2MASS J17085761-3656454,5976845981986669184,Mira
[WWV2004] J0412295+622714,475544968065302272,Mira
[DHM99] LR2792,4052798764865792640,Mira
2MASS J17305289-3128208,4057929425327461632,Mira
2MASS J18090990-2433573,4065825125750237312,Mira
IRAS 18231-3253,4045131904610946560,Mira
V* EP Lup,6100322065481152512,Mira
2MASS J17394071-2647033,4060977202852418944,Mira
2MASS J17180697-3317096,5979377092135983104,Mira
IRAS 18223+0950,4480362243701865600,Mira
IRAS 16226-5628,5928371297461150464,Mira
2MASS J18104807-1442002,4146116202111248768,Mira
MACHO 172.32360.7,4075833877056913536,Mira
2MASS J17113922-2718052,4108632033999323904,Mira
2MASS J13121030-6650284,5857789385498821376,Mira
2MASS J14161121-5224565,5897345725008720000,Mira
IRAS 19261-4024,6737711288265479168,Mira
IRAS 17405-2208,4116988837837701760,Mira
2MASS J18030149-1959516,4095180505610266880,Mira
2MASS J17540532-2744232,4063484574747069568,Mira
2MASS J19361500+2340415,2021006005180437504,Mira
IRAS 15252-5834,5882093059266631680,Mira
IRAS 12481-5851,6056772368464698112,Mira
V* V864 Cyg,2044916294233457792,Mira
2MASS J17330108-3109262,4055313034337591936,Mira
IRAS 17231-4149,5959199404529341056,Mira
IRAS 19142+1433,4320333102335709824,Mira
IRAS 12503-5815,6060170958880139904,Mira
2MASS J17312314-2325051,4111408816258617728,Mira
2MASS J18370573-1649502,4099791337697768448,Mira
V* V362 CrA,6725771588417135360,Mira
2MASS J18143470-1502409,4146222068779531008,Mira
IRAS 18208-2116,4091021018837747456,Mira
OGLE BLG-LPV-27881,4119832965152001792,Mira
V* AP Oph,4377362090345006464,Mira
2MASS J18513636-0408114,4255254963240221440,Mira
IRAS 17506-1743,4144510919537508608,Mira
2MASS J15440875-6031529,5833613701787229440,Mira
V* FX And,1991032149919888256,Mira
IRAS 20290+3254,1863805666615848960,Mira
2MASS J18264215-0746142,4159733967169512192,Mira
2MASS J16540842-4659144,5939802095217482368,Mira
IRAS 17277-2901,4058853049465312256,Mira
IRAS 17148-4242,5953659545185961216,Mira
V* LW Sge,4513424111686733696,Mira
2MASS J17463164-2439446,4068071874721226112,Mira
OGLE BLG-LPV-219786,4063004397401903232,Mira
IRAS 19065+1518,4512724130778133120,Mira
2MASS J17322814-3027034,4058421697309582976,Mira
OGLE BLG-LPV-190867,4063226533089864320,Mira
2MASS J19534366+3146289,2033809508832692608,Mira
2MASS J17301136-3042151,4058397198812488704,Mira
IRAS 10053-5852,5258272797717513856,Mira
2MASS J17554798-3952072,4035612161157941248,Mira
IRAS 17562-2734,4062798994861687808,Mira
2MASS J15310985-5459392,5883873031083348480,Mira
2MASS J10083915-5333459,5356377414222199296,Mira
2MASS J17315517-2738139,4061235214524236160,Mira
OGLE BLG-LPV-70953,4056368737335635968,Mira
OGLE BLG-LPV-16730,4068166948116631936,Mira
2MASS J18420739-0741365,4252666408006047488,Mira
V* V1649 Cyg,2062342728892073088,Mira
RHV 0529064-653618,4660761178065865216,Mira
2MASS J17233883-3117443,4058131052595122560,Mira
2MASS J20465390+4810462,2167545307107772160,Mira
2MASS J17091322-3715131,5973461268563335808,Mira
IRAS 18449-0305,4258622015730934016,Mira
2MASS J16424633-4318546,5967613790845981952,Mira
2MASS J18110696-1413570,4147260454416386176,Mira
MSX6C G356.6905-03.3632,4041887451905049088,Mira
2MASS J17283274-4258261,5958708266429954432,Mira
2MASS J10543034-5942577,5338348481562624768,Mira
OGLE BLG-LPV-109533,4043610695874528512,Mira
ATO J286.4812+18.8081,4514808602995124864,Mira
2MASS J14175921-5503512,5896056547635164032,Mira
IRAS 07527-4141,5534163668413302528,Mira
OGLE BLG-LPV-37861,4068933475136113792,Mira
IRAS 13106-4433,6088123877317061888,Mira
V* V345 Sco,5956404750836035200,Mira
2MASS J18564988-0535232,4254089004233730432,Mira
2MASS J18311683-1827585,4093505910749251328,Mira
2MASS J18195526-0937274,4157583700404638592,Mira
2MASS J17433249-2637244,4061038230058422912,Mira
2MASS J19320055+0804535,4296034582528772608,Mira
2MASS J16211187-5353270,5932253432582924032,Mira
2MASS J17453871-2241082,4116899639932566912,Mira
2MASS J17565539-4336270,5956224568371061376,Mira
V* V2097 Sgr,4101226994962620416,Mira
2MASS J16225182-4612418,5942343818191180288,Mira
2MASS J17414188-2550466,4061887877737081344,Mira
2MASS J18311812-0720174,4159807050334583424,Mira
2MASS J17472799-3134283,4055811701519231872,Mira
V* V2841 Sgr,4045904272810170880,Mira
V* XX Her,4577569413870099328,Mira
V* XZ Lyr,2042439158943693184,Mira
IRAS 17035-2714,4108725114549351936,Mira
V* TV Cnc,3098353608785731968,Mira
2MASS J19450914+2832147,2031305920881883648,Mira
2MASS J16103358-4711347,5984083860885393024,Mira
2MASS J18473434-0554505,4253334567485563264,Mira
Terz V   11,5980485296825846016,Mira
2MASS J17015722-3356488,5978363578600893184,Mira
IRAS 19201+2147,2019072990666172160,Mira
IRAS 18550+1809,4517343011644225024,Mira
ATO J266.8018-23.8282,4068541056985210368,Mira
V* V653 Aql,4302658659042512512,Mira
OGLE BLG-LPV-177181,4062464154875347456,Mira
IRAS 18412+1310,4505613795238867584,Mira
2MASS J17430407-3529088,4041283648330158464,Mira
2MASS J18371031-0423329,4256868363432508032,Mira
2MASS J18081851-1731412,4144016478496004352,Mira
2MASS J17360331-2935371,4060065918238183168,Mira
IRAS 19134+0939,4309070422415845760,Mira
IRAS 19166-0220,4262659903481750272,Mira
ATO J271.7112-15.5183,4145947908107526272,Mira
2MASS J18115999-2135471,4093789142367487744,Mira
2MASS J17204952-3701581,5975153348235541888,Mira
2MASS J17511364-2503025,4067601455494053888,Mira
OGLE BLG-LPV-33590,4068828952812140800,Mira
IRAS 18518+1234,4505943068944206208,Mira
2MASS J17381206-3459177,4053294507170658304,Mira
ATO J289.8103+03.0725,4291991399067085568,Mira
IRAS 13441-6039,5865913608174882944,Mira
OGLE BLG801.5     26,4122898128650380416,Mira
OGLE BLG675.15  15630,4060910819825579520,Mira
2MASS J18171436-1319473,4146684928796186752,Mira
2MASS J18121007-2135012,4093811987304698112,Mira
2MASS J17014821-3641067,5976680093193523200,Mira
2MASS J17451352-3304313,4053968061091523200,Mira
2MASS J17115144-4219230,5965650200518148736,Mira
OGLE BLG-LPV-88468,4055645125542514432,Mira
2MASS J17402454-2616041,4061839327409031168,Mira
2MASS J18181863-1424164,4146364794814947072,Mira
ATO J270.7855-09.7751,4158258834883862656,Mira
2MASS J17243001-3301123,5979271985667525632,Mira
IRAS 16252-4916,5940654766493390848,Mira
2MASS J19201830+1922290,4515780639982337536,Mira
OGLE BLG-LPV-15325,4118093847034741632,Mira
2MASS J14005617-6531068,5852008939277479808,Mira
V* V1863 Sgr,4044684811337436160,Mira
2MASS J18421231-0533340,4253502380443084160,Mira
2MASS J15224732-5730472,5883150888150521472,Mira
IRAS 20421+3823,2063440934851222016,Mira
2MASS J19040154+0319542,4269155612052622720,Mira
OGLE BLG-LPV-174675,4062791843928252288,Mira
OGLE LMC-LPV-54834,4658536277614381312,Mira
Terz V 1396,4059938164357202048,Mira
2MASS J17532500-2724458,4063693413187793664,Mira
2MASS J18261219-0213135,4270324392872323200,Mira
IRAS 18513+0010,4266291349915038720,Mira
2MASS J16152645-4616207,5990032940340977920,Mira
IRAS 20279+2013,1816791477115258368,Mira
2MASS J17471887-3039069,4056010747498199808,Mira
2MASS J17382769-2005467,4118457441674760064,Mira
IRAS 18053-0644,4171174557456805760,Mira
2MASS J15301208-6300207,5826969524801319552,Mira
2MASS J17421307-3255264,4054123298375250048,Mira
2MASS J20294901+4531474,2070980354805248512,Mira
2MASS J17265133-2534024,4109972647951956224,Mira
OGLE LMC-LPV-83464,4657755937908893696,Mira
2MASS J19400297+3231249,2045373759803731584,Mira
2MASS J17382284-3514556,4053255714937029248,Mira
2MASS J17391122-2813399,4060265479577347072,Mira
2MASS J17101312-4120214,5966018880513766656,Mira
2MASS J17312848-2859250,4058854256438463488,Mira
2MASS J12182804-5438372,6076216544362247808,Mira
2MASS J18364160-0408488,4257731411349061760,Mira
ATO J261.7836-23.2753,4111459359403237760,Mira
V* V2293 Sgr,4052397649228112640,Mira
2MASS J18102369-2334524,4066318394160154752,Mira
V* V475 Cep,2190721019350601728,Mira
2MASS J13464146-6604516,5851569276430681472,Mira
2MASS J18232716-1748557,4096462227023674496,Mira
2MASS J19542867+2445106,1834460182308163712,Mira
OGLE BLG-LPV-108152,4056586822945433344,Mira
IRAS 18081-1408,4147273923433851648,Mira
V* V404 Oph,4277684489350239232,Mira
IRAS 19411+1034,4302846950404434048,Mira
2MASS J18153025-1541064,4145765874519918592,Mira
2MASS J17143251-3827118,5973468282268597888,Mira
V* V339 And,1937669517727938560,Mira
2MASS J18003693-2515458,4064415895421430656,Mira
2MASS J18385731-1218115,4106284233100843904,Mira
2MASS J18273922-0741023,4159723968485551872,Mira
2MASS J17535488-2534254,4067335201839352448,Mira
2MASS J18260543-2255279,4089530974426712192,Mira
2MASS J18195047-0216454,4270786462630652160,Mira
ATO J290.8673-13.5838,4184957309353866880,Mira
2MASS J17441908-2643584,4061021634365506688,Mira
ATO J292.7031+25.5380,2024483313785183360,Mira
2MASS J17325085-2832136,4060371891716698624,Mira
2MASS J18112595-2308061,4066613475598902912,Mira
2MASS J15234026-5541263,5886771171949287680,Mira
2MASS J17184946-4229161,5953670097921983104,Mira
2MASS J20211382+1355584,1804878165547334784,Mira
IRAS 18397-1232,4106300412166476800,Mira
2MASS J17570623-2305456,4069396270790511104,Mira
2MASS J16000600-5447535,5836648525712060800,Mira
IRAS 14359-6115,5877645328543426304,Mira
2MASS J16120009-4908367,5983626292227884800,Mira
2MASS J17341987-3807454,5961917603411719808,Mira
2MASS J16032849-4807253,5984349324215089280,Mira
IRAS 17543-2837,4062586411204752128,Mira
2MASS J17052159-4421036,5963792609990050944,Mira
V* HN Ser,4145703953967254016,Mira
2MASS J17310034-2849329,4059610789087843968,Mira
IRAS 15422-5909,5834154489753204736,Mira
IRAS 18459+0144,4279075680788207104,Mira
2MASS J16485757-4647214,5939997877005234560,Mira
2MASS J17383011-2524118,4062147671665253376,Mira
IRAS 18112-1618,4145704336256983680,Mira
2MASS J18175908-2101543,4090934913346276096,Mira
2MASS J17511432-2404378,4067733328179900288,Mira
ATO J262.9249-19.1538,4121799574744841856,Mira
IRAS 12293-6408,5861366646590577664,Mira
IRAS 18056-2410,4065899755094148096,Mira
2MASS J17353372-2956048,4058506943820534400,Mira
2MASS J16533586-4033286,5969639954579439616,Mira
V* V435 Sco,4036623844915784192,Mira
IRC -10400,4172608011379888000,Mira
2MASS J17134356-4843448,5950666094708200192,Mira
2MASS J18062027-3435157,4039146124593888768,Mira
IRAS 16259-4509,5943756866799893888,Mira
2MASS J18132139-2234374,4066661952841682432,Mira
2MASS J21101575+4341159,1970111982708206464,Mira
2MASS J19170055+0523067,4293711108291154048,Mira
V* V2146 Cyg,1852531755413748736,Mira
2MASS J15213327-5829557,5876895977005050368,Mira
2MASS J18380409-3018256,4047364016284039808,Mira
2MASS J17044334-3832504,5973281910726029824,Mira
V* V398 Lup,6010894936513818368,Mira
IRAS 18586+1353,4506501753953186560,Mira
OGLE BLG-LPV-163446,4063561398811334784,Mira
IRAS 18242-0153,4270475438273673600,Mira
V* V2487 Cyg,1965565089803428736,Mira
2MASS J18534281-0046019,4265324947928710400,Mira
M33SSS J013328.99+303122.6,303283416186132608,Mira
2MASS J16524779-4001128,5969947061935400448,Mira
OGLE BLG-LPV-27982,4041725510328316672,Mira
2MASS J19054590+1625290,4513130198516440576,Mira
2MASS J18233813-0629368,4160826160197084800,Mira
2MASS J11523194-6239342,5334610623056893952,Mira
IRAS 15319-5309,5885624346961323392,Mira
IRAS 18047-2314,4066555648145315968,Mira
2MASS J17160856-3005540,4059228983758874752,Mira
2MASS J17224051-3925481,5972386706431423616,Mira
SHV 0535245-713528,4651049290623353728,Mira
ATO J263.7811-18.9688,4121633277970826880,Mira
IRAS 19353+2628,2024979812003404160,Mira
2MASS J18023096-2201450,4069928949792385792,Mira
2MASS J19133947+1146024,4312881643273057920,Mira
2MASS J18532083-0104571,4265297799362314624,Mira
IRAS 20084+2546,1835589037156543360,Mira
IRAS 18293-1116,4154672812094736128,Mira
ATO J273.0829-07.0946,4160582790150283520,Mira
IRAS 18296-1232,4104988969671794816,Mira
2MASS J18185255-1843294,4094809798440414336,Mira
IRAS 17506-3644,4040313363615074560,Mira
IRAS 10162-5049,5358397938631439872,Mira
IRAS 19020+0928,4310730036462374784,Mira
2MASS J17322354-3716039,5962573599551171328,Mira
2MASS J20102925+3919154,2061986418419347072,Mira
2MASS J15444958-5105428,5982295299071426176,Mira
MSX6C G287.80-00.56,5350330959264914304,Mira
2MASS J15203535-4548138,5999966753011300864,Mira
2MASS J17394779-3437449,4053401292844345984,Mira
IRAS 18418+0204,4278971811304612224,Mira
2MASS J15254145-5451153,5886926409213718144,Mira
IRAS 18197-1257,4152755676085857664,Mira
ATO J265.9510-21.1497,4117390086446875520,Mira
2MASS J17463544-2625482,4067040803312920448,Mira
OGLE BLG-LPV-222351,4064626859886700800,Mira
2MASS J18370687-0959399,4155425015463235328,Mira
2MASS J17095365-4052155,5966063861730724352,Mira
OGLE BLG-LPV-220762,4050924441059315328,Mira
IRAS 17377-2809,4060258298390502400,Mira
2MASS J18193773-1738400,4096445596936394880,Mira
2MASS J18384661-0818327,4156451684437542016,Mira
2MASS J16434236-5132253,5937001604805314560,Mira
2MASS J17540848-2322377,4067875749284046976,Mira
2MASS J17171628-3939416,5972051389767976320,Mira
2MASS J15160488-5918092,5876762867384085888,Mira
2MASS J17502658-2420276,4067722745379845248,Mira
OGLE BLG-LPV-69601,4056460001154637952,Mira
2MASS J18032863-3450096,4039121458688081152,Mira
2MASS J17550504-2255394,4070144071796276608,Mira
2MASS J16514466-5107280,5936689996324272896,Mira
2MASS J17255087-3023402,4058291134656172544,Mira
2MASS J17334658-3030187,4058370952280152576,Mira
2MASS J18112650-2926257,4050455499338571008,Mira
2MASS J17184431-3500187,5975663521634999936,Mira
2MASS J16275594-4616023,5942181782013081216,Mira
ATO J273.1018-09.6840,4157745225515064576,Mira
2MASS J17472415-2624517,4066853959370831744,Mira
2MASS J14432852-5907455,5879021122483838848,Mira
2MASS J17402092-2613020,4061851486386106240,Mira
ATO J280.3107+03.3350,4280413855181974656,Mira
2MASS J13534151-6011319,5867455501449819648,Mira
2MASS J16005434-5143052,5981635759557492096,Mira
2MASS J18450776-0015231,4260396627498353920,Mira
2MASS J18294084-1106062,4154875637602130560,Mira
V* V346 Sgr,6758632555001555200,Mira
V* DD Sgr,4198227869255938560,Mira
ATO J281.2022-15.1775,4100420915527735296,Mira
2MASS J13370594-6131416,5868768764958892672,Mira
2MASS J15514132-5804287,5834329724434052736,Mira
2MASS J17495826-2011250,4119007060130764800,Mira
2MASS J17483136-3549396,4040289238762912384,Mira
OGLE BLG-LPV-68957,4055957833529673472,Mira
2MASS J12152667-6346129,6054140034542989952,Mira
V* V1213 Aql,4211818417086747136,Mira
2MASS J17543486-1557086,4144992466884208000,Mira
ATO J312.7372+21.8576,1838908187865063552,Mira
V* CC Lup,5987020587722525312,Mira
2MASS J14484844-5519139,5893236231630864512,Mira
OGLE BLG-LPV-151705,4043766757867987584,Mira
IRAS 19378+0030,4239660662843177472,Mira
2MASS J18213292-1704059,4097329771671785216,Mira
2MASS J14373701-6149281,5877540050307990144,Mira
2MASS J18071857-1720395,4143943571432044544,Mira
2MASS J17385161-3630457,5962668226287094400,Mira
2MASS J16404168-3558130,6019613513980444160,Mira
2MASS J18342088+0435510,4283468435911741184,Mira
Terz V 1859,4053288627268171520,Mira
ATO J286.6667+14.0584,4314431194435281280,Mira
V* HS Cyg,2052432654486484480,Mira
MACHO 128.21540.15,4050782844580644096,Mira
IRAS 10521-6451,5239557189995861632,Mira
2MASS J16284426-4140084,5992806389698514816,Mira
IRAS 11476-5948,5335509851774549504,Mira
2MASS J18442558-1025561,4107167170928882432,Mira
2MASS J16403816-4255147,5967683438036814848,Mira
2MASS J17362645-2416259,4116313806394143872,Mira
OGLE LMC-LPV-49266,4658078709095471872,Mira
IRAS 19111+1236,4313241149223210496,Mira
2MASS J16443256-4917309,5937878396569713024,Mira
IRAS 17517-3156,4043590213379436160,Mira
2MASS J19040302+0801200,4307430092805850624,Mira
2MASS J18470649-0843090,4251558443884301184,Mira
IRAS 17291-3442,5975118889730780544,Mira
2MASS J15483317-5238285,5885847440416005248,Mira
2MASS J17561805-2338335,4069306591866588288,Mira
SHV 0545461-711458,4657039021994159872,Mira
IRAS 17511-2151,4070555637150969856,Mira
V* V562 Cen,6101048292910401024,Mira
ATO J287.3252+14.9242,4512644661051416832,Mira
[RHI84] 10-244,4060862887989524864,Mira
2MASS J17515469-2602033,4066921952976992384,Mira
V* KX Lac,2000020382611130752,Mira
IRAS 15523-4843,5984252429751365120,Mira
V* RW Sgr,4084115845238283264,Mira
2MASS J17553365-2348489,4067802459956519168,Mira
OGLE LMC-LPV-76083,4657839981836579712,Mira
IRAS 13467-6323,5864384668603592704,Mira
2MASS J17383754-3442186,4053307735671295232,Mira
IRAS 13061-6412,5859032722641408128,Mira
2MASS J17430093-2705489,4060985419110945152,Mira
2MASS J18090925-2851432,4050723470979605888,Mira
2MASS J15300760-5420132,5885454128808645760,Mira
2MASS J17443173-3223397,4054260428055912320,Mira
V* V711 Sgr,4038573141594089600,Mira
IRAS 16368-3958,5969303847641364352,Mira
2MASS J17333639-2436145,4110323632632800640,Mira
IRAS 17039-4251,5965453048648291968,Mira
IRAS 17262-2425,4110488112726615040,Mira
2MASS J18111910-2754231,4050952886618312576,Mira
2MASS J17504409-3201544,4055543180178521600,Mira
2MASS J17391478-3455571,4053289765525328128,Mira
2MASS J18031633-2225144,4069856966118416768,Mira
2MASS J17545342-2815496,4063387027392542720,Mira
2MASS J17464378-2650000,4060821488840912128,Mira
IRAS 06330+3203,3435964254730454912,Mira
OGLE BLG-LPV-99619,4043601796750685056,Mira
2MASS J17503955-3110361,4055732223148772608,Mira
2MASS J17430891-2755165,4060663674578493440,Mira
OGLE BLG-LPV-229005,4065503552960947328,Mira
2MASS J18172932-1907255,4094772896078489984,Mira
V* V380 Lup,6012537430778119424,Mira
2MASS J17322320-3509357,5975039278214115584,Mira
2MASS J18073561-1523000,4145973476109625344,Mira
2MASS J17341537-3329525,4054413088361518464,Mira
2MASS J16240500-4711546,5941848629980306304,Mira
2MASS J17370487-2524063,4062138939951015296,Mira
Terz V 3808,5979835932059574272,Mira
OGLE BLG-LPV-203934,4065629240830753408,Mira
ATO J278.9699-14.7627,4103647909086424576,Mira
V* KP Ser,4153499633162734208,Mira
2MASS J17400137-3247355,4054166346784604928,Mira
ATO J059.9905+57.6373,469744528838272896,Mira
V* RS Sco,5964110819830734592,Mira
2MASS J17175864-4019523,5971947481566654080,Mira
2MASS J13391195-6530287,5863830957062156544,Mira
2MASS J17193849-4225478,5959673053471790208,Mira
2MASS J17480549-2637375,4066831728619215744,Mira
Terz V 1145,4107870858368410112,Mira
2MASS J17584283-2215012,4070305120223613696,Mira
OGLE BLG-LPV-24911,4068415987508991104,Mira
2MASS J15300847-5504467,5883895296185451776,Mira
IRAS 16595-3652,5976716789397502208,Mira
2MASS J18063796-2441348,4065855534121324288,Mira
IRAS 15459-5740,5834391675036273408,Mira
2MASS J16530593-3749503,5971270839578355456,Mira
SV* HV  9628,4179433161075520384,Mira
[T66b] 304,4059474999396253312,Mira
V* BQ Pav,6423407784861791872,Mira
IRAS 17408-3344,4053842201388831232,Mira
OGLE BLG-LPV-212994,4064802438154992640,Mira
OGLE BLG-LPV-36507,4041712114199441152,Mira
2MASS J18413297-0828407,4251759139126147840,Mira
IRAS 19218+0604,4295315158324384768,Mira
2MASS J18380212-1507191,4103421070469557120,Mira
V* V365 Sco,5957025979269836544,Mira
ATO J264.0386-22.7291,4116790921326230784,Mira
2MASS J16433505-4730357,5942538161169297792,Mira
2MASS J18220034-1925348,4094523921083791872,Mira
2MASS J17092368-4103197,5966037915806012288,Mira
2MASS J17400592-2906227,4060142025025498112,Mira
2MASS J18001610-2505273,4064467606831842688,Mira
2MASS J17214133-3006511,4059086734437482368,Mira
Terz V  380,4057991891329330176,Mira
V* GV Hya,6271305778680596224,Mira
IRAS 11291-6329,5333520903939608960,Mira
2MASS J17263601-3138265,4057877404683505664,Mira
OGLE BLG-LPV-40378,4068932891020578688,Mira
2MASS J15165154-5512564,5886668676851083904,Mira
IRAS 18479-1738,4098897198553381504,Mira
2MASS J17403584-4044263,5960659178021721472,Mira
Terz V 2832,4060229023846522752,Mira
OGLE BLG-LPV-125774,4056512468379225984,Mira
2MASS J17575409-2304492,4069398607252467712,Mira
2MASS J18430145-0143151,4259937718835862528,Mira
2MASS J17352395-3543380,5974783435647409024,Mira
WBP 126,4658010779897683456,Mira
IRAS 17550-2208,4070321922135868672,Mira
2MASS J17491839-3109483,4055922816613665664,Mira
2MASS J17381099-2501051,4062222197955320064,Mira
OGLE BLG-LPV-67513,4043469271253275392,Mira
IRAS 15170-5609,5886355934494602496,Mira
2MASS J16395835-4318246,5967648635938793856,Mira
2MASS J17434774-2242425,4116907744443793536,Mira
2MASS J17482945-1543551,4148143740272881280,Mira
2MASS J17443756-2734068,4060769365113162496,Mira
2MASS J18042154-2630080,4063329814125884544,Mira
V* AP Aql,4198914170692311552,Mira
2MASS J15461250-5117568,5982243003548723712,Mira
2MASS J17000301-4428319,5964491487065792128,Mira
V* TW Lyr,2109436804766470144,Mira
2MASS J16461901-3624238,6019706800673489280,Mira
2MASS J17063549-3444148,5978112993024460544,Mira
ATO J271.9912-06.8028,4171167444990928256,Mira
V* V434 CrA,6726997234647207808,Mira
V* V1654 Sco,4037434562944075392,Mira
2MASS J17535695-3413182,4041605976984025216,Mira
2MASS J18033824-4223206,6725112298093550464,Mira
IRAS 20402+3128,1862820401114051584,Mira
IRAS 16300-5306,5930663470034744064,Mira
2MASS J18155034-2133494,4090889588469100800,Mira
IRAS 18021-2529,4065655629194376960,Mira
V* V1159 Cen,6085440446174085888,Mira
NSVS   8541906,1837068911082882176,Mira
2MASS J18450097-0323169,4258582673842821760,Mira
2MASS J17372736-2710156,4061685636218019072,Mira
2MASS J19080422-0518294,4206281993777358848,Mira
2MASS J19060755+0124061,4267510742626101248,Mira
IRAS 15236-5556,5883699789278123648,Mira
2MASS J18365226-1320189,4104639569870938880,Mira
OGLE BLG-LPV-52045,4068922140787038080,Mira
2MASS J16574727-4505265,5964086733644382592,Mira
2MASS J18393624-1857574,4092535939694464256,Mira
2MASS J17081764-2833469,6029948197406164096,Mira
2MASS J15383903-5939125,5881748877761684608,Mira
2MASS J19055037+1025189,4312301376022783232,Mira
IRAS 15567-5856,5833282473920601984,Mira
IRAS 17153-2926,4059273720149130240,Mira
2MASS J17162611-3957156,5972017648470072320,Mira
2MASS J18193270-2153000,4090645638697858048,Mira
OGLE BLG-LPV-45598,4068998488151086464,Mira
OGLE BLG-LPV-37854,4041496055826988800,Mira
[T66b] 175,4058682251610192512,Mira
OGLE BLG918.15  54138,5979034658645833088,Mira
V* V2083 Sgr,4081722826907735552,Mira
V* V525 CrA,6724761034153024128,Mira
Mis V0376,4145388261084728448,Mira
IRAS 17148-2343,4114185735954871424,Mira
2MASS J17564765-4122044,5956841501822591360,Mira
2MASS J17152920-3234583,5980221379666189184,Mira
2MASS J16330840-4258324,5944623483746437248,Mira
2MASS J18120272-2211595,4090751982093424256,Mira
2MASS J17471003-3657068,4040077380952723840,Mira
2MASS J17452265-2739329,4060718164776576640,Mira
2MASS J17101604-1458049,4139438077721677440,Mira
OGLE LMC-LPV-1608,4656416217335748864,Mira
OGLE BLG-LPV-163124,4062796550985040896,Mira
OGLE BLG-LPV-218704,4050815967437613184,Mira
IRAS 14486-5938,5878223843413473024,Mira
V* BZ Oph,6034492994355311744,Mira
V* V2812 Sgr,4038488341760370816,Mira
IRAS 15361-5807,5882341583258314624,Mira
IRAS 08371-4107,5528204624622434304,Mira
2MASS J17055186-4413362,5963799898585077632,Mira
2MASS J17312844-2935031,4058750352595091584,Mira
IRAS 02041+4700,353480623121439744,Mira
IRAS 19126+1456,4320545582949948672,Mira
2MASS J17050397-3737317,5976346219577244288,Mira
IRAS 18133-2442,4065388069911547136,Mira
V* PX TrA,5825812529320361088,Mira
2MASS J15362720-5131048,5889232115164715904,Mira
OGLE LMC-LPV-20262,4661372059881087104,Mira
IRAS 17418-2708,4060797879368362240,Mira
ATO J278.0206+02.1545,4276908096706603264,Mira
2MASS J18240480-2040537,4091195458947690240,Mira
2MASS J18060504-1733449,4143932812540677248,Mira
2MASS J17380841-3215401,4054957823353841536,Mira
ATO J289.8362-07.8365,4201772041907686272,Mira
2MASS J18133924-1551480,4145736256454865792,Mira
2MASS J14451445-6130036,5877468582093576576,Mira
2MASS J18521605-0127233,4265214309559357696,Mira
IRAS 18282-1943,4092815559276967296,Mira
2MASS J19050125-0435427,4254463250474676480,Mira
V* V688 CrA,6709992737568510336,Mira
2MASS J14280076-6147250,5854318708299059712,Mira
V* IP Cyg,2047537323813566464,Mira
IRAS 16544-3608,5977514485093193600,Mira
IRAS 13162-6324,5859176866141208704,Mira
IRAS 22562+3008,1886321122117465216,Mira
IRAS 11192-5626,5345861753740783488,Mira
2MASS J17443053-2625132,4061048469324810240,Mira
OGLE BLG-LPV-16424,4068218693816813952,Mira
V* V1675 Sco,6245491857002231808,Mira
2MASS J18081347-2311498,4066579115848960768,Mira
IRAS 14514-5840,5879814012103519488,Mira
IRAS 18131-2256,4090419066220827520,Mira
2MASS J17510739-2819490,4057446774099054080,Mira
2MASS J17350929-3658318,5962593047164712704,Mira
2MASS J16532440-3857240,5970065431226573824,Mira
2MASS J17003037-3044023,6029240494245955456,Mira
2MASS J17361711-3015172,4058483098160720000,Mira
2MASS J19031835+1044231,4312556737610749568,Mira
Mis V0091,4062920353447627648,Mira
2MASS J17215848-3334402,5979134954723381120,Mira
2MASS J16331011-3856468,6017682148760187648,Mira
ATO J287.7802-06.9714,4205069649088402432,Mira
IRAS 17425-3639,4040144038862758656,Mira
[WWV2004] J2039376+274710,1856465258268860928,Mira
2MASS J16583550-4358366,5964522483866016896,Mira
2MASS J16414605-4226142,5967779615241141760,Mira
2MASS J17393243-2736344,4060862273909583872,Mira
OGLE BLG-LPV-85517,4039990794377382784,Mira
IRAS 07140-2325,5617987995375077248,Mira
2MASS J14162838-5940596,5866982088631627520,Mira
2MASS J18200786-2307448,4089659479851676672,Mira
2MASS J16002654-5031469,5981846492150250240,Mira
2MASS J12561760-6357512,5861980586389129088,Mira
IRAS 18379-1204,4106388544898354944,Mira
2MASS J17590119-3319410,4042502731811036160,Mira
2MASS J17273530-3043133,4058209289750943232,Mira
IRAS 13239-5749,6062494639289696512,Mira
IRAS 18468-1910,4086336034120628992,Mira
2MASS J10355322-5931150,5254544667363332864,Mira
OGLE BLG-LPV-109093,4056587127966034560,Mira
2MASS J17112999-3933046,5972943879621309568,Mira
IRAS 14309-5313,5897606206193008896,Mira
2MASS J18032817-3223495,4042946346018540544,Mira
OGLE LMC-LPV-82526,4657715943169666432,Mira
2MASS J16155745-5219267,5933191964440464512,Mira
2MASS J17521383-2310567,4068641559199379584,Mira
IRAS 17292-2855,4058848140393403648,Mira
IRAS 18295+0231,4276939295349753728,Mira
IRAS 15445-5146,5981993311306429824,Mira
2MASS J17434950-3350556,4053818007752058880,Mira
2MASS J17225792-3356156,5976119376578088192,Mira
IRAS 19429+2150,1827672072403103616,Mira
2MASS J17333085-2603463,4062039949549407488,Mira
2MASS J18494081-0339136,4258339578690009600,Mira
2MASS J12163815-6343599,6053391267129679360,Mira
2MASS J17413775-3329399,4053893569191601792,Mira
2MASS J16292869-4617216,5942190165790136704,Mira
2MASS J17053664-2718151,4108774042823156864,Mira
2MASS J16223159-5134400,5934044159063243520,Mira
V* V514 Oph,4479162779587868800,Mira
2MASS J14565264-5816360,5879959937917478656,Mira
2MASS J18031985-1556177,4145158153890631168,Mira
2MASS J17073871-3008350,6028953860935158272,Mira
2MASS J17321106-3400416,4054369722069349120,Mira
2MASS J17180783-3135109,5980387161026626560,Mira
IRAS 19449+2905,2031719990076464256,Mira
OGLE BLG-LPV-78771,4043497721072329728,Mira
2MASS J18014189-3721527,4037128658200981760,Mira
IRAS 19202-0211,4214642066031594112,Mira
2MASS J18072591-2225327,4069724986070389760,Mira
2MASS J17054698-3749265,5976328558669773568,Mira
CRTS J092920.3-420152,5425927606332941440,Mira
2MASS J17514690-2901431,4057328649597440896,Mira
OGLE BLG-LPV-209967,4049921892656640128,Mira
2MASS J18415578+1628312,4511626891190632832,Mira
IRAS 08419-2802,5645841163220528640,Mira
2MASS J18002574-1713085,4143854511090803328,Mira
ATO J278.2206-00.8025,4272112198770234752,Mira
ATO J276.4178-04.2779,4257445229068163712,Mira
IRAS 20140+4305,2080877402560231808,Mira
2MASS J15112219-5129396,5900436452211593984,Mira
2MASS J17524383-1907194,4119504623468680576,Mira
2MASS J17524390-1914059,4119455862637381888,Mira
Terz V 2783,4061766141185469184,Mira
Terz V 1526,4061474255186977152,Mira
2MASS J19484233+2240254,1827807071820856704,Mira
2MASS J16275038-5346533,5933524674166460928,Mira
2MASS J21085495+5530595,2176904861187290112,Mira
2MASS J16054554-5302173,5932923206929649792,Mira
OGLE LMC-LPV-23357,4661794199284643584,Mira
2MASS J16301445-4559383,5943701032220902144,Mira
V* V2352 Sgr,4090062760095613440,Mira
2MASS J14403657-5945048,5878964123979918208,Mira
IRAS 17145-2634,4109018546715393408,Mira
OGLE BLG-LPV-95870,4056139562153223552,Mira
2MASS J18585369+0008578,4265863983473949312,Mira
IRAS 18307+0123,4273793661295329024,Mira
IRAS 05029+4609,206758523042262272,Mira
ATO J263.9426-16.4838,4124810724776096000,Mira
V* V366 CMa,2895303704108891648,Mira
IRAS 19183+2339,2022576107750501760,Mira
2MASS J16373632-4345337,5944342047449457408,Mira
2MASS J18305703-1319112,4104784219990947072,Mira
2MASS J16095916-5234063,5933276420669242624,Mira
CRTS J095110.4-254711,5659901687853661312,Mira
ATO J316.6272+46.8049,2165109648323737728,Mira
2MASS J17173920-3916269,5972622586041360896,Mira
IRAS 14011-6021,5866498647116244864,Mira
Terz V 1067,4107452184956955776,Mira
OGLE BLG-LPV-125194,4056295521065766784,Mira
IRAS 18216-1419,4104286660931710848,Mira
OGLE BLG-LPV-105350,4043432982988984576,Mira
2MASS J17481666-3050209,4055946013790219264,Mira
OGLE BLG-LPV-110256,4043642165111307392,Mira
OGLE BLG-LPV-221943,4063014392022422016,Mira
2MASS J17182659-4015071,5971968750248955136,Mira
2MASS J13212301-6021090,5869739255824646400,Mira
V* V1081 Cen,5373187332087507584,Mira
2MASS J17465221-2613493,4067044926482590464,Mira
IRAS 16036-4942,5983168139488034816,Mira
[WWV2004] J2052560+431723,2066772455075209216,Mira
2MASS J18161744-1433567,4146452691337860352,Mira
V* FS Nor,5831634340325878272,Mira
2MASS J16183279-4825177,5935725449703048960,Mira
IRAS 18432-0624,4253201934515508864,Mira
2MASS J17363110-2433337,4110290299343168640,Mira
2MASS J16574727-2411272,4113365392847603456,Mira
2MASS J14365404-6053245,5878472264338040320,Mira
2MASS J17171390-2905233,4107441434658112640,Mira
SHV 0518074-700042,4658135509970156928,Mira
2MASS J18432794+0511553,4285247411381786752,Mira
OGLE BLG-LPV-156901,4044164540492997248,Mira
2MASS J17541986-3548579,4040430667798669952,Mira
2MASS J17391448-2927071,4060034204197247616,Mira
IRAS 18353+0401,4283563509318421888,Mira
2MASS J18351177-0616016,4256112792761510656,Mira
IRAS 18481-1216,4105728258154330752,Mira
2MASS J16442350-4332094,5967407980332032640,Mira
2MASS J14315369-6115139,5878357983853885824,Mira
IRAS 17497-1709,4144755801366477312,Mira
2MASS J18225310-1645498,4097716769712753920,Mira
IRAS 18197-2842,4051221103092649344,Mira
2MASS J17534619-4013308,5957887755878442240,Mira
2MASS J18464029-2604074,4073158176764491648,Mira
2MASS J16270181-3752043,6018780530828443904,Mira
2MASS J17110161-2556158,4109338087916458240,Mira
2MASS J17400318-3742031,5962349883222323712,Mira
IRAS 13502-6104,5867144717588813184,Mira
2MASS J17305715-3154369,4054887596368621312,Mira
2MASS J16082346-5703050,5835383537576400768,Mira
2MASS J18082870-2522369,4064919123834760064,Mira
2MASS J17554004-2228484,4070196612208727808,Mira
2MASS J17375876-3006382,4056987972805753600,Mira
IRAS 12434-6236,6055127876985580928,Mira
2MASS J18110915-1440309,4146119535005891200,Mira
2MASS J17365556-2934142,4060020116624121216,Mira
2MASS J16072331-4248055,5991975536878691968,Mira
V* V505 Cen,6096112585212910208,Mira
2MASS J17354662-3016244,4058460047164754688,Mira
IRAS 16510-4854,5938417191646387072,Mira
2MASS J18164361-2009092,4094369615814681216,Mira
IRAS 18479-0405,4255308671845858816,Mira
V* V2412 Oph,4059204313460715776,Mira
2MASS J18264594-0222316,4270318482996929152,Mira
2MASS J18261952+0034472,4273303004221517440,Mira
OGLE BLG-LPV-70540,4043419307864479360,Mira
2MASS J17410405-2354058,4068393584952340352,Mira
V* TU Sct,4102486068890657280,Mira
2MASS J17485064-2920177,4057215193743638656,Mira
V* V2088 Oph,4481808788682325120,Mira
2MASS J16373658-4337057,5944369569582203008,Mira
OGLE BLG-LPV-69401,4056447459798635264,Mira
V* AB Lyr,2044182851249169536,Mira
IRAS 18283-1220,4153037284210743808,Mira
2MASS J17383346-3513101,4053279251369436672,Mira
2MASS J17483113-3000397,4056805105974801536,Mira
2MASS J17373785-3306005,4053793994656888576,Mira
2MASS J10154287-5829337,5258537165859918976,Mira
IRAS 18225-0034,4273072793983776512,Mira
OGLE BLG-LPV-30880,4053849760463506048,Mira
OGLE BLG-LPV-11476,4061382991404102400,Mira
2MASS J17503526-3200438,4055543420696758272,Mira
2MASS J17485343-1812242,4120465218669040000,Mira
2MASS J18043873-2028126,4094920088862173824,Mira
2MASS J17240325-3033361,4058262061955514496,Mira
2MASS J18381356-1019561,4155207724529046400,Mira
IRAS 13565-4114,6110504677025264256,Mira
2MASS J18025639-1848565,4095414113183052672,Mira
V* FQ Com,1466292012266364928,Mira
2MASS J18071033-2912153,4050346785185063424,Mira
2MASS J17575727-2048171,4071027048362683008,Mira
IRAS 18228-1440,4104215673725135744,Mira
2MASS J18030994-2631281,4064078654555068032,Mira
2MASS J17105978-4132044,5965825332106948224,Mira
OGLE LMC-LPV-9049,4661558083486987264,Mira
IRAS 19184+0251,4291976319472429184,Mira
2MASS J17541082-2301131,4070148508572024320,Mira
2MASS J16424356-4947212,5937795447819422336,Mira
IRAS 18209-1120,4154070898185501696,Mira
2MASS J18093399-2335117,4066481877781544320,Mira
2MASS J17293508-2234042,4117512097889159040,Mira
2MASS J18150419-2356478,4065575704062757120,Mira
2MASS J17421908-3252562,4054129380049686656,Mira
2MASS J04322462+6358540,476143927025209344,Mira
2MASS J17280766-3837246,5962006938723968384,Mira
2MASS J17152581-4206192,5953754313675071104,Mira
2MASS J17375276-2811249,4060445902579189248,Mira
IRAS 16546-3756,5970540725175592064,Mira
2MASS J17162350-4445134,5952979119283451392,Mira
2MASS J17290881-4742129,5950086102363836160,Mira
V* KX Sgr,4038977388353953664,Mira
2MASS J16012746-4827449,5984325615994680832,Mira
2MASS J18211283-1111486,4154111889355280896,Mira
2MASS J17151004-3941029,5972225009475263616,Mira
2MASS J17441686-3338562,4053843988095775104,Mira
2MASS J17045147-3807366,5976316738954134784,Mira
V* V1336 Sgr,4050229377970142464,Mira
2MASS J19064095-0239434,4260957481545326208,Mira
ATO J105.9215-26.7854,5610819660593479552,Mira
2MASS J18053042-2439185,4065765133660800128,Mira
2MASS J18134557-1210138,4153757915297772672,Mira
2MASS J17423435-3238150,4054230397643133440,Mira
OGLE BLG-LPV-177264,4062708903694278912,Mira
2MASS J18071464-2444002,4065842851033608320,Mira
2MASS J19400061+1830208,1824403224367646848,Mira
IRAS 17197-2831,4059799939465020800,Mira
2MASS J17205860-3918170,5972444224643792256,Mira
2MASS J17122626-3916284,5973043183557626240,Mira
2MASS J19332546+2948450,2032560085657844864,Mira
2MASS J17292606-2840267,4059630236804000128,Mira
2MASS J17431998-2748525,4060666870033939200,Mira
2MASS J17371395-1651276,4124738844205186688,Mira
2MASS J12455211-6325539,5862900396556338304,Mira
V* V1333 Oph,4113947897811569280,Mira
IRAS 20245+2856,1860437862496695040,Mira
IRAS 17520-2752,4063432755913770752,Mira
2MASS J17521529-2755201,4063467429274978560,Mira
2MASS J13144663-6342234,5862155580477891328,Mira
IRAS 06363-0815,3003530278599627904,Mira
2MASS J16094157-4325018,5991617061727581568,Mira
2MASS J17374498-3701066,5962627750511462656,Mira
2MASS J16363091-4753377,5941242214909109248,Mira
2MASS J17520496-2900450,4057334422117487616,Mira
2MASS J17580616-3638573,4037411438839720448,Mira
OGLE LMC-LPV-48970,4658728520347376768,Mira
2MASS J17064974-3736533,5976430710203146496,Mira
2MASS J17522341-2821269,4057436436154075136,Mira
2MASS J17365044-2910212,4060082926310283904,Mira
2MASS J17043933-4349313,5965322309852191232,Mira
2MASS J17415960-1918271,4120014345819846912,Mira
V* VW Car,5254141176631355776,Mira
2MASS J19032857+0239073,4268555175614398208,Mira
OGLE LMC-LPV-24536,4661414047444523648,Mira
2MASS J17595205-2557471,4064263956647639808,Mira
IRAS 14517-5524,5881543372139469312,Mira
2MASS J18040899-2528559,4065696963947030016,Mira
2MASS J19054031+0953317,4310766320349687552,Mira
2MASS J18394813-0911293,4155584547750375680,Mira
2MASS J17511774-2323030,4068614517990986240,Mira
2MASS J18153193-2002072,4094432597218265600,Mira
2MASS J17235292-3921046,5960469404811204992,Mira
2MASS J18404771-1220370,4106227299009579008,Mira
2MASS J17114223-3550169,5977012729797992832,Mira
IRAS 17234-2843,4059568114389399936,Mira
OGLE BLG-LPV-3592,4059978850691103232,Mira
IRAS 18202-0117,4271331442442015232,Mira
2MASS J16053847-5453340,5932656953269450880,Mira
2MASS J18182598-0803572,4159484859068548096,Mira
ATO J305.7677+32.7193,2054426485697056640,Mira
2MASS J16035732-5445420,5932668188944660096,Mira
2MASS J15264436-5900014,5882071893666155392,Mira
[T66b]  95,4058713862578963200,Mira
2MASS J18364423-0258188,4259373222751376256,Mira
2MASS J17150730-4111595,5971803170664968320,Mira
ATO J269.0719-17.8575,4143722496596386048,Mira
2MASS J18252408-2033061,4091210340997393280,Mira
IRAS 18534-0245,4255887014969621248,Mira
IRAS 15015-5441,5887432803084144512,Mira
2MASS J17383289-2745425,4060484999594398848,Mira
ASAS J150829-4730.9,5903553872590523904,Mira
2MASS J17511620-3225472,4043514316881794432,Mira
2MASS J16560515-3043159,6029283856243837440,Mira
2MASS J09020579-4627208,5330238243236508288,Mira
2MASS J17541386-2810375,4063400771369625600,Mira
V* GL Pup,3036905649123310720,Mira
2MASS J16211059-5221282,5933904280569270912,Mira
IRAS 15448-5618,5884014387115231616,Mira
2MASS J18363391-1352324,4103764392992855552,Mira
2MASS J17270827-2753221,4059914288718749056,Mira
IRAS 19532+6632,2248994036109046656,Mira
2MASS J18223809-0653508,4160777472407831296,Mira
2MASS J15131096-5732318,5880206125447336832,Mira
2MASS J17435264-3551482,4041071717431933568,Mira
2MASS J18151854-1442200,4146444371974117376,Mira
IRAS 18384-0126,4260196615162611328,Mira
ATO J286.3714+18.5830,4514698720557148032,Mira
IRAS 16463-4944,5937608019786787200,Mira
2MASS J14492543-5350401,5893938716461001600,Mira
Terz V   38,4107934801845945088,Mira
IRAS 20387+3928,2064481760034838144,Mira
2MASS J17364346-1932412,4121542671358967808,Mira
2MASS J16270483-4633084,5942171405371465600,Mira
2MASS J17394736-3758063,5962249484127882624,Mira
2MASS J12123927-5903506,6071023482241714688,Mira
2MASS J17423747-2347283,4068410073249405056,Mira
IRAS 16597-3553,5976829553715787264,Mira
OGLE BLG-LPV-60805,4055963434168375168,Mira
2MASS J10315280-6348258,5251880516319378560,Mira
IRAS 16172-4919,5935426588681665664,Mira
IRAS 17112-2327,4114169861752919808,Mira
2MASS J16422574-4735271,5942516995561505920,Mira
IRAS 16008-4352,5991446392573721088,Mira
2MASS J16173678-5307090,5933083392033402752,Mira
2MASS J17491889-3124455,4055725145030930688,Mira
2MASS J18270832-3712225,6728004254182606336,Mira
2MASS J18083771-2431130,4065871854999122560,Mira
IRAS 06409-0207,3106567235525516032,Mira
2MASS J17483266-2205071,4069001644864313856,Mira
OGLE BLG-LPV-135357,4056322390394138368,Mira
2MASS J15081741-5134571,5900397075963069696,Mira
IRAS 21535+6654,2219649891830263296,Mira
V* V493 Ara,5916035635981964288,Mira
2MASS J17591907-1940203,4071244923456005248,Mira
2MASS J17491798-1654436,4144814693964536832,Mira
2MASS J13574813-6027469,5867298065088388736,Mira
IRAS 20195+2905,1861166323313681408,Mira
IRAS 18323-0332,4257829302249588992,Mira
2MASS J16432271-4028107,5969125138299138304,Mira
ATO J275.1629-20.0156,4091474872253132032,Mira
2MASS J17220888-3357272,5976099447929648896,Mira
OGLE BLG-LPV-139816,4056327677406043648,Mira
2MASS J18083045-2251180,4066603030211394176,Mira
Terz V 1574,4059893874670444672,Mira
OGLE BLG-LPV-225996,4052499418432803456,Mira
2MASS J17583382-1510259,4145500960955079936,Mira
2MASS J11072599-6019210,5337708320940378240,Mira
2MASS J18223092-1619038,4097818302743040512,Mira
2MASS J16295943-5705342,5928295564278236800,Mira
V* V3921 Sgr,4097202748032445312,Mira
Terz V 3286,4067112482116964352,Mira
2MASS J16560931-3558106,5977700332583098368,Mira
IRAS 17238-2943,4059441533075741824,Mira
IRAS 18029-1206,4150769404037655552,Mira
IRAS 18341-0849,4156404577234778496,Mira
IRAS 17259-2316,4111469804803115648,Mira
2MASS J17513154-2839152,4057356171835478784,Mira
V* NZ Sgr,6761567907446883840,Mira
2MASS J17263774-2749100,4059962495409248256,Mira
MSX5C G332.6468-01.3231,5934044979321761920,Mira
IRAS 17360-0923,4165088863663595264,Mira
2MASS J17594258-3231394,4043677559952672640,Mira
IRAS 08590-5026,5324973266176041984,Mira
2MASS J17554245-2104383,4070667611131111808,Mira
IRAS 00301+7432,539450748534887424,Mira
2MASS J17390058-2641038,4061726623099845888,Mira
IRAS 18414-2350,4078120964278600832,Mira
2MASS J16502698-3519352,6019882512048339584,Mira
2MASS J17484868-2348494,4068548439912397696,Mira
2MASS J18474177-0114043,4260018017548703360,Mira
2MASS J18243517-1130009,4154052206486981888,Mira
ATO J309.1844+27.0331,1856036276936003584,Mira
2MASS J19000412-0144159,4262045654486844160,Mira
2MASS J18532913+0940460,4311317965962718592,Mira
OGLE BLG664.21  32976,4065940368263964416,Mira
2MASS J18322504-1728525,4093729867527321856,Mira
IRAS 17194-2945,4059133321848397696,Mira
V* V390 Ser,4145967600594781184,Mira
2MASS J17492069-3152553,4055606092862492800,Mira
IRAS 17527-2257,4070163455060428544,Mira
2MASS J18181385-2342044,4065553713867051008,Mira
OGLE BLG-LPV-73746,4056442993032342016,Mira
2MASS J17391861-2253239,4116749694011505536,Mira
IRAS 14594-5952,5876478403137359488,Mira
IRAS 16229-3931,6017973175747623680,Mira
2MASS J17311740-2646154,4061575375852752640,Mira
2MASS J17121685-3130452,5980532060451514112,Mira
2MASS J16564406-3637134,5977475138837784832,Mira
2MASS J18382626-0441079,4256798235183920512,Mira
2MASS J12481423-6522375,5861540060199807744,Mira
IRAS 16279-5250,5933673898497629184,Mira
V* V1355 Cen,6215074829895372416,Mira
IRAS 08277-6407,5276564346176131328,Mira
2MASS J18283856-1514061,4103934714212795392,Mira
2MASS J17330689-3734466,5962179321538053632,Mira
OGLE BLG-LPV-76271,4056337783530840064,Mira
IRAS 10116-5256,5356588314300457088,Mira
2MASS J17435976-3231567,4054234482139042432,Mira
2MASS J16201772-4630419,5989976315490921216,Mira
ATO J261.6014-22.2684,4111778527038920192,Mira
2MASS J17005897-4651140,5963073224441591936,Mira
2MASS J19505552+2858016,2028707362581980800,Mira
IRAS 16252-3812,6018146005227833088,Mira
2MASS J19594120+2438499,1834316833485737984,Mira
IRAS 16393-4908,5937836031002449920,Mira
2MASS J17341967-2732563,4061283661713344256,Mira
ATO J286.1393-11.0302,4199352875818351744,Mira
2MASS J17461533-2503524,4068021365899881472,Mira
IRAS 17392-2704,4060997891779704448,Mira
2MASS J17483688-2616000,4066876774240212352,Mira
2MASS J17324251-4254359,5958525438233416192,Mira
2MASS J17522850-1822342,4120412235986295552,Mira
2MASS J17331441-2913420,4058791274982573696,Mira
RAFGL 2216,4256547920186831872,Mira
ATO J273.5298-08.7902,4158658885309495680,Mira
IRAS 18062-1937,4095079762873142656,Mira
V* V1666 Oph,4115864582778439424,Mira
2MASS J18542132-0525104,4254162568439734400,Mira
IRAS 16301-4718,5941313854995045504,Mira
2MASS J17142802-2722488,4108594135206009728,Mira
V* UU Cep,2193763574181648512,Mira
V* AP Lyr,4588053051081723136,Mira
2MASS J17431035-2804086,4060591244193495040,Mira
2MASS J18362186-0626558,4256047406179529984,Mira
2MASS J17095772-4334215,5965232734014218752,Mira
2MASS J17522061-2601192,4066944905282362112,Mira
OGLE LMC-LPV-83736,4657156119984184576,Mira
IRAS 17494-3837,4036694492889771264,Mira
V* V2542 Sgr,4090136702231966208,Mira
2MASS J18342278-1650305,4099779556695701760,Mira
OGLE LMC-LPV-42901,4658286138769650944,Mira
ATO J259.5265-24.7729,4110972344497785856,Mira
OGLE BLG-LPV-228414,4065378449182161408,Mira
IRAS 18152-1744,4097191821635533056,Mira
2MASS J17470353-3423378,4041739700827894912,Mira
V* AI Ser,4406757327554382720,Mira
OGLE BLG-LPV-95169,4056605544605309312,Mira
2MASS J16154756-5853535,5834603434049846528,Mira
IRAS 15154-5947,5876671195594812288,Mira
IRAS 18318-1235,4104950662936428416,Mira
2MASS J19101682+1022298,4312344050814399232,Mira
2MASS J17381414-2312458,4116527038544426752,Mira
2MASS J18021457-1901344,4095316948171414272,Mira
IRAS 18522-0526,4254157002161834880,Mira
2MASS J18223715-1701487,4096585475397523456,Mira
IRAS 17528-1642,4144682993083045632,Mira
ATO J274.2758-03.6637,4173709515871598080,Mira
2MASS J16192539-5238269,5934620852804518144,Mira
2MASS J18395817-0338065,4258524434100213888,Mira
2MASS J17455291-2326183,4068754087312009216,Mira
2MASS J17465925-3140008,4055786103513833088,Mira
V* V347 Cas,1996679447801677696,Mira
2MASS J19123493+0506046,4293499933341780608,Mira
IRAS 17155-2713,4108183772506462976,Mira
2MASS J18133746-1600319,4145725325727255936,Mira
2MASS J18092839-3633248,4037976106781974528,Mira
IRAS 16488-3503,6025847603147152512,Mira
V* T Crv,3523036504676929664,Mira
Terz V 1772,4058528143774008960,Mira
2MASS J10574809-6137278,5241886638496695552,Mira
V* V2058 Sgr,4085077398206561024,Mira
2MASS J18174605-2749062,4052180839253912064,Mira
2MASS J09251139-5401379,5310572481369744000,Mira
2MASS J18425172-0612387,4253384286008195840,Mira
OGLE BLG-LPV-41409,4041763202913517312,Mira
V* KY Her,4505399635304706816,Mira
IRAS 12492-6506,5861550299403634816,Mira
2MASS J18164162-2915532,4049827884463875968,Mira
2MASS J14375951-6059246,5878467316535507840,Mira
2MASS J16292988-5012232,5934546670158540928,Mira
2MASS J16180760-4808281,5941746856426726400,Mira
IRAS 15002-5508,5881412732062306944,Mira
V* V656 Cyg,1977777709050004608,Mira
IRAS 17292-3003,4058536153991324288,Mira
2MASS J15545677-4946339,5982688408833575040,Mira
OGLE BLG-LPV-7639,5961926773129370752,Mira
2MASS J17145991-3929207,5972230369641240320,Mira
2MASS J17583293-1853450,4143390345316553600,Mira
2MASS J17311139-2541513,4110116099763722752,Mira
IRAS 17441-3615,4040249656310536704,Mira
IRAS 16558-4049,5966628907609632640,Mira
IRAS 17153-1746,4134567516106056960,Mira
2MASS J14440361-5823035,5879326000772420096,Mira
2MASS J17282565-2635516,4109582321297190912,Mira
2MASS J18414231-0929109,4155384642829790976,Mira
IRAS 20158-2104,6854097244060586880,Mira
2MASS J17474176-2107227,4118669406995760896,Mira
2MASS J14541171-6139419,5874788281970411904,Mira
IRAS 14131-6413,5852876046009010944,Mira
V* V2818 Sgr,4049372033840996608,Mira
2MASS J18504470-1217001,4105726192224972800,Mira
2MASS J17542887-2200158,4070362844554070272,Mira
OGLE BLG-LPV-117400,4056493944188922880,Mira
2MASS J17325556-3346162,4054405146960134912,Mira
2MASS J17252758-3138338,4057874350986653184,Mira
OGLE BLG-LPV-77751,4055741053601266816,Mira
IRAS 15085-6840,5799399545590218624,Mira
V* MT Oph,6029644427325926016,Mira
V* LT Sct,4203028852485691904,Mira
OGLE BLG-LPV-152007,4044196941789698560,Mira
V* V469 Sco,5980754913303732480,Mira
2MASS J13181214-6047180,5869445445675812352,Mira
Terz V 3933,5980331090340299136,Mira
ATO J276.4498-03.8498,4269568203740900096,Mira
IRAS 17240-3736,5974094247975645568,Mira
IRAS 17543-2910,4062530748401924480,Mira
2MASS J17224092-1947283,4122083012558011776,Mira
2MASS J18053526-2324307,4066185834265851904,Mira
OGLE BLG-LPV-82917,4039991855199656448,Mira
MACHO 162.26253.274,4052595866224183680,Mira
2MASS J12525774-5932196,6057061643082655232,Mira
OGLE BLG-LPV-123686,4040531238763417856,Mira
2MASS J16290765-4116429,6016834910653616640,Mira
ATO J276.7984-06.9908,4159984277870450816,Mira
2MASS J17535453-2407294,4067767752295766528,Mira
IRAS 17419-2439,4068100702502927872,Mira
V* V345 Ori,3121199708063692288,Mira
IRAS 20016+2930,2029419777353055104,Mira
V* V699 Sgr,4038065991853340160,Mira
IRAS 18455-0052,4260105428725767296,Mira
ATO J295.8652+24.0319,2020337845676697984,Mira
2MASS J17525284-2440131,4067638598374773888,Mira
2MASS J16092245-5632067,5835496684209172992,Mira
V* PR Car,5226363359674400256,Mira
OGLE BLG-LPV-21598,4068300225182059264,Mira
IRAS 20180+3015,1861559604882699520,Mira
2MASS J17253505-3018258,4058295429623231872,Mira
IRAS 19212+0712,4295642297399064448,Mira
IRAS 19504+3329,2035171253980546944,Mira
2MASS J17003713-4852540,5938466360417337344,Mira
FASTT 1011,4275220552507679744,Mira
IRAS 19328+2049,2018193316951575680,Mira
2MASS J20075535-2218147,6853669705837364352,Mira
2MASS J17502133-2400144,4068488795810649856,Mira
V* V677 Oph,4504023149831001344,Mira
2MASS J17351870-3643474,5962605755910845184,Mira
2MASS J16200763-4743544,5941774962680193152,Mira
V* V730 Cyg,1864275948353073536,Mira
OGLE BLG-LPV-157661,4056244595795087744,Mira
IRAS 19080+1313,4314132303445564928,Mira
2MASS J17315125-3533442,5975011824783367424,Mira
2MASS J19035975-0851131,4202896361290034432,Mira
2MASS J17333920-3421599,4053595567158120448,Mira
OGLE GD-LPV-20945,4253627106272221952,Mira
2MASS J17412846-3500534,4041367275522197248,Mira
IRAS 15057-5401,5887569142540644096,Mira
2MASS J18292763-0744299,4159699092033772288,Mira
2MASS J17511936-3008085,4056368466784767360,Mira
2MASS J17432091-2756587,4060616498651891456,Mira
2MASS J16423127-4141141,5968212238734424320,Mira
2MASS J16572390-4620231,5963898545363721216,Mira
IRAS 12095-6857,5856151525453590528,Mira
IRAS 05194+3551,183785778062315648,Mira
2MASS J18002594-1904461,4143328429065387904,Mira
2MASS J17461806-3144076,4055787026919873536,Mira
[WWV2004] J2101074+421319,2161739748271025536,Mira
2MASS J16584932-3623326,5977462082153743872,Mira
IRAS 15231-5757,5882888693293616128,Mira
2MASS J14422332-6045272,5877740535035153152,Mira
2MASS J17453010-2205035,4117075183859615104,Mira
2MASS J18023766-1946414,4095200193774698368,Mira
Mis V0245,1872526129549379584,Mira
2MASS J18560410+0633269,4282864426056869504,Mira
2MASS J18035112-1327227,4150247449564917248,Mira
2MASS J18274768-0717013,4159775611173901568,Mira
2MASS J10181401-5607288,5354916575576194048,Mira
2MASS J18070959-1808506,4095839761623686016,Mira
2MASS J17253411-3813422,5974049541644265984,Mira
2MASS J17243136-4157344,5959582034568195968,Mira
2MASS J17004119-3426268,5978278057236137984,Mira
IRAS 20560+4008,1873277031573623040,Mira
V* V994 Cas,2009515490139894144,Mira
2MASS J15283634-5327456,5888543241117092992,Mira
IRAS 18159-2141,4090664948874248064,Mira
2MASS J15502954-5704292,5835925974795879680,Mira
2MASS J13563887-6740028,5850431655490290944,Mira
2MASS J18105354-2423102,4066194076278289792,Mira
OGLE BLG-LPV-144475,4056254972196825344,Mira
2MASS J18045679-1405191,4147136651979012992,Mira
2MASS J17453889-2646499,4060835984313916544,Mira
V* V550 Nor,5933969770219893248,Mira
2MASS J15493612-5032348,5982377075243253888,Mira
IRAS 18053-2340,4066477651534575488,Mira
V* V2709 Sgr,4048904633914242816,Mira
2MASS J18424981-0911590,4155397012336870656,Mira
IRAS 07428-3220,5594994630255827840,Mira
ATO J283.6260-00.7335,4265407480043796096,Mira
V* V2381 Sgr,6733600390399730560,Mira
2MASS J18033627-1206414,4150965087072330624,Mira
V* V726 Aql,4296624470489400320,Mira
2MASS J15422079-5646003,5882728680016185600,Mira
2MASS J17312707-2741490,4061244830841334144,Mira
V* W Vel,5355341021422598272,Mira
2MASS J16575895-3243006,6026802769510893824,Mira
2MASS J18135758-1955373,4094621885008621440,Mira
IRAS 18420-0457,4253647202357275392,Mira
2MASS J17392115-2631299,4061735968943968640,Mira
2MASS J17411363-2352350,4068394100288429568,Mira
2MASS J16355914-4924510,5940502071833931520,Mira
2MASS J16381244-4855406,5940846012775466240,Mira
2MASS J17452649-2119455,4117326353522997504,Mira
IRAS 18387+3914,2098015284135991552,Mira
2MASS J18451735-0617548,4253206130786797824,Mira
2MASS J17513300-3029241,4056342593894537088,Mira
IRAS 16489-4803,5939321127605144960,Mira
2MASS J17152521-3029318,5980749007848198016,Mira
V* V652 Mon,2998265683785031552,Mira
IRAS 03199+0021,3267396164274053760,Mira
2MASS J17471098-2612173,4067068329848189824,Mira
2MASS J13263150-6245019,5868236841893760896,Mira
2MASS J17352304-3850401,5961833628201785728,Mira
2MASS J18343515+0242510,4282935825611337088,Mira
2MASS J18331704-1013509,4155074614841302656,Mira
2MASS J18224893-1148154,4154012074309687552,Mira
ATO J282.5203-07.0386,4252388815694073216,Mira
2MASS J17175862-2813562,4107556093172084480,Mira
2MASS J17391553-3749201,5962266732717009408,Mira
2MASS J16482363-3055015,6030919826413808768,Mira
2MASS J17211151-2944457,4059301482700300544,Mira
IRAS 14108-6706,5847836365702552448,Mira
IRAS 01065+6530,525175101881020288,Mira
2MASS J18473524+1235565,4505334832836290432,Mira
[MM63] 6-32,4048207818393354880,Mira
V* V1306 Cen,5866011533428407168,Mira
IRAS 11533-5835,5341469033001194624,Mira
2MASS J18333588-1822265,4093346107970169088,Mira
IRAS 16156-4327,5992350294209520640,Mira
IRAS 18106-2131,4090814104508560256,Mira
OGLE BLG-LPV-60276,4057243987213861888,Mira
2MASS J18134106-1538421,4145787723010296064,Mira
V* TT Mon,3055512615681140736,Mira
2MASS J17494188-2546276,4066993666041593728,Mira
2MASS J17482331-3738050,4039854214453638784,Mira
IRAS 17208-2614,4109829986315551872,Mira
2MASS J17433675-3540008,4041088897344858752,Mira
2MASS J16435218-4222474,5967759927110507648,Mira
IRAS 18585+0745,4307076221859366784,Mira
Terz V 2510,4060357082668876288,Mira
V* V659 CrA,6733264386527189120,Mira
Terz V 2032,4041836118540132992,Mira
[T66b] 305,4058685751913592064,Mira
V* V476 Cas,509482768851579776,Mira
ATO J267.8164-15.8097,4147988880948148096,Mira
IRAS 17475-2418,4067722882818792064,Mira
V* V416 And,376816623550472960,Mira
IRAS 16291-5000,5940376590064217344,Mira
2MASS J18080648-2433381,4065848765231336832,Mira
V* OV Sge,4515497206504509696,Mira
IRAS 16142-4447,5990773805010729216,Mira
M33SSS J013412.39+304609.9,303386564123029504,Mira
2MASS J17084968-3750156,5973407637334608768,Mira
V* V409 Sct,4104366341197354624,Mira
2MASS J17560280-2757514,4063422383591595008,Mira
2MASS J17555155-2810023,4063409739198152320,Mira
ATO J283.7746-22.2521,4078749128993480832,Mira
2MASS J17293429-3730516,5974179902492886656,Mira
IRAS 18502-0223,4258943519826488064,Mira
IRAS 17438-3720,4040050649009691264,Mira
2MASS J16395514-5011577,5937393546289816576,Mira
ATO J265.4157-24.6328,4068213501177680768,Mira
2MASS J18461388+0236497,4279368941155160832,Mira
2MASS J19073522-1011475,4199524571428863488,Mira
IRAS 15470-4226,5995501498858899968,Mira
IRAS 20054+3751,2061618563067290240,Mira
2MASS J18090031-2235040,4066705594067891584,Mira
IRAS 18323+0801,4478946755611990784,Mira
2MASS J17361863-3037401,4055448072417977984,Mira
IRAS 15020-6023,5876394599726385024,Mira
V* YZ CrA,6730435927211709312,Mira
2MASS J17560569-2700429,4063641117715368064,Mira
2MASS J14553635-6206026,5874694376793569280,Mira
2MASS J17292043-2641300,4061541703337097600,Mira
2MASS J17092976-2700456,4108838604773479680,Mira
2MASS J17071006-3256544,5979988931659591808,Mira
OGLE BLG-LPV-80518,4043401445102980608,Mira
IRAS 17591-1439,4146997052692547584,Mira
2MASS J17350274-3028270,4058451010552808064,Mira
2MASS J17354810-2840323,4060331725186580480,Mira
ATO J291.2118+06.1823,4295318113261756800,Mira
IRAS 18364-1738,4099460182903108352,Mira
2MASS J18394909-0103007,4272230224475452672,Mira
V* EF Oph,6033672213273834368,Mira
2MASS J18415217-0548506,4253480007873295872,Mira
2MASS J17324343-2516371,4110153998576169728,Mira
V* V1236 Cyg,1965138960328889856,Mira
2MASS J18323372+1307540,4508424082543567488,Mira
SHV 0552187-710517,4656936836107109376,Mira
2MASS J19022566+0730525,4307005097200804992,Mira
2MASS J18064006-3540420,4038835516972490112,Mira
Mis V0027,4056067711653208832,Mira
2MASS J17384422-1601117,4124851823391444096,Mira
IRAS 23280+7107,2227305001017487872,Mira
[WMF2013] 20540,4182453347712888704,Mira
IRAS 18139-1321,4146687608855831296,Mira
2MASS J16441828-4434425,5943323689215837568,Mira
V* V648 Oph,4479008465703788928,Mira
2MASS J17153572-4238073,5953708752657861376,Mira
2MASS J14354872-6119181,5878367634617835136,Mira
2MASS J22324423+6156443,2202028431293956224,Mira
2MASS J18583917-0215309,4261923058926980736,Mira
2MASS J19121685+1340215,4320104124687360896,Mira
V* V357 Lup,6005097276111148800,Mira
ATO J273.4561-10.3168,4157101358370436224,Mira
2MASS J16583703-3607035,5977518539543268224,Mira
IRAS 13401-6129,5865815373646600960,Mira
2MASS J17570065-2109331,4070980387837165312,Mira
2MASS J17551068-1339217,4148915013308546432,Mira
2MASS J16524083-3501466,6025850253180253184,Mira
ATO J263.1179-24.3237,4110530650086323968,Mira
2MASS J17450375-2819388,4057589886693251072,Mira
IRAS 16312-4340,5944306175903055872,Mira
2MASS J17041505-4941092,5938193303575906816,Mira
2MASS J17211501-3317367,5979206079385184896,Mira
2MASS J16500342-4223409,5967897194290667008,Mira
2MASS J17451999-2730223,4060724731825845760,Mira
2MASS J17323110-3805492,5962091601114740352,Mira
OGLE BLG-LPV-45437,4068869497301335936,Mira
2MASS J17233647-2729148,4108016234424028544,Mira
2MASS J14511876-6108208,5877819601136834048,Mira
2MASS J18394006-1040556,4155136187546580992,Mira
2MASS J12032346-6344012,6054272521345601792,Mira
OGLE BLG-LPV-205431,4062942962163235072,Mira
ATO J287.0111-01.7462,4262154570493198720,Mira
2MASS J17553401-2228241,4070195959318827136,Mira
2MASS J14174615-6601524,5852440673745057408,Mira
IRAS 17477-1836,4120390245761740288,Mira
2MASS J15062462-6207157,5874564428248342016,Mira
2MASS J17484697-2122218,4118647412355495680,Mira
2MASS J16505982-3931118,5970022412855704832,Mira
IRAS 14524-5409,5893698816766831232,Mira
IRAS 18366-1026,4155161854209913472,Mira
2MASS J18213348-1710121,4096577396482808448,Mira
2MASS J17392326-2831363,4060223144023927680,Mira
IRAS 18071-2316,4066519501697899904,Mira
2MASS J17480345-2427549,4068069847495860608,Mira
OGLE BLG-LPV-74503,4056448520658792448,Mira
2MASS J17530102-3613372,4040392253555762432,Mira
IRAS 15512-5640,5836034723379444480,Mira
2MASS J17440272-3509486,4041317698744072320,Mira
IRAS 17465-2303,4068871150919628288,Mira
2MASS J16520172-4940544,5937623928347822464,Mira
V* V473 CrA,6725335185384764544,Mira
IRAS 16062-5307,5933221582527235968,Mira
2MASS J09292744-5817530,5305660584964715776,Mira
2MASS J18384421-0231250,4259417168859214976,Mira
2MASS J19004510-0154137,4262027890500387200,Mira
2MASS J17573140-1943047,4119260909828699264,Mira
2MASS J17543434-2832002,4063373730168380032,Mira
2MASS J17341471-3032315,4058451732002936320,Mira
2MASS J18103232-2432159,4065817527908907392,Mira
OGLE BLG-LPV-135283,4056229614716799488,Mira
V* V3368 Sgr,4044905675735582208,Mira
IRAS 16434-4714,5939626585690030720,Mira
[WWV2004] J1620518+045135,4436977473365396480,Mira
IRAS 17190-1453,4137748815541074688,Mira
2MASS J16334553-4416506,5944269067393184896,Mira
2MASS J17283631-2447312,4110411176903836800,Mira
OGLE BLG-LPV-114728,4056083104795495808,Mira
IRAS 16018-4825,5983573653108641408,Mira
V* V1132 Aql,4289629682453120128,Mira
2MASS J17565405-2338496,4069304427202650496,Mira
Mis V0781,4062256179715876480,Mira
IRAS 08399-5019,5322037707558521856,Mira
2MASS J19031582+0936106,4310745292187052800,Mira
2MASS J17120548-3548089,5977013760564935936,Mira
2MASS J17173958-3313312,5979381077865029120,Mira
2MASS J18002142-2612305,4064056630023574656,Mira
ATO J262.4069-21.4334,4117927683294129408,Mira
2MASS J18545671-0059518,4265258736658378240,Mira
Terz V  106,4059302547945395328,Mira
2MASS J18094208-2223530,4066714699398403712,Mira
2MASS J18510449-0830562,4203541735929461504,Mira
2MASS J16301797-5008459,5940548801055136896,Mira
2MASS J18123220-2537157,4064932562837022976,Mira
2MASS J17451813-2500530,4068036381107610880,Mira
IRAS 18454-0107,4260091169434138752,Mira
2MASS J18145739-1424275,4146467908392593920,Mira
V* V2152 Oph,4107381167749933056,Mira
V* BD Sct,4101082370496053120,Mira
2MASS J17463632-3138413,4055789608206885888,Mira
2MASS J18514270-0741051,4252027007646863744,Mira
2MASS J15202467-5640195,5883341966968358784,Mira
MACHO 158.27061.118,4065236783953789824,Mira
2MASS J17480098-3204586,4055575753212950016,Mira
V* V661 Oph,4479461915490631808,Mira
OGLE LMC-LPV-64158,4658467455056584192,Mira
2MASS J17400778-2904032,4060143601225202304,Mira
IRAS 17467-2218,4068979796448827776,Mira
2MASS J17482794-3227466,4055511706655943680,Mira
2MASS J17191788-3359082,5978737653065232128,Mira
2MASS J19413904+3035580,2032866505823501184,Mira
2MASS J18531456-0033567,4266081996016954880,Mira
2MASS J17550104-1912087,4119537746261295360,Mira
V* SU Mus,5843937806697299456,Mira
2MASS J17390651-2657356,4060968170617835904,Mira
V* V2439 Oph,4059844607181685632,Mira
IRAS 17533-3349,4042389104167525760,Mira
IRAS 19326+1908,1825215213688383872,Mira
V* V1190 Aql,4205923316792388480,Mira
2MASS J17403952-3239185,4054192258374679424,Mira
V* V652 Sgr,4039279754025171840,Mira
Mis V0869,4062702581455219072,Mira
OGLE BLG-LPV-56147,4057220004137092224,Mira
2MASS J18423579-0539113,4253488911395547520,Mira
IRAS 16238-4953,5934610338750452224,Mira
2MASS J17591092-1540037,4145332941842759552,Mira
2MASS J14212333-5428574,5896100631181307008,Mira
2MASS J14302128-5837051,5890962888232402432,Mira
IRAS 18112-2307,4066438000410525440,Mira
2MASS J15082518-5920121,5876619724682274944,Mira
IRAS 18354-0724,4252841676950429696,Mira
2MASS J18400462-0932188,4155369318385475584,Mira
2MASS J17113417-4040075,5972074032809728768,Mira
2MASS J18380178-0340081,4257773845629697280,Mira
ATO J273.9207-22.2086,4090714353838806784,Mira
IRAS 15560-5159,5981060959806406400,Mira
V* V1194 Sco,6042265308915886848,Mira
2MASS J18561875-0333156,4255761047821089664,Mira
IRAS 18089-2312,4066424698847005568,Mira
2MASS J15412144-5330575,5885736565850364032,Mira
2MASS J17491838-3548034,4040662389808508928,Mira
IRAS 17312-2646,4061398457587251712,Mira
2MASS J18355921-0024520,4272526439770803072,Mira
2MASS J19182576+0559362,4293948637180445824,Mira
2MASS J05115987-7136248,4651571459881189760,Mira
2MASS J17523412-3102403,4055750025841843968,Mira
IRAS 18036-1821,4095818497244579456,Mira
2MASS J10211845-5849079,5255525775311878656,Mira
2MASS J17094677-2453274,4112470257300833024,Mira
IRAS 18509-0947,4203155395029485952,Mira
IRAS 05352+4835,210957940199521920,Mira
2MASS J15130893-5607134,5886526049544643456,Mira
OGLE BLG-LPV-226119,4064537180980022016,Mira
2MASS J18460750+0132119,4278854747675068928,Mira
IRAS 16245-4614,5942178036801529600,Mira
2MASS J17112983-4313137,5965225106147093632,Mira
2MASS J18062380-3027164,4049976765180411648,Mira
ATO J277.0541-19.1043,4093095002667301888,Mira
2MASS J17023655-4416018,5963829791563329024,Mira
V* V2429 Oph,4059431396961245312,Mira
Terz V 1424,4108037129498731776,Mira
2MASS J18415052-0132540,4260143602408753792,Mira
V* X Sco,6243719169381526144,Mira
IRAS 18450+0953,4311479692914085248,Mira
2MASS J18025624-2553412,4064182180522726144,Mira
IRAS 17583-2605,4064153455778869504,Mira
ATO J332.1792-16.1218,6826963423092537984,Mira
2MASS J19005154+0022084,4265919646217751424,Mira
2MASS J17223603-4021246,5960312934897797120,Mira
2MASS J18554088-0057339,4265349686953675392,Mira
IRAS 18325-2759,4048644466326211200,Mira
IRAS 15043-5538,5886580166149831424,Mira
2MASS J18462031-0930159,4203363924281903104,Mira
IRAS 16255-4215,5944713922895614720,Mira
IRAS 17005-3221,6028094528286265600,Mira
IRAS 19210+1053,4309588193619845760,Mira
IRAS 18274-1359,4104372182314919040,Mira
2MASS J17444121-3544271,4041073538497949184,Mira
2MASS J17465725-3110327,4055840868637769728,Mira
OGLE BLG-LPV-181821,4043884955306602496,Mira
2MASS J19011225+0622321,4306593020858693248,Mira
IRAS 19577+0450,4248284716652310272,Mira
2MASS J18484855-0634392,4252474641927963392,Mira
2MASS J18220121-2511456,4053185449336782848,Mira
IRAS 18248-0102,4272807846036653440,Mira
IRAS 18278-1814,4093572710422837888,Mira
2MASS J17103191-4612007,5963340302681016960,Mira
2MASS J15564569-5444107,5884677083334685184,Mira
2MASS J11195502-5557506,5346099626199460992,Mira
V* V674 Ori,3388440372879637888,Mira
2MASS J17395920-2847028,4060168275865355904,Mira
2MASS J18110325-1235333,4147781176251851648,Mira
IRAS 17595-3224,4042957139313157504,Mira
IRAS 18238-1733,4096684049109475072,Mira
2MASS J19273052+2425496,2022848924100206336,Mira
2MASS J17434417-2602359,4067121140717150592,Mira
V* X Cep,2298968076538029568,Mira
IRAS 11165-6316,5240681406270322048,Mira
ATO J302.2890+14.1533,1806632367642518144,Mira
2MASS J18335754-2752554,4048701464752744960,Mira
2MASS J18200785-1654287,4097349567186028416,Mira
ATO J313.4697+40.7886,2065495303601038592,Mira
IRAS 14588-5720,5880368200330911616,Mira
OGLE BLG-LPV-8619,5961932068803505792,Mira
2MASS J18115772-2323433,4066417865627505280,Mira
IRAS 11310-6118,5334216791737131392,Mira
2MASS J18221771-2035238,4091384574864014336,Mira
ATO J285.7155-00.2036,4265687374438043904,Mira
OGLE BLG-LPV-27966,4053867112210410240,Mira
IRAS 17501-3206,4043612581373246336,Mira
2MASS J18012716-3416452,4042200224295900288,Mira
IRAS 18006-2852,4062427183817692672,Mira
2MASS J17380437-1315316,4161559736271664896,Mira
IRAS 21185+4652,2164579099613467520,Mira
2MASS J15292113-5809153,5882217132251734656,Mira
IRAS 18449-0526,4253556153432934016,Mira
2MASS J16504979-4739530,5939393179982568064,Mira
2MASS J14111547-6407389,5853615673739505152,Mira
2MASS J18061090-1653426,4144111040814830208,Mira
IRAS 10214-5328,5355804431227940480,Mira
2MASS J17364381-3902356,5961066134737830400,Mira
2MASS J17444975-2034296,4118923634671665536,Mira
OGLE BLG-LPV-49074,4055947456880650880,Mira
Terz V 1941,4053431980489519616,Mira
V* V502 Cen,6116275631300821888,Mira
2MASS J17385729-2906074,4060063444273251200,Mira
V* V633 Sgr,4039257317062180736,Mira
2MASS J17484472-2636420,4066785617848516224,Mira
IRAS 19012-0219,4261771532477997056,Mira
2MASS J15114681-6211096,5875299486115507200,Mira
IRAS 19465+3157,2034550751467171840,Mira
V* V1160 Aql,4242113295324505856,Mira
IRAS 19559+2535,1834647026253828608,Mira
2MASS J17345206-3404273,4053629995601016448,Mira
V* FX Sgr,4037918146279216512,Mira
IRAS 17341-3557,5962757522868155392,Mira
2MASS J18385015-1307184,4106162457815174400,Mira
IRAS 17347-2254,4116739244277874432,Mira
2MASS J13502563-6128326,5865649003818339712,Mira
2MASS J18004266-1618356,4145059988134610688,Mira
2MASS J18141470-1452590,4146415063115307520,Mira
IRAS 16025-5106,5981542026193429760,Mira
2MASS J17332138-3853170,5961854690694720128,Mira
IRAS 16465-5206,5936160959434130176,Mira
2MASS J17251563-3824459,5974043872287303424,Mira
2MASS J19524161+1943308,1826217246740177024,Mira
ATO J275.3608-03.9556,4269539994401734912,Mira
2MASS J18185622-2034583,4091338464098501504,Mira
IRAS 17355-2345,4116356962251668352,Mira
V* V1770 Oph,4114965461491627136,Mira
2MASS J19061408-0022267,4262620527257653120,Mira
V* V4180 Sgr,4052024605539144448,Mira
IRAS 13414-6807,5850300852299322112,Mira
OGLE BLG-LPV-193785,4062440897692932992,Mira
2MASS J18032265-2623436,4064085595288503808,Mira
V* V419 Cyg,2072402160794954240,Mira
2MASS J19124265+1430164,4320407525532297216,Mira
IRAS 14036-6247,5853956213077170688,Mira
2MASS J17010890-4624172,5963155752231992960,Mira
2MASS J17532521-2235218,4070215338274332544,Mira
V* FM Nor,5928313878018453120,Mira
IRAS 18484-1214,4105728876629563776,Mira
2MASS J17084105-3347015,5979679109897465216,Mira
2MASS J18142175-1332048,4147407960774455680,Mira
2MASS J17160480-3303214,5979447701402206080,Mira
2MASS J17133162-4152237,5965776511252549248,Mira
IRAS 18587-0309,4261563965292191104,Mira
2MASS J18522685+0315133,4280975155842905728,Mira
2MASS J13174057-6429238,5859058428106155520,Mira
2MASS J17330764-3607225,5974657571580823040,Mira
V* V970 Sgr,6763739790817785984,Mira
2MASS J18455231-0549308,4253330306895352704,Mira
2MASS J17545741-3129457,4044040089581762560,Mira
2MASS J18271789-1007346,4155783628055673984,Mira
2MASS J17400329-2623401,4061830943631304704,Mira
2MASS J17185199-2649421,4108342896824143488,Mira
IRAS 19241+1218,4315846476391315072,Mira
IRAS 13554-5901,5867613762397813504,Mira
2MASS J14065653-6828187,5847464043570656896,Mira
V* BV Sgr,4101592238981557760,Mira
IRAS 17139-2937,4059275884813992192,Mira
2MASS J17323585-2238373,4117475440406741248,Mira
2MASS J12524462-6252015,5863016017063793792,Mira
OGLE BLG-LPV-220208,4050014212919966720,Mira
2MASS J17401873-3423370,4053413387476201216,Mira
2MASS J18145562-4349239,6721187552643930752,Mira
2MASS J15515362-4429262,5988592511397006464,Mira
OGLE BLG-LPV-206961,4042544650656462080,Mira
ATO J265.5431-16.9944,4123938434122905088,Mira
2MASS J18474087-0805428,4251664714170647680,Mira
[T66b]  67,4058523784421625088,Mira
IRAS 19116+0737,4306479942978936448,Mira
2MASS J14135971-6505355,5852750736000227328,Mira
ATO J275.0863-06.6005,4160853196984208000,Mira
V* V2807 Sgr,4038385816674805888,Mira
2MASS J17455348-3302189,4053971458343858304,Mira
2MASS J15010730-5759344,5879932999882142720,Mira
2MASS J18222545-2705483,4052681903001884800,Mira
2MASS J18014712-1634112,4144287271972439168,Mira
2MASS J17444180-2713400,4060796058307439872,Mira
2MASS J09385259-5321128,5309105732845355776,Mira
IRAS 17084-3539,5977062134781258752,Mira
2MASS J17073051-3658004,5976484758076536576,Mira
IRAS 19128+2249,2022416747281232768,Mira
2MASS J18470774-0025061,4266333921564065152,Mira
IRAS 17279-2844,4059616905223217280,Mira
2MASS J17221525-4117577,5959846398373176320,Mira
IRAS 17078-3036,6028680980276297344,Mira
V* V697 Aql,4296751876403715456,Mira
IRAS 15380-5700,5882507884387006208,Mira
2MASS J18150072-1439173,4146447842305035008,Mira
2MASS J17351323-3626375,5962718180970050560,Mira
ATO J295.9140+00.0644,4238818127695402496,Mira
2MASS J16424263-4256403,5967716285947725824,Mira
2MASS J16222401-5223242,5933894419322746496,Mira
IRAS 18461-0332,4258354555228240256,Mira
IRAS 11377-5716,5342569060009755264,Mira
IRAS 17455-1654,4123797116814686976,Mira
V* V656 Sco,5957953000649779072,Mira
2MASS J14311714-6252182,5853443119116681472,Mira
V* KK Ser,4153489561446703232,Mira
IRAS 18547+1237,4505911045666698368,Mira
2MASS J18055276-1918243,4095323717017307392,Mira
V* BS Her,4531536877807994112,Mira
V* GN Ori,3369643736272577024,Mira
2MASS J16355970-4833010,5940939638765364992,Mira
Terz V 3063,4060652056633508224,Mira
2MASS J17290132-3025357,4058595561972025344,Mira
V* V519 Cen,6103308545217760128,Mira
2MASS J17434410-2654460,4060995898837461248,Mira
2MASS J17363387-3232384,4054947481072424064,Mira
2MASS J17134347-5110506,5925838847294319872,Mira
2MASS J17534289-2516043,4067399209745251712,Mira
V* V991 Ara,5925234626985766400,Mira
2MASS J19262739+0535450,4294481831588306816,Mira
V* DX UMa,853709073173853952,Mira
2MASS J08410431-4058046,5525307823798436352,Mira
2MASS J13064582-6912252,5844971828669185408,Mira
IRAS 03157+6110,463369075079446272,Mira
2MASS J17235409-3242122,5979292979451375488,Mira
CRTS J194753.8-302303,6751575653152871808,Mira
2MASS J16391402-4740110,5941073680429151488,Mira
IRAS 11214-6057,5334465723714308352,Mira
2MASS J16362710-5116038,5934243617313802496,Mira
2MASS J14374689-5700463,5891728663729973632,Mira
2MASS J17263001-2610505,4109667391651027328,Mira
2MASS J16512415-3040068,6028012648954288128,Mira
IRAS 16429-4142,5968161386318232576,Mira
2MASS J16041186-5317331,5932892901638082176,Mira
2MASS J11341842-6553275,5237153210905919744,Mira
IRAS 09525-5945,5257405351762606208,Mira
2MASS J17352999-2523066,4062194705813692416,Mira
2MASS J17540026-2751136,4063482719335947392,Mira
Terz V  610,4060519363703063808,Mira
IRAS 18459-1552,4100158613273958656,Mira
V* V476 Nor,5932224123743068928,Mira
IRAS 14344-5910,5879175711270592896,Mira
IRAS 14026-6749,5847673122580974592,Mira
ATO J286.7057+15.1942,4512694276517760896,Mira
2MASS J16405255-5058587,5937266724545218944,Mira
2MASS J17193003-3231348,5979441894604697088,Mira
Terz V 1278,4110712103882907648,Mira
2MASS J17504994-3913068,4036650340617312512,Mira
2MASS J10154633-5514394,5355281716523751040,Mira
2MASS J16023486-5706272,5835749640607209728,Mira
2MASS J17441883-1605139,4124100375918179328,Mira
OGLE BLG-LPV-23164,4041399268832252416,Mira
IRAS 18338-2742,4072674808261009664,Mira
IRAS 19540+2955,2030338900382019584,Mira
2MASS J16391427-4514239,5943375095704600448,Mira
OGLE LMC-LPV-144,4656065679276741888,Mira
2MASS J17054293-3544363,5977201914549921408,Mira
2MASS J18450978-0537480,4253536052996986240,Mira
IRAS 10403-7612,5204483765473269888,Mira
2MASS J16545312-4121564,5966552349808874240,Mira
2MASS J17422611-3445360,4041400127829120256,Mira
2MASS J18060758-2402155,4066101064469063680,Mira
OGLE BLG-LPV-195147,4062905063419535872,Mira
IRAS 18341-2734,4072677655860438016,Mira
V* AQ Vir,6330543719972977536,Mira
IRAS 17000-4225,5965535271506098304,Mira
IRAS 18126-2101,4093948571594965888,Mira
V* V2426 Oph,4059416416139489024,Mira
V* DZ Com,3935828835152979200,Mira
2MASS J14414775-6054062,5877732774085985664,Mira
2MASS J17210038-3240266,5979515974207467648,Mira
2MASS J18011791-3139471,4043881862979775616,Mira
2MASS J17153491-3509187,5978557676759934080,Mira
2MASS J17454971-2719174,4060733734062274688,Mira
2MASS J15545861-5007140,5982586841444555520,Mira
OGLE BLG-LPV-94146,4056159525230285824,Mira
2MASS J16311076-4416532,5944092595804062720,Mira
2MASS J14005347-6418461,5852329382569810304,Mira
2MASS J17462120-3152204,4055776998182863104,Mira
ATO J289.0190+08.5800,4308086844873732608,Mira
2MASS J18091516-1703209,4144068743974801920,Mira
2MASS J17493160-2057298,4118664596630496640,Mira
2MASS J17383799-2505512,4062173785066005376,Mira
2MASS J19083599+0950223,4312207676978395648,Mira
2MASS J18273706-1650117,4097013765160613888,Mira
2MASS J18504289-0323580,4258723136444015360,Mira
2MASS J18455787+0155311,4278909070421965312,Mira
2MASS J16453512-4807412,5939486569755856384,Mira
2MASS J18115668-2956509,4049675464661773312,Mira
2MASS J17170505-3210059,5980262989253815808,Mira
IRAS 18094-2532,4064957404938214656,Mira
2MASS J18034140-2439251,4065962118005503872,Mira
MSX6C G357.6893-03.2605,4043453397047900800,Mira
2MASS J18324581-0407324,4257676160873121280,Mira
2MASS J17191658-3446030,5975673421530217600,Mira
IRAS 15037-6122,5876094467418934912,Mira
V* EP Sgr,4186455776205465600,Mira
2MASS J17561194-2315120,4069369401446884352,Mira
IRAS 18246-0413,4257531059674472064,Mira
2MASS J13164524-5853311,6062174440879742464,Mira
V* YY Sct,4107119587086207104,Mira
2MASS J16484878-4804302,5939451552849429504,Mira
IRAS 09267-5255,5312122724038750976,Mira
V* V964 Sgr,6761294717495283840,Mira
2MASS J17550295-2813390,4063388642378711168,Mira
OGLE LMC-LPV-64345,4658573802759389568,Mira
2MASS J13584671-6710278,5850830026637618816,Mira
V* V1879 Sgr,4045342254941048192,Mira
V* ET Aql,4229871985684476928,Mira
IRAS 17442-2331,4068757695086923648,Mira
2MASS J18510716-0511301,4254885325547620608,Mira
2MASS J17410739-2738292,4060851656748918912,Mira
2MASS J17385765-3015153,4056970105741737472,Mira
IRAS 18274-2657,4051818584622997632,Mira
2MASS J17331804-2540336,4062070426642058112,Mira
2MASS J19583158+1734004,1820497037483155200,Mira
2MASS J13564254-6435013,5852307289255872896,Mira
2MASS J18003001-2501202,4064473791584396288,Mira
2MASS J17380668-3341242,4053691224614855424,Mira
2MASS J18163937-1938473,4094471973479849088,Mira
IRAS 06217+1246,3332153108481238144,Mira
2MASS J17071990-4508223,5963558109094382464,Mira
2MASS J18281380-2112069,4090362961123332480,Mira
IRAS 18468+0422,4281902490822391296,Mira
ATO J264.0858-22.1975,4117595317161950720,Mira
OGLE BLG-LPV-225626,4064960669113784320,Mira
2MASS J17475170-2657071,4066773110903482752,Mira
IRAS 19102+0220,4268053317289086336,Mira
2MASS J14205661-5952233,5866777171456963840,Mira
2MASS J14161867-6006470,5866934092384338816,Mira
IRAS 19471+1021,4303491298549708032,Mira
2MASS J17584052-1810087,4143654949695556992,Mira
ATO J264.5827-22.0524,4117225812537044224,Mira
MACHO 302.45090.42,4104079540529981696,Mira
2MASS J18340197-1948366,4092061706606909440,Mira
2MASS J18432630-0546211,4253437681048005376,Mira
IRAS 19111+1140,4312880200164073088,Mira
2MASS J18564305+0020326,4266612780906853632,Mira
2MASS J15585170-5458388,5836622755891038976,Mira
2MASS J17425164-2800310,4060639519678969088,Mira
2MASS J17401665-2638288,4060980089070631040,Mira
2MASS J11233011-7041371,5228367906815555456,Mira
V* NV Nor,5928941840951421568,Mira
2MASS J16564056-4100295,5966656700333973632,Mira
2MASS J14523971-5502022,5893629203949614336,Mira
ATO J284.3300-21.0650,4084882303615401472,Mira
IRAS 18070-1504,4146082636991291648,Mira
IRAS 18228-2743,4051842361575152896,Mira
IRAS 16597-4810,5938788444265216384,Mira
2MASS J15193207-5512583,5886484680437601152,Mira
2MASS J17345425-3324258,4054507302764512256,Mira
2MASS J16293999-4941160,5940611679379750784,Mira
2MASS J17375898-3332225,4053719674501408256,Mira
2MASS J15520000-5106194,5982155042597376128,Mira
IRAS 17298-2035,4118361818559409920,Mira
2MASS J17410530-2753267,4060653018708243200,Mira
2MASS J17274280-3035144,4058228737365144448,Mira
IRAS 17072-3507,5977299045185472896,Mira
ATO J283.9796-05.3142,4254155593412236032,Mira
2MASS J16504019-5044282,5937472848599373952,Mira
OGLE BLG-LPV-103851,4043433880709101184,Mira
2MASS J17023797-5023056,5938056792332785536,Mira
IRAS 12320-5919,6058374941002765568,Mira
OGLE BLG-LPV-196840,4062911557351908224,Mira
ATO J318.9313+42.0284,1968982749899991680,Mira
2MASS J17204747-2640076,4108302073081727616,Mira
ASAS J182834-3835.6,6726925663314609024,Mira
IRAS 18018-2931,4050310187987856640,Mira
2MASS J20083088+2849331,2029077142035892736,Mira
2MASS J19524217+2718190,2027558166729468800,Mira
OGLE LMC-LPV-23014,4652057375313015040,Mira
2MASS J18311709-1358038,4104182099945536896,Mira
IRAS 18541+0616,4282809583617410432,Mira
OGLE LMC-LPV-89902,5279364733568967296,Mira
V* T Tel,6704734258787570304,Mira
2MASS J18162840-1515064,4146158464592815744,Mira
2MASS J17223706-3445345,5975637584328202624,Mira
2MASS J17345707-3336003,4053660369612406784,Mira
IRAS 15479-4745,5987539862138518784,Mira
IRAS 17567-2925,4062280231542987008,Mira
IRAS 12045-6059,6058512860993865984,Mira
V* AY Tel,6652737460555234688,Mira
2MASS J14433850-6157520,5877422986715425408,Mira
2MASS J19400214+1633105,4318915316446287488,Mira
2MASS J17194390-3503349,5975653389807408896,Mira
V* V484 Cep,2216997143930133248,Mira
2MASS J18174741-2950092,4049542213212040448,Mira
V* V561 Sgr,4039015802549116672,Mira
2MASS J17453960-2653091,4060825989946673152,Mira
V* R Tuc,6485332417175929088,Mira
IRAS 15091-5255,5888211051159245952,Mira
IRAS 17521-2834,4062620496012240000,Mira
IRAS 16595-3820,5976295538952716160,Mira
V* V454 Nor,5994901268586752896,Mira
2MASS J17360461-2833529,4060338597135480448,Mira
IRAS 11314-6219,5334037846203632256,Mira
OGLE BLG-LPV-19997,4068421897380997760,Mira
2MASS J16085531-5513245,5932400801504691456,Mira
2MASS J17552865-2253515,4070167780024645248,Mira
2MASS J17450420-3209243,4054270358020767744,Mira
2MASS J18321386-0618390,4256007029189724416,Mira
2MASS J17142734-4128332,5971791767548674816,Mira
2MASS J18235659-3246145,4045173681693287424,Mira
IRAS 17460-0726,4165820932249359232,Mira
2MASS J12024606-6412511,6054048568886012288,Mira
IRAS 17593-1212,4150937736718838272,Mira
2MASS J18203770-1953267,4094485133225105920,Mira
IRAS 15169-5923,5876686004642910592,Mira
IRAS 19007+0741,4307044920137892992,Mira
2MASS J12302060-6137469,6054956628075859200,Mira
2MASS J18041840-2539242,4064146412031190784,Mira
2MASS J17573618-3032078,4056197801928123776,Mira
IRAS 13184-6146,5868525532397271040,Mira
OGLE BLG-LPV-143746,4062583078309510784,Mira
2MASS J15581358-5433160,5884696840185326080,Mira
IRAS 12062-6752,5859314923494134272,Mira
ATO J103.2739-16.0558,2947907638917959808,Mira
IRAS 19137+1049,4309770746904925184,Mira
2MASS J18041052-0538594,4173781636951738496,Mira
2MASS J16471859-4117333,5968271543666352640,Mira
2MASS J17301277-2752328,4061219099830045440,Mira
V* KM Mon,3157727236686386304,Mira
IRAS 18250-0201,4270422799154024064,Mira
2MASS J18463591-0932276,4203363138391764480,Mira
IRAS 17219-2823,4059779083149904384,Mira
2MASS J17134548-3558114,5977016234494058752,Mira
OGLE BLG-LPV-72097,4057326278774957568,Mira
2MASS J18210390-1746345,4096518405183719296,Mira
2MASS J12525907-5946034,6056867991602288256,Mira
2MASS J18151699-2033465,4093979804598610176,Mira
2MASS J17415908-3204418,4054309734282340096,Mira
2MASS J17171057-3326525,5979001746355842688,Mira
2MASS J18161910-2151416,4090822380870181760,Mira
IRAS 16584-3350,5978363273759275008,Mira
2MASS J18032146-1504174,4146782716649626880,Mira
2MASS J17421688-3303039,4053933873168371072,Mira
2MASS J08252722-3927339,5528112059492601344,Mira
IRAS 19224+1031,4308812518220819072,Mira
IRAS 18015-2518,4065708577508217984,Mira
2MASS J17344384-3850556,5961813768270374656,Mira
2MASS J17533826-2700470,4063814290740476544,Mira
IRAS 18167-0226,4270760688522004864,Mira
2MASS J18533454-1100359,4202167350744360960,Mira
IRAS 15544-4855,5984237517624396928,Mira
V* UU Lib,6247616972464104832,Mira
V* V1842 Sgr,4045603423338133888,Mira
ASAS J193105-0552.6,4208292901766104576,Mira
2MASS J15131665-6426293,5873293117899153152,Mira
IRAS 17411-2313,4068813117304366592,Mira
2MASS J18043733-1554071,4145178838396139264,Mira
2MASS J16350641-4925087,5940513032618282368,Mira
V* V517 Aql,4244164777854832512,Mira
IRAS 19095+1542,4512810068837934080,Mira
OGLE BLG-LPV-138854,4042276507316950144,Mira
IRAS 18450-0405,4258299274715553920,Mira
Terz V 2318,4109735561368495360,Mira
2MASS J16441235-4748113,5939531203060410240,Mira
2MASS J17394204-3341428,4053518120363412096,Mira
IRAS 18072-3212,4048815715278804608,Mira
IRAS 18105+0202,4277597417463483136,Mira
2MASS J17105220-3007259,6028848999422400256,Mira
2MASS J18412441-0334091,4258519280138915200,Mira
ATO J267.8646-20.7291,4118764755274340864,Mira
V* U Tuc,4684743141557405952,Mira
V* V2138 Oph,4107377044608543744,Mira
2MASS J16091345-5528500,5932388054040105984,Mira
V* AY Ara,5951686609001784960,Mira
2MASS J15133412-5531597,5886556423570151296,Mira
2MASS J13062181-6028298,6055874445408049536,Mira
2MASS J17575731-2825150,4062642898579125120,Mira
2MASS J14592732-6447599,5873120769459458560,Mira
2MASS J18000531-2943286,4062254388725046400,Mira
2MASS J17492698-2611325,4066873063377879552,Mira
V* RU Vel,5359577474082457728,Mira
2MASS J19001923+0328161,4280854312641239808,Mira
2MASS J16453082-4111003,5968331673210402304,Mira
2MASS J18012259-2702528,4063195123955360512,Mira
2MASS J18135662-2333269,4066355945004592896,Mira
V* GW Per,252291361131508864,Mira
IRAS 19510+0914,4298666778989326720,Mira
V* V438 Cas,2015588299022866304,Mira
ATO J327.0152+51.4082,1980884894554444416,Mira
IRAS 17526-3132,4044025143088628224,Mira
2MASS J17124521-3539307,5977038564008063104,Mira
IRAS 18319-1029,4155008850300564608,Mira
IRAS 18432+0834,4287296243896613120,Mira
2MASS J17133208-2056108,4116045731650612352,Mira
2MASS J13534953-5546048,5872518924270780928,Mira
2MASS J19270798+1329545,4316532640352183552,Mira
2MASS J11352208-6131525,5334212634190414592,Mira
2MASS J17412380-2609333,4061864341312463104,Mira
2MASS J17510467-2112275,4118688545340305920,Mira
IRAS 18394-0712,4252770518024733824,Mira
IRAS 16191-5552,5931435361543769344,Mira
2MASS J18242306-0946247,4156050843755616896,Mira
2MASS J18271818-1513025,4103984668881138176,Mira
V* V3065 Sgr,6728212607312615040,Mira
SHV 0509253-693723,4652216564015692672,Mira
2MASS J18541842-0408307,4255433810030589952,Mira
2MASS J18344627-1717100,4093748357459059840,Mira
2MASS J18243292-0920201,4156103104919174784,Mira
V* V363 Ara,5929362094893458688,Mira
V* V589 Car,5218744877961043840,Mira
V* SX Cir,5851237494431197184,Mira
2MASS J14372757-6149031,5877540290843841408,Mira
2MASS J18344978-0522539,4256379729275296768,Mira
2MASS J18275258-0924166,4156124992054451200,Mira
IRAS 16451-4637,5940000518389616128,Mira
V* V1259 Oph,4127634579878539776,Mira
2MASS J18271774-2634285,4052059137169959808,Mira
2MASS J17214585-2737229,4107963187385501696,Mira
2MASS J17141683-3040157,5980725398290157440,Mira
IRAS 19314+3851,2052352806761891456,Mira
2MASS J17104078-4359475,5965084471740472320,Mira
2MASS J12145858-6418130,6053293925983049472,Mira
IRAS 18158-1828,4096330938463457024,Mira
IRAS 18219-0933,4156064622011052800,Mira
2MASS J13514380-6033299,5867378776146227328,Mira
2MASS J18064533-2641011,4063275289591785344,Mira
2MASS J17431294-3251522,4053942085146613888,Mira
2MASS J18424966-0128139,4260139234408707968,Mira
2MASS J14102250-6553139,5851016630037911296,Mira
Terz V 2103,4041979978380737024,Mira
2MASS J18165036-1555062,4097705671525701504,Mira
2MASS J17360714-2954314,4058509417716972544,Mira
2MASS J16581147-4529593,5964040382349701376,Mira
2MASS J19411620+1750518,1824071755982294144,Mira
2MASS J19264080+0915180,4308416870162139776,Mira
IRAS 18113-1529,4145817306751229312,Mira
2MASS J18572131+0514244,4282400810104483072,Mira
2MASS J16050420-5400316,5932718113648662016,Mira
V* V362 Car,5225609988048310272,Mira
ATO J276.6237+02.3659,4277067869485250304,Mira
2MASS J19114278+1514339,4320599081056476032,Mira
IRAS 18412-3044,6737326978919856512,Mira
2MASS J17260134-2848441,4059569282620150400,Mira
IRAS 19162+0723,4307713560668830208,Mira
OGLE BLG-LPV-164469,4062806244769325824,Mira
2MASS J15595608-5441392,5836651274491280512,Mira
2MASS J15480929-4913414,5982880307988729600,Mira
V* QW Sct,4204000752033166976,Mira
2MASS J17460997-1409395,4149201985839873024,Mira
2MASS J17530243-2434330,4067656705956924544,Mira
V* V1604 Sgr,4051904617007030656,Mira
IRAS 15030-5413,5887657103467698048,Mira
IRAS 08222-2411,5696184987462833536,Mira
2MASS J18172667-2525563,4065091197395527680,Mira
2MASS J17084823-3319286,5979765769593196160,Mira
2MASS J16330990-4639501,5941372919379491584,Mira
V* V527 Cep,2207106491382790144,Mira
2MASS J19292910+2226384,2019326638586591616,Mira
ATO J285.7949-09.3425,4202667422347203200,Mira
OGLE BLG-LPV-24796,4041777535112633344,Mira
2MASS J19121231+1030469,4309369665679595520,Mira
2MASS J17511834-1848213,4120278675292863744,Mira
2MASS J18391437+0134310,4279573244166252288,Mira
V* V585 Pup,5711195417125842816,Mira
V* V1601 Aql,4268986665236873472,Mira
2MASS J15294219-4839282,5986695578956114944,Mira
2MASS J18035212-2549261,4064142529380000896,Mira
OGLE BLG-LPV-82970,4070224649764848896,Mira
2MASS J18452801-1201541,4105968673238920576,Mira
OGLE SMC-LPV-17729,4686373747363307264,Mira
IRAS 18395+0315,4280410831524807552,Mira
OGLE BLG-LPV-148865,4062744775174183808,Mira
2MASS J18501966-0055405,4266054748737584896,Mira
ATO J290.0804+03.8962,4292200241883888000,Mira
2MASS J17285644-4208242,5959130856844506496,Mira
2MASS J18345902-1231232,4104953510447480960,Mira
IRAS 13083-6437,5858963595234913152,Mira
2MASS J15451710-5119490,5982221700510399872,Mira
2MASS J17312537-3500586,5975091711177161344,Mira
2MASS J17490312-2903161,4057293190372598528,Mira
2MASS J17390379-2307519,4116531333507870208,Mira
IRAS 19185+2131,2019039116286492800,Mira
2MASS J17453870-2514422,4067924402718332544,Mira
OGLE SMC-LPV-2875,4685730709173058304,Mira
IRAS 14042-6220,5854072039749544320,Mira
2MASS J13075817-6019436,6055899867276508416,Mira
2MASS J18003492-3858493,4035769666197575168,Mira
2MASS J18165460-1442529,4146259246010354048,Mira
2MASS J18003320-2718122,4063184231912292224,Mira
OGLE BLG-LPV-56203,4057236939166031232,Mira
IRAS 17200-2745,4107991568498935040,Mira
V* V5824 Sgr,4052501926700923264,Mira
2MASS J18480324+0731385,4286140249159752576,Mira
2MASS J17313004-2705101,4061549296811136640,Mira
IRAS 17099-3718,5973783837797394304,Mira
IRAS 16565-3546,5977617564278821504,Mira
2MASS J17402495-3506457,4041271961609628544,Mira
2MASS J17312988-3628322,5974669533081118848,Mira
2MASS J18175111-2543478,4053061376332032512,Mira
2MASS J18433148-0829099,4251721687014329600,Mira
V* V530 Cen,6103425673272517376,Mira
OGLE BLG-LPV-28407,4041778394159095296,Mira
ATO J302.8695+37.1138,2060759226009104128,Mira
2MASS J18090278-2238338,4066704558915888768,Mira
2MASS J17362079-2829112,4060340693079564288,Mira
IRAS 17366-3837,5961440896417578752,Mira
2MASS J19123991+1234486,4313261966906353920,Mira
2MASS J17150354-4202575,5953749533337657344,Mira
ATO J274.8841-02.9158,4270680394119070464,Mira
2MASS J17040267-3903337,5967248787354001152,Mira
IRAS 18299-1231,4104990107889131008,Mira
2MASS J18464428-0542232,4253355595647706368,Mira
2MASS J17534578-2226467,4070252137549312512,Mira
2MASS J17292213-2735575,4061417355453263616,Mira
2MASS J19502049+3010564,2031935666151414528,Mira
2MASS J19015814-0006455,4265610511700146688,Mira
2MASS J18542849+0442242,4281991585620924288,Mira
2MASS J18524831+0401199,4281090638924006784,Mira
IRAS 13232-6050,5868699495780001920,Mira
OGLE SMC-LPV-7575,4685855877422218240,Mira
ATO J286.4348-06.5359,4205891327875047808,Mira
2MASS J17483325-2956085,4057181482548433536,Mira
2MASS J17503114-2351066,4068503192544403456,Mira
V* V819 Aql,4295778739939737472,Mira
2MASS J16402728-3822432,6019079834199511680,Mira
V* IK Sge,4514758506494051840,Mira
2MASS J15373702-5335423,5885555936719544704,Mira
2MASS J16285685-4541313,5943721403173821696,Mira
2MASS J17015087-4700362,5963067383285943296,Mira
IRAS 23055+5939,2013959887937338368,Mira
2MASS J17354081-2640349,4061774146990643456,Mira
2MASS J17333831-2440569,4110322013388563968,Mira
IRAS 12190-5903,6059158239955135872,Mira
IRAS 08561-4840,5325457978998803328,Mira
2MASS J17452913-2324180,4068800644775362432,Mira
2MASS J16380723-3934372,5969378270839129728,Mira
2MASS J16533706-3545346,5977774279082491392,Mira
IRAS 14324-6338,5853142711937350528,Mira
2MASS J17483675-3041074,4055995801034862336,Mira
V* LW Sgr,4072680580764191872,Mira
Terz V  124,4058149435067201280,Mira
IRAS 18218-0447,4257395063848976384,Mira
IRAS 16359-4859,5940852025760155648,Mira
2MASS J18235249-2841069,4051207320475423488,Mira
2MASS J18410386-0703461,4252764023987877888,Mira
2MASS J16190999-5505080,5931712335435101440,Mira
OGLE BLG-LPV-162041,4043752395491135360,Mira
2MASS J17550226-2113414,4070658853798745088,Mira
V* V2007 Sgr,4077511628731690496,Mira
IRAS 12035-6126,6057735231390858880,Mira
2MASS J19274824+0545238,4294480452871052160,Mira
IRAS 16322-4104,5968850741430479616,Mira
OGLE BLG-LPV-180550,4050167049376469120,Mira
IRAS 16583-4013,5967041808578671616,Mira
2MASS J17562367-2344198,4069302571740747392,Mira
OGLE BLG-LPV-75970,4041692082518531456,Mira
2MASS J17381407-2347447,4116404413005913600,Mira
Terz V 1303,4107995068826757632,Mira
V* V3321 Sgr,4046178257366925696,Mira
IRAS 15271-5624,5883475935582049536,Mira
MSX6C G020.6545-00.0562,4154928482881677824,Mira
2MASS J16194213-4847567,5935666724596699520,Mira
OGLE BLG-LPV-92207,4056156157974761856,Mira
OGLE BLG-LPV-220533,4064996574990121600,Mira
2MASS J17190743-4856421,5950424919411877760,Mira
2MASS J17583131-2221433,4070280583042371072,Mira
ATO J277.1654-19.5146,4092876479105913856,Mira
2MASS J18251768-0948382,4156006073013662464,Mira
2MASS J12042060-6332000,6054279603792000512,Mira
ATO J283.7785-08.3000,4203891144481307776,Mira
2MASS J16510494-4014268,5969846731522432000,Mira
2MASS J17352521-1227469,4162601527848836608,Mira
2MASS J18200712-1852504,4096116361883650432,Mira
2MASS J17375248-2852251,4060129208884107648,Mira
NSV 12085,4294711968792413824,Mira
V* BR Gem,3385870672470235904,Mira
IRAS 17371-2155,4117241205702578688,Mira
V* V566 Cen,6198213166248588160,Mira
IRAS 18024-3213,4042998989437275264,Mira
2MASS J17434582-2256383,4116868784795583872,Mira
IRAS 17206-4417,5953239944054995584,Mira
2MASS J18140175-2247109,4066467103126578816,Mira
IRAS 18392+0251,4280012464711748608,Mira
OGLE BLG-LPV-118314,4056283112825732992,Mira
2MASS J17225008-2409281,4110932929534656000,Mira
2MASS J17354260-3625513,5962716604804664192,Mira
2MASS J18083342-1639381,4144135264431761408,Mira
V* V548 Aql,4234771168989910912,Mira
V* V566 Aql,4237000463171942016,Mira
2MASS J17362899-2816436,4060440954697432320,Mira
IRAS 18381-1558,4100317419647159552,Mira
OGLE BLG-LPV-66958,4055763872787802368,Mira
2MASS J17562281-2741594,4063532403525708416,Mira
2MASS J18142056-1947231,4094630955955410304,Mira
2MASS J17500959-3315000,4041908613202482816,Mira
2MASS J12284279-6454140,5861210167974254592,Mira
IRAS 17538-3013,4056223262504084736,Mira
2MASS J17335655-1828210,4123351604132317440,Mira
IRAS 07401-2303,5615668094561422336,Mira
IRAS 17021-3259,5980007009285896320,Mira
IRAS 17569-3610,4037446146568694016,Mira
2MASS J18371825+0147384,4279637153279969792,Mira
OGLE BLG-LPV-180233,4062312113068179072,Mira
2MASS J08451070-4351576,5523954634223974912,Mira
IRAS 18227-1808,4096272389477675136,Mira
Terz V 1123,4109177426168882944,Mira
IRAS 18492-0254,4258783025469301888,Mira
IRAS 18164-2846,4051302741779955584,Mira
IRAS 23024+6729,2213129444280456960,Mira
IRAS 18151-0927,4157628574226011520,Mira
2MASS J17483275-2931139,4057211276776818432,Mira
ATO J267.4181-23.1780,4068682344159805568,Mira
IRAS 09116-4244,5427108413100817024,Mira
OGLE BLG-LPV-206718,4065624774064686464,Mira
OGLE BLG-LPV-165567,4063956093374192000,Mira
OGLE LMC-LPV-44587,4657942854900028416,Mira
OGLE LMC-LPV-74641,4657125711628320512,Mira
2MASS J16213310-4808260,5941711530283426688,Mira
2MASS J16532015-4117408,5969537730039173632,Mira
2MASS J17455676-2440410,4068051842991238272,Mira
2MASS J18403109+0223367,4279777375371638400,Mira
OGLE BLG-LPV-55970,4057193444057205760,Mira
OGLE BLG-LPV-24662,4053815774426315392,Mira
ATO J281.6425+07.6573,4286902897920887040,Mira
2MASS J18472255-0414465,4258198218428785792,Mira
Mis V0106,1871678582184923392,Mira
IRAS 18340-3830,6729852735065322752,Mira
2MASS J19061132+0957008,4312267256785618944,Mira
V* V446 Oph,4334038755230263680,Mira
2MASS J18040274-2459039,4065917587752657024,Mira
ATO J277.9436-18.4127,4093507804925409664,Mira
2MASS J22293482+6146157,2202008811882633728,Mira
2MASS J16571029-4830376,5938538756374152832,Mira
V* AR Men,4639454218946621440,Mira
V* OV TrA,5825323315377047168,Mira
2MASS J18470357+0354008,4280379048743434112,Mira
2MASS J18272720-1105132,4153433799899249408,Mira
IRAS 18120-2614,4064652251743760768,Mira
2MASS J17430421-3353100,4053811346329677312,Mira
V* V364 Aql,4289474930518403840,Mira
OGLE BLG-LPV-105267,4056501468966113024,Mira
2MASS J21582463+5600520,2198148357847301888,Mira
IRAS 13061-6205,5863272856111968640,Mira
V* V2820 Sgr,4039357716260897408,Mira
2MASS J17543433-1838140,4119639721593027840,Mira
IRAS 17187-3316,5979158151844433536,Mira
[T66b] 194,4059478126207300992,Mira
2MASS J15022728-5516089,5881599447239421824,Mira
2MASS J17431997-2621082,4061093343105465344,Mira
2MASS J17414661-3720145,5962385509983865344,Mira
V* T Pic,4798319669044195072,Mira
OGLE BLG-LPV-112256,4056608705713416832,Mira
2MASS J17402627-3258216,4054114089964482432,Mira
OGLE BLG-LPV-33854,4041702214299298304,Mira
IRAS 14487-5626,5881055876170303616,Mira
2MASS J17394565-2649201,4060971056835502208,Mira
OGLE BLG-LPV-201680,4050407808047739776,Mira
2MASS J17135573-4312413,5953579590071391488,Mira
2MASS J17103554-4737023,5950796726141161856,Mira
2MASS J18121739-2337067,4066305818473674624,Mira
2MASS J17395478-2550216,4061934675690652544,Mira
IRAS 15137-5110,5889897392750643456,Mira
IRAS 19489+2923,2028834592339164672,Mira
2MASS J17475637-2157541,4117045462679638784,Mira
2MASS J18160158-1839193,4094857180522907648,Mira
NSV 12651,2059508084858294656,Mira
OGLE BLG-LPV-67676,4056459039081033088,Mira
V* BN Lup,5986661872061439616,Mira
[RHI84]  9-857,4054205108917119872,Mira
2MASS J12534885-6701004,5858166204395885696,Mira
2MASS J18285342-1636211,4097024622837755648,Mira
2MASS J17461248-2437313,4068075551213295744,Mira
OGLE BLG-LPV-47115,4041971903841250688,Mira
2MASS J17341653-3004323,4058526911220692096,Mira
2MASS J16423843-4244145,5967771471996063232,Mira
SHV 0501019-691338,4655286881512257664,Mira
2MASS J17453164-3127163,4055854372008187520,Mira
ATO J313.3840+50.0590,2169623452800241792,Mira
V* AK Lup,6000432224380169472,Mira
2MASS J19255684+1100568,4314833894904302080,Mira
2MASS J17192800-4414073,5953285852999245440,Mira
IRAS 17468-3219,4055528371131895168,Mira
IRAS 18166-0221,4270762475230455552,Mira
2MASS J14575276-6036491,5877940062030350848,Mira
2MASS J17432994-2349092,4068406847815824768,Mira
2MASS J18544947-0252087,4255859733335155072,Mira
2MASS J19011512+0832393,4310513673173875712,Mira
2MASS J18474432+0138184,4278697414429920000,Mira
2MASS J17504440-2737484,4063676817430504576,Mira
ASAS J183304-4217.5,6722160654792269184,Mira
IRAS 19287+2046,2017855663821001728,Mira
2MASS J17501220-2457078,4067618326088045952,Mira
IRAS 16126-4639,5990003700203184000,Mira
IRAS 17135-3212,5980255563234449280,Mira
2MASS J16125874-5430294,5932548651490086912,Mira
2MASS J18170732-1156211,4153867763376482688,Mira
2MASS J17411647-3506291,4041353673421264128,Mira
2MASS J17442336-2630097,4061043349663881344,Mira
V* U Cen,6074527110388310784,Mira
2MASS J17332563-2852186,4060347942977516928,Mira
2MASS J14392798-6117210,5877697349192259584,Mira
2MASS J18011622-2607006,4064151973948957184,Mira
2MASS J17481663-2635179,4066833377886656384,Mira
OGLE BLG-LPV-203756,4050194807856596992,Mira
ATO J272.9167-10.1271,4157305489584139392,Mira
2MASS J17100280-4346491,5965135251126406528,Mira
2MASS J17523192-1133123,4151691280132503040,Mira
OGLE BLG-LPV-217898,4063009723163154688,Mira
2MASS J17563530-2259265,4069410495722429696,Mira
2MASS J13112215-6429223,5859034307586839296,Mira
IRAS 20307+3416,2056465186404010496,Mira
2MASS J16103282-5452207,5932434955089457920,Mira
2MASS J16303235-4537244,5943713264295671424,Mira
2MASS J17283863-3848484,5961954299600460800,Mira
2MASS J17512490-2419000,4067720821234832384,Mira
2MASS J18413902-0910020,4155411787026205312,Mira
[WWV2004] J1550242+821007,1722915036891886336,Mira
2MASS J17502150-2829265,4057421111728660096,Mira
2MASS J16515118-5336444,5930029287956445696,Mira
V* V1403 Oph,4115499480518638720,Mira
Terz V 3106,4061941341481099008,Mira
IRAS 17344-2456,4062220411217459200,Mira
ATO J265.7109-19.8694,4119781352432670720,Mira
ATO J297.3721+13.5137,4305285289242644736,Mira
IRAS 17340-0514,4170279829851381632,Mira
2MASS J17471608-2355457,4068536384060355072,Mira
2MASS J16342466-4508170,5943807994073595520,Mira
V* GS Lib,6281426233457968896,Mira
IRAS 17301-3720,5962558236383781120,Mira
2MASS J17274526-3204512,4057793124561816832,Mira
OGLE BLG-LPV-26154,4053864737002652544,Mira
2MASS J18542880-0145294,4265000763747578752,Mira
IRAS 11247-6230,5333867250092319616,Mira
2MASS J18105155-1627121,4145596206144481792,Mira
IRAS 18562+0948,4310915098017809792,Mira
2MASS J17424830-2033538,4119673840819618944,Mira
OGLE BLG-LPV-109553,4043610897728139776,Mira
IRAS 18395+0045,4278708959303153024,Mira
IRAS 15165-5512,5886467294409658752,Mira
Terz V 1075,4108250262968024192,Mira
ATO J291.7321-05.8135,4208443255678337280,Mira
2MASS J16425774-4245311,5967724330431879808,Mira
2MASS J18221202-0858099,4159157307691732736,Mira
IRAS 14107-6604,5852432251253480320,Mira
IRAS 16191-4759,5941705998370832512,Mira
IRAS 17058-3522,5977269637535260928,Mira
2MASS J16331539-4608179,5943638531816601216,Mira
2MASS J17311386-2334545,4110650015832651904,Mira
2MASS J17321263-3439315,5975128884111834240,Mira
IRAS 19466+2144,1827549717392548224,Mira
2MASS J17552910-2623586,4063862806692639616,Mira
IRAS 17536-3512,4040566006423449472,Mira
V* NT Oph,4112171048351555712,Mira
2MASS J16270305-5305123,5933626104127278080,Mira
V* PS Car,5226169433310438400,Mira
IRAS 20072+2354,1833634449079860864,Mira
IRAS 19504-1140,4190089352894357632,Mira
2MASS J19170189+1429245,4320275343610659968,Mira
IRAS 10319-5515,5352398384723891328,Mira
2MASS J16460974-4504189,5943257168753111424,Mira
2MASS J17372220-3410253,4053662976629829760,Mira
2MASS J14370662-5917190,5879190623397809664,Mira
IRAS 17473-3335,4041885115497470464,Mira
2MASS J18364042+0403159,4283199708405165568,Mira
2MASS J17470968-2703070,4060768020763435904,Mira
OGLE BLG-LPV-181772,4050216317177658240,Mira
IRAS 16570-3901,5970245270062740224,Mira
IRAS 18177-2233,4089792245855334656,Mira
2MASS J14334908-5808460,5891357028801043072,Mira
OGLE BLG-LPV-229015,4065571310385636864,Mira
IRAS 16434-5213,5936886911986373760,Mira
OGLE BLG-LPV-6723,5960437145359531136,Mira
2MASS J18371047-2039534,4091721609536868480,Mira
2MASS J17250409-4101205,5960036029784982016,Mira
ATO J284.1826-00.6335,4265388410313633664,Mira
IRAS 17500-2026,4118752832421700736,Mira
2MASS J17525365-2912052,4056575308035197440,Mira
IRAS 17288-5031,5946298898946510464,Mira
IRAS 14008-5659,5871248129377910272,Mira
Terz V 2665,4061301769246129408,Mira
2MASS J18593730+0814519,4310115164621149952,Mira
OGLE BLG-LPV-203520,4050395434216400256,Mira
2MASS J17503101-3135598,4055705182032785536,Mira
IRAS 17517-2731,4063495123202417408,Mira
IRAS 15168-5221,5889600490265507712,Mira
2MASS J17372600-2733114,4060549703335235712,Mira
ATO J286.5412-03.2343,4260898073555260160,Mira
IRAS 09194-5454,5310397762102129536,Mira
IRAS 13475-6203,5864800352643190528,Mira
IRAS 17302-2620,4061612209495020032,Mira
2MASS J16360921-3354501,6024138244839714304,Mira
2MASS J17470873-3301392,4053980155709373568,Mira
2MASS J17350462-2926562,4058582951962651776,Mira
IRAS 17335-2605,4062003360748065792,Mira
2MASS J18142922-2823015,4050681375964944512,Mira
Terz V 4387,4058292577738208384,Mira
2MASS J17531519-2417437,4067758891806246528,Mira
IRAS 15470-5013,5982752283596211072,Mira
2MASS J20583901+4638119,2163760272698387968,Mira
2MASS J18075030-2328257,4066501252341566336,Mira
2MASS J17272869-4214532,5958798731246952576,Mira
OGLE BLG-LPV-205982,4063369087318039936,Mira
OGLE BLG-LPV-206788,4049995731762636544,Mira
2MASS J18015669-2926371,4062291192305683968,Mira
V* V2225 Sgr,6685637013118548864,Mira
OGLE BLG675.13  20545,4060869386377244544,Mira
IRAS 16425-4259,5967535180096031744,Mira
2MASS J17272998-3114370,4057985706584054656,Mira
2MASS J17352782-3702493,5962545596362144000,Mira
2MASS J17191156-3504471,5975650400510205440,Mira
IRAS 16432-3518,6020065894289787648,Mira
ATO J280.7951-07.0922,4252730725051001088,Mira
IRAS 18245-0959,4155821045812205568,Mira
2MASS J18150088-2023196,4094031271149535104,Mira
2MASS J18012379-2531289,4064394759860202368,Mira
IRAS 15206-6055,5875606868364242560,Mira
2MASS J17123891-3756380,5973554937523458944,Mira
IRAS 16504-4823,5939278551565637632,Mira
IRAS 17533-3334,4043151512367408512,Mira
ATO J267.6771-18.2357,4120455563628386688,Mira
2MASS J17315263-3619420,5974695062369783424,Mira
2MASS J19330811+1012217,4302579391134863232,Mira
2MASS J17323865-3744294,5962129564293477632,Mira
IRAS 19068-0251,4261268437166252288,Mira
IRAS 19169+2903,2038331147294154496,Mira
2MASS J17342340-3048296,4055348424861279744,Mira
OGLE BLG-LPV-180446,4062491131654295808,Mira
2MASS J18503422+0737016,4286188730756853376,Mira
2MASS J17574729-2209123,4070321956495632512,Mira
2MASS J18364119-2736556,4072676045278408960,Mira
IRAS 18340-2103,4091676087264543104,Mira
IRAS 20037+3130,2030825709125846144,Mira
ATO J264.0887-21.1930,4118079789473971840,Mira
OGLE BLG-LPV-82563,4041693147670217344,Mira
2MASS J17435385-2804166,4060611035453406208,Mira
2MASS J17441927-2718261,4060789534280069376,Mira
2MASS J17352239-2916563,4060089725168205312,Mira
MSX5C G306.8231-00.9896,5865135463274830720,Mira
IRAS 16495-3027,6028036254083712384,Mira
2MASS J17180533-3500051,5975665686298390528,Mira
2MASS J18583176+0951007,4310913483110098304,Mira
2MASS J18211164-2129268,4091034517897719808,Mira
2MASS J18282749-1349585,4104386299864210432,Mira
IRAS 17422-0214,4369294763078081024,Mira
2MASS J18005241-3012484,4050219310562683392,Mira
IRAS 19508+2810,2028428361474591488,Mira
2MASS J17054866-3727424,5976442873551834496,Mira
2MASS J18403800-0248581,4259346319033427200,Mira
V* AH Vul,2028144343887650560,Mira
ATO J274.7589-05.8180,4161167764700106752,Mira
2MASS J16393320-3205570,6030410889963822336,Mira
IRAS 17437+5438,1417717615774681088,Mira
2MASS J17274749-3809500,5974061915460842880,Mira
IRAS 19599+2919,2029395450657109504,Mira
ASAS J182247-2641.8,4052710387232130176,Mira
2MASS J18542247-0038266,4265421498819060480,Mira
2MASS J18094894-0741042,4159031997711899008,Mira
2MASS J17503906-2843196,4057401629755697152,Mira
OGLE BLG985.6  22790,5952532442686435328,Mira
2MASS J17475810-2539028,4067192295395887872,Mira
2MASS J18335550-2646196,4075787761902367872,Mira
2MASS J17594149-2558373,4064263578690533248,Mira
WRAY 15-1852,4038170071862068608,Mira
2MASS J19094375+1553535,4512870851217184896,Mira
V* V633 Oph,4480685568847511040,Mira
ATO J311.1496+40.8698,2066068320955086720,Mira
IRAS 12220-6034,6058018630535460608,Mira
2MASS J17552543-2754245,4063429800975370240,Mira
IRAS 18208-0004,4273162129303827968,Mira
ATO J332.1568+56.5756,2198409148259608704,Mira
2MASS J18382336-0350283,4257016213402554752,Mira
2MASS J18553957-3016324,6760455613998486272,Mira
OGLE BLG-LPV-48319,4041972423573730048,Mira
SHV 0516481-694419,4658157328413065344,Mira
IRAS 18428-2515,4073425255011887872,Mira
2MASS J19374894+2335273,2020270844193497856,Mira
2MASS J17085355-3240291,5980081363732512128,Mira
2MASS J18495894-0422522,4255223940724262272,Mira
V* V1485 Cyg,2032411544176994688,Mira
IRAS 18391+0004,4272479023344837248,Mira
IRAS 18085-2944,4050435291509858048,Mira
IRAS 18308+0332,4283251419808136192,Mira
ATO J266.1453-17.3708,4123677025211851008,Mira
2MASS J18331396-1307425,4104895820427964928,Mira
2MASS J18384364-0114461,4271850652442408704,Mira
IRAS 18147-0824,4159445860764758912,Mira
OGLE BLG-LPV-74344,4055738240449754880,Mira
IRAS 16181-5320,5932288926198416896,Mira
2MASS J18205471-2329538,4089590176236263424,Mira
2MASS J17014494-4543099,5963294050183821952,Mira
V* UV Eri,3187418139442363392,Mira
ATO J280.5559-11.6557,4106430090180137472,Mira
OGLE BLG-LPV-20077,4068329710177575424,Mira
IRAS 17433-3144,4055783865823935104,Mira
2MASS J18194511-1928317,4094534366438121984,Mira
2MASS J16572131-3731357,5970634806495916544,Mira
2MASS J17322331-2930554,4058757568140845952,Mira
2MASS J17520815-2551122,4066951884600584960,Mira
2MASS J17142131-4011070,5972105368894156800,Mira
IRAS 16456-3458,6020090530225082752,Mira
V* V1068 Cen,5347798955769834496,Mira
2MASS J17384654-2533543,4062141658709631232,Mira
2MASS J17332627-2723251,4061339217043547008,Mira
IRAS 17303-2230,4117479426137752832,Mira
2MASS J18013351-2706155,4063191761019401472,Mira
OGLE BLG-LPV-107853,4056590220333113216,Mira
2MASS J17381613-3338143,4053714898534208640,Mira
2MASS J19071055+0109206,4267488511874688896,Mira
2MASS J18115732-2151077,4093780861668743424,Mira
2MASS J17565291-1818153,4143626018790452864,Mira
[WWV2004] J0459027+315024,160457096257712256,Mira
IRAS 12324-6603,5859982941200013696,Mira
IRAS 17524-1907,4119539945284892160,Mira
IRAS 21281+4914,2170904040257289216,Mira
IRAS 19339+2413,2021110905471215232,Mira
OGLE SMC-LPV-1168,4685147280794200832,Mira
2MASS J18025024-1905226,4095311892959448192,Mira
2MASS J17034777-5400252,5923756303580089856,Mira
IRAS 18548-0338,4255570458688989952,Mira
2MASS J18254473-1750533,4096285239994887424,Mira
IRAS 14303-5635,5891767524595734656,Mira
OGLE LMC-LPV-18450,4655176277491425024,Mira
OGLE BLG-LPV-78783,4056148117732121600,Mira
2MASS J16380656-4857463,5940845841010857344,Mira
2MASS J17134474-4209331,5965737100627510400,Mira
2MASS J17351570-2809384,4060399482564131200,Mira
2MASS J18140074-2148543,4090788300342666624,Mira
2MASS J17334944-2705112,4061361727014991872,Mira
IRAS 19039-0509,4206349824225900544,Mira
2MASS J17401875-3248236,4054119243925355136,Mira
OGLE BLG-LPV-221475,4064576252362233984,Mira
Mis V0008,4044049641540901760,Mira
2MASS J18225090-1208460,4152876965994075136,Mira
2MASS J17551421-3014559,4056176327086086144,Mira
2MASS J17404091-3214324,4054219917964760448,Mira
OGLE BLG-LPV-128481,4056120007143769088,Mira
IRAS 14457-5905,5878311456446475648,Mira
IRAS 15331-5440,5885203195329862912,Mira
2MASS J17123706-4014561,5972112584409599872,Mira
IRAS 18199-1144,4154022412269147136,Mira
2MASS J18150399-1456130,4146228837647657728,Mira
V* V859 Cen,5334876773611753856,Mira
IRAS 19549+3634,2059797428223432320,Mira
IRAS 15270-5706,5883031801609579520,Mira
[WWV2004] J1852090+191134,4518447608505499904,Mira
2MASS J18372164-0310518,4257853972543956992,Mira
2MASS J17215152-3048358,4058912045126369664,Mira
2MASS J15520372-5614541,5884107776861888640,Mira
2MASS J16152408-4317180,5993166131843302656,Mira
2MASS J17231749-3012208,4059041242142136448,Mira
2MASS J16353292-4449430,5944190589745624960,Mira
2MASS J14255627-5334310,5896246179029062912,Mira
2MASS J18321294-0657031,4159847418726039680,Mira
IRAS 12500-6102,6055551429484376320,Mira
IRAS 17552-3256,4043289157475515904,Mira
IRAS 16199-5213,5933985678781147008,Mira
V* V1391 Cen,6094526470970990080,Mira
OGLE BLG-LPV-142709,4043762428485094016,Mira
V* X Cha,5198548051949193984,Mira
IRAS 14512-4539,5907651138257773952,Mira
ATO J273.0770-08.8750,4158577693257181312,Mira
OGLE BLG-LPV-172730,4063181281357907072,Mira
2MASS J18213878-2603212,4053003273993723520,Mira
OGLE BLG-LPV-89662,4043629937333076480,Mira
2MASS J18593645-3015455,6760764168762387200,Mira
IRAS 13190-6047,5869368754736992256,Mira
OGLE BLG-LPV-102961,4043236720166498176,Mira
2MASS J18352869-0820504,4156485769298811008,Mira
2MASS J10320242-5505506,5352446076041467264,Mira
2MASS J17473075-2511460,4067270399412537216,Mira
2MASS J17090925-4053445,5966110002546487040,Mira
2MASS J17342737-2330542,4116602496914906240,Mira
IRAS 17464-3022,4056029091288978432,Mira
2MASS J14090067-6021503,5866868602731024384,Mira
OGLE BLG-LPV-55080,4057196708203018880,Mira
2MASS J17395567-3245090,4054167416283061760,Mira
2MASS J17151013-3943259,5972222673012766720,Mira
OGLE BLG-LPV-111023,4056192952907617792,Mira
2MASS J15434374-4940188,5985483573563675264,Mira
2MASS J17571576-2723500,4063546727160430464,Mira
OGLE BLG-LPV-1696,4107463253193599232,Mira
2MASS J16025660-5331398,5932882971605859072,Mira
2MASS J16512005-3341380,6026312391683712000,Mira
2MASS J18421403-0437309,4256714534891097344,Mira
V* V416 Sct,4104133519686449920,Mira
IRAS 20130+2851,1837354509226323200,Mira
2MASS J18504522+0801358,4286273393154779776,Mira
OGLE BLG-LPV-109547,4043239640999302784,Mira
IRAS 19401-2108,6868154049249241472,Mira
2MASS J12543708-6419509,5861936708999852928,Mira
IRAS 18256-0648,4160086876050019200,Mira
IRAS 09108-4005,5428745139239786112,Mira
2MASS J17504531-3212589,4055535822870174336,Mira
IRAS 19384+2652,2022105619884008192,Mira
2MASS J20293099+3628237,2056972576651735808,Mira
[GMC2001] 10-66,4057490243452249344,Mira
IRAS 18569-0928,4202817540058637440,Mira
IRAS 17259-1901,4121771610276420352,Mira
V* V1615 Cyg,1952279725162056192,Mira
IRAS 18289-1932,4092842355485924352,Mira
2MASS J17083133-3609164,5976964007683692288,Mira
IRAS 18209-2344,4089337563447162624,Mira
IRAS 18257-1347,4104435266836334336,Mira
IRAS 17407-3715,4040087242146030080,Mira
IRAS 19459+0401,4290291077358874368,Mira
2MASS J18251413-1146011,4153277360022832128,Mira
2MASS J17593980-3852498,4035784337807910016,Mira
IRAS 20546+5745,2190151644127925120,Mira
2MASS J17501590-3212569,4055533490717653248,Mira
2MASS J12024914-5626215,6075457812629772032,Mira
IRAS 17513-3312,4043219716421291904,Mira
V* V1482 Oph,4128563151805604864,Mira
2MASS J17305575-2914017,4058815567333146752,Mira
2MASS J19062024+0926371,4310687224227245568,Mira
2MASS J18172897-1136411,4153884286118003072,Mira
2MASS J15393425-5647319,5882718990569386496,Mira
V* V2969 Sgr,6728221098507395200,Mira
2MASS J18144198-2326138,4066381336848925952,Mira
ATO J106.5301-21.0904,2929134027637552384,Mira
[MM63] 2-30,4047621744334771712,Mira
2MASS J17444450-2619271,4067054272330383488,Mira
IRAS 08020-6021,5290797970876844928,Mira
V* EM Ara,5922254645544338560,Mira
IRAS 18230-2220,4090128490251807616,Mira
V* V3920 Sgr,4097209551260714880,Mira
2MASS J17090891-4151216,5965908727497798784,Mira
V* PS Sge,4322813630572484096,Mira
IRAS 19433+2025,1825824514931129856,Mira
2MASS J17234109-3105075,4058143834429573504,Mira
V* BU Del,1753263688124866944,Mira
2MASS J18065076-1834187,4095389962580748544,Mira
2MASS J19002920+0729323,4307059729184482688,Mira
OGLE BLG-LPV-86014,4070217051886065920,Mira
IRAS 21443+4845,1978124708050714240,Mira
OGLE BLG-LPV-107157,4056481093633989248,Mira
ATO J292.0797-10.2981,4188283576847008128,Mira
2MASS J17281851-3300071,4054673363386314496,Mira
IRAS 17255-2531,4109802876440066304,Mira
IRAS 21155+4318,1971452012500817024,Mira
IRAS 18026-3435,4039144853282477568,Mira
V* V609 Per,260355763523125248,Mira
OGLE BLG-LPV-77564,4056343555895771904,Mira
2MASS J18180819-2127290,4090859665447145856,Mira
OGLE BLG-LPV-101874,4056078981626788992,Mira
IRAS 09305-5753,5305747996139321088,Mira
Terz V 3610,5979884306260608512,Mira
2MASS J13025806-6454489,5861623584348443136,Mira
IRAS 18079-2623,4064611982329709312,Mira
2MASS J19064050+0051211,4267285789446861568,Mira
Terz V 1849,4053301482198429824,Mira
2MASS J17510394-2810483,4057451794963549312,Mira
V* V776 Oph,4493508172213123072,Mira
2MASS J17552675-2335475,4067854240073384704,Mira
2MASS J16415599-4317486,5967611871016355072,Mira
2MASS J17421152-3826588,5961424128863650816,Mira
V* V859 Oph,4134609301850508032,Mira
2MASS J17395923-2922025,4060041351022731904,Mira
V* MZ Nor,5928232518508943872,Mira
IRAS 16263-4415,5944089365988201088,Mira
2MASS J17181490-4051036,5971916287218106752,Mira
V* V467 Oph,4371405829700142592,Mira
2MASS J14064858-6020081,5866878945013043968,Mira
2MASS J18065100-1306588,4147635490978866048,Mira
2MASS J17294193-2709299,4061463771099062528,Mira
V* V599 Cen,6150371525533402624,Mira
2MASS J18155230-1010504,4157470656856281088,Mira
ATO J257.4746-21.2659,4115647364838301056,Mira
IRAS 18262-2813,4051587510974530688,Mira
2MASS J17500670-3226593,4055503181122686080,Mira
OGLE BLG-LPV-60065,4056412859581686656,Mira
2MASS J16210210-4648087,5941929993843998592,Mira
2MASS J16165731-5121456,5934848516146363776,Mira
2MASS J17562808-2306004,4069407295935888256,Mira
2MASS J17370237-2456168,4062232815083449856,Mira
OGLE BLG-LPV-118315,4056289714266369152,Mira
2MASS J12413340-6455567,5861060226438301312,Mira
2MASS J17370621-2257348,4116734025967784064,Mira
V* V1099 Oph,4275041847512458240,Mira
2MASS J16434785-3506140,6020043453062931200,Mira
2MASS J17333684-2658311,4061389661528927744,Mira
IRAS 18041-4509,6720669686981718272,Mira
2MASS J14511288-5809264,5880657470654926976,Mira
2MASS J14060778-5721000,5871232117738527488,Mira
V* V421 Sct,4103167633028466816,Mira
2MASS J18225450-1202351,4153256091342415104,Mira
ATO J280.8694-02.7100,4259431668645165184,Mira
2MASS J18025819-0836524,4170501244017219456,Mira
2MASS J15185275-5022429,5890102142429835520,Mira
MACHO 301.45438.561,4104564596962739456,Mira
2MASS J18384139-0345513,4257018618585255552,Mira
2MASS J17373991-3005407,4055489922572466432,Mira
2MASS J17450281-2724514,4060772388737180416,Mira
2MASS J17291584-2911094,4059575398650575872,Mira
2MASS J17413903-2853413,4060172227236623872,Mira
2MASS J18104088-2543235,4064939091193494144,Mira
2MASS J18073050-1725513,4143939237804465792,Mira
V* V1291 Cyg,2072896459982368896,Mira
2MASS J18482540-0548351,4253336388551512448,Mira
2MASS J09570027-5720032,5259501059593447296,Mira
2MASS J17555935-2757230,4063422452311932800,Mira
OGLE LMC-LPV-20320,4652172854065799168,Mira
2MASS J19001042-0103259,4265116006366289664,Mira
V* EQ Ser,4275154096470506112,Mira
2MASS J17301863-2749458,4061219718305755264,Mira
V* CS Cen,6063382323103845760,Mira
V* AK Tel,6650047230479752832,Mira
[RLS2005b] 20,5979928939553822464,Mira
2MASS J17245539-3005129,4059052580863561600,Mira
ATO J276.8520-05.0595,4257157363200714624,Mira
V* V1218 Sgr,4074646674992538496,Mira
2MASS J17443690-2703328,4060802346141571200,Mira
2MASS J19270748+1424235,4319690059784825216,Mira
2MASS J18470945+0128062,4278685629039763712,Mira
OGLE BLG-LPV-220847,4064823264509643008,Mira
2MASS J17344116-3101286,4055341935183865216,Mira
MSX6C G037.3380-02.4122,4268878668215027584,Mira
2MASS J17405823-2341182,4116441555990481920,Mira
IRAS 09196-5104,5313355001692011520,Mira
V* V2586 Sgr,4077775232254224896,Mira
IRAS 19117+1940,4516418902160261376,Mira
2MASS J15403397-5146392,5886167883684929664,Mira
2MASS J17073995-2838329,6029953488807735680,Mira
2MASS J10282544-5512475,5352386049573695872,Mira
2MASS J17164861-3336083,5978996145719415552,Mira
IRAS 18350-1852,4092602185237518592,Mira
V* V1635 Cyg,2061782665176034816,Mira
2MASS J13500000-6149148,5865624196087782784,Mira
OGLE BLG-LPV-149906,4044196185875282688,Mira
OGLE LMC-LPV-22906,4652153956205764096,Mira
2MASS J12193722-6546059,5860776792966461056,Mira
2MASS J18053633-2422406,4066054644459708032,Mira
2MASS J16405290-4946528,5937804145169293568,Mira
2MASS J16375689-3719578,6019374713796960768,Mira
2MASS J17433680-2746374,4060666629515751680,Mira
2MASS J17500120-2306562,4068683752969063168,Mira
IRAS 18318-1232,4104957431763068672,Mira
IRAS 01215+6218,511059537243239680,Mira
2MASS J18031687-1907442,4095299218546047360,Mira
OGLE BLG-LPV-98500,4056373341496610176,Mira
2MASS J17325842-2948036,4058549794809561984,Mira
V* V621 Car,5250893223586266368,Mira
IRAS 17472-1153,4151573220075637120,Mira
2MASS J17040239-4248394,5965434043413924736,Mira
IRAS 16254-4557,5942210369318135168,Mira
2MASS J17251134-3031550,4058264952531006976,Mira
2MASS J18251226-1000215,4155985010493503872,Mira
IRAS 17344-2027,4118409441172172416,Mira
2MASS J17321378-3357087,4054378762998818304,Mira
V* V2417 Sgr,4062350084926116096,Mira
OGLE LMC-LPV-48686,4657938216385017088,Mira
2MASS J17420699-2337321,4068427807261553920,Mira
IRAS 20030+3724,2060268019193821440,Mira
OGLE LMC-LPV-9743,4654644663589549824,Mira
2MASS J18422538-0252214,4259422632034148096,Mira
Mis V0064,4056066994492137216,Mira
IRAS 17344-2418,4116298619293307776,Mira
V* V1445 Cyg,2047535605825936512,Mira
2MASS J17583108-2715249,4063575146982649344,Mira
2MASS J17045020-3547207,5977198066257444096,Mira
2MASS J17401770-2802020,4060275611343146368,Mira
Terz V 1448,4059979778405040256,Mira
2MASS J11224809-6453458,5237510689620495616,Mira
2MASS J18195350-1228036,4153589239052918400,Mira
IRAS 17273-2859,4058833571892969600,Mira
2MASS J14412041-6339566,5874177228365654272,Mira
2MASS J18182355-1807587,4096402956486496640,Mira
[LDB2002]  720,4182476300023131008,Mira
2MASS J18002820-2637228,4063993717371192704,Mira
2MASS J19083312-0103518,4262336406566623616,Mira
2MASS J17365173-2128137,4118058903109703168,Mira
2MASS J17024300-3809551,5976349380713740544,Mira
2MASS J18282257-1822563,4093203755630168448,Mira
V* V426 Aql,4297097397929065216,Mira
V* V501 Lyr,2051185262845583744,Mira
ATO J284.4388-18.0478,4086694887213255296,Mira
OGLE BLG-LPV-27989,4068141964237440128,Mira
2MASS J12133045-6550521,5860805586430296704,Mira
ATO J255.3941-14.1418,4140195920405847808,Mira
2MASS J18200165-0938587,4157583391166952704,Mira
RAFGL 2192,4154624845898523904,Mira
2MASS J15472154-4827432,5986011648369695360,Mira
V* V5757 Sgr,4063240070910878080,Mira
2MASS J17414995-2756061,4060643161811523584,Mira
2MASS J17302403-3105022,4057954134331272064,Mira
2MASS J17150662-4226128,5953719713415274496,Mira
2MASS J18054700-1726354,4143983527507856256,Mira
2MASS J18010806-1017216,4152221279094248064,Mira
2MASS J16195892-5135193,5934780763083040896,Mira
2MASS J18024021-2644560,4063228629090050560,Mira
IRAS 08471-2842,5642569536317228544,Mira
2MASS J16082068-6752207,5821246738547935104,Mira
2MASS J16341683-4938229,5940483792477510784,Mira
OGLE BLG-LPV-12171,4061302456447319680,Mira
2MASS J18044841-2454527,4065754653952074496,Mira
2MASS J15160423-5849160,5876967513959758208,Mira
ATO J267.5092-23.8571,4068502814586882304,Mira
IRAS 18062-2351,4066283896980196224,Mira
2MASS J17524713-2813510,4063444232061553536,Mira
IRAS 17318-3551,5974757768914985088,Mira
Terz V  117,4059737507885928448,Mira
V* HI TrA,5823869657907826304,Mira
2MASS J18492519+0604359,4285378356323013248,Mira
ATO J289.6405+22.5883,2022150631118541696,Mira
2MASS J17210313-3400117,5979095509739369472,Mira
2MASS J17313053-3120323,4057932139754794496,Mira
IRAS 18217+1105,4483603226019386496,Mira
2MASS J16394825-5729188,5927670255725840000,Mira
2MASS J15552818-5500168,5884578367827981440,Mira
2MASS J17584977-2332021,4069321400914986624,Mira
IRAS 09174-5238,5311628111290390400,Mira
V* IV Per,432427722659296256,Mira
2MASS J17463318-1704148,4123802305187423104,Mira
IRAS 17429-1911,4119922575339534848,Mira
V* NT Mus,5233463765257441280,Mira
2MASS J14101653-5956341,5866914369906172416,Mira
2MASS J17530527-1130458,4151692757601203072,Mira
OGLE BLG-LPV-137659,4056305828990850560,Mira
OGLE LMC-LPV-90025,5278226872185363456,Mira
2MASS J13332407-6536253,5863792925160202496,Mira
IRAS 18283-1629,4096863613135510784,Mira
V* RX Sco,6049589774341204480,Mira
OGLE BLG-LPV-206787,4062813593448034560,Mira
OGLE LMC-LPV-84103,4650763692474430464,Mira
2MASS J12282909-6428319,5861283977085689728,Mira
2MASS J17552064-2622040,4063910016973183616,Mira
IRAS 19132+0120,4264741072858572928,Mira
IRAS 20556+4915,2168793458953953536,Mira
IRAS 16508-4002,5969749111149512320,Mira
2MASS J17572820-2718364,4063571058217578880,Mira
IRAS 15050-6139,5876072820781662208,Mira
2MASS J17471635-2407127,4068514874791762048,Mira
2MASS J17460832-3146047,4055787237384753408,Mira
2MASS J18201096-2006236,4091472746330787456,Mira
2MASS J17485001-2344109,4068552292622650368,Mira
OGLE BLG-LPV-216829,4064918956364194304,Mira
IRAS 18008-2738,4063102906759585280,Mira
2MASS J18274531-0858448,4156201786072875648,Mira
V* V374 Sco,5956268583217231872,Mira
2MASS J18350418-0309017,4258052984115210496,Mira
2MASS J16341380-3933561,6017449537658758400,Mira
2MASS J17512894-2447083,4067626469384061952,Mira
2MASS J18293845-0742226,4159699637484161536,Mira
IRAS 03189+6156,463559741568237952,Mira
2MASS J18335656-2939597,4048187511787432320,Mira
2MASS J13583148-6511358,5852077628776216448,Mira
IRAS 18251-2331,4077441088160665856,Mira
OGLE BLG-LPV-67200,4055959787718169344,Mira
V* V2033 Sgr,4078094198039850880,Mira
2MASS J13333402-6021452,5869120986697331584,Mira
2MASS J17332003-2822236,4060380790845627648,Mira
IRAS 18440-0613,4253300306439858816,Mira
2MASS J14293792-5843469,5890960272563296000,Mira
2MASS J18261665-1543494,4097909665312460800,Mira
2MASS J17585061-2431128,4067516724351746432,Mira
2MASS J17480897-2654416,4066774794530636288,Mira
2MASS J17390783-2948130,4056999345880104704,Mira
IRAS 17596-0340,4177309145127359744,Mira
2MASS J18115438-2418279,4066198444302499584,Mira
2MASS J13231568-6348283,5865114813068515840,Mira
2MASS J17392723-2928070,4060033409555846784,Mira
V* OW Cen,5865500844630540032,Mira
2MASS J18001160-1945275,4071233692172441088,Mira
2MASS J18274511-1144471,4153324226696296832,Mira
V* CE Ara,5915286456251021696,Mira
V* V980 Cyg,2047954584145943552,Mira
2MASS J17575645-3310025,4043258195030538112,Mira
IRAS 10112-5002,5358679722844399872,Mira
2MASS J18122083-2437530,4065434146304180992,Mira
ATO J291.9977+20.5938,2017935172253676288,Mira
IRAS 19100-0038,4263866308271095424,Mira
2MASS J21093821+4610371,2164275183426997888,Mira
IRAS 18461-0741,4252063806935981440,Mira
2MASS J18210825-0921205,4157596001191659520,Mira
2MASS J17104807-4749337,5950776355164044928,Mira
V* CU Ser,4137114431691903232,Mira
2MASS J17295985-2726282,4061443331419234432,Mira
IRAS 18106-1257,4147519801722641536,Mira
OGLE BLG-LPV-31881,4041022101953806592,Mira
2MASS J13304650-6552393,5863718948634974976,Mira
2MASS J18195597-1313082,4152659430167004672,Mira
Mis V0068,4043892102185257344,Mira
2MASS J17434482-2510142,4067937665579096832,Mira
2MASS J17372509-2053253,4118116043429518080,Mira
IRAS 17023-3659,5976504549289867264,Mira
2MASS J18045089-2649124,4063258178368484864,Mira
ATO J268.3463-14.9432,4148478060525659392,Mira
OGLE BLG-LPV-123007,4056110390787656320,Mira
V* V512 Aql,4222497904798937728,Mira
2MASS J17470034-3311228,4053954763871327744,Mira
2MASS J17241315-3806010,5974101154275687296,Mira
IRAS 18076+3111,4591178447241580032,Mira
OGLE BLG-LPV-180064,4063189836935925376,Mira
2MASS J18131539-2715117,4052481276523624192,Mira
2MASS J17304371-3156518,4054887115316043648,Mira
Terz V 3925,5980298757816670464,Mira
2MASS J17423942-3453562,4041360369215316352,Mira
2MASS J16515240-4014198,5969850339295916544,Mira
IRAS 13322-6114,5868780825270812544,Mira
2MASS J18214090-1927164,4094525128010633472,Mira
IRAS 19050+0053,4267293486028700928,Mira
2MASS J17272223-3022092,4058282475983751808,Mira
ATO J264.7343-08.3604,4168318988305958912,Mira
2MASS J17505068-2350431,4068491849429737728,Mira
ATO J317.8185+44.5470,1970309070172299520,Mira
2MASS J15033580-6119466,5874849167423150080,Mira
IRAS 17595-1747,4143588772806337152,Mira
2MASS J13392022-5847316,5870127933197200256,Mira
IRAS 09353-5359,5309041858090759040,Mira
2MASS J15545893-5510118,5884571117919959424,Mira
2MASS J15033154-5221312,5899988603060784256,Mira
2MASS J16595589-3822271,5970352575564975488,Mira
IRAS 14438-2632,6228554636288882304,Mira
2MASS J13000425-6522393,5858604501602622848,Mira
2MASS J18213014-1521404,4098158773385969536,Mira
IRAS 17207-4703,5950352837025047168,Mira
2MASS J18152526-1327399,4147429951006065664,Mira
2MASS J19081727+1003288,4312237707425739008,Mira
2MASS J19082592+1431568,4320454564018672768,Mira
2MASS J18485359+0213463,4279304173048391168,Mira
2MASS J17485976-3230424,4055499062246479872,Mira
2MASS J17091326-3504257,5977295957163036544,Mira
IRAS 14143-6108,5854535174648113408,Mira
2MASS J17334823-2938020,4058575525859749760,Mira
2MASS J17443103-3217547,4054262077308288256,Mira
IRAS 18245-2248,4089910752606289024,Mira
2MASS J13314955-6311483,5865244761518876672,Mira
IRAS 17254-2644,4061539985371469184,Mira
2MASS J18230403-1122426,4154067427852378112,Mira
2MASS J18114423-2709244,4064501038818925568,Mira
2MASS J17444255-2719578,4060776782493023104,Mira
2MASS J17405589-3308340,4054098073978915456,Mira
2MASS J14134203-5941494,5867014421145183744,Mira
2MASS J17311917-2832009,4059624395646734336,Mira
IRAS 18433+0045,4278534618003417856,Mira
[KCP2016] SRc02 10666,4255770604168539392,Mira
2MASS J17344620-3338536,4053659819870236160,Mira
IRAS 18497+0942,4311312056064129920,Mira
V* V3940 Sgr,4097000571017265408,Mira
IRAS 09592-6859,5243101156463963648,Mira
OGLE BLG-LPV-139600,4056209449883418752,Mira
2MASS J18144097-2145438,4090791908115926784,Mira
2MASS J19494719+2731304,2027999448870606848,Mira
2MASS J18013295-2117103,4070753720964092800,Mira
2MASS J17403115-2313506,4116537105943600256,Mira
IRAS 18480-0328,4258723033364789504,Mira
[KCP2016] SRc02 41437,4255512631246483328,Mira
2MASS J17393168-3240061,4054171779969422336,Mira
V* V1030 Her,4434448184301625856,Mira
2MASS J17363134-3016164,4055481843720628608,Mira
2MASS J18345914-1337058,4104537796357046400,Mira
2MASS J18104958-2424308,4066193943176405888,Mira
2MASS J18232165-2924063,4051041504713720064,Mira
ATO J288.8199-06.0852,4211226497569956736,Mira
2MASS J17404499-2829146,4060243798579282816,Mira
2MASS J18530625-0024344,4266181742339980416,Mira
IRAS 17396-1903,4120114921174055552,Mira
OGLE BLG-LPV-201446,4064114526145114240,Mira
2MASS J13171274-6218396,5868495089678018176,Mira
IRAS 17147-4317,5953528192216523520,Mira
V* FV Nor,5928721423169874432,Mira
2MASS J17522049-2506177,4067416050315234432,Mira
2MASS J16535591-4007281,5969759698267291520,Mira
IRAS 18241-1937,4092966978254863360,Mira
IRAS 17292-2824,4061124193804385280,Mira
OGLE BLG-LPV-13493,4061323793840808064,Mira
V* V1126 Cyg,2032538920057736320,Mira
2MASS J18243524-0836140,4159240831891401984,Mira
2MASS J18241136-1059098,4154221393830340480,Mira
V* QU Aps,5797651700050333184,Mira
IRAS 19456+2241,1827825041965293184,Mira
IRAS 17361-4726,5948594099438000256,Mira
V* V1455 Cyg,2033590568580865664,Mira
2MASS J14184541-5501244,5895870661463427456,Mira
2MASS J17031439-3203485,6028151080007213952,Mira
2MASS J19321281+1553130,4321456115992891648,Mira
2MASS J13302054-6232344,5865333615810905728,Mira
2MASS J16411727-4340172,5967576721002152448,Mira
ATO J280.8247+06.0533,4285519536186210304,Mira
OGLE BLG676.19   5972,4060188170155432704,Mira
OGLE BLG-LPV-78598,4056338367646169600,Mira
2MASS J17370369-3011280,4055488307673218304,Mira
2MASS J18342331-0445391,4256840703858188800,Mira
2MASS J17555616-2831297,4062626131077975808,Mira
OGLE BLG-LPV-138584,4056300949907335552,Mira
IRAS 17541-2123,4070597246707518720,Mira
ATO J279.0711-02.5853,4259591750661291648,Mira
2MASS J17431285-3221461,4054252044279015040,Mira
IRAS 18532-0315,4255791696708770432,Mira
IRAS 23452+6025,2011815221790570240,Mira
IRAS 17114-3237,5980218940124802816,Mira
IRAS 16391-3859,5969450868622986752,Mira
IRAS 18211+1340,4485485310743945728,Mira
2MASS J16434128-4729060,5942544169818202752,Mira
OGLE BLG-LPV-165374,4062248066486327424,Mira
2MASS J17344691-3032166,4058450323252770176,Mira
V* FR Lyr,4587030539628142592,Mira
IRAS 16218-4213,5992714649202435712,Mira
ATO J279.2850-16.6999,4099798935579151488,Mira
ATO J303.9662+25.8568,1835446203726709760,Mira
2MASS J15525343-5816421,5834314949729938432,Mira
2MASS J17423905-3236072,4054230775600263936,Mira
2MASS J17162768-2631050,4109034210391873280,Mira
2MASS J19005908+0437516,4281554117431360384,Mira
2MASS J17395186-2637279,4061731334690299392,Mira
2MASS J17244076-3508293,5975789179490988800,Mira
IRAS 17589-2419,4066031215441709824,Mira
IRAS 16089-4946,5983210986079027456,Mira
2MASS J14303588-6145069,5878341010142103424,Mira
2MASS J18245283-1955356,4092933756775336832,Mira
ATO J282.7492-03.8528,4255318464371478400,Mira
2MASS J18313792-1741130,4093719697050991488,Mira
2MASS J18141662-1404113,4146540819752602368,Mira
V* V1553 Aql,4265934042949446272,Mira
2MASS J16290452-4328282,5944553634730739584,Mira
2MASS J17330349-2413538,4110556179389812480,Mira
IRAS 23104+6916,2215025277205062272,Mira
2MASS J18401549-0415185,4256940553254879488,Mira
IRAS 18389-0723,4252696610218651520,Mira
2MASS J18290491-1313121,4104841669484083200,Mira
IRAS 15356-3534,6013194977387434240,Mira
2MASS J18173997-1923175,4094571234443601664,Mira
2MASS J13512148-6606411,5851887172737234944,Mira
SHV 0524277-691146,4658113038743002368,Mira
OGLE BLG863.12     64,6030945832417720576,Mira
2MASS J18061477-1744281,4143903881633465088,Mira
IRAS 19270+2958,2038634543793660160,Mira
2MASS J15022538-5834349,5879718698201426816,Mira
IRAS 16225-4635,5942263317670911104,Mira
2MASS J15432076-5804471,5882321207931208576,Mira
2MASS J17290784-3149473,4057891496468669568,Mira
2MASS J17403034-2524452,4061960406752329216,Mira
2MASS J17570526-2910411,4062530370385686784,Mira
IRAS 14424-5626,5893009869672223744,Mira
IRAS 08263-3743,5541730198197798272,Mira
2MASS J17151171-3606018,5974003263375869824,Mira
OGLE BLG-LPV-221352,4063019550051715200,Mira
ATO J262.5324-19.4521,4121694743184754944,Mira
2MASS J17363575-2114003,4118078522588101120,Mira
MACHO 302.45429.305,4104154341646600064,Mira
2MASS J16240342-5131183,5934048935067311360,Mira
2MASS J18512964+1731326,4511394000898095488,Mira
IRAS 17401-2147,4117282231256633472,Mira
2MASS J17374631-2833340,4060417968108809344,Mira
2MASS J09331043-5558539,5307148121114343168,Mira
2MASS J15313283-5617471,5883504144927884800,Mira
2MASS J14524851-6138455,5874768937440962432,Mira
IRAS 15496-5652,5835938687900921088,Mira
IRAS 17405-2229,4116961590509340800,Mira
IRAS 19098+1540,4512797905444630528,Mira
2MASS J18330626-0628251,4255989196489688320,Mira
2MASS J13355887-5837090,5870311517261142912,Mira
IRAS 17312-2631,4061591490571925376,Mira
2MASS J15230321-5524564,5886795292485431040,Mira
2MASS J17471186-3239193,4054009872530278784,Mira
IRAS 18276-0642,4160104021560215680,Mira
2MASS J16292327-3730198,6018627836160273664,Mira
2MASS J19111386+0646151,4306107345986176768,Mira
2MASS J17403430-3443567,4053384529678497024,Mira
2MASS J17382317-3622313,5962682141983157888,Mira
IRAS 16512-4114,5966555687014247680,Mira
2MASS J19420720+1951575,1825662951102795648,Mira
IRAS 12372-6034,6056508451301618944,Mira
ATO J283.9088-01.3020,4265234547447077888,Mira
IRAS 16436-5205,5936911754080081152,Mira
2MASS J16433367-4414041,5967362969082385024,Mira
2MASS J17162106-4109319,5971815196576873216,Mira
2MASS J18424780-0211095,4259534812247748864,Mira
2MASS J16211754-4700311,5941921919305010176,Mira
2MASS J18384840-0248202,4259402669048481536,Mira
2MASS J16460076-3814027,5971094711517190272,Mira
IRAS 17514-2903,4056592419354170240,Mira
Terz V 4136,5978788166198378880,Mira
V* VW Per,241616344474446848,Mira
2MASS J18540998-0054289,4265306840316618112,Mira
2MASS J17035208-3432152,5978097673002306944,Mira
IRAS 17373-1916,4120061384304539648,Mira
OGLE BLG-LPV-133944,4044087398569513216,Mira
2MASS J17533495-2821200,4063391700396594944,Mira
2MASS J17333328-2856447,4060300457817550336,Mira
2MASS J18241860-1144589,4153291069558965120,Mira
2MASS J18235351-1226441,4152809552184394752,Mira
V* CO Cha,5784205016426854912,Mira
IRAS 16127-5211,5934689641040934144,Mira
ATO J298.2289+30.1301,2033377641284196736,Mira
OGLE BLG-LPV-180482,4044135334753590784,Mira
OGLE BLG-LPV-48117,4055941134688278400,Mira
2MASS J17263443-2449098,4110091429585633536,Mira
ATO J264.7340-23.0140,4116536246968566784,Mira
2MASS J17380475-2318495,4116523916221990912,Mira
IRAS 17134-0929,4167334955456635264,Mira
2MASS J18171055-1546335,4098086617931049216,Mira
2MASS J17313337-3203241,4054870897535373312,Mira
2MASS J18071912-1501315,4146751616758490624,Mira
2MASS J17105380-4101356,5966052626095743488,Mira
2MASS J18312520-0357134,4257882181842498944,Mira
2MASS J17375389-3526340,4053243963981254144,Mira
V* II Gem,3382418691294263680,Mira
V* V4137 Sgr,4077191013621877376,Mira
2MASS J17193027-4432444,5952906590240075520,Mira
OGLE BLG-LPV-119389,4044027337749050624,Mira
2MASS J18150378-1939437,4094656377874335616,Mira
OGLE BLG-LPV-362,5980130635548836480,Mira
IRAS 18366-0958,4155247817993087488,Mira
IRAS 18456+0041,4278563480169032448,Mira
2MASS J18295301-2746159,4051616240124046720,Mira
2MASS J17350876-2205560,4117610950841785344,Mira
IRAS 18089-2454,4065042273474246784,Mira
2MASS J12225988-6016077,6058296493388516608,Mira
IRAS 15288-5433,5885383549592059648,Mira
2MASS J17334993-2828341,4060376152324735744,Mira
Terz V 1251,4109943785794402048,Mira
2MASS J17500489-2620406,4066819977587866496,Mira
2MASS J19010981+1025025,4311053670858521344,Mira
OGLE BLG-LPV-142686,4056303664273636480,Mira
2MASS J16472641-4528453,5940212041239922176,Mira
2MASS J15590230-4641477,5985035900505918208,Mira
2MASS J17495480-2537203,4067184500062790016,Mira
IRAS 18151-0942,4157603079299744512,Mira
IRAS 10058-5250,5356775952823065216,Mira
2MASS J18160758-1543355,4145750305258309888,Mira
V* V3418 Sgr,6734440653488489344,Mira
2MASS J18572011+0931190,4310867681577518464,Mira
LF  1 C 124,4295805982854056960,Mira
V* V506 Sct,4202348289118714368,Mira
2MASS J12245182-6542086,5860956734909673600,Mira
ATO J283.6001-24.0764,4075271511149152128,Mira
V* DD Cep,2193683859588793344,Mira
[T66b] 203,4058728224952184960,Mira
Terz V   96,4107858184033095680,Mira
2MASS J17141664-4052253,5971860624457135744,Mira
2MASS J18173876-2316017,4089644739467842048,Mira
Terz V 1900,4053396001443564672,Mira
V* V950 Aql,4202652956896587520,Mira
2MASS J17451967-3052520,4055910657555527040,Mira
OGLE BLG-LPV-180435,4050215634069253760,Mira
2MASS J17574318-2401227,4069091843480402944,Mira
2MASS J17510717-2812446,4057451481383881856,Mira
2MASS J18571504+0032391,4266652745590879488,Mira
IRAS 20498+5445,2183052750381774336,Mira
2MASS J16501848-3904372,5970801829163306752,Mira
2MASS J17511395-2823290,4057433171988885632,Mira
2MASS J17353457-3409367,4053581101705535488,Mira
2MASS J16504168-4127447,5968090051190132992,Mira
IRAS 18286+2037,4525870445855432192,Mira
IRAS 17549-1921,4119306676960689536,Mira
2MASS J17543480-3117464,4056055174663242240,Mira
2MASS J18094604-2233003,4066708445896675712,Mira
IRAS 18462+0603,4285382891808568192,Mira
V* V481 Aql,4312004782774306048,Mira
2MASS J17322538-3540320,5974821918549573120,Mira
OGLE BLG-LPV-111315,4056082898692531712,Mira
2MASS J16154632-5322495,5932994052342532992,Mira
V* AK Vul,1850985086146247040,Mira
IRC -20448,4065368725372261632,Mira
IRAS 11367-5603,5343073834600306432,Mira
IRAS 18558-0001,4265839278819646720,Mira
2MASS J17434012-3304032,4053924870916229888,Mira
IRAS 08457-4334,5523794998881109504,Mira
2MASS J14082145-6910203,5847367630140971648,Mira
V* LL Nor,5928140159515881984,Mira
IRAS 18123-2622,4052640984934466048,Mira
V* AN Vul,4533917152988905216,Mira
OGLE LMC-LPV-38689,4658136914374624768,Mira
Terz V 2502,4061163608841690752,Mira
V* WZ Lup,5907013387157345152,Mira
V* V530 Nor,5933070404050321280,Mira
2MASS J16274418-4409549,5944133690054571264,Mira
IRAS 16183-4237,5992503852219043456,Mira
IRAS 18485-0211,4259152358301665280,Mira
2MASS J17523757-2443241,4067636639869351936,Mira
2MASS J17363500-3441011,4053364223074574848,Mira
2MASS J15332166-5401541,5885473782580389248,Mira
IRAS 19554+2715,2027516694523699968,Mira
2MASS J17343005-2032107,4118373633956428032,Mira
V* AC Sge,1824569594217709568,Mira
2MASS J18405575-1024364,4155169825733948288,Mira
2MASS J17255819-3352438,5976156583877293056,Mira
2MASS J17375434-3315385,4053771725193928320,Mira
2MASS J17322249-3127220,4055299530951284352,Mira
2MASS J17425912-2802134,4060592305059321856,Mira
V* V1162 Cen,6063321918693844224,Mira
OGLE BLG-LPV-64950,4057229517452880768,Mira
2MASS J09195156-4602536,5423496964082260992,Mira
2MASS J19022713+0138141,4268315894357290496,Mira
V* EM Sgr,4186027516431632128,Mira
V* AR Eri,3211694565909443584,Mira
IRAS 16092-5413,5932551297190401280,Mira
IRAS 17546-1601,4145296073896126848,Mira
IRAS 17259-3211,4054785719735330048,Mira
FASTT 1288,4266175931199123328,Mira
2MASS J17531409-2848084,4057359676472187264,Mira
V* V424 Hya,3070945807559159936,Mira
Mis V0143,4262024832483609216,Mira
IRAS 18186-1942,4091510851287965824,Mira
OGLE LMC-LPV-10812,4661657451840798208,Mira
ATO J278.8617+12.6758,4508153568325142912,Mira
2MASS J17425994-3346254,4053830312909463296,Mira
IRC +00413,4260471806622345088,Mira
IRAS 12458-5939,6056677501217932288,Mira
IRAS 17407-2829,4057558138298025472,Mira
IRAS 17426-3453,4041699431170239872,Mira
IRAS 18158-2258,4089679992621241216,Mira
V* CD Lup,5989163187956721024,Mira
2MASS J19493223+3049455,2033661654541227648,Mira
V* AL Per,436132698889138176,Mira
2MASS J17583105-3157203,4043768235337172864,Mira
IRAS 17419-1924,4119894022413537536,Mira
V* BQ Cyg,1981038516948888576,Mira
IRAS 17544-1710,4144605477429809280,Mira
2MASS J18313138-0615150,4256198795217117568,Mira
2MASS J17354737-2942251,4058563710476027904,Mira
2MASS J14270478-5454362,5892921805638669952,Mira
V* EX Sgr,4183168339514431744,Mira
V* V4023 Sgr,4076506434540028544,Mira
IRAS 15458-5148,5982012346602310016,Mira
2MASS J17535836-2735208,4063499830487151872,Mira
OGLE BLG-LPV-22072,4068438149545959424,Mira
2MASS J17481095-1945014,4119093990249242624,Mira
IRAS 17589-3232,4042949060437228032,Mira
2MASS J10434219-5832103,5350710290772905600,Mira
ASAS J064139-4615.9,5552775617124501632,Mira
2MASS J17395637-3828502,5961470136556958080,Mira
2MASS J18002992-2639100,4063993064536135936,Mira
2MASS J16434960-4751184,5939507735355572352,Mira
2MASS J17405201-2754567,4060652919978140416,Mira
2MASS J18063892-1635096,4144309949367266304,Mira
IRAS 16063-4859,5983671196099169280,Mira
M33SSS J013349.16+303738.2,303379520378636928,Mira
2MASS J17512941-2711373,4063761067511605632,Mira
2MASS J19155206+1404518,4320226518361044352,Mira
IRAS 19078+2503,2023661703678073472,Mira
IRAS 20439+3907,2063491237509219840,Mira
2MASS J18032077-2445242,4065935695364221568,Mira
2MASS J17495379-3113027,4055734185961392640,Mira
V* V1591 Sgr,4052272407989988480,Mira
2MASS J19014066+1514555,4506947399765912832,Mira
IRAS 18190-2442,4065248633720387072,Mira
2MASS J17530523-3224310,4043599288489422080,Mira
IRAS 10216-5813,5255584633543303808,Mira
IRAS 18216-2153,4090224216509278976,Mira
ATO J268.3864-14.0349,4148873575462637568,Mira
2MASS J18432930-1320118,4105355553735428736,Mira
ATO J283.5191-07.9249,4203963712253873152,Mira
IRAS 17422-2423,4068140800339681280,Mira
IRAS 16470-4746,5939387025263298944,Mira
2MASS J16583451-3113533,6029197029094810752,Mira
IRAS 08383-5129,5321682393509564544,Mira
IRAS 12050-6156,6057474784596769152,Mira
2MASS J16352717-4556296,5942916393231316864,Mira
2MASS J20002971+3537025,2059493310170478720,Mira
2MASS J17305554-3203539,4054872375004285056,Mira
MACHO 104.20384.47,4062911454335519232,Mira
2MASS J17541999-2824550,4063379674484178560,Mira
IRAS 19394+1417,4317634179206343552,Mira
2MASS J12285587-6348379,6053520558473641728,Mira
2MASS J18013217-1001054,4152246464767477376,Mira
2MASS J19084371+1207428,4313139444428424960,Mira
IRAS 17391-3314,4053926210946497024,Mira
IRAS 20405+4521,2070418023323685760,Mira
2MASS J18215472-0856472,4159160189586179584,Mira
2MASS J18251474+0340250,4278104708957915904,Mira
2MASS J18351823-0340278,4257808823845146240,Mira
2MASS J17460883-2058201,4118850684567771008,Mira
IRAS 18318-1858,4093250824052553728,Mira
IRAS 16194-4820,5941504723342995456,Mira
OGLE BLG-LPV-157940,4062756040865137280,Mira
2MASS J17463673-2701571,4060814372036544768,Mira
2MASS J17434936-2705381,4060989026881324672,Mira
V* AD Sco,6033921836748056704,Mira
IRAS 13082-6618,5857808523874614912,Mira
2MASS J17345183-3107173,4055323106047079936,Mira
IRAS 18476-2402,4075089129664313728,Mira
IRAS 19136+0759,4307989091413249536,Mira
IRAS 17497-3004,4056379324465320064,Mira
2MASS J15584599-4414120,5994372708410968192,Mira
IRC +80005,562424459878762240,Mira
2MASS J17540159-2354076,4067819158790193792,Mira
V* V342 TrA,5822829279389117440,Mira
ATO J114.9816-30.0714,5599283683371587328,Mira
2MASS J17521253-2751269,4063468666201138816,Mira
2MASS J17364027-2429335,4110290922158281728,Mira
2MASS J19550080+3157004,2033654168461292160,Mira
IRAS 17524-2024,4119117457947927552,Mira
OGLE BLG-LPV-6706,4059480565748797696,Mira
2MASS J17474708-2200479,4117043053083878912,Mira
OGLE LMC-LPV-68600,4657132407483431296,Mira
2MASS J18554772-0234178,4255897593421212544,Mira
MACHO 115.23212.24,4050053696612074752,Mira
V* V1100 Sco,6037970234235703552,Mira
OGLE BLG-LPV-219309,4050011605917123200,Mira
[RHI84]  9-1,5979351528463926528,Mira
2MASS J20171693+3407064,2055550839409042176,Mira
2MASS J10092600-6305368,5252759610222780672,Mira
OGLE BLG-LPV-103533,4043666564883509504,Mira
V* V1826 Sgr,4045720860529850112,Mira
IRAS 17027-4309,5965363571581457920,Mira
2MASS J19403805+3018071,2032831733764835072,Mira
2MASS J18233227-1131194,4154049354612572672,Mira
IRAS 18099-2646,4064537735080404736,Mira
2MASS J10554459-6325541,5241262910497800960,Mira
[WWV2004] J1747516-071906,4168823492344603264,Mira
IRAS 17386-2805,4060632029255297536,Mira
2MASS J17492795-1846540,4120290529398839936,Mira
V* V402 Ser,4153489600118408576,Mira
IRAS 16016-4734,5984756280961544448,Mira
CRTS J132718.4+284152,1449983780923890176,Mira
IRAS 17583-1523,4145434681046824064,Mira
2MASS J19073240+1130233,4312726096769565696,Mira
2MASS J17475033-3242336,4053995342714163456,Mira
IRAS 18178-0408,4269507661889850112,Mira
2MASS J17493031-3211177,4055545069964699520,Mira
2MASS J17311806-2829582,4059625254640311680,Mira
2MASS J17500915-3209309,4055534899481566720,Mira
V* ST For,5065909012189416704,Mira
2MASS J15491155-5142124,5982019424708529408,Mira
2MASS J17313436-2706583,4061548472176921728,Mira
2MASS J16404192-5043154,5937364752828512128,Mira
2MASS J17492747-3223033,4055507274227910400,Mira
IRAS 20165+2923,1861403268067377792,Mira
OGLE BLG-LPV-113243,4056164163797961984,Mira
2MASS J17083617-4210349,5965874913208196736,Mira
IRAS 18219-1622,4097760131703828864,Mira
MSX6C G327.5752-00.9163,5884677942328241280,Mira
2MASS J18482806-0413385,4255287884202039680,Mira
IRAS 10126-5222,5356720668010228736,Mira
2MASS J15374339-5822484,5881978778765691904,Mira
ATO J253.5038-25.2531,6034744477599801856,Mira
2MASS J11592159-6340172,5333004133498833152,Mira
IRAS 19162+0548,4293759177566581888,Mira
ATO J297.4760+31.4019,2033715427531407744,Mira
IRAS 18030-4137,6725243311771258240,Mira
2MASS J14402472-6215137,5877324752229558272,Mira
OGLE BLG-LPV-91325,4056391930195964800,Mira
V* OU Sct,4203884547412145280,Mira
OGLE LMC-LPV-51844,4658085649678112128,Mira
OGLE BLG-LPV-209300,4050801257090277760,Mira
2MASS J17571421-2524377,4064355937670501760,Mira
IRAS 18592+0001,4265895766186901120,Mira
VSX J181151.1-274748,4050955571051297536,Mira
V* V882 Oph,4470637608804045056,Mira
ATO J301.9523+32.7228,2055092098240410240,Mira
2MASS J17142852-3539129,5977028187367371648,Mira
IRAS 12427-6722,5856624178036049920,Mira
2MASS J15211336-5832375,5876895491628203904,Mira
ATO J271.8030-15.5719,4145945094963463808,Mira
V* V337 Aps,5785741549570879488,Mira
2MASS J17420415-3315344,4053903735309133056,Mira
2MASS J17401886-2154277,4117241789849902080,Mira
IRAS 19540+2443,1834487395222057600,Mira
2MASS J11192646-6058264,5337395548576028288,Mira
IRAS 06072-2742,2910038293791274880,Mira
IRAS 19464+2038,1826576409097567232,Mira
2MASS J17065696-5041224,5926027482290667648,Mira
ATO J275.4461+01.0453,4276487430419372800,Mira
IRAS 18376-0936,4155366255999105536,Mira
IRAS 17540-2125,4070409367676692480,Mira
2MASS J16433897-4347049,5967563007152532480,Mira
2MASS J18062435-2438280,4065856835447842816,Mira
2MASS J17314521-2912221,4058835525993162752,Mira
OGLE BLG-LPV-30263,4068727046122334848,Mira
[D75] 130,1868578406068410496,Mira
2MASS J14583682-5516571,5881634627258116864,Mira
OGLE BLG-LPV-168425,4062781845029208192,Mira
IRAS 15383-5807,5882297637146790912,Mira
2MASS J18472340-0525251,4253555564932187136,Mira
V* VZ Sco,6050252539330185216,Mira
2MASS J18424820-0514166,4256608225854335616,Mira
2MASS J17322258-3136566,4054910342517705088,Mira
ATO J266.0744+10.6882,4489883945667936640,Mira
2MASS J14545715-6427421,5873108262528415488,Mira
ATO J289.1878+04.6006,4293214369572095360,Mira
2MASS J18433582-0555149,4253430465502413056,Mira
2MASS J19123724+1316301,4314074029265505152,Mira
IRAS 10021-5903,5258256786081361408,Mira
V* RU Tau,3348120761797748736,Mira
IRAS 14169-6134,5854462022771607936,Mira
IRAS 18210-1114,4154076253982961536,Mira
2MASS J16292729-4942519,5940611984298171776,Mira
2MASS J17345782-2201239,4117615142729438720,Mira
2MASS J17205711-2738083,4107965042783089024,Mira
2MASS J18363977-0425003,4256878843169635584,Mira
IRAS 08236-4016,5527925103853366784,Mira
2MASS J17055069-3009405,6028991695410746624,Mira
2MASS J18252044-0618449,4160912300061464576,Mira
ATO J287.0802+14.8821,4512623254932185088,Mira
IRAS 18088-2013,4094248154122667904,Mira
ATO J274.4346-06.5598,4160678928697085312,Mira
2MASS J16192912-4420424,5990629494136885760,Mira
IRAS 17223-4557,5952002134483474432,Mira
2MASS J13440689-6050054,5868905482393538816,Mira
2MASS J17495650-2459524,4067289400350509568,Mira
2MASS J17545615-1958150,4119213145456683776,Mira
2MASS J17465289-2405569,4068516008728957568,Mira
OGLE BLG-LPV-179955,4063195540653057408,Mira
IRAS 19003+1241,4313811898840032256,Mira
2MASS J17185436-3429005,5978708863918082560,Mira
2MASS J12164057-6326366,6054160822186774912,Mira
2MASS J19022293+0928405,4310643759146379904,Mira
OGLE BLG-LPV-123172,4056519714093511168,Mira
2MASS J17241524-4151209,5959583786915011712,Mira
2MASS J16355733-5010446,5940317422591447680,Mira
2MASS J18065018-1619352,4144352761603767296,Mira
Mis V0954,4313970331611980544,Mira
SV* HV  8224,5242605414156233600,Mira
IRAS 17213-4705,5950349057454049024,Mira
2MASS J17401932-3722568,5962372148412896768,Mira
2MASS J17042896-4344554,5965323168853693952,Mira
2MASS J17542830-2835367,4063372905529076864,Mira
2MASS J18353417-0346257,4257804013481481728,Mira
2MASS J18381455-1251106,4106228123644638592,Mira
MACHO 177.24844.20,4065344123792468608,Mira
2MASS J14523122-6100480,5877826954121545472,Mira
V* V965 Aql,4261367083967139328,Mira
Terz V 4024,5978774040027488256,Mira
IRAS 15145-5652,5883213667713828864,Mira
IRAS 04246+6235,475748996191776768,Mira
OGLE BLG-LPV-84100,4056365198282418176,Mira
IRAS 18225-1750,4096297506452905600,Mira
2MASS J17295892-2859524,4059584984900639232,Mira
2MASS J13530516-6624155,5851114628339111936,Mira
2MASS J17323283-3047469,4058359476192243072,Mira
IRAS 17503-3315,4043230127479405312,Mira
V* V2044 Oph,4287392283690938240,Mira
2MASS J17555202-2203535,4070347726276362880,Mira
2MASS J17441580-2652173,4061016785263788416,Mira
IRAS 00372+5931,425510591936864896,Mira
2MASS J13083874-6634027,5857864255375439488,Mira
2MASS J18231890-1341540,4152386308912895744,Mira
IRAS 19152+0250,4292014046467836416,Mira
[T66b]  89,4058675310941221504,Mira
2MASS J17520152-2905188,4057325144901718784,Mira
V* BD Sco,6033729349169060224,Mira
2MASS J20165223+2303146,1830316397859390976,Mira
IRAS 18153-0706,4160439235153484288,Mira
IRAS 14067-5735,5868163690010894208,Mira
2MASS J18072771-2524158,4065663806813393024,Mira
2MASS J17451660-2629556,4061032491976837248,Mira
V* KS Sge,4513496232792348032,Mira
2MASS J16520763-3546129,6019810773240801280,Mira
OGLE BLG-LPV-158207,4063565178372154240,Mira
2MASS J18041470-2600411,4064119920626082048,Mira
2MASS J14120458-5846317,5867855723673669888,Mira
IRAS 17029-3952,5966960749670557568,Mira
OGLE BLG-LPV-150517,4044189794963232768,Mira
2MASS J18343662-1047062,4154803134241838208,Mira
2MASS J17510892-2850322,4057352151664034304,Mira
OGLE BLG-LPV-206506,4062843692557145216,Mira
OGLE LMC-LPV-21489,4652024424315849856,Mira
OGLE LMC-LPV-56911,4657906467921495808,Mira
2MASS J17072225-4553229,5963409400133815936,Mira
2MASS J13590452-5932233,5867593249632245632,Mira
2MASS J17472701-2121332,4118627007069060608,Mira
OGLE LMC-LPV-85382,4656999641397218560,Mira
IRAS 13164-6521,5858013892054149760,Mira
[WWV2004] J1646306-114728,4334030745111684096,Mira
[RLS2005b]  8,5980120838693575808,Mira
IRAS 19100+0259,4268232503336768384,Mira
2MASS J17040666-4614413,5963198706201251456,Mira
2MASS J13170272-5914025,6061966422676971392,Mira
2MASS J17554152-2820251,4062633621501759616,Mira
Terz V 2674,4061327710911679232,Mira
IRAS 16508-3855,5970389782833916928,Mira
2MASS J16185178-4654551,5989943948615614720,Mira
2MASS J17160133-3246049,5979464812519369344,Mira
ATO J267.0954+04.6605,4472634738532315264,Mira
2MASS J18431187-0005179,4272409651031498496,Mira
2MASS J16575205-3328051,6026462406285241088,Mira
ATO J280.3266-21.1567,4079998582200094336,Mira
IRAS 18246-1138,4153330067851996672,Mira
OGLE BLG-LPV-230242,4065078694793251712,Mira
IRAS 16153-5204,5934659919910807680,Mira
2MASS J18112018-1427240,4147252448588727296,Mira
2MASS J16341669-4941088,5940480390863338880,Mira
2MASS J15124016-5457571,5886728428416852480,Mira
IRAS 15134-6137,5875279729264682368,Mira
OGLE BLG-LPV-168637,4062670141650158080,Mira
[WWV2004] J0021489+445219,385792138828903168,Mira
V* V363 Aql,4292724949447615744,Mira
V* YY Tau,3390870053059822464,Mira
IRAS 19410+1801,1824179095766041472,Mira
IRAS 17463-1518,4148254339907783040,Mira
V* CL Gem,3371284727314090496,Mira
V* V1695 Sgr,4077933836804137088,Mira
ATO J264.4588-20.5480,4118405073116896512,Mira
2MASS J18185153-1057130,4154362504957251968,Mira
2MASS J18373428-1115393,4106681599109737856,Mira
2MASS J16054971-5624578,5836167558101947648,Mira
IRAS 18234-2925,4048110649050352768,Mira
2MASS J18013912-2050557,4070906449993614336,Mira
2MASS J17442872-2700356,4060803827905566336,Mira
2MASS J18040857-3126216,4043853962862425984,Mira
2MASS J16555984-3553597,5977701535158734336,Mira
2MASS J18363285-1249155,4104742850871018368,Mira
V* V1234 Cen,5369921576395055616,Mira
2MASS J16403130-4857237,5940859791061269120,Mira
2MASS J17493223-1732124,4120712540083182720,Mira
OGLE BLG-LPV-73202,4043525445090128128,Mira
SV* HV  1645,4685908619706954880,Mira
2MASS J17484844-2341561,4068553147229163648,Mira
2MASS J18144159-1432465,4146461998517404032,Mira
IRAS 18070-1434,4146872704796030208,Mira
2MASS J15593669-4734432,5984436254355703168,Mira
OGLE BLG-LPV-153775,4062571185461076864,Mira
2MASS J18273704-1846255,4093154792993912320,Mira
V* V2185 Oph,4107311997229161600,Mira
IRAS 13370-5731,5871872205286417408,Mira
IRAS 17484-2725,4063687297150349056,Mira
V* RR Oct,6369802160600517248,Mira
2MASS J18425911-0219383,4259480287678224000,Mira
2MASS J17165125-3437555,5978691473578390912,Mira
IRAS 07497-2045,5712391032943967104,Mira
Mis V0085,4044014594645061504,Mira
2MASS J17394118-3252006,4054164186448284672,Mira
2MASS J16541168-5101528,5936697521061155968,Mira
ATO J283.4911-15.0032,4101045743022473728,Mira
IRAS 18422-1032,4107156764308065152,Mira
IRAS 11248-7653,5200508962219751424,Mira
2MASS J17222249-2833005,4059799321038788608,Mira
2MASS J17062353-4252428,5965468059545844224,Mira
2MASS J15231771-5632162,5883335782215398272,Mira
2MASS J18263043-1412372,4104303355456664704,Mira
OGLE BLG-LPV-47924,4118655044585485568,Mira
Terz V  847,4107796229017288064,Mira
IRAS 17505-3214,4043561080443527936,Mira
V* V359 CMa,5606466449238660352,Mira
2MASS J18202043-1225579,4153594775258207104,Mira
OGLE BLG-LPV-222755,4064826283836599040,Mira
IRAS 16158-5151,5934668647285357952,Mira
2MASS J17272767-3218081,4057783400734071680,Mira
2MASS J16213606-4716557,5941879484995950080,Mira
2MASS J16585344-4604570,5963178360946589952,Mira
WOH G 234,4658203095603602304,Mira
2MASS J18014268-3241012,4042924115300252416,Mira
2MASS J16324681-3850476,6017686585481355520,Mira
V* ES Del,1813946559495575552,Mira
IRAS 19530+2300,1828070679747740032,Mira
V* V5789 Sgr,4050842836764703104,Mira
Terz V 2095,4041872230590258048,Mira
V* GG Sco,4039958564974131584,Mira
2MASS J17574001-1846467,4143407387720691200,Mira
2MASS J17500798-3025418,4055983122265852928,Mira
2MASS J17381780-2730303,4060540009551904256,Mira
2MASS J17555943-1839367,4119592343889940224,Mira
IRAS 14570-6057,5874864663666813952,Mira
2MASS J17520722-2903057,4057331153566994560,Mira
2MASS J17482292-1940318,4119100514220093568,Mira
V* RS Dra,2267976588964470656,Mira
IRAS 06379+5132,991739426463566848,Mira
2MASS J18012038-2010197,4071156451474390784,Mira
2MASS J19130406+1110035,4312786466801356544,Mira
2MASS J13424013-6546413,5851805396520066432,Mira
2MASS J18083178-1629157,4144150966832576896,Mira
2MASS J17435734-3244097,4054038532908858240,Mira
IRAS 16413-4459,5943237892946199296,Mira
IRAS 17384-3619,4040952179921843584,Mira
2MASS J17270101-2356000,4111283093934893824,Mira
IRAS 17360-2345,4116355450422499328,Mira
IRAS 18014-1357,4147188986177550336,Mira
2MASS J11563756-6436069,5332845803825820544,Mira
V* HM Vul,1828147061442421504,Mira
SHV 0502226-693113,4655255854664590080,Mira
IRAS 11395-5932,5336246868176208512,Mira
NSVS  13964490,4255460125230153216,Mira
2MASS J19165063+0747533,4307784749723774208,Mira
2MASS J18063089-1854177,4095373916589709184,Mira
IRAS 18391-0236,4259452009611675904,Mira
[RHI84]  8-281,5975073637953802880,Mira
2MASS J17144159-2300557,4114480709954394368,Mira
2MASS J17332148-2958403,4058543743095360000,Mira
IRAS 10580-6326,5240491774891936384,Mira
IRAS 15541-4449,5988298838708503936,Mira
2MASS J18292620-1335515,4104397471121603584,Mira
2MASS J17141529-2233058,4114548196798581376,Mira
V* V1346 Oph,4127714264405008896,Mira
2MASS J19134400+1305221,4313316637572741504,Mira
2MASS J19272819+2111555,2018028733827526784,Mira
2MASS J18180954-1735248,4097205492506416512,Mira
IRAS 14152-6245,5854142129274529536,Mira
IRAS 16030-5302,5932906301937626240,Mira
IRAS 10150-5703,5258742705809835904,Mira
OGLE LMC-LPV-1785,4656331142619733760,Mira
IRAS 17046-3729,5973450136008990464,Mira
2MASS J17463110-3100278,4055894164894011008,Mira
2MASS J16134792-4056589,5993647202534445312,Mira
2MASS J17312185-3421375,5975148404746447232,Mira
IRAS 18277+0245,4277003032666893184,Mira
IRAS 18374-0344,4258523059710447616,Mira
2MASS J17364602-2918536,4060079352897784448,Mira
2MASS J17240119-3034120,4058261963234172160,Mira
2MASS J17232229-3357579,5976108617690814208,Mira
2MASS J15430245-5640162,5882732322148782208,Mira
2MASS J16221876-5113545,5934806910811309184,Mira
2MASS J19144509+1508044,4320550530752436096,Mira
IRAS 15107-6050,5875464515969024640,Mira
V* V355 Gem,3381846464209792512,Mira
2MASS J18101045-2820571,4050869224990767488,Mira
V* WY Ara,5830957144219806464,Mira
2MASS J13115801-6017423,6061849706993536896,Mira
2MASS J15501191-5613150,5884116641675569152,Mira
ATO J269.7417-11.5718,4151829371932615040,Mira
2MASS J17542270-2510542,4067420620177843200,Mira
2MASS J16340555-5532573,5928858823468971136,Mira
V* V2405 Oph,4107534584027921024,Mira
IRAS 18342-0946,4155444703593678848,Mira
V* FV CrA,4037847360845839232,Mira
IRAS 11578-6401,6054053001290272768,Mira
2MASS J17490371-2908093,4057289337774416128,Mira
2MASS J17430736-1458145,4149048775756130560,Mira
2MASS J17150545-3109519,5980646409647160960,Mira
2MASS J17481047-3109187,4055931887574207872,Mira
2MASS J17310205-5005551,5949416151854626944,Mira
2MASS J17434653-2510163,4067937459420663168,Mira
IRAS 18530-0027,4265454724681373440,Mira
2MASS J17332488-2923004,4058771243236667264,Mira
2MASS J17464058-3120444,4055832523508164352,Mira
IRAS 17318-3422,4053550590253471232,Mira
2MASS J13173295-6657394,5857603842899921280,Mira
[T66b] 402,4058374010363678848,Mira
V* V658 Oph,4287221064790266496,Mira
2MASS J16594990-0543008,4364397370783931520,Mira
OGLE BLG-LPV-199607,4049989821885235968,Mira
2MASS J18104737-2339146,4066314099173597440,Mira
OGLE BLG-LPV-31087,4068755083744795136,Mira
IRAS 20133+3141,2054091031561774592,Mira
V* AA Tuc,6407730295236681216,Mira
2MASS J16363797-5100304,5940252139092849408,Mira
IRAS 18030-2850,4050407155211983360,Mira
2MASS J12554810-6423551,5861887093532705152,Mira
2MASS J17012607-3458513,5978058537247350272,Mira
OGLE BLG-LPV-148368,4042083572983619712,Mira
V* V1852 Sgr,4065340653479422592,Mira
ATO J270.9765-17.6103,4143965218095718528,Mira
IRAS 17076-3006,6028845735247166080,Mira
IRAS 14467-6138,5877761357025407232,Mira
ATO J267.8272-12.9695,4149770433343196160,Mira
2MASS J17361871-2854084,4060312311932112640,Mira
2MASS J17335734-2922130,4058774163897027456,Mira
2MASS J18443116+0024570,4278450780238423296,Mira
OGLE BLG-LPV-196446,4062885439635665280,Mira
V* GP Aql,4289310931474861056,Mira
IRAS 18525-0411,4255424395432260736,Mira
2MASS J18532777-0516366,4254918237793869440,Mira
2MASS J15203548-5615244,5886359404828289920,Mira
2MASS J17225005-3217486,5979363829250556928,Mira
2MASS J17481488-3231388,4055509816845687936,Mira
2MASS J18133576-1022342,4157100671176072192,Mira
OGLE BLG623.7    404,4118113672607732224,Mira
IRAS 16315-0545,4352370362842105856,Mira
2MASS J17423450-3955081,5961095615406827648,Mira
2MASS J17361629-3401152,4053586530545020928,Mira
[T66b] 403,4058571922485086336,Mira
2MASS J18185695-1843119,4094809764080670464,Mira
2MASS J18175198-1917292,4094578626126118656,Mira
2MASS J18094334-2000178,4094292581263073152,Mira
V* V437 CrA,6722797924862148096,Mira
IRAS F16572-1559,4139109121884718208,Mira
SV* DV   217,4661382848822715776,Mira
ATO J266.3256-04.3652,4176235089769194368,Mira
2MASS J17325769-3126098,4055300359898993280,Mira
IRAS 19104+3716,2098882798813387776,Mira
2MASS J17394148-2554446,4061910550772159616,Mira
2MASS J17332449-2602019,4062043213724523136,Mira
V* SY Ser,4138285209725334272,Mira
OGLE BLG-LPV-91728,4056398669006521984,Mira
IRAS 19058-0507,4206339791182481920,Mira
2MASS J17421499-2826385,4060200539661462528,Mira
IRAS 17520-2608,4063917747913887872,Mira
2MASS J18490801-1622243,4099339751983394432,Mira
2MASS J17484363-2451589,4067305888698125824,Mira
V* V516 Aur,960023051488788736,Mira
IRAS 19438+2515,2020936838997148288,Mira
2MASS J18283175-2229528,4089940091461905280,Mira
Terz V 2470,4061610796413389440,Mira
2MASS J14141014-5816552,5867904273986670208,Mira
2MASS J18122925-2218098,4090747309168786560,Mira
IRAS 18565+0023,4265888997364052864,Mira
2MASS J18072041-1748003,4143912063578781824,Mira
2MASS J17483625-2456482,4067298776231795712,Mira
IRAS 17286-2258,4117436407725943936,Mira
2MASS J17162808-3724548,5973674852996558336,Mira
2MASS J17275031-2351562,4111286151992365056,Mira
2MASS J16502189-4803292,5939360881826001280,Mira
2MASS J16293375-4648216,5942103716682026240,Mira
2MASS J17505922-2440238,4067675874357760768,Mira
2MASS J18012686-1657044,4144241092481206784,Mira
2MASS J17394347-2918557,4060042652321979648,Mira
IRAS 17317-2531,4062097884392395776,Mira
V* IY Mon,3158888870721693568,Mira
2MASS J18382805-1005060,4155232734053574144,Mira
2MASS J17324374-3439161,5975125452440975616,Mira
2MASS J18123949-2051237,4093990176906711936,Mira
2MASS J17381584-2942216,4060005646881066240,Mira
2MASS J18450529-1454339,4100499015221448448,Mira
V* AQ Cyg,1866103783354731776,Mira
ATO J288.5551+03.6929,4292313281095279232,Mira
IRAS 17570-3443,4042090273153454464,Mira
IRAS 15413-5702,5882513450665167872,Mira
2MASS J17180623-4017267,5971971297204727424,Mira
IRAS 14340-5827,5879291434875859584,Mira
2MASS J18212484-1032527,4154452222527836544,Mira
2MASS J17305189-3206262,4054871790871575040,Mira
2MASS J18131255-2146575,4090800291892923776,Mira
ATO J289.7123-02.3891,4214618598328867968,Mira
2MASS J18380657-0936392,4155464632243698432,Mira
IRAS 18016-0621,4171422703471250560,Mira
IRAS 17089-1949,4128259244244170240,Mira
2MASS J18411916-1101445,4107027090652832640,Mira
IRAS 15467-5612,5884112106157004032,Mira
2MASS J17374840-3019274,4055471196514141440,Mira
V* AQ Sct,4102526097990318848,Mira
OGLE BLG-LPV-177568,4050245217818714368,Mira
IRAS 21004+4912,2168649594738397696,Mira
IRAS 11375-6046,5335691305567548288,Mira
Terz V 3767,5979796006112021504,Mira
MACHO 301.45775.97,4104571365832651520,Mira
IRAS 18264-1948,4092763676070168448,Mira
2MASS J17410174-3327432,4053897383122787456,Mira
V* V1264 Sgr,6770705231333811328,Mira
2MASS J17134910-3432390,5978658045882844160,Mira
2MASS J18045883-2438397,4065952115003122816,Mira
IRAS 19366-1306,4183679200105007744,Mira
IRAS 15153-5520,5886471383218429056,Mira
2MASS J17363419-2403582,4116370396890065024,Mira
2MASS J19042344+0812247,4307442599750681472,Mira
2MASS J18094181-2304439,4066538463930137728,Mira
OGLE BLG-LPV-90094,4070230142983357696,Mira
2MASS J16522670-3955461,5969951391221601024,Mira
2MASS J17205458-2748352,4107954047664226048,Mira
IRAS 18317-1608,4102894473129251200,Mira
2MASS J17235093-3213177,5979368188622131456,Mira
2MASS J17540229-2800270,4063454230748191232,Mira
2MASS J17491922-2433388,4067690584661860864,Mira
SHV 0542210-741016,4650264243619100544,Mira
V* FT Aql,4263306656846296192,Mira
2MASS J18270665-0945021,4156016307892249344,Mira
2MASS J17234789-2656318,4108106948496940800,Mira
2MASS J19011717-0235039,4261662680826386688,Mira
ATO J276.9680-18.2420,4096211022994435840,Mira
2MASS J18032044-2439343,4065963767273021184,Mira
2MASS J19020059+1227261,4313774515442699520,Mira
IRAS 20405+4817,2167603168907920000,Mira
2MASS J18195042-1940327,4094503202159786624,Mira
2MASS J10490438-6327025,5241392927741799552,Mira
OGLE BLG-LPV-155861,4062577134003439360,Mira
2MASS J17302728-3859561,5961957082739730176,Mira
2MASS J17284182-3134508,4057915307772150912,Mira
2MASS J17081816-3724049,5976455139981085056,Mira
2MASS J16370343-4501519,5943435397058539776,Mira
2MASS J17363538-2920281,4060079249818568320,Mira
2MASS J18223357-1407016,4152345695699128320,Mira
2MASS J17562027-2220313,4070291651205322112,Mira
V* V1503 Cyg,2126844375938801536,Mira
2MASS J17301559-2946407,4058655485368143616,Mira
2MASS J19405247+1637485,4318937134882113024,Mira
2MASS J17322184-3100391,4058320443524606976,Mira
2MASS J17241794-2648227,4109610530645648640,Mira
2MASS J16464976-3624247,6019729478103732224,Mira
2MASS J18102174-2228208,4066709751563181824,Mira
2MASS J18055155-1722548,4143984356472713856,Mira
OGLE BLG-LPV-47360,4041451147646695680,Mira
IRAS 16158-5135,5934778495294454144,Mira
2MASS J17195366-2919393,4059372710541415040,Mira
IRAS 17307-2109,4117903012941200768,Mira
IRAS 18249-1857,4093102772255896704,Mira
IRAS 17359-2022,4118436379211298048,Mira
2MASS J16524798-4814261,5939296629083803904,Mira
OGLE BLG-LPV-93312,4043601276999839744,Mira
2MASS J18070394-2638075,4063275903694998912,Mira
IRAS 16014-5459,5932460072061043328,Mira
IRAS 10456-6457,5239507918127693184,Mira
2MASS J17421700-2706528,4060904020982118784,Mira
IRAS 18441-0048,4260303169006539008,Mira
2MASS J16360362-5149139,5931202844820561792,Mira
2MASS J17494310-1856169,4120272426201983488,Mira
Terz V  175,4058294501910578432,Mira
V* LL Ara,5947035816564917760,Mira
ATO J291.8004+11.0526,4314843751817975808,Mira
IRAS 17516-3751,4036833164448064768,Mira
IRAS 18232-2748,4051653619115603200,Mira
V* V595 Sgr,4038661721030890880,Mira
2MASS J14431174-5346260,5894724489312368896,Mira
V* V2513 Sgr,4052180083389410432,Mira
IRAS 18345-1041,4154778811886001664,Mira
2MASS J18271001-1546594,4097898910684939776,Mira
2MASS J17460940-3115000,4055881039473779712,Mira
OGLE LMC-LPV-34466,4658151212377072640,Mira
2MASS J18024695-3322230,4042827053349381504,Mira
ATO J281.6736+10.4956,4503763596374273536,Mira
OGLE SMC-LPV-2275,4685740394306385536,Mira
IRAS 17476-2250,4068899458994874240,Mira
2MASS J18323139-1918143,4092852186762745600,Mira
IRAS 18391-0545,4253494134079568256,Mira
2MASS J17373687-3659487,5962628742572475904,Mira
2MASS J17442309-2701391,4060803415615582080,Mira
Terz V 2639,4061322350790294272,Mira
IRAS 17373-2539,4061937836787012992,Mira
2MASS J18205786-1217353,4153621021810960128,Mira
V* PQ Sct,4203651210408228608,Mira
2MASS J12102555-6132246,6057786702240278272,Mira
2MASS J17370228-3704210,5962535769475985408,Mira
2MASS J16311095-4146385,5968768076221354624,Mira
V* V436 Lyr,2040076617702571648,Mira
2MASS J17520264-2320586,4068637401598372864,Mira
2MASS J15582929-5334561,5980862497961842176,Mira
2MASS J17342477-3337515,4053659373183550080,Mira
2MASS J16103576-4406544,5991583148664495872,Mira
V* V1701 Aql,4220187727784420864,Mira
Terz V 2947,4060467789744123904,Mira
IRAS 20035+3010,2029844017046799232,Mira
2MASS J19141490+1333252,4320089835375701760,Mira
2MASS J17512504-2326247,4068613379812413056,Mira
IRAS 10284-5418,5352521392592772352,Mira
2MASS J17455696-3158438,4055774627360563840,Mira
2MASS J14000282-6052368,5867225050653703040,Mira
V* V1157 Cen,6136073545046556672,Mira
2MASS J18474979-1606174,4100112743020802304,Mira
IRAS 19426+1733,1821097886252570112,Mira
2MASS J18413360-0339058,4258515019531144576,Mira
2MASS J16584464-3855170,5970207165131093248,Mira
V* V1037 Aql,4317533161587620096,Mira
2MASS J15470874-5533295,5884388461512178816,Mira
2MASS J18064099-2327166,4066545511995027200,Mira
2MASS J17504279-3915045,5958186101468021632,Mira
IRAS 16351-5010,5937395058118335488,Mira
2MASS J18274668-2710082,4051977532774986368,Mira
ATO J263.0077-15.1483,4137153228162944000,Mira
2MASS J17353417-3027334,4058456301953524224,Mira
IRAS 19160+0642,4294155070480797056,Mira
OGLE LMC-LPV-14836,4655227885831030400,Mira
2MASS J14531731-5609517,5881119235534861824,Mira
IRAS 17536-3820,4036606016615704576,Mira
IRAS 20130+3424,2055761155371477888,Mira
2MASS J17230583-4121206,5959656354698509312,Mira
IRAS 14229-6322,5853313514202737664,Mira
2MASS J17504277-2137504,4070540587578359424,Mira
IRAS 18357-1408,4103789849167046656,Mira
2MASS J14205907-6254179,5854146325526977920,Mira
V* LW Per,439786272950008704,Mira
2MASS J17403927-3210253,4054317190325807360,Mira
2MASS J18574035-0042096,4265373257736811776,Mira
2MASS J11504385-6300144,5333096526842942976,Mira
2MASS J17451254-3135532,4055799194573816576,Mira
2MASS J17340806-3346142,4053651848397197952,Mira
2MASS J16533900-3013316,6029550380349852928,Mira
IRAS 13268-6213,5865337773312430208,Mira
OGLE BLG-LPV-83584,4056573216484117376,Mira
IRAS 17062-3127,5980215298030547456,Mira
OGLE GD1314.18.19550,6054447485470825216,Mira
IRAS 16564-5158,5936365571641470720,Mira
2MASS J17002740-4432471,5964490185693052672,Mira
IRAS 17500-3135,4055669898920271232,Mira
2MASS J17175706-2757255,4107939582260338432,Mira
IRAS 17396-2337,4068424435620935424,Mira
2MASS J18500303-0408022,4255284345150006144,Mira
IRAS 17363-2811,4060266785229163520,Mira
2MASS J17214846-2941598,4059302547945414784,Mira
Terz V  638,6030010732157044480,Mira
IRAS 16527-3434,6025967626064996352,Mira
2MASS J17553369-2230520,4070194997301001728,Mira
IRAS 12415-6053,6056265626687244544,Mira
V* V1735 Aql,4517254702802810112,Mira
V* V663 Aql,4291516483072064256,Mira
2MASS J17390709-2143220,4117263165998224256,Mira
IRAS 18203-1314,4152554431111514752,Mira
2MASS J16380242-4810455,5941030593315048320,Mira
IRAS 18537+0815,4310084726189827072,Mira
2MASS J17532546-1554502,4147993519521694720,Mira
2MASS J17355247-2646200,4061759544098999808,Mira
SHV 0531170-713922,4651702709764242304,Mira
IRAS 17367-2643,4060977756985939584,Mira
2MASS J17363375-2423347,4116308824231870208,Mira
2MASS J17470420-2714486,4060755518137691008,Mira
2MASS J15055210-5938462,5876585910380419712,Mira
2MASS J17553292-2752516,4063435715182261120,Mira
CRTS J082148.1-491207,5515116622325684864,Mira
IRAS 18181-0723,4160380720530407424,Mira
ATO J284.4706-01.7614,4264959218497285248,Mira
2MASS J17175403-3852218,5972647599933665280,Mira
ATO J266.5786-10.0322,4164848379858265088,Mira
2MASS J17414346-2836013,4060197481644661120,Mira
[T66b] 379,4058744266524593536,Mira
Terz V  708,6028867794202812800,Mira
2MASS J16571927-3133156,6027684066822591104,Mira
Terz V 1499,4061490777854966528,Mira
ATO J278.8886+03.1314,4282987914976586368,Mira
IRAS 06208+1218,3332111911152173568,Mira
2MASS J18122451-1559387,4145681791940850560,Mira
IRAS 17310-2046,4118341237119672320,Mira
2MASS J17475569-3241366,4053995480153110528,Mira
[WWV2004] J0648294+312440,936948902329026432,Mira
2MASS J17352113-2952569,4058508082076290432,Mira
V* VZ CMi,3159912447325897344,Mira
V* V1893 Sgr,4051825456571854208,Mira
2MASS J18084092-1648144,4144124406754390400,Mira
2MASS J18570108-0920348,4203557889351493248,Mira
2MASS J19103441+1031155,4312351919163069952,Mira
2MASS J17364006-3411200,4053572065093517824,Mira
OGLE LMC-LPV-35695,4652120872123778176,Mira
2MASS J18102377-1834353,4095585675677838976,Mira
V* V5804 Sgr,4050947423420262784,Mira
V* V555 Aql,4221372417209719936,Mira
2MASS J18394609-0428012,4256901692355029888,Mira
2MASS J14184059-6242231,5854195700476197376,Mira
IRAS 18389-1438,4103515692815812480,Mira
2MASS J18420679-0757570,4251813496243297152,Mira
2MASS J17275351-3218114,4057781029933698304,Mira
IRAS 21404+5308,2173482979139020800,Mira
V* IT Ser,4147456167486655616,Mira
2MASS J17404365-2832022,4060196656964793088,Mira
2MASS J17185303-2721360,4108170509644876416,Mira
V* KU Vul,1831858119320195456,Mira
2MASS J17164964-3852067,5972690996284182656,Mira
2MASS J17573256-1722170,4144582559557688960,Mira
2MASS J15220053-5555384,5886394142524634752,Mira
2MASS J18293366-0707161,4159875151339114624,Mira
OGLE BLG-LPV-229954,4065182010189179008,Mira
2MASS J18471362-0444391,4255143161006957056,Mira
2MASS J19090514+0529051,4305503885872494336,Mira
OGLE SMC-LPV-14055,4685898900131822976,Mira
2MASS J18190620-1427453,4146350088848577664,Mira
2MASS J19344468+1822278,4323098167880372480,Mira
ATO J281.0603+09.6262,4479584407963330688,Mira
2MASS J16452256-4301270,5967538925293438464,Mira
M33SSS J013337.55+303427.9,303377493149908736,Mira
IRAS 18299-1656,4096779264276891136,Mira
OGLE BLG-LPV-128837,4043372063173585024,Mira
IRAS 23275+6201,2015761742677980288,Mira
2MASS J18324707-2324432,4077773346816739712,Mira
IRAS 18533+0005,4266602992687516288,Mira
IRAS 15445-6601,5822433730086371456,Mira
IRAS 19467+2202,1827575899514936448,Mira
2MASS J17353804-2903514,4060286026644975104,Mira
2MASS J17401083-2753009,4060840627271227776,Mira
2MASS J17185542-2243371,4114691403893397376,Mira
M33SSS J013347.33+304736.0,303384639978183040,Mira
OGLE BLG-LPV-65204,4057225875330234368,Mira
IRAS 19047+0502,4305462894711564288,Mira
2MASS J17283855-4335270,5958576767343391744,Mira
OGLE BLG-LPV-222686,4064584739169580800,Mira
V* V1659 Sgr,4090121923203267456,Mira
V* V1536 Sco,6248823549034053248,Mira
2MASS J17564109-2124559,4070597654712373632,Mira
2MASS J17322763-3019309,4058425962295383552,Mira
2MASS J11134172-6338396,5240715834729173888,Mira
2MASS J17503723-2552498,4066978135456110976,Mira
2MASS J17434625-3213568,4054277882803250048,Mira
IRAS 18175-0628,4161047368171298048,Mira
ATO J286.8898+00.5215,4267194529975600768,Mira
2MASS J17475014-3032567,4056013182716243200,Mira
2MASS J17102375-5038561,5926086271797021952,Mira
2MASS J18595014+0932216,4310843728515000448,Mira
IRAS 11560-5354,5368295501778722304,Mira
V* X Del,1764767947004007296,Mira
ATO J286.0126-00.9100,4262500817930188928,Mira
V* V1443 Cyg,2047577108064209664,Mira
ATO J289.2732+09.1490,4308217343158965760,Mira
2MASS J17511231-2736526,4063675305588561664,Mira
2MASS J16283942-4755191,5941954423606728960,Mira
2MASS J16353863-3453580,6020714984101803392,Mira
Terz V 1983,4041801312112054272,Mira
2MASS J18273344-1531418,4103922924429053568,Mira
2MASS J17204382-3442378,5975685413084414592,Mira
2MASS J17572025-2750140,4063514570790347008,Mira
OGLE BLG-LPV-90661,4056567650141015168,Mira
2MASS J20071785+2857112,2029128819084359552,Mira
2MASS J18281929-1623151,4097043078378470528,Mira
IRAS 16129-3317,6035527982702979584,Mira
V* RX Lup,5986084868975653120,Mira
2MASS J17534504-2347345,4067847058901469824,Mira
IRAS 18241-1403,4104401181955956992,Mira
2MASS J18000288-2640241,4063970387030230912,Mira
2MASS J18464387+0038028,4278469987333360640,Mira
IRAS 18203-0847,4159189915085299456,Mira
IRAS 14082-5813,5868085452888239744,Mira
V* V2695 Sgr,4038459170343818880,Mira
2MASS J14501555-6047432,5877887530345157248,Mira
2MASS J17203706-4124149,5959836812004545024,Mira
2MASS J16114832-5037179,5935036021556730112,Mira
2MASS J13481107-5952213,5870468472545833088,Mira
NSV 13320,1857848611387561216,Mira
2MASS J16524591-4835483,5939282262421941760,Mira
2MASS J15571727-5427030,5884710618417529344,Mira
2MASS J16374124-4506191,5943421618794709248,Mira
IRAS 18249-2106,4090379625599319552,Mira
IRAS 09244-5250,5312294243531021056,Mira
2MASS J17211188-3418054,5976084741961549312,Mira
Terz V 4140,5979495598884479488,Mira
OGLE BLG-LPV-99121,4040390982244518912,Mira
Terz V 4003,4059239119841498496,Mira
IRAS 13452-6036,5865914535888086784,Mira
2MASS J17432078-3220316,4054252211764179712,Mira
IRAS 17431-3901,5961231989204218112,Mira
V* V641 Aql,4302236682772360832,Mira
2MASS J16430276-4923416,5937833419662149248,Mira
IRAS 17578-1353,4150121899104766464,Mira
2MASS J18463277-2016226,4080159110897718528,Mira
V* IN Sge,4514754142807557632,Mira
OGLE BLG-LPV-22284,4053805951779869312,Mira
2MASS J13355636-6412428,5864193319205785856,Mira
2MASS J19081811+0555593,4305671733198930048,Mira
2MASS J16545093-3122437,6027728597033917440,Mira
IRAS 18368+0836,4479401407964600832,Mira
IRAS 21590+5237,1981245053337812992,Mira
IRAS 13240-6313,5865137937176404480,Mira
ASAS J181322-2247.0,4066654118816629376,Mira
2MASS J18012601-2552319,4064173728024855680,Mira
V* AX Cru,6058612401112117376,Mira
[WWV2004] J1742554-122111,4162014972773639040,Mira
OGLE BLG-LPV-75435,4043390205127527296,Mira
2MASS J17471054-2617286,4067043586452880000,Mira
OGLE J004606.84-730417.5,4688858373092808704,Mira
IRAS 18430-1102,4106842681905245440,Mira
2MASS J18023626-1615323,4145142657648250752,Mira
2MASS J17392088-1915267,4120050084334562048,Mira
2MASS J17314153-2510395,4110204782273383296,Mira
IRAS 14040-6014,5866873310015711872,Mira
2MASS J18303219-2150376,4090083822585357184,Mira
2MASS J18293083-1053409,4154929616752934144,Mira
IRAS 17538-2345,4069289991783534208,Mira
V* V422 Oph,4471402186002782336,Mira
2MASS J18390074-0907026,4155588357347868672,Mira
2MASS J17400365-3340388,4053517673686744320,Mira
IRAS 11547-6022,5335246518751681792,Mira
V* IY Sge,4513573095531067520,Mira
OGLE BLG-LPV-169616,4063950939487367040,Mira
2MASS J12460694-6410571,5862643179576461952,Mira
2MASS J17221217-2722385,4108064170619527936,Mira
IRAS 17472-3427,4041631059547754496,Mira
2MASS J18385682-0324384,4259285674130837248,Mira
2MASS J17372473-2926149,4060028431760718592,Mira
V* V1466 Cyg,2073998097600705664,Mira
2MASS J19011795+0751578,4307075981341194496,Mira
IRAS 17412-3229,4054048462873925632,Mira
2MASS J16482335-3032104,6030947795215583872,Mira
OGLE BLG-LPV-198180,4042861103860766080,Mira
IRAS 16013-5826,5834764993554337536,Mira
IRAS 18086-1210,4147810175871273472,Mira
V* GL Lup,5986350744629335936,Mira
M33SSS J013413.04+304604.6,303386564120225152,Mira
Terz V 3182,4067881414313432576,Mira
2MASS J18273222-1121225,4153390403555272064,Mira
2MASS J18573526-0331548,4255576570390670976,Mira
IRAS 17355-2326,4116506461470984704,Mira
2MASS J18505912-3400299,6735700148368018816,Mira
2MASS J12152247-6259497,6054422024902869248,Mira
2MASS J16523045-4959013,5937610012652498304,Mira
V* V655 Aql,4300993792271374080,Mira
2MASS J13490970-6433496,5864261592004819200,Mira
IRAS 14447-5732,5880872360804190080,Mira
IRAS 15251-5558,5883711024913023872,Mira
2MASS J14125123-6201026,5854115367382842368,Mira
2MASS J17264930-3336331,5976190054572918656,Mira
V* DT Vul,1832925229720093056,Mira
2MASS J17300835-3206414,4054878387942227840,Mira
V* DS Lib,6248477202872565504,Mira
IRAS 18505+0541,4282666750182488064,Mira
2MASS J18085695-1622572,4145653037154223616,Mira
IRAS 19478+2231,1827991343115681920,Mira
V* CR Nor,5834624118614272896,Mira
2MASS J17422899-2634141,4061066194569975680,Mira
2MASS J18313597-0452478,4257221547167541248,Mira
2MASS J17440739-2533130,4067889493239001344,Mira
IRAS 19242+2402,2022743920735446016,Mira
OGLE BLG-LPV-70854,4056417669946961280,Mira
V* FN Sco,5980031537732255616,Mira
2MASS J19171861+0912258,4308219129865420160,Mira
MACHO 178.23015.10,4064848347129555328,Mira
2MASS J18251532-1041101,4154256024137463552,Mira
2MASS J17475143-2052078,4118861787149731200,Mira
IRAS 18009-3108,4043878938035237120,Mira
IRAS 06357-1353,2950920713094715264,Mira
OGLE BLG-LPV-52411,4056425572634267264,Mira
2MASS J14084920-5819217,5868081913830083840,Mira
2MASS J13573559-6131471,5866349289647715328,Mira
2MASS J18040007-2541070,4064146132789292672,Mira
V* V659 Cas,428227141571686272,Mira
IRAS 18393-0635,4253368716683812864,Mira
V* V338 And,1938316649039575552,Mira
2MASS J17581349-3232125,4043315438324599680,Mira
2MASS J17311809-3030395,4058417578517403648,Mira
IRAS 18583+0557,4282551477555893504,Mira
IRAS 18375-1126,4106635870610741888,Mira
IRAS 11221-6109,5334366016072886528,Mira
2MASS J18255255-1504362,4103998520238376064,Mira
2MASS J18474510-0418295,4255195834490025984,Mira
2MASS J18285693-0823193,4156632554108035968,Mira
IRAS 17456-2631,4066856845591238912,Mira
2MASS J17285004-2954413,4058694655437012864,Mira
2MASS J12330009-6914467,5855634548826273024,Mira
IRAS 13009-6724,5857175888042908288,Mira
2MASS J17571105-2933007,4056328742557590528,Mira
IRAS 17378-2008,4119757266281591296,Mira
IRAS 16005-5324,5932873969421185024,Mira
V* SV Ant,5657388131255631488,Mira
IRAS 19387+1825,1824401536387912448,Mira
2MASS J17201881-3348258,5979113346744373632,Mira
ATO J291.1106+23.9294,2022714027761174400,Mira
2MASS J18083185-1851587,4095179131227091712,Mira
2MASS J16463677-4314198,5967520572881833216,Mira
2MASS J20101859+2836414,1837278471124437248,Mira
2MASS J18143744-2058046,4093929742456961408,Mira
2MASS J10424646-5721125,5351179747887120128,Mira
V* V374 Lyr,2049154636670430976,Mira
IRAS 18163-3106,4046316972047940864,Mira
OGLE BLG-LPV-212090,4050080595934498048,Mira
OGLE BLG-LPV-4280,4059511970559734912,Mira
2MASS J16343009-4057493,5968903140029382144,Mira
2MASS J16113704-5254134,5933255706103498112,Mira
V* GV Cnc,662945695541783296,Mira
2MASS J17490077-2507539,4067281669408947072,Mira
OGLE BLG-LPV-165752,4063941078163965824,Mira
2MASS J17264973-3057344,4058182175558912000,Mira
2MASS J15343790-6028588,5875697956046873472,Mira
2MASS J14175768-5850584,5891085518139008896,Mira
V* KL Gem,3357266293361087232,Mira
2MASS J09314367-5600252,5307065348501687168,Mira
V* CE Sco,6018639346665187968,Mira
2MASS J17574944-2700303,4063629568484906240,Mira
2MASS J17512535-2802016,4057460900311751296,Mira
2MASS J17402728-2332286,4116458220411852544,Mira
IRAS 19132+1321,4319345431622829312,Mira
2MASS J17322537-2940438,4058742209335657856,Mira
ATO J290.3691+28.9063,2038133063411617792,Mira
StM 378,4376497839845387392,Mira
2MASS J17142925-3145577,5980343803447402368,Mira
IRAS 16256-4958,5940552683678677248,Mira
2MASS J17411636-2648153,4061055375624100224,Mira
OGLE BLG-LPV-228868,4065612129723289600,Mira
V* TT Vul,1855926669367042048,Mira
2MASS J19040922+1014401,4310981137413435392,Mira
2MASS J17465032-3221063,4054065058618139136,Mira
2MASS J16404938-4720552,5942582038579763840,Mira
2MASS J15305897-5413144,5885455881141650688,Mira
V* V962 Sgr,6736982483851825024,Mira
IRAS 15458-3131,6016423177890033792,Mira
2MASS J18183760-2050351,4091313488890628992,Mira
[T66b]  18,4058621159981309696,Mira
IRAS 16296-5022,5940332918841269376,Mira
IRAS 18440-1236,4105505332126658944,Mira
2MASS J17325376-2958088,4058538868361123328,Mira
Terz V 1202,4107902370643289344,Mira
2MASS J17324993-3031068,4058373494904979456,Mira
IRAS 21148+5233,2175464024204001664,Mira
2MASS J17313123-4101392,5959329353049995008,Mira
IRAS 18475-0500,4254913328717332864,Mira
2MASS J16235723-4723477,5941845503209609472,Mira
Terz V 3031,4061856232403323008,Mira
IRAS 11185-5826,5339267260977244544,Mira
IRAS 20252-1841,6860834673361151104,Mira
IRAS 17177-3945,5972351522066293888,Mira
2MASS J18451449+0239194,4280122072254338560,Mira
V* EF Cir,5892998599677603968,Mira
2MASS J13234750-6152447,5868522268221734912,Mira
2MASS J17095736-4059212,5966061044211824128,Mira
OGLE BLG-LPV-74347,4055745692160917376,Mira
2MASS J17004328-3856596,5970252966674209408,Mira
2MASS J17110357-3506161,5977301179879360768,Mira
IRAS 10397-5645,5351240427188537600,Mira
V* RU Mus,5862002714062184192,Mira
2MASS J19045278+0227545,4268533597678841344,Mira
2MASS J17470415-3034376,4056014973748070912,Mira
2MASS J13294233-6320577,5865239229550137600,Mira
2MASS J13024716-6325221,5862364487711865600,Mira
IRAS 17359-2348,4116355003669150464,Mira
IRAS 16275-4918,5940598313418498176,Mira
2MASS J18371781-0257437,4259373944305705088,Mira
2MASS J16032482-5745110,5835692500354499840,Mira
2MASS J17205984-2736141,4107966211042818560,Mira
2MASS J16172488-4133446,5993374321813306240,Mira
2MASS J18442365-0856493,4251484050691695104,Mira
Terz V 2655,4061278061074322816,Mira
IRAS 18594+1044,4311821404847186688,Mira
2MASS J18083378-2304533,4066582002067088640,Mira
V* V4569 Sgr,4120579636633349760,Mira
OGLE BLG662.25  42740,4058280723653725696,Mira
SHV 0520355-694322,4658165604849567232,Mira
2MASS J18253801-2043326,4091156945961939968,Mira
IRAS 18055-1002,4158094457893378944,Mira
2MASS J17185694-3044177,4058959465956312960,Mira
IRAS 17457-3234,4055495381461881088,Mira
OGLE SMC-LPV-3315,4688935716851638656,Mira
2MASS J17342868-3852290,5961812393880266368,Mira
V* S Sex,3806792486979461760,Mira
IRAS 16308-4252,5944459179806011008,Mira
2MASS J17313856-3944061,5961667808108082560,Mira
2MASS J16295001-5049126,5934493378208869760,Mira
M33SSS J013308.63+302258.6,303269049520585984,Mira
ATO J296.2599+17.1870,1820976660753452416,Mira
OGLE LMC-LPV-73671,4657696736103874688,Mira
IRAS 08066-3624,5544573603991222784,Mira
2MASS J18013014-2453131,4065977236291796224,Mira
2MASS J18505582-0527237,4254809459237478656,Mira
2MASS J18385872-0610503,4253082573098552960,Mira
2MASS J17170574-4620115,5951187641229874688,Mira
2MASS J17341608-3113468,4055321177585394176,Mira
OGLE BLG-LPV-110103,4056085892281409664,Mira
2MASS J17324620-3535314,5974823907066281728,Mira
2MASS J18014001-2547126,4064176648569768960,Mira
IRAS 19571+2951,2030229705130656512,Mira
2MASS J18403303-0201062,4259738157496123264,Mira
2MASS J15311066-5456319,5883920550604238848,Mira
Terz V  171,4058093188172493440,Mira
IRAS 18291-0615,4256199173173859840,Mira
2MASS J17501623-3239096,4043486691644242176,Mira
2MASS J17390062-2945524,4057002811911724160,Mira
2MASS J17072993-3910551,5973189860990590464,Mira
2MASS J18445416-0820541,4251820608704876800,Mira
2MASS J17480717-2446270,4067310497230640640,Mira
IRAS 15272-4957,5890299848378471808,Mira
2MASS J13185069-6126462,5869333295483445504,Mira
2MASS J17413772-2402555,4068376886114383232,Mira
2MASS J17500492-2905543,4057248793284257152,Mira
2MASS J18322533-1205236,4153065257357609472,Mira
[D75] 123,1871820900219337984,Mira
2MASS J16501454-3646123,5971611378951611648,Mira
IRAS 17379-1619,4124123633093892480,Mira
2MASS J17372313-2847474,4060132163821965824,Mira
2MASS J17272012-2830202,4059674212850795904,Mira
V* FV Mus,5839301990780430336,Mira
2MASS J18275024-2516163,4076965858643603712,Mira
2MASS J18161413-2058113,4090947248493273344,Mira
2MASS J16331097-5225243,5934069550888781312,Mira
2MASS J18012064-1556051,4145212957679179520,Mira
V* EZ Pup,3037702348376043520,Mira
OGLE BLG-LPV-228672,4049820600195987840,Mira
OGLE BLG-LPV-92556,4056555585560974080,Mira
2MASS J16420623-4319354,5967610840224187264,Mira
IRAS 17413-2026,4119678930442361344,Mira
OGLE BLG-LPV-22564,4068302840790916480,Mira
OGLE BLG-LPV-177581,4062786659711393408,Mira
IRAS 17312-3028,4058452384942082688,Mira
IRAS 15366-5505,5885120770616862848,Mira
Terz V 2479,4061337331626784768,Mira
[LZM2008] Sgr5,6761408207712776576,Mira
V* MO Aql,4318462622539646592,Mira
2MASS J17382776-2153520,4117236021799407360,Mira
OGLE BLG-LPV-227132,4065370816944580096,Mira
2MASS J17522495-2449148,4067635574681865344,Mira
IRAS 17173-2814,4107866361550390784,Mira
2MASS J17281527-3059185,4058014122083421696,Mira
ATO J264.1010-21.5376,4118052752779827968,Mira
2MASS J20534796+5034156,2169669907168546176,Mira
IRAS 16325-4130,5968820715339123712,Mira
2MASS J14363117-5612202,5891825592556644864,Mira
2MASS J18030079-2417160,4066026297681992832,Mira
2MASS J17351724-3019308,4058461146676449920,Mira
2MASS J17492867-3734049,4039845315278782848,Mira
IRAS 18277-2454,4077051964119567616,Mira
2MASS J18193085-1801024,4096416356752388992,Mira
2MASS J18405014+0207005,4279756793888107520,Mira
2MASS J17410924-3321532,4053904873546822016,Mira
IRAS 16273-4556,5943698317723788160,Mira
V* NY Oph,6030109452036272512,Mira
2MASS J15500307-5546540,5884180172837659392,Mira
2MASS J14285937-6205433,5854299191965608576,Mira
[WWV2004] J0349334+661633,490080374346153728,Mira
2MASS J18291960-1633327,4097045719718224256,Mira
2MASS J18173649-1804168,4096401990018816256,Mira
2MASS J18382166-1022402,4155206625017199232,Mira
2MASS J16012131-4817040,5984331938186726528,Mira
2MASS J15525896-6131498,5832561464804604800,Mira
2MASS J10303461-5923178,5255296905105600640,Mira
V* V1015 Ara,5946451116901884416,Mira
2MASS J19463857+1910054,1824647178515029504,Mira
2MASS J17380682-3309333,4053781315913046016,Mira
IRAS 11590-6717,5860330185051073792,Mira
IRAS 19128+1315,4319321001846581504,Mira
TLE Sgr I  95,4062344965263250944,Mira
2MASS J10272536-4754561,5365121688438047360,Mira
2MASS J15314528-5548525,5883625125565574912,Mira
2MASS J18024883-2514442,4065906141668957312,Mira
2MASS J17565676-2245068,4069423689862419968,Mira
OGLE BLG-LPV-56778,4057246495474986624,Mira
2MASS J18115809-2212000,4066732837004210432,Mira
V* V1667 Oph,4116276216777582464,Mira
2MASS J17354132-2904430,4060098353835249792,Mira
V* GM Vul,1827858302193210112,Mira
V* HQ Sgr,4077385734607282816,Mira
2MASS J15485386-5824558,5834345426822226176,Mira
2MASS J18183682-2312120,4089649000128721024,Mira
2MASS J18164397-1505319,4146208531041741312,Mira
2MASS J15205128-5840348,5876887146551922816,Mira
2MASS J18342284-1233314,4104950972174199424,Mira
OGLE BLG-LPV-148017,4056236491008031360,Mira
IRAS 18383-0752,4252572605865709824,Mira
2MASS J16401227-4156164,5968578543583862912,Mira
Terz V 3098,4061890931359381376,Mira
IRAS 18049-2814,4050833628351542528,Mira
V* V938 Sgr,4046714269281359616,Mira
ATO J273.2577-08.6746,4158675687217118336,Mira
2MASS J17440425-2449479,4068092215689356800,Mira
IRAS 17599-3746,4036307013771329792,Mira
IRAS 20201+3344,2056245284082222464,Mira
OGLE BLG-LPV-57758,4040664481437592704,Mira
V* V1131 Aql,4289425899165392000,Mira
IRAS 18043-1705,4144089875215216128,Mira
IRAS 17558-2159,4070319207716897792,Mira
2MASS J17242263-3116458,4058085113607710336,Mira
PN H  1-45,4062646712567004416,Mira
IRAS 08531-6347,5297505747719973888,Mira
V* V2050 Sgr,4079103614092583424,Mira
2MASS J17233934-2821482,4059826740113561728,Mira
2MASS J18501748-0452033,4254914256450399360,Mira
OGLE LMC-LPV-2313,4662370656912080128,Mira
2MASS J18411661-0213484,4259520003205863552,Mira
IRAS 12397-6306,5862939532300720896,Mira
2MASS J18333075-0219345,4271665625250702464,Mira
OGLE BLG-LPV-199816,4050368152582613504,Mira
OGLE BLG-LPV-154978,4062741957733398656,Mira
2MASS J18061508-2849194,4050407258352846720,Mira
ATO J260.3997-23.2877,4111597073296082944,Mira
2MASS J17333820-3338532,4054404704602669696,Mira
OGLE BLG-LPV-57894,4041429672806193024,Mira
IRAS 19300+2332,2019569012200469376,Mira
OGLE LMC-LPV-89275,4659118713845063424,Mira
IRAS 12117-6312,6054186454554176000,Mira
IRAS 20167+2836,1837112784161432576,Mira
2MASS J19542628+2236160,1827943995392918144,Mira
Terz V 3172,4061871144541707904,Mira
2MASS J12164763-6136381,6057601194062790400,Mira
2MASS J17003392-3625286,5977450056227129856,Mira
2MASS J14423334-6226557,5877265550389681408,Mira
2MASS J18135977-2230239,4090680960506262272,Mira
V* AH Pav,6647495538869909504,Mira
2MASS J17290562-2550361,4109782638553557504,Mira
2MASS J17571863-2212054,4070298660591659008,Mira
2MASS J17030842-3600120,5976828900894193664,Mira
2MASS J18472484+0143168,4278886564793065984,Mira
2MASS J17064787-3856311,5973207865494452608,Mira
IRAS 20133+2742,1836959853272004608,Mira
IRAS 19557+3028,2030499635245809408,Mira
2MASS J19225894+2315143,2022300439581325952,Mira
2MASS J17505264-2451185,4067620731307902720,Mira
2MASS J17544431-3155263,4043637049856343296,Mira
IRAS 22504+5929,2014332313135955584,Mira
2MASS J14411683-6210215,5877332002135722752,Mira
IRAS 10062-5824,5258381859838333824,Mira
OGLE BLG-LPV-65572,4057225914013783552,Mira
2MASS J17400487-2727427,4060870898205856768,Mira
IRAS 01196+5734,413803954199007744,Mira
IRAS 20269+3302,1863778866022879104,Mira
IRAS 15464-3229,6015465949940900352,Mira
V* IK Cyg,2032066473691001984,Mira
ATO J284.2129+11.6161,4312170632888636160,Mira
IRAS 16450-3829,5970885559493660032,Mira
IRAS 17419-1518,4148977067000400640,Mira
2MASS J16461835-4938374,5937856475055320960,Mira
2MASS J18312046-2728388,4051720380086155776,Mira
IRAS 17514-0839,4164690148957568512,Mira
IRAS 14302-6026,5878446254028143616,Mira
IRAS 18329-1257,4104737392034375680,Mira
OGLE BLG-LPV-20214,4053820790889544320,Mira
V* V3867 Sgr,4047196890502064896,Mira
2MASS J18351785-1238580,4104939873977759360,Mira
2MASS J17440878-2814154,4060571075027891840,Mira
2MASS J17265654-2815565,4059869827222015360,Mira
2MASS J17435905-3115013,4055875198309101696,Mira
2MASS J17051403-3526193,5977224729420774656,Mira
OGLE BLG-LPV-212503,4063021508558604928,Mira
OGLE BLG-LPV-196393,4039103557259205248,Mira
2MASS J18051022-2509037,4065734897085694976,Mira
2MASS J17123657-3938151,5972189653321230208,Mira
IRAS 11530-6018,5335250229614020480,Mira
2MASS J17325272-2002575,4121413719224984064,Mira
IRAS 17247-2754,4059904049515377536,Mira
IRAS 20156+3158,2054486202914828928,Mira
2MASS J19022760+0122189,4268295622112106240,Mira
2MASS J17363350-2634000,4061769302266761088,Mira
OGLE BLG-LPV-171008,4062805312976438400,Mira
ATO J284.0379+09.8755,4311654068593435648,Mira
IRAS 17406-2728,4060680884460725120,Mira
2MASS J12523208-6155509,6055289161592083840,Mira
IRAS 15596-4934,5983348734264398976,Mira
2MASS J17113509-4424244,5965058113506867840,Mira
IRAS 19556-0344,4221936672833996672,Mira
2MASS J18450098-6823584,6432238856103298048,Mira
Terz V 4361,4059045189112707840,Mira
V* V1379 Oph,4127704982979043840,Mira
IRAS 18423-0025,4260377931507755136,Mira
2MASS J17560030-2159470,4070354014102874368,Mira
IRAS 17134-2827,4107522828582779392,Mira
2MASS J18463122+0056447,4278631375011787520,Mira
IRAS 16085-4909,5983616534048232448,Mira
2MASS J17385932-2823341,4060239984647651584,Mira
V* V401 Oph,4468194979306178176,Mira
2MASS J23474943+6037298,2011810823744134144,Mira
IRAS 18413+0055,4278737095628411776,Mira
IRAS 18274-4152,6722947389735332608,Mira
2MASS J17510957-1732289,4120701059551206784,Mira
2MASS J12083071-6708343,5860365884821318144,Mira
2MASS J17165954-3442259,5978687973195804672,Mira
2MASS J16340826-4950249,5940383943048661376,Mira
2MASS J17570054-2752114,4063514708229419776,Mira
IRAS 16438-3125,6027503128400115840,Mira
2MASS J18371625+1022351,4480668320258881664,Mira
IRAS 18457-1142,4105996882586544384,Mira
2MASS J18244726-1834377,4096183260309027328,Mira
IRAS 20232+3332,2055993873879550080,Mira
OGLE BLG-LPV-24512,4068366200232718464,Mira
IRAS 16582-0224,4378235995929145856,Mira
Terz V 4343,4059069417139422464,Mira
IRAS 19248+2457,2022956401370354688,Mira
OGLE BLG-LPV-48401,4068895168384116992,Mira
2MASS J16282935-3054228,6025747925546307456,Mira
2MASS J18484157+0024553,4266532830096949504,Mira
2MASS J16455654-4642138,5939683004368999552,Mira
2MASS J16035322-4016136,5996905570887596032,Mira
IRAS 17387-2113,4117374113594937728,Mira
2MASS J17594744-1602060,4145126508596301824,Mira
2MASS J18582578-0222474,4261895468055301120,Mira
2MASS J17134394-4010325,5972116329653071104,Mira
IRAS 19470+3816,2072948171386581504,Mira
2MASS J11292424-6409144,5333482180513337344,Mira
2MASS J17335090-3544522,5974809304179110656,Mira
2MASS J17355236-2157473,4117619442106855680,Mira
2MASS J17205962-2703351,4108272287554048640,Mira
OGLE BLG-LPV-161772,4062806618581310592,Mira
IRAS 17324-0904,4166668552634037376,Mira
2MASS J12331259-6224242,6053927313372228096,Mira
OGLE SMC-LPV-500,4689934790646354816,Mira
2MASS J18275852-1456363,4104015871907552512,Mira
2MASS J14324066-6357179,5853056297192118016,Mira
IRAS 18316-0054,4272100688258212864,Mira
2MASS J17450651-3111139,4055872896206321408,Mira
2MASS J13232938-6554511,5857953693784631296,Mira
2MASS J17540811-3547272,4040431732950885376,Mira
2MASS J15331556-5957358,5881772375471849088,Mira
IRAS 15230-5902,5876052342396548736,Mira
2MASS J15571056-5603286,5836457691738080896,Mira
2MASS J11551851-6501198,5332437369602906752,Mira
2MASS J19143774+1432140,4320316059904122112,Mira
V* X Gem,888741300343091200,Mira
ATO J307.3808+31.8788,1861950618705675776,Mira
IRAS 17463-4104,5957754367020581888,Mira
2MASS J17104861-4621514,5951327932031422080,Mira
2MASS J16110368-4918305,5983618488258306688,Mira
Terz V 1805,4058506707686868224,Mira
OGLE BLG-LPV-206871,4043101136635315200,Mira
IRAS 18007-2813,4062506314280152320,Mira
IRAS 10483-5644,5351098109160092032,Mira
2MASS J17355627-3414523,4053576699317106816,Mira
2MASS J17102352-2851096,4107639415585890432,Mira
2MASS J18325439-1657190,4096776687373123328,Mira
2MASS J18223317-1119441,4154114187132842368,Mira
IRAS 18001-2640,4063324522735198720,Mira
V* V1633 Aql,4268119975186433920,Mira
IRAS 19224-1328,4186453714613383424,Mira
2MASS J15315355-5625475,5883502147754431872,Mira
ATO J125.7932-01.8905,3070045067018279040,Mira
2MASS J18501834+0531285,4282330407008635264,Mira
IRAS 17278-0432,4362649246078720640,Mira
2MASS J11323824-6341094,5333510664737842048,Mira
IRAS 17483-1801,4120483085782776448,Mira
2MASS J19292986+5128476,2136261040193392128,Mira
V* MN Cyg,1961277475487778432,Mira
IRAS 22585+6300,2207684490902365952,Mira
V* V2127 Sgr,4184201468137490432,Mira
2MASS J17384608-3548527,4041213550053895808,Mira
V* ES CrA,4037063276017753984,Mira
V* V797 Ara,5949574932535043712,Mira
2MASS J18091520-1857253,4095549048195506944,Mira
IRAS 18250-2017,4092677669255331840,Mira
IRAS 13410-5853,5870799047596015232,Mira
2MASS J18312557-1711345,4096744354853443328,Mira
IRAS 17040-4750,5962772782906576384,Mira
MACHO 110.22448.730,4050733710187929856,Mira
IRAS 17281-1405,4137566708934087936,Mira
2MASS J18404919-0304497,4259321580060097664,Mira
V* Y Lib,6334546217176423936,Mira
IRAS 17521-3425,4042337736286774016,Mira
2MASS J18412036-1158149,4106384593526071808,Mira
IRAS 15585-4547,5985196188689190912,Mira
V* V619 Oph,4480940960468499072,Mira
IRAS 01575+6048,508432872687173504,Mira
2MASS J08540378-4726180,5328800700515556352,Mira
2MASS J18500464-0025209,4266146317444123904,Mira
2MASS J16492025-4021143,5969835633325328640,Mira
2MASS J10394108-5909115,5350586801869037824,Mira
2MASS J15301781-5410543,5888459128470817920,Mira
2MASS J18205684-2621594,4052781374449175296,Mira
2MASS J08385966-4749494,5329235488643941248,Mira
2MASS J19044672+0953422,4310768656809937536,Mira
2MASS J18335211-1439287,4103335304183370112,Mira
2MASS J17491982-2448432,4067307404853504384,Mira
V* V2498 Oph,4176414722478146048,Mira
2MASS J17071026-2948247,6029021274743894912,Mira
2MASS J17553920-2652095,4063831470609399040,Mira
2MASS J17332310-3619113,5974650360364391424,Mira
2MASS J17383640-3004396,4056977252567562752,Mira
2MASS J16374029-4502254,5943422958804988416,Mira
IRAS 17513-3918,4036459060005396224,Mira
2MASS J16120565-5414453,5932567618069118720,Mira
2MASS J18413080-0009060,4272400167742724352,Mira
ATO J291.7246+27.0042,2025656561382576128,Mira
2MASS J15531895-5515342,5884548612253067520,Mira
ATO J293.8470+11.3644,4315092898630229888,Mira
2MASS J17193105-3801335,5972835925641612416,Mira
2MASS J17501797-3114023,4055732330562158336,Mira
V* BC Gem,3157859384240579712,Mira
IRAS 17533-1127,4151663650585523712,Mira
ATO J281.1127-11.3752,4106805843917932288,Mira
2MASS J14255712-6145036,5854368701722273792,Mira
IRAS 19589+2412,1834258623770702208,Mira
IRAS 10112-4318,5415210219819401216,Mira
IRAS 15242-5131,5888992799585783936,Mira
2MASS J17570319-2240330,4070175103012726656,Mira
2MASS J17285443-2605323,4109707184562461568,Mira
OGLE LMC-LPV-38656,4658193921550917120,Mira
2MASS J17570550-2711096,4063620394441152256,Mira
OGLE BLG-LPV-52088,4056034898079635200,Mira
2MASS J17112688-3506566,5977305921489066624,Mira
IRAS 21143+4431,1971769015452281984,Mira
IRAS 19144+0210,4267905707849545344,Mira
2MASS J18295242-0658190,4159879064032190592,Mira
2MASS J14375974-5836414,5879291984619591040,Mira
IRAS 17599-2342,4069150598615539584,Mira
IRAS 19129+1645,4513390091230113152,Mira
2MASS J17483434-3214378,4055523285888545152,Mira
IRAS 17244-1507,4137031972638035968,Mira
2MASS J17463405-3114470,4055834344574729344,Mira
2MASS J17452797-2754402,4060606190686156160,Mira
2MASS J21230005+4834203,2164803984107295744,Mira
IRAS 17326-3334,4053740045507675520,Mira
2MASS J17190151-3230411,5979442680539522560,Mira
Terz V  191,4059513035712199552,Mira
V* V6093 Sgr,4042689442545415552,Mira
[T66b]   9,4058675585819219712,Mira
2MASS J17060483-3858281,5973205425951119232,Mira
2MASS J17525232-1938478,4119426558162924288,Mira
SHV 0505374-703747,4655044610959390080,Mira
IRAS 18555-1613,4100685927836276736,Mira
2MASS J16024696-5625565,5836213600157279488,Mira
IRAS 18261-0916,4156134406622689792,Mira
2MASS J17280244-3058352,4058013645384988928,Mira
2MASS J18494396+0607131,4285380211748874496,Mira
2MASS J18291949-1500219,4103968244927955456,Mira
2MASS J18274619-1209401,4153019799420571776,Mira
V* V2220 Oph,4116389702660959616,Mira
IRAS 16553-4205,5966275826929140096,Mira
2MASS J17451083-3211452,4054269288554375296,Mira
V* IS Ser,4146526392973229184,Mira
OGLE BLG-LPV-21478,4068412688921540096,Mira
2MASS J18444219-1036127,4107148621049392256,Mira
2MASS J18081866-1714323,4144036136559841408,Mira
2MASS J17361713-3012204,4058485434610746880,Mira
2MASS J17324173-3719310,5962560783337552896,Mira
V* V592 Aql,4230410432849511680,Mira
IRAS 17001-3625,5976733488233394560,Mira
[KID97] C0442-6935,4655783070434691328,Mira
2MASS J17355782-3633238,5962702478569271040,Mira
OGLE BLG-LPV-79047,4043622412601371392,Mira
2MASS J14182393-6312155,5853760156430261760,Mira
IRAS 17339-2958,4058494780473440512,Mira
2MASS J18034159-2457340,4065918236297977344,Mira
2MASS J17180983-4056494,5959904844278702848,Mira
V* V1878 Sgr,6734328365863869568,Mira
V* YY Cha,5201288996997899904,Mira
2MASS J15023742-5511027,5881605868157875456,Mira
2MASS J16574666-3238206,6026806381654915072,Mira
2MASS J17291282-3216017,4054782588697867904,Mira
2MASS J17190998-2650084,4108340113685307520,Mira
V* V554 Aql,4221382965649636480,Mira
2MASS J17335733-2620111,4061984703406731648,Mira
2MASS J17441030-4108505,5957600263577613568,Mira
IRAS 19060+0052,4267279359831357312,Mira
2MASS J17314070-3057490,4058333809464572160,Mira
2MASS J18412746+0537276,4285475834926585472,Mira
2MASS J18210854-2336334,4089585327260081152,Mira
2MASS J17353095-2425381,4110352872773730048,Mira
V* RX CrA,6721656189424800896,Mira
V* V1969 Oph,4122841911770056576,Mira
2MASS J17535673-2902052,4056602044255744384,Mira
2MASS J18293056-1310569,4104846857803207424,Mira
2MASS J17432236-2711465,4060980986786147456,Mira
2MASS J16231709-4630227,5942301663132589568,Mira
V* V1213 Oph,4127937014294977408,Mira
ATO J268.2190-23.6594,4068591737570332288,Mira
2MASS J17105387-3022220,6028794951540120064,Mira
IRAS 20171-0143,4223234268348666880,Mira
2MASS J17402204-1818101,4123219628376218752,Mira
V* V2453 Oph,4059530039383188608,Mira
2MASS J19281316+2205133,2018936380688450560,Mira
V* V451 Cen,6157453754805994752,Mira
2MASS J17281470-3215450,4057781407890803200,Mira
OGLE BLG-LPV-108947,4056589876738766464,Mira
2MASS J16363983-4936293,5940494856286399104,Mira
IRAS 18285-2629,4075854389824484864,Mira
IRAS 18347-1103,4154751255376035968,Mira
2MASS J18273808-1329142,4104457772465854592,Mira
IRAS 18122-2539,4064756537927257600,Mira
2MASS J17385435-2746203,4060485446270967936,Mira
IRAS 17291-1823,4121911763666672000,Mira
V* GK Ara,5912747232908806400,Mira
[AFM2000] V2950-B,2539059634602352384,Mira
IRAS 17400-2217,4116985260011954688,Mira
2MASS J17070205-2948099,6029021313511902464,Mira
2MASS J18184764-1103125,4154314543074297472,Mira
IRAS 16283-6903,5808781987535402368,Mira
2MASS J19130575+1413082,4320210300616687232,Mira
MSX6C G027.0475-00.4083,4253508870046749184,Mira
IRAS 20362+6806,2247169499640657280,Mira
2MASS J18151466-2316047,4066385120815052800,Mira
2MASS J17485945-3111581,4055917220260514176,Mira
IRAS 19083+0831,4307386559014221184,Mira
2MASS J11275139-6325340,5333719430194506112,Mira
2MASS J18061180-1951085,4095013860901228288,Mira
[WWV2004] J1357515+640640,1670916829910885632,Mira
2MASS J18233775-0100065,4271345083259599232,Mira
2MASS J16165505-5147426,5934730185555049600,Mira
2MASS J18020881-1719125,4144175430945174144,Mira
2MASS J18544449-0354348,4255444083593595648,Mira
2MASS J16350069-4941370,5940485403019832832,Mira
IRAS 06198-3157,2893087123025774080,Mira
IRAS 09364-5841,5305463738024870912,Mira
IRAS 14051-6548,5851006532622569216,Mira
OGLE BLG-LPV-113268,4056190552084372736,Mira
OGLE BLG-LPV-82096,4056390182148320000,Mira
V* NY Vul,2023933008184579840,Mira
2MASS J17504941-2305036,4068703715981967872,Mira
2MASS J17382366-2849414,4060211667865490816,Mira
2MASS J18014262-2634528,4063985814563379968,Mira
V* EN Vul,1856486080266583040,Mira
IRAS 20578+5350,2170724682412232576,Mira
IRAS 18355-0116,4271848590857646720,Mira
2MASS J17453053-3150411,4055791223099833216,Mira
IRAS 19222+1134,4315688284148716288,Mira
StM 426,2125148310529400064,Mira
IRAS 11588-6248,6057362496960763008,Mira
2MASS J18420384-0217164,4259527188708048640,Mira
V* V2729 Sgr,4038429522263031040,Mira
2MASS J17262159-3104443,4058173894867005312,Mira
2MASS J17460925-2553210,4067138080125690496,Mira
OGLE BLG-LPV-29364,4053949060153567616,Mira
2MASS J17373973-3423266,4053375316889738752,Mira
2MASS J18162704-1514299,4146158537601733888,Mira
2MASS J17420502-2723562,4060878938306317440,Mira
2MASS J14145709-6326085,5853799910651287808,Mira
ATO J279.8194-15.9622,4099956956005075328,Mira
2MASS J17231852-3016557,4059037428210961536,Mira
IRAS 08154-2546,5694461915305277440,Mira
OGLE BLG-LPV-181126,4050244389017530624,Mira
V* V548 Her,4445220164140845824,Mira
IRAS 18108+0917,4481949113850467584,Mira
OGLE BLG-LPV-66589,4056460344751664896,Mira
IRAS 14248-5754,5891186570129684352,Mira
V* AP Cet,5140229405453136000,Mira
2MASS J17055750-4301547,5965462493270828416,Mira
2MASS J17351532-2857136,4060290734010640896,Mira
IRAS 18405-0326,4258549855993903488,Mira
2MASS J17313446-2828225,4061126191080087040,Mira
IRAS 18289-1652,4096793867160474240,Mira
2MASS J17064757-4342472,5965335740191848064,Mira
V* AI Vul,2028278690484975232,Mira
IRAS 16048-5049,5983039977660109568,Mira
OGLE SMC-LPV-12187,4685967306031174400,Mira
2MASS J16131514-5043231,5935112987364947200,Mira
2MASS J15200149-5541342,5886454031541022464,Mira
2MASS J18171534-1131447,4153897415839056768,Mira
V* KK Car,5302321058893809664,Mira
2MASS J18501049+0406526,4281877305135325696,Mira
2MASS J16411618-4847386,5940953382656382592,Mira
V* V1690 Aql,4319807673164496384,Mira
V* BH Lup,5999600684362086144,Mira
ATO J262.6695-24.0738,4110597376704970496,Mira
OGLE BLG-LPV-231986,4091013975033347584,Mira
V* V6308 Sgr,4049410929072596096,Mira
2MASS J18575559-0113318,4265133529834974336,Mira
2MASS J18170394-2314218,4090395117520825728,Mira
2MASS J17391726-4241224,5955950416364573184,Mira
2MASS J13460918-6118206,5865831415353892864,Mira
2MASS J17265807-3051053,4058218253284426624,Mira
IRAS 13058-6258,5862344799580984832,Mira
ATO J298.8845+23.5470,1828151974885117312,Mira
2MASS J16574965-4523019,5964053095478591488,Mira
2MASS J18023072-1644314,4144268133597831552,Mira
IRAS 00533+5503,423450072786302208,Mira
2MASS J17435130-2754447,4060617598163170560,Mira
2MASS J18163422-1402545,4146579616197797120,Mira
IRAS 18376-0559,4253460147942931840,Mira
2MASS J18210653-0830070,4159397615378089856,Mira
2MASS J16050902-5310083,5932915201110214272,Mira
IRAS 18181-1517,4098207426775558144,Mira
MACHO 160.27955.293,4053023026486373504,Mira
IRAS 17190-2953,4059107247204702720,Mira
2MASS J17473096-2656565,4066773660634939648,Mira
IRAS 18040-2820,4050834276823498112,Mira
2MASS J17095511-4031486,5966125022070660864,Mira
2MASS J17220995-3434486,5976018633824775936,Mira
V* V3348 Sgr,4046127404952646784,Mira
OGLE BLG-LPV-152923,4042051863327714176,Mira
2MASS J17580285-2657587,4063631222098133376,Mira
OGLE BLG-LPV-199049,4049962059206167808,Mira
2MASS J18190728-1231252,4153497159244835456,Mira
ATO J281.1023-17.9546,4098716500699688064,Mira
IRAS 17460-1213,4150059188251155584,Mira
IRAS 18276-1247,4104887922063485312,Mira
2MASS J17374019-2915568,4060101166949504384,Mira
IRAS 17220-3131,4058062779803259520,Mira
IRAS 17167-3910,5972447935489435136,Mira
2MASS J17110225-3745112,5973386231215602304,Mira
IRAS 18172-2015,4091373962032419584,Mira
V* V2047 Sgr,4098455053103240448,Mira
2MASS J17345241-2829413,4060385395065961472,Mira
2MASS J17023986-3825181,5970290899828160768,Mira
2MASS J18213987-0548251,4161109353141449088,Mira
V* BI Sgr,6872227056933512320,Mira
IRAS 13175-6324,5865169238903864448,Mira
2MASS J09363261-5514344,5308695443213692160,Mira
2MASS J18232912-2633514,4052733653140744320,Mira
Terz V 2189,4055743531849599744,Mira
V* HP Cyg,2053334086527978112,Mira
2MASS J18141321-3147167,4048884464760095744,Mira
2MASS J17360227-3001156,4058490863462396800,Mira
ATO J286.6256-14.5939,4101270386986134528,Mira
2MASS J17534793-2104145,4070677098822938112,Mira
IRAS 14134-5934,5866976870260412672,Mira
2MASS J08464091-4750569,5329465561455785088,Mira
2MASS J17323075-3831591,5961877265072560128,Mira
2MASS J10513016-5411320,5353518031145207680,Mira
2MASS J17335162-3532125,5974816382290800512,Mira
IRAS 19144+1719,4513433629334363008,Mira
2MASS J18371172+0119514,4273602277550069888,Mira
SHV 0546185-693225,4657611627016206848,Mira
2MASS J18313829-0730488,4159788805313298176,Mira
2MASS J17202379-2608193,4108404984880784768,Mira
V* FV Lac,1957262849293771008,Mira
IRAS 21330+1710,1785715116684845440,Mira
2MASS J16061676-4844525,5983521422002755456,Mira
2MASS J17463347-2712346,4060759366428451200,Mira
2MASS J11204905-6510007,5237480075092375168,Mira
V* FG Cyg,1976388819711373056,Mira
2MASS J19255902+2330144,2019683464486172288,Mira
2MASS J17334874-3050072,4058344667164912128,Mira
2MASS J17590362-2639418,4064019418435831680,Mira
IRAS 13432-6408,5864280970826962432,Mira
2MASS J18234932-2025148,4091391313667679872,Mira
2MASS J18475302-0310309,4258427986297113472,Mira
[NSC64] 2-19,4219606326653348352,Mira
[T66b]  20,4058700015598870656,Mira
2MASS J17440162-2441269,4068106062666849664,Mira
2MASS J18161977-2027386,4094354428810398464,Mira
2MASS J16374428-4147597,5968621909872015744,Mira
Terz V 4394,4058278730788338944,Mira
IRAS 17415-2004,4119729404910843520,Mira
IRAS 17153-2638,4108357224837012480,Mira
IRAS 18213-0021,4271593744684662016,Mira
2MASS J15415965-5612393,5884258135050798336,Mira
2MASS J17534860-2801208,4063452963774812416,Mira
2MASS J18220618-2108312,4091081178453144320,Mira
2MASS J16494074-4055397,5969803300807491840,Mira
IRAS 11570-6419,5332836320537346304,Mira
2MASS J17452751-3147260,4055793078540151168,Mira
OGLE BLG-LPV-21139,4067987349779273088,Mira
2MASS J18391830-1402547,4103792842818575488,Mira
2MASS J17520080-2542259,4067006928918830336,Mira
IRAS 17498-3308,4043235625038114048,Mira
IRAS 16575-3940,5967120492379892224,Mira
V* V1103 Aql,4513804267842831616,Mira
IRAS 18018-3342,4042575608789401216,Mira
IRAS 17447-3137,4055622860415076224,Mira
IRAS 17372-2328,4116459315513172864,Mira
2MASS J17420776-2626055,4061080114638987392,Mira
FASTT 1099,4371330238275051136,Mira
IRAS 19555-3430,6698911275265818752,Mira
2MASS J17161010-4950549,5926394409928636160,Mira
2MASS J17290656-3831493,5962028894599239168,Mira
V* IW Cyg,2035600578909666944,Mira
2MASS J17440074-3513329,4041293131619881728,Mira
IRAS 18133-0716,4160526921213728256,Mira
IRAS 18277-0817,4156652070440885120,Mira
2MASS J18330247-1233380,4104976600165961600,Mira
2MASS J17551776-2840435,4062618846811019392,Mira
ATO J267.8445-18.6678,4120376811101836416,Mira
IRAS 17359-0614,4169888536851422080,Mira
2MASS J18191907-1919136,4094586215289778560,Mira
V* FH CrA,4037066776311080960,Mira
2MASS J18255637-1930308,4092982371418247040,Mira
IRAS 22481+7329,2231153669673242112,Mira
2MASS J17535346-3138483,4043659276229929088,Mira
ATO J280.9077-07.1345,4252726674996909824,Mira
2MASS J13501233-6306263,5864692085110013056,Mira
2MASS J16292594-5026244,5934534609872744064,Mira
2MASS J17392760-3755547,5962251992388951808,Mira
2MASS J17275208-2612414,4109746354666420608,Mira
Terz V 1434,4059543989430084864,Mira
V* V574 Oph,4468678970579248896,Mira
RGC  45,4658612487507223296,Mira
2MASS J17483082-3206455,4055573451101497216,Mira
IRAS 17526-3110,4044051531326935936,Mira
OGLE BLG-LPV-82541,4055649111272506368,Mira
IRAS 13206-5745,6062694097511323136,Mira
2MASS J18171367-1056124,4154002865876599680,Mira
IRAS 19524+1719,1820436598709998720,Mira
2MASS J16323728-4140567,5968784019142309120,Mira
2MASS J16223489-5119187,5934804196426988160,Mira
2MASS J17395364-3233592,4054196072306076160,Mira
V* V1674 Sgr,4077028290255300736,Mira
2MASS J18594014+1227096,4313726995935233792,Mira
IRAS 18392-0630,4253373393969566336,Mira
2MASS J17381540-3651000,5962635824966635648,Mira
IRAS 10211-5331,5355802472722817024,Mira
2MASS J17013183-3400332,5978361723173825024,Mira
V* VW Gru,6521014352638132608,Mira
IRAS 19045+1513,4512730216807422208,Mira
IRAS 18527-0305,4255844649409642368,Mira
2MASS J18223177-2057318,4091090936541691520,Mira
2MASS J18425239-0639095,4253176134711721216,Mira
2MASS J18350137-1545026,4102998961080348672,Mira
IRAS 17400-3357,4053806845133427584,Mira
M33SSS J013405.40+304322.8,303380448089519488,Mira
V* V519 Aql,4224142842912449920,Mira
V* DU Her,4524034742471883008,Mira
2MASS J18213398-1557174,4097843832017186304,Mira
2MASS J18042650-1944300,4095027501717833600,Mira
2MASS J17471774-3244411,4054005238318982912,Mira
2MASS J15322373-5133003,5889317194230713856,Mira
2MASS J16473155-3421573,6026186046566347136,Mira
IRAS 14077-5455,5895723941055809024,Mira
2MASS J17320104-2330467,4110655066680950912,Mira
2MASS J17310435-3205550,4054872027094706432,Mira
2MASS J17130714-3948233,5972172675291155712,Mira
OGLE BLG-LPV-159749,4062756594986628736,Mira
ATO J266.9631-18.5560,4120358806603273600,Mira
IRAS 09597-5927,5256767982933278976,Mira
IRAS 13585-7241,5791553804256433408,Mira
2MASS J16051971-4820355,5983589183710455936,Mira
V* BV Ara,5953920236833147008,Mira
2MASS J18394344-0755287,4252554189044861824,Mira
2MASS J17553220-3258336,4043322933111375104,Mira
Terz V 3699,5979820710769590400,Mira
2MASS J18013949-2603566,4064151050597121152,Mira
2MASS J17314639-2627320,4061653819142760192,Mira
2MASS J17385950-2859436,4060065127962801920,Mira
IRAS 17542-3247,4043305753189866496,Mira
V* SW Lup,6012448855670756096,Mira
IRAS 10077-5333,5356183316062593152,Mira
Terz V 1855,4053305502288068864,Mira
2MASS J18033865-1942402,4095195692649367552,Mira
V* V2086 Sgr,4101493763973629184,Mira
V* DN Cyg,1981082463041465344,Mira
OGLE BLG-LPV-258440,4066596742395500928,Mira
2MASS J18232041-3919474,6726608660364513792,Mira
2MASS J17512778-2400574,4067735351056919296,Mira
IRAS 16160-4821,5941679339545452544,Mira
ATO J275.9281-05.1772,4161254656155792000,Mira
IRAS 17500-0901,4164641534237974272,Mira
IRAS 18588-0150,4262036446075835776,Mira
2MASS J18355834-1034209,4154835471087904896,Mira
2MASS J16111815-4716387,5984067814858460416,Mira
V* FN CrA,4036342163787417088,Mira
V* V1836 Cyg,1870364803236537088,Mira
IRAS 19462+2706,2027965501446898176,Mira
V* XX Ser,1216211421126733184,Mira
2MASS J15284974-5601211,5883712949058985216,Mira
IRAS 20083+5018,2088074320331959552,Mira
IRAS 18239-2402,4077389651581233536,Mira
Mis V0140,4253828694850591232,Mira
2MASS J18011673-2106202,4070761280077280640,Mira
OGLE BLG-LPV-90159,4056555070150400896,Mira
TLE Sgr I  39,4062333553629413760,Mira
OGLE BLG-LPV-86814,4055691751675891072,Mira
V* PU Sge,4323199975776877056,Mira
2MASS J17251875-4135377,5959593746878492928,Mira
IRAS 17300-3013,4058518596162521216,Mira
2MASS J18561427+0013512,4266605947621083776,Mira
2MASS J17350994-4223529,5958890510463474432,Mira
V* HZ Sct,4203433708930488960,Mira
V* V586 Car,5218979035279033728,Mira
2MASS J17302930-3057521,4058377102740948992,Mira
2MASS J18550366+1623023,4508059834968029056,Mira
2MASS J16193765-5331581,5932311981585453952,Mira
2MASS J14572536-5840023,5879798859458456448,Mira
2MASS J17303863-2906095,4058829002047579648,Mira
2MASS J17141336-4018262,5972099905664233088,Mira
2MASS J14410327-6048020,5877746410544236160,Mira
2MASS J16523615-4609587,5939954579424467584,Mira
Terz V 3877,5978875405631539712,Mira
IRAS 08384-3749,5529153159567016832,Mira
2MASS J17230224-2927559,4059147959090145792,Mira
ATO J105.6417+27.7098,884270686064371968,Mira
2MASS J17062997-4243369,5965493868019211136,Mira
2MASS J17020065-4925276,5938260683028625024,Mira
2MASS J17443099-3756580,5961543112269895936,Mira
2MASS J19144679+0447030,4293281989540260352,Mira
2MASS J17521280-2512400,4067409208428809088,Mira
IRAS 19058+0131,4267622785414972672,Mira
Terz V 4057,5980267898379651584,Mira
IRAS 18208-0724,4159993555000545280,Mira
IRAS 16542-4535,5963944037658147968,Mira
ATO J279.4801-02.8636,4259378136194543232,Mira
IRAS 18280-2613,4076066286336557184,Mira
2MASS J16432352-4530361,5943175396896150912,Mira
IRAS 18121-0824,4158708225895270016,Mira
IRAS 17529-1056,4152114415995270528,Mira
IRAS 18414-0107,4260187784716533248,Mira
IRAS 17503-0833,4165445998786019200,Mira
V* V362 Lup,6005164247539414016,Mira
IRAS 18086-2243,4066667008078242304,Mira
OGLE BLG-LPV-8351,5960210920872483968,Mira
2MASS J17140232-3057547,5980665135708835712,Mira
2MASS J18545929-0704034,4252165133781828224,Mira
2MASS J14042483-5923556,5867918876874824192,Mira
2MASS J16554194-3652357,5971469645057880832,Mira
2MASS J18370472+0124204,4273609385715541120,Mira
2MASS J13413658-6126100,5865791321868682752,Mira
V* V2495 Sgr,4062368222489412480,Mira
2MASS J18070297-2318083,4066565745571383296,Mira
ATO J013.3731-14.5094,2372446686276755200,Mira
IRAS 18018-2952,4050195877159670784,Mira
2MASS J17231917-3912194,5972483738329158784,Mira
2MASS J19582663+2705472,2027317408043649024,Mira
2MASS J17072838-4315182,5965441744294007424,Mira
2MASS J17384607-2951440,4056997593533439616,Mira
2MASS J17334189-2853190,4060302175804494208,Mira
2MASS J17501992-3128302,4055710129824901888,Mira
2MASS J17114644-3446248,5978815654041310336,Mira
2MASS J16394760-4925568,5940815157762682368,Mira
IRAS 18175-1910,4094593778772540416,Mira
2MASS J17244724-3356336,5976065122551474432,Mira
OGLE BLG-LPV-40529,4068939178905886336,Mira
[RHI84]  9-819,4054190506028008960,Mira
IRAS 15119-6129,5875296737335928576,Mira
IRAS 17084-3135,5980523981508034304,Mira
2MASS J18205415-1934582,4094518634020979840,Mira
V* V613 Aql,4295930472531706368,Mira
2MASS J18402235-0339429,4258523609466248192,Mira
2MASS J17521289-2445418,4067647738029598976,Mira
OGLE BLG-LPV-489,5979885959929311616,Mira
2MASS J17463727-2206009,4117048177100119424,Mira
IRAS 17258-2846,4059601374618493568,Mira
2MASS J17153960-3354185,5978961476739219200,Mira
OGLE BLG676.21    607,4060195793680567424,Mira
IRAS 17196-2912,4059342199067350272,Mira
2MASS J18424860-0835447,4251696260802757504,Mira
2MASS J18283476-1922499,4092882934330049792,Mira
IRAS 18046-2730,4062976492945914368,Mira
IRAS 12190-6339,6053690093749813376,Mira
ATO J275.2996-05.8825,4161107184159410432,Mira
2MASS J16370581-4926157,5940503549329531520,Mira
2MASS J17362786-3000267,4058495845620012288,Mira
OGLE BLG-LPV-31887,4117001997597010944,Mira
2MASS J19061999+0256476,4268933407638450560,Mira
V* V1543 Sgr,4050192780477161344,Mira
2MASS J19115767+0256196,4268229651478120832,Mira
V* V1129 Sco,4058663800365261440,Mira
2MASS J17273494-3043091,4058209289750944640,Mira
MSX6C G001.2485-03.3551,4062284247485239168,Mira
2MASS J16384942-5329285,5930960475595374976,Mira
2MASS J17070308-3245437,5979994880294030080,Mira
V* BK Ser,4284545987353001472,Mira
2MASS J14370656-6003092,5878590771073458304,Mira
2MASS J17395649-2125113,4118025398009210880,Mira
IRAS 18461-0947,4203306337357717120,Mira
2MASS J18260499-1804520,4096225861999430528,Mira
2MASS J19065783+1233406,4313965624328496768,Mira
2MASS J18045988-2021026,4094922979389558272,Mira
IRAS 17249-2446,4110452172393160192,Mira
V* BF Lyr,2041910607388064256,Mira
IRAS 18183-0947,4157563462518877056,Mira
ISOGAL-P J174134.6-282431,4060205075099906944,Mira
ATO J260.2309-13.7595,4138212195276653568,Mira
2MASS J14224176-5922509,5890813247252510592,Mira
2MASS J12271684-6141572,6054876707321598848,Mira
IRAS 17364-2430,4068244944740422144,Mira
2MASS J17194944-3302229,5979222748152091136,Mira
2MASS J17434622-2319349,4068813838918552064,Mira
2MASS J17411503-2350364,4068400078944947968,Mira
2MASS J17294850-3039409,4058400810919214976,Mira
2MASS J17513776-2230002,4070413319110576896,Mira
2MASS J17194315-3235414,5979437737076307456,Mira
IRAS 17192-2519,4110703067270445056,Mira
IRAS 18548-1317,4102453843766633856,Mira
2MASS J17153537-2940595,4107296638452200320,Mira
IRAS 17295-3757,5962117233485473024,Mira
2MASS J17463461-2442011,4068071217509811840,Mira
2MASS J14083960-5650515,5871268878305385984,Mira
2MASS J18012520-2619068,4064005743225302528,Mira
IRAS 19270+2239,2019388795357024256,Mira
V* V1681 Sgr,4077575709646879872,Mira
2MASS J18091648-2116037,4093868444670351104,Mira
2MASS J17141717-3413219,5978860557852171904,Mira
2MASS J18261605-1607361,4097112210177968640,Mira
2MASS J18382491-0948138,4155264830417224192,Mira
2MASS J18230261-0833196,4159208980414673152,Mira
2MASS J16364032-4919005,5940506641706218880,Mira
V* FT Cyg,2045426703835489536,Mira
2MASS J17473929-3212399,4055566093804828800,Mira
2MASS J18414259-0514073,4256611039031997312,Mira
2MASS J15112214-6039578,5876284579833882624,Mira
OGLE BLG-LPV-230249,4052590437628846976,Mira
IRAS 18225-1440,4104215123969388800,Mira
2MASS J17343730-3438593,4053529665125556480,Mira
IRAS 16535-4528,5963957506675891200,Mira
2MASS J17163347-4115041,5971811588804261760,Mira
2MASS J18073973-1521117,4145975056657610752,Mira
IRAS 17351-3309,4053779529207684736,Mira
2MASS J19585411+2602378,1835030863215645568,Mira
2MASS J17361607-3439585,4053343985185484672,Mira
2MASS J17140004-3044545,5980723272398201728,Mira
OGLE BLG-LPV-115709,4056288339877246080,Mira
2MASS J17415550-3401079,4053445719992415360,Mira
2MASS J17360978-3018092,4058482346630264576,Mira
2MASS J17080040-3710064,5976467268969224960,Mira
OGLE BLG-LPV-49482,4055972810023540352,Mira
2MASS J19095761+0627059,4305720077351301120,Mira
2MASS J18412986-0206488,4259545296308490496,Mira
2MASS J17373712-3414470,4053473933725620864,Mira
IRAS 17238-2829,4059668341700534400,Mira
OGLE BLG-LPV-78802,4055738446574183552,Mira
IRAS 14233-6239,5853489058093568896,Mira
2MASS J17265195-2855513,4059553339696643584,Mira
2MASS J17344292-2404080,4110377336907998080,Mira
2MASS J16582766-3356482,6026392449890476416,Mira
Terz V  137,4059092094557461376,Mira
IRAS 17105-4254,5953606704224167936,Mira
OGLE BLG-LPV-157282,4062566345042564224,Mira
2MASS J17463863-3146105,4055783801410891008,Mira
IRAS 18413-0213,4259486021419634432,Mira
OGLE BLG-LPV-40521,4040250412307081344,Mira
IRAS 21066+6201,2196089762828966784,Mira
V* DY TrA,5830484182414515584,Mira
2MASS J17335170-3348016,4053652020209672320,Mira
2MASS J17520208-3224070,4043508613163416064,Mira
2MASS J17223682-4109349,5959854747791812096,Mira
OGLE LMC-LPV-10647,4661698747934313344,Mira
2MASS J17342931-3846491,5961815142615576064,Mira
2MASS J18312073-0806508,4156659973181274624,Mira
2MASS J17475850-2503403,4067296199250634752,Mira
Hen 3-167,5276865509282662528,Mira
2MASS J19383851+2819123,2031419720325540992,Mira
2MASS J17565257-2732225,4063541337031787136,Mira
V* V1185 Oph,4127927840244715904,Mira
2MASS J18080146-2248260,4066607050317203840,Mira
2MASS J17405963-3327225,4053897589281236992,Mira
2MASS J12084091-6705126,5860374990152522624,Mira
IRAS 18507-0153,4258997636416048896,Mira
IRAS 17340-2522,4062138772490342016,Mira
Terz V 3952,5980647921475913472,Mira
IRAS 16328-3953,6017381123091521408,Mira
IRAS 17576-2607,4064058760340525568,Mira
2MASS J18173867-1926081,4094570517227757312,Mira
2MASS J16552498-5115064,5936645049420820736,Mira
IRAS 17463-2559,4066980197040532352,Mira
2MASS J09211203-5311034,5310855777415534976,Mira
2MASS J18282058-1700425,4096726345959621632,Mira
2MASS J18150219-1207222,4153767845262384512,Mira
IRAS 16476-3705,5971547293698701824,Mira
V* SV Lep,2984952934433421184,Mira
2MASS J17575569-2647329,4063636543520426624,Mira
OGLE BLG-LPV-229690,4065202213707634816,Mira
2MASS J15200450-4727514,5903005942163456768,Mira
2MASS J19120140+0939478,4309162716973500416,Mira
2MASS J18392256-0741027,4252631257942660352,Mira
IRAS 11431-5913,5335609701182803072,Mira
IRAS 12126-6210,6054498028639624960,Mira
IRAS 13384-5953,5868998906529061888,Mira
2MASS J17121177-3659357,5973851148519874688,Mira
IRAS 18256-0819,4159638206575350144,Mira
2MASS J17301174-3644359,5974284085525947392,Mira
2MASS J17540868-2451357,4067446836655239040,Mira
2MASS J17502709-2900285,4057343355651348608,Mira
2MASS J16115998-4736097,5984054826905965696,Mira
IRAS 19074+0729,4306422081161346688,Mira
ATO J281.0675-12.3638,4105578380972794880,Mira
V* V986 Cyg,2047485715483484928,Mira
2MASS J16140480-4838489,5983754209227031680,Mira
IRAS 08265-7100,5221658957434618624,Mira
2MASS J17341551-4208186,5959036848606326016,Mira
IRAS 18228-0934,4156037237298310912,Mira
2MASS J15541302-5315308,5981081610001748352,Mira
2MASS J17585643-3005102,4056243530593470336,Mira
IRAS 17382-2201,4117189807940797440,Mira
V* FF Lup,6003411694731523456,Mira
2MASS J16444915-5121486,5937100114177522432,Mira
OGLE BLG-LPV-192727,4043929623034493440,Mira
2MASS J14284090-6356584,5853102648484289792,Mira
2MASS J15395766-5146277,5886167024691287296,Mira
2MASS J14272000-6220509,5854271085697049600,Mira
2MASS J18060194-1912354,4095333402154577664,Mira
IRAS 02310+3720,333674772276239872,Mira
2MASS J17490927-2902166,4057299100261277824,Mira
IRAS 18332+1436,4509048261549644672,Mira
2MASS J14034773-5936509,5867723095076734848,Mira
OGLE BLG-LPV-115997,4056486836070575872,Mira
2MASS J18273582-2033434,4092652178705556096,Mira
2MASS J17560299-2736326,4063536835905041280,Mira
V* V873 Oph,4481448286304299392,Mira
V* V2098 Oph,4113823854835547904,Mira
2MASS J18091488-2241092,4066701058581680384,Mira
2MASS J18110387-2401528,4066222079477329920,Mira
IRAS 21003+3841,1872201571766586112,Mira
2MASS J11293983-5809398,5336707632253671552,Mira
IRAS 09102-5155,5311943744153951872,Mira
OGLE BLG-LPV-191337,4050144234499719552,Mira
IRAS 11123-6339,5240570699198026368,Mira
2MASS J18031271-1448079,4146984477027865600,Mira
2MASS J19045180-1728398,4088284368706750592,Mira
V* V1163 Cyg,2071818491921262592,Mira
2MASS J16440362-4757051,5939503887064678400,Mira
2MASS J17381913-3347013,4053678133609448320,Mira
V* V1565 Aql,4267574239424462208,Mira
2MASS J15104608-5536109,5886610162202992512,Mira
IRAS 15052-5048,5900523107474479360,Mira
IRAS 14037-5927,5867662518853243008,Mira
2MASS J11273241-6225535,5333876011815721344,Mira
IRAS 18099+1020,4482837343161204096,Mira
IRAS 19014+1514,4512907306881965312,Mira
2MASS J19103022+1457311,4320495108514455424,Mira
V* V484 Nor,5933981005855878656,Mira
V* UZ Cam,1721811814412038528,Mira
2MASS J18234621-1131175,4154049835665412992,Mira
Terz V  348,4061409104747641856,Mira
Terz V 1017,4107504691050229888,Mira
V* PY Aql,4217227876845344128,Mira
V* V866 Cen,5865014379505876224,Mira
Terz V 2582,4061290052625332864,Mira
2MASS J17465787-3246193,4054000045644847616,Mira
V* V412 Sct,4104174304682462976,Mira
2MASS J16015449-5506018,5836582417568850176,Mira
2MASS J16400488-5242491,5931010537739702528,Mira
2MASS J19001704+0704239,4306891503903546496,Mira
2MASS J17400555-2635091,4061731124223518976,Mira
2MASS J16063201-4556115,5990992882733367936,Mira
2MASS J18025368-2637514,4063231927625563136,Mira
IRAS 16026-4742,5984000607228492544,Mira
2MASS J14405127-5832494,5879285112683782784,Mira
2MASS J18130282-1616050,4145613935770748416,Mira
2MASS J17575306-2653088,4063634859892921472,Mira
IRAS 18539-1022,4202311073177529216,Mira
IRAS 10229-5705,5351769704580631296,Mira
2MASS J18411987-0659420,4252788174534517120,Mira
2MASS J18252500-0941575,4156011261334397184,Mira
2MASS J17441454-2748408,4060624431417639296,Mira
IRAS 17162-4347,5953320964321364608,Mira
2MASS J14545453-6105097,5877902644275864832,Mira
2MASS J17352654-3339308,4053749872397670784,Mira
V* NR Pup,5514073117067841536,Mira
2MASS J18233484-1226083,4152809101183626496,Mira
2MASS J15185108-5322293,5888037431404247040,Mira
OGLE BLG-LPV-4473,5960499538302821248,Mira
2MASS J18502820-0355112,4255312107819980160,Mira
OGLE BLG-LPV-125939,4043270912448438272,Mira
OGLE BLG-LPV-112763,4056535420691792512,Mira
2MASS J17410153-2849567,4060153256320970112,Mira
2MASS J17243681-2943288,4059079656344339968,Mira
2MASS J18473580+0416338,4282080401253003776,Mira
2MASS J14340334-5916413,5878877606169279232,Mira
2MASS J17372055-2922129,4060029668710953088,Mira
IRAS 19246+2117,2018786366069455616,Mira
IRAS 17081-5041,5926070839940673280,Mira
2MASS J17591000-2755313,4062753635670682624,Mira
2MASS J18394267-0339565,4257023115372190464,Mira
2MASS J17282028-2723222,4061482089208555776,Mira
2MASS J17111575-3546074,5977060970875841408,Mira
2MASS J17360190-3016140,4058483377347686400,Mira
2MASS J17533929-2408009,4067808915262273024,Mira
2MASS J17541376-2727113,4063509863531363328,Mira
2MASS J18272302-1916376,4093086275286710016,Mira
2MASS J18190546-1254088,4152730249881943680,Mira
2MASS J18292760-0813158,4156642926442024064,Mira
2MASS J19101659+1417289,4320387768624158976,Mira
2MASS J18435015-1149439,4106363500999923328,Mira
IRAS 16070-5906,5834625561723568512,Mira
IRAS 16290-4517,5943789611559486464,Mira
2MASS J17151435-4115065,5971802071156731776,Mira
MACHO 180.22891.657,4064999456972814848,Mira
2MASS J17270005-4130493,5959960850674781696,Mira
OGLE BLG-LPV-47073,4056021295963118080,Mira
2MASS J18355233-1046150,4154797361811419776,Mira
OGLE BLG-LPV-215213,4062969109934174464,Mira
ATO J324.3585+42.8646,1967657666587096960,Mira
V* V344 Her,4523930185790481152,Mira
IRAS 18080-2916,4050530678525959168,Mira
2MASS J17544293-3415350,4042354916162131456,Mira
2MASS J18410195-0830072,4251754019525441536,Mira
OGLE BLG-LPV-42013,4041517328875457280,Mira
2MASS J17150359-3516539,5978555035380323072,Mira
IRAS 14268-6157,5853549531241351552,Mira
IRAS 18040-3348,4039577064435904384,Mira
IRAS 18276-0630,4160111855581044608,Mira
2MASS J15510801-5939272,5833934862275934848,Mira
2MASS J18094127-1736596,4095973837617817472,Mira
2MASS J17581355-2524109,4064434655840337408,Mira
2MASS J17461520-2710287,4060806576697502208,Mira
2MASS J19074944+0349118,4269284903411570560,Mira
V* BW Per,436972966289232640,Mira
2MASS J17064550-3628085,5976932362384656512,Mira
2MASS J18101669-1416291,4146895760159052800,Mira
V* RV Vul,1823930022026222208,Mira
OGLE BLG-LPV-9057,5960140036742099200,Mira
2MASS J17510025-3604456,4040594250154279936,Mira
2MASS J16201107-4819469,5941687414084465152,Mira
2MASS J15461674-5629138,5884052281535922432,Mira
V* V1185 Aql,4506526703462037888,Mira
2MASS J17304949-2658232,4061565579000349312,Mira
2MASS J10540519-5944152,5338348271069982976,Mira
V* GR Lup,6039807140210314880,Mira
V* GX Tel,6472165490555522688,Mira
V* HY Oph,6029152224123283072,Mira
2MASS J19133238+1352122,4320136044874626816,Mira
2MASS J17213033-4438545,5952843574469403904,Mira
2MASS J19125133+1104076,4312779526106857088,Mira
V* RY Aps,5797837723676198272,Mira
2MASS J19054263+0848358,4307627489500737152,Mira
IRAS 17148-2723,4108157384229736320,Mira
IRAS 11350-6107,5335670930193051776,Mira
V* HY Cen,5872147083194708608,Mira
ATO J291.8684+02.3982,4288751997293933312,Mira
IRAS 18218-1916,4093051645054578304,Mira
2MASS J18192651-2041196,4091322044466612864,Mira
2MASS J18404518-1208210,4106374977154291712,Mira
IRAS 19232+1017,4308746723652912000,Mira
IRAS 17095-4312,5965582584865388672,Mira
2MASS J16455831-3433404,6020174672903936640,Mira
2MASS J19471207+2502104,2020876709454001408,Mira
OGLE BLG-LPV-109817,4056161105779341312,Mira
OGLE BLG-LPV-8438,5960150825679606656,Mira
2MASS J15293292-5731184,5883021665487043072,Mira
IRAS 17104-4401,5953152571574163840,Mira
2MASS J15365657-5434467,5885210380816551424,Mira
2MASS J15314667-5858486,5882037705722242944,Mira
OGLE LMC-LPV-60560,4651837812349701760,Mira
2MASS J17241570-2637011,4109626233046425728,Mira
2MASS J17262672-2715532,4061496309797104256,Mira
2MASS J17423662-2641368,4061060151628386432,Mira
V* V375 Vul,1831252666370747008,Mira
2MASS J17352922-3531448,5974789860918759808,Mira
IRAS 01186+6105,510881966115283968,Mira
IRAS 17464-3732,4039846277350233856,Mira
2MASS J18272740-1010354,4155782356731873024,Mira
2MASS J17364304-3012340,4055482500877531776,Mira
2MASS J16162580-4620519,5990051494600183040,Mira
2MASS J10595317-5738277,5340453599641080576,Mira
2MASS J17350711-2914071,4060091000850028032,Mira
IRAS 11384-6647,5235943537623956224,Mira
2MASS J18445710-0940226,4107281936824289280,Mira
2MASS J17480805-2454372,4067302663209402112,Mira
2MASS J16452453-4442307,5943318436489332480,Mira
OGLE BLG-LPV-133608,4043383990392539392,Mira
2MASS J18021748-2609003,4064108341381222400,Mira
OGLE BLG-LPV-3857,5960496518995653504,Mira
2MASS J17520835-1757575,4120487105873204352,Mira
2MASS J17504145-2844520,4057401320517966976,Mira
IRAS 13244-5739,6062531438572601216,Mira
V* QT Sco,5955497005243181056,Mira
2MASS J17192385-3356548,5978738378933645696,Mira
2MASS J18553250+0651441,4282907788047441280,Mira
2MASS J18172027-1112224,4153982490551597184,Mira
2MASS J17454676-3155498,4055777994614945024,Mira
V* V442 Aql,1803103450705240320,Mira
Terz V 1987,4053869375567737600,Mira
2MASS J18051537-3100148,4049883512815690496,Mira
M33SSS J013436.97+305733.9,303413880114373760,Mira
IRAS 18202-0652,4160778090881239808,Mira
Terz V 1748,4058421873485881216,Mira
2MASS J16234343-4735029,5941836015619756928,Mira
IRAS 14500-5823,5879835967978246400,Mira
V* FP Aql,4263963993011262848,Mira
2MASS J16000715-4658346,5985016281095122944,Mira
2MASS J17075124-3202193,5980173757096226176,Mira
CRTS J065052.6-243945,2921943736982043008,Mira
2MASS J17371988-2657381,4061704357980216832,Mira
2MASS J17334754-3516086,5974857961916327296,Mira
2MASS J17232034-2916197,4059713937100417024,Mira
IRAS 17342-3435,4053353915151130496,Mira
IRAS 14058-6343,5853663326320694656,Mira
2MASS J13235813-6027549,5869541068871099648,Mira
V* V1738 Sgr,4043829356928386432,Mira
IRAS 18217-2209,4090192605540722048,Mira
2MASS J17365990-2934272,4060020013544743680,Mira
OGLE BLG-LPV-52907,4056028133532673408,Mira
2MASS J17484557-2920316,4057215365542360576,Mira
2MASS J17322210-2953224,4058543094659360896,Mira
2MASS J17302069-2955150,4058650571925071488,Mira
2MASS J13171263-6323212,5862195472201391616,Mira
V* V2446 Oph,4059722110314584960,Mira
IRAS 17395-2214,4116983615155118208,Mira
IRAS 12527-6229,5863025843949777152,Mira
2MASS J17553609-2045408,4071063405372530560,Mira
IRAS 19291+2511,2024424043231971072,Mira
2MASS J14203060-5708424,5892265465920082304,Mira
SSTGLMC G348.1088-00.7893,5972247686952425984,Mira
2MASS J16205870-4336285,5992177022399570944,Mira
V* V500 Lyr,2036310725964683392,Mira
IRAS 11072-5704,5340334921115504512,Mira
IRAS 15371-5606,5882803343724225792,Mira
2MASS J18340532-2641292,4075791374055509120,Mira
ATO J273.7015-07.6053,4160490461225358080,Mira
V* V469 Nor,5932979208958042624,Mira
2MASS J18241429-1247322,4152779727930980224,Mira
V* V2057 Sgr,4085935949322222848,Mira
2MASS J12285857-5844119,6059271249118400512,Mira
2MASS J17563892-1948421,4119266441745489536,Mira
2MASS J18064811-2446543,4065840926882976256,Mira
IRAS 19013+1452,4506875283000062592,Mira
2MASS J18380711-1020375,4155207690169342848,Mira
2MASS J17573636-2339346,4069297379128082304,Mira
2MASS J18473942-3531166,6732147557581277568,Mira
ATO J279.2790-03.0657,4259368618546126336,Mira
2MASS J17401528-3455582,4053380475229072384,Mira
2MASS J17542693-3016381,4056186802489749888,Mira
2MASS J17230070-3003273,4059091544801611904,Mira
[WWV2004] J1722425-085846,4167428345225091840,Mira
2MASS J17380693-3833402,5961455018277100544,Mira
V* AQ Lup,5890564761947558912,Mira
2MASS J17555490-3106120,4044055379670903936,Mira
V* MS Vul,2024894595503158784,Mira
V* BY Her,4531342783949495680,Mira
2MASS J17580134-2715445,4063570061785453824,Mira
OGLE BLG-LPV-104645,4056497586319164928,Mira
2MASS J19021173+0236422,4268716082245778304,Mira
IRAS 19279+1832,4323343840012058112,Mira
OGLE LMC-LPV-17962,4661399715122933376,Mira
2MASS J15484242-5627584,5884014421474973312,Mira
OGLE BLG-LPV-215369,4050833044237890304,Mira
IRAS 08416-4628,5329812246900942720,Mira
2MASS J18371309-0323429,4257845898005696256,Mira
2MASS J17551755-2353351,4067795759807527296,Mira
IRAS 19148+1519,4320934294669675904,Mira
2MASS J18424714-0629062,4253183006713441280,Mira
2MASS J18523659-0058120,4265314777422115200,Mira
V* V2755 Sgr,4049388079775903616,Mira
2MASS J18591601-0046405,4265184073015214592,Mira
ATO J281.0058+00.4116,4278492424243352960,Mira
2MASS J17553065-2616040,4063912456514154624,Mira
2MASS J17400931-2746208,4060844853421383680,Mira
2MASS J15124833-5943426,5876540181895974528,Mira
IRAS 17313-2448,4110269275479157504,Mira
IRAS 15276-5237,5888683085267123840,Mira
ATO J277.9998-18.8197,4093300959297077120,Mira
IRAS 16446-3737,5971137077115809280,Mira
2MASS J17283100-2855497,4059597212693649024,Mira
V* V524 Aur,159334151287938048,Mira
2MASS J19081296+0623076,4305880606045199744,Mira
IRAS 17584-1114,4151824144931737472,Mira
IRAS 17391-4327,5955587813715425664,Mira
IRAS 13263-6614,5845671873980224768,Mira
2MASS J17401760-2939201,4057024909510164224,Mira
2MASS J18230128-0543405,4161195733530219008,Mira
2MASS J16593829-3942084,5970121227116976768,Mira
2MASS J17310836-2420330,4110539377460569344,Mira
2MASS J18014250-2642296,4063975231829327872,Mira
V* V483 Oph,4469303596259564032,Mira
2MASS J16594553-4811265,5938895307377180288,Mira
IRAS 13408-6437,5863879168108108160,Mira
2MASS J18054928-2419417,4066061069730836096,Mira
2MASS J18335145-1458414,4103308851585527296,Mira
IRAS 08014-1231,5726221033791425536,Mira
V* V2046 Sgr,4079876433331735936,Mira
IRAS 17134-3512,5975561885534410240,Mira
IRAS 20001+4116,2075186536539615104,Mira
OGLE BLG-LPV-38387,4041031825698803456,Mira
2MASS J18271899-1609348,4097108980362183040,Mira
2MASS J10334185-5839277,5351409472774049792,Mira
2MASS J17093848-3929574,5972956493957945728,Mira
IRAS 18431-0205,4259858107328009472,Mira
IRAS 17271-3002,4058630776308778112,Mira
OGLE BLG-LPV-196796,4050375402493612416,Mira
IRAS 17560-2730,4062800369251791744,Mira
OGLE BLG-LPV-9784,4117577106564847616,Mira
IRAS 18074-0937,4158137922964164992,Mira
2MASS J18222878-2340185,4089382673427022592,Mira
2MASS J17352514-1805181,4123388167277314048,Mira
2MASS J17523161-2823028,4057436092555945856,Mira
2MASS J17350272-2912389,4060278742371468544,Mira
OGLE BLG-LPV-92727,4043601173971218688,Mira
IRAS 19133+0448,4293304662625086976,Mira
IRAS 19084+1459,4320592965022621824,Mira
IRAS 14182-6317,5853350691444222720,Mira
2MASS J08263202-4411082,5525966053315333504,Mira
V* V656 Oph,4286535145651091200,Mira
2MASS J17560981-2701039,4063641048995884672,Mira
V* V804 Cen,6082837180597665664,Mira
IRAS 04517+5523,273578941333877120,Mira
IRAS 15467-4932,5982809453859854592,Mira
V* BI Sct,4204039303661600512,Mira
ASAS J182037-3858.6,6727408829950742656,Mira
2MASS J18065640-2638373,4063275834975489024,Mira
ATO J278.5227-01.4313,4271785162780070400,Mira
IRAS 08348-5143,5321662155626976128,Mira
2MASS J17461455-2336469,4068735911004524288,Mira
2MASS J18464399-2840105,4071478672753726848,Mira
ATO J268.8878-19.9763,4119171024727019264,Mira
IRAS 13561-6507,5852025569394118144,Mira
2MASS J17405932-2414390,4068279196999378432,Mira
2MASS J17113651-2937286,6028901668495398400,Mira
V* V1829 Oph,4114938141153757952,Mira
2MASS J15152230-5855322,5876965727253162624,Mira
IRAS 17440-2452,4068053384805066112,Mira
2MASS J17424045-2700104,4061000292588191104,Mira
IRAS 18429-1310,4105268451782910720,Mira
V* AS For,5049804950710147456,Mira
OGLE BLG-LPV-89635,4056379113939929472,Mira
2MASS J13044843-5842114,6057030307005008512,Mira
2MASS J17565369-2316451,4069366961929908864,Mira
Terz V 1114,4109148048588329472,Mira
2MASS J17412845-2757306,4060649002925373184,Mira
OGLE BLG-LPV-162492,4043998308122416128,Mira
IRAS 16072-4747,5984020467166410112,Mira
IRAS 18219-1657,4096951578375648896,Mira
2MASS J17405391-1939090,4119978409911279488,Mira
2MASS J18055059-1917391,4095323923175747712,Mira
IRAS 15035-6337,5873385889197383552,Mira
2MASS J19114758+1018108,4309339703987488000,Mira
IRAS 18204-1905,4096040220632675200,Mira
2MASS J13053732-6023532,6055878568576731520,Mira
IRAS 17039-3641,5976538531080056576,Mira
IRAS 15373-4953,5985405199020882816,Mira
2MASS J17512218-2820533,4057434821256587264,Mira
2MASS J17400563-2202219,4117216466690906496,Mira
SOPS   II d-107,6707229630485657856,Mira
2MASS J16182639-5139551,5934735575689929216,Mira
2MASS J16162688-5129101,5934752381978293248,Mira
V* YY Vul,2024475307965520512,Mira
2MASS J15370135-5748405,5882565883580025088,Mira
2MASS J17570430-2739461,4063522091226097792,Mira
2MASS J17374976-2621309,4061796790030349312,Mira
V* DU CMa,2931829617825454208,Mira
2MASS J18001159-2535173,4064372739588227200,Mira
2MASS J18103304-2201401,4069752100214592896,Mira
Terz V 1312,4107995038833334656,Mira
2MASS J18291129-1613123,4097075101658843776,Mira
IRAS 18256-2110,4090369386396290304,Mira
IRAS 18164-3629,6728329812695647488,Mira
OGLE LMC-LPV-52753,4651687080406158080,Mira
2MASS J17343475-4300429,5958848110491163648,Mira
2MASS J17440992-3205266,4054281073944823808,Mira
ATO J286.9275+04.0951,4269305283082004480,Mira
2MASS J16085525-4620040,5990171749359889536,Mira
2MASS J17515205-2809278,4057455505812565248,Mira
2MASS J16405373-4421171,5943515455230552192,Mira
2MASS J17422097-3344522,4053828732360516864,Mira
2MASS J18585040+0002371,4265836461320974336,Mira
2MASS J17533094-2827432,4057385579394745728,Mira
IRAS 18572+0618,4282623907888712704,Mira
2MASS J17352422-2231400,4116808930215185280,Mira
IRAS 19181+1729,4514908314935825792,Mira
2MASS J10363592-7556346,5204533518373272320,Mira
IRAS 17437-2041,4118882884034057216,Mira
2MASS J15470255-6053311,5833402801709966976,Mira
V* V492 Cen,5368415932664897280,Mira
OGLE BLG-LPV-211620,4062880118288945792,Mira
IRAS 17092-5130,5925733324231867904,Mira
OGLE BLG-LPV-223780,4065004031116707456,Mira
ATO J268.0120-12.0370,4151532228906489472,Mira
ATO J275.6941-06.5703,4160821624711953792,Mira
OGLE BLG-LPV-15996,4068172475658900736,Mira
2MASS J18040835-2456210,4065917828299644032,Mira
V* RY CrA,6720134946366278016,Mira
2MASS J17342100-2932598,4058583329919884544,Mira
ATO J280.2915+00.1050,4272467100515109632,Mira
V* V893 Aql,4234757837411096960,Mira
IRAS 18205-0147,4271160949420177152,Mira
IRAS 13543-6525,5851914832329786624,Mira
IRAS 14474-5226,5894853235244287488,Mira
OGLE BLG-LPV-95703,4070206164222235648,Mira
ATO J280.2511-00.0230,4272452635065128064,Mira
2MASS J17443865-2542294,4067136117231941632,Mira
2MASS J17505918-2841397,4057401247442561280,Mira
2MASS J18395336-0057406,4272237508738901888,Mira
OGLE GD-LPV-19,5859018330305756032,Mira
2MASS J14193740-5928359,5891007384090244352,Mira
ATO J294.8190+32.6271,2045378913764747392,Mira
OGLE BLG-LPV-95472,4056378534191207552,Mira
IRAS 19090+0602,4305648815252493056,Mira
2MASS J14553397-5637392,5881044503096563328,Mira
V* II Mon,3040818845366769664,Mira
ATO J284.8831-23.9181,4074585274146949376,Mira
IRAS 03499+6558,489893766606405120,Mira
OGLE BLG-LPV-192067,4062523601625694720,Mira
2MASS J17585811-2715215,4063563567792793088,Mira
ASAS J190015+3934.7,2100323914957701248,Mira
2MASS J16504675-4012068,5969859440271132672,Mira
IRAS 16446-4246,5967858230345921792,Mira
2MASS J16453891-4046001,5968355621950303872,Mira
2MASS J16045599-5054267,5981609513038170752,Mira
IRAS 15472-4859,5982966825795250560,Mira
2MASS J17444687-2559286,4067115780651583616,Mira
OGLE BLG-LPV-80422,4056443680227582848,Mira
V* QQ Nor,5830891276616607104,Mira
2MASS J17465573-3036434,4056008922120250496,Mira
2MASS J15590343-5032175,5981855734919262848,Mira
2MASS J18511888-0349362,4255319392084307712,Mira
IRAS 14447-6214,5874342876656510592,Mira
OGLE BLG-LPV-177001,4063194303702615680,Mira
2MASS J16173262-5158145,5934724378788195968,Mira
IRAS 14165-5712,5892064976845138176,Mira
CRTS J035227.9+053322,3273478804334193152,Mira
IRAS 17359-6656,5812429789157988864,Mira
2MASS J17520126-1947586,4119400307337576320,Mira
2MASS J19262453+1207426,4315802770802207488,Mira
ATO J285.5994+00.5396,4265948302241071104,Mira
2MASS J17411672-2805041,4060634709314793088,Mira
M33SSS J013325.30+302315.6,303269839794569344,Mira
V* ZZ Dra,2249345776748595072,Mira
IRAS 14496-5659,5880818759595671424,Mira
IRAS 19032+0750,4307232489947851648,Mira
IRAS 18423+1616,4510859844396597632,Mira
V* TU Cir,5851194755284251520,Mira
2MASS J16393233-3906102,6017523995213059456,Mira
IRAS 16035-5418,5932506560792677888,Mira
IRAS 08410-5918,5302536421432905984,Mira
IRAS 16300-4635,5941369242896976640,Mira
2MASS J17564273-3247563,4043329976860655360,Mira
V* V448 Aql,4314873271179467008,Mira
IRAS 19337+2320,2020993670033356928,Mira
IRAS 18092-2244,4066664774646079104,Mira
IRAS 17407-2315,4068815556846606080,Mira
V* V6318 Sgr,4052121220790208512,Mira
2MASS J16565507-3856393,5970401916147342848,Mira
2MASS J17325019-3323202,4054431810119176448,Mira
2MASS J18073727-2343450,4066487890735593856,Mira
2MASS J17130358-3607496,5976990151133712896,Mira
OGLE BLG-LPV-88787,4056375540531876992,Mira
IRAS 17310-2743,4061267684432191872,Mira
OGLE BLG-LPV-132541,4044075961163571200,Mira
2MASS J18453073+0023459,4278436658386132736,Mira
IRAS 18254-1218,4153013992615908736,Mira
2MASS J17280781-3810209,5974062430856864000,Mira
IRAS 19124+1859,4516053662471047168,Mira
OGLE BLG-LPV-80842,4056443886432315264,Mira
2MASS J14555072-6103257,5877903679394550016,Mira
V* GL Sco,6242497165287140992,Mira
OGLE BLG-LPV-192232,4050378632551318144,Mira
IRAS 20324+3447,2056503291354908288,Mira
V* T Scl,4997785578130586240,Mira
2MASS J16581213-3923289,5970190053980471552,Mira
IRAS 11520-5956,5335326817467523200,Mira
2MASS J17440753-2148533,4117096933580075008,Mira
V* V1575 Oph,4135678198941263872,Mira
V* V2477 Oph,4059587145265019648,Mira
2MASS J16345950-4443326,5944194987799422592,Mira
2MASS J18571351-0035500,4265387310871181824,Mira
IRAS 19153+1056,4309732263996576640,Mira
2MASS J17225898-2629268,4109820812263232384,Mira
2MASS J17202213-3021451,4058995333138535552,Mira
Terz V 3085,4060850144920412672,Mira
2MASS J17270342-3058264,4058181488365870464,Mira
2MASS J16443150-4247296,5967732297589004928,Mira
2MASS J12444718-5859412,6059812689899914240,Mira
IRAS 07001-0230,3108732380081022080,Mira
2MASS J18404718-0608361,4253440906487112320,Mira
OGLE SMC-LPV-3040,4688917398859044864,Mira
2MASS J12422462-5945499,6059638932704256000,Mira
2MASS J18401917-0639399,4252999628669607680,Mira
2MASS J18372573-0505046,4256758270504448000,Mira
IRAS 11594-6311,6054336091207296000,Mira
IRAS 19119+0830,4308079010852384256,Mira
V* V1736 Sgr,4042445316616700544,Mira
Mis V0324,4112088172657952256,Mira
2MASS J18345748-1538501,4103017962016001792,Mira
IRAS 13320-6334,5864965653020702336,Mira
2MASS J17575618-2131362,4070779108486455808,Mira
2MASS J15395839-5600246,5884323452908632064,Mira
2MASS J14311359-6142012,5878329877585470720,Mira
2MASS J17404055-2613017,4061839945884316160,Mira
2MASS J16493005-5057435,5937451476839998592,Mira
2MASS J16471185-4246180,5967909014041774848,Mira
2MASS J17192941-4029366,5971951505992133504,Mira
2MASS J17511471-2825143,4057432862750857216,Mira
IRAS 17068-3356,5979663308818933888,Mira
2MASS J17234737-2951146,4059118070533162624,Mira
2MASS J19394917+2935323,2031650720853366016,Mira
2MASS J18541046-0608094,4253972352948846208,Mira
IRAS 21416+5547,2175064764056480256,Mira
IRAS 19505+2647,2027162170746647552,Mira
IRAS 11564-5710,5342018823159486336,Mira
2MASS J18083074-2043560,4094112192645918720,Mira
OGLE BLG-LPV-225824,4064983793224963200,Mira
V* V343 Vul,2024068248114850048,Mira
2MASS J19112577+1332260,4314143229844384512,Mira
2MASS J18240203-0827553,4159292822491761280,Mira
V* V517 Aur,995326651868062976,Mira
2MASS J18304093+0405235,4283344431622059776,Mira
2MASS J12452538-6418226,5862595007218998528,Mira
IRAS 21218+5143,2172328526282392320,Mira
ATO J266.0453-18.5966,4120206519835936768,Mira
2MASS J18535436-0131162,4265203761118194944,Mira
V* PU Sco,5955657740101756416,Mira
2MASS J18405186-0034595,4272277056797967744,Mira
ATO J280.2640-14.8532,4103411170493587840,Mira
V* V515 Aql,4236346185028778368,Mira
IRAS 13289-6037,5869053366725634176,Mira
ATO J281.2742-10.6191,4107148861567320576,Mira
2MASS J15183990-6201347,5875085768535194112,Mira
2MASS J17570212-1811453,4143675458099110656,Mira
OGLE BLG-LPV-73340,4041589999644972288,Mira
2MASS J18325509-0433042,4257609395586115328,Mira
2MASS J18231823-2258450,4089703151060061952,Mira
OGLE BLG-LPV-203944,4050189997337944704,Mira
OGLE BLG-LPV-143741,4056211786345678464,Mira
2MASS J18095270-3327415,4039685091451464832,Mira
2MASS J16562904-3509346,5977900203164786176,Mira
2MASS J17172947-4143578,5959753146026770944,Mira
IRAS 05340+3653,189284882389541760,Mira
OGLE BLG-LPV-212927,4050321870226951808,Mira
IRAS 17454-3443,4041529973261894144,Mira
IRAS 17132-4342,5953501559105722624,Mira
2MASS J17571327-2137189,4070401739814078720,Mira
2MASS J18402094-0805507,4252536184541309568,Mira
IRAS 17420-3929,5961123343719888256,Mira
2MASS J16500112-5338118,5930055577509269248,Mira
IRAS 17053-3458,5977341930502838784,Mira
2MASS J15232352-5017529,5890432064632506368,Mira
2MASS J14593097-6420327,5873148703929729920,Mira
IRAS 18370+0112,4279546134332447872,Mira
V* V2091 Sgr,4085879423221958912,Mira
OGLE BLG-LPV-139862,4043978379467175808,Mira
V* AX Lup,5902845099909038080,Mira
2MASS J15501822-5540456,5884204465176635136,Mira
2MASS J12342249-6013224,6058112192090628096,Mira
V* V521 Sgr,4052095622789547520,Mira
2MASS J18264960-1901060,4093142114249323776,Mira
V* KX UMa,863187722399317504,Mira
[WWV2004] J1747532-121216,4162067676287956480,Mira
2MASS J17344755-3358326,4053634114441740416,Mira
IRAS 18456-1007,4203268610368082560,Mira
IRAS 11497-6757,5235556135899662976,Mira
OGLE BLG-LPV-24845,4053815400779965184,Mira
V* IR Sge,4514438101931430656,Mira
2MASS J18383070-0424585,4256912206467894016,Mira
2MASS J13140487-6303199,5862455300502547712,Mira
[GMC2001] 22-1,4057104417945410944,Mira
2MASS J18522941+0003397,4266262625172064384,Mira
2MASS J18194126-2108311,4091245903251374208,Mira
2MASS J16335770-3209072,6024639961420711680,Mira
ATO J284.7842-00.1596,4265783233743028736,Mira
MSX5C G027.3034-00.3368,4256612589541994752,Mira
IRAS 17130-4045,5971838290640887808,Mira
2MASS J17591825-2514552,4064443795530617472,Mira
IRAS 18161-2236,4090445802397607680,Mira
2MASS J17311871-3132131,4054925701311014912,Mira
2MASS J12412850-5934097,6059653466874722816,Mira
2MASS J18212763-1754523,4096468514834937728,Mira
IRAS 18022-1614,4144383547898158080,Mira
2MASS J12073686-6304525,6054365228267714816,Mira
OGLE BLG-LPV-88323,4056391139937028608,Mira
OGLE BLG-LPV-38955,4068537346133156224,Mira
2MASS J17382903-3451033,4053299828541420544,Mira
2MASS J19593196+3842036,2072456277385093376,Mira
2MASS J16201032-5412305,5932148635389039104,Mira
IRAS 19324+2811,2025482078305752192,Mira
IRAS 16102-5429,5932544734369306880,Mira
V* V2345 Sgr,4089909206416563072,Mira
ATO J270.2040-12.7757,4150530328981104384,Mira
OGLE BLG-LPV-48775,4055972397706631936,Mira
2MASS J16585728-3829441,5970327561671191040,Mira
2MASS J18131905-2342503,4066347565610933248,Mira
IRAS 13039-3407,6179258337399373440,Mira
2MASS J18190409-2130556,4090860691932087424,Mira
2MASS J11342792-6336225,5333608040237999872,Mira
2MASS J17305547-2435077,4110429288843190912,Mira
2MASS J17382057-3717512,5962432209199282944,Mira
2MASS J17234129-4326499,5953380273580903040,Mira
IRAS 18523+1057,4311984476166474880,Mira
ATO J283.1483+09.5551,4311292642833956480,Mira
2MASS J17413805-2607381,4061864921045523840,Mira
2MASS J17290948-2727452,4061432405021229184,Mira
2MASS J18432036+0622483,4285672166450401024,Mira
2MASS J18190693-1305494,4152711695635091456,Mira
2MASS J16481774-4305026,5967479448595554432,Mira
2MASS J17042689-4354290,5963820647533615232,Mira
Terz V 3016,4060867359066022016,Mira
V* V1627 Cyg,2074587371436708352,Mira
2MASS J17520208-2823130,4057436779772875392,Mira
ATO J276.0099-19.1396,4093056760249120512,Mira
2MASS J17265510-2036028,4121031089203304448,Mira
V* V774 Oph,4376439183473780992,Mira
2MASS J13370221-6205487,5865731535895910016,Mira
OGLE BLG-LPV-44017,4068577203439117440,Mira
IRAS 18124-0819,4158715063483225216,Mira
2MASS J16540664-4706223,5939752956473342336,Mira
2MASS J17583920-2459150,4064463170104204160,Mira
IRAS 20028+2937,2029790965608949248,Mira
V* V1132 Sco,4058597829715470208,Mira
2MASS J19094795+0334308,4269072805106418048,Mira
IRAS 15362-5617,5882795269192485632,Mira
2MASS J17273430-3744000,5974091597963708928,Mira
OGLE BLG-LPV-121843,4056533492243159936,Mira
IRAS 18515-1056,4202193464148022784,Mira
IRAS 12361-5632,6061137979352761472,Mira
2MASS J17581882-2338161,4069295661141339520,Mira
2MASS J16471216-3824086,5971076741407938560,Mira
2MASS J19395313+0557550,4291692851617076224,Mira
2MASS J15503198-4535090,5988022586416986624,Mira
2MASS J18551310-0014174,4265460703276456320,Mira
2MASS J16003748-5047442,5981790795011955840,Mira
IRAS 17365-2700,4060963154081134848,Mira
V* EL Ara,5912522245343564544,Mira
2MASS J18025543-2124072,4070080957269430144,Mira
2MASS J18145008-1503174,4146221175425935872,Mira
2MASS J16551903-3234430,6026772979628826624,Mira
2MASS J19130967+0041579,4264312469486990976,Mira
ATO J256.7720-13.7956,4139888984864581888,Mira
IRAS 17313-2516,4110144407900203904,Mira
2MASS J17425197-2707357,4060985453552429568,Mira
2MASS J17513506-2857226,4057347444461006848,Mira
ATO J265.6548-20.1159,4119750329993939584,Mira
2MASS J17544732-2851449,4056610806051560064,Mira
IRAS 17348-2042,4118212899099107584,Mira
IRAS 19127+1636,4513334364046376448,Mira
2MASS J16195743-4742182,5941775787328589056,Mira
2MASS J16483704-4217508,5967948459013815040,Mira
IRAS 18507-0204,4258990386503756032,Mira
2MASS J17320703-4051009,5959355603893657344,Mira
V* V460 Her,4548053573975992448,Mira
OGLE BLG-LPV-55613,4057221172354236800,Mira
2MASS J17242805-1835473,4122774983341273600,Mira
OGLE BLG-LPV-73769,4056442576375423872,Mira
IRAS 16453-3936,5970684765540979072,Mira
V* V3874 Sgr,4048557879794156928,Mira
2MASS J16141320-5255326,5933147885270740352,Mira
2MASS J15104196-6217470,5873800095828682112,Mira
IRAS 19155+0616,4294067036498112512,Mira
ATO J272.2139-11.2901,4157106374876121728,Mira
2MASS J16361880-4143085,5968631221383107584,Mira
2MASS J14094312-5955364,5867664855315896960,Mira
IRAS 18384-0818,4251778724177990016,Mira
ATO J311.9493+37.4843,1871127039665614592,Mira
2MASS J18290053-1244480,4152935137022479232,Mira
OGLE BLG-LPV-63757,4068926573195575168,Mira
IRAS 19073-6649,6434251821370183680,Mira
IRAS 17069-2552,4109346269913286272,Mira
WOH G 604,4656937037976398720,Mira
IRAS 18342-0402,4257735190920489984,Mira
2MASS J18155188-2029525,4094354050852525440,Mira
2MASS J17485322-2612292,4066883027712300160,Mira
V* R Cnc,649386277628656128,Mira
2MASS J17172855-3948016,5972040940062175488,Mira
IRAS 17454-3324,4041946000973988352,Mira
V* V2714 Sgr,4039308581727455104,Mira
IRAS 21105+4746,2164540101323317376,Mira
2MASS J18570858+0001466,4265845051256616064,Mira
2MASS J17341025-3036409,4058357444590526464,Mira
2MASS J15474111-5128061,5982225647549453568,Mira
2MASS J18010094-2601560,4064165133729516288,Mira
2MASS J17391613-2829322,4060235169934603520,Mira
IRAS 19037+1336,4314380208949061632,Mira
IRAS 19087+3935,2100513752512794752,Mira
V* V4577 Sgr,4062381867698731904,Mira
IRAS 19480+2201,1827537657131281664,Mira
2MASS J17531867-2309445,4068644337968542208,Mira
V* BG Lyr,2040579030086599680,Mira
IRAS 12359-6410,5861143239573889408,Mira
V* V1266 Sgr,6758606892575294976,Mira
2MASS J17203017-3241597,5979514977775143424,Mira
2MASS J18253056-0632346,4160153774463593600,Mira
IRAS 21458+7819,2285021660599321600,Mira
IRAS 07225-3009,5605425486605437952,Mira
OGLE BLG-LPV-97499,4055697107547179264,Mira
2MASS J16402082-4530318,5943351318726840832,Mira
2MASS J17523704-2039056,4118748567418547840,Mira
OGLE BLG-LPV-211357,4063275353968369024,Mira
2MASS J18392304-0538298,4256491196553280384,Mira
V* V388 CrA,6709999476375478912,Mira
2MASS J18193561-2016138,4091375817461025792,Mira
2MASS J18160552-2450227,4065193284563450880,Mira
IRAS 17257-2259,4111489767811507328,Mira
OGLE BLG-LPV-61945,4057245189813159168,Mira
2MASS J18143482-1355005,4146638199552350208,Mira
IRAS 17185-2225,4114669104400095616,Mira
OGLE LMC-LPV-88792,4656765758959002624,Mira
2MASS J17150281-4630559,5951287559335148032,Mira
IRAS 19561+2958,2030421432474879744,Mira
IRAS 17585-1908,4095308426948065152,Mira
V* IY Ser,4146152146708695296,Mira
2MASS J17290785-3136574,4057912181087859712,Mira
2MASS J16592017-3514000,5977861209162844672,Mira
V* BE Ser,4147146586263828480,Mira
2MASS J19062854+0820029,4307459981482579840,Mira
2MASS J18345629-1353075,4104523708862619136,Mira
2MASS J17323064-3019469,4058425756103128320,Mira
ATO J271.9728-07.5115,4171057837421736320,Mira
2MASS J11271636-6400225,5333675076078305408,Mira
IRAS 19266+0722,4295893943785442432,Mira
2MASS J19032593+0912457,4310576826374117632,Mira
IRAS 19176-0348,4212769391567036416,Mira
2MASS J17470472-2708057,4060764967065933056,Mira
IRAS 11430-6645,5235921105045677312,Mira
2MASS J19350076+2406259,2021077988838937216,Mira
V* CO Cap,6848778597079352832,Mira
Terz V 3370,4067087944868151296,Mira
2MASS J17401967-3321401,4054086155460975616,Mira
2MASS J16390340-4606594,5942937730562348672,Mira
IRAS 17107-3611,5973983781404697344,Mira
IRAS 15308-5710,5882642540152624768,Mira
2MASS J18405487-0520141,4256526346610410880,Mira
IRAS 18122-2426,4065411606338685952,Mira
OGLE BLG-LPV-226658,4064971492370991744,Mira
OGLE BLG-LPV-135640,4040544394298633600,Mira
V* YY Ser,4275042019305899136,Mira
IRC +60288,2243282210642605952,Mira
IRAS 09168-4741,5326498116996602240,Mira
V* V1450 Oph,4128555596982199680,Mira
IRAS 16151-4636,5989969443543216128,Mira
2MASS J17282764-4025132,5960124089451793920,Mira
ATO J268.6099-20.1809,4119138692269140096,Mira
OGLE BLG-LPV-66087,4056421994945624576,Mira
OGLE BLG-LPV-100456,4056387639465437184,Mira
2MASS J18160505-1332383,4146676957336923776,Mira
OGLE LMC-LPV-60616,4658056310795744896,Mira
2MASS J19165384+0413393,4292444848864746496,Mira
2MASS J17062034-4527091,5963453930345579520,Mira
[MM63] 7-140,4048164976204440320,Mira
2MASS J17260208-3001000,4059056703944932992,Mira
IRAS 18044-3358,4039570987172295552,Mira
ASAS J185513-2605.4,4073826409277946624,Mira
V* HI Ser,4146881054212456320,Mira
2MASS J17003973-4619245,5963157160981319552,Mira
2MASS J18164401-1404102,4146576553882124416,Mira
2MASS J17115586-4216400,5965650548430334848,Mira
2MASS J14060648-6831384,5847457790098645632,Mira
2MASS J17211270-3428401,5975695514847137152,Mira
IRAS 18268-1656,4096824855318404736,Mira
V* CU Cyg,2138011634504476928,Mira
2MASS J18313833-1449222,4104056760020832256,Mira
V* MN Car,5250517053159636736,Mira
2MASS J17411833-3333392,4053893088155263360,Mira
2MASS J17112531-3512020,5977111853332100992,Mira
V* AZ Lyr,4538026057995063680,Mira
2MASS J18103697-1507399,4146066728431931136,Mira
2MASS J18394309-0943371,4155269468982499456,Mira
IRAS 18347-0904,4155646257845773696,Mira
2MASS J16063348-4835284,5983524243794740608,Mira
V* AG Oph,4543123466915312512,Mira
NSVS   5875992,2162887535325971072,Mira
OGLE BLG-LPV-101380,4043615639499687808,Mira
2MASS J16482428-4903024,5937712679557752704,Mira
2MASS J17221869-1908319,4122189184156935424,Mira
IRAS 16013-5133,5981506296380385792,Mira
2MASS J18012131-2134586,4070728260397703040,Mira
2MASS J17563054-2708473,4063601329136279552,Mira
2MASS J12041529-6315520,6054345505776205184,Mira
V* V627 CrA,6709672848405190144,Mira
2MASS J18002577-2449187,4064492307163149952,Mira
Cl* IC 1276    SAW V1,4171084397483575424,Mira
OGLE BLG-LPV-178490,4062316274924486656,Mira
ATO J265.5497-09.5342,4165036980459105920,Mira
IRAS 13325-5914,5869943661858910208,Mira
2MASS J17560638-2327540,4069358028397913088,Mira
IRAS 19067+2158,4520303515425372160,Mira
2MASS J16482981-4537253,5940206681112600576,Mira
IRAS 17071-2649,4108846919831247744,Mira
IRAS 10308-5713,5351626630632054656,Mira
2MASS J17464282-2503040,4068026721647101824,Mira
IRAS 17213-2046,4121128700856914688,Mira
* sig Lib,6227443304915069056,Mira
2MASS J17485870-2903051,4057293224745381504,Mira
2MASS J18550782+0441037,4281977601207730304,Mira
2MASS J17394467-3628453,5962670975066783616,Mira
2MASS J12341085-6327193,6053624191749391488,Mira
2MASS J16360834-5647269,5928457815298019840,Mira
2MASS J17333523-1420516,4137359382271365248,Mira
IRAS 16166-4655,5941900169586579328,Mira
ATO J316.5573+41.6514,1969427914671264640,Mira
2MASS J18411132-1255004,4105441766673580544,Mira
V* V1236 Sgr,4080628224404675584,Mira
V* V1138 Cyg,2047283061741297536,Mira
IRAS 18554-0005,4265837251595130240,Mira
2MASS J19040058+1058333,4312601302194341632,Mira
2MASS J13270853-6126206,5868639984708273664,Mira
IRAS 09002-5830,5303232176086392192,Mira
2MASS J18455292+0044485,4278487132843057664,Mira
IRAS 16369-3723,6019190339463421824,Mira
2MASS J18563842+1110215,4312071195809413632,Mira
2MASS J18023399-2558177,4064158055616915328,Mira
OGLE BLG-LPV-123146,4043572552293590144,Mira
V* V3957 Sgr,4181367889227242240,Mira
V* V2018 Sgr,6736396650319080576,Mira
2MASS J17345284-3319250,4054510012884386560,Mira
OGLE BLG-LPV-126409,4056103067913075200,Mira
2MASS J17382385-3653122,5962634725539531264,Mira
V* V2242 Oph,4116446671110668416,Mira
ATO J262.3070-24.3399,4110492300267515008,Mira
IRAS 18011-1933,4095222355807416576,Mira
2MASS J18105190-1314392,4147581236950065280,Mira
2MASS J14085259-6018515,5866882174829091456,Mira
IRAS 18000-2723,4063121942063055616,Mira
OGLE BLG-LPV-65351,4041582268754251264,Mira
2MASS J16111863-5222328,5933378301625901952,Mira
2MASS J17524872-2249430,4070203690321538432,Mira
V* V673 Oph,4479571076383983360,Mira
IRAS 19563-2454,6851317403787766400,Mira
IRAS 14327-5544,5891833357857782656,Mira
OGLE BLG-LPV-138936,4056309127527067136,Mira
2MASS J18102831-1440488,4146117340330067200,Mira
2MASS J17233855-3911593,5972483944457129088,Mira
IRAS 18432+0342,4280539646190421120,Mira
2MASS J17494276-3103326,4055925913277328512,Mira
ATO J282.8206-14.5059,4101884189356333312,Mira
2MASS J17363013-2930337,4060068082848728832,Mira
2MASS J17354745-2942473,4058563538718446208,Mira
IRAS 18186-1003,4154530528391574912,Mira
2MASS J17553154-2208378,4070345492893213312,Mira
OGLE BLG-LPV-148661,4062760061157151232,Mira
OGLE BLG-LPV-87307,4040805326373837952,Mira
2MASS J18364775-0421199,4256881351430588032,Mira
IRAS 21358+5020,2171439571136177792,Mira
2MASS J16191301-4531085,5990460341130817152,Mira
IRAS 18122-0422,4173646087779125760,Mira
2MASS J16455686-4733318,5939619885547320192,Mira
IRAS 19097+1229,4313265407209157888,Mira
IRAS 19001-0147,4262013596847772288,Mira
2MASS J17450469-2237259,4116904686422112256,Mira
2MASS J17345557-2559149,4062022911440092544,Mira
V* AA Sgr,4102391068539062400,Mira
IRAS 16459-4757,5939358648443049728,Mira
2MASS J19085597+0332523,4269069059819444480,Mira
2MASS J17152720-3007395,5980775533573881856,Mira
2MASS J18423782-0908131,4155409416181293440,Mira
IRAS 18262-0719,4159866080355372160,Mira
Terz V 1811,4053336804000240000,Mira
2MASS J12002216-5209590,6126109598891946496,Mira
IRAS 18084-2505,4065030586822206208,Mira
2MASS J18061916-2855571,4050405231127736064,Mira
IRAS 17209-2719,4108040595480687488,Mira
2MASS J19423281+1106130,4303060393104364544,Mira
ATO J285.2220+12.9647,4313873986889450368,Mira
2MASS J18402344-0326167,4258537349040696960,Mira
2MASS J12430047-6408078,5862655995759307136,Mira
2MASS J18351850-0324154,4257831810510545792,Mira
2MASS J17154628-4001376,5972016480267283584,Mira
D33 J013403.8+303753.0,303367799410943232,Mira
V* BK Sco,6237067227115662336,Mira
IRAS 18200-0939,4156070497529916672,Mira
2MASS J17240265-4502310,5952069655734051456,Mira
2MASS J17482350-2631373,4066836946986501632,Mira
IRAS 19265+2036,2017937714874177024,Mira
2MASS J17042812-4546389,5963235707343625856,Mira
2MASS J17372261-3546536,5962765017686870016,Mira
Terz V 1809,4058503580950146560,Mira
IRAS 17265-2435,4110436951065563392,Mira
OGLE BLG-LPV-122052,4056513293080025600,Mira
2MASS J17125085-4204484,5965749504494995072,Mira
2MASS J17462281-3227010,4054062928324742912,Mira
IRAS 18268-0417,4257492057077528960,Mira
2MASS J17352776-3555538,5974745773021951104,Mira
IRAS 20082+3839,2061759747228772224,Mira
IRAS 15284-5929,5881792304096845056,Mira
V* V2369 Sgr,4079439210038775296,Mira
IRAS 17121-3146,5980333083158959360,Mira
OGLE BLG-LPV-243520,4060018604791466112,Mira
IRAS 18387-1320,4105393383794603520,Mira
IRAS 13008-6319,5862311951677207936,Mira
2MASS J17572836-1930224,4119303034870810624,Mira
2MASS J03231208+6054446,462596088346034048,Mira
2MASS J15483386-5212585,5981979739209119104,Mira
IRAS 15432-5658,5882470672786816000,Mira
2MASS J17445395-3547105,4041070239962832896,Mira
2MASS J18141231-1349038,4147393220447098496,Mira
2MASS J18424561-1307189,4105420875950646528,Mira
Terz V  982,4107318358128370688,Mira
2MASS J18470543-0025164,4266333921575391616,Mira
2MASS J18404576-0545415,4253472246907881728,Mira
[T66b]  79,4059474724590871296,Mira
ASAS J184411-2348.6,4078109178865802240,Mira
2MASS J18100626-2447207,4065803990166953088,Mira
2MASS J18253195-2624313,4052821648436596352,Mira
2MASS J18132519-1315514,4147474309429338880,Mira
IRAS 15425-5229,5885892627791690752,Mira
2MASS J17360990-3502438,4053317528184969728,Mira
IRAS 20042-1532,6877257150830415232,Mira
IRAS 11522-6508,5332331575985300736,Mira
2MASS J17383322-3506312,4053280999406881664,Mira
2MASS J13213505-6207139,5868512716213747200,Mira
IRAS 18507-1610,4100816293017618304,Mira
2MASS J15593096-5448157,5836649109827665792,Mira
Mis V0310,4333511024007425024,Mira
V* TY Lup,5906467995025321600,Mira
IRAS 18201-1650,4097715562818122496,Mira
2MASS J17361921-3244542,4054556677720178432,Mira
V* V457 Aql,4304666848314627328,Mira
2MASS J17421600-2824518,4060575949820128512,Mira
OGLE BLG-LPV-22039,4117381810156055296,Mira
2MASS J13514236-6053035,5867353521736206464,Mira
MACHO 128.21926.71,4050728384426593792,Mira
2MASS J18432062+0026340,4278495241741704960,Mira
IRAS 19097-1149,4198361185039234560,Mira
IRAS 17112-2715,4108595543915769344,Mira
2MASS J18110091-3416557,4039493712103949184,Mira
2MASS J17481259-2612400,4066880858735198592,Mira
2MASS J17405203-2735030,4060853752599640448,Mira
V* V2234 Sgr,6686243526923805056,Mira
ATO J264.5527-22.1941,4116835382830814720,Mira
2MASS J16285703-5049577,5934504338966175616,Mira
IRAS 17583-3451,4042043032871736448,Mira
IRAS 16470-1815,4132364270877153536,Mira
2MASS J17104922-4839056,5926711202384543616,Mira
2MASS J16435467-4617337,5943081457364837504,Mira
V* V1532 Oph,4115388459893531520,Mira
IRAS 16096-5810,5835053787150369408,Mira
IRAS 19252+3252,2046011545251352832,Mira
2MASS J17423933-3623462,4040937675712438144,Mira
2MASS J16225623-4757239,5941801243563277440,Mira
V* DT Her,4532129793754290688,Mira
2MASS J16122119-5304289,5933063051134031360,Mira
IRAS 17284-3614,5974695371618516864,Mira
2MASS J17372140-2843581,4060134736428550400,Mira
OGLE BLG-LPV-96881,4056580569471079936,Mira
IRAS 16118-4709,5989894161357984128,Mira
IRAS 18291-1826,4093530409241102592,Mira
OGLE BLG-LPV-59937,4057224058586448000,Mira
2MASS J17372570-2746288,4060528022358265728,Mira
IRC +10525,2715425869543721600,Mira
IRAS 18412+0345,4280459106958832640,Mira
2MASS J18033923-3118211,4043870485538175104,Mira
2MASS J17563657-2250142,4069421490838834560,Mira
OGLE SMC-LPV-2510,4688822295359032960,Mira
2MASS J16345954-4557498,5942919760485739520,Mira
2MASS J14193632-6257027,5854142442832301184,Mira
2MASS J18362911-1349331,4104609127138932864,Mira
2MASS J18251035-1516478,4097990341983407616,Mira
Terz V 1871,4053490666928427008,Mira
2MASS J19160664+1417318,4320248371213788160,Mira
2MASS J18122345-1246258,4147715033755125888,Mira
2MASS J17082656-3708178,5976466856617566336,Mira
IRAS 16388-5047,5937313041426438912,Mira
IRAS 17453-2411,4068470104008023552,Mira
OGLE BLG-LPV-208396,4063341466413341440,Mira
2MASS J17294534-3130359,4057937190634962304,Mira
IRAS 19454+1905,1824642402510286976,Mira
2MASS J17545511-2235133,4070188846853288576,Mira
V* V350 Aps,5771607258873332096,Mira
2MASS J15472552-5158016,5982003344349687168,Mira
V* AX Ara,5952091985198691712,Mira
V* V2927 Oph,4123007834947556480,Mira
IRAS 22141+6427,2206557285324805760,Mira
2MASS J16453520-4407346,5967355856601189120,Mira
2MASS J15454160-6048059,5833407646433356672,Mira
2MASS J14321396-5917593,5878874445073426432,Mira
2MASS J18313831-2438215,4077079245755587840,Mira
2MASS J18105046-1634361,4145588337764203520,Mira
SHV 0512407-704632,4652004358234311808,Mira
2MASS J19112123+0322030,4269029821070057216,Mira
Mis V0353,2071847800779765120,Mira
2MASS J17005197-4957526,5938129841122209408,Mira
V* V2048 Sgr,4086337580308466560,Mira
2MASS J14542156-6216233,5874686027375967744,Mira
SHV 0517086-681751,4658763124924025472,Mira
ATO J060.7375+59.8715,473555264339793536,Mira
V* YZ Ser,4275194851426730112,Mira
2MASS J16002689-5341077,5980823465301172352,Mira
2MASS J17540604-2052501,4070688403179104384,Mira
2MASS J19014540+0252547,4268742126927926656,Mira
2MASS J17380376-2835568,4060229230048100480,Mira
2MASS J18394238-0510590,4256574415887580672,Mira
2MASS J09212639-5050346,5313559304688932224,Mira
IRAS 17075-3018,6028701321245076992,Mira
IRAS 18200-0903,4159131709685543168,Mira
2MASS J18183067-0753433,4160239536362720256,Mira
OGLE BLG-LPV-152562,4043748267948949888,Mira
2MASS J18284183-0550204,4257030335243108608,Mira
2MASS J17560284-2812413,4063408639685402624,Mira
IRAS 17295-2541,4110106822633917696,Mira
M33SSS J013446.74+303541.2,303369659133023104,Mira
IRAS 16494-4109,5969550138197379584,Mira
IRAS 12316-6112,6054797851705620608,Mira
2MASS J18241059-1323457,4152533506016899200,Mira
IRAS 14391-5138,5898170771053250816,Mira
2MASS J18124346-2236021,4066672127680020224,Mira
IRAS 09364-5317,5309097069879328768,Mira
ATO J264.8163-13.6250,4161488787741337088,Mira
2MASS J17344189-2759466,4060416932950136704,Mira
IRAS 10470-6751,5232053160559168256,Mira
IRAS 17140-4214,5953687483978864256,Mira
IRAS 19024+1037,4312511348392743424,Mira
2MASS J16582072-3951060,5970098588352886272,Mira
2MASS J17405397-2532399,4061946731576010624,Mira
2MASS J18172932-4846268,6706530723351991296,Mira
IRAS 11534-6010,5335275758891236992,Mira
SHV 0508218-683145,4661372472197939584,Mira
2MASS J18303365-1045256,4154935560988187008,Mira
ROTSE1 J190322.70+235822.7,4533485835194466688,Mira
2MASS J17455193-2045548,4118858454244807040,Mira
ATO J071.7386+38.7371,199706740793290880,Mira
V* OV Vul,4515817817220647680,Mira
IRAS 18374-2520,4076376211135812992,Mira
2MASS J18574122-1324157,4102431058953118848,Mira
2MASS J18390145-1114417,4106690777512701312,Mira
V* V635 Per,223469042495859328,Mira
OGLE BLG-LPV-223864,4064624184218469888,Mira
IRAS 18392-0657,4252790652834387968,Mira
OGLE BLG-LPV-172651,4062672065661556608,Mira
2MASS J16571335-4603532,5963908715846058240,Mira
ATO J295.6750+07.4576,4297946873747725952,Mira
IRAS 19236+1017,4308743936185458432,Mira
2MASS J16554349-4643404,5939856070047809280,Mira
Terz V 2738,4061813729415064704,Mira
IRAS 17594-2850,4062418563804009344,Mira
IRAS 19450+3133,2034509519778141056,Mira
2MASS J17360416-2830215,4060340070212713472,Mira
IRAS 17418-0400,4176453140967685376,Mira
2MASS J18244220-2502440,4077183454478824832,Mira
2MASS J17460235-2631496,4067032767421645184,Mira
2MASS J18262803-0649167,4160130959597231744,Mira
IRAS 14334-5841,5879252264771614976,Mira
OGLE LMC-LPV-77613,4657675776661465856,Mira
V* V1724 Cyg,1964193002368644224,Mira
2MASS J16034273-5635309,5836208068238748672,Mira
2MASS J16155260-5008564,5935110582183035648,Mira
2MASS J17331651-3444354,5975078340936201344,Mira
2MASS J14465625-5600588,5893175243090843136,Mira
OGLE BLG-LPV-76513,4043414570528967552,Mira
2MASS J17381660-3519231,4053252034149090176,Mira
2MASS J12213371-6041126,6058214790269959680,Mira
IRAS 10517-5948,5338336794916371712,Mira
2MASS J17510135-2244233,4068906472689430272,Mira
OGLE BLG-LPV-19472,4068378256240257280,Mira
[ABC89] Cru   8,5862250482147658496,Mira
2MASS J17461213-2540090,4067150964997664640,Mira
V* V588 Lyr,2101392910841400320,Mira
V* V1582 Oph,4116117539171094912,Mira
2MASS J17535857-2847116,4056614688647961344,Mira
IRAS 17179-3222,5979527656518867200,Mira
2MASS J18133657-0942075,4157699698859285504,Mira
IRAS 19079+1228,4313181260238174080,Mira
2MASS J17473015-3142119,4055620627032073856,Mira
2MASS J18302511-2427444,4077135453923392896,Mira
OGLE BLG-LPV-97107,4043626123455100544,Mira
ATO J268.8114+05.4626,4473119932398573312,Mira
2MASS J17275530-2301095,4111492172992887040,Mira
Terz V 3806,5979039537728258816,Mira
V* V398 Sct,4104013741603507840,Mira
2MASS J17435866-2710197,4060794340315276160,Mira
2MASS J18412893-0826108,4251760444796401024,Mira
2MASS J17462848-1905049,4119930649879543424,Mira
IRAS 23597+5645,421066297218440192,Mira
2MASS J16523210-4115025,5969549760240723200,Mira
2MASS J16370864-4828174,5940943212170820480,Mira
IRAS 15457-5157,5981940843983979904,Mira
2MASS J18104058-2157058,4069757387300676608,Mira
V* RX Tri,141041610696679936,Mira
2MASS J18420621+0001370,4272473766304744704,Mira
IRAS 19386+1814,1824384979344579328,Mira
2MASS J15535462-5513279,5884549677440505600,Mira
2MASS J16594762-3251352,6026603826630131712,Mira
IRAS 17159-2819,4107493043006098944,Mira
IRAS 20448+3226,1862983021458787712,Mira
2MASS J18364114+0019148,4272629003593033216,Mira
2MASS J18071231-3643455,4038638699973435136,Mira
2MASS J17002212-3848308,5970304781139699840,Mira
NSV 13589,1868888056031775104,Mira
IRAS 18356-1009,4155220849950660992,Mira
2MASS J18070318-2403549,4066089077238751360,Mira
2MASS J17181652-1947501,4122215057031256448,Mira
V* OZ Her,4606187914831238912,Mira
2MASS J13220081-6212036,5868508726166801152,Mira
2MASS J17524211-2846570,4057361566244776704,Mira
IRAS 13314-6143,5865375259800260736,Mira
ATO J268.9434-20.2872,4119142055145211904,Mira
IRAS 18072-0550,4172931680113777792,Mira
2MASS J18285044-0813282,4159646001928552448,Mira
2MASS J15593706-5052505,5981741798031008768,Mira
2MASS J17462437-2457385,4068031123982356736,Mira
IRAS 16531-3247,6026715736294380672,Mira
OGLE BLG-LPV-37213,4068542225152647552,Mira
2MASS J17302819-3653512,5974234332613024128,Mira
OGLE BLG-LPV-10734,4061374646290809728,Mira
IRAS 17438-3458,4041508051740399360,Mira
V* GO Sgr,4053006155854439424,Mira
2MASS J17595978-2628189,4064043332816558336,Mira
2MASS J17192833-3324537,5979189006888536576,Mira
2MASS J16400005-4103441,5969037143007733504,Mira
IRAS 18514-0425,4255039394613739520,Mira
ATO J264.5754-22.1729,4117210728611032576,Mira
2MASS J16003738-5007485,5981879679346355584,Mira
OGLE BLG-LPV-37258,4068541366223113728,Mira
2MASS J17034874-4616148,5963198396969870208,Mira
2MASS J16370442-4633469,5942837640649536256,Mira
IRAS 15499-5237,5981144213447281536,Mira
2MASS J16565930-4430534,5964151192539410176,Mira
2MASS J17315552-2929002,4058758461494241408,Mira
IRAS 18212+2441,4536627689662127616,Mira
2MASS J16305620-3340175,6024027846989191680,Mira
V* U CMi,3148250614684129920,Mira
2MASS J17213105-3108025,4058878617475786752,Mira
2MASS J16392064-4324460,5967644031733833088,Mira
IRAS 20012+6824,2250716008755455872,Mira
2MASS J19124990+1340334,4320108939339582720,Mira
2MASS J18431067-0507337,4256616605301546880,Mira
IRAS 16314-4912,5940515403440419200,Mira
IRAS 17249-1655,4124537706642521472,Mira
2MASS J18521266-0641209,4252425546258708480,Mira
2MASS J17233816-3945048,5960365230423377536,Mira
2MASS J19105276+0509053,4293460076033653632,Mira
2MASS J17423551-2100408,4117405518379208192,Mira
2MASS J17131268-4007095,5972120555913552384,Mira
2MASS J15452474-5732451,5882437962311379840,Mira
IRAS 17083-4433,5965029839735877888,Mira
2MASS J18331290-1155093,4153074186576388096,Mira
Terz V 1227,4108311835614896128,Mira
IRAS 18037-1836,4095389825155241344,Mira
2MASS J18275760-1159230,4153210526013693824,Mira
2MASS J18343364+0113006,4273588533653897984,Mira
2MASS J10332496-5616330,5352093235886265728,Mira
2MASS J18212231-1132096,4154082202540631552,Mira
2MASS J16191605-5400190,5932202030427840768,Mira
OGLE BLG-LPV-14000,4061754871128202752,Mira
V* CP Phe,4992498404669824640,Mira
IRAS 19066-1024,4199505089456596480,Mira
OGLE LMC-LPV-87432,4659084384155667200,Mira
2MASS J18514575-1030312,4202996172001545216,Mira
2MASS J17560981-2803567,4063412247523982976,Mira
2MASS J18082263-2633044,4064780624061141888,Mira
2MASS J16135911-4958101,5935173597944941056,Mira
IRAS 19520+2549,2026845717548819328,Mira
2MASS J18235750-1122012,4154069523795777152,Mira
IRAS 16054-3454,6034866798247085952,Mira
2MASS J16511645-4256024,5964867112018601984,Mira
ASAS J184423+1605.7,4510802257473450240,Mira
2MASS J15445875-5245477,5885879360612661248,Mira
2MASS J16532015-3800086,5971263967630446464,Mira
2MASS J16215045-4704126,5941908931302586880,Mira
2MASS J18510563-2028370,4085901138577592576,Mira
2MASS J17372733-3927316,5961018404727123840,Mira
2MASS J17185693-3001280,4059205855251968000,Mira
2MASS J13225159-6229559,5868301163317435904,Mira
2MASS J16454900-4642559,5939683073103838080,Mira
IRAS 17423-3157,4055777410499389952,Mira
2MASS J17163959-3331540,5979000230192041728,Mira
2MASS J17053640-3826157,5973281330921023616,Mira
2MASS J15265271-5525107,5883804517763796992,Mira
2MASS J19542123+1725553,1821181414760392448,Mira
Mis V0016,4044081286869852160,Mira
2MASS J17302417-2924530,4058806629455869952,Mira
IRAS 18515-0318,4255741364034034432,Mira
2MASS J17534026-2014548,4119183974024280192,Mira
2MASS J15091222-6014149,5876497537142044672,Mira
2MASS J17393741-2912141,4060047325251873664,Mira
IRAS 18356-0434,4256909114091302144,Mira
IRAS 18485+0653,4285860384788451200,Mira
2MASS J18140859-2117205,4093913730818121984,Mira
2MASS J17381938-2727065,4060915668888908800,Mira
2MASS J17085146-3900349,5973029302236887936,Mira
2MASS J17164545-3936583,5972234454109799040,Mira
2MASS J17431239-3127060,4054365156541134720,Mira
2MASS J13013401-6333557,5862357478325090688,Mira
2MASS J18410638-1458434,4103406295781235584,Mira
V* V352 Cen,5370889077899216768,Mira
IRAS 17326-3627,5962703891701451008,Mira
2MASS J16265529-3604080,6022037005079864576,Mira
2MASS J17351281-3953173,5960911550282707456,Mira
2MASS J17144359-4514105,5952987026364194944,Mira
2MASS J18390412-0431351,4256906811988367744,Mira
2MASS J17443594-2242040,4116896684923702528,Mira
V* V1376 Oph,4128420009134215296,Mira
2MASS J17262054-2355410,4111329239111002624,Mira
V* V1933 Cyg,1965529458754572032,Mira
IRAS 14236-6532,5849506214652284416,Mira
2MASS J17544386-3014395,4056188559161197568,Mira
2MASS J14431739-5905568,5879022157573632640,Mira
2MASS J18123591-1613535,4145626751934223872,Mira
2MASS J17331137-2836533,4060367489298113792,Mira
IRAS 18480-1958,4086000270755946880,Mira
IRAS 17530-2546,4064316660179021568,Mira
2MASS J16495287-3852180,5970817840804317184,Mira
2MASS J17463106-2417317,4068136604094392960,Mira
2MASS J10281988-5514453,5352385602897071360,Mira
IRAS 18385-1051,4107085708337137920,Mira
2MASS J18021004-3314012,4042843614747863168,Mira
V* CY Sge,1816368955419550592,Mira
2MASS J14370754-5810527,5891320813634526464,Mira
V* LN Cep,2196471568239329536,Mira
2MASS J17441954-2657581,4060991840092099328,Mira
OGLE BLG-LPV-168169,4062809440282651520,Mira
2MASS J19342913+2324160,2019504587685777920,Mira
2MASS J16211518-5146595,5934763170894611456,Mira
2MASS J17364366-2901394,4060120133538512000,Mira
V* Y Vol,5269419444739528576,Mira
IRAS 17347-2831,4060231802685709056,Mira
OGLE BLG-LPV-92,5979991375599544192,Mira
Terz V 3460,5978225800484156416,Mira
2MASS J17045660-3020236,6028607725344185344,Mira
IRAS 17512-3144,4043648732117073536,Mira
2MASS J10532084-6112347,5242098779853535360,Mira
V* IM Sge,4514541073743448320,Mira
2MASS J09492290-5019204,5405931819163895040,Mira
2MASS J17514426-2832432,4057427566993493888,Mira
OGLE BLG-LPV-72852,4056446807010477568,Mira
OGLE BLG-LPV-59270,4068678835125608704,Mira
OGLE BLG-LPV-185022,4043942091265381120,Mira
V* V791 Cen,6083702736775149184,Mira
IRAS 13026-6547,5858315433099774592,Mira
IRAS 14341-6047,5878467110377053056,Mira
2MASS J17221145-3006068,4059087524711382016,Mira
OGLE BLG-LPV-27905,4068344515005962112,Mira
2MASS J16271965-4426054,5944123175973808640,Mira
2MASS J16474638-4750171,5939563466843762304,Mira
IRAS 18134-2025,4094356352954943744,Mira
2MASS J17314815-4448506,5952321718772049024,Mira
IRAS 19016+1924,4517898638651094528,Mira
OGLE BLG-LPV-63691,4040188878282462208,Mira
OGLE BLG-LPV-225455,4064933009514035328,Mira
2MASS J17225675-3833345,5972563556006893952,Mira
IRAS 18370-0004,4272460778323052544,Mira
IRAS 18471-0820,4251591287413797120,Mira
IRAS 17098-4436,5953038462876856448,Mira
IRAS 18128-3012,4049618564851961472,Mira
IRAS 16554-3253,6026514152110990592,Mira
2MASS J17525047-2831526,4057384174961250944,Mira
IRAS 14541-5603,5881431393749500416,Mira
2MASS J17354605-3831576,5961846925421028096,Mira
2MASS J16163468-5157575,5934704656295972736,Mira
ATO J268.3227-18.4980,4119656282990478592,Mira
IRAS 18360-0830,4156445121727157120,Mira
2MASS J17465187-3111380,4055840456320893184,Mira
2MASS J18463652-0458205,4255130138665247616,Mira
IRAS 14523-7102,5798514026406106496,Mira
2MASS J17273207-3311267,5976206134930991616,Mira
2MASS J18021168-2603293,4064155860960223872,Mira
2MASS J18152426-1330513,4147428542256761088,Mira
IRAS 18204-0637,4160818016939086080,Mira
IRAS 19096+1130,4312860271514420224,Mira
2MASS J18053676-2336596,4066178824878875008,Mira
OGLE LMC-LPV-57270,4658070943680638848,Mira
V* QS Mon,3054619846601055104,Mira
2MASS J13503445-6213585,5865552006273779840,Mira
2MASS J16243711-3614254,6021984713869602176,Mira
SHV 0525297-701000,4657933852694702080,Mira
ATO J293.0802+09.2560,4302365158165377920,Mira
2MASS J18432977-0013590,4272404359631525248,Mira
2MASS J18241117-0821406,4159300484713647104,Mira
IRAS 13202-6230,5868244435396439552,Mira
Terz V 4092,5980268521238765312,Mira
IRAS 10039-5832,5258300113709011584,Mira
2MASS J18412047-0601379,4253449152825651328,Mira
IRAS 20006+3353,2058465129358492928,Mira
V* V534 Mon,3114768389678716928,Mira
IRAS 15262-5607,5883517923183042176,Mira
2MASS J14245767-6220365,5854279881791055232,Mira
2MASS J17304633-2928085,4058802716844298496,Mira
2MASS J16462034-3405156,6026947703184161920,Mira
V* V1714 Sgr,4056548958501765888,Mira
2MASS J16430258-4148569,5968198387435693184,Mira
ATO J288.8560-15.2448,4184263384387149184,Mira
2MASS J17194032-4058199,5959895768974280192,Mira
2MASS J17270243-2730097,4059977063982881408,Mira
2MASS J14213812-6758142,5847550698830753152,Mira
IRAS 19552+3323,2034444992199209088,Mira
IRAS 18034-2509,4065691633829739648,Mira
2MASS J18071123-2318216,4066554067572066560,Mira
2MASS J18185150-0620165,4161063723406711424,Mira
IRAS 19433-0158,4235012511792885888,Mira
IRAS 18327+0237,4279955942940196480,Mira
IRAS 18290-2032,4091918289050567424,Mira
ATO J288.4689-10.7652,4199982895971420416,Mira
ATO J261.0523-16.7389,4135123323548611072,Mira
OGLE BLG-LPV-129064,4040337312360439296,Mira
2MASS J18460234-0858551,4251454677480867968,Mira
2MASS J16073785-4925301,5983277369096240128,Mira
2MASS J15551819-5802547,5835635428826938112,Mira
IRAS 18030-2659,4063242819562406016,Mira
V* GI Her,4525814336403717376,Mira
IRAS 19037+0819,4307473145559049600,Mira
V* V2491 Oph,4060506444440535040,Mira
2MASS J17304679-2428553,4110443341976333824,Mira
V* V520 Sgr,4076886212677222016,Mira
2MASS J18482904-0739304,4252057622182135936,Mira
2MASS J17534746-3131267,4055676354206589312,Mira
2MASS J18433876+0409055,4280609533893556480,Mira
IRAS 15327-4745,5986617857211498624,Mira
2MASS J17413914-2547212,4061891313652475264,Mira
IRAS 19433+2501,2020926668514084608,Mira
IRAS 15461-5655,5883964015732985088,Mira
2MASS J17265582-3040121,4058224923433560064,Mira
2MASS J17110764-3125012,5980582809798914048,Mira
IRAS 12462-6418,5861842494597269504,Mira
2MASS J18165377-2848160,4049856810983975040,Mira
OGLE BLG-LPV-49646,4055971371231401088,Mira
2MASS J17392377-2523389,4062151279436657280,Mira
2MASS J17190079-4004301,5971979990219833984,Mira
V* V1776 Oph,4135169777899310336,Mira
2MASS J18541986+0349037,4281068236371731584,Mira
M33SSS J013402.94+304008.9,303380035775610624,Mira
V* V3905 Sgr,4145677569997394688,Mira
2MASS J17151217-3508273,5978558398308615424,Mira
IRAS 16279-5050,5934321064171527040,Mira
IRAS 16168-5357,5932244602129012608,Mira
IRAS 18102-2040,4093999973767044480,Mira
IRAS 14140-5648,5892185957481265280,Mira
2MASS J18072209-2603258,4064854772348434432,Mira
IRAS 17567-1228,4150600564608304640,Mira
2MASS J17295130-3134067,4057924962911897472,Mira
IRAS 18193-0231,4270723618669734912,Mira
2MASS J18525325+0719436,4285990097098075776,Mira
IRAS 18194-0602,4161091073759997696,Mira
2MASS J17460457-1814353,4120546990513188352,Mira
CRTS J132059.8-461520,6087056904368348160,Mira
2MASS J17123000-3412579,5978868804203100160,Mira
2MASS J18533936-0111138,4265248806739720704,Mira
V* AI And,1942659200276695296,Mira
V* V1167 Cyg,2234293561349399168,Mira
IRAS 20287+2719,1856956052773952896,Mira
2MASS J17255406-2815314,4059875874538142976,Mira
2MASS J17204228-2954582,4059292205663515648,Mira
IRAS 00175+6210,430511784994749952,Mira
2MASS J18530744-0334012,4255703224723391872,Mira
2MASS J11463340-6209067,5334826848905652864,Mira
IRAS 18113-1635,4097563937592580992,Mira
2MASS J17505649-2351132,4068491682029085440,Mira
V* SS Vul,1826462261698878976,Mira
V* V3101 Sgr,4045562324694496128,Mira
V* Z Cep,569026580527869824,Mira
IRAS 18005-3641,4038674915137907840,Mira
2MASS J17455272-3153224,4055779609522654976,Mira
IRAS 15526-5508,5884554212931525248,Mira
2MASS J15424588-5100389,5982290660510675712,Mira
2MASS J17333388-3410521,4053606661003574400,Mira
2MASS J18255022-0618077,4160917587122714368,Mira
V* EO Aps,5801685460305057408,Mira
SHV 0520422-693821,4658167705058162560,Mira
2MASS J17465441-2652287,4060820385005938048,Mira
ATO J264.3626-18.2390,4123186024548090752,Mira
2MASS J17341887-2837592,4060359178612465152,Mira
2MASS J17435338-2108272,4117390468758508544,Mira
V* V1170 Cen,6086726599905107968,Mira
IRAS 13592-5821,5868014156439018880,Mira
IRAS 18314-0051,4272113573160118016,Mira
2MASS J18293855-3045208,4047652977338509440,Mira
IRAS 09005-3045,5629210470034115328,Mira
2MASS J19155123+0153242,4267866262867592960,Mira
2MASS J18374537-1348493,4103862283827529344,Mira
2MASS J15560551-5708066,5835979605963482240,Mira
[T66b] 241,4058624694637668224,Mira
V* V1871 Oph,4121998792507768832,Mira
2MASS J16330118-5059229,5934308969542400512,Mira
2MASS J18073949-2254429,4066600006570790784,Mira
2MASS J16514798-3910533,5970067183591842560,Mira
2MASS J14371076-5726538,5891502336141782144,Mira
Terz V 4086,5980379086485976960,Mira
2MASS J17340877-2835096,4060362477147385088,Mira
2MASS J14473075-4839446,5904750965875394048,Mira
MACHO 124.22671.130,4049077124129030784,Mira
2MASS J17401526-3339099,4053519219874948480,Mira
IRAS 18208-1722,4096515450245311104,Mira
2MASS J17555602-1523160,4145411105926507136,Mira
2MASS J17233498-3853577,5972506553203760640,Mira
IRAS 16301-4255,5944434750030263296,Mira
IRAS 16119-4141,5993388512373130880,Mira
2MASS J16043958-5402410,5932764636737998720,Mira
2MASS J18000518-2548307,4064359820327187840,Mira
ATO J273.5399+01.6277,4275881148532203648,Mira
IRAS 13514-5938,5867468729950071424,Mira
2MASS J14102955-5302364,5897257347456377984,Mira
V* V1978 Sgr,4051527450152402304,Mira
V* V1118 Oph,4504101421318107520,Mira
2MASS J18262218-1513381,4103981683932189952,Mira
V* V1591 Aql,4268977834784747008,Mira
OGLE BLG-LPV-229048,4065503479923725568,Mira
2MASS J17582498-1941132,4119282350307696256,Mira
2MASS J15442499-5827244,5882299767451486848,Mira
V* AE Sgr,4197866061217772544,Mira
2MASS J13125465-6402444,5862141905361886592,Mira
NSVS  11217740,4517021885529030272,Mira
2MASS J19011657-0712028,4205564974763288064,Mira
2MASS J18155857-1504426,4146211004943067776,Mira
2MASS J16491711-3456223,6020093966198949888,Mira
2MASS J16355503-5323234,5930645495503910912,Mira
2MASS J17541323-2835307,4063373111688392320,Mira
2MASS J18195171-1423173,4146373663928669440,Mira
V* ST Sge,1828775707192428416,Mira
2MASS J18245422-2712118,4051918743286491520,Mira
IRAS 17347-2334,4116410563434221056,Mira
2MASS J18035140-2616038,4064089095627590272,Mira
V* V404 Ser,4153494169963905536,Mira
2MASS J13030777-6341273,5862310405488892544,Mira
IRAS 18377-1246,4106200120455457792,Mira
2MASS J17513584-2818514,4057435302303192832,Mira
2MASS J18503546-0003272,4266175007826214400,Mira
2MASS J18202588-1154208,4153646727203913216,Mira
IRAS 19258+0424,4292646982877332224,Mira
2MASS J17151894-3944216,5972222432494325504,Mira
IRAS 18269+1514,4509719066718797440,Mira
IRAS 17107-3654,5973808203149220352,Mira
V* II Cas,510243630900224640,Mira
2MASS J17153364-3942538,5972212257719656832,Mira
ATO J277.2473+10.1211,4480431581652841472,Mira
2MASS J17140005-3724313,5973781024595641344,Mira
Mis V0089,4044214533927546624,Mira
IRAS 18528+1543,4507884084901047808,Mira
2MASS J17471912-2713129,4060760809537005952,Mira
OGLE BLG-LPV-47430,4055948758206567168,Mira
2MASS J18440922-1207128,4106342816436642688,Mira
OGLE BLG-LPV-93853,4056377778216323584,Mira
OGLE BLG-LPV-24677,4068795765627471872,Mira
OGLE BLG-LPV-4279,4059978197855593984,Mira
2MASS J18110859-2229272,4066720673634883200,Mira
OGLE BLG-LPV-219838,4050938387040146560,Mira
ATO J283.6139+11.3272,4312132807163532032,Mira
2MASS J17393047-3507437,4053277842693897088,Mira
2MASS J17431869-2150277,4117278971430555648,Mira
2MASS J19035810+1156408,4313542960841642240,Mira
V* AM Lyr,2040106407586891648,Mira
2MASS J17590412-2715015,4063562910598331904,Mira
2MASS J17351862-3840219,5961838713443442304,Mira
IRAS 22317+6546,2212694793588040960,Mira
IRAS 17483-2019,4118816019987609088,Mira
OGLE BLG-LPV-89062,4056129490440527104,Mira
IRAS 16124-6841,5820943994893860352,Mira
OGLE BLG-LPV-163387,4063940421040439168,Mira
2MASS J17511713-2847525,4057352731490886016,Mira
IRAS 17522-3804,4036815434822518784,Mira
IRAS 19032+0304,4268952305496488704,Mira
2MASS J17442388-2750434,4060621132875005696,Mira
2MASS J18201056-1731371,4096541804167736064,Mira
2MASS J17391712-2658148,4060967483423022976,Mira
2MASS J06063543+1013258,3329765141025306496,Mira
2MASS J15252403-5648103,5883290358640013440,Mira
2MASS J16512185-3301043,6027120700169755008,Mira
2MASS J17405453-2829295,4060197202418676864,Mira
ATO J255.9149-23.7562,4113587842132182912,Mira
2MASS J17381941-2733126,4060538845655063424,Mira
2MASS J18425401-0704527,4252725811622720768,Mira
2MASS J16454192-4333160,5967498376485068032,Mira
2MASS J18411091-0151007,4259749977231903488,Mira
IRAS 17380-2317,4116487185677669248,Mira
2MASS J16504716-4339534,5964447884558121472,Mira
2MASS J18234150-1648402,4096970098274497536,Mira
2MASS J17541135-2847030,4056613928401224192,Mira
OGLE BLG-LPV-92188,4056555143255667328,Mira
2MASS J19091646+0424278,4293356859381835520,Mira
2MASS J16585752-4436327,5964475239223629696,Mira
2MASS J18232971-1046473,4154240532205001984,Mira
IRAS 16518-2557,6034434204842492288,Mira
IRAS 18366-0935,4155556299710670208,Mira
IRAS 12262-6554,5860139660324788608,Mira
NSVS  13615447,4381205639396830592,Mira
2MASS J15211021-5726015,5883165907676229888,Mira
CRTS J104156.4+581227,855177951989348992,Mira
2MASS J17222399-3958353,5960333653820777984,Mira
IRAS 17220-2912,4059517773022297088,Mira
IRAS 18225-0658,4160032548986217216,Mira
2MASS J18241736-1051371,4154232045349331840,Mira
V* FY Aql,4289458369119852288,Mira
2MASS J17165783-3542554,5975516427595929344,Mira
2MASS J16451746-4020010,5969142082002846464,Mira
2MASS J18231916-1157411,4153258457850611072,Mira
2MASS J17390509-2115016,4118043784886513024,Mira
2MASS J15435322-5828478,5882277124381512832,Mira
IRAS 17553-2937,4056312700941454464,Mira
2MASS J17464541-2657587,4060816472296838016,Mira
Terz V 3203,4067124641072681344,Mira
V* V395 Ser,4145844828900768256,Mira
2MASS J18162347-1513120,4146159190455062400,Mira
2MASS J18425603-0103033,4260191190648937600,Mira
2MASS J15164217-5335114,5887943113926064128,Mira
IRAS 18585-0845,4202970372171335680,Mira
2MASS J17333060-2828001,4060376805122159488,Mira
[T66b] 397,4058575732008720384,Mira
2MASS J19353227+1008024,4302520086223051136,Mira
2MASS J17382707-2447343,4068233846542225280,Mira
2MASS J16272382-4739320,5942008398426441600,Mira
ATO J298.9640+11.2643,4303465077775964800,Mira
OGLE BLG-LPV-214892,4062982815209440768,Mira
2MASS J18081271-4020344,6725878726423798272,Mira
[RHI84]  8-131,5974489865983256448,Mira
IRAS 19180+0128,4264617755747873024,Mira
SHV 0458106-734021,4649789357674841728,Mira
2MASS J16241441-5221139,5933940083401333248,Mira
V* V1021 Ara,5945179600416334848,Mira
IRAS 17418-2653,4060828085897114624,Mira
2MASS J17541053-2229366,4070239076484331008,Mira
2MASS J17352578-3419067,4053574813838562944,Mira
IRAS 16476-4744,5939388129100703872,Mira
2MASS J18041070-2416088,4066117213543592064,Mira
2MASS J15332000-5241498,5888657555979450624,Mira
IRAS 14577-6402,5873171518798276352,Mira
IRAS 18554+0917,4310860294233660288,Mira
IRAS 18413-0912,4251471238876487808,Mira
IRAS 17245-3116,4057981377259539072,Mira
V* V3924 Sgr,4096442298393113856,Mira
2MASS J17361549-2734060,4061297439974356480,Mira
ASAS J131757-4643.8,6086949427105704192,Mira
OGLE BLG-LPV-1730,4107459984648810496,Mira
V* UV CMa,5609634387057683072,Mira
2MASS J18492079+0136399,4279054790067235200,Mira
IRAS 18183-3225,4045945126571767680,Mira
2MASS J17580700-2214241,4070285294653354368,Mira
2MASS J17300258-2404580,4110596616418358016,Mira
2MASS J19415553+2652391,2022091566750214528,Mira
M33SSS J013319.91+303748.0,303378867541380480,Mira
V* ST Ser,4136688169108540928,Mira
2MASS J11405856-6528153,5236543016316328576,Mira
V* V2068 Sgr,4075639774510655744,Mira
V* CE Hya,3471058432505395456,Mira
2MASS J18044935-2605437,4064114629270879488,Mira
ATO J261.7056-14.2676,4138255037565635072,Mira
2MASS J17573972-2641525,4064025087793991808,Mira
2MASS J18031193-2519286,4065717133115308544,Mira
IRAS 18465+0545,4285356022492986112,Mira
2MASS J18015614-2518402,4064406858810491904,Mira
IRAS 17517-1017,4164173962607738624,Mira
IRAS 19414+1113,4302907286107079040,Mira
2MASS J16381991-4414331,5943574657065368448,Mira
Terz V 2749,4060320764357779968,Mira
2MASS J18255152-1054369,4154202324174378368,Mira
2MASS J18001938-1843190,4143419718561284608,Mira
2MASS J17343675-3420145,4053555366207454208,Mira
V* AP Sct,4203849393028208384,Mira
2MASS J16520563-4058135,5969604632784105984,Mira
2MASS J17402210-2341460,4116439185110913920,Mira
2MASS J18553093+0824190,4310276968938282496,Mira
IRAS 18217-1115,4154166413927394816,Mira
2MASS J17115794-4202522,5965747614708710400,Mira
OGLE BLG-LPV-128864,4056279676989086976,Mira
IRAS 15596-4921,5983422642064066176,Mira
2MASS J18471527+0408059,4280575758269628544,Mira
2MASS J18383629-0350092,4257016934946808192,Mira
2MASS J10265830-5603297,5351959885731496064,Mira
OGLE BLG-LPV-60642,4056359361386170240,Mira
OGLE J005125.76-730334.0,4685951882859674240,Mira
2MASS J17120908-3302013,5979823253391656448,Mira
OGLE BLG-LPV-84909,4043624233667536384,Mira
OGLE BLG-LPV-102147,4056562771120210688,Mira
2MASS J17394020-3210226,4054973392611128960,Mira
SHV 0514048-685924,4658251371049555328,Mira
2MASS J17402550-2644176,4060978203641019392,Mira
IRAS 03253+2030,57983334103928960,Mira
2MASS J13352682-6502499,5863825944872757504,Mira
IRAS 15364-5725,5882401747172085120,Mira
2MASS J17355640-3005326,4058489940068422528,Mira
IRAS 18229-1753,4096285824137875328,Mira
OGLE BLG-LPV-179689,4044135266034142976,Mira
V* V521 Nor,5932175229836404608,Mira
2MASS J16525779-3733034,5971329732177471360,Mira
IRAS 17463-2128,4118595018074400896,Mira
2MASS J16141911-5140146,5934910745951711488,Mira
OGLE BLG-LPV-230505,4053040481261281024,Mira
2MASS J18085582-1134577,4150905507274529408,Mira
OGLE BLG-LPV-124067,4056298819601290496,Mira
2MASS J16555943-4655472,5939840814325379072,Mira
IRAS 17424-2429,4068127331312438528,Mira
IRAS 02041+6156,508597249676190848,Mira
2MASS J18242781-1035009,4154272899068437120,Mira
2MASS J17370008-3416566,4053566189578035712,Mira
2MASS J17360505-2221295,4116817794989707136,Mira
IRAS 18595+1201,4313745275304768640,Mira
2MASS J18481628-0853571,4203502600188593408,Mira
2MASS J17105321-3450534,5977324372671719808,Mira
OGLE BLG-LPV-52568,4040161832824621952,Mira
OGLE BLG-LPV-46289,4068994807280968448,Mira
2MASS J13505759-6500393,5852180982872252928,Mira
2MASS J18502261-0510433,4254887593290749184,Mira
2MASS J17335418-2914000,4058780245495177216,Mira
2MASS J17163429-2835435,4107508779859645184,Mira
2MASS J13194913-6354374,5859157689029739776,Mira
2MASS J17171587-3530424,5975543438647731968,Mira
2MASS J16172216-4707284,5989853032748985088,Mira
2MASS J18243646-0933463,4156063900457147392,Mira
2MASS J12292418-6315139,6053747027840427520,Mira
Terz V 3984,5980271304379239296,Mira
2MASS J18200300-0800349,4159478124559882240,Mira
2MASS J17441956-3222578,4054261179655852288,Mira
[WWV2004] J2301061+375053,1916139671305311104,Mira
2MASS J13310101-6456335,5864026330877377536,Mira
IRAS 18026-2940,4050298574249640960,Mira
2MASS J17101212-4556200,5963370779786256512,Mira
IRAS 18039-2743,4062878434610600960,Mira
2MASS J18013359-2043273,4070916998433861376,Mira
2MASS J18143387-1520389,4145826313322653696,Mira
OGLE BLG-LPV-34993,4068835623000469248,Mira
2MASS J17354844-3341350,4053737537251660544,Mira
2MASS J18275322-2346269,4077417517372599296,Mira
2MASS J17235395-2950555,4059118276644973824,Mira
V* V1368 Cyg,2061747549521277312,Mira
2MASS J16174802-4735392,5989824754684986112,Mira
2MASS J15295823-5739328,5882984831851232000,Mira
2MASS J18523779-0640433,4252427569079364096,Mira
IRAS 14229-6423,5853012896478561280,Mira
2MASS J17252005-2710065,4108038710009365120,Mira
IRAS 16218-4035,5993139576071860992,Mira
2MASS J17325783-3416326,4053611510076066944,Mira
IRAS 12551-6429,5861686879370677248,Mira
2MASS J19471690+2447386,2020852691995497472,Mira
2MASS J16255874-4629297,5942269330625374080,Mira
Terz V 2164,4043472771575495680,Mira
2MASS J17442264-2234277,4116916098250791040,Mira
2MASS J18234766-0615193,4160880654746718208,Mira
2MASS J18201985-1736367,4096536066091279872,Mira
V* BQ TrA,5828007807353380224,Mira
NSVS  13816029,4173206828592827008,Mira
V* V1293 Sgr,4046040371732978944,Mira
2MASS J15042761-5722457,5880352253100152320,Mira
IRAS 16317-4531,5943023389450202240,Mira
2MASS J18300183-2019442,4091933063718712576,Mira
2MASS J17494550-3156221,4055557916182369152,Mira
2MASS J17370629-3751516,5962286283411617536,Mira
V* V3158 Sgr,4044736630192241536,Mira
2MASS J18444677-2035099,4080125786287958144,Mira
IRAS 18142+0756,4478237158295396480,Mira
2MASS J17290281-3054113,4058018009070984192,Mira
2MASS J17483765-1948510,4119090004548956288,Mira
V* XZ Del,1803845930285434368,Mira
V* RZ Mon,3326555632221927680,Mira
OGLE BLG-LPV-198299,4062881011592569600,Mira
2MASS J16413971-3618347,6019590905272061696,Mira
IRAS 12217-6056,6057959836665271936,Mira
OGLE BLG-LPV-205279,4063372145334918272,Mira
V* V389 Ser,4146844495448983168,Mira
2MASS J18305868-0724100,4159805229268458496,Mira
2MASS J16474269-3932530,5970700845901531648,Mira
2MASS J17321936-3035484,4058367069634514304,Mira
IRAS 19197+1222,4315990203154606592,Mira
2MASS J18305722-0733541,4159785060082945408,Mira
2MASS J17470758-3139047,4055809536849497344,Mira
2MASS J18101346-1626104,4145638125027384704,Mira
V* V1350 Cyg,2033106920898712576,Mira
IRAS 19257+2315,2019642640766562816,Mira
V* QX Aql,4234179700447868288,Mira
V* NP Aql,4304609845507182592,Mira
IRAS 14455-5303,5894797984784049536,Mira
2MASS J17320072-2916298,4058834155989268480,Mira
IRAS 17223-3138,4057873423273658624,Mira
2MASS J16551652-4705152,5939843773560420992,Mira
2MASS J15053054-5709433,5880361671979961728,Mira
2MASS J17341279-3408238,4053607661761619328,Mira
2MASS J19101432+0937450,4309206285113126528,Mira
2MASS J18412000-0024073,4272386630009383552,Mira
2MASS J14425937-5646599,5893039487759592448,Mira
2MASS J17394327-2755149,4060467991514702976,Mira
2MASS J17435904-2249069,4116894103654763008,Mira
ATO J268.8478-17.6905,4144479205483230080,Mira
V* V671 Sgr,4039379839529246592,Mira
2MASS J18135656-2050336,4093946917989643008,Mira
2MASS J18280406-1419409,4104332496811066368,Mira
2MASS J17325616-3635431,5974629091679485184,Mira
2MASS J17190605-3839175,5972673507145717632,Mira
IRAS 19258+1241,4316240097222156160,Mira
IRAS 17041-3139,6028221311315278592,Mira
2MASS J17323314-3359563,4054374674189805824,Mira
IRAS 18026-2929,4050313967300551936,Mira
OGLE BLG-LPV-203672,4049894748454451968,Mira
IRAS 17304-1933,4121574454073698944,Mira
IRAS 17237-4101,5960006446057610624,Mira
2MASS J15191400-5821382,5877095366543709440,Mira
IRAS 20283+3646,2057762644481058176,Mira
IRAS 16337-4557,5942947832380317568,Mira
2MASS J16351614-4619584,5942893097325922432,Mira
2MASS J16412990-5126062,5937181233149586944,Mira
IRAS 18176-2117,4091058814503452288,Mira
2MASS J17513747-2303164,4068693889094203008,Mira
2MASS J16132420-5315251,5933048345165123072,Mira
2MASS J17052907-3529145,5977221735785092096,Mira
IRAS 18377-0332,4258536150771109760,Mira
IRAS 19546+2635,2027281295957338752,Mira
2MASS J15310447-5923400,5881992831898444416,Mira
OGLE BLG-LPV-447,5979886951960850176,Mira
2MASS J17354363-4123530,5959084196331684480,Mira
2MASS J17420209-3204210,4054310112239461248,Mira
Terz V 1960,4041335668988081408,Mira
OGLE BLG-LPV-68237,4068913791368235136,Mira
V* V631 Oph,4479304066844583296,Mira
2MASS J18332132-0728318,4156808338519466496,Mira
IRAS 18024-0643,4171350543721819648,Mira
OGLE BLG-LPV-133993,4056305176155920000,Mira
ATO J280.6946-24.1873,4076584224992216704,Mira
IRAS 18369-1122,4106686963598468608,Mira
2MASS J16424248-4536457,5943173781988436096,Mira
MACHO 303.45754.153,4103298573643568000,Mira
2MASS J14402419-5841028,5879235669017073664,Mira
V* CM Car,5244317903519243520,Mira
IRAS 12091-6359,6053350310318693376,Mira
2MASS J17510633-2253510,4068710587891737728,Mira
2MASS J17214572-3951366,5972347875605023104,Mira
IRAS 15230-5124,5889008158391303168,Mira
ATO J259.6318-24.7342,4110995228087476736,Mira
2MASS J17145645-2450134,4109527792394524032,Mira
2MASS J17595633-3040277,4044197354108064768,Mira
ATO J285.8094+13.5714,4506449634564609792,Mira
2MASS J17452213-2625264,4067037921386645120,Mira
IRAS 17217-2837,4059757161631313920,Mira
2MASS J17152947-4013064,5972007061359657088,Mira
V* DV Mus,5857003165941950464,Mira
IRAS 19571+4305,2075910668020891136,Mira
2MASS J18321087-0829559,4156583110443024000,Mira
2MASS J18004903-1243015,4150542908964102016,Mira
2MASS J17433504-2747143,4060666629515748864,Mira
OGLE BLG-LPV-79005,4056351046322644864,Mira
OGLE BLG-LPV-229894,4065618241418889728,Mira
2MASS J17560722-3107232,4044078538089418880,Mira
V* FL Cas,422387669674796032,Mira
Terz V  909,4107395358324968448,Mira
ASAS J150103-2408.4,6230770186578837760,Mira
Terz V  810,6028890604661726848,Mira
2MASS J19124096+1013375,4309324448263401856,Mira
2MASS J17354376-3410292,4053578176782228224,Mira
2MASS J18132561-2035171,4094024128664883456,Mira
2MASS J17514825-2123206,4070643975973769856,Mira
IRAS 18159-2534,4053088378715382784,Mira
2MASS J17392875-3551365,4041209568731941760,Mira
2MASS J18582543+0740436,4309989064376948224,Mira
2MASS J10292734-5838051,5255391566177490816,Mira
2MASS J15595424-5552575,5836439824671765760,Mira
2MASS J17475879-2458054,4067300906535451648,Mira
2MASS J17232137-3043363,4058165304929947008,Mira
Mis V0871,4062738723548740736,Mira
2MASS J17544568-3538114,4040526771955622784,Mira
IRAS 17190-3539,5975375625680630656,Mira
Terz V 3083,4068173716985796480,Mira
2MASS J18373973-0443052,4256803148661446528,Mira
2MASS J16014120-5116320,5981672112159325568,Mira
2MASS J17560349-2220438,4070292166600918144,Mira
2MASS J17390130-3514202,4053275678030327936,Mira
2MASS J13252866-6735553,5845540237496313344,Mira
IRAS 10405-6851,5232633084217850112,Mira
IRAS 19094+0242,4268218725080429824,Mira
V* V570 Cyg,1863012918721829888,Mira
IRAS 19256+1209,4315830361673149440,Mira
2MASS J17332466-2720169,4061339702448958720,Mira
IRAS 16108-5328,5932985020163063168,Mira
V* V1769 Oph,4134771131907178112,Mira
IRAS 19543+3344,2035217158581544448,Mira
Terz V 3305,4060829082344248448,Mira
IRAS 17367-1656,4123971148941059072,Mira
2MASS J16350645-4603066,5942914847026060288,Mira
2MASS J16581070-4459409,5964088417294188672,Mira
2MASS J19073768+0844472,4307579317147311744,Mira
V* DD TrA,5830254899893381248,Mira
2MASS J17322052-2930572,4058757258903215744,Mira
IRAS 19198+2112,2018827941348087424,Mira
IRAS 16341-4726,5941089279750058880,Mira
IRAS 09272-5507,5307423750622696832,Mira
ATO J269.2271-15.6728,4145365205697521152,Mira
IRAS 18394-1236,4106298526729870720,Mira
V* CQ Ant,5422040386050651264,Mira
V* FK Cas,420434765226075264,Mira
IRAS 17494-2032,4118750186721850112,Mira
2MASS J17255365-3944314,5960398280151151360,Mira
IRAS 20179+3337,2054751013417602944,Mira
2MASS J13240026-5821163,6062120736623818112,Mira
2MASS J18223102-2007572,4091414570918635776,Mira
V* AH Ser,1203425513941794176,Mira
2MASS J17062894-4335240,5965339695882140416,Mira
Terz V 2418,4061147597201848320,Mira
2MASS J12413392-6348496,5862865246541910272,Mira
IRAS 16473-3455,6025906740596348544,Mira
2MASS J17332316-3606560,5974657816402638464,Mira
2MASS J17595234-3211452,4043703634646304896,Mira
OGLE BLG-LPV-64428,4068906949456807424,Mira
2MASS J17284776-2756482,4059901438174904704,Mira
2MASS J15585292-4852048,5984263768465570688,Mira
IRAS 17521-1802,4144440482068507392,Mira
2MASS J19220640+0836174,4307949337216650240,Mira
V* V1919 Oph,4115052838289027200,Mira
2MASS J17331315-3606361,5974657949533031680,Mira
V* V471 Mon,3081956213924649856,Mira
2MASS J18164987-2443142,4065200637550444032,Mira
IRAS 19292+2026,2017825599046671872,Mira
2MASS J18234053-1009345,4154486719724029056,Mira
2MASS J17474166-2656290,4066774107335952640,Mira
2MASS J18181487-2212462,4090607598096856320,Mira
IRAS 15016-5417,5887653495694852224,Mira
OGLE BLG-LPV-152477,4062741339258427264,Mira
2MASS J17181437-4038093,5971927866488251776,Mira
V* AL Cru,5334579488799855744,Mira
2MASS J17470431-2444334,4068058577431148928,Mira
ATO J284.5754+20.7123,4519021209981251712,Mira
ASAS J073325-6336.1,5288571906503118592,Mira
IRAS 17020-4943,5938182342818632320,Mira
2MASS J15010915-6212081,5874505432559005312,Mira
2MASS J18205210-1746566,4096521016486803328,Mira
2MASS J18153810-1505332,4146211481663409536,Mira
V* RY Pic,4766741626374168064,Mira
ATO J261.3397-24.5661,4110852978822545536,Mira
2MASS J17425986-2736225,4060684114275977728,Mira
2MASS J17344981-2433380,4110344523361351936,Mira
2MASS J18040207-2456332,4065918000098376576,Mira
IRAS 18308-1616,4102886531646729216,Mira
2MASS J17051858-4359567,5963815734087948032,Mira
ATO J330.8578+44.8414,1962778137060409216,Mira
2MASS J18235242-1154002,4153262104283979904,Mira
2MASS J17412607-3343494,4053877587536770176,Mira
V* V355 Oph,4112690159614629248,Mira
2MASS J17464200-3314484,4053953045822316928,Mira
IRAS 11409-6628,5236302876099195392,Mira
V* V856 Cas,396047356801449856,Mira
2MASS J17224237-3221558,5979362454850875520,Mira
2MASS J17421406-3543059,4041185173228711424,Mira
IRAS 18087-3018,4049279640459145216,Mira
2MASS J17403482-2545094,4061934332093538304,Mira
ATO J280.6299+04.7516,4283684524324513536,Mira
2MASS J18415165-0829491,4251712169363390592,Mira
2MASS J18155875-1329461,4146679534317359360,Mira
2MASS J15131391-5514529,5886704990770440960,Mira
2MASS J17040192-3758049,5976334193701818240,Mira
IRAS 17313-2616,4061985351923037568,Mira
[WWV2004] J1141437+262358,4017846041738297216,Mira
IRAS 09344-6025,5251193596419074816,Mira
CRTS J112914.6+285814,4021975257656502400,Mira
2MASS J17394831-2942134,4057024527257579392,Mira
IRAS 17029-2521,4112065121632955520,Mira
2MASS J17324660-3943211,5961656400671153024,Mira
Mis V0365,4133118329701964160,Mira
2MASS J17404597-3455226,4041371128245862272,Mira
OGLE BLG-LPV-216686,4050838674871005312,Mira
V* OY Pup,5544104696638022144,Mira
2MASS J17250044-3849042,5972519128861742976,Mira
2MASS J15223828-5243025,5888833202950387840,Mira
2MASS J18221962-1210354,4152878374743542400,Mira
V* V835 Mon,3067928026101727744,Mira
2MASS J16421687-4540528,5943160141155881088,Mira
V* AI Pic,5477160278334685696,Mira
2MASS J17053054-4259121,5965463627142540416,Mira
2MASS J16322101-5013180,5940351198216173952,Mira
2MASS J17272223-3149027,4057812911461540224,Mira
2MASS J18282478-1343403,4104435610433855104,Mira
ATO J275.8683-19.5761,4093004434762513664,Mira
IRAS 17340-2931,4060025889139937152,Mira
IRAS 18357-0312,4259352332027950720,Mira
2MASS J16245521-4242528,5992682797714946560,Mira
2MASS J17111422-4927591,5926521334801412608,Mira
2MASS J17395711-3324141,4054088491956141184,Mira
OGLE BLG-LPV-164080,4062805866871429120,Mira
2MASS J17340925-2906155,4060282556301427328,Mira
2MASS J18215643-1229322,4152852222660230016,Mira
IRAS 18509+0952,4311343804487530496,Mira
V* V764 Sgr,4068692514741233408,Mira
V* CC Tel,6706068275635769856,Mira
IRAS 19197+2122,2019022211294758528,Mira
OGLE BLG-LPV-25695,4041802544691759744,Mira
IRAS 17406-2659,4060990744953047296,Mira
2MASS J16052431-5754393,5834959091734586368,Mira
2MASS J17423977-2558381,4061871213261255424,Mira
2MASS J17375399-2929381,4060024549109816320,Mira
2MASS J18170103-2041268,4094335565312731264,Mira
2MASS J16131724-4850060,5983657830159301760,Mira
V* CL Tau,3292427719007630336,Mira
ATO J258.7122-23.0180,4114480851729373184,Mira
IRAS 18459-0624,4253237290680573952,Mira
2MASS J16454395-4706243,5939644998178817536,Mira
V* V375 CrA,6726497820175904384,Mira
IRAS 18075-1532,4145909704439800576,Mira
2MASS J18321214-2151116,4090039086230305920,Mira
2MASS J17350975-3606020,5974741963435083776,Mira
IRAS 18551-0334,4255577124478837632,Mira
IRAS 18321-0326,4257834348789513600,Mira
2MASS J14202580-5748488,5891951314833731200,Mira
NSV 10326,4147253887406867968,Mira
2MASS J17181178-4001135,5972023244796688384,Mira
OGLE BLG-LPV-212174,4063024532216404480,Mira
2MASS J17541053-2807564,4063404202964211456,Mira
OGLE BLG-LPV-109611,4056481609031046400,Mira
2MASS J16581052-3902597,5970216236101606144,Mira
2MASS J17410516-2535565,4061942677126633856,Mira
2MASS J18073847-2537515,4064908373560779136,Mira
2MASS J17531475-3050445,4056128704472142976,Mira
2MASS J17150308-3514560,5978555340297090688,Mira
IRAS 19314+1619,4321862419913993984,Mira
CRTS J155222.3-351904,6011449159088222848,Mira
OGLE BLG-LPV-78169,4055741259820977152,Mira
2MASS J16364036-4505096,5943433575985846144,Mira
2MASS J17262518-2403235,4111257152321937408,Mira
ASTEP V-0648,5822398992388640128,Mira
IRAS 18357-1737,4099482894693659904,Mira
2MASS J17554873-2337536,4069354111389348480,Mira
2MASS J17283911-2942065,4058713347181770240,Mira
OGLE LMC-LPV-90085,5266123486838127232,Mira
IRAS 18407-2322,4078340724843658880,Mira
Terz V 1598,4110001372616281088,Mira
LINEAR 7752987,3931638252742703232,Mira
IRAS 17257-4234,5958739465064431360,Mira
IRAS 08501-4030,5525504808182629376,Mira
IRAS 16227-4010,6017174346188191616,Mira
IRAS 17419-2251,4116890534598985728,Mira
OGLE BLG-LPV-148710,4042507713974327808,Mira
2MASS J18293064-0530002,4257069436627391616,Mira
IRAS 16515-3716,5971382955425912192,Mira
2MASS J17291461-2644137,4061538194285847552,Mira
V* TV Tau,162619938709904256,Mira
IRAS 18296-2642,4075841260065634304,Mira
2MASS J17140845-4038205,5971901306405315456,Mira
OGLE BLG-LPV-170284,4044226383750454144,Mira
2MASS J17155185-3250169,5979462716574816768,Mira
2MASS J13275280-6400229,5864923326244497664,Mira
IRAS 18098-1759,4095705659876264192,Mira
V* KQ Lac,1957206155725811584,Mira
2MASS J17373023-2943053,4060003417789027840,Mira
2MASS J17351819-3056408,4055332280086094976,Mira
ATO J284.6672-20.3494,4085036067764418432,Mira
2MASS J17360555-2819209,4060346774753605248,Mira
2MASS J17363288-3435382,4053368071344790144,Mira
2MASS J17270245-2830203,4059669200756223488,Mira
V* NW TrA,5800190953449476864,Mira
2MASS J18325650+0217532,4276916647972127616,Mira
IRAS 16509-4005,5969748153394933760,Mira
2MASS J17495402-2414098,4068475670298524800,Mira
OGLE BLG-LPV-141508,4056304793818533760,Mira
IRAS 18286-0749,4156774906494083584,Mira
2MASS J16495924-5152114,5936262973508012160,Mira
OGLE BLG-LPV-215711,4064891365536994176,Mira
V* V3784 Sgr,6736428162514144256,Mira
IRAS 18320-0405,4257657709677042688,Mira
V* ZZ Oph,4135921294081454208,Mira
IRAS 18278-2256,4077861273404454528,Mira
ATO J277.9042-19.9422,4092789819443773568,Mira
SHV 0545126-705216,4657051696555015424,Mira
2MASS J10264391-5935313,5255224234271145728,Mira
2MASS J18114918-2413089,4066204216692806528,Mira
2MASS J17370944-2727172,4060554135763184000,Mira
Terz V 1979,4053868967632301952,Mira
ATO J274.9416-00.2781,4274646160764572416,Mira
2MASS J15244895-5206167,5888878214210430080,Mira
V* QT Nor,5831032770007408384,Mira
2MASS J16495540-3935265,5969938918684299008,Mira
2MASS J18270338-1054571,4154187893084434816,Mira
OGLE LMC-LPV-70894,4657133403922391936,Mira
ATO J261.2806-18.6724,4122582804982968960,Mira
OGLE BLG-LPV-96273,4056499824056559744,Mira
2MASS J18051344-3232382,4042972360682539392,Mira
2MASS J17572691-2734372,4063528619576957056,Mira
2MASS J19242548-0051252,4263246591702416768,Mira
2MASS J17572093-3429545,4042289387821205760,Mira
2MASS J17044960-3647267,5976710810801118208,Mira
2MASS J16495525-4409244,5964408718766430720,Mira
IRAS 20083+3531,2058940049663823360,Mira
2MASS J19043187+0120155,4267552730228046208,Mira
2MASS J17342260-2826050,4060388178203819392,Mira
2MASS J20185720+3416119,2055527784024173056,Mira
2MASS J16045859-5054004,5981609890995295232,Mira
IRAS 17359-1902,4123081987663291136,Mira
IRAS 18212-1715,4096892269130200960,Mira
2MASS J17173391-2856258,4107445179965383168,Mira
2MASS J12262155-5947530,6058322164461325440,Mira
2MASS J13052057-6402073,5862097959268933248,Mira
IRAS 06239-3120,2893198723456663552,Mira
2MASS J18353228-2046314,4091744772385008384,Mira
IRAS 16169-4632,5941936139895247232,Mira
2MASS J17571810-3153269,4043954769976906240,Mira
ATO J276.6386+06.2511,4476835869396733824,Mira
ATO J281.4083+04.1342,4280585413355827200,Mira
2MASS J19151853+0811001,4308000498846563840,Mira
V* V1472 Cyg,2061875195955027456,Mira
2MASS J18044848-2656026,4063254806825151360,Mira
2MASS J15062164-5511045,5887411259527074304,Mira
2MASS J16305232-5147390,5934167201277514368,Mira
2MASS J19052771+0849323,4307628451573449088,Mira
V* V1848 Oph,4122241342233092992,Mira
IRAS 19108+0455,4293486120726595968,Mira
2MASS J16341430-5010042,5940361604886034816,Mira
2MASS J18020754-1519330,4145271884635461504,Mira
2MASS J17502387-2315406,4068677392008057472,Mira
2MASS J17443248-3536473,4041092779957968128,Mira
2MASS J18412560-0855583,4155606881552130816,Mira
2MASS J17101118-4456005,5963532270546761728,Mira
IRAS 16502-3542,5977762493655088896,Mira
IRAS 23404+6540,2209682745907363200,Mira
V* V1652 Cyg,2061283074573426432,Mira
V* MX Aql,4317551028660125696,Mira
IRAS 18130-2833,4050617883516188544,Mira
2MASS J17361592-3635514,5962699253136916096,Mira
Terz V  183,4058089065004345600,Mira
2MASS J17574324-2619460,4064227604021178624,Mira
IRAS 18365-0725,4252657818009819008,Mira
2MASS J18442315-0430437,4258172933979111296,Mira
OGLE BLG-LPV-207917,4065626831353058304,Mira
V* V1205 Cen,6117818765814533248,Mira
2MASS J16594531-3434027,5978270571160114176,Mira
IRAS 15437-5737,5834401536282864640,Mira
2MASS J08282371-4657065,5515769182486803456,Mira
IRAS 17519-3934,4036392814355673472,Mira
OGLE BLG-LPV-17432,4067979378310897152,Mira
2MASS J18554557-0614582,4253777189629678720,Mira
OGLE BLG-LPV-11389,4061370518786751104,Mira
2MASS J11123288-5823179,5339514887263842944,Mira
2MASS J18473786-0022469,4266324021670752896,Mira
OGLE BLG-LPV-161904,4062780165776686720,Mira
2MASS J17505572-3058453,4055762189191929344,Mira
2MASS J17420463-2730577,4060876876784983680,Mira
IRAS 16241-5218,5933761648901022208,Mira
2MASS J17371493-3315329,4053775401685841536,Mira
2MASS J19041122-0022585,4265630783943455104,Mira
IRAS 19505+1049,4303614748799483776,Mira
2MASS J17295579-3900028,5961937428965984768,Mira
IRAS 15326-5156,5889073171379506304,Mira
2MASS J18354462-0022142,4272527573644946944,Mira
2MASS J18090133-2435459,4065824953965713024,Mira
OGLE BLG-LPV-30233,4041133702419872256,Mira
2MASS J18470409-1114529,4106878312978571520,Mira
2MASS J15134557-5730519,5880194713704423040,Mira
IRAS 19247-0514,4211576730681730944,Mira
2MASS J18202539-1737057,4096535894258385920,Mira
V* HX Aur,255463181597216128,Mira
2MASS J16275423-5408538,5932009478424436480,Mira
IRAS 14373-5546,5893295742692901760,Mira
IRAS 16356-4838,5940874595772703616,Mira
IRAS 06363-1005,3002298688138749056,Mira
IRAS 10515-5815,5338862571974170368,Mira
2MASS J15380826-4741066,5986999628280881792,Mira
2MASS J18272072-2410519,4077331888593439104,Mira
2MASS J18252328-1045490,4154254241743273600,Mira
2MASS J18532064-0011093,4266203870013953152,Mira
IRAS 18138-2928,4049751399664277632,Mira
IRAS 16399-4713,5942547610118642816,Mira
OGLE BLG-LPV-20266,4053807291879860608,Mira
V* AD Lac,2001393432116281216,Mira
IRAS 18417-0828,4251726050701932416,Mira
IRAS 18457+0312,4280262878467475328,Mira
2MASS J17370342-3550206,5962763437114340608,Mira
V* V2241 Oph,4068277547731746816,Mira
2MASS J18452661+0031522,4278473900032361344,Mira
2MASS J16055206-5308286,5932909428673672064,Mira
2MASS J18372368-0500538,4256762088771747712,Mira
2MASS J18203455-1302473,4152715234687865216,Mira
V* V1016 Her,4522748416944109184,Mira
2MASS J17351269-3808334,5961915438747926272,Mira
2MASS J16341813-5157178,5934106483230620800,Mira
ATO J315.5989+28.2404,1846073705145226240,Mira
2MASS J16014167-4607183,5985158358613144576,Mira
2MASS J17493749-3238555,4043490295036751104,Mira
Terz V 2785,4060444012793201280,Mira
OGLE BLG-LPV-141447,4044009062724766464,Mira
V* EF TrA,5809291920414569984,Mira
V* V2909 Sgr,4038158591350823168,Mira
2MASS J16195647-5357089,5932249270653177216,Mira
2MASS J18272749-1912548,4093087653961723520,Mira
IRAS 12563-6547,5858494825303744896,Mira
2MASS J16124958-4721587,5989881070297023872,Mira
ATO J286.4759+12.9263,4314178620325709440,Mira
2MASS J17355802-2831045,4060339657901246976,Mira
2MASS J17414500-3243451,4054146113243692160,Mira
2MASS J18573908+0848024,4310404203056272000,Mira
IRAS 16344-4315,5944380045006902400,Mira
2MASS J18514268-0053114,4266047395752756992,Mira
2MASS J19554139+3028349,2030413357940253440,Mira
IRAS 17419-1754,4120640139741355264,Mira
2MASS J17371650-3302038,4053795399044897280,Mira
IRAS 14383-5813,5879334453267891200,Mira
2MASS J17204361-3217412,5979541950170552704,Mira
2MASS J14373259-5913494,5879192577575598464,Mira
OGLE BLG-LPV-215536,4064910568259647872,Mira
V* V1308 Oph,4129782785080101248,Mira
2MASS J19372554+0926079,4302277746989201280,Mira
Terz V 1124,4107462291120591232,Mira
2MASS J17372994-2808407,4060445730780537600,Mira
OGLE LMC-LPV-32205,4658235531207116544,Mira
MSX6C G000.6978-03.7619,4050169317118640128,Mira
2MASS J17415320-2759478,4060636805258754048,Mira
2MASS J17330446-2947201,4058549932248496256,Mira
2MASS J18593967+0821383,4310140388969704192,Mira
2MASS J18454183-0458299,4253631813590322816,Mira
V* V4060 Sgr,4078984871171812352,Mira
IRAS 18265+1003,4480430928818091008,Mira
IRAS 04177-5753,4682210141638425344,Mira
IRAS 17041-3556,5977133744817189120,Mira
IRAS 17454-2219,4068987802269449344,Mira
ATO J258.2570-15.2790,4136491390862779392,Mira
V* BG Cyg,2031458787311343744,Mira
IRAS 19594+2301,1833299304198312320,Mira
2MASS J18405157-1247077,4106195825487638528,Mira
2MASS J16164034-5248322,5933126685309983232,Mira
IRAS 15137-5408,5887133735939000448,Mira
V* V341 Vul,2023067172812790528,Mira
IRAS 18347-0049,4271927721335315712,Mira
2MASS J18295611-1318113,4104833182627226624,Mira
OGLE BLG-LPV-192611,4050145879438083072,Mira
2MASS J16345427-5016330,5940357005012292608,Mira
IRAS 19593+2135,1826929073104663808,Mira
V* NY Sgr,4075186225966934912,Mira
IRAS 16478-3514,6025839666047380480,Mira
V* IP Oph,4108415116625926912,Mira
IRAS 18003-2526,4064211386285588224,Mira
2MASS J15111520-5655298,5880283606660134144,Mira
IRAS 18118-2925,4049809875550367488,Mira
2MASS J17304968-3152575,4054888489705772160,Mira
2MASS J14515858-5527169,5893543923074236672,Mira
IRAS 18051-3728,4037785758210879104,Mira
IRAS 13128-6444,5858851234496279040,Mira
2MASS J09224501-4904260,5314104250135661184,Mira
2MASS J17590906-3351399,4042425628479573632,Mira
2MASS J17205941-3525193,5975577386066358528,Mira
2MASS J18364905-1037545,4154821074368881024,Mira
IRAS 18345-0950,4155432162289039744,Mira
2MASS J18373017-1341518,4103866918053006848,Mira
2MASS J18082243-1620272,4144343690632967168,Mira
OGLE LMC-LPV-14326,4655192319254450560,Mira
[RHI84] 10-142,4060123470807114368,Mira
2MASS J17324146-2917487,4058784987144341376,Mira
2MASS J16443211-4405153,5967367916884727040,Mira
2MASS J16551884-4351362,5964747540136365312,Mira
2MASS J18391942-0808307,4252532267531538048,Mira
OGLE BLG-LPV-173630,4062257721571579520,Mira
2MASS J17575807-2323183,4069337442586002176,Mira
IRAS 17232-3102,4058178950099489792,Mira
2MASS J17092887-4516021,5963497567229885184,Mira
IRAS 22124+7315,2278976206368650624,Mira
2MASS J17594223-1211464,4150626059534427392,Mira
2MASS J15592700-5522167,5836596333264518144,Mira
2MASS J11545762-7111288,5233351271470981888,Mira
OGLE SMC-LPV-287,4688776803039562240,Mira
IRAS 08534-4927,5325322051878873344,Mira
2MASS J18110383-2722346,4050986872724185472,Mira
2MASS J17472058-2617479,4066855982284423424,Mira
IRAS 17390-3321,4053890305015330048,Mira
IRAS 18063-2428,4065832547453780736,Mira
V* QZ Aql,4250983704154235520,Mira
IRAS 18159-2046,4091323070934111872,Mira
Terz V 3736,5980580606357432960,Mira
IRAS 18045-3127,4049098491528604672,Mira
2MASS J18153018-1408228,4146619095536776576,Mira
OGLE LMC-LPV-79583,4657210477045628032,Mira
2MASS J17520156-2431051,4067655846963290240,Mira
V* V583 Her,4507567700431894912,Mira
2MASS J14255811-6334212,5853325299594732416,Mira
IRAS 19159+2119,4517055592436223232,Mira
IRAS 10086-5132,5357000734232324352,Mira
2MASS J15114008-5557492,5886520517624859008,Mira
2MASS J16445196-4534132,5943127911733977728,Mira
OGLE BLG-LPV-157268,4063562055978764672,Mira
2MASS J19180900+1513165,4320728548557068032,Mira
2MASS J18115800-1652153,4097527443246701056,Mira
ASAS J062244-4203.3,5570183458875734144,Mira
V* V3537 Sgr,6733389627772320640,Mira
2MASS J13400331-6151460,5865763249960284416,Mira
IRAS 17167-5022,5925567611543635072,Mira
V* V2394 Sgr,6732647732287158656,Mira
IRAS 15104-5041,5901981781448306944,Mira
[WWV2004] J2015187+270526,1835773686397213696,Mira
2MASS J18541527-0414529,4255427590917835648,Mira
OGLE BLG-LPV-58300,4043460024109405056,Mira
2MASS J17015824-4748501,5938991995656931072,Mira
2MASS J20365377+2116394,1817704071765384448,Mira
2MASS J19282393+0712568,4295505683083639936,Mira
2MASS J14481847-6241340,5874326933745100032,Mira
2MASS J14035628-6043397,5866491848203197568,Mira
V* V2025 Sgr,4076788390571541248,Mira
IRAS 16424-4329,5967486732841326208,Mira
2MASS J16415164-4044560,5969073083295419904,Mira
2MASS J19532352+2834178,2028538450085274880,Mira
IRAS 06197+1416,3332655787157964416,Mira
IRAS 17420-2131,4117313365538552576,Mira
IRAS 17041+1431,4545058435580359296,Mira
OGLE BLG-LPV-118127,4056493738095396864,Mira
2MASS J19092159-0532153,4206259526830271360,Mira
SSTGLMC G041.7293+00.1974,4307217955776243712,Mira
2MASS J18073130-2318101,4066553586561010560,Mira
2MASS J19051744+0831273,4307520012237956224,Mira
2MASS J16145882-5739337,5835098832772040960,Mira
2MASS J17381723-2554058,4061919449951265920,Mira
V* PV Lac,1955533592382579840,Mira
M33SSS J013321.63+302433.1,303270630068390784,Mira
IRAS 18244-2047,4091144159776800768,Mira
2MASS J16564028-3653114,5971420338826591360,Mira
IRAS 18519-2915,6761691125788600448,Mira
V* V379 Sco,5956023911821057920,Mira
2MASS J17325965-2758085,4061176390667017344,Mira
2MASS J18201410-0812171,4159464552464849280,Mira
2MASS J18011069-2214285,4069918637552442880,Mira
2MASS J16072655-4643395,5984900866753129728,Mira
IRAS 19278+2106,2018063402799450368,Mira
2MASS J17163841-4000412,5972014349934684544,Mira
IRAS 16470-3920,5970038213985831424,Mira
2MASS J17442470-2545571,4067133888236701184,Mira
V* RS Phe,4910546236774817920,Mira
2MASS J17391100-2845586,4060210297830636672,Mira
OGLE BLG-LPV-124340,4043142269594007296,Mira
IRAS 18148-1326,4152676202024337024,Mira
2MASS J17315933-2627255,4061652307314249344,Mira
SHV 0517454-711322,4651973056510176384,Mira
2MASS J17543782-2329361,4067871003306116608,Mira
2MASS J17131670-3209162,5980307553912859904,Mira
V* NN Sco,5955804009515373952,Mira
2MASS J17483536-2440189,4067312833692275456,Mira
IRAS 21212+4246,1970444791130638208,Mira
IRAS 18327-1439,4103697288429107584,Mira
IRAS 17153-4602,5951206088066450944,Mira
V* V671 Cas,459310197849400832,Mira
IRAS 19365+3236,2045372557181750272,Mira
2MASS J16181381-5144202,5934733514105338240,Mira
IRAS 08086-3902,5540621478158879616,Mira
2MASS J17541721-2848125,4056613657854615168,Mira
2MASS J17435669-2603140,4067120522296512000,Mira
IRAS 19467+3058,2033680591099596800,Mira
IRAS 03592+6531,489144002755245312,Mira
2MASS J16451509-4416524,5967353142178728448,Mira
2MASS J16435409-4109037,5968253573502908416,Mira
2MASS J13560915-5637348,5872189620554080256,Mira
OGLE BLG-LPV-174639,4062476421302457728,Mira
2MASS J16322336-4748404,5941206407768223232,Mira
2MASS J18161454-1435049,4146452102914533760,Mira
2MASS J17540909-3401005,4043111998607707904,Mira
V* V2039 Oph,4477487875483833216,Mira
2MASS J17503298-2835009,4057406474480006528,Mira
ATO J264.6237-19.0985,4123058584280959104,Mira
2MASS J17431557-2535539,4067891142412016256,Mira
IRAS 13213-6306,5865177553961812224,Mira
2MASS J18530894+1037525,4311946405534400256,Mira
V* V627 Mon,3006792808775004800,Mira
2MASS J17313675-2551151,4110099091712520576,Mira
OGLE BLG-LPV-86894,4056395812774648448,Mira
2MASS J18222338-1600474,4097838845558427648,Mira
V* V1997 Oph,4122085211582097536,Mira
2MASS J17455185-3153546,4055778132039444608,Mira
ATO J291.1730+23.2693,2019675424306997248,Mira
IRAS 17406-2725,4060786712451662720,Mira
2MASS J17493074-3229401,4055502051546751104,Mira
2MASS J17143619-3348043,5978972643654644608,Mira
2MASS J17124593-4011004,5972114302427363200,Mira
2MASS J17471133-3050471,4055989444482284544,Mira
Terz V 2084,4041542445856260224,Mira
2MASS J16562376-3911509,5970187476998617088,Mira
2MASS J17303873-2521442,4110175542133014528,Mira
IRAS 19078+2057,4519628758886165376,Mira
V* V1895 Sgr,6734208695219637760,Mira
2MASS J17531228-2925262,4056554181182336384,Mira
2MASS J17324528-3413253,4053612815730206848,Mira
IRAS 18315-1141,4154587290701410432,Mira
2MASS J17235911-3057193,4058146995525601024,Mira
2MASS J14585532-6114485,5874886001067868416,Mira
OGLE BLG-LPV-63438,4057244567020836608,Mira
2MASS J12460300-6204211,6055228069985542528,Mira
2MASS J18244681-1042194,4154235275165298432,Mira
2MASS J17273072-3115567,4057982373689411968,Mira
V* V2420 Sgr,4062564661479737856,Mira
OGLE BLG-LPV-147086,4062588404070343936,Mira
2MASS J17434064-3641409,4040871670653919104,Mira
Terz V 1931,4053820692180969728,Mira
OGLE BLG-LPV-22732,4068408187795009536,Mira
IRAS 18043-2251,4069603082033383552,Mira
OGLE BLG-LPV-216140,4050813420437858176,Mira
2MASS J18033188-1923589,4095239329518588544,Mira
ATO J269.0827-20.9477,4070998392333771264,Mira
2MASS J17123592-3738011,5973753669934333696,Mira
2MASS J18483690-1114441,4106118962715372928,Mira
IRAS 18413-1330,4105162147095524480,Mira
OGLE BLG-LPV-178807,4063196365286964864,Mira
2MASS J17484058-3114132,4055915811560723072,Mira
OGLE BLG-LPV-232164,4090999853233330816,Mira
2MASS J13185988-6048452,5869442868695411072,Mira
2MASS J16445166-4421473,5967346064090724224,Mira
V* PQ Mus,5862563327537290624,Mira
V* OX Aql,1819539534660495872,Mira
IRAS 01260+6029,510603205561175808,Mira
2MASS J18222357-1615375,4097819569750252160,Mira
2MASS J18231214-2359265,4089323304152922368,Mira
IRAS 18070+1254,4497137831895635200,Mira
2MASS J12554668-5952192,6056810232876597632,Mira
OGLE LMC-LPV-25625,4652163542573750016,Mira
2MASS J12313183-6225030,6054677695696813696,Mira
2MASS J18024853-2441170,4065940677526576000,Mira
2MASS J17490667-3229567,4055504765988521984,Mira
2MASS J17441135-2619493,4061096877817981440,Mira
IRAS 18580+0823,4310148429148641536,Mira
V* V943 Sgr,6736647137142286976,Mira
2MASS J18314012-0903216,4156349120617758464,Mira
MACHO 105.21941.158,4062855413523530624,Mira
2MASS J18133767-2220492,4090696903364246784,Mira
2MASS J11393123-6756526,5235800811597053312,Mira
IRAS 19260+2434,2022876927289655424,Mira
2MASS J18343775-0109419,4271896763211399808,Mira
Terz V 4054,5979470374485628032,Mira
2MASS J16142645-4414419,5990862624936629632,Mira
ATO J263.2113-24.8353,4110313393431327872,Mira
OGLE BLG-LPV-193896,4062502470308675968,Mira
2MASS J16344280-4654189,5941354193330061568,Mira
2MASS J17321259-3056458,4058334805896881920,Mira
OGLE BLG-LPV-176446,4043726660038458112,Mira
SV* HV  2849,4659444547266871552,Mira
2MASS J17415616-3843113,5961407253866712832,Mira
2MASS J18141210-2210251,4090705940068044672,Mira
V* V1622 Aql,4268135608868969472,Mira
IRAS 20215+2937,1861282218711287424,Mira
2MASS J14465876-5720325,5880943004430954624,Mira
IRAS 14015-5753,5871052966064219392,Mira
IRAS 20581+6427,2197324067709705856,Mira
V* DU Aur,180509164692323840,Mira
2MASS J18022937-3512562,4039020780269104896,Mira
2MASS J17403404-3525027,4041249082443761024,Mira
2MASS J17353436-2007495,4118492385598355584,Mira
IRAS 17506-1846,4119613268975134336,Mira
V* V3432 Sgr,4046864631866256640,Mira
2MASS J17350184-3025489,4058454274728008832,Mira
M33SSS J013348.90+304338.1,303381410164684544,Mira
IRAS 21552+5407,2173748648636542208,Mira
IRAS 18256-3245,4045031535454323968,Mira
ATO J271.0964-11.5383,4151126401715811840,Mira
CRTS J074059.7-430113,5535193429768198656,Mira
IRAS 10244-6116,5254610393209392128,Mira
OGLE BLG-LPV-63171,4057229178189419392,Mira
2MASS J15434343-5754545,5882332477926609536,Mira
ATO J265.9041-23.0119,4116866826372925824,Mira
2MASS J16501175-3921192,5970039489648051840,Mira
IRAS 13100-6033,5869620886511735040,Mira
2MASS J17443533-2732088,4060770017915155584,Mira
2MASS J17280279-3039095,4058215714973646464,Mira
2MASS J17295078-2521425,4110186498578656512,Mira
OGLE BLG-LPV-121245,4056518373957813888,Mira
2MASS J14152329-6227238,5854416049428882560,Mira
IRAS 16198-5422,5932032533811748480,Mira
2MASS J17333832-3443179,5975075905696870400,Mira
2MASS J18002288-3709504,4037148110224478080,Mira
2MASS J18364593-1401067,4103759131557361536,Mira
IRAS 19148+0413,4292454503951244160,Mira
2MASS J16241313-4648343,5942246687556174464,Mira
2MASS J17370563-3352035,4053682939621666560,Mira
2MASS J19243756+2229200,2019190470941841024,Mira
ATO J288.4993-05.7310,4212001417058145536,Mira
ATO J269.3193-12.1786,4151363660031686528,Mira
2MASS J18404369-0150121,4259745265648033408,Mira
2MASS J15301227-5722296,5883024414254322304,Mira
2MASS J17282958-2826057,4059684387764426112,Mira
OGLE BLG-LPV-11436,4061275862051256704,Mira
2MASS J12555269-6327473,5862759384204894848,Mira
2MASS J14271860-5651217,5892428365438094720,Mira
V* V1865 Cyg,1869263745417118720,Mira
IRAS 18560-0058,4265176165893370752,Mira
ATO J291.6735+08.6517,4296278261816951680,Mira
OGLE LMC-LPV-2466,4655415008938184192,Mira
2MASS J17270956-4317515,5958630407272278272,Mira
OGLE BLG-LPV-81353,4056444260003355520,Mira
2MASS J11063426-5319033,5347761778532351872,Mira
2MASS J17085047-4056254,5966089253561919232,Mira
V* V737 Cyg,2072586500787639808,Mira
2MASS J17321227-4659227,5951670116330822400,Mira
2MASS J17035607-3215094,6028098204684016768,Mira
2MASS J18424464-0226365,4259474412162412544,Mira
V* V1086 Cen,5373067412293814784,Mira
2MASS J17355575-2836193,4060332584180140160,Mira
2MASS J17342154-2555030,4062048509447345152,Mira
2MASS J14262644-5832120,5891145029204513920,Mira
2MASS J16352932-5006088,5940364976461016448,Mira
2MASS J16145979-5313004,5933092772243500672,Mira
2MASS J17101456-3452435,5977321898769125376,Mira
2MASS J18555610-2759044,6762095883501512064,Mira
OGLE BLG-LPV-60971,4055950751111052288,Mira
2MASS J17590367-1625326,4145081046273311360,Mira
2MASS J17551840-3224372,4043541701543103744,Mira
2MASS J17352019-2901122,4060287298036674048,Mira
2MASS J13484004-6315307,5864595809130358656,Mira
2MASS J16454229-3442026,6020150006935286528,Mira
2MASS J12333568-6314525,6053644945042942464,Mira
IRAS 11511-6732,5235681858190213632,Mira
IRAS 17023-3119,6028293299383848576,Mira
OGLE BLG-LPV-88937,4056155883035219712,Mira
IRAS 20288+3650,2057761918628749184,Mira
2MASS J18272288-1147236,4153322886666538112,Mira
2MASS J15494793-5549547,5884179726161019136,Mira
V* NU Lib,6224820729169576192,Mira
OGLE BLG-LPV-212283,4050320323851119744,Mira
IRAS 16473-4448,5964279590555188992,Mira
IRAS 18582+0453,4281581570862716544,Mira
2MASS J17193647-3718558,5973641932069110784,Mira
IRAS 17156-2923,4059368101933755008,Mira
ATO J285.8289-17.9822,4087402010624059392,Mira
ATO J104.0164+02.3519,3126248184425351552,Mira
OGLE BLG-LPV-208274,4063351666930485888,Mira
2MASS J17563609-2324494,4069363525955957632,Mira
2MASS J17551917-2838566,4062619637017572992,Mira
2MASS J17561644-2330580,4069356482209543552,Mira
IRAS 17341-4719,5948610038030818560,Mira
2MASS J18215634-3118012,4046254231155507840,Mira
CRTS J162928.6-275807,6044335483151193856,Mira
2MASS J18334146-0720137,4156818783879191040,Mira
IRAS 17096-2507,4109489824881580160,Mira
StM 440,4518305427906706560,Mira
SHV 0538205-724347,4650834993245986816,Mira
2MASS J17472169-3018463,4056793393594285952,Mira
V* CS Cyg,2086851117948809088,Mira
IRAS 17224-2831,4059764411475544576,Mira
2MASS J16593596-4528464,5963292813228511616,Mira
2MASS J18541823-0239200,4258869749464917376,Mira
OGLE BLG-LPV-204945,4062920005552138112,Mira
IRAS 23134+5557,2009180517051134848,Mira
2MASS J17363850-3320547,4053761417271745920,Mira
2MASS J19141465+1105176,4312771039271059712,Mira
V* RT Oct,6341856526392659456,Mira
OGLE BLG-LPV-67512,4056361800927218816,Mira
IRAS 13416-6334,5864545059790818432,Mira
ATO J268.9428-18.8225,4119588594302124672,Mira
2MASS J17432712-3227479,4054238506541696000,Mira
2MASS J18372781+0905367,4479488406850243584,Mira
OGLE LMC-LPV-45127,4657943439064135296,Mira
IRAS 17467-3028,4055980712776876928,Mira
2MASS J15390337-5313101,5885942964819543552,Mira
2MASS J17115465-4102163,5966049499359278080,Mira
2MASS J18535461-0205475,4258976711335487488,Mira
Mis V0044,4050227002775613056,Mira
2MASS J17355799-3343265,4053734243068750976,Mira
V* AL Ser,4177603058332678144,Mira
IRAS 17593-1933,4095259253840158208,Mira
ATO J292.3979+12.8215,4316249202558965760,Mira
OGLE BLG-LPV-178779,4063161730659367936,Mira
2MASS J17382417-3405586,4053481900796417408,Mira
V* V1111 Aql,4512924143155059968,Mira
2MASS J17061850-5441542,5923653602315827328,Mira
IRAS 17599-2603,4064107070127683328,Mira
IRAS 18085-1936,4094330376976169088,Mira
2MASS J17545671-2733156,4063494843954427776,Mira
2MASS J18404377-0236300,4259491729442261376,Mira
IRAS 15534-5003,5982617730849022464,Mira
OGLE LMC-LPV-81419,4657009678771243520,Mira
IRAS 19061+3424,2044503668123586560,Mira
2MASS J17292198-4638496,5951646481170175232,Mira
2MASS J16383924-4315294,5968397948797335808,Mira
IRAS 12572-6622,5858229568105517952,Mira
2MASS J18004689-3446595,4042048010657226880,Mira
2MASS J17334653-3117326,4055297267522100608,Mira
V* AR Oph,4176910499146835712,Mira
OGLE BLG-LPV-211997,4063021817796577536,Mira
Mis V0126,2033961344511065600,Mira
2MASS J17245586-2939345,4059455483132035584,Mira
IRAS 17304-2009,4121399013255050112,Mira
2MASS J11420208-5315526,5345279321797339008,Mira
2MASS J18180745-1939576,4094548110337542016,Mira
2MASS J17251153-3118160,4058075286748475264,Mira
2MASS J17560957-2322444,4069367335553358336,Mira
2MASS J17403758-3558063,4041163354881870976,Mira
2MASS J17314701-3355391,4054374090074519936,Mira
2MASS J17550631-2710324,4063609747272763904,Mira
2MASS J15461602-5602529,5884278407290310912,Mira
IRAS 18338-1122,4154712325787872768,Mira
2MASS J17282835-3049407,4058209633297223296,Mira
2MASS J16452902-4742338,5939524086265814272,Mira
2MASS J16382960-4125078,5968656338354172416,Mira
V* V867 Aql,4265463314617006080,Mira
IRAS 05129+1527,3393585090865130112,Mira
IRAS 16214-4150,5992738357440648320,Mira
2MASS J15332633-5255411,5888650477872949376,Mira
2MASS J17344168-3026347,4058454068569616768,Mira
2MASS J17100266-4023451,5972142614854652672,Mira
OGLE BLG-LPV-188969,4063217633972419328,Mira
V* V728 Oph,4358346002380701056,Mira
2MASS J17163716-4502374,5952958022402259584,Mira
2MASS J20155950+5147319,2184318185190002432,Mira
IRAS 19082-0333,4260606977839777792,Mira
2MASS J10254889-5926001,5255261308431682176,Mira
V* BZ Aqr,6909437038673895040,Mira
2MASS J18301042+0323306,4283230872683728000,Mira
OGLE BLG-LPV-37522,4068787652465338240,Mira
IRAS 18277+0711,4477367792510586368,Mira
2MASS J17272691-3131162,4057960593964440192,Mira
2MASS J16402778-4941458,5937807890380909696,Mira
OGLE BLG-LPV-29492,4040148024593263616,Mira
2MASS J18060832-1803096,4143877665158025728,Mira
IRAS 20261+3225,1863719011357304576,Mira
IRAS 08376-4427,5522376697610032128,Mira
IRAS 17375-3247,4054141921355022592,Mira
2MASS J17011642-4449349,5963710387133867904,Mira
IRC +70066,485104495815035520,Mira
2MASS J17350098-4035382,5960810493947095424,Mira
IRAS 17042-4255,5965451841749151360,Mira
V* RW Aqr,2691016672752074368,Mira
2MASS J18381193-1016307,4155211332301737216,Mira
IRAS 17286-2418,4110539789777120128,Mira
IRAS 16590-3858,5967257828262562816,Mira
V* AM Gem,884520481361695872,Mira
2MASS J18463698+0040508,4278482185040538496,Mira
2MASS J17515687-2542237,4067001122106066304,Mira
V* V3841 Sgr,4092694372396881664,Mira
V* LQ Cep,2192083245543030912,Mira
OGLE BLG-LPV-205595,4063365071617071232,Mira
OGLE SMC-LPV-15752,4690532001575545344,Mira
2MASS J17383580-2850402,4060210778866732288,Mira
2MASS J17314999-2916540,4058834052910114176,Mira
2MASS J18154113-2207570,4090718202131826304,Mira
IRAS 19315+2420,2021312803293229824,Mira
IRAS 15511-4926,5982708303123103232,Mira
IRAS 17578-3903,4035764817102679936,Mira
2MASS J16485790-4318501,5967472542287922560,Mira
2MASS J18002050-2556274,4064170463850102784,Mira
IRAS 19157+0341,4292370837984407808,Mira
IRAS 06505-0852,3050533271119447936,Mira
ASAS J184537-1547.1,4100194553539148800,Mira
IRAS 18563-0513,4254502180067132544,Mira
2MASS J18222379-0736379,4159607420253802752,Mira
2MASS J18091010-2444309,4065818283820985088,Mira
2MASS J17592434-2812072,4062694124605935104,Mira
2MASS J18454101+0155257,4278903366700600192,Mira
2MASS J17414882-3319151,4053903052480846336,Mira
V* NU Lyr,2039046963719178240,Mira
2MASS J17585772-1753370,4143756757534956544,Mira
2MASS J18511538-0035337,4266092716256243584,Mira
2MASS J18135959-1531204,4145816658249336320,Mira
IRAS 19380+2610,2021999035967955072,Mira
[WWV2004] J2010498+521924,2088519347663461120,Mira
IRAS 18573-0017,4265769528545313024,Mira
OGLE BLG-LPV-81346,4070420019261482624,Mira
2MASS J19142339+1118540,4312802512792542720,Mira
2MASS J18252286-3453415,4044373447680444928,Mira
NSVS   5698927,2078587222918220544,Mira
2MASS J17564328-2210092,4070301233246343808,Mira
2MASS J17521373-2450116,4067612244451895168,Mira
2MASS J17252527-3001139,4059058868697181312,Mira
V* V2431 Oph,4107873332269522816,Mira
IRAS 14587-5750,5879935405063696384,Mira
2MASS J18471907-2900587,4071414939767042944,Mira
2MASS J17354005-3908196,5961791812396745728,Mira
2MASS J17135003-3723372,5973781196407248768,Mira
V* V2231 Oph,4116503643971883904,Mira
2MASS J17372839-3315060,4053774542686131968,Mira
2MASS J16411225-5015536,5937403373175736960,Mira
ATO J093.9858+20.8108,3375077664472327168,Mira
2MASS J15455917-6102521,5833394830249980288,Mira
V* V1279 Cyg,2031986587236662784,Mira
2MASS J18432022-0217171,4259486197519011456,Mira
2MASS J17331392-3100264,4058341677845651584,Mira
2MASS J10310536-6003034,5255172999566458880,Mira
IRAS 16290-5356,5930509332229384448,Mira
2MASS J17385069-2844183,4060213252724260352,Mira
2MASS J16395004-2955368,6031648630807957376,Mira
2MASS J15413448-5445509,5885228179154428288,Mira
IRAS 12440-6306,5862899400124035968,Mira
ATO J279.8528-04.2660,4256920311046582912,Mira
IRAS 18397-0440,4256714431811804288,Mira
IRAS 17545-3233,4043362034511967872,Mira
2MASS J21004765+4835598,2168499030363122176,Mira
2MASS J18161657-2153217,4090728308245274624,Mira
2MASS J17402369-2831305,4060243042636815104,Mira
2MASS J19502292+2455327,2020684535427319424,Mira
[LZM2008] Sgr4,4071359861116388224,Mira
2MASS J17530072-0616222,4172010353776851584,Mira
2MASS J17024875-2855288,6029886315513171840,Mira
2MASS J17180621-3316321,5979377160854667136,Mira
2MASS J15515002-5731301,5835895325904924672,Mira
V* BY Aql,4194525504355695104,Mira
2MASS J17531098-2341015,4067863517216458752,Mira
2MASS J17283864-2136255,4117833846828810368,Mira
IRAS 19320+0355,4290878388376730496,Mira
2MASS J18333113-0449496,4256463983653824640,Mira
2MASS J15533922-5531017,5884536135364290048,Mira
2MASS J17571217-3541381,4040467707587168512,Mira
V* EK Ara,5915524981543131904,Mira
2MASS J17565998-3556025,4040460556385791744,Mira
Terz V 4207,5979531294302066432,Mira
V* V1638 Cyg,2062596406843140608,Mira
2MASS J18321772-1013380,4155071969141694080,Mira
2MASS J18152205-2136379,4090888287175243776,Mira
2MASS J19280562+1941026,4515677251530523392,Mira
V* V395 Vel,5305161097425679872,Mira
OGLE BLG-LPV-143833,4062589847179456000,Mira
2MASS J18253697-0850590,4159217677741132160,Mira
2MASS J18061874-1434531,4146918471968905728,Mira
IRAS 18166-3248,4045557789210588160,Mira
IRAS 16475-1702,4133360046158782464,Mira
V* V375 Oph,4375838304667968384,Mira
V* V750 Cyg,2168390625383809792,Mira
2MASS J19435466+2449592,2020821355928150528,Mira
IRAS 19037+0204,4268463057151359360,Mira
2MASS J18150153-1541576,4145760510097062400,Mira
2MASS J18381835-0225502,4259609308461595520,Mira
2MASS J17154144-4720381,5950850194232030720,Mira
2MASS J09052993-5455450,5310971672803628288,Mira
2MASS J17441314-3514465,4041290073491836032,Mira
2MASS J17522647-3512134,4040695306502239360,Mira
V* V988 Aql,4314639521880479104,Mira
IRAS 18365-0235,4259416550383781760,Mira
IRAS 18243-2055,4091136227035538688,Mira
IRAS 18000-2739,4063104689140649472,Mira
2MASS J16480234-4751578,5939562397366515200,Mira
IRAS 16014-5257,5932921660687149056,Mira
2MASS J19514365+2710191,2027930935548317440,Mira
IRAS 18406-0550,4253436237888117376,Mira
OGLE BLG-LPV-126231,4056512605884757504,Mira
2MASS J18253191-1517515,4097986459332926720,Mira
2MASS J17412128-4256088,5955885094159165056,Mira
V* V379 CrA,6727424394912526720,Mira
IRAS 18530-1743,4086910357136061184,Mira
2MASS J17460437-2729466,4060726965193361408,Mira
2MASS J17391911-3317219,4053727508559274496,Mira
IRAS 09382-4735,5409771932237754496,Mira
2MASS J14553985-5647395,5880853325493887616,Mira
2MASS J17111627-3647316,5973871837390216064,Mira
2MASS J13453771-5759452,5871676217352562048,Mira
2MASS J17441708-4039229,5957675408326641408,Mira
OGLE BLG-LPV-224177,4048764209988944896,Mira
2MASS J17554828-2709113,4063612118094368640,Mira
IRAS 16369-5034,5937366367736243200,Mira
2MASS J18204650-0423111,4269487252203171584,Mira
2MASS J15523833-5543557,5884157083091886976,Mira
2MASS J20181982+3257089,2054594229934196096,Mira
IRAS 19379+0712,4294950567134407168,Mira
IRAS 19292+2132,2018104943723952640,Mira
2MASS J16150173-5321422,5932994812614024448,Mira
2MASS J17295277-3131065,4057936954462160128,Mira
2MASS J16450794-4712012,5939645620986975616,Mira
2MASS J14071777-6450076,5853555269312262656,Mira
ATO J268.1151-21.7148,4070527393437341824,Mira
2MASS J17422288-2752087,4060645051597077632,Mira
2MASS J18050275-2352101,4066133573101762688,Mira
V* DS CrA,6723970897608474240,Mira
MACHO 172.31196.3339,4052088171155328000,Mira
2MASS J17461493-2701206,4060811627573980928,Mira
2MASS J15220249-5340065,5887224132053676544,Mira
V* V493 Aur,264361975874555776,Mira
2MASS J15290482-5425387,5886953656544836992,Mira
2MASS J17322309-4126471,5959261217682723200,Mira
2MASS J18240558-3401325,4044473709458019968,Mira
2MASS J17240325-3333017,5976225956195618688,Mira
2MASS J17165475-2458173,4110964647863468928,Mira
Terz V  259,4059493755497794304,Mira
2MASS J17343977-2909174,4060278708101007744,Mira
2MASS J17285253-3103356,4058009964554949248,Mira
OGLE BLG-LPV-80765,4070224203089296256,Mira
CRTS J003644.1-060858,2526689819554107904,Mira
OGLE LMC-LPV-4950,4655486648968787584,Mira
IRAS 18455-2209,4078907596115122688,Mira
2MASS J13062660-6258247,5862412728787255424,Mira
2MASS J15442917-5202491,5886113595294728704,Mira
M33SSS J013330.61+303819.7,303379004983479808,Mira
2MASS J18150680-2548260,4064705784207666688,Mira
V* V1107 Oph,4478926178448284800,Mira
IRAS 17251-2150,4117797013182004992,Mira
2MASS J18274089-0839485,4156246041417644416,Mira
2MASS J15440605-5547541,5884294384548115968,Mira
IRAS 18486-0330,4255716865539428480,Mira
IRAS 16292-4444,5943873689898676096,Mira
IRAS 21177+4625,1972390273875769600,Mira
IRAS 16524-3948,5969778389968593408,Mira
IRAS 18503-1159,4105844737656998656,Mira
IRAS 13163-6130,5868571570126301824,Mira
2MASS J17092138-4043310,5966115538768422400,Mira
ATO J101.8470-01.5463,3107081394651462784,Mira
V* V451 Ara,5917618894050796672,Mira
CRTS J044932.3+182438,3406804141209137664,Mira
2MASS J15191855-6025538,5875881711906002432,Mira
2MASS J14334159-5834559,5891290680142242432,Mira
2MASS J15142711-6325497,5873480653349888896,Mira
OGLE BLG-LPV-42924,4068885719452649088,Mira
IRAS 19008-0059,4262480747490564864,Mira
2MASS J18001258-2604449,4064071469088248832,Mira
2MASS J17081960-4122083,5966026611458167424,Mira
Terz V 2704,4058516049141689472,Mira
IRAS 18282-0732,4159786434491470080,Mira
OGLE BLG-LPV-223091,4063001305022895104,Mira
2MASS J17371781-3318515,4053772859060625024,Mira
ATO J263.7269-18.7044,4123330266734485376,Mira
ATO J317.4875+43.3751,1970098891647569920,Mira
2MASS J17302385-3156130,4054886668655784832,Mira
ATO J283.1618-14.2201,4101919171906473728,Mira
OGLE BLG-LPV-30677,4068128087264260480,Mira
2MASS J17210238-2727542,4107980401618557440,Mira
OGLE BLG-LPV-14691,4116799996680582272,Mira
ATO J269.1232-10.5310,4152162592667293568,Mira
2MASS J16555491-4527020,5964007946760254464,Mira
IRAS 15566-5446,5836635262851800320,Mira
2MASS J17291108-2857454,4059587523222424960,Mira
IRAS 19438+2035,1825836437761143424,Mira
OGLE SMC-LPV-11674,4685677103708090240,Mira
2MASS J17374934-3643273,5962640497998592896,Mira
V* V718 Sgr,4044588917686507776,Mira
2MASS J17414872-2525408,4067950516123415424,Mira
2MASS J12235078-6305209,6054538229536084736,Mira
IRAS 18311-1535,4103204569683581568,Mira
IRAS 21000+2545,1844447729306448512,Mira
V* CE Cep,2208772492017744512,Mira
2MASS J17440282-2642030,4061033758965660928,Mira
2MASS J17401392-2548585,4061932231764908160,Mira
ASAS J053056-6248.4,4757207761062694528,Mira
SHV 0504485-690533,4661249876664977536,Mira
2MASS J18124510-0135218,4273984460915211136,Mira
IRAS 12562-6404,5861896336303365760,Mira
IRAS 18109-1524,4145830573928225664,Mira
2MASS J17043156-4351029,5963821094210302208,Mira
IRAS 12425-5957,6056643137131086848,Mira
V* V1680 Sgr,4077789736375651328,Mira
2MASS J18432369-0234425,4259459843596647168,Mira
2MASS J18064687-1558238,4144415261973897600,Mira
2MASS J17034149-2929560,6029785474078397824,Mira
2MASS J18381454-2915524,4047555017725177344,Mira
2MASS J18384939-1344064,4103875477998968576,Mira
IRAS 18078+0805,4481210100300658688,Mira
2MASS J17392217-4014196,5960739231833973504,Mira
2MASS J17302359-2641194,4061621486627608704,Mira
IRAS 17469-2935,4057215915328525440,Mira
2MASS J17321528-2547006,4110100702309332480,Mira
2MASS J17112008-1240039,4142234689842073216,Mira
2MASS J17590644-2643178,4064015978106464896,Mira
IRAS 18447-0809,4251664649847565312,Mira
2MASS J16194135-5129562,5934790143292663808,Mira
2MASS J18070148-1237160,4150691583545427840,Mira
2MASS J14423436-5617258,5893088038072679424,Mira
2MASS J15580994-5123057,5981704311554542976,Mira
2MASS J17232016-3955197,5960346122069350272,Mira
IRAS 19050-0946,4199602087000753792,Mira
2MASS J15030981-5330321,5899763825987834496,Mira
IRAS 12589-6433,5861639462926103296,Mira
2MASS J17450860-2504116,4068035071055528576,Mira
2MASS J17345972-2858309,4060291008888576000,Mira
2MASS J18303243-0808394,4156666398451892352,Mira
V* BQ Sct,4155635675045617152,Mira
IRAS 18394-0933,4155381550453475072,Mira
IRAS 18573+0242,4268689900108781952,Mira
2MASS J18174140-1751184,4097165330275799040,Mira
IRAS 18019-2500,4065748778453243392,Mira
2MASS J17355823-1818473,4123369853534595584,Mira
ATO J286.2079-06.0542,4206114425665580672,Mira
ATO J260.9414-11.7713,4141882399449687296,Mira
IRAS 19466+2801,2028233576144120320,Mira
2MASS J18204295-2045264,4091294243108532224,Mira
2MASS J18213211-1740598,4096520535498750976,Mira
2MASS J17524525-2842012,4057364418118396928,Mira
2MASS J17081832-4109309,5966077502530203648,Mira
2MASS J17543405-2735263,4063493130338542080,Mira
IRAS 17567-3502,4042014544273275776,Mira
IRAS 18004-2744,4063100329779127168,Mira
2MASS J17325046-2630198,4061609422030910720,Mira
V* FN Oph,4111867102103309824,Mira
OGLE BLG-LPV-37672,4068732608113840256,Mira
2MASS J18223899-2039034,4091380490427434240,Mira
2MASS J17425989-2343564,4068412036136984192,Mira
IRAS 14146-6527,5852483623377395840,Mira
2MASS J17492907-3109226,4055922885322750848,Mira
OGLE BLG-LPV-149534,4043771529630417920,Mira
2MASS J14473622-5831236,5879147398830602368,Mira
IRAS 20112+3936,2062376916835702144,Mira
2MASS J18010695-2045110,4070922839588936960,Mira
2MASS J17432739-2759177,4060615605254167808,Mira
V* V673 Sgr,4038448209586856576,Mira
OGLE BLG-LPV-101126,4043437488424628992,Mira
2MASS J17313018-3117038,4058310612271350656,Mira
2MASS J17473786-2459544,4067300532905227008,Mira
OGLE BLG-LPV-102605,4056562461882327296,Mira
2MASS J17153864-4102362,5971828012759399040,Mira
2MASS J17530897-1543439,4148005579723579520,Mira
IRAS 17425-3252,4053977647459726336,Mira
IRAS 18031-0703,4171321715903238912,Mira
2MASS J18224449-0910054,4159103221138744192,Mira
2MASS J18332371-0426532,4257612041282050944,Mira
IRAS 14421-5324,5894706450448327424,Mira
IRAS 05096+1247,3388684430101739136,Mira
SHV 0521431-694328,4657979207567107584,Mira
2MASS J19595395+2856259,2029281067095031808,Mira
2MASS J18500172-2341376,4075178911663898624,Mira
OGLE BLG-LPV-99575,4043231153889974144,Mira
2MASS J17334129-2654068,4061391104638070784,Mira
2MASS J17315650-3526263,5975016910024311168,Mira
2MASS J19063350+1140192,4312746540815366400,Mira
IRAS 18580-1623,4088649264812072320,Mira
IRAS 19351+1941,1825353752160808576,Mira
2MASS J19052376+0918543,4310664031403054976,Mira
2MASS J17552148-2710371,4063614725076958208,Mira
V* FX Del,1817314879009140224,Mira
ATO J261.7690-10.4445,4166267883722376832,Mira
IRAS 18424+0512,4285208309970523136,Mira
IRAS 13284-5849,5870202528188798592,Mira
2MASS J17063957-3311211,5979944371457878016,Mira
2MASS J16545920-3228382,6026786483004332800,Mira
2MASS J11291789-5603450,5342954370119456768,Mira
IRAS 06450-1117,2953849674632706432,Mira
2MASS J18443839-0940400,4107280626784371456,Mira
IRAS 19129+0049,4264648915705255424,Mira
2MASS J17364345-3459288,4053320856698183680,Mira
2MASS J18283714+0149426,4276789791817850624,Mira
2MASS J17374367-3627317,5962682726098809984,Mira
2MASS J17243416-2940109,4059127278905631232,Mira
2MASS J17444074-3305529,4054014274932140928,Mira
V* V365 Sct,4202721229705617536,Mira
2MASS J17443061-3216355,4054262180387565440,Mira
2MASS J17275690-2732042,4061473533632589312,Mira
2MASS J17585324-2419354,4069024635828021760,Mira
OGLE BLG-LPV-32478,4068826960066621568,Mira
IRAS 07493-2859,5600326643180259456,Mira
V* MP Sco,5958329519016002432,Mira
2MASS J18010233-2605165,4064152940348955648,Mira
V* V588 Car,5298716653629390976,Mira
2MASS J18440341-0029517,4260363607798282880,Mira
V* GN Oph,6029969225560999808,Mira
IRAS 19159+0147,4264878198238438912,Mira
2MASS J11330102-6244168,5334041209144552704,Mira
MSX6C G026.4310-00.0619,4256468484808163328,Mira
V* RV Gem,869698068187224832,Mira
ATO J293.6442+16.5070,4321867402075817984,Mira
2MASS J14351937-5623171,5891816865182642944,Mira
IRAS 17407-2429,4068113411310723072,Mira
IRAS 15449-5558,5884168559173018752,Mira
2MASS J12105963-6326193,6054197861994315520,Mira
IRAS 15231-5916,5876045539167650432,Mira
V* V1968 Aql,4297975697266259584,Mira
2MASS J17155013-3134250,5980434272617899904,Mira
2MASS J18474921+0826171,4287110602549615232,Mira
IRAS 17389-2328,4116469318609939840,Mira
IRAS 15028-5800,5880096208640959616,Mira
2MASS J18035135-2130233,4070063949199004160,Mira
IRAS 05196+3741,184504098454964608,Mira
2MASS J19155571+0518134,4293336896405528192,Mira
IRAS 18116-2356,4065578766404357632,Mira
IRAS 13244-6045,5868722924773179264,Mira
IRAS 19279-0220,4214809260517443456,Mira
2MASS J17393221-3412202,4053466237143305984,Mira
IRAS 17138-3216,5979504601137466624,Mira
IRAS 19500+2918,2028841193753871104,Mira
2MASS J16482039-3806208,5971108244959605248,Mira
OGLE BLG-LPV-181993,4062486664886903040,Mira
2MASS J17161410-3600584,5974001781613076864,Mira
2MASS J18023755-0204185,4178059458737522560,Mira
IRAS 16573-4753,5938986910415630592,Mira
2MASS J18393009-1338213,4103877436503913344,Mira
ATO J268.0537-19.4695,4119444184709825536,Mira
IRAS 22031+5421,2005624696459993984,Mira
IRAS 19209+1243,4316097474256850048,Mira
2MASS J17505048-3108232,4055755862648792832,Mira
OGLE BLG-LPV-57300,4056440617880518528,Mira
2MASS J17554287-2803227,4063415030662637696,Mira
2MASS J18241245-1049544,4154232487714931584,Mira
OGLE BLG-LPV-184313,4062471954537503488,Mira
OGLE BLG-LPV-230437,4053031552068482816,Mira
2MASS J17532205-2446597,4067633165202464128,Mira
IRAS 19023+1122,4313463594184399360,Mira
2MASS J17491119-2447464,4067307641045213440,Mira
OGLE BLG-LPV-100093,4056502194878727296,Mira
Terz V 2314,4061216209177830400,Mira
IRAS 19549+1739,1820563729737265024,Mira
2MASS J17345370-3021570,4058461284115810560,Mira
IRAS 17543-2918,4062340116221817856,Mira
OGLE BLG-LPV-217226,4065767401396386944,Mira
2MASS J17590006-2324222,4069329166181556352,Mira
2MASS J17582925-2625398,4064037663459036672,Mira
V* DL Pav,6445460204246763008,Mira
IRAS 12303-5804,6059305746308824704,Mira
V* V3566 Sgr,6734705738871467392,Mira
2MASS J17163747-2613492,4109136434985916544,Mira
2MASS J17015516-3037464,6028582608368177536,Mira
IRAS 18433-0117,4260073474168467072,Mira
ATO J315.8501+41.3818,1969494194606017536,Mira
IRAS 21236+5057,2172056706395551872,Mira
2MASS J16122972-4602578,5990282392036626176,Mira
2MASS J18433956-0654290,4252734749536327296,Mira
IRAS 16300-4107,5968799996421384832,Mira
2MASS J19304996+1021588,4314515998614441856,Mira
2MASS J14165796-5916326,5867043974832866048,Mira
2MASS J17060772-4759326,5938766183490681216,Mira
IRAS 16352-3437,6021038034371611776,Mira
CRTS J055000.3-572504,4765702587886105216,Mira
IRAS 18251-2407,4077339069730006656,Mira
2MASS J18344502-1456266,4103268719406083584,Mira
ATO J276.1995+07.6511,4477560340168222592,Mira
V* V1794 Ori,3124536382258471808,Mira
2MASS J18420711-0750367,4251819406101864960,Mira
OGLE LMC-LPV-66358,4658606100915685248,Mira
Terz V 3388,5980006867439079424,Mira
IRAS 17090-4735,5950828307075609984,Mira
2MASS J18120928-3125400,4048967310470173184,Mira
OGLE BLG-LPV-173072,4062791745011634176,Mira
V* V408 Sco,4036875362608084480,Mira
2MASS J16574704-4806279,5938925127300147072,Mira
2MASS J17433566-1325313,4149498132407113856,Mira
OGLE BLG-LPV-119830,4044027273393250432,Mira
IRAS 17222-3017,4058293780355777536,Mira
ATO J110.8341-07.7670,3054651698079364736,Mira
OGLE BLG-LPV-143730,4044065825038422912,Mira
2MASS J19334157+2405056,2021085960298918528,Mira
2MASS J16503465-4127489,5968090085549863424,Mira
2MASS J14563034-5814451,5879960968709652608,Mira
2MASS J11005892-5758414,5340428139073136384,Mira
V* DU Aql,4196530017131223040,Mira
2MASS J14532003-5656079,5881013510614565632,Mira
2MASS J16403240-4635593,5942731022398064640,Mira
IRAS 13067-6359,5862046385295285120,Mira
V* SV Vir,3575776194814279040,Mira
2MASS J17331326-2137134,4117874631852356864,Mira
2MASS J17365025-2927396,4060074267656248064,Mira
IRAS 18389-1322,4105392421721756032,Mira
2MASS J17512630-2821469,4057434752547329280,Mira
2MASS J17425694-3245147,4054131338554773504,Mira
V* V653 Car,5232611575023502208,Mira
2MASS J17431699-3244503,4054225381121160192,Mira
IRAS 10438-5640,5351277432620688384,Mira
IRAS 20144+2713,1836158962139012736,Mira
IRAS 18298-2819,4048619516778153472,Mira
IRAS 18220-2030,4091223432025185408,Mira
OGLE BLG-LPV-44274,4039866446522567168,Mira
SHV 0522474-693548,4657986663634669568,Mira
2MASS J12364968-6327009,6053597833526516864,Mira
2MASS J18173494-1827543,4094878621001414912,Mira
2MASS J17484006-2958541,4056805071616515200,Mira
2MASS J18443387-0636587,4253168575561684224,Mira
IRAS 18154-2925,4049760779812274176,Mira
V* V1660 Cyg,2068042253564762240,Mira
IRAS 15310-5036,5889457038367344256,Mira
IRAS 17076-4705,5950914756187480448,Mira
IRAS 19307+1430,4318216611143025664,Mira
2MASS J17545795-2355437,4067795347490887168,Mira
2MASS J17335916-3055485,4055341419788575616,Mira
CRTS J010120.8-335304,5027164082150050048,Mira
2MASS J19142703+1522304,4320570356322950656,Mira
2MASS J17410266-2639593,4061069875389248640,Mira
2MASS J17031706-3454098,5978048912113668352,Mira
2MASS J17394496-3605003,4041157204374651392,Mira
2MASS J17574822-1521434,4145403310651414400,Mira
Cl* NGC 6558      H F2,4048837808568046080,Mira
2MASS J15504033-5114173,5982132193370274688,Mira
IRAS 02443+6405,467757333368986752,Mira
2MASS J16134419-5233529,5933171215535619584,Mira
2MASS J17211802-4552404,5952686928427074048,Mira
2MASS J19162769+0852581,4308204320817603968,Mira
ATO J285.8292+14.5544,4506652769356784896,Mira
ATO J280.4615-09.9239,4155294551587460224,Mira
2MASS J18070232-1922433,4095137104976124800,Mira
2MASS J18400744-1600090,4099944758298228608,Mira
2MASS J16262621-4236519,5992657199734645760,Mira
2MASS J17221525-3314269,5979160380933428224,Mira
V* V1602 Oph,4134816211876502784,Mira
2MASS J13335089-6337366,5864985787833600640,Mira
2MASS J18163835-1320471,4146688330410381184,Mira
IRAS 13193-6046,5869368617298048128,Mira
2MASS J18233624-2057005,4091173026299752960,Mira
V* V1560 Sco,5992740350305709184,Mira
ATO J264.2135-15.9527,4124864944447343616,Mira
2MASS J17490086-2617487,4066870452041787904,Mira
2MASS J18304766-1348175,4104750723539059328,Mira
2MASS J17321012-2514386,4110156747355271168,Mira
IRAS 14563-6009,5879449970679169792,Mira
ATO J258.9271-24.6392,4111032160457131136,Mira
2MASS J16284361-4627247,5942164739581649920,Mira
IRAS 18464+0455,4282146891655212672,Mira
2MASS J18145746-2025242,4094030657014341120,Mira
2MASS J17390168-2747466,4060482422608910208,Mira
IRC +10322,4395453351589133184,Mira
V* V579 CrA,6727043109217974528,Mira
2MASS J16102061-4900595,5983673326401056000,Mira
2MASS J19130459+1232502,4313215276348245632,Mira
2MASS J17290809-3037262,4058588140268676480,Mira
OGLE BLG-LPV-89404,4056155573859185664,Mira
2MASS J17442864-3149491,4054294272398633600,Mira
2MASS J18480356-0603175,4253261381168590848,Mira
IRAS 17413-1914,4119911545883084032,Mira
2MASS J17145202-3355393,5978958865399264128,Mira
IRAS 17346-2630,4061790158631950848,Mira
OGLE BLG-LPV-52964,4056432547715463680,Mira
2MASS J17365282-3101291,4055371999954606336,Mira
2MASS J17225730-3120574,4058108100279619456,Mira
2MASS J19044339+1041272,4312511314032999040,Mira
Terz V 4161,5979183337524690816,Mira
IRAS 20066+3541,2059053814755982976,Mira
2MASS J19013355+0218174,4268425055243790208,Mira
2MASS J15063359-4021509,6005345422137745792,Mira
2MASS J17324021-2748082,4061188313498227456,Mira
V* RX Ant,5657750768231800704,Mira
2MASS J18524081-0530044,4254820007678903424,Mira
2MASS J16355288-4551453,5943012085094790528,Mira
IRAS 18201-1510,4098189246167111168,Mira
2MASS J18464955-0519128,4253559589345519872,Mira
IRAS 21385+5334,2174259646665195648,Mira
IRAS 18151-2121,4090878524642864640,Mira
IRAS 18327-1954,4092383794782911104,Mira
2MASS J18055754-2426557,4066050624369873536,Mira
IRAS 14294-5904,5878872486568290048,Mira
2MASS J19005316+0828504,4310149391221241472,Mira
2MASS J15100095-5648103,5880476330429810944,Mira
2MASS J17110607-4248469,5965653984405405184,Mira
2MASS J17421798-2733052,4060688894628983168,Mira
2MASS J19092295+0313169,4269009407028175744,Mira
V* V2769 Sgr,4038142854590034688,Mira
V* V1877 Sgr,4077401054702252672,Mira
2MASS J17560624-2720055,4063597171581793536,Mira
IRAS 19051+0030,4267218955410521344,Mira
V* MM Sgr,4072406763652854528,Mira
V* SX And,398801873943212416,Mira
2MASS J18091521-2601035,4064833847315085056,Mira
IRAS 18268-1249,4152920602852815104,Mira
2MASS J18151135-2000427,4094433250052894464,Mira
2MASS J18291699-1118175,4153370131292015488,Mira
2MASS J17490079-2414418,4068454539041156736,Mira
OGLE LMC-LPV-62740,4657903577416571392,Mira
V* V1191 Tau,3276573517250248192,Mira
2MASS J17285709-3206285,4057790027873229952,Mira
IRAS 17142-4142,5959775548568119168,Mira
IRAS 19025+2112,4519782720544811136,Mira
OGLE BLG-LPV-209879,4050400352042825472,Mira
IRAS 17585-1902,4143348662625305216,Mira
2MASS J17200717-4350230,5953321484050954496,Mira
2MASS J18133561-2025064,4094039453095001984,Mira
IRAS 18232-1451,4104197218218028416,Mira
IRAS 10079-6511,5246289637097790464,Mira
ATO J266.1993-11.6209,4162348880696444800,Mira
ASAS J080543-4607.8,5520300235535508480,Mira
2MASS J18024519-2001375,4095180707478410112,Mira
2MASS J18032253-1429387,4147028594934297472,Mira
IRAS 22039+5651,2198300915086408320,Mira
OGLE LMC-LPV-70943,4651077603094773632,Mira
OGLE GD1255.01.13901,5866300601896053376,Mira
IRAS 17365-1641,4124014545295251712,Mira
2MASS J17231548-4525482,5952785643941982848,Mira
IRAS 16482-5303,5936047434846856704,Mira
2MASS J14020534-6144476,5866284727695849984,Mira
2MASS J13482581-6022528,5870442664041106816,Mira
V* V1931 Oph,4115079982485114624,Mira
2MASS J18184683-0831568,4159429161931422720,Mira
2MASS J18331908-1224198,4105014194098717568,Mira
2MASS J17561210-2258227,4069412969623685248,Mira
IRAS 16266-5353,5930501635647048320,Mira
Terz V 3538,5979980273056940032,Mira
V* V1742 Aql,4312555844257516288,Mira
MACHO 159.25483.198,4064701631044952192,Mira
2MASS J18581268+0020330,4265884113944391680,Mira
2MASS J17555966-1839069,4119592412552962816,Mira
IRAS 17537-2959,4056277447835334528,Mira
2MASS J17241579-2940456,4059127622543169664,Mira
2MASS J17224945-2421473,4110925374788104448,Mira
V* IS Cyg,2076739424908693888,Mira
OGLE-II Sco-SC1 43461,5943385025669997568,Mira
IRAS 11177-5816,5339278045588770944,Mira
IRAS 17476-3547,4040652696044176640,Mira
2MASS J18455077-0831442,4251615064354025984,Mira
IRAS 21102+6420,2196608972834829824,Mira
IRAS 19497+0101,4240466879738199424,Mira
2MASS J17541061-2756322,4063455094102933760,Mira
V* EO Ara,5912481670795460352,Mira
2MASS J19132512+0509026,4293505671417929856,Mira
2MASS J17271787-2558214,4109765974077271040,Mira
2MASS J19051038+0921467,4310665337072659840,Mira
2MASS J17511290-1616284,4147863605348868352,Mira
2MASS J18534931-0450002,4254973698787402752,Mira
2MASS J11533862-6131214,5334775790350577664,Mira
2MASS J17174166-3521427,5975546427945704192,Mira
2MASS J17424095-2520487,4067956322921226752,Mira
2MASS J17220441-4208118,5959510291443311232,Mira
2MASS J17325787-2617081,4061660244413792768,Mira
2MASS J17164272-3538119,5975517806282614272,Mira
2MASS J18552139-0938032,4203173644407751424,Mira
2MASS J17330076-3823564,5961885477050091904,Mira
2MASS J18150448-2315129,4066385361333441536,Mira
Terz V 2013,4053853535727874304,Mira
2MASS J17140880-3925174,5972279882001560704,Mira
IRAS 18541-0440,4255347773240372992,Mira
2MASS J17425330-1849516,4120172267531723264,Mira
2MASS J17164542-2637424,4109020608299887872,Mira
2MASS J18153856-1239552,4153529423057528064,Mira
ASAS J174709-5010.5,5945840819229330560,Mira
OGLE BLG-LPV-115471,4043341453017961088,Mira
2MASS J15220263-5524588,5886792990382537728,Mira
2MASS J18112656-2750100,4050953749985593344,Mira
IRAS 17445-2220,4068990379200361728,Mira
OGLE BLG-LPV-227547,4052531446105819392,Mira
2MASS J18104613-1431350,4146875075617875968,Mira
IRAS 18523-2523,4074009237440921344,Mira
2MASS J18321054-2118290,4091618225455319552,Mira
2MASS J18345131-0320442,4258023743976261248,Mira
2MASS J17115103-4101468,5966049563755627136,Mira
ATO J268.2090-13.4154,4149685015029325568,Mira
IRAS 16149-5036,5934894386411647232,Mira
2MASS J17223918-3218356,5979363893665460480,Mira
OGLE BLG-LPV-67506,4056423304888811904,Mira
2MASS J17442002-3931081,5961120418846590720,Mira
2MASS J14070422-6010071,5867631663805817344,Mira
2MASS J18472083+0724478,4286143410255159296,Mira
2MASS J14303590-5819330,5890987627244666240,Mira
IRAS 18146-1232,4153506058434050176,Mira
2MASS J17503436-2124326,4118590482660345472,Mira
M33SSS J013436.09+304345.1,303374705717986688,Mira
2MASS J15595585-5030430,5981849447087525760,Mira
ATO J275.6859-01.5416,4271220323048457728,Mira
2MASS J16560131-3906284,5970376588692717952,Mira
2MASS J18023075-1742047,4143590593872660736,Mira
V* V645 Sco,5961423476028618880,Mira
IRAS 18246-1919,4093074322474473088,Mira
2MASS J18062416-2915171,4050343795835565696,Mira
2MASS J16180548-5402450,5932198555703079168,Mira
2MASS J15463097-5226078,5885902420308672512,Mira
2MASS J12363644-6336285,6053583441109729152,Mira
2MASS J17462448-2723351,4060729228615541504,Mira
IRAS 17564-3207,4043751089767390720,Mira
IRAS 15151-5924,5876694658949869312,Mira
IRAS 19144+2010,4516650078809131136,Mira
IRAS 16472-4044,5969622976548953728,Mira
IRAS 17196-3028,4059015712853335552,Mira
V* GL TrA,5825518822279090304,Mira
2MASS J16035466-4848190,5983552075192266496,Mira
2MASS J16384334-4627079,5942926357541534464,Mira
2MASS J17485888-2644059,4066781048003018368,Mira
V* AZ Her,4586777170915869952,Mira
V* V823 Aql,4291355404632768768,Mira
2MASS J16282564-4644004,5942153950622876672,Mira
IRAS 17471-3514,4040702934368765440,Mira
2MASS J15100473-5949060,5876546778966344064,Mira
2MASS J14130578-5641109,5895266514199405824,Mira
2MASS J17082062-4435591,5963589234695513216,Mira
2MASS J17375139-3019375,4055471123487262592,Mira
IRAS 18149-0612,4160744968116728192,Mira
2MASS J16383187-4513350,5943417255107704320,Mira
V* AM Pic,4773489844630169216,Mira
2MASS J18333927-0345517,4257724470666828544,Mira
IRAS 17592-2525,4064214341239022592,Mira
V* V5543 Sgr,6736863088082922624,Mira
OGLE BLG669.5  33796,4054433910385275008,Mira
2MASS J17504252-2303138,4068704746774310144,Mira
2MASS J18535879+0727284,4285998029899799296,Mira
IRAS 19177-1208,4187587242393517696,Mira
2MASS J17315027-3140015,4054920199437933824,Mira
2MASS J17451100-2612493,4067056613174623360,Mira
OGLE BLG-LPV-39297,4040049167233570304,Mira
2MASS J18222427-1059090,4154141674924671488,Mira
2MASS J17440383-2616226,4061098084756724480,Mira
IRAS 17307-2606,4062038579482695168,Mira
2MASS J18445249-0553340,4253510661146693504,Mira
IRAS 17244-1703,4124529288506585728,Mira
2MASS J18234051-2253525,4089727443402983552,Mira
IRAS 17258-5151,5925112310631316224,Mira
2MASS J18271297-0737108,4159737196984939392,Mira
IRAS 19397+2608,2021989277801478272,Mira
V* V968 Aql,4211378990394784640,Mira
IRAS 20121+2801,1837029225585294720,Mira
2MASS J18105536-1628415,4145595896906778880,Mira
2MASS J17502250-2826020,4057421558405389696,Mira
IRAS 17035-3350,5978225452446433024,Mira
IRAS 21388+5141,2173064546248509056,Mira
2MASS J16075696-4944575,5983263315962831744,Mira
OGLE BLG-LPV-231081,4089782071028914944,Mira
IRAS 13154-6531,5857994341360039680,Mira
2MASS J18170102-1312373,4153444928147860096,Mira
V* CE Dra,2141261928313265408,Mira
ATO J318.6764+43.2355,1969932758015587328,Mira
2MASS J18553735+1120542,4312136002619474816,Mira
IRAS 15163-5351,5887118789451813632,Mira
2MASS J17320584-2735217,4061241261839650304,Mira
IRAS 22028+5916,2202867186873389696,Mira
2MASS J18455525-0448186,4255148521086576512,Mira
2MASS J14162570-6234532,5854399728547108096,Mira
2MASS J17402450-3927149,5961170794510114688,Mira
2MASS J16392513-4307475,5967655542246415616,Mira
V* SW Peg,1790743668690949120,Mira
2MASS J12075883-6011232,6058817425710759296,Mira
2MASS J18084625-2414035,4065886183009605632,Mira
2MASS J18295829-0730018,4159800178368380544,Mira
2MASS J14252781-5941512,5890765938207023232,Mira
2MASS J18032099-1439076,4147000003296977152,Mira
2MASS J18162581-2100223,4090943949958302464,Mira
2MASS J17230865-2920583,4059337762286580736,Mira
2MASS J16435329-4437448,5943329191075122176,Mira
2MASS J17275483-2757517,4059903946436129664,Mira
2MASS J17140622-3947495,5972218378090329344,Mira
IRAS 17267-2218,4117709876877142528,Mira
2MASS J17041019-4317119,5965409136916811136,Mira
OGLE BLG-LPV-200207,4063139701919255552,Mira
2MASS J10523713-6431296,5241088122465398528,Mira
2MASS J17121657-4121461,5965853477055306880,Mira
2MASS J17343812-2628422,4061967351738383232,Mira
V* TT Ara,6719477197899883264,Mira
OGLE BLG-LPV-164861,4043997788369388160,Mira
OGLE BLG-LPV-75529,4070411699822140032,Mira
IRAS 16533-3531,5977746172812878976,Mira
IRAS 17318-2702,4061371416466529536,Mira
IRAS 17529-3219,4043378527190372096,Mira
2MASS J17220973-3944037,5972372103541649408,Mira
2MASS J15185925-6341331,5825396978315282688,Mira
V* V880 Ara,5925248890595676544,Mira
V* V1107 Cen,5368860341515384960,Mira
ATO J274.8953+01.1887,4276531376523759104,Mira
IRAS 19198+1256,4319109517639181184,Mira
IRAS 17130-2859,4107352580438236288,Mira
IRAS 18101-1028,4157092768435487616,Mira
2MASS J17143621-4009279,5972102890673762176,Mira
2MASS J15313727-5742589,5882252763302867968,Mira
IRAS 12594-6427,5861641180913263872,Mira
V* HM Cas,423496149196123392,Mira
IRAS 19358+0353,4290094196067062528,Mira
2MASS J18045322-1503281,4146775428051734912,Mira
IRAS 17194-2351,4111134758633510912,Mira
2MASS J17391221-2848163,4060209640640769664,Mira
IRAS 19217+0843,4308287368323040384,Mira
2MASS J19074046+0309507,4268958868207714176,Mira
2MASS J19084969+1246276,4313952155317436672,Mira
2MASS J17085115-5101021,5925961202350818560,Mira
IRAS 17371-2142,4117248666185232640,Mira
V* V2117 Sgr,4185285002491613056,Mira
OGLE BLG-LPV-26515,4068348195722183936,Mira
V* V545 Cyg,2034248523213043968,Mira
2MASS J17170990-3915114,5972623371986788608,Mira
V* V845 Aql,4230723110763856512,Mira
Terz V 3122,4068005319925462912,Mira
OGLE BLG-LPV-112081,4056055346462080384,Mira
V* KL Nor,5832026075713591168,Mira
2MASS J16504081-3541174,6019820840643989376,Mira
2MASS J13413266-6349060,5864554577438968576,Mira
2MASS J18074568-1710439,4144041187464175744,Mira
OGLE BLG-LPV-70159,4056474256044749952,Mira
ATO J270.6099-12.2680,4150933407391721728,Mira
2MASS J17420559-3514563,4041301068721947648,Mira
2MASS J17024761-3111119,6028415134601556608,Mira
IRAS F04340-7016,4655654702443508224,Mira
2MASS J18295068-2033433,4091902414849191552,Mira
2MASS J18043814-2715294,4063141350963198464,Mira
2MASS J16584621-3759455,5970560967406637824,Mira
2MASS J16245746-5125516,5934412662863127296,Mira
IRAS 18481-0346,4255333685739474048,Mira
2MASS J17370907-2953069,4059999569577401600,Mira
IRAS 18389-2950,4047300205900560512,Mira
2MASS J18280595-0933284,4156119082185831808,Mira
2MASS J17554928-2639406,4063838617435933056,Mira
2MASS J18064472-1611188,4144363619281170816,Mira
2MASS J18052863-2626425,4063342737780712704,Mira
IRAS 18355-1321,4104657265137470720,Mira
IRAS 18112-1453,4146415303632555776,Mira
2MASS J17360957-1811355,4123388545234961152,Mira
2MASS J17365765-2545567,4062112040613578368,Mira
V* T Oct,6348102680151415424,Mira
2MASS J14513252-6125480,5877777476093303168,Mira
2MASS J17190532-3227424,5979490066966405504,Mira
V* FF Mus,5856466020152435072,Mira
[WWV2004] J1730482-002615,4373658793444323584,Mira
Terz V  664,4112454898494833664,Mira
IRAS 18355+1352,4508763316239108224,Mira
2MASS J19004845-0111149,4265099616769505664,Mira
OGLE BLG-LPV-226979,4064766600943411200,Mira
2MASS J17183157-3005100,4059204313460727936,Mira
2MASS J19401657+2232206,2019938791659915136,Mira
2MASS J17480082-2617421,4066875743436893184,Mira
IRAS 19260+2431,2022876240094474112,Mira
ATO J288.7874+19.8715,4516256350570006912,Mira
2MASS J17022840-4633504,5963103151775230208,Mira
2MASS J17454601-2647175,4060835743795731584,Mira
2MASS J17465150-3254597,4053996717103686144,Mira
IRAS 06316+2040,3372862457779980416,Mira
IRAS 18044-1241,4150672857487933568,Mira
IRAS 22160+5901,2201154693202530560,Mira
IRAS 17433-3226,4054059835948237440,Mira
IRAS 16427-4902,5937895400298919936,Mira
2MASS J17320896-3116256,4058308692493142272,Mira
2MASS J17401542-3411591,4053486023964360448,Mira
2MASS J17475961-3042180,4055994976400889856,Mira
IRAS 18463+0539,4285328706501555840,Mira
2MASS J19500077+2311274,1828210523873920768,Mira
IRAS 17526-2823,4062632139648172032,Mira
OGLE BLG-LPV-110370,4043232635741105664,Mira
SHV 0544152-705643,4657052353573803008,Mira
2MASS J18244757-1213470,4153188540094009472,Mira
2MASS J17325467-2836096,4060368455742777088,Mira
2MASS J17435868-1810324,4120606918269594240,Mira
2MASS J15325502-4821319,5986544602280286720,Mira
IRAS 18431-1438,4102011565231631104,Mira
ASAS J210056+2024.2,1837586334368584960,Mira
2MASS J16301963-4643137,5942110691660025216,Mira
2MASS J18361286+1126404,4480988823583961088,Mira
2MASS J17172270-3333496,5978997176510539392,Mira
IRAS 18322-0321,4258023950120185472,Mira
2MASS J18450381-0640481,4253120128382518656,Mira
2MASS J17551013-2722299,4063602291209065472,Mira
2MASS J17525498-2442157,4067637945539727232,Mira
2MASS J14591420-5817226,5879951244904262400,Mira
2MASS J17440238-2617277,4061097908599568384,Mira
2MASS J17435952-2313227,4068816312819900160,Mira
V* V954 Cas,462886599934346496,Mira
2MASS J17014760-4653061,5963075011142993792,Mira
IRAS 11093-5931,5337783538746759680,Mira
2MASS J18094715-2425170,4065833780065946496,Mira
2MASS J13131412-6750335,5845486846792602496,Mira
IRAS 18117-2459,4065355458141042944,Mira
OGLE BLG-LPV-75168,4056368982117100672,Mira
2MASS J17315530-2122575,4117896789506474624,Mira
OGLE BLG-LPV-20588,4116980110461371392,Mira
2MASS J17154453-3122274,5980452689386329728,Mira
IRAS 18086-2749,4050908532547661184,Mira
FASTT  839,4467873647028253184,Mira
IRAS 17238-2910,4059493175776113408,Mira
2MASS J17291195-3114037,4057992922124324736,Mira
2MASS J19315628+2215529,2018581410202703360,Mira
OGLE BLG-LPV-89737,4043204765614020736,Mira
2MASS J16384304-4127271,5968655204465517056,Mira
2MASS J18110673-3240216,4048738062220710272,Mira
2MASS J13274260-6243496,5865328290053727232,Mira
2MASS J15550399-5515352,5884557064785303808,Mira
IRAS 17312-3033,4058448364852556800,Mira
2MASS J17541825-3730335,4036905594777332992,Mira
2MASS J16490676-4908249,5937708659449907072,Mira
2MASS J17085814-3838041,5973228623066611968,Mira
2MASS J17373385-2611065,4061816787432369536,Mira
2MASS J12595228-6120311,6055683160402785536,Mira
V* V463 Oph,4370892563928747776,Mira
2MASS J18133440-2152369,4090786925953184256,Mira
IRAS 18444-1006,4203271638399537792,Mira
2MASS J17500729-3200438,4055553556819704448,Mira
IRAS 17407-3048,4056670317013186560,Mira
V* PR TrA,5823809459645504640,Mira
2MASS J17581225-2244006,4069514708781089536,Mira
IRAS 20018+2333,1833402486483485056,Mira
2MASS J18425185-1005355,4107238437377053952,Mira
V* V342 Car,5302283812937628800,Mira
IRAS 12374-5010,6079203539489486464,Mira
ATO J304.8125+23.5955,1830361065520296448,Mira
IRAS 17018-4706,5962876514966645248,Mira
2MASS J15204348-4548350,5999967955606095744,Mira
2MASS J17481828-3040166,4055996586974405376,Mira
2MASS J19433633+1752348,1824119516005863168,Mira
OGLE BLG-LPV-47017,4055942131076649728,Mira
IRAS 20298+2911,1860655359640862336,Mira
MACHO 172.31453.457,4052035154067971968,Mira
2MASS J13254985-6920192,5844325144029945088,Mira
IRAS 19267+2138,2018164420436110848,Mira
2MASS J17124304-4252229,5965597978009655424,Mira
2MASS J16324687-4959283,5940379098325194240,Mira
2MASS J15590073-4928152,5984164022118401792,Mira
2MASS J18072832-2626087,4063296725697336576,Mira
ATO J276.2699-04.3880,4257442544696215040,Mira
V* V436 Vel,5359678491716319744,Mira
2MASS J16350076-5107341,5934259560234208640,Mira
IRAS 18060-2117,4093868169808279680,Mira
ATO J264.0568-19.8158,4118529833322889728,Mira
2MASS J18573962-0123037,4265121710035019136,Mira
IRAS 17263-2314,4111423487816680448,Mira
V* V1413 Oph,4129495606384986240,Mira
2MASS J16352769-5542229,5928665554284146304,Mira
OGLE BLG649.24    129,4060607565119418496,Mira
2MASS J17572144-2600460,4064251136154768640,Mira
2MASS J17513353-2534591,4067023249794737408,Mira
ATO J316.8441+42.7520,1969685269113357568,Mira
IRAS 15551-4846,5984240163324347776,Mira
ATO J282.0718-11.0136,4106877621408478848,Mira
2MASS J14541349-6520177,5872995803095905536,Mira
2MASS J17540327-2846410,4056614654288114176,Mira
2MASS J19114230+1452521,4320572246098964096,Mira
IRAS 14118-6239,5853831349815017856,Mira
2MASS J18054860-2311594,4069566282732533888,Mira
2MASS J17434404-3340380,4053831996465786240,Mira
IRAS 11398-5949,5335463534859896832,Mira
2MASS J18483040-0621588,4253236951474180096,Mira
2MASS J16440729-4332547,5967595172191062528,Mira
V* V1346 Aql,4513198986696854400,Mira
2MASS J17540020-2334512,4067863104899481216,Mira
2MASS J17161808-3936184,5972237379029277184,Mira
IRAS 17433-8656,6345573833470145280,Mira
IRAS 18048-2714,4063033908103216640,Mira
2MASS J18264255-0624304,4160162879795034240,Mira
2MASS J12435411-6521533,5861736013776861312,Mira
IRAS 19313-0038,4239105478189977600,Mira
V* V1104 Oph,4477526431417004928,Mira
IRAS 14500-6145,5874745572821181824,Mira
2MASS J17260412-2703005,4109542429639388928,Mira
IRAS 18434-0826,4251629809068544640,Mira
2MASS J15180382-5427203,5887128925575473024,Mira
2MASS J16470959-4431267,5967296482983945728,Mira
IRAS 17264-1119,4165971011281924352,Mira
IRAS 20599+3236,1865419028125805696,Mira
2MASS J16595347-4645359,5963122942985481472,Mira
IRAS 19073-0405,4260552174055060992,Mira
IRAS 20154+7150,2275569507028852352,Mira
2MASS J12042994-6549466,6052871301202987392,Mira
2MASS J17482586-2435451,4068065032758486656,Mira
OGLE LMC-LPV-81961,4657055308511199616,Mira
2MASS J15291672-5800446,5882969644840905216,Mira
ATO J289.7730+23.0088,2022236633548618240,Mira
IRAS 17078-4336,5965186623238946176,Mira
V* V1170 Aql,4247209703515706112,Mira
2MASS J16384658-4807546,5941035884714963200,Mira
IRAS 12491-5936,6056491683753734400,Mira
V* PX Sgr,6763671174424167936,Mira
V* AW Ara,5952142803249414784,Mira
2MASS J18085771-1717370,4144029092836000768,Mira
IRAS 20375-5022,6474979312609764992,Mira
CRTS J164930.3-223704,4126564999883086592,Mira
2MASS J19083062+1055341,4312438845010009984,Mira
2MASS J17395803-2728363,4060870692047443200,Mira
[WWV2004] J0020206+775054,564367159487834752,Mira
OGLE J004618.24-732318.3,4685836399735383296,Mira
2MASS J17411317-3803099,5961587784313404288,Mira
2MASS J14362781-6054352,5878482469181647232,Mira
IRAS 16265-5418,5930488716383995776,Mira
2MASS J17574309-2731441,4063530406277021952,Mira
2MASS J16045944-5652366,5836130964976356992,Mira
2MASS J17473207-4108290,5957776911370741504,Mira
IRAS 17091-4611,5951344248572322816,Mira
2MASS J17131713-4151268,5965776751739429248,Mira
2MASS J16264994-5052144,5934454792244715392,Mira
V* X CrB,1372970619261887104,Mira
ATO J260.8419-19.3987,4122167090844637312,Mira
2MASS J17470825-2713125,4060761496697202944,Mira
V* FG Tel,6655715242985424128,Mira
2MASS J18030543-2439106,4065963595474634240,Mira
IRAS 17233-2947,4059435584462788992,Mira
IRAS 16481-3008,6031061246767755520,Mira
2MASS J15475421-5832072,5834249906742342656,Mira
2MASS J18195774-1300112,4152713271876488832,Mira
2MASS J17443807-2640459,4061022940035568640,Mira
IRAS 09120-4226,5427306359550300800,Mira
IRAS 17207-2630,4109628878746381696,Mira
2MASS J17493437-3848394,4036720846814327808,Mira
IRAS 18326-1609,4102845196877675008,Mira
2MASS J17472270-2706231,4060763970633374592,Mira
IRAS 17151-3215,5979495873762420224,Mira
2MASS J18264913-0824242,4159264544425535872,Mira
2MASS J15472340-5246514,5885840710225044352,Mira
2MASS J17164434-3159436,5980281131266511744,Mira
2MASS J16220118-4833127,5941666179765241984,Mira
2MASS J17024004-4346139,5963877482865197824,Mira
2MASS J17053861-4347554,5965319939008901248,Mira
2MASS J17465588-3229561,4054060179534605056,Mira
2MASS J17294057-3012250,4058605113882643328,Mira
2MASS J19034202+0128240,4267570116256110592,Mira
2MASS J17285331-3129400,4057918194042439040,Mira
2MASS J17223176-3127461,4058105420240481152,Mira
2MASS J08331112-3959518,5528553650846188032,Mira
2MASS J17561370-2315352,4069369195313254016,Mira
2MASS J17135931-4336216,5953192119636243072,Mira
2MASS J18180517-1204114,4153664074559144064,Mira
2MASS J17384144-3331218,4053717475475375872,Mira
2MASS J17352537-3025142,4058457401465211392,Mira
IRAS 18054-1750,4095874847216557312,Mira
V* V417 Oph,4467783727594555264,Mira
IRAS 19430+1640,1820901863947376384,Mira
2MASS J15170392-5328590,5887945519108105984,Mira
2MASS J17401381-3613315,4041141433364500480,Mira
2MASS J17295373-2514114,4110192339728821632,Mira
[T66b]  16,4058701974104449152,Mira
IRAS 19435+2910,2031765443666494080,Mira
IRAS 12499-7047,5842292142709735168,Mira
2MASS J18234336-0143107,4271164076156286208,Mira
SHV 0518353-694048,4658170144601159552,Mira
IRAS 18583-0728,4205367204448698112,Mira
2MASS J16460862-5103435,5937122310570403456,Mira
2MASS J13041625-6335155,5862312638872004224,Mira
2MASS J17414021-2809196,4060630345627746176,Mira
IRAS 16217-4920,5941380203645400960,Mira
V* V1149 Oph,4128810541927973632,Mira
OGLE BLG-LPV-103228,4043653989215521024,Mira
V* HS Ser,4146040030911580928,Mira
IRAS 18252-2037,4092649773441446656,Mira
2MASS J18141808-2155238,4090782390467344896,Mira
V* V2608 Sgr,4073298540640088704,Mira
IRAS 18446-0215,4259121567667650944,Mira
2MASS J17355576-2840162,4060320317678644864,Mira
2MASS J16401248-4447032,5943409421056231040,Mira
V* V1642 Sgr,4072949205169398656,Mira
2MASS J18230431-0822226,4159308353097333504,Mira
IRAS 18540+1027,4311754055423855232,Mira
IRAS 15516-4907,5982739845364282496,Mira
IRAS 12035-6105,6058506293945128064,Mira
2MASS J18184225-1932159,4094556395374987776,Mira
IRAS 17491-3217,4043603922716192256,Mira
V* V1557 Aql,4268445430603899264,Mira
2MASS J19182545+1806135,4514997031782636672,Mira
2MASS J16340443-4024160,6016990422819063040,Mira
2MASS J17393718-2542046,4061948316510210176,Mira
2MASS J17165574-4019438,5971994215154159872,Mira
2MASS J17074098-3317026,5979757415740344704,Mira
2MASS J16323258-4130300,5968790513133070976,Mira
IRAS 16231-5327,5933576866615558144,Mira
2MASS J16345270-4642019,5942858630154456576,Mira
2MASS J17485745-2628260,4066859319492415744,Mira
V* V446 CrA,6729761269438996992,Mira
IRAS 18178-2428,4065269356951407232,Mira
2MASS J18473956-1206021,4105909780643563392,Mira
2MASS J18113480-2118193,4093878340292451072,Mira
IRAS 15460-5539,5884179863531316608,Mira
V* DL Aqr,2684677301022517504,Mira
IRAS 13256-6243,5865306467270830976,Mira
2MASS J17230095-3243488,5979315691255722496,Mira
2MASS J16525328-3507211,6025846576688110208,Mira
IRAS 18185-1338,4152423005111350912,Mira
SHV 0540526-712642,4651020157893618048,Mira
2MASS J17200467-2648471,4108299912783988224,Mira
2MASS J15503084-4124520,5995859767823143424,Mira
2MASS J18183521-2246494,4090433776537015552,Mira
2MASS J17171741-3858196,5972642377252328960,Mira
OGLE BLG-LPV-171972,4043792042258385024,Mira
2MASS J17392096-3607196,4041155417780873728,Mira
IRAS 18538-0206,4264924068489262592,Mira
ASAS J111458-4113.2,5395343865768784512,Mira
ATO J272.7058-09.7559,4157382244923214208,Mira
2MASS J15094936-5847084,5877012422132447872,Mira
2MASS J17521892-2241575,4070218013981436160,Mira
ATO J056.3058+52.6836,443820003156718848,Mira
2MASS J19250000+0743186,4295784477972804480,Mira
2MASS J17384151-2752095,4060480262265425024,Mira
IRAS 16255-1952,6052795847165670016,Mira
2MASS J17325895-3421234,4053597761835748992,Mira
V* V345 CrA,6726107149971824640,Mira
2MASS J14134879-5807226,5892116035411320320,Mira
2MASS J18054700-3144326,4043085988376539648,Mira
ATO J282.4685+09.7521,4311416715847725952,Mira
2MASS J22554884+6348109,2208156284470531712,Mira
2MASS J16575696-3841030,5970412567667074816,Mira
CRTS J104050.2-132624,3751072192621694720,Mira
2MASS J19194099+1741191,4514924876329959424,Mira
IRAS 16163-4523,5990418456607603456,Mira
IRAS 16017-3013,6040045154425031552,Mira
2MASS J17505292-2847367,4057400221006110976,Mira
2MASS J18140256-1433276,4146442138588614400,Mira
2MASS J18115920-2239157,4066669138335186048,Mira
V* V2102 Oph,4108900516654208384,Mira
2MASS J18071317-3431209,4039518348041251456,Mira
2MASS J19160375+1847001,4515279674995752320,Mira
2MASS J18382766-0441019,4256798235218464000,Mira
2MASS J09155687-3959288,5428732735373483008,Mira
2MASS J16445775-4816537,5939480625521019776,Mira
2MASS J17325557-2958099,4058538864010448000,Mira
Terz V 3015,4061950103216719616,Mira
IRAS 19347+2748,2025408346659606144,Mira
2MASS J16212406-5117042,5934802989494075520,Mira
2MASS J18400078-0723139,4252646616746651392,Mira
IRAS 18415-1047,4107052413782985728,Mira
2MASS J17400891-2800465,4060275959298943232,Mira
2MASS J18465279+1013420,4503649796896943616,Mira
2MASS J17584947-2938140,4062270404610441728,Mira
2MASS J18223625-1413394,4152326488606531200,Mira
IRAS 18231-2026,4091216005991500160,Mira
IRAS 16432-4727,5939617514691762176,Mira
IRAS 15313-5052,5889444806299358080,Mira
2MASS J17402959-3413553,4053438783720251648,Mira
2MASS J17344364-1754244,4123441248687167872,Mira
2MASS J17345383-2924401,4058586147418889472,Mira
IRAS F18413-3040,6737330655411941888,Mira
2MASS J18015018-3333037,4042451501455765760,Mira
2MASS J19054337+1547090,4512945446194292224,Mira
2MASS J15453829-5616434,5884058367584715136,Mira
IRAS 18269-0953,4155861281050739456,Mira
[MM63] 9-8,4047827288667058688,Mira
IRAS 15582-5307,5980928571731037824,Mira
IRAS 17300-2615,4061660416212449664,Mira
2MASS J14311089-6940466,5846412188890774528,Mira
2MASS J18140766-1959476,4094618277236008448,Mira
2MASS J17361772-3408296,4053583472528118528,Mira
2MASS J17125501-3710010,5973799853745372416,Mira
2MASS J17255705-3955576,5960381413875604352,Mira
ATO J278.7681-04.8231,4256824967096985856,Mira
IRAS 18205-1714,4096567603957321728,Mira
IRAS 14395-4959,5904508390432130944,Mira
IRAS 18437+0321,4280321599260598400,Mira
V* V581 Cas,2012324123875309952,Mira
IRAS 17567-3744,4037023075131683712,Mira
[WWV2004] J1800106-080957,4170762721623483776,Mira
ATO J289.4126+23.1282,2022435576418633344,Mira
2MASS J17433872-2716157,4060792076901112704,Mira
2MASS J17125981-3606077,5976991014442776064,Mira
2MASS J17033282-3735400,5976402221651799680,Mira
2MASS J19063298+0855112,4307632952699107712,Mira
IRAS 17316-2310,4116678844202041856,Mira
2MASS J15204736-6250068,5874998907113731200,Mira
IRAS 17008-4418,5963781172525691904,Mira
IRAS 16563-3853,5970296088131121664,Mira
2MASS J17364334-3024591,4055475216613075072,Mira
2MASS J18103803-2200475,4069753612031821184,Mira
IRAS 16567-3621,5977451641128100608,Mira
V* WX Lyr,2118982902157792000,Mira
PN K  4-25,4263616478612610176,Mira
OGLE BLG-LPV-25870,4068334005146766720,Mira
2MASS J17405269-2830330,4060197168076736128,Mira
2MASS J17322163-3406511,4053617278162976512,Mira
2MASS J13483788-6233574,5864768191926140032,Mira
ASAS J191421-0519.1,4212054331056835712,Mira
V* GS Oph,4112248946210879616,Mira
IRAS 10317-5812,5351417345469948416,Mira
V* W Mus,5861549367348407552,Mira
2MASS J18211929-0900284,4159158956959450496,Mira
IRAS 17409-1043,4163955026661994752,Mira
2MASS J17544294-2813160,4063388122626210176,Mira
2MASS J17454253-4023491,5958012649159641600,Mira
IRAS 17416-1841,4120153438370690688,Mira
OGLE LMC-LPV-1898,4655408377508186496,Mira
V* V340 Vul,4520485686434605312,Mira
V* X Dra,2257735668942491392,Mira
V* V1913 Oph,4115057128929675904,Mira
OGLE BLG-LPV-225207,4064936720366729472,Mira
2MASS J13364657-6158181,5865747788076535296,Mira
IRAS 16506-2032,4127228207248817792,Mira
2MASS J13155016-6604271,5857895243498362368,Mira
2MASS J17332358-2338514,4116594933377505920,Mira
IRAS 17321-3609,5974737595406550912,Mira
2MASS J18153818-2557056,4064688982522580096,Mira
2MASS J17480215-2502032,4067297092603846016,Mira
IRAS 17466-3306,4041958301712188160,Mira
2MASS J18112938-2912334,4050531468799991680,Mira
IRAS 17054-3712,5976462080648293120,Mira
OGLE BLG-LPV-215540,4064785881051805440,Mira
2MASS J15411011-5312465,5885935336964764672,Mira
2MASS J18110631-3243393,4048737198880116992,Mira
IRAS 16377-5228,5930920721381141632,Mira
2MASS J18035961-2612021,4064113048723121792,Mira
2MASS J20053522+3156268,2031021868884883456,Mira
IRAS 18171-1446,4146282370103453696,Mira
OGLE BLG-LPV-230172,4065592334177291264,Mira
V* V652 Car,5252061179823773312,Mira
2MASS J16274121-5030505,5934560207896293248,Mira
IRAS 18596+0200,4268406569707091328,Mira
2MASS J17495526-4141220,5956953274058751872,Mira
ATO J286.6884-19.6942,4082503789397004672,Mira
IRAS 17595-2535,4064202590207728000,Mira
2MASS J18414551-0516485,4256610012560389376,Mira
2MASS J17043833-4931155,5938201824791579648,Mira
2MASS J18363846-0402404,4257734812963415040,Mira
ATO J266.6985-05.1757,4176112910837951360,Mira
RGC  88,4658768618161805056,Mira
V* V456 Cas,411271435317770112,Mira
OGLE BLG-LPV-95043,4055697451078696448,Mira
2MASS J17452670-2717368,4060781249253506560,Mira
Terz V 1541,4059648378749908480,Mira
2MASS J19140641+0844092,4308831970133309056,Mira
IRAS 16411-4805,5939487360029902976,Mira
IRAS 17295-3110,4055312450224297216,Mira
IRAS 17054-3708,5976464004793728128,Mira
IRAS 06480-1033,3050068315139103360,Mira
IRAS 18233-0201,4270379368454633472,Mira
2MASS J18391590+0134390,4279573278525989120,Mira
2MASS J17584954-1441183,4148555125060286720,Mira
IRAS 18390+2236,4532218201360899968,Mira
2MASS J14150627-6240006,5854026440052456576,Mira
V* MQ CrA,4035482453128046848,Mira
IRAS 13421-5940,5869016567436466048,Mira
2MASS J17402450-3429337,4053407718116155648,Mira
V* V2194 Cyg,2183194518666728064,Mira
V* V1588 Aql,4268950312631897728,Mira
2MASS J18234453-1208415,4153239117632017792,Mira
2MASS J17041952-3501045,5978019882530268672,Mira
IRAS 17509-2023,4119126524545034624,Mira
IRAS 19074-0352,4260573855050439808,Mira
V* V359 Car,5246093477364616832,Mira
IRAS 17219-2137,4120817234166045824,Mira
V* MY Sge,4513348623338747008,Mira
2MASS J19061241+0229302,4268490648021931648,Mira
2MASS J18374720-0357513,4256991371309792512,Mira
2MASS J17474565-3310397,4041967922445488640,Mira
IRAS 18525-1149,4201880996662149760,Mira
OGLE BLG-LPV-232364,4076980628944052096,Mira
IRAS 16025-1846,6248833341559749888,Mira
2MASS J16220534-5327467,5932288921796848000,Mira
IRAS 18442-1723,4099138605757722240,Mira
2MASS J18013268-2509048,4064421319941926912,Mira
2MASS J17120134-3547119,5977014585198742656,Mira
2MASS J18165582-0911404,4157835694700899712,Mira
2MASS J17370469-3447216,4053350852750531456,Mira
OGLE BLG-LPV-110594,4043245417567902592,Mira
IRAS 11390-5726,5342562737817751680,Mira
IRAS 13316-6308,5865059218971050496,Mira
V* GK Gem,3353634404591832576,Mira
V* LO Sge,4513439676648746368,Mira
2MASS J15382994-5106421,5889268128544185344,Mira
2MASS J15062995-5937205,5876590896872559232,Mira
V* BT Her,4534439249206745856,Mira
ATO J292.6249+13.8039,4316613866783292672,Mira
2MASS J16283907-4951466,5940606456699104768,Mira
IRAS 16027-5348,5932809407466429312,Mira
IRAS 17464-2017,4118981221514571904,Mira
ATO J263.0373-21.4459,4117871951791764736,Mira
2MASS J17540388-2255415,4070150050392720640,Mira
2MASS J17422944-2708541,4060891960711839616,Mira
2MASS J17310910-4035409,5959377280535100672,Mira
OGLE BLG-LPV-213968,4063035110652941056,Mira
2MASS J11372084-6453384,5237314976546976896,Mira
IRAS 09320-5816,5305684190102161408,Mira
OGLE BLG-LPV-46499,4056039712782232960,Mira
IRAS 15598-4351,5991435917183071488,Mira
OGLE BLG-LPV-83109,4041693177644326784,Mira
2MASS J18145174-2103022,4093925271357889536,Mira
2MASS J18043073-2506477,4065724795337994496,Mira
IRAS 08334-4448,5522728914980888832,Mira
2MASS J17314568-3833284,5962063769686457088,Mira
2MASS J12393338-6146000,6056218626859384448,Mira
IRAS 18026-3033,4049970099388248064,Mira
2MASS J17341278-3802117,5962106788123950720,Mira
IRAS 16572-3709,5976639686135905024,Mira
2MASS J16295820-3748389,6018605227452043776,Mira
2MASS J18124954-2447226,4065417069510588800,Mira
IRAS 19122-0256,4261032484526792064,Mira
2MASS J17363836-2523532,4062186395092689920,Mira
OGLE LMC-LPV-24564,4652212681366030080,Mira
2MASS J18250151-0939502,4156012498285276672,Mira
2MASS J14414211-5801068,5879407845674145920,Mira
2MASS J17402375-3153447,4055072932778471040,Mira
2MASS J17404222-3610480,4041140505539592448,Mira
2MASS J17322598-2334089,4110641971274398336,Mira
2MASS J16213424-4341148,5992172761791927680,Mira
2MASS J18132007-0833373,4158678367281507968,Mira
2MASS J18075617-1125178,4151099601122494592,Mira
OGLE BLG-LPV-114583,4056287510898280576,Mira
2MASS J16185606-5337285,5932304834697182976,Mira
V* V1534 Oph,4116088921843483904,Mira
IRAS 19315+1556,4321462884861868800,Mira
2MASS J18044401-0915156,4158394384046859776,Mira
2MASS J16432427-4208347,5968184540466423680,Mira
2MASS J17580138-2342173,4069293569525027712,Mira
2MASS J17370504-2919188,4060077669270510464,Mira
[A70] 78-0-29,2057483918288233856,Mira
V* RT Her,4574744287457376768,Mira
V* V1450 Cyg,2034967290248877824,Mira
2MASS J18000487-3644509,4037362922893268736,Mira
IRAS 18185-2534,4053124254574839424,Mira
IRAS 15460-5902,5834167752598984960,Mira
IRAS 09040-5111,5324138427611046400,Mira
OGLE BLG-LPV-216421,4064893800841687040,Mira
2MASS J17521470-2349100,4067832352930813440,Mira
2MASS J17333337-3333265,4054414256593720960,Mira
IRAS 16327-5019,5940309863448794496,Mira
2MASS J18402285-0601209,4253458846648173824,Mira
2MASS J13304507-5937215,5869964793165344896,Mira
2MASS J17062610-3828289,5973291428382130816,Mira
IRAS 13244-6233,5865230296168402688,Mira
2MASS J12042626-6418061,6053997304182532736,Mira
2MASS J17375296-3852239,5961071353093795456,Mira
2MASS J17333372-3438494,4053543409016259328,Mira
2MASS J16310058-4639368,5942131170072496896,Mira
2MASS J19091868+1230374,4313924667524415872,Mira
OGLE BLG-LPV-6956,5960222946783360896,Mira
2MASS J18015479-2606495,4064149882329837184,Mira
OGLE BLG-LPV-19585,4053426070613975040,Mira
IRAS 15560-5412A,5836665052746940800,Mira
IRAS 19083+0537,4305596244851973888,Mira
V* FN Del,1804723817306815104,Mira
IRAS 18287-1629,4102867535103475072,Mira
2MASS J17372603-3008131,4055489544623762560,Mira
2MASS J14021127-5644131,5871504934054559104,Mira
2MASS J16385215-4749594,5941065090494011136,Mira
2MASS J18374532-0249547,4259381366010187136,Mira
2MASS J13313049-6201082,5868386100601697408,Mira
IRAS 19015+1431,4506642873750585216,Mira
2MASS J16551627-3705018,5971457722227562752,Mira
2MASS J12075120-6705004,5860369728778111488,Mira
OGLE BLG920.23  23792,4058162251249883776,Mira
2MASS J19393029+2540291,2021847853118946176,Mira
2MASS J18061640-1454555,4146803779158989568,Mira
2MASS J18430229-2015396,4080196704792737792,Mira
2MASS J17430312-2826281,4060564684163445760,Mira
Terz V 1165,4110661938651229312,Mira
2MASS J17083076-3439445,5977386563817538688,Mira
IRAS 16572-3442,5978251948176894592,Mira
2MASS J17280102-2229515,4111711143243585408,Mira
2MASS J17454327-3056408,4055906289580513408,Mira
V* V389 Lup,6011630612865433344,Mira
2MASS J18182056-0937369,4157604969085298944,Mira
IRAS 17188-2528,4110697019956346112,Mira
2MASS J16060153-5255251,5933299235542495616,Mira
2MASS J19272921+0651255,4295462561607835392,Mira
2MASS J17191527-3038559,4058966127358694912,Mira
2MASS J13290765-6657221,5845646275991138048,Mira
ATO J290.5172+20.6429,4516742162879233408,Mira
IRAS 17388-2450,4068193886157426432,Mira
2MASS J18515456+1353265,4507039174626847360,Mira
2MASS J18000791-2601424,4064075115576166272,Mira
2MASS J17230561-2713543,4108069977414651136,Mira
2MASS J17254080-3256089,5979276345041742080,Mira
V* V488 Aur,212303708073077504,Mira
IRAS 17566-2105,4070816904194135296,Mira
ATO J274.1489-04.3611,4173601248332822656,Mira
V* IR Per,227915914192028928,Mira
2MASS J17483508-3606304,4040264847687512064,Mira
2MASS J18102073-1608401,4145664238428837632,Mira
2MASS J19022120+0126122,4268296923484731392,Mira
2MASS J13221316-6540445,5857975168623475456,Mira
V* IZ Cyg,2071830071162656896,Mira
2MASS J16121048-5301219,5933066452748656000,Mira
2MASS J18231723-2943465,4050997588626047488,Mira
Terz V  729,4112402873500634496,Mira
2MASS J17434571-2553539,4067126810077089024,Mira
OGLE BLG-LPV-222039,4049258131255384064,Mira
2MASS J17491851-2611410,4066872719790758784,Mira
IRAS 17511-4144,5956808512127516672,Mira
2MASS J17452986-3207483,4054271384504850304,Mira
2MASS J20032532+3022344,2030582025547134208,Mira
IRAS 18495-0338,4255705217587598592,Mira
ATO J303.6139+29.5413,1837451609849196288,Mira
2MASS J16414394-3948365,5969394797862860544,Mira
IRAS 18376-2759,4072441540054955648,Mira
2MASS J16322018-4444322,5943879599773863680,Mira
2MASS J17534022-2339283,4067860935911540480,Mira
2MASS J17401156-3216285,4054221120555697536,Mira
2MASS J17373658-3314428,4053774890642013952,Mira
2MASS J13025407-6419464,5862074663326788736,Mira
2MASS J17035911-3405566,5978390310479216512,Mira
IRAS 14528-5134,5900989055557991680,Mira
2MASS J17053211-3305446,5979959936426514304,Mira
IRAS 19140+0219,4267924017243599744,Mira
2MASS J18020604-2024465,4070961597375830400,Mira
2MASS J17553319-1926256,4119337497692318848,Mira
