Star,Gaia_DR3_ID,otype
Gaia DR3 6366949580762470912,6366949580762470912,PulsV*
Gaia DR3 5982220596660953216,5982220596660953216,PulsV*
Gaia DR3 5821151596433958272,5821151596433958272,PulsV*
Gaia DR3 2005062227543876224,2005062227543876224,PulsV*
Gaia DR3 5714604315486434432,5714604315486434432,PulsV*
Gaia DR3 4655091271490533120,4655091271490533120,PulsV*
Gaia DR3 5257440815340133504,5257440815340133504,PulsV*
Gaia DR3 6395471290343201024,6395471290343201024,PulsV*
Gaia DR3 6037069910326497920,6037069910326497920,PulsV*
Gaia DR3 3533150014493013504,3533150014493013504,PulsV*
Gaia DR3 5383420448143015168,5383420448143015168,PulsV*
Gaia DR3 4617327406431115136,4617327406431115136,PulsV*
TYC 7157-597-2,5631238927251365504,PulsV*
TYC 4181-1506-1,1616245297847343616,PulsV*
Gaia DR3 5623141917465811200,5623141917465811200,PulsV*
Gaia DR3 5717634603892217856,5717634603892217856,PulsV*
TYC 7096-417-1,5582416148507880960,PulsV*
Gaia DR3 6066790431180952064,6066790431180952064,PulsV*
HD  60625,3028300252653976704,PulsV*
Gaia DR3 5849869259656064000,5849869259656064000,PulsV*
Gaia DR3 5646142330633009792,5646142330633009792,PulsV*
Gaia DR3 5803684239304642688,5803684239304642688,PulsV*
Gaia DR3 5719146810339430272,5719146810339430272,PulsV*
Gaia DR3 5315002138817653248,5315002138817653248,PulsV*
Gaia DR3 506340055384028160,506340055384028160,PulsV*
LS   I +60  121,427043551666198016,PulsV*
Gaia DR3 6070036155133394688,6070036155133394688,PulsV*
Gaia DR3 1812229053613400064,1812229053613400064,PulsV*
TYC 1877-1224-1,3425381244857249280,PulsV*
ATO J093.1766-18.0984,2942778760769274368,PulsV*
BD+47   985,257970171187488896,PulsV*
Gaia DR3 425991147239454848,425991147239454848,PulsV*
Gaia DR3 5988999433765826688,5988999433765826688,PulsV*
Gaia DR3 5882348416463818880,5882348416463818880,PulsV*
Gaia DR3 5305938623972131584,5305938623972131584,PulsV*
HD    508,429810060361647232,PulsV*
Gaia DR3 202603301098670976,202603301098670976,PulsV*
TYC 7226-368-1,3465158934147080320,PulsV*
TYC 3988-1247-1,2003612517148530176,PulsV*
Gaia DR3 4660678233659690368,4660678233659690368,PulsV*
Gaia DR3 6570403143645204736,6570403143645204736,PulsV*
ATO J110.4156-31.8517,5604877315643674368,PulsV*
LLNS  6264,5332726403694868480,PulsV*
Gaia DR3 5519424783764915840,5519424783764915840,PulsV*
Gaia DR3 5599476170935570432,5599476170935570432,PulsV*
Gaia DR3 4660719946377667200,4660719946377667200,PulsV*
Gaia DR3 5330780920948296704,5330780920948296704,PulsV*
Gaia DR3 4659959324844535424,4659959324844535424,PulsV*
Gaia DR3 5307904035361612160,5307904035361612160,PulsV*
Gaia DR3 3037022193058827136,3037022193058827136,PulsV*
Gaia DR3 1975545597365916928,1975545597365916928,PulsV*
Gaia DR3 5642174571122917376,5642174571122917376,PulsV*
Gaia DR3 5304411883337738752,5304411883337738752,PulsV*
Gaia DR3 5255569068582917760,5255569068582917760,PulsV*
Gaia DR3 4660335289136923264,4660335289136923264,PulsV*
ATO J288.9943-13.0396,4185926979839851008,PulsV*
Gaia DR3 2079606435834866304,2079606435834866304,PulsV*
TYC 7654-334-1,5533841923822931328,PulsV*
Gaia DR3 5829416006878670592,5829416006878670592,PulsV*
HD  42777,2941282875199644160,PulsV*
Gaia DR3 4134362044851130240,4134362044851130240,PulsV*
Gaia DR3 5359103722012711296,5359103722012711296,PulsV*
Gaia DR3 5407682276027439872,5407682276027439872,PulsV*
Gaia DR3 5648097292361094784,5648097292361094784,PulsV*
Gaia DR3 2941346509434974976,2941346509434974976,PulsV*
[DCT2018] F20a 03756,5592501075320439296,PulsV*
Gaia DR3 5610022514668108288,5610022514668108288,PulsV*
ATO J103.8859+11.2892,3159213673327354368,PulsV*
Gaia DR3 5241609497186701824,5241609497186701824,PulsV*
ATO J084.0700+03.6497,3224358088003652992,PulsV*
Gaia DR3 1979112619258527744,1979112619258527744,PulsV*
Gaia DR3 1894672290887810944,1894672290887810944,PulsV*
Gaia DR3 5608782128106173952,5608782128106173952,PulsV*
Gaia DR3 2108511290854429696,2108511290854429696,PulsV*
TYC 7366-1296-1,5979011637616665600,PulsV*
Gaia DR3 3412323895739176704,3412323895739176704,PulsV*
Gaia DR3 5506123716716797184,5506123716716797184,PulsV*
HD 228819,2068372034034865408,PulsV*
Gaia DR3 1465455009038481536,1465455009038481536,PulsV*
TYC 5403-3217-1,3046691951147019520,PulsV*
Gaia DR3 5252170959194315648,5252170959194315648,PulsV*
SK -66  111,4660315772803997696,PulsV*
Gaia DR3 3541620312772631936,3541620312772631936,PulsV*
HD 217241,1914387668244838144,PulsV*
Gaia DR3 6447657204573825664,6447657204573825664,PulsV*
Gaia DR3 5350321647776838400,5350321647776838400,PulsV*
Gaia DR3 5599353300511595648,5599353300511595648,PulsV*
Gaia DR3 6054734144427033088,6054734144427033088,PulsV*
Gaia DR3 6127599368419186816,6127599368419186816,PulsV*
Gaia DR3 4660733277962803328,4660733277962803328,PulsV*
Gaia DR3 5355410767383629184,5355410767383629184,PulsV*
TYC 4851-2185-1,3070672441486041088,PulsV*
Gaia DR3 2920278114301758080,2920278114301758080,PulsV*
Gaia DR3 4690520662841137152,4690520662841137152,PulsV*
Gaia DR3 6451857785668572672,6451857785668572672,PulsV*
Gaia DR3 5613416226029113728,5613416226029113728,PulsV*
Gaia DR3 6071812553625851392,6071812553625851392,PulsV*
Gaia DR3 4655282174193370880,4655282174193370880,PulsV*
Gaia DR3 4221115097129045888,4221115097129045888,PulsV*
Gaia DR3 4662147245594692864,4662147245594692864,PulsV*
Gaia DR3 2047634974184568192,2047634974184568192,PulsV*
Gaia DR3 5699104190834814720,5699104190834814720,PulsV*
Gaia DR3 5353930485457402752,5353930485457402752,PulsV*
Gaia DR3 2928632341094902016,2928632341094902016,PulsV*
Gaia DR3 2924201545447696128,2924201545447696128,PulsV*
ATO J293.3729+40.4468,2053333639851351680,PulsV*
TYC 3676-1908-1,424023674262147072,PulsV*
2MASS J12074132-3848069,3459547851433171328,PulsV*
ATO J107.5738-15.6524,2936030783040281984,PulsV*
Gaia DR3 5597934037160858112,5597934037160858112,PulsV*
Gaia DR3 2901150632065485056,2901150632065485056,PulsV*
TYC  589-1315-1,2743224718950541440,PulsV*
HD 171855,4106247399458197504,PulsV*
Gaia DR3 5309993137494594816,5309993137494594816,PulsV*
Gaia DR3 5250941327212457088,5250941327212457088,PulsV*
UNSW-V 028,4881027373226703232,PulsV*
Gaia DR3 4392914162624372736,4392914162624372736,PulsV*
Gaia DR3 1940405858572996096,1940405858572996096,PulsV*
Gaia DR3 1915782433106103552,1915782433106103552,PulsV*
Gaia DR3 4660948266815847552,4660948266815847552,PulsV*
TYC 3202-1783-1,1956605444420522496,PulsV*
Gaia DR3 356578497130852992,356578497130852992,PulsV*
ATO J115.2454-22.2440,5615984479032786048,PulsV*
ATO J061.5083+26.3494,162623409043659008,PulsV*
Gaia DR3 3043965682002704896,3043965682002704896,PulsV*
Gaia DR3 4040390634313616640,4040390634313616640,PulsV*
Gaia DR3 5716061477631708416,5716061477631708416,PulsV*
Gaia DR3 4592132960774361728,4592132960774361728,PulsV*
[CBH2015] V1553,3451198160134617216,PulsV*
Gaia DR3 6060256548996009856,6060256548996009856,PulsV*
Gaia DR3 3037791580618330880,3037791580618330880,PulsV*
ATO J295.2092+38.6780,2052140772816728448,PulsV*
Gaia DR3 4659853492539604480,4659853492539604480,PulsV*
TYC 2624-102-1,4588603214911445504,PulsV*
Cl* NGC 2168     SB      48,3426261923610950656,PulsV*
Gaia DR3 5866103892398923520,5866103892398923520,PulsV*
Gaia DR3 5644908197549852032,5644908197549852032,PulsV*
Gaia DR3 2003618878007162240,2003618878007162240,PulsV*
Gaia DR3 1963206912237826944,1963206912237826944,PulsV*
TYC 8639-1567-1,5342067575301908096,PulsV*
Gaia DR3 4660689331855899776,4660689331855899776,PulsV*
ATO J307.6016-22.0120,6855941777895556736,PulsV*
Gaia DR3 6082168510031679104,6082168510031679104,PulsV*
Gaia DR3 411925885259313152,411925885259313152,PulsV*
Gaia DR3 1960627801555185664,1960627801555185664,PulsV*
Gaia DR3 6435184894426293888,6435184894426293888,PulsV*
TYC 6557-2730-1,5614500791172199936,PulsV*
Gaia DR3 5820273017926650880,5820273017926650880,PulsV*
TYC 6557-901-1,5698561891088126208,PulsV*
Gaia DR3 4524744614671113216,4524744614671113216,PulsV*
Gaia DR3 2928383714025937920,2928383714025937920,PulsV*
[HCC2011] V29,2164057278280049408,PulsV*
TYC 4514-2487-1,551380552773394432,PulsV*
TYC 8983-2264-1,6053697652892680064,PulsV*
Gaia DR3 5714355379184576000,5714355379184576000,PulsV*
CD-31  4498,5593279838795270400,PulsV*
ATO J112.7621-33.8218,5591654210849387776,PulsV*
Gaia DR3 424582290582917248,424582290582917248,PulsV*
Gaia DR3 6266957485073925760,6266957485073925760,PulsV*
Gaia DR3 6016278729548938368,6016278729548938368,PulsV*
Gaia DR3 5725095202601481728,5725095202601481728,PulsV*
Gaia DR3 4660237535682973568,4660237535682973568,PulsV*
Gaia DR3 5857873837378516736,5857873837378516736,PulsV*
Gaia DR3 191500703260935936,191500703260935936,PulsV*
HD  71349,5528047428823486592,PulsV*
Gaia DR3 5602242885791814016,5602242885791814016,PulsV*
Gaia DR3 5421391051414403584,5421391051414403584,PulsV*
Gaia DR3 6000513107208299392,6000513107208299392,PulsV*
Gaia DR3 2926304670672905216,2926304670672905216,PulsV*
Gaia DR3 6054074957197832576,6054074957197832576,PulsV*
Gaia DR3 3068520761649896960,3068520761649896960,PulsV*
Gaia DR3 6129613158324892160,6129613158324892160,PulsV*
Gaia DR3 5241929038411455616,5241929038411455616,PulsV*
TYC 5999-907-1,5720999483127398528,PulsV*
Gaia DR3 6001840286462739712,6001840286462739712,PulsV*
Gaia DR3 4542752003783319680,4542752003783319680,PulsV*
Gaia DR3 3725433711765308800,3725433711765308800,PulsV*
Gaia DR3 4661537910044222336,4661537910044222336,PulsV*
HD 163463,6432291903238264448,PulsV*
Gaia DR3 5859932849062432384,5859932849062432384,PulsV*
Gaia DR3 4689060305284712704,4689060305284712704,PulsV*
Gaia DR3 5638557585884673152,5638557585884673152,PulsV*
ATO J128.2116-19.5383,5706853166525657344,PulsV*
ATO J118.0748-18.5133,5717446037650183168,PulsV*
Gaia DR3 5355584975587301504,5355584975587301504,PulsV*
Gaia DR3 4660332231120190848,4660332231120190848,PulsV*
Gaia DR3 4632981020333737856,4632981020333737856,PulsV*
Gaia DR3 1094113442297483264,1094113442297483264,PulsV*
Gaia DR3 5869904079500527104,5869904079500527104,PulsV*
Gaia DR3 4300200043640433408,4300200043640433408,PulsV*
Gaia DR3 1801662197116463488,1801662197116463488,PulsV*
Gaia DR3 5611661508549877888,5611661508549877888,PulsV*
HD  60533,5618894302194154496,PulsV*
SDSS J110559.96+011749.4,3805206299722224128,PulsV*
Gaia DR3 2921721532552088576,2921721532552088576,PulsV*
ATO J313.2857-01.1376,4226831183198767488,PulsV*
TYC 3329-1485-1,257086881094699648,PulsV*
HD 194037,1808904744629830144,PulsV*
Gaia DR3 4789935377485651328,4789935377485651328,PulsV*
Gaia DR3 5614270473534722944,5614270473534722944,PulsV*
Gaia DR3 1726641724178463360,1726641724178463360,PulsV*
Gaia DR3 3060779894853007616,3060779894853007616,PulsV*
Gaia DR3 3027500701542405504,3027500701542405504,PulsV*
ATO J101.3217-22.2692,2925642837695341184,PulsV*
TYC 9074-1060-1,6439452545729533568,PulsV*
Gaia DR3 1830677140757776384,1830677140757776384,PulsV*
Gaia DR3 5620049201719961856,5620049201719961856,PulsV*
Gaia DR3 5502861122118365568,5502861122118365568,PulsV*
TYC 8712-1799-1,5933676402380420096,PulsV*
ATO J131.3934-27.3865,5645998741284156288,PulsV*
ATO J083.0476+09.8982,3338166956047632256,PulsV*
ATO J255.2473-21.9165,4126108187177613824,PulsV*
TYC 5974-70-1,2930315654734499328,PulsV*
TYC 8995-943-1,5865408279494732416,PulsV*
Gaia DR3 4541682728725144960,4541682728725144960,PulsV*
TYC 3701-523-1,447336688018792320,PulsV*
Gaia DR3 1934142387505209216,1934142387505209216,PulsV*
TYC 3693-1139-1,505213983678810880,PulsV*
Gaia DR3 5603549208673579264,5603549208673579264,PulsV*
Gaia DR3 5820961380918106880,5820961380918106880,PulsV*
Gaia DR3 5429529572065017728,5429529572065017728,PulsV*
HD 334767,1862463025476750720,PulsV*
TYC 9433-2245-1,5779408358294761984,PulsV*
Gaia DR3 5233807427048077056,5233807427048077056,PulsV*
CPD-57  4968,5341662547039508736,PulsV*
Gaia DR3 5644650568234176640,5644650568234176640,PulsV*
Gaia DR3 5800545202355936896,5800545202355936896,PulsV*
Gaia DR3 281114135036224128,281114135036224128,PulsV*
TYC 4149-660-1,1055849578656570112,PulsV*
Gaia DR3 4660558008935465600,4660558008935465600,PulsV*
Gaia DR3 5917065466071492992,5917065466071492992,PulsV*
Gaia DR3 5922227703202391936,5922227703202391936,PulsV*
Gaia DR3 4660165066648549888,4660165066648549888,PulsV*
Gaia DR3 4663486798689709696,4663486798689709696,PulsV*
ATO J128.4483-13.1835,5746961568296047232,PulsV*
HD 299253,5353922617077113216,PulsV*
Cl* NGC 5139    SAW V284,6083688340037590144,PulsV*
Gaia DR3 4659902906173315456,4659902906173315456,PulsV*
Gaia DR3 5335607467799580288,5335607467799580288,PulsV*
Gaia DR3 261710430568873728,261710430568873728,PulsV*
HD  24579,4627113682690040576,PulsV*
Gaia DR3 1270445764180339584,1270445764180339584,PulsV*
HD 221290,2229091741774097920,PulsV*
Gaia DR3 5511182118740785792,5511182118740785792,PulsV*
Gaia DR3 6264278658132448640,6264278658132448640,PulsV*
Gaia DR3 4662102169928883072,4662102169928883072,PulsV*
Gaia DR3 6030317873828250624,6030317873828250624,PulsV*
HD 328208,5944088713153103616,PulsV*
Gaia DR3 5611970398288767872,5611970398288767872,PulsV*
Gaia DR3 2928745659515353344,2928745659515353344,PulsV*
Gaia DR3 5792691489553550464,5792691489553550464,PulsV*
TYC 3951-2233-1,2182391424198269440,PulsV*
Gaia DR3 4660261312613825536,4660261312613825536,PulsV*
Gaia DR3 5300682236828203008,5300682236828203008,PulsV*
2MASS J12334529+1942547,3949102173883941888,PulsV*
Gaia DR3 5852535163035632896,5852535163035632896,PulsV*
Gaia DR3 4652040126717921280,4652040126717921280,PulsV*
Gaia DR3 4686369387972850688,4686369387972850688,PulsV*
Gaia DR3 5637996701809973888,5637996701809973888,PulsV*
Gaia DR3 4913920431801887488,4913920431801887488,PulsV*
HD 285011,3412368013643215232,PulsV*
Gaia DR3 5242018824757449728,5242018824757449728,PulsV*
BD+38  4328,1872319597465080832,PulsV*
UCAC4 477-000063,2744988812341218688,PulsV*
HD 156300,4108130965943582720,PulsV*
Gaia DR3 4485689682468679296,4485689682468679296,PulsV*
TYC  718-743-1,3339482105096532992,PulsV*
Gaia DR3 5600315888582547712,5600315888582547712,PulsV*
BSD   8-1396,427501876214012544,PulsV*
Gaia DR3 535440451671912192,535440451671912192,PulsV*
Gaia DR3 2012725411264921216,2012725411264921216,PulsV*
Gaia DR3 6390952396335832192,6390952396335832192,PulsV*
Gaia DR3 5611258365734245120,5611258365734245120,PulsV*
Gaia DR3 214546471274831616,214546471274831616,PulsV*
Gaia DR3 4529779033588347520,4529779033588347520,PulsV*
TYC 7107-592-1,5592756883574769664,PulsV*
Gaia DR3 5869996575926594944,5869996575926594944,PulsV*
Gaia DR3 5696778723738554368,5696778723738554368,PulsV*
Gaia DR3 4558947363384593024,4558947363384593024,PulsV*
Gaia DR3 4690553609536380416,4690553609536380416,PulsV*
Gaia DR3 4660316769236478592,4660316769236478592,PulsV*
Gaia DR3 505716872806964608,505716872806964608,PulsV*
Gaia DR3 5413945575289965696,5413945575289965696,PulsV*
Gaia DR3 5619260302125877760,5619260302125877760,PulsV*
ATO J093.2250-09.6092,3004830077438404352,PulsV*
Gaia DR3 5801482879586133504,5801482879586133504,PulsV*
Gaia DR3 5606546374297849472,5606546374297849472,PulsV*
Gaia DR3 4662125122257198592,4662125122257198592,PulsV*
Gaia DR3 6000598250642598400,6000598250642598400,PulsV*
Gaia DR3 4562868050049347072,4562868050049347072,PulsV*
TYC 3742-161-1,283739115968087168,PulsV*
Gaia DR3 6077375738854278656,6077375738854278656,PulsV*
Gaia DR3 4875515796314743552,4875515796314743552,PulsV*
Gaia DR3 5334581275506253312,5334581275506253312,PulsV*
Gaia DR3 5241850839967432960,5241850839967432960,PulsV*
TYC 7130-1919-1,5543746492062311680,PulsV*
Gaia DR3 2922301318779516928,2922301318779516928,PulsV*
Gaia DR3 1819830114974848000,1819830114974848000,PulsV*
Gaia DR3 5869754305391277440,5869754305391277440,PulsV*
Gaia DR3 5338184551254389888,5338184551254389888,PulsV*
Gaia DR3 5436193299722767360,5436193299722767360,PulsV*
Gaia DR3 6059797915211459456,6059797915211459456,PulsV*
[MAA2010] 483,5932353522487068416,PulsV*
Gaia DR3 2948196226360503040,2948196226360503040,PulsV*
HD 137464,6006567258735495936,PulsV*
Gaia DR3 1971754584360223488,1971754584360223488,PulsV*
ATO J119.4910-34.8716,5545586009373556096,PulsV*
Gaia DR3 5505506203497695616,5505506203497695616,PulsV*
Gaia DR3 5231685889312039168,5231685889312039168,PulsV*
Gaia DR3 4660263271118606336,4660263271118606336,PulsV*
Gaia DR3 5794398794893907968,5794398794893907968,PulsV*
TYC 5984-795-1,5716979084500675840,PulsV*
Gaia DR3 1992430556911524992,1992430556911524992,PulsV*
ATO J293.7491-20.6659,6773043033569824256,PulsV*
Gaia DR3 418976159971881216,418976159971881216,PulsV*
Gaia DR3 5242057994839344768,5242057994839344768,PulsV*
BD+62   444,467601816890875904,PulsV*
Gaia DR3 5987434416405955840,5987434416405955840,PulsV*
Gaia DR3 6128344253187358336,6128344253187358336,PulsV*
Gaia DR3 2922317674015701632,2922317674015701632,PulsV*
Gaia DR3 5827296079760218240,5827296079760218240,PulsV*
Gaia DR3 2935817958819129472,2935817958819129472,PulsV*
Gaia DR3 5815214371080347008,5815214371080347008,PulsV*
Gaia DR3 4685946797616422656,4685946797616422656,PulsV*
Gaia DR3 5606568089651202048,5606568089651202048,PulsV*
Gaia DR3 568676489153820288,568676489153820288,PulsV*
Gaia DR3 5355327827294387200,5355327827294387200,PulsV*
Gaia DR3 3347768437040109824,3347768437040109824,PulsV*
Gaia DR3 5542450962431913344,5542450962431913344,PulsV*
Gaia DR3 5710888653382133120,5710888653382133120,PulsV*
Gaia DR3 4686857811649566592,4686857811649566592,PulsV*
TYC 1082-252-1,1802275655884187648,PulsV*
TYC 4759-694-1,3211825579591957376,PulsV*
ATO J078.3874-13.7845,2988236381094203520,PulsV*
Gaia DR3 5611467307306583424,5611467307306583424,PulsV*
HD  34872,479675073037720320,PulsV*
ATO J109.0542+49.5710,979753272251937280,PulsV*
Gaia DR3 5234679305409135488,5234679305409135488,PulsV*
Gaia DR3 5739966608462812288,5739966608462812288,PulsV*
Gaia DR3 5914084135967954560,5914084135967954560,PulsV*
TYC 7644-619-1,5587017948271933056,PulsV*
Gaia DR3 2988619496474468608,2988619496474468608,PulsV*
Gaia DR3 5847590899727174144,5847590899727174144,PulsV*
Gaia DR3 2933840727670508672,2933840727670508672,PulsV*
HD 331969,2054967376694680704,PulsV*
Gaia DR3 5597095144148441344,5597095144148441344,PulsV*
Gaia DR3 5804129300996461824,5804129300996461824,PulsV*
Gaia DR3 5825124166333914496,5825124166333914496,PulsV*
Gaia DR3 5961080531479687296,5961080531479687296,PulsV*
Gaia DR3 5603298004626480128,5603298004626480128,PulsV*
Gaia DR3 455482862289936896,455482862289936896,PulsV*
Gaia DR3 1996505965483925248,1996505965483925248,PulsV*
[CWH2004] CF358-006,4862942193655997568,PulsV*
Gaia DR3 5949194776399381632,5949194776399381632,PulsV*
HD  80378,5427409748006728064,PulsV*
Gaia DR3 5871295300943505920,5871295300943505920,PulsV*
Gaia DR3 2927408928250646016,2927408928250646016,PulsV*
HD  72285,5542319394687356032,PulsV*
Gaia DR3 4148196752988710144,4148196752988710144,PulsV*
Gaia DR3 3071157154310391168,3071157154310391168,PulsV*
Gaia DR3 4149451227032843648,4149451227032843648,PulsV*
Gaia DR3 5358637185486921216,5358637185486921216,PulsV*
Gaia DR3 5813800502198372864,5813800502198372864,PulsV*
Gaia DR3 5706128455221331712,5706128455221331712,PulsV*
Gaia DR3 1822893869754277120,1822893869754277120,PulsV*
Gaia DR3 5307236597443137024,5307236597443137024,PulsV*
Gaia DR3 5708590399193488128,5708590399193488128,PulsV*
Gaia DR3 5354323560860526848,5354323560860526848,PulsV*
Gaia DR3 2932720222244884480,2932720222244884480,PulsV*
Gaia DR3 5849585826173163136,5849585826173163136,PulsV*
ATO J000.9564+45.1600,386528850275478400,PulsV*
V* V1026 Cen,6075295153613836672,PulsV*
Gaia DR3 5606272114860035712,5606272114860035712,PulsV*
TYC 7667-2219-1,5533123663547722496,PulsV*
Gaia DR3 5532078375887126912,5532078375887126912,PulsV*
Gaia DR3 505689419374799360,505689419374799360,PulsV*
Gaia DR3 4662091754641840000,4662091754641840000,PulsV*
Gaia DR3 5609443759231673600,5609443759231673600,PulsV*
Gaia DR3 2928699892342820736,2928699892342820736,PulsV*
TYC 3673-1518-1,411620186661865216,PulsV*
TYC 2659-1050-1,2046363453382291328,PulsV*
TYC 3644-47-1,1990762078075393536,PulsV*
Gaia DR3 4660521450192600064,4660521450192600064,PulsV*
Gaia DR3 5837946430378110336,5837946430378110336,PulsV*
Gaia DR3 5817324368243527808,5817324368243527808,PulsV*
Gaia DR3 1818085563639553664,1818085563639553664,PulsV*
Gaia DR3 6651893516661512704,6651893516661512704,PulsV*
Gaia DR3 5276376260966883200,5276376260966883200,PulsV*
Gaia DR3 5335647565616518144,5335647565616518144,PulsV*
TYC 4010-839-1,2013707068983478784,PulsV*
TYC 7702-1840-1,5419182888468857472,PulsV*
V* V398 Sco,4040163963119490944,PulsV*
Gaia DR3 5808160763462617856,5808160763462617856,PulsV*
Cl* NGC 7092   PLAT    1380,2170880572555368448,PulsV*
Gaia DR3 420401023962481792,420401023962481792,PulsV*
Gaia DR3 4662545028296805760,4662545028296805760,PulsV*
Gaia DR3 2698628660470880384,2698628660470880384,PulsV*
Gaia DR3 5725121693960380416,5725121693960380416,PulsV*
TYC 7719-778-1,5414829445201238016,PulsV*
Gaia DR3 5253622142746611072,5253622142746611072,PulsV*
Gaia DR3 5850752270543323904,5850752270543323904,PulsV*
Gaia DR3 5821783197147201920,5821783197147201920,PulsV*
HD 303575,5338757774767670144,PulsV*
Gaia DR3 1806796469749448704,1806796469749448704,PulsV*
ATO J133.0536-24.0529,5653091931306280320,PulsV*
Gaia DR3 2191906121091008896,2191906121091008896,PulsV*
Gaia DR3 5547027159885847680,5547027159885847680,PulsV*
Gaia DR3 5349385447965627776,5349385447965627776,PulsV*
HD 196655,1857714990669361024,PulsV*
Gaia DR3 6125102201410742912,6125102201410742912,PulsV*
Gaia DR3 4469141177775281152,4469141177775281152,PulsV*
Gaia DR3 3390775559483529856,3390775559483529856,PulsV*
Gaia DR3 2031689920957621632,2031689920957621632,PulsV*
TYC 8688-903-1,5879378326312737536,PulsV*
Gaia DR3 5362801207809883008,5362801207809883008,PulsV*
Gaia DR3 4463572804212157696,4463572804212157696,PulsV*
Gaia DR3 5255163344473645440,5255163344473645440,PulsV*
Gaia DR3 6781268338318068480,6781268338318068480,PulsV*
TYC 6011-1542-1,5710107244203510400,PulsV*
Gaia DR3 3594880445567069696,3594880445567069696,PulsV*
Gaia DR3 5253645747890374272,5253645747890374272,PulsV*
Gaia DR3 2010090775246691840,2010090775246691840,PulsV*
Gaia DR3 5831328710446352768,5831328710446352768,PulsV*
Gaia DR3 5868391147139703040,5868391147139703040,PulsV*
Gaia DR3 5917360203908605184,5917360203908605184,PulsV*
Gaia DR3 5437126544576334464,5437126544576334464,PulsV*
Gaia DR3 5259811602905731456,5259811602905731456,PulsV*
TYC 9213-1560-1,5242747800913249152,PulsV*
Gaia DR3 5940229461628440960,5940229461628440960,PulsV*
TYC 5965-1343-1,3032065667663408768,PulsV*
Gaia DR3 5348710176030700800,5348710176030700800,PulsV*
Gaia DR3 6384706139497496320,6384706139497496320,PulsV*
Gaia DR3 1982452901205536640,1982452901205536640,PulsV*
Gaia DR3 5698773547071567488,5698773547071567488,PulsV*
Gaia DR3 4685704625814820992,4685704625814820992,PulsV*
HD 252480,3426289819419474560,PulsV*
V* CE Cru,6055126536955490944,PulsV*
Gaia DR3 5242067065812012160,5242067065812012160,PulsV*
Gaia DR3 5713256142431971712,5713256142431971712,PulsV*
HD   2577,430184615869473152,PulsV*
*  29 Ser,1195918873183569152,PulsV*
TYC 4057-1665-1,490933114334130944,PulsV*
Cl* IC 2488    CPL      39,5306635439459571840,PulsV*
TYC 8645-1624-1,6059067117923698688,PulsV*
HD  13741,4968234309052976640,PulsV*
HD  67531,5532851229489844992,PulsV*
UCAC4 410-140460,6894862354916759936,PulsV*
Gaia DR3 283235535345319424,283235535345319424,PulsV*
Gaia DR3 6134565255616141568,6134565255616141568,PulsV*
Gaia DR3 5643765701889058560,5643765701889058560,PulsV*
Gaia DR3 337482832016086144,337482832016086144,PulsV*
Gaia DR3 5835848699734264192,5835848699734264192,PulsV*
TYC 6579-1947-1,5646225515557102848,PulsV*
Gaia DR3 5694082068402468736,5694082068402468736,PulsV*
Gaia DR3 4619941357887690880,4619941357887690880,PulsV*
Gaia DR3 4662177349048937856,4662177349048937856,PulsV*
TYC 7120-1069-1,5597027008785386880,PulsV*
ATO J322.6300+44.1426,1970943076058236800,PulsV*
ATO J099.4928-22.7653,2926291343395348352,PulsV*
Gaia DR3 5921925891567892608,5921925891567892608,PulsV*
Gaia DR3 5995920481502108416,5995920481502108416,PulsV*
Gaia DR3 5626212990878488320,5626212990878488320,PulsV*
HD 108659,5859871207681422592,PulsV*
Gaia DR3 5233764550407754240,5233764550407754240,PulsV*
Gaia DR3 5711472150458296576,5711472150458296576,PulsV*
Gaia DR3 5605519396070632192,5605519396070632192,PulsV*
Gaia DR3 2025765413037533312,2025765413037533312,PulsV*
Gaia DR3 3483993911929150848,3483993911929150848,PulsV*
Gaia DR3 5520551027269513472,5520551027269513472,PulsV*
Gaia DR3 5416909892996348160,5416909892996348160,PulsV*
Gaia DR3 5932598576178201600,5932598576178201600,PulsV*
Gaia DR3 5591050097927140736,5591050097927140736,PulsV*
Gaia DR3 3038752381977990016,3038752381977990016,PulsV*
Gaia DR3 4660341817487785984,4660341817487785984,PulsV*
Gaia DR3 1935719190258135040,1935719190258135040,PulsV*
Gaia DR3 1984017712411073536,1984017712411073536,PulsV*
CD-51 10858,5924953328123871104,PulsV*
Gaia DR3 5945011478217930880,5945011478217930880,PulsV*
BSD   8-487,426575915626086272,PulsV*
Gaia DR3 5240814859508663296,5240814859508663296,PulsV*
Gaia DR3 5606051005645558016,5606051005645558016,PulsV*
Gaia DR3 5697280719527051776,5697280719527051776,PulsV*
Gaia DR3 5337953722533620736,5337953722533620736,PulsV*
Gaia DR3 4660297115464396672,4660297115464396672,PulsV*
Gaia DR3 5237858238357827200,5237858238357827200,PulsV*
Gaia DR3 5357997475878077440,5357997475878077440,PulsV*
Gaia DR3 4570975432178661888,4570975432178661888,PulsV*
HD 332565,2031383878766280576,PulsV*
Gaia DR3 5830597947514533888,5830597947514533888,PulsV*
Gaia DR3 5342527931411278592,5342527931411278592,PulsV*
Gaia DR3 456635120420592640,456635120420592640,PulsV*
Gaia DR3 5638734989515707136,5638734989515707136,PulsV*
TYC  682-732-1,3292296739686114304,PulsV*
HD 167764,4530002754147772544,PulsV*
Gaia DR3 6066866744161984512,6066866744161984512,PulsV*
HD  92875,5350381605522196608,PulsV*
ATO J344.0701+47.8209,1984751567702933376,PulsV*
HD 140445,5987840342362277376,PulsV*
Gaia DR3 5435143914654503936,5435143914654503936,PulsV*
Gaia DR3 4660706924036823552,4660706924036823552,PulsV*
TYC 7657-2396-1,5531825999307605632,PulsV*
Gaia DR3 1864853707352383744,1864853707352383744,PulsV*
Gaia DR3 4488628887506148096,4488628887506148096,PulsV*
HD  67914,5725168251407153920,PulsV*
Gaia DR3 4230321819083792768,4230321819083792768,PulsV*
Gaia DR3 5703772236161602048,5703772236161602048,PulsV*
TYC 9004-626-1,5867166913984586368,PulsV*
Gaia DR3 2001857426016627072,2001857426016627072,PulsV*
Gaia DR3 4659460077869856000,4659460077869856000,PulsV*
Gaia DR3 5332358891979787136,5332358891979787136,PulsV*
TYC 7109-4048-1,5592312783959212032,PulsV*
Gaia DR3 5855153134533931136,5855153134533931136,PulsV*
Gaia DR3 5396425991367802368,5396425991367802368,PulsV*
Gaia DR3 5825663889092339072,5825663889092339072,PulsV*
Gaia DR3 5611085570610446336,5611085570610446336,PulsV*
Gaia DR3 6446311058744717440,6446311058744717440,PulsV*
Gaia DR3 3288371242656731264,3288371242656731264,PulsV*
Gaia DR3 2930561537327854464,2930561537327854464,PulsV*
TYC 5410-1943-1,3041703952226602624,PulsV*
Gaia DR3 5869582953397453312,5869582953397453312,PulsV*
NSVS    381435,545369385266426880,PulsV*
CD-50  6798,6125828226987379200,PulsV*
Gaia DR3 5949253978227033984,5949253978227033984,PulsV*
Gaia DR3 1979588673430593664,1979588673430593664,PulsV*
TYC 9021-284-1,5876336149440937728,PulsV*
Gaia DR3 5340644502351463552,5340644502351463552,PulsV*
Gaia DR3 1989525097440194176,1989525097440194176,PulsV*
Gaia DR3 6788372081084228224,6788372081084228224,PulsV*
ATO J112.8540-13.4182,3033387624236856320,PulsV*
Gaia DR3 6061097228700386560,6061097228700386560,PulsV*
Gaia DR3 3171289300296176128,3171289300296176128,PulsV*
SDSS J161809.41+062636.6,4438188963378394880,PulsV*
HD 115913,6082487849440763136,PulsV*
Gaia DR3 5434917522635858304,5434917522635858304,PulsV*
Gaia DR3 2237925458711381504,2237925458711381504,PulsV*
Gaia DR3 4688838581876342016,4688838581876342016,PulsV*
TYC 2683-2384-1,2059103803855697024,PulsV*
Gaia DR3 6139251266791951232,6139251266791951232,PulsV*
ATO J298.9426+13.1162,4305048653711896192,PulsV*
Gaia DR3 4655306191690847360,4655306191690847360,PulsV*
2MASS J23073872-7252249,6379276927174701824,PulsV*
Gaia DR3 5697275737365029888,5697275737365029888,PulsV*
Gaia DR3 5246728823279832576,5246728823279832576,PulsV*
Gaia DR3 5354169354356614144,5354169354356614144,PulsV*
Gaia DR3 2025995039162444160,2025995039162444160,PulsV*
Gaia DR3 4881579873522851712,4881579873522851712,PulsV*
Gaia DR3 4526149756158685056,4526149756158685056,PulsV*
Gaia DR3 5641354232367389696,5641354232367389696,PulsV*
Gaia DR3 6075091189902274816,6075091189902274816,PulsV*
HD 354314,1820098223996081408,PulsV*
Gaia DR3 4660694004780389888,4660694004780389888,PulsV*
Gaia DR3 597265921778366080,597265921778366080,PulsV*
HD  11494,504750883121083648,PulsV*
TYC 9012-1423-1,5852265503443164800,PulsV*
Gaia DR3 3033522829806180736,3033522829806180736,PulsV*
Gaia DR3 5922461486860843648,5922461486860843648,PulsV*
TYC 2236-1208-1,2839316640739431808,PulsV*
Gaia DR3 3033846258023829504,3033846258023829504,PulsV*
SDSS J001600.93+351450.9,2876236007816067328,PulsV*
Gaia DR3 4036272314763414400,4036272314763414400,PulsV*
Gaia DR3 4660446442879369344,4660446442879369344,PulsV*
Gaia DR3 4660267325568697984,4660267325568697984,PulsV*
Gaia DR3 5242015423143323008,5242015423143323008,PulsV*
Gaia DR3 3211853136102008320,3211853136102008320,PulsV*
Gaia DR3 5644340471595443584,5644340471595443584,PulsV*
Gaia DR3 5847410751614524544,5847410751614524544,PulsV*
[MAA2010] 995,5932304181861925888,PulsV*
Gaia DR3 4660278419422351872,4660278419422351872,PulsV*
BOKS 3136,2128051845866346112,PulsV*
Gaia DR3 4655284712487774208,4655284712487774208,PulsV*
Gaia DR3 2116882938028199296,2116882938028199296,PulsV*
Gaia DR3 4660256674047947392,4660256674047947392,PulsV*
GSC 08152-00394,5331155064138859648,PulsV*
TYC 8673-1063-1,5871237782746899200,PulsV*
HD  77840,5729270353189000448,PulsV*
ATO J113.9723-17.1721,3027116319149050880,PulsV*
Gaia DR3 4687481333532860416,4687481333532860416,PulsV*
Gaia DR3 5335364681883929728,5335364681883929728,PulsV*
Gaia DR3 6073706599835857408,6073706599835857408,PulsV*
Gaia DR3 4475489757912843392,4475489757912843392,PulsV*
HD 159231,4118280209826596736,PulsV*
Gaia DR3 5824997550689596288,5824997550689596288,PulsV*
TYC 3591-363-1,1977237333451218944,PulsV*
HD 155065,5951323980661753088,PulsV*
Gaia DR3 6727585168438767232,6727585168438767232,PulsV*
TYC 8350-579-1,5949851150464919168,PulsV*
Gaia DR3 5342530400983224704,5342530400983224704,PulsV*
Gaia DR3 2700848956698710656,2700848956698710656,PulsV*
ATO J083.8686-20.9327,2965356162595773696,PulsV*
Gaia DR3 5644404793028029440,5644404793028029440,PulsV*
* tet Men,5211241295215037696,PulsV*
Gaia DR3 5297064431243660544,5297064431243660544,PulsV*
[MAA2010] 1082,5932317616583475712,PulsV*
TYC 8636-1831-1,6076555503185166720,PulsV*
Gaia DR3 1973269367778946176,1973269367778946176,PulsV*
TYC 4332-534-1,494215637577215360,PulsV*
Gaia DR3 5821781204281605248,5821781204281605248,PulsV*
Gaia DR3 6400725130561494784,6400725130561494784,PulsV*
HD   5648,4709841590398585216,PulsV*
Gaia DR3 5046794144276313728,5046794144276313728,PulsV*
Gaia DR3 5950900183312398848,5950900183312398848,PulsV*
Gaia DR3 417486974549737984,417486974549737984,PulsV*
Gaia DR3 2993702435653277312,2993702435653277312,PulsV*
Gaia DR3 5309075461916250112,5309075461916250112,PulsV*
Gaia DR3 5602538070291309184,5602538070291309184,PulsV*
Gaia DR3 5817842032077762304,5817842032077762304,PulsV*
Gaia DR3 5355899538986446208,5355899538986446208,PulsV*
TYC 8573-1827-1,5316969027684178688,PulsV*
ATO J104.4549+21.5551,3366365271772611072,PulsV*
Gaia DR3 4660324117876894208,4660324117876894208,PulsV*
BD+19   572,57295623939706496,PulsV*
ATO J109.0808-19.2101,2930976980918238336,PulsV*
Gaia DR3 574162914737239040,574162914737239040,PulsV*
UCAC4 649-071467,2052476398740182144,PulsV*
Gaia DR3 5601953886030898432,5601953886030898432,PulsV*
ATO J167.3917-17.2054,3559102204056751744,PulsV*
TYC 2668-196-1,2047849615142687104,PulsV*
Gaia DR3 241693069770310912,241693069770310912,PulsV*
Gaia DR3 5349468186214747008,5349468186214747008,PulsV*
ATO J079.4490+16.5655,3394314616830612096,PulsV*
Gaia DR3 5697486603073975296,5697486603073975296,PulsV*
Gaia DR3 3448550433055666944,3448550433055666944,PulsV*
HD 345983,1830546401959155072,PulsV*
Gaia DR3 5930588943752548992,5930588943752548992,PulsV*
Gaia DR3 2675126255829118592,2675126255829118592,PulsV*
Gaia DR3 1811974409299901184,1811974409299901184,PulsV*
Gaia DR3 4688844629190130048,4688844629190130048,PulsV*
TYC 2638-2262-1,2089812411999077760,PulsV*
BD+48  3140,2083944146650296832,PulsV*
Gaia DR3 5432212616653649920,5432212616653649920,PulsV*
Gaia DR3 5923378415164547456,5923378415164547456,PulsV*
Gaia DR3 6034680495451224704,6034680495451224704,PulsV*
TYC 9014-1065-1,5852584915934717440,PulsV*
Gaia DR3 2002765072867072384,2002765072867072384,PulsV*
TYC 8691-1023-1,5878839123261387264,PulsV*
Gaia DR3 1808677558041329536,1808677558041329536,PulsV*
TYC 5969-2179-1,2931389607018266496,PulsV*
Gaia DR3 2372404698676683776,2372404698676683776,PulsV*
ATO J176.2108-16.3937,3547618320500926080,PulsV*
Gaia DR3 6785657829253897344,6785657829253897344,PulsV*
ATO J246.3580+13.6681,4463669870473210624,PulsV*
TYC 6540-2605-1,5615645039177033472,PulsV*
Gaia DR3 6039914587417892608,6039914587417892608,PulsV*
Gaia DR3 5798186440661483008,5798186440661483008,PulsV*
TYC 8948-348-1,5248782023813880576,PulsV*
Gaia DR3 5648953850580151808,5648953850580151808,PulsV*
Gaia DR3 4451977079708836736,4451977079708836736,PulsV*
TYC 5977-395-1,2928088185919011840,PulsV*
Gaia DR3 5639109270144413696,5639109270144413696,PulsV*
BD+49    47,394534944195899520,PulsV*
ATO J114.7574-09.5606,3041256107398617344,PulsV*
Gaia DR3 2925278487024027904,2925278487024027904,PulsV*
Gaia DR3 5871588462573468928,5871588462573468928,PulsV*
Gaia DR3 1342408284817833216,1342408284817833216,PulsV*
Gaia DR3 5718777202634157952,5718777202634157952,PulsV*
Gaia DR3 5821876243312236160,5821876243312236160,PulsV*
Gaia DR3 4544611003066914560,4544611003066914560,PulsV*
Gaia DR3 5599125907760230784,5599125907760230784,PulsV*
Gaia DR3 5333233484744400384,5333233484744400384,PulsV*
Gaia DR3 1200032760358722048,1200032760358722048,PulsV*
CPD-78   799,5784834246319204096,PulsV*
HD 342088,4529637029092337536,PulsV*
Gaia DR3 4411067202682030080,4411067202682030080,PulsV*
Gaia DR3 5508316413482715648,5508316413482715648,PulsV*
Gaia DR3 5412594584742573952,5412594584742573952,PulsV*
V* IN Dra,2251359394856177408,PulsV*
Gaia DR3 2925360847323024640,2925360847323024640,PulsV*
TYC 6569-4151-1,5696983232899694720,PulsV*
ATO J121.7955-28.6294,5597610093546202752,PulsV*
Gaia DR3 2075787591437575680,2075787591437575680,PulsV*
Gaia DR3 5917227850191884160,5917227850191884160,PulsV*
Gaia DR3 5726234915123712896,5726234915123712896,PulsV*
TYC 7126-1964-1,5547160617415944832,PulsV*
Gaia DR3 3443862695290728960,3443862695290728960,PulsV*
Gaia DR3 5822256021512965248,5822256021512965248,PulsV*
Gaia DR3 5949480065275615232,5949480065275615232,PulsV*
Gaia DR3 5300341800539710080,5300341800539710080,PulsV*
Gaia DR3 5614364928461632384,5614364928461632384,PulsV*
Gaia DR3 5355731073190688768,5355731073190688768,PulsV*
Gaia DR3 1113414643072210816,1113414643072210816,PulsV*
ATO J116.5342-19.8451,5715755744681588608,PulsV*
Gaia DR3 2872488184994868224,2872488184994868224,PulsV*
Gaia DR3 4658879909354532736,4658879909354532736,PulsV*
TYC 5916-663-1,2971682889940839936,PulsV*
Gaia DR3 5857678948944642176,5857678948944642176,PulsV*
Gaia DR3 6126351903765103360,6126351903765103360,PulsV*
Gaia DR3 5836323306399384704,5836323306399384704,PulsV*
Gaia DR3 5627841715497539840,5627841715497539840,PulsV*
Gaia DR3 1870046185379430656,1870046185379430656,PulsV*
Gaia DR3 2924378017064400384,2924378017064400384,PulsV*
Gaia DR3 5693567428236731776,5693567428236731776,PulsV*
Gaia DR3 3032825464554937600,3032825464554937600,PulsV*
TYC 2695-1660-1,1869473614700236416,PulsV*
[DCT2018] F20d 27864,5613244564775379328,PulsV*
Gaia DR3 3037679086833269376,3037679086833269376,PulsV*
ATO J106.0818-25.4627,5611340519869935616,PulsV*
HD  36072,3400473634292608128,PulsV*
TYC 2708-621-1,1946980216555752064,PulsV*
Gaia DR3 5602259756423064832,5602259756423064832,PulsV*
Gaia DR3 4660450634772852864,4660450634772852864,PulsV*
Gaia DR3 1844000507249005824,1844000507249005824,PulsV*
Gaia DR3 4687456938165402496,4687456938165402496,PulsV*
Gaia DR3 5604778909351876480,5604778909351876480,PulsV*
TYC 4520-265-1,569168378872030976,PulsV*
Gaia DR3 5351046122879395200,5351046122879395200,PulsV*
Gaia DR3 2921523513081507456,2921523513081507456,PulsV*
TYC 4050-412-1,514348520122424320,PulsV*
Gaia DR3 5201725292658235904,5201725292658235904,PulsV*
TYC 9061-2281-1,5813650934256178048,PulsV*
TYC 3662-2085-1,424962347952319616,PulsV*
Gaia DR3 5825564245853134208,5825564245853134208,PulsV*
Gaia DR3 4691673019743783296,4691673019743783296,PulsV*
ATO J300.4102+39.5213,2074002603050111744,PulsV*
Gaia DR3 511329742225613056,511329742225613056,PulsV*
TYC 8978-2349-1,6057636962542569856,PulsV*
BD-06   853,3202411320517500544,PulsV*
Gaia DR3 1151220976731906048,1151220976731906048,PulsV*
HD  25821,225738949891667712,PulsV*
ATO J102.4291-33.4061,5582861966113336064,PulsV*
Gaia DR3 2234577548883964416,2234577548883964416,PulsV*
TYC 6537-918-1,5617689748539809280,PulsV*
HD  74815,597069349715309440,PulsV*
Gaia DR3 5851950669540704512,5851950669540704512,PulsV*
Gaia DR3 4663497587648555520,4663497587648555520,PulsV*
TYC 3637-1259-1,1939170969574324096,PulsV*
Gaia DR3 5790964504684316544,5790964504684316544,PulsV*
TYC 3617-1336-1,1980397913979299968,PulsV*
TYC 4477-1469-1,2212938232336700032,PulsV*
Gaia DR3 1865124148545361792,1865124148545361792,PulsV*
TYC 8600-3751-1,5355779142458377216,PulsV*
HD  31040,3233556739720492160,PulsV*
Gaia DR3 5369100447364261760,5369100447364261760,PulsV*
ATO J346.4337+38.5871,1917769491134529792,PulsV*
Gaia DR3 2039016383551255552,2039016383551255552,PulsV*
Gaia DR3 5610055220831750272,5610055220831750272,PulsV*
Gaia DR3 4043914367303746688,4043914367303746688,PulsV*
ATO J110.6306-10.0251,3047351181391500672,PulsV*
ATO J102.1725-22.3100,2925944997233393408,PulsV*
Gaia DR3 1992878058144939520,1992878058144939520,PulsV*
Gaia DR3 4372231249395822208,4372231249395822208,PulsV*
Gaia DR3 6450112203584337024,6450112203584337024,PulsV*
BD-08  1896,3047698901944966912,PulsV*
Gaia DR3 2939440712192171648,2939440712192171648,PulsV*
Gaia DR3 4662132543955931904,4662132543955931904,PulsV*
Gaia DR3 5778693229061486336,5778693229061486336,PulsV*
Gaia DR3 5234906530672373248,5234906530672373248,PulsV*
Gaia DR3 5596559437160639488,5596559437160639488,PulsV*
TYC 3275-1080-1,404569052950366464,PulsV*
Gaia DR3 5948271285368854400,5948271285368854400,PulsV*
Gaia DR3 4660363979520730112,4660363979520730112,PulsV*
Gaia DR3 5916615456566121856,5916615456566121856,PulsV*
HD 326009,5968293396421558016,PulsV*
Gaia DR3 569688280369255296,569688280369255296,PulsV*
Gaia DR3 5647337671569322368,5647337671569322368,PulsV*
Gaia DR3 5822116314814452608,5822116314814452608,PulsV*
Gaia DR3 5791428739110948096,5791428739110948096,PulsV*
Gaia DR3 2919151870798358784,2919151870798358784,PulsV*
ATO J025.1814-14.0061,2453931149413273472,PulsV*
TYC 9016-1643-1,5851485434305566976,PulsV*
Gaia DR3 5821854493599788032,5821854493599788032,PulsV*
Gaia DR3 5872764458973791360,5872764458973791360,PulsV*
Gaia DR3 6003215569344753152,6003215569344753152,PulsV*
Gaia DR3 2047915693240100352,2047915693240100352,PulsV*
HD 301165,5352536407795967488,PulsV*
2MASS J05205749-6527225,4660631710575778688,PulsV*
Gaia DR3 5810618240670204672,5810618240670204672,PulsV*
Gaia DR3 5595881283310958208,5595881283310958208,PulsV*
Gaia DR3 6064892021278540928,6064892021278540928,PulsV*
TYC 6590-652-1,5650917303465010560,PulsV*
Gaia DR2 5596675543025592960,5596675543025592960,PulsV*
Gaia DR3 4660538492607763712,4660538492607763712,PulsV*
HD 345355,1827066069715096064,PulsV*
Gaia DR3 4657876712431405440,4657876712431405440,PulsV*
Gaia DR3 5717199266008833152,5717199266008833152,PulsV*
Gaia DR3 1973425360989302400,1973425360989302400,PulsV*
Gaia DR3 4380703437460726656,4380703437460726656,PulsV*
Gaia DR3 535004735830263680,535004735830263680,PulsV*
Gaia DR3 5825925190576870144,5825925190576870144,PulsV*
Gaia DR3 5193559185439389824,5193559185439389824,PulsV*
Gaia DR3 6031420306047522688,6031420306047522688,PulsV*
HD 209569,1976607519444902272,PulsV*
Gaia DR3 5604235029051113728,5604235029051113728,PulsV*
Gaia DR3 5646701844612736000,5646701844612736000,PulsV*
ATO J096.3691+42.3687,958635845771531520,PulsV*
UNSW-V 635,6436518872611822080,PulsV*
Gaia DR3 5593216101478829440,5593216101478829440,PulsV*
Gaia DR3 3030026348471445632,3030026348471445632,PulsV*
Gaia DR3 5614418499604189696,5614418499604189696,PulsV*
Gaia DR3 5922846762605751168,5922846762605751168,PulsV*
Gaia DR3 2033047581642985984,2033047581642985984,PulsV*
ATO J286.8393+28.6713,2037738441799737984,PulsV*
Gaia DR3 4660344566267140352,4660344566267140352,PulsV*
Gaia DR3 6726438206024453632,6726438206024453632,PulsV*
Gaia DR3 2930769585538539264,2930769585538539264,PulsV*
TYC 8990-656-1,5869763032765816192,PulsV*
Gaia DR3 5924348871613599232,5924348871613599232,PulsV*
Gaia DR3 5546561795894939392,5546561795894939392,PulsV*
TYC 7700-1955-1,5425520683950915456,PulsV*
UCAC4 176-195706,5922901085352852224,PulsV*
Gaia DR3 5860832215230709120,5860832215230709120,PulsV*
Gaia DR3 4660334361423924608,4660334361423924608,PulsV*
Gaia DR3 3054615173676506368,3054615173676506368,PulsV*
Gaia DR3 4057642074831462784,4057642074831462784,PulsV*
Gaia DR3 5597691148170838272,5597691148170838272,PulsV*
Gaia DR3 5227666384024683648,5227666384024683648,PulsV*
TYC 8695-851-1,5887114661926267648,PulsV*
Gaia DR3 5699025507032548864,5699025507032548864,PulsV*
TYC 6014-764-1,5729551007828093696,PulsV*
Gaia DR3 6370702557544752256,6370702557544752256,PulsV*
HD  31456,3181404669831932800,PulsV*
Gaia DR3 5218321325466662144,5218321325466662144,PulsV*
Gaia DR3 1958535048669899136,1958535048669899136,PulsV*
TYC 6566-1895-1,5597356862274644480,PulsV*
Gaia DR3 1803430383614513536,1803430383614513536,PulsV*
Gaia DR3 392573930847530112,392573930847530112,PulsV*
TYC 8598-256-1,5309338245191129472,PulsV*
Gaia DR3 4373755894067312768,4373755894067312768,PulsV*
Gaia DR3 6467148453357492480,6467148453357492480,PulsV*
BD+65   291,516310358098353280,PulsV*
Gaia DR3 5853355226930572032,5853355226930572032,PulsV*
Gaia DR3 6448156829530018304,6448156829530018304,PulsV*
Gaia DR3 1980338437279489408,1980338437279489408,PulsV*
TYC 8165-1526-1,5330642206380261760,PulsV*
Gaia DR3 6057118783332594304,6057118783332594304,PulsV*
ATO J116.6815-22.5971,5711796987427672320,PulsV*
Gaia DR3 4662237719105940992,4662237719105940992,PulsV*
Gaia DR3 5592857935566526080,5592857935566526080,PulsV*
Gaia DR3 5256233890846876672,5256233890846876672,PulsV*
Gaia DR3 2088275260386507520,2088275260386507520,PulsV*
Gaia DR3 2070865245373575936,2070865245373575936,PulsV*
Gaia DR3 2061584989283451776,2061584989283451776,PulsV*
Gaia DR3 5337328650159896064,5337328650159896064,PulsV*
TYC 4339-1623-1,544597802981250944,PulsV*
Gaia DR3 1975532746823613056,1975532746823613056,PulsV*
Gaia DR3 4687413370014016512,4687413370014016512,PulsV*
Gaia DR3 1963931112445391232,1963931112445391232,PulsV*
Gaia DR3 5343532781944151936,5343532781944151936,PulsV*
TYC 1064-4398-1,4315340013881098112,PulsV*
Gaia DR3 544827527896049664,544827527896049664,PulsV*
TYC 3632-3090-1,2001953049170221824,PulsV*
ATO J111.5951+28.5415,873497258816917120,PulsV*
SK -66  183,4659891945416325760,PulsV*
Gaia DR3 2026028642988266752,2026028642988266752,PulsV*
Gaia DR3 2903253104456006016,2903253104456006016,PulsV*
Gaia DR3 4685694764624412928,4685694764624412928,PulsV*
Gaia DR3 5828377208898037760,5828377208898037760,PulsV*
TYC 5439-1178-1,5723479195383104896,PulsV*
Gaia DR3 1988930983202032512,1988930983202032512,PulsV*
Gaia DR3 2073374781898165504,2073374781898165504,PulsV*
Gaia DR3 4660295118258092160,4660295118258092160,PulsV*
Gaia DR3 4576929051430622720,4576929051430622720,PulsV*
Gaia DR3 2373064680530686464,2373064680530686464,PulsV*
Gaia DR3 5305280909853550336,5305280909853550336,PulsV*
Gaia DR3 5712617532338408576,5712617532338408576,PulsV*
Gaia DR3 4444100208469448704,4444100208469448704,PulsV*
TYC 7118-532-1,5587417208434252800,PulsV*
Gaia DR3 431324534551604352,431324534551604352,PulsV*
TYC 8974-1184-1,6058491489234727040,PulsV*
TYC 3604-678-1,1973571046279199744,PulsV*
TYC 5971-306-1,2932900885749544704,PulsV*
Gaia DR3 2021944094752953088,2021944094752953088,PulsV*
Gaia DR3 3598294360455853056,3598294360455853056,PulsV*
TYC 8201-1762-1,5364597672371497728,PulsV*
HD 324134,5960711984558140032,PulsV*
TYC 4099-1714-1,1008010686726665984,PulsV*
ATO J159.2112-19.9807,3554532530651667328,PulsV*
Gaia DR3 5848452710694214528,5848452710694214528,PulsV*
Gaia DR3 5430724535047047296,5430724535047047296,PulsV*
Gaia DR3 5929579592030206976,5929579592030206976,PulsV*
Gaia DR3 4495416825622792960,4495416825622792960,PulsV*
Gaia DR3 781165834298320768,781165834298320768,PulsV*
Gaia DR3 5360065240618788096,5360065240618788096,PulsV*
Gaia DR3 5359239816624020864,5359239816624020864,PulsV*
Gaia DR3 4657982437384860544,4657982437384860544,PulsV*
HD 209953,6559610779887239936,PulsV*
Gaia DR3 5601527722192419968,5601527722192419968,PulsV*
Gaia DR3 5593277571052620032,5593277571052620032,PulsV*
TYC 8158-1449-1,5323036923116308480,PulsV*
Gaia DR3 5329272975121334400,5329272975121334400,PulsV*
TYC 8627-70-1,5338746397351032704,PulsV*
ATO J055.2494+39.6158,224541203772455296,PulsV*
Gaia DR3 5607886713324438272,5607886713324438272,PulsV*
UCAC4 703-091586,1979245900676294016,PulsV*
Gaia DR3 5242176634686373504,5242176634686373504,PulsV*
HD 111465,5862611431175308288,PulsV*
Gaia DR3 5787293132273541504,5787293132273541504,PulsV*
Gaia DR3 4725639785783240832,4725639785783240832,PulsV*
Gaia DR3 5814868609030105216,5814868609030105216,PulsV*
2MASS J05081023+0028562,3227888860358895616,PulsV*
Gaia DR3 4663569536937123584,4663569536937123584,PulsV*
Gaia DR3 2217252608584738432,2217252608584738432,PulsV*
Gaia DR3 5306372243861627648,5306372243861627648,PulsV*
Gaia DR3 3040484525112017920,3040484525112017920,PulsV*
BD+75    33,539240604373834880,PulsV*
Gaia DR3 2917804625456899072,2917804625456899072,PulsV*
Gaia DR3 4686904094216695168,4686904094216695168,PulsV*
Gaia DR3 5350676412071330304,5350676412071330304,PulsV*
Gaia DR3 4660214102322233344,4660214102322233344,PulsV*
Gaia DR3 2004161413971726464,2004161413971726464,PulsV*
TYC 3219-94-1,1929678885691524864,PulsV*
TYC 4121-611-1,1088632239393260800,PulsV*
BD+61  2163,2216104516591287552,PulsV*
TYC 9108-672-1,6450563518748177536,PulsV*
Gaia DR3 5332625351733410688,5332625351733410688,PulsV*
Gaia DR3 4660210730743084160,4660210730743084160,PulsV*
Gaia DR3 5615605280654204416,5615605280654204416,PulsV*
Gaia DR3 417102660875040512,417102660875040512,PulsV*
Gaia DR3 4813233857079712384,4813233857079712384,PulsV*
Gaia DR3 5637238829060582272,5637238829060582272,PulsV*
Gaia DR3 452533529729389440,452533529729389440,PulsV*
Gaia DR3 5547158658910532992,5547158658910532992,PulsV*
Gaia DR3 5929407930787295360,5929407930787295360,PulsV*
Gaia DR3 5869969431730802688,5869969431730802688,PulsV*
Gaia DR3 5255181520775223808,5255181520775223808,PulsV*
Gaia DR3 5615646276127898240,5615646276127898240,PulsV*
Gaia DR3 5816891087643289984,5816891087643289984,PulsV*
Gaia DR3 5239107416691556096,5239107416691556096,PulsV*
TYC 2674-3253-1,2034071261318821120,PulsV*
Gaia DR3 4660693248866220672,4660693248866220672,PulsV*
Gaia DR3 5339762144272466048,5339762144272466048,PulsV*
Gaia DR3 5347677833385641984,5347677833385641984,PulsV*
HD 155050,5976901232457274368,PulsV*
Gaia DR3 2038180892157389696,2038180892157389696,PulsV*
Gaia DR3 483564977677448960,483564977677448960,PulsV*
Gaia DR3 2363925746039330176,2363925746039330176,PulsV*
UNSW-V 525,6105261793266564224,PulsV*
Gaia DR3 3079632529245119360,3079632529245119360,PulsV*
Gaia DR3 6455423806818439168,6455423806818439168,PulsV*
Gaia DR3 4589283679470023424,4589283679470023424,PulsV*
Gaia DR3 4662000018455340928,4662000018455340928,PulsV*
TYC 8246-880-1,6134060712915432192,PulsV*
Gaia DR3 5593193183533362816,5593193183533362816,PulsV*
TYC 7126-3575-1,5546782694651753216,PulsV*
Gaia DR3 5255138880344896000,5255138880344896000,PulsV*
Gaia DR3 6885557638983256448,6885557638983256448,PulsV*
Gaia DR3 5864420741929401728,5864420741929401728,PulsV*
Gaia DR3 2049207546368370304,2049207546368370304,PulsV*
Gaia DR3 4850657212799159296,4850657212799159296,PulsV*
TYC 6540-1241-1,5615882941699353344,PulsV*
Gaia DR3 5611088697346935168,5611088697346935168,PulsV*
Gaia DR3 6062469968995571200,6062469968995571200,PulsV*
Gaia DR3 430721143183161472,430721143183161472,PulsV*
Gaia DR3 5856535736063416704,5856535736063416704,PulsV*
Gaia DR3 2005168192976167808,2005168192976167808,PulsV*
Gaia DR3 5927400875370958208,5927400875370958208,PulsV*
TYC 8978-1045-1,6054297260357563136,PulsV*
Gaia DR3 5619832288692126080,5619832288692126080,PulsV*
Gaia DR3 5855130319666658432,5855130319666658432,PulsV*
ATO J338.2205+44.1259,1982084702249064320,PulsV*
Gaia DR3 5300700206970978304,5300700206970978304,PulsV*
Gaia DR3 5303203623141714176,5303203623141714176,PulsV*
HD 235624,1980957771561453440,PulsV*
Gaia DR3 5242100910157640576,5242100910157640576,PulsV*
Gaia DR3 1909877024871387904,1909877024871387904,PulsV*
Gaia DR3 6660224894220809984,6660224894220809984,PulsV*
ATO J098.8404+44.2539,965037133748334336,PulsV*
NSVS  12735116,3095509859399741696,PulsV*
ATO J113.7802-13.9179,3030299027354737536,PulsV*
Gaia DR3 5830380416020722560,5830380416020722560,PulsV*
CD-60  4130,6057986229298929280,PulsV*
Gaia DR3 5640482903766090368,5640482903766090368,PulsV*
Gaia DR3 6237044755846077184,6237044755846077184,PulsV*
BD+47  1073,254927753794678912,PulsV*
Gaia DR3 5600034821612836224,5600034821612836224,PulsV*
TYC 8584-3005-1,5312013425706020608,PulsV*
HD 146681,5993836769532339200,PulsV*
Gaia DR3 537074532110304640,537074532110304640,PulsV*
V* V1237 Sgr,6757391519922274048,PulsV*
Gaia DR3 4234245155750421376,4234245155750421376,PulsV*
Gaia DR3 1869218150042974464,1869218150042974464,PulsV*
Gaia DR3 4738563166282246656,4738563166282246656,PulsV*
ATO J299.3524+08.4190,4298314312475428480,PulsV*
Gaia DR3 5861283392970032256,5861283392970032256,PulsV*
Gaia DR3 2086290775032904576,2086290775032904576,PulsV*
Gaia DR3 5306662446210486656,5306662446210486656,PulsV*
Gaia DR3 2929314966017962368,2929314966017962368,PulsV*
TYC 3588-10491-1,2164367959043659776,PulsV*
Gaia DR3 6125424328268035968,6125424328268035968,PulsV*
HD 318540,4043447796349382656,PulsV*
Gaia DR3 5712347086838144768,5712347086838144768,PulsV*
TYC 7691-1181-1,5429753013442631296,PulsV*
HD 128137A,5878570155230172672,PulsV*
Gaia DR3 5517595196410449024,5517595196410449024,PulsV*
Gaia DR3 4656966694724078080,4656966694724078080,PulsV*
Gaia DR3 5506515791393312384,5506515791393312384,PulsV*
TYC 8976-3074-1,5333622677486416768,PulsV*
Gaia DR3 5344097827837130880,5344097827837130880,PulsV*
Gaia DR3 5241885440255351040,5241885440255351040,PulsV*
HD 239110,2142161981660912896,PulsV*
[MAA2010] 915,5932319914277921152,PulsV*
Gaia DR3 409744041869485056,409744041869485056,PulsV*
ATO J118.1976-04.8764,3044428885635718016,PulsV*
Gaia DR3 4660314707651925632,4660314707651925632,PulsV*
Cl* NGC 7092   PLAT    1510,2170882256182738176,PulsV*
HD 316596,4056477863818447744,PulsV*
Gaia DR3 5822694761013605376,5822694761013605376,PulsV*
TYC 7655-2028-1,5511977546684056704,PulsV*
HD   9267,409070865870931712,PulsV*
Gaia DR3 4685974384131355776,4685974384131355776,PulsV*
ATO J164.9459-28.8490,5453650520711452032,PulsV*
Gaia DR3 4687456972478110720,4687456972478110720,PulsV*
TYC 8583-756-1,5311506997517610752,PulsV*
2MASS J00082779-3323126,2313303848443810816,PulsV*
Gaia DR3 5803774498040035968,5803774498040035968,PulsV*
Gaia DR3 6369589989216775680,6369589989216775680,PulsV*
Gaia DR3 2034900052567844864,2034900052567844864,PulsV*
Gaia DR3 4657703504973429376,4657703504973429376,PulsV*
Gaia DR3 5852482455191074432,5852482455191074432,PulsV*
Gaia DR3 5382434259229147008,5382434259229147008,PulsV*
Gaia DR3 2962083470534140416,2962083470534140416,PulsV*
Gaia DR3 5251696519916949760,5251696519916949760,PulsV*
Gaia DR3 5842025274925028096,5842025274925028096,PulsV*
TYC 8619-571-1,5353260431873983488,PulsV*
Gaia DR3 4660127378352228096,4660127378352228096,PulsV*
BSD   8-703,414306190496222592,PulsV*
V* V826 Sco,5956932447701139328,PulsV*
Gaia DR3 5412773117938339456,5412773117938339456,PulsV*
Gaia DR3 5646488608076830208,5646488608076830208,PulsV*
Gaia DR3 5697448669930813952,5697448669930813952,PulsV*
Gaia DR3 5945959081136062976,5945959081136062976,PulsV*
Gaia DR3 5613684541224112896,5613684541224112896,PulsV*
[DCT2018] F20c 22088,5611610999736054912,PulsV*
Gaia DR3 6061435156721475584,6061435156721475584,PulsV*
Gaia DR3 5609515261845976576,5609515261845976576,PulsV*
HD 322666,5976417619167365120,PulsV*
HD 122623,5853850178876739328,PulsV*
TYC 3634-1180-1,1989086903393059072,PulsV*
TYC 8649-1506-1,6067995285450148352,PulsV*
Gaia DR3 5253063109806138880,5253063109806138880,PulsV*
Gaia DR3 1761151618898718848,1761151618898718848,PulsV*
Gaia DR3 4927294753803535616,4927294753803535616,PulsV*
Gaia DR3 5255399228411556480,5255399228411556480,PulsV*
Gaia DR3 5339791693640153600,5339791693640153600,PulsV*
TYC 7137-1612-1,5641064060077510144,PulsV*
TYC 6014-198-1,5730373919265961472,PulsV*
ATO J303.2860+16.4907,1808719927895769216,PulsV*
HD 299047,5357406900699055232,PulsV*
HD 328062,5944136748071705216,PulsV*
Gaia DR3 5443610742599626624,5443610742599626624,PulsV*
TYC 8588-3375-1,5307395167615937536,PulsV*
LAMOST J074731.18-071226.7,3043538178138208384,PulsV*
TYC 6553-110-1,5711015646974015872,PulsV*
Gaia DR3 6635813635842771968,6635813635842771968,PulsV*
SDSS J163314.75+010037.1,4431711602939515136,PulsV*
TYC 5336-1228-1,3013223783565158528,PulsV*
TYC 8736-1157-1,5913192230192575744,PulsV*
Gaia DR3 5441266412011832064,5441266412011832064,PulsV*
Gaia DR3 5612754251307718784,5612754251307718784,PulsV*
Gaia DR3 3079457058350898304,3079457058350898304,PulsV*
Gaia DR3 2824731618996678656,2824731618996678656,PulsV*
2MASS J01022872+8548314,574077015391614848,PulsV*
HD   3473,415706349828073728,PulsV*
BD+30  1229,3435471153830098304,PulsV*
Gaia DR3 4714060141636445696,4714060141636445696,PulsV*
HD 221037,2015698456344294016,PulsV*
ATO J295.2390+36.9196,2048711258616342784,PulsV*
Gaia DR3 5596315934000284800,5596315934000284800,PulsV*
ATO J102.3952-11.8832,2953018272044422016,PulsV*
HD  88051,5421825878203298944,PulsV*
Gaia DR3 5577211713296743552,5577211713296743552,PulsV*
Gaia DR3 4043332549471127936,4043332549471127936,PulsV*
Gaia DR3 2036137690315971840,2036137690315971840,PulsV*
HD  66133,5533947438276964864,PulsV*
TYC 2699-3177-1,1870385522159535232,PulsV*
Gaia DR3 5700556538312857984,5700556538312857984,PulsV*
Gaia DR3 5595946841694128256,5595946841694128256,PulsV*
Gaia DR3 5616137826543540608,5616137826543540608,PulsV*
Gaia DR3 5715782923232645760,5715782923232645760,PulsV*
Gaia DR3 5336249238998474496,5336249238998474496,PulsV*
TYC 7125-4344-1,5547798437234599808,PulsV*
Gaia DR3 3068170434055585536,3068170434055585536,PulsV*
Gaia DR3 5957076449385925248,5957076449385925248,PulsV*
Gaia DR3 5865586366012087808,5865586366012087808,PulsV*
HD 123753,5851002375093612032,PulsV*
Gaia DR3 4524777080317724928,4524777080317724928,PulsV*
UCAC4 135-011545,5288561942178895104,PulsV*
Gaia DR3 5604067078648658688,5604067078648658688,PulsV*
ATO J178.4476-18.9768,3543098640515479168,PulsV*
HD 193859,1829080409350183424,PulsV*
UCAC4 178-060199,5355522127295990784,PulsV*
Gaia DR3 5230844384954705536,5230844384954705536,PulsV*
TYC 9013-1438-1,5852142809207284352,PulsV*
Gaia DR3 5828758395846599808,5828758395846599808,PulsV*
Gaia DR3 1978248712352933760,1978248712352933760,PulsV*
Gaia DR3 5935769288408207232,5935769288408207232,PulsV*
Gaia DR3 5693853816657965696,5693853816657965696,PulsV*
TYC 8591-755-1,5306776864142874496,PulsV*
Gaia DR3 1957713168025714432,1957713168025714432,PulsV*
TYC 3345-2881-1,208660510657674112,PulsV*
Gaia DR3 6854676652329950208,6854676652329950208,PulsV*
HD 304903,5256494788676480384,PulsV*
2MASS J00523676-7307150,4685939032313561984,PulsV*
Gaia DR3 5717460090783065984,5717460090783065984,PulsV*
TYC 8648-1176-1,6080235529930598272,PulsV*
Gaia DR3 5429400207650566400,5429400207650566400,PulsV*
TYC 8200-277-1,5375038596126340480,PulsV*
HD  20295,462095844917654144,PulsV*
HD 351334,1822175270175694080,PulsV*
Gaia DR3 5646935044158933120,5646935044158933120,PulsV*
Gaia DR3 163899186130259456,163899186130259456,PulsV*
Gaia DR3 5616541553472073600,5616541553472073600,PulsV*
Gaia DR3 4657275069087376896,4657275069087376896,PulsV*
CD-44 11739,5952411088452140160,PulsV*
Gaia DR3 1869442892784876288,1869442892784876288,PulsV*
Gaia DR3 5311874165681002368,5311874165681002368,PulsV*
ATO J288.0580-17.3150,4087704376316350208,PulsV*
Gaia DR3 4817948013183767296,4817948013183767296,PulsV*
Gaia DR3 5819709586933370496,5819709586933370496,PulsV*
Gaia DR3 5340303065299302144,5340303065299302144,PulsV*
Gaia DR3 5709446300277320832,5709446300277320832,PulsV*
HD 332725,2031695938203883136,PulsV*
Gaia DR3 5628682051620000384,5628682051620000384,PulsV*
Gaia DR3 6630946239606952192,6630946239606952192,PulsV*
Gaia DR3 5835170919502456320,5835170919502456320,PulsV*
Gaia DR3 420016950806431488,420016950806431488,PulsV*
Gaia DR3 5950484881496001280,5950484881496001280,PulsV*
BD+16  1947,630802469534326656,PulsV*
Gaia DR3 5922786980971569280,5922786980971569280,PulsV*
Gaia DR3 1854154634578204800,1854154634578204800,PulsV*
Gaia DR3 5316543241804602880,5316543241804602880,PulsV*
Gaia DR3 2821556126336920576,2821556126336920576,PulsV*
Gaia DR3 1866976898663050880,1866976898663050880,PulsV*
Gaia DR3 5921627752119727232,5921627752119727232,PulsV*
Gaia DR3 5719210788169604352,5719210788169604352,PulsV*
TYC 8640-2523-1,6072392099339980800,PulsV*
Gaia DR3 5946305534695762944,5946305534695762944,PulsV*
Gaia DR3 5438456506968556416,5438456506968556416,PulsV*
Gaia DR3 6055577645964667904,6055577645964667904,PulsV*
HD  43026,2993624198528148352,PulsV*
Gaia DR3 5693694799786516736,5693694799786516736,PulsV*
BD+12  4337,1803933822496732416,PulsV*
Gaia DR3 5314444995656320512,5314444995656320512,PulsV*
Gaia DR3 5824989991546534016,5824989991546534016,PulsV*
Gaia DR3 5606861418737170688,5606861418737170688,PulsV*
Gaia DR3 5329180994098296192,5329180994098296192,PulsV*
Gaia DR3 3235945080839020544,3235945080839020544,PulsV*
CPD-61  2839,5334662128321244032,PulsV*
Gaia DR3 5627025843513644800,5627025843513644800,PulsV*
Gaia DR3 180579327278145408,180579327278145408,PulsV*
TYC 6525-793-1,2920538870358131968,PulsV*
ATO J121.1717-32.6937,5547685874732543616,PulsV*
TYC 4244-227-1,2247962689903588480,PulsV*
Gaia DR3 4660293026654988160,4660293026654988160,PulsV*
Gaia DR3 5596317991276864000,5596317991276864000,PulsV*
Gaia DR3 5725603589292858880,5725603589292858880,PulsV*
Gaia DR3 2051517830760106624,2051517830760106624,PulsV*
Gaia DR3 5863693762944022016,5863693762944022016,PulsV*
Gaia DR3 5856921389788937216,5856921389788937216,PulsV*
Gaia DR3 6428253951084599552,6428253951084599552,PulsV*
Gaia DR3 6027682207016410112,6027682207016410112,PulsV*
Gaia DR3 5308069511860239616,5308069511860239616,PulsV*
HD 351622,1822304772026413696,PulsV*
HD  71403,5514915583494492928,PulsV*
Gaia DR3 5577053349262449536,5577053349262449536,PulsV*
TYC 1059-723-1,4314690129422941568,PulsV*
Gaia DR3 5804958229687544960,5804958229687544960,PulsV*
TYC 2083-1197-1,4595134421358436096,PulsV*
Gaia DR3 1938298610177138560,1938298610177138560,PulsV*
HD 175920,4507581891004978048,PulsV*
TYC 3693-2062-1,457105780117281920,PulsV*
Gaia DR3 1953600857100002432,1953600857100002432,PulsV*
Gaia DR3 5813540944441606400,5813540944441606400,PulsV*
Gaia DR3 3032617485058450176,3032617485058450176,PulsV*
ATO J299.5465-08.8903,4192254806685964928,PulsV*
GSC 03973-02062,2006073572077382656,PulsV*
Gaia DR3 5860651173740662912,5860651173740662912,PulsV*
CD-27  4589,5601521086454905856,PulsV*
Gaia DR3 5444009796601854208,5444009796601854208,PulsV*
Gaia DR3 5307704886315505280,5307704886315505280,PulsV*
Gaia DR3 419403285881506432,419403285881506432,PulsV*
Gaia DR3 6026803701595463168,6026803701595463168,PulsV*
Gaia DR3 6026626641494723968,6026626641494723968,PulsV*
Gaia DR3 4243333577127865472,4243333577127865472,PulsV*
Gaia DR3 4681195258046004608,4681195258046004608,PulsV*
TYC 9258-2246-1,5800132885487959296,PulsV*
Gaia DR3 5708908570371091584,5708908570371091584,PulsV*
HD 307174,5335508408665810432,PulsV*
SDSS J121151.59+332927.8,4028527732777952256,PulsV*
HD 331575,2034057311268616960,PulsV*
Gaia DR3 5790622831445253504,5790622831445253504,PulsV*
Gaia DR2 1112560941012821760,1112560941012821760,PulsV*
CD-25  8931,3487456377123013376,PulsV*
Gaia DR3 2934232085095413248,2934232085095413248,PulsV*
Gaia DR3 6060157867818796800,6060157867818796800,PulsV*
Gaia DR3 4851174773538224640,4851174773538224640,PulsV*
Gaia DR3 5696223332928723584,5696223332928723584,PulsV*
UCAC4 379-034702,3030139215908500096,PulsV*
ATO J080.8962-23.2554,2958689656095543552,PulsV*
Gaia DR3 6043011808590422272,6043011808590422272,PulsV*
Gaia DR3 5854979927086913664,5854979927086913664,PulsV*
Gaia DR3 5954562862704016000,5954562862704016000,PulsV*
TYC 7646-3323-1,5538246837978407808,PulsV*
Gaia DR3 5255377581775513216,5255377581775513216,PulsV*
Gaia DR3 5819812185096823552,5819812185096823552,PulsV*
TYC 2748-2233-1,1903892005124888192,PulsV*
Gaia DR3 5653779641469822464,5653779641469822464,PulsV*
Gaia DR3 2047922767032609920,2047922767032609920,PulsV*
Gaia DR3 5341602039536826112,5341602039536826112,PulsV*
Gaia DR3 5948438720377277568,5948438720377277568,PulsV*
Gaia DR3 5822179399292786048,5822179399292786048,PulsV*
Gaia DR3 4660256296090850048,4660256296090850048,PulsV*
TYC 8999-662-1,5864955899223520128,PulsV*
Gaia DR3 5308182757237598336,5308182757237598336,PulsV*
Gaia DR3 5515574568922129408,5515574568922129408,PulsV*
Gaia DR3 3053925230130125056,3053925230130125056,PulsV*
Gaia DR3 2086889016741421440,2086889016741421440,PulsV*
Gaia DR3 509842029974540416,509842029974540416,PulsV*
Gaia DR3 3453862620403654016,3453862620403654016,PulsV*
Gaia DR3 5351707066774275200,5351707066774275200,PulsV*
Gaia DR3 5337923348521663744,5337923348521663744,PulsV*
Gaia DR3 2001863542050107136,2001863542050107136,PulsV*
Gaia DR3 5996673750058666240,5996673750058666240,PulsV*
Gaia DR3 5973467595073779840,5973467595073779840,PulsV*
NSVS   4491084,211369221970463488,PulsV*
Gaia DR3 719001615823877504,719001615823877504,PulsV*
Gaia DR3 4688400529540416384,4688400529540416384,PulsV*
Gaia DR3 5356262824499297280,5356262824499297280,PulsV*
Gaia DR3 3031553089084230784,3031553089084230784,PulsV*
GSC 03986-01173,2005910432049708928,PulsV*
Gaia DR3 2943381495001838720,2943381495001838720,PulsV*
Gaia DR3 4135165345493373184,4135165345493373184,PulsV*
HD 309463,6057353700867120256,PulsV*
Gaia DR3 6058609308769303168,6058609308769303168,PulsV*
Gaia DR3 6059522487529526656,6059522487529526656,PulsV*
HD   8533,5013094147245081984,PulsV*
Cl* NGC 5139    WSB V83,6083491119449383296,PulsV*
Gaia DR3 673309997086164096,673309997086164096,PulsV*
TYC 2654-594-1,2038985386759300224,PulsV*
Gaia DR3 5338467911678904320,5338467911678904320,PulsV*
HD 157138,4389940091049872384,PulsV*
TYC 8607-1187-1,5259662069321379840,PulsV*
Gaia DR3 2023837762986768512,2023837762986768512,PulsV*
Gaia DR3 5311553761139849728,5311553761139849728,PulsV*
Gaia DR3 4765751236979652480,4765751236979652480,PulsV*
ATO J035.0976+54.7841,455919647588236800,PulsV*
Gaia DR3 4660425311638881664,4660425311638881664,PulsV*
Gaia DR3 4248748951075453568,4248748951075453568,PulsV*
TYC 3588-4117-1,2163447049330098816,PulsV*
Gaia DR3 4660219496818756608,4660219496818756608,PulsV*
ATO J130.0265-22.9029,5701831323261060096,PulsV*
Gaia DR3 5542448174990347520,5542448174990347520,PulsV*
Gaia DR3 1990871311985505920,1990871311985505920,PulsV*
TYC 9227-1237-1,5859625088863305344,PulsV*
TYC 8603-1015-1,5260073011810959104,PulsV*
UCAC4 571-024996,3426255017303557504,PulsV*
Gaia DR3 5694823311032687872,5694823311032687872,PulsV*
Gaia DR3 5419497490533299072,5419497490533299072,PulsV*
Gaia DR3 4662022936397618048,4662022936397618048,PulsV*
Gaia DR3 5191789113453728512,5191789113453728512,PulsV*
Gaia DR3 6485807367543528192,6485807367543528192,PulsV*
Gaia DR3 5725430313131053312,5725430313131053312,PulsV*
Gaia DR3 5859957347558519936,5859957347558519936,PulsV*
Gaia DR3 5539527464086800000,5539527464086800000,PulsV*
Gaia DR3 5819279506086797440,5819279506086797440,PulsV*
Gaia DR3 3057127214145582336,3057127214145582336,PulsV*
Gaia DR3 6799265767413896320,6799265767413896320,PulsV*
HD 356725,1802930999187430016,PulsV*
HD 191746,1837262184608359296,PulsV*
Gaia DR3 5613591490745615488,5613591490745615488,PulsV*
TYC 7129-1688-1,5544942352700563456,PulsV*
Gaia DR3 5709492234949615104,5709492234949615104,PulsV*
ATO J142.5101+21.6700,637985578998576256,PulsV*
Gaia DR3 5338559416008852736,5338559416008852736,PulsV*
Gaia DR3 426510357248258944,426510357248258944,PulsV*
Gaia DR3 5694126800469887360,5694126800469887360,PulsV*
Gaia DR3 4652043489714355328,4652043489714355328,PulsV*
Gaia DR3 6039788040498929536,6039788040498929536,PulsV*
Gaia DR3 4660215408009277952,4660215408009277952,PulsV*
TYC 5365-364-1,3003765544027997952,PulsV*
Gaia DR3 651929413665795712,651929413665795712,PulsV*
TYC 5992-1059-1,5712055200861939072,PulsV*
HD  59215,5611882304229988864,PulsV*
Gaia DR3 5825725461746478848,5825725461746478848,PulsV*
Gaia DR3 5713505422335280256,5713505422335280256,PulsV*
Gaia DR3 2045254290993447936,2045254290993447936,PulsV*
Gaia DR3 5798868580237593856,5798868580237593856,PulsV*
Gaia DR3 5850316722168103424,5850316722168103424,PulsV*
Gaia DR3 1866110689662729344,1866110689662729344,PulsV*
Gaia DR3 2071923357849596544,2071923357849596544,PulsV*
Gaia DR3 6355589838939830016,6355589838939830016,PulsV*
Gaia DR3 1967925260236018048,1967925260236018048,PulsV*
TYC 8562-757-1,5485467363562409600,PulsV*
Gaia DR3 2931910019615756288,2931910019615756288,PulsV*
Gaia DR3 3389664266761470080,3389664266761470080,PulsV*
[DPM2010] 04796-8,5935913977269502080,PulsV*
TYC 2494-835-1,700993917463276160,PulsV*
Gaia DR3 5853405495235215744,5853405495235215744,PulsV*
ATO J129.3564-29.1654,5645369816330408192,PulsV*
Gaia DR3 6038628433689678720,6038628433689678720,PulsV*
GSC 03973-02005,2005760791067786240,PulsV*
Gaia DR3 5800501565483467776,5800501565483467776,PulsV*
BOKS 54209,2080452063354602880,PulsV*
PGMW 1256,4662154190592366080,PulsV*
UCAC4 570-024339,3426162791474814848,PulsV*
Gaia DR3 2034861981975581184,2034861981975581184,PulsV*
Gaia DR3 5254822190976746112,5254822190976746112,PulsV*
Gaia DR3 4314342271437260416,4314342271437260416,PulsV*
TYC 8605-2283-1,5352443602140609920,PulsV*
Gaia DR3 4933038224590511488,4933038224590511488,PulsV*
GSC 03982-01602,2005037656014566656,PulsV*
Gaia DR3 4434721825257835520,4434721825257835520,PulsV*
Gaia DR3 1989321859588792704,1989321859588792704,PulsV*
Gaia DR3 5718400310661622144,5718400310661622144,PulsV*
Gaia DR3 5355753677569136512,5355753677569136512,PulsV*
Gaia DR3 5643623005888619136,5643623005888619136,PulsV*
Gaia DR3 5989623922011740544,5989623922011740544,PulsV*
Gaia DR3 5970759562334539904,5970759562334539904,PulsV*
Gaia DR3 4657234936888354944,4657234936888354944,PulsV*
Gaia DR3 5911336426354850816,5911336426354850816,PulsV*
CRTS J142942.9-340537,6120031013265168640,PulsV*
HD 108745,6133200383724950272,PulsV*
Gaia DR3 4690533234210698496,4690533234210698496,PulsV*
Gaia DR3 4196349181831385088,4196349181831385088,PulsV*
Gaia DR3 5254325898927977088,5254325898927977088,PulsV*
Gaia DR3 5643979797422065792,5643979797422065792,PulsV*
Gaia DR3 6413838838244527488,6413838838244527488,PulsV*
Gaia DR3 4228957050277481856,4228957050277481856,PulsV*
Gaia DR3 5900317911122253824,5900317911122253824,PulsV*
TYC 8735-503-1,5916367860291744128,PulsV*
Gaia DR3 5864261003508137856,5864261003508137856,PulsV*
ATO J340.4713+58.3473,2008150991909969152,PulsV*
Gaia DR3 5338846040594696704,5338846040594696704,PulsV*
Gaia DR3 5258802216871347968,5258802216871347968,PulsV*
HD  55610,3045105497609826688,PulsV*
Gaia DR3 1985458072645161728,1985458072645161728,PulsV*
Gaia DR3 6160519605540682496,6160519605540682496,PulsV*
Gaia DR3 5370359933630169728,5370359933630169728,PulsV*
Gaia DR3 395671873581522304,395671873581522304,PulsV*
HD  37428,3017065713414151552,PulsV*
Gaia DR3 5605149028153695616,5605149028153695616,PulsV*
Gaia DR3 4689032920570962304,4689032920570962304,PulsV*
Gaia DR3 1928582500800091136,1928582500800091136,PulsV*
Gaia DR3 4496040489228384640,4496040489228384640,PulsV*
Gaia DR3 4660556050437438208,4660556050437438208,PulsV*
TYC 5988-2197-1,5715529550218443264,PulsV*
HD 221012,2824035525057079808,PulsV*
Gaia DR3 5517161954468886528,5517161954468886528,PulsV*
Gaia DR3 2141725471252440832,2141725471252440832,PulsV*
TYC 7731-35-1,5391360128983384448,PulsV*
Gaia DR3 1842871721123777664,1842871721123777664,PulsV*
ATO J327.0739-19.4615,6824418843948778240,PulsV*
ATO J086.4178-32.0548,2901351292937175296,PulsV*
TYC 2152-4483-1,2028442616439306240,PulsV*
NGC  2482    13,5698580818994874368,PulsV*
ATO J090.8556-30.1001,2897275953089432576,PulsV*
Gaia DR3 4661915562204198912,4661915562204198912,PulsV*
Gaia DR3 1993882462018413056,1993882462018413056,PulsV*
Gaia DR3 6053701634289049728,6053701634289049728,PulsV*
Gaia DR3 5588161779663830016,5588161779663830016,PulsV*
Gaia DR3 4660288452464476288,4660288452464476288,PulsV*
UCAC4 105-107103,5811921917861800064,PulsV*
HD  58721,3028512801993654912,PulsV*
ATO J087.7187+07.0859,3322891711583964672,PulsV*
Gaia DR3 5867558370159388800,5867558370159388800,PulsV*
Gaia DR3 4526121439440313600,4526121439440313600,PulsV*
Gaia DR3 5519148565826150144,5519148565826150144,PulsV*
Gaia DR3 421174599112797824,421174599112797824,PulsV*
Gaia DR3 4660212624869722880,4660212624869722880,PulsV*
Gaia DR3 5250931947004250240,5250931947004250240,PulsV*
ATO J113.9665-12.8263,3033766234190745472,PulsV*
Gaia DR3 4298353108931629440,4298353108931629440,PulsV*
Gaia DR3 1088251288678511104,1088251288678511104,PulsV*
Gaia DR3 6076214409756129024,6076214409756129024,PulsV*
Gaia DR3 5300611696282658560,5300611696282658560,PulsV*
Gaia DR3 5708001851235660416,5708001851235660416,PulsV*
Gaia DR3 1866539705348620032,1866539705348620032,PulsV*
Gaia DR3 5948170615656976000,5948170615656976000,PulsV*
Gaia DR3 5356581957748952704,5356581957748952704,PulsV*
Gaia DR3 5698600270916819840,5698600270916819840,PulsV*
TYC 3993-1998-1,2004009720030934656,PulsV*
Gaia DR3 455924835908687232,455924835908687232,PulsV*
Gaia DR3 4486882171548040448,4486882171548040448,PulsV*
HD  10759,2575460719387000576,PulsV*
Gaia DR3 5351961500639171072,5351961500639171072,PulsV*
HD 113134,6081053192925601792,PulsV*
Gaia DR3 188649261590678784,188649261590678784,PulsV*
Gaia DR3 5807186183845714432,5807186183845714432,PulsV*
Gaia DR3 5849145196856092032,5849145196856092032,PulsV*
Gaia DR3 6072429860681292416,6072429860681292416,PulsV*
Gaia DR3 5520403898868195200,5520403898868195200,PulsV*
Gaia DR3 5440296883273280768,5440296883273280768,PulsV*
Gaia DR3 2934183981461279872,2934183981461279872,PulsV*
Gaia DR3 5693699747588812800,5693699747588812800,PulsV*
Gaia DR3 1820621179236081152,1820621179236081152,PulsV*
ATO J028.4831-01.8587,2505733677683197696,PulsV*
Gaia DR3 6702788363728111488,6702788363728111488,PulsV*
Gaia DR3 5605407074093313280,5605407074093313280,PulsV*
TYC 5412-1558-1,3039075981994914432,PulsV*
Gaia DR3 5430682543147653760,5430682543147653760,PulsV*
ATO J312.9458-17.6024,6882719627673397120,PulsV*
Gaia DR3 4557984908455230848,4557984908455230848,PulsV*
Gaia DR3 2922831283386756736,2922831283386756736,PulsV*
2MASS J19252435+4918562,2129933419496148352,PulsV*
HD 154873B,5950941488064651136,PulsV*
Gaia DR3 5693759323071871488,5693759323071871488,PulsV*
Gaia DR3 1811075425396772352,1811075425396772352,PulsV*
Gaia DR3 5297977128971683200,5297977128971683200,PulsV*
Gaia DR3 6078491640071325824,6078491640071325824,PulsV*
Gaia DR3 5409634493289326336,5409634493289326336,PulsV*
HD 148274,5831767175069679232,PulsV*
Gaia DR3 5354114791091400192,5354114791091400192,PulsV*
Gaia DR3 382234845052670976,382234845052670976,PulsV*
Gaia DR3 5698267943530477056,5698267943530477056,PulsV*
ATO J117.1588-19.3073,5715872224194437632,PulsV*
TYC 8998-2775-1,5858863294764303488,PulsV*
Gaia DR3 4221840225048955904,4221840225048955904,PulsV*
Gaia DR3 5332321577300721408,5332321577300721408,PulsV*
Gaia DR3 5692591199351272704,5692591199351272704,PulsV*
Gaia DR3 2073144709088475648,2073144709088475648,PulsV*
Gaia DR3 6683100813454756480,6683100813454756480,PulsV*
Gaia DR3 5334349179800155648,5334349179800155648,PulsV*
TYC 3969-688-1,2005411666084746112,PulsV*
Gaia DR3 3466477965847335552,3466477965847335552,PulsV*
TYC 8292-1643-1,5900261320627326976,PulsV*
Gaia DR3 2026611040557802240,2026611040557802240,PulsV*
Gaia DR3 6561603614650228736,6561603614650228736,PulsV*
Gaia DR3 4161749578120478848,4161749578120478848,PulsV*
US   89,1464647963208412672,PulsV*
Gaia DR3 4514810595860327680,4514810595860327680,PulsV*
Gaia DR3 1956060975707040256,1956060975707040256,PulsV*
Gaia DR3 454780965856467456,454780965856467456,PulsV*
Gaia DR3 5383618124013606912,5383618124013606912,PulsV*
TYC 8906-745-1,5283700520240441600,PulsV*
Gaia DR3 3236622143778584960,3236622143778584960,PulsV*
2MASS J22465704+5806166,2007422638484760832,PulsV*
Gaia DR3 4452267380840362880,4452267380840362880,PulsV*
Gaia DR3 6129287526781249536,6129287526781249536,PulsV*
Gaia DR3 452530574791968256,452530574791968256,PulsV*
Gaia DR3 5547218646701494656,5547218646701494656,PulsV*
Gaia DR3 4659891326941065728,4659891326941065728,PulsV*
Gaia DR3 195734789397104768,195734789397104768,PulsV*
Gaia DR3 5306568128729403520,5306568128729403520,PulsV*
Gaia DR3 5826625820000583552,5826625820000583552,PulsV*
TYC 3245-2320-1,1922711521022609920,PulsV*
CPD-53  7231,5932617267878379776,PulsV*
ATO J115.3589-08.9104,3041725117825897600,PulsV*
TYC 3599-1947-1,1979150410652475520,PulsV*
Gaia DR3 5698288318856344448,5698288318856344448,PulsV*
Gaia DR3 5546954012305518720,5546954012305518720,PulsV*
TYC 3556-3387-1,2080089666892781440,PulsV*
ATO J119.6866-33.0595,5594155977765562112,PulsV*
Gaia DR3 1995507093529961984,1995507093529961984,PulsV*
Gaia DR3 5341609186362654848,5341609186362654848,PulsV*
Gaia DR3 5831475357814413184,5831475357814413184,PulsV*
Gaia DR3 5717289357246613120,5717289357246613120,PulsV*
UCAC4 573-025118,3426308584135101824,PulsV*
ATO J116.9706-16.9449,5718678242286524800,PulsV*
Gaia DR3 1581174553412953088,1581174553412953088,PulsV*
Gaia DR3 5841921371079683200,5841921371079683200,PulsV*
Gaia DR3 5299697074400457984,5299697074400457984,PulsV*
Gaia DR3 5236861805953732352,5236861805953732352,PulsV*
Gaia DR3 1807252286043535488,1807252286043535488,PulsV*
Gaia DR3 2087498077466553984,2087498077466553984,PulsV*
Gaia DR3 2091453501818794368,2091453501818794368,PulsV*
Gaia DR3 6782396750783190912,6782396750783190912,PulsV*
Gaia DR3 1763877342584190976,1763877342584190976,PulsV*
Gaia DR3 1141749577413506176,1141749577413506176,PulsV*
Gaia DR3 4066999369775704320,4066999369775704320,PulsV*
Gaia DR3 5595500577403736320,5595500577403736320,PulsV*
Gaia DR3 5369224790956256512,5369224790956256512,PulsV*
Gaia DR3 2080701755574752768,2080701755574752768,PulsV*
Gaia DR3 4234986604549411200,4234986604549411200,PulsV*
OGLE SMC-SC3  67091,4685847257416879232,PulsV*
Gaia DR3 4662931373488118784,4662931373488118784,PulsV*
NSV 12187,4295193902807073536,PulsV*
Gaia DR3 2025538638763070720,2025538638763070720,PulsV*
TYC 8719-136-1,5835401988758153344,PulsV*
Gaia DR3 5643200857844652544,5643200857844652544,PulsV*
Gaia DR3 2928884228031854464,2928884228031854464,PulsV*
Gaia DR3 5546921095675263872,5546921095675263872,PulsV*
Gaia DR3 4660684727650535168,4660684727650535168,PulsV*
BD+08   794,3289750133316824192,PulsV*
CD-65   524,5281470362759697664,PulsV*
Gaia DR3 1989193388524788224,1989193388524788224,PulsV*
HD  70616,5322434592597224448,PulsV*
Gaia DR3 6415419862949053568,6415419862949053568,PulsV*
BD+09  2189,588965223168215424,PulsV*
Gaia DR3 5249130878235588992,5249130878235588992,PulsV*
Gaia DR3 5699317083771409280,5699317083771409280,PulsV*
Gaia DR3 2922099695831977088,2922099695831977088,PulsV*
ATO J168.5644-29.3196,3530906396593601152,PulsV*
Gaia DR3 5615724719407696512,5615724719407696512,PulsV*
TYC 3725-1708-1,469736037679172608,PulsV*
TYC 4829-10-1,3054753918299508096,PulsV*
Gaia DR3 2921211118641271552,2921211118641271552,PulsV*
HD  47284,5569272208551498368,PulsV*
HD 341863,4529786287800941568,PulsV*
CPD-53  7500,5932930937942524160,PulsV*
TYC 9004-2062-1,5867304421655617152,PulsV*
HD 321903,5969503477730106752,PulsV*
ATO J070.9950+37.4038,175330636724481536,PulsV*
TYC 9297-434-1,5803375203518071296,PulsV*
Gaia DR3 4659533229757527424,4659533229757527424,PulsV*
Gaia DR3 2045383483610249984,2045383483610249984,PulsV*
Gaia DR3 423496286635069696,423496286635069696,PulsV*
Gaia DR3 6138855103306000896,6138855103306000896,PulsV*
ATO J184.0999-27.5224,3475783549365293824,PulsV*
Gaia DR3 5546690060798965632,5546690060798965632,PulsV*
Gaia DR3 5936026990801091584,5936026990801091584,PulsV*
HD 225107,2766175649789279488,PulsV*
Gaia DR3 4555155766259684096,4555155766259684096,PulsV*
ATO J191.9737-28.4943,3495041495525888384,PulsV*
Gaia DR3 5820325966285140096,5820325966285140096,PulsV*
Gaia DR3 1272951237642197888,1272951237642197888,PulsV*
HD  79466,818621423748721152,PulsV*
Gaia DR3 2860575350168346496,2860575350168346496,PulsV*
Gaia DR3 421459544423117824,421459544423117824,PulsV*
Gaia DR3 6064985892077916032,6064985892077916032,PulsV*
Gaia DR3 6188130537241099904,6188130537241099904,PulsV*
Gaia DR3 5377813905213572096,5377813905213572096,PulsV*
Gaia DR3 4660693558097197696,4660693558097197696,PulsV*
Gaia DR3 5694935048904228096,5694935048904228096,PulsV*
TYC 8599-727-1,5356467333660090880,PulsV*
Gaia DR3 2031639863175031936,2031639863175031936,PulsV*
BOKS 10284,2128072942745904000,PulsV*
Gaia DR3 5289402003421805184,5289402003421805184,PulsV*
Gaia DR3 4291162371622307328,4291162371622307328,PulsV*
HD  74711,5329760642886571904,PulsV*
TYC 8627-2352-1,5338860304224103552,PulsV*
Gaia DR3 455899959457329280,455899959457329280,PulsV*
TYC 3196-331-1,1973496897965934592,PulsV*
Gaia DR3 4498066713063566080,4498066713063566080,PulsV*
Gaia DR3 4663509299997720832,4663509299997720832,PulsV*
Gaia DR3 1828423653000219264,1828423653000219264,PulsV*
Gaia DR3 3339977920418154624,3339977920418154624,PulsV*
UCAC4 571-025589,3425509720216588672,PulsV*
Gaia DR3 6085181721647057792,6085181721647057792,PulsV*
Gaia DR3 6445765735337253376,6445765735337253376,PulsV*
Gaia DR3 6678955074798260352,6678955074798260352,PulsV*
Gaia DR3 2060117214311839872,2060117214311839872,PulsV*
ATO J135.0007-27.1004,5649209383951504896,PulsV*
TYC 8151-3914-1,5521636485771207168,PulsV*
Gaia DR3 3852918541657323648,3852918541657323648,PulsV*
CD-42  4558,5524846196415791232,PulsV*
Gaia DR3 5626462378165645824,5626462378165645824,PulsV*
Gaia DR3 4245936469043498624,4245936469043498624,PulsV*
Gaia DR3 2001260734808354560,2001260734808354560,PulsV*
Gaia DR3 509430335895454848,509430335895454848,PulsV*
Gaia DR3 2049178585407497856,2049178585407497856,PulsV*
Gaia DR3 5713355987533077888,5713355987533077888,PulsV*
TYC 8955-1040-1,5245829422776083712,PulsV*
Gaia DR3 2005868341366590720,2005868341366590720,PulsV*
HD 155132,5973169897980653056,PulsV*
Gaia DR3 5345482147332786688,5345482147332786688,PulsV*
Gaia DR3 6078075337481498624,6078075337481498624,PulsV*
Gaia DR3 5725118532864470400,5725118532864470400,PulsV*
Gaia DR3 5620726329081129472,5620726329081129472,PulsV*
ATO J108.9734-27.5410,5609964687226716416,PulsV*
Gaia DR3 4660169808287941120,4660169808287941120,PulsV*
Gaia DR3 5793605355513693824,5793605355513693824,PulsV*
ATO J040.6283+41.1415,336731625056425984,PulsV*
Gaia DR3 6727754458899847936,6727754458899847936,PulsV*
TYC 1560-1077-1,4551864206400469120,PulsV*
LS   I +64    6,2016480037312395136,PulsV*
TYC 7143-433-1,5639643357920342272,PulsV*
NGC  2168   301,3426271647416789120,PulsV*
Gaia DR3 4648571270586910976,4648571270586910976,PulsV*
ATO J093.3888-19.9718,2941700479163376768,PulsV*
TYC 5743-144-1,4190863168560385536,PulsV*
2dFS  3304,4687334686166238464,PulsV*
Gaia DR3 6653116070513283584,6653116070513283584,PulsV*
Gaia DR3 2045319608847291264,2045319608847291264,PulsV*
Gaia DR3 5546589833442838144,5546589833442838144,PulsV*
Gaia DR3 510098667163692416,510098667163692416,PulsV*
Gaia DR3 5602404857601571584,5602404857601571584,PulsV*
Gaia DR3 5864881334220300032,5864881334220300032,PulsV*
Gaia DR3 2000616176165365632,2000616176165365632,PulsV*
Gaia DR3 4660346593491988096,4660346593491988096,PulsV*
Gaia DR3 5710738913641690624,5710738913641690624,PulsV*
Gaia DR3 5337985024257982464,5337985024257982464,PulsV*
Gaia DR3 5923000045708436352,5923000045708436352,PulsV*
Gaia DR3 5697471484796676224,5697471484796676224,PulsV*
TYC 1567-461-1,4498669382874892288,PulsV*
Gaia DR3 5388429071502182784,5388429071502182784,PulsV*
Gaia DR3 4659852740952488064,4659852740952488064,PulsV*
Gaia DR3 5310371992296815488,5310371992296815488,PulsV*
CD-31 13556,6028332091541571328,PulsV*
HD 354656,1808139969885238528,PulsV*
Gaia DR3 5351307806631800192,5351307806631800192,PulsV*
Gaia DR3 5238806945109244672,5238806945109244672,PulsV*
Gaia DR3 5870360273733860480,5870360273733860480,PulsV*
Gaia DR3 5236141282259605376,5236141282259605376,PulsV*
Gaia DR3 6787010267213088640,6787010267213088640,PulsV*
Gaia DR3 4528378363155050112,4528378363155050112,PulsV*
Gaia DR3 6057782510390857600,6057782510390857600,PulsV*
HD 147769,1201115440011542016,PulsV*
TYC 9281-2397-1,5782548430367349760,PulsV*
ATO J132.1092-34.7630,5626795633267104768,PulsV*
Gaia DR3 5811220807401064832,5811220807401064832,PulsV*
Gaia DR3 1391428876870599168,1391428876870599168,PulsV*
Gaia DR3 5316827186376735360,5316827186376735360,PulsV*
Gaia DR3 5799109996070352896,5799109996070352896,PulsV*
Gaia DR3 5642399936648301568,5642399936648301568,PulsV*
Gaia DR3 5546932365670543744,5546932365670543744,PulsV*
HD 281363,170369090504443136,PulsV*
LB  9850,5198106254433138816,PulsV*
Gaia DR3 5254387226711501184,5254387226711501184,PulsV*
GSC 03986-02013,2005868508851831680,PulsV*
Gaia DR3 5642151859336931584,5642151859336931584,PulsV*
Gaia DR3 1142034965102768384,1142034965102768384,PulsV*
Gaia DR3 2931478976698361728,2931478976698361728,PulsV*
CD-39  4088,5540597666860335104,PulsV*
Gaia DR3 5400293832756651648,5400293832756651648,PulsV*
Gaia DR3 5713368464418738048,5713368464418738048,PulsV*
Gaia DR3 5338389885050042496,5338389885050042496,PulsV*
HD  54109,2929054965877389312,PulsV*
Gaia DR3 1950077025414516096,1950077025414516096,PulsV*
HD  66323,5726314079962196352,PulsV*
Gaia DR3 5628289079292002048,5628289079292002048,PulsV*
Gaia DR3 6098732721421689088,6098732721421689088,PulsV*
TYC 9035-367-1,5822142939291954816,PulsV*
Gaia DR3 5616882745670967680,5616882745670967680,PulsV*
Gaia DR3 5692820859841618944,5692820859841618944,PulsV*
Gaia DR3 1987437227937166208,1987437227937166208,PulsV*
TYC 2188-584-1,1797375785390671744,PulsV*
Gaia DR3 1899083462821145856,1899083462821145856,PulsV*
Gaia DR3 5915257731493421696,5915257731493421696,PulsV*
Gaia DR3 5430162680305923328,5430162680305923328,PulsV*
Gaia DR3 5929104495596922112,5929104495596922112,PulsV*
ATO J143.4521-21.5742,5676815608365296256,PulsV*
Gaia DR3 5298009014809594112,5298009014809594112,PulsV*
Gaia DR3 5306573454488880000,5306573454488880000,PulsV*
TYC 3988-1291-1,2003862213673344640,PulsV*
HD  58286,5592847352767303680,PulsV*
Gaia DR3 6371904804790500224,6371904804790500224,PulsV*
TYC 2034-1241-1,1219150042047634688,PulsV*
Gaia DR3 5352498886962729728,5352498886962729728,PulsV*
Gaia DR3 4407757775757843840,4407757775757843840,PulsV*
Gaia DR3 274251189615837952,274251189615837952,PulsV*
Gaia DR3 2002306095481159296,2002306095481159296,PulsV*
2MASS J01241079-7322099,4686445632229634176,PulsV*
Gaia DR3 6726539528575401856,6726539528575401856,PulsV*
HD 153385,5938019615091262208,PulsV*
Gaia DR3 5826235978740102400,5826235978740102400,PulsV*
2MASS J00403558+4057126,381160514816985344,PulsV*
2MASS J19091178+3820042,2099545765662691712,PulsV*
Gaia DR3 2940289191566965504,2940289191566965504,PulsV*
Gaia DR3 5277004047748648960,5277004047748648960,PulsV*
HD 182275,4319956244668547712,PulsV*
TYC 8664-1193-1,6065103432430150656,PulsV*
Gaia DR3 4689032370837248256,4689032370837248256,PulsV*
Gaia DR3 5241625577545704960,5241625577545704960,PulsV*
Gaia DR3 5695669488304737920,5695669488304737920,PulsV*
ATO J052.7778+33.2153,124685172641951360,PulsV*
Gaia DR3 5596456259170245632,5596456259170245632,PulsV*
Gaia DR3 5916577592141469056,5916577592141469056,PulsV*
Gaia DR3 2077080956401516672,2077080956401516672,PulsV*
ATO J292.6401+49.2101,2129798729322063232,PulsV*
ATO J219.4199-26.9474,6223426136100040320,PulsV*
TYC 9280-497-1,5810909130215334784,PulsV*
Gaia DR3 5258405705496455936,5258405705496455936,PulsV*
Gaia DR3 5644921735287615232,5644921735287615232,PulsV*
TYC 5403-361-1,3045251934509346816,PulsV*
Gaia DR3 5824683605764190336,5824683605764190336,PulsV*
Gaia DR3 4660435069810747008,4660435069810747008,PulsV*
Gaia DR3 2922544482651258496,2922544482651258496,PulsV*
TYC 3602-1022-1,2172580039574983296,PulsV*
Gaia DR3 3032373256038023936,3032373256038023936,PulsV*
ATO J239.1803-24.3716,6236932743097554944,PulsV*
Gaia DR3 2942425267781361408,2942425267781361408,PulsV*
2MASS J03261138-5921252,4723123312905400704,PulsV*
UCAC4 250-013104,5563837597453906048,PulsV*
Gaia DR3 5266313118237793536,5266313118237793536,PulsV*
BD+29  4427,1850020402130521216,PulsV*
TYC 9023-2252-1,5832404754374027776,PulsV*
Gaia DR3 5846303539086091648,5846303539086091648,PulsV*
NGC  2168   492,3426295076459482496,PulsV*
TYC 7130-2238-1,5543256767017090816,PulsV*
Gaia DR3 5887023922214877824,5887023922214877824,PulsV*
Gaia DR3 4601248083965157888,4601248083965157888,PulsV*
Gaia DR3 4290861002347965824,4290861002347965824,PulsV*
Gaia DR3 5648440000691954816,5648440000691954816,PulsV*
[MAA2010] 262,5932349261878391424,PulsV*
Gaia DR3 4659905100865135488,4659905100865135488,PulsV*
Gaia DR3 4486419144012314368,4486419144012314368,PulsV*
Gaia DR3 5699151057518992384,5699151057518992384,PulsV*
Gaia DR3 5599512729698402688,5599512729698402688,PulsV*
HD 138944,5889293554752657536,PulsV*
Gaia DR3 1756750789249786880,1756750789249786880,PulsV*
Gaia DR3 5644807351720784512,5644807351720784512,PulsV*
Gaia DR3 5274949541549879040,5274949541549879040,PulsV*
TYC 5978-2249-1,2929764146571138688,PulsV*
NGC   869   713,458372829831645568,PulsV*
Gaia DR3 5334644050754742272,5334644050754742272,PulsV*
TYC 3723-653-1,276607786632027392,PulsV*
Gaia DR3 1809728901628426496,1809728901628426496,PulsV*
Gaia DR3 5947374461837735552,5947374461837735552,PulsV*
HD 222841,1926936257016228352,PulsV*
Gaia DR3 2033312215998105088,2033312215998105088,PulsV*
Gaia DR3 5831753396813536384,5831753396813536384,PulsV*
Cl* NGC 3293    ESL      72,5351448161833502080,PulsV*
Gaia DR3 3036491614274980480,3036491614274980480,PulsV*
V* GS UMa,756165967834687744,PulsV*
Gaia DR3 6067799507975144704,6067799507975144704,PulsV*
TYC 9065-1346-1,5813056235911696128,PulsV*
Gaia DR3 5831448866459468672,5831448866459468672,PulsV*
TYC 4377-2161-1,1121759322147439232,PulsV*
Gaia DR3 4660255024780348544,4660255024780348544,PulsV*
CPD-58  4506,6056738764637373568,PulsV*
Gaia DR3 5644953758564801792,5644953758564801792,PulsV*
Gaia DR3 5604948642160820736,5604948642160820736,PulsV*
Gaia DR3 4660223791786733184,4660223791786733184,PulsV*
ATO J198.4408-04.2734,3636006273550311040,PulsV*
Gaia DR3 4662102376103510656,4662102376103510656,PulsV*
Gaia DR3 4660295294398107136,4660295294398107136,PulsV*
Gaia DR3 4385416219175144320,4385416219175144320,PulsV*
Gaia DR3 4511078303622676224,4511078303622676224,PulsV*
Gaia DR3 4915838186239446272,4915838186239446272,PulsV*
[HSP2011] 090,2067837430868363520,PulsV*
Gaia DR3 4526975111438332672,4526975111438332672,PulsV*
Gaia DR3 668228127359926272,668228127359926272,PulsV*
Gaia DR3 6368353313512963328,6368353313512963328,PulsV*
Gaia DR3 5917805192552735872,5917805192552735872,PulsV*
TYC 3284-1307-1,356713324746496000,PulsV*
HD  10961,4911332147070635520,PulsV*
Gaia DR3 667004091743145472,667004091743145472,PulsV*
Gaia DR3 5849882110199384064,5849882110199384064,PulsV*
ATO J205.7510-14.0718,3606857842340766080,PulsV*
Gaia DR3 5355538585611511680,5355538585611511680,PulsV*
Gaia DR3 5600988755339562368,5600988755339562368,PulsV*
TYC 8298-90-1,5902795935449794944,PulsV*
TYC 8610-2873-1,5256790248059283456,PulsV*
Gaia DR3 5606876949339801472,5606876949339801472,PulsV*
Gaia DR3 4661857803478509952,4661857803478509952,PulsV*
TYC 8333-241-1,5940567320955177472,PulsV*
Gaia DR3 1823243858061453696,1823243858061453696,PulsV*
Gaia DR3 5710610202063021056,5710610202063021056,PulsV*
HD 188215,4298336135220794112,PulsV*
Gaia DR3 3032870372733614592,3032870372733614592,PulsV*
Gaia DR3 4888381319309558144,4888381319309558144,PulsV*
TYC 7134-2802-1,5541373303600681472,PulsV*
Gaia DR3 5628729051444148352,5628729051444148352,PulsV*
Gaia DR3 5643730964192687104,5643730964192687104,PulsV*
ATO J159.6115-32.0183,5454141143416476160,PulsV*
Gaia DR3 4505513434758222976,4505513434758222976,PulsV*
Gaia DR3 4904701851436480000,4904701851436480000,PulsV*
Gaia DR3 5339515338277164544,5339515338277164544,PulsV*
Gaia DR3 2001155937603014784,2001155937603014784,PulsV*
Gaia DR3 4615826405557074048,4615826405557074048,PulsV*
Gaia DR3 2927510839235367168,2927510839235367168,PulsV*
Gaia DR3 5707489925497057664,5707489925497057664,PulsV*
HD  99336,5375543791656916480,PulsV*
TYC 8990-625-1,5868523608251551360,PulsV*
ATO J120.6775-24.4966,5698384354317212544,PulsV*
Gaia DR3 3827100844701552768,3827100844701552768,PulsV*
TYC 5407-235-1,3032843086796445952,PulsV*
Gaia DR3 5803412522494030848,5803412522494030848,PulsV*
HD 179733,2099746636994141696,PulsV*
Gaia DR3 6634890290891029248,6634890290891029248,PulsV*
Gaia DR3 5717875671819006464,5717875671819006464,PulsV*
[DCT2018] F20c 28702,5611707481880388992,PulsV*
Gaia DR3 3034553553237688320,3034553553237688320,PulsV*
Gaia DR3 5861469485288491776,5861469485288491776,PulsV*
HD 150025,5830052864626452096,PulsV*
Gaia DR3 1933536041201877248,1933536041201877248,PulsV*
Gaia DR3 4660441353301136128,4660441353301136128,PulsV*
TYC 8244-1610-1,6079299437518852992,PulsV*
Gaia DR3 5805533995821921280,5805533995821921280,PulsV*
Gaia DR3 6046668642529125504,6046668642529125504,PulsV*
Gaia DR3 5607881868601282688,5607881868601282688,PulsV*
Gaia DR3 5546393982932987264,5546393982932987264,PulsV*
Gaia DR3 4659884454992842880,4659884454992842880,PulsV*
Gaia DR3 1929683245080630528,1929683245080630528,PulsV*
Gaia DR3 5692826529198182784,5692826529198182784,PulsV*
Gaia DR3 5821245192346715008,5821245192346715008,PulsV*
TYC 6560-5065-1,5694441780497563648,PulsV*
HD 290463,3220135619756010368,PulsV*
TYC 8987-594-1,5860579701140015488,PulsV*
Gaia DR3 1865798771954881792,1865798771954881792,PulsV*
Gaia DR3 6054379826804952448,6054379826804952448,PulsV*
Gaia DR3 456759708830485120,456759708830485120,PulsV*
Gaia DR3 5813033386685410176,5813033386685410176,PulsV*
Gaia DR3 4303444638040108032,4303444638040108032,PulsV*
Gaia DR3 3037795562047093120,3037795562047093120,PulsV*
Gaia DR3 1762308884952204672,1762308884952204672,PulsV*
TYC 9058-1635-1,5909547452214489856,PulsV*
Gaia DR3 390570758100896768,390570758100896768,PulsV*
Gaia DR3 6058363464849237632,6058363464849237632,PulsV*
ATO J037.0428-17.2137,5133284512054814208,PulsV*
Gaia DR3 6898228479700805504,6898228479700805504,PulsV*
UCAC4 382-051300,5735072033668985344,PulsV*
Gaia DR3 5622796159718906240,5622796159718906240,PulsV*
Gaia DR3 3464373878549309056,3464373878549309056,PulsV*
Gaia DR3 5373285497857194880,5373285497857194880,PulsV*
ATO J190.8704-15.9565,3523821659059155840,PulsV*
Gaia DR3 5787369647113979264,5787369647113979264,PulsV*
Gaia DR3 2925901910126297472,2925901910126297472,PulsV*
HD 343638,4520950371845574912,PulsV*
Gaia DR3 4685852377017073408,4685852377017073408,PulsV*
Gaia DR3 5337976090725019136,5337976090725019136,PulsV*
Gaia DR3 4661769533317389056,4661769533317389056,PulsV*
Gaia DR3 5337915548860359296,5337915548860359296,PulsV*
Gaia DR3 4592315509766832256,4592315509766832256,PulsV*
Gaia DR3 203181536838387200,203181536838387200,PulsV*
Gaia DR3 2921357662918769536,2921357662918769536,PulsV*
TYC 8988-2306-1,6054996657174449920,PulsV*
Gaia DR3 6397355677178491392,6397355677178491392,PulsV*
HD 346126,1830591275769079936,PulsV*
Gaia DR3 5630436322422738688,5630436322422738688,PulsV*
Gaia DR3 4584777056187344000,4584777056187344000,PulsV*
Gaia DR3 6074604076203895552,6074604076203895552,PulsV*
Gaia DR3 5515637309805074048,5515637309805074048,PulsV*
TYC 8748-684-1,6652666542055046144,PulsV*
ATO J082.9794+32.3953,3448745424569320704,PulsV*
Gaia DR3 5835539015411340032,5835539015411340032,PulsV*
HD 106426,6054443259189315840,PulsV*
BPS BS 17136-0063,713366687450953600,PulsV*
Gaia DR3 5700944395341182464,5700944395341182464,PulsV*
HD 145163,1205146971193628416,PulsV*
Gaia DR3 4430344703830427520,4430344703830427520,PulsV*
Gaia DR3 4660260483637705984,4660260483637705984,PulsV*
Gaia DR3 5712167041808579456,5712167041808579456,PulsV*
Gaia DR3 5605324816876979840,5605324816876979840,PulsV*
Gaia DR3 4564460653985672448,4564460653985672448,PulsV*
Gaia DR3 5924709270899585536,5924709270899585536,PulsV*
Gaia DR3 5870651575607573632,5870651575607573632,PulsV*
Gaia DR3 5621279379127127424,5621279379127127424,PulsV*
Gaia DR3 5356617966747540736,5356617966747540736,PulsV*
TYC 5994-3983-1,5711262654828383360,PulsV*
Gaia DR3 3053815897444720128,3053815897444720128,PulsV*
Gaia DR3 5849992508048197376,5849992508048197376,PulsV*
TYC 2662-2555-1,2049347326084851200,PulsV*
Gaia DR3 5196293911376330752,5196293911376330752,PulsV*
Gaia DR3 5718492703999177216,5718492703999177216,PulsV*
HD 327296,5953740294901580800,PulsV*
Gaia DR3 4660293645130586752,4660293645130586752,PulsV*
HD 116998,5869951014908397696,PulsV*
Gaia DR3 4660167132571922432,4660167132571922432,PulsV*
Gaia DR3 5999124698889235456,5999124698889235456,PulsV*
Gaia DR3 6437261562654403072,6437261562654403072,PulsV*
Gaia DR3 4660317215913090560,4660317215913090560,PulsV*
Gaia DR3 4662060899568596096,4662060899568596096,PulsV*
CD-22  5603,5699178476587098112,PulsV*
ATO J305.8436+51.8743,2181364828239596160,PulsV*
Gaia DR3 5592353878200632064,5592353878200632064,PulsV*
HD  73646,5761639460115200256,PulsV*
Gaia DR3 3055364662647749248,3055364662647749248,PulsV*
Gaia DR3 5784695845291204480,5784695845291204480,PulsV*
HD 332307,1862150592381806848,PulsV*
[DCT2018] F20a 04906,5592090682607273344,PulsV*
Gaia DR3 4541896510719805056,4541896510719805056,PulsV*
Gaia DR3 4543875051831300608,4543875051831300608,PulsV*
Gaia DR3 4137304372334485504,4137304372334485504,PulsV*
Gaia DR3 5542952923850825472,5542952923850825472,PulsV*
Gaia DR3 5938235222460391808,5938235222460391808,PulsV*
HD 353361,4318789113124945280,PulsV*
Gaia DR3 5695987900002170880,5695987900002170880,PulsV*
HD 309456,6057414311451687424,PulsV*
TYC 9455-434-1,5774622768293231360,PulsV*
Gaia DR3 5835607666155020544,5835607666155020544,PulsV*
Gaia DR3 4113012587058489344,4113012587058489344,PulsV*
TYC 3612-705-1,1979769371293920128,PulsV*
HD 190257,1835201042675810688,PulsV*
Gaia DR3 5814405194933601920,5814405194933601920,PulsV*
Gaia DR3 413648437719814144,413648437719814144,PulsV*
Gaia DR3 2059610270726324352,2059610270726324352,PulsV*
ATO J285.6870-12.2601,4198602351730246016,PulsV*
HD  94965,5188830052785580416,PulsV*
Gaia DR3 4956895908926065536,4956895908926065536,PulsV*
Gaia DR3 5601401381433771008,5601401381433771008,PulsV*
BD+24  3240,4581347885577248640,PulsV*
Gaia DR3 6068722131357165568,6068722131357165568,PulsV*
TYC 9208-1967-1,5217775280504321920,PulsV*
Gaia DR3 2223317656461850624,2223317656461850624,PulsV*
ATO J255.0049+39.1586,1351914731071130496,PulsV*
2MASS J19482010+4620010,2080266898725418368,PulsV*
BOKS 17007,2128162930899738496,PulsV*
Gaia DR3 6635812884228354432,6635812884228354432,PulsV*
2MASS J20332336+4119126,2067784276355849728,PulsV*
HD 322250,5969944862911832576,PulsV*
Gaia DR3 5299269806750511360,5299269806750511360,PulsV*
Gaia DR3 5339291480245167872,5339291480245167872,PulsV*
ATO J121.8542-18.0116,5714760239978903424,PulsV*
TYC 8575-475-1,5315817765983592320,PulsV*
Gaia DR3 3466758822348380928,3466758822348380928,PulsV*
TYC 8356-972-1,5945247976299098752,PulsV*
Gaia DR3 3032641261997032064,3032641261997032064,PulsV*
Gaia DR3 2922307434812755584,2922307434812755584,PulsV*
Gaia DR3 5790597886274537856,5790597886274537856,PulsV*
Gaia DR3 5765729544588704128,5765729544588704128,PulsV*
TYC 8612-88-1,5255563055628633088,PulsV*
Gaia DR3 6436501490880548224,6436501490880548224,PulsV*
Gaia DR3 5532829307975906560,5532829307975906560,PulsV*
TYC 8607-472-1,5258832797039703680,PulsV*
Gaia DR3 5303713968340218752,5303713968340218752,PulsV*
Gaia DR3 1819773146522852352,1819773146522852352,PulsV*
TYC 3656-1700-1,420337183561268224,PulsV*
Gaia DR3 5380256195412563456,5380256195412563456,PulsV*
Gaia DR3 5622142706217926784,5622142706217926784,PulsV*
Gaia DR3 1947181633341282432,1947181633341282432,PulsV*
ATO J092.1731+36.2070,3453410270152908032,PulsV*
Gaia DR3 5712206486788860800,5712206486788860800,PulsV*
HD 231906,4315144644400586624,PulsV*
Gaia DR3 1206963536201015680,1206963536201015680,PulsV*
Gaia DR3 4689021852410973056,4689021852410973056,PulsV*
TYC 8597-1915-1,5305296234296702720,PulsV*
TYC 6556-1018-1,5699774240093008256,PulsV*
Gaia DR3 5518982642645904896,5518982642645904896,PulsV*
BSD   8-1220,522576096913060224,PulsV*
CD-61  6730,6407017055787654272,PulsV*
HD 229196,2067571937468635264,PulsV*
Gaia DR3 5351167653258664704,5351167653258664704,PulsV*
Gaia DR3 5589935669875595264,5589935669875595264,PulsV*
TYC 7684-1097-1,5332250383874240640,PulsV*
TYC 4002-144-1,1996858565117279872,PulsV*
HD  23147,5087117702432767360,PulsV*
CD-47  7611,6131652855476068992,PulsV*
Gaia DR3 5826641247530296704,5826641247530296704,PulsV*
TYC 6568-1352-1,5692557148849409024,PulsV*
Gaia DR3 5890443437706371712,5890443437706371712,PulsV*
Gaia DR3 413284812913110016,413284812913110016,PulsV*
Gaia DR3 2059177853411709824,2059177853411709824,PulsV*
TYC 8954-1142-1,5245965830934932096,PulsV*
Gaia DR3 3041109009058497664,3041109009058497664,PulsV*
TYC 2123-1357-1,2023324634645768448,PulsV*
Gaia DR3 2254210497228217984,2254210497228217984,PulsV*
Gaia DR3 2028683929238305920,2028683929238305920,PulsV*
Gaia DR3 5955167667150696448,5955167667150696448,PulsV*
Gaia DR3 5309947546442772864,5309947546442772864,PulsV*
LS 3978,4112611952506129408,PulsV*
Gaia DR3 4111801754225490944,4111801754225490944,PulsV*
Gaia DR3 5727963824138835200,5727963824138835200,PulsV*
Gaia DR3 5945386549121619200,5945386549121619200,PulsV*
Gaia DR3 3044620612980962304,3044620612980962304,PulsV*
HD 355080,1808607434124611840,PulsV*
Gaia DR3 5923028598652358528,5923028598652358528,PulsV*
Gaia DR3 5712830700151976576,5712830700151976576,PulsV*
TYC 1865-2446-1,3440930130278345088,PulsV*
Gaia DR3 5316514482702655872,5316514482702655872,PulsV*
Gaia DR3 1755267543769779712,1755267543769779712,PulsV*
Gaia DR3 5311184015982470272,5311184015982470272,PulsV*
Gaia DR3 2037922541291247104,2037922541291247104,PulsV*
TYC 8978-5982-1,6057527522443792896,PulsV*
Gaia DR3 2928659382210099200,2928659382210099200,PulsV*
Gaia DR3 5857085904189421952,5857085904189421952,PulsV*
Gaia DR3 5694783041418268288,5694783041418268288,PulsV*
Gaia DR3 6056763675449968000,6056763675449968000,PulsV*
Gaia DR3 5254389086492720256,5254389086492720256,PulsV*
Gaia DR3 5235198038698128384,5235198038698128384,PulsV*
Gaia DR3 5613943441855151232,5613943441855151232,PulsV*
Gaia DR3 1846349815703341312,1846349815703341312,PulsV*
Gaia DR3 6062034253152062080,6062034253152062080,PulsV*
ATO J127.4619-18.9708,5707133992964089728,PulsV*
Gaia DR3 1945433787809941760,1945433787809941760,PulsV*
Gaia DR3 6727467555073447168,6727467555073447168,PulsV*
ATO J122.2964-24.7676,5697753853118641920,PulsV*
HD 138053,5824255822689315200,PulsV*
Gaia DR3 5695408182495361536,5695408182495361536,PulsV*
Gaia DR3 5870522795297462528,5870522795297462528,PulsV*
Gaia DR3 6466891270715497216,6466891270715497216,PulsV*
TYC 8677-233-1,5871016029341244544,PulsV*
Gaia DR3 4660551240071645056,4660551240071645056,PulsV*
Gaia DR3 6454510323111974016,6454510323111974016,PulsV*
HD  26291,177162354379859968,PulsV*
TYC 2693-1660-1,2056363859527133056,PulsV*
Gaia DR3 4660352670821170816,4660352670821170816,PulsV*
HD 209639,1962764633683238784,PulsV*
Gaia DR3 5334693739285397888,5334693739285397888,PulsV*
TYC 5990-904-1,5717382025455876352,PulsV*
Gaia DR3 6440390424849993600,6440390424849993600,PulsV*
HD 133327,5873783598835571200,PulsV*
Gaia DR3 2000311306510277504,2000311306510277504,PulsV*
Gaia DR3 4657800708651422720,4657800708651422720,PulsV*
Gaia DR3 5774345730020669696,5774345730020669696,PulsV*
Gaia DR3 6446520069033243008,6446520069033243008,PulsV*
Gaia DR3 5860368702320059904,5860368702320059904,PulsV*
Gaia DR3 5710571856594290816,5710571856594290816,PulsV*
Gaia DR3 5626481855834654976,5626481855834654976,PulsV*
ATO J308.9501+49.9326,2180006244184406912,PulsV*
TYC 8172-2034-1,5409677923991729408,PulsV*
2MASS J01114083-6208388,4710383958868772992,PulsV*
CRTS J193502.2-212841,6772226989783637248,PulsV*
NGC  2533   118,5596681379869995776,PulsV*
TYC 1942-1425-1,690569138483778432,PulsV*
Gaia DR3 5698094358123051776,5698094358123051776,PulsV*
ATO J292.3952+32.3052,2045168357280866944,PulsV*
Gaia DR3 3467295182160785920,3467295182160785920,PulsV*
Gaia DR3 1798479244094181888,1798479244094181888,PulsV*
Cl* NGC 5139    WSB V52,6083875261314498304,PulsV*
NSVS  10364959,3897863626359185536,PulsV*
TYC 3793-1731-1,1085764884867221632,PulsV*
TYC 4019-3255-1,431377173668032768,PulsV*
Gaia DR3 5718783456106750848,5718783456106750848,PulsV*
Gaia DR3 5933464647653468288,5933464647653468288,PulsV*
CD-59  5259,5890759993972800256,PulsV*
Gaia DR3 5863753411456292608,5863753411456292608,PulsV*
Gaia DR3 1821277828194584832,1821277828194584832,PulsV*
Gaia DR3 5714806247667828736,5714806247667828736,PulsV*
Gaia DR3 4659895445778130560,4659895445778130560,PulsV*
Gaia DR3 4707821478300884352,4707821478300884352,PulsV*
Gaia DR3 6755329523288912640,6755329523288912640,PulsV*
HD 113857,6066477448343646720,PulsV*
Gaia DR3 4579892849438897152,4579892849438897152,PulsV*
Gaia DR3 4685989919098299392,4685989919098299392,PulsV*
TYC 8978-3806-1,6057435953734110592,PulsV*
TYC 5978-2479-1,5619907124204208640,PulsV*
Gaia DR3 535641589283180800,535641589283180800,PulsV*
Gaia DR3 5835677210274509568,5835677210274509568,PulsV*
UCAC4 339-058949,3549363932648260480,PulsV*
Gaia DR3 5606907392067911168,5606907392067911168,PulsV*
TYC 3208-1020-1,1957857238409078784,PulsV*
Gaia DR3 5241392377986053632,5241392377986053632,PulsV*
Gaia DR3 5310518089902126336,5310518089902126336,PulsV*
Gaia DR3 5957777529846173056,5957777529846173056,PulsV*
BD+38  4512,1964397202295011072,PulsV*
GSC 03986-02539,2005865210316951936,PulsV*
Gaia DR3 1810407059782238848,1810407059782238848,PulsV*
Gaia DR3 4325842274006179456,4325842274006179456,PulsV*
Gaia DR3 5235694154647505920,5235694154647505920,PulsV*
Gaia DR3 5826788620785268352,5826788620785268352,PulsV*
Gaia DR3 4660273853919589632,4660273853919589632,PulsV*
Gaia DR3 1858936376290957568,1858936376290957568,PulsV*
Gaia DR3 5300524388185561856,5300524388185561856,PulsV*
Gaia DR3 4727339218443712000,4727339218443712000,PulsV*
Gaia DR3 4352740485944851712,4352740485944851712,PulsV*
Gaia DR3 6636637273129555328,6636637273129555328,PulsV*
Gaia DR3 1973484116142598912,1973484116142598912,PulsV*
Gaia DR3 2048137347908315776,2048137347908315776,PulsV*
TYC 4618-728-1,1149843597900488704,PulsV*
Gaia DR3 5592658060664895872,5592658060664895872,PulsV*
Gaia DR3 3047788580861621504,3047788580861621504,PulsV*
ATO J280.1889-02.4387,4259498773219084928,PulsV*
Gaia DR3 5635654054848551680,5635654054848551680,PulsV*
TYC 8292-922-1,5901185803727280512,PulsV*
Gaia DR3 5360944751147978240,5360944751147978240,PulsV*
ATO J116.3560-11.3066,3037072981047989632,PulsV*
HD  69668,5694706517975238016,PulsV*
Gaia DR3 5548432649289041024,5548432649289041024,PulsV*
CD-53  6460,5933005120598003840,PulsV*
[DCT2018] F20b 12537,5593308769695449088,PulsV*
Gaia DR3 1735652565565353600,1735652565565353600,PulsV*
Gaia DR3 4302101584611822464,4302101584611822464,PulsV*
Gaia DR3 6492489516317982592,6492489516317982592,PulsV*
Gaia DR3 5693635735398821632,5693635735398821632,PulsV*
LS   I +69    4,532358829818405632,PulsV*
Gaia DR3 5300571323584404736,5300571323584404736,PulsV*
Gaia DR3 5591629437479636992,5591629437479636992,PulsV*
Gaia DR3 5643917468854711296,5643917468854711296,PulsV*
Gaia DR3 5948505309546981120,5948505309546981120,PulsV*
Gaia DR3 2760173858194796032,2760173858194796032,PulsV*
Gaia DR3 6235635903494356992,6235635903494356992,PulsV*
TYC 3251-619-1,392089218018652928,PulsV*
TYC 3611-2287-1,1987494849217278848,PulsV*
Gaia DR3 6433123447564186624,6433123447564186624,PulsV*
Gaia DR3 6663316892717282432,6663316892717282432,PulsV*
Gaia DR3 5590619845282715776,5590619845282715776,PulsV*
Gaia DR3 5602391800901385856,5602391800901385856,PulsV*
TYC 7678-1568-1,5622889480767869568,PulsV*
Gaia DR3 6391166285707801856,6391166285707801856,PulsV*
HD  18132,5052239372534603136,PulsV*
Gaia DR3 1807093509696285440,1807093509696285440,PulsV*
CRTS J055029.9-324124,2890565496185651840,PulsV*
Gaia DR3 5998790752291299328,5998790752291299328,PulsV*
Gaia DR3 2287936053606392576,2287936053606392576,PulsV*
NGC  2168   374,3425512911374788992,PulsV*
Gaia DR3 6152980941504249472,6152980941504249472,PulsV*
Gaia DR3 5814295935267203712,5814295935267203712,PulsV*
Gaia DR3 5712846608710692224,5712846608710692224,PulsV*
Gaia DR3 6063984718021393408,6063984718021393408,PulsV*
Gaia DR3 5717883746354052352,5717883746354052352,PulsV*
Gaia DR3 5269378316132149632,5269378316132149632,PulsV*
Gaia DR3 5832909189699111552,5832909189699111552,PulsV*
TYC 3577-1658-1,2083645693660115200,PulsV*
Gaia DR3 2025479986720990848,2025479986720990848,PulsV*
HD 121190,6090072894822497280,PulsV*
ATO J144.8122-24.2474,5662036630196153984,PulsV*
Gaia DR3 5791247250971876224,5791247250971876224,PulsV*
ATO J176.2873-24.6212,3491640706062470400,PulsV*
Gaia DR3 3487209536763389952,3487209536763389952,PulsV*
Gaia DR3 4325787946958181760,4325787946958181760,PulsV*
Gaia DR3 5817238159668888064,5817238159668888064,PulsV*
Gaia DR3 6751948284514929536,6751948284514929536,PulsV*
Gaia DR3 5597507426649193088,5597507426649193088,PulsV*
Gaia DR3 4662307709896452992,4662307709896452992,PulsV*
Gaia DR3 5823482419338118656,5823482419338118656,PulsV*
Gaia DR3 5816002755279000960,5816002755279000960,PulsV*
HD 332199,2054351340950643840,PulsV*
TYC 8995-992-1,5865702467578193152,PulsV*
Gaia DR3 5694226276225629568,5694226276225629568,PulsV*
Gaia DR3 3033641130385049856,3033641130385049856,PulsV*
Gaia DR3 5701400349068650624,5701400349068650624,PulsV*
Gaia DR3 4865208763860205056,4865208763860205056,PulsV*
Gaia DR3 5599669238305921024,5599669238305921024,PulsV*
Gaia DR3 3529252387507117952,3529252387507117952,PulsV*
StKM 1-701,664133786574788736,PulsV*
HD 332164A,2053892741520012160,PulsV*
TYC 8660-2416-1,6060172711226642816,PulsV*
Gaia DR3 5597763441059235712,5597763441059235712,PulsV*
Gaia DR3 5533113531729931776,5533113531729931776,PulsV*
Gaia DR3 431655728066330496,431655728066330496,PulsV*
Gaia DR3 4353003024407696640,4353003024407696640,PulsV*
Gaia DR3 4660297596507964800,4660297596507964800,PulsV*
Gaia DR3 6895322706692091264,6895322706692091264,PulsV*
Gaia DR3 5646543411858893952,5646543411858893952,PulsV*
Gaia DR3 5856295630204175104,5856295630204175104,PulsV*
Gaia DR3 5347023044170333568,5347023044170333568,PulsV*
Gaia DR3 4654945139489251712,4654945139489251712,PulsV*
TYC 2539-459-1,1469137582719217536,PulsV*
Gaia DR3 3087188686681373440,3087188686681373440,PulsV*
Gaia DR3 5259410624770327936,5259410624770327936,PulsV*
HD  90872,5351748435890640256,PulsV*
Gaia DR3 5698580647202480256,5698580647202480256,PulsV*
BD-05  5650,2669959959928053632,PulsV*
Gaia DR3 6058066081317876096,6058066081317876096,PulsV*
Gaia DR3 5641684910492031616,5641684910492031616,PulsV*
Gaia DR3 5306801122118721536,5306801122118721536,PulsV*
HD 170230,4529440384008011520,PulsV*
Gaia DR3 5912932333126907776,5912932333126907776,PulsV*
Gaia DR3 6367389694651205376,6367389694651205376,PulsV*
HD  69140,5694271459276687232,PulsV*
Gaia DR3 4657639973782451840,4657639973782451840,PulsV*
Gaia DR3 411643035887809280,411643035887809280,PulsV*
Gaia DR3 5932277892314219648,5932277892314219648,PulsV*
Gaia DR3 5258743491776125056,5258743491776125056,PulsV*
Gaia DR3 5815099914484792576,5815099914484792576,PulsV*
Gaia DR3 380256235221431680,380256235221431680,PulsV*
Gaia DR3 5712895743138298624,5712895743138298624,PulsV*
Gaia DR3 2044663509648885632,2044663509648885632,PulsV*
Gaia DR3 505115165069212032,505115165069212032,PulsV*
Gaia DR3 6906987086249014528,6906987086249014528,PulsV*
Gaia DR3 198972988580877312,198972988580877312,PulsV*
Gaia DR3 6634777384791038720,6634777384791038720,PulsV*
Gaia DR3 5357196722177039360,5357196722177039360,PulsV*
Gaia DR3 5923996679969214976,5923996679969214976,PulsV*
Gaia DR3 5353888188617875328,5353888188617875328,PulsV*
ATO J103.3635-23.2581,2922660687284521088,PulsV*
Gaia DR3 1815821914018003200,1815821914018003200,PulsV*
ATO J128.0362-27.6936,5646500977585069824,PulsV*
TYC 8185-1749-1,5411088253811163264,PulsV*
Gaia DR3 5849997588912999808,5849997588912999808,PulsV*
Gaia DR3 5858224001827573120,5858224001827573120,PulsV*
Gaia DR3 551149758411798656,551149758411798656,PulsV*
CPD-59  3441,5336059641982725248,PulsV*
TYC 4001-464-1,1945173959467254400,PulsV*
BOKS 20723,2128116579614444544,PulsV*
Gaia DR3 6397942163552989184,6397942163552989184,PulsV*
TYC 2509-1206-1,795937463779569152,PulsV*
Gaia DR3 4662089422481376000,4662089422481376000,PulsV*
Gaia DR3 201212281450683008,201212281450683008,PulsV*
Gaia DR3 5646886665646688768,5646886665646688768,PulsV*
Gaia DR3 5697670702550468096,5697670702550468096,PulsV*
Gaia DR3 4294297869554272000,4294297869554272000,PulsV*
Gaia DR3 2454439570461809408,2454439570461809408,PulsV*
Gaia DR2 2936588029269162624,2936588029269162624,PulsV*
TYC 3247-226-1,385827048323119616,PulsV*
Gaia DR3 4655086598566566016,4655086598566566016,PulsV*
HD 222449,1944876369773621888,PulsV*
TYC 7094-2135-1,5602969078850760320,PulsV*
TYC 9040-1344-1,5829480740632583936,PulsV*
Gaia DR3 5611462531302957440,5611462531302957440,PulsV*
Gaia DR3 5869754408470865920,5869754408470865920,PulsV*
Gaia DR3 6038648224899192320,6038648224899192320,PulsV*
Gaia DR3 5849907330247953280,5849907330247953280,PulsV*
OGLE-III Car110.6  26543,5254083044296487552,PulsV*
Cl* NGC 7789      M     144,1998062461630032640,PulsV*
Gaia DR3 5609386687705622400,5609386687705622400,PulsV*
Gaia DR3 4660209017097270400,4660209017097270400,PulsV*
Gaia DR3 5619396675925847424,5619396675925847424,PulsV*
Gaia DR3 3041342895800453376,3041342895800453376,PulsV*
TYC 3129-1805-1,2102698447758890880,PulsV*
Gaia DR3 5341625335440975744,5341625335440975744,PulsV*
ATO J327.2989+36.7659,1949460371188389632,PulsV*
HD 185596,6646139600511499136,PulsV*
Gaia DR3 5357640959232509056,5357640959232509056,PulsV*
Gaia DR3 537420603394550528,537420603394550528,PulsV*
Gaia DR3 3419115987085253120,3419115987085253120,PulsV*
HD 309032,5333173389567321600,PulsV*
Gaia DR3 4660554779124700288,4660554779124700288,PulsV*
Gaia DR3 4660286154706972928,4660286154706972928,PulsV*
Gaia DR3 4657364232581637632,4657364232581637632,PulsV*
ATO J351.7233+48.2812,1941958506429990144,PulsV*
Gaia DR3 3402447704341558016,3402447704341558016,PulsV*
HD 141318,5884607985911748224,PulsV*
Gaia DR3 5694293724388493056,5694293724388493056,PulsV*
HD 155535A,5973560984837725824,PulsV*
Gaia DR3 5275737852730063360,5275737852730063360,PulsV*
TYC 9043-226-1,5818211261819857664,PulsV*
Gaia DR3 1735180707574685056,1735180707574685056,PulsV*
ATO J107.4628+09.9344,3156306255345291136,PulsV*
Gaia DR3 5605171812960899200,5605171812960899200,PulsV*
TYC 9035-751-1,5822131123865706880,PulsV*
TYC 8631-243-1,5344529248707086848,PulsV*
ATO J289.6289-19.2254,4084209990917254784,PulsV*
Gaia DR3 6043813416986388480,6043813416986388480,PulsV*
Gaia DR3 6081861471412103808,6081861471412103808,PulsV*
Gaia DR3 2031797741843383808,2031797741843383808,PulsV*
Gaia DR3 4662024791801464832,4662024791801464832,PulsV*
Gaia DR3 5710842783128715392,5710842783128715392,PulsV*
Gaia DR3 5949351113177927680,5949351113177927680,PulsV*
Gaia DR3 5717828976933836544,5717828976933836544,PulsV*
Gaia DR3 6039641530574594304,6039641530574594304,PulsV*
Gaia DR3 5698555053500632960,5698555053500632960,PulsV*
TYC 8156-3108-1,5328424697585612544,PulsV*
ATO J269.8267-16.1394,4145123858505597824,PulsV*
Gaia DR3 5428942295410501888,5428942295410501888,PulsV*
Gaia DR3 5698213277183721856,5698213277183721856,PulsV*
UNSW-V 284,5916398234301356672,PulsV*
Gaia DR3 5714269170599165952,5714269170599165952,PulsV*
Gaia DR3 3450857071008417792,3450857071008417792,PulsV*
Gaia DR3 5591626619981001344,5591626619981001344,PulsV*
ATO J135.5112-33.7649,5627519558591818112,PulsV*
[DI91] 1290,4643476099338417280,PulsV*
TYC 8957-11-1,5242172756378840832,PulsV*
Gaia DR3 4660522790206497408,4660522790206497408,PulsV*
Gaia DR3 5340305371738561664,5340305371738561664,PulsV*
Gaia DR3 5719082351469561600,5719082351469561600,PulsV*
Gaia DR3 4611506046414838144,4611506046414838144,PulsV*
Gaia DR3 5202309687385868672,5202309687385868672,PulsV*
Gaia DR3 6030128452926295552,6030128452926295552,PulsV*
Gaia DR3 213305187072032768,213305187072032768,PulsV*
Gaia DR3 5828726887969299200,5828726887969299200,PulsV*
BD+60   258,510750368319310720,PulsV*
Gaia DR3 4659894075719952896,4659894075719952896,PulsV*
Gaia DR3 5229387154089307264,5229387154089307264,PulsV*
Gaia DR3 5258360110133614208,5258360110133614208,PulsV*
TYC 2105-1546-1,4586578021873220608,PulsV*
Gaia DR3 4663551669872214272,4663551669872214272,PulsV*
Gaia DR3 5335920450675524480,5335920450675524480,PulsV*
HD 240371,2011719942233805824,PulsV*
TYC 6563-2393-1,5697105862816831616,PulsV*
Gaia DR3 5344749696481192704,5344749696481192704,PulsV*
Gaia DR3 4182410947802483328,4182410947802483328,PulsV*
Gaia DR3 5855233085326830848,5855233085326830848,PulsV*
Gaia DR3 6366050901805056000,6366050901805056000,PulsV*
Gaia DR3 5346831316822884480,5346831316822884480,PulsV*
Gaia DR3 3046870626087684608,3046870626087684608,PulsV*
ATO J095.9477-14.8106,2945330555461225088,PulsV*
Gaia DR3 5600518954632814208,5600518954632814208,PulsV*
TYC 3156-1667-1,2067369215010000384,PulsV*
HD 197510,2183321237381165184,PulsV*
Gaia DR3 5412258885793216256,5412258885793216256,PulsV*
CD-61  3558,6055397463489725184,PulsV*
Gaia DR3 5389062012242122752,5389062012242122752,PulsV*
TYC 3674-12-1,409226786065351296,PulsV*
HD 122575,3657675929746608768,PulsV*
Gaia DR3 1726799778974712704,1726799778974712704,PulsV*
Gaia DR3 5914535622931165312,5914535622931165312,PulsV*
BD+41   600,240165122264530944,PulsV*
Gaia DR3 5265465944521965568,5265465944521965568,PulsV*
TYC 7118-1257-1,5586953798642312064,PulsV*
Gaia DR3 5253318299579910784,5253318299579910784,PulsV*
OGLE-III Car108.5  37332,5254152996372593280,PulsV*
Gaia DR3 5697589854090793984,5697589854090793984,PulsV*
Gaia DR3 6058702354944189312,6058702354944189312,PulsV*
Gaia DR3 1963863629917625728,1963863629917625728,PulsV*
ATO J037.1807+49.5589,450715998346321280,PulsV*
Gaia DR3 5358283074029547520,5358283074029547520,PulsV*
Gaia DR3 5308333768295790080,5308333768295790080,PulsV*
TYC 2409-695-1,3448290673433272064,PulsV*
Gaia DR3 4662261564772025728,4662261564772025728,PulsV*
TYC 6823-2227-1,6029880203899893888,PulsV*
Gaia DR3 5796592385008860800,5796592385008860800,PulsV*
Gaia DR3 419573538383916288,419573538383916288,PulsV*
Gaia DR3 6029883639874281216,6029883639874281216,PulsV*
TYC 3648-424-1,1992323075350802688,PulsV*
TYC 3080-25-1,1354315686508916992,PulsV*
ATO J330.8975+47.7452,1975376753616258048,PulsV*
Gaia DR3 6144861666610530816,6144861666610530816,PulsV*
ATO J105.7418-28.4393,5609617653865346560,PulsV*
HD 293778,3212987007468463232,PulsV*
LAMOST J085346.93+005457.8,3074818832972990208,PulsV*
Gaia DR3 5814556416449127296,5814556416449127296,PulsV*
Cl* NGC 2627    PCA  1-606,5645264061358316544,PulsV*
Gaia DR3 5542038576855358848,5542038576855358848,PulsV*
Gaia DR3 5338591404927942912,5338591404927942912,PulsV*
Gaia DR3 5829569285674670208,5829569285674670208,PulsV*
Gaia DR3 6062071533472541696,6062071533472541696,PulsV*
Gaia DR3 5609768596199309952,5609768596199309952,PulsV*
Gaia DR3 1089767691308116608,1089767691308116608,PulsV*
Gaia DR3 5301631562024615168,5301631562024615168,PulsV*
Gaia DR3 386568325318066432,386568325318066432,PulsV*
TYC 5978-791-1,5619580500527635072,PulsV*
TYC 8943-2899-1,5253313798453539584,PulsV*
ATO J182.2600-23.1942,3490069607025071872,PulsV*
[HSP2011] 091,2067832556079990272,PulsV*
TYC 8950-18-1,5249623803047588352,PulsV*
ATO J103.9303-26.2487,2920711321884007040,PulsV*
Gaia DR3 4659875521460364288,4659875521460364288,PulsV*
Gaia DR3 3030833080764552576,3030833080764552576,PulsV*
ATO J201.2615+57.7088,1565959133550654208,PulsV*
Gaia DR3 5077765153447276672,5077765153447276672,PulsV*
Gaia DR3 5812360107606903552,5812360107606903552,PulsV*
ATO J213.9006+53.5746,1608289506586484480,PulsV*
Gaia DR3 3073136756276532736,3073136756276532736,PulsV*
Gaia DR3 5256427477944287744,5256427477944287744,PulsV*
Gaia DR3 6043526173872977920,6043526173872977920,PulsV*
LLNS  4650,5339336869454815360,PulsV*
Gaia DR3 5852597629039214080,5852597629039214080,PulsV*
Gaia DR3 264610843459732480,264610843459732480,PulsV*
Gaia DR3 5813269365063718784,5813269365063718784,PulsV*
Gaia DR3 5255142389368799872,5255142389368799872,PulsV*
Gaia DR3 5329947388061658368,5329947388061658368,PulsV*
Gaia DR3 3336515867539945088,3336515867539945088,PulsV*
Gaia DR3 5700642648118787712,5700642648118787712,PulsV*
Gaia DR3 5610089962831177728,5610089962831177728,PulsV*
Gaia DR3 3036443441921759232,3036443441921759232,PulsV*
HD 116810,6088442666976890496,PulsV*
Gaia DR3 5609911253532266752,5609911253532266752,PulsV*
Gaia DR3 5596227457676738688,5596227457676738688,PulsV*
TYC 8980-1199-1,5332783470915628032,PulsV*
Gaia DR3 3627678602545726464,3627678602545726464,PulsV*
TYC 9014-1211-1,5852606700011077120,PulsV*
HD 189335,2059274610423488000,PulsV*
ATO J313.6404-05.8532,6913591680798138112,PulsV*
Gaia DR3 5819846029451998976,5819846029451998976,PulsV*
Gaia DR3 5828369374877598976,5828369374877598976,PulsV*
Gaia DR3 2929021430776496256,2929021430776496256,PulsV*
Gaia DR3 5547539948925570816,5547539948925570816,PulsV*
TYC 2031-715-1,1271830324195078016,PulsV*
Gaia DR3 1975834287889998336,1975834287889998336,PulsV*
Gaia DR3 5605107903847302272,5605107903847302272,PulsV*
TYC 7680-1439-1,5525544253162822016,PulsV*
Gaia DR3 3253017129162976384,3253017129162976384,PulsV*
Gaia DR3 4972238425460681600,4972238425460681600,PulsV*
Gaia DR3 5699831449055210752,5699831449055210752,PulsV*
Gaia DR3 2935317990265575296,2935317990265575296,PulsV*
Gaia DR3 6126486868812718720,6126486868812718720,PulsV*
Gaia DR3 3402752574006150784,3402752574006150784,PulsV*
Gaia DR3 5260477460266435328,5260477460266435328,PulsV*
Gaia DR3 5317219368430259840,5317219368430259840,PulsV*
Gaia DR3 5341409728094420992,5341409728094420992,PulsV*
Gaia DR3 5818709095762169344,5818709095762169344,PulsV*
HD 345501,1826935502699748992,PulsV*
Gaia DR3 2922252081274849536,2922252081274849536,PulsV*
Gaia DR3 5616497401206980864,5616497401206980864,PulsV*
Gaia DR3 5530317645460991104,5530317645460991104,PulsV*
Gaia DR3 5616035125284838528,5616035125284838528,PulsV*
Gaia DR3 1933798515243599104,1933798515243599104,PulsV*
Gaia DR3 5822609686297769600,5822609686297769600,PulsV*
Gaia DR3 5602326826635127808,5602326826635127808,PulsV*
Gaia DR3 5233885737209049088,5233885737209049088,PulsV*
Gaia DR3 1960840488335835520,1960840488335835520,PulsV*
Gaia DR3 5355255014686683520,5355255014686683520,PulsV*
Gaia DR3 4663776893623007104,4663776893623007104,PulsV*
ATO J289.8026-18.9557,4084232324748031616,PulsV*
NGC  2168   513,3426293775088291456,PulsV*
Gaia DR3 1670488501412245632,1670488501412245632,PulsV*
HD 319598,5978953986316117120,PulsV*
TYC 8642-267-1,5336233364797609856,PulsV*
CD-51 10372,5931221918863730304,PulsV*
Gaia DR3 3220839199822575360,3220839199822575360,PulsV*
Gaia DR3 4534265453349436928,4534265453349436928,PulsV*
Gaia DR3 5833042780369933952,5833042780369933952,PulsV*
Gaia DR3 5834674661794442624,5834674661794442624,PulsV*
Gaia DR3 2192027720205065600,2192027720205065600,PulsV*
TYC 4429-885-1,2258542431304240384,PulsV*
Gaia DR3 5339224414380451328,5339224414380451328,PulsV*
Gaia DR3 5599387488449029248,5599387488449029248,PulsV*
TYC 3678-1727-1,412609742825863936,PulsV*
Gaia DR3 2868186173951716992,2868186173951716992,PulsV*
Gaia DR3 5578048201127659008,5578048201127659008,PulsV*
Gaia DR3 6062082631669407232,6062082631669407232,PulsV*
Gaia DR3 5998094834459450240,5998094834459450240,PulsV*
ATO J291.6637-22.9428,6771573806859687296,PulsV*
Gaia DR3 5436275449559050880,5436275449559050880,PulsV*
Gaia DR3 2927528564557896704,2927528564557896704,PulsV*
ATO J070.6550+10.4538,3293890069472320896,PulsV*
ATO J343.2286+49.3673,1985504350912545536,PulsV*
Gaia DR3 378383702495792256,378383702495792256,PulsV*
PGMW 3175,4662153022325334656,PulsV*
HD 345247,1826487894060046976,PulsV*
CD-61  3536,6054706690998108288,PulsV*
Gaia DR3 5308954305169573376,5308954305169573376,PulsV*
Gaia DR3 5694349662044504576,5694349662044504576,PulsV*
Gaia DR3 6147200808877314304,6147200808877314304,PulsV*
Gaia DR3 6539341081169898368,6539341081169898368,PulsV*
Gaia DR3 409566024062761728,409566024062761728,PulsV*
Gaia DR3 2002987414733656192,2002987414733656192,PulsV*
Gaia DR3 5865113021943905024,5865113021943905024,PulsV*
Gaia DR3 238267300775724032,238267300775724032,PulsV*
Gaia DR3 608017186993905536,608017186993905536,PulsV*
Gaia DR3 5892860954539708928,5892860954539708928,PulsV*
Gaia DR3 5344724893064344832,5344724893064344832,PulsV*
Gaia DR3 5846110098070443264,5846110098070443264,PulsV*
Gaia DR3 4660283302848467072,4660283302848467072,PulsV*
Gaia DR3 5591267663792667008,5591267663792667008,PulsV*
TYC 4317-941-1,542215882838611328,PulsV*
Gaia DR3 5622005954460423936,5622005954460423936,PulsV*
Gaia DR3 4437024580566869376,4437024580566869376,PulsV*
TYC 8589-95-1,5308746536145456896,PulsV*
Gaia DR3 5234315989843006592,5234315989843006592,PulsV*
Gaia DR3 5700961265973445760,5700961265973445760,PulsV*
Gaia DR3 262027674034254336,262027674034254336,PulsV*
Gaia DR3 5698313573263567232,5698313573263567232,PulsV*
Gaia DR3 6419078114231451904,6419078114231451904,PulsV*
Gaia DR3 786382471512513024,786382471512513024,PulsV*
Gaia DR3 5307318476705404928,5307318476705404928,PulsV*
Gaia DR3 5333738779033967488,5333738779033967488,PulsV*
Gaia DR3 5649682650690623104,5649682650690623104,PulsV*
Gaia DR3 6426968828146639616,6426968828146639616,PulsV*
ATO J338.2186-16.1854,2595906550422329856,PulsV*
Gaia DR3 411819301349074688,411819301349074688,PulsV*
Gaia DR3 6351723883041739520,6351723883041739520,PulsV*
Gaia DR3 5927081600358215040,5927081600358215040,PulsV*
TYC 2690-890-1,1863998493463260928,PulsV*
Gaia DR3 4660680295236036096,4660680295236036096,PulsV*
Gaia DR3 4660489117677246720,4660489117677246720,PulsV*
Gaia DR3 2909881372865313152,2909881372865313152,PulsV*
TYC 8603-1278-1,5355159120966729344,PulsV*
CRTS J195941.7-243144,6851339394020853504,PulsV*
TYC 6567-1721-1,5596737184396908288,PulsV*
Gaia DR3 4735288584433023872,4735288584433023872,PulsV*
Gaia DR3 5520796012204714112,5520796012204714112,PulsV*
Gaia DR3 6409361489456471040,6409361489456471040,PulsV*
Gaia DR3 2931353082616950528,2931353082616950528,PulsV*
TYC 4225-431-1,2254159988413158528,PulsV*
Gaia DR3 5713199685078878080,5713199685078878080,PulsV*
Gaia DR3 5697373731338843648,5697373731338843648,PulsV*
Gaia DR3 2000686136899766656,2000686136899766656,PulsV*
Gaia DR3 5223646260280659840,5223646260280659840,PulsV*
Gaia DR3 5769204035691658496,5769204035691658496,PulsV*
Gaia DR3 5610036052404989184,5610036052404989184,PulsV*
ATO J172.7449-20.5571,3544538481055240320,PulsV*
HD   3191,430241756112156800,PulsV*
Gaia DR3 4659851504001984640,4659851504001984640,PulsV*
Gaia DR3 5638573430026827392,5638573430026827392,PulsV*
Gaia DR3 1871263516545140992,1871263516545140992,PulsV*
Gaia DR3 1824667961798328064,1824667961798328064,PulsV*
Gaia DR3 5712591590734911360,5712591590734911360,PulsV*
Gaia DR3 5851609752186338176,5851609752186338176,PulsV*
Gaia DR3 458256552170688256,458256552170688256,PulsV*
Gaia DR3 3034566433835214336,3034566433835214336,PulsV*
Gaia DR3 5335085749531069440,5335085749531069440,PulsV*
Gaia DR3 255343403549489792,255343403549489792,PulsV*
Gaia DR3 5773490928447383424,5773490928447383424,PulsV*
Gaia DR3 1939187393529656192,1939187393529656192,PulsV*
Gaia DR3 6802222659121564288,6802222659121564288,PulsV*
Gaia DR3 4660162524062246400,4660162524062246400,PulsV*
ATO J311.5338+34.9646,1869509928629708416,PulsV*
ATO J314.8986+03.2661,1731196936428749184,PulsV*
Gaia DR3 5847964012117952896,5847964012117952896,PulsV*
Gaia DR3 4685885431110275328,4685885431110275328,PulsV*
Gaia DR3 5634850071330543744,5634850071330543744,PulsV*
Gaia DR3 5893089378110068608,5893089378110068608,PulsV*
Gaia DR3 5546381853945888128,5546381853945888128,PulsV*
Gaia DR3 1975593048165791104,1975593048165791104,PulsV*
Gaia DR3 1865997955362113664,1865997955362113664,PulsV*
TYC 2669-1185-1,2033488520167507712,PulsV*
ATO J354.7403+35.0963,2873219257150160768,PulsV*
Gaia DR3 5785421385528766592,5785421385528766592,PulsV*
TYC 8674-744-1,6062073217099802752,PulsV*
Gaia DR3 5336145506955685504,5336145506955685504,PulsV*
Gaia DR3 5866678352845578368,5866678352845578368,PulsV*
Gaia DR3 5597456127559088896,5597456127559088896,PulsV*
Gaia DR2 6561407278808404096,6561407278808404096,PulsV*
Gaia DR3 3035141791958088192,3035141791958088192,PulsV*
Gaia DR3 1980324895231478144,1980324895231478144,PulsV*
Gaia DR3 5543495773360076544,5543495773360076544,PulsV*
HD  64675,5537228728873315200,PulsV*
Gaia DR3 3033547019062962560,3033547019062962560,PulsV*
TYC 3573-1975-1,2071332885709428992,PulsV*
TYC 8341-390-1,5952048863723392256,PulsV*
ATO J105.5384-23.3140,2927714936081689984,PulsV*
HD  59813,3026472417650160128,PulsV*
Gaia DR3 170349436734210048,170349436734210048,PulsV*
TYC 9241-521-1,5857250315553096576,PulsV*
Gaia DR3 2073524521639591808,2073524521639591808,PulsV*
ATO J338.0989+38.7653,1908205320521954560,PulsV*
Gaia DR3 4662031904289948800,4662031904289948800,PulsV*
TYC 8299-463-1,5890706289714498048,PulsV*
Gaia DR3 3041364237495043200,3041364237495043200,PulsV*
HD 332086,2053762689918868864,PulsV*
HD 286006,3409891359404877696,PulsV*
Gaia DR3 5284148571232417792,5284148571232417792,PulsV*
Gaia DR3 6635189392415008896,6635189392415008896,PulsV*
Gaia DR3 5304660098092777216,5304660098092777216,PulsV*
Gaia DR3 5946665414279259136,5946665414279259136,PulsV*
Gaia DR3 1973188313154817024,1973188313154817024,PulsV*
TYC 8719-1817-1,5835437104415079552,PulsV*
Gaia DR3 3035010537755731200,3035010537755731200,PulsV*
ATO J037.7954+48.3714,354345938772876416,PulsV*
TYC 8255-795-1,6084990200464930944,PulsV*
BD+37  4115,1871653499579301504,PulsV*
Gaia DR3 5713404507781594624,5713404507781594624,PulsV*
Gaia DR3 2993996898608181248,2993996898608181248,PulsV*
Gaia DR3 3043197668832546560,3043197668832546560,PulsV*
TYC 1189-1300-1,2778262405019842432,PulsV*
HD 221120,6501091442459104896,PulsV*
Gaia DR3 1806248569364313600,1806248569364313600,PulsV*
Gaia DR3 5997945507045254144,5997945507045254144,PulsV*
ATO J107.1032-21.3269,2929088569702915456,PulsV*
Gaia DR3 5341213602686716672,5341213602686716672,PulsV*
TYC 6583-1620-1,5645301204236217344,PulsV*
[MSH2004] 21042,381164607922671744,PulsV*
Gaia DR3 5407387228955645184,5407387228955645184,PulsV*
Gaia DR3 4127512774603740928,4127512774603740928,PulsV*
Gaia DR3 4498507514145445760,4498507514145445760,PulsV*
Gaia DR3 2919362599073650944,2919362599073650944,PulsV*
ATO J120.6823-14.2998,5725407223386047616,PulsV*
TYC 3589-3341-1,2164128501701639424,PulsV*
EROS2-GSA J162435-523721,5933838997057718656,PulsV*
Gaia DR3 5870137553925011328,5870137553925011328,PulsV*
Gaia DR3 5382231326315834752,5382231326315834752,PulsV*
Gaia DR3 414784752924113408,414784752924113408,PulsV*
Gaia DR3 5615388200133486720,5615388200133486720,PulsV*
BD-14   137,2375871836796009344,PulsV*
Gaia DR3 3047565620517708672,3047565620517708672,PulsV*
Gaia DR3 1980074039093315840,1980074039093315840,PulsV*
Gaia DR3 5254804289552110208,5254804289552110208,PulsV*
Gaia DR3 6726226515674926464,6726226515674926464,PulsV*
Gaia DR3 4688962925508644736,4688962925508644736,PulsV*
Gaia DR3 2927924083809520640,2927924083809520640,PulsV*
ATO J290.4051-02.6208,4214552043513740544,PulsV*
Gaia DR3 5693559250619067008,5693559250619067008,PulsV*
Gaia DR3 2038984875680544384,2038984875680544384,PulsV*
Gaia DR3 2046529243430996608,2046529243430996608,PulsV*
Gaia DR3 3079946031787434752,3079946031787434752,PulsV*
Gaia DR3 4659874868625465856,4659874868625465856,PulsV*
Gaia DR3 6075773750422804352,6075773750422804352,PulsV*
Gaia DR3 5921516009938153728,5921516009938153728,PulsV*
TYC 3992-1927-1,2006981734322632576,PulsV*
Gaia DR3 2071772243718525952,2071772243718525952,PulsV*
Gaia DR3 5311291523294949376,5311291523294949376,PulsV*
ATO J346.0825+31.7526,1886881701248853888,PulsV*
Gaia DR3 5830450990914045824,5830450990914045824,PulsV*
Gaia DR3 3469950915058004864,3469950915058004864,PulsV*
2MASS J18545761+4216189,2104897367932346496,PulsV*
Gaia DR3 5344365696354075648,5344365696354075648,PulsV*
Gaia DR3 4660556497111672320,4660556497111672320,PulsV*
Gaia DR3 5413772264769277952,5413772264769277952,PulsV*
Gaia DR3 5338073053904557824,5338073053904557824,PulsV*
Gaia DR3 4534203369606515328,4534203369606515328,PulsV*
ATO J234.4642-14.6368,6265391849237182080,PulsV*
Gaia DR3 5307462856319749376,5307462856319749376,PulsV*
ATO J238.9906-17.2381,6248730876521133696,PulsV*
TYC 3293-1286-1,359027315688504192,PulsV*
ATO J268.2437-08.9339,4164660221624538880,PulsV*
Gaia DR3 6029642945485098496,6029642945485098496,PulsV*
Gaia DR3 5617784242127691520,5617784242127691520,PulsV*
Gaia DR3 5644180286495890304,5644180286495890304,PulsV*
HD 344932,1827465845269975808,PulsV*
HD 221404,6387380877626868864,PulsV*
Gaia DR3 4687196907923065216,4687196907923065216,PulsV*
Gaia DR3 5312191271716716800,5312191271716716800,PulsV*
Gaia DR3 5200136502655467904,5200136502655467904,PulsV*
ATO J288.4985-18.8108,4084117769383612672,PulsV*
Gaia DR3 5831313901404618240,5831313901404618240,PulsV*
Gaia DR3 3215345253751586944,3215345253751586944,PulsV*
Gaia DR3 6704676225188112896,6704676225188112896,PulsV*
Gaia DR3 4369038886104417792,4369038886104417792,PulsV*
TYC 3682-518-1,509257953089823616,PulsV*
TYC 6526-1763-1,2920952733405605120,PulsV*
Gaia DR3 4663690758076178432,4663690758076178432,PulsV*
Gaia DR3 5825795177662000896,5825795177662000896,PulsV*
Gaia DR3 4919222139431858048,4919222139431858048,PulsV*
Gaia DR3 5949266446475437440,5949266446475437440,PulsV*
HD 335210,1859590276470992512,PulsV*
Gaia DR3 416438933810385280,416438933810385280,PulsV*
TYC 2742-1770-1,1905172828794747264,PulsV*
Gaia DR3 4980993282499745536,4980993282499745536,PulsV*
Gaia DR3 5620367235456427392,5620367235456427392,PulsV*
Gaia DR3 5323637153394598144,5323637153394598144,PulsV*
TYC 8961-152-1,5241942541783314688,PulsV*
Gaia DR3 5256511384430931456,5256511384430931456,PulsV*
Gaia DR3 420743384396054272,420743384396054272,PulsV*
ATO J271.4475+09.8086,4482636995809602176,PulsV*
Gaia DR2 3236278374597145344,3236278374597145344,PulsV*
EM* AS  136,3105805651925926784,PulsV*
Gaia DR3 1865472491879792256,1865472491879792256,PulsV*
Gaia DR3 4960813365776292608,4960813365776292608,PulsV*
Gaia DR3 5948514109968913664,5948514109968913664,PulsV*
ATO J101.1622+07.3832,3133948850330110848,PulsV*
Gaia DR3 1309831606416656896,1309831606416656896,PulsV*
TYC 9008-1305-1,5865567227637485696,PulsV*
TYC 9032-1251-1,5824681819057666816,PulsV*
Gaia DR3 387041050895926016,387041050895926016,PulsV*
TYC 8660-684-1,6057220350708087424,PulsV*
Gaia DR3 6428242062613885440,6428242062613885440,PulsV*
Gaia DR3 4534576104046268160,4534576104046268160,PulsV*
TYC 3660-1640-1,420997337221993472,PulsV*
Gaia DR3 1980027447290583936,1980027447290583936,PulsV*
Gaia DR3 5611307259642418304,5611307259642418304,PulsV*
TYC 4070-835-1,487971094428751616,PulsV*
Gaia DR3 1850958388629849600,1850958388629849600,PulsV*
Gaia DR3 2025929583857442688,2025929583857442688,PulsV*
Gaia DR3 2928504488508628608,2928504488508628608,PulsV*
TYC 4289-702-1,2017279176103830272,PulsV*
Gaia DR3 4663537994695220480,4663537994695220480,PulsV*
Gaia DR3 5238748533551636224,5238748533551636224,PulsV*
Gaia DR3 4660699467973489536,4660699467973489536,PulsV*
Gaia DR3 5839212170123576192,5839212170123576192,PulsV*
Gaia DR3 2042015335871128704,2042015335871128704,PulsV*
ATO J120.9921-28.6109,5597646029524681344,PulsV*
Gaia DR3 6367149004684022528,6367149004684022528,PulsV*
TYC 8970-427-1,5237963860197593984,PulsV*
Gaia DR3 6652440970372985344,6652440970372985344,PulsV*
Gaia DR3 6372534824952788096,6372534824952788096,PulsV*
Gaia DR3 2936047825470177792,2936047825470177792,PulsV*
Gaia DR3 1970356692758885376,1970356692758885376,PulsV*
ATO J268.0502+02.6685,4469094689050598016,PulsV*
CD-52  7388,5933874628111405824,PulsV*
ATO J315.1764-01.1093,6917203026739908352,PulsV*
CD-45  6626,5386783686713255808,PulsV*
Gaia DR3 5936943017095969792,5936943017095969792,PulsV*
Gaia DR3 4660296084672211968,4660296084672211968,PulsV*
TYC 2354-2063-1,222409624383409280,PulsV*
Gaia DR3 4846440615770079872,4846440615770079872,PulsV*
Gaia DR3 6061466321005924736,6061466321005924736,PulsV*
Gaia DR3 6630972318648904960,6630972318648904960,PulsV*
ATO J107.1752-24.8053,5617471499786924672,PulsV*
TYC 3618-33-1,2004234020410470528,PulsV*
PHL  1745,6818355106040261376,PulsV*
Gaia DR3 5388971852288311936,5388971852288311936,PulsV*
TYC 5985-2531-1,5718786273605385984,PulsV*
Gaia DR3 4316832360371865856,4316832360371865856,PulsV*
Gaia DR3 2933271111929672576,2933271111929672576,PulsV*
Gaia DR3 2039909977266475264,2039909977266475264,PulsV*
Gaia DR3 5256494548158186496,5256494548158186496,PulsV*
Gaia DR3 6458415788412083712,6458415788412083712,PulsV*
OGLE-III Car110.4  40748,5254065344694877568,PulsV*
Gaia DR3 3034899796320992384,3034899796320992384,PulsV*
Gaia DR3 5412304068851191296,5412304068851191296,PulsV*
Gaia DR3 4660256772787146496,4660256772787146496,PulsV*
Gaia DR3 5254288859123468672,5254288859123468672,PulsV*
Gaia DR3 5356027425921683072,5356027425921683072,PulsV*
Gaia DR3 5337320605649864576,5337320605649864576,PulsV*
Gaia DR3 6002306857351914112,6002306857351914112,PulsV*
TYC 8648-2215-1,6079899702152682880,PulsV*
TYC 4547-547-1,1145012446886968448,PulsV*
Gaia DR3 6464824390718869888,6464824390718869888,PulsV*
ATO J115.7788-09.5188,3040861348362117760,PulsV*
Gaia DR3 2237942020104896000,2237942020104896000,PulsV*
Gaia DR3 5617677589497462016,5617677589497462016,PulsV*
Gaia DR3 4517193993461302016,4517193993461302016,PulsV*
Gaia DR3 4660357107572631936,4660357107572631936,PulsV*
UNSW-V 082,3463954075561468800,PulsV*
Gaia DR3 4496860381308981888,4496860381308981888,PulsV*
TYC 2241-1373-1,2840826132764955648,PulsV*
Gaia DR3 5408665376860539008,5408665376860539008,PulsV*
ATO J115.6810-09.5811,3040859218058397440,PulsV*
HD 201146,6882317481295345408,PulsV*
* m Pup,5614158258941878144,PulsV*
Gaia DR3 5408207430268787200,5408207430268787200,PulsV*
Gaia DR3 413505157608838784,413505157608838784,PulsV*
Gaia DR3 2930509516683497856,2930509516683497856,PulsV*
Gaia DR3 5397852848223336064,5397852848223336064,PulsV*
Gaia DR3 5612690239116563200,5612690239116563200,PulsV*
TYC 7695-3004-1,5426273849416923648,PulsV*
HD 114651,6061870082320460032,PulsV*
Gaia DR3 5911204038280944000,5911204038280944000,PulsV*
Gaia DR3 5718984116979837056,5718984116979837056,PulsV*
Gaia DR3 201215820503677824,201215820503677824,PulsV*
Gaia DR3 2004642282822349824,2004642282822349824,PulsV*
Gaia DR3 1810209658772399744,1810209658772399744,PulsV*
Gaia DR3 6133992375697005184,6133992375697005184,PulsV*
Gaia DR3 5507614620125861632,5507614620125861632,PulsV*
TYC 2128-203-1,2023987674531613696,PulsV*
Gaia DR3 5644499591545907712,5644499591545907712,PulsV*
Gaia DR3 5909650256550826368,5909650256550826368,PulsV*
Gaia DR3 5864459469708510848,5864459469708510848,PulsV*
HD 228716,2055494008400730112,PulsV*
Gaia DR3 5954291798729537024,5954291798729537024,PulsV*
Gaia DR3 5356701254755953792,5356701254755953792,PulsV*
BOKS 6348,2128084689476967040,PulsV*
Gaia DR3 6053426657662622208,6053426657662622208,PulsV*
Gaia DR3 5835904053279592704,5835904053279592704,PulsV*
TYC 3264-2263-1,400959420697483520,PulsV*
TYC 1188-1173-1,2781071970761518720,PulsV*
HD 217308,6539618261181058304,PulsV*
CPD-61  1954,5241757793819166976,PulsV*
Gaia DR3 5823571037413097984,5823571037413097984,PulsV*
Gaia DR3 5701225595438740992,5701225595438740992,PulsV*
ATO J109.9506-23.2758,5617910548524948992,PulsV*
Gaia DR3 4660347796082904320,4660347796082904320,PulsV*
CPD-59  4384,6056627164208186624,PulsV*
ATO J080.6648+18.0343,3400525517498146048,PulsV*
Gaia DR3 5254306588753266560,5254306588753266560,PulsV*
ATO J107.7894-14.6592,3032370606034174976,PulsV*
Gaia DR3 1868832010992702976,1868832010992702976,PulsV*
Gaia DR3 4687206627427257728,4687206627427257728,PulsV*
Gaia DR3 6026561598515899520,6026561598515899520,PulsV*
Gaia DR3 5364340764608593280,5364340764608593280,PulsV*
HD  17643,5076036996046542208,PulsV*
TYC 9040-1713-1,5828952803248728960,PulsV*
Gaia DR3 5544784469698726144,5544784469698726144,PulsV*
TYC 8628-2507-1,5339385321036096640,PulsV*
Gaia DR3 6077481566842113792,6077481566842113792,PulsV*
HD 354196,1807576504542797312,PulsV*
Gaia DR3 2926441151856162048,2926441151856162048,PulsV*
Gaia DR3 5824989407430891136,5824989407430891136,PulsV*
ATO J080.3453+56.9044,279934049822777216,PulsV*
TYC 5413-2371-1,3039548286659776640,PulsV*
Gaia DR3 4382206053242053376,4382206053242053376,PulsV*
ATO J116.4811-24.6719,5614629880711822976,PulsV*
Gaia DR3 5860998718145651072,5860998718145651072,PulsV*
Gaia DR3 5698563402916499456,5698563402916499456,PulsV*
Gaia DR3 5647267955659630592,5647267955659630592,PulsV*
TYC 7126-1571-1,5547093306685676672,PulsV*
Gaia DR3 6033566552729729920,6033566552729729920,PulsV*
TYC  999-2132-1,4540240474410034816,PulsV*
SK -67  163,4660166892054369920,PulsV*
Gaia DR3 5602347717336361216,5602347717336361216,PulsV*
Gaia DR3 2004337443223641728,2004337443223641728,PulsV*
Gaia DR3 5715230590439395072,5715230590439395072,PulsV*
Gaia DR3 4659964616244348928,4659964616244348928,PulsV*
CRTS J092411.4-215611,5675477502714820608,PulsV*
Gaia DR3 6442514337719062144,6442514337719062144,PulsV*
Gaia DR3 4689033023650128384,4689033023650128384,PulsV*
Gaia DR3 1822530687308415232,1822530687308415232,PulsV*
Gaia DR3 5547974737055364480,5547974737055364480,PulsV*
TYC 7166-1157-1,5436998073515209472,PulsV*
ATO J311.4161-24.5916,6806288829217172992,PulsV*
Gaia DR3 2036723622627709696,2036723622627709696,PulsV*
Gaia DR3 5815538074175939200,5815538074175939200,PulsV*
TYC 8988-104-1,6059598903604963584,PulsV*
ATO J119.6363-34.2122,5545994757128300800,PulsV*
Gaia DR3 4659461211715134336,4659461211715134336,PulsV*
Gaia DR3 4660348483277693824,4660348483277693824,PulsV*
Gaia DR3 5643577479242420352,5643577479242420352,PulsV*
Gaia DR3 5605829217840957312,5605829217840957312,PulsV*
Gaia DR3 481120351014839936,481120351014839936,PulsV*
Gaia DR3 4689083841708373504,4689083841708373504,PulsV*
TYC 8221-849-1,5349895243402408192,PulsV*
BD+78   799,2285892787342671744,PulsV*
Gaia DR3 1965540660029001600,1965540660029001600,PulsV*
Gaia DR3 5341010777152998656,5341010777152998656,PulsV*
Gaia DR3 6100209056302615040,6100209056302615040,PulsV*
Gaia DR3 5342841670172919680,5342841670172919680,PulsV*
HD  34491A,481078329055205376,PulsV*
Gaia DR3 5532872910484829312,5532872910484829312,PulsV*
Gaia DR3 5409635867679182336,5409635867679182336,PulsV*
Gaia DR3 2931419534349520768,2931419534349520768,PulsV*
Gaia DR3 5995501155260897280,5995501155260897280,PulsV*
BD+48    90,394149805887933952,PulsV*
TYC 8577-382-1,5302964719877892992,PulsV*
Gaia DR3 3288730439361306368,3288730439361306368,PulsV*
TYC 7055-271-1,2905740199758899712,PulsV*
HD  98422,5237082807796817920,PulsV*
TYC 9036-862-1,5831423955647562112,PulsV*
TYC 1072-994-1,4298908426714471552,PulsV*
ATO J080.5320+02.2767,3234365357507364736,PulsV*
Gaia DR3 6434426575000499968,6434426575000499968,PulsV*
Gaia DR3 6041726582577168256,6041726582577168256,PulsV*
Gaia DR3 5644310853499938432,5644310853499938432,PulsV*
TYC 5738-2397-1,4192646022364712960,PulsV*
Gaia DR3 2986412673557885952,2986412673557885952,PulsV*
Gaia DR3 5955284004914724992,5955284004914724992,PulsV*
Gaia DR3 4387276180533131648,4387276180533131648,PulsV*
Gaia DR3 5311498167080368768,5311498167080368768,PulsV*
TYC 5950-641-1,2948873967898798336,PulsV*
Gaia DR3 2026117566000642176,2026117566000642176,PulsV*
Gaia DR3 5955664508972263680,5955664508972263680,PulsV*
TYC 8224-1580-1,5370697488005314048,PulsV*
GSC 03986-02532,2005827552045256704,PulsV*
HD 112527,5861895717827870720,PulsV*
Gaia DR3 5698231625285221120,5698231625285221120,PulsV*
Gaia DR3 5600376464800536448,5600376464800536448,PulsV*
Gaia DR3 1829742658953455744,1829742658953455744,PulsV*
Gaia DR3 4660303849973774336,4660303849973774336,PulsV*
TYC 8582-767-1,5311415738065598848,PulsV*
Gaia DR3 5870753898895649536,5870753898895649536,PulsV*
Gaia DR3 5601585206037058048,5601585206037058048,PulsV*
Gaia DR3 5706999062271573120,5706999062271573120,PulsV*
UCAC4 309-033277,5600659309861274880,PulsV*
ATO J099.2423-11.7008,2953637365810005888,PulsV*
Gaia DR3 5598006467483198720,5598006467483198720,PulsV*
Gaia DR3 5844767388221279872,5844767388221279872,PulsV*
ATO J130.6311-17.0020,5709202724090841472,PulsV*
Gaia DR3 5820947018547694080,5820947018547694080,PulsV*
TYC 8977-1068-1,5333267737068967680,PulsV*
BSD   8-925,426541933848922112,PulsV*
Gaia DR3 5923642950755459584,5923642950755459584,PulsV*
TYC 8687-1118-1,5891548412553624960,PulsV*
BD+34  3217,2095338145121197312,PulsV*
Gaia DR3 6063203721190725504,6063203721190725504,PulsV*
TYC 8990-500-1,5869724962167646976,PulsV*
Gaia DR3 5698349204303757568,5698349204303757568,PulsV*
Gaia DR3 6078260845710493312,6078260845710493312,PulsV*
Gaia DR3 2953603452748526464,2953603452748526464,PulsV*
Gaia DR3 5639057455662435584,5639057455662435584,PulsV*
Gaia DR3 5697482445545848192,5697482445545848192,PulsV*
TYC 3700-715-1,453935647574474624,PulsV*
Gaia DR3 5701426840425132672,5701426840425132672,PulsV*
LLNS  1687,5253742088255705472,PulsV*
Gaia DR3 5826276213990110592,5826276213990110592,PulsV*
Gaia DR3 1829765851777668480,1829765851777668480,PulsV*
Gaia DR3 5404324947323527552,5404324947323527552,PulsV*
TYC 8707-1552-1,5875998500679440256,PulsV*
Gaia DR3 5642370078034959104,5642370078034959104,PulsV*
Gaia DR3 5931354203855351424,5931354203855351424,PulsV*
ATO J344.0662+55.9166,2003729821292568192,PulsV*
Cl* NGC 2627    PCA  2-1557,5643761338202251520,PulsV*
TYC 1870-900-1,3429378008281854592,PulsV*
TYC 5987-250-1,5716283402881407488,PulsV*
Gaia DR3 5437993475135918592,5437993475135918592,PulsV*
Gaia DR3 5342173545061722880,5342173545061722880,PulsV*
TYC 8925-431-1,5301976465077839232,PulsV*
Gaia DR3 2898652782166696192,2898652782166696192,PulsV*
Gaia DR3 6129899237505807744,6129899237505807744,PulsV*
Gaia DR3 5927825213817354240,5927825213817354240,PulsV*
TYC 3926-1172-1,2153913248402654976,PulsV*
TYC 3678-139-1,413052128764704768,PulsV*
Gaia DR3 3057251832617768448,3057251832617768448,PulsV*
Gaia DR3 5819227932114513920,5819227932114513920,PulsV*
Gaia DR3 1989338249180957824,1989338249180957824,PulsV*
Gaia DR3 5089410871371172352,5089410871371172352,PulsV*
TYC 8677-956-1,5868083150781129088,PulsV*
Gaia DR3 5921730968774567296,5921730968774567296,PulsV*
ATO J142.0649-33.6360,5630095645615117696,PulsV*
Gaia DR3 5614649225244547328,5614649225244547328,PulsV*
HD 157559,5922243066297459968,PulsV*
Gaia DR3 5601627812113143296,5601627812113143296,PulsV*
Gaia DR3 5644586693478656128,5644586693478656128,PulsV*
Gaia DR3 2036805403107269248,2036805403107269248,PulsV*
Gaia DR3 1806482456106436096,1806482456106436096,PulsV*
Gaia DR3 179855058352232576,179855058352232576,PulsV*
Gaia DR3 6052956204124364288,6052956204124364288,PulsV*
Gaia DR3 6433861357303933568,6433861357303933568,PulsV*
Cl Melotte   20  1332,249428202791112320,PulsV*
Gaia DR3 5616533199745697280,5616533199745697280,PulsV*
Gaia DR3 2051443338845307392,2051443338845307392,PulsV*
TYC 3501-2419-1,1359532486930313472,PulsV*
Gaia DR3 5769910197035376384,5769910197035376384,PulsV*
Gaia DR3 5602032191876855168,5602032191876855168,PulsV*
Gaia DR3 6061541671916516224,6061541671916516224,PulsV*
Gaia DR3 5525576723115969280,5525576723115969280,PulsV*
Gaia DR3 5342248685492461824,5342248685492461824,PulsV*
Gaia DR3 5335623101481903616,5335623101481903616,PulsV*
Gaia DR3 5797300028124723968,5797300028124723968,PulsV*
BD+07  2129,586362030605638784,PulsV*
Gaia DR3 6030255339132416768,6030255339132416768,PulsV*
LLNS  9250,6056394170807292416,PulsV*
Gaia DR3 6062003295024825984,6062003295024825984,PulsV*
TYC 8670-1154-1,6063180700164130944,PulsV*
Gaia DR3 5710694757076689536,5710694757076689536,PulsV*
2MASS J11253742-4658260,5373849852258799360,PulsV*
Gaia DR3 5305068738464457984,5305068738464457984,PulsV*
TYC 9200-87-1,5219481409015715456,PulsV*
Gaia DR3 6801979533911836672,6801979533911836672,PulsV*
Gaia DR3 5914093348671250176,5914093348671250176,PulsV*
Gaia DR3 5816640300219456768,5816640300219456768,PulsV*
ATO J124.3501-12.6009,5726797280957762560,PulsV*
HD  49335,2925559240450378112,PulsV*
TYC 5339-1504-1,2989109706861319552,PulsV*
Gaia DR3 5299850353196100992,5299850353196100992,PulsV*
Gaia DR3 5780981179617321344,5780981179617321344,PulsV*
Gaia DR3 4660330680585332864,4660330680585332864,PulsV*
Gaia DR3 4346191141856121088,4346191141856121088,PulsV*
Gaia DR3 5913276411541939968,5913276411541939968,PulsV*
Gaia DR3 1995906143234479104,1995906143234479104,PulsV*
Gaia DR3 5641982087869961216,5641982087869961216,PulsV*
Gaia DR3 5307697876926950016,5307697876926950016,PulsV*
Gaia DR3 4455529636137193984,4455529636137193984,PulsV*
Gaia DR3 419539316084914304,419539316084914304,PulsV*
2MASS J03583138-5843541,4681134097711756160,PulsV*
TYC 2698-1338-1,1870494373804818560,PulsV*
Gaia DR3 5411080144912804992,5411080144912804992,PulsV*
Gaia DR3 249519049938384640,249519049938384640,PulsV*
Gaia DR3 2188177917673864448,2188177917673864448,PulsV*
Gaia DR3 4324330342434365952,4324330342434365952,PulsV*
Gaia DR3 5814102421221602176,5814102421221602176,PulsV*
Gaia DR3 5643519583085956096,5643519583085956096,PulsV*
Gaia DR3 6066634025660211712,6066634025660211712,PulsV*
Gaia DR3 6043133407706149504,6043133407706149504,PulsV*
Gaia DR3 5864938062148046720,5864938062148046720,PulsV*
LS 1387,5256774133341728000,PulsV*
TYC 7880-3492-1,5964290074585702016,PulsV*
ATO J315.6311-02.5357,6916153336732710784,PulsV*
Gaia DR3 5369788909140128640,5369788909140128640,PulsV*
Gaia DR3 5352495279190380672,5352495279190380672,PulsV*
Gaia DR3 5619247279785253504,5619247279785253504,PulsV*
Gaia DR3 1954949511193368960,1954949511193368960,PulsV*
Gaia DR3 2004487560919954944,2004487560919954944,PulsV*
Gaia DR3 2000502758974409856,2000502758974409856,PulsV*
Gaia DR3 5922559897468180736,5922559897468180736,PulsV*
TYC 2907-703-1,205692104138287488,PulsV*
Gaia DR3 5713553109349489664,5713553109349489664,PulsV*
NGC   884  2094,458453369057878528,PulsV*
Gaia DR3 2932559109431958784,2932559109431958784,PulsV*
BD+62    93,430886860201522176,PulsV*
LLNS  1676,5352418279018241920,PulsV*
Gaia DR3 3033574438135140480,3033574438135140480,PulsV*
Gaia DR3 6033607204653917184,6033607204653917184,PulsV*
Gaia DR3 5864372191618324992,5864372191618324992,PulsV*
Gaia DR3 6092744570640383104,6092744570640383104,PulsV*
Gaia DR3 5242476290260324224,5242476290260324224,PulsV*
ATO J322.2327+35.1780,1951299063870657536,PulsV*
Gaia DR3 4520328185718611328,4520328185718611328,PulsV*
HD  30367,2974003928923970560,PulsV*
Gaia DR3 5586427510526700160,5586427510526700160,PulsV*
Gaia DR3 4660554882203934720,4660554882203934720,PulsV*
Gaia DR3 1971811587169214720,1971811587169214720,PulsV*
TYC 9016-1727-1,5851777595161079552,PulsV*
Gaia DR3 4662292557251294720,4662292557251294720,PulsV*
Gaia DR3 158244221732220288,158244221732220288,PulsV*
Gaia DR3 5880655379041975168,5880655379041975168,PulsV*
Gaia DR3 6057609612199138048,6057609612199138048,PulsV*
Gaia DR3 4426759986685096192,4426759986685096192,PulsV*
HD 124103,1227077830119588992,PulsV*
Gaia DR3 5644788518278651776,5644788518278651776,PulsV*
Gaia DR3 5869301134790673280,5869301134790673280,PulsV*
TYC 2707-1478-1,1854178926913466240,PulsV*
Gaia DR3 6427249409770379008,6427249409770379008,PulsV*
2MASS J18501881+4818112,2143718924484608384,PulsV*
Gaia DR3 5611390204052162816,5611390204052162816,PulsV*
TYC 4312-1265-1,517758483631439616,PulsV*
TYC 5964-392-1,2935926501231812480,PulsV*
Gaia DR3 5243480659774356224,5243480659774356224,PulsV*
Gaia DR3 6077616012194848128,6077616012194848128,PulsV*
Gaia DR3 3047367055589643904,3047367055589643904,PulsV*
Gaia DR3 6061854306851225344,6061854306851225344,PulsV*
Gaia DR3 2928478130284614528,2928478130284614528,PulsV*
TYC 8610-20-1,5257902850734956416,PulsV*
Gaia DR3 5518884923551304960,5518884923551304960,PulsV*
ATO J118.2594-18.1607,5717556126250885888,PulsV*
CPD-58  6297,5834240114215731456,PulsV*
Gaia DR3 5336018101055413376,5336018101055413376,PulsV*
HD 197390,2184099519813794304,PulsV*
Gaia DR3 4318417649985089280,4318417649985089280,PulsV*
Gaia DR3 5698012925546611072,5698012925546611072,PulsV*
Gaia DR3 457210233720499328,457210233720499328,PulsV*
Gaia DR3 5916365420749870336,5916365420749870336,PulsV*
Gaia DR3 1192760766550617472,1192760766550617472,PulsV*
Gaia DR3 5352698723193684736,5352698723193684736,PulsV*
Gaia DR3 5614532780089767808,5614532780089767808,PulsV*
Gaia DR3 5405688861458181248,5405688861458181248,PulsV*
Gaia DR3 418277901368964608,418277901368964608,PulsV*
ATO J280.5053-19.2245,4092337610926808960,PulsV*
Gaia DR3 1791357329322600704,1791357329322600704,PulsV*
Gaia DR3 4369349498137247232,4369349498137247232,PulsV*
Gaia DR3 5717294713058751104,5717294713058751104,PulsV*
Gaia DR3 6011091027537262464,6011091027537262464,PulsV*
TYC 6555-1573-1,5699625290625061888,PulsV*
Gaia DR3 4299364762699139840,4299364762699139840,PulsV*
BD-03  4992,4225064852128408832,PulsV*
Gaia DR3 505093587155662720,505093587155662720,PulsV*
Gaia DR3 477892391029316864,477892391029316864,PulsV*
ATO J088.6686+63.9092,286979823411862016,PulsV*
Gaia DR3 5853800219888948096,5853800219888948096,PulsV*
TYC 6553-2131-1,5710592021454984320,PulsV*
ATO J102.7920+16.8339,3358131682027012608,PulsV*
Gaia DR3 5871870865256322944,5871870865256322944,PulsV*
Gaia DR3 5312398735818561152,5312398735818561152,PulsV*
HD 108414,6127235498790470656,PulsV*
Gaia DR3 505332215537309056,505332215537309056,PulsV*
Gaia DR3 4661986888693124480,4661986888693124480,PulsV*
Gaia DR3 4227739169349909248,4227739169349909248,PulsV*
Gaia DR3 5697486018958500608,5697486018958500608,PulsV*
Gaia DR3 2033361904514323584,2033361904514323584,PulsV*
Gaia DR3 5514551056733057536,5514551056733057536,PulsV*
Gaia DR3 5932937053961389952,5932937053961389952,PulsV*
Gaia DR3 5866123992847182976,5866123992847182976,PulsV*
Gaia DR3 5751136310867788672,5751136310867788672,PulsV*
GSC 02683-01252,2060499054062295296,PulsV*
Gaia DR3 5413355103187317376,5413355103187317376,PulsV*
[MAA2010] 1266,5932312531286569088,PulsV*
TYC 4485-1597-1,2226990055359002752,PulsV*
Gaia DR3 5701504115477963392,5701504115477963392,PulsV*
Gaia DR3 6068293807164645376,6068293807164645376,PulsV*
Gaia DR3 1869423105883657856,1869423105883657856,PulsV*
Gaia DR3 6057761035555923200,6057761035555923200,PulsV*
Gaia DR3 4529060090424113536,4529060090424113536,PulsV*
ATO J120.5688-14.1116,5725834826031689984,PulsV*
TYC 4514-2216-1,551368080188396160,PulsV*
Gaia DR3 4188471043577468032,4188471043577468032,PulsV*
Gaia DR3 6074931730664649088,6074931730664649088,PulsV*
Gaia DR3 4660221798921434368,4660221798921434368,PulsV*
TYC 2664-871-1,2047398407381020416,PulsV*
Gaia DR3 262767409137870080,262767409137870080,PulsV*
TYC 2673-254-1,2034459182772489216,PulsV*
BD+57  2327,2179078222009585536,PulsV*
TYC 4293-450-1,2017555011783046528,PulsV*
TYC 8629-1732-1,5336588949382560768,PulsV*
Gaia DR3 5805756818724338816,5805756818724338816,PulsV*
Gaia DR3 5614001887772402688,5614001887772402688,PulsV*
Gaia DR3 388877544550808960,388877544550808960,PulsV*
Gaia DR3 1946976986740451840,1946976986740451840,PulsV*
HD 277132,201639132479036032,PulsV*
ATO J294.9951+29.7591,2032426288854005760,PulsV*
Gaia DR3 5694081312488188672,5694081312488188672,PulsV*
Gaia DR3 4660523752279217024,4660523752279217024,PulsV*
BD+51  3393,2000673767393646848,PulsV*
Gaia DR3 3845643622973139200,3845643622973139200,PulsV*
Gaia DR3 5934914113206185600,5934914113206185600,PulsV*
Gaia DR3 4304562802704128512,4304562802704128512,PulsV*
Gaia DR3 5851582539290756992,5851582539290756992,PulsV*
TYC 8164-1478-1,5324513975248436736,PulsV*
TYC 3680-1634-1,425917548678221952,PulsV*
Gaia DR3 2044792770986492416,2044792770986492416,PulsV*
Gaia DR3 4660681222957231232,4660681222957231232,PulsV*
Gaia DR3 505883929854329216,505883929854329216,PulsV*
Gaia DR3 4229862979144665984,4229862979144665984,PulsV*
ATO J132.0037+03.5246,581291525359834880,PulsV*
Gaia DR3 5231281612625781120,5231281612625781120,PulsV*
Gaia DR3 5846992696676134784,5846992696676134784,PulsV*
Gaia DR3 3394526856934810240,3394526856934810240,PulsV*
Gaia DR3 2954317585552932992,2954317585552932992,PulsV*
Gaia DR3 413607725734313344,413607725734313344,PulsV*
ATO J094.9141-05.5091,3008261687590227840,PulsV*
HD 217417,6553048898788178304,PulsV*
Gaia DR3 4435049372345983616,4435049372345983616,PulsV*
TYC 9043-3030-1,5817352508876324736,PulsV*
Gaia DR3 1822428398363489408,1822428398363489408,PulsV*
Gaia DR3 4660680295244237184,4660680295244237184,PulsV*
Gaia DR3 5716124459034081792,5716124459034081792,PulsV*
Gaia DR3 5546965900776686720,5546965900776686720,PulsV*
Gaia DR3 5925617055194744704,5925617055194744704,PulsV*
Gaia DR3 6094358108252139776,6094358108252139776,PulsV*
ATO J109.5062-30.7120,5605233248174282496,PulsV*
Gaia DR3 3743669421350108032,3743669421350108032,PulsV*
Gaia DR3 2560433930192979328,2560433930192979328,PulsV*
Gaia DR3 2927600930472615808,2927600930472615808,PulsV*
Gaia DR3 5634058010644830208,5634058010644830208,PulsV*
Gaia DR3 1974806210156874112,1974806210156874112,PulsV*
TYC 2573-1346-1,1318769815612812544,PulsV*
Gaia DR3 509829729189393152,509829729189393152,PulsV*
Gaia DR3 4504869636337253376,4504869636337253376,PulsV*
Gaia DR3 2927762730477214848,2927762730477214848,PulsV*
V* V595 Cam,450336293178708736,PulsV*
Gaia DR3 4689008795699554944,4689008795699554944,PulsV*
Gaia DR3 5614430555555765376,5614430555555765376,PulsV*
Gaia DR3 5254502194388040320,5254502194388040320,PulsV*
TYC 7841-899-1,5995931373539610112,PulsV*
Gaia DR3 5308015665832925312,5308015665832925312,PulsV*
ATO J015.1842+42.3283,374811251778908160,PulsV*
Gaia DR3 5342409046709422464,5342409046709422464,PulsV*
TYC 2660-3008-1,2033283598675344256,PulsV*
HD 345344,1827195262329310080,PulsV*
Gaia DR3 4669669352530636416,4669669352530636416,PulsV*
Gaia DR3 1844479619442383488,1844479619442383488,PulsV*
ATO J198.0507+60.1967,1567248585811787008,PulsV*
BD+33  3120,4592237551818513920,PulsV*
[DCT2018] F20d 28074,5613187115290614016,PulsV*
Gaia DR3 1204005467669181824,1204005467669181824,PulsV*
Gaia DR3 5369956760767852544,5369956760767852544,PulsV*
ATO J016.3220+55.1421,411434403557433728,PulsV*
HD 149552,5941092131608836992,PulsV*
TYC 9492-2623-1,4615337225962072448,PulsV*
Gaia DR3 5334741258808849664,5334741258808849664,PulsV*
Gaia DR3 2949204409806220800,2949204409806220800,PulsV*
Gaia DR3 2031599971515233152,2031599971515233152,PulsV*
Gaia DR3 4197062245179919360,4197062245179919360,PulsV*
Gaia DR3 6036377217994478848,6036377217994478848,PulsV*
Gaia DR3 5916557216815420416,5916557216815420416,PulsV*
Gaia DR3 1905906104269463680,1905906104269463680,PulsV*
Gaia DR3 5374255988665007360,5374255988665007360,PulsV*
BD+45  1874,782739823848961792,PulsV*
ATO J183.4721-20.1370,3517780254982128896,PulsV*
Gaia DR3 6653342432472075392,6653342432472075392,PulsV*
Gaia DR3 5692803370734737920,5692803370734737920,PulsV*
Gaia DR3 5793584675250333184,5793584675250333184,PulsV*
ATO J152.0076-17.6542,5672760231525096960,PulsV*
BD+37  4621,1907918657224681600,PulsV*
Gaia DR3 502479326453175808,502479326453175808,PulsV*
TYC 7148-3264-1,5530164607173919616,PulsV*
NSVS  14980585,2988455836743070592,PulsV*
ATO J102.9204-23.5191,2922629866598592768,PulsV*
Gaia DR3 5817066223537081856,5817066223537081856,PulsV*
Gaia DR3 6751101969798265216,6751101969798265216,PulsV*
Gaia DR3 4660251824984692352,4660251824984692352,PulsV*
Gaia DR3 5344397444752134144,5344397444752134144,PulsV*
Gaia DR3 5834392392177990016,5834392392177990016,PulsV*
Gaia DR3 5617479093288615424,5617479093288615424,PulsV*
Gaia DR3 5349062054107632768,5349062054107632768,PulsV*
Gaia DR3 5700916014196437376,5700916014196437376,PulsV*
Gaia DR3 5386617793598473856,5386617793598473856,PulsV*
Gaia DR3 4657092412727332608,4657092412727332608,PulsV*
Gaia DR3 5597880607766362240,5597880607766362240,PulsV*
Gaia DR3 5769700186017132928,5769700186017132928,PulsV*
Gaia DR3 5311100556185974400,5311100556185974400,PulsV*
LAMOST J200231.63+163705.0,1808183160077975552,PulsV*
Gaia DR3 6886348973822567552,6886348973822567552,PulsV*
Gaia DR3 5339605257709408896,5339605257709408896,PulsV*
Gaia DR3 201003644819615488,201003644819615488,PulsV*
Gaia DR3 5606286236714417280,5606286236714417280,PulsV*
Gaia DR3 5924037847259657984,5924037847259657984,PulsV*
Gaia DR3 6432582625283340672,6432582625283340672,PulsV*
ATO J080.2222+19.3608,3401479786215237632,PulsV*
Gaia DR3 5351303923980752640,5351303923980752640,PulsV*
Gaia DR3 5945780792763272064,5945780792763272064,PulsV*
Gaia DR3 266677409924159488,266677409924159488,PulsV*
Gaia DR3 5382669245479453696,5382669245479453696,PulsV*
HD  93003,5254080158077632000,PulsV*
Gaia DR3 5407178356106704896,5407178356106704896,PulsV*
Gaia DR3 6070546702182779136,6070546702182779136,PulsV*
Gaia DR3 5605621783795559168,5605621783795559168,PulsV*
Gaia DR3 5926420179733712128,5926420179733712128,PulsV*
Gaia DR3 2011857724789832320,2011857724789832320,PulsV*
Gaia DR3 5600747859213196928,5600747859213196928,PulsV*
Gaia DR3 422486591363969152,422486591363969152,PulsV*
Gaia DR3 2922502765622089728,2922502765622089728,PulsV*
Gaia DR3 4660347280686763904,4660347280686763904,PulsV*
Gaia DR3 5589085442446915712,5589085442446915712,PulsV*
Gaia DR3 3029139691121534848,3029139691121534848,PulsV*
Gaia DR3 1821262435030258304,1821262435030258304,PulsV*
Gaia DR3 2071684798149157504,2071684798149157504,PulsV*
TYC 5978-3621-1,5619811947726069248,PulsV*
ATO J316.9948-16.9901,6882285659881819392,PulsV*
HD 310436,5238390505072120704,PulsV*
Gaia DR3 3032432870184794752,3032432870184794752,PulsV*
Gaia DR3 4380542049770078848,4380542049770078848,PulsV*
Gaia DR3 896159842733829504,896159842733829504,PulsV*
Gaia DR3 6074741957520196608,6074741957520196608,PulsV*
Gaia DR3 5241987591752046592,5241987591752046592,PulsV*
TYC  126-808-1,3333011273008007552,PulsV*
Gaia DR3 5258133610735349760,5258133610735349760,PulsV*
Gaia DR3 6056771234593052288,6056771234593052288,PulsV*
Gaia DR3 2935935228605270144,2935935228605270144,PulsV*
Gaia DR3 6653088754521059712,6653088754521059712,PulsV*
Gaia DR3 2759572047377139200,2759572047377139200,PulsV*
Gaia DR3 4241549658180384896,4241549658180384896,PulsV*
Gaia DR3 5857947955707353728,5857947955707353728,PulsV*
Gaia DR3 5847259461362991104,5847259461362991104,PulsV*
Gaia DR3 495035701453077248,495035701453077248,PulsV*
Gaia DR3 455938133127160064,455938133127160064,PulsV*
Gaia DR3 4660336045051326208,4660336045051326208,PulsV*
2MASS J12190237+4830276,1545731967894858368,PulsV*
Gaia DR3 2928248989496337920,2928248989496337920,PulsV*
Gaia DR3 5873912692738726272,5873912692738726272,PulsV*
Gaia DR3 5693207063300405376,5693207063300405376,PulsV*
Gaia DR3 5700710676097948544,5700710676097948544,PulsV*
ATO J116.5376-20.4285,5715650638239585920,PulsV*
Gaia DR3 6437717374646032640,6437717374646032640,PulsV*
Gaia DR3 5361355143862503168,5361355143862503168,PulsV*
HD 224600,1994724378689282432,PulsV*
Gaia DR3 5543472099499472640,5543472099499472640,PulsV*
Gaia DR3 3068929131440184960,3068929131440184960,PulsV*
TYC 8931-866-1,5297601439592268800,PulsV*
Gaia DR3 5645995030430078080,5645995030430078080,PulsV*
TYC 7690-2037-1,5426895962538120448,PulsV*
Gaia DR3 4659856211286831104,4659856211286831104,PulsV*
TYC 3611-2093-1,1999609852453415808,PulsV*
BSD   8-1114,522494698696184960,PulsV*
Gaia DR3 6034673108101915904,6034673108101915904,PulsV*
HD 188252,2086465429887466368,PulsV*
Gaia DR3 6077058598469698944,6077058598469698944,PulsV*
Gaia DR3 2917062867425912704,2917062867425912704,PulsV*
Gaia DR3 5698260109509818496,5698260109509818496,PulsV*
Gaia DR3 1975641495398709632,1975641495398709632,PulsV*
Gaia DR3 6573482635197312768,6573482635197312768,PulsV*
TYC 6551-3309-1,5599685284303328384,PulsV*
CD-22  7308,5675145317059979648,PulsV*
TYC 8959-489-1,5337235363470551808,PulsV*
Gaia DR3 2033356230832404992,2033356230832404992,PulsV*
TYC 3592-5023-1,2163691656301816448,PulsV*
Gaia DR3 5646703459520403712,5646703459520403712,PulsV*
Gaia DR3 3459543075429477120,3459543075429477120,PulsV*
Gaia DR3 6067801290380256896,6067801290380256896,PulsV*
Gaia DR2 2953890116038713088,2953890116038713088,PulsV*
Gaia DR3 4197243806342294784,4197243806342294784,PulsV*
Gaia DR3 5717944318272866304,5717944318272866304,PulsV*
Gaia DR3 4660303300217886592,4660303300217886592,PulsV*
Gaia DR3 3043321093313055488,3043321093313055488,PulsV*
Gaia DR3 4687466146531823872,4687466146531823872,PulsV*
Gaia DR3 4388441864720596608,4388441864720596608,PulsV*
LLNS  7440,6058610167762833920,PulsV*
TYC 9002-1177-1,5857914970354093568,PulsV*
Gaia DR3 5711202117276427904,5711202117276427904,PulsV*
Gaia DR3 6037631279729585280,6037631279729585280,PulsV*
ATO J122.9507-23.9121,5698087005139222528,PulsV*
TYC 8675-622-1,5870743762771913728,PulsV*
Gaia DR3 5995916147857651200,5995916147857651200,PulsV*
Gaia DR3 5870753727096944256,5870753727096944256,PulsV*
Gaia DR3 5253506968896774016,5253506968896774016,PulsV*
Gaia DR3 5640226339598701696,5640226339598701696,PulsV*
Gaia DR3 5228403606580762240,5228403606580762240,PulsV*
Gaia DR3 5594078943233197952,5594078943233197952,PulsV*
Gaia DR3 5611638521883395328,5611638521883395328,PulsV*
ATO J137.1863-31.8278,5634291931742911872,PulsV*
Gaia DR3 2285335914766012544,2285335914766012544,PulsV*
Gaia DR3 5416649510599492608,5416649510599492608,PulsV*
Gaia DR3 3578557095940809472,3578557095940809472,PulsV*
Gaia DR3 4655063405738593920,4655063405738593920,PulsV*
Gaia DR3 6464114278005097856,6464114278005097856,PulsV*
Gaia DR3 2925373422984674688,2925373422984674688,PulsV*
TYC 2682-3101-1,2060144285449045632,PulsV*
Gaia DR3 5356298043232873600,5356298043232873600,PulsV*
Gaia DR3 1830869727078940800,1830869727078940800,PulsV*
[KLC2005] 66,1776419540441253120,PulsV*
TYC 5974-1150-1,2929802011002772480,PulsV*
Gaia DR3 5329401068227162240,5329401068227162240,PulsV*
Gaia DR3 4659871673169751040,4659871673169751040,PulsV*
Gaia DR3 243151503224525824,243151503224525824,PulsV*
Gaia DR3 1368826663015245056,1368826663015245056,PulsV*
BD+31  3668,2044822560881213696,PulsV*
Gaia DR3 6029858144942541952,6029858144942541952,PulsV*
TYC  490-2269-1,4294431765124716160,PulsV*
Gaia DR3 2025475519954461440,2025475519954461440,PulsV*
Gaia DR3 2072290113691074176,2072290113691074176,PulsV*
Gaia DR3 2040375444336746368,2040375444336746368,PulsV*
ATO J133.4159-28.7191,5642632620793821312,PulsV*
Gaia DR3 5344794196651791488,5344794196651791488,PulsV*
Gaia DR3 3030007794212976256,3030007794212976256,PulsV*
Gaia DR3 5640887661482088192,5640887661482088192,PulsV*
Gaia DR3 1992185056583226240,1992185056583226240,PulsV*
Gaia DR3 5254423033893212544,5254423033893212544,PulsV*
HD  93540,5239810318189195776,PulsV*
HD 104684A,6052917274537309440,PulsV*
Gaia DR3 5856910154153502208,5856910154153502208,PulsV*
Gaia DR3 4232451371245103744,4232451371245103744,PulsV*
Gaia DR3 5784607094086742528,5784607094086742528,PulsV*
Gaia DR3 5347319156394824832,5347319156394824832,PulsV*
TYC 8976-2208-1,5333621848535126144,PulsV*
Gaia DR3 2031684736997005696,2031684736997005696,PulsV*
Gaia DR3 4572627383977070208,4572627383977070208,PulsV*
Gaia DR3 6054502357966962560,6054502357966962560,PulsV*
ATO J118.7228-23.7445,5710711597650243328,PulsV*
Gaia DR3 5712305511553383040,5712305511553383040,PulsV*
Gaia DR3 5830469373387805952,5830469373387805952,PulsV*
TYC 8662-1805-1,6067150585645870208,PulsV*
TYC 9230-2170-1,5233750084963033856,PulsV*
Gaia DR3 6043546205600640768,6043546205600640768,PulsV*
BD+45  3264,2166322852031398016,PulsV*
HD  67998,5713513393794509696,PulsV*
Gaia DR3 1095570226486997888,1095570226486997888,PulsV*
Gaia DR3 5854105162539709056,5854105162539709056,PulsV*
Gaia DR3 1899682834099030528,1899682834099030528,PulsV*
Gaia DR3 5241263597692393600,5241263597692393600,PulsV*
Gaia DR3 5358599286694224768,5358599286694224768,PulsV*
Cl* NGC 2632     KP  100880,610710784323094656,PulsV*
Gaia DR3 5350164000976160384,5350164000976160384,PulsV*
ATO J247.3205-20.8303,6052600920072463744,PulsV*
Gaia DR3 5299077018565590912,5299077018565590912,PulsV*
TYC 7389-1286-1,4040661938811508864,PulsV*
TYC 8607-1946-1,5258937177617727872,PulsV*
Gaia DR3 2082596695149445760,2082596695149445760,PulsV*
Gaia DR3 4657646807060528640,4657646807060528640,PulsV*
Gaia DR3 5309183110978651392,5309183110978651392,PulsV*
Gaia DR3 5915507556848566016,5915507556848566016,PulsV*
Gaia DR3 5830803040801129088,5830803040801129088,PulsV*
Gaia DR3 409115189933312512,409115189933312512,PulsV*
Gaia DR3 1980161377236815232,1980161377236815232,PulsV*
Gaia DR3 5857164171343334016,5857164171343334016,PulsV*
[MAA2010] 1048,5932315726797766528,PulsV*
Gaia DR3 1756232575679059712,1756232575679059712,PulsV*
Gaia DR3 930056751129183104,930056751129183104,PulsV*
Gaia DR3 5547016924989099776,5547016924989099776,PulsV*
TYC 3658-950-1,418642041574357632,PulsV*
Gaia DR3 5854129622330965632,5854129622330965632,PulsV*
HD 120768,5867472303363498240,PulsV*
HD 233105,263005659562583296,PulsV*
Gaia DR3 2032474083254174848,2032474083254174848,PulsV*
HD 154172,5924231601832534016,PulsV*
Gaia DR3 5361986744569592704,5361986744569592704,PulsV*
Gaia DR3 1826969789390770560,1826969789390770560,PulsV*
Gaia DR3 5916968812125752960,5916968812125752960,PulsV*
Gaia DR3 5693940781157970944,5693940781157970944,PulsV*
Gaia DR3 6676838549274821760,6676838549274821760,PulsV*
TYC 8698-259-1,5881316975806527488,PulsV*
Gaia DR3 5643242952831472512,5643242952831472512,PulsV*
Gaia DR3 5644716813807694336,5644716813807694336,PulsV*
Gaia DR3 4517503540340211968,4517503540340211968,PulsV*
Gaia DR3 5922892151820670976,5922892151820670976,PulsV*
TYC 3652-827-1,420327906439489280,PulsV*
HD 300043,5312005626025714432,PulsV*
TYC 3150-2963-1,2060382093531907584,PulsV*
Gaia DR3 5853400341273782656,5853400341273782656,PulsV*
Gaia DR3 5646745034805806720,5646745034805806720,PulsV*
ATO J085.9218+10.4171,3336579192537820160,PulsV*
Gaia DR3 5698348173511779072,5698348173511779072,PulsV*
HD 309394,5335083344348983552,PulsV*
Gaia DR3 4660339785916298368,4660339785916298368,PulsV*
HD 127800,5894410441297951104,PulsV*
Gaia DR3 5361687471250256512,5361687471250256512,PulsV*
ATO J120.0091-04.2999,3068537911458550400,PulsV*
HD 118323,5868806217119609344,PulsV*
SDSS J201624.44-125046.3,6879707511274344448,PulsV*
Gaia DR3 5926660487404525312,5926660487404525312,PulsV*
Gaia DR3 4393784224218161408,4393784224218161408,PulsV*
Gaia DR3 5411475591143815040,5411475591143815040,PulsV*
TYC  101-733-1,3221985582429001472,PulsV*
Gaia DR3 1094940962237771264,1094940962237771264,PulsV*
TYC 9046-583-1,5815814910594863744,PulsV*
Gaia DR3 5565516856649910272,5565516856649910272,PulsV*
Gaia DR3 5821140979273917312,5821140979273917312,PulsV*
Gaia DR3 6364627721441790848,6364627721441790848,PulsV*
Gaia DR3 1197898234630955904,1197898234630955904,PulsV*
Gaia DR3 2930377815805285248,2930377815805285248,PulsV*
Gaia DR3 5344468088376323712,5344468088376323712,PulsV*
Gaia DR3 5407482164910398336,5407482164910398336,PulsV*
Gaia DR3 5267886381931652096,5267886381931652096,PulsV*
ATO J191.3522-20.7116,3503472447608127744,PulsV*
ATO J291.7941-15.4846,4181423444619667840,PulsV*
TYC 2664-1325-1,2047809830887991040,PulsV*
TYC 7096-78-1,5579686267294998016,PulsV*
TYC 7154-1440-1,5632142661385501312,PulsV*
TYC 5947-2975-1,2944841650743080448,PulsV*
Gaia DR3 5929767058772540160,5929767058772540160,PulsV*
Gaia DR3 416388562433314560,416388562433314560,PulsV*
BD+42  3918,2065744514785046912,PulsV*
Gaia DR3 5308244299861725952,5308244299861725952,PulsV*
Gaia DR3 4657028714068888576,4657028714068888576,PulsV*
2MASS J05060394-6545327,4662068909730582912,PulsV*
Gaia DR3 5832776251868795776,5832776251868795776,PulsV*
HD 356938,4299770929168468096,PulsV*
Gaia DR3 4660273132327269120,4660273132327269120,PulsV*
Gaia DR3 1788996643496927360,1788996643496927360,PulsV*
Gaia DR3 1853982251769143936,1853982251769143936,PulsV*
Gaia DR3 5945014364426397184,5945014364426397184,PulsV*
Gaia DR3 4660290621473153920,4660290621473153920,PulsV*
Gaia DR3 4298504532303061120,4298504532303061120,PulsV*
Gaia DR3 5825234151861211776,5825234151861211776,PulsV*
Gaia DR3 5856755707113165184,5856755707113165184,PulsV*
ATO J079.3941-23.2882,2961340647349597952,PulsV*
Gaia DR3 2292309090525448320,2292309090525448320,PulsV*
Gaia DR3 5597509591312640768,5597509591312640768,PulsV*
HD 141167,5987974723298849536,PulsV*
TYC 8593-897-1,5305976007367615232,PulsV*
Gaia DR3 3033607595279401088,3033607595279401088,PulsV*
Gaia DR3 5853757442010377472,5853757442010377472,PulsV*
TYC 3692-1949-1,505329604197449088,PulsV*
Gaia DR3 2927614055892664704,2927614055892664704,PulsV*
Gaia DR3 409250975322008832,409250975322008832,PulsV*
Gaia DR3 6037453399364084864,6037453399364084864,PulsV*
Gaia DR3 5342459997876757376,5342459997876757376,PulsV*
TYC 2700-1404-1,1871595324235115648,PulsV*
Gaia DR3 5696653551209444736,5696653551209444736,PulsV*
Gaia DR3 4660269077915589888,4660269077915589888,PulsV*
Gaia DR3 5608652420093260928,5608652420093260928,PulsV*
Gaia DR3 5800060249002787840,5800060249002787840,PulsV*
TYC 9057-4269-1,5910475096432360192,PulsV*
Gaia DR3 3064783624706872704,3064783624706872704,PulsV*
Gaia DR3 4723239380101318912,4723239380101318912,PulsV*
ATO J031.1554-11.7314,2461229398360789888,PulsV*
Gaia DR3 1980364928639425408,1980364928639425408,PulsV*
Gaia DR3 2036503106132168704,2036503106132168704,PulsV*
Gaia DR3 2925849305364584832,2925849305364584832,PulsV*
Gaia DR3 5613057957034807424,5613057957034807424,PulsV*
Gaia DR3 4660299692445014656,4660299692445014656,PulsV*
Gaia DR3 2743626826671801600,2743626826671801600,PulsV*
Gaia DR3 4537080894610572544,4537080894610572544,PulsV*
Gaia DR3 5341873825065194752,5341873825065194752,PulsV*
Gaia DR3 2003218415256200576,2003218415256200576,PulsV*
CD-39  5621,5426414380745988608,PulsV*
Gaia DR3 5695653270508364800,5695653270508364800,PulsV*
Gaia DR3 5311996726879519104,5311996726879519104,PulsV*
UCAC4 573-024716,3426286319024803584,PulsV*
Gaia DR3 6413942565998432512,6413942565998432512,PulsV*
Gaia DR3 5606475863810028288,5606475863810028288,PulsV*
HD  72735,5515479736050406400,PulsV*
CPD-53  3642,5355691108485579520,PulsV*
HD 136455,5824906600466559232,PulsV*
Gaia DR3 5831032082812573568,5831032082812573568,PulsV*
TYC 3618-3822-1,2000889065513378304,PulsV*
TYC 4217-482-1,2239955359035246336,PulsV*
ATO J112.4914+03.5762,3136522570828414080,PulsV*
Gaia DR3 5701295861102262912,5701295861102262912,PulsV*
Gaia DR3 2935487521216533376,2935487521216533376,PulsV*
Gaia DR3 5716333606762950784,5716333606762950784,PulsV*
Gaia DR3 5692736128724972160,5692736128724972160,PulsV*
Gaia DR3 5825657738698704256,5825657738698704256,PulsV*
Gaia DR3 5712429584567915264,5712429584567915264,PulsV*
Gaia DR3 6235648444798896256,6235648444798896256,PulsV*
ATO J190.1812-16.7490,3523185385423992192,PulsV*
Gaia DR3 5792186332676093568,5792186332676093568,PulsV*
Gaia DR3 5923177788631102720,5923177788631102720,PulsV*
Gaia DR3 6427291019413787136,6427291019413787136,PulsV*
Gaia DR3 6649728921864613504,6649728921864613504,PulsV*
Gaia DR3 5546880929145244160,5546880929145244160,PulsV*
UCAC4 176-196662,5922903937210388864,PulsV*
Gaia DR3 2929812495030159104,2929812495030159104,PulsV*
Gaia DR3 2005702349470508928,2005702349470508928,PulsV*
TYC 6543-2534-1,5614154754246925184,PulsV*
Gaia DR3 5795295103030696576,5795295103030696576,PulsV*
UNSW-V 687,6376765573898746496,PulsV*
Gaia DR3 5792493547398250752,5792493547398250752,PulsV*
Gaia DR3 3489719756168306944,3489719756168306944,PulsV*
Gaia DR3 5876007395463396992,5876007395463396992,PulsV*
Gaia DR3 4546832149697280896,4546832149697280896,PulsV*
Gaia DR3 5492725136741022464,5492725136741022464,PulsV*
Gaia DR3 5915330264919063424,5915330264919063424,PulsV*
Gaia DR3 4662063132971243648,4662063132971243648,PulsV*
Gaia DR3 2186168422736438016,2186168422736438016,PulsV*
ATO J119.3475-23.3451,5710751180069660544,PulsV*
Gaia DR3 5606063104574448640,5606063104574448640,PulsV*
Gaia DR3 5356304434144734080,5356304434144734080,PulsV*
Gaia DR3 6355740643831448448,6355740643831448448,PulsV*
Gaia DR3 5931720719212180992,5931720719212180992,PulsV*
ATO J075.7259+40.4308,200756185984838528,PulsV*
Gaia DR3 5765856366383131776,5765856366383131776,PulsV*
Gaia DR3 4392324893112388224,4392324893112388224,PulsV*
Gaia DR3 5440264310241393792,5440264310241393792,PulsV*
Gaia DR3 2045369121238738048,2045369121238738048,PulsV*
Gaia DR3 1979661825312414336,1979661825312414336,PulsV*
Gaia DR3 4660666551348163328,4660666551348163328,PulsV*
Gaia DR3 2063715705371847808,2063715705371847808,PulsV*
Gaia DR3 6077343818655668608,6077343818655668608,PulsV*
ATO J116.0676+56.4383,986003201285777152,PulsV*
Gaia DR3 5613771540082929024,5613771540082929024,PulsV*
TYC 3574-55-1,2166542273320523904,PulsV*
Gaia DR3 456640961576009728,456640961576009728,PulsV*
Gaia DR3 1094550150275425792,1094550150275425792,PulsV*
Gaia DR3 4658955573816901888,4658955573816901888,PulsV*
Gaia DR3 3033186276169154944,3033186276169154944,PulsV*
OGLE-III Cen107.8   5825,5334645738740136960,PulsV*
Gaia DR3 1718412742933601152,1718412742933601152,PulsV*
Gaia DR3 6000628109251209472,6000628109251209472,PulsV*
BD+58  2604,2012043061212958592,PulsV*
OGLE SMC-SC7 206027,4688999351122497280,PulsV*
Gaia DR3 6035363949320006656,6035363949320006656,PulsV*
TYC 5978-181-1,5619480852983277824,PulsV*
HD  57755,2929871486393734912,PulsV*
Gaia DR3 506012366555995264,506012366555995264,PulsV*
Gaia DR3 4662186042073886464,4662186042073886464,PulsV*
Gaia DR3 6476488220520056704,6476488220520056704,PulsV*
Gaia DR3 3042085276603485696,3042085276603485696,PulsV*
Gaia DR3 2922336571871728000,2922336571871728000,PulsV*
Gaia DR3 501361535444441984,501361535444441984,PulsV*
Gaia DR3 4685933500393809408,4685933500393809408,PulsV*
Gaia DR3 6506886693370956416,6506886693370956416,PulsV*
Gaia DR3 1807749746336560256,1807749746336560256,PulsV*
Gaia DR3 4660446855196303744,4660446855196303744,PulsV*
Gaia DR3 4535424445984135040,4535424445984135040,PulsV*
Gaia DR3 4660217710112036352,4660217710112036352,PulsV*
ATO J092.7065-14.2609,2994349085927806592,PulsV*
Gaia DR3 3032749804412763008,3032749804412763008,PulsV*
Gaia DR3 2960608471386795392,2960608471386795392,PulsV*
HD 159336,4123384452038383488,PulsV*
Gaia DR3 5717514958980390528,5717514958980390528,PulsV*
Gaia DR3 5610948543973633280,5610948543973633280,PulsV*
Gaia DR3 6095673742635830528,6095673742635830528,PulsV*
Gaia DR3 3226338239726039552,3226338239726039552,PulsV*
TYC 8303-329-1,5890336437152511232,PulsV*
BD+28  2786,4595653901944261248,PulsV*
Gaia DR3 2921078696208314624,2921078696208314624,PulsV*
ATO J080.2031+36.2142,183973622752804736,PulsV*
Gaia DR3 4661691399264839680,4661691399264839680,PulsV*
TYC 8705-3691-1,5835622612643566080,PulsV*
TYC 8597-298-1,5305833758019775744,PulsV*
TYC 1557-1218-1,4551092757256918400,PulsV*
Gaia DR3 5809114761590501504,5809114761590501504,PulsV*
LAMOST J175045.41+013403.5,4372704078054482816,PulsV*
Gaia DR3 409166248505574784,409166248505574784,PulsV*
Gaia DR3 5855311837853944576,5855311837853944576,PulsV*
Gaia DR3 3709864416662507904,3709864416662507904,PulsV*
ATO J047.9314+31.3287,123516323061994112,PulsV*
Gaia DR3 1819772356249171584,1819772356249171584,PulsV*
HD 290399,3221877486691877248,PulsV*
Gaia DR3 5618312694906224768,5618312694906224768,PulsV*
TYC 8165-468-1,5327505883821783552,PulsV*
Gaia DR3 4660311237318101504,4660311237318101504,PulsV*
Gaia DR3 4660273475962447872,4660273475962447872,PulsV*
Gaia DR3 5365708518408175744,5365708518408175744,PulsV*
Gaia DR3 4659967017112781568,4659967017112781568,PulsV*
BD+29  3583,2038523561841736064,PulsV*
HD  42097,2942138638843682688,PulsV*
Gaia DR3 4546362971766745984,4546362971766745984,PulsV*
Cl* NGC 7092   PLAT    6199,1978667282689129472,PulsV*
ASTEP V-1165,5822596423438570240,PulsV*
Gaia DR3 4713369339096702336,4713369339096702336,PulsV*
HD 310255,5238603638529772032,PulsV*
Gaia DR3 1337778030898348160,1337778030898348160,PulsV*
Gaia DR3 5932296107383693184,5932296107383693184,PulsV*
Gaia DR3 3235578054409351680,3235578054409351680,PulsV*
TYC 6493-1461-1,2909203145990156544,PulsV*
Gaia DR3 5945576214884498944,5945576214884498944,PulsV*
Gaia DR3 5409844912320493696,5409844912320493696,PulsV*
ATO J073.8550-02.9483,3225421934222917376,PulsV*
[MTR2015] OW J074827.26-281423.4,5601387774977766912,PulsV*
HD 311958,6055616403751070720,PulsV*
Gaia DR3 1866145255560713728,1866145255560713728,PulsV*
Gaia DR3 5229747587746518528,5229747587746518528,PulsV*
Gaia DR3 5949477763175911680,5949477763175911680,PulsV*
Gaia DR3 4663499679270962176,4663499679270962176,PulsV*
CPD-61  3035,6057511515138865664,PulsV*
Gaia DR3 6235337935843367936,6235337935843367936,PulsV*
Gaia DR3 3032737400547554944,3032737400547554944,PulsV*
TYC 3590-1739-1,1972263898760354944,PulsV*
Gaia DR3 5817562515604392576,5817562515604392576,PulsV*
ATO J161.4069-15.0193,3749907260052241280,PulsV*
Gaia DR3 4659517905312951424,4659517905312951424,PulsV*
Gaia DR3 1212036815994534016,1212036815994534016,PulsV*
Gaia DR3 3043432590662966400,3043432590662966400,PulsV*
Gaia DR3 5335766415964313600,5335766415964313600,PulsV*
TYC 8691-583-1,5878743328306799360,PulsV*
Gaia DR3 3340651749247026944,3340651749247026944,PulsV*
2MASS J05232920-6640407,4660398442321452160,PulsV*
Gaia DR3 6632938795190616320,6632938795190616320,PulsV*
Gaia DR3 1922890535260139776,1922890535260139776,PulsV*
Gaia DR3 5332948814330086912,5332948814330086912,PulsV*
Gaia DR3 4662270768867453312,4662270768867453312,PulsV*
Gaia DR3 5645957028563851264,5645957028563851264,PulsV*
Gaia DR3 5593171674341064832,5593171674341064832,PulsV*
Gaia DR3 5702486426033072896,5702486426033072896,PulsV*
TYC 2749-1974-1,1886227079513757056,PulsV*
CPD-61  1979,5241851733346959104,PulsV*
HD  83630,794003598922533376,PulsV*
HD  37272,3217369179781083904,PulsV*
Gaia DR3 2076735061221932672,2076735061221932672,PulsV*
HD  89856,5358300494411101952,PulsV*
Gaia DR3 1975217908542501248,1975217908542501248,PulsV*
Gaia DR3 1105201467306693376,1105201467306693376,PulsV*
Gaia DR3 6476570718252037248,6476570718252037248,PulsV*
Gaia DR3 5676155768246224768,5676155768246224768,PulsV*
Gaia DR3 5617399138176057088,5617399138176057088,PulsV*
Gaia DR3 201318453043735168,201318453043735168,PulsV*
Gaia DR3 5339461835823364224,5339461835823364224,PulsV*
Gaia DR3 417113724711978112,417113724711978112,PulsV*
Gaia DR3 6040638512742712064,6040638512742712064,PulsV*
LAMOST J031048.49+411526.7,239224872320822272,PulsV*
ATO J098.2054+45.4949,965530844531973760,PulsV*
Gaia DR3 5946946786176393344,5946946786176393344,PulsV*
Gaia DR3 5697289549979709184,5697289549979709184,PulsV*
Gaia DR3 5826132452809075456,5826132452809075456,PulsV*
Gaia DR3 5216476688551200640,5216476688551200640,PulsV*
Gaia DR3 5594186970247961088,5594186970247961088,PulsV*
Gaia DR3 195034331771400576,195034331771400576,PulsV*
Gaia DR3 5693988884788198400,5693988884788198400,PulsV*
ATO J223.8623-28.5497,6224354364442995456,PulsV*
Gaia DR3 5259467524500099072,5259467524500099072,PulsV*
Gaia DR3 2060756374151092864,2060756374151092864,PulsV*
Gaia DR3 5900520908451115264,5900520908451115264,PulsV*
AG+55 1602,2003961238439280512,PulsV*
Gaia DR3 6648147789786137984,6648147789786137984,PulsV*
Gaia DR3 5604186306942486528,5604186306942486528,PulsV*
UCAC4 675-077269,2079726248242445568,PulsV*
TYC 3676-252-1,411915955291156096,PulsV*
TYC 8978-152-1,6057572293176416640,PulsV*
Gaia DR3 3524464937785822720,3524464937785822720,PulsV*
Gaia DR3 4660270864622012544,4660270864622012544,PulsV*
TYC 2663-396-1,2048328040143526784,PulsV*
TYC 3193-407-1,1960741085614579200,PulsV*
Gaia DR3 5257504483939021312,5257504483939021312,PulsV*
Gaia DR3 6035024372026177664,6035024372026177664,PulsV*
Gaia DR3 5490342495041390720,5490342495041390720,PulsV*
ATO J080.4156+41.8726,195016529131269504,PulsV*
Gaia DR3 4569819330061863680,4569819330061863680,PulsV*
Gaia DR3 1954747299831820160,1954747299831820160,PulsV*
Gaia DR3 5697323944079534720,5697323944079534720,PulsV*
Gaia DR3 5644742617971917824,5644742617971917824,PulsV*
Gaia DR3 5380129231882967552,5380129231882967552,PulsV*
TYC 8600-3324-1,5355583287629161600,PulsV*
ATO J076.2341+23.4966,3418475044822244224,PulsV*
Gaia DR3 5835268054483621760,5835268054483621760,PulsV*
2MASS J07563453-2800134,5600867671622851456,PulsV*
LLNS  7988,5861223847536505984,PulsV*
TYC 8711-1325-1,5933787354363010688,PulsV*
Gaia DR3 5829803653457460480,5829803653457460480,PulsV*
UCAC4 571-025185,3425504772414359552,PulsV*
CD-49  3923,5327945860274958080,PulsV*
[MTR2015] OW J081034.02-271621.4,5693907589649461760,PulsV*
Gaia DR3 1740981387324987776,1740981387324987776,PulsV*
Gaia DR3 6497963778554533888,6497963778554533888,PulsV*
HD 105606,6144283048616213760,PulsV*
Gaia DR3 2939098484894696320,2939098484894696320,PulsV*
Gaia DR3 412478767807162880,412478767807162880,PulsV*
Gaia DR3 5644285289855023488,5644285289855023488,PulsV*
Gaia DR3 5864024127471187200,5864024127471187200,PulsV*
Gaia DR3 5335627396449219968,5335627396449219968,PulsV*
Gaia DR3 3056083915050309760,3056083915050309760,PulsV*
Gaia DR3 4660254543744128512,4660254543744128512,PulsV*
Gaia DR3 5547857398547340800,5547857398547340800,PulsV*
Gaia DR3 6708735209803447808,6708735209803447808,PulsV*
Gaia DR3 1993972621970174464,1993972621970174464,PulsV*
Gaia DR3 5626833596473430528,5626833596473430528,PulsV*
TYC 7149-1810-1,5625439037771748992,PulsV*
TYC 3692-2668-1,504871004768669184,PulsV*
Gaia DR3 5708759002430139136,5708759002430139136,PulsV*
Gaia DR3 5873040814356591232,5873040814356591232,PulsV*
TYC 7120-1048-1,5594580114378124544,PulsV*
Gaia DR3 5915364968228903424,5915364968228903424,PulsV*
Gaia DR3 2044778030657739392,2044778030657739392,PulsV*
TYC 3983-3046-1,2003023831752682624,PulsV*
Gaia DR3 5253623207898715392,5253623207898715392,PulsV*
Gaia DR3 4660215751606723328,4660215751606723328,PulsV*
Gaia DR3 533560007613289728,533560007613289728,PulsV*
TYC 5963-1011-1,2947726906695436160,PulsV*
ATO J310.7605-14.4510,6887552217500494976,PulsV*
TYC 7157-2091-1,5630841973493788800,PulsV*
ATO J109.5156-12.3297,3033160403285640192,PulsV*
BD+77    64,562061002567358848,PulsV*
ATO J263.9540-09.0973,4168158116011534720,PulsV*
Gaia DR3 6075562025709447808,6075562025709447808,PulsV*
Gaia DR3 5914896679377757952,5914896679377757952,PulsV*
Gaia DR3 6815258709498539648,6815258709498539648,PulsV*
Gaia DR3 5607966977674555264,5607966977674555264,PulsV*
TYC 3171-689-1,2065573884324081024,PulsV*
Gaia DR3 5622292617755261824,5622292617755261824,PulsV*
Gaia DR3 5446420643346267264,5446420643346267264,PulsV*
TYC 3934-1904-1,2136573645093441920,PulsV*
Gaia DR3 4660689263136434944,4660689263136434944,PulsV*
Gaia DR3 5715156923162998912,5715156923162998912,PulsV*
Gaia DR3 5922919124212433792,5922919124212433792,PulsV*
Gaia DR3 5605506442457232128,5605506442457232128,PulsV*
Gaia DR3 5692890369593960320,5692890369593960320,PulsV*
ATO J108.1030+43.6691,950087898778233472,PulsV*
CPD-65  3132,5825462231763140864,PulsV*
Gaia DR3 4532168173583375360,4532168173583375360,PulsV*
Gaia DR3 5531480202904622720,5531480202904622720,PulsV*
UNSW-V 435,6138420727494220160,PulsV*
TYC 5946-1701-1,2937709702929481984,PulsV*
CD-22  4192,2928022558823577344,PulsV*
Gaia DR3 2061708478180186368,2061708478180186368,PulsV*
Gaia DR3 5846235545471350528,5846235545471350528,PulsV*
TYC 8655-2559-1,6060970063312416896,PulsV*
Gaia DR3 1829872916725440896,1829872916725440896,PulsV*
TYC 6574-4103-1,5695611626501826816,PulsV*
ATO J359.5828+48.0534,1939545903043834112,PulsV*
* D Pup,5564307363797730048,PulsV*
TYC 9043-2764-1,5817709162963865344,PulsV*
Gaia DR3 5712394297115811584,5712394297115811584,PulsV*
TYC 2065-29-1,4573769432960967552,PulsV*
HD 343655,4520913705692574976,PulsV*
BD+61   400,513864735010185600,PulsV*
Gaia DR3 1971077040366948096,1971077040366948096,PulsV*
ATO J063.9025+59.3763,470322597074947200,PulsV*
Gaia DR3 577717086072827904,577717086072827904,PulsV*
Gaia DR3 4686517100485239808,4686517100485239808,PulsV*
Gaia DR3 5811474519713449472,5811474519713449472,PulsV*
TYC 8973-47-1,5335436626833190272,PulsV*
ATO J122.8389-21.5933,5700703258697737856,PulsV*
Gaia DR3 6235633051637031552,6235633051637031552,PulsV*
Gaia DR3 6033530822944646400,6033530822944646400,PulsV*
TYC 6558-2149-1,5698329000778131584,PulsV*
Gaia DR3 1815802947442283648,1815802947442283648,PulsV*
Gaia DR3 5693659581058063104,5693659581058063104,PulsV*
Gaia DR3 5304422156899067648,5304422156899067648,PulsV*
Gaia DR3 4659820335389128320,4659820335389128320,PulsV*
Gaia DR3 5052208517489532672,5052208517489532672,PulsV*
Gaia DR3 6035069997443605504,6035069997443605504,PulsV*
TYC 3998-670-1,1996016339210175616,PulsV*
Gaia DR3 4688848782405337216,4688848782405337216,PulsV*
Gaia DR3 4660208153760249856,4660208153760249856,PulsV*
Gaia DR3 4191145777408358784,4191145777408358784,PulsV*
Gaia DR3 3060894725098045568,3060894725098045568,PulsV*
HD 350438,1824147622274884480,PulsV*
Gaia DR3 2934292107252224000,2934292107252224000,PulsV*
TYC 8659-2069-1,6060051004701845248,PulsV*
Gaia DR3 4377723623511018496,4377723623511018496,PulsV*
Gaia DR3 5697094111786633728,5697094111786633728,PulsV*
Gaia DR3 5899986270935434112,5899986270935434112,PulsV*
Gaia DR3 5615673725250238592,5615673725250238592,PulsV*
TYC 6595-775-1,5637427876341446016,PulsV*
Gaia DR3 5605867357143242112,5605867357143242112,PulsV*
HD  74581B,5329105638880542976,PulsV*
CPD-40  7643,5969697541498740992,PulsV*
Gaia DR3 4660451253242886656,4660451253242886656,PulsV*
SDSS J160259.57+374505.7,1379268656224492160,PulsV*
Gaia DR3 5644378507826856576,5644378507826856576,PulsV*
TYC 8609-254-1,5351574025869878656,PulsV*
Gaia DR3 5837795831641366784,5837795831641366784,PulsV*
Gaia DR3 3039236506393905792,3039236506393905792,PulsV*
Gaia DR3 5930770844194325248,5930770844194325248,PulsV*
Gaia DR3 5644828517319463936,5644828517319463936,PulsV*
Gaia DR3 2922712329969895040,2922712329969895040,PulsV*
HD 311772,6056449764869081984,PulsV*
Gaia DR3 510770571845704320,510770571845704320,PulsV*
ATO J041.5233+57.1487,460845975073772416,PulsV*
Gaia DR3 1995434594480618240,1995434594480618240,PulsV*
[DCT2018] F20c 08435,5611510738016294144,PulsV*
ATO J109.7734-07.1470,3054942037866252288,PulsV*
[MT91] 658,2067878495051674240,PulsV*
Gaia DR3 4660285467512196608,4660285467512196608,PulsV*
Gaia DR3 5333386900976896256,5333386900976896256,PulsV*
Gaia DR3 4110696328372626176,4110696328372626176,PulsV*
HD 302186,5306790848557195008,PulsV*
Gaia DR3 1842445866527201408,1842445866527201408,PulsV*
Gaia DR3 6081968188454930816,6081968188454930816,PulsV*
HD   7177,413631090352691968,PulsV*
Gaia DR3 3516096348628425728,3516096348628425728,PulsV*
Gaia DR3 5710712319204594944,5710712319204594944,PulsV*
Gaia DR3 4660488602265887488,4660488602265887488,PulsV*
Gaia DR3 5338784437919308800,5338784437919308800,PulsV*
Gaia DR3 6864834524863417856,6864834524863417856,PulsV*
ATO J001.9492+59.1305,423201372699246336,PulsV*
Gaia DR3 4660219496818764288,4660219496818764288,PulsV*
Gaia DR3 1103498529955619840,1103498529955619840,PulsV*
Gaia DR3 567942874379766144,567942874379766144,PulsV*
LS  II +31   28,1862468042000453376,PulsV*
TYC 9229-571-1,5228238954716171392,PulsV*
Gaia DR3 2922076812246442368,2922076812246442368,PulsV*
HD  24935,5082850669605027712,PulsV*
TYC 2678-627-1,2058458738446311040,PulsV*
Gaia DR3 6425697483466950400,6425697483466950400,PulsV*
HD 280394,185206209645986432,PulsV*
Gaia DR3 2928855984327732864,2928855984327732864,PulsV*
Gaia DR3 1723050826577084928,1723050826577084928,PulsV*
Gaia DR3 207042403198849152,207042403198849152,PulsV*
TYC 3677-1708-1,413254507623084928,PulsV*
Gaia DR3 4660338106635952768,4660338106635952768,PulsV*
HD 340457,1856729068034276992,PulsV*
Gaia DR3 5430930036339322752,5430930036339322752,PulsV*
Gaia DR3 4497499403726844544,4497499403726844544,PulsV*
Gaia DR3 2004567928345560832,2004567928345560832,PulsV*
Gaia DR3 5618124850213753984,5618124850213753984,PulsV*
Gaia DR3 5602238453385736960,5602238453385736960,PulsV*
NSVS   3598979,1924297703986363648,PulsV*
Gaia DR3 5818712501677602304,5818712501677602304,PulsV*
Gaia DR3 5235811768035393152,5235811768035393152,PulsV*
Gaia DR3 4659882118530616064,4659882118530616064,PulsV*
Gaia DR3 5251997579951075584,5251997579951075584,PulsV*
Gaia DR3 1806315983176020224,1806315983176020224,PulsV*
HD  64772,5602081635539251840,PulsV*
Gaia DR3 4660435104170491904,4660435104170491904,PulsV*
CD-69   915,5233645249087860992,PulsV*
Gaia DR3 4651593072145453056,4651593072145453056,PulsV*
Gaia DR3 5213545390551135104,5213545390551135104,PulsV*
Gaia DR3 6055008476925051520,6055008476925051520,PulsV*
HD 213978,1901584851772165888,PulsV*
TYC 4015-238-1,430375484215711488,PulsV*
Gaia DR3 5919173328615225216,5919173328615225216,PulsV*
TYC 3967-341-1,2173217618884418944,PulsV*
TYC 9005-645-1,5866744598424101632,PulsV*
Gaia DR3 5825588121542029440,5825588121542029440,PulsV*
Gaia DR3 5643744330130906112,5643744330130906112,PulsV*
Gaia DR3 5546533930145705472,5546533930145705472,PulsV*
ATO J086.0050+34.2785,3454637501225435264,PulsV*
Gaia DR3 6053037602353279232,6053037602353279232,PulsV*
ATO J091.4259-25.8867,2912703303818802304,PulsV*
Gaia DR3 5613941139752742528,5613941139752742528,PulsV*
Gaia DR3 1974828372188183296,1974828372188183296,PulsV*
Gaia DR3 5846475857487188608,5846475857487188608,PulsV*
Gaia DR3 5614431350146967296,5614431350146967296,PulsV*
Gaia DR3 4375691068889635072,4375691068889635072,PulsV*
TYC 8626-793-1,5338836011894924672,PulsV*
2MASS J07371056-2232245,5618868360590700288,PulsV*
Gaia DR3 4659701386289518464,4659701386289518464,PulsV*
TYC 3259-1646-1,395175925120595328,PulsV*
Gaia DR3 5254224602064848256,5254224602064848256,PulsV*
ATO J116.2090-14.3836,3029576235895256320,PulsV*
Gaia DR3 2033039919420749184,2033039919420749184,PulsV*
Gaia DR3 5803061469046259968,5803061469046259968,PulsV*
[MAA2010] 422,5932327752707686016,PulsV*
ATO J270.0230-23.6649,4069116307614677376,PulsV*
Gaia DR3 5719628667006609024,5719628667006609024,PulsV*
Gaia DR3 5758142364599165952,5758142364599165952,PulsV*
Gaia DR3 5604688440158334592,5604688440158334592,PulsV*
HD  13036,507120708636965632,PulsV*
Gaia DR3 5698880783817545088,5698880783817545088,PulsV*
Gaia DR3 5548141106907645568,5548141106907645568,PulsV*
HD  50880,2919158394848316800,PulsV*
Gaia DR3 4660322094996498688,4660322094996498688,PulsV*
Gaia DR3 5311173982938962944,5311173982938962944,PulsV*
Gaia DR3 4660316219480658048,4660316219480658048,PulsV*
Gaia DR3 4688854524802862720,4688854524802862720,PulsV*
Gaia DR3 4231393499323078784,4231393499323078784,PulsV*
Gaia DR3 5568898889994139392,5568898889994139392,PulsV*
TYC 9017-1366-1,5850979044829450880,PulsV*
HD 306671,5336487145809672320,PulsV*
Gaia DR3 4662291663898042496,4662291663898042496,PulsV*
Gaia DR3 576976942949013120,576976942949013120,PulsV*
Gaia DR3 390614394968415488,390614394968415488,PulsV*
Gaia DR3 568243590810216320,568243590810216320,PulsV*
Gaia DR3 3097738363309937152,3097738363309937152,PulsV*
Gaia DR3 2942140318172054016,2942140318172054016,PulsV*
Gaia DR3 6371104738282240256,6371104738282240256,PulsV*
Gaia DR3 5613788273276416256,5613788273276416256,PulsV*
Gaia DR3 5825418693668980352,5825418693668980352,PulsV*
HD  96379,3551939676075571328,PulsV*
HD 251845,3426164067076885248,PulsV*
Gaia DR3 506649636627894784,506649636627894784,PulsV*
TYC 6549-621-1,5606619697978903168,PulsV*
Gaia DR3 5647293691103388928,5647293691103388928,PulsV*
Gaia DR3 6637768468734996608,6637768468734996608,PulsV*
Gaia DR3 5606392202149525376,5606392202149525376,PulsV*
TYC 9004-530-1,5865916734911127168,PulsV*
Gaia DR3 5284135136565635200,5284135136565635200,PulsV*
Gaia DR3 5948287365730878720,5948287365730878720,PulsV*
Gaia DR3 1981242476357298176,1981242476357298176,PulsV*
TYC 8355-1737-1,5945953755376009728,PulsV*
Gaia DR3 3041551532428494720,3041551532428494720,PulsV*
Gaia DR3 4518185821665432192,4518185821665432192,PulsV*
Gaia DR3 434868329239780096,434868329239780096,PulsV*
Gaia DR3 4549166485901268736,4549166485901268736,PulsV*
Gaia DR3 1845598819204361856,1845598819204361856,PulsV*
Gaia DR3 1753066905605135744,1753066905605135744,PulsV*
ATO J107.3107-26.6672,5610970671645873408,PulsV*
Gaia DR3 5543580641912089344,5543580641912089344,PulsV*
Gaia DR3 4950468060870455808,4950468060870455808,PulsV*
ATO J105.5400-22.2926,2928586436486889216,PulsV*
Gaia DR3 4659518008392405760,4659518008392405760,PulsV*
HD 310615,5236818031662917376,PulsV*
Gaia DR3 4389627417430505472,4389627417430505472,PulsV*
Gaia DR3 3030027619781758592,3030027619781758592,PulsV*
Gaia DR3 5867185193362740992,5867185193362740992,PulsV*
Gaia DR3 5778818062288289408,5778818062288289408,PulsV*
Gaia DR3 5948328876615286528,5948328876615286528,PulsV*
SB 649,2453855145672715264,PulsV*
Gaia DR3 4530411188356800896,4530411188356800896,PulsV*
Gaia DR3 4660341538263093248,4660341538263093248,PulsV*
Gaia DR3 1966408690096407168,1966408690096407168,PulsV*
ATO J126.0189-22.9468,5696893382187145984,PulsV*
Gaia DR3 4660738466277844864,4660738466277844864,PulsV*
Gaia DR3 5336567440185588608,5336567440185588608,PulsV*
[DCT2018] F20b 02082,5593220911841981440,PulsV*
Gaia DR3 4660299383207352192,4660299383207352192,PulsV*
Gaia DR3 6183954871253016064,6183954871253016064,PulsV*
BD+59  2366,2191880454368469760,PulsV*
Gaia DR3 5441920621430786688,5441920621430786688,PulsV*
ATO J256.5320-10.7194,4334941931016059520,PulsV*
Gaia DR3 4525166483533099264,4525166483533099264,PulsV*
TYC 5403-2060-1,3034324442500177024,PulsV*
TYC 8213-1168-1,5374668163785313920,PulsV*
TYC 2721-1164-1,1946814323435246464,PulsV*
Gaia DR3 2028288929687838976,2028288929687838976,PulsV*
Gaia DR3 283143558623012224,283143558623012224,PulsV*
HD 160311A,4486526930506733184,PulsV*
Gaia DR3 6062213679704361728,6062213679704361728,PulsV*
LLNS  6082,5335048984619610752,PulsV*
TYC  493-2101-1,4297104888352211328,PulsV*
HD  25736,233273525124049024,PulsV*
OGLE-III Car105.6  32331,5242071910499556096,PulsV*
TYC 8614-419-1,5354340431491620864,PulsV*
Gaia DR3 5334781219190424064,5334781219190424064,PulsV*
Gaia DR3 2928893543827362176,2928893543827362176,PulsV*
Gaia DR3 3047342655869753984,3047342655869753984,PulsV*
Gaia DR3 6034619030197192320,6034619030197192320,PulsV*
Gaia DR3 4983366239047481600,4983366239047481600,PulsV*
Gaia DR3 5816185342932355200,5816185342932355200,PulsV*
HD  82983,5435874338271854976,PulsV*
HD 156908,5813894510442777600,PulsV*
Gaia DR3 2011625693472971648,2011625693472971648,PulsV*
TYC 9053-619-1,5912496479843173632,PulsV*
TYC 5945-2048-1,2937978941539734912,PulsV*
Gaia DR3 5769029518283386496,5769029518283386496,PulsV*
Gaia DR3 4661999984090807424,4661999984090807424,PulsV*
Gaia DR3 2000638132035144960,2000638132035144960,PulsV*
Gaia DR3 4124533476053622784,4124533476053622784,PulsV*
Gaia DR3 4657640828554479488,4657640828554479488,PulsV*
HD 338986,2027017752451599744,PulsV*
Gaia DR3 1943922062396038272,1943922062396038272,PulsV*
Gaia DR3 5614532711370301696,5614532711370301696,PulsV*
Gaia DR3 410868670463036288,410868670463036288,PulsV*
BD+16    72,2781913475113756800,PulsV*
Gaia DR3 6446751374494678016,6446751374494678016,PulsV*
Gaia DR3 5257263828320432768,5257263828320432768,PulsV*
Gaia DR3 5557099206082982144,5557099206082982144,PulsV*
TYC 4045-46-1,517174093203267712,PulsV*
Gaia DR3 4495238567299530880,4495238567299530880,PulsV*
Gaia DR3 5785977184357491840,5785977184357491840,PulsV*
CD-45  4463,5522020524562241280,PulsV*
Gaia DR3 5613345857282966528,5613345857282966528,PulsV*
ATO J135.3912-02.0724,5763329276343236736,PulsV*
Gaia DR3 5829738163797111936,5829738163797111936,PulsV*
Gaia DR3 6084535002651338752,6084535002651338752,PulsV*
Gaia DR3 6072637668379946496,6072637668379946496,PulsV*
Gaia DR3 3484990271325547520,3484990271325547520,PulsV*
Gaia DR3 6425361617024712320,6425361617024712320,PulsV*
Gaia DR3 5051813861533963648,5051813861533963648,PulsV*
Gaia DR3 4465972282181161344,4465972282181161344,PulsV*
Gaia DR3 5310082992527631744,5310082992527631744,PulsV*
Gaia DR3 2113613471482483840,2113613471482483840,PulsV*
Gaia DR3 5843767657269228416,5843767657269228416,PulsV*
Gaia DR3 1999264910730601088,1999264910730601088,PulsV*
Gaia DR3 5405931922243118592,5405931922243118592,PulsV*
Gaia DR3 5323266166995239424,5323266166995239424,PulsV*
Gaia DR3 6236425455922393088,6236425455922393088,PulsV*
Gaia DR3 5546579937837986048,5546579937837986048,PulsV*
Gaia DR3 5834725033174817024,5834725033174817024,PulsV*
Gaia DR3 5563160332650798208,5563160332650798208,PulsV*
TYC 3998-954-1,1995578149466933376,PulsV*
Gaia DR3 5710243132673229440,5710243132673229440,PulsV*
Gaia DR3 5373137716623956480,5373137716623956480,PulsV*
Gaia DR3 5618997961223347328,5618997961223347328,PulsV*
Gaia DR3 4655095222861965440,4655095222861965440,PulsV*
Gaia DR3 5822313191813188608,5822313191813188608,PulsV*
Gaia DR3 5838258721739966080,5838258721739966080,PulsV*
Gaia DR3 1995118897203272832,1995118897203272832,PulsV*
Gaia DR3 5629152058481821696,5629152058481821696,PulsV*
Gaia DR3 4443454696361387392,4443454696361387392,PulsV*
Gaia DR3 4658922210521961344,4658922210521961344,PulsV*
CPD-66  1872,5856806800050748288,PulsV*
Gaia DR3 4660953691375883008,4660953691375883008,PulsV*
Gaia DR3 4660217400874430080,4660217400874430080,PulsV*
Gaia DR3 1820785036510574336,1820785036510574336,PulsV*
Gaia DR3 5949181925821758848,5949181925821758848,PulsV*
Gaia DR3 2932443454553773184,2932443454553773184,PulsV*
Gaia DR3 2945727788397210112,2945727788397210112,PulsV*
Gaia DR3 5388757408863348608,5388757408863348608,PulsV*
BD+29  2573,1282430269119288832,PulsV*
ATO J283.7739-23.0798,4075545049029402496,PulsV*
TYC 6575-2819-1,5652330519506531840,PulsV*
TYC 4543-2138-1,1138914177442662912,PulsV*
Gaia DR3 5596759999259380608,5596759999259380608,PulsV*
Gaia DR3 4525750977044698496,4525750977044698496,PulsV*
Gaia DR3 1748427073911153024,1748427073911153024,PulsV*
ATO J105.0723-34.2749,5579581126495755776,PulsV*
Gaia DR3 566970734302115584,566970734302115584,PulsV*
Gaia DR3 5714087235783989760,5714087235783989760,PulsV*
Gaia DR3 3034962915160575232,3034962915160575232,PulsV*
Gaia DR3 4037902959273160960,4037902959273160960,PulsV*
Gaia DR3 6057709324154754432,6057709324154754432,PulsV*
Gaia DR3 5832142967553771904,5832142967553771904,PulsV*
Gaia DR3 4657075026664420352,4657075026664420352,PulsV*
Gaia DR3 5252257408295753344,5252257408295753344,PulsV*
Gaia DR3 4660329997743824384,4660329997743824384,PulsV*
Gaia DR3 5791507869586989696,5791507869586989696,PulsV*
Gaia DR3 1949576915120517632,1949576915120517632,PulsV*
Gaia DR3 5884196768592285312,5884196768592285312,PulsV*
Gaia DR3 5871312656961338496,5871312656961338496,PulsV*
Gaia DR3 5406596748818971776,5406596748818971776,PulsV*
HD 236598,424147678557345280,PulsV*
Gaia DR3 424101911383433344,424101911383433344,PulsV*
ATO J077.7414+40.6851,201008871800476288,PulsV*
Gaia DR3 5922477124851134464,5922477124851134464,PulsV*
2MASS J10521885+8007086,1133089377155101568,PulsV*
TYC 6558-397-1,5698364425669047808,PulsV*
HD 341399,1845142006481039360,PulsV*
Gaia DR3 5387509501824890624,5387509501824890624,PulsV*
CD-61  3823,5868373731094377344,PulsV*
HD 306719,5335877432279921664,PulsV*
Gaia DR3 5434946968931619840,5434946968931619840,PulsV*
Gaia DR3 2104451790844941568,2104451790844941568,PulsV*
Gaia DR3 5694017231573688704,5694017231573688704,PulsV*
Gaia DR3 5857757224787220096,5857757224787220096,PulsV*
Gaia DR3 1846179739299559040,1846179739299559040,PulsV*
ATO J137.1574-15.0569,5731347090135594752,PulsV*
Gaia DR3 1985677597013351808,1985677597013351808,PulsV*
Gaia DR3 452561395477910016,452561395477910016,PulsV*
TYC 3128-1500-1,2102474731501552128,PulsV*
Gaia DR3 424057243722725376,424057243722725376,PulsV*
TYC 2163-288-1,1836910856284022528,PulsV*
HD 297509,5312965087373737728,PulsV*
TYC 8994-711-1,5868500965191081344,PulsV*
Gaia DR3 5777808092139081472,5777808092139081472,PulsV*
Gaia DR3 5232325251019695104,5232325251019695104,PulsV*
Gaia DR3 5933565734059020672,5933565734059020672,PulsV*
Gaia DR3 5519765254412633984,5519765254412633984,PulsV*
Gaia DR3 5233524513261154944,5233524513261154944,PulsV*
Gaia DR3 6060688210379941376,6060688210379941376,PulsV*
Gaia DR3 3087101034989348864,3087101034989348864,PulsV*
Gaia DR3 4660235233580312704,4660235233580312704,PulsV*
ATO J117.7143-28.9873,5600519225204862336,PulsV*
Gaia DR3 4116945265358771072,4116945265358771072,PulsV*
HD  46832,2940297197385927936,PulsV*
Gaia DR3 5865198994442157440,5865198994442157440,PulsV*
Gaia DR3 2039420690289562112,2039420690289562112,PulsV*
TYC 7176-1509-1,5435069117801862016,PulsV*
Gaia DR3 5334059836437160192,5334059836437160192,PulsV*
UNSW-V 620,6436939886783317632,PulsV*
Gaia DR3 5985469039393491712,5985469039393491712,PulsV*
Gaia DR3 5694621756809863296,5694621756809863296,PulsV*
TYC 7163-1550-1,5623958240430185728,PulsV*
Gaia DR3 424946611190899072,424946611190899072,PulsV*
Gaia DR3 5800186795920575232,5800186795920575232,PulsV*
HD  25365,233134780499658496,PulsV*
Gaia DR3 4658951003984412288,4658951003984412288,PulsV*
Gaia DR3 5596042877161183616,5596042877161183616,PulsV*
BD+03  3927,4269017176684904320,PulsV*
Gaia DR3 1819275033365977600,1819275033365977600,PulsV*
ATO J240.9660-20.7101,6244045449461254784,PulsV*
Gaia DR3 5915781717510199808,5915781717510199808,PulsV*
ATO J117.1421-11.3524,3037036525366426368,PulsV*
Gaia DR3 5653033210513527424,5653033210513527424,PulsV*
OGLE-III Car110.5  23434,5254086514630014208,PulsV*
Gaia DR3 5661536382469804800,5661536382469804800,PulsV*
HD 114492A,5844823978711929344,PulsV*
Gaia DR3 5712914366116332288,5712914366116332288,PulsV*
Gaia DR3 5911264472756671744,5911264472756671744,PulsV*
TYC 6579-2408-1,5647100039614108544,PulsV*
Gaia DR3 5619035860012479360,5619035860012479360,PulsV*
Gaia DR3 5914620216610310528,5914620216610310528,PulsV*
Gaia DR3 2244557575410285824,2244557575410285824,PulsV*
LAMOST J133818.02+551218.7,1562097232101895168,PulsV*
Gaia DR3 6043596263438282368,6043596263438282368,PulsV*
TYC 2156-1397-1,1830906938676487168,PulsV*
Gaia DR3 2044308710970212736,2044308710970212736,PulsV*
EROS2-GSA J162736-520714,5933959599736089216,PulsV*
Gaia DR3 4538774864073278208,4538774864073278208,PulsV*
[MTR2015] OW J073618.0-292628.4,5599575539297534336,PulsV*
Gaia DR3 5735209743203729152,5735209743203729152,PulsV*
LAMOST J210027.20+305443.0,1864599823248402432,PulsV*
Gaia DR3 4113013622180072960,4113013622180072960,PulsV*
Gaia DR3 6369241409671207296,6369241409671207296,PulsV*
Gaia DR3 4393877300451022848,4393877300451022848,PulsV*
Gaia DR3 5830148968817328512,5830148968817328512,PulsV*
Gaia DR3 3032331921272101632,3032331921272101632,PulsV*
CPD-20  2882,5715226497331045888,PulsV*
Gaia DR3 5927468942012289664,5927468942012289664,PulsV*
TYC 4183-293-1,1619320253912536832,PulsV*
Gaia DR3 5548131967217390976,5548131967217390976,PulsV*
Gaia DR3 5591630021595159168,5591630021595159168,PulsV*
Gaia DR3 5530325646975000704,5530325646975000704,PulsV*
Gaia DR3 1922943307520970624,1922943307520970624,PulsV*
Gaia DR3 5642319672298048896,5642319672298048896,PulsV*
TYC 5410-1532-1,3041798097909890560,PulsV*
Gaia DR3 219640543007864064,219640543007864064,PulsV*
Gaia DR3 5640283548565267456,5640283548565267456,PulsV*
Gaia DR3 5712828531189969536,5712828531189969536,PulsV*
TYC 8659-957-1,6059774516227316096,PulsV*
Gaia DR3 5928608207874314112,5928608207874314112,PulsV*
NGC  7654   835,2015650558868316288,PulsV*
Gaia DR3 5324574246534977920,5324574246534977920,PulsV*
Gaia DR3 5618951201919253504,5618951201919253504,PulsV*
Gaia DR3 5933973442324924800,5933973442324924800,PulsV*
Gaia DR3 5600869046012062080,5600869046012062080,PulsV*
Gaia DR3 4660323812983556736,4660323812983556736,PulsV*
Gaia DR3 5602446364168591232,5602446364168591232,PulsV*
Gaia DR3 5718963707294288512,5718963707294288512,PulsV*
TYC 3337-149-1,270733027285584000,PulsV*
Gaia DR3 5717448717709885952,5717448717709885952,PulsV*
Gaia DR3 5692926443009812608,5692926443009812608,PulsV*
Gaia DR3 5858743727267596544,5858743727267596544,PulsV*
Gaia DR3 5219122766364266752,5219122766364266752,PulsV*
Gaia DR3 5692908992572797696,5692908992572797696,PulsV*
Gaia DR3 5711673498526540800,5711673498526540800,PulsV*
Gaia DR3 2940344888702376832,2940344888702376832,PulsV*
ATO J122.5376-29.7464,5596717324463692160,PulsV*
TYC 3701-829-1,453316485085699840,PulsV*
TYC 6544-791-1,5614679629299223680,PulsV*
Gaia DR3 5799706378050134528,5799706378050134528,PulsV*
TYC 2188-1139-1,1797327368223755008,PulsV*
Gaia DR3 5768579410008887424,5768579410008887424,PulsV*
HD 118521,5869248701825527808,PulsV*
Gaia DR3 5334369104122936576,5334369104122936576,PulsV*
Gaia DR3 4660275537546856320,4660275537546856320,PulsV*
Gaia DR3 4660544574281849728,4660544574281849728,PulsV*
Gaia DR3 3039674283820484992,3039674283820484992,PulsV*
Gaia DR3 5826661833342226944,5826661833342226944,PulsV*
Gaia DR3 5794925460965048448,5794925460965048448,PulsV*
UCAC4 203-073029,6081792369672630912,PulsV*
ATO J120.5917-33.9558,5545970533511502848,PulsV*
Gaia DR3 5610538391775793152,5610538391775793152,PulsV*
ATO J117.1053-15.1841,3029276103580198656,PulsV*
Gaia DR3 4655298117149072000,4655298117149072000,PulsV*
Gaia DR3 6564317724743250688,6564317724743250688,PulsV*
Gaia DR3 2922258953222419328,2922258953222419328,PulsV*
ATO J114.7689-17.1903,3027139301507889408,PulsV*
Gaia DR3 5698490319750854144,5698490319750854144,PulsV*
Gaia DR3 5613850189527213440,5613850189527213440,PulsV*
Gaia DR3 6903727511014197376,6903727511014197376,PulsV*
Gaia DR3 5878874651231898112,5878874651231898112,PulsV*
Gaia DR3 5334136011984437632,5334136011984437632,PulsV*
TYC 9017-752-1,5852451595786995712,PulsV*
ATO J007.9010+50.0729,391692736699117824,PulsV*
Gaia DR3 5543479315045389312,5543479315045389312,PulsV*
Gaia DR3 4660272548249299840,4660272548249299840,PulsV*
Gaia DR3 5832019066330865536,5832019066330865536,PulsV*
TYC 7120-1632-1,5596044526431618816,PulsV*
Gaia DR3 1985722603968809344,1985722603968809344,PulsV*
TYC 5992-912-1,5712053139277688448,PulsV*
Gaia DR3 5641138174032558336,5641138174032558336,PulsV*
Gaia DR3 4659938262345695616,4659938262345695616,PulsV*
TYC 4050-546-1,514319211264627840,PulsV*
Gaia DR3 4688981003018153344,4688981003018153344,PulsV*
Gaia DR3 2046493543644486016,2046493543644486016,PulsV*
Gaia DR3 5714386440385017344,5714386440385017344,PulsV*
TYC 8685-1538-1,5887630577745792256,PulsV*
HD 198195A,2066664771658133120,PulsV*
HD  65414,5711569525955719552,PulsV*
Gaia DR3 6035546914919273600,6035546914919273600,PulsV*
Gaia DR3 5772850394207928448,5772850394207928448,PulsV*
HD 302141,5306924851529956736,PulsV*
HD 347372,1842354637127765888,PulsV*
Gaia DR3 5819061832834418688,5819061832834418688,PulsV*
Gaia DR3 261296601882101760,261296601882101760,PulsV*
Gaia DR3 5816777910978090752,5816777910978090752,PulsV*
Gaia DR3 5817346530281458560,5817346530281458560,PulsV*
UNSW-V 784,5799613808601581824,PulsV*
Gaia DR3 5806028363737288960,5806028363737288960,PulsV*
Gaia DR3 5611996241121133312,5611996241121133312,PulsV*
Gaia DR3 3047480511444000640,3047480511444000640,PulsV*
Gaia DR3 4295951225787809408,4295951225787809408,PulsV*
Gaia DR3 5833298240669903744,5833298240669903744,PulsV*
NGC  2168   460,3426282225917337984,PulsV*
Gaia DR3 1847686345104508672,1847686345104508672,PulsV*
ATO J284.5515-01.6631,4264973207263870336,PulsV*
NGC  3114    38,5256705753130837248,PulsV*
ATO J122.0664-25.8160,5697258351336217984,PulsV*
Gaia DR3 4550928831242353024,4550928831242353024,PulsV*
Gaia DR3 418021440283515264,418021440283515264,PulsV*
ATO J307.7511+10.5618,1753016298007862144,PulsV*
ATO J283.2829-14.7930,4101814787014076544,PulsV*
Gaia DR3 5829620962726435584,5829620962726435584,PulsV*
Gaia DR3 2035854218165189376,2035854218165189376,PulsV*
Gaia DR3 2044800158330329088,2044800158330329088,PulsV*
Gaia DR3 5532658849312548224,5532658849312548224,PulsV*
Gaia DR3 4525113191578436992,4525113191578436992,PulsV*
Gaia DR3 5852722698490824064,5852722698490824064,PulsV*
Gaia DR3 5255159260001929344,5255159260001929344,PulsV*
Gaia DR3 2937131050576566400,2937131050576566400,PulsV*
HD 137758,5823411848751505664,PulsV*
Gaia DR3 6089832380959410816,6089832380959410816,PulsV*
Gaia DR3 2049421474401401344,2049421474401401344,PulsV*
* ksi Oct,6351882320090933248,PulsV*
Gaia DR3 5925012800512078464,5925012800512078464,PulsV*
Gaia DR3 2005440631345553408,2005440631345553408,PulsV*
TYC 9007-5787-1,5878481678880967680,PulsV*
TYC 8703-1111-1,5883080901679353984,PulsV*
Gaia DR3 1935425208336339712,1935425208336339712,PulsV*
Gaia DR3 2015452230156624384,2015452230156624384,PulsV*
TYC 3604-2298-1,1974655920659520384,PulsV*
TYC 8666-1554-1,6063888579478095616,PulsV*
HD 310755,5332560858509182976,PulsV*
Gaia DR3 2164011648544705664,2164011648544705664,PulsV*
* D01 Car,5275962500997316864,PulsV*
Gaia DR3 5342493670422928640,5342493670422928640,PulsV*
Gaia DR3 5697893353655220864,5697893353655220864,PulsV*
Gaia DR3 2073133164215463296,2073133164215463296,PulsV*
Gaia DR3 2915764997026083840,2915764997026083840,PulsV*
Gaia DR3 2231277261652270592,2231277261652270592,PulsV*
Gaia DR3 5406576373494542336,5406576373494542336,PulsV*
Gaia DR3 4315032459846048128,4315032459846048128,PulsV*
HD  70677,5644171627842195200,PulsV*
TYC 9006-1518-1,5866702606515124480,PulsV*
Gaia DR3 4662122613990735616,4662122613990735616,PulsV*
Gaia DR3 5238334601776597504,5238334601776597504,PulsV*
Gaia DR3 5871590386718784256,5871590386718784256,PulsV*
Gaia DR3 5849973026074183680,5849973026074183680,PulsV*
Gaia DR3 5335177691849895040,5335177691849895040,PulsV*
Gaia DR3 3463666072234649856,3463666072234649856,PulsV*
Gaia DR3 2055622926150321280,2055622926150321280,PulsV*
HD  40800,1008592500176563456,PulsV*
Gaia DR3 1974142826691693952,1974142826691693952,PulsV*
TYC 8928-2331-1,5277369051247301888,PulsV*
Gaia DR3 5354661763752601600,5354661763752601600,PulsV*
Gaia DR3 3034959921560496640,3034959921560496640,PulsV*
Gaia DR3 6837636554262117760,6837636554262117760,PulsV*
CD-60  4709,5868650906759768576,PulsV*
TYC 2896-1971-1,187761783909172096,PulsV*
Gaia DR3 2092089633719315968,2092089633719315968,PulsV*
Gaia DR3 5253037614876325376,5253037614876325376,PulsV*
HD 119889,5851580645140561792,PulsV*
BD+32  3214,2090626870937788288,PulsV*
Gaia DR3 6059443838103186176,6059443838103186176,PulsV*
Gaia DR3 5825444330362281472,5825444330362281472,PulsV*
Gaia DR3 4660734446169069696,4660734446169069696,PulsV*
Gaia DR3 6053966994555153024,6053966994555153024,PulsV*
Gaia DR3 4689057174248682240,4689057174248682240,PulsV*
Gaia DR3 6066095677259597312,6066095677259597312,PulsV*
Gaia DR3 5507002432665400064,5507002432665400064,PulsV*
Gaia DR3 5285201692907042560,5285201692907042560,PulsV*
ATO J200.4843-30.2438,6182063505094752512,PulsV*
[MSH2004] 17050,381185773521432320,PulsV*
Gaia DR3 2188654384166255488,2188654384166255488,PulsV*
TYC 1627-156-1,1827399393541300224,PulsV*
Gaia DR3 3057014960880915456,3057014960880915456,PulsV*
CPD-72  1445,5839602569772571392,PulsV*
Gaia DR3 4685844332518964608,4685844332518964608,PulsV*
ATO J239.6799-20.2366,6246771516742580736,PulsV*
Gaia DR3 4688979766052179840,4688979766052179840,PulsV*
Gaia DR3 5302919257641629568,5302919257641629568,PulsV*
TYC 8606-948-1,5259203676064935680,PulsV*
Gaia DR3 4660365903666168960,4660365903666168960,PulsV*
Gaia DR3 6131119588031845376,6131119588031845376,PulsV*
Gaia DR3 5694561249310215296,5694561249310215296,PulsV*
HD 110225,3495988209397233664,PulsV*
Gaia DR3 5646505891026369280,5646505891026369280,PulsV*
HD 304600,5342419560789891200,PulsV*
Gaia DR3 5618963193468142592,5618963193468142592,PulsV*
HD 201624,6375948739837677952,PulsV*
ATO J156.8668-27.7590,5468640712488574208,PulsV*
Gaia DR3 423650493140030720,423650493140030720,PulsV*
Gaia DR3 6035456136496608128,6035456136496608128,PulsV*
Gaia DR3 5697565011999190144,5697565011999190144,PulsV*
Gaia DR3 5596756700724603904,5596756700724603904,PulsV*
Gaia DR3 5228389068108415232,5228389068108415232,PulsV*
TYC 6544-3688-1,5601905060843750528,PulsV*
TYC 8583-148-1,5311776824552295680,PulsV*
Gaia DR3 2927121131078057728,2927121131078057728,PulsV*
ATO J296.4395-18.8847,6869058436220231040,PulsV*
Gaia DR3 2932210220648890240,2932210220648890240,PulsV*
SK -66   68,4658948220845680128,PulsV*
Gaia DR3 5355276833121073152,5355276833121073152,PulsV*
Gaia DR3 5613031465679008896,5613031465679008896,PulsV*
Gaia DR3 5592893119939640832,5592893119939640832,PulsV*
BI 177,4660318865180719360,PulsV*
Gaia DR3 5611334025879440896,5611334025879440896,PulsV*
Gaia DR3 6454177411606314880,6454177411606314880,PulsV*
Gaia DR3 5697070953321409920,5697070953321409920,PulsV*
Cl Trumpler   24   241,5969676955694428544,PulsV*
Gaia DR3 4037907593463389184,4037907593463389184,PulsV*
UCAC4 658-080742,2076875867429597440,PulsV*
Gaia DR3 5818470093730785024,5818470093730785024,PulsV*
Gaia DR3 5947103642690333184,5947103642690333184,PulsV*
Gaia DR3 2935882314610864512,2935882314610864512,PulsV*
Gaia DR3 5601080805076445440,5601080805076445440,PulsV*
ATO J287.7219-22.5773,4080920320845675136,PulsV*
HD 121005,6093923698083016448,PulsV*
Gaia DR3 1736097322316075904,1736097322316075904,PulsV*
Gaia DR3 5698172045493007104,5698172045493007104,PulsV*
Gaia DR3 4659897339895395200,4659897339895395200,PulsV*
Gaia DR3 1940958053930717440,1940958053930717440,PulsV*
Gaia DR3 5599237576912237696,5599237576912237696,PulsV*
Gaia DR3 4305068921642413440,4305068921642413440,PulsV*
Gaia DR3 396269526871586944,396269526871586944,PulsV*
Gaia DR3 2894711166121301760,2894711166121301760,PulsV*
ATO J313.6585-17.6720,6882659807369041920,PulsV*
Gaia DR3 4687428904887545472,4687428904887545472,PulsV*
CD-57  4469,6071574715508169984,PulsV*
TYC 7661-1136-1,5541763973821481472,PulsV*
Gaia DR3 5610022445948604544,5610022445948604544,PulsV*
TYC 3671-1267-1,408862955095077888,PulsV*
Gaia DR3 1969989181002370304,1969989181002370304,PulsV*
TYC 2739-325-1,1902264349959553152,PulsV*
Gaia DR3 6077231801612694528,6077231801612694528,PulsV*
Gaia DR3 5643558164764971648,5643558164764971648,PulsV*
Gaia DR3 5547592416242663168,5547592416242663168,PulsV*
GSC 03618-00387,2001275440778048384,PulsV*
Gaia DR3 2927914256924496128,2927914256924496128,PulsV*
Gaia DR3 2032400862645486848,2032400862645486848,PulsV*
Gaia DR3 5590606513704471296,5590606513704471296,PulsV*
Gaia DR3 5782336362061334784,5782336362061334784,PulsV*
Gaia DR3 2994414262053765248,2994414262053765248,PulsV*
Gaia DR3 6125038812000729856,6125038812000729856,PulsV*
UNSW-V 297,5915916613844866176,PulsV*
HD  19872,5104800112853684864,PulsV*
Gaia DR3 4489327592783979392,4489327592783979392,PulsV*
Gaia DR3 5635298603355277952,5635298603355277952,PulsV*
BD-17  2307,5714957567954296064,PulsV*
HD 193858,1836269978448501120,PulsV*
Gaia DR3 6632536850673976064,6632536850673976064,PulsV*
Gaia DR3 5227482520774620544,5227482520774620544,PulsV*
Gaia DR3 2927503585023459456,2927503585023459456,PulsV*
Gaia DR3 5613859947692541952,5613859947692541952,PulsV*
Gaia DR3 6794089541548184832,6794089541548184832,PulsV*
Gaia DR3 4663564692213572480,4663564692213572480,PulsV*
ATO J136.7812-15.5791,5731212129379508608,PulsV*
2MASS J07302345-1347340,3033235170077602816,PulsV*
Gaia DR3 455618862437556480,455618862437556480,PulsV*
TYC 3973-1790-1,2005455062436405120,PulsV*
Gaia DR3 4913089712110976512,4913089712110976512,PulsV*
Gaia DR3 4479897081579931136,4479897081579931136,PulsV*
HD 309134,5332963073622339072,PulsV*
Gaia DR3 5531434302595476352,5531434302595476352,PulsV*
Gaia DR3 401085765752511232,401085765752511232,PulsV*
Gaia DR3 5848955050071585792,5848955050071585792,PulsV*
Gaia DR3 5952204547703533824,5952204547703533824,PulsV*
Gaia DR3 2004940078671994880,2004940078671994880,PulsV*
Gaia DR3 5923597664648966784,5923597664648966784,PulsV*
ATO J330.2330+49.7683,1976893731760511104,PulsV*
CPD-59  2607,5350355526480264192,PulsV*
Gaia DR3 6893877815269143168,6893877815269143168,PulsV*
Gaia DR3 5614646132867874432,5614646132867874432,PulsV*
ATO J116.8295-17.1162,5718580596211947264,PulsV*
Gaia DR3 5334463524685963264,5334463524685963264,PulsV*
ATO J109.7039+14.9391,3167749422611378176,PulsV*
Gaia DR3 1723417097092389632,1723417097092389632,PulsV*
HD 149923,5830689237019768832,PulsV*
Gaia DR3 3474767497542100864,3474767497542100864,PulsV*
HD 348883,4524801033363394560,PulsV*
Gaia DR3 5620334868587499136,5620334868587499136,PulsV*
ATO J106.3295-15.1344,2936296138993733888,PulsV*
Gaia DR3 2945429133554980352,2945429133554980352,PulsV*
TYC 8312-161-1,5943938114400026240,PulsV*
Gaia DR3 4435142006201332096,4435142006201332096,PulsV*
Gaia DR3 4659879541550033536,4659879541550033536,PulsV*
Gaia DR3 2004858061974431488,2004858061974431488,PulsV*
TYC 7122-189-1,5644428123275950336,PulsV*
Gaia DR3 1300894294869863296,1300894294869863296,PulsV*
Gaia DR3 4659879094873422336,4659879094873422336,PulsV*
Gaia DR3 5724233700882541696,5724233700882541696,PulsV*
Gaia DR3 5376502771955548416,5376502771955548416,PulsV*
Gaia DR3 5841104296510212864,5841104296510212864,PulsV*
Gaia DR3 5711396799553985536,5711396799553985536,PulsV*
Gaia DR3 2058467667659217792,2058467667659217792,PulsV*
Gaia DR3 5565867089761480320,5565867089761480320,PulsV*
TYC 8599-63-1,5356581094428770688,PulsV*
Gaia DR3 5819660486865147008,5819660486865147008,PulsV*
Gaia DR3 3348381178552798208,3348381178552798208,PulsV*
Gaia DR3 3054827070183694720,3054827070183694720,PulsV*
Gaia DR3 5368163388576105728,5368163388576105728,PulsV*
ATO J112.9481-08.9467,3053490781295572608,PulsV*
[DCT2018] F20a 21823,5592940124059433984,PulsV*
TYC 2664-1216-1,2035439122506494464,PulsV*
Gaia DR3 5334477685252598784,5334477685252598784,PulsV*
Gaia DR3 5696270955527053824,5696270955527053824,PulsV*
Gaia DR3 5816974478729059456,5816974478729059456,PulsV*
Gaia DR3 509420676501557120,509420676501557120,PulsV*
Gaia DR3 4660738771204135424,4660738771204135424,PulsV*
ATO J329.7609+47.7254,1976118236768820224,PulsV*
Gaia DR3 5829202186230070656,5829202186230070656,PulsV*
Gaia DR3 6033407810739258368,6033407810739258368,PulsV*
Gaia DR3 5692939607100669184,5692939607100669184,PulsV*
Gaia DR3 5859188067334160896,5859188067334160896,PulsV*
Gaia DR3 6078033590402055552,6078033590402055552,PulsV*
Gaia DR3 3083114377624287232,3083114377624287232,PulsV*
Gaia DR3 6402886220666063232,6402886220666063232,PulsV*
Gaia DR3 4685853304729890304,4685853304729890304,PulsV*
Gaia DR3 5826208319132341888,5826208319132341888,PulsV*
Gaia DR3 1861023661677805568,1861023661677805568,PulsV*
TYC 4362-673-1,1106756069373442048,PulsV*
Gaia DR3 5250876318593330176,5250876318593330176,PulsV*
Gaia DR3 5404778156594808320,5404778156594808320,PulsV*
Gaia DR3 5949442986809559168,5949442986809559168,PulsV*
Gaia DR3 5608802980167818752,5608802980167818752,PulsV*
HD  95394,5238560547095453696,PulsV*
Gaia DR3 6428468184050857600,6428468184050857600,PulsV*
Gaia DR3 4685849490799365376,4685849490799365376,PulsV*
Gaia DR3 5818424150448508032,5818424150448508032,PulsV*
Gaia DR3 5316643400443663104,5316643400443663104,PulsV*
ATO J059.0278+55.2600,444653879648018816,PulsV*
TYC 9030-4983-1,5825758447097185280,PulsV*
Gaia DR3 4660689641093564032,4660689641093564032,PulsV*
Gaia DR3 4660540554192409984,4660540554192409984,PulsV*
Gaia DR3 1834875866424869888,1834875866424869888,PulsV*
ATO J005.5901+37.5321,378745025209151744,PulsV*
Gaia DR3 2962996511861667584,2962996511861667584,PulsV*
BD+85   396,2304311496891769216,PulsV*
Gaia DR3 5236271265158377984,5236271265158377984,PulsV*
Gaia DR3 4660260075663080320,4660260075663080320,PulsV*
TYC 3172-1430-1,1968394403796408320,PulsV*
Gaia DR3 5308119707117700352,5308119707117700352,PulsV*
Gaia DR3 5533292580329356416,5533292580329356416,PulsV*
Gaia DR3 5816228258247408000,5816228258247408000,PulsV*
Gaia DR3 4301256094522145152,4301256094522145152,PulsV*
[HCB95] LH 52 4995,4660525023589658112,PulsV*
Gaia DR3 1869436742394719232,1869436742394719232,PulsV*
Gaia DR3 6442560074825835136,6442560074825835136,PulsV*
TYC 3553-1351-1,2134226668804691072,PulsV*
Gaia DR3 2009985497003846912,2009985497003846912,PulsV*
TYC 8196-2943-1,5358311970563538816,PulsV*
Gaia DR3 5649046965470361344,5649046965470361344,PulsV*
ATO J242.9407-18.5494,6245894450055553792,PulsV*
Gaia DR3 4660689675453307136,4660689675453307136,PulsV*
Gaia DR3 1846131738744452352,1846131738744452352,PulsV*
Gaia DR3 5715412112937762304,5715412112937762304,PulsV*
Gaia DR3 395759697073934848,395759697073934848,PulsV*
Gaia DR3 4225864746838347648,4225864746838347648,PulsV*
Gaia DR3 5241278681618935168,5241278681618935168,PulsV*
Gaia DR3 2033109356103377280,2033109356103377280,PulsV*
Gaia DR3 2001025061359238144,2001025061359238144,PulsV*
Gaia DR3 6491144641798543616,6491144641798543616,PulsV*
Gaia DR3 795371971205579008,795371971205579008,PulsV*
Gaia DR3 2001226134541984896,2001226134541984896,PulsV*
Gaia DR3 5613740307081011456,5613740307081011456,PulsV*
TYC 3611-1185-1,1987457087865786752,PulsV*
Gaia DR3 5297469631336328192,5297469631336328192,PulsV*
Gaia DR3 6038765116729228672,6038765116729228672,PulsV*
Gaia DR3 6061842697574007424,6061842697574007424,PulsV*
Gaia DR3 5824981710860530176,5824981710860530176,PulsV*
TYC 2641-773-1,2091115436355929856,PulsV*
Gaia DR3 5832179285760915328,5832179285760915328,PulsV*
Gaia DR3 4658913654946452736,4658913654946452736,PulsV*
Gaia DR3 4443070481469377152,4443070481469377152,PulsV*
Gaia DR3 66995790398816000,66995790398816000,PulsV*
Gaia DR3 6030315331209394432,6030315331209394432,PulsV*
Gaia DR3 5593033926147977728,5593033926147977728,PulsV*
Gaia DR3 4230372053021910400,4230372053021910400,PulsV*
Gaia DR3 4582863012599163136,4582863012599163136,PulsV*
Gaia DR3 5618030292215447808,5618030292215447808,PulsV*
Gaia DR3 3081032830315910656,3081032830315910656,PulsV*
2MASS J19580841+3519112,2059391124300152320,PulsV*
ATO J295.7307-24.0103,6768395982034210048,PulsV*
Gaia DR3 5932969970596481152,5932969970596481152,PulsV*
Gaia DR3 2997866835942782336,2997866835942782336,PulsV*
[MAA2010] 442,5932326893714800768,PulsV*
Gaia DR3 5713196528287982080,5713196528287982080,PulsV*
Gaia DR3 6080544733218460544,6080544733218460544,PulsV*
TYC 6568-474-1,5692798697810541312,PulsV*
Gaia DR3 6073053936605220224,6073053936605220224,PulsV*
ATO J183.7263-02.0749,3694477202404773248,PulsV*
Gaia DR3 5586894562452832896,5586894562452832896,PulsV*
Gaia DR3 424585112384444672,424585112384444672,PulsV*
Gaia DR3 5790342765218974464,5790342765218974464,PulsV*
Gaia DR3 4393418945839012352,4393418945839012352,PulsV*
Gaia DR3 1866641410179100928,1866641410179100928,PulsV*
Gaia DR3 1820657875439948544,1820657875439948544,PulsV*
Gaia DR3 3034859767224673280,3034859767224673280,PulsV*
Gaia DR3 5845793782315703296,5845793782315703296,PulsV*
Cl* NGC 7789    JKR      42,1994999149212612736,PulsV*
Gaia DR3 2929388186621833472,2929388186621833472,PulsV*
TYC 8607-1383-1,5259265661024041216,PulsV*
Gaia DR3 2008732225549684736,2008732225549684736,PulsV*
Gaia DR3 5561334524874834304,5561334524874834304,PulsV*
Gaia DR3 395746949611132928,395746949611132928,PulsV*
Gaia DR3 3085009557716541184,3085009557716541184,PulsV*
Gaia DR3 5371503739265778432,5371503739265778432,PulsV*
Gaia DR3 5352480573221334400,5352480573221334400,PulsV*
Gaia DR3 1981637166656914688,1981637166656914688,PulsV*
Gaia DR3 2005118130834851200,2005118130834851200,PulsV*
Gaia DR3 5922244475061982848,5922244475061982848,PulsV*
Gaia DR3 6054302826636581248,6054302826636581248,PulsV*
Gaia DR3 4479743626669313152,4479743626669313152,PulsV*
Gaia DR3 5608934887204268416,5608934887204268416,PulsV*
Gaia DR3 5542757588737673856,5542757588737673856,PulsV*
ATO J012.4715+30.3197,312316209150847616,PulsV*
Gaia DR3 5411482841048427904,5411482841048427904,PulsV*
Gaia DR3 5845236978443966464,5845236978443966464,PulsV*
Gaia DR3 4689272781571440512,4689272781571440512,PulsV*
ATO J344.0834-24.0299,2384042548219365120,PulsV*
Gaia DR3 5944960831961001216,5944960831961001216,PulsV*
Gaia DR3 4688963956300202752,4688963956300202752,PulsV*
BD+64   535,287645852580082304,PulsV*
Gaia DR3 5590296760662728704,5590296760662728704,PulsV*
ATO J089.9307+14.7466,3348446324617570816,PulsV*
ATO J335.5158+39.1235,1908803867164848640,PulsV*
Gaia DR3 2989675061996469248,2989675061996469248,PulsV*
Gaia DR3 429688770483037824,429688770483037824,PulsV*
Gaia DR3 5922474616590145152,5922474616590145152,PulsV*
ATO J271.4999+11.3413,4495209602039218688,PulsV*
Gaia DR3 1936427241386898688,1936427241386898688,PulsV*
Gaia DR3 502205857294834048,502205857294834048,PulsV*
Gaia DR3 5235807305588156288,5235807305588156288,PulsV*
Gaia DR3 1202553223264599296,1202553223264599296,PulsV*
NGC   457    15,413874559160047488,PulsV*
TYC 8812-695-1,6413082644825764864,PulsV*
Gaia DR3 2040382939062867200,2040382939062867200,PulsV*
HD  22105,448305357760497792,PulsV*
BD+43  4093,1961153539913731200,PulsV*
Gaia DR3 6056027586758049664,6056027586758049664,PulsV*
TYC 2641-1241-1,2090889521077810048,PulsV*
Gaia DR3 6078036304817213696,6078036304817213696,PulsV*
Gaia DR3 6128081779144993536,6128081779144993536,PulsV*
Gaia DR3 5845034054158822656,5845034054158822656,PulsV*
Gaia DR3 4544426830572730240,4544426830572730240,PulsV*
HD 104705,6057425821970868096,PulsV*
Gaia DR3 2049230945347299968,2049230945347299968,PulsV*
ATO J118.1717-28.2232,5600675394523048448,PulsV*
Gaia DR3 5625150042316856448,5625150042316856448,PulsV*
Gaia DR3 4663513255682478464,4663513255682478464,PulsV*
LLNS  7818,6054523076890232064,PulsV*
Gaia DR3 1977596805032806912,1977596805032806912,PulsV*
Gaia DR3 2928702572402324352,2928702572402324352,PulsV*
TYC 9211-333-1,5233063779232775552,PulsV*
Gaia DR3 5332976645705991040,5332976645705991040,PulsV*
*   3 Mon,2999076195652281856,PulsV*
SK -65   68,4660716544763509632,PulsV*
Gaia DR3 5818546539837649408,5818546539837649408,PulsV*
Gaia DR3 4390923810358699008,4390923810358699008,PulsV*
TYC 1586-4377-1,4512947920095477760,PulsV*
Gaia DR3 6040366521056191232,6040366521056191232,PulsV*
HD 343675,4533606678393302144,PulsV*
TYC 4018-176-1,431355561396786304,PulsV*
ATO J129.5946-10.4881,5748716698091481728,PulsV*
Gaia DR3 5317767307482080384,5317767307482080384,PulsV*
Gaia DR3 5945662075557243264,5945662075557243264,PulsV*
TYC 4280-843-1,2012502725796648832,PulsV*
Gaia DR3 5315092917243429632,5315092917243429632,PulsV*
Gaia DR3 5706361238150322816,5706361238150322816,PulsV*
Gaia DR3 2164316934829257344,2164316934829257344,PulsV*
ATO J230.9898+62.7621,1640718811773946880,PulsV*
Gaia DR3 5819306306679536000,5819306306679536000,PulsV*
Gaia DR3 3715332528505126016,3715332528505126016,PulsV*
Gaia DR3 1981225262127169536,1981225262127169536,PulsV*
Gaia DR3 4753307758946374912,4753307758946374912,PulsV*
HD  16938,4724608615675162368,PulsV*
ATO J073.3412+39.5239,199907225568772352,PulsV*
HD  58063,5592859172517133696,PulsV*
TYC 2810-223-1,375703776046161920,PulsV*
Gaia DR3 5489663718411956864,5489663718411956864,PulsV*
Gaia DR3 5595782224184924032,5595782224184924032,PulsV*
Gaia DR3 4486196694767208576,4486196694767208576,PulsV*
Gaia DR3 4357649766705705472,4357649766705705472,PulsV*
Gaia DR3 2036309282855630976,2036309282855630976,PulsV*
Gaia DR3 2925660017563555456,2925660017563555456,PulsV*
Gaia DR3 5600299533346898688,5600299533346898688,PulsV*
ATO J299.4236+36.7179,2059817081995379200,PulsV*
Gaia DR3 5304989470528578560,5304989470528578560,PulsV*
Gaia DR3 5902353210223186176,5902353210223186176,PulsV*
ATO J287.8737-24.1648,6770533295204225408,PulsV*
Gaia DR3 5599751014484816896,5599751014484816896,PulsV*
Gaia DR3 5712876261165909760,5712876261165909760,PulsV*
Gaia DR3 4723975739358299136,4723975739358299136,PulsV*
Gaia DR3 1991625400865632000,1991625400865632000,PulsV*
CPD-64  2813,5852670540411045120,PulsV*
Gaia DR3 5296571128474865408,5296571128474865408,PulsV*
Gaia DR3 5592778392770558080,5592778392770558080,PulsV*
Gaia DR3 5714645237935562368,5714645237935562368,PulsV*
Gaia DR3 5241760267721224320,5241760267721224320,PulsV*
LLNS  7881,6059385770137000064,PulsV*
Gaia DR3 5779288133569470208,5779288133569470208,PulsV*
Gaia DR3 5346079594470786176,5346079594470786176,PulsV*
Gaia DR3 5356014571062573440,5356014571062573440,PulsV*
TYC 1634-2999-1,1811190324361068672,PulsV*
CD-50  4091,5313288137643178624,PulsV*
Gaia DR3 5388200922840685952,5388200922840685952,PulsV*
ATO J315.9382+35.6622,1868205534190208384,PulsV*
HD 240215,2009150452283652992,PulsV*
Gaia DR3 5716839382110481664,5716839382110481664,PulsV*
ATO J122.1457-24.8330,5697748149401913984,PulsV*
Gaia DR3 3057364566918658176,3057364566918658176,PulsV*
Gaia DR3 2927419717209642112,2927419717209642112,PulsV*
Gaia DR3 5989238096513745280,5989238096513745280,PulsV*
Gaia DR3 5828759907675108864,5828759907675108864,PulsV*
Gaia DR3 5797638059233607552,5797638059233607552,PulsV*
TYC 1937-1276-1,878808999492051456,PulsV*
HD  62610,5530717455370106368,PulsV*
Gaia DR3 412994473123230592,412994473123230592,PulsV*
Gaia DR3 3054822397259479680,3054822397259479680,PulsV*
Gaia DR3 5839849925529405696,5839849925529405696,PulsV*
Gaia DR3 5720978459270951424,5720978459270951424,PulsV*
HD 212222,1957771751379793536,PulsV*
Gaia DR3 4246904928333222656,4246904928333222656,PulsV*
TYC 4026-522-1,528359390630439808,PulsV*
Gaia DR3 4660481897814407168,4660481897814407168,PulsV*
Gaia DR3 4660273132376384256,4660273132376384256,PulsV*
Gaia DR3 5643049193960008832,5643049193960008832,PulsV*
Gaia DR3 4660160638580604416,4660160638580604416,PulsV*
Gaia DR3 5310375909306861440,5310375909306861440,PulsV*
HD   6648,2576170007466317184,PulsV*
BD+71   142,545489300752794240,PulsV*
Gaia DR3 6032982437180503936,6032982437180503936,PulsV*
Gaia DR3 2048997578314227072,2048997578314227072,PulsV*
ATO J307.9172+10.7131,1753025128460582784,PulsV*
Gaia DR3 5245192152712145920,5245192152712145920,PulsV*
CD-55  1458,5496330263567244544,PulsV*
ATO J100.3685-21.2413,2926688782489335936,PulsV*
Gaia DR3 4660275331388421888,4660275331388421888,PulsV*
CD-32  4846,5547715733346370432,PulsV*
Gaia DR3 5514367545670225664,5514367545670225664,PulsV*
Gaia DR3 3035391587255407488,3035391587255407488,PulsV*
Gaia DR3 6002748792304380544,6002748792304380544,PulsV*
Gaia DR3 5693560105308038400,5693560105308038400,PulsV*
TYC 7627-249-1,5577266139122658560,PulsV*
Gaia DR3 5343019069502999424,5343019069502999424,PulsV*
Gaia DR3 3455608816667756800,3455608816667756800,PulsV*
Gaia DR3 4688951518022434176,4688951518022434176,PulsV*
Gaia DR3 1976317832490257792,1976317832490257792,PulsV*
Gaia DR3 2943421597115064704,2943421597115064704,PulsV*
Gaia DR3 5913056028187054336,5913056028187054336,PulsV*
Gaia DR3 5694423913433624448,5694423913433624448,PulsV*
[HSP2011] 046,2067778817451243520,PulsV*
Gaia DR3 5922672700486013184,5922672700486013184,PulsV*
Gaia DR3 2935958833745024384,2935958833745024384,PulsV*
Gaia DR3 1863231893344347136,1863231893344347136,PulsV*
ATO J277.2038+42.4778,2111342739453249792,PulsV*
Gaia DR3 5533151842838890368,5533151842838890368,PulsV*
TYC 7101-745-1,5578410833807021056,PulsV*
Gaia DR3 5813229374628445440,5813229374628445440,PulsV*
Gaia DR3 4660433626695936640,4660433626695936640,PulsV*
Gaia DR3 5695444809977146496,5695444809977146496,PulsV*
Gaia DR3 2935393272451601536,2935393272451601536,PulsV*
Gaia DR3 5544760928982281216,5544760928982281216,PulsV*
Gaia DR3 3431276658706364032,3431276658706364032,PulsV*
Gaia DR3 5309542067167027456,5309542067167027456,PulsV*
Gaia DR3 2614224512926115584,2614224512926115584,PulsV*
HD 239772,2202601448660569472,PulsV*
Gaia DR3 5255615110633032448,5255615110633032448,PulsV*
Gaia DR3 5219960422424282880,5219960422424282880,PulsV*
Gaia DR3 5312714463130976896,5312714463130976896,PulsV*
Gaia DR3 3056787946088131200,3056787946088131200,PulsV*
Gaia DR3 5533175413620942080,5533175413620942080,PulsV*
Gaia DR3 4508513624023985920,4508513624023985920,PulsV*
Gaia DR3 2927544786657785856,2927544786657785856,PulsV*
Gaia DR3 1984388522707998592,1984388522707998592,PulsV*
ATO J285.4976+35.3050,2092605102815342976,PulsV*
ATO J119.3331-23.2050,5710757570980649728,PulsV*
TYC 6550-3110-1,5605567534072588032,PulsV*
TYC 3697-70-1,505494015547734784,PulsV*
Gaia DR3 4534619706555428864,4534619706555428864,PulsV*
TYC 1015-56-1,4495823507481273472,PulsV*
Gaia DR3 6080909186960122368,6080909186960122368,PulsV*
Gaia DR3 5855492162082463360,5855492162082463360,PulsV*
HD  44033,3344735850830289408,PulsV*
TYC 3298-1266-1,354666137174768384,PulsV*
Gaia DR3 5615057625091919744,5615057625091919744,PulsV*
SB 457,2353105074153027456,PulsV*
TYC 2683-2812-1,2058956404900249600,PulsV*
Gaia DR3 5694743493358922240,5694743493358922240,PulsV*
Gaia DR3 5704755371354828416,5704755371354828416,PulsV*
[MTR2015] OW J080552.84-271634.2,5694040115160316928,PulsV*
Gaia DR3 5548162787901969280,5548162787901969280,PulsV*
Gaia DR3 5640754792377511168,5640754792377511168,PulsV*
Gaia DR3 5823506441113220224,5823506441113220224,PulsV*
TYC 8356-1200-1,5945704269317319296,PulsV*
Gaia DR3 2924479107712534400,2924479107712534400,PulsV*
Gaia DR3 5694500570011377280,5694500570011377280,PulsV*
ATO J301.7972+15.0194,1807017849549504256,PulsV*
Gaia DR3 5931039674801547136,5931039674801547136,PulsV*
Gaia DR3 5597398197041416192,5597398197041416192,PulsV*
Gaia DR3 2934734424470012800,2934734424470012800,PulsV*
Gaia DR3 5714500652157380992,5714500652157380992,PulsV*
Gaia DR3 3044396965439007744,3044396965439007744,PulsV*
HD 176760,4518176063500262656,PulsV*
Gaia DR3 5932600362884791808,5932600362884791808,PulsV*
Gaia DR3 5845148059765567360,5845148059765567360,PulsV*
Gaia DR3 4661493899510924544,4661493899510924544,PulsV*
Gaia DR3 5607219378485804032,5607219378485804032,PulsV*
Gaia DR3 4660374115644142336,4660374115644142336,PulsV*
Gaia DR3 3400718619227758336,3400718619227758336,PulsV*
TYC 2703-1657-1,1851812567428200448,PulsV*
Gaia DR3 2236957270003125248,2236957270003125248,PulsV*
Gaia DR3 5644389812181832320,5644389812181832320,PulsV*
Gaia DR3 2039413479047859968,2039413479047859968,PulsV*
Gaia DR3 416248305981006080,416248305981006080,PulsV*
Gaia DR3 5913018159444975488,5913018159444975488,PulsV*
Gaia DR3 5358647871365362560,5358647871365362560,PulsV*
Gaia DR3 6078244662273616768,6078244662273616768,PulsV*
2MASS J19155555+4236022,2102702845805379200,PulsV*
Gaia DR3 5643558169073051008,5643558169073051008,PulsV*
TYC 3619-3025-1,2000469047761912064,PulsV*
TYC 3991-2412-1,2007931918525044608,PulsV*
LLNS  7838,6059334947759022976,PulsV*
Gaia DR3 5716137447015080064,5716137447015080064,PulsV*
SK -66  105,4660328485908408960,PulsV*
Gaia DR3 4974541382628443648,4974541382628443648,PulsV*
Gaia DR3 188960453444935808,188960453444935808,PulsV*
Gaia DR3 5412301118216749440,5412301118216749440,PulsV*
Gaia DR3 5911445243645118976,5911445243645118976,PulsV*
ATO J113.1570-33.9551,5591473341189209088,PulsV*
Gaia DR3 5368071819873758592,5368071819873758592,PulsV*
Gaia DR3 5334891720098726016,5334891720098726016,PulsV*
Gaia DR3 391880620045158912,391880620045158912,PulsV*
Gaia DR3 5351921643341756544,5351921643341756544,PulsV*
LS   I +60  119,427047846633646976,PulsV*
Gaia DR3 2922443155771137792,2922443155771137792,PulsV*
Gaia DR3 5301178735031352064,5301178735031352064,PulsV*
Gaia DR3 5335422131340321920,5335422131340321920,PulsV*
Gaia DR3 4519325396741660160,4519325396741660160,PulsV*
Gaia DR3 2058247975822145920,2058247975822145920,PulsV*
HD  36510,3337966844931137280,PulsV*
Gaia DR3 5614388812789709568,5614388812789709568,PulsV*
Gaia DR3 4660611575773341056,4660611575773341056,PulsV*
Gaia DR3 6460475826526030464,6460475826526030464,PulsV*
HD  42927,2943000174923349120,PulsV*
Gaia DR3 224642148384551040,224642148384551040,PulsV*
Gaia DR3 3033858490090493440,3033858490090493440,PulsV*
TYC 3274-634-1,416886087143698176,PulsV*
UCAC4 345-012096,2938013374299184512,PulsV*
ATO J110.0105-25.1949,5616473826120045312,PulsV*
Gaia DR3 6665601471718916096,6665601471718916096,PulsV*
Gaia DR3 1985554795307160832,1985554795307160832,PulsV*
2MASS J13112720+6850361,1685536383190128768,PulsV*
ATO J095.6273+42.0285,961527320834576512,PulsV*
TYC 5992-34-1,5715288417880585344,PulsV*
HD  47444,5556904283287322240,PulsV*
Gaia DR3 5546309870292257024,5546309870292257024,PulsV*
Gaia DR3 5354143928148630656,5354143928148630656,PulsV*
Gaia DR3 2932560896138441216,2932560896138441216,PulsV*
Gaia DR3 3032087550509603072,3032087550509603072,PulsV*
Gaia DR3 3016530010733287168,3016530010733287168,PulsV*
LS  II +35   36,2059113252778300544,PulsV*
Gaia DR3 417123001841243008,417123001841243008,PulsV*
Gaia DR3 5641814893380702464,5641814893380702464,PulsV*
Gaia DR3 5644411424457123712,5644411424457123712,PulsV*
Gaia DR3 395318105716253824,395318105716253824,PulsV*
Gaia DR3 6657476080792505216,6657476080792505216,PulsV*
Gaia DR3 5388635023773400320,5388635023773400320,PulsV*
Gaia DR3 2044511502143796608,2044511502143796608,PulsV*
Gaia DR3 5227795233053122816,5227795233053122816,PulsV*
Gaia DR3 5540397139122735744,5540397139122735744,PulsV*
Gaia DR3 5351772522079070080,5351772522079070080,PulsV*
HD 228266,2058930806893333888,PulsV*
TYC 4331-1085-1,494944094091544064,PulsV*
Gaia DR3 5533124419467184640,5533124419467184640,PulsV*
Gaia DR3 793637182375036800,793637182375036800,PulsV*
Gaia DR3 5256294952429343488,5256294952429343488,PulsV*
Gaia DR3 3696234114609968640,3696234114609968640,PulsV*
ATO J288.5929+16.6079,4513239939173657728,PulsV*
Gaia DR3 3334717543256990464,3334717543256990464,PulsV*
Gaia DR3 5117083448737755776,5117083448737755776,PulsV*
TYC 3813-1173-1,1026336728061560192,PulsV*
Gaia DR3 5197207712914457600,5197207712914457600,PulsV*
Gaia DR3 6487207325018986240,6487207325018986240,PulsV*
Gaia DR3 1961493770038830592,1961493770038830592,PulsV*
HD  50068,2949158402117155968,PulsV*
Gaia DR3 411833423202298368,411833423202298368,PulsV*
ATO J269.3415-11.0648,4152064323811422208,PulsV*
Gaia DR3 5254034901973881600,5254034901973881600,PulsV*
HD 228152,2061737447758097920,PulsV*
HD 187257,1827379494910997760,PulsV*
Gaia DR3 207739635306961536,207739635306961536,PulsV*
Gaia DR3 1965047254189750400,1965047254189750400,PulsV*
TYC 8644-1405-1,6071159439399823104,PulsV*
Gaia DR3 3147914778304004352,3147914778304004352,PulsV*
Gaia DR3 5714025285177338112,5714025285177338112,PulsV*
ATO J127.6095-07.9011,5754551703220958720,PulsV*
Gaia DR3 6002798785724622208,6002798785724622208,PulsV*
Gaia DR3 5430891970052970240,5430891970052970240,PulsV*
Gaia DR3 3441385701752903552,3441385701752903552,PulsV*
Gaia DR3 1845020510445644032,1845020510445644032,PulsV*
Gaia DR3 5640682190251740288,5640682190251740288,PulsV*
TYC 5740-1279-1,4215507175510474624,PulsV*
Gaia DR3 6015462239088811008,6015462239088811008,PulsV*
Gaia DR3 5612960130553906688,5612960130553906688,PulsV*
Gaia DR3 2935685811263460224,2935685811263460224,PulsV*
Gaia DR3 5604517672258758656,5604517672258758656,PulsV*
HD 345192,1828129434895622144,PulsV*
Gaia DR3 4660247976693419520,4660247976693419520,PulsV*
Gaia DR3 420598111422302976,420598111422302976,PulsV*
TYC 8991-4364-1,5868398779317237888,PulsV*
TYC 4745-669-1,3212484973034774272,PulsV*
Gaia DR3 2898806232758512768,2898806232758512768,PulsV*
Gaia DR3 5548090288853716608,5548090288853716608,PulsV*
Gaia DR3 565671725738120448,565671725738120448,PulsV*
Gaia DR3 5712522218424182016,5712522218424182016,PulsV*
Gaia DR3 4238347158752796160,4238347158752796160,PulsV*
Gaia DR3 4134581642271014912,4134581642271014912,PulsV*
Gaia DR3 5336207560630668928,5336207560630668928,PulsV*
Gaia DR3 5616117416860544384,5616117416860544384,PulsV*
Gaia DR3 2907740864244232960,2907740864244232960,PulsV*
Gaia DR3 4931049208055416064,4931049208055416064,PulsV*
TYC 8978-628-1,6054101134972225024,PulsV*
Gaia DR3 2940398283735761408,2940398283735761408,PulsV*
Gaia DR3 3048562259087264128,3048562259087264128,PulsV*
Gaia DR3 5221841033985126784,5221841033985126784,PulsV*
Gaia DR3 5811433631621581952,5811433631621581952,PulsV*
UNSW-V 580,6101777436618955264,PulsV*
Gaia DR3 995167772439243008,995167772439243008,PulsV*
Gaia DR3 366042161215121920,366042161215121920,PulsV*
Gaia DR3 5537893005695491072,5537893005695491072,PulsV*
Gaia DR3 5310632988872832896,5310632988872832896,PulsV*
ATO J087.3032+20.9171,3400080215290787328,PulsV*
ATO J258.8743+54.8721,1420395613783113600,PulsV*
Gaia DR3 6441368169860500992,6441368169860500992,PulsV*
Gaia DR3 5829026053887065472,5829026053887065472,PulsV*
Gaia DR3 5887212076145242880,5887212076145242880,PulsV*
Gaia DR3 1005856258115434496,1005856258115434496,PulsV*
Gaia DR3 1967409898521113216,1967409898521113216,PulsV*
Gaia DR3 5805133601793091200,5805133601793091200,PulsV*
Gaia DR3 3537172028027839872,3537172028027839872,PulsV*
Gaia DR3 5819857574324751104,5819857574324751104,PulsV*
ATO J340.5022+40.4296,1932287580107713408,PulsV*
ATO J303.8335-02.1760,4223817868506895488,PulsV*
TYC 8982-1498-1,6053965379640755328,PulsV*
Gaia DR3 3068968335901736832,3068968335901736832,PulsV*
ATO J145.1200-24.8657,5661800230899731072,PulsV*
Gaia DR3 5234728577276215424,5234728577276215424,PulsV*
Gaia DR3 4537048424657050240,4537048424657050240,PulsV*
Cl* NGC 7092   PLAT    5677,1978450296625770112,PulsV*
HD 302692,5255529932850902656,PulsV*
Gaia DR3 5694235415915743360,5694235415915743360,PulsV*
Gaia DR3 6058384664809216512,6058384664809216512,PulsV*
Gaia DR3 5849688767943019776,5849688767943019776,PulsV*
Gaia DR3 5355053838418614144,5355053838418614144,PulsV*
Gaia DR3 5332951352602476928,5332951352602476928,PulsV*
ATO J104.4077-24.2398,2922308877922880128,PulsV*
Gaia DR3 5254447807263158400,5254447807263158400,PulsV*
TYC 8590-787-1,5303956067056952576,PulsV*
Gaia DR3 6586190373978050048,6586190373978050048,PulsV*
Gaia DR3 5830763389665126016,5830763389665126016,PulsV*
Gaia DR3 5446310215446095104,5446310215446095104,PulsV*
Gaia DR3 1854716588099914752,1854716588099914752,PulsV*
TYC 5173-380-1,4217468257578206848,PulsV*
Gaia DR3 5864046358221370368,5864046358221370368,PulsV*
Gaia DR3 2900846475364481024,2900846475364481024,PulsV*
Gaia DR3 5414563324725077248,5414563324725077248,PulsV*
Gaia DR3 5615798386689084544,5615798386689084544,PulsV*
Gaia DR3 4246780614798034560,4246780614798034560,PulsV*
Gaia DR3 234835106506400128,234835106506400128,PulsV*
Gaia DR3 5612651103374036096,5612651103374036096,PulsV*
Gaia DR3 5864811897515879296,5864811897515879296,PulsV*
Gaia DR3 2049130275627182080,2049130275627182080,PulsV*
GSC 03986-01913,2005889472606061568,PulsV*
TYC 2084-12-1,4594997463440280704,PulsV*
Gaia DR3 2164307722097957888,2164307722097957888,PulsV*
HD 249454,3319781438002470528,PulsV*
Gaia DR3 5595940966178679168,5595940966178679168,PulsV*
Gaia DR3 5525925435798192640,5525925435798192640,PulsV*
Gaia DR3 4473100480488019968,4473100480488019968,PulsV*
Gaia DR3 5596159184874621184,5596159184874621184,PulsV*
Gaia DR3 5305101277136258176,5305101277136258176,PulsV*
Gaia DR3 5407974471243196928,5407974471243196928,PulsV*
ATO J294.9681+33.6200,2046984475623131392,PulsV*
HD  98669,5337390978731012992,PulsV*
Gaia DR3 3838584178501932160,3838584178501932160,PulsV*
Gaia DR3 1271043241369999872,1271043241369999872,PulsV*
Gaia DR3 2000230870363896448,2000230870363896448,PulsV*
HD 326818,5965868423523153920,PulsV*
TYC 6024-2590-1,5703898748717910784,PulsV*
Gaia DR3 4660212865387876992,4660212865387876992,PulsV*
Gaia DR3 5243406786334761216,5243406786334761216,PulsV*
Gaia DR3 2940658623177341824,2940658623177341824,PulsV*
Gaia DR3 6418986476808835968,6418986476808835968,PulsV*
Gaia DR3 5253232056633924096,5253232056633924096,PulsV*
Gaia DR3 5615946064844060288,5615946064844060288,PulsV*
Gaia DR3 5771544724149140224,5771544724149140224,PulsV*
Gaia DR3 2919397336768755584,2919397336768755584,PulsV*
Gaia DR3 5832898057142704768,5832898057142704768,PulsV*
Gaia DR3 4660216748039437440,4660216748039437440,PulsV*
Gaia DR3 5627138096776630272,5627138096776630272,PulsV*
Gaia DR3 5695818197246567808,5695818197246567808,PulsV*
Gaia DR3 3348225563297445376,3348225563297445376,PulsV*
Gaia DR3 4995361051911432064,4995361051911432064,PulsV*
Gaia DR3 3070422233867423616,3070422233867423616,PulsV*
ATO J067.3613-15.4066,3172666404249821824,PulsV*
Gaia DR3 4685990876806483072,4685990876806483072,PulsV*
Gaia DR3 5923526058928017024,5923526058928017024,PulsV*
Gaia DR3 5346614506875776640,5346614506875776640,PulsV*
Gaia DR3 5694067706031794304,5694067706031794304,PulsV*
TYC 6568-2120-1,5644599574075658624,PulsV*
Gaia DR3 5350864870914959744,5350864870914959744,PulsV*
CD-52  7211,5932904137273508352,PulsV*
TYC 5985-2034-1,5718868045481024000,PulsV*
HD  97895,3530851111774637440,PulsV*
Gaia DR3 5599836260991579264,5599836260991579264,PulsV*
Gaia DR3 5548244976398192256,5548244976398192256,PulsV*
Gaia DR3 6010980389178473600,6010980389178473600,PulsV*
Gaia DR3 1855507205675332608,1855507205675332608,PulsV*
HD 328881,5964396241864422656,PulsV*
CD-55  6738,5928790383224173184,PulsV*
Gaia DR3 1956311359420625920,1956311359420625920,PulsV*
Gaia DR3 4543562103335057280,4543562103335057280,PulsV*
HD 204322,1972502973823012864,PulsV*
TYC 1011-1660-1,4494894832473201408,PulsV*
Gaia DR3 2071837217979902464,2071837217979902464,PulsV*
Gaia DR3 2009867814904142976,2009867814904142976,PulsV*
Gaia DR3 1989802174371504640,1989802174371504640,PulsV*
Gaia DR3 6036582757957793408,6036582757957793408,PulsV*
Gaia DR3 4687913407235407744,4687913407235407744,PulsV*
TYC 2871-2496-1,237273514063263232,PulsV*
Gaia DR3 5626422589587991168,5626422589587991168,PulsV*
Gaia DR3 4663617571853355136,4663617571853355136,PulsV*
Gaia DR3 5823083021735431936,5823083021735431936,PulsV*
Gaia DR3 5718257923906536704,5718257923906536704,PulsV*
Gaia DR3 2877465742852923136,2877465742852923136,PulsV*
Gaia DR3 4301888107547459712,4301888107547459712,PulsV*
Gaia DR3 6032933100925704320,6032933100925704320,PulsV*
Gaia DR3 1957371735305430144,1957371735305430144,PulsV*
Gaia DR3 384828730419661568,384828730419661568,PulsV*
HD 162597,4175739317403800320,PulsV*
TYC 9258-926-1,5800274756852131072,PulsV*
Gaia DR3 2045663618548404096,2045663618548404096,PulsV*
Gaia DR3 2282494368699820672,2282494368699820672,PulsV*
Gaia DR3 1820647017761640320,1820647017761640320,PulsV*
Gaia DR3 5195897747889368320,5195897747889368320,PulsV*
Gaia DR3 5355381153611278336,5355381153611278336,PulsV*
Gaia DR3 5311016821500291072,5311016821500291072,PulsV*
Gaia DR3 5682553100558770176,5682553100558770176,PulsV*
[SMH2016] NV2,6048486139543964160,PulsV*
Gaia DR3 5559768682877288064,5559768682877288064,PulsV*
Gaia DR3 2000849586176581376,2000849586176581376,PulsV*
TYC 5991-776-1,5619097540044113152,PulsV*
Gaia DR3 5866096401975214976,5866096401975214976,PulsV*
UCAC4 258-022095,5538865901687608192,PulsV*
ATO J132.3276+49.0320,1015050997117476480,PulsV*
Gaia DR3 5334662952954985472,5334662952954985472,PulsV*
TYC 3744-951-1,471229281847675008,PulsV*
Gaia DR3 4687153953945816960,4687153953945816960,PulsV*
Gaia DR3 5989099077004854016,5989099077004854016,PulsV*
Gaia DR3 3057145592306391680,3057145592306391680,PulsV*
Gaia DR3 6063591883147095424,6063591883147095424,PulsV*
Gaia DR3 1957888299612011648,1957888299612011648,PulsV*
Gaia DR3 5233787674512991872,5233787674512991872,PulsV*
Gaia DR3 5828889439569012736,5828889439569012736,PulsV*
Gaia DR3 5369125250796641920,5369125250796641920,PulsV*
Gaia DR3 5605459605829933440,5605459605829933440,PulsV*
Gaia DR3 5236210448417454976,5236210448417454976,PulsV*
HD 306656,5334204765824466560,PulsV*
HD 105385,6075572608509666432,PulsV*
Gaia DR3 5711206446603337856,5711206446603337856,PulsV*
BPS BS 17447-0040,1435153087053208576,PulsV*
ATO J274.3862+24.1786,4578586633924114560,PulsV*
Gaia DR3 4660320273930174848,4660320273930174848,PulsV*
EROS2-GSA J161723-545537,5931730095007259264,PulsV*
Gaia DR3 5619898190672733312,5619898190672733312,PulsV*
TYC 8632-1390-1,6125197691432089344,PulsV*
Gaia DR3 5372308753572973568,5372308753572973568,PulsV*
[YSS2013] 1745,5335663783414216448,PulsV*
Gaia DR3 5930503078756538368,5930503078756538368,PulsV*
Gaia DR3 2000451288085453696,2000451288085453696,PulsV*
ATO J112.7425-20.2875,5620391562152248832,PulsV*
Gaia DR3 5517860694108839936,5517860694108839936,PulsV*
TYC 7691-162-1,5429788885009391360,PulsV*
Gaia DR3 5257590520719038592,5257590520719038592,PulsV*
Gaia DR3 5863901914258630144,5863901914258630144,PulsV*
Gaia DR3 2930476222096029952,2930476222096029952,PulsV*
Gaia DR3 2025422468513419520,2025422468513419520,PulsV*
TYC 3659-171-1,423680764070679296,PulsV*
HD 234806,2133737111251691008,PulsV*
Gaia DR3 6454699439111223424,6454699439111223424,PulsV*
CD-22 11931,4114518780544026496,PulsV*
Gaia DR3 2045215017810524416,2045215017810524416,PulsV*
ATO J106.3086-23.5750,2927637832826565248,PulsV*
2MASS J18404364+0746559,4286778859275460736,PulsV*
Gaia DR3 5358620624093226368,5358620624093226368,PulsV*
TYC 4051-2022-1,466065219334555008,PulsV*
Gaia DR3 5588927559452653440,5588927559452653440,PulsV*
HD 307259,5341371210835494784,PulsV*
Gaia DR3 5548303280561500800,5548303280561500800,PulsV*
UCAC4 287-045368,5639495507963042176,PulsV*
Gaia DR3 2099315658495728896,2099315658495728896,PulsV*
Gaia DR3 4389050032087899264,4389050032087899264,PulsV*
Gaia DR3 5643449381834859008,5643449381834859008,PulsV*
Gaia DR3 5811511456429256576,5811511456429256576,PulsV*
Gaia DR3 1908239577179207808,1908239577179207808,PulsV*
HD  32215,3288340353251966080,PulsV*
Gaia DR3 1987749970277774336,1987749970277774336,PulsV*
Gaia DR3 212773096458895872,212773096458895872,PulsV*
TYC 3594-1533-1,1978230467330432768,PulsV*
Gaia DR3 6704692786582147968,6704692786582147968,PulsV*
Gaia DR3 5820040192026995328,5820040192026995328,PulsV*
*  55 Ari,122091355992547456,PulsV*
Gaia DR3 4872343567828981120,4872343567828981120,PulsV*
ATO J291.3827-24.4643,6769715911384184192,PulsV*
Gaia DR3 3672481094332711040,3672481094332711040,PulsV*
Gaia DR3 5822132704410470016,5822132704410470016,PulsV*
Gaia DR3 5104704803235718784,5104704803235718784,PulsV*
BD+66   456,1104152842452158848,PulsV*
Gaia DR3 5304263414909895168,5304263414909895168,PulsV*
Gaia DR3 5345995619273861504,5345995619273861504,PulsV*
Gaia DR3 4241144625577572736,4241144625577572736,PulsV*
Gaia DR3 5547161510769007744,5547161510769007744,PulsV*
Gaia DR3 2931990112167886976,2931990112167886976,PulsV*
TYC 6541-1073-1,5616173079636053888,PulsV*
UCAC2  16130710,5542878565067943296,PulsV*
Gaia DR3 5628250596384526976,5628250596384526976,PulsV*
Gaia DR3 5698102604460140544,5698102604460140544,PulsV*
Gaia DR3 4495106110505355008,4495106110505355008,PulsV*
Gaia DR3 3034275960908602368,3034275960908602368,PulsV*
Gaia DR3 4660250798532792320,4660250798532792320,PulsV*
Gaia DR3 5697270892642287872,5697270892642287872,PulsV*
Gaia DR3 5339049695116855936,5339049695116855936,PulsV*
Gaia DR3 2080298887642042496,2080298887642042496,PulsV*
HD  12150,505494152986686848,PulsV*
Gaia DR3 4659913450280298368,4659913450280298368,PulsV*
Gaia DR3 5349465196917037824,5349465196917037824,PulsV*
HD 308392,5336967872892614656,PulsV*
TYC 2198-1754-1,1851177260163155200,PulsV*
Gaia DR3 5720727117782694272,5720727117782694272,PulsV*
HD   9602,519978157090465152,PulsV*
ATO J101.2758-14.0446,2952137838107090176,PulsV*
Gaia DR3 5611868457254447744,5611868457254447744,PulsV*
TYC 8349-489-1,5926372935089752192,PulsV*
Gaia DR3 6568846269540863232,6568846269540863232,PulsV*
Gaia DR3 5915094140478123776,5915094140478123776,PulsV*
Gaia DR3 6034440492680152704,6034440492680152704,PulsV*
TYC 8153-66-1,5516005371320712448,PulsV*
Gaia DR3 3181279669103617536,3181279669103617536,PulsV*
ATO J299.6346+43.3590,2075958943455252480,PulsV*
Gaia DR3 6058060102722675456,6058060102722675456,PulsV*
TYC 7157-146-1,5630164017193422592,PulsV*
Gaia DR3 5635393058277342208,5635393058277342208,PulsV*
Gaia DR3 408930643779149184,408930643779149184,PulsV*
CPD-56  6336,5891727598577911296,PulsV*
Gaia DR3 4519160126399217024,4519160126399217024,PulsV*
Gaia DR3 4685874500400753280,4685874500400753280,PulsV*
Gaia DR3 5711216720165030400,5711216720165030400,PulsV*
ATO J122.9473+58.8321,1083336957034193280,PulsV*
Gaia DR3 5958666347569039104,5958666347569039104,PulsV*
Gaia DR3 2921302721704509312,2921302721704509312,PulsV*
HD 338007,2023799211351074048,PulsV*
ATO J076.1045+42.1875,202119447264503936,PulsV*
Gaia DR3 5800417860858428288,5800417860858428288,PulsV*
Gaia DR3 5799529764682837632,5799529764682837632,PulsV*
Gaia DR3 5532880641425524352,5532880641425524352,PulsV*
Gaia DR3 2034390738168351232,2034390738168351232,PulsV*
Gaia DR3 5615509043334577664,5615509043334577664,PulsV*
Gaia DR3 2699672234444569472,2699672234444569472,PulsV*
Gaia DR3 789786456434562176,789786456434562176,PulsV*
Gaia DR3 5259089326852391040,5259089326852391040,PulsV*
UCAC4 571-025571,3425508929942621056,PulsV*
HD 355736,4304826685485787392,PulsV*
Gaia DR3 4949387721976993280,4949387721976993280,PulsV*
Gaia DR3 4660158881894834560,4660158881894834560,PulsV*
TYC 6530-597-1,5609205680601545472,PulsV*
Gaia DR3 2042857561778896000,2042857561778896000,PulsV*
TYC 4019-1662-1,431791998787176704,PulsV*
ATO J130.4823-12.1076,5747480091107729152,PulsV*
Gaia DR3 5644900466608784512,5644900466608784512,PulsV*
Gaia DR3 3035269399725327616,3035269399725327616,PulsV*
TYC 7879-1936-1,5943268988497718912,PulsV*
Gaia DR3 4658047068023643776,4658047068023643776,PulsV*
Gaia DR3 5822987299830305536,5822987299830305536,PulsV*
Gaia DR3 5925151618159961984,5925151618159961984,PulsV*
Gaia DR3 506652518539758592,506652518539758592,PulsV*
Gaia DR3 6638457312768226560,6638457312768226560,PulsV*
HD 187566,1821439903076671488,PulsV*
Gaia DR3 5242084795438953856,5242084795438953856,PulsV*
Gaia DR3 4108413162507799552,4108413162507799552,PulsV*
Gaia DR3 1977462733337360384,1977462733337360384,PulsV*
Gaia DR3 4685938654356577024,4685938654356577024,PulsV*
Gaia DR3 4135376275606730880,4135376275606730880,PulsV*
Gaia DR3 6059771458210509568,6059771458210509568,PulsV*
ATO J132.0366+36.1062,717785624683041408,PulsV*
TYC 3626-1314-1,1984513660876445440,PulsV*
Gaia DR3 5298327082908455168,5298327082908455168,PulsV*
Gaia DR3 4682364412567789056,4682364412567789056,PulsV*
Gaia DR3 5599501081746832640,5599501081746832640,PulsV*
LS   V +57   26,458496696688904576,PulsV*
TYC 4030-1653-1,510306504915964800,PulsV*
Gaia DR3 5817241870519638016,5817241870519638016,PulsV*
ATO J098.3948-19.7099,2939154117611874432,PulsV*
Gaia DR3 5936698002143782656,5936698002143782656,PulsV*
Gaia DR3 5830238579016685568,5830238579016685568,PulsV*
Gaia DR3 5520660634832530432,5520660634832530432,PulsV*
Gaia DR3 5793748532541585280,5793748532541585280,PulsV*
Gaia DR3 5310969233262554752,5310969233262554752,PulsV*
Gaia DR3 5354137537241464576,5354137537241464576,PulsV*
HD  47411,966332117927589760,PulsV*
Gaia DR3 6401679339152771200,6401679339152771200,PulsV*
TYC 9233-1820-1,5227658786230076672,PulsV*
Gaia DR3 5712949099508406144,5712949099508406144,PulsV*
UNSW-V 459,6135218193722261248,PulsV*
Gaia DR3 5568222862141145472,5568222862141145472,PulsV*
NGC  5272  1120,1454781289461161088,PulsV*
Gaia DR3 5337593456332754816,5337593456332754816,PulsV*
Gaia DR3 5693601066421515264,5693601066421515264,PulsV*
Gaia DR3 6421822632693404544,6421822632693404544,PulsV*
Gaia DR3 5914318233175106816,5914318233175106816,PulsV*
Gaia DR3 5614703822870967936,5614703822870967936,PulsV*
Gaia DR3 5640645184809600896,5640645184809600896,PulsV*
Gaia DR3 4658955844375249536,4658955844375249536,PulsV*
ATO J118.2447-33.3629,5594001324578810880,PulsV*
Gaia DR3 4663545863060353664,4663545863060353664,PulsV*
Gaia DR3 3088848330764313216,3088848330764313216,PulsV*
Gaia DR3 2927370101745491968,2927370101745491968,PulsV*
Gaia DR3 5342391626321047808,5342391626321047808,PulsV*
Gaia DR3 4542091300374738304,4542091300374738304,PulsV*
Gaia DR3 3146626842168802688,3146626842168802688,PulsV*
Gaia DR3 4244745766670341632,4244745766670341632,PulsV*
Gaia DR3 4660168747479899136,4660168747479899136,PulsV*
TYC 3213-1818-1,1982761554737163776,PulsV*
Gaia DR3 6042775581085921152,6042775581085921152,PulsV*
ATO J082.9513-16.4900,2971703578799982208,PulsV*
Gaia DR3 5915483505030105216,5915483505030105216,PulsV*
BD+69   511,1117594646979452288,PulsV*
Gaia DR3 5605785684051497344,5605785684051497344,PulsV*
ATO J303.4648-15.8518,6874502083930526848,PulsV*
HD 223343,2283290655636466304,PulsV*
Gaia DR3 4660546597179427968,4660546597179427968,PulsV*
HD  95968,5338717195915207424,PulsV*
ATO J059.0791+42.9942,231501181095152640,PulsV*
Gaia DR3 997043985951663104,997043985951663104,PulsV*
Gaia DR3 5697089163984340224,5697089163984340224,PulsV*
Gaia DR3 5710586803080718080,5710586803080718080,PulsV*
TYC 1596-1806-1,4519207302321081344,PulsV*
Gaia DR3 5448336237417814784,5448336237417814784,PulsV*
Gaia DR3 5375338075605332864,5375338075605332864,PulsV*
Gaia DR3 5514489797616345984,5514489797616345984,PulsV*
Gaia DR3 5816061098116973312,5816061098116973312,PulsV*
Gaia DR3 5609570031268307072,5609570031268307072,PulsV*
NGC  2453     8,5601589019967850496,PulsV*
ATO J110.0770+07.5693,3154807685418320896,PulsV*
ATO J270.5543-02.7249,4177952496872367360,PulsV*
ATO J274.3736+16.8474,4522969006464740992,PulsV*
TYC 6553-3157-1,5614560267881439488,PulsV*
Gaia DR3 537251897079313536,537251897079313536,PulsV*
Gaia DR3 6067029300080793088,6067029300080793088,PulsV*
Gaia DR3 3033257263390175488,3033257263390175488,PulsV*
Gaia DR3 6432814102542083200,6432814102542083200,PulsV*
Gaia DR3 5937035857082459904,5937035857082459904,PulsV*
Gaia DR3 4373373813776084480,4373373813776084480,PulsV*
ATO J249.0577-02.0270,4358234436309998208,PulsV*
Gaia DR3 6640520271460284032,6640520271460284032,PulsV*
HD 353195,1812975622007707392,PulsV*
Gaia DR3 2280247413608247552,2280247413608247552,PulsV*
HD 108294,6145198353388640640,PulsV*
Gaia DR3 5829454386709157632,5829454386709157632,PulsV*
Gaia DR3 2046521065813532416,2046521065813532416,PulsV*
Gaia DR3 6090894573607440512,6090894573607440512,PulsV*
Gaia DR3 5955716941935630720,5955716941935630720,PulsV*
Gaia DR3 5716915110972201216,5716915110972201216,PulsV*
Gaia DR3 5337641873542369664,5337641873542369664,PulsV*
Gaia DR3 5859225485090863744,5859225485090863744,PulsV*
Gaia DR3 5698472517101471104,5698472517101471104,PulsV*
Gaia DR3 5311521050667517184,5311521050667517184,PulsV*
Gaia DR3 2921532206095717504,2921532206095717504,PulsV*
Gaia DR3 5945572263512626944,5945572263512626944,PulsV*
Gaia DR3 5911387691085301760,5911387691085301760,PulsV*
TYC 8722-1293-1,5835584851286290688,PulsV*
Gaia DR3 2072480221802269184,2072480221802269184,PulsV*
Gaia DR3 6062255529869658752,6062255529869658752,PulsV*
Gaia DR3 6895408434238559360,6895408434238559360,PulsV*
Gaia DR3 2993899316950630144,2993899316950630144,PulsV*
ATO J083.8605+55.4679,268083547856347136,PulsV*
TYC 2661-2153-1,2049447312924784896,PulsV*
TYC 7121-105-1,5596472163419855360,PulsV*
Gaia DR3 2098698493176235392,2098698493176235392,PulsV*
Gaia DR3 4660271483097457664,4660271483097457664,PulsV*
Gaia DR3 205271845883954560,205271845883954560,PulsV*
MACHO  82.9015.70,4657703264455113088,PulsV*
Gaia DR3 4690523961395739648,4690523961395739648,PulsV*
Gaia DR3 5235572869091323136,5235572869091323136,PulsV*
Gaia DR3 4685864437266050048,4685864437266050048,PulsV*
Gaia DR3 3281266404675233280,3281266404675233280,PulsV*
Gaia DR3 4659925647987416320,4659925647987416320,PulsV*
Gaia DR3 3041279815617524480,3041279815617524480,PulsV*
Gaia DR3 4659985021615366912,4659985021615366912,PulsV*
TYC 3674-793-1,412303601859039872,PulsV*
[DCT2018] F20c 09762,5611560319121155200,PulsV*
Gaia DR3 5699328250686343168,5699328250686343168,PulsV*
HD  92301,5352163604629660416,PulsV*
HD 172244,4587106783888005376,PulsV*
Gaia DR3 1831715526401972352,1831715526401972352,PulsV*
HD 343825,4521094132992114944,PulsV*
Gaia DR3 4660310275245085312,4660310275245085312,PulsV*
Gaia DR3 5696134474342475392,5696134474342475392,PulsV*
Gaia DR3 5335763078707808896,5335763078707808896,PulsV*
Gaia DR3 6668999340605745408,6668999340605745408,PulsV*
Gaia DR3 5587030244760679552,5587030244760679552,PulsV*
Gaia DR3 5351049112176930560,5351049112176930560,PulsV*
Gaia DR3 5718993531548368256,5718993531548368256,PulsV*
Gaia DR3 3029388700442599424,3029388700442599424,PulsV*
Gaia DR3 5922573087286903168,5922573087286903168,PulsV*
Gaia DR3 5696724744586865024,5696724744586865024,PulsV*
Gaia DR3 5824084509359092096,5824084509359092096,PulsV*
Gaia DR3 4662113920962063488,4662113920962063488,PulsV*
Gaia DR3 5338042886052010496,5338042886052010496,PulsV*
Gaia DR3 5614568754736675712,5614568754736675712,PulsV*
Gaia DR3 3145469606180641152,3145469606180641152,PulsV*
Gaia DR3 1946489250252210560,1946489250252210560,PulsV*
Gaia DR3 5372341945080833536,5372341945080833536,PulsV*
Gaia DR3 5515220182578086144,5515220182578086144,PulsV*
Gaia DR3 5952326941453509760,5952326941453509760,PulsV*
HD 343797,4521480439527987328,PulsV*
Gaia DR3 4496305192356354944,4496305192356354944,PulsV*
Gaia DR3 5999936963116757888,5999936963116757888,PulsV*
Gaia DR3 6062478249692973952,6062478249692973952,PulsV*
ATO J122.4360-16.5953,5721134899158467328,PulsV*
[DPM2010] 04942-4,5935981876464146816,PulsV*
Gaia DR3 6029917892111275776,6029917892111275776,PulsV*
Gaia DR3 5643314180569354752,5643314180569354752,PulsV*
CPD-55  3038,5355139737763977472,PulsV*
Gaia DR3 4661678578786634496,4661678578786634496,PulsV*
TYC 7103-1310-1,5605144531328878080,PulsV*
BD+50   912,247612909095260416,PulsV*
BPS BS 16471-0022,1499084499887740160,PulsV*
TYC 8978-4357-1,6057360808986351360,PulsV*
Gaia DR3 3035188005804286336,3035188005804286336,PulsV*
Gaia DR3 572501896265156736,572501896265156736,PulsV*
Gaia DR3 5602157639282786816,5602157639282786816,PulsV*
Gaia DR3 5358269566338432384,5358269566338432384,PulsV*
Gaia DR3 6701590445807820160,6701590445807820160,PulsV*
[MAA2010] 451,5932329294489507456,PulsV*
NGC  3572    67,5337718564485080832,PulsV*
Gaia DR3 4686451778327885696,4686451778327885696,PulsV*
CD-24  1266,5076503566934144384,PulsV*
Gaia DR3 231810796699589888,231810796699589888,PulsV*
Gaia DR3 5518373066525918720,5518373066525918720,PulsV*
Gaia DR3 5334994829327042176,5334994829327042176,PulsV*
Gaia DR3 4037821006922229760,4037821006922229760,PulsV*
HD 275554,236478464075331072,PulsV*
Gaia DR3 5707799536799897856,5707799536799897856,PulsV*
Gaia DR3 5316923977760303488,5316923977760303488,PulsV*
Gaia DR3 1985487656380143104,1985487656380143104,PulsV*
Gaia DR3 5544780861926272128,5544780861926272128,PulsV*
Gaia DR3 6438826476936262016,6438826476936262016,PulsV*
Gaia DR3 5928440665448091520,5928440665448091520,PulsV*
Gaia DR3 5819426875001999488,5819426875001999488,PulsV*
Gaia DR3 6633328670843895424,6633328670843895424,PulsV*
Gaia DR3 2022491720233651712,2022491720233651712,PulsV*
HD 101607,3976080272218784640,PulsV*
TYC 5982-1585-1,5725295382438888320,PulsV*
Gaia DR3 5617592647920053248,5617592647920053248,PulsV*
Gaia DR3 5337513814812274304,5337513814812274304,PulsV*
Gaia DR3 5744106411476484480,5744106411476484480,PulsV*
Gaia DR3 4593972512445103360,4593972512445103360,PulsV*
Gaia DR3 4512294260401958144,4512294260401958144,PulsV*
TYC 5963-183-1,2948264155565304960,PulsV*
HD  33602,211697464852110848,PulsV*
Gaia DR3 5250576736027507968,5250576736027507968,PulsV*
Gaia DR3 1985575067553348224,1985575067553348224,PulsV*
[ELS2006] N11 051,4662156630134021376,PulsV*
TYC 8991-4503-1,5868394243860740864,PulsV*
Gaia DR3 5719329775945462912,5719329775945462912,PulsV*
Gaia DR3 2315460132480190208,2315460132480190208,PulsV*
Gaia DR3 5231400806559134592,5231400806559134592,PulsV*
ATO J081.2956-17.8174,2970054311358326272,PulsV*
TYC 8956-2279-1,5254395026363963264,PulsV*
Gaia DR3 6582634007913841152,6582634007913841152,PulsV*
Gaia DR3 2046581294124645120,2046581294124645120,PulsV*
Gaia DR3 5306264113770418944,5306264113770418944,PulsV*
ATO J113.6732-10.2039,3041140074561794688,PulsV*
Gaia DR3 5356976098298719872,5356976098298719872,PulsV*
Gaia DR3 1938718245661769856,1938718245661769856,PulsV*
Gaia DR3 5358913162900243584,5358913162900243584,PulsV*
Gaia DR3 5700253867677958016,5700253867677958016,PulsV*
Gaia DR3 6445557373587496448,6445557373587496448,PulsV*
Gaia DR3 5373550755035047808,5373550755035047808,PulsV*
Gaia DR3 5824378456902396672,5824378456902396672,PulsV*
CPD-59  4265,6058073640461113600,PulsV*
Gaia DR3 1804818066064839040,1804818066064839040,PulsV*
Gaia DR3 5258436801060990848,5258436801060990848,PulsV*
Gaia DR3 5714448631512635264,5714448631512635264,PulsV*
TYC 1296-651-1,3390770031861286144,PulsV*
Gaia DR3 5368347488064427008,5368347488064427008,PulsV*
Gaia DR3 6857245141552351488,6857245141552351488,PulsV*
HD 311021,5332969082223750912,PulsV*
Gaia DR3 5802486695044320512,5802486695044320512,PulsV*
Gaia DR3 6036170612891679872,6036170612891679872,PulsV*
Gaia DR3 5609998703368692096,5609998703368692096,PulsV*
CD-58  4371,6070977989960557056,PulsV*
[DCT2018] F20c 17989,5611587493371375360,PulsV*
Gaia DR3 5792889783897381376,5792889783897381376,PulsV*
Gaia DR3 2045165127465165184,2045165127465165184,PulsV*
Gaia DR3 1297902764249433344,1297902764249433344,PulsV*
Gaia DR3 1961636088074859520,1961636088074859520,PulsV*
TYC  122-600-1,3236670861592473472,PulsV*
HD 302032,5342090738096025216,PulsV*
Gaia DR3 5865254347886741632,5865254347886741632,PulsV*
Gaia DR3 5381074197703252480,5381074197703252480,PulsV*
Gaia DR3 3930259568240590976,3930259568240590976,PulsV*
Gaia DR3 4659664346495789696,4659664346495789696,PulsV*
CD-64   698,5858916316207917824,PulsV*
Gaia DR3 4300439500958570624,4300439500958570624,PulsV*
Gaia DR3 1942918311362173440,1942918311362173440,PulsV*
Gaia DR3 5407211753773113728,5407211753773113728,PulsV*
Gaia DR3 5786169740629406336,5786169740629406336,PulsV*
HD 162625,4475846721234249216,PulsV*
BD+51   889,271865970939614720,PulsV*
Gaia DR3 5611792174326414848,5611792174326414848,PulsV*
Gaia DR3 2001308632278976128,2001308632278976128,PulsV*
Gaia DR3 6451704472515578368,6451704472515578368,PulsV*
Gaia DR3 2936226874062920320,2936226874062920320,PulsV*
Gaia DR3 4660314364026565248,4660314364026565248,PulsV*
Gaia DR3 4660248565149067648,4660248565149067648,PulsV*
Gaia DR3 2928579358380588288,2928579358380588288,PulsV*
Gaia DR3 5429559224519708032,5429559224519708032,PulsV*
Gaia DR3 4660525367186997760,4660525367186997760,PulsV*
Gaia DR3 6061701169820363264,6061701169820363264,PulsV*
Gaia DR3 5430129115139052672,5430129115139052672,PulsV*
TYC 3737-235-1,274289466364115584,PulsV*
[L72] LH   9-50,4662151201295132544,PulsV*
Gaia DR3 2927600685652025984,2927600685652025984,PulsV*
CPD-61  4358,5866191612814373120,PulsV*
Gaia DR3 6075798145829813120,6075798145829813120,PulsV*
Gaia DR3 504819121562791680,504819121562791680,PulsV*
Gaia DR3 5859654741319792768,5859654741319792768,PulsV*
Gaia DR3 2005955237140498176,2005955237140498176,PulsV*
Gaia DR3 5726613280264540416,5726613280264540416,PulsV*
Gaia DR3 4294876247029821568,4294876247029821568,PulsV*
Gaia DR3 4660317250272854784,4660317250272854784,PulsV*
Gaia DR3 985967368374574208,985967368374574208,PulsV*
Gaia DR3 5987327007866486016,5987327007866486016,PulsV*
Gaia DR3 2086001573421895936,2086001573421895936,PulsV*
ATO J116.3885-15.9953,3028846813010770688,PulsV*
Gaia DR3 5302904555974115584,5302904555974115584,PulsV*
Gaia DR3 5645129749142237056,5645129749142237056,PulsV*
Gaia DR3 2000775403499836160,2000775403499836160,PulsV*
Gaia DR3 5240416320902463360,5240416320902463360,PulsV*
Gaia DR3 5693758915060015232,5693758915060015232,PulsV*
Gaia DR3 5599666626965671168,5599666626965671168,PulsV*
Gaia DR3 5709685512774950272,5709685512774950272,PulsV*
Gaia DR3 4685852548815950592,4685852548815950592,PulsV*
HD  27766,5092193151186021120,PulsV*
Gaia DR3 5599598285445358720,5599598285445358720,PulsV*
BD+34  2752,1328955347734791680,PulsV*
Gaia DR3 5254246661018031360,5254246661018031360,PulsV*
Gaia DR3 4660284574158937472,4660284574158937472,PulsV*
Gaia DR3 5618814347080979584,5618814347080979584,PulsV*
Gaia DR3 424625313275776000,424625313275776000,PulsV*
TYC 7365-2334-1,5979708869846630784,PulsV*
Gaia DR3 5413066790621086464,5413066790621086464,PulsV*
ATO J331.5529+33.2580,1900027492333952384,PulsV*
Gaia DR3 286660449643621504,286660449643621504,PulsV*
Gaia DR3 2279930238864038784,2279930238864038784,PulsV*
Gaia DR3 4662263935594252032,4662263935594252032,PulsV*
Gaia DR3 3473776111715493504,3473776111715493504,PulsV*
TYC 8962-637-1,5241947661384356224,PulsV*
Gaia DR3 5794855092221399552,5794855092221399552,PulsV*
Gaia DR3 1977065461728410496,1977065461728410496,PulsV*
Gaia DR3 1859188198811732224,1859188198811732224,PulsV*
Gaia DR3 6033615382224833408,6033615382224833408,PulsV*
HD 202477,1788596322481759616,PulsV*
Gaia DR3 2299791919986361472,2299791919986361472,PulsV*
Gaia DR3 2001047940635904768,2001047940635904768,PulsV*
Gaia DR3 6063262029664478080,6063262029664478080,PulsV*
TYC 5986-109-1,5718249196532806144,PulsV*
TYC 8608-2599-1,5351800005554963968,PulsV*
Gaia DR3 1729378584715703552,1729378584715703552,PulsV*
Gaia DR3 4658942173531178112,4658942173531178112,PulsV*
HD 235577,2171573402320608256,PulsV*
Gaia DR3 4395630987137613184,4395630987137613184,PulsV*
Gaia DR3 6583481215983179136,6583481215983179136,PulsV*
Gaia DR3 2921503451295656320,2921503451295656320,PulsV*
Gaia DR3 1764803784210912768,1764803784210912768,PulsV*
Gaia DR3 1980062562939788928,1980062562939788928,PulsV*
Gaia DR3 4660348723795932288,4660348723795932288,PulsV*
Gaia DR3 5646554132097425152,5646554132097425152,PulsV*
HD  64476,5698555564587652864,PulsV*
Gaia DR3 5823398482812443264,5823398482812443264,PulsV*
Gaia DR3 2922499265234669312,2922499265234669312,PulsV*
Gaia DR3 2947816379452961024,2947816379452961024,PulsV*
Gaia DR3 5253543252777555712,5253543252777555712,PulsV*
Gaia DR3 4689086276905082624,4689086276905082624,PulsV*
Gaia DR3 5807929243245019264,5807929243245019264,PulsV*
Gaia DR3 6078906533910638720,6078906533910638720,PulsV*
Gaia DR3 2000327970983247488,2000327970983247488,PulsV*
Gaia DR3 4113464177099947136,4113464177099947136,PulsV*
Gaia DR3 6033812671537571328,6033812671537571328,PulsV*
Gaia DR3 1957440111184873216,1957440111184873216,PulsV*
Gaia DR3 4687146502169531776,4687146502169531776,PulsV*
Gaia DR3 5339342302649619456,5339342302649619456,PulsV*
Gaia DR3 5302770754850699136,5302770754850699136,PulsV*
Gaia DR3 4689237081797167360,4689237081797167360,PulsV*
Gaia DR3 5829251595532215296,5829251595532215296,PulsV*
[MAA2010] 1241,5932310366677229056,PulsV*
Gaia DR3 5927136752066451456,5927136752066451456,PulsV*
Gaia DR3 1419460062531758592,1419460062531758592,PulsV*
Gaia DR3 5616103432446361600,5616103432446361600,PulsV*
Gaia DR3 5822826251411622656,5822826251411622656,PulsV*
HD 347885,4503237548749388032,PulsV*
Gaia DR3 5606202708188699776,5606202708188699776,PulsV*
Gaia DR3 5251677892615779712,5251677892615779712,PulsV*
Gaia DR3 5695212469428709632,5695212469428709632,PulsV*
Gaia DR3 1859577593419876224,1859577593419876224,PulsV*
HD 343843,4520308978623855872,PulsV*
Gaia DR3 5540819081012219136,5540819081012219136,PulsV*
Gaia DR3 5922627276917704064,5922627276917704064,PulsV*
Gaia DR3 6153513792327011328,6153513792327011328,PulsV*
ATO J296.0049+05.4939,4291510195239726720,PulsV*
TYC 3577-2341-1,2071541243168104320,PulsV*
Gaia DR3 5957644110978971264,5957644110978971264,PulsV*
TYC 9022-622-1,5875726990014449280,PulsV*
Gaia DR3 5602261371330676736,5602261371330676736,PulsV*
Gaia DR3 3400793038126691968,3400793038126691968,PulsV*
Gaia DR3 5609824671291609472,5609824671291609472,PulsV*
Gaia DR3 1931564960449929216,1931564960449929216,PulsV*
Gaia DR3 3443016071340199552,3443016071340199552,PulsV*
2MASS J01244916-7248526,4686545275470649216,PulsV*
TYC 1835-600-1,147121566399989760,PulsV*
Gaia DR3 5311373441226941440,5311373441226941440,PulsV*
Gaia DR3 4597432847336122752,4597432847336122752,PulsV*
Gaia DR3 2233367398896924416,2233367398896924416,PulsV*
Gaia DR3 5421502106388838016,5421502106388838016,PulsV*
Gaia DR3 6034237426622323968,6034237426622323968,PulsV*
Gaia DR3 4660518117299535488,4660518117299535488,PulsV*
Gaia DR3 4660346971449139840,4660346971449139840,PulsV*
Gaia DR3 5924588801352675840,5924588801352675840,PulsV*
Gaia DR3 4486018092845355648,4486018092845355648,PulsV*
HAT 214-08402,69693854493469568,PulsV*
HD 136374,5795667562595608064,PulsV*
Gaia DR3 5933692349679570048,5933692349679570048,PulsV*
2MASS J20062426+3548158,2059096553944862336,PulsV*
Gaia DR3 3085287287481393152,3085287287481393152,PulsV*
Gaia DR3 5413576345549078144,5413576345549078144,PulsV*
TYC 9244-248-1,5850747696360462592,PulsV*
Gaia DR3 5233683049104936832,5233683049104936832,PulsV*
Gaia DR3 1528653391215984128,1528653391215984128,PulsV*
TYC 3989-163-1,2002685598791863936,PulsV*
Gaia DR3 3055395586413546112,3055395586413546112,PulsV*
Gaia DR3 2867632638566850560,2867632638566850560,PulsV*
Gaia DR3 5949422787607610624,5949422787607610624,PulsV*
HD  52541,5610710740221572992,PulsV*
HD 101101,5343055800064137472,PulsV*
Gaia DR3 3037562126283046144,3037562126283046144,PulsV*
Gaia DR3 5645219943456822272,5645219943456822272,PulsV*
Gaia DR3 5830725319060934784,5830725319060934784,PulsV*
Gaia DR3 5802688803325648640,5802688803325648640,PulsV*
TYC 3667-532-1,425317211026123648,PulsV*
Gaia DR3 3431727802071652608,3431727802071652608,PulsV*
TYC 1591-943-1,4524689020618366208,PulsV*
Gaia DR3 1942893671129365120,1942893671129365120,PulsV*
Gaia DR3 1255913205457820288,1255913205457820288,PulsV*
SDSS J170052.43+280355.1,1308579090874122368,PulsV*
Gaia DR3 5600933195641527808,5600933195641527808,PulsV*
HD 235502,2172398139113450624,PulsV*
HD  60875,5716673729505800832,PulsV*
Gaia DR3 4659510101343381504,4659510101343381504,PulsV*
Gaia DR3 5614813670947539072,5614813670947539072,PulsV*
HD 306387,5337474266695412736,PulsV*
Gaia DR3 5698422734146041728,5698422734146041728,PulsV*
Gaia DR3 5375320487719637120,5375320487719637120,PulsV*
Gaia DR3 475330700737370880,475330700737370880,PulsV*
Gaia DR3 6001896773871754752,6001896773871754752,PulsV*
Gaia DR3 2917544109920745600,2917544109920745600,PulsV*
UCAC4 571-025683,3425532908744876288,PulsV*
Gaia DR3 5768931459888546688,5768931459888546688,PulsV*
Gaia DR3 4700283119205520896,4700283119205520896,PulsV*
Gaia DR3 5517224764070026368,5517224764070026368,PulsV*
Gaia DR3 6033845072770599680,6033845072770599680,PulsV*
Gaia DR3 4661759122315533952,4661759122315533952,PulsV*
HD 303001,5351403361064280320,PulsV*
TYC 2693-1049-1,2056238790093865856,PulsV*
TYC 9247-1366-1,5847156077236726912,PulsV*
Gaia DR3 5520745159793533312,5520745159793533312,PulsV*
ATO J113.7116-04.5124,3057260083254092672,PulsV*
Gaia DR3 395962316450403328,395962316450403328,PulsV*
Gaia DR3 4573661027986570368,4573661027986570368,PulsV*
Gaia DR3 5640398653686902912,5640398653686902912,PulsV*
Gaia DR3 5831816068978211840,5831816068978211840,PulsV*
TYC 9292-1545-1,6433476734391333376,PulsV*
Gaia DR3 2928667284949806592,2928667284949806592,PulsV*
Gaia DR3 5578814801250451328,5578814801250451328,PulsV*
Gaia DR3 3403202622154265344,3403202622154265344,PulsV*
Gaia DR3 5290356654394851200,5290356654394851200,PulsV*
Gaia DR3 4528598849602613248,4528598849602613248,PulsV*
Gaia DR3 4660338381492330880,4660338381492330880,PulsV*
TYC 1064-379-1,4317060887002777088,PulsV*
TYC 8591-1271-1,5304020525927828608,PulsV*
Gaia DR3 4655345430461200768,4655345430461200768,PulsV*
Gaia DR3 5715975681365745280,5715975681365745280,PulsV*
TYC 7127-1969-1,5545461180442610560,PulsV*
ATO J119.5469-28.5588,5600789915532797056,PulsV*
Gaia DR3 430453240305264896,430453240305264896,PulsV*
Gaia DR3 5588129795045760128,5588129795045760128,PulsV*
CD-52  7688B,5930851967537621120,PulsV*
Gaia DR3 5698241520890001664,5698241520890001664,PulsV*
HD  41437,2912806692271151744,PulsV*
Gaia DR3 1725180237003287168,1725180237003287168,PulsV*
TYC 3995-491-1,2007998920017143936,PulsV*
Gaia DR3 2025404189087697024,2025404189087697024,PulsV*
Gaia DR3 420493554739944704,420493554739944704,PulsV*
Gaia DR3 422226243322889216,422226243322889216,PulsV*
Gaia DR3 248421874774170496,248421874774170496,PulsV*
Gaia DR3 5241797170076307456,5241797170076307456,PulsV*
Gaia DR3 646114917002773120,646114917002773120,PulsV*
Gaia DR3 4659928847777085056,4659928847777085056,PulsV*
Gaia DR3 1454778304460743936,1454778304460743936,PulsV*
MACHO  47.2378.26,4661575160278460032,PulsV*
Gaia DR3 6030096940708810240,6030096940708810240,PulsV*
Gaia DR3 5330823870623099264,5330823870623099264,PulsV*
Gaia DR3 2925899917261370496,2925899917261370496,PulsV*
Gaia DR3 5925755211384080896,5925755211384080896,PulsV*
UCAC4 571-024838,3426272437690902784,PulsV*
ATO J141.6818+39.1097,811703571465032704,PulsV*
Gaia DR3 3935470909758475392,3935470909758475392,PulsV*
HD 277455,202219537181232640,PulsV*
Gaia DR3 1930622640328114176,1930622640328114176,PulsV*
Gaia DR3 5594476794642099456,5594476794642099456,PulsV*
Gaia DR3 5710834949113619072,5710834949113619072,PulsV*
Gaia DR3 5858374428767619584,5858374428767619584,PulsV*
Gaia DR3 1829851888565937408,1829851888565937408,PulsV*
Gaia DR3 411831464696364800,411831464696364800,PulsV*
Gaia DR3 2083640853240820608,2083640853240820608,PulsV*
Gaia DR3 1836293274354632320,1836293274354632320,PulsV*
Gaia DR3 5470879524320763008,5470879524320763008,PulsV*
Gaia DR3 4922858190025561600,4922858190025561600,PulsV*
ATO J130.4500-25.4378,5653217481791422336,PulsV*
Gaia DR3 5618045341780285696,5618045341780285696,PulsV*
Gaia DR3 4660262343405878144,4660262343405878144,PulsV*
Gaia DR3 5628017087602476544,5628017087602476544,PulsV*
ATO J069.5673+06.3996,3282979546870568448,PulsV*
CD-60  1929,5290722860486442752,PulsV*
Gaia DR3 6074250475825443840,6074250475825443840,PulsV*
TYC 3577-1863-1,2083630236082254976,PulsV*
Gaia DR3 5859972908156111872,5859972908156111872,PulsV*
Gaia DR3 6811125507850669568,6811125507850669568,PulsV*
Gaia DR3 5289310292984056960,5289310292984056960,PulsV*
Gaia DR3 5548335170709912448,5548335170709912448,PulsV*
Gaia DR3 5823882061773988096,5823882061773988096,PulsV*
NGC  4103    41,6058510146574155136,PulsV*
GSC 03619-00062,2001436450505325952,PulsV*
Gaia DR3 5948466173804800512,5948466173804800512,PulsV*
HD 197560,1870542511796485632,PulsV*
Gaia DR3 5822682219708593536,5822682219708593536,PulsV*
ATO J117.5067+02.9701,3088999273094759936,PulsV*
TYC 3173-520-1,1968781470553720576,PulsV*
Gaia DR3 6391584821680516224,6391584821680516224,PulsV*
Gaia DR3 4658021916687768704,4658021916687768704,PulsV*
TYC 4039-1724-1,512546661084280960,PulsV*
ATO J120.1741-17.9507,5714900187194713856,PulsV*
Gaia DR3 5547292455731249408,5547292455731249408,PulsV*
Gaia DR3 4585948276587836928,4585948276587836928,PulsV*
Gaia DR3 5829216582956834816,5829216582956834816,PulsV*
TYC 4304-296-1,535206083896690048,PulsV*
Gaia DR3 2032456284908101248,2032456284908101248,PulsV*
Gaia DR3 4687213744196534912,4687213744196534912,PulsV*
Gaia DR3 4660361505603150592,4660361505603150592,PulsV*
ATO J289.9355-15.8518,4184061280401324544,PulsV*
HD 223310,1925857395589881088,PulsV*
TYC 9252-1943-1,5797708221819890432,PulsV*
Gaia DR3 4038931552361812864,4038931552361812864,PulsV*
Gaia DR3 5696445399918647040,5696445399918647040,PulsV*
Gaia DR3 5629227748683804288,5629227748683804288,PulsV*
Gaia DR3 178767778791437184,178767778791437184,PulsV*
Gaia DR3 6031113855836967040,6031113855836967040,PulsV*
Cl* NGC 2168     SB     181,3426287143658452096,PulsV*
TYC 5431-2444-1,5751396792044719232,PulsV*
Gaia DR3 4659512235956221568,4659512235956221568,PulsV*
Gaia DR3 1898527934570699008,1898527934570699008,PulsV*
Gaia DR3 5405827537362199808,5405827537362199808,PulsV*
ATO J178.7132-09.8177,3587802412479205376,PulsV*
HD 309537,6054305992073706624,PulsV*
BOKS 13343,2128176601774620288,PulsV*
Gaia DR3 2525210048700553600,2525210048700553600,PulsV*
HD  34514,2963026164315978752,PulsV*
Gaia DR3 5819808405537412608,5819808405537412608,PulsV*
Gaia DR3 4658076784833210240,4658076784833210240,PulsV*
Gaia DR3 4655302068518721536,4655302068518721536,PulsV*
Gaia DR3 6036078872387056128,6036078872387056128,PulsV*
TYC 9446-115-1,5779237491616285696,PulsV*
Gaia DR3 2204505665352783360,2204505665352783360,PulsV*
TYC 3144-1045-1,2076703553343077632,PulsV*
Gaia DR3 5919230507527412224,5919230507527412224,PulsV*
2MASS J00430774+4140194,381299465601401472,PulsV*
TYC 3613-2935-1,1976561202519592448,PulsV*
TYC 8691-3106-1,5878875372786333184,PulsV*
ATO J335.3683+54.5133,2005010550494905216,PulsV*
Gaia DR3 5602172031699250560,5602172031699250560,PulsV*
HD  67729A,5713007957738807040,PulsV*
CD-65   448,5283744122745721344,PulsV*
Gaia DR3 5254901493244924800,5254901493244924800,PulsV*
TYC 8958-2475-1,5241960511926467328,PulsV*
TYC 8189-1273-1,5405936423373009920,PulsV*
* f Cen,6085229378603010688,PulsV*
Gaia DR3 5602391040674532096,5602391040674532096,PulsV*
Gaia DR3 4661343781824259712,4661343781824259712,PulsV*
Gaia DR3 1900429432552697472,1900429432552697472,PulsV*
TYC 4053-1631-1,466689157820056192,PulsV*
Gaia DR3 6081581302102193920,6081581302102193920,PulsV*
Gaia DR3 5725353343017036288,5725353343017036288,PulsV*
Gaia DR3 5512191543433763712,5512191543433763712,PulsV*
HD  41086,2917049467122161664,PulsV*
Gaia DR3 2164324837569380096,2164324837569380096,PulsV*
HD 198567,1870725885417544576,PulsV*
Gaia DR3 5694870246436008576,5694870246436008576,PulsV*
ATO J119.6962-13.5996,5725739550777026816,PulsV*
Gaia DR3 2004387574078261376,2004387574078261376,PulsV*
Gaia DR3 5356262102944742400,5356262102944742400,PulsV*
Gaia DR3 5855264283973768064,5855264283973768064,PulsV*
Gaia DR3 5813133614039522048,5813133614039522048,PulsV*
Gaia DR3 162221945562724608,162221945562724608,PulsV*
Gaia DR3 6075962935135676928,6075962935135676928,PulsV*
Gaia DR3 6075237459304860032,6075237459304860032,PulsV*
Gaia DR3 5693448199945487616,5693448199945487616,PulsV*
ATO J131.8454+43.5240,914001308679850624,PulsV*
Gaia DR3 3337803464375018624,3337803464375018624,PulsV*
TYC 3347-1186-1,255698163548030208,PulsV*
Gaia DR3 5622440222886708608,5622440222886708608,PulsV*
HD    356,393777449404135680,PulsV*
Gaia DR3 5871297710473469440,5871297710473469440,PulsV*
Gaia DR3 5590784222272535936,5590784222272535936,PulsV*
Gaia DR3 1934132079584032000,1934132079584032000,PulsV*
TYC 8736-1352-1,5913209096515243776,PulsV*
Gaia DR3 5644557522065665792,5644557522065665792,PulsV*
ATO J194.5512-29.8079,6184386670084994176,PulsV*
Gaia DR3 5339264787076241280,5339264787076241280,PulsV*
UCAC4 180-155828,5932935365907655040,PulsV*
Gaia DR3 5726140632002155520,5726140632002155520,PulsV*
ATO J066.9566-18.7718,3170629936916306944,PulsV*
TYC 3154-941-1,2074560532161820288,PulsV*
Gaia DR3 5613209964517956992,5613209964517956992,PulsV*
TYC 4787-388-1,3117984766126664832,PulsV*
Gaia DR3 5913163471093999872,5913163471093999872,PulsV*
Gaia DR3 2925762753183622656,2925762753183622656,PulsV*
ATO J169.5114-29.6011,3482810665618141824,PulsV*
Gaia DR3 1882482280348820480,1882482280348820480,PulsV*
TYC 8943-836-1,5256333813296431744,PulsV*
Gaia DR3 4662255002061822848,4662255002061822848,PulsV*
BD+34  2815,1325182270505657472,PulsV*
Gaia DR3 4660437681118665728,4660437681118665728,PulsV*
Gaia DR3 2045067472775315456,2045067472775315456,PulsV*
Gaia DR3 5645197094231213184,5645197094231213184,PulsV*
BOKS 45748,2080471167369099136,PulsV*
Gaia DR3 5351786575211856512,5351786575211856512,PulsV*
Gaia DR3 5277145674290808576,5277145674290808576,PulsV*
Gaia DR3 2932818662897123072,2932818662897123072,PulsV*
Gaia DR3 5235216318078994304,5235216318078994304,PulsV*
ATO J292.3888-14.6685,4181588233925907968,PulsV*
TYC 6562-2131-1,5697074835972242944,PulsV*
Gaia DR3 422205631783252608,422205631783252608,PulsV*
Gaia DR3 5915370255337578624,5915370255337578624,PulsV*
TYC 9013-25-1,5852337766358240512,PulsV*
HD 110956,6061204980842862336,PulsV*
Gaia DR3 5945339334536512512,5945339334536512512,PulsV*
