Star,Gaia_DR3_ID,otype
TYC 1464-83-1,1442513183529109120,EmLine*
2MASS J21374712+5651454,2178156281516218624,EmLine*
ESO-HA  319,3326802953619606656,EmLine*
HD 294533,3024291158372394624,EmLine*
CD-50 10716,5937387292817298048,EmLine*
UCAC4 536-030099,3358945453772420224,EmLine*
[MO2001]  17,2206813265376556672,EmLine*
UCAC4 592-017273,3421601609213798656,EmLine*
HD 288914,3126664796252981504,EmLine*
HD 233161,215615162217030912,EmLine*
[BE74] 508,4651610629984686592,EmLine*
NGC  2175     3,3375023234348980224,EmLine*
TYC 3146-371-1,2126972881359676672,EmLine*
BD+01   521,560647851057152,EmLine*
2MASS J02305383-0114563,2499686947845959168,EmLine*
TYC 2841-1488-1,352408113951454208,EmLine*
HD  25341,3252852137995444224,EmLine*
BD+44  3635,2163312908901355136,EmLine*
TYC 2037-1740-1,1316559247485948416,EmLine*
EM* VES  623,511217385884613376,EmLine*
[MDN2017] VPHAS OB1 01237,5255670292376182912,EmLine*
TYC 3476-10-1,1603366683790192000,EmLine*
TYC  763-2349-1,3154818169436819200,EmLine*
HD  83557,3853988817443067136,EmLine*
LS   I +62   38,2016067960971021568,EmLine*
TYC  760-2028-1,3354225868830499328,EmLine*
BD+38  2814,1331560945479304320,EmLine*
TYC   42-1406-1,2515514791389364864,EmLine*
TYC  870-672-1,3922811751351913216,EmLine*
TYC 8613-362-1,5351475787076066560,EmLine*
BD+49  2568,1409097960009333376,EmLine*
GSC 01868-00099,3429611688864226432,EmLine*
HD  14709,102923844662831616,EmLine*
TYC  760-2377-1,3354208761979723136,EmLine*
UCAC4 625-022572,183575324665076736,EmLine*
2MASS J12181233+2906317,4013307433833347072,EmLine*
ESO-HA 1153,3017189996885072640,EmLine*
HD 293957,3210348420079632384,EmLine*
EM* VES   73,2028331776261488768,EmLine*
TYC 2298-1694-1,305506216380856960,EmLine*
CPD-53  3124,5404354466663515264,EmLine*
TYC 3765-482-1,992721290347178624,EmLine*
UCAC4 577-023494,3426590505790635520,EmLine*
TYC 3430-945-1,1016169887637399040,EmLine*
TYC  783-49-1,3151430093073778304,EmLine*
TYC 5363-2148-1,3007283362758992896,EmLine*
2MASS J10451844-0004376,3806429201465744512,EmLine*
TYC 3005-968-1,780408064628000896,EmLine*
SS  67,3133061407007240832,EmLine*
BD+06  2105,580324195645676416,EmLine*
EM* GGA  231,463177798716912000,EmLine*
BD+39  2771,1487628413359726208,EmLine*
HD 224141,1921405301208714880,EmLine*
TYC  204-1332-1,3093328634486598528,EmLine*
2MASS J08154064-0741019,3062931050692468224,EmLine*
KHA  70,3326487599940283904,EmLine*
UCAC4 516-049174,608292855174410880,EmLine*
TYC 1330-1501-1,3357518631277646592,EmLine*
EM* GGR   35,1978918211848841984,EmLine*
TYC 2459-938-1,897364838758790656,EmLine*
ATO J079.9881+33.3960,181208763326157952,EmLine*
UCAC4 443-004916,3251029388235074048,EmLine*
Cl Melotte   22   285,68310187829482240,EmLine*
[BE74] 537,4651632998176072320,EmLine*
BD+23  2182,630137024481162496,EmLine*
HD 239120,2142158953707606912,EmLine*
EM* AS   47,508077936588353024,EmLine*
UCAC4 580-020696,3429725316519392384,EmLine*
VPHAS J180256.0-241902.9,4066025958392312576,EmLine*
UCAC2  31977724,3278678016864321280,EmLine*
TYC  790-785-1,3164432848864062080,EmLine*
BD-04  1980,3060208664203492992,EmLine*
NGC  2682   228,604904022898639232,EmLine*
EM* UHA    7,2066587427881578752,EmLine*
UCAC4 477-024664,3132283060152617216,EmLine*
TYC  734-2340-1,3329905637995099648,EmLine*
2MASS J16094917+5357052,1428928717368313728,EmLine*
Cl* NGC 2548    WTB      81,3064558366555647616,EmLine*
UCAC4 661-028545,204920418775727104,EmLine*
2MASS J05264807-0553022,3209051580475484928,EmLine*
ATO J121.4603-01.8697,3082758445095755776,EmLine*
TYC 3521-142-1,1415189971686364928,EmLine*
HD  83275,3827444235926796928,EmLine*
TYC 2444-74-1,939391261251748608,EmLine*
BD+25  3233,4570447842693755008,EmLine*
TYC 2460-193-1,896909877165689984,EmLine*
TYC 3871-404-1,1600760875593624320,EmLine*
TYC 1210-203-1,93908124192905216,EmLine*
TYC 2479-3-1,919073665056175744,EmLine*
HD   8266,293693578847888768,EmLine*
BD+18  3195,4467281319493352576,EmLine*
[MA93]   72,4685847119977904512,EmLine*
TYC 2607-1587-1,4597495931815555456,EmLine*
TYC 3503-1371-1,1409116548627767296,EmLine*
BD+33  2372,1458177856972199168,EmLine*
UCAC2  43224560,217107577453306112,EmLine*
TYC 3778-530-1,1000924368644242176,EmLine*
TYC 3647-392-1,1940696198363954944,EmLine*
[D75b] Em* 19-009,2020754835471012608,EmLine*
Gaia DR3 2031866465633029504,2031866465633029504,EmLine*
UCAC4 614-015050,172036564308761728,EmLine*
TYC 4715-1203-1,5169861209461759360,EmLine*
2MASS J22222816+6154302,2204708280427144576,EmLine*
TYC 4873-1620-1,5760877331053810688,EmLine*
TYC  779-127-1,3148734056204484480,EmLine*
BD+42  1711,949033222312843776,EmLine*
[NSW2012] 603,2202561007244520320,EmLine*
WRAY 15-246,5314880024305268224,EmLine*
HD  58878,3142588026722788992,EmLine*
HD 279197,218488151742114816,EmLine*
[BVD2011] 82,2178383846063003520,EmLine*
TYC 3765-417-1,992953184221270528,EmLine*
HD 302510,5258287164389980800,EmLine*
BD+45  2044,1541569319946902784,EmLine*
TYC  170-2244-1,3116444526433329024,EmLine*
HD  94221,3762891358504779520,EmLine*
BD+18  2822,1245472625293100928,EmLine*
TYC   46-107-1,2503089936333928448,EmLine*
HD    500,2880766820356986752,EmLine*
TYC  244-111-1,3835238776935306240,EmLine*
2MASS J06244825+2639074,3432213305172227200,EmLine*
UCAC4 764-069717,2207280145503038976,EmLine*
HD 150666,4564270855087338240,EmLine*
HD  97538,756628759150788608,EmLine*
HD 260450,3130928835484053248,EmLine*
BD+54   516,455938923401343232,EmLine*
UCAC2   1671390,4655166450609853824,EmLine*
HD 308181,5241014730094020608,EmLine*
TYC 1875-1369-1,3431160900749309824,EmLine*
TYC 3002-403-1,756116966552755968,EmLine*
HD 117283,3746939506370698496,EmLine*
TYC 1864-1214-1,3423840695924813952,EmLine*
TYC  849-1209-1,3870460287606135168,EmLine*
PM J05301+4300,195463274447721728,EmLine*
TYC 2848-606-1,139319638048741888,EmLine*
UCAC4 503-050313,598408520517927296,EmLine*
TYC   59-1168-1,3269038907660542592,EmLine*
Haro 4-423,3017377875945840000,EmLine*
BD-01   474,3262700532363449472,EmLine*
HD  17872,1222626866037120,EmLine*
2MASS J05351465-1140083,3009793272926373376,EmLine*
TYC 3481-251-1,1588646250319642624,EmLine*
[M81] I-533,5938473399818168576,EmLine*
TYC 4716-496-1,3263366522877320448,EmLine*
[D75b] Em* 05-103,3441541390023856640,EmLine*
HD 233646,1019750172375313536,EmLine*
TYC 3395-1351-1,978622007929299456,EmLine*
TYC 3768-915-1,996395922630340992,EmLine*
AzV 427,4687460240963577088,EmLine*
HD 255055,3377453292485462144,EmLine*
[MA93] 1613,4687218245323395584,EmLine*
[M60b]+28 277,4010481379712589056,EmLine*
2MASS J05343819-0535495,3017263492362315264,EmLine*
AL 390,4657777653265622016,EmLine*
TYC 3557-1452-1,2080254937235391232,EmLine*
AL 235,4660206646275557504,EmLine*
UCAC4 661-060711,1383412440671736320,EmLine*
[BVD2011] 156,2175230923442891776,EmLine*
TYC   67-45-1,3274126171870363136,EmLine*
Hen 3-1587,4066540254982043392,EmLine*
BD+45  2243,1586582398275247872,EmLine*
UCAC4 563-030927,3382234523096849152,EmLine*
HD 262861,3351231658148843776,EmLine*
[MA93] 1752,4687451547949296256,EmLine*
TYC  724-334-1,3343122420595567872,EmLine*
HD 109415,3960789123493127296,EmLine*
TYC   33-111-1,2512524433294905728,EmLine*
2MASS J05305213-0218246,3217029533767427968,EmLine*
[BSM2001] CTIO-2078,4182446372685354368,EmLine*
TYC 3877-697-1,1405031347534213376,EmLine*
HD 316307,4057300302851551872,EmLine*
UCAC4 737-023561,458579984691759104,EmLine*
BD+23   953,3404555949168913664,EmLine*
LS  IV -05    2,4362251497744952832,EmLine*
TYC 3263-799-1,377381222770214656,EmLine*
2MASS J05460562-0737199,3015867353116664704,EmLine*
TYC 2458-1441-1,894059844243498112,EmLine*
TYC 3736-487-1,277109026492802304,EmLine*
TYC 3763-1504-1,999355120738180096,EmLine*
TYC  230-1147-1,578861471519274496,EmLine*
BD+37  2281,1519777480520299392,EmLine*
AG-02  435,3073020856584128512,EmLine*
TYC 2282-1197-1,313917338598527232,EmLine*
UCAC4 618-021221,181886642306087808,EmLine*
CD-22 12128,4116786974336822912,EmLine*
[MDN2017] VPHAS OB1 02994,5255296011751365888,EmLine*
TYC 3873-1453-1,1597604349508327040,EmLine*
BD+32  2358,1468418055438552832,EmLine*
TYC  810-478-1,596772722093688832,EmLine*
TYC  168-2542-1,3139230354431488384,EmLine*
2MASS J05252060-0605061,3209141289455535744,EmLine*
BD+09  2120,591157477555473792,EmLine*
BD-07  1079,3015074089836082944,EmLine*
LHA 115-S  61,4686445460430959616,EmLine*
BD+29  2191,4019116974100926848,EmLine*
UCAC4 592-022305,3443164097389152128,EmLine*
TYC 3418-1718-1,1027209186242486272,EmLine*
2MASS J09534437+4049591,806561670978537216,EmLine*
BD+05  2735,3715955028181270784,EmLine*
BD+29  2346,1464103812327049984,EmLine*
TYC 3011-300-1,778371842108353792,EmLine*
HD 137146,1596337093638038272,EmLine*
BD+26  2591,1279271509651326336,EmLine*
HD  51003,3353459096908761344,EmLine*
UCAC4 643-050956,1496534663703282432,EmLine*
CoRoT 102590970,3119533569992434432,EmLine*
TYC   53-1300-1,6522646573357056,EmLine*
XO-4,990291507088739072,EmLine*
HD 258983,3131974853300252544,EmLine*
BD+32  2611,1370254035266474752,EmLine*
HD 314654,4066892442266625536,EmLine*
UCAC4 605-018449,156427862883548544,EmLine*
TYC 4874-1253-1,5755402484702384128,EmLine*
TYC   62-31-1,10352352947842560,EmLine*
TYC 3265-1709-1,398207175591532416,EmLine*
KHA   8,3327883361233843200,EmLine*
2MASS J05363441-0501451,3017401923453411712,EmLine*
TYC  644-635-1,15058292778740224,EmLine*
BD+44  3515,2070718739751090048,EmLine*
[MDN2017] VPHAS OB1 01528,5255588000797781120,EmLine*
HD  62299,1082856848410292352,EmLine*
[MA93]  195,4685949026635539584,EmLine*
TYC 5697-1476-1,4203077948170849280,EmLine*
2MASS J10473180+1216538,3872402716630986112,EmLine*
UCAC4 721-029501,446772294955903360,EmLine*
EM* GGA  100,506602563784498560,EmLine*
TYC  215-273-1,3080086799339493888,EmLine*
[MA93] 1142,4685995141777986176,EmLine*
TYC 1963-25-1,647568716187739904,EmLine*
TYC 4875-557-1,5755281018731358464,EmLine*
TYC 3861-334-1,1612365155673089792,EmLine*
UCAC4 561-031135,3376262834928568960,EmLine*
BD+41  2686,1380879887435991296,EmLine*
2MASS J06355060+0339388,3130229511731504768,EmLine*
TYC 1502-1472-1,1218237790993119744,EmLine*
EM* VES  182,2055865437180889984,EmLine*
TYC 3443-488-1,831554429275064320,EmLine*
UCAC4 569-027030,3377540020763010048,EmLine*
[K92]  84,1438331912607134080,EmLine*
UCAC4 627-015192,171117411247416320,EmLine*
TYC 3475-725-1,1508470171660833536,EmLine*
TYC 1773-328-1,106815016313890688,EmLine*
TYC  306-610-1,3718850454613656064,EmLine*
BD+50   796,442120089459104640,EmLine*
TYC  813-2518-1,598860969552949376,EmLine*
TYC 8992-942-1,5862934515778624768,EmLine*
ESO-HA  229,5524595374628984192,EmLine*
BD+30    48,2862473523850163328,EmLine*
UCAC4 459-019018,3123852039349078656,EmLine*
LIN 170,4689032645693164928,EmLine*
TYC 3433-214-1,820606866871111424,EmLine*
Cl* NGC 2244    CDZ     429,3131722824618024192,EmLine*
TYC   30-40-1,2507895695500349824,EmLine*
GSC 08962-00936,5241655294373759744,EmLine*
HD  67540,1032596797514395520,EmLine*
TYC 3458-682-1,1544304492561838848,EmLine*
BD+31  2246,756729467543917440,EmLine*
[KW97] 43-42,2062434366319616000,EmLine*
EM* VES  176,2074624239417906304,EmLine*
TYC 2323-1077-1,132436214221653888,EmLine*
WRAY 15-151,5534416556086930816,EmLine*
2MASS J05503718-0655301,3018946810306575488,EmLine*
TYC 2984-270-1,812223434306770816,EmLine*
BD-07   428,2488245292408347904,EmLine*
TYC 3220-3273-1,1917924178676720512,EmLine*
UCAC4 564-026167,3377419997900225536,EmLine*
BD+38  2606,1295201199755841664,EmLine*
TYC 2535-1203-1,1466592934854607872,EmLine*
HD  19449,613978460597248,EmLine*
HD  82997,3825514799178724736,EmLine*
TYC 3747-889-1,281423613198905216,EmLine*
TYC 3495-1872-1,1410886796708360192,EmLine*
ATO J084.3202+00.6659,3222432499544971776,EmLine*
TYC 2442-617-1,890539581672265984,EmLine*
HD 262209,3326632220078688128,EmLine*
TYC 2516-264-1,753104682650126592,EmLine*
CD-24 12827,6046706648693327360,EmLine*
TYC 3042-672-1,1493213485751969920,EmLine*
TYC 2344-670-1,137445589197755648,EmLine*
UCAC4 641-001345,378810862763561472,EmLine*
ESO-HA 2717,3046362239395748992,EmLine*
[MDN2017] VPHAS OB1 01458,5255489594514523264,EmLine*
[NSW2012] 478,2178069347065968640,EmLine*
UCAC4 631-014949,219398306851988480,EmLine*
UCAC4 768-010116,523356131693165824,EmLine*
TYC 1428-887-1,3982704898495709440,EmLine*
TYC 1448-130-1,3948317461883019392,EmLine*
BD+47  2092,1503906167611556736,EmLine*
TYC 2289-677-1,364655578269496064,EmLine*
TYC 3246-1529-1,386602036518110336,EmLine*
BD-03  2827,3822390743046697856,EmLine*
HD  35656,3238066592819780608,EmLine*
[AD95]  675,3017345680871019008,EmLine*
HD  23303,3271326853920748416,EmLine*
TYC 3406-1774-1,975159615750016000,EmLine*
HD  35672,3337400974399304960,EmLine*
[MDN2017] VPHAS OB1 02857,5255306147875614592,EmLine*
WRAY 15-1415,5932863386620982400,EmLine*
BD+37  2254,4030375565147853184,EmLine*
[H2013] LMCe 1464,4657063932807142656,EmLine*
UCAC4 434-012205,3024565276067762944,EmLine*
CPD-61  3111,6054625434535463040,EmLine*
HD 287761,3234402298521552640,EmLine*
HD  18203,7894085466178560,EmLine*
TYC 3048-1094-1,1392785777298201984,EmLine*
TYC 5121-177-1,4256907396103938560,EmLine*
BD+15  3351,4501540864867208960,EmLine*
TYC  786-435-1,3151733180326120320,EmLine*
TYC 3436-1045-1,826703693206454656,EmLine*
TYC 3814-1433-1,1020728565925231488,EmLine*
TYC 2571-1439-1,1369256056665831040,EmLine*
TYC  789-1192-1,3148009409318310400,EmLine*
TYC 3035-220-1,1484686085884257408,EmLine*
TYC 3132-1009-1,2105783058909467776,EmLine*
UCAC4 502-028650,3326954785004858112,EmLine*
[BE74] 289,4658483093069741696,EmLine*
2MASS J05223029+0221471,3234372401253541632,EmLine*
UCAC2  31270087,3254039370035712128,EmLine*
THA 14-33,4258167505140944256,EmLine*
HD 237978,856617006551609600,EmLine*
HD 287152,3294747860341760896,EmLine*
EM* VES  863,200851091882354688,EmLine*
HD 238757,1418167865786388480,EmLine*
TYC  738-2264-1,3332031883026385664,EmLine*
UCAC4 572-033728,3381430745736947456,EmLine*
TYC 3402-128-1,991469908675203840,EmLine*
2MASS J04420238+3158286,159790066359623040,EmLine*
WRAY 15-1500,5940594568229079296,EmLine*
LIN 236,4688967087319858560,EmLine*
EM* GGA  157,458728384400453504,EmLine*
LIN 240,4689058312420237696,EmLine*
UCAC4 461-003619,2502295745341206272,EmLine*
TYC 4684-1506-1,2479008398302938496,EmLine*
TYC  181-2519-1,3084285323148930176,EmLine*
2MASS J12541818+3217392,1465883715494166016,EmLine*
UCAC4 621-014755,170754538052116352,EmLine*
TYC 2989-1564-1,1009367621513212416,EmLine*
WRAY 15-1298,6211330821002126464,EmLine*
Haro 4-375,3209575463407638400,EmLine*
HD 286982,3308019652883298816,EmLine*
2MASS J01031658+6137011,522714223060690432,EmLine*
UCAC4 463-020152,3126993309709910144,EmLine*
TYC 4017-2273-1,426596668907707264,EmLine*
LIN 369,4687495562785029120,EmLine*
EM* GGA  241,446517414416045824,EmLine*
HD  80312,817497344908242816,EmLine*
BD+44  2275,1549874274869828480,EmLine*
TYC 3009-83-1,776794214721132800,EmLine*
[M81] I-574,4053363531491568256,EmLine*
BD+13  2613,3737307440912300288,EmLine*
UCAC4 443-048751,3073298964306057600,EmLine*
TYC 1474-932-1,1253523936626126336,EmLine*
BD+46  1899,1503762681345787648,EmLine*
LS  VI +08   15,3157414352610161408,EmLine*
UCAC2   1553667,4654946170293525120,EmLine*
HD  81229,3840826013991438592,EmLine*
TYC  651-256-1,27207179006896896,EmLine*
BD+41  2457,1497956572755798656,EmLine*
TYC  881-330-1,3928941700475544576,EmLine*
HD  48325,993563310096014720,EmLine*
CPD-63  2362,5861352799614981888,EmLine*
TYC 1442-1504-1,3922452039250799360,EmLine*
TYC 3873-1239-1,1598455440228335616,EmLine*
HD 283074,166847354760181888,EmLine*
2MASS J05305932-0043230,3220710320738867072,EmLine*
TYC 3052-1876-1,1387973141888004864,EmLine*
BD+44  2208,1540616833639203584,EmLine*
BD+38  2874,1339773339561805824,EmLine*
WSB 86,6047915252492691456,EmLine*
UCAC4 471-019617,3130517484992317312,EmLine*
[NSW2012] 33,2179293928145372800,EmLine*
TYC 2336-1769-1,333291184454029440,EmLine*
EM* GGA   76,509938001029116928,EmLine*
TYC  907-697-1,1230005790929744000,EmLine*
2MASS J05395177-0335203,3215793476537265152,EmLine*
HD  94371,3988150328616128256,EmLine*
TYC 3842-362-1,1558183730916830464,EmLine*
HD  14434,458310054588240384,EmLine*
HD 338931,2020856746444684032,EmLine*
TYC  153-1368-1,3114229800777923328,EmLine*
TYC 2831-2010-1,331635762322885760,EmLine*
TYC 3747-894-1,281259850388752896,EmLine*
TYC 2790-1180-1,383818343658798080,EmLine*
BD+30  2413,1456193341562162048,EmLine*
HBHA 6208-08,2013022721772872192,EmLine*
BD+31  2571,1454399316541848576,EmLine*
OGLE SMC-SC9 152784,4687428389491527424,EmLine*
TYC 3503-1537-1,1409050917231134336,EmLine*
UCAC4 619-019709,181758858440439168,EmLine*
BD+51  1479,1016444009630098304,EmLine*
TYC 2444-335-1,938656516903681792,EmLine*
[M60b]+32 462,1465873063975269504,EmLine*
TYC  201-1496-1,3091823570569950592,EmLine*
Hilt   44,427213254414022656,EmLine*
TYC 4765-1594-1,3015147684097950464,EmLine*
HD 301197,5341114337408801664,EmLine*
UCAC4 616-025696,3448461716210184320,EmLine*
HD  74290,5329336300117711872,EmLine*
TYC 2007-557-1,1258763242675681024,EmLine*
TYC 1980-1640-1,3998173167377277696,EmLine*
UCAC4 591-020135,3442540463841740544,EmLine*
TYC 2327-38-1,132753904362555264,EmLine*
[SKS2013] J213918998+573806996,2178403190595837440,EmLine*
TYC 2039-816-1,1224500677944495616,EmLine*
HD 237808,1025749004736941184,EmLine*
[MA93]   89,4685847910251641600,EmLine*
BD+33   141,362812521902332544,EmLine*
TYC  814-243-1,605071522327044736,EmLine*
UCAC4 630-023195,183910710071314816,EmLine*
OSHA 34,2297179445999339136,EmLine*
HD 286925,3308204027240127616,EmLine*
TYC 2764-1545-1,1913430882674132736,EmLine*
BD+39  2971,1378874893623050624,EmLine*
[MA93] 1483,4687483502515660160,EmLine*
BD+46  1579,822051693869049472,EmLine*
BD-08   602,5167587659933678848,EmLine*
EM* VES  783,468675253778609024,EmLine*
TYC 1567-623-1,4498868845456678528,EmLine*
TYC 4808-2309-1,3102239695198639104,EmLine*
[BE74] 467,4657763016014812672,EmLine*
TYC 3015-446-1,783861669305769472,EmLine*
TYC  671-34-1,3299809255959404160,EmLine*
Sand 211,1459660204803179776,EmLine*
[H2013] LMCe 1596,4657577404720999552,EmLine*
TYC  870-836-1,3923231691778538240,EmLine*
BD+49  1942,846793626072111744,EmLine*
[BVD2011] 45,2178394188343600896,EmLine*
BD+36  2227,4031536065311006080,EmLine*
UCAC4 546-021383,3398687855612990848,EmLine*
TYC 3549-2209-1,2132176418918323840,EmLine*
[BE74] 160,4655363709844028032,EmLine*
UCAC4 602-022525,3447524928004999808,EmLine*
HD 166967,4064779833837889536,EmLine*
HD   5225,2788243466634143744,EmLine*
StKM 1-1372,1326821367464678912,EmLine*
[MO2001]   7,2207157721752240896,EmLine*
SS 418,4260264922324456192,EmLine*
TYC 2997-340-1,817934297700819840,EmLine*
[KW2003]  95,4066214520316895360,EmLine*
[MDN2017] VPHAS OB1 02687,5255312053426884480,EmLine*
EM* GGA  191,457885741875896704,EmLine*
TYC 3373-876-1,215664227923264640,EmLine*
BD+33  2115,4023948541725798656,EmLine*
TYC 6540-3807-1,5615586455821106560,EmLine*
[H2013] LMCe  758,4658122109715126656,EmLine*
HD  83305,3824637457619423232,EmLine*
EM* MWC  844,3033206754572761984,EmLine*
WRAY 15-816,5334415734638682624,EmLine*
WRAY 15-1437,5934903942722865792,EmLine*
TYC 1448-794-1,3936060763387012864,EmLine*
UCAC4 582-020618,3429893644876196480,EmLine*
EM* VES  236,2062835718111129088,EmLine*
HD 228684,2055815959155300992,EmLine*
TYC 1432-464-1,3988010106523811584,EmLine*
TYC 1957-70-1,699339839658073984,EmLine*
TYC  817-1958-1,608258804672902656,EmLine*
TYC 4846-2152-1,3082767619145650560,EmLine*
[MA93] 1726,4690568178091011328,EmLine*
TYC 1209-472-1,95140092612039552,EmLine*
TYC 2847-1317-1,142621123574005120,EmLine*
TYC 2547-1176-1,1457836974005091584,EmLine*
TYC 1949-1352-1,704887116338982912,EmLine*
Hilt  164,511397259113208960,EmLine*
UCAC4 471-043376,3848943119928369152,EmLine*
TYC 2398-682-1,182290369232747904,EmLine*
BD+00   694,3258690785257287424,EmLine*
TYC 3439-1381-1,828106154647560832,EmLine*
BD+55  1346,1021831066849916416,EmLine*
HD 286788,3307710243438554624,EmLine*
BD+30  2136,4023169533442521600,EmLine*
TYC  712-248-1,3389359702039968768,EmLine*
HD 294433,3022790290640611456,EmLine*
[MA93]   93,4685847635373834368,EmLine*
TYC 3771-670-1,987793004352044032,EmLine*
BD-04  2972,3764923977547107200,EmLine*
2MASS J05361282+2734107,3442086743496472448,EmLine*
TYC 1314-1247-1,3345770109017705344,EmLine*
TYC 2560-174-1,1293944728546835072,EmLine*
Gaia DR3 3327808457003213440,3327808457003213440,EmLine*
TYC 3404-715-1,981248882943763456,EmLine*
TYC 3723-397-1,275623826802917248,EmLine*
HD  94644,5353306856200405120,EmLine*
UCAC4 583-011351,162731951456935040,EmLine*
UCAC4 486-031762,3133003888803496960,EmLine*
TYC 2568-282-1,1292400674919851904,EmLine*
TYC  650-441-1,11607063218284416,EmLine*
Qatar 5,382111248777193216,EmLine*
HD 282112,172439505257412608,EmLine*
NGC  2244   325,3131318921592876928,EmLine*
BD+22  2353,3990797510234649216,EmLine*
IRAS 08534-4231,5524281360977245056,EmLine*
TYC 2911-1740-1,189760386810487296,EmLine*
HD 233230,971406909550062848,EmLine*
[DP65] 21,430675371706383872,EmLine*
TYC 3127-1199-1,2104951725038702336,EmLine*
UCAC4 619-020109,182123896299733760,EmLine*
Cl* NGC 6530    WFI   24884,4066069144268963456,EmLine*
TYC 3869-942-1,1596886226680643328,EmLine*
2MASS J22173433+6114089,2204562732577220864,EmLine*
HD 156491,4115005451880505728,EmLine*
BD+44  3657,2163056860132968832,EmLine*
TYC 3569-79-1,2135400328750278016,EmLine*
TYC 1963-1172-1,643439362830576640,EmLine*
HD 234405,1415602327201590144,EmLine*
HD 278799,221598429617369344,EmLine*
AL 346,4660250832892488320,EmLine*
UCAC4 107-012300,4659255293808723840,EmLine*
TYC 2005-467-1,1452110030254093824,EmLine*
2MASS J03171054+3716597,235315348273197056,EmLine*
EM* StHA  143,1333493685058234880,EmLine*
TYC  782-672-1,3149132526089036544,EmLine*
LAMOST J081426.40+124202.7,650293615241555584,EmLine*
BD+49  2074,790449461949505152,EmLine*
TYC 1740-885-1,2803926763054043776,EmLine*
UCAC4 464-019461,3127035606547792768,EmLine*
TYC 1766-246-1,101846391986894208,EmLine*
TYC  906-760-1,3740968775978173952,EmLine*
TYC 2434-842-1,943012743317159936,EmLine*
TYC 2465-1708-1,895462851144240256,EmLine*
TYC 3868-18-1,1600020354512410496,EmLine*
HD 238563,1623663290482546176,EmLine*
2MASS J05304211-0626034,3016808328911004032,EmLine*
[MDN2017] VPHAS OB1 02799,5351420540925015424,EmLine*
TYC 3265-1534-1,398151237937765120,EmLine*
IRAS 01571+6018,508031619663170304,EmLine*
EM* VES  285,2065291172397692032,EmLine*
WRAY 15-319,5324980378642248576,EmLine*
EM* VRMF  108,5937944745219816448,EmLine*
TYC 4776-850-1,3022423294274879744,EmLine*
EM* GGA  225,447329197595237248,EmLine*
BD+43  1933,814623015355807872,EmLine*
UCAC4 426-016100,3104237439103831168,EmLine*
TYC 1502-628-1,1216576738161982720,EmLine*
TYC  890-741-1,3744005356512008192,EmLine*
BD-01  2265,3838066377244639360,EmLine*
TYC 3815-1363-1,851352888475086848,EmLine*
TYC  209-1159-1,3093956867940983808,EmLine*
EM* VES  295,1871173833325746816,EmLine*
LS III +51   42,1990060353443655808,EmLine*
BD+29  2529,1284036071491533952,EmLine*
TYC 1438-2479-1,3976839416278324224,EmLine*
2MASS J06041287-0642521,3018473878571973632,EmLine*
TYC 3483-1660-1,1394865847139708928,EmLine*
UCAC4 108-010146,4658475735747515904,EmLine*
TYC 3861-882-1,1606593922217892480,EmLine*
TYC 3488-782-1,1595608353651383552,EmLine*
BD+25  2455,4002921034680029056,EmLine*
BD+11  2350,3915665063210066304,EmLine*
TYC 2779-1125-1,2879703764411214080,EmLine*
TYC 1977-1905-1,3989753008547724160,EmLine*
EM* GGR  168,431567934635976192,EmLine*
UCAC4 602-016830,156345330790360320,EmLine*
TYC 2048-322-1,1300746895888994816,EmLine*
LSPM J0555+0124,3315035533500290304,EmLine*
UCAC4 608-022664,3447747510391679104,EmLine*
TYC 3786-821-1,985963520083869568,EmLine*
Gaia DR3 3449493500497224960,3449493500497224960,EmLine*
TYC  159-2513-1,3132756086370910720,EmLine*
TYC  788-687-1,3151319042399912960,EmLine*
UCAC4 691-031676,255765753453345408,EmLine*
TYC   67-675-1,3274640988123557504,EmLine*
GSC 00154-01914,3131286967038055552,EmLine*
TYC 1776-496-1,126921063896415616,EmLine*
UCAC4 484-024684,3133466684419457152,EmLine*
TYC  195-2649-1,3083732784195225216,EmLine*
HD 295724,3102942283128066816,EmLine*
EM* VES  147,2058346450809096192,EmLine*
WRAY 15-451,5308578276508546176,EmLine*
2MASS J10213389-5812164,5255638990653101696,EmLine*
IRAS 03370+5853,450001148290810496,EmLine*
TYC  137-1533-1,3124137087738567424,EmLine*
TYC 3872-822-1,1601543934029420800,EmLine*
TYC 1414-312-1,627354087536467584,EmLine*
UCAC4 764-069852,2207264649258804352,EmLine*
TYC 3475-989-1,1507250263507891840,EmLine*
UCAC4 726-054642,2149810528139218176,EmLine*
CoRoT 102904910,3107177670637745280,EmLine*
TYC 2789-291-1,384627206259270784,EmLine*
EM* AS  411,2061022146706752256,EmLine*
BD-03  2465,5761510443593038080,EmLine*
TYC 3478-1269-1,1604696165148769024,EmLine*
UCAC4 577-026435,3426007558466748928,EmLine*
CD-60  4162,6054941681589961216,EmLine*
TYC 3513-899-1,1365213736526175744,EmLine*
BD+13  1908,650864536652681600,EmLine*
TYC 8626-837-1,5338838996850396416,EmLine*
BD+27  2090,4006832306777995136,EmLine*
TYC 3420-91-1,1015934557789587840,EmLine*
BD+24   107,2808121365554148608,EmLine*
TYC 3458-1502-1,1568325591812472320,EmLine*
[MA93]  353,4689035153954039552,EmLine*
BD+18  3066,1197614113954076800,EmLine*
HD 317724,4054863712031854848,EmLine*
EM* GGA  159,507400225107028224,EmLine*
TYC 2558-536-1,1292706201713666816,EmLine*
TYC 3462-307-1,1562788038938109952,EmLine*
UCAC2   1805098,4657468484326302464,EmLine*
AL 308,4658463130058182272,EmLine*
[BE74] 281,4658485700079624704,EmLine*
Cl* NGC 2682   SAND      62,601981349192808448,EmLine*
BD+24   845,3416669406210393088,EmLine*
VPHAS J180255.3-241406.9,4066038598468289024,EmLine*
CPD-68  1085,5244458331772395008,EmLine*
[BE74] 120,4660152082969522688,EmLine*
2MASS J05311436-0204276,3217142474227237760,EmLine*
UCAC4 828-004566,548681664043656064,EmLine*
HD  34656,187469760492408960,EmLine*
EM* GGA  243,446748140059963648,EmLine*
TYC 2830-2429-1,331292066156793728,EmLine*
TYC 2588-2118-1,1328135696185471872,EmLine*
AL 123,4658155846584137472,EmLine*
TYC  751-1299-1,3350853361727672320,EmLine*
HD 220582,2841312151264469120,EmLine*
TYC   46-36-1,2503110066845157632,EmLine*
AG+36  908,715574919116238080,EmLine*
TYC 4744-7-1,3188503872814918912,EmLine*
BD+48   499,405401451970977920,EmLine*
BD+28  2092,4009841463945057024,EmLine*
TYC 2274-949-1,366421668820498688,EmLine*
TYC 3515-637-1,1363091988322559104,EmLine*
HD 133965,1275697615829253760,EmLine*
EM* MWC  645,1981413759654971008,EmLine*
TYC 3878-1360-1,1425100046080658176,EmLine*
TYC 3809-443-1,1024213364950264448,EmLine*
TYC  790-634-1,3164336877817825792,EmLine*
HD 298471,5312242811328257920,EmLine*
TYC  812-462-1,585064194568141568,EmLine*
[BNM2013] 40.04  1155,1974546377514402944,EmLine*
TYC  762-2776-1,3153499163503311104,EmLine*
TYC 3625-5-1,1985042766487770624,EmLine*
TYC 3530-180-1,2118788082440003584,EmLine*
TYC  782-274-1,3149925063517082624,EmLine*
HD  64349,934004036528157824,EmLine*
[MA93] 1114,4685971089958493568,EmLine*
TYC 4717-57-1,3251308458030101760,EmLine*
[MA93]  997,4689085933308444928,EmLine*
2MASS J07043831-1126098,3045840654267074048,EmLine*
CD-51 10199,5934377620277656704,EmLine*
HD  61457,3165571874190645888,EmLine*
TYC 1764-411-1,300342085142962816,EmLine*
TYC 3350-403-1,258669971679216256,EmLine*
WRAY 15-856,5336383413763090176,EmLine*
JW  141,3017269780197372672,EmLine*
HD 105825,4014944056890740992,EmLine*
TYC  864-197-1,3911959709025074560,EmLine*
BD+00  3069,3638820129964085760,EmLine*
BD-04  3026,3788256468986254208,EmLine*
TYC 4696-805-1,2487842214022325632,EmLine*
UCAC4 595-023833,3443268615416009472,EmLine*
UCAC2  32318188,3222180230346138624,EmLine*
BD+32  1621,881593581408292608,EmLine*
[KW2003] 101,4053253305456366336,EmLine*
EM* UHA  126,2163636852524689792,EmLine*
TYC 1966-815-1,647270301859924864,EmLine*
TYC  802-24-1,649035258543850624,EmLine*
BD-00  2292,3830089244291198336,EmLine*
TYC 1766-381-1,102624365183297792,EmLine*
[MDN2017] VPHAS OB1 01912,5351526781241971072,EmLine*
HD 290567,3220872361264809984,EmLine*
HD 279518,177207399997385472,EmLine*
TYC 3801-1686-1,1037244708044605568,EmLine*
TYC 3375-720-1,962511658619139584,EmLine*
2MASS J19303708+4543430,2126732736847748096,EmLine*
TYC 1778-222-1,131010800475039616,EmLine*
HD 287243,3291362601478692736,EmLine*
UCAC4 536-033323,3358381580404662528,EmLine*
UCAC4 687-040798,210057921213015424,EmLine*
TYC 4080-1860-1,281463264336920576,EmLine*
HD 328678,5942668762548396672,EmLine*
UCAC4 738-005470,421853994218224000,EmLine*
TYC 1963-145-1,646793079453755648,EmLine*
TYC 1734-600-1,2855851577632239872,EmLine*
BD+13  2730,3728601439124628352,EmLine*
TYC 3767-1229-1,993622443206572544,EmLine*
2MASS J05304040-0653338,3016731260017962240,EmLine*
TYC 1267-1084-1,3308965061085111040,EmLine*
UCAC4 431-052765,3828236949450801664,EmLine*
[MA93] 1743,4687234909797457280,EmLine*
TYC 2599-524-1,1335149201675265152,EmLine*
TYC 3763-126-1,999467270923556992,EmLine*
BD+48  1990,774616631941809792,EmLine*
BD+34  2373,1467460552606393088,EmLine*
HD 290796,3219043422455211776,EmLine*
2MASS J10221841-5802166,5255647507548038272,EmLine*
TYC 3946-742-1,2238493425185193984,EmLine*
UCAC4 590-052412,1452464863271719424,EmLine*
UCAC4 577-056279,4573484350212176256,EmLine*
TYC 1953-1367-1,691647175272618368,EmLine*
2MASS J10425191+1204022,3872336810357286016,EmLine*
BD-08   640,5168334846804448896,EmLine*
BD+12  1656,3151807328640719616,EmLine*
HD 294414,3023878871574382336,EmLine*
[MDN2017] VPHAS OB1 01552,5255582090922551296,EmLine*
BD+14  2953,1192539902151252992,EmLine*
UCAC2  31973762,64325726008320,EmLine*
TYC 3300-2155-1,438077593221095936,EmLine*
UCAC4 511-044492,650032721748256640,EmLine*
2MASS J05275789-0540010,3209084737622955136,EmLine*
Cl* NGC 6530    SCB     418,4065975449584540288,EmLine*
TYC 1330-2238-1,3357847801870885120,EmLine*
TYC 4869-871-1,5763548182237589120,EmLine*
TYC 3780-481-1,987451532976867456,EmLine*
[MA93] 1185,4685975797241855104,EmLine*
BD+24   367,102158172253049216,EmLine*
BD+03   469,3269319248765961600,EmLine*
Gaia DR2 454282131176505856,454282131176505856,EmLine*
UCAC4 662-032151,201375902526166144,EmLine*
TYC   55-912-1,26834955821312,EmLine*
UCAC4 624-022259,183559519185717760,EmLine*
[KW2003]  88,4069701831925073536,EmLine*
BD+26  2039,738890161965920512,EmLine*
TYC   77-909-1,3284337890407986688,EmLine*
2MASS J08132285-3731594,5541409828000306304,EmLine*
2MASS J05361154-0150266,3217337740620555392,EmLine*
TYC 3217-619-1,1917996574645455744,EmLine*
TYC  757-268-1,3161179909356090496,EmLine*
TYC 3125-567-1,2100546497343754112,EmLine*
TYC 2928-622-1,957035300438007168,EmLine*
TYC 3458-1611-1,1568170148355816960,EmLine*
[NSW2012] 632,2178316531027306496,EmLine*
LS  IV +01    9,4264758523274240128,EmLine*
EM* GGA  239,461759119477687040,EmLine*
UCAC4 623-021497,182233542522109568,EmLine*
HBC 556,5544612430496005504,EmLine*
Cl* NGC 2169    JON      40,3345192972789171712,EmLine*
UCAC4 639-039027,898322444665801600,EmLine*
BD+46  2664,2127730444871345408,EmLine*
2MASS J06283988+1702530,3369492278544025984,EmLine*
[MA93] 1608,4687419284159959168,EmLine*
UCAC4 503-029742,3327013200857522176,EmLine*
TYC 3238-362-1,1924395835398734976,EmLine*
UCAC4 570-026908,3425605446448041856,EmLine*
NOMAD1 1302-0400808,2067493421165473024,EmLine*
BD+28  1851,739687445335023232,EmLine*
HD  94265,3981606623818303488,EmLine*
UCAC4 622-023648,182623147597467520,EmLine*
TYC 1755-2546-1,296689679314096000,EmLine*
TYC 4830-2815-1,3062041477066867456,EmLine*
HD 300023,5310492972932181760,EmLine*
UCAC4 497-032157,3158440029459675776,EmLine*
UCAC3 181-111237,3832035830844063360,EmLine*
TYC 3807-700-1,1021197645072703104,EmLine*
2MASS J05311138+0008350,3220970904994897152,EmLine*
EM* GGR  146,2015476801676337792,EmLine*
TYC   44-725-1,2520950609374124160,EmLine*
HD 233328,981360930050389248,EmLine*
UCAC4 624-021347,182296828863831296,EmLine*
TYC 9020-17-1,5877807815745429120,EmLine*
BD-01  2835,3637567992378515456,EmLine*
TYC 2088-320-1,4595693523020334592,EmLine*
TYC 4853-1580-1,3066792368026366208,EmLine*
HD 351435,1822714855506110976,EmLine*
EM* AS  171,5594933950956548352,EmLine*
LS   I +60  269,464859261233934976,EmLine*
2MASS J05360651-0315491,3216062753808251264,EmLine*
TYC 6538-1664-1,5617086567639741184,EmLine*
TYC 2786-294-1,383339162747842944,EmLine*
BD+01  1957,3087410341354094848,EmLine*
LLNS  1716,5255290582912870016,EmLine*
UCAC4 583-016849,3441910585412686080,EmLine*
TYC  198-115-1,3088248547171052416,EmLine*
TYC 2017-1227-1,1263158957021048448,EmLine*
HD  75263,582886749228414208,EmLine*
UCAC4 717-048235,1029335096271436160,EmLine*
LS  IV -15   24,4145804666698807552,EmLine*
TYC 2826-1018-1,348823641622256128,EmLine*
BD+00  2384,3075095463226770944,EmLine*
UCAC4 826-004959,548446505994564736,EmLine*
WRAY 15-550,5358748373596591744,EmLine*
WRAY 15-931,6057440527934621696,EmLine*
BD-01   657,3206121347626723456,EmLine*
TYC   97-196-1,3289328470609075072,EmLine*
UCAC4 476-022600,3131006939469787008,EmLine*
ATO J084.3544+56.1219,268394086876541440,EmLine*
2MASS J04272096+3300017,172512790282517248,EmLine*
TYC 3300-289-1,438542587859705856,EmLine*
HD  85068,646953230194468224,EmLine*
TYC 2858-1124-1,337416723879759616,EmLine*
CPD-60  3032,5335932923254545920,EmLine*
HD 114275,6063075078337378176,EmLine*
NGP 43   5,772411045977010560,EmLine*
BD+21  2461,3954750262036215808,EmLine*
UCAC4 479-024072,3132357655144011776,EmLine*
TYC 3516-537-1,1366586820390011136,EmLine*
TYC 1961-562-1,641892590488621952,EmLine*
[MA93]  365,4688960073598931456,EmLine*
BD+30  2073,734697350467180928,EmLine*
TYC  164-1332-1,3111570082149732480,EmLine*
TYC 2982-28-1,719770311890637952,EmLine*
BD-04  2318,3066078265288036352,EmLine*
BD+22  2559,3943507686922873728,EmLine*
TYC  780-1078-1,3146896016359219200,EmLine*
WRAY 15-1319,5875667788178671360,EmLine*
HD 281906,165330200511275136,EmLine*
BD+27  2859,4594643661214753280,EmLine*
TYC 2514-346-1,749430458386966272,EmLine*
TYC 4875-1043-1,5761235256448726144,EmLine*
TYC 4922-631-1,3791574936813749760,EmLine*
CPD-54  2768,5307768829791233536,EmLine*
[H2013] LMCe 1588,4659449151472496256,EmLine*
PM J04385-0431,3201187387980074752,EmLine*
TYC 3430-801-1,1016483798207655424,EmLine*
TYC 2581-1569-1,1324560977715802112,EmLine*
2MASS J05343215+2522310,3441033106414239104,EmLine*
UCAC4 763-070568,2207181120734411264,EmLine*
TYC 2270-317-1,365055834860656000,EmLine*
BD+33  2499,1289565687269465600,EmLine*
[MO2001]  42,2013602684102808192,EmLine*
TYC 3826-821-1,854150973770337152,EmLine*
TYC 1980-390-1,732432047276724480,EmLine*
[MA93]  472,4685938551277404672,EmLine*
UCAC4 549-052179,1249055757593265152,EmLine*
BD+44  2301,1502286071589243264,EmLine*
UCAC4 096-008596,4657848228202273664,EmLine*
HD  22903,3274743551942762624,EmLine*
EM* GGA   91,409526029330524416,EmLine*
LAMOST J105811.91+105956.6,3871413637202241792,EmLine*
HD 333274,2030147276113283584,EmLine*
WRAY 15-1099,6062422518192265856,EmLine*
TYC 3837-232-1,1574384656794965120,EmLine*
TYC  775-20-1,3167341396422091136,EmLine*
EM* VRMF   24,5935358315893956480,EmLine*
TYC 2809-1457-1,387927802727094144,EmLine*
HD   3591,2806811228730241792,EmLine*
BD+33  1888,793888081481883520,EmLine*
Gaia DR3 2001823031925139840,2001823031925139840,EmLine*
LS III +63   15,2208086156243513216,EmLine*
UCAC4 568-026721,3377528952629492992,EmLine*
TYC 2580-32-1,1325282532221673472,EmLine*
BD+10  1823,601516457636939520,EmLine*
Cl* Melotte  111     AV     758,4009831259102376320,EmLine*
BD+36   111,367460741668682240,EmLine*
TYC  206-1361-1,3096155096627585152,EmLine*
TYC 3433-197-1,821425655139969024,EmLine*
TYC  849-155-1,3872362240858879872,EmLine*
BD-20  1918,5619910010422265216,EmLine*
[MA93]  610,4685864987063067136,EmLine*
TYC 3184-2155-1,1953694212510777088,EmLine*
BD+56   733,460728739644797056,EmLine*
UCAC4 624-020905,182236252643946368,EmLine*
HD 315277,4064987950753694464,EmLine*
UCAC4 630-023683,183952212337454976,EmLine*
KHA 128,3326516118522988672,EmLine*
TYC 3040-88-1,1499673254004878336,EmLine*
HD  68523,648809618141712896,EmLine*
UCAC4 690-033829,255327696849133184,EmLine*
HD 319437,5978168758882916992,EmLine*
LHA 115-S  40,4690527667928185088,EmLine*
HD 107877,4008744254419270400,EmLine*
TYC 4739-913-1,3226090055038696064,EmLine*
HD 287218,3294806752933180672,EmLine*
StKM 1-132,2481571802287972608,EmLine*
HD 165970,4095054714622857984,EmLine*
TYC 2493-555-1,701495844521166720,EmLine*
TYC 4862-1374-1,3076674808600083840,EmLine*
TYC 3765-659-1,994496932906021248,EmLine*
THA 35-II-144,5241841867753245568,EmLine*
HD 338926,2020923679216984064,EmLine*
TYC 2516-633-1,802207978592940544,EmLine*
Gaia DR3 2007493316467651072,2007493316467651072,EmLine*
HD 345329,1827171176152540544,EmLine*
BD+24  2524,3957074835776968064,EmLine*
CXOU J181858.5-134246,4146601361620862592,EmLine*
TYC  899-572-1,3741107902854517504,EmLine*
TYC 4921-1175-1,3791447771421159808,EmLine*
UCAC4 576-028998,3383749134722996992,EmLine*
UCAC4 623-021577,182181899835349760,EmLine*
HD  92197,3886441349813557888,EmLine*
TYC  302-95-1,3691706845418871424,EmLine*
TYC  788-90-1,3151327666694233472,EmLine*
CD-28 13284,4060381581163589248,EmLine*
2MASS J05152426-0957378,2990368200998733312,EmLine*
HD 174612,4075102736121320960,EmLine*
TYC 2516-559-1,754129839803658112,EmLine*
BD+48  2178,1506449234928786688,EmLine*
EM* VRMF   79,5940414214001089152,EmLine*
StKM 1-95,312985781667798016,EmLine*
TYC   54-356-1,7884018062842752,EmLine*
UCAC4 425-054743,3788074126150821504,EmLine*
TYC 3882-1155-1,1430452812282718080,EmLine*
2MASS J00413057-7210565,4689159153910984960,EmLine*
HD 238201,1564128859007983872,EmLine*
TYC 2311-1321-1,305304937033710592,EmLine*
[NSW2012] 610,2178326465296139392,EmLine*
TYC 3073-961-1,1340753348019064064,EmLine*
BD+22   336,101694414569061376,EmLine*
HD  61795,5716399401354668928,EmLine*
TYC  768-316-1,3155598341654984192,EmLine*
LS   I +55   43,447471137674079744,EmLine*
CD-26 12671,4063973032805550592,EmLine*
TYC 1793-1120-1,129229522922450304,EmLine*
TYC 1451-1087-1,3744271678843926528,EmLine*
TYC 1474-534-1,1247106190334019456,EmLine*
TYC 2266-319-1,2862804373771042176,EmLine*
THA 10-12,5978709100119246592,EmLine*
BD-05  4669A,4257240238865870336,EmLine*
TYC   71-1181-1,3276831284008066304,EmLine*
UCAC2  30628792,5186275230141658752,EmLine*
[MA93]  867,4689006738467416448,EmLine*
TYC   68-1208-1,3271535658050949120,EmLine*
TYC 1945-441-1,703548632730538240,EmLine*
HD 279357,225201151267950592,EmLine*
TYC 2062-990-1,1306147903162617728,EmLine*
ATO J097.7578+10.4443,3327886174435574912,EmLine*
TYC 3481-1312-1,1587072535646706688,EmLine*
HD 155437,5926641039791098112,EmLine*
TYC 3278-904-1,398576817657319040,EmLine*
BD+03   524,3271546309569812096,EmLine*
TYC 2669-4452-1,2030348104454165504,EmLine*
BD-07   253,2478810280051215488,EmLine*
TYC  853-903-1,3968087166282033152,EmLine*
CD-28  6524,5642549882546319232,EmLine*
TYC 3382-1252-1,970393507722656128,EmLine*
TYC 3370-1536-1,262138518549076480,EmLine*
TYC 3498-937-1,1423997029760856192,EmLine*
EM* CGHA    8,2166850587567133440,EmLine*
TYC  224-822-1,582881526548134528,EmLine*
[OSP2002] BRC 44 12,2205591806743260160,EmLine*
TYC 3052-738-1,1389486177263393024,EmLine*
TYC 3041-139-1,1492299001316309888,EmLine*
TYC  813-2778-1,598942539571094528,EmLine*
UCAC4 460-005723,3259546274023235072,EmLine*
2MASS J05435536-0720598,3015939577286565376,EmLine*
IRAS 18563+4157,2104136883844217728,EmLine*
2MASS J05155639+3024200,180159962373485056,EmLine*
HD 149945,6048161470075918720,EmLine*
BD+30  2547,1282716245222488960,EmLine*
TYC  755-2255-1,3351139681427852672,EmLine*
Cl* NGC  104     HP      16,4688524121529273856,EmLine*
2MASS J05345677+2747363,3442152233158170496,EmLine*
TYC 2276-158-1,360515676471503488,EmLine*
HD  17151,19045362459432960,EmLine*
BD+44   594,433965355311312384,EmLine*
BD+41  2368,1525657080294437760,EmLine*
2MASS J05315101-0249408,3216808188333110912,EmLine*
TYC 3551-149-1,2129724237409548288,EmLine*
EM* GGR  171,429857816093858304,EmLine*
UCAC4 634-025043,184209399276510336,EmLine*
BD+23   533,65017837699513216,EmLine*
UCAC4 494-035507,3157269290092503680,EmLine*
LAMOST J053548.51+292720.4,3442962577521676544,EmLine*
[NC98] Cha HA  5,5201127918543201664,EmLine*
HD 101468,785994309547399296,EmLine*
[MA93] 1703,4687439693840328064,EmLine*
WRAY 15-657,5241978280261864448,EmLine*
EM* VES   79,2028812945697343232,EmLine*
TYC 2963-1845-1,923451920358391296,EmLine*
WRAY 15-280,5328695250478388480,EmLine*
UCAC4 571-019904,3428514788576598144,EmLine*
WRAY 15-925,6054269222808851840,EmLine*
TYC 1863-1423-1,3424848260894256256,EmLine*
VPHAS J180347.9-240856.7,4066122023907767936,EmLine*
TYC 3489-361-1,1595267474983211392,EmLine*
TYC 1790-1292-1,116627332960792320,EmLine*
HD 282130,171534160510708096,EmLine*
TYC 2087-403-1,4598870561868407296,EmLine*
TYC   33-481-1,2512947294299495936,EmLine*
TYC 1431-764-1,3986450586718879872,EmLine*
TYC 2604-1387-1,1335317186436543488,EmLine*
TYC 1978-2077-1,3989784963104330624,EmLine*
2MASS J13355716+4512319,1551493992936933632,EmLine*
HD  95606,733594986981148544,EmLine*
UCAC4 607-004404,303755347192760704,EmLine*
WRAY 15-1100,5845568073219889536,EmLine*
HD  87286,739996652915965312,EmLine*
TYC  750-578-1,3350760586137844224,EmLine*
BD+49  2129,1545767839461640576,EmLine*
UCAC4 669-029934,204558404572026496,EmLine*
[NSW2012] 89,2178459227019231872,EmLine*
UCAC4 631-014378,220008054768996736,EmLine*
[NSW2012] 141,2178363535145602816,EmLine*
TYC 4734-371-1,3206235284519200128,EmLine*
TYC 1897-1092-1,3382970779272850304,EmLine*
HD  85930,641844654361185280,EmLine*
HD 105805,4006703041146508416,EmLine*
TYC 3426-828-1,824246147279374848,EmLine*
BD+41  1927,815673598715425792,EmLine*
HD  36352,3216824406129636608,EmLine*
TYC 1937-879-1,875946558407389952,EmLine*
TYC 7366-1203-1,5978993190781337344,EmLine*
BD+37  2096,751499846644819456,EmLine*
TYC 2869-62-1,237633672837662976,EmLine*
[NSW2012] 474,2178192531041136256,EmLine*
BD+18  3177,4467408789825884416,EmLine*
TYC 2010-521-1,1259277371737412736,EmLine*
BD+30  2226,4013897940296580608,EmLine*
Gaia DR2 2058834496536544000,2058834496536544000,EmLine*
[BE74] 614,4651017065516792320,EmLine*
PM J03330+0859,11764018503150720,EmLine*
[MA93]  878,4685895842052953984,EmLine*
BD+05  2136,579631129658283776,EmLine*
TYC 2764-541-1,1913836709840461056,EmLine*
TYC 3064-1525-1,1380228873472610304,EmLine*
Gaia DR3 2179212259349982336,2179212259349982336,EmLine*
TYC 3495-947-1,1410982862240353664,EmLine*
TYC  211-1002-1,3075316018386759040,EmLine*
BD+38   132,367885874711739520,EmLine*
UCAC4 596-027676,3431458967181843584,EmLine*
BD+45   424,351003938820805760,EmLine*
TYC 2986-245-1,720204893861700608,EmLine*
UCAC4 530-022889,3345980837291937792,EmLine*
BD+25  2594,3957153141619723520,EmLine*
BD-02   823,3252553139552803712,EmLine*
BD-10  4662B,4154524476763718784,EmLine*
BD+32  1689,901872321035814016,EmLine*
TYC 3042-141-1,1493300003574194304,EmLine*
BD-08   415,2486526687014625152,EmLine*
HD  84363,799866023123145344,EmLine*
TYC  876-563-1,3907085642698284288,EmLine*
[PGH2017] 22965,375301389151538432,EmLine*
Haro 4-466,3023433535005868416,EmLine*
TYC 1331-196-1,3354910108659600128,EmLine*
BD+29  2016,742007724107680768,EmLine*
TYC 2083-661-1,4595218190399968640,EmLine*
UCAC4 618-022272,181182753004105216,EmLine*
TYC  299-307-1,3691395958505760384,EmLine*
TYC  239-1674-1,3849767135174032512,EmLine*
TYC 1449-338-1,3934684724586624000,EmLine*
BD+08  2194,587147872182299648,EmLine*
2MASS J05485820-0506531,3022456657580740352,EmLine*
TYC  653-176-1,13370718524571264,EmLine*
BD+10  1874,598044994486198656,EmLine*
[BE74] 169,4655173459995813248,EmLine*
WRAY 15-1744,5962760890117557888,EmLine*
TYC  243-1287-1,3853434594863285888,EmLine*
TYC   73-725-1,3256870234520251264,EmLine*
EM* GGR   28,2170995196646437888,EmLine*
HD 233471,935972879600719488,EmLine*
BD+38  1598,944047830435336704,EmLine*
TYC 2524-1869-1,4020831318886691200,EmLine*
UCAC4 689-025298,248378203545609344,EmLine*
BD+40  2376,776634059685113216,EmLine*
Gaia DR2 4259795847499321856,4259795847499321856,EmLine*
LIN 104,4685765378150110976,EmLine*
TYC   49-1349-1,2503940511657224192,EmLine*
TYC   77-787-1,3284320847977857280,EmLine*
BD+09  1641,3155374110003053952,EmLine*
UCAC4 623-022514,182041570365678976,EmLine*
TYC 2484-862-1,709444793897326592,EmLine*
EM* LkHA  211,3327701971876964864,EmLine*
[MA93] 1325,4690526985053895936,EmLine*
HD 282036,165282131237476480,EmLine*
TYC   60-434-1,3268692836375672192,EmLine*
TYC 3005-1105-1,756600137488853760,EmLine*
TYC 3877-887-1,1429059353093626368,EmLine*
[MA93] 1741,4687440789036219136,EmLine*
HD  44493,971145711114215296,EmLine*
EM* VES   21,2032308709827536640,EmLine*
TYC 3059-212-1,1391243334283209088,EmLine*
UCAC4 446-003516,2498383820408643200,EmLine*
TYC 3878-1869-1,1428426240553794816,EmLine*
UCAC2   1679283,5279468362547583104,EmLine*
KHA  58,3326501202100496256,EmLine*
TYC 1733-1106-1,2856566393334808704,EmLine*
2MASS J05354100-0537083,3017248953898084992,EmLine*
TYC 3059-2102-1,1397554256148623104,EmLine*
Gaia DR3 2074210101503159040,2074210101503159040,EmLine*
TYC 2782-1206-1,379558255792663808,EmLine*
2MASS J05364765-0359114,3215693695858859008,EmLine*
HD  70601,5540535475739215616,EmLine*
UCAC4 564-026656,3377198072646330624,EmLine*
TYC 2830-1574-1,331918719064506880,EmLine*
2MASS J06455486+0008134,3113497010638524160,EmLine*
TYC  789-1382-1,650011281271549312,EmLine*
TYC 4691-781-1,2493529854529030400,EmLine*
UCAC4 626-024161,183664758765936640,EmLine*
TYC  796-954-1,599470094698945536,EmLine*
HD 287133,3295717350422331008,EmLine*
TYC 4862-135-1,3073049001504864512,EmLine*
HD 305836,5241828815398919552,EmLine*
BD+28  2121,4009204777993413888,EmLine*
BD+25  2990,1219991683838441728,EmLine*
BD+42  1741,924591289281956736,EmLine*
TYC 3838-386-1,858623271674870656,EmLine*
TYC 2523-1081-1,4023508805794460160,EmLine*
TYC 4279-305-1,2015663851783326336,EmLine*
[MA93] 1653,4687534148762444032,EmLine*
BD+48  4230,393865753935800704,EmLine*
TYC  164-662-1,3111878082844672256,EmLine*
LS  IV -11   18,4154077735780660352,EmLine*
BD+48  2745,2119898108147769984,EmLine*
[NSW2012] 119,2178416934494524416,EmLine*
TYC 5362-1777-1,3005957626612983936,EmLine*
HD 171754,4092424541061543296,EmLine*
HD 214197,2002215179615031424,EmLine*
TYC 2483-806-1,707894967835694336,EmLine*
UCAC4 569-027174,3377629596600411648,EmLine*
Kiso A-0904  82,3222375737257279744,EmLine*
HD 100761,3979021328384264704,EmLine*
TYC 4835-385-1,3081964013586468992,EmLine*
TYC  202-1222-1,3095744948728597120,EmLine*
UCAC4 575-022308,3429499809256921984,EmLine*
HD 247037,3448321077502027776,EmLine*
WRAY 15-353,5222704872168909568,EmLine*
TYC 3121-518-1,2099294978235126272,EmLine*
EM* RJHA  107,4272705003036085248,EmLine*
TYC 3132-68-1,2105994508739249920,EmLine*
[M60b]+29  21,4012930335704739072,EmLine*
THA 35-II-138,5338757534249464448,EmLine*
TYC 1804-2274-1,70069814453956096,EmLine*
[MA93] 1382,4690513893991699072,EmLine*
TYC 1905-117-1,888428794225662720,EmLine*
[H97b] 10044,3209425792384732416,EmLine*
IRAS 05457-0415,3023684395456398336,EmLine*
Hen 3-1792,2028817416813117056,EmLine*
TYC 4857-797-1,3065215187315449088,EmLine*
UCAC4 619-020144,181934544078479232,EmLine*
BD+22   127,2802326217721336832,EmLine*
TYC 3021-478-1,1521269135546625152,EmLine*
TYC 4924-33-1,3789722087922000000,EmLine*
[MA93] 1681,4687528376326628352,EmLine*
Gaia DR3 3428919026602006272,3428919026602006272,EmLine*
[MDN2017] VPHAS OB1 01708,5351686313492519296,EmLine*
EM* GGA  120,506317858992079232,EmLine*
ESO-HA  102,5528413634911129216,EmLine*
HD 279224,219506505668103168,EmLine*
TYC 3835-754-1,844846494058214656,EmLine*
TYC 3380-852-1,966001164927117824,EmLine*
HD 234384,1418925875974371328,EmLine*
TYC 2578-618-1,1373277073767535104,EmLine*
TYC 2591-1040-1,1334207130665550720,EmLine*
CPD-19  1930,2930864624575073664,EmLine*
BD+44  1904,820183039498499968,EmLine*
HD 101769,4024856871474168576,EmLine*
TYC  668-307-1,3287486926068755456,EmLine*
[OSP2002] BRC 44  1,2205591325703256832,EmLine*
2MASS J22180144+6137582,2204676635107416832,EmLine*
TYC 3811-1525-1,1036855171689392512,EmLine*
BD+14  2615,3743195634918287872,EmLine*
TYC 1960-537-1,641298167015168512,EmLine*
2MASS J05241020+0011035,3221454926333928704,EmLine*
EM* AS   22,510626260945218688,EmLine*
TYC 2010-873-1,1259077638577401600,EmLine*
UCAC4 111-007234,4658773669040612608,EmLine*
LIN 171,4688961727201361024,EmLine*
TYC 3062-1997-1,1330728821334224768,EmLine*
UCAC4 608-050225,1468506978440644608,EmLine*
TYC  216-1342-1,3075955904089799552,EmLine*
EM* GGR   37,1977778911640805504,EmLine*
[MA93]  254,4688970935613190400,EmLine*
LAMOST J053420.07+373743.6,189560172614093184,EmLine*
UCAC4 704-031776,260144283634069504,EmLine*
EM* AS  460,2165721595277869184,EmLine*
CD-22  5939,5699778157100273024,EmLine*
CD-65  1276,5860888427744346240,EmLine*
2MASS J06122773+1801495,3373412247953358720,EmLine*
2MASS J07055275-1118310,3046223529134344192,EmLine*
BD+01  2469,3807465521239203072,EmLine*
HD  58163,3135765724574151936,EmLine*
UCAC4 571-033728,3379934516570023936,EmLine*
TYC 3564-2780-1,2135088406743492224,EmLine*
WRAY 15-1115,5870275851856333568,EmLine*
BD+46  2206,1406231945512893824,EmLine*
HD 288308,3315844013848091776,EmLine*
2MASS J10222333-5807098,5255646133164555776,EmLine*
TYC 3815-403-1,852129556001315584,EmLine*
TYC 5992-1159-1,5715430250576995968,EmLine*
UCAC4 665-035591,207456785941426048,EmLine*
LIN  47,4685841072661693184,EmLine*
ESO-HA   76,5528290554028289024,EmLine*
TYC 3880-642-1,1429842097997222912,EmLine*
TYC 3943-398-1,2235175339612252160,EmLine*
TYC 4853-1729-1,3066796108942365824,EmLine*
TYC 4019-1820-1,430894586836432768,EmLine*
EM* VES  416,1978701195739187712,EmLine*
TYC 3009-2467-1,775784205916393472,EmLine*
TYC  888-567-1,3929732043177762048,EmLine*
OSHA 39,2290835740647501952,EmLine*
TYC 1538-869-1,4549913260454191232,EmLine*
BD+25  2383,3993364659431465344,EmLine*
BD+38  2674,1375734722773228160,EmLine*
TYC 3990-1392-1,2007791730793467904,EmLine*
[MA93]  792,4689063913057410560,EmLine*
CPD-69   502,4657625263503324544,EmLine*
EM* GGR  132,2010207392196815104,EmLine*
TYC 1341-1455-1,3379127165798658432,EmLine*
TYC 3503-1821-1,1408308441941057920,EmLine*
[BRR2002] 21,4066316229496138880,EmLine*
TYC 2344-537-1,123810476782769664,EmLine*
BD+55  1819,1429237435321852288,EmLine*
ATO J066.4237+53.7478,275426155228213504,EmLine*
UCAC4 503-031738,3350840201948030720,EmLine*
TYC 2065-494-1,4572155208154495488,EmLine*
WRAY 15-1392,5996045099957146496,EmLine*
TYC  247-453-1,3848985863442896256,EmLine*
BD+38     9,382837617942367360,EmLine*
AL 108,4658829817180272640,EmLine*
PM J21560+2738,1896036269421606144,EmLine*
HD   5730,2784666647934570496,EmLine*
UCAC4 577-009541,67074268041022464,EmLine*
LGGS J000155.24-152718.7,2415883752124336256,EmLine*
TYC 2977-1775-1,909346869800652160,EmLine*
BD+00   371,2513471864425693696,EmLine*
EM* AS  448,2163349364584726528,EmLine*
BD+31  2001,697609655033456896,EmLine*
UCAC2  31983280,3221841237168036992,EmLine*
TYC 4850-2154-1,3068915834220249088,EmLine*
2MASS J08394188+3355377,711170962730987776,EmLine*
[MA93] 1365,4690527431730365056,EmLine*
UCAC2  28140266,3010561964696580224,EmLine*
TYC 3914-339-1,1421919090222790016,EmLine*
TYC  751-162-1,3158546505991769856,EmLine*
LGGS J004506.97+412451.5,369274592257414656,EmLine*
TYC 2542-283-1,1475353843504729088,EmLine*
TYC  890-183-1,3743676843053544704,EmLine*
UCAC4 591-024605,3431466118305060096,EmLine*
Cl* NGC 6530    WFI   21779,4066069045509053312,EmLine*
2MASS J05523826-0547519,3022123814795556736,EmLine*
TYC  230-1691-1,578923697005405056,EmLine*
HD 351149,1823427506525964160,EmLine*
CD-54  6519,5836571211909108224,EmLine*
TYC 3887-1213-1,1419116572522889984,EmLine*
UCAC4 098-005884,4655062100068607360,EmLine*
LAMOST J090248.42+230825.8,686405287947688448,EmLine*
BD+36  2240,4029789662888824704,EmLine*
TYC 1985-622-1,4000967717912914304,EmLine*
TYC 2741-1199-1,1905370367229371648,EmLine*
TYC 3398-2158-1,991008010712566912,EmLine*
TYC 3554-478-1,2133132895253494400,EmLine*
HD  46390,3103426824157375872,EmLine*
HD 264486,3378717116678476288,EmLine*
LS  913,5594517472269659264,EmLine*
EM* AS   39,519094562061640320,EmLine*
BD+29  2432,1455819885565154432,EmLine*
LS   I +63  145,512673826474494848,EmLine*
TYC 7883-1743-1,5972473980171434880,EmLine*
CD-48 10766,5941503005356012800,EmLine*
TYC 2997-820-1,818265147622803328,EmLine*
HD  80887,817958723179078400,EmLine*
UCAC4 628-015571,219167168893087360,EmLine*
LIN 493,4687174127415655680,EmLine*
BD+22  2782,1261707601671900288,EmLine*
TYC 2071-615-1,1309484405557047424,EmLine*
TYC 2847-649-1,142297630932665984,EmLine*
HD 266803,939226059630131712,EmLine*
HD 239165,2138933231405795456,EmLine*
UCAC4 520-023587,3332616204736681216,EmLine*
TYC 5428-158-1,5754556062612498944,EmLine*
TYC   61-631-1,3891107226870528,EmLine*
BD+39  2479,4034556767349900032,EmLine*
TYC  791-1146-1,3164355573812757504,EmLine*
PM J03468+0210,3270483528502735872,EmLine*
HD  29609,3283054554179498112,EmLine*
TYC 3474-835-1,1587263751886931328,EmLine*
TYC 4906-892-1,3822113597397005952,EmLine*
HD 239208,2138814823450879360,EmLine*
UCAC4 647-071362,2052418262062062592,EmLine*
TYC 3897-969-1,1422594499600458880,EmLine*
TYC  901-430-1,3723469502961834112,EmLine*
2MASS J05120369+4748162,213089446570832256,EmLine*
EM* VES  835,200159666568093568,EmLine*
EM* GGA  272,444376248660012928,EmLine*
TYC 2990-1323-1,816958996527100544,EmLine*
TYC  219-94-1,582133579468246656,EmLine*
BD+03  2166,578724303147997824,EmLine*
UCAC4 724-055507,1419591183588581632,EmLine*
2MASS J03005259+6040425,466132461338667776,EmLine*
BD+30  1790,705510264553853184,EmLine*
HD  81442,3843993462177270784,EmLine*
KOI-5958,2135241586759215488,EmLine*
BD+08   494,14222840036060032,EmLine*
HD  57491,987130823475151488,EmLine*
HD  89864,749218016420206080,EmLine*
UCAC4 525-021830,3345326529091688960,EmLine*
2MASS J12252505+2350527,3953876974926061056,EmLine*
HD 286747,3307309746328153216,EmLine*
HBHA 2703-26,2030347833914439936,EmLine*
TYC 1575-1711-1,4527064545538675968,EmLine*
TYC 4846-989-1,3083980827147260160,EmLine*
TYC 3430-946-1,1013166468546592640,EmLine*
TYC 2438-385-1,889491162975902208,EmLine*
DoAr 43,6047593473536598016,EmLine*
CD-45  4494,5329849222296054656,EmLine*
2MASS J06075075+1934177,3374549555292845056,EmLine*
TYC 1436-408-1,3985633413356161024,EmLine*
TYC 2049-710-1,1300265000558181376,EmLine*
Cl* NGC 2682   SAND      39,598951438743912192,EmLine*
[D75b] Em* 02-025,507492240487770624,EmLine*
[MDN2017] VPHAS OB1 01540,5255584255586182912,EmLine*
MacC H17,432172258012607488,EmLine*
TYC 3550-241-1,2133110870660940800,EmLine*
TYC 1740-2053-1,2803660681240234752,EmLine*
TYC 3558-66-1,2079517439811556352,EmLine*
2MASS J05201135-0215114,3214309135841426048,EmLine*
HD  95919,3969784984034181376,EmLine*
2MASS J05325729-0718143,3016503107057463168,EmLine*
BD+35  5120,2878778662815901696,EmLine*
HD 194779,2067699824415577472,EmLine*
TYC 3467-780-1,1510084117291448448,EmLine*
TYC  873-492-1,3901936011270179968,EmLine*
HD 114311,1462956506302470272,EmLine*
HD 244510,3449107610572940288,EmLine*
UCAC2  31629518,3221385077281414912,EmLine*
Hn  7,5201258863507239424,EmLine*
HD 306847,5335849841406790528,EmLine*
TYC 4708-198-1,3265235937458317824,EmLine*
OGLE SMC-SC5  95246,4685926834602844160,EmLine*
EM* VES   81,2027151377471421056,EmLine*
TYC 1998-163-1,1443850120947938304,EmLine*
TYC 2067-1127-1,1306835578966346368,EmLine*
TYC 2985-92-1,912237893890607232,EmLine*
HD 312139,6055348294704129664,EmLine*
HD  26425,3297300410944572544,EmLine*
TYC 5397-2694-1,3053634271865526528,EmLine*
Cl* NGC 2548    WTB      71,3064640623771714176,EmLine*
BD-02  3049,3828574636959239168,EmLine*
BD+34  2894,1337800197226764160,EmLine*
HD 279960,174836200087559552,EmLine*
BD+07   498,10979967928888064,EmLine*
[D75b] Em* 05-076,3441682020135906176,EmLine*
LIN 300,4689279039340414592,EmLine*
TYC 2772-126-1,2874564303466437888,EmLine*
TYC   95-1529-1,3282823038262071296,EmLine*
2MASS J05135933-0509493,3208798589720983168,EmLine*
TYC 3003-45-1,805466626118178304,EmLine*
TYC 2518-614-1,751822209710850432,EmLine*
TYC   84-644-1,3232459835136272128,EmLine*
BD+32    22,2875690959286459264,EmLine*
TYC  140-318-1,3125354899944911616,EmLine*
WRAY 15-1751,4055094540752830208,EmLine*
BD+03  1742,3137057311438249216,EmLine*
AL 288,4660118444819493376,EmLine*
EM* LkHA  230,1933241165926818944,EmLine*
TYC 2595-611-1,1334663015674408576,EmLine*
TYC  816-896-1,603177755283464320,EmLine*
TYC  724-2720-1,3343434681897968512,EmLine*
HD  38783,3219840469603145984,EmLine*
TYC 2370-1857-1,225181703656226688,EmLine*
HD 238037,844996783553457792,EmLine*
ASAS J190858+4741.1,2131060521993182976,EmLine*
EM* VES  957,2013747166799544704,EmLine*
Cl Trumpler   37   436,2178446140270408832,EmLine*
HD 294393,3023933061178787072,EmLine*
BD+36  2593,1291120362349158016,EmLine*
TYC 2831-1267-1,331821034328079488,EmLine*
HD 233482,935665153784476288,EmLine*
UCAC4 644-043367,920226021961956480,EmLine*
HD 294380,3216335978151021184,EmLine*
TYC 1897-1014-1,3384517246674114432,EmLine*
BD+28  2329,1280533680280435200,EmLine*
TYC  141-390-1,3131346963438568960,EmLine*
BD+24   360,102339557311820928,EmLine*
ESO-HA  623,3210565981646746880,EmLine*
TYC 1971-896-1,727139582415993984,EmLine*
BD+28   424,131262309464584576,EmLine*
TYC  226-2425-1,3843336370836384640,EmLine*
PM J03422+3425,218252443935929856,EmLine*
LGGS J194513.38-145548.2,4182257286753019136,EmLine*
EM* VES  744,458876921550275456,EmLine*
TYC 3460-763-1,1550974542412647552,EmLine*
UCAC4 500-032149,3158563514061934336,EmLine*
BD+37  2332,1517065363291916544,EmLine*
HD  19206,142891779528439424,EmLine*
HD 257001,3125188152134562688,EmLine*
UCAC2   1677735,4657599944711775872,EmLine*
TYC 3449-511-1,835943301731181312,EmLine*
HD 283158,66243449567774080,EmLine*
HD 278831,217674272617482880,EmLine*
ESO-HA 1947,3046028571977482880,EmLine*
HD 167632,4097705220530786688,EmLine*
BD+15  2649,1231118569711430016,EmLine*
HD 312170,5862822296878910592,EmLine*
EM* AS  198,5693523963165388672,EmLine*
K2-181,600874445926411264,EmLine*
TYC 1983-1384-1,3998529134266830336,EmLine*
2MASS J21364647+5627166,2178141335029425536,EmLine*
BD-05   993,3200343104784949376,EmLine*
BD+29  2577,1281671262498606976,EmLine*
TYC  173-282-1,3140051590837890176,EmLine*
HD  37535,263937323868620416,EmLine*
ESO-HA  343,3327009932385200384,EmLine*
TYC 4913-336-1,3806276816025984896,EmLine*
[M60b]+32  61,4015377333191840256,EmLine*
2MASS J07050633-1215363,3045716757353895680,EmLine*
UCAC4 578-019371,3429051693847967104,EmLine*
HD 246537,3441337946012894720,EmLine*
WRAY 15-1835,6720912193700683264,EmLine*
UCAC4 512-043835,650072785203431936,EmLine*
BD+28  2396,1268770830008916736,EmLine*
BD+43  2369,1499426138766264960,EmLine*
WRAY 15-1015,5862628198728937728,EmLine*
BD+29  1867,699197727779915008,EmLine*
TYC 3839-667-1,846289426974770432,EmLine*
BD+39  2212,815233072509916032,EmLine*
TYC 3817-1055-1,1044948642421296384,EmLine*
HD 291605,3118511848811838080,EmLine*
UCAC4 620-022283,181251846142466688,EmLine*
TYC  875-371-1,3903321224122172928,EmLine*
TYC 2271-216-1,2876948452695695872,EmLine*
AL 343,4660242414755629184,EmLine*
StKM 1-1074,3745023572998682880,EmLine*
TYC 3185-424-1,1950037786590667264,EmLine*
TYC   91-96-1,3282655431459275136,EmLine*
TYC 2776-1601-1,2878647924011312640,EmLine*
TYC   38-183-1,2513299348474336000,EmLine*
LAMOST J044859.70+114817.2,3295675607637550464,EmLine*
HD 181308,4262725599302444928,EmLine*
TYC 2516-934-1,752653955896857472,EmLine*
LIN 382,4687478829590158592,EmLine*
HBC 558,5541638904375154944,EmLine*
[SK76] J 46,2539059870826199808,EmLine*
TYC  741-1367-1,3355345068588111744,EmLine*
TYC 3560-1165-1,2128826348726958976,EmLine*
TYC 2457-920-1,892632506352597120,EmLine*
BD-03   445,5185781450637103744,EmLine*
BD+29  2337,1464018462736931200,EmLine*
2MASS J07074422-1027085,3046559631794884736,EmLine*
TYC 2438-451-1,889477526456268416,EmLine*
TYC 3826-374-1,854031779837442944,EmLine*
[MDN2017] VPHAS OB1 01361,5255538003061143040,EmLine*
TYC 2211-118-1,1896068601935883520,EmLine*
BD+14  2441,3922905965754421120,EmLine*
TYC 1979-2534-1,730937158139227392,EmLine*
[MA93]  773,4689277561871801856,EmLine*
TYC 2977-63-1,927771283068128896,EmLine*
UCAC4 580-019609,3429864988854628096,EmLine*
LHA 115-S  16,4689062431249077248,EmLine*
EM* VES  631,508154730606352896,EmLine*
BD+02   716,3280005814594185088,EmLine*
2MASS J05300735+0112582,3221960053143573632,EmLine*
TYC  743-1285-1,3332479560357069440,EmLine*
HD 286792,3307674509310702976,EmLine*
HD 282109,172412361064165376,EmLine*
TYC 3184-658-1,1953708506162117504,EmLine*
BD+57   612,464001951404717952,EmLine*
UCAC4 480-028520,3129767549347427328,EmLine*
BD-05  2586,5755384853860741504,EmLine*
TYC 3866-711-1,1611072129998732288,EmLine*
[H2013] LMCe  570,4658336617525906944,EmLine*
UCAC4 567-027876,3382568121796537856,EmLine*
TYC 3645-2062-1,1942792069382680576,EmLine*
TYC 2843-1747-1,339633884780546432,EmLine*
TYC 3303-1290-1,450406490121757312,EmLine*
TYC 2606-423-1,4599211547911660032,EmLine*
EM* GGA  128,508722181684463616,EmLine*
Cl* Melotte  111     AV     932,4002051836378637440,EmLine*
TYC 3393-1023-1,974173594338540160,EmLine*
UCAC4 586-018955,3441307709442891776,EmLine*
UCAC4 669-059096,1394210228972036096,EmLine*
TYC 3695-992-1,458022493632894464,EmLine*
BD+37  2269,1531363171980874368,EmLine*
TYC 1766-1454-1,101651430536368768,EmLine*
LAMOST J032451.43+535425.4,446579639903027840,EmLine*
TYC 3494-1513-1,1399661534606960640,EmLine*
TYC  846-519-1,3869168086565820544,EmLine*
EM* AS  339,4268978556339377920,EmLine*
BD+05   624,3284919394618324864,EmLine*
HD  14516,2487084684870159488,EmLine*
UCAC4 603-048288,741853556256642560,EmLine*
THA 17-45,5865041592422674304,EmLine*
HD 338423,2022899566011173120,EmLine*
[BE74] 283,4658494672303085312,EmLine*
TYC 3189-1469-1,1959299797664780928,EmLine*
UCAC4 467-040953,578127581867087232,EmLine*
TYC  884-882-1,3730032659666804736,EmLine*
[BVD2011] 157,2202268949464967552,EmLine*
BD+39  2726,1485191311477921536,EmLine*
TYC 2565-729-1,1291424785334756480,EmLine*
TYC 3430-1488-1,1013256628500297216,EmLine*
UCAC4 623-021726,182277179389900160,EmLine*
GSC 02368-00001,220481772481277440,EmLine*
VPHAS J180517.9-243028.6,4066051281497442176,EmLine*
TYC 3298-190-1,354002066511288320,EmLine*
UCAC4 660-047891,952512523780954880,EmLine*
BD+38  2917,1340497608486742400,EmLine*
TYC 3462-1148-1,1559710437172886144,EmLine*
TYC 2284-601-1,362141025239941120,EmLine*
TYC  178-2195-1,3086336187212692352,EmLine*
LAMOST J092357.11+214050.9,637751829698267648,EmLine*
CoRoT 102710622,3105731847205692288,EmLine*
BD-03   469,5186395905838409088,EmLine*
TYC 3787-420-1,984802294069769088,EmLine*
HD 237868,1046573548808443520,EmLine*
[BE74] 123,4660140297614352128,EmLine*
UCAC4 602-028704,3437769962063028352,EmLine*
UCAC2  32305040,2559281882525391744,EmLine*
HD 237842,1021917447232306816,EmLine*
BD+31  2594,1477473323964739072,EmLine*
BD+48  1664,918725291667996288,EmLine*
TYC 4927-800-1,3787964896542591872,EmLine*
TYC  151-69-1,3127579796085684352,EmLine*
IRAS 05290-0053,3220658334454996224,EmLine*
TYC 2979-2024-1,923001154949696768,EmLine*
TYC 3856-416-1,1566849016414193920,EmLine*
TYC  680-118-1,3310941536314116224,EmLine*
ESO-HA  755,3209439227043292800,EmLine*
TYC 3054-1620-1,1379644929719366016,EmLine*
UCAC4 610-018738,180619077199832960,EmLine*
BD+15  2366,3924202564841284864,EmLine*
TYC   60-813-1,2965421515433600,EmLine*
TYC 2056-1455-1,1310923112224653952,EmLine*
BD-00  2029,3073273954712099328,EmLine*
TYC  170-80-1,3152593406439389440,EmLine*
IfAHA 215,173366973380030208,EmLine*
ESO-HA   34,5528491013043448064,EmLine*
UCAC4 104-012429,4658075586616715008,EmLine*
TYC 1202-51-1,2790273921013368832,EmLine*
[MA93] 1615,4687532362056150528,EmLine*
TYC  233-103-1,589979488285709440,EmLine*
StKM 1-1310,1623071474053434240,EmLine*
BD+40  2158,815456994924890240,EmLine*
CPD-61  4337,5866202917169578752,EmLine*
IRAS 21156+4308,1969198563419552128,EmLine*
TYC 1560-2142-1,4552580297706530048,EmLine*
LIN 482,4687512463486731008,EmLine*
TYC 2946-1364-1,944610647244834560,EmLine*
TYC 3762-1250-1,269837028384407552,EmLine*
TYC  751-1040-1,3158428003550895360,EmLine*
UCAC4 590-042333,878291851069448064,EmLine*
2MASS J05322756-0634188,3016766032073283328,EmLine*
Cl* NGC  225    LMM      27,427640620838387072,EmLine*
TYC 2522-1301-1,763785617774877952,EmLine*
UCAC4 507-047096,601848888105730176,EmLine*
OGLE SMC720.28.000244,4685929926980635136,EmLine*
BD+12  2247,3872277269225905664,EmLine*
EM* VES  206,2054256679868402304,EmLine*
TYC  700-1186-1,3337629707177954304,EmLine*
[M81] I-588,5954845299752554240,EmLine*
UCAC4 733-058016,1432596271545860480,EmLine*
TYC 2782-1836-1,379555678812497536,EmLine*
2MASS J05331840+0032231,3221102365353906688,EmLine*
TYC   58-1037-1,2534619115848320,EmLine*
TYC 3838-452-1,858580631239568384,EmLine*
UCAC4 643-027010,187675918923074688,EmLine*
TYC 3561-388-1,2086728488043496704,EmLine*
TYC 2524-432-1,4024638107315266816,EmLine*
TYC  233-954-1,580941743222977792,EmLine*
[BVD2011] 151,2202550424445237888,EmLine*
HD 134811,1276289389302910848,EmLine*
TYC 1555-360-1,4549631544959069824,EmLine*
TYC 3037-175-1,1498183274013681536,EmLine*
TYC 3440-869-1,848110222526623872,EmLine*
[KLB2021] 1504,423816652535597440,EmLine*
BD+35  2319,4028965304046249984,EmLine*
LIN 472,4687508378959470080,EmLine*
[MA93] 1260,4690600617967273984,EmLine*
BD+32  4757,2874256951309505408,EmLine*
UCAC4 497-012122,3338020480482824192,EmLine*
BD+44  2468,1394125635295955200,EmLine*
UCAC4 627-015145,171116517894242816,EmLine*
HD 148193,1428639816392087552,EmLine*
[MA93]   96,4685851277505677440,EmLine*
UCAC4 484-025128,3133445548879650944,EmLine*
Cl* NGC 2244    CDZ     151,3131288998559932032,EmLine*
UCAC2  31796857,2534657666786331904,EmLine*
BD-04  2483,5761013567416629632,EmLine*
BD+21  3047,4561852307465248896,EmLine*
UCAC4 619-020643,181895919434875008,EmLine*
EM* GGA   37,510921617255908224,EmLine*
BD-06  3246,3764071787316030208,EmLine*
HD 140449,5882470810214055680,EmLine*
HD 139781,1217132953609285888,EmLine*
LIN 310,4689017389988145792,EmLine*
HD 234152,1603818479991801344,EmLine*
BD+38  2612,1295249440828061696,EmLine*
TYC 1345-1756-1,3359952331545250816,EmLine*
HBHA 6207-19,2015202228698942080,EmLine*
BD+04   552,3275824058339719040,EmLine*
LIN 373,4690520216184442752,EmLine*
TYC 2744-1107-1,1903637674341353472,EmLine*
TYC  862-214-1,3966064339765194112,EmLine*
TYC 3897-679-1,1434442149705965440,EmLine*
HD  18908,432998678432300160,EmLine*
UCAC3 171-13449,3203366040207756672,EmLine*
UCAC4 098-010187,4657131518426432640,EmLine*
TYC  747-37-1,3158161230245828736,EmLine*
[MA93]  862,4688988768320935680,EmLine*
[MA93]  892,4689070097811498752,EmLine*
TYC  777-778-1,3165038439252808320,EmLine*
TYC 2820-1079-1,345733464192735232,EmLine*
TYC 2033-1088-1,1218201472750555776,EmLine*
TYC 1461-982-1,3938549198719234560,EmLine*
UCAC4 601-022080,3446048597423458432,EmLine*
UCAC4 572-013294,3419484327775629312,EmLine*
OGLE SMC-SC8 107346,4689002821455393792,EmLine*
HD 312228,6055781158690387200,EmLine*
HD 142573,1204648617548045824,EmLine*
CD-48  4158,5328033791149563648,EmLine*
HD 233731,846946629987527168,EmLine*
TYC 2999-1215-1,819723993393780608,EmLine*
TYC 3016-1406-1,772694857415660928,EmLine*
TYC 3451-2004-1,784997945854391424,EmLine*
2MASS J05401210-0739572,3016006372616088064,EmLine*
HD  69977,931742512908992128,EmLine*
BD-03   930,3225051050911377152,EmLine*
TYC 2458-1212-1,881952056558845184,EmLine*
TYC  662-147-1,38309291511540096,EmLine*
HD  84253,3828019757248941312,EmLine*
EM* CGHA   11,2166949681047430912,EmLine*
HD 319747,5975186578400655488,EmLine*
BD+36  2457,1483936523895764224,EmLine*
TYC 1416-1070-1,639880037533350784,EmLine*
HD 285757,3311223939003803776,EmLine*
EM* VRMF   11,5935194454301499776,EmLine*
TYC 3829-866-1,855446198466510464,EmLine*
HD  80985,3845992992791865472,EmLine*
BD+28   452,129557035648833024,EmLine*
UCAC4 639-026040,190302686559344768,EmLine*
TYC  254-45-1,3807478032479259776,EmLine*
KHA 134,3134339937168945664,EmLine*
BD+39  3666,2099755089489658752,EmLine*
BD-10  4662A,4154524481067422976,EmLine*
TYC  220-815-1,581917495368960384,EmLine*
UCAC4 627-024787,183253614437136384,EmLine*
2MASS J21402432+5626087,2178082786034009216,EmLine*
SDSS J115123.96+483635.5,786852821978233088,EmLine*
WRAY 15-1345,5884480614332597248,EmLine*
BD+17  2650,3745368235534317184,EmLine*
EM* MWC  440,507278763433374080,EmLine*
EM* GGR   26,2177563129350825856,EmLine*
HD  92929,3778234248700364032,EmLine*
TYC 2854-1103-1,336292267081867648,EmLine*
CPD-56  5819,6062588922394690560,EmLine*
HD 304946,5256455000096434816,EmLine*
TYC  774-1231-1,3167488937136512512,EmLine*
HD 237604,987395049863594752,EmLine*
UCAC4 590-033289,3434091580270493568,EmLine*
UCAC4 558-019823,3403174962564972672,EmLine*
EM* GGR   11,2164859062765132416,EmLine*
CPD-53  2486,5312000197206914432,EmLine*
TYC 1473-643-1,1250340644305257216,EmLine*
[MA93]  162,4688973443874227328,EmLine*
TYC 2030-1103-1,1274822988687758848,EmLine*
TYC 3406-3253-1,973814255897807488,EmLine*
TYC 3915-90-1,2152500444680684928,EmLine*
HD 278571,234243977271512576,EmLine*
TYC 3056-578-1,1378073727603168000,EmLine*
TYC  200-247-1,3090470831967021696,EmLine*
TYC 1952-1336-1,639212049860404224,EmLine*
2MASS J06081263-0625394,3019950282169824512,EmLine*
TYC 3300-1272-1,437798390287318016,EmLine*
TYC 2269-408-1,2876280847274702848,EmLine*
AL 430,4659669191219643264,EmLine*
UCAC4 673-056694,784113766706253056,EmLine*
TYC 4851-48-1,3070576955768600448,EmLine*
BD+38  2181,775903983964363904,EmLine*
TYC  196-353-1,3077580535599970432,EmLine*
BD+16  2601,1231494259090749696,EmLine*
PM J05118+3423,182224780788926592,EmLine*
TYC 4713-620-1,5182681996077868416,EmLine*
BD+36    50,378574463468454272,EmLine*
CD-28  4976,5600571829962933376,EmLine*
BD+04  2019,582179277919828608,EmLine*
LAMOST J045539.05+095025.9,3291405722950384896,EmLine*
TYC 2525-1789-1,760566488247108992,EmLine*
TYC 3024-1290-1,1525956392272717440,EmLine*
TYC   96-335-1,3289002151875966464,EmLine*
BD+00   230,2534396468350755456,EmLine*
DoAr  3,6048627254988145536,EmLine*
TYC  650-1099-1,10020437875294592,EmLine*
PHA 20,5544983618747420160,EmLine*
TYC 3462-562-1,1556437500294260992,EmLine*
UCAC4 528-023098,3345931466646143488,EmLine*
UCAC4 569-021821,3424824552673746944,EmLine*
TYC  755-363-1,3352515475414864640,EmLine*
[MA93]  940,4685896181355986560,EmLine*
EM* VES   78,2028751613564429440,EmLine*
TYC  709-1222-1,3341062451198720128,EmLine*
UCAC4 116-006958,4660404455275967232,EmLine*
TYC 2776-875-1,2878371637354661504,EmLine*
UCAC4 615-050352,1457844292633244288,EmLine*
TYC 3011-1225-1,782594172917753088,EmLine*
[OSP2002] BRC  5  2,513563223999548544,EmLine*
TYC 2494-391-1,697470115838863488,EmLine*
[RSK2018] b05,5001351122540302464,EmLine*
ESO-HA  182,5525063079382566528,EmLine*
TYC 3314-223-1,436135619466891264,EmLine*
Cl* IC 5146      W V17,1974545282300253312,EmLine*
TYC 3402-273-1,981071552333501312,EmLine*
BD+27   343,107618450075756544,EmLine*
UCAC2   1258150,4656769847767779072,EmLine*
TYC 3846-985-1,1566409039965000704,EmLine*
TYC  872-1029-1,3921744881475500544,EmLine*
UCAC4 736-058441,1433434687817615104,EmLine*
UCAC4 702-034406,256597877596242432,EmLine*
TYC  735-1882-1,3330713396787024000,EmLine*
Cl* NGC 1039      W     276,338547468510096256,EmLine*
BD+12  2479,3907599698743948032,EmLine*
HD  73095,709766474065832576,EmLine*
BD+20  3343,4564425233391628288,EmLine*
UCAC4 661-039507,192955322784751616,EmLine*
HD  19911,3262108204834532352,EmLine*
TYC 4733-49-1,3198975758997940608,EmLine*
BD+02  2118,576964745242620928,EmLine*
TYC   95-1137-1,3282701748384310016,EmLine*
TYC 4856-2057-1,3069238884477482752,EmLine*
ESO-HA   71,5528402330557695232,EmLine*
EM* MWC  421,523003875653270144,EmLine*
HD 314839,4064283438619127936,EmLine*
TYC   38-445-1,2514288049946194432,EmLine*
HD 168709,4053226161258475264,EmLine*
2MASS J05333165+0214170,3223666048513017344,EmLine*
HD  39589,3343253429979950080,EmLine*
UCAC4 459-043685,3075872719163218048,EmLine*
TYC 3310-590-1,434677941928036608,EmLine*
TYC  784-1023-1,3147124886576504320,EmLine*
2MASS J05250499-0448506,3210130098303212288,EmLine*
CD-36  4351,5541459924500354688,EmLine*
BD-04  2525,5759371201987206528,EmLine*
UCAC4 616-000992,2863419992907571584,EmLine*
TYC 1430-1160-1,3971211806529604608,EmLine*
TYC  224-854-1,583180628070573952,EmLine*
BD+45  2403,1406607802394583680,EmLine*
HD  37304,3016473733777925376,EmLine*
HD 335414,1864525846718648448,EmLine*
BD+38  2587,1486799106714524032,EmLine*
*  10 Com,4010203993544316032,EmLine*
TYC 3034-119-1,1497473680993103488,EmLine*
HD  23595,231093502800229248,EmLine*
TYC 3285-1245-1,355057460236042112,EmLine*
AL  54,4662078942760504064,EmLine*
CPD-68  1821,5844892801268049792,EmLine*
[WB2004] 44,3216446689524898816,EmLine*
TYC  205-1296-1,3092195037997530880,EmLine*
TYC 3445-446-1,832413487153432064,EmLine*
BD+07   555,3277488379643745536,EmLine*
BD+35   482,328347299139033984,EmLine*
HD 291017,3314756841662675840,EmLine*
HD  56300,3140991638919104256,EmLine*
BD+36  2017,795792401261764736,EmLine*
TYC 3012-89-1,782012703065307136,EmLine*
2MASS J23235194+6206421,2016489520597459840,EmLine*
IRAS 19593+3011,2030257845758714752,EmLine*
TYC 3407-956-1,927225444264532864,EmLine*
TYC 1203-136-1,289675413604450560,EmLine*
WRAY 15-732,5337317616350403584,EmLine*
LAMOST J044749.30+112453.4,3295565312876410240,EmLine*
[MA93]  487,4685956757582146688,EmLine*
UCAC4 418-012408,3018503702823996416,EmLine*
TYC 4726-494-1,3252678999274863488,EmLine*
EM* MWC 1013,2060601411718713088,EmLine*
BD-03  2185,3068666142001924480,EmLine*
BD+41  2396,1477028605872123264,EmLine*
TYC  898-420-1,3739102153127198464,EmLine*
BD+22  2806,1215170634587051776,EmLine*
BD+39  2522,1532122797077127808,EmLine*
CD-28  5207,5597788695466525184,EmLine*
TYC 1437-171-1,3967173472119565568,EmLine*
NGP 27  53,4006562372377485184,EmLine*
TYC 3914-351-1,1422828317619697920,EmLine*
HD 118776,3634244851626674048,EmLine*
2MASS J05244426-0742421,3015117211307631360,EmLine*
TYC 4914-975-1,3802102932448370688,EmLine*
BD+19  2624,3941285642642706176,EmLine*
TYC 2555-40-1,1288312965569972480,EmLine*
TYC 2798-908-1,364711717785275904,EmLine*
NGC  2682    49,604908352225724288,EmLine*
ATO J283.6779+01.0337,4266919342789701760,EmLine*
V* HO Aur,157247170843175040,EmLine*
BD+46   427,351240917935774592,EmLine*
BD+15  2517,3930711158282104704,EmLine*
TYC 2784-1499-1,366950843151293440,EmLine*
2MASS J05171837+0109042,3233805504226131456,EmLine*
TYC 3853-381-1,1562100706731207040,EmLine*
HD 280356,186685598245261952,EmLine*
TYC 3487-878-1,1593019489100383872,EmLine*
TYC 2277-501-1,312067689458418944,EmLine*
[MDN2017] VPHAS OB1 02989,5255305082723730048,EmLine*
TYC 1789-657-1,116447906404197376,EmLine*
2MASS J07040470-1123397,3046032179749668992,EmLine*
BD+45  2901,2126809737022295040,EmLine*
UCAC4 688-072497,2080586959687944448,EmLine*
[NSW2012] 472,2178174045502929280,EmLine*
[D75b] Em* 02-126,465743028067846912,EmLine*
TYC 2939-547-1,959035174650488064,EmLine*
HD 262915,3386600095356033024,EmLine*
StKM 1-1464,1336878669042925184,EmLine*
UCAC4 109-005171,4661330999998363136,EmLine*
UCAC4 498-032047,3326651358453041024,EmLine*
TYC 2230-119-1,1894465032945612928,EmLine*
UCAC4 473-020351,3130553008665760768,EmLine*
HD 144186,1379239072489713664,EmLine*
BD+16  2438,3931218101862180608,EmLine*
LAMOST J135733.67+312434.4,1457102981274912128,EmLine*
BD+30  2532,1284514354753970432,EmLine*
TYC 3847-1022-1,1580818723961400576,EmLine*
TYC 2984-1315-1,715980673266554240,EmLine*
TYC 3790-2071-1,1085445064422411264,EmLine*
AL 156,4660436650353278592,EmLine*
BD+31  2352,4013740572694929408,EmLine*
UCAC4 619-022064,182681387353280256,EmLine*
BD+35  2078,795284289450599936,EmLine*
UCAC4 466-019133,3130107401516837120,EmLine*
ESO-HA  461,3326683171274681472,EmLine*
ESO-HA 1884,3046020703597136512,EmLine*
UCAC4 656-021876,180100043287851776,EmLine*
HD 292826,3112919663955757184,EmLine*
HD   2155,366208088686930304,EmLine*
TYC 3087-24-1,1343597166125724928,EmLine*
TYC 3456-1144-1,1542824133295933440,EmLine*
2MASS J05260048-0237546,3211058906453248000,EmLine*
UCAC4 551-025533,3375553821726959232,EmLine*
HD 243274,3337465673786605184,EmLine*
HD  43889,3124600080913420544,EmLine*
BD+49  1733,930957461606548992,EmLine*
TYC   56-278-1,3268698952409096704,EmLine*
TYC 3056-1402-1,1377969617596244352,EmLine*
EM* SR   16,6049366229878092032,EmLine*
BD+50  1838,790741038686199936,EmLine*
TYC 1958-1068-1,695777903020400128,EmLine*
HD 114061,3692508045797828352,EmLine*
[MA93]  372,4688983747447382272,EmLine*
ESO-HA  891,3209523992519736960,EmLine*
ESO-HA 2080,3045712045769582208,EmLine*
BD-06   597,5181014483615224576,EmLine*
TYC 3361-465-1,197833374840446592,EmLine*
BD+13  2605,3929495373299589120,EmLine*
TYC 3288-122-1,357612209861769984,EmLine*
UCAC4 536-030145,3358938169507891712,EmLine*
NOMAD1 1308-0400416,2068353965111913728,EmLine*
TYC  682-179-1,3293046434816713216,EmLine*
UCAC4 635-046441,754108747219489920,EmLine*
TYC 3842-658-1,1558180398022668672,EmLine*
HD 281120,184218637749751296,EmLine*
AzV 201,4689016221756877184,EmLine*
TYC 3424-751-1,1010642608324958720,EmLine*
UCAC4 480-024215,3132593496088241024,EmLine*
UCAC4 643-026407,187786522920839552,EmLine*
WRAY 15-1367,5884941687645839232,EmLine*
BD+05   520,3277569498688788224,EmLine*
UCAC4 586-017502,3442237518322984448,EmLine*
HD 173817,4279387834711873024,EmLine*
TYC 1431-564-1,3983227986856913536,EmLine*
TYC 1961-424-1,629932515318372736,EmLine*
BI 189,4651835342686727296,EmLine*
TYC 8968-1027-1,5239226477501294336,EmLine*
TYC 3281-406-1,352752295450536320,EmLine*
EM* GGA  160,507414346959388288,EmLine*
BD+33  1755,710160752062636544,EmLine*
TYC 2821-663-1,396480770537915008,EmLine*
BD+24    28,2849333329106866560,EmLine*
CD-35 11313,5977226825367644544,EmLine*
HD 232971,273892920624283648,EmLine*
HD 260378,3355354899773041664,EmLine*
BD+43  2910,2114817196196055040,EmLine*
BD+40  1744,950648649708619264,EmLine*
TYC 3543-2874-1,2127471235005190016,EmLine*
ESO-HA 2051,3046464833276379264,EmLine*
TYC 2781-880-1,2877657607631758080,EmLine*
2MASS J03565522+5251200,251970857790260992,EmLine*
TYC  798-121-1,648819445026779136,EmLine*
LGGS J013314.81+304559.3,303385219798096768,EmLine*
TYC 1791-233-1,112555566523481088,EmLine*
EM* UHA  117,2162646123826184960,EmLine*
Gaia DR2 3327298249248419584,3327298249250390656,EmLine*
HD 120165,3664051482279903488,EmLine*
WRAY 15-992,6053869451571371392,EmLine*
LAMOST J044729.10+105044.8,3294759508292995456,EmLine*
TYC 2067-752-1,1306885056989872640,EmLine*
TYC   38-896-1,2513068859053836160,EmLine*
UCAC4 597-024644,3443627640321097472,EmLine*
TYC   39-513-1,2501608340120641920,EmLine*
BD+14  2460,3920363207676449280,EmLine*
HD  31609,3392446821452424192,EmLine*
[BE74] 327,4658044452317665152,EmLine*
BD-08   540,5180582650423454080,EmLine*
TYC  668-305-1,3299515858154969856,EmLine*
TYC  226-1242-1,577078098018451584,EmLine*
HD 289362,3114188843970053760,EmLine*
UCAC4 102-009303,4658166498104244736,EmLine*
BD+38  2625,1292435550054340992,EmLine*
[MA93]  983,4685991014243224192,EmLine*
HD 120864,3728926344810729728,EmLine*
UCAC4 432-052802,3778155328676862336,EmLine*
ATO J068.9118+19.2349,3410483656872910976,EmLine*
TYC 3058-1016-1,1390990687126852992,EmLine*
UCAC2   1797770,4661233104752848640,EmLine*
2MASS J05220685-0119550,3220429258079908096,EmLine*
TYC  199-1806-1,3094160346315146496,EmLine*
2MASS J05332651-1138462,3009988711118652288,EmLine*
ESO-HA 2094,3046219646483888256,EmLine*
[MA93]  599,4688967156039346304,EmLine*
HD 275585,237347765456959744,EmLine*
LIN 511,4687169729368927616,EmLine*
HD 305887,5338053846809038208,EmLine*
UCAC4 573-022034,3428016705510456064,EmLine*
LS   I +58  113,461208367233901056,EmLine*
Gaia DR2 2178178443547797248,2178178443547797248,EmLine*
BD+24  2706,1254190240672507264,EmLine*
TYC  254-296-1,3807275958562921472,EmLine*
EM* UHA   54,2163387641334297984,EmLine*
BD+47  1812,831273469692629376,EmLine*
TYC 3127-1949-1,2104144507406725120,EmLine*
EM* GGA  134,507994438122640640,EmLine*
TYC 1734-828-1,2807542541401561984,EmLine*
BD+44  4014,1974860739057843968,EmLine*
TYC 3382-1352-1,970380412364784384,EmLine*
TYC 6841-199-1,4070200696645183488,EmLine*
OSHA 59,2278719470402788096,EmLine*
[BE74] 413,4659381840731990784,EmLine*
VPHAS J180337.6-243217.7,4065966275533977472,EmLine*
HD 116940,3746339516618657792,EmLine*
TYC 3058-1373-1,1394097838267577984,EmLine*
HD 237791,1036617402299808000,EmLine*
UCAC4 481-024232,3132621675373265152,EmLine*
BD+35  2399,1467975364568122752,EmLine*
BD+29  2126,732422319175113856,EmLine*
TYC 3500-1925-1,1359160547057212544,EmLine*
BD+37  1928,718636543603579008,EmLine*
[GM76]  69,6053448437377175040,EmLine*
TYC 3061-1606-1,1379182104043961856,EmLine*
TYC  755-2150-1,3351576080169832448,EmLine*
Hen 3-1648,4090526169898650112,EmLine*
BD-05   986,3201135749590737024,EmLine*
TYC  757-1699-1,3160828370573368192,EmLine*
IRAS 04371+3513,173939032958806528,EmLine*
TYC  847-643-1,3867551740048625664,EmLine*
TYC 2518-132-1,750398788828902528,EmLine*
UCAC4 478-023881,3131099057927545472,EmLine*
TYC 1472-176-1,1233662427301560448,EmLine*
BD+25  2584,3957401115852306816,EmLine*
BD-01   312,2494684376097853568,EmLine*
TYC 3543-1880-1,2127590497657476864,EmLine*
HD  51293,889124102187819264,EmLine*
TYC 1209-440-1,93759548388620288,EmLine*
EM* VES  194,2062252049236006016,EmLine*
2MASS J05522833+2318449,3427436335169732096,EmLine*
TYC 3791-17-1,1082179583606798976,EmLine*
HD  31933,3240139069160539136,EmLine*
TYC 3005-310-1,756541103162793984,EmLine*
TYC 2481-145-1,907121011588266624,EmLine*
HD 157716,1348249058086597248,EmLine*
2MASS J05162233-0523451,3208717913055402112,EmLine*
CPD-63  3464,5874004708104820096,EmLine*
UCAC4 124-094797,5863990940342000000,EmLine*
HD  78377,590391259684685440,EmLine*
LS   I +66   12,531426890635237888,EmLine*
TYC 2495-503-1,714953553311080448,EmLine*
BD+29   429,131493657878575488,EmLine*
LP   48-225,2231020422608563456,EmLine*
KHA   2,3327499322439507200,EmLine*
Cl* NGC 6530    WFI   26328,4066023102225776896,EmLine*
TYC 2587-1360-1,1330869803637082240,EmLine*
TYC 3834-530-1,1573093623985497216,EmLine*
[NSW2012] 91,2178414662439015296,EmLine*
2MASS J08094832-3328562,5547367806634580992,EmLine*
TYC 2719-1957-1,1897019434678665216,EmLine*
HD 308831,5333575673363283328,EmLine*
UCAC4 749-021108,507133249941330432,EmLine*
BD+24  2941,1218778407117145728,EmLine*
TYC 1472-718-1,1233860889161422592,EmLine*
TYC 3365-1010-1,210110109360042240,EmLine*
HD 256955,3439137067332008320,EmLine*
2MASS J05434815-0533216,3023058708915175936,EmLine*
WRAY 15-272,5528953941802203648,EmLine*
BD+30  1541,879510968945605504,EmLine*
2MASS J05541256+2118306,3423896113887406976,EmLine*
TYC   81-1415-1,3284980005198075008,EmLine*
HD  99025,5334337325672222208,EmLine*
BD+04  4082,4292811673416531968,EmLine*
TYC  173-2453-1,3140055061171393536,EmLine*
TYC   72-623-1,3273959428354489984,EmLine*
BD+08  1919,3145395732743432960,EmLine*
HD  92731,3982689986369277440,EmLine*
[BE74] 311,4658433374520469760,EmLine*
Hen 3-1593,4095768160227697152,EmLine*
EM* AS  466,2172770426877660800,EmLine*
TYC 4813-2490-1,3101061637209619328,EmLine*
TYC  188-1490-1,3137401939614106752,EmLine*
2MASS J06154724+1414561,3344803058478808064,EmLine*
HD 287153,3294699378752218240,EmLine*
TYC  865-490-1,3912152226639351040,EmLine*
TYC 2523-1847-1,4024835675810768256,EmLine*
TYC  782-166-1,3150129645695758720,EmLine*
UCAC4 603-019582,180177180900691328,EmLine*
UCAC2   1445960,4654671292388642688,EmLine*
UCAC4 642-017643,179315129423553152,EmLine*
HD 310250,5239012931728535296,EmLine*
UCAC4 692-026215,246778207970018816,EmLine*
ASAS J193710+4506.4,2079916910429978496,EmLine*
TYC 4857-1514-1,3066440558665227520,EmLine*
[T64]  6,6245821092014031616,EmLine*
TYC 1957-398-1,698586468034550912,EmLine*
ESO-HA   81,5525161279514751744,EmLine*
TYC  882-421-1,3734720771089613184,EmLine*
ESO-HA 1397W,3017199548892295808,EmLine*
BD+29  2025,741170823959753856,EmLine*
UCAC4 503-054306,3870411294915128320,EmLine*
HD 278767,220753214412582656,EmLine*
HD  28569,3312457865928155776,EmLine*
ESO-HA 2038,3045715859701861632,EmLine*
HD  77064,693467176256398080,EmLine*
TYC 4868-84-1,5762070095011753984,EmLine*
TYC 3311-1828-1,242548352379440000,EmLine*
UCAC4 464-019277,3130018749094567168,EmLine*
TYC  154-400-1,3131275151585607680,EmLine*
2MASS J20191697+4042445,2068349395267072768,EmLine*
UCAC2   1671490,4655263138930753920,EmLine*
BD+40  2752,1485966192296730752,EmLine*
EM* AS  315,4256506967717461120,EmLine*
TYC 2494-916-1,697499635151245952,EmLine*
UCAC2  30371496,3789304548381415552,EmLine*
TYC 1790-461-1,116116678526517632,EmLine*
TYC 2584-435-1,1324982056309522688,EmLine*
2MASS J05260179-0032597,3220602671678629504,EmLine*
PM J15114+2954,1275080102611416064,EmLine*
Cl* NGC 2169    JON      15,3345190357152817152,EmLine*
EM* MWC  473,273709611419174400,EmLine*
2MASS J21341273+4122195,1966362441890795264,EmLine*
PM J13130+4835,1554566303302337280,EmLine*
TYC 3911-203-1,2150416084168000384,EmLine*
HD 133923,1264818738542163712,EmLine*
UCAC4 501-045835,3149076244837702784,EmLine*
TYC 2344-963-1,123750927059405696,EmLine*
EM* MWC  551,3048038754115204608,EmLine*
TYC 1283-105-1,3394043170602728704,EmLine*
NGP 25  42,4002426666764263936,EmLine*
TYC 3373-525-1,214764685675724928,EmLine*
[MO2001]  47,2014693365271235072,EmLine*
2MASS J19541298+4609369,2085470573718361344,EmLine*
HD 238099,1574549033782602880,EmLine*
TYC  193-68-1,3143765672396041088,EmLine*
TYC 3881-1528-1,1429773481599706752,EmLine*
Gaia DR2 2055722603755868160,2055722603755868160,EmLine*
HD 156739,5975180634165688832,EmLine*
TYC 2289-522-1,364435057468015104,EmLine*
BD+13   605,37980297016512128,EmLine*
TYC 4834-2546-1,3060648365775797376,EmLine*
TYC 2867-385-1,224736298365647488,EmLine*
TYC   76-640-1,3260466084219952256,EmLine*
UCAC4 752-022992,507212105542437888,EmLine*
[MO2001]  57,2013589180722877568,EmLine*
BD+05  1810,3143536248124816384,EmLine*
[MA93] 1835,4687571325978701696,EmLine*
TYC  230-1093-1,579403904413162624,EmLine*
BD+25   378,106012682062963968,EmLine*
AL 211,4660184587320849792,EmLine*
2MASS J05244843+3333479,182492851169800576,EmLine*
2MASS J05443920+3331364,3448540636232976128,EmLine*
TYC 3411-778-1,931510137998583168,EmLine*
TYC 2484-2012-1,706277861108866816,EmLine*
TYC 3509-348-1,1360859258162826240,EmLine*
TYC 5394-2806-1,3051332375554990848,EmLine*
* bet Mon C,3006953161378468864,EmLine*
SK -68   31,4661450262637861120,EmLine*
TYC 2027-1026-1,1271479305106971136,EmLine*
TYC 3878-1998-1,1425284798394255616,EmLine*
ESO-HA 1840,3045922842764287744,EmLine*
UCAC2   1349719,4651050600625457792,EmLine*
TYC 2263-1093-1,2874022897068100096,EmLine*
UCAC4 586-049030,3961802632696061056,EmLine*
Gaia DR2 2068914063210918400,2068914063210918400,EmLine*
EM* VES  633,505802870928120704,EmLine*
StKM 1-788,645939304379450240,EmLine*
HD 290700,3216946280121138560,EmLine*
PM J07082+4921,978387575731081472,EmLine*
TYC 3441-670-1,847550296230255616,EmLine*
TYC   56-1152-1,3266039817897158144,EmLine*
2MASS J06433789+3939589,945296364544575232,EmLine*
AL   7,4641149120417269376,EmLine*
TYC 4706-923-1,5183816485919340800,EmLine*
BD+29  2140,3998850195957015424,EmLine*
TYC 3842-159-1,1570165006045418624,EmLine*
2MASS J19342610+4114225,2077385834665563008,EmLine*
EM* VES  954,2009971856187099136,EmLine*
WRAY 15-516,5355162660019763200,EmLine*
2MASS J05264036-0643514,3208844219454477568,EmLine*
TYC  204-1122-1,3091696512554605312,EmLine*
Hen 3-1689,4096263009267488512,EmLine*
TYC  670-233-1,3303446131189356672,EmLine*
TYC 3361-643-1,196979092961206912,EmLine*
TYC  751-2708-1,3158578602284761088,EmLine*
UCAC4 569-027115,3377630764831527936,EmLine*
UCAC4 557-020387,3400115090425068160,EmLine*
LLNS  3536,5241672439883197440,EmLine*
EM* AS  416,2058108715765863680,EmLine*
TYC 1458-765-1,3745875763230534400,EmLine*
TYC 2592-451-1,1333321817646772864,EmLine*
TYC 2740-406-1,1890691990073691008,EmLine*
[RP2006]  818,4658097782921829760,EmLine*
BD+00   218,2535429768762512128,EmLine*
HD  93472,723508337890647040,EmLine*
2MASS J06284966+1700591,3369491252050564352,EmLine*
LAMOST J052355.74+323635.0,180876916973812864,EmLine*
TYC  749-1764-1,3154105445384828800,EmLine*
TYC 3877-1507-1,1405038180826406016,EmLine*
[MA93] 1836,4687628156985625088,EmLine*
TYC 2937-1434-1,961378263993652352,EmLine*
[MA93]   24,4685837907246443264,EmLine*
Ve 4-65,4066172880644146560,EmLine*
TYC 2024-210-1,1264425010300575488,EmLine*
UCAC4 551-021150,3422833371476299264,EmLine*
PM J09229+4427,817949072388326912,EmLine*
TYC  751-1805-1,3350896066586401024,EmLine*
[BE74] 108,4660152701481439488,EmLine*
TYC 4878-720-1,5764264307903360256,EmLine*
TYC 2035-1143-1,1206469168285307136,EmLine*
TYC 1744-2042-1,2809610138658139136,EmLine*
TYC  216-134-1,581124605750690560,EmLine*
BD+41  2131,776754834165517824,EmLine*
TYC 3054-1846-1,1382649757558918656,EmLine*
[PGH2017] 23437,375322554750818816,EmLine*
Cl* NGC 2264    RMS    4491,3326691761209382400,EmLine*
TYC 1730-109-1,2855301409502041728,EmLine*
HD 235864,2000391880098195072,EmLine*
StKM 1-1248,1594756850614537856,EmLine*
HD 233367,979760311701666944,EmLine*
TYC 1334-552-1,3358762453808141184,EmLine*
EM* LkHA   32,3326963516675800960,EmLine*
2MASS J05375053-0502529,3017391516761928448,EmLine*
GES J18034525-2432336,4065966172454732672,EmLine*
UCAC4 467-005973,3260211272400535680,EmLine*
TYC 7344-788-1,6037784008760031872,EmLine*
LS   V +35   26,3455454953759211264,EmLine*
2MASS J05275153-0211090,3217081451332010496,EmLine*
WRAY 15-1411,5983429410932554112,EmLine*
EM* VES  283,2166323951543030528,EmLine*
UCAC4 578-018228,3428912536903366656,EmLine*
TYC 2837-1812-1,345061903106020352,EmLine*
TYC 2813-1890-1,323193475821585536,EmLine*
[KLB2021] 331,423818409175215616,EmLine*
HD   4904,2808793132799018752,EmLine*
TYC 3369-580-1,210526484964591360,EmLine*
TYC 3889-1536-1,1416898578395169280,EmLine*
EM* VRMF   65,5940490252109352448,EmLine*
BD+30  2091,732995473970922752,EmLine*
TYC 5140-3433-1,4205791375423693184,EmLine*
LAMOST J043948.66+115046.6,3306383132904597120,EmLine*
TYC 1949-758-1,705985356655941632,EmLine*
HD 251050,3343617849366456448,EmLine*
TYC 2215-1776-1,1893186266563201536,EmLine*
Cl* NGC 7092   PLAT     602,1978587155780623232,EmLine*
EM* VES  172,2058850813103330816,EmLine*
TYC  288-349-1,3901087841128299136,EmLine*
EM* GGA   34,413962417006071808,EmLine*
AL  88,4663591149213395968,EmLine*
BD+18  2768,1247726486690735360,EmLine*
UCAC2   3301202,5861762230260094976,EmLine*
TYC 3929-420-1,2142261311369330048,EmLine*
ESO-HA   10,5523509744335024896,EmLine*
UCAC4 623-021260,182218699115249664,EmLine*
HD  79046,698101308528723584,EmLine*
TYC 3415-2189-1,930191857916050944,EmLine*
TYC 4719-423-1,3248925129137833344,EmLine*
BD+27  2327,1258670303879110144,EmLine*
TYC 4857-128-1,3066473475294759168,EmLine*
UCAC4 606-028525,3449934271517175808,EmLine*
HD 290356,3220620813620479488,EmLine*
TYC   46-43-1,2503220155446733568,EmLine*
ESO-HA 2750,3045130885153309312,EmLine*
GSC 00150-01017,3130054590598982144,EmLine*
2MASS J05255768-0605073,3208952968026121088,EmLine*
EM* AS  228,5972795518587575936,EmLine*
2MASS J05313557-0251120,3216806435986471680,EmLine*
TOI-1424,1915640389946957312,EmLine*
EM* RJHA   90,3113305175920827776,EmLine*
HD 249559,3348789956360588416,EmLine*
[MA93]  659,4689075114334019456,EmLine*
[OSP2002] BRC 14 27,463121551825275264,EmLine*
[RP2006]  256,4657262772637395328,EmLine*
HD  24521,3258090177031054976,EmLine*
TYC 2825-1474-1,396547634589224704,EmLine*
TYC 1809-809-1,120776649322994816,EmLine*
UCAC4 625-022631,183577420609072256,EmLine*
HD 295853,3102629987466975872,EmLine*
SS 334,4063522159937511936,EmLine*
HD 108914,1568742615958053248,EmLine*
ESO-HA   73,5523537266483556096,EmLine*
TYC 2991-1265-1,811753152567412736,EmLine*
TYC 2294-1167-1,303456898505210240,EmLine*
ESO-HA  251,5524565516014721408,EmLine*
StKM 1-1418,4545749375558968704,EmLine*
TYC  173-571-1,3139219604129445632,EmLine*
UCAC4 620-025998,3449406986972535296,EmLine*
TYC 1474-363-1,1253480299758351872,EmLine*
UCAC4 557-019592,3400151305589126400,EmLine*
TYC 2303-48-1,321351549030762240,EmLine*
UCAC4 423-001611,2481933614628605312,EmLine*
2MASS J05400017-0452382,3023355611416053248,EmLine*
TYC 4709-1413-1,3262633771392502528,EmLine*
HD 252840,3346172117954593280,EmLine*
TYC 2312-945-1,304700480516156800,EmLine*
TYC 3462-1450-1,1557068173291401600,EmLine*
HD  53197,3353668248933696768,EmLine*
BD-04   661,3249466844772590464,EmLine*
HD 316589,4056390521372466688,EmLine*
EM* StHA    9,342699396214320640,EmLine*
TYC 1463-306-1,1248081422788166528,EmLine*
[GM76]  31,6057954171659573504,EmLine*
HD 286728,3299427484907969408,EmLine*
TYC 3475-794-1,1508465464376290048,EmLine*
PM J08434+0759,595570195675025664,EmLine*
BD+05  2129,580034925303408640,EmLine*
Gaia DR2 3441209990347329792,3441209990347329792,EmLine*
TYC 1440-266-1,3979028196036466304,EmLine*
TYC 3113-1362-1,2111654863316129024,EmLine*
TYC 3060-911-1,1396674853005261056,EmLine*
EM* StHA   35,3234811969682937984,EmLine*
[MA93]  105,4685833337442868224,EmLine*
EM* GGA  203,461020007148179712,EmLine*
TYC 2501-168-1,696630054595417728,EmLine*
SV* SVS   529,609252694465903104,EmLine*
BD+43  2490,1394161884820064000,EmLine*
AL  41,4655262245577567104,EmLine*
WRAY 15-168,5547311147424873472,EmLine*
BD+00   429,2502033163925068288,EmLine*
HD 277249,201681017002867328,EmLine*
2MASS J05363702-0549008,3017195013406807040,EmLine*
TYC  229-2079-1,577500138685038080,EmLine*
GSC 00154-00512,3130526929624342144,EmLine*
HD  80440,817697078067049216,EmLine*
[MA93]  465,4685957483498168192,EmLine*
TYC  853-1230-1,3872807744931136000,EmLine*
HD 238195,1564154663171149696,EmLine*
BD+06  2154,585798560961019904,EmLine*
TYC  236-305-1,3846632912854728064,EmLine*
EM* GGA  403,3130277512283435136,EmLine*
TYC 3554-644-1,2133360322361104512,EmLine*
BD+35  2283,4031177109124498304,EmLine*
[M60b]+35 396,1516626688216689280,EmLine*
UCAC4 764-069918,2207270902731166592,EmLine*
WRAY 15-930,6057655065785668608,EmLine*
TYC 3421-284-1,1028109480107181440,EmLine*
HD 134192,1261618644309237376,EmLine*
2MASS J05524895-1010193,3011310530253060864,EmLine*
2MASS J16315701+5652418,1431165909996680576,EmLine*
TYC 3495-1132-1,1411622163829222272,EmLine*
TYC 3915-1194-1,2152482616271812864,EmLine*
UCAC2   1446317,4655043923764478976,EmLine*
BD+35  2544,1480636309681426688,EmLine*
TYC  814-2280-1,603764821477386112,EmLine*
TYC 2986-1765-1,912723710527921536,EmLine*
EM* GGA   66,509910440210394112,EmLine*
UCAC4 612-021459,3448921857527747200,EmLine*
HD 286894,3306690377684553984,EmLine*
TYC 2025-903-1,1263955793713389056,EmLine*
UCAC2   4355077,5868480692943927296,EmLine*
HD 286511,3303949741873846400,EmLine*
WRAY 15-466,5259634753337830912,EmLine*
TYC 4851-399-1,3070583381039661184,EmLine*
2MASS J07044072-1115444,3046408796837600384,EmLine*
TYC 3011-2285-1,782803458087840000,EmLine*
HD 291112,3025244709831886848,EmLine*
BD-03  2998,3801343337416991232,EmLine*
UCAC4 580-019821,3429846773895486720,EmLine*
HD  11679,344212496014671488,EmLine*
LS 2765,6056382277998603520,EmLine*
TYC 2279-1199-1,361884327930104960,EmLine*
HD 289311,3114037077006238464,EmLine*
HD 233602,1013121491649138304,EmLine*
2MASS J20051561+4612061,2082330682055232768,EmLine*
[MA93]  119,4685781802106834560,EmLine*
[BE74] 530,4652066411925522048,EmLine*
TYC 3551-2336-1,2129986470932656512,EmLine*
HD 142328,1204541552603618048,EmLine*
TYC  900-781-1,3726800507797909376,EmLine*
UCAC2   1677574,4657599223157150592,EmLine*
CD-28  5247,5597715195680272128,EmLine*
LAMOST J171021.13+513423.9,1415654279126087424,EmLine*
LIN 428,4687422754494728448,EmLine*
TYC 3061-592-1,1378633722618856064,EmLine*
TYC 2938-789-1,961990524466784640,EmLine*
Kiso A-0904  55,3222451122523140608,EmLine*
TYC  813-692-1,598385980529568000,EmLine*
TYC 3801-1603-1,1037341568147029504,EmLine*
TYC 1260-271-1,63733024003078528,EmLine*
2MASS J05330564-0730390,3016402952716936704,EmLine*
UCAC4 588-034502,3386161939973755392,EmLine*
HD   8210,2478494715918681984,EmLine*
Haro 4-483,3015811960920928256,EmLine*
TYC  177-14-1,3140902986496466048,EmLine*
BD+10  1661,3150421909632649728,EmLine*
TYC 2359-127-1,217552123747352192,EmLine*
Gaia DR2 1980221270572937472,1980221270572937472,EmLine*
[SKS2013] J213900397+575004884,2178453282788260864,EmLine*
BD+29  2492,1452664390274034432,EmLine*
EM* VES  218,2064110159467039360,EmLine*
AL 333,4658602871099550336,EmLine*
HD  96343,733671746636808704,EmLine*
BD+47  1957,1545328099229838720,EmLine*
TYC 1191-746-1,2801250448672805248,EmLine*
TYC 2450-948-1,897687231886646400,EmLine*
TYC  247-589-1,3837005000630873856,EmLine*
TYC 3125-274-1,2101038357000448896,EmLine*
HD 286713,3300845614389164928,EmLine*
TYC 2521-536-1,763223007123548416,EmLine*
TYC 4764-1131-1,3208455920050906112,EmLine*
HD 281725,169882213014754048,EmLine*
UCAC4 475-020443,3131327137869401344,EmLine*
BD+06  1947,3093745589911323008,EmLine*
TYC 1437-2601-1,3973658421764572544,EmLine*
2MASS J06075354-0617255,3019966023225434240,EmLine*
HG 7-99,3303951116263379840,EmLine*
IRAS 23391+6336,2017074117184927616,EmLine*
CPD-64  1956,5861084548770565632,EmLine*
TYC  140-2045-1,3317483493063060608,EmLine*
TYC 3469-80-1,1559556471185264000,EmLine*
HD 238407,1613575546175969792,EmLine*
TYC 3375-282-1,962511040143831552,EmLine*
TYC 3884-748-1,1623690812633016960,EmLine*
TYC 2450-1042-1,945820900309265792,EmLine*
HD 153762,6030276813944447744,EmLine*
TYC 2491-532-1,717916878882423424,EmLine*
EM* GGR   49,2004605071224235008,EmLine*
EM* VES  670,507063774553351808,EmLine*
UCAC4 105-008239,4658233125968314752,EmLine*
TYC 3878-1072-1,1425345065375416960,EmLine*
HD  95805,3985684811229776384,EmLine*
HD 113097,3937277750960688384,EmLine*
TYC 3009-2265-1,752074444550145664,EmLine*
BD+51  2579,2136251449527501184,EmLine*
TYC 3473-1386-1,1590968006560989824,EmLine*
TYC  660-387-1,13173974662864256,EmLine*
BD+47   500,357253803431022464,EmLine*
HD 135977,1588397103560795648,EmLine*
TYC 2457-2281-1,892756819885859072,EmLine*
TYC 2014-848-1,1283573314535218560,EmLine*
Kiso A-0904 206,3220063739183072000,EmLine*
TYC 3069-2074-1,1406352685632976768,EmLine*
UCAC2   1559475,4657362896855195904,EmLine*
UCAC4 615-020379,181095956007181696,EmLine*
HD 294695,3021862332889305856,EmLine*
HD  51243,3354634749715955328,EmLine*
TYC 3423-1762-1,1015963179450175232,EmLine*
2MASS J05244981-0359023,3210607355069286016,EmLine*
TYC 1945-732-1,702911500102137600,EmLine*
EM* VES  741,459310988123331584,EmLine*
TYC 4463-313-1,2223301507384434304,EmLine*
BD+02  2016,3079533538832992896,EmLine*
EM* MWC  432,505371935395794432,EmLine*
TYC 2555-734-1,1288329561323619712,EmLine*
TYC 2495-1272-1,712516455724715648,EmLine*
HD 230412,4517746360615584384,EmLine*
ESO-HA 2106,3046208651367572480,EmLine*
TYC 2784-1273-1,366943009130279680,EmLine*
Cl Melotte  111   282,4008553489152025856,EmLine*
[GM76]  59,6053800491597927808,EmLine*
TYC 2010-716-1,1259654332427315584,EmLine*
TYC 3460-464-1,1551876485543918464,EmLine*
HD   5307,310772121163369472,EmLine*
HD 154259,4544686800649893120,EmLine*
[BE74] 478,4654943284075035264,EmLine*
ESO-HA  322,3326490417439043456,EmLine*
TYC 3766-1459-1,993920754454848768,EmLine*
TYC 4938-837-1,3595198311803576320,EmLine*
AL 138,4658900701323954048,EmLine*
TYC 1998-400-1,1443726941286752000,EmLine*
CD-38  4447,5540176072872016768,EmLine*
TYC 2283-308-1,365664036589635968,EmLine*
ATO J095.3288+08.1819,3325663034942002944,EmLine*
WRAY 15-508,5356178677498285568,EmLine*
LHA 115-N  56,4685867632762354304,EmLine*
HD 206350,1979216484431717888,EmLine*
TYC 3446-511-1,832217572221080192,EmLine*
[MA93]  875,4685966721906867072,EmLine*
TYC 3970-1428-1,2176044806867919104,EmLine*
2MASS J05355597-0542262,3017247377648087936,EmLine*
[BSM2001] CTIO-1279,4182446407045053568,EmLine*
TYC  748-1575-1,3157203353755490688,EmLine*
TYC 1981-598-1,3996955767487123584,EmLine*
UCAC4 614-055170,1333988426635273728,EmLine*
HD 290541,3217143535083776768,EmLine*
[KWV2015] J050533.55-665118.2,4661914462692668544,EmLine*
UCAC4 626-015495,171119266673429504,EmLine*
TYC 2543-75-1,1472462883837727744,EmLine*
AL 261,4660214617735450240,EmLine*
GSC 00750-01010,3351041068977767552,EmLine*
[BSM2001] CTIO-1756,4182449671220595072,EmLine*
2MASS J04052750+3204556,169398737134299520,EmLine*
TYC  217-1386-1,577735193654451584,EmLine*
2MASS J19091710+4950327,2132846055858750464,EmLine*
TYC  680-135-1,3310353812989312512,EmLine*
TYC 3469-639-1,1559245584271981568,EmLine*
TYC 5282-1102-1,5176854378292269312,EmLine*
TYC 1201-935-1,2786246650438976384,EmLine*
LP  248-39,171056216553830784,EmLine*
IRAS 06196+1622,3369173390110843264,EmLine*
TYC 3849-457-1,1566715666269729408,EmLine*
TYC 5407-2603-1,3032642258429611008,EmLine*
UCAC4 422-018425,3100580188554520192,EmLine*
EM* VES  252,2080901587513095040,EmLine*
TYC 2018-236-1,1280188880305954048,EmLine*
HD 262739,3350775021524293120,EmLine*
TYC 3750-885-1,264065481395727488,EmLine*
TYC 3129-2548-1,2102167795959291648,EmLine*
TYC 1752-713-1,295911907980749440,EmLine*
BD+36  3845,2059974312160035328,EmLine*
TYC 2562-416-1,1288460403204530432,EmLine*
BD+41  2286,1536328222894634880,EmLine*
EM* VRMF   20,5935332541772380800,EmLine*
HD  53428,3051472391486822656,EmLine*
AL 328,4660151601968809600,EmLine*
BD-02  3710,3634219601514703232,EmLine*
TYC 4812-246-1,3101855381526084096,EmLine*
TYC 8989-430-1,5863508254671825152,EmLine*
2MASS J05352312-0708392,3016486275082289664,EmLine*
TYC 3451-541-1,789119087238772480,EmLine*
Haro 4-495,3015736476871714304,EmLine*
[NSW2012] 564,2178104875041145600,EmLine*
TYC  755-275-1,3351780112591617792,EmLine*
HD  76594,1017799466948977664,EmLine*
TYC   94-1222-1,3286042442668177280,EmLine*
TYC 2871-2033-1,243199366340091520,EmLine*
UCAC4 517-018164,3343750310455431680,EmLine*
2MASS J07045577-1134175,3045835435890939392,EmLine*
Gaia DR3 2063853732739845120,2063853732739845120,EmLine*
HD 307293,5335347811269005312,EmLine*
HD 279617,176823876598752640,EmLine*
LS   I +63  179,514895320999670912,EmLine*
[MA93]  794,4689005875207294080,EmLine*
BD+38  2444,1476065708564198272,EmLine*
LIN 152,4685879349434822144,EmLine*
SS 439,4295833921685541888,EmLine*
TYC 8622-209-1,5351141677294723968,EmLine*
BD+05  2110,580343407034569344,EmLine*
TYC 3374-273-1,963439852591211392,EmLine*
HIP 14371,594595272471808,EmLine*
UCAC4 463-020160,3126993030533607936,EmLine*
[DMJ2015] 629,3125738419049787520,EmLine*
[MA93] 1818,4686389591499985280,EmLine*
LS  IV -14    6,4146101637930878592,EmLine*
SS   6,509852239123991424,EmLine*
SZ 137,5943825483181734528,EmLine*
EM* VES  690,428634334526755584,EmLine*
Kiso A-0904 219,3316062580440467200,EmLine*
2MASS J19541374+4226530,2075453133750806912,EmLine*
HD 312462,4143788574759988352,EmLine*
BD-02  3320,3790052766044464000,EmLine*
TYC 1317-286-1,3349502405534700160,EmLine*
TYC 2509-529-1,753634303656727040,EmLine*
2MASS J05254110+2837386,3445582778152818688,EmLine*
TYC 3421-162-1,935204290909254400,EmLine*
[BE74] 310,4658518792842958720,EmLine*
UCAC4 723-034604,275484738581753600,EmLine*
TYC 1993-2027-1,3956652760750082304,EmLine*
[MDN2017] VPHAS OB1 01356,5255668024633629824,EmLine*
HD  25708,3272627503159783808,EmLine*
TYC 2792-1155-1,381655471143524224,EmLine*
CD-60  4191,6055025691155842048,EmLine*
TYC 4851-2688-1,3070774008869506944,EmLine*
LSPM J0658+0622,3129715971078508032,EmLine*
[MA93] 1242,4687492023732123008,EmLine*
2MASS J03011150+6040569,466131774142671232,EmLine*
BD+42   139B,387742122700238080,EmLine*
TYC  801-1339-1,601532164333736960,EmLine*
TYC  237-618-1,3834529896878245632,EmLine*
TYC 3285-685-1,356391648876114048,EmLine*
[KLB2021] 1133,423814938848250240,EmLine*
Kiso A-0976 351,3216495068036524032,EmLine*
UCAC4 448-003577,2497756136708038400,EmLine*
TYC 2465-1262-1,898503413112279680,EmLine*
CD-59  4533,6056147296090112256,EmLine*
BD+29  2657,1272207628481793664,EmLine*
TYC 3525-601-1,2121216697466778624,EmLine*
TYC 4790-67-1,3019587653787317632,EmLine*
UCAC4 604-018830,180177730656746240,EmLine*
UCAC4 483-052289,3817299351375083648,EmLine*
HD 102957,772984235132276992,EmLine*
UCAC4 576-018748,3428832272558987904,EmLine*
[NSW2012] 288,2179333338763529472,EmLine*
CD-30 14262,4058017905991798912,EmLine*
BD-02  1948,3108412903232775680,EmLine*
UCAC2  31798972,2501120912871393152,EmLine*
[OSP2002] BRC 43  9,2007371682977631744,EmLine*
WRAY 15-49,5493087838138329728,EmLine*
TYC  659-642-1,3298714623417426816,EmLine*
HD  96954,3968295214498001664,EmLine*
[BE74] 600,4657248543334164352,EmLine*
BD+05  1933,3093293209596284160,EmLine*
BD-05  1294,3017254623254980736,EmLine*
HD  26033,3253714533069319296,EmLine*
UCAC4 617-023198,182422589805251584,EmLine*
TYC 3299-1392-1,438381234526975232,EmLine*
TYC  208-1427-1,3096903765263515776,EmLine*
HD  80675,818719795679702528,EmLine*
LAMOST J102212.70+283602.8,741037684269171072,EmLine*
HD   3726,2809177274674136320,EmLine*
EM* AS   27,512945405846907904,EmLine*
UCAC4 455-003766,2499232776528870528,EmLine*
[MA93]   34,4688870467722439296,EmLine*
HD 241344,3415018180264546432,EmLine*
BD+16  2580,1243242575193457536,EmLine*
BD+05  2800,3714019509758694528,EmLine*
HD 294696,3024873246701405952,EmLine*
TYC 2855-908-1,240013458379986432,EmLine*
HD 239703,2179632788186043264,EmLine*
BD+35  2171,750303406195221760,EmLine*
TYC 4786-1477-1,3021350067847530496,EmLine*
HD 117177,3718242493402885376,EmLine*
TYC 3800-1082-1,1032359165563802240,EmLine*
TYC  253-1102-1,3807536508458825600,EmLine*
LS   I +62  111,430364592179041920,EmLine*
ESO-HA  148,5525309404347345664,EmLine*
UCAC4 512-007912,3306414091028809600,EmLine*
UCAC4 620-022484,182749866311834752,EmLine*
HD  68355,3069598214324770560,EmLine*
TYC 3910-1613-1,1421760348231536128,EmLine*
TYC 3069-609-1,1405319449645277696,EmLine*
EM* GGR  166,429951072728952064,EmLine*
TYC 3437-1183-1,822610383214423680,EmLine*
BD+45  2330,1396669011849746944,EmLine*
BD+27  4108,1848789876819506816,EmLine*
[W74] 33,5861978627883429376,EmLine*
GSC 07379-00303,5976256536356968192,EmLine*
TYC 4727-904-1,3205873682632522752,EmLine*
TYC 1342-2009-1,3377980821845255168,EmLine*
TYC 3217-1004-1,1916775429543531648,EmLine*
HD 263158,3351127140121711616,EmLine*
UCAC4 500-030915,3350703828146474240,EmLine*
TYC  180-1874-1,3087513832886123520,EmLine*
HD 341466,4577426924036628992,EmLine*
2MASS J05183914-0235125,3214179187310522240,EmLine*
Gaia DR2 2178400712388220032,2178400712388220032,EmLine*
[MA93] 1595,4687485873337358080,EmLine*
AL 115,4658930937896168192,EmLine*
BD+34  2255,4025003179535469312,EmLine*
HD  83823,3846428197533456768,EmLine*
UCAC4 652-048031,914567694606618496,EmLine*
TYC 2325-293-1,130395554999476736,EmLine*
TYC 3515-1367-1,1363028354086497408,EmLine*
TYC  894-463-1,3739563604414099328,EmLine*
LHA 115-S  41,4687505801988031232,EmLine*
BD-04  2885,3776205099991309184,EmLine*
TYC 3297-2211-1,433845130586042240,EmLine*
TYC   61-612-1,7450600027485696,EmLine*
BD+32  2174,4024189197333735424,EmLine*
TYC 4913-50-1,3781523510750303744,EmLine*
TYC 3880-284-1,1621955164809567104,EmLine*
TYC  870-619-1,3923139165298718464,EmLine*
BD+31  2521,1456663142265411328,EmLine*
[MA93]  694,4688991718956116736,EmLine*
TYC 3145-1263-1,2078553309855590272,EmLine*
[BVD2011] 115,2178561412882638336,EmLine*
TYC 2483-922-1,708104970259399680,EmLine*
BD+09  2779,3725681445479299200,EmLine*
TYC 2508-622-1,796448053789566464,EmLine*
BD+00  2549,3828005738475688448,EmLine*
TYC 3077-281-1,1347796991305396096,EmLine*
EM* LkHA  204,427624403040969472,EmLine*
BD+02  2682,3711519735713313280,EmLine*
EM* GGA  105,511373821468521600,EmLine*
IfAHA 774,2218012096245489920,EmLine*
UCAC4 622-023665,182622971500502784,EmLine*
TYC 1329-1232-1,3357351887766338560,EmLine*
[NSW2012] 244,2178376596157683584,EmLine*
UCAC4 642-030595,3457944179365874688,EmLine*
Haro 4-288,3017222569917151104,EmLine*
SK  167,4686435770984921728,EmLine*
AL  89,4661383707816759168,EmLine*
Cl* NGC 1039      W      26,335469076470161920,EmLine*
BD+14  2603,3743340014538887040,EmLine*
2MASS J20405902+4110516,2066123017362107520,EmLine*
TYC 5407-3306-1,3032627273281887232,EmLine*
NGP 38 140,1521147746886127488,EmLine*
[BVD2011] 28,2178458986501139840,EmLine*
HD 255828,3369025540157078528,EmLine*
[BMH2014] 59,173361033439970688,EmLine*
TYC 4858-2757-1,3067077038462432128,EmLine*
TYC 3417-586-1,1010590312801977344,EmLine*
BD+41  2126,776674913414030080,EmLine*
TYC 4782-1355-1,3025913590858517888,EmLine*
[MDN2017] VPHAS OB1 01527,5255582640678414208,EmLine*
2MASS J08183501-3321565,5546842343158018304,EmLine*
StKM 1-750,3843555444232560384,EmLine*
WRAY 15-152,5597653004552962944,EmLine*
HD 293302,3108857449528614016,EmLine*
TYC 2555-27-1,1283394742679606656,EmLine*
TYC 3462-897-1,1553729471874318592,EmLine*
Haro 4-470,3023327780028088192,EmLine*
TYC 4851-780-1,3070520640157598592,EmLine*
UCAC4 559-018698,3403349303877102336,EmLine*
TYC   84-592-1,3231759656685021824,EmLine*
UCAC4 597-045735,648428396841751040,EmLine*
TYC  908-704-1,1226662386523074304,EmLine*
BD+42  2282,1536633062493581184,EmLine*
AL 400,4657766245829918976,EmLine*
2MASS J08092139-3249496,5547449445374167296,EmLine*
TYC  811-1933-1,597530697922011008,EmLine*
BD+31  2325,4014345991285333376,EmLine*
2MASS J07170031+4222003,949722654759313792,EmLine*
TYC  752-1988-1,3157922498781206400,EmLine*
ESO-HA 2053,3046457106632579840,EmLine*
TYC 2519-482-1,736899431739551232,EmLine*
Haro 4-268,3016732256450615424,EmLine*
TYC 4825-1964-1,3058700752725702656,EmLine*
HD 287445,3291673552813558400,EmLine*
TYC  729-1760-1,3343582669291168768,EmLine*
HD 277076,205131765525883776,EmLine*
ISO-ChaI 137,5201126063117435520,EmLine*
Gaia DR3 200824085126423936,200824085126423936,EmLine*
UCAC4 570-018765,3428458232446162048,EmLine*
BD+29  3061,4595912257114663168,EmLine*
TYC 3300-935-1,438400372902406912,EmLine*
HD  32498,266047011805092224,EmLine*
UCAC4 574-018362,3428788670051086848,EmLine*
[MA93] 1745,4687178731620562560,EmLine*
TYC 3915-1118-1,2152454647444754688,EmLine*
TYC 2549-993-1,1479193578627551744,EmLine*
UCAC4 581-019868,3429877324000615552,EmLine*
BD+61   353,508752864931914368,EmLine*
BD+02   522,3268747227841471872,EmLine*
ESO-HA 1843,3045875460685032448,EmLine*
ESO-HA   98,5528413149576653824,EmLine*
TYC 3417-1436-1,1010494346054422016,EmLine*
TYC  703-1668-1,3386956135261710592,EmLine*
TYC 3550-640-1,2132544312935340672,EmLine*
[BSM2001] CTIO-284,4182447712714872320,EmLine*
BD+39  2948,1379482820473575552,EmLine*
BD-05   927,3202811714548803072,EmLine*
2MASS J21452455+5755489,2178330622824459904,EmLine*
HD 279615,176825044828527616,EmLine*
TYC 8979-728-1,6054528024693288704,EmLine*
UCAC4 624-024949,3449640701912814080,EmLine*
UCAC4 625-022884,182816696002235392,EmLine*
UCAC4 503-031787,3350839171155880192,EmLine*
TYC 1980-2002-1,3998156575918956160,EmLine*
TYC 1444-554-1,3951621189382413824,EmLine*
TYC 2321-1370-1,331379202453047040,EmLine*
TYC  798-391-1,648525978501421696,EmLine*
TYC   85-726-1,3228437551020479232,EmLine*
HD 275097,235770305568648832,EmLine*
TYC  750-1167-1,3326899981224274432,EmLine*
TYC 2942-131-1,944491899989274240,EmLine*
UCAC4 572-028567,3383630250029248640,EmLine*
UCAC4 717-009919,410981125589017088,EmLine*
[MO2001]  77,2014866808933891584,EmLine*
WRAY 15-1212,5878617709104799488,EmLine*
TYC 1314-1116-1,3345894495567952512,EmLine*
TYC 1471-328-1,1245838315988483968,EmLine*
HD 233130,263761298929078144,EmLine*
TYC 3507-729-1,1415732511954663296,EmLine*
TYC 1764-413-1,300091014239397248,EmLine*
[MA93]  269,4688957702780714368,EmLine*
TYC 1430-785-1,3982007116633218176,EmLine*
HD 150660,5930690408040236160,EmLine*
WRAY 15-97,5598800795916960256,EmLine*
HD  83684,3847241488245206144,EmLine*
CD-34  4452,5546537606639606400,EmLine*
HD 275618,224979221716220288,EmLine*
HD  15422,2503191194482866688,EmLine*
[H2013] LMCe  412,4658223230359351808,EmLine*
TYC 3461-22-1,1557786841579105408,EmLine*
UCAC4 639-025639,184547018066905344,EmLine*
UCAC4 579-020775,3429626223033507712,EmLine*
[MA93] 1348,4690525919901915648,EmLine*
TYC   79-301-1,3297974617731416192,EmLine*
BD+26    71,2856039662840669568,EmLine*
UCAC4 584-021637,3430762705740135424,EmLine*
TYC 5442-1027-1,5751031857262250624,EmLine*
[DMJ2015] 54,3125738011028963456,EmLine*
HD 340461,1856717115152422272,EmLine*
TYC 1789-1089-1,114715282237343232,EmLine*
LP  200-139,227889079239991296,EmLine*
[RRJ2015] CAHA J203225.36+402054.5,2064715062657267584,EmLine*
TYC 1312-892-1,3348977801049370752,EmLine*
BD+42  3144,2116748247853607168,EmLine*
TYC  735-2229-1,3330717966632218368,EmLine*
CPD-60  3483,5334776030868851584,EmLine*
HBHA 6207-07,2014015722512906240,EmLine*
TYC 3423-99-1,1029109868187193728,EmLine*
2MASS J05353288-0539190,3017248438501996544,EmLine*
HD 261520,3352038940204756224,EmLine*
TYC 2989-143-1,913012675927640192,EmLine*
LHA 120-S 163,4651716423602865280,EmLine*
UCAC4 510-011734,3340856155330015744,EmLine*
UCAC4 496-030622,3326577652518533888,EmLine*
UCAC4 730-027187,459570438504417920,EmLine*
TYC  960-643-1,4440248211215543936,EmLine*
UCAC4 631-016082,225217197265886976,EmLine*
UCAC4 101-004898,4655320515335445632,EmLine*
HD 286856,3305890448615504256,EmLine*
BD-04  3004,3788061825364512640,EmLine*
BD+44  3140,2126190166521566720,EmLine*
HD 234387,1420091014702688256,EmLine*
TYC 1532-1694-1,4565759898771522304,EmLine*
TYC 1446-535-1,3933805596319110144,EmLine*
BD+42  2626,1390387806861264256,EmLine*
TYC  888-238-1,3928221142402433536,EmLine*
AL 228,4660209807371484160,EmLine*
TYC 2555-685-1,1283390074055468032,EmLine*
TYC 3850-449-1,1562133795159175168,EmLine*
HD   9415,399690756077487104,EmLine*
UCAC4 584-035925,883888330895443968,EmLine*
TYC 3815-1216-1,852566062117373952,EmLine*
UCAC4 534-052128,3925430066494830336,EmLine*
TYC 1313-1715-1,3345610031292943744,EmLine*
TYC 4729-1354-1,3204067562986473344,EmLine*
TYC  125-335-1,3320149563943507968,EmLine*
IRAS 05541+2157,3424036988814321408,EmLine*
UCAC4 631-014173,220000942302943872,EmLine*
TYC 3447-629-1,789623247680012288,EmLine*
V* TZ Her,1331462302965590400,EmLine*
BD+25  2223,726361368701638912,EmLine*
HD 114328,3936615776241266432,EmLine*
TYC 1424-771-1,3986095517477459456,EmLine*
[MA93] 1706,4687444538563208192,EmLine*
HD  79423,1011989029032626432,EmLine*
EM* GGA   42,512813052134652288,EmLine*
NGP 25  36,4002762155250039808,EmLine*
TYC 1974-838-1,740745076736763776,EmLine*
TYC 2449-613-1,940886154685809536,EmLine*
2MASS J05264118-0002148,3221010727931660288,EmLine*
BD+49  2631,1366392103752690048,EmLine*
UCAC4 574-031718,3382966003269219584,EmLine*
ESO-HA  232,5524592385330195712,EmLine*
UCAC4 689-057837,1408660835417552128,EmLine*
BD+12  2609,3738601634818313472,EmLine*
ATO J203.9518+31.4242,1456726982659222784,EmLine*
TYC   41-206-1,2515054306471237888,EmLine*
HD 147818,1428716335530005248,EmLine*
UCAC4 693-028417,270235395194356224,EmLine*
AL 210,4660175585068826752,EmLine*
BD-05   551,5181344680700790400,EmLine*
IRAS 07350-4645,5507496388265982336,EmLine*
HD 281250,168106604811706368,EmLine*
UCAC4 598-100628,2028818241446855936,EmLine*
UCAC4 464-042219,577856616674628224,EmLine*
2MASS J10351063+0001038,3806996789983738624,EmLine*
UCAC4 494-012097,3337421796400817024,EmLine*
EM* VES  641,504717657256222080,EmLine*
2MASS J07583271+1157499,3151064024422214272,EmLine*
TYC 2270-468-1,365321087745011200,EmLine*
2MASS J08064260-3630068,5544211383628195456,EmLine*
TYC 1739-1221-1,2803112501678495104,EmLine*
2MASS J05252092-0519303,3209323881401868544,EmLine*
EM* VES  402,1972066880023686272,EmLine*
TYC 4079-2287-1,284263166400020608,EmLine*
TYC 2010-95-1,1259906910862940672,EmLine*
TYC 3460-1032-1,1552922395980117376,EmLine*
HD 238526,1626383963286369152,EmLine*
TYC 1198-139-1,2592524036043164160,EmLine*
CD-25 11650,6046290998947320320,EmLine*
[M60b]+36 443,1517009597436193536,EmLine*
TYC 3385-130-1,991300854466602240,EmLine*
BD+00   321,2507910779425529344,EmLine*
TYC 2958-1369-1,899186866966464128,EmLine*
BD+20   339,100208806856281472,EmLine*
CD-32  5777,5628729811657734656,EmLine*
EM* VES  864,206723304306777728,EmLine*
BD+40  5204,2882293767128367616,EmLine*
PEP 21,3442864235655977472,EmLine*
TYC 2988-1150-1,1010227130369582592,EmLine*
BD+06  2031,583046758235076736,EmLine*
TYC 2501-630-1,792724278486769920,EmLine*
TYC 2317-1267-1,328970511776238720,EmLine*
HD  18094,5595281530430720,EmLine*
UCAC4 495-031511,3134399547016205824,EmLine*
BD+27   140,311031601612786048,EmLine*
UCAC4 417-003890,5169461223451858304,EmLine*
TYC  151-1768-1,3126943385010422144,EmLine*
TYC  805-591-1,602531792202280448,EmLine*
TYC 2292-905-1,315351617157257728,EmLine*
TYC 1435-1049-1,3988406652263989376,EmLine*
[MA93]  665,4689003714810931072,EmLine*
KHA  61,3326923075263940864,EmLine*
TYC 1446-2065-1,3935719124508414464,EmLine*
TYC 2523-233-1,4024465415270175232,EmLine*
TYC 1414-518-1,627382679134218240,EmLine*
WRAY 15-456,5405708240352482944,EmLine*
[BE74] 322,4658612388747669376,EmLine*
BD+37  2909,1342572112050421760,EmLine*
HD  86058,797057561188862208,EmLine*
TYC 3815-1178-1,851620306023628800,EmLine*
2MASS J05392230-0216263,3216513686719934720,EmLine*
TYC 4813-3017-1,3101068234279432448,EmLine*
WRAY 15-1444,5934695447884692864,EmLine*
UCAC4 576-009472,66703354665816064,EmLine*
[MA93]  945,4689283574825836544,EmLine*
[MDN2017] VPHAS OB1 02387,5255260174559793536,EmLine*
HD 233605,1013059644120101888,EmLine*
HD 279450,171111948044483456,EmLine*
WRAY 15-1531,5937536001803500032,EmLine*
KHA  47,3351836359483683072,EmLine*
HD 294109,3217053826102423936,EmLine*
[BSM2001] CTIO-1962,4182453034180254464,EmLine*
TYC 4895-338-1,3827557481329444096,EmLine*
HD  81898,1024901139537300736,EmLine*
HD 279600,176994403972884224,EmLine*
2MASS J20023924+4424163,2076083360065275264,EmLine*
HD  68126,3070570015101511808,EmLine*
TYC 2081-1830-1,4581426328860125696,EmLine*
TYC  813-827-1,602230182418629248,EmLine*
TYC 2312-1455-1,304716732672396928,EmLine*
BD+42  1824,921801278526678528,EmLine*
BD+40  2927,1377794417290239872,EmLine*
TYC 3037-678-1,1498140294277173248,EmLine*
BD-09  1910,3048246974127485056,EmLine*
SS  74,3127797533747206784,EmLine*
UCAC4 104-013912,4658040780189201280,EmLine*
UCAC4 647-111237,1932119251749494272,EmLine*
TYC 3459-277-1,1543134646547132288,EmLine*
[D75b] Em* 05-028,3418131477501592576,EmLine*
HD 292121,3107276145649387264,EmLine*
TYC 2576-696-1,1323623197376450688,EmLine*
TYC 3490-1243-1,1397502957059642880,EmLine*
BD+43  2504,1391409974718226688,EmLine*
PM J13259+2810S,1449524112048744960,EmLine*
TYC 1999-570-1,1251778874233902848,EmLine*
[MA93]  189,4688951797235317504,EmLine*
TYC  788-29-1,3152114229824779520,EmLine*
UCAC4 624-024843,3449692447678816384,EmLine*
UCAC2   1804353,4657615681465118720,EmLine*
TYC  668-737-1,3299167141170181888,EmLine*
HD  67028,3084669396304276736,EmLine*
HD 283084,166696824746224768,EmLine*
TYC  760-702-1,3353564001487357952,EmLine*
TYC 2520-1586-1,757891647039104640,EmLine*
UCAC4 575-029184,3383761126272259200,EmLine*
2MASS J05535876+0235098,3316203970763661312,EmLine*
OSHA S38,2278294199920468480,EmLine*
TYC 7818-504-1,6099548490331348224,EmLine*
[MA93] 1554,4687507004578786176,EmLine*
Brun 993,3017168174153255424,EmLine*
BD+37  1935,718443304435258752,EmLine*
UCAC4 625-023095,182895345443605248,EmLine*
ESO-HA 2050,3046218650053198208,EmLine*
BD+08  2541,3911481146588549888,EmLine*
TYC  703-715-1,3338717124177378816,EmLine*
BD+31  2405,1465201296730357760,EmLine*
EM* GGA  288,270653445833247872,EmLine*
NGC  5272  1257,1454729547992358656,EmLine*
TYC   81-577-1,3286731561580743680,EmLine*
TYC 1544-816-1,4560667618048160768,EmLine*
UCAC4 609-017207,181280261643374464,EmLine*
TYC 3799-1129-1,1033469569229373440,EmLine*
BD+02  2275,3834461971970225408,EmLine*
TYC 3884-871-1,1622137855538324480,EmLine*
HD 118775,1443498071069711744,EmLine*
UCAC4 562-019361,3403462587934631168,EmLine*
TYC 3877-1075-1,1428899919611390720,EmLine*
TYC 2353-174-1,138145149175271552,EmLine*
TYC 4738-227-1,3205237099759983616,EmLine*
TYC 3300-2574-1,438266129404294912,EmLine*
[MA93]  158,4685778091265971968,EmLine*
EM* RJHA   69,3113434750793067264,EmLine*
TYC  760-2064-1,3353411169371385344,EmLine*
HD   2668,2807013981250868480,EmLine*
EM* VES  800,270720004945832064,EmLine*
HD  52740,3353505967889604224,EmLine*
TYC 3869-656-1,1596427940786153728,EmLine*
TYC 4729-1516-1,3203377207122780288,EmLine*
[BE74] 471,4657723948989525376,EmLine*
TYC 3449-371-1,836274770128069888,EmLine*
HD 115867,3938629085110870016,EmLine*
TYC 1957-1202-1,695216327456621568,EmLine*
TYC 2997-242-1,817926532399959040,EmLine*
EM* GGA  292,258728868570772096,EmLine*
[MA93] 1502,4687482196845700224,EmLine*
UCAC4 619-021788,181198008727755264,EmLine*
TYC 2454-215-1,881589904916290816,EmLine*
BD+30  2361,1464480669938781568,EmLine*
HD 110600,3959423255173780992,EmLine*
Gaia DR3 3440937204088220032,3440937204088220032,EmLine*
ESO-HA 1862,3046088873317548672,EmLine*
[BVD2011] 5,2179300593934964736,EmLine*
LS   V +24   13,3425933749452424064,EmLine*
VSS   IX-8,121393406626748544,EmLine*
TYC  711-2112-1,3390188145395031552,EmLine*
TYC  799-1610-1,600589126955129088,EmLine*
UCAC4 613-025481,3448235349957857024,EmLine*
UCAC4 584-048271,1459637905333066368,EmLine*
BD+28  2108,4010015805257533312,EmLine*
[BNM2013] 14.04   941,2207244303996884224,EmLine*
BD+16  3445,4522757213037602176,EmLine*
ESO-HA  242,5524618773608770432,EmLine*
TYC  665-560-1,38434292239677056,EmLine*
2MASS J05321702-0210458,3217122545579185664,EmLine*
UCAC2   4774441,5242144096012433024,EmLine*
UCAC4 638-050348,1295185188117756288,EmLine*
TYC 4853-1651-1,3066860022351179264,EmLine*
[PGH2017] 24617,375331698734441600,EmLine*
UCAC4 503-032036,3350823159518208000,EmLine*
EM* VES  268,2071337863573255552,EmLine*
BD+22  2536,3944154818235478272,EmLine*
TYC 3925-1046-1,2142029731026891648,EmLine*
[MA93]  480,4685938654356592768,EmLine*
2MASS J05325024-0426350,3209812889198336768,EmLine*
TYC 3148-1648-1,2079595509439491200,EmLine*
EM* VES  173,2058907923306580096,EmLine*
TYC  729-460-1,3343901695163511168,EmLine*
TYC 1039-1062-1,4310107781577602560,EmLine*
EM* VES  132,1860833240003162496,EmLine*
TYC 3408-2005-1,929649175912918912,EmLine*
BD+09  2080,597308149896725504,EmLine*
TYC 2596-415-1,1333748050201491712,EmLine*
TYC  863-86-1,3972213289823946624,EmLine*
BD+27  2139,4008820429959330304,EmLine*
[MA93] 1834,4687168797344317184,EmLine*
CD-48  4176,5328400100321836800,EmLine*
[MA93]  775,4689006150043735424,EmLine*
TYC 2438-115-1,889731822879416704,EmLine*
TYC  676-757-1,3310311443135465728,EmLine*
UCAC4 480-023802,3132625862962571136,EmLine*
BD+37  1913,717882278626884736,EmLine*
TYC 3888-1499-1,1416753962552761216,EmLine*
TYC 1742-883-1,2808482172871902976,EmLine*
THA 17-81,6055659559572524416,EmLine*
EM* MWC   43,458488622150449280,EmLine*
TYC 3440-831-1,827503106879050112,EmLine*
UCAC4 560-020649,3424220405394997120,EmLine*
TYC 4852-1303-1,3070076334380435584,EmLine*
UCAC4 437-047665,5762334321399523840,EmLine*
2MASS J22150844+6131551,2204631147119564288,EmLine*
[MA93]  183,4685783039057239040,EmLine*
TYC  144-2834-1,3324819228485347072,EmLine*
TYC  203-280-1,3094985839030504320,EmLine*
EM* GGR  188,430886271779758464,EmLine*
UCAC4 836-018207,2278689646149789952,EmLine*
BD+41  2436,1497126681995437952,EmLine*
TYC  195-1090-1,3089777555526613120,EmLine*
2MASS J09505041+2715562,647063731112981632,EmLine*
WRAY 15-1332,5885312978990231808,EmLine*
2MASS J10484920+1230588,3872430444939827840,EmLine*
TYC 1451-217-1,3937151650722314496,EmLine*
HD 286527,3303759217125187584,EmLine*
UCAC4 615-011583,218429121711865472,EmLine*
[MA93]  653,4689009624686001664,EmLine*
TYC  813-1292-1,602060823267549312,EmLine*
HD 233794,836147089340239872,EmLine*
BD+28  2191,1460141722177091840,EmLine*
HD 253339,3425460276554366976,EmLine*
UCAC2  28659849,5167274500982679552,EmLine*
TYC 2545-3-1,1453783177713339776,EmLine*
[MBF2010] NGC 346 35,4690503753578779392,EmLine*
BD-06  4827,4253000728198522240,EmLine*
2MASS J05303148-6619034,4660350544861963392,EmLine*
HD 256575,3330624031406656256,EmLine*
HD  95189,3994996643924952448,EmLine*
2MASS J15105235+3201301,1276711193748202624,EmLine*
TYC 2325-384-1,133419589937420288,EmLine*
BD-02  3366,3792405720927584768,EmLine*
UCAC4 563-020279,3427317454771797760,EmLine*
TYC 3011-2535-1,829387669820831616,EmLine*
[BSM2001] CTIO-88,4182446059159612416,EmLine*
UCAC4 463-020045,3127004270466492160,EmLine*
EM* LkHA  125,4066493938050521728,EmLine*
[MA93]  646,4689058174981315456,EmLine*
HD  89023,739335056153783552,EmLine*
HD 114635,1461065208863988224,EmLine*
BD+23  2371,3979901762319771648,EmLine*
[MA93]  753,4685884537757386752,EmLine*
GSC 05125-01019,4252960145025798656,EmLine*
TYC 1946-301-1,691243517068166656,EmLine*
ESO-HA 2095,3046194976191848064,EmLine*
TYC 2540-931-1,1470480739251265408,EmLine*
ATO J304.6043+40.6393,2062345958707497344,EmLine*
TYC  298-110-1,3691992752801475456,EmLine*
EM* VRMF   13,5942240983838918144,EmLine*
TYC 2491-289-1,718663481638443008,EmLine*
HD  57600,989407637179193984,EmLine*
EM* VES  355,2162604028829317120,EmLine*
OSHA S12,2278545060370651008,EmLine*
TYC 1220-945-1,100347998156541184,EmLine*
UCAC2   1256487,4651692092638923904,EmLine*
TYC 2394-517-1,181849499428917632,EmLine*
CD-23 12859,6049441477705185536,EmLine*
TYC 3471-638-1,1511899067390920960,EmLine*
UCAC4 515-048739,608281344663019648,EmLine*
[BVD2011] 91,2178572858981499648,EmLine*
TYC 2455-1456-1,887135016933051008,EmLine*
HD 344609,2021046480912125568,EmLine*
BD+08  2643,3709625655136437760,EmLine*
SS  85,3052931683937087232,EmLine*
TYC 3460-1846-1,1553027227539544192,EmLine*
UCAC2   4136878,5862461931932192512,EmLine*
[MA93] 1058,4689021066479702528,EmLine*
TYC 1421-285-1,3889063994284105472,EmLine*
2MASS J16154569+5521381,1429430777568952448,EmLine*
Gaia DR3 2057893108408257152,2057893108408257152,EmLine*
TYC 3813-1196-1,1026337621414749312,EmLine*
OGLE SMC-SC1  35532,4685817123919513856,EmLine*
UCAC4 622-014427,170820405670051712,EmLine*
[BE74] 481,4655324471019183488,EmLine*
UCAC4 725-055369,1419650827798621824,EmLine*
TYC 3010-475-1,764705153093153280,EmLine*
BD+32  2546,1288632133176595328,EmLine*
BD+12  1506,3163070931914700672,EmLine*
[GM76] 124,5861356201229425664,EmLine*
AL 297,4660168438242352896,EmLine*
AG+26   82,2808261759445789056,EmLine*
TYC 3476-722-1,1591412724655211648,EmLine*
TYC 3054-1806-1,1382615157302299392,EmLine*
BD+38  2293,4033492440094136192,EmLine*
TYC 1420-591-1,3889384222750005248,EmLine*
TYC 4736-491-1,3229655638105558016,EmLine*
TYC  230-426-1,578721970981444864,EmLine*
UCAC4 591-019027,3445318246824244736,EmLine*
TYC 3495-1263-1,1423174148386024448,EmLine*
EM* GGA  374,3324782704083712640,EmLine*
[H2013] LMCe  165,4655301896719975552,EmLine*
Gaia DR2 2062361553724539776,2062361553724539776,EmLine*
2MASS J05362988-0551333,3017194257492577536,EmLine*
TYC 1981-2197-1,3993723512538793600,EmLine*
ESO-HA   26,5526629260681031936,EmLine*
HD 250650,3343532499773951360,EmLine*
UCAC4 676-053437,782321528393783680,EmLine*
Gaia DR3 2162392514586313088,2162392514586313088,EmLine*
HD 306932,5336362523040768512,EmLine*
V* V770 Cen,5337522537830057600,EmLine*
2MASS J05265864-0357428,3210618826924450560,EmLine*
TYC 2406-909-1,3444050814860576768,EmLine*
TYC 4715-252-1,5169196069350807040,EmLine*
HD  76068,1009987982293390720,EmLine*
VPHAS J180307.5-241713.3,4066026439428627072,EmLine*
HD 128040,1480264601735006848,EmLine*
UCAC4 595-019841,3445522751692283520,EmLine*
HD  36858,189235232567729792,EmLine*
IRAS 05294-0355,3209920022862332288,EmLine*
TYC 2016-487-1,1266415740528542592,EmLine*
[BE74] 361,4658450382594073344,EmLine*
HD  19999,5167387926774634496,EmLine*
TYC 3870-1533-1,1596767208843246336,EmLine*
TYC 4852-1727-1,3070190851093174784,EmLine*
CPD-60  4489,5863606626608524032,EmLine*
ESO-HA 2085,3045711702172178048,EmLine*
CD-51  3285,5324480581885468288,EmLine*
[PGH2017] 23502,375320463100957696,EmLine*
BD+37  4458,1950036377841652992,EmLine*
HD   4299,2810213903685618944,EmLine*
2MASS J05063065-0400474,3212902791749827584,EmLine*
[D75b] Em* 02-080,458046721552378240,EmLine*
UI +39-87,1532216049406785920,EmLine*
2MASS J05301009-0600426,3209010658027227904,EmLine*
EM* MWC  712,458395919573438208,EmLine*
HD 163332,4580843617756647680,EmLine*
GSC 01864-01808,3424490404218084096,EmLine*
TYC 3435-620-1,810313479530099328,EmLine*
TYC 2591-341-1,1333412630435574272,EmLine*
TYC  792-316-1,654232650006885376,EmLine*
LAMOST J042019.54+463601.5,233812869934508800,EmLine*
WRAY 15-1348,6239807858624434816,EmLine*
TYC 2856-991-1,239717625330142464,EmLine*
CW Blue 152,4182449224543926784,EmLine*
EM* VES  976,431630851621447552,EmLine*
TYC  896-427-1,3738699353913602944,EmLine*
TYC   73-723-1,3259592071258080768,EmLine*
BD+31  1844,709395904286867840,EmLine*
TYC 3422-673-1,1027619995570295296,EmLine*
TYC 2454-221-1,879175098207388160,EmLine*
TYC 3859-806-1,1605496437814294144,EmLine*
UCAC4 477-022822,3131045525455243648,EmLine*
TYC  806-919-1,650608625322898560,EmLine*
2MASS J05222327-1009047,3014084495011376640,EmLine*
TYC 3471-948-1,1511831687944041216,EmLine*
TYC  687-637-1,3295521538569772160,EmLine*
HD 115243,1563308760772480128,EmLine*
TYC 3851-430-1,1559365637197742976,EmLine*
2MASS J05353214-0112035,3217596641249263232,EmLine*
HD 288343,3315094043839628288,EmLine*
TYC 2015-455-1,1242829777296774528,EmLine*
TYC 1880-917-1,3382666356288784384,EmLine*
AL 368,4657807958557576192,EmLine*
TYC 2018-720-1,1279449115138883200,EmLine*
[BSM2001] CTIO-845,4182452523079049728,EmLine*
TYC 1431-867-1,3986579336953106944,EmLine*
VPHAS J180408.5-242125.5,4065975926305064064,EmLine*
HD  23804,3278320881745384832,EmLine*
HD  22639,3251019801868198912,EmLine*
TYC 2390-1006-1,3446917825788883072,EmLine*
HD 280769,187552395662731136,EmLine*
UCAC4 625-022190,183610367302322304,EmLine*
UCAC4 623-015634,176774398574803456,EmLine*
TYC 1974-1036-1,740518985363099648,EmLine*
BD+15   184,2591602615234690688,EmLine*
TYC 2036-895-1,1222788257304202240,EmLine*
[W74] 26,5861489684447376768,EmLine*
UCAC4 577-052757,1219251708216802688,EmLine*
PM J15365+2111,1211180163295886976,EmLine*
UCAC4 473-020580,3130545969215428480,EmLine*
BD+16  2625,1232232237551339264,EmLine*
BD-01  2263,3838053453688003968,EmLine*
HD 110949,1513212708907945856,EmLine*
UCAC4 754-000100,429377299458212224,EmLine*
HD 233926,1572610659206737664,EmLine*
HD 294209,3210692528563041024,EmLine*
BD+05   615,3285098851236961920,EmLine*
HD  36000,3338151631603789440,EmLine*
EM* StHA  153,2268879833469563264,EmLine*
[BVD2011] 146,2175199484281510144,EmLine*
BD+27  2244,1449128257798284800,EmLine*
[MDN2017] VPHAS OB1 01310,5255669089785508608,EmLine*
TYC 2534-1335-1,1467970554204736640,EmLine*
TYC 3217-1553-1,1917160739650550272,EmLine*
TYC  803-479-1,650359207982207872,EmLine*
BD+05   548,3276565408352005504,EmLine*
TYC  735-1301-1,3330735249578570880,EmLine*
AG+48  662,978250205496408064,EmLine*
UCAC4 668-061827,1396342663054633088,EmLine*
TYC 3781-221-1,983994054240621824,EmLine*
EM* GGA  233,462035023880343936,EmLine*
Cl* NGC 2244    CDZ     114,3131282156674683136,EmLine*
LS   V +57   41,457993944995787520,EmLine*
BD+60   330,511265008484294528,EmLine*
TYC 3378-1786-1,969688136653874688,EmLine*
BD+61  2353,2207104670316289536,EmLine*
Kiso A-0904 108,3222576088891688064,EmLine*
EM* UHA   88,2163710622875461760,EmLine*
ESO-HA 1977,3045730187711739776,EmLine*
[BVD2011] 61,2179401993827288704,EmLine*
TYC  899-584-1,3740341852487544576,EmLine*
TYC  877-936-1,3904412558132104448,EmLine*
BD+49  2385,1594387693881688576,EmLine*
BD+11  2480,3903473540842506112,EmLine*
BD+30  1820,699331829542428544,EmLine*
2MASS J08352896-4041071,5528460600376689664,EmLine*
[BNM2013] 41.04  2656,1974546308794925056,EmLine*
UCAC4 659-006290,348041579616129536,EmLine*
UCAC4 737-006432,424819342720706560,EmLine*
TYC 2764-1165-1,1916444888861419392,EmLine*
UCAC4 705-028606,271644350628810368,EmLine*
EM* StHA    1,2361512764692583936,EmLine*
TYC 2560-1183-1,1293901954968539648,EmLine*
[MMN2004b]  3,2218013023954679936,EmLine*
K2-80,38723395078288256,EmLine*
ESO-HA 1985,3046417141958861056,EmLine*
PM J03455+3706,223158499179138432,EmLine*
TYC 4816-2775-1,3110190195059161344,EmLine*
HD 279531,176857549141199488,EmLine*
HD  18655,8459436305683712,EmLine*
TYC 1739-1751-1,2803615910500873216,EmLine*
BD+16  3492,4521882237997683584,EmLine*
EM* VES  755,465888228017817344,EmLine*
EM* AS   28,510003318894246656,EmLine*
TYC 3493-989-1,1399906455117801472,EmLine*
HD 302570,5258237961260082560,EmLine*
GSC 04466-01432,2224078003110762240,EmLine*
[NSW2012] 271,2178137138833479808,EmLine*
WRAY 15-198,5543314285220881536,EmLine*
AL 334,4658551881245064448,EmLine*
UCAC4 554-020847,3423059389835422592,EmLine*
TYC 3864-589-1,1607415188683038336,EmLine*
[BE74] 358,4658447530736127360,EmLine*
UCAC4 107-010892,4658467493746357504,EmLine*
BD+51  1922,1604627205153415552,EmLine*
TYC  861-739-1,3964147787918649216,EmLine*
TYC 8674-2084-1,5870204207451198848,EmLine*
BD-07   532,5180910133089751808,EmLine*
TYC 3436-561-1,823376124344370048,EmLine*
TYC 4857-1566-1,3065636742650086528,EmLine*
UCAC4 626-027687,3455449250042888448,EmLine*
TYC 3870-1171-1,1404956099707381504,EmLine*
HD  85989,3834580994103982464,EmLine*
TYC 4725-988-1,3253451612351230592,EmLine*
2MASS J05400444-1230217,3009253996833465600,EmLine*
BD+31  2452,1465956729938909184,EmLine*
TYC  802-896-1,650293615240865536,EmLine*
[MA93]  802,4688993780577945728,EmLine*
[BE74] 149,4659428325142884992,EmLine*
HD 294030,3210401780753539200,EmLine*
TYC 1964-1084-1,642809200933966720,EmLine*
TYC  742-1387-1,3344780243612555648,EmLine*
[MDN2017] VPHAS OB1 01747,5255606589418771200,EmLine*
TYC  194-851-1,3083656436857314304,EmLine*
UCAC4 573-022836,3427988637903046656,EmLine*
VPHAS J180455.1-240644.5,4066126013959231744,EmLine*
Cl* NGC 6913   SAND      79,2061181919488829184,EmLine*
[M81] I-684,4104109222935934720,EmLine*
JW 1045,3017348257845029376,EmLine*
TYC 3042-67-1,1493425794575874944,EmLine*
HD 155677,4546678943921244672,EmLine*
[BE74] 247,4658723783020390144,EmLine*
TYC   55-301-1,115727894578176,EmLine*
[NSW2012] 570,2178274856968354560,EmLine*
EM* StHA   97,1664018901979115008,EmLine*
TYC  221-482-1,581576887283673984,EmLine*
2MASS J05442664-0642555,3016185489933354496,EmLine*
TYC  886-1320-1,3735328010745722240,EmLine*
BD+28  1957,730634998600034048,EmLine*
BD+07  2531,3901460644289836032,EmLine*
BD+41  2291,1533366310368181888,EmLine*
LAMOST J065651.51+334831.3,939116799957976832,EmLine*
HD 233752,847432098730431872,EmLine*
TYC 2618-282-1,1342408284817832960,EmLine*
TYC 4706-434-1,5180432532726539648,EmLine*
BD+20  2712,3951933244526784256,EmLine*
TYC 1950-798-1,686656079678111360,EmLine*
BD+41    41,385204007482423808,EmLine*
BD+30  2180,4020944847757489920,EmLine*
BD-05  1242,3209214067678229632,EmLine*
TYC  755-998-1,3351622259654534016,EmLine*
TYC  729-1252-1,3345365385657486976,EmLine*
UCAC4 472-019902,3130523596729721856,EmLine*
ESO-HA 1152,3209535125074880896,EmLine*
TYC  212-1359-1,3075702977760076160,EmLine*
TYC 2594-1597-1,1313419179715110528,EmLine*
CD-42  3941,5533275606618678400,EmLine*
LGGS J000201.95-152744.8,2415883855203555712,EmLine*
CPD-59  2268,5254360464828408448,EmLine*
[D75b] Em* 20-028,2062310770028859776,EmLine*
UCAC4 602-020531,3446637415964576512,EmLine*
BD+60   606,466127444816945280,EmLine*
2MASS J05261647-0403216,3210611199062320896,EmLine*
UCAC4 603-024192,3444546728964129152,EmLine*
TYC 2785-663-1,383170426368620800,EmLine*
TYC 1414-232-1,627476236406358272,EmLine*
EM* VES  844,259599849278868864,EmLine*
HD 233327,981322103546125056,EmLine*
TYC  877-486-1,3928677542806618240,EmLine*
[BE74] 624,4656860076446989952,EmLine*
TYC 2043-1094-1,1299033307016285568,EmLine*
2MASS J05322568-0438584,3209802684356068480,EmLine*
HBHA 6207-38,2011778869186405632,EmLine*
[MA93] 1657,4687510298796007168,EmLine*
TYC 3880-841-1,1621562914036268672,EmLine*
HD 130638,1283468208100550656,EmLine*
TYC   91-795-1,3282173982804630528,EmLine*
LS  IV +02    7,4268925225663922048,EmLine*
UCAC4 566-023913,3425121386454695808,EmLine*
TYC  880-401-1,3932844107760307200,EmLine*
TYC  738-756-1,3330364237423268608,EmLine*
UCAC2  32247087,4266928826077514240,EmLine*
TYC 3879-315-1,1426298719913889536,EmLine*
LHA 115-S  17,4685936249174300416,EmLine*
Hen 3-1677,4097302249519205888,EmLine*
2MASS J05283820-0054025,3220341056630497280,EmLine*
HD  48472,3134462086040353792,EmLine*
BD+36  2554,1293350652966991360,EmLine*
LIN 204,4688963131617581952,EmLine*
2MASS J05405991-0630477,3016240190636604544,EmLine*
UCAC4 603-028568,3449830363371885568,EmLine*
TYC 3294-239-1,352108604408146048,EmLine*
UCAC4 531-021971,3348702506526967040,EmLine*
Kiso A-0904 213,3219993714036545408,EmLine*
HD 101060,3972411339355935360,EmLine*
TYC 1965-173-1,696507635142812928,EmLine*
BD+47   426,399127226305601280,EmLine*
HD  78699,5759878321660662528,EmLine*
BD-04  1556,3104310140012385920,EmLine*
[BE74] 190,4661336566277697280,EmLine*
UCAC4 660-054231,778366237175452288,EmLine*
BD-05   587,5181911238426924288,EmLine*
HD 291672,3120350743350143232,EmLine*
[BVD2011] 90,2178385735848603776,EmLine*
AL  55,4661465209126624512,EmLine*
UCAC4 731-027857,459573462161370368,EmLine*
BD+41  1915,816338150415129856,EmLine*
UCAC4 107-011908,4657742056573285376,EmLine*
BD+11  2497,3927300851169973888,EmLine*
HD 127763,1480418365860693248,EmLine*
2MASS J05291646-0325445,3210753383957056128,EmLine*
HD 286848,3307410935757844864,EmLine*
TYC 2455-520-1,896322020699075584,EmLine*
EM* VES  671,507976644079288192,EmLine*
TYC 3407-3068-1,926393285761209984,EmLine*
TYC  990-700-1,4541821542068288768,EmLine*
TYC 1208-33-1,95927239858187520,EmLine*
TYC  311-1558-1,3665351620420018688,EmLine*
TYC 3824-898-1,843618408289944704,EmLine*
WRAY 15-433,5409926207463422592,EmLine*
TYC  780-144-1,3145406689201633920,EmLine*
WSB 79,6050852803960892160,EmLine*
TYC 3507-228-1,1418749885395122688,EmLine*
[W74]  2,6054530906574588416,EmLine*
HD 160095,4053707854786844032,EmLine*
BD+44  3091,2127116298907259392,EmLine*
TYC 1937-1022-1,875870829544155392,EmLine*
TYC 1204-1509-1,288755053652149376,EmLine*
HBHA 3203-17,2030465069346697344,EmLine*
TYC 2394-444-1,180981331918856832,EmLine*
BD-03  2550,5759491740244515968,EmLine*
UCAC4 577-028102,3431799510843750912,EmLine*
[MA93] 1817,4687167014949597056,EmLine*
BD+46   965,206806386156695040,EmLine*
UCAC4 626-023497,183608378733409792,EmLine*
UCAC4 585-019309,3441476209600387072,EmLine*
TYC 1543-1632-1,4560776160459778560,EmLine*
NGC  1960    47,3449518518684250752,EmLine*
TYC 1203-114-1,289719050471885696,EmLine*
HD  20719,3261120946471917568,EmLine*
Kiso A-1047  21,3013413174442957696,EmLine*
BD+47  1640,1012239477165547136,EmLine*
2MASS J07041680-1124324,3046028915574513536,EmLine*
TYC  888-190-1,3929043817616927360,EmLine*
GSC 02557-00082,1287622163027043328,EmLine*
TYC 3278-1746-1,398685909826434048,EmLine*
TYC 2501-1227-1,697682016642592256,EmLine*
BD+50  2032,1510534710901110144,EmLine*
EM* GGA  252,486469646880886656,EmLine*
2MASS J00463185+4158590,375305688414531456,EmLine*
BD+36  2024,795714022401255168,EmLine*
TYC 2340-1431-1,122700073117252480,EmLine*
HD 256602,3368744683655273728,EmLine*
KOI-3880,2099518758909586304,EmLine*
LIN  57,4688854829720262784,EmLine*
HD  61036,3165374202616092800,EmLine*
UCAC4 454-021836,3125609917924084352,EmLine*
BD+33  2532,1288984144399174272,EmLine*
TYC  168-3202-1,3139076220945258880,EmLine*
Gaia DR2 523351660630742912,523351660630742912,EmLine*
TYC 2793-1364-1,384933184026211968,EmLine*
BSD  55-421,4022642047034195328,EmLine*
UCAC4 596-031299,3433835149245778432,EmLine*
HD 118671,3661820538827520640,EmLine*
TYC 3833-681-1,792592513186024576,EmLine*
ESO-HA  734,3209407890961955456,EmLine*
TYC  226-722-1,3843029607092153088,EmLine*
HD  33051,202270866330655360,EmLine*
HD  55286,3167161905445915648,EmLine*
UCAC4 565-021107,3424350628802486400,EmLine*
TYC 1817-846-1,67075504991633152,EmLine*
BD+02  1635,3111987273795080704,EmLine*
TYC 3487-168-1,1589711432272952448,EmLine*
HD  11717,349806879895252352,EmLine*
UCAC4 614-018765,181493257661902976,EmLine*
ESO-HA 2081,3045763555317240448,EmLine*
HD  98842,3993795191248606080,EmLine*
TYC  177-999-1,3142827788977036160,EmLine*
UCAC4 591-021521,3441799496083526400,EmLine*
LIN 306,4685962706180212864,EmLine*
TYC 3019-487-1,1538643652648111872,EmLine*
WRAY 15-471,5308318787449255424,EmLine*
BD+18  3216,4562480025523777664,EmLine*
UCAC4 593-022523,3443142313313938816,EmLine*
TYC 4725-1055-1,3256822130886568576,EmLine*
TYC 4706-470-1,5183692034947065856,EmLine*
TYC  887-1008-1,3736651822745399296,EmLine*
HD 294219,3209833401962515456,EmLine*
EM* VES  841,203487716464842624,EmLine*
UCAC4 489-030932,3133292240027763456,EmLine*
CD-63   910,5852414663449818752,EmLine*
TYC   51-577-1,4748382699138432,EmLine*
2MASS J15500976+5324346,1597168461867867648,EmLine*
TYC  899-95-1,3740620200727916928,EmLine*
HD 243322,3447492531070051328,EmLine*
TYC 1550-1703-1,4556826680329114368,EmLine*
[BE74] 318,4658429904186189952,EmLine*
HD 236794,509026815124920832,EmLine*
HD 286903,3306287574175745792,EmLine*
TYC  900-721-1,3722097175011517568,EmLine*
TYC 3561-1663-1,2080632520701306880,EmLine*
WRAY 15-961,6058213415880303104,EmLine*
BD+25  2518,3959988575949248512,EmLine*
TYC 1454-276-1,3939587378214190592,EmLine*
BD+28  2090,4009750341918765056,EmLine*
CPD-59  3793,5335425876583342208,EmLine*
BD+33  2457,1477954257228531840,EmLine*
2MASS J05464283-1243034,2997093604387882112,EmLine*
EM* AS  258,4067576441578915968,EmLine*
UCAC4 347-077201,6243914607573143040,EmLine*
UCAC4 568-020719,3427495055963264768,EmLine*
BD+41  4033,1969790994028248320,EmLine*
ESO-HA 2054,3046217722338595968,EmLine*
EM* AS  380,2055186179525827712,EmLine*
[BE74]  30,4658931006615623040,EmLine*
TYC  704-1622-1,3339184760215321728,EmLine*
UCAC4 102-016586,4657498033702366976,EmLine*
[MDN2017] VPHAS OB1 03290,5350652119735132160,EmLine*
TYC 3013-1238-1,767702421790492928,EmLine*
TYC 4691-316-1,2499915955502145664,EmLine*
TYC  728-2585-1,3343882595447539328,EmLine*
[MA93]  627,4685863956270957824,EmLine*
UCAC4 109-009574,4659278933308146304,EmLine*
[M60b]+34  62,4016622323951609088,EmLine*
EM* GGR  180,428919490302052608,EmLine*
2MASS J07111548+3737530,946018292710519040,EmLine*
TYC 3249-521-1,388274629925415808,EmLine*
ESO-HA 1484,3017356710345330816,EmLine*
TYC 2576-1849-1,1322731699605098240,EmLine*
OGLE SMC-SC10 112284,4687412927608649984,EmLine*
BD+11  1867,601583257264604544,EmLine*
TYC 3782-519-1,985222346167804672,EmLine*
TYC 3456-263-1,1544003741768920832,EmLine*
TYC 3188-266-1,1954055092843777024,EmLine*
BD+33  2003,748478315676847360,EmLine*
BD+35  2660,1290732784500275200,EmLine*
WRAY 15-1556,5969587173702510336,EmLine*
WRAY 15-381,5314115932442088832,EmLine*
BD+41  2194,770379590869714560,EmLine*
LAMOST J072145.16+111714.3,3156736885946425344,EmLine*
TYC 2987-715-1,815431087682099328,EmLine*
TYC 3004-1146-1,805139693208743552,EmLine*
LS  II +38   25,2061317911028478208,EmLine*
ESO-HA 1909,3046025685759480960,EmLine*
HD  59840,5618256963408339840,EmLine*
BD-04   526,5183004599661464960,EmLine*
EM* AS  515,2016125165635308544,EmLine*
TYC 3404-384-1,980407722189569408,EmLine*
TYC 1817-1309-1,67140371880098304,EmLine*
[MA93] 1582,4690534677356731008,EmLine*
[MA93] 1384,4687409010597243776,EmLine*
UCAC4 654-055771,1491279994555810304,EmLine*
BD+43  4443,1937057433347858048,EmLine*
HD 127244,1491766047413969920,EmLine*
TYC 2905-1386-1,204671684328829696,EmLine*
TYC 1564-3896-1,4553073119440881792,EmLine*
UCAC4 660-029917,201738122887151232,EmLine*
HD 279191,218636551452842496,EmLine*
TYC 3371-370-1,263048506156352768,EmLine*
HD 169071,4047962597346072960,EmLine*
Cl* Melotte  111     AV    1844,3959907005930334080,EmLine*
TYC 2465-394-1,895478450466045696,EmLine*
UCAC4 581-018070,3429311178591183232,EmLine*
UCAC4 502-028632,3326954372687998208,EmLine*
TYC  149-1056-1,3113967459876282496,EmLine*
[MA93] 1724,4687470205287320704,EmLine*
TYC 2450-113-1,945960332127639040,EmLine*
[MDN2017] VPHAS OB1 02164,5255368506473001088,EmLine*
UCAC4 565-025834,3377065134818777216,EmLine*
NGC  2244   385,3131303837669591296,EmLine*
TYC 4845-2116-1,3043239007896380672,EmLine*
Gaia DR3 3130252949367478912,3130252949367478912,EmLine*
TYC 3792-2299-1,990463443219240704,EmLine*
HD  93091,3802512741047586560,EmLine*
TYC 4899-1845-1,3822222208530045056,EmLine*
BD+13  1920,650832169779272064,EmLine*
BD-03  3110,3786987739942941696,EmLine*
EM* GGA  295,253577480495992064,EmLine*
LS   I +60   24,2012631025063830912,EmLine*
UCAC4 731-030138,445534279224504960,EmLine*
BD+58  1383,1577777818397682432,EmLine*
UCAC4 611-020059,180793865186479488,EmLine*
WRAY 15-409,5312806585901912960,EmLine*
2MASS J05182503-0832329,3206732950971053568,EmLine*
ESO-HA 1953,3045782002198333312,EmLine*
WRAY 15-769,5337229483625454208,EmLine*
TYC 2499-226-1,715578698687464576,EmLine*
TYC 3845-582-1,1576644977824016000,EmLine*
HD 275126,235413170447978496,EmLine*
HD  12744,330925649609200384,EmLine*
TYC 1199-1232-1,2785094770274350976,EmLine*
TYC 4773-1428-1,3025736878724439552,EmLine*
UCAC4 654-055518,1486059822584209920,EmLine*
TYC 3231-378-1,1919728820855312384,EmLine*
UCAC4 728-047915,1023934737536489728,EmLine*
TYC 3864-428-1,1612715384485867776,EmLine*
JW  814,3017359424758932608,EmLine*
WRAY 15-1389,5981710736825943552,EmLine*
KHA  93,3326936922238739072,EmLine*
EM* GGA  373,3345803231803611136,EmLine*
LS III +45   39,2163518895540468480,EmLine*
[MA93]    6,4688849950627540096,EmLine*
TYC 2329-1240-1,133888836584515584,EmLine*
LHA 115-S   9,4688972275642774528,EmLine*
BD+32  2539,1288682023516757504,EmLine*
LAMOST J052622.54+354652.4,184085493764609280,EmLine*
UCAC4 104-014243,4658412964832324608,EmLine*
[MDN2017] VPHAS OB1 01811,5255570580411340032,EmLine*
TYC  669-1298-1,3287305781528319616,EmLine*
TYC   64-988-1,3264582964990441088,EmLine*
TYC 1995-962-1,1464229019213975680,EmLine*
TYC   38-358-1,2507043196031867008,EmLine*
[MA93]  121,4685836021778423552,EmLine*
TYC 3450-147-1,839300557408592640,EmLine*
HD  90334,749183652386066432,EmLine*
NSV  7604,6050524634101137408,EmLine*
Haro 4-374,3017186595270964864,EmLine*
[RP2006]   20,4657177934123169920,EmLine*
TYC   67-168-1,3274223036266293248,EmLine*
UCAC4 115-007537,4658881081912474368,EmLine*
BD+32  2245,4015130527190375936,EmLine*
2MASS J05422602-0308566,3216159442110928256,EmLine*
EM* GGA  158,507388027399028864,EmLine*
BD-07   201,2475538167806820096,EmLine*
TYC 3844-1040-1,1577690441582648704,EmLine*
HD  28528,3312411480281424000,EmLine*
UCAC4 512-019280,3342504769934913152,EmLine*
Cl* NGC 2548    WTB     284,3064446010214414464,EmLine*
HD 289484,3115441118995999616,EmLine*
LAMOST J095605.06+382558.7,797129957157169152,EmLine*
EM* GGA  114,506423407802320896,EmLine*
WRAY 15-268,5525224638872016512,EmLine*
TYC 2716-648-1,1952145172426795776,EmLine*
HBHA 6207-22,2015439933675747584,EmLine*
BD+02   523,3268763205119807872,EmLine*
UCAC4 561-018760,3404160743459150976,EmLine*
HD   9816,295779283686299136,EmLine*
[MA93] 1631,4687436464031216128,EmLine*
AG+01  927,3135130550451213056,EmLine*
UCAC4 535-051515,3889611344916185856,EmLine*
ESO-HA 1979,3046406215560160000,EmLine*
HD 241570,3415049688144497152,EmLine*
TYC 2438-227-1,889899189165971712,EmLine*
TYC  767-1659-1,3156777838456102528,EmLine*
HD 105302,4027268684590180992,EmLine*
[MDN2017] VPHAS OB1 01414,5255536903557337088,EmLine*
[MA93] 1698,4687510990299358848,EmLine*
UCAC4 639-024817,184497540043224320,EmLine*
TYC  811-1829-1,597477474687298816,EmLine*
[MA93]  701,4685889171970198400,EmLine*
2MASS J21320707+5717018,2178051140714580352,EmLine*
TYC 3622-2339-1,1936114224171678080,EmLine*
UCAC4 585-017294,3441993697323635712,EmLine*
BD+22    62,2800939767918392576,EmLine*
EM* GGR  118,2013140167663713280,EmLine*
BD+30  2762,1318736864623615488,EmLine*
UCAC4 569-026345,3425559159582807168,EmLine*
GSC 04465-01727,2270621154949342720,EmLine*
KOI-6052,2126335954891168896,EmLine*
BD+33  1868,701086001562200064,EmLine*
BD+49  1677,934223316082775168,EmLine*
TYC 2843-1881-1,339725281684107904,EmLine*
Kiso A-0904 161,3216374087397072896,EmLine*
TYC 3203-660-1,1955673436517654400,EmLine*
HD 303868,5339570279503337984,EmLine*
TYC 1749-81-1,292006000297925376,EmLine*
UCAC4 565-025796,3377062695277386112,EmLine*
TYC 2606-1883-1,4597571866837454976,EmLine*
Ve 6-12,5522232386706566016,EmLine*
BD+25    33,2855650122191473408,EmLine*
TYC   83-770-1,3231113831041921024,EmLine*
TYC 3499-844-1,1407081764921885056,EmLine*
HD 106223,4013676766660722432,EmLine*
EM* VES  138,2074032324224790528,EmLine*
TYC  216-1173-1,3078968394151458048,EmLine*
TYC  447-486-1,4278745552425103872,EmLine*
HD 289089,3126360643849102720,EmLine*
[D75b] Em* 00-007,423794769680615808,EmLine*
TYC 3396-1678-1,977979725635906432,EmLine*
HD  87824,3835343849015182976,EmLine*
ESO-HA 1940,3046529090284097664,EmLine*
BD+29  2166,4021964503058143616,EmLine*
TYC 4847-2380-1,3083605309567006592,EmLine*
EM* GGA  208,464859192514416384,EmLine*
BD+16  2271,3972574200220093056,EmLine*
HD 286598,3305228989292659456,EmLine*
UCAC4 573-009273,66598832341871744,EmLine*
EM* VES  301,2065903978328953856,EmLine*
[MA93] 1204,4685899518606784256,EmLine*
HD 168307,4090654945822337536,EmLine*
TYC 3011-2246-1,782824967288536320,EmLine*
HD 233726,847996388713436032,EmLine*
UCAC4 622-020819,182174783072238464,EmLine*
TYC  210-1481-1,3078553427295982336,EmLine*
BD+42  3627,2080951550874276864,EmLine*
TYC 1492-912-1,1215291134189765376,EmLine*
TYC 3862-1021-1,1610126275120228608,EmLine*
HD  79576,1011210746598627072,EmLine*
TYC 4855-2274-1,3067967574158476416,EmLine*
TYC   70-1312-1,3276357218400134144,EmLine*
UCAC2  30952073,3214067758679410560,EmLine*
2MASS J05302612-0656597,3016636770736969856,EmLine*
HD  85929,643531992390064128,EmLine*
BD+28  2315,1259799360586321920,EmLine*
KHA 110,3326520997605841920,EmLine*
[MA93] 1381,4690509358506357632,EmLine*
HD 150846,6046343053954119296,EmLine*
TYC 2523-2375-1,4025421401975423104,EmLine*
TYC 1950-1343-1,689651321151986176,EmLine*
TYC  650-32-1,11820613287802368,EmLine*
BD+37  1207,184341817412298880,EmLine*
BD+13  4091,4317224679872895488,EmLine*
2MASS J05235639+3324325,182484952729907072,EmLine*
HD 251566,3342775009280137344,EmLine*
BD+56   251,413396722579537408,EmLine*
TYC 2047-1033-1,1302629328514988032,EmLine*
UCAC4 646-021525,199727214899842304,EmLine*
HD 113938,1460478550692651648,EmLine*
[MA93] 1541,4687431172631797888,EmLine*
TWA 45,5378040370245563008,EmLine*
BD+30  3526,2039736593719268608,EmLine*
BD+44  2460,1394301350997865088,EmLine*
BD+14  2401,3966035237066827648,EmLine*
UCAC4 554-019429,3399836913982753792,EmLine*
UCAC4 478-025035,3132355696639001600,EmLine*
HD 312902,4094834777972258816,EmLine*
TYC 4757-1409-1,3210722902572379392,EmLine*
[H2013] LMCe 1129,4651081215155959040,EmLine*
HD 154769,5973403514165963648,EmLine*
TYC 2579-1956-1,1323984386946070272,EmLine*
2MASS J05362139-0948291,3013647817096377600,EmLine*
BD+35  2158,751086602071632768,EmLine*
TYC 4904-132-1,3831526482082465664,EmLine*
UCAC4 695-027137,247214988966460928,EmLine*
BD+31  3005,1333668369968082944,EmLine*
BD+55   522,456956280895698560,EmLine*
2MASS J05441590-0407051,3023526413675324928,EmLine*
IRAS 02023+5042,358579230339311744,EmLine*
EM* MWC  438,507659331893355776,EmLine*
TYC 2918-837-1,195998740906855424,EmLine*
[BE74]  82,4660132635391939584,EmLine*
HD 233490,936248964394241536,EmLine*
HD  85030,793705390752235136,EmLine*
TYC 2466-1364-1,895300677475211008,EmLine*
Kiso A-0904  44,3222818733068263040,EmLine*
TYC 2501-1208-1,792986310147644544,EmLine*
EM* StHA   83,3560361591548024064,EmLine*
TYC 4897-108-1,3825466867343712000,EmLine*
TYC 3506-316-1,1413662135855608448,EmLine*
TYC 1196-1199-1,2784183966625366656,EmLine*
TYC 3000-972-1,802598515679222400,EmLine*
Gaia DR3 2072448890025073408,2072448890025073408,EmLine*
2MASS J05325157-0544111,3209388752587821440,EmLine*
TYC 8997-1805-1,5858995648476480512,EmLine*
BD+05   578,3297769009056867200,EmLine*
TYC 3258-1588-1,395413831949048192,EmLine*
TYC 2446-1139-1,891680909101643776,EmLine*
ESO-HA   97,5528237987927980416,EmLine*
UCAC4 683-026425,245772223550983936,EmLine*
TYC 3503-1228-1,1409061023290773248,EmLine*
TYC  245-861-1,3832074000218024576,EmLine*
[MDN2017] VPHAS OB1 02497,5255359435502074496,EmLine*
TYC 4733-532-1,3199118283193000192,EmLine*
2MASS J08375376+5317268,1030226319164636032,EmLine*
TYC 3282-1756-1,351135845855914624,EmLine*
TYC 3247-2310-1,386114574910976128,EmLine*
LS III +50    5,2180452023124688768,EmLine*
HD 236862,505959624349610880,EmLine*
TYC 3532-1905-1,2123108647740322176,EmLine*
UCAC4 569-008753,65705547863766272,EmLine*
TYC 2990-295-1,816900069575834112,EmLine*
EM* AS  112,3424831527700714240,EmLine*
TYC 2559-488-1,1480112078856689920,EmLine*
WRAY 15-868,5334880450076001152,EmLine*
BD+52  2092,1368450217721771520,EmLine*
TYC 2534-203-1,1517378036910189824,EmLine*
UCAC4 463-005874,3259904817893869696,EmLine*
TYC  177-722-1,3142460552093658624,EmLine*
2MASS J05352016-0528416,3017359459125981440,EmLine*
ESO-HA 1464,3017192608225149568,EmLine*
TYC 1586-3334-1,4512845145781734656,EmLine*
TYC 3138-918-1,2101098933219218944,EmLine*
TYC 2501-1053-1,792663427389906560,EmLine*
[BVD2011] 73,2178397899195900032,EmLine*
CD-25 12254,4067926601741849216,EmLine*
TYC  875-562-1,3710710185919047040,EmLine*
UCAC4 599-020930,3446111505807391744,EmLine*
TYC 3123-1134-1,2104360703178775552,EmLine*
HD 112931,3692163142744106240,EmLine*
CD-27  5536,5646672913713354496,EmLine*
HD  84576,1022287295456180096,EmLine*
BD+38  2153,755007696759285120,EmLine*
HBC 675,6730834946846153216,EmLine*
TYC 2525-2279-1,759280879981163136,EmLine*
BD+26  2523,1258434767872674432,EmLine*
HD 237006,460991900883348608,EmLine*
HD 317774,4055346981751423872,EmLine*
TYC 3032-1077-1,1549972062685127040,EmLine*
[SPB2016] SFO54  47,5528460600376692224,EmLine*
DIL 57,3341208063473558272,EmLine*
2MASS J05463501-1203306,3009162977885850368,EmLine*
[H2013] LMCe  471,4652150279713430784,EmLine*
BD+28  2181,1460499334038335616,EmLine*
TYC 1907-291-1,884741753780037120,EmLine*
TYC 3548-187-1,2132312419060050816,EmLine*
Gaia DR2 2205354041651134080,2205354041651134080,EmLine*
TYC  895-81-1,3738906749295009408,EmLine*
TYC 3028-285-1,1524695213778671488,EmLine*
EM* VES  807,258376921769774080,EmLine*
HAT-P-66,852608874351434752,EmLine*
HD  95398,3968086646590640512,EmLine*
EM* VES  327,2168325273170595328,EmLine*
UCAC4 624-020972,182327172809199488,EmLine*
TYC 3755-684-1,997189220270525440,EmLine*
BD+49  1834,1011896566976635648,EmLine*
[DP65] 23,430706402855604992,EmLine*
BD+17  2713,1233112121731479680,EmLine*
ESO-HA 1982,3046536198451389568,EmLine*
Cl* NGC 2682   SAND    1529,605011019123613568,EmLine*
TYC 3494-253-1,1400373541401124224,EmLine*
ESO-HA 1904,3046421471284086528,EmLine*
TYC 2938-615-1,962215546392812928,EmLine*
EM* AS  469,2174637878666636288,EmLine*
TYC 1786-525-1,115166872278624640,EmLine*
IPHAS J213745.74+565322.8,2178156590753746176,EmLine*
TYC 3449-202-1,835950860873613952,EmLine*
WRAY 15-1241,6101311625943442432,EmLine*
[MA93]  698,4685955696790975616,EmLine*
[D75b] Em* 22-049,2200440049307347200,EmLine*
[MDN2017] VPHAS OB1 02285,5255397750942785920,EmLine*
TYC 2035-55-1,1219034490248097792,EmLine*
TYC 1193-306-1,2802478701944790400,EmLine*
TYC 1003-768-1,4542862229824321536,EmLine*
TYC 2034-287-1,1219930420425824768,EmLine*
HD 291240,3121309418707838848,EmLine*
Cl* NGC 2682    FBC    4448,605025622012414720,EmLine*
UCAC4 589-029079,3433136379544342016,EmLine*
HBHA 1216-04,3328159338652489728,EmLine*
TYC   32-853-1,2560923285882151424,EmLine*
TYC  662-1363-1,3304854257689380224,EmLine*
BD+40   360,347470482109286528,EmLine*
BD+32  1917,793026030005156736,EmLine*
UCAC4 632-026393,183413490298407680,EmLine*
[BE74] 158,4655363499367780864,EmLine*
WRAY 15-1756,4056688871271418112,EmLine*
LP  170-2,774044091326403072,EmLine*
[MA93]  305,4685946419659346304,EmLine*
UCAC4 427-006077,3202965817975998080,EmLine*
TYC 1440-476-1,3977572068979545088,EmLine*
EM* LkHA  273,223841222882509696,EmLine*
TYC 3424-358-1,1011371275296545536,EmLine*
BD+24  2487,3956186052423527808,EmLine*
TYC   30-789-1,2511017312090946432,EmLine*
TYC  729-355-1,3345367825198907648,EmLine*
[BE74] 480,4655357348974376448,EmLine*
TYC 4959-733-1,3686366929759157376,EmLine*
UCAC4 469-019575,3130570463413892480,EmLine*
BD+39  2786,1487879342529490176,EmLine*
TYC 1460-1152-1,3741330176002042624,EmLine*
PM J10545+1956,3987975643706226816,EmLine*
BD+35   491,327569772619453568,EmLine*
UCAC2  31629291,3221394972885932288,EmLine*
HD 101339,3599809354331599360,EmLine*
IfAHA 690,4066521872519918208,EmLine*
TYC 4862-222-1,3073515469312721152,EmLine*
EM* CGHA    2,2163201853916647424,EmLine*
BD-01  2421,3805615214968182272,EmLine*
TYC 3502-1616-1,1410550517948462464,EmLine*
TYC 2518-642-1,751926388437554560,EmLine*
AL 161,4660386828729021696,EmLine*
HD 237566,1000423609817438592,EmLine*
TYC 4841-215-1,3080627896501060864,EmLine*
TYC  766-2017-1,3159442784062699264,EmLine*
TYC  219-1821-1,3080174657190516608,EmLine*
ESO-HA 2728,3045302585066683520,EmLine*
[VA82] I-8,4685949129718645888,EmLine*
TYC 3879-298-1,1426363247502662400,EmLine*
TYC 3644-186-1,1943158692092478208,EmLine*
TYC 8701-1327-1,5884562661079567360,EmLine*
LAMOST J105302.53+230212.2,3989747614068793088,EmLine*
2MASS J22153114+6155278,2204840256184175104,EmLine*
HD 288117,3224015551474962432,EmLine*
BD+01   767,3278878196699993728,EmLine*
WRAY 15-432,5307585623666035712,EmLine*
LAMOST J054513.81+313756.2,3445095900663587584,EmLine*
TYC  199-1549-1,3091283336700166656,EmLine*
HD 227207,2060126457082065920,EmLine*
UCAC4 584-021472,3430669517831894912,EmLine*
TYC  651-1162-1,15698345985547520,EmLine*
[BE74] 256,4658742096762198400,EmLine*
[H2013] LMCe  562,4658800473962373376,EmLine*
TYC  878-570-1,3928632875146764288,EmLine*
TYC   59-721-1,2981742391155584,EmLine*
TYC 3525-1284-1,2121251671383252096,EmLine*
AzV  32,4688975127501077376,EmLine*
TYC 3369-764-1,210446461134294912,EmLine*
BD-02   420,2496632160946595456,EmLine*
UCAC4 421-012372,3020041030534002944,EmLine*
[D75b] Em* 20-039,2081721037216865536,EmLine*
UCAC4 629-019803,185971126141837440,EmLine*
TYC  224-1046-1,582887676941352448,EmLine*
LIN 383,4690506850243775872,EmLine*
HBHA 6207-32,2015255662391799424,EmLine*
Hilt 1217,2016491891419313280,EmLine*
HD 259240,3130499514849369344,EmLine*
UCAC4 463-019760,3124001229333097728,EmLine*
TYC 3228-2602-1,1931711092417168128,EmLine*
BD-00   208,2534353346878851968,EmLine*
TYC 3189-652-1,1959328007010879872,EmLine*
2MASS J08030621+3721296,907340432878802432,EmLine*
TYC   39-32-1,2513687746661863040,EmLine*
HD 155248,4545251949627172608,EmLine*
OSHA S2,2290868004441130112,EmLine*
BD+44  3114,2126982673885232640,EmLine*
[MDN2017] VPHAS OB1 01665,5255483890798251648,EmLine*
BD+07  2091,586905636026551552,EmLine*
[OSP2002] BRC 43  3,2007418717164267776,EmLine*
BD+44  3214,2079863996432684160,EmLine*
TYC 3429-288-1,825844390509812736,EmLine*
TYC  226-2347-1,3843173127719280640,EmLine*
THA 35-II-80,5351210499854147200,EmLine*
TYC 1778-519-1,131001901302794368,EmLine*
ATO J082.9183+09.3167,3337856687609554048,EmLine*
BD-05   244,2482441107964318464,EmLine*
TYC  194-2336-1,3084567416600957440,EmLine*
GSC 00155-02805,3130727349978227712,EmLine*
UCAC4 706-033538,259654962299012096,EmLine*
TYC 3378-718-1,969489193768471808,EmLine*
WRAY 15-276,5329764972215564544,EmLine*
UCAC4 527-022836,3345771453344157312,EmLine*
Hen 3-1497,4118554297461091328,EmLine*
WRAY 15-1273,5881361231156939904,EmLine*
TYC 3275-1524-1,404330149689395200,EmLine*
HD 330547,5935645597667860608,EmLine*
LF  9 -02  541,3112138117346973440,EmLine*
UCAC4 557-019198,3400073274622089472,EmLine*
HD 232534,406080675279799808,EmLine*
TYC 3749-1218-1,263720720077283968,EmLine*
UCAC4 483-026238,3132764337007145344,EmLine*
HD 307964,5239798601518435712,EmLine*
TYC  203-237-1,3091563574727072384,EmLine*
2MASS J05215416-0717401,3207343935838312320,EmLine*
TYC 1978-62-1,3995998195938423936,EmLine*
EM* GGA  284,274939204718646656,EmLine*
[MA93]  259,4685931507546273664,EmLine*
HD  14116,2486473223261742336,EmLine*
TYC   59-1345-1,2706074210274944,EmLine*
WRAY 15-884,5333258017599481088,EmLine*
BD+33  1603,881785549266089216,EmLine*
TYC 3869-1541-1,1597041743152516608,EmLine*
EM* RJHA   43,3125822669124601472,EmLine*
HD  86707,3836462086700254848,EmLine*
BD+32  3398,2046121702568376320,EmLine*
CD-23  6618,5698614289685355264,EmLine*
TYC  760-1876-1,3353866126666792576,EmLine*
UCAC4 590-021296,3441777093533422720,EmLine*
TYC 3449-942-1,836332150891069312,EmLine*
UCAC4 669-031153,205299509768762624,EmLine*
BD-16  4677,4145082012729561600,EmLine*
TYC 3837-955-1,1574867681700529536,EmLine*
BD+01  2480,3806659304338400128,EmLine*
TYC 2821-315-1,372225440947996928,EmLine*
UCAC4 739-047646,1036783875232286336,EmLine*
HD 288666,3124115544182198144,EmLine*
TYC 3907-1926-1,2149548432054519296,EmLine*
TYC 2865-708-1,237601924439555456,EmLine*
BD+57    50,422061527040274048,EmLine*
TYC 2835-305-1,338278912794718464,EmLine*
[M81] I-296,5258904024778875392,EmLine*
TYC  682-1514-1,3292168990178110720,EmLine*
TYC   67-1381-1,3274607590457925632,EmLine*
TYC 3939-133-1,2234017863107407232,EmLine*
TYC 2426-1101-1,3439325560558509824,EmLine*
UCAC4 446-005767,3253531734964428160,EmLine*
TYC 3942-2108-1,2138913642056295168,EmLine*
AzV 179,4689073220204208512,EmLine*
2MASS J05381592-0510349,3017385813045363200,EmLine*
2dFS  1057,4688994197159102976,EmLine*
CD-38  4045,5534851790892064640,EmLine*
TYC 3802-1959-1,1081707377722569984,EmLine*
2MASS J06295567+1657497,3369480669251086080,EmLine*
TYC 4711-345-1,5182467900548218880,EmLine*
HD 109304,1533925721268736896,EmLine*
ESO-HA 1948,3045607527744796800,EmLine*
UCAC4 630-014611,219382432652863872,EmLine*
TYC 3189-44-1,1959563646098699904,EmLine*
BD+35   458,328167013593184896,EmLine*
TYC 3665-263-1,428315510514395136,EmLine*
HD 279588,177244783392400128,EmLine*
BD-02  1057,3225520684111022592,EmLine*
WRAY 15-1242,5878062318297298688,EmLine*
TYC 3388-665-1,992442323631056000,EmLine*
WRAY 15-1121,5868378507098598016,EmLine*
LIN 271,4689282612753287680,EmLine*
TYC  779-757-1,3145180262823952128,EmLine*
TYC 2517-1042-1,753093481375420544,EmLine*
HD  52922,3051559218544909184,EmLine*
[BE74] 226,4658370908558254848,EmLine*
CD-58  5841,5879739966868910464,EmLine*
TYC   38-508-1,2513530692592793472,EmLine*
BD-00   199,2535049612617131776,EmLine*
[CRA2011] D25 J06452246+0015408,3125511545991794304,EmLine*
TYC 6540-3610-1,5615487705936051840,EmLine*
UCAC4 104-012571,4658099501001272320,EmLine*
HD 117477,1469890473305890304,EmLine*
BD+15  2396,3923664177805388800,EmLine*
UCAC4 474-020545,3130900218120294016,EmLine*
BD+31  2516,1456240070806416128,EmLine*
HD  76575,5760808985238188288,EmLine*
HD 113468,1461209691565073152,EmLine*
WRAY 15-461,5257495653485845760,EmLine*
2MASS J08113877-3257393,5547481880965239936,EmLine*
WRAY 15-336,5248151247727932800,EmLine*
TYC 3127-1072-1,2104979487707428096,EmLine*
TYC 3037-701-1,1498240590353876608,EmLine*
TYC 2494-632-1,697486166131239936,EmLine*
BD+36  1720,906849397858086400,EmLine*
TYC 2989-1858-1,1010146969099723904,EmLine*
BSD  56-594,4013188785360910336,EmLine*
EM* LkHA  173,2162931790669347968,EmLine*
TYC 2525-2359-1,759069189632897024,EmLine*
TYC 2558-792-1,1289719511519523456,EmLine*
BD+42  2567,1392961493000573824,EmLine*
HD   3202,366544436165706240,EmLine*
TYC  750-351-1,3350718804695042176,EmLine*
HD  19984,3268897964013797632,EmLine*
HD 286879,3309035051871033344,EmLine*
UCAC4 549-020861,3398769494350931200,EmLine*
[OSP2002] BRC 82  1,5968283535232231808,EmLine*
IRAS 03487+5028,250473357311952640,EmLine*
UCAC4 449-003636,2498161169304017920,EmLine*
[MA93]  508,4685886599342033920,EmLine*
2MASS J05400119-0612592,3017017304838937216,EmLine*
BD-03  1213,3023881865168228480,EmLine*
[BE74] 130,4660244235821763712,EmLine*
[MA93]  513,4688967426615656064,EmLine*
TYC 3868-220-1,1599789800668075776,EmLine*
HD  54694,3359852585225460480,EmLine*
EM* StHA  156,4075639538306603648,EmLine*
[GM76]  38,6057954648346529408,EmLine*
PM J13308+4546,1550271061128806400,EmLine*
EM* VES  920,2173743872632789632,EmLine*
2MASS J05421323-0709552,3016053789054991232,EmLine*
TYC 2102-242-1,4584407448478653440,EmLine*
EM* VES  213,1862120626375413888,EmLine*
TYC 3485-1432-1,1588207407741614976,EmLine*
TYC  177-1018-1,3140879381354784000,EmLine*
UCAC4 712-029628,251738517239011584,EmLine*
HD 170462,6726937517423130496,EmLine*
TYC 1415-327-1,627011147283437184,EmLine*
UCAC4 578-022268,3429559908738839808,EmLine*
BD+06   609,3298048869126124672,EmLine*
TYC 2520-120-1,757202429342461440,EmLine*
BD+49  1782,1014412524457814144,EmLine*
HD 312555,4095380857266699392,EmLine*
[DMJ2015] 645,3125738625207195392,EmLine*
TYC 2532-874-1,1462948534844555264,EmLine*
[M81] I-421,5864241418452888448,EmLine*
BD+47  2060,1552624943724814336,EmLine*
PM J15152+2804,1271661583522395648,EmLine*
BD+53  1921,1419901692544250624,EmLine*
[MA93] 1289,4687479413705431296,EmLine*
TYC 1978-1955-1,3989020939962250624,EmLine*
2MASS J05315879-0556406,3209377860550727552,EmLine*
UCAC4 607-020420,3447117735043441792,EmLine*
BD-05  2524,3065143238023478144,EmLine*
HD 290302,3221254578995526784,EmLine*
[K98c] Em* 117,2226291629256680960,EmLine*
2MASS J05293563+2904213,3445516910537471616,EmLine*
UCAC4 491-031776,3134075264105236096,EmLine*
TYC 2031-168-1,1271691270330843776,EmLine*
TYC 2549-759-1,1478258443990275328,EmLine*
HD  55637,2934790155966149760,EmLine*
HD 147986,5944148945779478912,EmLine*
BD+51  1675,791795573415437056,EmLine*
[KW97] 52-26,2065920848961317760,EmLine*
[MA93]  327,4688958222505397888,EmLine*
[D75b] Em* 23-042,2015402653358869248,EmLine*
BD+48  4062,1942913157400892160,EmLine*
TYC 2657-794-1,2043387629463062912,EmLine*
HD 286404,38558537051399552,EmLine*
TYC   54-36-1,7974070642051584,EmLine*
HD  96561,5340783728008414848,EmLine*
[BE74] 474,4657617193293624064,EmLine*
BD+05  2033,582412035083187968,EmLine*
TYC 3867-1373-1,1617388377623238272,EmLine*
ESO-HA  860,3209544608362728448,EmLine*
TYC  188-1482-1,3137579819979552512,EmLine*
HD  22467,3277789955065812864,EmLine*
HD  65341,878019133529136384,EmLine*
TYC 4832-513-1,3082060220852305152,EmLine*
TYC  185-287-1,3087754591572228736,EmLine*
BD+32    54,2863758200108906240,EmLine*
NGC  2548  1263,3064636019567574528,EmLine*
ESO-HA 2031,3045717513263508736,EmLine*
TYC 2860-1702-1,240562496936532224,EmLine*
BD+30  1876,697115218397908096,EmLine*
WRAY 15-1077,5862219936337770624,EmLine*
TYC 2013-521-1,1260709966668221184,EmLine*
2MASS J05333826-0718151,3016500912330933888,EmLine*
LHA 120-S  32,4658870602191678720,EmLine*
2MASS J08154505-3646509,5541554035819617280,EmLine*
UCAC4 520-029443,3355826246663460608,EmLine*
TYC 1319-1325-1,3370066365347951616,EmLine*
ATO J083.6607+07.5351,3334062788378136064,EmLine*
TYC 1329-1172-1,3358688442929626240,EmLine*
HD  67745,3091152700976808960,EmLine*
CD-30 14640,4056835106322011776,EmLine*
BD+27  2339,1260210543575180544,EmLine*
UCAC4 095-008312,4651086815794780032,EmLine*
TYC  791-1070-1,3152295958481415040,EmLine*
BD+43  2581,1385061501955116928,EmLine*
[BVD2011] 29,2179224212235705344,EmLine*
TYC 2899-1790-1,188571471142980608,EmLine*
CPD-60  5521,5878077745814594048,EmLine*
BD+43   958,229592085313004544,EmLine*
TYC 3883-1107-1,1623102539553076096,EmLine*
BD+43  2514,1390442271343153024,EmLine*
TYC  198-638-1,3094186390996763648,EmLine*
UCAC4 560-019750,3403190385792148608,EmLine*
ESO-HA 1939,3046529085985468800,EmLine*
BD+18  2666,3934905107946894336,EmLine*
BD+27  1987,3998112247560806144,EmLine*
TYC 3460-234-1,1552820691153950848,EmLine*
LAMOST J022930.42+035310.2,2515520808639084160,EmLine*
[MA93] 1256,4687491199098415360,EmLine*
TYC 2499-534-1,714789489858298112,EmLine*
UCAC2  22497729,4125666320928227584,EmLine*
HD 105459,4012995550487906048,EmLine*
TYC 3092-1699-1,1344675752672476032,EmLine*
[AD95]  946,3209425276989699840,EmLine*
TYC 3300-2100-1,438103607840409984,EmLine*
KOI-6202,2107221185757925120,EmLine*
TYC 1751-806-1,295532370311172992,EmLine*
HD 149803,1311806058717866368,EmLine*
OGLE J010646.38-721629.6,4687489584188967808,EmLine*
TYC 2548-589-1,1482014341348566016,EmLine*
HD 269705,4658040127354337664,EmLine*
LIN 388,4687425159676666112,EmLine*
ESO-HA 1899,3046025921976392320,EmLine*
TYC 3890-725-1,1432168462739327744,EmLine*
TYC 3376-332-1,965775902482466176,EmLine*
UCAC4 531-019102,3348125507739613312,EmLine*
TYC 3859-969-1,1605375800773007616,EmLine*
TYC 2151-2430-1,2031984388267881600,EmLine*
TYC 4966-26-1,3637623792593640192,EmLine*
TYC 4906-1426-1,3828171597228301440,EmLine*
BD-00  2156,3842223390191111680,EmLine*
TYC 3837-38-1,1574444958135098368,EmLine*
HD 303876,5339543410185740544,EmLine*
TYC 2090-1663-1,4577652766293408000,EmLine*
TYC 1192-1137-1,2788166668323397248,EmLine*
2MASS J05320999-0727302,3016406315674900992,EmLine*
UCAC4 625-025370,3449693306671982208,EmLine*
LGGS J101100.56-043930.9,3779988897462206848,EmLine*
HD 244978,3447902953845823744,EmLine*
TYC 3882-920-1,1430354371632164608,EmLine*
HD 102508,768310550504539776,EmLine*
TYC   73-902-1,3259600287531894272,EmLine*
ESO-HA  533,3326517011876186624,EmLine*
UCAC4 734-058876,2151173029203903872,EmLine*
TYC 8962-1717-1,5240823032791426944,EmLine*
TYC 2951-156-1,952828259712399488,EmLine*
UCAC4 701-036731,262350694231512320,EmLine*
TYC  854-40-1,3968580743924002048,EmLine*
BD+05   284,2519456991547091456,EmLine*
HD 262741,3133582270580154240,EmLine*
TYC 1312-2188-1,3349606236365556992,EmLine*
BD+27   161,311312771646597248,EmLine*
BD+24  2921,1219706910327191936,EmLine*
UCAC4 757-014461,510656566235259136,EmLine*
TYC 4796-1618-1,3007625654472281856,EmLine*
TYC 2325-40-1,133434605143081344,EmLine*
TYC 3880-735-1,1621924717785950336,EmLine*
IRAS 06340+0537,3131838101541529984,EmLine*
EM* AS   38,511643618439034624,EmLine*
HD 178507,2131158859564930432,EmLine*
BD+16  2533,3742308397753374976,EmLine*
[M81] I-451,5878588533368804992,EmLine*
BD+54  1783,1405073262119262592,EmLine*
TYC  206-368-1,3097740768491604096,EmLine*
UCAC4 576-018212,3428815230128539520,EmLine*
2MASS J05335953+0119396,3222694939226874752,EmLine*
BD+53  2698,2173476278993959296,EmLine*
TYC 3461-2049-1,1557636930040492800,EmLine*
HD 100886,3974304801458163072,EmLine*
BD+20  2786,3941675037261580416,EmLine*
HD 278450,138379864844378368,EmLine*
2MASS J11190323-0649283,3784080356321197568,EmLine*
LIN  46,4688858647971283456,EmLine*
TYC  192-987-1,3144044845269742848,EmLine*
HD  25067,38557162663925248,EmLine*
TYC 1211-361-1,97984426114171648,EmLine*
TYC  228-1453-1,3844050464983617280,EmLine*
TYC  783-119-1,3150513925010844672,EmLine*
TYC 1948-769-1,706261746391669888,EmLine*
Cl* NGC  346  KWBBE     921,4690516608412243328,EmLine*
CD-50  9971,5982477366985777664,EmLine*
WRAY 15-382,5299282524169893760,EmLine*
UCAC4 615-051367,1289545896060137216,EmLine*
TYC 7129-4081-1,5544750625361335168,EmLine*
UCAC4 580-041773,682497967220254336,EmLine*
TYC 3880-2181-1,1429462186666044800,EmLine*
TYC 3450-440-1,838869304035258880,EmLine*
ATO J090.5887+15.0616,3348472880396810624,EmLine*
Cl* NGC 2548    WTB      91,3065914717229446400,EmLine*
EM* UHA   74,2162083066472842240,EmLine*
TOI-462,2501532267659460608,EmLine*
2MASS J05283883-0209472,3217101379980241152,EmLine*
Cl* NGC 2548    WTB     457,3064449343108710912,EmLine*
LS  250,3032161084656141952,EmLine*
UCAC4 531-033646,3358026571289430912,EmLine*
Brun 359,3209519319595376512,EmLine*
ESO-HA 1912,3046025681458166016,EmLine*
TYC 2787-915-1,380913468297347456,EmLine*
TYC 2562-1355-1,1276182569175040384,EmLine*
TYC 1456-297-1,3944049265119575936,EmLine*
HD  89469,741058231392729728,EmLine*
BD+24  2810,1263161121684324352,EmLine*
2MASS J04560024+3336175,160959160754770944,EmLine*
HD 286507,3304777261813073024,EmLine*
EM* GGA  334,183702313960652928,EmLine*
TYC 1314-1381-1,3345999017891535872,EmLine*
HD   6892,321246000210774400,EmLine*
UCAC3 180-6302,2494980724546197376,EmLine*
[D75b] Em* 22-001,2197808677471877760,EmLine*
BD+21  2477,3944051739020385280,EmLine*
TYC 4907-1186-1,3780661665432589312,EmLine*
BD+26  2391,3961140211300211584,EmLine*
HD 140792,1224871213362969088,EmLine*
LHA 120-S  50,4660258490772721792,EmLine*
TYC 3768-913-1,996202477303372160,EmLine*
IfAHA 734,4066292929250392064,EmLine*
TYC 2523-2310-1,4025491255323559168,EmLine*
TYC 1342-924-1,3378619294503552128,EmLine*
HD 285830,3310903740601986432,EmLine*
TYC 2569-6-1,1292175790432895488,EmLine*
TYC   57-454-1,3267692796190710784,EmLine*
TYC 4929-752-1,3786512888358786304,EmLine*
BD+21  2411,3952312129361392896,EmLine*
BD+41  1969,814076832954854528,EmLine*
BD+31  2665,1283125744588225536,EmLine*
HD  85535,3849614543576537856,EmLine*
TYC 4867-997-1,3071634544219144832,EmLine*
CPD-60  2266,5254155371529377536,EmLine*
TYC 2569-595-1,1387344912728217472,EmLine*
BD+35  2113,747290778695003520,EmLine*
HD  85646,3834561542196987136,EmLine*
TYC 2485-153-1,706678426937464704,EmLine*
TYC 1260-27-1,64052981884838912,EmLine*
TYC  649-1119-1,10665576322798592,EmLine*
HD 275108,235656613491561344,EmLine*
TYC 3130-2100-1,2105426267385270016,EmLine*
BD+33  2184,4027086096939628416,EmLine*
BD+25  1077,3429560149257000832,EmLine*
Gaia DR2 186409655186059904,186409655186059904,EmLine*
TYC 2398-850-1,181251816077827840,EmLine*
2MASS J05255789-0447534,3210127998061971200,EmLine*
BD+21  2733,1213595206223263104,EmLine*
BD+00  2122,3084147506238840576,EmLine*
TYC   76-287-1,3259948523481087488,EmLine*
TYC  708-322-1,3387438644770929408,EmLine*
UCAC4 752-023709,507352224555556352,EmLine*
UCAC4 620-054737,1337690894603118592,EmLine*
AL 284,4660273098005207424,EmLine*
StKM 1-756,686842927935756928,EmLine*
TYC  224-1183-1,582873928750767872,EmLine*
TYC   51-521-1,2050662200940544,EmLine*
TYC 2613-126-1,1336630179415146880,EmLine*
BD+39  2464,766624655581956352,EmLine*
TYC 4728-18-1,3252112510267683456,EmLine*
TYC  882-113-1,3734865803545234560,EmLine*
TYC 1741-538-1,2809313163144420224,EmLine*
2MASS J22532107+6208230,2207191871033079680,EmLine*
TYC 3013-165-1,771280335706410240,EmLine*
TYC  747-1923-1,3134117870181834240,EmLine*
BD+13  2702,3740289758829038080,EmLine*
EM* AS   33,512868955427507968,EmLine*
TYC 1329-57-1,3358876841674755712,EmLine*
TYC 3297-1617-1,434340769813768448,EmLine*
HD  14621,339799674814966528,EmLine*
[BSM2001] CTIO-269,4182446510130790912,EmLine*
TYC 3063-461-1,1331745805166922752,EmLine*
HD  83888,821231904871841280,EmLine*
HD 146228,1424676149989498624,EmLine*
BD+05  2611,3894138927640789120,EmLine*
CD-53  6456,5932566376694745088,EmLine*
TYC 2563-1-1,1278180862836949248,EmLine*
BD-17  1964,3027555436604831488,EmLine*
TYC 2480-1002-1,907157020595169664,EmLine*
2MASS J05284076-0354519,3210664426594675328,EmLine*
TYC 1343-2658-1,3378366716066711552,EmLine*
EM* GGR   67,2200357757737101824,EmLine*
BD+41  2051,803823062393423360,EmLine*
TYC 4916-53-1,3778516926268167424,EmLine*
NGP 25  79,3959939132285752320,EmLine*
Ve 2-42,4069045419162775168,EmLine*
UCAC4 621-027007,3449375891409140480,EmLine*
UCAC4 557-021465,3423891239101105408,EmLine*
2MASS J05293168-0531514,3209090475699205504,EmLine*
TYC 2446-1793-1,891394387540594176,EmLine*
TYC 5991-1578-1,5619174810790664320,EmLine*
TYC 1995-252-1,1460313383430530944,EmLine*
TYC 1428-1269-1,3886486120553030144,EmLine*
UCAC4 558-028727,3376109418696604160,EmLine*
2MASS J05363455-0653077,3016871649614276480,EmLine*
BD+24   879,3416749425746292096,EmLine*
UCAC4 102-015234,4657637942331699712,EmLine*
TYC 2466-1731-1,919091910077315456,EmLine*
[MA93] 1447,4687409594712793984,EmLine*
Ve 2-33,4067755387112775424,EmLine*
UCAC4 529-021935,3345986579666142592,EmLine*
[MA93] 1629,4687218623280511744,EmLine*
TYC 2806-1139-1,375202334321236736,EmLine*
TYC 4687-619-1,2478736303534592128,EmLine*
BD-09   278,2477320957191879808,EmLine*
HD 281946,172776402491885696,EmLine*
[BSM2001] CTIO-1865,4182449808659527808,EmLine*
LS III +44   22,2067148591131098112,EmLine*
TYC 2023-96-1,1269629342431900032,EmLine*
HD  72807,599817132352528896,EmLine*
TYC 1764-1131-1,107907827792310528,EmLine*
UCAC4 462-019506,3120989804423550848,EmLine*
BD+16   132,2785494206528408192,EmLine*
[MA93] 1876,4686329492018231040,EmLine*
HIP 549,432238503583065984,EmLine*
TYC 2321-1752-1,331088514768719616,EmLine*
LIN 380,4690524957828125824,EmLine*
TYC 2582-2288-1,1312326402596191744,EmLine*
UCAC4 711-036854,265767976370499328,EmLine*
UCAC4 632-016425,177268044935449216,EmLine*
HD  24643,38606503248429184,EmLine*
TYC 3824-991-1,843737464782900992,EmLine*
[BNM2013] 40.04  1142,1974546484891075072,EmLine*
BD+04  2297a,3835933977521784704,EmLine*
HD  68641,902967434616914560,EmLine*
UCAC4 563-027728,3377170172539228032,EmLine*
